# Chunk-averaged data for fix tensor3 and group c2
# Timestep Number-of-chunks Total-count
# Chunk Coord1 Ncount density/number
52500000 480 5701.999999999998
  1 0.5 1.37146 0.00059525
  2 1.5 1.34656 0.000584444
  3 2.5 1.3364 0.000580035
  4 3.5 1.33476 0.000579323
  5 4.5 1.33274 0.000578448
  6 5.5 1.3332 0.000578646
  7 6.5 1.33502 0.000579437
  8 7.5 1.34194 0.000582437
  9 8.5 1.33102 0.000577701
  10 9.5 1.31591 0.000571142
  11 10.5 1.31087 0.000568955
  12 11.5 1.28414 0.000557354
  13 12.5 1.29302 0.000561205
  14 13.5 1.29266 0.000561049
  15 14.5 1.25291 0.000543799
  16 15.5 1.26582 0.000549399
  17 16.5 1.27894 0.000555097
  18 17.5 1.29199 0.00056076
  19 18.5 1.29414 0.000561691
  20 19.5 1.30821 0.000567799
  21 20.5 1.29454 0.000561865
  22 21.5 1.28846 0.000559226
  23 22.5 1.30546 0.000566604
  24 23.5 1.30582 0.000566764
  25 24.5 1.28555 0.000557965
  26 25.5 1.27418 0.000553031
  27 26.5 1.26367 0.000548469
  28 27.5 1.2439 0.000539889
  29 28.5 1.24441 0.000540108
  30 29.5 1.2117 0.00052591
  31 30.5 1.2128 0.000526389
  32 31.5 1.21576 0.000527674
  33 32.5 1.21306 0.000526503
  34 33.5 1.20971 0.000525049
  35 34.5 1.1969 0.00051949
  36 35.5 1.17246 0.000508882
  37 36.5 1.18543 0.00051451
  38 37.5 1.22169 0.000530247
  39 38.5 1.20782 0.000524229
  40 39.5 1.19833 0.000520108
  41 40.5 1.21102 0.000525618
  42 41.5 1.21586 0.000527715
  43 42.5 1.21152 0.000525833
  44 43.5 1.20443 0.000522757
  45 44.5 1.20188 0.000521649
  46 45.5 1.19662 0.000519365
  47 46.5 1.17835 0.000511437
  48 47.5 1.18732 0.00051533
  49 48.5 1.22981 0.000533771
  50 49.5 1.26294 0.000548153
  51 50.5 1.26584 0.00054941
  52 51.5 1.27262 0.000552354
  53 52.5 1.25582 0.000545062
  54 53.5 1.23295 0.000535135
  55 54.5 1.22249 0.000530594
  56 55.5 1.24794 0.000541639
  57 56.5 1.26557 0.000549292
  58 57.5 1.26956 0.000551024
  59 58.5 1.29707 0.000562965
  60 59.5 1.28918 0.000559542
  61 60.5 1.29986 0.000564174
  62 61.5 1.33329 0.000578684
  63 62.5 1.32723 0.000576056
  64 63.5 1.30869 0.000568007
  65 64.5 1.29202 0.000560771
  66 65.5 1.2898 0.000559809
  67 66.5 1.3213 0.000573479
  68 67.5 1.34815 0.000585135
  69 68.5 1.38892 0.00060283
  70 69.5 1.48238 0.000643396
  71 70.5 1.59574 0.000692597
  72 71.5 1.75128 0.000760104
  73 72.5 1.95722 0.000849486
  74 73.5 2.22005 0.000963563
  75 74.5 2.51534 0.00109173
  76 75.5 2.77261 0.00120339
  77 76.5 2.98023 0.0012935
  78 77.5 3.09769 0.00134448
  79 78.5 3.07535 0.00133479
  80 79.5 2.88302 0.00125131
  81 80.5 2.55107 0.00110724
  82 81.5 2.11402 0.000917542
  83 82.5 1.67803 0.000728313
  84 83.5 1.29475 0.000561958
  85 84.5 0.97264 0.000422153
  86 85.5 0.7476 0.000324479
  87 86.5 0.578872 0.000251247
  88 87.5 0.485184 0.000210583
  89 88.5 0.420872 0.00018267
  90 89.5 0.371952 0.000161437
  91 90.5 0.35436 0.000153802
  92 91.5 0.3394 0.000147309
  93 92.5 0.328696 0.000142663
  94 93.5 0.329992 0.000143226
  95 94.5 0.322408 0.000139934
  96 95.5 0.327288 0.000142052
  97 96.5 0.323568 0.000140437
  98 97.5 0.317616 0.000137854
  99 98.5 0.317504 0.000137806
  100 99.5 0.31532 0.000136858
  101 100.5 0.31072 0.000134861
  102 101.5 0.3102 0.000134635
  103 102.5 0.308008 0.000133684
  104 103.5 0.311552 0.000135222
  105 104.5 0.30952 0.00013434
  106 105.5 0.304864 0.000132319
  107 106.5 0.300592 0.000130465
  108 107.5 0.302544 0.000131313
  109 108.5 0.309176 0.000134191
  110 109.5 0.30952 0.00013434
  111 110.5 0.301368 0.000130802
  112 111.5 0.303728 0.000131826
  113 112.5 0.295024 0.000128049
  114 113.5 0.305728 0.000132694
  115 114.5 0.30636 0.000132969
  116 115.5 0.298968 0.00012976
  117 116.5 0.315176 0.000136795
  118 117.5 0.313728 0.000136167
  119 118.5 0.316672 0.000137444
  120 119.5 0.319424 0.000138639
  121 120.5 0.316216 0.000137247
  122 121.5 0.309104 0.00013416
  123 122.5 0.312136 0.000135476
  124 123.5 0.312568 0.000135663
  125 124.5 0.319 0.000138455
  126 125.5 0.305192 0.000132462
  127 126.5 0.305296 0.000132507
  128 127.5 0.296344 0.000128622
  129 128.5 0.307072 0.000133278
  130 129.5 0.313208 0.000135941
  131 130.5 0.314608 0.000136549
  132 131.5 0.316416 0.000137333
  133 132.5 0.308728 0.000133997
  134 133.5 0.3064 0.000132986
  135 134.5 0.305408 0.000132556
  136 135.5 0.30484 0.000132309
  137 136.5 0.302896 0.000131465
  138 137.5 0.291376 0.000126465
  139 138.5 0.300648 0.00013049
  140 139.5 0.298696 0.000129642
  141 140.5 0.308848 0.000134049
  142 141.5 0.301728 0.000130958
  143 142.5 0.313072 0.000135882
  144 143.5 0.317448 0.000137781
  145 144.5 0.310984 0.000134976
  146 145.5 0.305304 0.00013251
  147 146.5 0.306328 0.000132955
  148 147.5 0.303608 0.000131774
  149 148.5 0.30656 0.000133056
  150 149.5 0.3034 0.000131684
  151 150.5 0.310272 0.000134667
  152 151.5 0.310144 0.000134611
  153 152.5 0.30484 0.000132309
  154 153.5 0.3138 0.000136198
  155 154.5 0.31116 0.000135052
  156 155.5 0.306512 0.000133035
  157 156.5 0.301504 0.000130861
  158 157.5 0.311424 0.000135167
  159 158.5 0.310968 0.000134969
  160 159.5 0.30928 0.000134236
  161 160.5 0.307104 0.000133292
  162 161.5 0.300568 0.000130455
  163 162.5 0.30436 0.000132101
  164 163.5 0.30316 0.00013158
  165 164.5 0.306096 0.000132854
  166 165.5 0.310384 0.000134715
  167 166.5 0.30212 0.000131128
  168 167.5 0.310016 0.000134556
  169 168.5 0.298864 0.000129715
  170 169.5 0.307152 0.000133312
  171 170.5 0.300688 0.000130507
  172 171.5 0.2956 0.000128299
  173 172.5 0.290256 0.000125979
  174 173.5 0.298456 0.000129538
  175 174.5 0.300744 0.000130531
  176 175.5 0.305544 0.000132615
  177 176.5 0.30148 0.000130851
  178 177.5 0.305064 0.000132406
  179 178.5 0.308696 0.000133983
  180 179.5 0.302216 0.00013117
  181 180.5 0.29532 0.000128177
  182 181.5 0.29112 0.000126354
  183 182.5 0.296776 0.000128809
  184 183.5 0.296496 0.000128688
  185 184.5 0.300224 0.000130306
  186 185.5 0.30208 0.000131111
  187 186.5 0.30496 0.000132361
  188 187.5 0.312368 0.000135576
  189 188.5 0.312984 0.000135844
  190 189.5 0.315352 0.000136872
  191 190.5 0.310912 0.000134944
  192 191.5 0.304496 0.00013216
  193 192.5 0.30592 0.000132778
  194 193.5 0.298648 0.000129622
  195 194.5 0.300056 0.000130233
  196 195.5 0.295664 0.000128326
  197 196.5 0.301792 0.000130986
  198 197.5 0.29928 0.000129896
  199 198.5 0.29888 0.000129722
  200 199.5 0.302976 0.0001315
  201 200.5 0.304512 0.000132167
  202 201.5 0.31164 0.00013526
  203 202.5 0.310968 0.000134969
  204 203.5 0.306008 0.000132816
  205 204.5 0.306256 0.000132924
  206 205.5 0.309848 0.000134483
  207 206.5 0.30748 0.000133455
  208 207.5 0.304064 0.000131972
  209 208.5 0.299168 0.000129847
  210 209.5 0.30128 0.000130764
  211 210.5 0.307568 0.000133493
  212 211.5 0.30532 0.000132517
  213 212.5 0.305136 0.000132437
  214 213.5 0.305824 0.000132736
  215 214.5 0.305968 0.000132799
  216 215.5 0.300728 0.000130524
  217 216.5 0.304464 0.000132146
  218 217.5 0.304448 0.000132139
  219 218.5 0.301656 0.000130927
  220 219.5 0.30416 0.000132014
  221 220.5 0.309032 0.000134128
  222 221.5 0.315016 0.000136726
  223 222.5 0.332416 0.000144278
  224 223.5 0.356536 0.000154747
  225 224.5 0.3808 0.000165278
  226 225.5 0.419984 0.000182285
  227 226.5 0.488736 0.000212125
  228 227.5 0.630168 0.00027351
  229 228.5 0.860648 0.000373545
  230 229.5 1.24103 0.000538642
  231 230.5 1.89722 0.000823448
  232 231.5 2.94895 0.00127993
  233 232.5 4.48737 0.00194764
  234 233.5 6.74765 0.00292867
  235 234.5 9.59027 0.00416244
  236 235.5 12.9472 0.00561945
  237 236.5 16.5862 0.00719889
  238 237.5 20.1387 0.00874075
  239 238.5 23.2908 0.0101089
  240 239.5 25.9431 0.01126
  241 240.5 28.1226 0.012206
  242 241.5 29.5758 0.0128367
  243 242.5 30.9066 0.0134143
  244 243.5 31.6463 0.0137354
  245 244.5 32.425 0.0140733
  246 245.5 32.8315 0.0142498
  247 246.5 33.1346 0.0143813
  248 247.5 33.3263 0.0144645
  249 248.5 33.6318 0.0145971
  250 249.5 33.5656 0.0145684
  251 250.5 33.7541 0.0146502
  252 251.5 33.8761 0.0147032
  253 252.5 33.8654 0.0146985
  254 253.5 33.9155 0.0147203
  255 254.5 33.9943 0.0147545
  256 255.5 33.9687 0.0147434
  257 256.5 33.9192 0.0147219
  258 257.5 34.0519 0.0147795
  259 258.5 34.0049 0.0147591
  260 259.5 34.0112 0.0147618
  261 260.5 34.0048 0.014759
  262 261.5 34.1066 0.0148032
  263 262.5 34.0522 0.0147796
  264 263.5 34.0112 0.0147618
  265 264.5 34.046 0.0147769
  266 265.5 34.0625 0.0147841
  267 266.5 33.988 0.0147517
  268 267.5 34.0127 0.0147624
  269 268.5 34.0296 0.0147698
  270 269.5 34.0503 0.0147788
  271 270.5 33.9938 0.0147543
  272 271.5 33.9757 0.0147464
  273 272.5 34.0701 0.0147874
  274 273.5 34.0111 0.0147618
  275 274.5 34.0047 0.014759
  276 275.5 33.9761 0.0147466
  277 276.5 34.0228 0.0147669
  278 277.5 34.0401 0.0147744
  279 278.5 34.0514 0.0147793
  280 279.5 34.0667 0.0147859
  281 280.5 34.1355 0.0148157
  282 281.5 34.0185 0.014765
  283 282.5 34.1175 0.0148079
  284 283.5 34.0125 0.0147624
  285 284.5 33.9919 0.0147534
  286 285.5 34.0762 0.01479
  287 286.5 34.0349 0.0147721
  288 287.5 33.9643 0.0147414
  289 288.5 33.9889 0.0147521
  290 289.5 33.9431 0.0147323
  291 290.5 33.989 0.0147522
  292 291.5 33.9129 0.0147191
  293 292.5 34.022 0.0147665
  294 293.5 33.9773 0.0147471
  295 294.5 33.9953 0.0147549
  296 295.5 34.0056 0.0147594
  297 296.5 34.0849 0.0147938
  298 297.5 33.9688 0.0147434
  299 298.5 34.0423 0.0147753
  300 299.5 34.0511 0.0147791
  301 300.5 34.0027 0.0147581
  302 301.5 34.064 0.0147847
  303 302.5 34.0753 0.0147896
  304 303.5 34.0816 0.0147924
  305 304.5 34.2057 0.0148462
  306 305.5 34.0515 0.0147793
  307 306.5 34.2157 0.0148506
  308 307.5 34.2006 0.014844
  309 308.5 34.2096 0.0148479
  310 309.5 34.1486 0.0148214
  311 310.5 34.1943 0.0148413
  312 311.5 34.22 0.0148524
  313 312.5 34.1862 0.0148378
  314 313.5 34.2047 0.0148458
  315 314.5 34.1752 0.014833
  316 315.5 34.2178 0.0148515
  317 316.5 34.1429 0.014819
  318 317.5 34.1139 0.0148064
  319 318.5 34.1891 0.014839
  320 319.5 34.0983 0.0147996
  321 320.5 34.1129 0.0148059
  322 321.5 34.1236 0.0148106
  323 322.5 34.0583 0.0147822
  324 323.5 33.9969 0.0147556
  325 324.5 34.0637 0.0147846
  326 325.5 34.0882 0.0147952
  327 326.5 33.9329 0.0147278
  328 327.5 33.9486 0.0147346
  329 328.5 34.1474 0.0148209
  330 329.5 34.0102 0.0147614
  331 330.5 33.9229 0.0147235
  332 331.5 34.083 0.014793
  333 332.5 33.9982 0.0147562
  334 333.5 34.0355 0.0147724
  335 334.5 34.0278 0.014769
  336 335.5 34.1011 0.0148008
  337 336.5 34.0828 0.0147929
  338 337.5 34.0368 0.0147729
  339 338.5 34.0135 0.0147628
  340 339.5 34.1083 0.014804
  341 340.5 34.0367 0.0147729
  342 341.5 33.9447 0.014733
  343 342.5 34.0195 0.0147654
  344 343.5 34.0376 0.0147733
  345 344.5 33.9338 0.0147282
  346 345.5 34.0165 0.0147641
  347 346.5 34.0159 0.0147639
  348 347.5 33.9748 0.014746
  349 348.5 33.9729 0.0147452
  350 349.5 34.0064 0.0147597
  351 350.5 34.1009 0.0148008
  352 351.5 33.9832 0.0147497
  353 352.5 33.9436 0.0147324
  354 353.5 34.0817 0.0147924
  355 354.5 34.0629 0.0147843
  356 355.5 33.8658 0.0146987
  357 356.5 33.9734 0.0147454
  358 357.5 33.9323 0.0147275
  359 358.5 33.9284 0.0147259
  360 359.5 33.9729 0.0147452
  361 360.5 33.9292 0.0147262
  362 361.5 33.9054 0.0147159
  363 362.5 33.9385 0.0147303
  364 363.5 34.0874 0.0147949
  365 364.5 33.9333 0.014728
  366 365.5 33.9393 0.0147306
  367 366.5 33.9659 0.0147421
  368 367.5 33.9791 0.0147479
  369 368.5 33.8326 0.0146843
  370 369.5 33.8752 0.0147028
  371 370.5 34.0222 0.0147666
  372 371.5 33.9085 0.0147172
  373 372.5 33.7918 0.0146666
  374 373.5 33.9125 0.014719
  375 374.5 33.9794 0.014748
  376 375.5 33.8626 0.0146973
  377 376.5 33.7829 0.0146627
  378 377.5 33.8749 0.0147027
  379 378.5 33.8722 0.0147015
  380 379.5 33.8027 0.0146713
  381 380.5 33.8078 0.0146735
  382 381.5 33.8153 0.0146768
  383 382.5 33.7892 0.0146655
  384 383.5 33.6193 0.0145917
  385 384.5 33.5765 0.0145731
  386 385.5 33.4683 0.0145262
  387 386.5 33.2483 0.0144307
  388 387.5 32.9755 0.0143123
  389 388.5 32.5271 0.0141177
  390 389.5 32.0275 0.0139008
  391 390.5 31.2488 0.0135629
  392 391.5 30.0881 0.0130591
  393 392.5 28.5776 0.0124035
  394 393.5 26.6021 0.011546
  395 394.5 24.1254 0.0104711
  396 395.5 21.0688 0.00914443
  397 396.5 17.7857 0.00771948
  398 397.5 14.4225 0.00625975
  399 398.5 11.3297 0.0049174
  400 399.5 8.5949 0.00373042
  401 400.5 6.41068 0.00278241
  402 401.5 4.77453 0.00207228
  403 402.5 3.58736 0.00155701
  404 403.5 2.77922 0.00120626
  405 404.5 2.27116 0.000985747
  406 405.5 1.91869 0.000832764
  407 406.5 1.69707 0.000736576
  408 407.5 1.56917 0.000681063
  409 408.5 1.48126 0.000642906
  410 409.5 1.43862 0.000624403
  411 410.5 1.41764 0.000615295
  412 411.5 1.39144 0.000603924
  413 412.5 1.36143 0.000590899
  414 413.5 1.33085 0.000577625
  415 414.5 1.30666 0.000567128
  416 415.5 1.27576 0.000553715
  417 416.5 1.2709 0.000551604
  418 417.5 1.24859 0.000541924
  419 418.5 1.23727 0.00053701
  420 419.5 1.24295 0.000539476
  421 420.5 1.23088 0.000534236
  422 421.5 1.21576 0.000527674
  423 422.5 1.20303 0.000522149
  424 423.5 1.19202 0.000517368
  425 424.5 1.17877 0.000511618
  426 425.5 1.17328 0.000509236
  427 426.5 1.1959 0.000519056
  428 427.5 1.18943 0.000516247
  429 428.5 1.1905 0.000516708
  430 429.5 1.21279 0.000526385
  431 430.5 1.23178 0.000534625
  432 431.5 1.2555 0.000544924
  433 432.5 1.23694 0.000536868
  434 433.5 1.26774 0.000550233
  435 434.5 1.27686 0.000554191
  436 435.5 1.26818 0.000550427
  437 436.5 1.25644 0.00054533
  438 437.5 1.27495 0.000553365
  439 438.5 1.31553 0.000570976
  440 439.5 1.30234 0.000565253
  441 440.5 1.30796 0.000567691
  442 441.5 1.31796 0.000572031
  443 442.5 1.30576 0.000566736
  444 443.5 1.31586 0.000571118
  445 444.5 1.29823 0.000563469
  446 445.5 1.29403 0.000561646
  447 446.5 1.27966 0.00055541
  448 447.5 1.25958 0.000546694
  449 448.5 1.29249 0.000560976
  450 449.5 1.29382 0.000561552
  451 450.5 1.29091 0.000560292
  452 451.5 1.28443 0.000557479
  453 452.5 1.2979 0.000563326
  454 453.5 1.31341 0.000570056
  455 454.5 1.31465 0.000570594
  456 455.5 1.34146 0.000582229
  457 456.5 1.3418 0.000582378
  458 457.5 1.32433 0.000574795
  459 458.5 1.32182 0.000573708
  460 459.5 1.33108 0.000577726
  461 460.5 1.28908 0.000559497
  462 461.5 1.29234 0.00056091
  463 462.5 1.30024 0.00056434
  464 463.5 1.29144 0.000560521
  465 464.5 1.32166 0.000573639
  466 465.5 1.33041 0.000577434
  467 466.5 1.34111 0.00058208
  468 467.5 1.38314 0.000600323
  469 468.5 1.38444 0.000600885
  470 469.5 1.38676 0.000601892
  471 470.5 1.40716 0.000610747
  472 471.5 1.39706 0.000606365
  473 472.5 1.38562 0.000601399
  474 473.5 1.37146 0.00059525
  475 474.5 1.37096 0.000595035
  476 475.5 1.38462 0.000600965
  477 476.5 1.37874 0.00059841
  478 477.5 1.35939 0.000590014
  479 478.5 1.36554 0.000592681
  480 479.5 1.384 0.000600694
55000000 480 5702.000000000002
  1 0.5 1.13774 0.000493809
  2 1.5 1.15498 0.000501292
  3 2.5 1.14523 0.000497062
  4 3.5 1.14731 0.000497965
  5 4.5 1.14926 0.000498813
  6 5.5 1.1384 0.000494097
  7 6.5 1.15264 0.000500278
  8 7.5 1.1489 0.000498656
  9 8.5 1.15077 0.000499465
  10 9.5 1.13005 0.000490472
  11 10.5 1.11042 0.000481955
  12 11.5 1.06493 0.000462208
  13 12.5 1.04352 0.000452917
  14 13.5 1.0419 0.000452215
  15 14.5 1.04909 0.000455333
  16 15.5 1.05434 0.000457615
  17 16.5 1.05265 0.000456878
  18 17.5 1.03177 0.000447816
  19 18.5 1.016 0.000440972
  20 19.5 1.00596 0.000436615
  21 20.5 1.01946 0.000442472
  22 21.5 1.02272 0.000443889
  23 22.5 1.01998 0.000442698
  24 23.5 1.03112 0.000447535
  25 24.5 1.0521 0.000456639
  26 25.5 1.05763 0.000459042
  27 26.5 1.04733 0.000454569
  28 27.5 1.05223 0.000456698
  29 28.5 1.07572 0.000466892
  30 29.5 1.09223 0.000474059
  31 30.5 1.11066 0.000482056
  32 31.5 1.12662 0.000488983
  33 32.5 1.14454 0.00049676
  34 33.5 1.157 0.00050217
  35 34.5 1.15128 0.000499688
  36 35.5 1.16121 0.000503997
  37 36.5 1.15812 0.000502656
  38 37.5 1.15198 0.000499993
  39 38.5 1.15434 0.000501014
  40 39.5 1.15149 0.000499778
  41 40.5 1.14424 0.000496632
  42 41.5 1.10115 0.000477931
  43 42.5 1.10466 0.000479451
  44 43.5 1.09374 0.000474712
  45 44.5 1.06486 0.000462181
  46 45.5 1.07232 0.000465417
  47 46.5 1.08149 0.000469396
  48 47.5 1.06901 0.000463979
  49 48.5 1.06929 0.000464101
  50 49.5 1.08178 0.000469521
  51 50.5 1.1097 0.000481642
  52 51.5 1.13644 0.000493247
  53 52.5 1.14318 0.00049617
  54 53.5 1.1519 0.000499955
  55 54.5 1.16555 0.000505882
  56 55.5 1.20145 0.000521462
  57 56.5 1.20961 0.000525003
  58 57.5 1.1973 0.000519663
  59 58.5 1.19089 0.000516878
  60 59.5 1.19197 0.000517347
  61 60.5 1.20176 0.000521597
  62 61.5 1.2257 0.00053199
  63 62.5 1.26839 0.000550517
  64 63.5 1.29164 0.000560608
  65 64.5 1.31653 0.00057141
  66 65.5 1.33097 0.000577677
  67 66.5 1.3562 0.000588628
  68 67.5 1.40392 0.00060934
  69 68.5 1.48122 0.000642892
  70 69.5 1.59715 0.000693208
  71 70.5 1.72754 0.000749799
  72 71.5 1.90013 0.000824708
  73 72.5 2.11219 0.00091675
  74 73.5 2.38203 0.00103387
  75 74.5 2.65718 0.00115329
  76 75.5 2.88991 0.0012543
  77 76.5 3.04376 0.00132108
  78 77.5 3.08533 0.00133912
  79 78.5 2.9295 0.00127148
  80 79.5 2.60218 0.00112942
  81 80.5 2.1908 0.000950868
  82 81.5 1.75673 0.000762469
  83 82.5 1.35133 0.000586514
  84 83.5 1.03241 0.000448094
  85 84.5 0.79384 0.000344549
  86 85.5 0.609544 0.000264559
  87 86.5 0.509312 0.000221056
  88 87.5 0.434704 0.000188674
  89 88.5 0.38204 0.000165816
  90 89.5 0.346864 0.000150549
  91 90.5 0.33268 0.000144392
  92 91.5 0.313792 0.000136194
  93 92.5 0.315312 0.000136854
  94 93.5 0.308512 0.000133903
  95 94.5 0.310416 0.000134729
  96 95.5 0.306496 0.000133028
  97 96.5 0.303176 0.000131587
  98 97.5 0.30372 0.000131823
  99 98.5 0.301736 0.000130962
  100 99.5 0.305176 0.000132455
  101 100.5 0.309112 0.000134163
  102 101.5 0.304008 0.000131948
  103 102.5 0.302312 0.000131212
  104 103.5 0.294992 0.000128035
  105 104.5 0.295848 0.000128406
  106 105.5 0.293448 0.000127365
  107 106.5 0.296648 0.000128753
  108 107.5 0.302592 0.000131333
  109 108.5 0.297624 0.000129177
  110 109.5 0.293472 0.000127375
  111 110.5 0.295816 0.000128392
  112 111.5 0.299296 0.000129903
  113 112.5 0.29872 0.000129653
  114 113.5 0.295392 0.000128208
  115 114.5 0.29472 0.000127917
  116 115.5 0.299288 0.000129899
  117 116.5 0.294776 0.000127941
  118 117.5 0.290016 0.000125875
  119 118.5 0.289872 0.000125813
  120 119.5 0.296896 0.000128861
  121 120.5 0.300048 0.000130229
  122 121.5 0.29768 0.000129201
  123 122.5 0.296696 0.000128774
  124 123.5 0.306616 0.00013308
  125 124.5 0.2992 0.000129861
  126 125.5 0.301928 0.000131045
  127 126.5 0.301792 0.000130986
  128 127.5 0.29844 0.000129531
  129 128.5 0.297792 0.00012925
  130 129.5 0.303696 0.000131813
  131 130.5 0.302456 0.000131274
  132 131.5 0.299392 0.000129944
  133 132.5 0.303904 0.000131903
  134 133.5 0.306216 0.000132906
  135 134.5 0.30428 0.000132066
  136 135.5 0.3084 0.000133854
  137 136.5 0.31172 0.000135295
  138 137.5 0.309208 0.000134205
  139 138.5 0.2998 0.000130122
  140 139.5 0.306904 0.000133205
  141 140.5 0.30556 0.000132622
  142 141.5 0.306568 0.000133059
  143 142.5 0.313952 0.000136264
  144 143.5 0.3086 0.000133941
  145 144.5 0.318352 0.000138174
  146 145.5 0.304832 0.000132306
  147 146.5 0.303392 0.000131681
  148 147.5 0.292264 0.000126851
  149 148.5 0.28732 0.000124705
  150 149.5 0.298296 0.000129469
  151 150.5 0.293608 0.000127434
  152 151.5 0.293704 0.000127476
  153 152.5 0.29216 0.000126806
  154 153.5 0.298656 0.000129625
  155 154.5 0.30252 0.000131302
  156 155.5 0.305712 0.000132687
  157 156.5 0.304792 0.000132288
  158 157.5 0.294056 0.000127628
  159 158.5 0.29932 0.000129913
  160 159.5 0.305984 0.000132806
  161 160.5 0.30412 0.000131997
  162 161.5 0.298712 0.000129649
  163 162.5 0.295376 0.000128201
  164 163.5 0.295512 0.00012826
  165 164.5 0.299784 0.000130115
  166 165.5 0.294344 0.000127753
  167 166.5 0.291704 0.000126608
  168 167.5 0.2884 0.000125174
  169 168.5 0.300056 0.000130233
  170 169.5 0.303144 0.000131573
  171 170.5 0.304536 0.000132177
  172 171.5 0.305288 0.000132503
  173 172.5 0.304344 0.000132094
  174 173.5 0.307424 0.000133431
  175 174.5 0.30204 0.000131094
  176 175.5 0.308696 0.000133983
  177 176.5 0.309488 0.000134326
  178 177.5 0.310432 0.000134736
  179 178.5 0.306568 0.000133059
  180 179.5 0.307992 0.000133677
  181 180.5 0.312144 0.000135479
  182 181.5 0.306008 0.000132816
  183 182.5 0.314496 0.0001365
  184 183.5 0.31392 0.00013625
  185 184.5 0.300712 0.000130517
  186 185.5 0.306136 0.000132872
  187 186.5 0.313416 0.000136031
  188 187.5 0.310344 0.000134698
  189 188.5 0.305064 0.000132406
  190 189.5 0.305232 0.000132479
  191 190.5 0.304208 0.000132035
  192 191.5 0.308832 0.000134042
  193 192.5 0.306672 0.000133104
  194 193.5 0.304744 0.000132267
  195 194.5 0.297096 0.000128948
  196 195.5 0.303112 0.000131559
  197 196.5 0.306496 0.000133028
  198 197.5 0.308776 0.000134017
  199 198.5 0.3098 0.000134462
  200 199.5 0.312456 0.000135615
  201 200.5 0.304768 0.000132278
  202 201.5 0.305784 0.000132719
  203 202.5 0.307024 0.000133257
  204 203.5 0.310224 0.000134646
  205 204.5 0.300936 0.000130615
  206 205.5 0.298568 0.000129587
  207 206.5 0.304848 0.000132312
  208 207.5 0.309744 0.000134438
  209 208.5 0.30236 0.000131233
  210 209.5 0.303408 0.000131687
  211 210.5 0.305864 0.000132753
  212 211.5 0.304864 0.000132319
  213 212.5 0.308896 0.000134069
  214 213.5 0.306 0.000132813
  215 214.5 0.303696 0.000131813
  216 215.5 0.296872 0.000128851
  217 216.5 0.30248 0.000131285
  218 217.5 0.307528 0.000133476
  219 218.5 0.307592 0.000133503
  220 219.5 0.309128 0.00013417
  221 220.5 0.324256 0.000140736
  222 221.5 0.334168 0.000145038
  223 222.5 0.3418 0.000148351
  224 223.5 0.366296 0.000158983
  225 224.5 0.405312 0.000175917
  226 225.5 0.457208 0.000198441
  227 226.5 0.557424 0.000241937
  228 227.5 0.72144 0.000313125
  229 228.5 1.00747 0.000437271
  230 229.5 1.50981 0.000655299
  231 230.5 2.34857 0.00101934
  232 231.5 3.67978 0.00159713
  233 232.5 5.62762 0.00244254
  234 233.5 8.24636 0.00357915
  235 234.5 11.4138 0.00495389
  236 235.5 15.0349 0.00652555
  237 236.5 18.5602 0.00805565
  238 237.5 21.9144 0.00951148
  239 238.5 24.8298 0.0107768
  240 239.5 27.1079 0.0117656
  241 240.5 28.9752 0.0125761
  242 241.5 30.3442 0.0131702
  243 242.5 31.3361 0.0136007
  244 243.5 32.0673 0.0139181
  245 244.5 32.5851 0.0141428
  246 245.5 33.0069 0.0143259
  247 246.5 33.2279 0.0144218
  248 247.5 33.4413 0.0145144
  249 248.5 33.6011 0.0145838
  250 249.5 33.6471 0.0146038
  251 250.5 33.7447 0.0146461
  252 251.5 33.7967 0.0146687
  253 252.5 33.8051 0.0146724
  254 253.5 33.7511 0.0146489
  255 254.5 33.84 0.0146875
  256 255.5 33.9027 0.0147147
  257 256.5 33.8577 0.0146952
  258 257.5 33.7848 0.0146635
  259 258.5 33.8812 0.0147054
  260 259.5 33.9587 0.014739
  261 260.5 33.892 0.0147101
  262 261.5 33.8266 0.0146817
  263 262.5 33.8989 0.0147131
  264 263.5 33.835 0.0146853
  265 264.5 33.87 0.0147005
  266 265.5 33.8781 0.014704
  267 266.5 33.9399 0.0147308
  268 267.5 33.9565 0.014738
  269 268.5 33.9463 0.0147336
  270 269.5 34.0045 0.0147589
  271 270.5 34.0062 0.0147596
  272 271.5 33.9754 0.0147463
  273 272.5 33.9735 0.0147455
  274 273.5 34.0427 0.0147755
  275 274.5 34.0252 0.0147679
  276 275.5 34.0142 0.0147631
  277 276.5 33.9782 0.0147475
  278 277.5 33.9833 0.0147497
  279 278.5 34.0597 0.0147829
  280 279.5 33.8931 0.0147105
  281 280.5 33.855 0.014694
  282 281.5 33.9289 0.0147261
  283 282.5 33.9404 0.0147311
  284 283.5 33.8602 0.0146962
  285 284.5 33.8708 0.0147009
  286 285.5 34.0116 0.014762
  287 286.5 33.8813 0.0147054
  288 287.5 33.907 0.0147166
  289 288.5 33.9408 0.0147313
  290 289.5 33.9493 0.0147349
  291 290.5 33.897 0.0147122
  292 291.5 33.9827 0.0147494
  293 292.5 34.0006 0.0147572
  294 293.5 33.9672 0.0147427
  295 294.5 34.063 0.0147843
  296 295.5 34.0339 0.0147717
  297 296.5 34.0209 0.014766
  298 297.5 34.0728 0.0147886
  299 298.5 34.136 0.014816
  300 299.5 34.0736 0.0147889
  301 300.5 34.0559 0.0147812
  302 301.5 34.0873 0.0147948
  303 302.5 34.1049 0.0148025
  304 303.5 34.0694 0.0147871
  305 304.5 34.1701 0.0148308
  306 305.5 34.1153 0.014807
  307 306.5 34.1147 0.0148067
  308 307.5 34.1427 0.0148189
  309 308.5 34.1568 0.014825
  310 309.5 34.1402 0.0148178
  311 310.5 34.0756 0.0147897
  312 311.5 34.2067 0.0148467
  313 312.5 34.1394 0.0148174
  314 313.5 34.069 0.0147869
  315 314.5 34.095 0.0147982
  316 315.5 34.2176 0.0148514
  317 316.5 34.138 0.0148168
  318 317.5 34.1499 0.014822
  319 318.5 34.1711 0.0148312
  320 319.5 34.1968 0.0148424
  321 320.5 34.1566 0.0148249
  322 321.5 34.1993 0.0148435
  323 322.5 34.1889 0.0148389
  324 323.5 34.1177 0.014808
  325 324.5 34.1544 0.014824
  326 325.5 34.1234 0.0148105
  327 326.5 34.1066 0.0148032
  328 327.5 34.0737 0.014789
  329 328.5 34.1393 0.0148174
  330 329.5 34.0708 0.0147877
  331 330.5 34.0482 0.0147779
  332 331.5 34.0879 0.0147951
  333 332.5 34.1325 0.0148145
  334 333.5 34.111 0.0148051
  335 334.5 34.1433 0.0148191
  336 335.5 34.1107 0.014805
  337 336.5 34.0809 0.0147921
  338 337.5 34.0749 0.0147895
  339 338.5 34.1378 0.0148168
  340 339.5 34.1038 0.014802
  341 340.5 34.1435 0.0148192
  342 341.5 34.1648 0.0148285
  343 342.5 34.125 0.0148112
  344 343.5 34.2027 0.0148449
  345 344.5 34.1704 0.0148309
  346 345.5 34.2044 0.0148457
  347 346.5 34.1487 0.0148215
  348 347.5 34.1915 0.0148401
  349 348.5 34.2391 0.0148607
  350 349.5 34.2347 0.0148588
  351 350.5 34.1733 0.0148322
  352 351.5 34.2523 0.0148664
  353 352.5 34.2651 0.014872
  354 353.5 34.2838 0.0148801
  355 354.5 34.2082 0.0148473
  356 355.5 34.2213 0.014853
  357 356.5 34.2489 0.014865
  358 357.5 34.2325 0.0148579
  359 358.5 34.1483 0.0148213
  360 359.5 34.1286 0.0148128
  361 360.5 34.1903 0.0148395
  362 361.5 34.1169 0.0148077
  363 362.5 34.1831 0.0148364
  364 363.5 34.113 0.014806
  365 364.5 34.1382 0.0148169
  366 365.5 34.1814 0.0148357
  367 366.5 34.1403 0.0148178
  368 367.5 34.1473 0.0148209
  369 368.5 34.1214 0.0148096
  370 369.5 34.1618 0.0148272
  371 370.5 34.119 0.0148086
  372 371.5 34.0768 0.0147903
  373 372.5 34.0719 0.0147882
  374 373.5 34.2056 0.0148462
  375 374.5 34.1175 0.014808
  376 375.5 34.0845 0.0147936
  377 376.5 34.0925 0.0147971
  378 377.5 34.1765 0.0148336
  379 378.5 34.0543 0.0147805
  380 379.5 34.003 0.0147582
  381 380.5 34.0049 0.0147591
  382 381.5 33.9927 0.0147538
  383 382.5 33.7735 0.0146586
  384 383.5 33.8237 0.0146804
  385 384.5 33.7159 0.0146336
  386 385.5 33.3998 0.0144964
  387 386.5 33.2729 0.0144414
  388 387.5 33.019 0.0143312
  389 388.5 32.5823 0.0141416
  390 389.5 31.9265 0.013857
  391 390.5 31.1019 0.0134991
  392 391.5 29.9818 0.0130129
  393 392.5 28.1865 0.0122337
  394 393.5 26.0664 0.0113135
  395 394.5 23.3842 0.0101494
  396 395.5 20.2616 0.00879411
  397 396.5 16.8787 0.00732584
  398 397.5 13.6237 0.00591307
  399 398.5 10.5287 0.00456973
  400 399.5 7.94499 0.00344835
  401 400.5 5.88672 0.002555
  402 401.5 4.38918 0.00190502
  403 402.5 3.3562 0.00145668
  404 403.5 2.61838 0.00113645
  405 404.5 2.15052 0.000933385
  406 405.5 1.81394 0.000787302
  407 406.5 1.60946 0.000698549
  408 407.5 1.48178 0.000643135
  409 408.5 1.40031 0.000607774
  410 409.5 1.36132 0.000590851
  411 410.5 1.31606 0.000571205
  412 411.5 1.28794 0.000559003
  413 412.5 1.2852 0.000557813
  414 413.5 1.27387 0.000552896
  415 414.5 1.25289 0.000543788
  416 415.5 1.2397 0.000538066
  417 416.5 1.23199 0.000534719
  418 417.5 1.22714 0.000532615
  419 418.5 1.21576 0.000527674
  420 419.5 1.19331 0.000517931
  421 420.5 1.21776 0.000528542
  422 421.5 1.23099 0.000534285
  423 422.5 1.22262 0.000530653
  424 423.5 1.1949 0.000518618
  425 424.5 1.17333 0.000509257
  426 425.5 1.17066 0.000508101
  427 426.5 1.16578 0.000505983
  428 427.5 1.15915 0.000503104
  429 428.5 1.18121 0.000512677
  430 429.5 1.16709 0.000506549
  431 430.5 1.15029 0.000499257
  432 431.5 1.15947 0.000503243
  433 432.5 1.1471 0.000497872
  434 433.5 1.16281 0.000504691
  435 434.5 1.17436 0.000509705
  436 435.5 1.17092 0.000508212
  437 436.5 1.16584 0.000506007
  438 437.5 1.15931 0.000503174
  439 438.5 1.17395 0.000509528
  440 439.5 1.18957 0.000516306
  441 440.5 1.20143 0.000521455
  442 441.5 1.19666 0.000519385
  443 442.5 1.21106 0.000525635
  444 443.5 1.21885 0.000529014
  445 444.5 1.22697 0.000532538
  446 445.5 1.24838 0.00054183
  447 446.5 1.25355 0.000544076
  448 447.5 1.2476 0.000541493
  449 448.5 1.24126 0.00053874
  450 449.5 1.24733 0.000541375
  451 450.5 1.23886 0.000537698
  452 451.5 1.22603 0.000532132
  453 452.5 1.22442 0.000531434
  454 453.5 1.22743 0.00053274
  455 454.5 1.2387 0.000537632
  456 455.5 1.26418 0.000548691
  457 456.5 1.26977 0.000551115
  458 457.5 1.23785 0.00053726
  459 458.5 1.27382 0.000552872
  460 459.5 1.25763 0.000545847
  461 460.5 1.25805 0.000546028
  462 461.5 1.26421 0.000548701
  463 462.5 1.25176 0.000543299
  464 463.5 1.25924 0.000546545
  465 464.5 1.24821 0.000541757
  466 465.5 1.25684 0.000545503
  467 466.5 1.23861 0.00053759
  468 467.5 1.23421 0.000535681
  469 468.5 1.2437 0.000539802
  470 469.5 1.24238 0.000539229
  471 470.5 1.24572 0.000540677
  472 471.5 1.22462 0.000531521
  473 472.5 1.20418 0.000522646
  474 473.5 1.18721 0.000515281
  475 474.5 1.18009 0.000512191
  476 475.5 1.18378 0.000513792
  477 476.5 1.17492 0.000509948
  478 477.5 1.16087 0.000503851
  479 478.5 1.15928 0.00050316
  480 479.5 1.16036 0.000503628
57500000 480 5702.000000000003
  1 0.5 1.2061 0.000523479
  2 1.5 1.18285 0.000513389
  3 2.5 1.14374 0.000496417
  4 3.5 1.1351 0.000492667
  5 4.5 1.10762 0.00048074
  6 5.5 1.11055 0.00048201
  7 6.5 1.1319 0.000491278
  8 7.5 1.13364 0.000492031
  9 8.5 1.14986 0.000499069
  10 9.5 1.13656 0.000493299
  11 10.5 1.10041 0.000477608
  12 11.5 1.12096 0.000486528
  13 12.5 1.12558 0.000488531
  14 13.5 1.1479 0.000498222
  15 14.5 1.1355 0.000492837
  16 15.5 1.17572 0.000510295
  17 16.5 1.17368 0.00050941
  18 17.5 1.18298 0.000513448
  19 18.5 1.17823 0.000511385
  20 19.5 1.18269 0.000513319
  21 20.5 1.19394 0.000518201
  22 21.5 1.19205 0.000517382
  23 22.5 1.17152 0.000508472
  24 23.5 1.17182 0.000508604
  25 24.5 1.15614 0.000501799
  26 25.5 1.1624 0.000504514
  27 26.5 1.15499 0.000501299
  28 27.5 1.15113 0.000499622
  29 28.5 1.1208 0.000486458
  30 29.5 1.11352 0.000483299
  31 30.5 1.09186 0.000473896
  32 31.5 1.06941 0.000464153
  33 32.5 1.05238 0.00045676
  34 33.5 1.06713 0.000463163
  35 34.5 1.07248 0.000465486
  36 35.5 1.06842 0.000463722
  37 36.5 1.08624 0.000471458
  38 37.5 1.07521 0.00046667
  39 38.5 1.07641 0.000467191
  40 39.5 1.0871 0.000471833
  41 40.5 1.09638 0.000475858
  42 41.5 1.10701 0.000480472
  43 42.5 1.09139 0.000473694
  44 43.5 1.10144 0.000478056
  45 44.5 1.11745 0.000485003
  46 45.5 1.10718 0.000480545
  47 46.5 1.11591 0.000484337
  48 47.5 1.12855 0.000489823
  49 48.5 1.11997 0.000486097
  50 49.5 1.1418 0.000495573
  51 50.5 1.17414 0.000509608
  52 51.5 1.18829 0.00051575
  53 52.5 1.21228 0.000526163
  54 53.5 1.2284 0.00053316
  55 54.5 1.23828 0.000537448
  56 55.5 1.25378 0.000544174
  57 56.5 1.2511 0.00054301
  58 57.5 1.24878 0.000542003
  59 58.5 1.2549 0.000544663
  60 59.5 1.25506 0.000544729
  61 60.5 1.24288 0.000539444
  62 61.5 1.25191 0.000543365
  63 62.5 1.26897 0.000550767
  64 63.5 1.3077 0.00056758
  65 64.5 1.36272 0.000591458
  66 65.5 1.36989 0.000594569
  67 66.5 1.39442 0.000605215
  68 67.5 1.44411 0.000626785
  69 68.5 1.54026 0.000668517
  70 69.5 1.63638 0.000710236
  71 70.5 1.7223 0.000747528
  72 71.5 1.88127 0.000816524
  73 72.5 2.08735 0.000905969
  74 73.5 2.3672 0.00102743
  75 74.5 2.68939 0.00116727
  76 75.5 2.96505 0.00128691
  77 76.5 3.17328 0.00137729
  78 77.5 3.25179 0.00141137
  79 78.5 3.11388 0.00135151
  80 79.5 2.84333 0.00123408
  81 80.5 2.4504 0.00106354
  82 81.5 2.00734 0.00087124
  83 82.5 1.57767 0.000684753
  84 83.5 1.20555 0.000523243
  85 84.5 0.912832 0.000396194
  86 85.5 0.699448 0.00030358
  87 86.5 0.565448 0.00024542
  88 87.5 0.469688 0.000203858
  89 88.5 0.407432 0.000176837
  90 89.5 0.361328 0.000156826
  91 90.5 0.348856 0.000151413
  92 91.5 0.334776 0.000145302
  93 92.5 0.337768 0.000146601
  94 93.5 0.324 0.000140625
  95 94.5 0.321696 0.000139625
  96 95.5 0.319736 0.000138774
  97 96.5 0.323072 0.000140222
  98 97.5 0.313976 0.000136274
  99 98.5 0.31164 0.00013526
  100 99.5 0.3056 0.000132639
  101 100.5 0.305544 0.000132615
  102 101.5 0.313112 0.000135899
  103 102.5 0.307872 0.000133625
  104 103.5 0.303336 0.000131656
  105 104.5 0.31032 0.000134687
  106 105.5 0.304048 0.000131965
  107 106.5 0.29868 0.000129635
  108 107.5 0.296896 0.000128861
  109 108.5 0.311808 0.000135333
  110 109.5 0.3106 0.000134809
  111 110.5 0.31076 0.000134878
  112 111.5 0.302448 0.000131271
  113 112.5 0.306376 0.000132976
  114 113.5 0.30496 0.000132361
  115 114.5 0.2988 0.000129688
  116 115.5 0.302912 0.000131472
  117 116.5 0.30692 0.000133212
  118 117.5 0.304264 0.000132059
  119 118.5 0.308728 0.000133997
  120 119.5 0.311016 0.00013499
  121 120.5 0.31004 0.000134566
  122 121.5 0.311256 0.000135094
  123 122.5 0.310168 0.000134622
  124 123.5 0.316664 0.000137441
  125 124.5 0.31572 0.000137031
  126 125.5 0.313128 0.000135906
  127 126.5 0.306928 0.000133215
  128 127.5 0.319128 0.00013851
  129 128.5 0.32496 0.000141042
  130 129.5 0.320368 0.000139049
  131 130.5 0.326672 0.000141785
  132 131.5 0.31876 0.000138351
  133 132.5 0.316728 0.000137469
  134 133.5 0.325736 0.000141378
  135 134.5 0.32556 0.000141302
  136 135.5 0.324184 0.000140705
  137 136.5 0.317288 0.000137712
  138 137.5 0.307288 0.000133372
  139 138.5 0.306136 0.000132872
  140 139.5 0.301424 0.000130826
  141 140.5 0.301616 0.00013091
  142 141.5 0.31128 0.000135104
  143 142.5 0.31136 0.000135139
  144 143.5 0.309792 0.000134458
  145 144.5 0.30624 0.000132917
  146 145.5 0.30356 0.000131753
  147 146.5 0.305832 0.00013274
  148 147.5 0.311408 0.00013516
  149 148.5 0.311208 0.000135073
  150 149.5 0.312312 0.000135552
  151 150.5 0.306448 0.000133007
  152 151.5 0.31112 0.000135035
  153 152.5 0.313776 0.000136187
  154 153.5 0.318224 0.000138118
  155 154.5 0.309032 0.000134128
  156 155.5 0.310144 0.000134611
  157 156.5 0.301632 0.000130917
  158 157.5 0.307408 0.000133424
  159 158.5 0.305176 0.000132455
  160 159.5 0.302896 0.000131465
  161 160.5 0.301216 0.000130736
  162 161.5 0.308088 0.000133719
  163 162.5 0.301088 0.000130681
  164 163.5 0.29632 0.000128611
  165 164.5 0.300464 0.00013041
  166 165.5 0.3032 0.000131597
  167 166.5 0.301792 0.000130986
  168 167.5 0.30892 0.00013408
  169 168.5 0.302456 0.000131274
  170 169.5 0.309512 0.000134337
  171 170.5 0.29884 0.000129705
  172 171.5 0.300912 0.000130604
  173 172.5 0.302464 0.000131278
  174 173.5 0.30484 0.000132309
  175 174.5 0.299472 0.000129979
  176 175.5 0.305512 0.000132601
  177 176.5 0.303776 0.000131847
  178 177.5 0.30592 0.000132778
  179 178.5 0.307072 0.000133278
  180 179.5 0.307672 0.000133538
  181 180.5 0.30684 0.000133177
  182 181.5 0.30368 0.000131806
  183 182.5 0.30728 0.000133368
  184 183.5 0.306752 0.000133139
  185 184.5 0.315296 0.000136847
  186 185.5 0.312624 0.000135688
  187 186.5 0.310616 0.000134816
  188 187.5 0.316528 0.000137382
  189 188.5 0.316992 0.000137583
  190 189.5 0.316208 0.000137243
  191 190.5 0.313744 0.000136174
  192 191.5 0.31588 0.000137101
  193 192.5 0.314376 0.000136448
  194 193.5 0.30868 0.000133976
  195 194.5 0.315584 0.000136972
  196 195.5 0.31812 0.000138073
  197 196.5 0.31972 0.000138767
  198 197.5 0.315928 0.000137122
  199 198.5 0.322584 0.00014001
  200 199.5 0.318368 0.000138181
  201 200.5 0.307232 0.000133347
  202 201.5 0.30524 0.000132483
  203 202.5 0.307928 0.000133649
  204 203.5 0.311344 0.000135132
  205 204.5 0.31068 0.000134844
  206 205.5 0.308856 0.000134052
  207 206.5 0.307768 0.00013358
  208 207.5 0.298968 0.00012976
  209 208.5 0.303064 0.000131538
  210 209.5 0.29984 0.000130139
  211 210.5 0.3034 0.000131684
  212 211.5 0.303264 0.000131625
  213 212.5 0.302728 0.000131392
  214 213.5 0.307992 0.000133677
  215 214.5 0.308256 0.000133792
  216 215.5 0.3078 0.000133594
  217 216.5 0.305496 0.000132594
  218 217.5 0.314424 0.000136469
  219 218.5 0.310936 0.000134955
  220 219.5 0.310288 0.000134674
  221 220.5 0.317376 0.00013775
  222 221.5 0.32132 0.000139462
  223 222.5 0.342264 0.000148552
  224 223.5 0.36036 0.000156406
  225 224.5 0.394024 0.000171017
  226 225.5 0.44812 0.000194497
  227 226.5 0.531224 0.000230566
  228 227.5 0.689288 0.00029917
  229 228.5 0.963336 0.000418115
  230 229.5 1.4354 0.000623003
  231 230.5 2.1992 0.000954514
  232 231.5 3.41677 0.00148297
  233 232.5 5.22906 0.00226956
  234 233.5 7.67765 0.00333231
  235 234.5 10.7106 0.00464871
  236 235.5 14.26 0.00618924
  237 236.5 17.8987 0.00776852
  238 237.5 21.2783 0.00923539
  239 238.5 24.3032 0.0105483
  240 239.5 26.7377 0.0116049
  241 240.5 28.6224 0.0124229
  242 241.5 30.1192 0.0130726
  243 242.5 31.1564 0.0135227
  244 243.5 31.9258 0.0138567
  245 244.5 32.4289 0.0140751
  246 245.5 32.8352 0.0142514
  247 246.5 33.1514 0.0143886
  248 247.5 33.328 0.0144653
  249 248.5 33.4462 0.0145166
  250 249.5 33.6519 0.0146059
  251 250.5 33.6825 0.0146192
  252 251.5 33.7072 0.0146299
  253 252.5 33.8364 0.0146859
  254 253.5 33.8191 0.0146784
  255 254.5 33.8212 0.0146793
  256 255.5 33.8362 0.0146858
  257 256.5 33.8185 0.0146782
  258 257.5 33.8371 0.0146863
  259 258.5 33.9126 0.014719
  260 259.5 33.827 0.0146819
  261 260.5 33.8616 0.0146969
  262 261.5 33.8694 0.0147003
  263 262.5 33.8538 0.0146935
  264 263.5 33.8457 0.01469
  265 264.5 33.8028 0.0146714
  266 265.5 33.8703 0.0147007
  267 266.5 33.7753 0.0146594
  268 267.5 33.866 0.0146988
  269 268.5 33.9312 0.0147271
  270 269.5 33.8095 0.0146743
  271 270.5 33.8742 0.0147024
  272 271.5 33.9283 0.0147258
  273 272.5 33.8994 0.0147133
  274 273.5 33.8175 0.0146777
  275 274.5 33.8356 0.0146856
  276 275.5 33.9642 0.0147414
  277 276.5 33.7925 0.0146669
  278 277.5 33.7943 0.0146677
  279 278.5 33.8863 0.0147076
  280 279.5 33.9274 0.0147254
  281 280.5 33.7722 0.0146581
  282 281.5 33.8008 0.0146705
  283 282.5 33.9148 0.01472
  284 283.5 33.7834 0.0146629
  285 284.5 33.7525 0.0146495
  286 285.5 33.8614 0.0146968
  287 286.5 33.8348 0.0146853
  288 287.5 33.8332 0.0146845
  289 288.5 33.7701 0.0146572
  290 289.5 33.8773 0.0147037
  291 290.5 33.804 0.0146719
  292 291.5 33.884 0.0147066
  293 292.5 33.8569 0.0146948
  294 293.5 33.8692 0.0147002
  295 294.5 33.8442 0.0146893
  296 295.5 33.9268 0.0147252
  297 296.5 33.8576 0.0146951
  298 297.5 33.8408 0.0146879
  299 298.5 33.8623 0.0146972
  300 299.5 33.8418 0.0146883
  301 300.5 33.7526 0.0146495
  302 301.5 33.8515 0.0146925
  303 302.5 33.8874 0.0147081
  304 303.5 33.8874 0.0147081
  305 304.5 33.7899 0.0146658
  306 305.5 33.9999 0.0147569
  307 306.5 33.8914 0.0147098
  308 307.5 33.9587 0.014739
  309 308.5 33.9914 0.0147532
  310 309.5 34.0121 0.0147622
  311 310.5 34.0266 0.0147685
  312 311.5 34.0395 0.0147741
  313 312.5 33.9975 0.0147559
  314 313.5 34.0607 0.0147833
  315 314.5 34.0604 0.0147832
  316 315.5 34.027 0.0147687
  317 316.5 34.0389 0.0147738
  318 317.5 34.0114 0.0147619
  319 318.5 34.0447 0.0147764
  320 319.5 34.0344 0.0147719
  321 320.5 34.0376 0.0147732
  322 321.5 33.9593 0.0147393
  323 322.5 34.0107 0.0147616
  324 323.5 33.981 0.0147487
  325 324.5 33.9245 0.0147242
  326 325.5 33.9693 0.0147436
  327 326.5 34.0647 0.014785
  328 327.5 33.9596 0.0147394
  329 328.5 33.9474 0.0147341
  330 329.5 34.0332 0.0147714
  331 330.5 33.977 0.014747
  332 331.5 34.0368 0.0147729
  333 332.5 33.9462 0.0147336
  334 333.5 33.9244 0.0147241
  335 334.5 33.9687 0.0147433
  336 335.5 34.0192 0.0147653
  337 336.5 33.9683 0.0147432
  338 337.5 34.0061 0.0147596
  339 338.5 33.9606 0.0147399
  340 339.5 34.0654 0.0147853
  341 340.5 33.9936 0.0147542
  342 341.5 33.9922 0.0147536
  343 342.5 33.9843 0.0147501
  344 343.5 33.9963 0.0147553
  345 344.5 34.0176 0.0147646
  346 345.5 33.9097 0.0147177
  347 346.5 33.9588 0.0147391
  348 347.5 33.9795 0.0147481
  349 348.5 33.9402 0.014731
  350 349.5 33.92 0.0147222
  351 350.5 33.9313 0.0147271
  352 351.5 33.9941 0.0147544
  353 352.5 33.9894 0.0147524
  354 353.5 33.8906 0.0147095
  355 354.5 33.9053 0.0147159
  356 355.5 33.9986 0.0147563
  357 356.5 33.9393 0.0147306
  358 357.5 33.8571 0.0146949
  359 358.5 33.9582 0.0147388
  360 359.5 33.9786 0.0147477
  361 360.5 33.7698 0.014657
  362 361.5 33.8424 0.0146885
  363 362.5 33.9419 0.0147317
  364 363.5 33.8556 0.0146943
  365 364.5 33.85 0.0146918
  366 365.5 33.9584 0.0147389
  367 366.5 33.9433 0.0147323
  368 367.5 33.7897 0.0146657
  369 368.5 33.9048 0.0147156
  370 369.5 33.9296 0.0147264
  371 370.5 33.7891 0.0146654
  372 371.5 33.8797 0.0147047
  373 372.5 33.9265 0.014725
  374 373.5 33.8365 0.014686
  375 374.5 33.7505 0.0146487
  376 375.5 33.8993 0.0147132
  377 376.5 33.8328 0.0146844
  378 377.5 33.7986 0.0146695
  379 378.5 33.8166 0.0146773
  380 379.5 33.9124 0.0147189
  381 380.5 33.7413 0.0146447
  382 381.5 33.7506 0.0146487
  383 382.5 33.7062 0.0146294
  384 383.5 33.6244 0.0145939
  385 384.5 33.4851 0.0145335
  386 385.5 33.4513 0.0145188
  387 386.5 33.2708 0.0144404
  388 387.5 33.0109 0.0143276
  389 388.5 32.6944 0.0141903
  390 389.5 32.1393 0.0139493
  391 390.5 31.446 0.0136484
  392 391.5 30.4318 0.0132082
  393 392.5 28.9884 0.0125818
  394 393.5 27.1168 0.0117694
  395 394.5 24.7897 0.0107594
  396 395.5 21.8949 0.00950301
  397 396.5 18.6822 0.00810861
  398 397.5 15.3748 0.00667309
  399 398.5 12.2275 0.00530709
  400 399.5 9.45594 0.00410414
  401 400.5 7.12618 0.00309296
  402 401.5 5.34501 0.00231988
  403 402.5 3.99302 0.00173308
  404 403.5 3.06895 0.00133201
  405 404.5 2.43201 0.00105556
  406 405.5 1.99838 0.000867354
  407 406.5 1.7725 0.000769313
  408 407.5 1.61565 0.000701236
  409 408.5 1.51334 0.000656833
  410 409.5 1.41446 0.000613913
  411 410.5 1.36963 0.000594458
  412 411.5 1.32925 0.000576931
  413 412.5 1.31577 0.00057108
  414 413.5 1.27214 0.000552142
  415 414.5 1.26211 0.000547792
  416 415.5 1.23261 0.000534986
  417 416.5 1.24846 0.000541868
  418 417.5 1.24422 0.000540028
  419 418.5 1.24276 0.000539392
  420 419.5 1.22737 0.000532712
  421 420.5 1.25289 0.000543788
  422 421.5 1.27522 0.000553479
  423 422.5 1.27812 0.00055474
  424 423.5 1.28873 0.000559344
  425 424.5 1.30602 0.000566847
  426 425.5 1.31152 0.000569236
  427 426.5 1.33914 0.000581222
  428 427.5 1.36731 0.000593451
  429 428.5 1.38536 0.000601285
  430 429.5 1.38542 0.000601312
  431 430.5 1.37142 0.000595233
  432 431.5 1.37216 0.000595556
  433 432.5 1.3745 0.000596569
  434 433.5 1.36627 0.000593
  435 434.5 1.36189 0.000591097
  436 435.5 1.34475 0.00058366
  437 436.5 1.32752 0.000576181
  438 437.5 1.30246 0.000565302
  439 438.5 1.31941 0.00057266
  440 439.5 1.33394 0.000578969
  441 440.5 1.3651 0.000592493
  442 441.5 1.3554 0.000588281
  443 442.5 1.33617 0.000579934
  444 443.5 1.30308 0.000565573
  445 444.5 1.31619 0.000571264
  446 445.5 1.31274 0.000569767
  447 446.5 1.28634 0.000558309
  448 447.5 1.26628 0.000549601
  449 448.5 1.26397 0.000548597
  450 449.5 1.28606 0.000558187
  451 450.5 1.32538 0.00057525
  452 451.5 1.3366 0.000580122
  453 452.5 1.33053 0.000577486
  454 453.5 1.31319 0.000569962
  455 454.5 1.3051 0.000566451
  456 455.5 1.32782 0.000576309
  457 456.5 1.32616 0.00057559
  458 457.5 1.32041 0.000573094
  459 458.5 1.30357 0.000565785
  460 459.5 1.30121 0.00056476
  461 460.5 1.31768 0.00057191
  462 461.5 1.29804 0.000563385
  463 462.5 1.29351 0.00056142
  464 463.5 1.27223 0.000552184
  465 464.5 1.27882 0.000555042
  466 465.5 1.27284 0.000552448
  467 466.5 1.26591 0.000549441
  468 467.5 1.26277 0.000548076
  469 468.5 1.25992 0.00054684
  470 469.5 1.24834 0.000541816
  471 470.5 1.25548 0.000544913
  472 471.5 1.24331 0.000539632
  473 472.5 1.25424 0.000544375
  474 473.5 1.25453 0.0005445
  475 474.5 1.24468 0.000540226
  476 475.5 1.26228 0.000547865
  477 476.5 1.284 0.000557292
  478 477.5 1.28198 0.000556417
  479 478.5 1.2691 0.000550826
  480 479.5 1.24218 0.000539142
60000000 480 5701.999999999997
  1 0.5 1.05074 0.000456049
  2 1.5 1.04632 0.000454132
  3 2.5 1.05633 0.000458476
  4 3.5 1.0705 0.000464625
  5 4.5 1.06447 0.00046201
  6 5.5 1.1105 0.00048199
  7 6.5 1.09026 0.000473205
  8 7.5 1.08034 0.000468899
  9 8.5 1.08302 0.000470062
  10 9.5 1.11119 0.000482288
  11 10.5 1.10529 0.000479726
  12 11.5 1.09964 0.000477274
  13 12.5 1.11715 0.000484875
  14 13.5 1.10247 0.000478503
  15 14.5 1.11581 0.000484292
  16 15.5 1.1525 0.000500215
  17 16.5 1.17162 0.000508517
  18 17.5 1.21211 0.00052609
  19 18.5 1.22952 0.000533646
  20 19.5 1.24071 0.000538503
  21 20.5 1.22808 0.000533021
  22 21.5 1.24275 0.000539389
  23 22.5 1.24146 0.00053883
  24 23.5 1.23238 0.000534885
  25 24.5 1.20963 0.000525014
  26 25.5 1.21711 0.00052826
  27 26.5 1.19221 0.000517451
  28 27.5 1.22445 0.000531444
  29 28.5 1.28391 0.000557253
  30 29.5 1.26328 0.000548299
  31 30.5 1.2913 0.000560458
  32 31.5 1.31075 0.000568903
  33 32.5 1.29657 0.000562747
  34 33.5 1.30658 0.00056709
  35 34.5 1.30338 0.000565701
  36 35.5 1.30207 0.000565135
  37 36.5 1.32169 0.000573649
  38 37.5 1.35082 0.000586295
  39 38.5 1.34784 0.000585
  40 39.5 1.3238 0.000574566
  41 40.5 1.30609 0.000566878
  42 41.5 1.31494 0.000570722
  43 42.5 1.32489 0.000575038
  44 43.5 1.34214 0.000582524
  45 44.5 1.35474 0.000587997
  46 45.5 1.39101 0.000603736
  47 46.5 1.40157 0.000608319
  48 47.5 1.38711 0.000602045
  49 48.5 1.41065 0.00061226
  50 49.5 1.41258 0.000613097
  51 50.5 1.41062 0.000612247
  52 51.5 1.40542 0.00060999
  53 52.5 1.42306 0.000617649
  54 53.5 1.43755 0.000623938
  55 54.5 1.44271 0.000626177
  56 55.5 1.4655 0.000636069
  57 56.5 1.44991 0.000629302
  58 57.5 1.44726 0.000628149
  59 58.5 1.46982 0.000637941
  60 59.5 1.44859 0.000628729
  61 60.5 1.44552 0.000627396
  62 61.5 1.44894 0.000628882
  63 62.5 1.42302 0.000617632
  64 63.5 1.41829 0.000615576
  65 64.5 1.43374 0.000622285
  66 65.5 1.45743 0.000632566
  67 66.5 1.49052 0.000646927
  68 67.5 1.54472 0.000670451
  69 68.5 1.60459 0.000696438
  70 69.5 1.70184 0.000738646
  71 70.5 1.82542 0.000792281
  72 71.5 2.02894 0.000880615
  73 72.5 2.24034 0.000972372
  74 73.5 2.4845 0.00107834
  75 74.5 2.7864 0.00120937
  76 75.5 3.07864 0.00133622
  77 76.5 3.28033 0.00142375
  78 77.5 3.34122 0.00145018
  79 78.5 3.24366 0.00140784
  80 79.5 2.98833 0.00129702
  81 80.5 2.60366 0.00113006
  82 81.5 2.12857 0.000923858
  83 82.5 1.66107 0.000720951
  84 83.5 1.26201 0.000547747
  85 84.5 0.970736 0.000421326
  86 85.5 0.739784 0.000321087
  87 86.5 0.573008 0.000248701
  88 87.5 0.475208 0.000206253
  89 88.5 0.41064 0.000178229
  90 89.5 0.36868 0.000160017
  91 90.5 0.344904 0.000149698
  92 91.5 0.328992 0.000142792
  93 92.5 0.319728 0.000138771
  94 93.5 0.305488 0.00013259
  95 94.5 0.300144 0.000130271
  96 95.5 0.303568 0.000131757
  97 96.5 0.300056 0.000130233
  98 97.5 0.300072 0.00013024
  99 98.5 0.295728 0.000128354
  100 99.5 0.290912 0.000126264
  101 100.5 0.297152 0.000128972
  102 101.5 0.29512 0.00012809
  103 102.5 0.297112 0.000128955
  104 103.5 0.28732 0.000124705
  105 104.5 0.289392 0.000125604
  106 105.5 0.28164 0.00012224
  107 106.5 0.293432 0.000127358
  108 107.5 0.293544 0.000127406
  109 108.5 0.295136 0.000128097
  110 109.5 0.304832 0.000132306
  111 110.5 0.306248 0.00013292
  112 111.5 0.29868 0.000129635
  113 112.5 0.296232 0.000128573
  114 113.5 0.294768 0.000127938
  115 114.5 0.296624 0.000128743
  116 115.5 0.290904 0.00012626
  117 116.5 0.295784 0.000128378
  118 117.5 0.296224 0.000128569
  119 118.5 0.29156 0.000126545
  120 119.5 0.288392 0.00012517
  121 120.5 0.298656 0.000129625
  122 121.5 0.298608 0.000129604
  123 122.5 0.306648 0.000133094
  124 123.5 0.305384 0.000132545
  125 124.5 0.295672 0.00012833
  126 125.5 0.306896 0.000133201
  127 126.5 0.302176 0.000131153
  128 127.5 0.298208 0.000129431
  129 128.5 0.30464 0.000132222
  130 129.5 0.305504 0.000132597
  131 130.5 0.303936 0.000131917
  132 131.5 0.301168 0.000130715
  133 132.5 0.307 0.000133247
  134 133.5 0.30688 0.000133194
  135 134.5 0.296592 0.000128729
  136 135.5 0.29992 0.000130174
  137 136.5 0.296872 0.000128851
  138 137.5 0.301936 0.000131049
  139 138.5 0.302208 0.000131167
  140 139.5 0.299328 0.000129917
  141 140.5 0.306088 0.000132851
  142 141.5 0.301992 0.000131073
  143 142.5 0.293848 0.000127538
  144 143.5 0.290632 0.000126142
  145 144.5 0.293328 0.000127313
  146 145.5 0.296288 0.000128597
  147 146.5 0.299488 0.000129986
  148 147.5 0.298008 0.000129344
  149 148.5 0.2978 0.000129253
  150 149.5 0.299032 0.000129788
  151 150.5 0.303192 0.000131594
  152 151.5 0.297544 0.000129142
  153 152.5 0.299376 0.000129938
  154 153.5 0.30704 0.000133264
  155 154.5 0.316672 0.000137444
  156 155.5 0.304872 0.000132323
  157 156.5 0.303128 0.000131566
  158 157.5 0.303816 0.000131865
  159 158.5 0.30236 0.000131233
  160 159.5 0.306016 0.000132819
  161 160.5 0.303312 0.000131646
  162 161.5 0.300832 0.000130569
  163 162.5 0.30308 0.000131545
  164 163.5 0.296088 0.00012851
  165 164.5 0.292816 0.00012709
  166 165.5 0.302008 0.00013108
  167 166.5 0.305784 0.000132719
  168 167.5 0.303688 0.000131809
  169 168.5 0.303016 0.000131517
  170 169.5 0.29708 0.000128941
  171 170.5 0.297624 0.000129177
  172 171.5 0.294032 0.000127618
  173 172.5 0.297216 0.000129
  174 173.5 0.307488 0.000133458
  175 174.5 0.303728 0.000131826
  176 175.5 0.305672 0.00013267
  177 176.5 0.29976 0.000130104
  178 177.5 0.301232 0.000130743
  179 178.5 0.298264 0.000129455
  180 179.5 0.292248 0.000126844
  181 180.5 0.298456 0.000129538
  182 181.5 0.300272 0.000130326
  183 182.5 0.291424 0.000126486
  184 183.5 0.296392 0.000128642
  185 184.5 0.291424 0.000126486
  186 185.5 0.283008 0.000122833
  187 186.5 0.286056 0.000124156
  188 187.5 0.288664 0.000125288
  189 188.5 0.291992 0.000126733
  190 189.5 0.287752 0.000124892
  191 190.5 0.288384 0.000125167
  192 191.5 0.29004 0.000125885
  193 192.5 0.293656 0.000127455
  194 193.5 0.298648 0.000129622
  195 194.5 0.299264 0.000129889
  196 195.5 0.302624 0.000131347
  197 196.5 0.30212 0.000131128
  198 197.5 0.297712 0.000129215
  199 198.5 0.298848 0.000129708
  200 199.5 0.304688 0.000132243
  201 200.5 0.306248 0.00013292
  202 201.5 0.305384 0.000132545
  203 202.5 0.3064 0.000132986
  204 203.5 0.314056 0.000136309
  205 204.5 0.307968 0.000133667
  206 205.5 0.302936 0.000131483
  207 206.5 0.313872 0.000136229
  208 207.5 0.316288 0.000137278
  209 208.5 0.309768 0.000134448
  210 209.5 0.30864 0.000133958
  211 210.5 0.310504 0.000134767
  212 211.5 0.299152 0.00012984
  213 212.5 0.303688 0.000131809
  214 213.5 0.304096 0.000131986
  215 214.5 0.297664 0.000129194
  216 215.5 0.297616 0.000129174
  217 216.5 0.297288 0.000129031
  218 217.5 0.298976 0.000129764
  219 218.5 0.303128 0.000131566
  220 219.5 0.30472 0.000132257
  221 220.5 0.308448 0.000133875
  222 221.5 0.312024 0.000135427
  223 222.5 0.323352 0.000140344
  224 223.5 0.346896 0.000150563
  225 224.5 0.383272 0.000166351
  226 225.5 0.434352 0.000188521
  227 226.5 0.52364 0.000227274
  228 227.5 0.693752 0.000301108
  229 228.5 0.96956 0.000420816
  230 229.5 1.42897 0.000620212
  231 230.5 2.23485 0.000969986
  232 231.5 3.51561 0.00152587
  233 232.5 5.37252 0.00233182
  234 233.5 7.89969 0.00342868
  235 234.5 11.0302 0.00478742
  236 235.5 14.5348 0.00630852
  237 236.5 18.1627 0.00788313
  238 237.5 21.585 0.00936849
  239 238.5 24.533 0.010648
  240 239.5 26.9488 0.0116965
  241 240.5 28.8977 0.0125424
  242 241.5 30.3107 0.0131557
  243 242.5 31.4223 0.0136381
  244 243.5 32.1388 0.0139491
  245 244.5 32.698 0.0141919
  246 245.5 33.1194 0.0143748
  247 246.5 33.4114 0.0145015
  248 247.5 33.5823 0.0145757
  249 248.5 33.7414 0.0146447
  250 249.5 33.8257 0.0146813
  251 250.5 33.9292 0.0147262
  252 251.5 34.0085 0.0147606
  253 252.5 33.9713 0.0147445
  254 253.5 34.0037 0.0147586
  255 254.5 34.1386 0.0148171
  256 255.5 34.0814 0.0147923
  257 256.5 34.0845 0.0147936
  258 257.5 34.1668 0.0148293
  259 258.5 34.1506 0.0148223
  260 259.5 34.1066 0.0148032
  261 260.5 34.1338 0.014815
  262 261.5 34.1013 0.0148009
  263 262.5 33.9894 0.0147523
  264 263.5 34.0713 0.0147879
  265 264.5 34.1086 0.0148041
  266 265.5 33.9973 0.0147558
  267 266.5 33.9614 0.0147402
  268 267.5 34.2073 0.0148469
  269 268.5 34.0355 0.0147724
  270 269.5 33.8745 0.0147025
  271 270.5 34.0084 0.0147606
  272 271.5 34.0244 0.0147675
  273 272.5 33.88 0.0147049
  274 273.5 33.9298 0.0147265
  275 274.5 33.9507 0.0147355
  276 275.5 33.8913 0.0147098
  277 276.5 33.8537 0.0146934
  278 277.5 33.8792 0.0147045
  279 278.5 33.8532 0.0146932
  280 279.5 33.8668 0.0146991
  281 280.5 33.8852 0.0147071
  282 281.5 33.956 0.0147378
  283 282.5 33.8699 0.0147005
  284 283.5 33.8681 0.0146997
  285 284.5 33.9057 0.014716
  286 285.5 33.8499 0.0146918
  287 286.5 33.8689 0.0147
  288 287.5 33.8204 0.014679
  289 288.5 33.8636 0.0146977
  290 289.5 33.8357 0.0146856
  291 290.5 33.856 0.0146945
  292 291.5 33.8669 0.0146992
  293 292.5 33.8244 0.0146807
  294 293.5 33.9003 0.0147137
  295 294.5 33.8751 0.0147027
  296 295.5 33.8672 0.0146993
  297 296.5 33.9942 0.0147544
  298 297.5 33.9061 0.0147162
  299 298.5 33.9382 0.0147301
  300 299.5 33.9274 0.0147254
  301 300.5 34.089 0.0147956
  302 301.5 33.9287 0.014726
  303 302.5 33.8999 0.0147135
  304 303.5 33.9473 0.0147341
  305 304.5 34.0554 0.014781
  306 305.5 33.9788 0.0147477
  307 306.5 33.9335 0.0147281
  308 307.5 34.044 0.0147761
  309 308.5 34.0417 0.0147751
  310 309.5 33.9539 0.0147369
  311 310.5 33.954 0.014737
  312 311.5 34.0129 0.0147625
  313 312.5 34.0521 0.0147796
  314 313.5 33.9545 0.0147372
  315 314.5 33.9434 0.0147324
  316 315.5 34.0751 0.0147895
  317 316.5 34.0059 0.0147595
  318 317.5 33.9563 0.014738
  319 318.5 33.8848 0.0147069
  320 319.5 34.0485 0.014778
  321 320.5 34.0167 0.0147642
  322 321.5 33.9109 0.0147183
  323 322.5 33.8919 0.01471
  324 323.5 34.0026 0.0147581
  325 324.5 33.9031 0.0147149
  326 325.5 33.8908 0.0147096
  327 326.5 34.0077 0.0147603
  328 327.5 33.9028 0.0147148
  329 328.5 33.8778 0.0147039
  330 329.5 33.9187 0.0147217
  331 330.5 33.7902 0.0146659
  332 331.5 33.8988 0.014713
  333 332.5 33.901 0.014714
  334 333.5 33.8546 0.0146938
  335 334.5 33.8305 0.0146834
  336 335.5 33.871 0.0147009
  337 336.5 33.8886 0.0147086
  338 337.5 33.8305 0.0146834
  339 338.5 33.8396 0.0146873
  340 339.5 33.8311 0.0146836
  341 340.5 33.7868 0.0146644
  342 341.5 33.8012 0.0146707
  343 342.5 33.9201 0.0147223
  344 343.5 33.8015 0.0146708
  345 344.5 33.7386 0.0146435
  346 345.5 33.8346 0.0146851
  347 346.5 33.7932 0.0146672
  348 347.5 33.6536 0.0146066
  349 348.5 33.7294 0.0146395
  350 349.5 33.7264 0.0146382
  351 350.5 33.6587 0.0146088
  352 351.5 33.6863 0.0146208
  353 352.5 33.618 0.0145911
  354 353.5 33.6211 0.0145925
  355 354.5 33.6889 0.0146219
  356 355.5 33.7469 0.0146471
  357 356.5 33.6603 0.0146095
  358 357.5 33.7767 0.01466
  359 358.5 33.7288 0.0146392
  360 359.5 33.7567 0.0146513
  361 360.5 33.7412 0.0146446
  362 361.5 33.7498 0.0146484
  363 362.5 33.7403 0.0146442
  364 363.5 33.7422 0.0146451
  365 364.5 33.7323 0.0146408
  366 365.5 33.6809 0.0146184
  367 366.5 33.6768 0.0146167
  368 367.5 33.683 0.0146193
  369 368.5 33.7263 0.0146381
  370 369.5 33.7601 0.0146528
  371 370.5 33.6514 0.0146057
  372 371.5 33.7815 0.0146621
  373 372.5 33.7045 0.0146287
  374 373.5 33.7118 0.0146319
  375 374.5 33.7956 0.0146682
  376 375.5 33.7575 0.0146517
  377 376.5 33.6336 0.0145979
  378 377.5 33.7529 0.0146497
  379 378.5 33.8329 0.0146844
  380 379.5 33.6877 0.0146214
  381 380.5 33.6591 0.014609
  382 381.5 33.7795 0.0146612
  383 382.5 33.6762 0.0146164
  384 383.5 33.5213 0.0145492
  385 384.5 33.5038 0.0145416
  386 385.5 33.4537 0.0145198
  387 386.5 33.2029 0.014411
  388 387.5 32.9655 0.0143079
  389 388.5 32.6114 0.0141543
  390 389.5 32.0987 0.0139317
  391 390.5 31.3131 0.0135907
  392 391.5 30.1784 0.0130983
  393 392.5 28.8139 0.012506
  394 393.5 26.8273 0.0116438
  395 394.5 24.3788 0.0105811
  396 395.5 21.5316 0.00934529
  397 396.5 18.4346 0.00800111
  398 397.5 15.1798 0.00658847
  399 398.5 12.0545 0.005232
  400 399.5 9.28116 0.00402828
  401 400.5 6.99129 0.00303441
  402 401.5 5.27016 0.0022874
  403 402.5 4.00356 0.00173766
  404 403.5 3.11916 0.0013538
  405 404.5 2.4808 0.00107674
  406 405.5 2.0892 0.000906771
  407 406.5 1.82131 0.0007905
  408 407.5 1.62471 0.00070517
  409 408.5 1.52919 0.000663712
  410 409.5 1.45134 0.00062992
  411 410.5 1.4118 0.00061276
  412 411.5 1.37503 0.000596802
  413 412.5 1.36398 0.000592003
  414 413.5 1.37084 0.000594983
  415 414.5 1.38567 0.00060142
  416 415.5 1.35777 0.000589309
  417 416.5 1.34592 0.000584167
  418 417.5 1.31242 0.000569625
  419 418.5 1.29243 0.000560951
  420 419.5 1.27541 0.000553563
  421 420.5 1.27737 0.000554413
  422 421.5 1.27137 0.000551809
  423 422.5 1.24729 0.000541358
  424 423.5 1.24364 0.000539774
  425 424.5 1.2439 0.000539885
  426 425.5 1.22353 0.000531045
  427 426.5 1.24083 0.000538556
  428 427.5 1.23854 0.000537559
  429 428.5 1.21389 0.000526861
  430 429.5 1.21146 0.000525806
  431 430.5 1.20297 0.000522122
  432 431.5 1.20814 0.000524365
  433 432.5 1.2293 0.000533549
  434 433.5 1.23561 0.000536288
  435 434.5 1.2297 0.000533722
  436 435.5 1.19774 0.000519854
  437 436.5 1.19485 0.000518597
  438 437.5 1.19047 0.000516698
  439 438.5 1.17409 0.000509587
  440 439.5 1.16016 0.000503542
  441 440.5 1.15086 0.000499507
  442 441.5 1.1211 0.00048659
  443 442.5 1.10334 0.000478878
  444 443.5 1.09473 0.000475142
  445 444.5 1.08922 0.00047275
  446 445.5 1.09578 0.000475601
  447 446.5 1.11976 0.000486007
  448 447.5 1.12422 0.000487941
  449 448.5 1.11851 0.000485465
  450 449.5 1.11108 0.00048224
  451 450.5 1.13444 0.000492378
  452 451.5 1.13258 0.000491569
  453 452.5 1.11418 0.000483587
  454 453.5 1.12938 0.000490184
  455 454.5 1.15806 0.000502632
  456 455.5 1.14632 0.000497535
  457 456.5 1.15055 0.000499372
  458 457.5 1.1438 0.000496441
  459 458.5 1.12336 0.000487569
  460 459.5 1.13632 0.000493194
  461 460.5 1.16934 0.000507528
  462 461.5 1.17743 0.000511038
  463 462.5 1.16583 0.000506003
  464 463.5 1.15788 0.000502552
  465 464.5 1.16732 0.000506649
  466 465.5 1.16474 0.000505531
  467 466.5 1.16692 0.000506476
  468 467.5 1.17918 0.000511795
  469 468.5 1.17278 0.000509017
  470 469.5 1.19054 0.000516729
  471 470.5 1.18554 0.000514559
  472 471.5 1.1655 0.000505858
  473 472.5 1.14732 0.000497969
  474 473.5 1.14759 0.000498087
  475 474.5 1.11768 0.000485104
  476 475.5 1.09518 0.000475337
  477 476.5 1.08129 0.000469309
  478 477.5 1.08628 0.000471476
  479 478.5 1.0782 0.000467969
  480 479.5 1.04829 0.000454986
62500000 480 5702.000000000004
  1 0.5 1.46393 0.000635385
  2 1.5 1.4673 0.000636847
  3 2.5 1.47139 0.000638625
  4 3.5 1.49895 0.000650587
  5 4.5 1.52076 0.000660052
  6 5.5 1.50293 0.000652313
  7 6.5 1.52557 0.000662139
  8 7.5 1.52349 0.000661236
  9 8.5 1.53802 0.000667542
  10 9.5 1.54065 0.000668684
  11 10.5 1.52076 0.000660052
  12 11.5 1.52315 0.00066109
  13 12.5 1.55318 0.000674122
  14 13.5 1.53411 0.000665847
  15 14.5 1.53044 0.000664253
  16 15.5 1.53795 0.000667514
  17 16.5 1.53472 0.000666111
  18 17.5 1.52949 0.00066384
  19 18.5 1.54279 0.000669615
  20 19.5 1.57934 0.000685479
  21 20.5 1.5643 0.000678951
  22 21.5 1.54354 0.000669941
  23 22.5 1.52746 0.000662962
  24 23.5 1.52801 0.000663198
  25 24.5 1.52118 0.000660233
  26 25.5 1.55636 0.000675503
  27 26.5 1.56388 0.000678767
  28 27.5 1.55501 0.000674917
  29 28.5 1.5495 0.000672528
  30 29.5 1.5449 0.000670531
  31 30.5 1.53302 0.000665372
  32 31.5 1.49175 0.000647462
  33 32.5 1.46577 0.000636184
  34 33.5 1.4315 0.000621309
  35 34.5 1.4245 0.000618274
  36 35.5 1.45361 0.000630906
  37 36.5 1.44413 0.000626792
  38 37.5 1.45746 0.000632576
  39 38.5 1.4619 0.000634503
  40 39.5 1.49328 0.000648125
  41 40.5 1.52491 0.000661854
  42 41.5 1.51821 0.000658944
  43 42.5 1.49022 0.000646799
  44 43.5 1.46794 0.000637128
  45 44.5 1.45794 0.000632785
  46 45.5 1.43924 0.00062467
  47 46.5 1.44714 0.000628101
  48 47.5 1.46563 0.000636125
  49 48.5 1.4486 0.000628733
  50 49.5 1.40994 0.000611951
  51 50.5 1.39705 0.000606358
  52 51.5 1.41517 0.000614222
  53 52.5 1.45578 0.000631847
  54 53.5 1.45652 0.00063217
  55 54.5 1.45428 0.000631198
  56 55.5 1.43498 0.000622819
  57 56.5 1.41793 0.00061542
  58 57.5 1.40461 0.000609639
  59 58.5 1.42316 0.000617691
  60 59.5 1.43486 0.000622771
  61 60.5 1.42105 0.000616774
  62 61.5 1.40286 0.000608882
  63 62.5 1.39108 0.000603767
  64 63.5 1.41243 0.000613035
  65 64.5 1.45474 0.000631399
  66 65.5 1.46056 0.000633924
  67 66.5 1.48892 0.000646233
  68 67.5 1.53839 0.000667705
  69 68.5 1.62361 0.000704691
  70 69.5 1.71834 0.000745806
  71 70.5 1.8613 0.000807858
  72 71.5 2.031 0.00088151
  73 72.5 2.26 0.000980903
  74 73.5 2.52194 0.00109459
  75 74.5 2.8333 0.00122973
  76 75.5 3.17325 0.00137728
  77 76.5 3.40162 0.0014764
  78 77.5 3.53682 0.00153508
  79 78.5 3.5209 0.00152817
  80 79.5 3.2978 0.00143134
  81 80.5 2.90724 0.00126182
  82 81.5 2.37878 0.00103245
  83 82.5 1.88804 0.000819462
  84 83.5 1.43987 0.000624944
  85 84.5 1.08382 0.00047041
  86 85.5 0.8138 0.000353212
  87 86.5 0.628312 0.000272705
  88 87.5 0.513944 0.000223066
  89 88.5 0.443832 0.000192635
  90 89.5 0.402048 0.0001745
  91 90.5 0.377776 0.000163965
  92 91.5 0.355824 0.000154438
  93 92.5 0.348448 0.000151236
  94 93.5 0.340088 0.000147608
  95 94.5 0.336648 0.000146115
  96 95.5 0.3304 0.000143403
  97 96.5 0.34136 0.00014816
  98 97.5 0.339376 0.000147299
  99 98.5 0.335936 0.000145806
  100 99.5 0.338864 0.000147076
  101 100.5 0.333392 0.000144701
  102 101.5 0.32596 0.000141476
  103 102.5 0.329104 0.00014284
  104 103.5 0.326976 0.000141917
  105 104.5 0.323664 0.000140479
  106 105.5 0.322368 0.000139917
  107 106.5 0.331648 0.000143944
  108 107.5 0.32464 0.000140903
  109 108.5 0.321328 0.000139465
  110 109.5 0.327096 0.000141969
  111 110.5 0.322536 0.00013999
  112 111.5 0.316304 0.000137285
  113 112.5 0.317056 0.000137611
  114 113.5 0.311952 0.000135396
  115 114.5 0.321056 0.000139347
  116 115.5 0.32772 0.00014224
  117 116.5 0.322456 0.000139955
  118 117.5 0.317656 0.000137872
  119 118.5 0.31196 0.000135399
  120 119.5 0.310464 0.00013475
  121 120.5 0.316504 0.000137372
  122 121.5 0.313232 0.000135951
  123 122.5 0.310464 0.00013475
  124 123.5 0.314544 0.000136521
  125 124.5 0.314056 0.000136309
  126 125.5 0.3126 0.000135677
  127 126.5 0.322968 0.000140177
  128 127.5 0.328088 0.000142399
  129 128.5 0.322368 0.000139917
  130 129.5 0.320344 0.000139038
  131 130.5 0.315832 0.00013708
  132 131.5 0.31536 0.000136875
  133 132.5 0.3158 0.000137066
  134 133.5 0.323416 0.000140372
  135 134.5 0.322744 0.00014008
  136 135.5 0.32568 0.000141354
  137 136.5 0.3222 0.000139844
  138 137.5 0.31972 0.000138767
  139 138.5 0.322736 0.000140076
  140 139.5 0.323056 0.000140215
  141 140.5 0.328888 0.000142747
  142 141.5 0.322344 0.000139906
  143 142.5 0.323624 0.000140462
  144 143.5 0.317408 0.000137764
  145 144.5 0.324944 0.000141035
  146 145.5 0.324448 0.000140819
  147 146.5 0.32692 0.000141892
  148 147.5 0.32 0.000138889
  149 148.5 0.326112 0.000141542
  150 149.5 0.318192 0.000138104
  151 150.5 0.314488 0.000136497
  152 151.5 0.316488 0.000137365
  153 152.5 0.323656 0.000140476
  154 153.5 0.317928 0.00013799
  155 154.5 0.315976 0.000137142
  156 155.5 0.320296 0.000139017
  157 156.5 0.314208 0.000136375
  158 157.5 0.32268 0.000140052
  159 158.5 0.316136 0.000137212
  160 159.5 0.318944 0.000138431
  161 160.5 0.321776 0.00013966
  162 161.5 0.31864 0.000138299
  163 162.5 0.310296 0.000134677
  164 163.5 0.308464 0.000133882
  165 164.5 0.30292 0.000131476
  166 165.5 0.310368 0.000134708
  167 166.5 0.307168 0.000133319
  168 167.5 0.309248 0.000134222
  169 168.5 0.306752 0.000133139
  170 169.5 0.311104 0.000135028
  171 170.5 0.303016 0.000131517
  172 171.5 0.309176 0.000134191
  173 172.5 0.307056 0.000133271
  174 173.5 0.306024 0.000132823
  175 174.5 0.303864 0.000131885
  176 175.5 0.298176 0.000129417
  177 176.5 0.309488 0.000134326
  178 177.5 0.306336 0.000132958
  179 178.5 0.303992 0.000131941
  180 179.5 0.299408 0.000129951
  181 180.5 0.303096 0.000131552
  182 181.5 0.306048 0.000132833
  183 182.5 0.300336 0.000130354
  184 183.5 0.298664 0.000129628
  185 184.5 0.300136 0.000130267
  186 185.5 0.303 0.00013151
  187 186.5 0.30508 0.000132413
  188 187.5 0.307328 0.000133389
  189 188.5 0.299352 0.000129927
  190 189.5 0.306296 0.000132941
  191 190.5 0.300808 0.000130559
  192 191.5 0.302728 0.000131392
  193 192.5 0.299464 0.000129976
  194 193.5 0.29324 0.000127274
  195 194.5 0.29788 0.000129288
  196 195.5 0.302728 0.000131392
  197 196.5 0.307176 0.000133323
  198 197.5 0.294432 0.000127792
  199 198.5 0.29792 0.000129306
  200 199.5 0.303944 0.00013192
  201 200.5 0.306528 0.000133042
  202 201.5 0.303192 0.000131594
  203 202.5 0.306552 0.000133052
  204 203.5 0.296496 0.000128688
  205 204.5 0.298616 0.000129608
  206 205.5 0.304896 0.000132333
  207 206.5 0.303568 0.000131757
  208 207.5 0.304248 0.000132052
  209 208.5 0.295992 0.000128469
  210 209.5 0.299528 0.000130003
  211 210.5 0.304408 0.000132122
  212 211.5 0.298888 0.000129726
  213 212.5 0.295992 0.000128469
  214 213.5 0.30308 0.000131545
  215 214.5 0.299304 0.000129906
  216 215.5 0.303688 0.000131809
  217 216.5 0.311008 0.000134986
  218 217.5 0.31096 0.000134965
  219 218.5 0.308752 0.000134007
  220 219.5 0.320504 0.000139108
  221 220.5 0.31876 0.000138351
  222 221.5 0.329208 0.000142885
  223 222.5 0.331192 0.000143747
  224 223.5 0.345856 0.000150111
  225 224.5 0.38728 0.00016809
  226 225.5 0.426008 0.000184899
  227 226.5 0.50316 0.000218385
  228 227.5 0.626216 0.000271795
  229 228.5 0.85484 0.000371024
  230 229.5 1.22906 0.000533448
  231 230.5 1.85815 0.00080649
  232 231.5 2.90812 0.0012622
  233 232.5 4.51507 0.00195967
  234 233.5 6.80342 0.00295287
  235 234.5 9.73226 0.00422407
  236 235.5 13.1908 0.00572517
  237 236.5 16.8245 0.00730232
  238 237.5 20.2873 0.00880524
  239 238.5 23.4653 0.0101846
  240 239.5 26.0772 0.0113182
  241 240.5 28.1118 0.0122013
  242 241.5 29.7182 0.0128985
  243 242.5 30.9156 0.0134182
  244 243.5 31.7852 0.0137957
  245 244.5 32.3628 0.0140463
  246 245.5 32.8546 0.0142598
  247 246.5 33.1283 0.0143786
  248 247.5 33.3955 0.0144946
  249 248.5 33.5267 0.0145515
  250 249.5 33.6193 0.0145917
  251 250.5 33.7461 0.0146467
  252 251.5 33.7328 0.014641
  253 252.5 33.7231 0.0146368
  254 253.5 33.8105 0.0146747
  255 254.5 33.8777 0.0147038
  256 255.5 33.7636 0.0146543
  257 256.5 33.942 0.0147318
  258 257.5 33.8879 0.0147083
  259 258.5 33.8843 0.0147067
  260 259.5 33.9142 0.0147197
  261 260.5 34.0158 0.0147638
  262 261.5 33.9823 0.0147493
  263 262.5 33.8962 0.0147119
  264 263.5 34.0001 0.014757
  265 264.5 33.9412 0.0147314
  266 265.5 33.9447 0.014733
  267 266.5 33.9212 0.0147227
  268 267.5 33.9288 0.0147261
  269 268.5 33.9152 0.0147201
  270 269.5 33.8426 0.0146886
  271 270.5 33.856 0.0146944
  272 271.5 33.9228 0.0147235
  273 272.5 33.8759 0.0147031
  274 273.5 33.9082 0.0147171
  275 274.5 33.9097 0.0147178
  276 275.5 33.97 0.0147439
  277 276.5 33.9097 0.0147177
  278 277.5 34.0049 0.0147591
  279 278.5 33.9473 0.0147341
  280 279.5 33.9954 0.0147549
  281 280.5 33.9211 0.0147227
  282 281.5 33.9196 0.014722
  283 282.5 33.8919 0.01471
  284 283.5 33.9315 0.0147272
  285 284.5 33.9734 0.0147454
  286 285.5 33.8378 0.0146865
  287 286.5 33.9149 0.01472
  288 287.5 33.9617 0.0147403
  289 288.5 33.8267 0.0146817
  290 289.5 33.8879 0.0147083
  291 290.5 33.9019 0.0147144
  292 291.5 33.9357 0.014729
  293 292.5 33.7806 0.0146617
  294 293.5 33.9189 0.0147217
  295 294.5 33.9186 0.0147216
  296 295.5 33.8911 0.0147097
  297 296.5 33.849 0.0146914
  298 297.5 33.9832 0.0147496
  299 298.5 33.9067 0.0147165
  300 299.5 33.871 0.0147009
  301 300.5 34.0087 0.0147607
  302 301.5 34.0595 0.0147828
  303 302.5 33.9467 0.0147338
  304 303.5 33.9395 0.0147307
  305 304.5 34.0756 0.0147898
  306 305.5 33.958 0.0147387
  307 306.5 34.0539 0.0147803
  308 307.5 33.9778 0.0147473
  309 308.5 33.9374 0.0147298
  310 309.5 33.9879 0.0147517
  311 310.5 33.9609 0.01474
  312 311.5 33.9403 0.014731
  313 312.5 33.9631 0.0147409
  314 313.5 33.9693 0.0147436
  315 314.5 33.9652 0.0147418
  316 315.5 33.9695 0.0147437
  317 316.5 33.9266 0.0147251
  318 317.5 33.997 0.0147557
  319 318.5 33.9995 0.0147567
  320 319.5 33.9331 0.0147279
  321 320.5 33.9858 0.0147508
  322 321.5 34.0323 0.0147709
  323 322.5 33.883 0.0147061
  324 323.5 33.8493 0.0146915
  325 324.5 33.8709 0.0147009
  326 325.5 33.908 0.014717
  327 326.5 33.7755 0.0146595
  328 327.5 33.8239 0.0146805
  329 328.5 33.8278 0.0146822
  330 329.5 33.8311 0.0146837
  331 330.5 33.7355 0.0146421
  332 331.5 33.872 0.0147014
  333 332.5 33.7627 0.0146539
  334 333.5 33.8201 0.0146789
  335 334.5 33.7566 0.0146513
  336 335.5 33.7976 0.0146691
  337 336.5 33.8438 0.0146891
  338 337.5 33.7888 0.0146653
  339 338.5 33.8291 0.0146827
  340 339.5 33.9198 0.0147221
  341 340.5 33.8488 0.0146913
  342 341.5 33.8329 0.0146844
  343 342.5 33.8581 0.0146954
  344 343.5 33.9043 0.0147154
  345 344.5 33.8415 0.0146882
  346 345.5 33.7958 0.0146683
  347 346.5 33.9713 0.0147445
  348 347.5 33.8972 0.0147123
  349 348.5 33.8503 0.014692
  350 349.5 33.8899 0.0147092
  351 350.5 33.9695 0.0147437
  352 351.5 33.8318 0.014684
  353 352.5 33.8032 0.0146715
  354 353.5 33.9574 0.0147385
  355 354.5 33.8934 0.0147107
  356 355.5 33.7639 0.0146545
  357 356.5 33.8657 0.0146986
  358 357.5 34.0175 0.0147645
  359 358.5 33.8825 0.0147059
  360 359.5 33.8285 0.0146825
  361 360.5 34.0335 0.0147715
  362 361.5 33.999 0.0147565
  363 362.5 33.8275 0.0146821
  364 363.5 33.9324 0.0147276
  365 364.5 33.9367 0.0147295
  366 365.5 33.7811 0.0146619
  367 366.5 33.9258 0.0147247
  368 367.5 33.8566 0.0146947
  369 368.5 33.8648 0.0146983
  370 369.5 33.8892 0.0147089
  371 370.5 33.913 0.0147192
  372 371.5 33.8963 0.0147119
  373 372.5 33.9679 0.014743
  374 373.5 33.9051 0.0147158
  375 374.5 33.8817 0.0147056
  376 375.5 33.8774 0.0147037
  377 376.5 33.788 0.014665
  378 377.5 33.8514 0.0146924
  379 378.5 33.7494 0.0146482
  380 379.5 33.7433 0.0146455
  381 380.5 33.6906 0.0146227
  382 381.5 33.7119 0.0146319
  383 382.5 33.6263 0.0145947
  384 383.5 33.4409 0.0145143
  385 384.5 33.3927 0.0144934
  386 385.5 33.3036 0.0144547
  387 386.5 32.9224 0.0142892
  388 387.5 32.632 0.0141632
  389 388.5 32.2935 0.0140163
  390 389.5 31.4589 0.013654
  391 390.5 30.5105 0.0132424
  392 391.5 29.1373 0.0126464
  393 392.5 27.3601 0.011875
  394 393.5 24.7949 0.0107617
  395 394.5 21.9866 0.00954279
  396 395.5 18.8282 0.00817197
  397 396.5 15.4665 0.00671288
  398 397.5 12.1621 0.0052787
  399 398.5 9.38324 0.00407259
  400 399.5 7.04777 0.00305893
  401 400.5 5.24262 0.00227544
  402 401.5 3.96326 0.00172016
  403 402.5 3.05908 0.00132773
  404 403.5 2.48079 0.00107673
  405 404.5 2.09836 0.000910747
  406 405.5 1.84535 0.000800934
  407 406.5 1.66903 0.000724406
  408 407.5 1.55525 0.000675021
  409 408.5 1.49186 0.000647507
  410 409.5 1.42872 0.000620104
  411 410.5 1.38999 0.000603295
  412 411.5 1.36806 0.000593774
  413 412.5 1.35682 0.000588899
  414 413.5 1.33668 0.000580156
  415 414.5 1.34831 0.000585205
  416 415.5 1.34838 0.000585233
  417 416.5 1.35892 0.000589809
  418 417.5 1.38286 0.000600201
  419 418.5 1.40346 0.000609139
  420 419.5 1.41558 0.000614403
  421 420.5 1.427 0.000619358
  422 421.5 1.4053 0.000609938
  423 422.5 1.42216 0.000617257
  424 423.5 1.40602 0.000610253
  425 424.5 1.40629 0.000610368
  426 425.5 1.3934 0.000604774
  427 426.5 1.42555 0.000618729
  428 427.5 1.4368 0.000623611
  429 428.5 1.42929 0.000620351
  430 429.5 1.43144 0.000621285
  431 430.5 1.43779 0.000624042
  432 431.5 1.44016 0.000625069
  433 432.5 1.46914 0.000637649
  434 433.5 1.51326 0.000656795
  435 434.5 1.53144 0.000664688
  436 435.5 1.55378 0.000674382
  437 436.5 1.54746 0.000671642
  438 437.5 1.58208 0.000686667
  439 438.5 1.62887 0.000706976
  440 439.5 1.62913 0.000707087
  441 440.5 1.65189 0.000716965
  442 441.5 1.6539 0.00071784
  443 442.5 1.66167 0.000721212
  444 443.5 1.65382 0.000717802
  445 444.5 1.64237 0.000712833
  446 445.5 1.66746 0.000723722
  447 446.5 1.70182 0.000738639
  448 447.5 1.70354 0.000739382
  449 448.5 1.73202 0.000751747
  450 449.5 1.72509 0.000748736
  451 450.5 1.72823 0.000750101
  452 451.5 1.71598 0.000744785
  453 452.5 1.69467 0.000735535
  454 453.5 1.67661 0.000727694
  455 454.5 1.66346 0.000721986
  456 455.5 1.65541 0.000718493
  457 456.5 1.64301 0.000713111
  458 457.5 1.67017 0.000724899
  459 458.5 1.64445 0.000713736
  460 459.5 1.62957 0.000707278
  461 460.5 1.63693 0.000710472
  462 461.5 1.6019 0.000695267
  463 462.5 1.56466 0.000679108
  464 463.5 1.55937 0.000676809
  465 464.5 1.52856 0.000663437
  466 465.5 1.50521 0.000653302
  467 466.5 1.4887 0.000646135
  468 467.5 1.47142 0.000638635
  469 468.5 1.47365 0.000639604
  470 469.5 1.4593 0.000633375
  471 470.5 1.45139 0.000629944
  472 471.5 1.45546 0.000631708
  473 472.5 1.46885 0.000637521
  474 473.5 1.4391 0.000624611
  475 474.5 1.45291 0.000630604
  476 475.5 1.46518 0.000635927
  477 476.5 1.47118 0.000638531
  478 477.5 1.46713 0.000636774
  479 478.5 1.48994 0.000646677
  480 479.5 1.484 0.000644097
65000000 480 5701.999999999998
  1 0.5 1.40922 0.000611642
  2 1.5 1.39534 0.000605618
  3 2.5 1.41345 0.000613476
  4 3.5 1.44002 0.00062501
  5 4.5 1.44482 0.000627094
  6 5.5 1.41422 0.000613809
  7 6.5 1.43001 0.000620663
  8 7.5 1.42487 0.000618434
  9 8.5 1.42331 0.000617757
  10 9.5 1.4064 0.000610417
  11 10.5 1.40158 0.000608326
  12 11.5 1.39236 0.000604323
  13 12.5 1.42064 0.000616597
  14 13.5 1.41182 0.000612767
  15 14.5 1.40923 0.000611646
  16 15.5 1.42565 0.000618771
  17 16.5 1.43402 0.000622406
  18 17.5 1.42961 0.00062049
  19 18.5 1.437 0.000623698
  20 19.5 1.44662 0.000627872
  21 20.5 1.46844 0.000637344
  22 21.5 1.48037 0.000642521
  23 22.5 1.49009 0.00064674
  24 23.5 1.46607 0.000636316
  25 24.5 1.44994 0.000629312
  26 25.5 1.46658 0.000636535
  27 26.5 1.46091 0.000634076
  28 27.5 1.44653 0.000627833
  29 28.5 1.41938 0.000616049
  30 29.5 1.43399 0.000622392
  31 30.5 1.4177 0.000615323
  32 31.5 1.40122 0.000608167
  33 32.5 1.41166 0.000612698
  34 33.5 1.39174 0.000604052
  35 34.5 1.38194 0.000599802
  36 35.5 1.36826 0.000593861
  37 36.5 1.3366 0.000580122
  38 37.5 1.33737 0.000580455
  39 38.5 1.33058 0.00057751
  40 39.5 1.31575 0.000571073
  41 40.5 1.30006 0.00056426
  42 41.5 1.29601 0.000562503
  43 42.5 1.27321 0.000552608
  44 43.5 1.288 0.000559028
  45 44.5 1.27717 0.000554326
  46 45.5 1.27418 0.000553031
  47 46.5 1.26127 0.000547427
  48 47.5 1.25315 0.000543903
  49 48.5 1.24683 0.00054116
  50 49.5 1.25609 0.000545177
  51 50.5 1.24185 0.000538997
  52 51.5 1.23858 0.000537576
  53 52.5 1.24464 0.000540208
  54 53.5 1.21542 0.000527524
  55 54.5 1.18953 0.000516288
  56 55.5 1.1948 0.000518576
  57 56.5 1.17403 0.000509563
  58 57.5 1.19724 0.000519635
  59 58.5 1.19791 0.000519927
  60 59.5 1.21256 0.000526285
  61 60.5 1.22294 0.000530788
  62 61.5 1.26225 0.000547851
  63 62.5 1.29174 0.000560653
  64 63.5 1.32116 0.00057342
  65 64.5 1.33482 0.000579351
  66 65.5 1.35727 0.000589094
  67 66.5 1.38898 0.000602858
  68 67.5 1.45392 0.000631042
  69 68.5 1.52894 0.000663601
  70 69.5 1.62405 0.000704882
  71 70.5 1.79681 0.000779865
  72 71.5 2.00334 0.000869507
  73 72.5 2.23076 0.000968212
  74 73.5 2.54767 0.00110576
  75 74.5 2.82942 0.00122805
  76 75.5 3.10219 0.00134644
  77 76.5 3.30942 0.00143638
  78 77.5 3.37481 0.00146476
  79 78.5 3.24282 0.00140747
  80 79.5 2.9424 0.00127708
  81 80.5 2.49955 0.00108487
  82 81.5 2.02667 0.000879632
  83 82.5 1.5659 0.000679642
  84 83.5 1.1743 0.000509681
  85 84.5 0.871424 0.000378222
  86 85.5 0.675856 0.00029334
  87 86.5 0.544928 0.000236514
  88 87.5 0.467448 0.000202885
  89 88.5 0.409608 0.000177781
  90 89.5 0.373016 0.000161899
  91 90.5 0.360488 0.000156462
  92 91.5 0.342512 0.00014866
  93 92.5 0.342088 0.000148476
  94 93.5 0.330184 0.000143309
  95 94.5 0.324056 0.000140649
  96 95.5 0.31684 0.000137517
  97 96.5 0.3214 0.000139497
  98 97.5 0.32044 0.00013908
  99 98.5 0.31296 0.000135833
  100 99.5 0.314016 0.000136292
  101 100.5 0.318392 0.000138191
  102 101.5 0.328328 0.000142503
  103 102.5 0.321656 0.000139608
  104 103.5 0.325464 0.00014126
  105 104.5 0.328032 0.000142375
  106 105.5 0.328072 0.000142392
  107 106.5 0.320424 0.000139073
  108 107.5 0.323584 0.000140444
  109 108.5 0.323336 0.000140337
  110 109.5 0.32588 0.000141441
  111 110.5 0.32492 0.000141024
  112 111.5 0.326056 0.000141517
  113 112.5 0.327256 0.000142038
  114 113.5 0.32564 0.000141337
  115 114.5 0.31996 0.000138872
  116 115.5 0.31104 0.000135
  117 116.5 0.318096 0.000138063
  118 117.5 0.313536 0.000136083
  119 118.5 0.323744 0.000140514
  120 119.5 0.323952 0.000140604
  121 120.5 0.321112 0.000139372
  122 121.5 0.3246 0.000140885
  123 122.5 0.316472 0.000137358
  124 123.5 0.317272 0.000137705
  125 124.5 0.321264 0.000139437
  126 125.5 0.322744 0.00014008
  127 126.5 0.325072 0.00014109
  128 127.5 0.311448 0.000135177
  129 128.5 0.30684 0.000133177
  130 129.5 0.315912 0.000137115
  131 130.5 0.32012 0.000138941
  132 131.5 0.315936 0.000137125
  133 132.5 0.321352 0.000139476
  134 133.5 0.324944 0.000141035
  135 134.5 0.323912 0.000140587
  136 135.5 0.32996 0.000143212
  137 136.5 0.321064 0.000139351
  138 137.5 0.31884 0.000138385
  139 138.5 0.32288 0.000140139
  140 139.5 0.3176 0.000137847
  141 140.5 0.319376 0.000138618
  142 141.5 0.31624 0.000137257
  143 142.5 0.324432 0.000140812
  144 143.5 0.331232 0.000143764
  145 144.5 0.324888 0.00014101
  146 145.5 0.334952 0.000145378
  147 146.5 0.324832 0.000140986
  148 147.5 0.317896 0.000137976
  149 148.5 0.318464 0.000138222
  150 149.5 0.31352 0.000136076
  151 150.5 0.318704 0.000138326
  152 151.5 0.32516 0.000141128
  153 152.5 0.329144 0.000142858
  154 153.5 0.31992 0.000138854
  155 154.5 0.313592 0.000136108
  156 155.5 0.316064 0.000137181
  157 156.5 0.317384 0.000137753
  158 157.5 0.3176 0.000137847
  159 158.5 0.31432 0.000136424
  160 159.5 0.3144 0.000136458
  161 160.5 0.317536 0.000137819
  162 161.5 0.321528 0.000139552
  163 162.5 0.31248 0.000135625
  164 163.5 0.31328 0.000135972
  165 164.5 0.311936 0.000135389
  166 165.5 0.305616 0.000132646
  167 166.5 0.31092 0.000134948
  168 167.5 0.317888 0.000137972
  169 168.5 0.31532 0.000136858
  170 169.5 0.310776 0.000134885
  171 170.5 0.317824 0.000137944
  172 171.5 0.316072 0.000137184
  173 172.5 0.316808 0.000137503
  174 173.5 0.32076 0.000139219
  175 174.5 0.321024 0.000139333
  176 175.5 0.31636 0.000137309
  177 176.5 0.31648 0.000137361
  178 177.5 0.321736 0.000139642
  179 178.5 0.31876 0.000138351
  180 179.5 0.319416 0.000138635
  181 180.5 0.320744 0.000139212
  182 181.5 0.318536 0.000138253
  183 182.5 0.311024 0.000134993
  184 183.5 0.301256 0.000130753
  185 184.5 0.301896 0.000131031
  186 185.5 0.310488 0.00013476
  187 186.5 0.309824 0.000134472
  188 187.5 0.313848 0.000136219
  189 188.5 0.312288 0.000135542
  190 189.5 0.31448 0.000136493
  191 190.5 0.310856 0.00013492
  192 191.5 0.308576 0.000133931
  193 192.5 0.305016 0.000132385
  194 193.5 0.295 0.000128038
  195 194.5 0.30428 0.000132066
  196 195.5 0.3098 0.000134462
  197 196.5 0.31192 0.000135382
  198 197.5 0.315008 0.000136722
  199 198.5 0.316904 0.000137545
  200 199.5 0.315456 0.000136917
  201 200.5 0.322528 0.000139986
  202 201.5 0.319056 0.000138479
  203 202.5 0.309632 0.000134389
  204 203.5 0.31916 0.000138524
  205 204.5 0.323392 0.000140361
  206 205.5 0.320512 0.000139111
  207 206.5 0.318312 0.000138156
  208 207.5 0.322528 0.000139986
  209 208.5 0.31872 0.000138333
  210 209.5 0.321184 0.000139403
  211 210.5 0.32204 0.000139774
  212 211.5 0.328024 0.000142372
  213 212.5 0.323528 0.00014042
  214 213.5 0.314872 0.000136663
  215 214.5 0.320224 0.000138986
  216 215.5 0.324416 0.000140806
  217 216.5 0.319512 0.000138677
  218 217.5 0.316744 0.000137476
  219 218.5 0.314792 0.000136628
  220 219.5 0.320944 0.000139299
  221 220.5 0.317784 0.000137927
  222 221.5 0.330848 0.000143597
  223 222.5 0.34952 0.000151701
  224 223.5 0.3736 0.000162153
  225 224.5 0.411184 0.000178465
  226 225.5 0.453224 0.000196712
  227 226.5 0.545152 0.000236611
  228 227.5 0.697512 0.00030274
  229 228.5 0.965976 0.00041926
  230 229.5 1.43402 0.000622403
  231 230.5 2.1905 0.00095074
  232 231.5 3.3342 0.00144714
  233 232.5 5.12842 0.00222588
  234 233.5 7.56037 0.00328141
  235 234.5 10.5915 0.00459701
  236 235.5 13.9613 0.0060596
  237 236.5 17.5699 0.00762582
  238 237.5 20.9102 0.0090756
  239 238.5 23.8251 0.0103408
  240 239.5 26.2746 0.0114039
  241 240.5 28.2974 0.0122818
  242 241.5 29.7297 0.0129035
  243 242.5 30.8431 0.0133867
  244 243.5 31.7228 0.0137686
  245 244.5 32.2567 0.0140003
  246 245.5 32.7383 0.0142093
  247 246.5 32.951 0.0143016
  248 247.5 33.2453 0.0144294
  249 248.5 33.3473 0.0144737
  250 249.5 33.5675 0.0145692
  251 250.5 33.5912 0.0145795
  252 251.5 33.6238 0.0145937
  253 252.5 33.6969 0.0146254
  254 253.5 33.7638 0.0146544
  255 254.5 33.7311 0.0146402
  256 255.5 33.8042 0.0146719
  257 256.5 33.8207 0.0146791
  258 257.5 33.7878 0.0146648
  259 258.5 33.8763 0.0147032
  260 259.5 33.903 0.0147148
  261 260.5 33.8591 0.0146958
  262 261.5 33.8879 0.0147083
  263 262.5 33.9334 0.014728
  264 263.5 33.9504 0.0147354
  265 264.5 33.8749 0.0147027
  266 265.5 33.8817 0.0147056
  267 266.5 33.8829 0.0147061
  268 267.5 33.9782 0.0147475
  269 268.5 33.9121 0.0147188
  270 269.5 33.9392 0.0147306
  271 270.5 33.8877 0.0147082
  272 271.5 34.0162 0.014764
  273 272.5 33.9816 0.014749
  274 273.5 33.9064 0.0147163
  275 274.5 34.021 0.014766
  276 275.5 34.0519 0.0147795
  277 276.5 33.9767 0.0147468
  278 277.5 34.0074 0.0147601
  279 278.5 34.035 0.0147721
  280 279.5 34.1161 0.0148073
  281 280.5 34.0271 0.0147687
  282 281.5 34.0943 0.0147979
  283 282.5 34.0769 0.0147903
  284 283.5 34.0884 0.0147953
  285 284.5 34.0607 0.0147833
  286 285.5 34.0538 0.0147803
  287 286.5 34.1134 0.0148062
  288 287.5 34.0789 0.0147912
  289 288.5 33.9668 0.0147425
  290 289.5 34.1045 0.0148023
  291 290.5 34.0108 0.0147616
  292 291.5 34.0016 0.0147576
  293 292.5 33.9621 0.0147405
  294 293.5 34.0334 0.0147714
  295 294.5 33.9446 0.0147329
  296 295.5 33.9349 0.0147287
  297 296.5 33.9439 0.0147326
  298 297.5 33.9295 0.0147263
  299 298.5 33.8864 0.0147076
  300 299.5 33.787 0.0146645
  301 300.5 33.9142 0.0147197
  302 301.5 33.8602 0.0146963
  303 302.5 33.7651 0.014655
  304 303.5 33.8043 0.014672
  305 304.5 33.9116 0.0147186
  306 305.5 33.8883 0.0147085
  307 306.5 33.7924 0.0146668
  308 307.5 33.8507 0.0146922
  309 308.5 33.9158 0.0147204
  310 309.5 33.7356 0.0146422
  311 310.5 33.7459 0.0146466
  312 311.5 33.793 0.0146671
  313 312.5 33.7833 0.0146629
  314 313.5 33.6504 0.0146052
  315 314.5 33.7492 0.0146481
  316 315.5 33.7932 0.0146672
  317 316.5 33.7472 0.0146472
  318 317.5 33.6278 0.0145954
  319 318.5 33.7784 0.0146608
  320 319.5 33.7008 0.0146271
  321 320.5 33.7895 0.0146656
  322 321.5 33.7463 0.0146468
  323 322.5 33.7104 0.0146313
  324 323.5 33.7977 0.0146691
  325 324.5 33.7982 0.0146693
  326 325.5 33.7086 0.0146305
  327 326.5 33.7236 0.014637
  328 327.5 33.7612 0.0146533
  329 328.5 33.7555 0.0146508
  330 329.5 33.705 0.0146289
  331 330.5 33.777 0.0146601
  332 331.5 33.8413 0.0146881
  333 332.5 33.7079 0.0146302
  334 333.5 33.7656 0.0146552
  335 334.5 33.8834 0.0147063
  336 335.5 33.8306 0.0146834
  337 336.5 33.8168 0.0146774
  338 337.5 33.8719 0.0147013
  339 338.5 33.8963 0.0147119
  340 339.5 33.9519 0.0147361
  341 340.5 33.8324 0.0146842
  342 341.5 33.8833 0.0147063
  343 342.5 34.001 0.0147574
  344 343.5 33.9534 0.0147367
  345 344.5 33.8378 0.0146866
  346 345.5 33.9977 0.0147559
  347 346.5 33.9812 0.0147488
  348 347.5 33.9019 0.0147144
  349 348.5 33.955 0.0147374
  350 349.5 33.9368 0.0147295
  351 350.5 33.93 0.0147266
  352 351.5 33.9386 0.0147303
  353 352.5 33.9849 0.0147504
  354 353.5 34.0235 0.0147672
  355 354.5 34.0003 0.0147571
  356 355.5 33.9644 0.0147415
  357 356.5 34.1118 0.0148055
  358 357.5 34.0053 0.0147593
  359 358.5 33.9574 0.0147385
  360 359.5 33.9578 0.0147386
  361 360.5 33.9745 0.0147459
  362 361.5 33.9612 0.0147401
  363 362.5 33.8321 0.0146841
  364 363.5 33.8999 0.0147135
  365 364.5 34.0216 0.0147663
  366 365.5 33.801 0.0146706
  367 366.5 33.8766 0.0147034
  368 367.5 34.017 0.0147643
  369 368.5 33.9138 0.0147195
  370 369.5 33.8706 0.0147008
  371 370.5 33.9229 0.0147235
  372 371.5 33.9152 0.0147202
  373 372.5 33.9014 0.0147142
  374 373.5 33.8955 0.0147116
  375 374.5 33.8946 0.0147112
  376 375.5 33.9257 0.0147247
  377 376.5 33.8431 0.0146889
  378 377.5 33.8012 0.0146707
  379 378.5 33.8873 0.014708
  380 379.5 33.8203 0.014679
  381 380.5 33.6411 0.0146012
  382 381.5 33.737 0.0146428
  383 382.5 33.6521 0.0146059
  384 383.5 33.5882 0.0145782
  385 384.5 33.4546 0.0145202
  386 385.5 33.4161 0.0145035
  387 386.5 33.2253 0.0144207
  388 387.5 32.8371 0.0142522
  389 388.5 32.5156 0.0141127
  390 389.5 31.9132 0.0138512
  391 390.5 31.0536 0.0134781
  392 391.5 29.8222 0.0129437
  393 392.5 28.2489 0.0122608
  394 393.5 26.0653 0.011313
  395 394.5 23.3757 0.0101457
  396 395.5 20.2826 0.0088032
  397 396.5 16.969 0.00736501
  398 397.5 13.7112 0.00595105
  399 398.5 10.6888 0.00463924
  400 399.5 8.16709 0.00354474
  401 400.5 6.09976 0.00264747
  402 401.5 4.55524 0.0019771
  403 402.5 3.45587 0.00149994
  404 403.5 2.73038 0.00118506
  405 404.5 2.20338 0.000956326
  406 405.5 1.88798 0.000819434
  407 406.5 1.67772 0.000728177
  408 407.5 1.53425 0.000665906
  409 408.5 1.4323 0.00062166
  410 409.5 1.39577 0.000605802
  411 410.5 1.35092 0.000586337
  412 411.5 1.32594 0.000575493
  413 412.5 1.30638 0.000567007
  414 413.5 1.27477 0.000553285
  415 414.5 1.22188 0.00053033
  416 415.5 1.19221 0.000517451
  417 416.5 1.18114 0.000512646
  418 417.5 1.15518 0.000501382
  419 418.5 1.16369 0.000505073
  420 419.5 1.17233 0.000508823
  421 420.5 1.20362 0.000522403
  422 421.5 1.23574 0.000536347
  423 422.5 1.23265 0.000535003
  424 423.5 1.27063 0.00055149
  425 424.5 1.30488 0.000566354
  426 425.5 1.30657 0.000567087
  427 426.5 1.34354 0.000583132
  428 427.5 1.36951 0.000594406
  429 428.5 1.37158 0.000595306
  430 429.5 1.36811 0.000593799
  431 430.5 1.38072 0.000599271
  432 431.5 1.40711 0.000610726
  433 432.5 1.4415 0.000625653
  434 433.5 1.44306 0.000626326
  435 434.5 1.44469 0.000627035
  436 435.5 1.47327 0.000639441
  437 436.5 1.47668 0.00064092
  438 437.5 1.47614 0.000640687
  439 438.5 1.47425 0.000639865
  440 439.5 1.49503 0.000648885
  441 440.5 1.49587 0.00064925
  442 441.5 1.50026 0.000651156
  443 442.5 1.49872 0.000650486
  444 443.5 1.50802 0.000654524
  445 444.5 1.51341 0.000656861
  446 445.5 1.4877 0.000645705
  447 446.5 1.45542 0.000631691
  448 447.5 1.44097 0.00062542
  449 448.5 1.44618 0.000627684
  450 449.5 1.46106 0.000634142
  451 450.5 1.44488 0.000627118
  452 451.5 1.45792 0.000632778
  453 452.5 1.45746 0.000632576
  454 453.5 1.4441 0.000626778
  455 454.5 1.44307 0.000626333
  456 455.5 1.43376 0.000622292
  457 456.5 1.44434 0.000626882
  458 457.5 1.45523 0.000631611
  459 458.5 1.45292 0.000630608
  460 459.5 1.45777 0.000632712
  461 460.5 1.45297 0.000630628
  462 461.5 1.44178 0.000625774
  463 462.5 1.42991 0.000620622
  464 463.5 1.43926 0.000624677
  465 464.5 1.45843 0.000633
  466 465.5 1.46394 0.000635389
  467 466.5 1.47402 0.000639764
  468 467.5 1.47606 0.000640653
  469 468.5 1.48457 0.000644344
  470 469.5 1.48838 0.000645997
  471 470.5 1.46906 0.000637611
  472 471.5 1.46773 0.000637035
  473 472.5 1.45176 0.000630104
  474 473.5 1.48142 0.000642976
  475 474.5 1.4853 0.000644663
  476 475.5 1.47458 0.000640007
  477 476.5 1.46135 0.000634267
  478 477.5 1.4631 0.000635024
  479 478.5 1.43632 0.000623403
  480 479.5 1.42626 0.000619038
67500000 480 5701.999999999996
  1 0.5 1.2924 0.000560938
  2 1.5 1.29785 0.000563302
  3 2.5 1.29063 0.00056017
  4 3.5 1.28835 0.000559181
  5 4.5 1.2643 0.000548743
  6 5.5 1.25535 0.000544858
  7 6.5 1.2515 0.000543184
  8 7.5 1.27013 0.000551271
  9 8.5 1.28334 0.000557003
  10 9.5 1.26782 0.000550267
  11 10.5 1.24736 0.000541389
  12 11.5 1.26731 0.000550049
  13 12.5 1.25 0.000542535
  14 13.5 1.24431 0.000540066
  15 14.5 1.23965 0.000538042
  16 15.5 1.22706 0.00053258
  17 16.5 1.24151 0.000538851
  18 17.5 1.23198 0.000534715
  19 18.5 1.24004 0.000538212
  20 19.5 1.25434 0.00054442
  21 20.5 1.24786 0.000541608
  22 21.5 1.24186 0.000539
  23 22.5 1.2251 0.000531729
  24 23.5 1.23738 0.000537059
  25 24.5 1.2218 0.000530295
  26 25.5 1.24648 0.000541007
  27 26.5 1.24093 0.000538597
  28 27.5 1.24705 0.000541253
  29 28.5 1.2553 0.000544833
  30 29.5 1.27878 0.000555024
  31 30.5 1.27068 0.00055151
  32 31.5 1.25212 0.000543455
  33 32.5 1.23934 0.00053791
  34 33.5 1.23934 0.00053791
  35 34.5 1.25486 0.000544642
  36 35.5 1.26451 0.000548833
  37 36.5 1.26543 0.000549233
  38 37.5 1.24417 0.000540003
  39 38.5 1.25238 0.000543566
  40 39.5 1.24266 0.000539347
  41 40.5 1.22673 0.000532434
  42 41.5 1.21746 0.000528413
  43 42.5 1.21427 0.000527028
  44 43.5 1.21921 0.00052917
  45 44.5 1.21548 0.000527552
  46 45.5 1.21752 0.000528438
  47 46.5 1.20619 0.000523521
  48 47.5 1.20159 0.000521524
  49 48.5 1.19486 0.000518604
  50 49.5 1.1833 0.000513583
  51 50.5 1.17776 0.000511181
  52 51.5 1.17985 0.000512087
  53 52.5 1.14874 0.000498587
  54 53.5 1.12544 0.000488472
  55 54.5 1.10781 0.000480819
  56 55.5 1.11218 0.000482719
  57 56.5 1.13491 0.000492583
  58 57.5 1.1407 0.000495097
  59 58.5 1.14092 0.000495191
  60 59.5 1.14842 0.000498448
  61 60.5 1.15837 0.000502764
  62 61.5 1.16566 0.000505931
  63 62.5 1.20653 0.000523667
  64 63.5 1.23049 0.000534066
  65 64.5 1.24323 0.000539597
  66 65.5 1.25026 0.000542649
  67 66.5 1.29558 0.000562319
  68 67.5 1.36141 0.000590889
  69 68.5 1.43041 0.000620837
  70 69.5 1.51284 0.000656615
  71 70.5 1.6334 0.000708941
  72 71.5 1.83347 0.000795778
  73 72.5 2.01406 0.000874156
  74 73.5 2.25115 0.000977063
  75 74.5 2.54733 0.00110561
  76 75.5 2.83182 0.00122909
  77 76.5 3.07458 0.00133445
  78 77.5 3.20926 0.00139291
  79 78.5 3.19819 0.0013881
  80 79.5 2.98416 0.00129521
  81 80.5 2.63054 0.00114173
  82 81.5 2.19448 0.000952465
  83 82.5 1.72378 0.00074817
  84 83.5 1.31344 0.000570069
  85 84.5 0.99204 0.000430573
  86 85.5 0.74948 0.000325295
  87 86.5 0.579936 0.000251708
  88 87.5 0.475752 0.00020649
  89 88.5 0.41116 0.000178455
  90 89.5 0.365 0.00015842
  91 90.5 0.335656 0.000145684
  92 91.5 0.320272 0.000139007
  93 92.5 0.30892 0.00013408
  94 93.5 0.302528 0.000131306
  95 94.5 0.293928 0.000127573
  96 95.5 0.295048 0.000128059
  97 96.5 0.297504 0.000129125
  98 97.5 0.294112 0.000127653
  99 98.5 0.295192 0.000128122
  100 99.5 0.29828 0.000129462
  101 100.5 0.299608 0.000130038
  102 101.5 0.297936 0.000129313
  103 102.5 0.298984 0.000129767
  104 103.5 0.296288 0.000128597
  105 104.5 0.301792 0.000130986
  106 105.5 0.29776 0.000129236
  107 106.5 0.296976 0.000128896
  108 107.5 0.28724 0.00012467
  109 108.5 0.289344 0.000125583
  110 109.5 0.303216 0.000131604
  111 110.5 0.28996 0.000125851
  112 111.5 0.292728 0.000127052
  113 112.5 0.29152 0.000126528
  114 113.5 0.2922 0.000126823
  115 114.5 0.290688 0.000126167
  116 115.5 0.291976 0.000126726
  117 116.5 0.292064 0.000126764
  118 117.5 0.294504 0.000127823
  119 118.5 0.298288 0.000129465
  120 119.5 0.305768 0.000132712
  121 120.5 0.298896 0.000129729
  122 121.5 0.292384 0.000126903
  123 122.5 0.300488 0.00013042
  124 123.5 0.297968 0.000129326
  125 124.5 0.30236 0.000131233
  126 125.5 0.301408 0.000130819
  127 126.5 0.29988 0.000130156
  128 127.5 0.298064 0.000129368
  129 128.5 0.295824 0.000128396
  130 129.5 0.305112 0.000132427
  131 130.5 0.30496 0.000132361
  132 131.5 0.301352 0.000130795
  133 132.5 0.3052 0.000132465
  134 133.5 0.302056 0.000131101
  135 134.5 0.300328 0.000130351
  136 135.5 0.294736 0.000127924
  137 136.5 0.28716 0.000124635
  138 137.5 0.29944 0.000129965
  139 138.5 0.299728 0.00013009
  140 139.5 0.292344 0.000126885
  141 140.5 0.298368 0.0001295
  142 141.5 0.303336 0.000131656
  143 142.5 0.308264 0.000133795
  144 143.5 0.29712 0.000128958
  145 144.5 0.28744 0.000124757
  146 145.5 0.290848 0.000126236
  147 146.5 0.292648 0.000127017
  148 147.5 0.296064 0.0001285
  149 148.5 0.303632 0.000131785
  150 149.5 0.303712 0.000131819
  151 150.5 0.295288 0.000128163
  152 151.5 0.297408 0.000129083
  153 152.5 0.29548 0.000128247
  154 153.5 0.292344 0.000126885
  155 154.5 0.286304 0.000124264
  156 155.5 0.285816 0.000124052
  157 156.5 0.285944 0.000124108
  158 157.5 0.2866 0.000124392
  159 158.5 0.286352 0.000124285
  160 159.5 0.293736 0.00012749
  161 160.5 0.297208 0.000128997
  162 161.5 0.303728 0.000131826
  163 162.5 0.295008 0.000128042
  164 163.5 0.291888 0.000126688
  165 164.5 0.295504 0.000128257
  166 165.5 0.296984 0.000128899
  167 166.5 0.29664 0.00012875
  168 167.5 0.303616 0.000131778
  169 168.5 0.305608 0.000132642
  170 169.5 0.300576 0.000130458
  171 170.5 0.297656 0.000129191
  172 171.5 0.30744 0.000133438
  173 172.5 0.299784 0.000130115
  174 173.5 0.301216 0.000130736
  175 174.5 0.302008 0.00013108
  176 175.5 0.29404 0.000127622
  177 176.5 0.29724 0.00012901
  178 177.5 0.29636 0.000128628
  179 178.5 0.303312 0.000131646
  180 179.5 0.300928 0.000130611
  181 180.5 0.307336 0.000133392
  182 181.5 0.296368 0.000128632
  183 182.5 0.295544 0.000128274
  184 183.5 0.295272 0.000128156
  185 184.5 0.304992 0.000132375
  186 185.5 0.29692 0.000128872
  187 186.5 0.293168 0.000127243
  188 187.5 0.303576 0.00013176
  189 188.5 0.304888 0.00013233
  190 189.5 0.306872 0.000133191
  191 190.5 0.3072 0.000133333
  192 191.5 0.309656 0.000134399
  193 192.5 0.309136 0.000134174
  194 193.5 0.31376 0.000136181
  195 194.5 0.306376 0.000132976
  196 195.5 0.297552 0.000129146
  197 196.5 0.305584 0.000132632
  198 197.5 0.304584 0.000132198
  199 198.5 0.306936 0.000133219
  200 199.5 0.305832 0.00013274
  201 200.5 0.311696 0.000135285
  202 201.5 0.315464 0.00013692
  203 202.5 0.308144 0.000133743
  204 203.5 0.308464 0.000133882
  205 204.5 0.31164 0.00013526
  206 205.5 0.30644 0.000133003
  207 206.5 0.2998 0.000130122
  208 207.5 0.292792 0.00012708
  209 208.5 0.29528 0.00012816
  210 209.5 0.296344 0.000128622
  211 210.5 0.295528 0.000128267
  212 211.5 0.302816 0.000131431
  213 212.5 0.29928 0.000129896
  214 213.5 0.294912 0.000128
  215 214.5 0.303584 0.000131764
  216 215.5 0.29548 0.000128247
  217 216.5 0.29288 0.000127118
  218 217.5 0.305184 0.000132458
  219 218.5 0.306528 0.000133042
  220 219.5 0.308968 0.000134101
  221 220.5 0.313944 0.00013626
  222 221.5 0.313032 0.000135865
  223 222.5 0.327208 0.000142017
  224 223.5 0.344328 0.000149448
  225 224.5 0.378728 0.000164378
  226 225.5 0.415944 0.000180531
  227 226.5 0.475984 0.00020659
  228 227.5 0.596368 0.00025884
  229 228.5 0.790704 0.000343188
  230 229.5 1.12566 0.000488566
  231 230.5 1.69536 0.000735833
  232 231.5 2.64092 0.00114623
  233 232.5 4.13399 0.00179427
  234 233.5 6.29815 0.00273357
  235 234.5 9.17885 0.00398387
  236 235.5 12.5878 0.00546346
  237 236.5 16.2415 0.00704926
  238 237.5 19.9275 0.00864907
  239 238.5 23.2282 0.0100817
  240 239.5 25.8512 0.0112202
  241 240.5 27.9993 0.0121525
  242 241.5 29.6032 0.0128486
  243 242.5 30.8694 0.0133982
  244 243.5 31.7341 0.0137735
  245 244.5 32.2818 0.0140112
  246 245.5 32.8562 0.0142605
  247 246.5 33.1041 0.0143681
  248 247.5 33.3147 0.0144595
  249 248.5 33.5336 0.0145545
  250 249.5 33.7248 0.0146375
  251 250.5 33.744 0.0146458
  252 251.5 33.8383 0.0146868
  253 252.5 33.9078 0.0147169
  254 253.5 33.921 0.0147227
  255 254.5 33.8915 0.0147099
  256 255.5 33.9214 0.0147228
  257 256.5 33.975 0.0147461
  258 257.5 34.0433 0.0147757
  259 258.5 34.0095 0.0147611
  260 259.5 34.0832 0.0147931
  261 260.5 34.0829 0.0147929
  262 261.5 34.0307 0.0147703
  263 262.5 34.0849 0.0147938
  264 263.5 34.0709 0.0147877
  265 264.5 34.0329 0.0147712
  266 265.5 34.0194 0.0147654
  267 266.5 34.0474 0.0147775
  268 267.5 34.0346 0.014772
  269 268.5 33.9787 0.0147477
  270 269.5 33.9699 0.0147439
  271 270.5 34.0492 0.0147783
  272 271.5 33.9611 0.01474
  273 272.5 33.9113 0.0147185
  274 273.5 33.9068 0.0147165
  275 274.5 33.9728 0.0147451
  276 275.5 33.9824 0.0147493
  277 276.5 33.8712 0.0147011
  278 277.5 33.9471 0.014734
  279 278.5 33.951 0.0147357
  280 279.5 33.9921 0.0147535
  281 280.5 33.888 0.0147084
  282 281.5 33.9876 0.0147516
  283 282.5 33.9251 0.0147244
  284 283.5 33.9768 0.0147469
  285 284.5 33.8756 0.014703
  286 285.5 33.9279 0.0147257
  287 286.5 33.8821 0.0147058
  288 287.5 33.921 0.0147227
  289 288.5 33.8809 0.0147052
  290 289.5 33.8315 0.0146838
  291 290.5 33.8708 0.0147009
  292 291.5 33.8679 0.0146996
  293 292.5 33.8698 0.0147005
  294 293.5 33.8518 0.0146926
  295 294.5 33.7647 0.0146548
  296 295.5 33.8174 0.0146777
  297 296.5 33.8194 0.0146785
  298 297.5 33.773 0.0146584
  299 298.5 33.7061 0.0146294
  300 299.5 33.7699 0.0146571
  301 300.5 33.7585 0.0146521
  302 301.5 33.7802 0.0146615
  303 302.5 33.7926 0.0146669
  304 303.5 33.8634 0.0146977
  305 304.5 33.7795 0.0146612
  306 305.5 33.8006 0.0146704
  307 306.5 33.819 0.0146784
  308 307.5 33.7997 0.01467
  309 308.5 33.7332 0.0146411
  310 309.5 33.6405 0.0146009
  311 310.5 33.7243 0.0146373
  312 311.5 33.725 0.0146376
  313 312.5 33.6909 0.0146228
  314 313.5 33.6139 0.0145894
  315 314.5 33.6476 0.014604
  316 315.5 33.6746 0.0146157
  317 316.5 33.6427 0.0146019
  318 317.5 33.6005 0.0145835
  319 318.5 33.606 0.0145859
  320 319.5 33.6673 0.0146125
  321 320.5 33.5844 0.0145766
  322 321.5 33.634 0.0145981
  323 322.5 33.6991 0.0146263
  324 323.5 33.7118 0.0146319
  325 324.5 33.6449 0.0146028
  326 325.5 33.7706 0.0146574
  327 326.5 33.6593 0.0146091
  328 327.5 33.6979 0.0146258
  329 328.5 33.7717 0.0146579
  330 329.5 33.7286 0.0146391
  331 330.5 33.6918 0.0146232
  332 331.5 33.8151 0.0146767
  333 332.5 33.7627 0.0146539
  334 333.5 33.7673 0.0146559
  335 334.5 33.8568 0.0146948
  336 335.5 33.844 0.0146892
  337 336.5 33.8037 0.0146718
  338 337.5 33.8285 0.0146825
  339 338.5 33.9004 0.0147137
  340 339.5 33.8218 0.0146796
  341 340.5 33.8268 0.0146818
  342 341.5 33.864 0.0146979
  343 342.5 33.9122 0.0147188
  344 343.5 33.8224 0.0146799
  345 344.5 33.8588 0.0146956
  346 345.5 33.9455 0.0147333
  347 346.5 33.937 0.0147296
  348 347.5 33.9094 0.0147176
  349 348.5 33.9819 0.0147491
  350 349.5 33.9909 0.014753
  351 350.5 33.9888 0.0147521
  352 351.5 33.9527 0.0147364
  353 352.5 33.9458 0.0147334
  354 353.5 33.9277 0.0147255
  355 354.5 33.9979 0.014756
  356 355.5 33.9901 0.0147527
  357 356.5 33.8476 0.0146908
  358 357.5 33.9378 0.01473
  359 358.5 34.0131 0.0147626
  360 359.5 33.9279 0.0147256
  361 360.5 33.8706 0.0147008
  362 361.5 33.935 0.0147287
  363 362.5 33.9432 0.0147323
  364 363.5 33.9791 0.0147479
  365 364.5 33.9458 0.0147334
  366 365.5 34.0302 0.0147701
  367 366.5 33.8884 0.0147085
  368 367.5 33.953 0.0147366
  369 368.5 33.9232 0.0147236
  370 369.5 33.8996 0.0147134
  371 370.5 33.9331 0.0147279
  372 371.5 33.9346 0.0147285
  373 372.5 33.9163 0.0147206
  374 373.5 33.8294 0.0146829
  375 374.5 33.9106 0.0147181
  376 375.5 33.9585 0.0147389
  377 376.5 33.8636 0.0146977
  378 377.5 33.795 0.014668
  379 378.5 33.909 0.0147174
  380 379.5 33.9443 0.0147328
  381 380.5 33.8218 0.0146796
  382 381.5 33.7732 0.0146585
  383 382.5 33.8657 0.0146986
  384 383.5 33.8578 0.0146952
  385 384.5 33.6376 0.0145996
  386 385.5 33.5876 0.0145779
  387 386.5 33.5197 0.0145485
  388 387.5 33.296 0.0144514
  389 388.5 32.9691 0.0143095
  390 389.5 32.6084 0.014153
  391 390.5 32.0219 0.0138984
  392 391.5 31.1711 0.0135291
  393 392.5 29.9594 0.0130032
  394 393.5 28.5042 0.0123716
  395 394.5 26.4621 0.0114853
  396 395.5 23.9034 0.0103748
  397 396.5 20.9936 0.0091118
  398 397.5 17.7657 0.0077108
  399 398.5 14.4222 0.00625962
  400 399.5 11.2779 0.00489493
  401 400.5 8.57668 0.00372252
  402 401.5 6.39145 0.00277407
  403 402.5 4.74653 0.00206012
  404 403.5 3.58572 0.0015563
  405 404.5 2.75102 0.00119402
  406 405.5 2.20429 0.000956722
  407 406.5 1.87321 0.000813024
  408 407.5 1.66243 0.000721542
  409 408.5 1.50354 0.00065258
  410 409.5 1.41246 0.000613049
  411 410.5 1.33913 0.000581219
  412 411.5 1.29722 0.000563028
  413 412.5 1.27488 0.000553333
  414 413.5 1.23716 0.000536962
  415 414.5 1.23912 0.000537812
  416 415.5 1.23965 0.000538042
  417 416.5 1.24494 0.00054034
  418 417.5 1.23819 0.00053741
  419 418.5 1.23038 0.000534017
  420 419.5 1.19536 0.000518819
  421 420.5 1.18467 0.000514181
  422 421.5 1.1898 0.000516406
  423 422.5 1.16148 0.000504115
  424 423.5 1.15917 0.000503111
  425 424.5 1.1683 0.000507076
  426 425.5 1.18565 0.000514604
  427 426.5 1.18314 0.000513514
  428 427.5 1.1745 0.000509767
  429 428.5 1.18452 0.000514115
  430 429.5 1.20182 0.000521625
  431 430.5 1.22762 0.000532819
  432 431.5 1.22089 0.000529899
  433 432.5 1.2163 0.00052791
  434 433.5 1.21393 0.000526878
  435 434.5 1.2062 0.000523524
  436 435.5 1.18814 0.000515687
  437 436.5 1.17708 0.000510885
  438 437.5 1.16421 0.000505299
  439 438.5 1.1527 0.000500302
  440 439.5 1.15477 0.000501201
  441 440.5 1.16583 0.000506003
  442 441.5 1.15911 0.000503087
  443 442.5 1.16657 0.000506323
  444 443.5 1.16857 0.000507191
  445 444.5 1.15058 0.000499385
  446 445.5 1.1645 0.000505427
  447 446.5 1.17755 0.00051109
  448 447.5 1.19541 0.00051884
  449 448.5 1.22318 0.000530896
  450 449.5 1.21842 0.00052883
  451 450.5 1.21497 0.00052733
  452 451.5 1.21637 0.000527937
  453 452.5 1.20889 0.000524691
  454 453.5 1.21397 0.000526896
  455 454.5 1.23193 0.000534691
  456 455.5 1.2271 0.000532594
  457 456.5 1.24141 0.000538806
  458 457.5 1.23061 0.000534118
  459 458.5 1.21038 0.00052534
  460 459.5 1.21902 0.000529087
  461 460.5 1.23406 0.000535615
  462 461.5 1.23672 0.000536771
  463 462.5 1.24743 0.00054142
  464 463.5 1.23188 0.00053467
  465 464.5 1.21393 0.000526878
  466 465.5 1.23327 0.000535274
  467 466.5 1.24394 0.000539906
  468 467.5 1.2439 0.000539889
  469 468.5 1.2512 0.000543056
  470 469.5 1.20018 0.00052091
  471 470.5 1.17602 0.000510424
  472 471.5 1.15789 0.000502556
  473 472.5 1.1723 0.000508813
  474 473.5 1.18626 0.000514872
  475 474.5 1.21553 0.000527573
  476 475.5 1.23865 0.000537608
  477 476.5 1.26 0.000546875
  478 477.5 1.23191 0.000534684
  479 478.5 1.25303 0.000543851
  480 479.5 1.28878 0.000559365
70000000 480 5701.999999999998
  1 0.5 1.28414 0.000557354
  2 1.5 1.25663 0.000545413
  3 2.5 1.2147 0.000527215
  4 3.5 1.17823 0.000511385
  5 4.5 1.17942 0.000511903
  6 5.5 1.1844 0.000514062
  7 6.5 1.16446 0.00050541
  8 7.5 1.1689 0.000507337
  9 8.5 1.1768 0.000510764
  10 9.5 1.17506 0.00051001
  11 10.5 1.1841 0.000513934
  12 11.5 1.17318 0.000509194
  13 12.5 1.1811 0.000512632
  14 13.5 1.18084 0.000512517
  15 14.5 1.18194 0.000512993
  16 15.5 1.18388 0.000513837
  17 16.5 1.18118 0.000512667
  18 17.5 1.17654 0.000510653
  19 18.5 1.17582 0.00051034
  20 19.5 1.18254 0.000513253
  21 20.5 1.19141 0.000517104
  22 21.5 1.20198 0.000521691
  23 22.5 1.19162 0.000517198
  24 23.5 1.18037 0.000512312
  25 24.5 1.16258 0.00050459
  26 25.5 1.16754 0.000506743
  27 26.5 1.18187 0.000512965
  28 27.5 1.17518 0.000510062
  29 28.5 1.19333 0.000517937
  30 29.5 1.17658 0.00051067
  31 30.5 1.15258 0.000500253
  32 31.5 1.12407 0.000487878
  33 32.5 1.11247 0.000482844
  34 33.5 1.10163 0.000478139
  35 34.5 1.08341 0.000470229
  36 35.5 1.08714 0.000471847
  37 36.5 1.06808 0.000463576
  38 37.5 1.06729 0.000463233
  39 38.5 1.07335 0.000465865
  40 39.5 1.06317 0.000461444
  41 40.5 1.07894 0.000468288
  42 41.5 1.09486 0.000475198
  43 42.5 1.11092 0.00048217
  44 43.5 1.08071 0.000469059
  45 44.5 1.06555 0.000462479
  46 45.5 1.08898 0.000472646
  47 46.5 1.10121 0.000477955
  48 47.5 1.10026 0.000477542
  49 48.5 1.08914 0.000472719
  50 49.5 1.10623 0.000480135
  51 50.5 1.14773 0.000498146
  52 51.5 1.1468 0.000497743
  53 52.5 1.14207 0.000495691
  54 53.5 1.14818 0.000498344
  55 54.5 1.16338 0.000504937
  56 55.5 1.18106 0.000512615
  57 56.5 1.18577 0.000514656
  58 57.5 1.17326 0.000509226
  59 58.5 1.18146 0.000512788
  60 59.5 1.19285 0.000517729
  61 60.5 1.22991 0.000533816
  62 61.5 1.20595 0.000523417
  63 62.5 1.21833 0.000528788
  64 63.5 1.22282 0.000530736
  65 64.5 1.24298 0.00053949
  66 65.5 1.27778 0.00055459
  67 66.5 1.29186 0.000560705
  68 67.5 1.37555 0.000597028
  69 68.5 1.4456 0.000627431
  70 69.5 1.52991 0.000664024
  71 70.5 1.61925 0.000702799
  72 71.5 1.73417 0.000752677
  73 72.5 1.90117 0.00082516
  74 73.5 2.1494 0.000932899
  75 74.5 2.39976 0.00104156
  76 75.5 2.69941 0.00117162
  77 76.5 2.98301 0.00129471
  78 77.5 3.18919 0.0013842
  79 78.5 3.24099 0.00140668
  80 79.5 3.09728 0.00134431
  81 80.5 2.80629 0.00121801
  82 81.5 2.39422 0.00103916
  83 82.5 1.93584 0.000840208
  84 83.5 1.50008 0.000651076
  85 84.5 1.1311 0.000490927
  86 85.5 0.864704 0.000375306
  87 86.5 0.670192 0.000290882
  88 87.5 0.537792 0.000233417
  89 88.5 0.460128 0.000199708
  90 89.5 0.401248 0.000174153
  91 90.5 0.36372 0.000157865
  92 91.5 0.354336 0.000153792
  93 92.5 0.333784 0.000144872
  94 93.5 0.323384 0.000140358
  95 94.5 0.316016 0.00013716
  96 95.5 0.310984 0.000134976
  97 96.5 0.310608 0.000134813
  98 97.5 0.31348 0.000136059
  99 98.5 0.309968 0.000134535
  100 99.5 0.30544 0.000132569
  101 100.5 0.297072 0.000128938
  102 101.5 0.297192 0.00012899
  103 102.5 0.30028 0.00013033
  104 103.5 0.29952 0.00013
  105 104.5 0.29816 0.00012941
  106 105.5 0.297208 0.000128997
  107 106.5 0.297304 0.000129038
  108 107.5 0.296104 0.000128517
  109 108.5 0.303 0.00013151
  110 109.5 0.304408 0.000132122
  111 110.5 0.303168 0.000131583
  112 111.5 0.299488 0.000129986
  113 112.5 0.297144 0.000128969
  114 113.5 0.298552 0.00012958
  115 114.5 0.303312 0.000131646
  116 115.5 0.305352 0.000132531
  117 116.5 0.305384 0.000132545
  118 117.5 0.3078 0.000133594
  119 118.5 0.3068 0.00013316
  120 119.5 0.301416 0.000130823
  121 120.5 0.300512 0.000130431
  122 121.5 0.298944 0.00012975
  123 122.5 0.305872 0.000132757
  124 123.5 0.309488 0.000134326
  125 124.5 0.306272 0.000132931
  126 125.5 0.319184 0.000138535
  127 126.5 0.316336 0.000137299
  128 127.5 0.306344 0.000132962
  129 128.5 0.302424 0.00013126
  130 129.5 0.297448 0.000129101
  131 130.5 0.300232 0.000130309
  132 131.5 0.305328 0.000132521
  133 132.5 0.301728 0.000130958
  134 133.5 0.30504 0.000132396
  135 134.5 0.305152 0.000132444
  136 135.5 0.304664 0.000132233
  137 136.5 0.305328 0.000132521
  138 137.5 0.295736 0.000128358
  139 138.5 0.300864 0.000130583
  140 139.5 0.30592 0.000132778
  141 140.5 0.310056 0.000134573
  142 141.5 0.309848 0.000134483
  143 142.5 0.319344 0.000138604
  144 143.5 0.322032 0.000139771
  145 144.5 0.306136 0.000132872
  146 145.5 0.310248 0.000134656
  147 146.5 0.31048 0.000134757
  148 147.5 0.305152 0.000132444
  149 148.5 0.303176 0.000131587
  150 149.5 0.303528 0.00013174
  151 150.5 0.301536 0.000130875
  152 151.5 0.30832 0.000133819
  153 152.5 0.31028 0.00013467
  154 153.5 0.305552 0.000132618
  155 154.5 0.308248 0.000133788
  156 155.5 0.30468 0.00013224
  157 156.5 0.298424 0.000129524
  158 157.5 0.295728 0.000128354
  159 158.5 0.290296 0.000125997
  160 159.5 0.29888 0.000129722
  161 160.5 0.302912 0.000131472
  162 161.5 0.310856 0.00013492
  163 162.5 0.310384 0.000134715
  164 163.5 0.308632 0.000133955
  165 164.5 0.308104 0.000133726
  166 165.5 0.309544 0.000134351
  167 166.5 0.313624 0.000136122
  168 167.5 0.316184 0.000137233
  169 168.5 0.318856 0.000138392
  170 169.5 0.322472 0.000139962
  171 170.5 0.313616 0.000136118
  172 171.5 0.305488 0.00013259
  173 172.5 0.308864 0.000134056
  174 173.5 0.310304 0.000134681
  175 174.5 0.307088 0.000133285
  176 175.5 0.304352 0.000132097
  177 176.5 0.306104 0.000132858
  178 177.5 0.300968 0.000130628
  179 178.5 0.298664 0.000129628
  180 179.5 0.302592 0.000131333
  181 180.5 0.308048 0.000133701
  182 181.5 0.309896 0.000134503
  183 182.5 0.310112 0.000134597
  184 183.5 0.300504 0.000130427
  185 184.5 0.306632 0.000133087
  186 185.5 0.296736 0.000128792
  187 186.5 0.306712 0.000133122
  188 187.5 0.298328 0.000129483
  189 188.5 0.304568 0.000132191
  190 189.5 0.305928 0.000132781
  191 190.5 0.304768 0.000132278
  192 191.5 0.315928 0.000137122
  193 192.5 0.310024 0.000134559
  194 193.5 0.310632 0.000134823
  195 194.5 0.305768 0.000132712
  196 195.5 0.309944 0.000134524
  197 196.5 0.311096 0.000135024
  198 197.5 0.312384 0.000135583
  199 198.5 0.307272 0.000133365
  200 199.5 0.314488 0.000136497
  201 200.5 0.316344 0.000137302
  202 201.5 0.29508 0.000128073
  203 202.5 0.304472 0.000132149
  204 203.5 0.302816 0.000131431
  205 204.5 0.313312 0.000135986
  206 205.5 0.302728 0.000131392
  207 206.5 0.297296 0.000129035
  208 207.5 0.295328 0.000128181
  209 208.5 0.285912 0.000124094
  210 209.5 0.290504 0.000126087
  211 210.5 0.291792 0.000126646
  212 211.5 0.298608 0.000129604
  213 212.5 0.295592 0.000128295
  214 213.5 0.298184 0.00012942
  215 214.5 0.30256 0.000131319
  216 215.5 0.304336 0.00013209
  217 216.5 0.309344 0.000134264
  218 217.5 0.314672 0.000136576
  219 218.5 0.312176 0.000135493
  220 219.5 0.303208 0.000131601
  221 220.5 0.314304 0.000136417
  222 221.5 0.313416 0.000136031
  223 222.5 0.31332 0.00013599
  224 223.5 0.324208 0.000140715
  225 224.5 0.340352 0.000147722
  226 225.5 0.369032 0.00016017
  227 226.5 0.41136 0.000178542
  228 227.5 0.493712 0.000214285
  229 228.5 0.617144 0.000267858
  230 229.5 0.852944 0.000370201
  231 230.5 1.25516 0.000544774
  232 231.5 1.98154 0.000860042
  233 232.5 3.1393 0.00136254
  234 233.5 4.88268 0.00211922
  235 234.5 7.31041 0.00317292
  236 235.5 10.3868 0.00450815
  237 236.5 13.9567 0.00605759
  238 237.5 17.6875 0.00767687
  239 238.5 21.2336 0.00921599
  240 239.5 24.2766 0.0105367
  241 240.5 26.7557 0.0116127
  242 241.5 28.8129 0.0125056
  243 242.5 30.2452 0.0131273
  244 243.5 31.3008 0.0135854
  245 244.5 32.0478 0.0139096
  246 245.5 32.6458 0.0141692
  247 246.5 33.0178 0.0143307
  248 247.5 33.2646 0.0144378
  249 248.5 33.5146 0.0145463
  250 249.5 33.6696 0.0146136
  251 250.5 33.7929 0.0146671
  252 251.5 33.838 0.0146867
  253 252.5 33.9247 0.0147242
  254 253.5 34.021 0.0147661
  255 254.5 34.0084 0.0147606
  256 255.5 34.0618 0.0147838
  257 256.5 34.1292 0.014813
  258 257.5 34.0975 0.0147993
  259 258.5 34.1277 0.0148124
  260 259.5 34.1316 0.0148141
  261 260.5 34.2171 0.0148512
  262 261.5 34.1055 0.0148027
  263 262.5 34.1455 0.0148201
  264 263.5 34.1514 0.0148227
  265 264.5 34.2 0.0148437
  266 265.5 34.1932 0.0148408
  267 266.5 34.2272 0.0148556
  268 267.5 34.216 0.0148507
  269 268.5 34.2496 0.0148653
  270 269.5 34.1362 0.014816
  271 270.5 34.2378 0.0148602
  272 271.5 34.2379 0.0148602
  273 272.5 34.1871 0.0148382
  274 273.5 34.0881 0.0147952
  275 274.5 34.1618 0.0148272
  276 275.5 34.1537 0.0148237
  277 276.5 34.222 0.0148533
  278 277.5 34.1093 0.0148044
  279 278.5 34.1365 0.0148162
  280 279.5 34.1591 0.014826
  281 280.5 34.2357 0.0148592
  282 281.5 34.0918 0.0147968
  283 282.5 34.1203 0.0148092
  284 283.5 34.2846 0.0148805
  285 284.5 34.1709 0.0148311
  286 285.5 34.0674 0.0147862
  287 286.5 34.2144 0.01485
  288 287.5 34.177 0.0148338
  289 288.5 34.1144 0.0148066
  290 289.5 34.0883 0.0147953
  291 290.5 34.1619 0.0148272
  292 291.5 34.2212 0.014853
  293 292.5 34.1388 0.0148172
  294 293.5 34.1127 0.0148059
  295 294.5 34.2531 0.0148668
  296 295.5 34.2488 0.0148649
  297 296.5 34.1804 0.0148352
  298 297.5 34.2482 0.0148646
  299 298.5 34.2297 0.0148567
  300 299.5 34.2582 0.014869
  301 300.5 34.1823 0.0148361
  302 301.5 34.2301 0.0148568
  303 302.5 34.236 0.0148594
  304 303.5 34.1434 0.0148192
  305 304.5 34.1765 0.0148336
  306 305.5 34.1939 0.0148411
  307 306.5 34.1923 0.0148404
  308 307.5 34.2071 0.0148468
  309 308.5 34.0914 0.0147966
  310 309.5 34.1775 0.014834
  311 310.5 34.1876 0.0148384
  312 311.5 34.1584 0.0148257
  313 312.5 34.1066 0.0148032
  314 313.5 34.0855 0.014794
  315 314.5 34.116 0.0148073
  316 315.5 34.0286 0.0147694
  317 316.5 34.0473 0.0147775
  318 317.5 34.0366 0.0147728
  319 318.5 33.9698 0.0147438
  320 319.5 34.0778 0.0147907
  321 320.5 34.0204 0.0147658
  322 321.5 33.9391 0.0147305
  323 322.5 33.9414 0.0147315
  324 323.5 34.0669 0.014786
  325 324.5 33.8822 0.0147058
  326 325.5 33.8285 0.0146825
  327 326.5 33.966 0.0147422
  328 327.5 33.9954 0.0147549
  329 328.5 33.7631 0.0146541
  330 329.5 33.8086 0.0146739
  331 330.5 33.9787 0.0147477
  332 331.5 33.8275 0.0146821
  333 332.5 33.7876 0.0146648
  334 333.5 33.9227 0.0147234
  335 334.5 33.9011 0.014714
  336 335.5 33.8572 0.014695
  337 336.5 33.8344 0.014685
  338 337.5 33.8697 0.0147004
  339 338.5 33.8949 0.0147113
  340 339.5 33.84 0.0146875
  341 340.5 33.7508 0.0146488
  342 341.5 33.8904 0.0147094
  343 342.5 33.7922 0.0146668
  344 343.5 33.8621 0.0146971
  345 344.5 33.7933 0.0146672
  346 345.5 33.7795 0.0146612
  347 346.5 33.8217 0.0146796
  348 347.5 33.8022 0.0146711
  349 348.5 33.7338 0.0146414
  350 349.5 33.7461 0.0146468
  351 350.5 33.7742 0.0146589
  352 351.5 33.7739 0.0146588
  353 352.5 33.7463 0.0146468
  354 353.5 33.7466 0.014647
  355 354.5 33.7112 0.0146316
  356 355.5 33.7196 0.0146353
  357 356.5 33.7682 0.0146563
  358 357.5 33.6719 0.0146146
  359 358.5 33.7176 0.0146344
  360 359.5 33.7684 0.0146564
  361 360.5 33.686 0.0146207
  362 361.5 33.6977 0.0146257
  363 362.5 33.7873 0.0146646
  364 363.5 33.7797 0.0146613
  365 364.5 33.7117 0.0146318
  366 365.5 33.8078 0.0146735
  367 366.5 33.7808 0.0146618
  368 367.5 33.7962 0.0146685
  369 368.5 33.7937 0.0146674
  370 369.5 33.831 0.0146836
  371 370.5 33.8687 0.0147
  372 371.5 33.821 0.0146792
  373 372.5 33.7903 0.0146659
  374 373.5 33.8506 0.0146921
  375 374.5 33.9054 0.0147159
  376 375.5 33.8073 0.0146733
  377 376.5 33.7721 0.014658
  378 377.5 33.834 0.0146849
  379 378.5 33.8585 0.0146955
  380 379.5 33.7124 0.0146321
  381 380.5 33.7658 0.0146553
  382 381.5 33.8661 0.0146988
  383 382.5 33.7753 0.0146594
  384 383.5 33.6774 0.0146169
  385 384.5 33.7087 0.0146305
  386 385.5 33.6135 0.0145892
  387 386.5 33.4878 0.0145346
  388 387.5 33.2685 0.0144394
  389 388.5 33.0983 0.0143656
  390 389.5 32.7119 0.0141979
  391 390.5 32.1956 0.0139738
  392 391.5 31.3832 0.0136212
  393 392.5 30.4536 0.0132177
  394 393.5 29.0208 0.0125958
  395 394.5 27.1091 0.0117661
  396 395.5 24.6271 0.0106888
  397 396.5 21.7455 0.00943817
  398 397.5 18.488 0.00802432
  399 398.5 15.1813 0.0065891
  400 399.5 11.9474 0.00518552
  401 400.5 9.12085 0.0039587
  402 401.5 6.83175 0.00296517
  403 402.5 5.09379 0.00221085
  404 403.5 3.81249 0.00165473
  405 404.5 2.94306 0.00127737
  406 405.5 2.36468 0.00102634
  407 406.5 2.00703 0.000871108
  408 407.5 1.74262 0.000756344
  409 408.5 1.59393 0.000691809
  410 409.5 1.48393 0.000644066
  411 410.5 1.41354 0.000613517
  412 411.5 1.35548 0.000588316
  413 412.5 1.33397 0.000578979
  414 413.5 1.30942 0.000568326
  415 414.5 1.3178 0.000571962
  416 415.5 1.29074 0.000560219
  417 416.5 1.2476 0.000541493
  418 417.5 1.24151 0.000538851
  419 418.5 1.22466 0.000531538
  420 419.5 1.2232 0.000530903
  421 420.5 1.19895 0.000520378
  422 421.5 1.22051 0.000529736
  423 422.5 1.21282 0.000526399
  424 423.5 1.21138 0.000525771
  425 424.5 1.18323 0.000513556
  426 425.5 1.18885 0.000515993
  427 426.5 1.16387 0.000505153
  428 427.5 1.13083 0.000490813
  429 428.5 1.11468 0.000483802
  430 429.5 1.09574 0.00047558
  431 430.5 1.06323 0.000461472
  432 431.5 1.05894 0.000459611
  433 432.5 1.04686 0.000454368
  434 433.5 1.04755 0.000454667
  435 434.5 1.03983 0.000451316
  436 435.5 1.04167 0.000452115
  437 436.5 1.04982 0.000455649
  438 437.5 1.05556 0.000458142
  439 438.5 1.08716 0.000471858
  440 439.5 1.07622 0.000467108
  441 440.5 1.06481 0.000462156
  442 441.5 1.05333 0.000457174
  443 442.5 1.05553 0.000458128
  444 443.5 1.09537 0.00047542
  445 444.5 1.10809 0.000480941
  446 445.5 1.13846 0.000494122
  447 446.5 1.14123 0.000495326
  448 447.5 1.1494 0.000498872
  449 448.5 1.13667 0.000493347
  450 449.5 1.15935 0.000503191
  451 450.5 1.18333 0.000513597
  452 451.5 1.1645 0.000505427
  453 452.5 1.18044 0.000512344
  454 453.5 1.19188 0.000517309
  455 454.5 1.16029 0.000503597
  456 455.5 1.16288 0.000504722
  457 456.5 1.16261 0.000504604
  458 457.5 1.19106 0.000516955
  459 458.5 1.18962 0.000516326
  460 459.5 1.19933 0.000520542
  461 460.5 1.22063 0.000529788
  462 461.5 1.21744 0.000528403
  463 462.5 1.21901 0.000529083
  464 463.5 1.25611 0.000545187
  465 464.5 1.26024 0.000546979
  466 465.5 1.25728 0.000545694
  467 466.5 1.24052 0.00053842
  468 467.5 1.24924 0.000542205
  469 468.5 1.2623 0.000547872
  470 469.5 1.28722 0.000558688
  471 470.5 1.2735 0.000552736
  472 471.5 1.2746 0.000553212
  473 472.5 1.2639 0.000548569
  474 473.5 1.28283 0.000556785
  475 474.5 1.2791 0.000555167
  476 475.5 1.27416 0.000553021
  477 476.5 1.27014 0.000551274
  478 477.5 1.27435 0.000553104
  479 478.5 1.25138 0.000543132
  480 479.5 1.26661 0.000549743
72500000 480 5702.000000000002
  1 0.5 1.09403 0.00047484
  2 1.5 1.09533 0.000475403
  3 2.5 1.08436 0.000470642
  4 3.5 1.06865 0.000463823
  5 4.5 1.05151 0.000456385
  6 5.5 1.05113 0.000456219
  7 6.5 1.04299 0.000452688
  8 7.5 1.04142 0.000452007
  9 8.5 1.05063 0.000456003
  10 9.5 1.05698 0.000458757
  11 10.5 1.05529 0.000458024
  12 11.5 1.07028 0.000464531
  13 12.5 1.09062 0.000473358
  14 13.5 1.09447 0.000475031
  15 14.5 1.07736 0.000467604
  16 15.5 1.06999 0.000464406
  17 16.5 1.08031 0.000468885
  18 17.5 1.10422 0.00047926
  19 18.5 1.11226 0.000482753
  20 19.5 1.11014 0.000481833
  21 20.5 1.1232 0.0004875
  22 21.5 1.13264 0.000491597
  23 22.5 1.14544 0.000497153
  24 23.5 1.22666 0.000532406
  25 24.5 1.25585 0.000545073
  26 25.5 1.29652 0.000562726
  27 26.5 1.31487 0.000570691
  28 27.5 1.3351 0.000579469
  29 28.5 1.34453 0.000583562
  30 29.5 1.34031 0.000581733
  31 30.5 1.35152 0.000586597
  32 31.5 1.32751 0.000576177
  33 32.5 1.3182 0.000572135
  34 33.5 1.34498 0.00058376
  35 34.5 1.34618 0.000584278
  36 35.5 1.35642 0.000588722
  37 36.5 1.39043 0.000603486
  38 37.5 1.37513 0.000596844
  39 38.5 1.37841 0.000598267
  40 39.5 1.37282 0.000595844
  41 40.5 1.3869 0.000601955
  42 41.5 1.38247 0.000600031
  43 42.5 1.36956 0.000594427
  44 43.5 1.3623 0.000591274
  45 44.5 1.35324 0.000587344
  46 45.5 1.3582 0.000589497
  47 46.5 1.33873 0.000581045
  48 47.5 1.33535 0.00057958
  49 48.5 1.31015 0.000568642
  50 49.5 1.27253 0.000552312
  51 50.5 1.25546 0.000544903
  52 51.5 1.25143 0.000543156
  53 52.5 1.24057 0.000538441
  54 53.5 1.19222 0.000517455
  55 54.5 1.18371 0.000513764
  56 55.5 1.18366 0.000513743
  57 56.5 1.21049 0.000525385
  58 57.5 1.20362 0.000522406
  59 58.5 1.23478 0.000535927
  60 59.5 1.26599 0.000549476
  61 60.5 1.26208 0.000547778
  62 61.5 1.30526 0.000566521
  63 62.5 1.33401 0.000578997
  64 63.5 1.3335 0.000578778
  65 64.5 1.33964 0.000581441
  66 65.5 1.38002 0.000598965
  67 66.5 1.40662 0.00061051
  68 67.5 1.45556 0.000631753
  69 68.5 1.5083 0.000654646
  70 69.5 1.59324 0.00069151
  71 70.5 1.7427 0.000756378
  72 71.5 1.91028 0.000829115
  73 72.5 2.09534 0.000909437
  74 73.5 2.34575 0.00101812
  75 74.5 2.61815 0.00113635
  76 75.5 2.88718 0.00125312
  77 76.5 3.10155 0.00134616
  78 77.5 3.24494 0.0014084
  79 78.5 3.17963 0.00138005
  80 79.5 2.95601 0.00128299
  81 80.5 2.57999 0.00111979
  82 81.5 2.10882 0.000915288
  83 82.5 1.66567 0.000722948
  84 83.5 1.2453 0.000540497
  85 84.5 0.940088 0.000408024
  86 85.5 0.730008 0.000316844
  87 86.5 0.577048 0.000250455
  88 87.5 0.477744 0.000207354
  89 88.5 0.41568 0.000180417
  90 89.5 0.378952 0.000164476
  91 90.5 0.349008 0.000151479
  92 91.5 0.33312 0.000144583
  93 92.5 0.323736 0.00014051
  94 93.5 0.312384 0.000135583
  95 94.5 0.313496 0.000136066
  96 95.5 0.314184 0.000136365
  97 96.5 0.31072 0.000134861
  98 97.5 0.31296 0.000135833
  99 98.5 0.317936 0.000137993
  100 99.5 0.311712 0.000135292
  101 100.5 0.309272 0.000134233
  102 101.5 0.307944 0.000133656
  103 102.5 0.310744 0.000134872
  104 103.5 0.305432 0.000132566
  105 104.5 0.314344 0.000136434
  106 105.5 0.311096 0.000135024
  107 106.5 0.310928 0.000134951
  108 107.5 0.30668 0.000133108
  109 108.5 0.302816 0.000131431
  110 109.5 0.303192 0.000131594
  111 110.5 0.312496 0.000135632
  112 111.5 0.316152 0.000137219
  113 112.5 0.317648 0.000137868
  114 113.5 0.316632 0.000137427
  115 114.5 0.309416 0.000134295
  116 115.5 0.314632 0.000136559
  117 116.5 0.307144 0.000133309
  118 117.5 0.307464 0.000133448
  119 118.5 0.306264 0.000132927
  120 119.5 0.303832 0.000131872
  121 120.5 0.302096 0.000131118
  122 121.5 0.307912 0.000133642
  123 122.5 0.308288 0.000133806
  124 123.5 0.305488 0.00013259
  125 124.5 0.310008 0.000134552
  126 125.5 0.306184 0.000132892
  127 126.5 0.317136 0.000137646
  128 127.5 0.307464 0.000133448
  129 128.5 0.312664 0.000135705
  130 129.5 0.309624 0.000134385
  131 130.5 0.307864 0.000133622
  132 131.5 0.316312 0.000137288
  133 132.5 0.30992 0.000134514
  134 133.5 0.30816 0.00013375
  135 134.5 0.311192 0.000135066
  136 135.5 0.309336 0.00013426
  137 136.5 0.304056 0.000131969
  138 137.5 0.307488 0.000133458
  139 138.5 0.313112 0.000135899
  140 139.5 0.30676 0.000133142
  141 140.5 0.302632 0.000131351
  142 141.5 0.305592 0.000132635
  143 142.5 0.309392 0.000134285
  144 143.5 0.315216 0.000136812
  145 144.5 0.308896 0.000134069
  146 145.5 0.303488 0.000131722
  147 146.5 0.307168 0.000133319
  148 147.5 0.306576 0.000133062
  149 148.5 0.307584 0.0001335
  150 149.5 0.308672 0.000133972
  151 150.5 0.306056 0.000132837
  152 151.5 0.307968 0.000133667
  153 152.5 0.310304 0.000134681
  154 153.5 0.311896 0.000135372
  155 154.5 0.30524 0.000132483
  156 155.5 0.301464 0.000130844
  157 156.5 0.301376 0.000130806
  158 157.5 0.308736 0.000134
  159 158.5 0.30504 0.000132396
  160 159.5 0.3048 0.000132292
  161 160.5 0.308424 0.000133865
  162 161.5 0.29064 0.000126146
  163 162.5 0.291184 0.000126382
  164 163.5 0.301536 0.000130875
  165 164.5 0.302912 0.000131472
  166 165.5 0.304488 0.000132156
  167 166.5 0.30532 0.000132517
  168 167.5 0.296136 0.000128531
  169 168.5 0.307536 0.000133479
  170 169.5 0.300592 0.000130465
  171 170.5 0.300304 0.00013034
  172 171.5 0.306232 0.000132913
  173 172.5 0.29968 0.000130069
  174 173.5 0.298088 0.000129378
  175 174.5 0.300504 0.000130427
  176 175.5 0.303768 0.000131844
  177 176.5 0.296368 0.000128632
  178 177.5 0.303608 0.000131774
  179 178.5 0.305608 0.000132642
  180 179.5 0.306072 0.000132844
  181 180.5 0.310904 0.000134941
  182 181.5 0.30208 0.000131111
  183 182.5 0.299632 0.000130049
  184 183.5 0.299352 0.000129927
  185 184.5 0.3028 0.000131424
  186 185.5 0.295 0.000128038
  187 186.5 0.293448 0.000127365
  188 187.5 0.2978 0.000129253
  189 188.5 0.299696 0.000130076
  190 189.5 0.301584 0.000130896
  191 190.5 0.298576 0.00012959
  192 191.5 0.302376 0.00013124
  193 192.5 0.301256 0.000130753
  194 193.5 0.298544 0.000129576
  195 194.5 0.303584 0.000131764
  196 195.5 0.301832 0.000131003
  197 196.5 0.298728 0.000129656
  198 197.5 0.296632 0.000128747
  199 198.5 0.300328 0.000130351
  200 199.5 0.297856 0.000129278
  201 200.5 0.298008 0.000129344
  202 201.5 0.2996 0.000130035
  203 202.5 0.305968 0.000132799
  204 203.5 0.306792 0.000133156
  205 204.5 0.31124 0.000135087
  206 205.5 0.31336 0.000136007
  207 206.5 0.306704 0.000133118
  208 207.5 0.305352 0.000132531
  209 208.5 0.299592 0.000130031
  210 209.5 0.300608 0.000130472
  211 210.5 0.292672 0.000127028
  212 211.5 0.299096 0.000129816
  213 212.5 0.298448 0.000129535
  214 213.5 0.301104 0.000130687
  215 214.5 0.311512 0.000135205
  216 215.5 0.308464 0.000133882
  217 216.5 0.307104 0.000133292
  218 217.5 0.310256 0.00013466
  219 218.5 0.308136 0.00013374
  220 219.5 0.309048 0.000134135
  221 220.5 0.31104 0.000135
  222 221.5 0.317608 0.000137851
  223 222.5 0.33696 0.00014625
  224 223.5 0.344168 0.000149378
  225 224.5 0.366208 0.000158944
  226 225.5 0.401016 0.000174052
  227 226.5 0.459112 0.000199267
  228 227.5 0.574336 0.000249278
  229 228.5 0.783136 0.000339903
  230 229.5 1.11846 0.000485444
  231 230.5 1.68023 0.000729267
  232 231.5 2.62048 0.00113736
  233 232.5 4.07374 0.00176812
  234 233.5 6.17511 0.00268017
  235 234.5 8.97323 0.00389463
  236 235.5 12.3413 0.00535646
  237 236.5 16.0426 0.00696295
  238 237.5 19.5945 0.00850458
  239 238.5 22.8579 0.00992097
  240 239.5 25.5737 0.0110997
  241 240.5 27.7312 0.0120361
  242 241.5 29.5067 0.0128067
  243 242.5 30.6229 0.0132912
  244 243.5 31.5868 0.0137096
  245 244.5 32.2911 0.0140152
  246 245.5 32.7524 0.0142154
  247 246.5 33.1336 0.0143809
  248 247.5 33.2176 0.0144173
  249 248.5 33.5394 0.014557
  250 249.5 33.555 0.0145638
  251 250.5 33.7007 0.014627
  252 251.5 33.8061 0.0146728
  253 252.5 33.8462 0.0146902
  254 253.5 33.8813 0.0147054
  255 254.5 34.001 0.0147574
  256 255.5 33.9555 0.0147376
  257 256.5 33.9642 0.0147414
  258 257.5 34.0612 0.0147835
  259 258.5 34.0521 0.0147796
  260 259.5 34.0206 0.0147659
  261 260.5 34.0403 0.0147744
  262 261.5 34.0621 0.0147839
  263 262.5 34.0606 0.0147832
  264 263.5 33.9966 0.0147555
  265 264.5 33.9916 0.0147533
  266 265.5 34.0403 0.0147744
  267 266.5 34.048 0.0147778
  268 267.5 33.9254 0.0147245
  269 268.5 33.9753 0.0147462
  270 269.5 34.0623 0.014784
  271 270.5 33.9442 0.0147327
  272 271.5 33.9439 0.0147326
  273 272.5 34.0506 0.0147789
  274 273.5 34.0197 0.0147655
  275 274.5 33.9893 0.0147523
  276 275.5 33.985 0.0147505
  277 276.5 34.1027 0.0148015
  278 277.5 33.9611 0.0147401
  279 278.5 33.9867 0.0147512
  280 279.5 34.0447 0.0147763
  281 280.5 33.8769 0.0147035
  282 281.5 33.8879 0.0147083
  283 282.5 33.9796 0.0147481
  284 283.5 33.9628 0.0147408
  285 284.5 33.8383 0.0146868
  286 285.5 33.9172 0.014721
  287 286.5 33.9654 0.0147419
  288 287.5 33.9208 0.0147226
  289 288.5 33.894 0.014711
  290 289.5 34.0069 0.01476
  291 290.5 33.9907 0.0147529
  292 291.5 33.9343 0.0147284
  293 292.5 33.9753 0.0147462
  294 293.5 34.0008 0.0147573
  295 294.5 34.0439 0.014776
  296 295.5 33.9833 0.0147497
  297 296.5 33.9498 0.0147352
  298 297.5 33.9972 0.0147557
  299 298.5 33.9805 0.0147485
  300 299.5 33.9235 0.0147237
  301 300.5 34.0115 0.0147619
  302 301.5 34.005 0.0147591
  303 302.5 34.0051 0.0147592
  304 303.5 33.9557 0.0147377
  305 304.5 33.9465 0.0147337
  306 305.5 34.0138 0.0147629
  307 306.5 33.938 0.01473
  308 307.5 33.9915 0.0147533
  309 308.5 33.9863 0.014751
  310 309.5 33.9824 0.0147493
  311 310.5 34.0507 0.014779
  312 311.5 33.9781 0.0147474
  313 312.5 34.0122 0.0147623
  314 313.5 34.0453 0.0147766
  315 314.5 34.0512 0.0147791
  316 315.5 34.0162 0.014764
  317 316.5 34.0762 0.01479
  318 317.5 34.0171 0.0147644
  319 318.5 34.0542 0.0147805
  320 319.5 33.9971 0.0147557
  321 320.5 34.0361 0.0147726
  322 321.5 34.0637 0.0147846
  323 322.5 34.0229 0.0147669
  324 323.5 34.0354 0.0147723
  325 324.5 34.1095 0.0148045
  326 325.5 33.9987 0.0147564
  327 326.5 34.1143 0.0148065
  328 327.5 34.06 0.014783
  329 328.5 34.0996 0.0148002
  330 329.5 34.0803 0.0147918
  331 330.5 34.0644 0.0147849
  332 331.5 34.0158 0.0147638
  333 332.5 34.0266 0.0147685
  334 333.5 34.0873 0.0147948
  335 334.5 34.0821 0.0147926
  336 335.5 34.0035 0.0147584
  337 336.5 34.0615 0.0147836
  338 337.5 34.1486 0.0148215
  339 338.5 34.086 0.0147943
  340 339.5 34.094 0.0147978
  341 340.5 34.1552 0.0148243
  342 341.5 34.166 0.014829
  343 342.5 34.0874 0.0147949
  344 343.5 34.1846 0.0148371
  345 344.5 34.1452 0.01482
  346 345.5 34.1373 0.0148165
  347 346.5 34.1154 0.014807
  348 347.5 34.2342 0.0148586
  349 348.5 34.1099 0.0148046
  350 349.5 34.1356 0.0148158
  351 350.5 34.1981 0.0148429
  352 351.5 34.1949 0.0148415
  353 352.5 34.1198 0.014809
  354 353.5 34.1612 0.0148269
  355 354.5 34.1363 0.0148161
  356 355.5 34.1333 0.0148148
  357 356.5 34.1196 0.0148088
  358 357.5 34.0865 0.0147945
  359 358.5 34.1652 0.0148286
  360 359.5 34.075 0.0147895
  361 360.5 34.0843 0.0147935
  362 361.5 34.089 0.0147956
  363 362.5 34.062 0.0147839
  364 363.5 34.061 0.0147834
  365 364.5 34.0143 0.0147631
  366 365.5 34.0256 0.0147681
  367 366.5 34.0331 0.0147713
  368 367.5 34.052 0.0147795
  369 368.5 34.0635 0.0147845
  370 369.5 34.0942 0.0147978
  371 370.5 34.0389 0.0147738
  372 371.5 34.0887 0.0147955
  373 372.5 34.1558 0.0148246
  374 373.5 33.9736 0.0147455
  375 374.5 34.0739 0.014789
  376 375.5 34.05 0.0147786
  377 376.5 34.0528 0.0147799
  378 377.5 33.9924 0.0147536
  379 378.5 34.0266 0.0147685
  380 379.5 34.0793 0.0147914
  381 380.5 33.8957 0.0147117
  382 381.5 33.8916 0.0147099
  383 382.5 33.9381 0.0147301
  384 383.5 33.7539 0.0146501
  385 384.5 33.5434 0.0145588
  386 385.5 33.5934 0.0145805
  387 386.5 33.4082 0.0145001
  388 387.5 33.0693 0.014353
  389 388.5 32.7926 0.0142329
  390 389.5 32.2925 0.0140158
  391 390.5 31.5512 0.0136941
  392 391.5 30.472 0.0132257
  393 392.5 29.0598 0.0126128
  394 393.5 27.251 0.0118277
  395 394.5 24.8526 0.0107867
  396 395.5 21.9903 0.00954441
  397 396.5 18.8865 0.00819725
  398 397.5 15.5659 0.00675602
  399 398.5 12.295 0.00533636
  400 399.5 9.46754 0.00410918
  401 400.5 7.10687 0.00308458
  402 401.5 5.26778 0.00228636
  403 402.5 3.94368 0.00171167
  404 403.5 3.02672 0.00131368
  405 404.5 2.39912 0.00104128
  406 405.5 2.00947 0.000872167
  407 406.5 1.72085 0.000746896
  408 407.5 1.54234 0.00066942
  409 408.5 1.41935 0.000616038
  410 409.5 1.36984 0.000594549
  411 410.5 1.32265 0.000574066
  412 411.5 1.30957 0.000568389
  413 412.5 1.28954 0.000559698
  414 413.5 1.2761 0.000553861
  415 414.5 1.3039 0.000565931
  416 415.5 1.28827 0.000559146
  417 416.5 1.26154 0.000547542
  418 417.5 1.22596 0.000532101
  419 418.5 1.23668 0.000536753
  420 419.5 1.23377 0.00053549
  421 420.5 1.20994 0.000525149
  422 421.5 1.20994 0.000525149
  423 422.5 1.21261 0.000526306
  424 423.5 1.23138 0.000534455
  425 424.5 1.23323 0.000535257
  426 425.5 1.24484 0.000540295
  427 426.5 1.27724 0.000554358
  428 427.5 1.27392 0.000552917
  429 428.5 1.30604 0.000566858
  430 429.5 1.30862 0.000567979
  431 430.5 1.31378 0.000570215
  432 431.5 1.26004 0.000546892
  433 432.5 1.24812 0.000541719
  434 433.5 1.23026 0.000533969
  435 434.5 1.21673 0.000528094
  436 435.5 1.19414 0.000518288
  437 436.5 1.18238 0.000513184
  438 437.5 1.17315 0.000509181
  439 438.5 1.19211 0.00051741
  440 439.5 1.19858 0.000520219
  441 440.5 1.21283 0.000526403
  442 441.5 1.23092 0.000534253
  443 442.5 1.23614 0.000536517
  444 443.5 1.25394 0.000544243
  445 444.5 1.2432 0.000539583
  446 445.5 1.21998 0.000529507
  447 446.5 1.26063 0.000547149
  448 447.5 1.25254 0.000543639
  449 448.5 1.25458 0.000544521
  450 449.5 1.24879 0.00054201
  451 450.5 1.25867 0.000546299
  452 451.5 1.26401 0.000548615
  453 452.5 1.22274 0.000530701
  454 453.5 1.23193 0.000534691
  455 454.5 1.23208 0.000534757
  456 455.5 1.22221 0.000530472
  457 456.5 1.2053 0.000523135
  458 457.5 1.20306 0.000522163
  459 458.5 1.19352 0.000518021
  460 459.5 1.19217 0.000517434
  461 460.5 1.19487 0.000518608
  462 461.5 1.21726 0.000528323
  463 462.5 1.23163 0.000534562
  464 463.5 1.19931 0.000520535
  465 464.5 1.21536 0.0005275
  466 465.5 1.21674 0.000528097
  467 466.5 1.20614 0.000523497
  468 467.5 1.20158 0.000521517
  469 468.5 1.2013 0.000521399
  470 469.5 1.17876 0.000511615
  471 470.5 1.18266 0.000513306
  472 471.5 1.18495 0.000514302
  473 472.5 1.1731 0.000509156
  474 473.5 1.1549 0.00050126
  475 474.5 1.14158 0.000495476
  476 475.5 1.12711 0.000489198
  477 476.5 1.11073 0.000482087
  478 477.5 1.09853 0.000476792
  479 478.5 1.1161 0.000484417
  480 479.5 1.11501 0.000483944
75000000 480 5701.999999999999
  1 0.5 1.14266 0.000495948
  2 1.5 1.13457 0.000492434
  3 2.5 1.13322 0.000491851
  4 3.5 1.13994 0.000494764
  5 4.5 1.11158 0.000482458
  6 5.5 1.12291 0.000487375
  7 6.5 1.12385 0.000487781
  8 7.5 1.13488 0.000492569
  9 8.5 1.15561 0.000501566
  10 9.5 1.15911 0.000503087
  11 10.5 1.15207 0.000500031
  12 11.5 1.1337 0.000492056
  13 12.5 1.1367 0.000493358
  14 13.5 1.12449 0.000488059
  15 14.5 1.12576 0.000488611
  16 15.5 1.12218 0.000487056
  17 16.5 1.13916 0.000494427
  18 17.5 1.15574 0.000501622
  19 18.5 1.1573 0.000502302
  20 19.5 1.19338 0.000517962
  21 20.5 1.20254 0.000521934
  22 21.5 1.21302 0.000526483
  23 22.5 1.20442 0.00052275
  24 23.5 1.19894 0.000520372
  25 24.5 1.20433 0.000522712
  26 25.5 1.20358 0.000522385
  27 26.5 1.21962 0.000529347
  28 27.5 1.25112 0.000543021
  29 28.5 1.25785 0.000545941
  30 29.5 1.27908 0.000555156
  31 30.5 1.3095 0.000568361
  32 31.5 1.33242 0.000578306
  33 32.5 1.35318 0.000587319
  34 33.5 1.36901 0.000594187
  35 34.5 1.36318 0.00059166
  36 35.5 1.3401 0.000581642
  37 36.5 1.32122 0.000573448
  38 37.5 1.29375 0.000561524
  39 38.5 1.27434 0.000553097
  40 39.5 1.24277 0.000539396
  41 40.5 1.24793 0.000541635
  42 41.5 1.25212 0.000543455
  43 42.5 1.24688 0.000541181
  44 43.5 1.25543 0.000544892
  45 44.5 1.2377 0.000537194
  46 45.5 1.23443 0.000535778
  47 46.5 1.23692 0.000536858
  48 47.5 1.22541 0.000531861
  49 48.5 1.20018 0.000520913
  50 49.5 1.21146 0.000525809
  51 50.5 1.22181 0.000530299
  52 51.5 1.24283 0.000539424
  53 52.5 1.2381 0.000537372
  54 53.5 1.26228 0.000547865
  55 54.5 1.26136 0.000547465
  56 55.5 1.26582 0.000549399
  57 56.5 1.26297 0.000548163
  58 57.5 1.28449 0.000557503
  59 58.5 1.28351 0.00055708
  60 59.5 1.24759 0.00054149
  61 60.5 1.24258 0.000539312
  62 61.5 1.24677 0.000541132
  63 62.5 1.23822 0.00053742
  64 63.5 1.27447 0.000553156
  65 64.5 1.30067 0.000564528
  66 65.5 1.29722 0.000563031
  67 66.5 1.3285 0.000576604
  68 67.5 1.36723 0.000593417
  69 68.5 1.41986 0.000616257
  70 69.5 1.49931 0.000650743
  71 70.5 1.61996 0.000703108
  72 71.5 1.76583 0.00076642
  73 72.5 1.96887 0.000854545
  74 73.5 2.21323 0.000960604
  75 74.5 2.47036 0.0010722
  76 75.5 2.71803 0.0011797
  77 76.5 2.89289 0.00125559
  78 77.5 2.98751 0.00129666
  79 78.5 2.94877 0.00127985
  80 79.5 2.7459 0.0011918
  81 80.5 2.39626 0.00104005
  82 81.5 1.94488 0.000844132
  83 82.5 1.52916 0.000663698
  84 83.5 1.16896 0.000507361
  85 84.5 0.879 0.00038151
  86 85.5 0.69808 0.000302986
  87 86.5 0.557248 0.000241861
  88 87.5 0.463632 0.000201229
  89 88.5 0.392112 0.000170188
  90 89.5 0.364936 0.000158392
  91 90.5 0.348432 0.000151229
  92 91.5 0.337248 0.000146375
  93 92.5 0.334336 0.000145111
  94 93.5 0.333328 0.000144674
  95 94.5 0.3166 0.000137413
  96 95.5 0.310096 0.00013459
  97 96.5 0.313704 0.000136156
  98 97.5 0.30568 0.000132674
  99 98.5 0.305048 0.000132399
  100 99.5 0.306224 0.00013291
  101 100.5 0.31284 0.000135781
  102 101.5 0.315264 0.000136833
  103 102.5 0.31424 0.000136389
  104 103.5 0.319496 0.00013867
  105 104.5 0.311504 0.000135201
  106 105.5 0.310896 0.000134937
  107 106.5 0.311944 0.000135392
  108 107.5 0.31068 0.000134844
  109 108.5 0.303968 0.000131931
  110 109.5 0.3088 0.000134028
  111 110.5 0.314776 0.000136622
  112 111.5 0.31248 0.000135625
  113 112.5 0.312112 0.000135465
  114 113.5 0.29956 0.000130017
  115 114.5 0.304024 0.000131955
  116 115.5 0.30076 0.000130538
  117 116.5 0.303736 0.00013183
  118 117.5 0.302408 0.000131253
  119 118.5 0.302344 0.000131226
  120 119.5 0.305216 0.000132472
  121 120.5 0.305176 0.000132455
  122 121.5 0.298488 0.000129552
  123 122.5 0.29116 0.000126372
  124 123.5 0.288752 0.000125326
  125 124.5 0.296616 0.00012874
  126 125.5 0.297968 0.000129326
  127 126.5 0.296504 0.000128691
  128 127.5 0.296888 0.000128858
  129 128.5 0.296744 0.000128795
  130 129.5 0.305128 0.000132434
  131 130.5 0.301928 0.000131045
  132 131.5 0.30924 0.000134219
  133 132.5 0.314808 0.000136635
  134 133.5 0.310856 0.00013492
  135 134.5 0.32068 0.000139184
  136 135.5 0.313176 0.000135927
  137 136.5 0.306 0.000132813
  138 137.5 0.307328 0.000133389
  139 138.5 0.3052 0.000132465
  140 139.5 0.300216 0.000130302
  141 140.5 0.299848 0.000130142
  142 141.5 0.302944 0.000131486
  143 142.5 0.300648 0.00013049
  144 143.5 0.293216 0.000127264
  145 144.5 0.294328 0.000127747
  146 145.5 0.302856 0.000131448
  147 146.5 0.295656 0.000128323
  148 147.5 0.303944 0.00013192
  149 148.5 0.305104 0.000132424
  150 149.5 0.30124 0.000130747
  151 150.5 0.305432 0.000132566
  152 151.5 0.314368 0.000136444
  153 152.5 0.31372 0.000136163
  154 153.5 0.314864 0.00013666
  155 154.5 0.308592 0.000133937
  156 155.5 0.293632 0.000127444
  157 156.5 0.29732 0.000129045
  158 157.5 0.295808 0.000128389
  159 158.5 0.293656 0.000127455
  160 159.5 0.302432 0.000131264
  161 160.5 0.292488 0.000126948
  162 161.5 0.300792 0.000130552
  163 162.5 0.29668 0.000128767
  164 163.5 0.29424 0.000127708
  165 164.5 0.293048 0.000127191
  166 165.5 0.29192 0.000126701
  167 166.5 0.29096 0.000126285
  168 167.5 0.300528 0.000130437
  169 168.5 0.297904 0.000129299
  170 169.5 0.300744 0.000130531
  171 170.5 0.302024 0.000131087
  172 171.5 0.30128 0.000130764
  173 172.5 0.311528 0.000135212
  174 173.5 0.3194 0.000138628
  175 174.5 0.313976 0.000136274
  176 175.5 0.311696 0.000135285
  177 176.5 0.311896 0.000135372
  178 177.5 0.30692 0.000133212
  179 178.5 0.307048 0.000133267
  180 179.5 0.307072 0.000133278
  181 180.5 0.307 0.000133247
  182 181.5 0.310064 0.000134576
  183 182.5 0.317312 0.000137722
  184 183.5 0.306872 0.000133191
  185 184.5 0.307208 0.000133337
  186 185.5 0.303376 0.000131674
  187 186.5 0.308208 0.000133771
  188 187.5 0.306504 0.000133031
  189 188.5 0.30784 0.000133611
  190 189.5 0.31816 0.00013809
  191 190.5 0.30936 0.000134271
  192 191.5 0.301232 0.000130743
  193 192.5 0.304616 0.000132212
  194 193.5 0.310152 0.000134615
  195 194.5 0.303144 0.000131573
  196 195.5 0.303576 0.00013176
  197 196.5 0.30528 0.0001325
  198 197.5 0.305456 0.000132576
  199 198.5 0.3002 0.000130295
  200 199.5 0.305288 0.000132503
  201 200.5 0.302272 0.000131194
  202 201.5 0.299184 0.000129854
  203 202.5 0.309064 0.000134142
  204 203.5 0.29904 0.000129792
  205 204.5 0.302064 0.000131104
  206 205.5 0.303792 0.000131854
  207 206.5 0.297824 0.000129264
  208 207.5 0.305168 0.000132451
  209 208.5 0.299648 0.000130056
  210 209.5 0.30328 0.000131632
  211 210.5 0.312072 0.000135448
  212 211.5 0.3046 0.000132205
  213 212.5 0.304888 0.00013233
  214 213.5 0.311184 0.000135063
  215 214.5 0.307728 0.000133563
  216 215.5 0.309848 0.000134483
  217 216.5 0.314592 0.000136542
  218 217.5 0.317368 0.000137747
  219 218.5 0.310184 0.000134628
  220 219.5 0.31868 0.000138316
  221 220.5 0.3268 0.00014184
  222 221.5 0.326432 0.000141681
  223 222.5 0.340504 0.000147788
  224 223.5 0.352488 0.00015299
  225 224.5 0.38784 0.000168333
  226 225.5 0.43348 0.000188142
  227 226.5 0.511584 0.000222042
  228 227.5 0.634512 0.000275396
  229 228.5 0.87124 0.000378142
  230 229.5 1.29991 0.000564198
  231 230.5 1.98795 0.000862826
  232 231.5 3.06855 0.00133184
  233 232.5 4.75089 0.00206202
  234 233.5 7.10214 0.00308252
  235 234.5 10.0458 0.00436015
  236 235.5 13.5546 0.00588309
  237 236.5 17.2103 0.00746973
  238 237.5 20.7396 0.00900157
  239 238.5 23.7395 0.0103036
  240 239.5 26.3261 0.0114263
  241 240.5 28.2536 0.0122628
  242 241.5 29.8708 0.0129648
  243 242.5 30.9167 0.0134187
  244 243.5 31.8675 0.0138314
  245 244.5 32.3522 0.0140418
  246 245.5 32.7865 0.0142302
  247 246.5 33.1125 0.0143718
  248 247.5 33.4025 0.0144976
  249 248.5 33.4907 0.0145359
  250 249.5 33.6347 0.0145984
  251 250.5 33.7034 0.0146282
  252 251.5 33.7456 0.0146465
  253 252.5 33.7787 0.0146609
  254 253.5 33.8349 0.0146853
  255 254.5 33.8373 0.0146863
  256 255.5 33.8362 0.0146859
  257 256.5 33.7155 0.0146334
  258 257.5 33.9327 0.0147277
  259 258.5 33.774 0.0146589
  260 259.5 33.8219 0.0146797
  261 260.5 33.8125 0.0146756
  262 261.5 33.8855 0.0147073
  263 262.5 33.8254 0.0146812
  264 263.5 33.9133 0.0147193
  265 264.5 33.9856 0.0147507
  266 265.5 33.9948 0.0147547
  267 266.5 33.9196 0.0147221
  268 267.5 33.9518 0.014736
  269 268.5 33.9562 0.0147379
  270 269.5 33.9698 0.0147438
  271 270.5 33.9493 0.014735
  272 271.5 33.9342 0.0147284
  273 272.5 33.9534 0.0147367
  274 273.5 33.9145 0.0147199
  275 274.5 33.9011 0.014714
  276 275.5 33.9259 0.0147248
  277 276.5 33.9641 0.0147414
  278 277.5 33.9109 0.0147183
  279 278.5 33.8843 0.0147067
  280 279.5 33.9682 0.0147432
  281 280.5 33.8936 0.0147108
  282 281.5 33.9213 0.0147228
  283 282.5 33.9021 0.0147145
  284 283.5 33.9309 0.014727
  285 284.5 33.8674 0.0146994
  286 285.5 33.9424 0.0147319
  287 286.5 33.9765 0.0147467
  288 287.5 33.9328 0.0147278
  289 288.5 33.8565 0.0146947
  290 289.5 33.9949 0.0147547
  291 290.5 33.9672 0.0147427
  292 291.5 33.9121 0.0147188
  293 292.5 33.9997 0.0147568
  294 293.5 34.0743 0.0147892
  295 294.5 33.9748 0.014746
  296 295.5 34.0603 0.0147831
  297 296.5 34.0266 0.0147685
  298 297.5 34.0396 0.0147741
  299 298.5 34.0451 0.0147765
  300 299.5 34.047 0.0147774
  301 300.5 34.0837 0.0147933
  302 301.5 34.1193 0.0148087
  303 302.5 34.1126 0.0148058
  304 303.5 34.1775 0.014834
  305 304.5 34.1536 0.0148236
  306 305.5 34.1522 0.014823
  307 306.5 34.1841 0.0148369
  308 307.5 34.1459 0.0148203
  309 308.5 34.0584 0.0147823
  310 309.5 34.1185 0.0148084
  311 310.5 34.1068 0.0148033
  312 311.5 33.965 0.0147418
  313 312.5 34.0742 0.0147891
  314 313.5 34.1171 0.0148078
  315 314.5 33.9456 0.0147333
  316 315.5 33.9885 0.0147519
  317 316.5 34.1366 0.0148162
  318 317.5 34.0194 0.0147654
  319 318.5 33.9856 0.0147507
  320 319.5 34.1069 0.0148034
  321 320.5 34.171 0.0148312
  322 321.5 34.0329 0.0147712
  323 322.5 34.0368 0.0147729
  324 323.5 34.1402 0.0148178
  325 324.5 34.1142 0.0148065
  326 325.5 33.9928 0.0147538
  327 326.5 34.0878 0.014795
  328 327.5 34.1499 0.014822
  329 328.5 34.018 0.0147647
  330 329.5 33.9782 0.0147475
  331 330.5 34.0842 0.0147935
  332 331.5 34.1418 0.0148185
  333 332.5 34.0121 0.0147622
  334 333.5 34.0534 0.0147801
  335 334.5 34.0872 0.0147948
  336 335.5 34.0277 0.014769
  337 336.5 33.9369 0.0147295
  338 337.5 33.951 0.0147357
  339 338.5 33.9486 0.0147346
  340 339.5 33.969 0.0147435
  341 340.5 33.9215 0.0147229
  342 341.5 33.921 0.0147226
  343 342.5 33.8871 0.014708
  344 343.5 33.8572 0.014695
  345 344.5 33.8391 0.0146871
  346 345.5 33.8676 0.0146995
  347 346.5 33.7819 0.0146623
  348 347.5 33.878 0.014704
  349 348.5 33.8677 0.0146995
  350 349.5 33.8584 0.0146955
  351 350.5 33.8316 0.0146839
  352 351.5 33.9538 0.0147369
  353 352.5 33.9534 0.0147367
  354 353.5 33.839 0.0146871
  355 354.5 33.839 0.0146871
  356 355.5 34.0098 0.0147612
  357 356.5 33.8385 0.0146869
  358 357.5 33.7803 0.0146616
  359 358.5 33.8197 0.0146787
  360 359.5 33.8689 0.0147
  361 360.5 33.7959 0.0146684
  362 361.5 33.7659 0.0146554
  363 362.5 33.8781 0.014704
  364 363.5 33.8967 0.0147121
  365 364.5 33.8494 0.0146916
  366 365.5 33.8761 0.0147032
  367 366.5 33.9412 0.0147314
  368 367.5 33.8819 0.0147057
  369 368.5 33.7962 0.0146685
  370 369.5 33.9576 0.0147386
  371 370.5 33.9305 0.0147268
  372 371.5 33.8238 0.0146805
  373 372.5 33.9104 0.0147181
  374 373.5 33.951 0.0147357
  375 374.5 33.8233 0.0146803
  376 375.5 33.8886 0.0147086
  377 376.5 33.9968 0.0147555
  378 377.5 33.945 0.0147331
  379 378.5 33.8351 0.0146854
  380 379.5 33.9112 0.0147184
  381 380.5 33.9782 0.0147475
  382 381.5 33.8249 0.014681
  383 382.5 33.7277 0.0146388
  384 383.5 33.7697 0.014657
  385 384.5 33.6562 0.0146077
  386 385.5 33.4459 0.0145165
  387 386.5 33.3358 0.0144687
  388 387.5 33.0773 0.0143565
  389 388.5 32.6583 0.0141746
  390 389.5 32.1566 0.0139569
  391 390.5 31.4029 0.0136297
  392 391.5 30.3764 0.0131842
  393 392.5 28.9863 0.0125809
  394 393.5 27.1532 0.0117852
  395 394.5 24.7741 0.0107527
  396 395.5 21.8818 0.00949731
  397 396.5 18.659 0.00809852
  398 397.5 15.3059 0.0066432
  399 398.5 12.0859 0.00524563
  400 399.5 9.24206 0.00401131
  401 400.5 6.96367 0.00302243
  402 401.5 5.17742 0.00224714
  403 402.5 3.88928 0.00168806
  404 403.5 2.97644 0.00129186
  405 404.5 2.39078 0.00103766
  406 405.5 2.00637 0.000870819
  407 406.5 1.73932 0.000754913
  408 407.5 1.58004 0.000685781
  409 408.5 1.48204 0.000643247
  410 409.5 1.43221 0.000621618
  411 410.5 1.37414 0.000596417
  412 411.5 1.33031 0.000577392
  413 412.5 1.34275 0.000582792
  414 413.5 1.32843 0.000576576
  415 414.5 1.33759 0.000580552
  416 415.5 1.33398 0.000578986
  417 416.5 1.33158 0.000577941
  418 417.5 1.33144 0.000577882
  419 418.5 1.31642 0.000571365
  420 419.5 1.31631 0.000571316
  421 420.5 1.32814 0.000576448
  422 421.5 1.32177 0.000573684
  423 422.5 1.33708 0.00058033
  424 423.5 1.35145 0.000586566
  425 424.5 1.35272 0.000587118
  426 425.5 1.33572 0.00057974
  427 426.5 1.34069 0.000581896
  428 427.5 1.30425 0.00056608
  429 428.5 1.27991 0.000555517
  430 429.5 1.28615 0.000558226
  431 430.5 1.30391 0.000565934
  432 431.5 1.28014 0.000555615
  433 432.5 1.28814 0.00055909
  434 433.5 1.30077 0.000564569
  435 434.5 1.30347 0.000565743
  436 435.5 1.31167 0.000569302
  437 436.5 1.28778 0.000558931
  438 437.5 1.28312 0.00055691
  439 438.5 1.23776 0.000537222
  440 439.5 1.2128 0.000526389
  441 440.5 1.21236 0.000526198
  442 441.5 1.22796 0.000532969
  443 442.5 1.23572 0.000536337
  444 443.5 1.23239 0.000534892
  445 444.5 1.25246 0.000543601
  446 445.5 1.24081 0.000538545
  447 446.5 1.24175 0.000538955
  448 447.5 1.24958 0.000542351
  449 448.5 1.26399 0.000548608
  450 449.5 1.2641 0.000548656
  451 450.5 1.29521 0.000562156
  452 451.5 1.30042 0.000564417
  453 452.5 1.2804 0.000555729
  454 453.5 1.2718 0.000551997
  455 454.5 1.2931 0.000561243
  456 455.5 1.28736 0.00055875
  457 456.5 1.27786 0.000554628
  458 457.5 1.29673 0.000562816
  459 458.5 1.32469 0.000574951
  460 459.5 1.32686 0.000575892
  461 460.5 1.30591 0.000566802
  462 461.5 1.3006 0.000564497
  463 462.5 1.3033 0.00056567
  464 463.5 1.3102 0.000568663
  465 464.5 1.32859 0.000576646
  466 465.5 1.3439 0.000583292
  467 466.5 1.33834 0.000580875
  468 467.5 1.36392 0.000591979
  469 468.5 1.36863 0.000594024
  470 469.5 1.35857 0.000589656
  471 470.5 1.34278 0.000582806
  472 471.5 1.34098 0.000582024
  473 472.5 1.3063 0.000566969
  474 473.5 1.27278 0.00055242
  475 474.5 1.25241 0.00054358
  476 475.5 1.26287 0.000548122
  477 476.5 1.23002 0.000533861
  478 477.5 1.21162 0.000525875
  479 478.5 1.18675 0.000515083
  480 479.5 1.14379 0.000496438
