# Chunk-averaged data for fix tensor1 and group all
# Timestep Number-of-chunks Total-count
# Chunk Coord1 Ncount density/number c_press[1] c_press[2] c_press[3]
20000000 480 11657.999999999989
  1 0.5 21.7977 0.00946079 -1029.15 -998.494 -2892.6
  2 1.5 21.0999 0.00915795 -1005.41 -1036.85 -2825.24
  3 2.5 20.2848 0.00880417 -936.043 -1020.74 -2859.91
  4 3.5 19.4414 0.00843812 -1092.38 -1121.28 -2965.54
  5 4.5 18.575 0.00806208 -1045.63 -1072.64 -2895.65
  6 5.5 17.6574 0.0076638 -1095.38 -1206.99 -2891.89
  7 6.5 16.6595 0.00723068 -1316.88 -1308.57 -2998.05
  8 7.5 15.6725 0.00680229 -1539.11 -1542.49 -2984.96
  9 8.5 14.6843 0.00637339 -1828.41 -1876.63 -3029.17
  10 9.5 13.6521 0.0059254 -2273.59 -2337.02 -3153.07
  11 10.5 12.6106 0.00547333 -2652.71 -2624.36 -3186.78
  12 11.5 11.6316 0.00504846 -3226.67 -3185.37 -3368.8
  13 12.5 10.6778 0.00463446 -3855.6 -3832.37 -3705.49
  14 13.5 9.75652 0.0042346 -4402.9 -4362.11 -3926.35
  15 14.5 8.90201 0.00386372 -5139.06 -5148.02 -4344.27
  16 15.5 8.09709 0.00351436 -5882.68 -5871.93 -4762.94
  17 16.5 7.38705 0.00320618 -6826 -6708.33 -5352.45
  18 17.5 6.7361 0.00292365 -7759.3 -7842.5 -6007.05
  19 18.5 6.15153 0.00266994 -8726.3 -8749.77 -6789.39
  20 19.5 5.64683 0.00245088 -9568.03 -9673.11 -7600.37
  21 20.5 5.2223 0.00226662 -10665.7 -10571.9 -8605.73
  22 21.5 4.86045 0.00210957 -11414 -11333.8 -9394.57
  23 22.5 4.56725 0.00198231 -12114.2 -12159 -10193.8
  24 23.5 4.31654 0.0018735 -12793.3 -12845.7 -11059.8
  25 24.5 4.12965 0.00179238 -13429.7 -13291 -11858.6
  26 25.5 3.97129 0.00172365 -13942.3 -13946.9 -12445.1
  27 26.5 3.82999 0.00166232 -14348.8 -14381.7 -13127.5
  28 27.5 3.72866 0.00161834 -14823.3 -14874.4 -13677
  29 28.5 3.64705 0.00158292 -15002 -15191.6 -14039.8
  30 29.5 3.57491 0.00155161 -15200.7 -15414.2 -14441.3
  31 30.5 3.5255 0.00153016 -15398.4 -15482 -14815.2
  32 31.5 3.49026 0.00151487 -15508.7 -15517.9 -15000.8
  33 32.5 3.44792 0.00149649 -15538.5 -15580.3 -15163.7
  34 33.5 3.41688 0.00148302 -15650.4 -15639.7 -15454.5
  35 34.5 3.38949 0.00147113 -15900.3 -15838.6 -15508
  36 35.5 3.35814 0.00145752 -15954 -15921.2 -15790.7
  37 36.5 3.34737 0.00145285 -15972.4 -16033.2 -15843.7
  38 37.5 3.33648 0.00144812 -16032.8 -16064.5 -15879.7
  39 38.5 3.32518 0.00144322 -16083.9 -16069.6 -15901.3
  40 39.5 3.32062 0.00144124 -16025.6 -16188 -15991.4
  41 40.5 3.32126 0.00144152 -16051.3 -16234.5 -16024
  42 41.5 3.30404 0.00143404 -16042.7 -16284.9 -16142.8
  43 42.5 3.30528 0.00143458 -16134.9 -16126.2 -16068.8
  44 43.5 3.304 0.00143403 -16186.4 -16131.2 -16102.3
  45 44.5 3.29909 0.0014319 -16016.4 -16061.4 -16146.2
  46 45.5 3.29956 0.0014321 -16176.9 -16131.3 -16140.4
  47 46.5 3.29894 0.00143183 -16262.8 -16225.7 -16193.9
  48 47.5 3.29536 0.00143028 -16210 -16219.6 -16150.8
  49 48.5 3.29318 0.00142933 -16264.6 -16345.3 -16212.1
  50 49.5 3.28933 0.00142766 -16337 -16340.9 -16239.7
  51 50.5 3.28801 0.00142709 -16462.6 -16348.7 -16180.5
  52 51.5 3.28567 0.00142607 -16224.1 -16286.3 -16162.1
  53 52.5 3.29552 0.00143035 -16133.3 -16232.8 -16169.3
  54 53.5 3.28479 0.00142569 -16132 -16098.8 -16244.2
  55 54.5 3.295 0.00143012 -16151.6 -16115 -16169.8
  56 55.5 3.3046 0.00143429 -16194.7 -16124.1 -16100.7
  57 56.5 3.29285 0.00142919 -16127.5 -16267.1 -16184
  58 57.5 3.29288 0.0014292 -16181.4 -16157.8 -16178.5
  59 58.5 3.29673 0.00143087 -16177.8 -16090.1 -16171.6
  60 59.5 3.27732 0.00142245 -16109.8 -16029.8 -16310.8
  61 60.5 3.28779 0.00142699 -16104 -16137.1 -16202.2
  62 61.5 3.31179 0.00143741 -16059.6 -16186.9 -16053
  63 62.5 3.31347 0.00143814 -16147.5 -16250.5 -16155.4
  64 63.5 3.30877 0.0014361 -16129.4 -16178.4 -16108.8
  65 64.5 3.30153 0.00143295 -16134 -16276 -16172.6
  66 65.5 3.31966 0.00144083 -16241.7 -16153.4 -16001.1
  67 66.5 3.30783 0.00143569 -16177.1 -16197.2 -16187.9
  68 67.5 3.31403 0.00143838 -16235.5 -16126.5 -16106.4
  69 68.5 3.30634 0.00143504 -16129 -16061.6 -16140.3
  70 69.5 3.30206 0.00143318 -16000.1 -16198.6 -16156.3
  71 70.5 3.30927 0.00143632 -16090.7 -16022.4 -16061.4
  72 71.5 3.29976 0.00143219 -16210.6 -16131 -16198.1
  73 72.5 3.2943 0.00142982 -16092.6 -16076.8 -16212.6
  74 73.5 3.29422 0.00142978 -15970.3 -16080.7 -16168.4
  75 74.5 3.2877 0.00142695 -16081.9 -16137.9 -16208.1
  76 75.5 3.27316 0.00142064 -16232.5 -16199 -16334.7
  77 76.5 3.27032 0.00141941 -16267.2 -16317.3 -16295.4
  78 77.5 3.28724 0.00142675 -16270.3 -16423.8 -16195.3
  79 78.5 3.28824 0.00142719 -16219 -16210.9 -16261.3
  80 79.5 3.27996 0.0014236 -16230.5 -16346.3 -16254.9
  81 80.5 3.27709 0.00142235 -16218.5 -16345.4 -16300.8
  82 81.5 3.27758 0.00142256 -16317.4 -16330.7 -16204.7
  83 82.5 3.26874 0.00141872 -16355.5 -16298.9 -16272.9
  84 83.5 3.26641 0.00141771 -16361.9 -16345.1 -16350.1
  85 84.5 3.25318 0.00141197 -16369.4 -16433.5 -16360.5
  86 85.5 3.24952 0.00141038 -16433.4 -16461.8 -16411.2
  87 86.5 3.25268 0.00141175 -16264.6 -16317.6 -16426.8
  88 87.5 3.2498 0.0014105 -16267.7 -16466.8 -16407.8
  89 88.5 3.25229 0.00141159 -16400.4 -16592 -16401.6
  90 89.5 3.24889 0.00141011 -16416.7 -16507.5 -16338.5
  91 90.5 3.24543 0.00140861 -16423.2 -16411.3 -16381.1
  92 91.5 3.25028 0.00141071 -16443.7 -16405.5 -16437.4
  93 92.5 3.25453 0.00141256 -16411.3 -16383.9 -16406
  94 93.5 3.25636 0.00141335 -16250.7 -16342.7 -16315.4
  95 94.5 3.24647 0.00140906 -16320.3 -16331.5 -16446.2
  96 95.5 3.26135 0.00141552 -16214.2 -16311.1 -16313.4
  97 96.5 3.27765 0.00142259 -16386.8 -16281.2 -16329.2
  98 97.5 3.27194 0.00142011 -16367.4 -16219.9 -16311.1
  99 98.5 3.26777 0.0014183 -16310 -16226.4 -16302.6
  100 99.5 3.25746 0.00141383 -16356.7 -16367.2 -16446
  101 100.5 3.26154 0.0014156 -16438 -16426.4 -16328.5
  102 101.5 3.26606 0.00141756 -16404.1 -16382.3 -16307
  103 102.5 3.25644 0.00141339 -16602.1 -16369.7 -16390.7
  104 103.5 3.24052 0.00140648 -16345.9 -16455.1 -16514.4
  105 104.5 3.2595 0.00141471 -16390.6 -16397.8 -16337.5
  106 105.5 3.25055 0.00141083 -16276.4 -16413.7 -16290.1
  107 106.5 3.24456 0.00140823 -16411.3 -16392.5 -16457.2
  108 107.5 3.24465 0.00140827 -16431 -16383.5 -16418.6
  109 108.5 3.23919 0.0014059 -16451.8 -16349.1 -16432.1
  110 109.5 3.23748 0.00140516 -16481.7 -16287.5 -16500.5
  111 110.5 3.23784 0.00140531 -16423.2 -16369.4 -16483.2
  112 111.5 3.23325 0.00140332 -16355.7 -16502.9 -16486.9
  113 112.5 3.2286 0.0014013 -16550.1 -16514.5 -16522.4
  114 113.5 3.23116 0.00140241 -16468.3 -16498.3 -16496.3
  115 114.5 3.23367 0.0014035 -16448.7 -16308.9 -16451.4
  116 115.5 3.24709 0.00140933 -16512.3 -16317.9 -16389.2
  117 116.5 3.23442 0.00140383 -16435.4 -16356.1 -16490.7
  118 117.5 3.24116 0.00140675 -16473 -16356.1 -16451
  119 118.5 3.24911 0.0014102 -16458 -16353.7 -16352.9
  120 119.5 3.242 0.00140712 -16287.2 -16371.4 -16419.3
  121 120.5 3.24671 0.00140916 -16275.4 -16536.2 -16533.3
  122 121.5 3.25512 0.00141281 -16276.8 -16295.5 -16311.1
  123 122.5 3.24529 0.00140855 -16403.2 -16407.6 -16475.8
  124 123.5 3.26136 0.00141552 -16376.2 -16410.3 -16343.4
  125 124.5 3.27204 0.00142016 -16273.3 -16400.4 -16312
  126 125.5 3.2784 0.00142292 -16423.2 -16335 -16230
  127 126.5 3.2742 0.00142109 -16371.2 -16298.1 -16255
  128 127.5 3.27245 0.00142034 -16388.5 -16433.9 -16317.5
  129 128.5 3.27208 0.00142018 -16402.3 -16395.2 -16341.5
  130 129.5 3.27293 0.00142054 -16304.5 -16522.5 -16289.1
  131 130.5 3.28027 0.00142373 -16281.3 -16320.1 -16217
  132 131.5 3.27923 0.00142328 -16391.6 -16331.4 -16301.2
  133 132.5 3.28972 0.00142783 -16321.3 -16169.8 -16213.7
  134 133.5 3.29248 0.00142903 -16291.5 -16097.1 -16168.6
  135 134.5 3.29224 0.00142892 -16301.1 -16154.5 -16182.5
  136 135.5 3.29716 0.00143106 -16272.1 -16130.9 -16171.8
  137 136.5 3.2893 0.00142765 -16235.9 -16121.9 -16201.8
  138 137.5 3.30315 0.00143366 -16306.4 -16102.9 -16144.9
  139 138.5 3.3031 0.00143364 -16177.9 -16153.2 -16197.2
  140 139.5 3.31121 0.00143716 -16133.3 -16095.5 -16060.7
  141 140.5 3.30313 0.00143365 -16080.9 -16084.6 -16108.3
  142 141.5 3.31858 0.00144036 -16014.1 -16047.4 -16070.7
  143 142.5 3.3161 0.00143928 -16136.4 -16059.8 -16075.3
  144 143.5 3.32182 0.00144176 -16170.9 -16079 -15986.1
  145 144.5 3.33443 0.00144723 -16151.1 -16083 -15975.6
  146 145.5 3.33676 0.00144824 -16065.2 -16084.2 -16006.8
  147 146.5 3.33313 0.00144667 -16084.8 -16161.8 -15981.8
  148 147.5 3.34062 0.00144992 -16111.4 -16233 -15898.1
  149 148.5 3.35019 0.00145407 -16222.3 -16079.6 -15852.7
  150 149.5 3.34883 0.00145349 -16164.7 -16138.4 -15786.4
  151 150.5 3.35366 0.00145558 -16138.5 -16036.7 -15737.2
  152 151.5 3.36622 0.00146103 -16121.9 -15980.5 -15652.8
  153 152.5 3.39081 0.00147171 -16009.6 -15939.5 -15559.6
  154 153.5 3.40964 0.00147988 -15879.5 -15875.1 -15424.9
  155 154.5 3.42966 0.00148857 -15786.2 -15760.1 -15206.9
  156 155.5 3.48305 0.00151174 -15550.6 -15681.5 -14885.1
  157 156.5 3.54251 0.00153755 -15457.4 -15416.1 -14542.3
  158 157.5 3.61027 0.00156696 -15011.7 -15117.2 -14174.1
  159 158.5 3.68947 0.00160133 -14751.5 -14707.7 -13782.9
  160 159.5 3.81692 0.00165665 -14416.2 -14269.4 -13106
  161 160.5 3.96476 0.00172081 -13786.5 -13906.2 -12535.1
  162 161.5 4.12372 0.00178981 -13331.7 -13280 -11831.1
  163 162.5 4.33004 0.00187936 -12686.6 -12624 -11023.8
  164 163.5 4.56806 0.00198267 -11903.4 -11777.5 -10308.2
  165 164.5 4.87694 0.00211673 -11128.2 -11139.9 -9382.14
  166 165.5 5.21958 0.00226544 -10324.4 -10291.8 -8643.09
  167 166.5 5.6483 0.00245152 -9565.63 -9414.59 -7749.01
  168 167.5 6.10042 0.00264775 -8585.54 -8581.38 -7088.2
  169 168.5 6.62216 0.0028742 -7739.49 -7750.01 -6340.76
  170 169.5 7.22767 0.00313701 -6951.66 -6948.25 -5793.81
  171 170.5 7.87066 0.00341609 -6108.18 -6084.89 -5175.01
  172 171.5 8.55839 0.00371458 -5389.34 -5461.38 -4749.95
  173 172.5 9.3047 0.0040385 -4715.99 -4802.61 -4460.8
  174 173.5 10.1357 0.00439918 -4206.19 -4193.72 -4031.81
  175 174.5 10.99 0.00476996 -3610.42 -3767.63 -3735.17
  176 175.5 11.8816 0.00515693 -3068.44 -3185.62 -3506.06
  177 176.5 12.8251 0.00556643 -2703.15 -2825.55 -3353.34
  178 177.5 13.8501 0.00601133 -2282.54 -2454.58 -2945.31
  179 178.5 14.8634 0.00645113 -2070.45 -2183.14 -2883.34
  180 179.5 15.8369 0.00687364 -1738.73 -1762.26 -2902.52
  181 180.5 16.8772 0.00732517 -1481.09 -1591.32 -2793.62
  182 181.5 17.8791 0.00776005 -1320.29 -1265.61 -2696.92
  183 182.5 18.8616 0.00818647 -1132.11 -1105.05 -2648.51
  184 183.5 19.792 0.00859028 -1027.89 -1084.39 -2653.82
  185 184.5 20.677 0.00897438 -963.718 -956.985 -2692.11
  186 185.5 21.5269 0.00934326 -799.002 -922.352 -2569.01
  187 186.5 22.3049 0.00968094 -844.974 -956.166 -2574.68
  188 187.5 23.0123 0.00998798 -940.234 -962.809 -2549.62
  189 188.5 23.6387 0.0102598 -925.843 -983.075 -2525.04
  190 189.5 24.2494 0.0105249 -1089.11 -1123.6 -2449.44
  191 190.5 24.7538 0.0107438 -1113.28 -1102.59 -2244.39
  192 191.5 25.2294 0.0109503 -1303.86 -1286.26 -2232.3
  193 192.5 25.6218 0.0111206 -1394.43 -1450.33 -2083.84
  194 193.5 26.0139 0.0112908 -1640.87 -1633.88 -1898.11
  195 194.5 26.3918 0.0114548 -1706.46 -1764.47 -1638.12
  196 195.5 26.7187 0.0115967 -1987.7 -2002.8 -1487.87
  197 196.5 27.0146 0.0117251 -2186.52 -2344.6 -1119.25
  198 197.5 27.3367 0.0118649 -2558.71 -2654.25 -701.458
  199 198.5 27.7487 0.0120437 -2797.45 -2956.54 -339.277
  200 199.5 28.1184 0.0122042 -3236.99 -3390.03 -66.6439
  201 200.5 28.4867 0.012364 -3817.81 -4208.78 761.182
  202 201.5 29.0638 0.0126145 -4746.57 -5257.07 1199.02
  203 202.5 29.864 0.0129618 -5829.91 -6356.93 1049.81
  204 203.5 30.5223 0.0132475 -6752.44 -7823.68 205.608
  205 204.5 31.35 0.0136068 -6008.66 -6593.87 2644.44
  206 205.5 32.8685 0.0142659 -4190.22 -4174.36 5789.52
  207 206.5 34.7483 0.0150817 2621.56 1892.27 9294.69
  208 207.5 36.5394 0.0158591 11605.8 8777.02 11638.5
  209 208.5 38.0479 0.0165139 19948 19109.8 14915.4
  210 209.5 40.4046 0.0175367 29246.1 30155.3 17104.9
  211 210.5 42.7623 0.01856 34947.4 36335.7 12950.1
  212 211.5 43.9879 0.019092 38356.1 38078.9 1606.81
  213 212.5 44.4497 0.0192924 43386.6 44026.9 -8058.6
  214 213.5 44.4685 0.0193006 47894.8 50313.6 -15093.6
  215 214.5 45.2331 0.0196324 48977.1 56238.2 -16043
  216 215.5 44.9439 0.0195069 48582.2 60304.8 -15611
  217 216.5 45.2482 0.019639 51217.9 64544.6 -10954.9
  218 217.5 44.8944 0.0194854 53897.7 65668.2 -8704.88
  219 218.5 45.3501 0.0196832 54724.6 64221.9 -9776.03
  220 219.5 44.9573 0.0195127 55896.7 63878.8 -7871.61
  221 220.5 44.8719 0.0194757 62350.3 60697 -4135.42
  222 221.5 44.8416 0.0194625 56499.9 61878.1 -798.898
  223 222.5 44.7975 0.0194433 55941.7 63620.9 -4985.9
  224 223.5 44.2287 0.0191965 61516.1 62494.8 -3706.11
  225 224.5 43.5617 0.018907 56765.8 61088.1 1123.71
  226 225.5 44.3158 0.0192343 55905.9 52577.6 -37.4082
  227 226.5 44.1591 0.0191663 63987.5 49661.1 -2469.29
  228 227.5 43.4746 0.0188692 67840.5 53273.9 1323.71
  229 228.5 43.1362 0.0187223 63682.2 51702.1 2068.26
  230 229.5 43.1733 0.0187384 66620.6 56547.3 580.366
  231 230.5 42.8587 0.0186019 69081.1 61948 -632.17
  232 231.5 43.1448 0.018726 70504.7 66563.9 -102.789
  233 232.5 43.7577 0.018992 71835.9 68069.4 1846.37
  234 233.5 44.1032 0.019142 70274.9 68282.5 -2001.36
  235 234.5 44.4861 0.0193082 69310.4 73222.8 -3354.59
  236 235.5 44.7459 0.0194209 70198.4 78832.6 -3690.69
  237 236.5 44.856 0.0194687 74143.6 90261.4 1245.24
  238 237.5 44.8412 0.0194623 74275.6 94849.6 -2794.26
  239 238.5 44.9241 0.0194983 75189.2 99896.6 -2791.07
  240 239.5 45.0402 0.0195487 75740.9 100898 -2278.61
  241 240.5 45.0151 0.0195378 76280.2 102982 -850.277
  242 241.5 45.0211 0.0195404 76298.4 103427 -2241.81
  243 242.5 45.016 0.0195382 76512.9 104472 -1823.57
  244 243.5 44.9808 0.0195229 76521.6 104569 -1693.1
  245 244.5 45.0595 0.0195571 76629.2 105053 -1316.69
  246 245.5 45.092 0.0195712 76860.7 104949 -1475.2
  247 246.5 45.0925 0.0195714 76934.4 105024 -1263.79
  248 247.5 45.0509 0.0195533 76804.8 104976 -1387.12
  249 248.5 45.0605 0.0195575 76853.4 104912 -1529.54
  250 249.5 45.0898 0.0195702 77134.7 104967 -744.144
  251 250.5 45.0548 0.019555 77183 104719 -1089.97
  252 251.5 44.9821 0.0195235 76767.1 105010 -1168.53
  253 252.5 44.827 0.0194561 76601.2 104841 -989.178
  254 253.5 44.8697 0.0194747 76932.8 104903 -782.672
  255 254.5 44.9106 0.0194925 76617.3 105219 -1218.27
  256 255.5 44.7409 0.0194188 76091.1 105390 -1574.8
  257 256.5 44.6466 0.0193779 75396.4 105630 -1559.95
  258 257.5 44.9494 0.0195093 75404.2 106201 -1329.95
  259 258.5 45.1267 0.0195862 76081.4 106829 -316.832
  260 259.5 45.09 0.0195703 76629.4 107261 34.6232
  261 260.5 45.0639 0.019559 76652.2 107679 -1068.31
  262 261.5 45.0919 0.0195712 76857.3 107917 -1605.15
  263 262.5 45.111 0.0195794 77008.8 107922 -1251.29
  264 263.5 45.0844 0.0195679 76951.7 108239 -1107.96
  265 264.5 45.0976 0.0195736 76940.3 108243 -1360.82
  266 265.5 45.105 0.0195768 77082.4 108326 -1215.06
  267 266.5 45.0956 0.0195727 76945.1 108351 -1123.86
  268 267.5 45.0985 0.019574 77022.3 108420 -1213.18
  269 268.5 45.1004 0.0195748 77078.6 108462 -1111.11
  270 269.5 45.0994 0.0195744 77132.3 108475 -1149.97
  271 270.5 45.0985 0.019574 77048.2 108484 -1174.81
  272 271.5 45.0963 0.0195731 77136.5 108456 -1128.75
  273 272.5 45.1037 0.0195763 77076.3 108437 -1149.17
  274 273.5 45.0938 0.019572 77121.8 108392 -1132.66
  275 274.5 45.0983 0.0195739 77132.7 108439 -1115.4
  276 275.5 45.0984 0.019574 77128.2 108465 -1170.36
  277 276.5 45.0996 0.0195745 77159.6 108458 -1110.94
  278 277.5 45.0998 0.0195746 77143 108394 -1147.53
  279 278.5 45.0999 0.0195746 77043.2 108387 -1103.91
  280 279.5 45.1012 0.0195752 77126.2 108386 -1143.86
  281 280.5 45.0952 0.0195726 77080.7 108363 -1165.41
  282 281.5 45.1053 0.019577 77085.8 108332 -1110.08
  283 282.5 45.0954 0.0195726 77078.2 108348 -1168.85
  284 283.5 45.0948 0.0195724 77143.3 108325 -1093.69
  285 284.5 45.1001 0.0195747 77146.2 108366 -1122.33
  286 285.5 45.095 0.0195725 77098.5 108378 -1135.72
  287 286.5 45.1001 0.0195747 77096.3 108386 -1116.72
  288 287.5 45.0998 0.0195746 77097 108392 -1137.27
  289 288.5 45.1016 0.0195754 77050.4 108336 -1116.47
  290 289.5 45.0966 0.0195732 77108.4 108392 -1093.86
  291 290.5 45.0994 0.0195744 77106.9 108401 -1196.03
  292 291.5 45.0967 0.0195732 77169.5 108443 -1090.83
  293 292.5 45.0945 0.0195723 77053.7 108369 -1099.2
  294 293.5 45.1061 0.0195773 77117.1 108375 -1114.06
  295 294.5 45.096 0.0195729 77110.7 108326 -1162.63
  296 295.5 45.0983 0.0195739 77067.2 108333 -1122.5
  297 296.5 45.0936 0.0195719 77144.7 108427 -1121.72
  298 297.5 45.1026 0.0195758 77160.3 108446 -1098.43
  299 298.5 45.0959 0.0195729 77175.5 108432 -1114.38
  300 299.5 45.0969 0.0195733 77108.4 108459 -1113.2
  301 300.5 45.1032 0.0195761 77128.1 108401 -1111.42
  302 301.5 45.0968 0.0195733 77124.4 108440 -1118.17
  303 302.5 45.1007 0.019575 77138.9 108444 -1175.27
  304 303.5 45.0999 0.0195746 77177.1 108511 -1089.99
  305 304.5 45.0979 0.0195737 77099.3 108464 -1153.16
  306 305.5 45.0987 0.0195741 77156.3 108451 -1078.68
  307 306.5 45.0973 0.0195735 77161.8 108480 -1170.24
  308 307.5 45.0985 0.019574 77188.9 108467 -1132.72
  309 308.5 45.0975 0.0195736 77101.8 108433 -1122.65
  310 309.5 45.0982 0.0195739 77208.4 108484 -1063.54
  311 310.5 45.1004 0.0195748 77118.4 108432 -1168.21
  312 311.5 45.0989 0.0195742 77152.4 108476 -1086.14
  313 312.5 45.0978 0.0195737 77117.7 108438 -1120.67
  314 313.5 45.0977 0.0195737 77119.1 108417 -1160.78
  315 314.5 45.0979 0.0195738 77106.1 108444 -1136.37
  316 315.5 45.0979 0.0195738 77072.9 108403 -1065.42
  317 316.5 45.0977 0.0195737 77112.2 108415 -1178.31
  318 317.5 45.1014 0.0195753 77111.5 108465 -1074.18
  319 318.5 45.0942 0.0195722 77182.2 108426 -1137.01
  320 319.5 45.0971 0.0195734 77184.7 108430 -1138.37
  321 320.5 45.1001 0.0195747 77119.7 108422 -1160.8
  322 321.5 45.0938 0.019572 77141.7 108483 -1111.61
  323 322.5 45.1014 0.0195752 77119.5 108393 -1090.7
  324 323.5 45.0971 0.0195734 77063.6 108412 -1115.97
  325 324.5 45.1005 0.0195749 77094 108378 -1128.57
  326 325.5 45.0947 0.0195724 77080.2 108366 -1158.25
  327 326.5 45.0987 0.0195741 77165.7 108470 -1083.92
  328 327.5 45.0993 0.0195743 77211.7 108468 -1096.45
  329 328.5 45.0979 0.0195737 77231.1 108500 -1164.33
  330 329.5 45.0974 0.0195735 77175.7 108528 -1119.53
  331 330.5 45.0952 0.0195726 77175.7 108502 -1110.37
  332 331.5 45.1017 0.0195754 77117.6 108544 -1125.27
  333 332.5 45.0909 0.0195707 77082.2 108571 -1146.5
  334 333.5 45.0981 0.0195738 77069.1 108530 -1126.13
  335 334.5 45.0951 0.0195725 77148.4 108544 -1125.5
  336 335.5 45.0993 0.0195743 77051.1 108568 -1198.57
  337 336.5 45.0969 0.0195733 77039.3 108599 -1160.04
  338 337.5 45.0955 0.0195727 77032.8 108639 -1239.27
  339 338.5 45.0891 0.0195699 76905.5 108679 -1314.46
  340 339.5 45.1018 0.0195754 76897 108644 -1484.21
  341 340.5 45.0878 0.0195693 76882.4 108611 -1666.17
  342 341.5 45.095 0.0195725 76808.1 108620 -1818.17
  343 342.5 45.0937 0.0195719 76716.3 108571 -2182.52
  344 343.5 45.0921 0.0195712 76556.3 108499 -2562.82
  345 344.5 45.0864 0.0195688 76387.9 108463 -3040.78
  346 345.5 45.0679 0.0195607 76191 108323 -3798
  347 346.5 45.0742 0.0195635 75897.8 108076 -4557.31
  348 347.5 45.0542 0.0195548 75526.2 107730 -5722.65
  349 348.5 45.0389 0.0195481 75008.6 107079 -7344.55
  350 349.5 44.9967 0.0195298 74233.3 106117 -9303.21
  351 350.5 44.9643 0.0195158 73329.9 104704 -11689.1
  352 351.5 44.8841 0.019481 72143.9 102377 -14471.3
  353 352.5 44.7439 0.0194201 70717 99107.4 -16312.3
  354 353.5 44.5547 0.019338 69166.2 94276.6 -15295.9
  355 354.5 44.1786 0.0191747 67080.8 87731 -10789.6
  356 355.5 43.6157 0.0189304 63662.7 79644.9 -1822.25
  357 356.5 42.4213 0.018412 57844.1 68941.6 9724.68
  358 357.5 40.9206 0.0177607 49384.5 55910.4 20066.6
  359 358.5 38.839 0.0168572 35443.9 39267.7 22633
  360 359.5 36.5288 0.0158545 18427 21102 18197.2
  361 360.5 34.2269 0.0148554 2154.16 4072.96 8922.38
  362 361.5 32.7582 0.014218 -7422.36 -5829.06 2140.7
  363 362.5 31.6832 0.0137514 -9230.89 -7974.36 1237.59
  364 363.5 30.564 0.0132656 -7820.26 -7268.44 1731.38
  365 364.5 29.704 0.0128924 -6252.44 -6048.75 1722.29
  366 365.5 29.1994 0.0126733 -4998.54 -4927.64 1314.27
  367 366.5 28.7448 0.0124761 -4161.97 -4233.25 881.585
  368 367.5 28.351 0.0123051 -3623.54 -3655.82 515.116
  369 368.5 28.0474 0.0121734 -3218.51 -3275.1 -109.908
  370 369.5 27.8551 0.0120899 -2981.47 -2958.64 -435.02
  371 370.5 27.6607 0.0120055 -2734.76 -2800.25 -703.931
  372 371.5 27.4818 0.0119279 -2565.91 -2625.57 -915.366
  373 372.5 27.3879 0.0118871 -2442.25 -2422.01 -1131.48
  374 373.5 27.2749 0.011838 -2351.84 -2295.3 -1306.99
  375 374.5 27.1986 0.0118049 -2276.36 -2256.1 -1473.4
  376 375.5 27.1364 0.011778 -2185.51 -2220.56 -1573.43
  377 376.5 27.105 0.0117643 -2151.95 -2165.19 -1578.74
  378 377.5 27.0129 0.0117244 -2222.25 -2147.59 -1736.08
  379 378.5 27.0187 0.0117268 -2057.74 -2089.53 -1779.19
  380 379.5 26.9537 0.0116987 -2032.71 -2050.1 -1849.15
  381 380.5 26.969 0.0117053 -2053.44 -2024.03 -1803.81
  382 381.5 26.942 0.0116936 -2037.94 -1994.5 -1820.23
  383 382.5 26.9042 0.0116772 -2101.83 -2124.86 -1976.03
  384 383.5 26.8824 0.0116677 -1978.94 -1983 -1898.29
  385 384.5 26.897 0.0116741 -1925.89 -1928.56 -1935.2
  386 385.5 26.9017 0.0116761 -1938.7 -1965.24 -1920.61
  387 386.5 26.8652 0.0116603 -1952.84 -1949.09 -1904.55
  388 387.5 26.8546 0.0116557 -1997.07 -1884.36 -1919.34
  389 388.5 26.8719 0.0116632 -2097.84 -1989.9 -1990.58
  390 389.5 26.8514 0.0116543 -2014.24 -1977.56 -1990.81
  391 390.5 26.8388 0.0116488 -1987.22 -2005.85 -1957.71
  392 391.5 26.8436 0.0116509 -1954.44 -2009.57 -1963.56
  393 392.5 26.8457 0.0116518 -1938.84 -1951.29 -1925.01
  394 393.5 26.8335 0.0116465 -1954 -1976.15 -1977.82
  395 394.5 26.8232 0.011642 -1912.94 -2014.26 -1977.74
  396 395.5 26.8672 0.0116611 -2024.47 -2022.07 -1989.74
  397 396.5 26.8613 0.0116585 -2023.2 -1988.68 -1935.47
  398 397.5 26.8171 0.0116393 -2064.11 -1966.57 -1990.99
  399 398.5 26.8291 0.0116446 -2049.77 -1960.59 -2009.58
  400 399.5 26.8336 0.0116465 -2007.68 -2021.2 -1991.7
  401 400.5 26.8291 0.0116446 -2014.91 -1943.42 -1954.36
  402 401.5 26.8103 0.0116364 -2053.85 -2022.35 -2027.68
  403 402.5 26.8528 0.0116549 -2019.02 -2022.18 -1915.55
  404 403.5 26.8332 0.0116464 -1961.74 -2011.97 -1950.35
  405 404.5 26.8209 0.011641 -1901.54 -1993.76 -1982.43
  406 405.5 26.7908 0.011628 -1906.21 -1906.78 -2000.98
  407 406.5 26.8448 0.0116514 -1911.29 -1982.48 -1965.59
  408 407.5 26.8502 0.0116537 -2019.08 -1862.56 -1948.58
  409 408.5 26.8162 0.011639 -2022.47 -1926.22 -2038.06
  410 409.5 26.7923 0.0116286 -1914.21 -1948.99 -1965.11
  411 410.5 26.8456 0.0116517 -1890.86 -1958.61 -1966.95
  412 411.5 26.8368 0.0116479 -1971.45 -2020.16 -1974.65
  413 412.5 26.823 0.0116419 -1918.08 -1952.69 -1961.15
  414 413.5 26.813 0.0116376 -1905.7 -1970.57 -2001.62
  415 414.5 26.8294 0.0116447 -1943.42 -1951.99 -1976.85
  416 415.5 26.8277 0.011644 -1927.19 -1989.21 -1976.27
  417 416.5 26.8317 0.0116457 -1934.8 -1962.2 -1954.49
  418 417.5 26.8539 0.0116553 -1924.97 -1876.84 -2027.02
  419 418.5 26.7925 0.0116287 -1949.24 -1950.19 -2019.65
  420 419.5 26.8191 0.0116402 -1846.22 -1932.69 -1927.68
  421 420.5 26.8404 0.0116495 -1956.75 -1983.31 -1946.61
  422 421.5 26.8326 0.0116461 -1972.28 -1973.08 -1990.85
  423 422.5 26.793 0.0116289 -1944.67 -2004.9 -2021.64
  424 423.5 26.8317 0.0116457 -2018.04 -2059.2 -1974.69
  425 424.5 26.839 0.0116489 -2082.11 -2074.11 -1916.86
  426 425.5 26.8243 0.0116425 -2043.61 -2001.77 -1973.09
  427 426.5 26.8039 0.0116336 -2041.69 -2032.84 -2018.58
  428 427.5 26.8211 0.0116411 -2010.1 -2066.63 -2036.04
  429 428.5 26.8377 0.0116483 -1949.12 -1992.53 -1914.76
  430 429.5 26.8197 0.0116405 -2008.83 -1960.66 -1988.41
  431 430.5 26.8375 0.0116482 -2012.35 -1952.81 -1948.12
  432 431.5 26.8185 0.01164 -1945.97 -1938.75 -2001.54
  433 432.5 26.8298 0.0116449 -1994.45 -1977 -2012.06
  434 433.5 26.8192 0.0116403 -1993.4 -1938.92 -1942.66
  435 434.5 26.8407 0.0116496 -1953.2 -1909.85 -1944.58
  436 435.5 26.821 0.0116411 -1961.83 -1910.42 -1947.63
  437 436.5 26.7906 0.0116278 -1991.31 -1894.69 -2045.57
  438 437.5 26.8293 0.0116446 -2076.75 -1969.18 -1971.78
  439 438.5 26.861 0.0116584 -2028.48 -1996.42 -1960.49
  440 439.5 26.8268 0.0116436 -2020.6 -2030.6 -1975.3
  441 440.5 26.8481 0.0116528 -2015.05 -1962.51 -1947.82
  442 441.5 26.8728 0.0116635 -2042.68 -1977.56 -1991.9
  443 442.5 26.8496 0.0116535 -2029.44 -1966.19 -2011.7
  444 443.5 26.8228 0.0116418 -1990.59 -1950 -2015.46
  445 444.5 26.8437 0.0116509 -1911.77 -1976.65 -1950.13
  446 445.5 26.8864 0.0116695 -1907.96 -1951.5 -1964.77
  447 446.5 26.8396 0.0116491 -1980.87 -1997.86 -1980.88
  448 447.5 26.8269 0.0116436 -1960.71 -2032.08 -2018.34
  449 448.5 26.8265 0.0116435 -1950.2 -1934.19 -1998.08
  450 449.5 26.849 0.0116532 -1906.48 -1882.26 -1973.32
  451 450.5 26.8472 0.0116524 -1936.49 -2011.89 -2003.42
  452 451.5 26.8352 0.0116472 -1943.93 -1940.12 -1974.62
  453 452.5 26.829 0.0116445 -2051.06 -1935.83 -1994.42
  454 453.5 26.8495 0.0116534 -2023.7 -1950.72 -1953.85
  455 454.5 26.8419 0.0116501 -2014.9 -1906.48 -2048.56
  456 455.5 26.8041 0.0116337 -1939.65 -1974.42 -2061.97
  457 456.5 26.798 0.0116311 -1931.9 -1964.13 -1987.23
  458 457.5 26.8643 0.0116598 -2046.11 -2087.68 -2054.54
  459 458.5 26.7933 0.0116291 -1974.53 -2025.56 -2076.02
  460 459.5 26.7877 0.0116266 -1926.98 -1933.79 -2080.97
  461 460.5 26.7663 0.0116173 -1762.43 -1780.58 -2058.27
  462 461.5 26.7466 0.0116088 -1841.76 -1791.46 -2149.86
  463 462.5 26.7016 0.0115892 -1760.01 -1689.27 -2177.51
  464 463.5 26.6865 0.0115827 -1827.23 -1723.9 -2140.57
  465 464.5 26.6367 0.0115611 -1720.3 -1744.97 -2234.4
  466 465.5 26.581 0.0115369 -1594.54 -1721.17 -2202.37
  467 466.5 26.4905 0.0114976 -1620.02 -1643.03 -2277.86
  468 467.5 26.409 0.0114622 -1679.84 -1697.66 -2328.29
  469 468.5 26.2811 0.0114067 -1645.12 -1650.48 -2450.04
  470 469.5 26.1841 0.0113646 -1553.09 -1498.95 -2403.56
  471 470.5 25.9782 0.0112752 -1492.85 -1451.04 -2407.24
  472 471.5 25.7451 0.0111741 -1433.43 -1449.8 -2593.29
  473 472.5 25.5837 0.011104 -1319.49 -1315.61 -2494.49
  474 473.5 25.2675 0.0109668 -1275.32 -1223.1 -2580.08
  475 474.5 24.9258 0.0108185 -1082.56 -1147.93 -2606.03
  476 475.5 24.5426 0.0106522 -1112.03 -1133.88 -2705.14
  477 476.5 24.1426 0.0104786 -1113.09 -1137.52 -2635.51
  478 477.5 23.6352 0.0102584 -1046.59 -1009.38 -2731.55
  479 478.5 23.0563 0.0100071 -973.02 -942.892 -2770.54
  480 479.5 22.435 0.00973743 -979.775 -900.868 -2769.07
30000000 480 11658.000000000002
  1 0.5 19.4188 0.0084283 -1154.31 -1217.97 -2884.16
  2 1.5 18.5734 0.00806138 -1349.79 -1305.25 -2863.15
  3 2.5 17.6604 0.00766509 -1346.51 -1442.25 -2814.03
  4 3.5 16.7262 0.00725962 -1469.24 -1587.4 -2975.93
  5 4.5 15.7785 0.0068483 -1630.04 -1713.17 -3037.34
  6 5.5 14.8284 0.00643593 -1906.18 -1868.55 -3168.82
  7 6.5 13.8674 0.00601885 -2218.06 -2118.71 -3239.69
  8 7.5 12.9165 0.00560613 -2527.14 -2602.6 -3419.57
  9 8.5 12.0267 0.00521991 -3069.66 -2981.8 -3484.67
  10 9.5 11.1153 0.00482434 -3503.94 -3509.63 -3679.82
  11 10.5 10.2271 0.00443886 -4022.54 -3870.92 -3999.3
  12 11.5 9.40798 0.00408332 -4582.84 -4530.95 -4312.73
  13 12.5 8.62246 0.00374239 -5299.81 -5172.63 -4669.3
  14 13.5 7.91433 0.00343504 -6017.29 -6032.38 -5064.86
  15 14.5 7.23816 0.00314156 -6876.88 -6824.56 -5709.36
  16 15.5 6.63961 0.00288177 -7805.97 -7652.08 -6353.78
  17 16.5 6.10526 0.00264985 -8765.06 -8667.7 -6976.1
  18 17.5 5.62795 0.00244269 -9550.38 -9471.14 -7827.68
  19 18.5 5.23876 0.00227377 -10425.3 -10415.9 -8581.31
  20 19.5 4.88471 0.0021201 -11234.5 -11289.1 -9408.93
  21 20.5 4.58506 0.00199004 -11909.3 -11926.9 -10195.1
  22 21.5 4.33739 0.00188255 -12760.3 -12662.4 -11199.1
  23 22.5 4.12343 0.00178968 -13382.2 -13296 -11847.9
  24 23.5 3.96331 0.00172019 -13800.3 -13851.4 -12516.7
  25 24.5 3.84127 0.00166722 -14275.3 -14380.3 -13032.3
  26 25.5 3.72448 0.00161653 -14673.8 -14815.5 -13649.6
  27 26.5 3.62042 0.00157136 -15002.5 -15102.1 -14149.3
  28 27.5 3.54365 0.00153804 -15348.1 -15263.2 -14565.8
  29 28.5 3.50335 0.00152055 -15575.4 -15550 -14813
  30 29.5 3.44061 0.00149332 -15692.8 -15717.5 -15232.7
  31 30.5 3.40185 0.0014765 -15935.1 -15941.8 -15379.6
  32 31.5 3.37477 0.00146474 -15985 -16163 -15571.4
  33 32.5 3.35282 0.00145522 -16006.3 -16176.5 -15763.9
  34 33.5 3.32317 0.00144235 -16184.7 -16470.8 -15994
  35 34.5 3.31881 0.00144046 -16254.5 -16308 -15913.8
  36 35.5 3.3092 0.00143629 -16417.7 -16350.4 -16056
  37 36.5 3.29998 0.00143228 -16267.5 -16251 -16094.5
  38 37.5 3.29039 0.00142812 -16266.2 -16319.8 -16180.2
  39 38.5 3.28169 0.00142434 -16279.9 -16317.4 -16185.9
  40 39.5 3.27561 0.0014217 -16272.4 -16463.9 -16222.1
  41 40.5 3.26292 0.0014162 -16280.3 -16333.4 -16302.1
  42 41.5 3.26155 0.0014156 -16389.1 -16446.5 -16350.9
  43 42.5 3.25179 0.00141137 -16427.5 -16423.5 -16468.3
  44 43.5 3.25408 0.00141236 -16468 -16512.5 -16351.1
  45 44.5 3.25339 0.00141206 -16458.2 -16583.6 -16333.9
  46 45.5 3.25545 0.00141295 -16453.4 -16509.1 -16369.4
  47 46.5 3.25376 0.00141222 -16578 -16497.7 -16326.2
  48 47.5 3.24227 0.00140724 -16522.5 -16691.1 -16505.6
  49 48.5 3.24314 0.00140761 -16524.9 -16557.9 -16395.1
  50 49.5 3.2417 0.00140699 -16605.4 -16617 -16453.2
  51 50.5 3.22978 0.00140181 -16508.2 -16561.2 -16557.6
  52 51.5 3.2277 0.00140091 -16408.2 -16456.7 -16523.1
  53 52.5 3.24004 0.00140627 -16395.4 -16463.6 -16378
  54 53.5 3.22789 0.001401 -16437.3 -16647.1 -16548.6
  55 54.5 3.23049 0.00140212 -16340.1 -16517.5 -16469.2
  56 55.5 3.22099 0.001398 -16465 -16550.4 -16540.4
  57 56.5 3.23805 0.00140541 -16481.7 -16558 -16448.7
  58 57.5 3.23809 0.00140542 -16375.4 -16402.1 -16519.6
  59 58.5 3.23784 0.00140531 -16305.5 -16489.3 -16484
  60 59.5 3.24129 0.00140681 -16443.9 -16467.2 -16428.8
  61 60.5 3.24698 0.00140928 -16215.3 -16263.8 -16472
  62 61.5 3.2479 0.00140968 -16089.6 -16332.8 -16383.1
  63 62.5 3.24759 0.00140954 -16272.7 -16392.9 -16448.1
  64 63.5 3.25169 0.00141132 -16382.9 -16278 -16412
  65 64.5 3.25147 0.00141123 -16190.1 -16242.6 -16418
  66 65.5 3.25961 0.00141476 -16189.4 -16262.5 -16307.2
  67 66.5 3.26883 0.00141876 -16152 -16218.4 -16273.1
  68 67.5 3.26357 0.00141648 -16241 -16300.4 -16397.3
  69 68.5 3.26143 0.00141555 -16278.3 -16193.8 -16391.9
  70 69.5 3.27314 0.00142063 -16256.4 -16170.8 -16225.8
  71 70.5 3.27913 0.00142324 -16200 -15998.5 -16283.5
  72 71.5 3.26598 0.00141752 -16234.8 -16162 -16385.8
  73 72.5 3.27223 0.00142024 -16139.7 -16077.6 -16249.2
  74 73.5 3.27825 0.00142285 -16305.9 -16238.2 -16298.4
  75 74.5 3.27681 0.00142223 -16261.2 -16267.7 -16309.6
  76 75.5 3.2746 0.00142127 -16323.4 -16236.4 -16254.3
  77 76.5 3.26841 0.00141858 -16274 -16193.4 -16272.1
  78 77.5 3.27853 0.00142297 -16278.4 -16208.1 -16337.1
  79 78.5 3.28491 0.00142574 -16204.7 -16135.5 -16198.2
  80 79.5 3.28418 0.00142542 -16192.8 -16066.9 -16258.4
  81 80.5 3.28915 0.00142758 -16304.2 -16265.3 -16225.9
  82 81.5 3.28582 0.00142614 -16262.3 -16193.9 -16181
  83 82.5 3.29829 0.00143155 -16263.8 -16192.6 -16203.5
  84 83.5 3.29904 0.00143187 -16205.5 -16297.9 -16174.7
  85 84.5 3.29043 0.00142814 -16201 -16237.8 -16230.2
  86 85.5 3.29771 0.0014313 -16177.2 -16237.1 -16144
  87 86.5 3.31042 0.00143681 -16236.5 -16256.7 -16097.5
  88 87.5 3.29651 0.00143078 -16171.3 -16336.4 -16231.9
  89 88.5 3.30341 0.00143377 -16137.1 -16217.8 -16113.2
  90 89.5 3.30157 0.00143297 -16171.6 -16100.5 -16176.6
  91 90.5 3.3034 0.00143377 -16214.1 -16234.3 -16102.1
  92 91.5 3.29757 0.00143124 -16316.4 -16206.1 -16232.4
  93 92.5 3.29589 0.00143051 -16293.2 -16223.9 -16220.7
  94 93.5 3.3006 0.00143255 -16210.7 -16184.9 -16135.1
  95 94.5 3.31022 0.00143673 -16238.1 -16201.6 -16087.3
  96 95.5 3.30669 0.0014352 -16198.3 -16270.8 -16136.7
  97 96.5 3.30093 0.0014327 -16198.6 -16114.4 -16069.2
  98 97.5 3.29366 0.00142954 -16238.4 -16273.1 -16282.1
  99 98.5 3.29481 0.00143004 -16138.7 -16276.7 -16245
  100 99.5 3.29766 0.00143128 -16195.9 -16197.6 -16143.3
  101 100.5 3.31152 0.00143729 -16075 -16202.6 -16096.4
  102 101.5 3.30675 0.00143522 -15983.3 -16320.3 -16114.1
  103 102.5 3.28747 0.00142685 -16039.2 -16346.4 -16300.3
  104 103.5 3.30147 0.00143293 -16141.1 -16180.1 -16103.5
  105 104.5 3.2929 0.00142921 -16232.5 -16238.8 -16181.1
  106 105.5 3.29276 0.00142915 -16239.5 -16319.1 -16146.4
  107 106.5 3.2918 0.00142873 -16080.1 -16234.6 -16244.8
  108 107.5 3.2871 0.00142669 -16166.7 -16394.8 -16246.9
  109 108.5 3.29352 0.00142948 -16309.6 -16300.9 -16218.5
  110 109.5 3.28458 0.0014256 -16454.7 -16321.9 -16233.9
  111 110.5 3.29519 0.00143021 -16353.7 -16352.7 -16173.1
  112 111.5 3.2929 0.00142921 -16226.4 -16210.1 -16124.2
  113 112.5 3.29485 0.00143006 -16408.2 -16374.9 -16247.4
  114 113.5 3.29609 0.00143059 -16438.9 -16348.2 -16196.9
  115 114.5 3.30031 0.00143243 -16384.7 -16286.4 -16103.9
  116 115.5 3.29191 0.00142878 -16385.7 -16261.5 -16203.3
  117 116.5 3.28096 0.00142403 -16374.4 -16269.4 -16296.2
  118 117.5 3.28731 0.00142678 -16459.1 -16279 -16219.6
  119 118.5 3.28443 0.00142554 -16314.2 -16340 -16316.9
  120 119.5 3.29209 0.00142886 -16370.5 -16247.3 -16150.5
  121 120.5 3.28113 0.0014241 -16250.3 -16318.2 -16250.6
  122 121.5 3.28316 0.00142498 -16241 -16259.5 -16183.6
  123 122.5 3.26623 0.00141763 -16216.4 -16410.7 -16388.3
  124 123.5 3.26872 0.00141872 -16339.8 -16328.2 -16312.1
  125 124.5 3.2547 0.00141263 -16283.6 -16284.2 -16354.5
  126 125.5 3.26235 0.00141595 -16391.8 -16231.9 -16304.4
  127 126.5 3.25444 0.00141252 -16367.3 -16109.1 -16381.8
  128 127.5 3.26126 0.00141548 -16280.3 -16285.4 -16350.4
  129 128.5 3.26876 0.00141873 -16239.5 -16317.3 -16288.7
  130 129.5 3.27658 0.00142213 -16381.4 -16463.1 -16305.1
  131 130.5 3.2853 0.00142591 -16335 -16419.3 -16233.8
  132 131.5 3.29394 0.00142966 -16401.7 -16262.2 -16146.1
  133 132.5 3.27886 0.00142312 -16177.2 -16253.7 -16329.3
  134 133.5 3.29046 0.00142815 -16243.3 -16145.9 -16171.8
  135 134.5 3.293 0.00142925 -16266 -16083.9 -16215.4
  136 135.5 3.29327 0.00142937 -16272.4 -16284.1 -16168.9
  137 136.5 3.3009 0.00143268 -16238.2 -16272.3 -16176.1
  138 137.5 3.29591 0.00143052 -16256.2 -16256.6 -16240.2
  139 138.5 3.29095 0.00142836 -16236.9 -16184.1 -16148.5
  140 139.5 3.28911 0.00142757 -16281.4 -16302.3 -16171.3
  141 140.5 3.29816 0.00143149 -16370 -16199.6 -16189.9
  142 141.5 3.30139 0.0014329 -16437.7 -16300 -16076
  143 142.5 3.29409 0.00142973 -16230.7 -16067.5 -16183.8
  144 143.5 3.29506 0.00143015 -16145.6 -16262 -16161.5
  145 144.5 3.31127 0.00143718 -16130.1 -16322.6 -16067.6
  146 145.5 3.30927 0.00143631 -16000.7 -16176.2 -16035.5
  147 146.5 3.30666 0.00143518 -16185.9 -16196.7 -16088.2
  148 147.5 3.31852 0.00144033 -16167.9 -16106.2 -15967
  149 148.5 3.33387 0.00144699 -15941.1 -16105.2 -15803.9
  150 149.5 3.34214 0.00145058 -15838.4 -15972.2 -15784.4
  151 150.5 3.35395 0.00145571 -15768.6 -15945.3 -15702.1
  152 151.5 3.3909 0.00147174 -15862.2 -15780.7 -15475.8
  153 152.5 3.41607 0.00148267 -15753.8 -15753.6 -15264.2
  154 153.5 3.46022 0.00150183 -15668.5 -15536.4 -14927.1
  155 154.5 3.52256 0.00152889 -15415.8 -15339.4 -14713
  156 155.5 3.59353 0.00155969 -15162.5 -15054.2 -14241
  157 156.5 3.68668 0.00160012 -14867.1 -14862 -13815.4
  158 157.5 3.81638 0.00165642 -14478.8 -14412.6 -13096.6
  159 158.5 3.96195 0.0017196 -14044 -13776.9 -12465
  160 159.5 4.13382 0.00179419 -13479.8 -13259 -11820.8
  161 160.5 4.35988 0.00189231 -12836.5 -12677.6 -10942.7
  162 161.5 4.61576 0.00200337 -12006.4 -11972.2 -10090.5
  163 162.5 4.93825 0.00214334 -11201.7 -11122.7 -9186.65
  164 163.5 5.30463 0.00230236 -10395.4 -10195.2 -8320.78
  165 164.5 5.72081 0.00248299 -9431.31 -9433.15 -7586.66
  166 165.5 6.19695 0.00268965 -8517.62 -8524.86 -6861.57
  167 166.5 6.77262 0.00293951 -7586.31 -7480.05 -6048.22
  168 167.5 7.42338 0.00322195 -6737.47 -6753.48 -5463.2
  169 168.5 8.10718 0.00351874 -5878.11 -5865.78 -4896.35
  170 169.5 8.86798 0.00384895 -5073.28 -5139.57 -4427.75
  171 170.5 9.65885 0.00419221 -4433.12 -4293.28 -4185.44
  172 171.5 10.5179 0.00456508 -3745.36 -3761.93 -3947.76
  173 172.5 11.3972 0.0049467 -3257.75 -3350.97 -3694.96
  174 173.5 12.3121 0.00534379 -2745.01 -2846.41 -3434.01
  175 174.5 13.232 0.00574305 -2503.9 -2484.29 -3345.84
  176 175.5 14.1862 0.00615722 -2161.08 -2141.66 -3186.78
  177 176.5 15.1194 0.00656225 -1936.12 -1860.07 -3172.71
  178 177.5 16.0646 0.00697248 -1697.69 -1679.2 -3017.49
  179 178.5 17.0478 0.00739924 -1498.02 -1476.21 -2835.32
  180 179.5 17.9549 0.0077929 -1402.13 -1357.42 -2883.66
  181 180.5 18.825 0.00817055 -1319.02 -1185.32 -2843.29
  182 181.5 19.7028 0.00855158 -1267.05 -1184.7 -2790.19
  183 182.5 20.538 0.00891408 -1115.53 -1065.69 -2719.08
  184 183.5 21.3442 0.00926399 -1000.1 -1112.78 -2601.65
  185 184.5 22.0623 0.00957566 -1086.89 -1176.11 -2585.91
  186 185.5 22.7713 0.00988338 -1122.31 -1048.86 -2580.18
  187 186.5 23.381 0.010148 -1075.07 -1107.72 -2536.21
  188 187.5 23.951 0.0103954 -1131.23 -1116.2 -2485.2
  189 188.5 24.4701 0.0106207 -1198.7 -1224.18 -2441.03
  190 189.5 24.9584 0.0108326 -1280.06 -1334.62 -2247.13
  191 190.5 25.3621 0.0110078 -1399.46 -1354.29 -2166.24
  192 191.5 25.7709 0.0111853 -1452.2 -1451.5 -2089.87
  193 192.5 26.0885 0.0113231 -1537.54 -1511.44 -1931.83
  194 193.5 26.3751 0.0114475 -1825.27 -1733.03 -1787.08
  195 194.5 26.7225 0.0115983 -1910.26 -1923.4 -1389.94
  196 195.5 27.0255 0.0117298 -2176.19 -2244.03 -1245.65
  197 196.5 27.2507 0.0118275 -2390.14 -2452.65 -1066.98
  198 197.5 27.5156 0.0119425 -2774.95 -2712.35 -614.308
  199 198.5 27.9549 0.0121332 -3146.09 -3120.32 -8.19769
  200 199.5 28.3796 0.0123175 -3557.15 -3668.68 471.007
  201 200.5 28.7256 0.0124677 -4325.92 -4339.11 652.168
  202 201.5 29.205 0.0126758 -5389.6 -5254.96 1377.19
  203 202.5 30.0683 0.0130505 -6629.11 -6426.3 1754.18
  204 203.5 31.0547 0.0134786 -8166.05 -7645.8 1044.56
  205 204.5 31.9344 0.0138604 -8219.68 -7372.58 1074.03
  206 205.5 33.2293 0.0144224 -1447.85 -626.928 6694.35
  207 206.5 35.3207 0.0153302 11506.9 12455.6 14537.6
  208 207.5 37.4909 0.0162721 25573.3 26700.1 18848.4
  209 208.5 39.411 0.0171055 38656.7 41096.1 18174
  210 209.5 41.1502 0.0178603 49417.6 55505.2 12290.2
  211 210.5 42.7216 0.0185424 58104.9 68320 4020.89
  212 211.5 43.5904 0.0189194 64516.7 78921.9 -3638.89
  213 212.5 44.2392 0.019201 68254.8 88012.1 -9451.51
  214 213.5 44.5356 0.0193297 69953.7 94309.4 -13905.2
  215 214.5 44.8462 0.0194645 71973.3 98853.3 -14755.3
  216 215.5 44.7911 0.0194406 73874.7 101913 -13791.9
  217 216.5 44.8837 0.0194808 74571.5 103775 -11372.5
  218 217.5 45.0188 0.0195394 75419.1 104897 -8501.9
  219 218.5 45.0038 0.0195329 76649.4 105330 -6746.73
  220 219.5 44.9719 0.0195191 77638 105450 -6171.67
  221 220.5 44.9358 0.0195034 78116.7 105051 -5011.19
  222 221.5 45.0515 0.0195536 78819 104864 -2607.48
  223 222.5 44.9145 0.0194941 78575.2 104992 -2760.6
  224 223.5 44.9026 0.019489 76985.6 105868 -2915.76
  225 224.5 44.7859 0.0194383 77790.2 106307 -1584.79
  226 225.5 44.8089 0.0194483 76141.3 106031 -95.1026
  227 226.5 44.8222 0.0194541 74257.9 105313 -1382.32
  228 227.5 44.8428 0.019463 74263.3 103167 -2415.81
  229 228.5 44.6714 0.0193886 74779.1 103042 -1367.3
  230 229.5 44.8989 0.0194874 75715.7 103751 -1292.34
  231 230.5 45.0439 0.0195503 76224.1 104050 -1395.03
  232 231.5 45.1269 0.0195863 76551.4 104864 -782.12
  233 232.5 45.0357 0.0195468 76149.1 105844 -686.901
  234 233.5 45.0784 0.0195653 76460 106574 -1802.56
  235 234.5 45.0857 0.0195684 77062.1 107360 -1126.07
  236 235.5 45.096 0.0195729 77014.6 107740 -1244.69
  237 236.5 45.0695 0.0195614 77149.3 108103 -1192.69
  238 237.5 45.099 0.0195742 77060 108128 -1386.39
  239 238.5 45.0907 0.0195706 77198.2 108235 -1168.32
  240 239.5 45.0931 0.0195717 77082.6 108255 -1219.69
  241 240.5 45.0913 0.0195709 77150.6 108258 -1210.3
  242 241.5 45.1011 0.0195751 77142 108199 -1295.52
  243 242.5 45.0931 0.0195717 77020.9 108205 -1252.47
  244 243.5 45.0908 0.0195706 77048.1 108195 -1217.16
  245 244.5 45.1003 0.0195748 77099.3 108054 -1267.87
  246 245.5 45.0953 0.0195726 76972.5 107826 -1484.01
  247 246.5 45.0737 0.0195632 76873.4 107665 -1078.85
  248 247.5 45.0798 0.0195659 76989.7 107342 -541.037
  249 248.5 45.0852 0.0195682 77039.8 107277 -653.832
  250 249.5 44.9737 0.0195198 76685 107193 -904.735
  251 250.5 44.7401 0.0194184 76455.8 107022 -1366.89
  252 251.5 44.7262 0.0194124 76281.2 107065 -1155.24
  253 252.5 44.7773 0.0194346 76311.7 106707 -1545.2
  254 253.5 44.8565 0.019469 76269.2 106696 -1198.88
  255 254.5 44.8945 0.0194855 75596.8 106725 -966.029
  256 255.5 44.915 0.0194944 75748.5 107107 -818.099
  257 256.5 45.0399 0.0195486 76074.2 107529 -799.474
  258 257.5 45.0976 0.0195736 76591.4 107852 -896.54
  259 258.5 45.086 0.0195686 76830.5 108101 -867.623
  260 259.5 45.0824 0.019567 76865.9 108263 -1200.15
  261 260.5 45.0918 0.0195711 76972.9 108362 -1460.61
  262 261.5 45.1018 0.0195754 77126.2 108480 -1170.35
  263 262.5 45.0974 0.0195735 77086.7 108453 -1205.5
  264 263.5 45.0944 0.0195722 76971.8 108496 -1243.86
  265 264.5 45.0957 0.0195728 77119.3 108376 -1211.15
  266 265.5 45.1023 0.0195757 77083.9 108481 -1139.99
  267 266.5 45.0938 0.019572 77040.4 108459 -1186.99
  268 267.5 45.1042 0.0195765 77088 108486 -1132.36
  269 268.5 45.0951 0.0195725 77099.6 108392 -1182.95
  270 269.5 45.0953 0.0195726 77054.1 108423 -1140.19
  271 270.5 45.104 0.0195764 77136.5 108432 -1129.38
  272 271.5 45.0969 0.0195733 77097.4 108448 -1113.18
  273 272.5 45.0969 0.0195733 77134.4 108484 -1164.57
  274 273.5 45.0984 0.019574 77111.3 108466 -1125.68
  275 274.5 45.0966 0.0195732 77145.5 108465 -1110.65
  276 275.5 45.1003 0.0195748 77095.6 108443 -1117.35
  277 276.5 45.0952 0.0195726 77099.2 108479 -1150.42
  278 277.5 45.1019 0.0195755 77153.3 108495 -1096.29
  279 278.5 45.0997 0.0195745 77104.1 108437 -1119.16
  280 279.5 45.0957 0.0195728 77121.6 108497 -1129.03
  281 280.5 45.0991 0.0195743 77168.8 108479 -1111.68
  282 281.5 45.0982 0.0195739 77157.5 108471 -1115.05
  283 282.5 45.102 0.0195755 77151.9 108461 -1166.57
  284 283.5 45.0928 0.0195715 77151.8 108539 -1097.64
  285 284.5 45.1008 0.019575 77160.3 108501 -1081.13
  286 285.5 45.0984 0.019574 77080.2 108430 -1166.01
  287 286.5 45.0967 0.0195732 77149.4 108424 -1137.36
  288 287.5 45.0998 0.0195746 77163.9 108438 -1091.42
  289 288.5 45.0983 0.0195739 77048.1 108448 -1124.5
  290 289.5 45.094 0.0195721 77083.8 108383 -1197.63
  291 290.5 45.1039 0.0195764 77205.8 108472 -1060.38
  292 291.5 45.0932 0.0195717 77134.2 108391 -1135.51
  293 292.5 45.1042 0.0195765 77149 108477 -1150.49
  294 293.5 45.0967 0.0195732 77149.3 108486 -1091.67
  295 294.5 45.0985 0.019574 77077.8 108464 -1169.22
  296 295.5 45.0972 0.0195735 77094.6 108413 -1118.85
  297 296.5 45.0979 0.0195737 77120.4 108435 -1143.27
  298 297.5 45.0984 0.019574 77159.5 108508 -1100
  299 298.5 45.1018 0.0195754 77166.8 108470 -1141.19
  300 299.5 45.0942 0.0195721 77174.5 108482 -1092.95
  301 300.5 45.1048 0.0195767 77154.7 108432 -1149.57
  302 301.5 45.0965 0.0195731 77198.7 108419 -1089.57
  303 302.5 45.0974 0.0195735 77144.6 108429 -1103.59
  304 303.5 45.0975 0.0195736 77126.7 108435 -1132.08
  305 304.5 45.0961 0.019573 77193.4 108488 -1074.25
  306 305.5 45.0987 0.0195741 77151.5 108431 -1153.78
  307 306.5 45.1002 0.0195747 77108.5 108440 -1133.44
  308 307.5 45.1037 0.0195763 77114.9 108447 -1149.97
  309 308.5 45.0963 0.0195731 77168.6 108474 -1052.15
  310 309.5 45.0956 0.0195728 77179.2 108472 -1113.16
  311 310.5 45.099 0.0195742 77091.1 108366 -1153.38
  312 311.5 45.0945 0.0195723 77110.3 108387 -1076.62
  313 312.5 45.0981 0.0195738 77084.9 108343 -1124.12
  314 313.5 45.0979 0.0195737 77057.6 108407 -1167.28
  315 314.5 45.0983 0.0195739 77142 108366 -1100.05
  316 315.5 45.1027 0.0195758 77119.6 108350 -1118.93
  317 316.5 45.0952 0.0195726 77193.3 108372 -1095.93
  318 317.5 45.097 0.0195733 77103.1 108353 -1135.88
  319 318.5 45.1005 0.0195749 77073.8 108324 -1145.4
  320 319.5 45.096 0.0195729 77115.4 108342 -1138.29
  321 320.5 45.0955 0.0195727 77115.3 108346 -1092.85
  322 321.5 45.0991 0.0195743 77137.1 108367 -1159.88
  323 322.5 45.098 0.0195738 77150.3 108344 -1109.47
  324 323.5 45.0958 0.0195728 77136.1 108403 -1085.2
  325 324.5 45.0941 0.0195721 77100.6 108366 -1131.31
  326 325.5 45.0963 0.0195731 77094.9 108377 -1109.62
  327 326.5 45.0984 0.019574 77128.2 108340 -1151.75
  328 327.5 45.1032 0.019576 77161.9 108436 -1077.97
  329 328.5 45.0926 0.0195714 77088.9 108430 -1123.59
  330 329.5 45.0971 0.0195734 77047 108418 -1141.97
  331 330.5 45.097 0.0195733 77075.7 108397 -1146.33
  332 331.5 45.0911 0.0195708 77060 108388 -1153.94
  333 332.5 45.1025 0.0195757 77078.1 108379 -1132.45
  334 333.5 45.0922 0.0195713 77059.7 108456 -1172.28
  335 334.5 45.0935 0.0195718 77015.4 108452 -1134.62
  336 335.5 45.1008 0.019575 77006.9 108546 -1138.24
  337 336.5 45.0918 0.0195711 76982.1 108443 -1235.24
  338 337.5 45.0918 0.0195711 76934.9 108503 -1316.74
  339 338.5 45.0953 0.0195726 76878.1 108476 -1392.27
  340 339.5 45.0928 0.0195715 76900.6 108520 -1505.35
  341 340.5 45.0934 0.0195718 76779.7 108513 -1797.33
  342 341.5 45.0951 0.0195725 76647 108471 -2085.48
  343 342.5 45.0832 0.0195674 76559.7 108425 -2397.06
  344 343.5 45.0885 0.0195697 76412.8 108346 -2901.97
  345 344.5 45.08 0.019566 76217.8 108246 -3600.42
  346 345.5 45.0685 0.019561 75999.9 108072 -4214.09
  347 346.5 45.0674 0.0195605 75663.8 107745 -5294.39
  348 347.5 45.0435 0.0195502 75226.6 107252 -6805.33
  349 348.5 45.0159 0.0195381 74548.6 106552 -8500.09
  350 349.5 44.9741 0.01952 73685.7 105328 -10830.1
  351 350.5 44.9219 0.0194973 72674.5 103186 -13890.3
  352 351.5 44.8011 0.0194449 71334.7 100178 -16514.3
  353 352.5 44.6108 0.0193623 69721.6 95883 -16601.2
  354 353.5 44.3634 0.019255 68480.8 90439.6 -11427.2
  355 354.5 43.9086 0.0190576 66299.8 83189 -3019.09
  356 355.5 42.9219 0.0186293 60781.5 73125.2 6656.21
  357 356.5 41.2818 0.0179174 51517.3 59693.2 15135.7
  358 357.5 39.3483 0.0170783 39910.2 44471.6 20136.4
  359 358.5 37.3784 0.0162233 25101.1 27803.7 19070.4
  360 359.5 35.1514 0.0152567 9759.61 11989.2 13506.7
  361 360.5 33.2276 0.0144217 -3154.6 -1155.7 5657.99
  362 361.5 31.9441 0.0138646 -8842.43 -7365.54 1206.78
  363 362.5 31.0014 0.0134555 -8638.65 -7733.28 1113.33
  364 363.5 30.0552 0.0130448 -6860.87 -6560.86 1787.76
  365 364.5 29.2997 0.0127169 -5297.57 -5314.58 1507.18
  366 365.5 28.867 0.0125291 -4390.99 -4404.61 958.342
  367 366.5 28.4883 0.0123647 -3733.16 -3795.19 669.764
  368 367.5 28.1645 0.0122242 -3322.49 -3426.27 171.709
  369 368.5 27.9096 0.0121135 -3012.59 -3056.2 -330.169
  370 369.5 27.7144 0.0120288 -2807.92 -2815.31 -645.73
  371 370.5 27.5553 0.0119598 -2627.73 -2629.12 -820.921
  372 371.5 27.4461 0.0119124 -2416.83 -2468.58 -1070.96
  373 372.5 27.3233 0.0118591 -2246.72 -2327.49 -1239.77
  374 373.5 27.2607 0.0118319 -2254.27 -2298.13 -1452.44
  375 374.5 27.1919 0.011802 -2160.2 -2185.46 -1485.67
  376 375.5 27.1219 0.0117716 -2231.75 -2168.99 -1622.1
  377 376.5 27.1084 0.0117658 -2099.11 -2131.53 -1668.3
  378 377.5 27.0657 0.0117472 -2026.83 -2077.16 -1730.06
  379 378.5 27.0374 0.011735 -2046.21 -2132.85 -1812.73
  380 379.5 27.035 0.0117339 -2085.16 -2024.44 -1830.24
  381 380.5 26.9918 0.0117152 -2070.85 -2051.33 -1863.68
  382 381.5 26.9851 0.0117123 -2063.19 -2024.93 -1904.06
  383 382.5 26.9864 0.0117128 -2089.16 -2035.68 -1927.06
  384 383.5 26.9637 0.011703 -2043.02 -2008.09 -1935.88
  385 384.5 26.9711 0.0117062 -2065.56 -1986.05 -1909.52
  386 385.5 26.9436 0.0116943 -2054.53 -2079 -1948.63
  387 386.5 26.9369 0.0116913 -2049.58 -1990.89 -1957.13
  388 387.5 26.9582 0.0117006 -2007.28 -1956.47 -1906.15
  389 388.5 26.9223 0.011685 -2011.91 -2027.06 -2033.7
  390 389.5 26.908 0.0116788 -1881 -1974.42 -1927.04
  391 390.5 26.924 0.0116858 -1952.21 -2019.87 -1950.35
  392 391.5 26.9209 0.0116844 -1946.66 -2019.23 -1975.66
  393 392.5 26.9141 0.0116815 -1982.92 -1966.14 -1976.37
  394 393.5 26.8964 0.0116738 -1979.78 -1993.24 -1972.81
  395 394.5 26.9165 0.0116825 -2017.92 -1966.31 -1888.86
  396 395.5 26.8798 0.0116666 -2036.54 -2000.85 -2034.31
  397 396.5 26.9192 0.0116837 -1878.11 -1957.71 -1974.39
  398 397.5 26.8772 0.0116654 -1870.66 -1975.88 -1985.76
  399 398.5 26.8691 0.0116619 -1935.7 -2061.79 -1967.5
  400 399.5 26.9374 0.0116916 -1967.4 -2023.62 -1946.4
  401 400.5 26.8949 0.0116731 -1950.48 -2019.03 -1970.49
  402 401.5 26.8545 0.0116556 -1984.02 -2064.98 -1992.92
  403 402.5 26.8778 0.0116657 -1950.06 -1978.58 -2020.66
  404 403.5 26.9124 0.0116807 -1880.33 -1954.14 -1904.05
  405 404.5 26.901 0.0116758 -1959.97 -2024.4 -1976.7
  406 405.5 26.8523 0.0116547 -1988.09 -1970.85 -1967.73
  407 406.5 26.9025 0.0116764 -1930.21 -2063.29 -2020.37
  408 407.5 26.8876 0.0116699 -1976.35 -2032.8 -1965.56
  409 408.5 26.9001 0.0116754 -2004.88 -2014.27 -1972.46
  410 409.5 26.8763 0.011665 -2010.7 -1966.29 -1943.11
  411 410.5 26.9102 0.0116798 -1966.54 -1999.47 -1973.94
  412 411.5 26.8948 0.0116731 -1959.58 -2003.23 -1988.23
  413 412.5 26.8773 0.0116655 -1950.99 -1960.28 -1942.68
  414 413.5 26.8632 0.0116594 -1969.37 -2029.54 -1977.45
  415 414.5 26.8985 0.0116747 -1964.29 -2072.94 -2039.07
  416 415.5 26.8687 0.0116617 -2053.83 -2057.58 -1997.93
  417 416.5 26.8835 0.0116682 -1952 -1911.9 -1906.29
  418 417.5 26.9091 0.0116793 -2024.43 -2019.34 -1972.05
  419 418.5 26.8885 0.0116703 -1897.41 -1914.33 -1974.85
  420 419.5 26.8811 0.0116672 -1953.02 -1971.27 -2027.45
  421 420.5 26.8917 0.0116717 -1982.64 -1974.02 -1952.44
  422 421.5 26.8852 0.0116689 -1975.05 -2038.68 -1958.15
  423 422.5 26.9139 0.0116814 -1972.75 -2019.63 -1953.29
  424 423.5 26.8644 0.0116599 -1997.87 -1976.6 -1988.01
  425 424.5 26.8577 0.011657 -1939.47 -1943.72 -2002.95
  426 425.5 26.8918 0.0116718 -1848.51 -1921.14 -1956.92
  427 426.5 26.8792 0.0116663 -1924.16 -1932.97 -1972.76
  428 427.5 26.8916 0.0116717 -1921.3 -1929 -1988.44
  429 428.5 26.8621 0.0116589 -1870.14 -1884.89 -1949.51
  430 429.5 26.8805 0.0116669 -1889.19 -1960.53 -2028.87
  431 430.5 26.9034 0.0116768 -1936.05 -1858.74 -1932.26
  432 431.5 26.8689 0.0116618 -1920.81 -1904.05 -1980.85
  433 432.5 26.8501 0.0116537 -1947.4 -1925.1 -1968.05
  434 433.5 26.8751 0.0116645 -1990.31 -1975.35 -2016.9
  435 434.5 26.9175 0.0116829 -2023.24 -1981.07 -1939.15
  436 435.5 26.8448 0.0116514 -2038.81 -1968.96 -1981.67
  437 436.5 26.8925 0.0116721 -1933.45 -1849.22 -1929.55
  438 437.5 26.8938 0.0116727 -1997.42 -1991.92 -1982.79
  439 438.5 26.8618 0.0116588 -2067.71 -1978.41 -1997.44
  440 439.5 26.8882 0.0116702 -2062.6 -2052.81 -2020.79
  441 440.5 26.899 0.0116749 -1955.65 -1951.2 -1952.18
  442 441.5 26.8722 0.0116633 -1933.92 -1952.41 -1951.56
  443 442.5 26.8618 0.0116588 -2000.84 -2084.58 -2024.65
  444 443.5 26.8876 0.01167 -2029.18 -2006.38 -1995.19
  445 444.5 26.9039 0.0116771 -1874.45 -1933.49 -1913.62
  446 445.5 26.8811 0.0116672 -2006.03 -1965.19 -2019.65
  447 446.5 26.8766 0.0116652 -1931.11 -1891.71 -1986.88
  448 447.5 26.88 0.0116667 -1920.1 -1980.62 -1939.83
  449 448.5 26.9129 0.011681 -1997.41 -1980.6 -2018.06
  450 449.5 26.8856 0.0116691 -2000.21 -1970.85 -2031.08
  451 450.5 26.9029 0.0116766 -1944.06 -2021.2 -1976.93
  452 451.5 26.8876 0.01167 -1982.6 -1983.56 -1984.99
  453 452.5 26.909 0.0116792 -1919.8 -1988.71 -2017.11
  454 453.5 26.8818 0.0116675 -1980.87 -1929.56 -2048.72
  455 454.5 26.8498 0.0116535 -1992.44 -1996.49 -2082.28
  456 455.5 26.8593 0.0116577 -1892.27 -1972.01 -2032.83
  457 456.5 26.8586 0.0116574 -1853.98 -1909.61 -2024.98
  458 457.5 26.7961 0.0116302 -1940.45 -1923.16 -2137.16
  459 458.5 26.7817 0.011624 -1802.8 -1871.01 -2114.36
  460 459.5 26.748 0.0116094 -1776.94 -1911.86 -2146.84
  461 460.5 26.7276 0.0116005 -1814.3 -1764.29 -2169.2
  462 461.5 26.6874 0.0115831 -1792.09 -1821.96 -2205.39
  463 462.5 26.5804 0.0115366 -1732.86 -1744.61 -2225.03
  464 463.5 26.5739 0.0115338 -1682.09 -1684.06 -2220.25
  465 464.5 26.4736 0.0114903 -1681.18 -1689.34 -2424.88
  466 465.5 26.3387 0.0114317 -1560.64 -1612.6 -2396.13
  467 466.5 26.2153 0.0113782 -1526.25 -1519.06 -2398.94
  468 467.5 26.096 0.0113264 -1464.9 -1410.46 -2450.98
  469 468.5 25.9079 0.0112448 -1413.86 -1400.55 -2548.78
  470 469.5 25.625 0.011122 -1370.72 -1266.03 -2525.18
  471 470.5 25.427 0.011036 -1297.38 -1214.03 -2615.57
  472 471.5 25.0832 0.0108868 -1059.52 -1196.89 -2579.55
  473 472.5 24.6314 0.0106907 -1029.24 -1141.28 -2666.39
  474 473.5 24.2042 0.0105053 -983.665 -1012.25 -2714.89
  475 474.5 23.7377 0.0103028 -884.426 -980.963 -2694.12
  476 475.5 23.1426 0.0100445 -840.731 -966.701 -2632.26
  477 476.5 22.4883 0.00976054 -854.389 -976.233 -2704.96
  478 477.5 21.8145 0.00946809 -965.34 -943.11 -2716.14
  479 478.5 21.0682 0.00914421 -1054.5 -1030.91 -2772.54
  480 479.5 20.2632 0.0087948 -1108.63 -1136.68 -2767.38
40000000 480 11658
  1 0.5 8.44155 0.00366387 -5904.36 -5993.68 -4213.02
  2 1.5 7.60701 0.00330166 -6956.88 -7001.26 -4927.87
  3 2.5 6.87036 0.00298193 -8043.13 -7923.76 -5702.26
  4 3.5 6.23382 0.00270565 -8926.07 -8979.82 -6415.54
  5 4.5 5.68733 0.00246846 -9952.71 -9984.48 -7478.02
  6 5.5 5.24061 0.00227457 -10763.2 -10852.2 -8293.77
  7 6.5 4.8574 0.00210825 -11671 -11688.2 -9348.78
  8 7.5 4.54153 0.00197115 -12321.2 -12358.6 -10326
  9 8.5 4.28937 0.00186171 -13115.8 -13173.6 -11204
  10 9.5 4.09367 0.00177676 -13733.1 -13788.5 -11899.5
  11 10.5 3.91751 0.00170031 -14250.8 -14209.9 -12696.1
  12 11.5 3.79293 0.00164624 -14391.5 -14615.1 -13300.1
  13 12.5 3.69079 0.00160191 -14753 -14876.7 -13846.5
  14 13.5 3.60979 0.00156675 -15078.8 -15157.8 -14298.2
  15 14.5 3.54233 0.00153747 -15396 -15438.5 -14670.5
  16 15.5 3.49947 0.00151887 -15568.2 -15659.7 -14978.8
  17 16.5 3.46416 0.00150354 -15538.5 -15584 -15066
  18 17.5 3.42175 0.00148514 -15768.8 -15688.4 -15401.8
  19 18.5 3.39742 0.00147457 -15727.6 -15794.3 -15588.6
  20 19.5 3.38456 0.00146899 -16008.6 -15888.9 -15658.3
  21 20.5 3.37209 0.00146358 -15823 -15922.7 -15720.8
  22 21.5 3.36032 0.00145847 -15956.1 -15943.6 -15830.7
  23 22.5 3.35575 0.00145649 -16046.8 -15974.8 -15839.2
  24 23.5 3.34656 0.0014525 -15955.5 -16009.8 -16000.5
  25 24.5 3.341 0.00145009 -16040.4 -16019.6 -15943.2
  26 25.5 3.33878 0.00144912 -16188.3 -16054 -15998.3
  27 26.5 3.34494 0.0014518 -16170.3 -16060 -15986.2
  28 27.5 3.3484 0.0014533 -16117.9 -15879.9 -15960.1
  29 28.5 3.34464 0.00145166 -16137.4 -15984.7 -15943.1
  30 29.5 3.3344 0.00144722 -16076.6 -16053.9 -16051.9
  31 30.5 3.33916 0.00144929 -16097.7 -16026.5 -16073.5
  32 31.5 3.34138 0.00145025 -16034.9 -16034 -16052.3
  33 32.5 3.3426 0.00145078 -16069.1 -16040.6 -15949.1
  34 33.5 3.3214 0.00144158 -16131.7 -16183 -16110.2
  35 34.5 3.32739 0.00144418 -16114.8 -16195.7 -16111.4
  36 35.5 3.32892 0.00144484 -16202.5 -16044 -16052.1
  37 36.5 3.32685 0.00144394 -16068.5 -16092.8 -16037.4
  38 37.5 3.32714 0.00144407 -16084.9 -16116.3 -16040.5
  39 38.5 3.32311 0.00144232 -16073.8 -15976.4 -16131.1
  40 39.5 3.3289 0.00144483 -15961.8 -15957.6 -16109.3
  41 40.5 3.3376 0.00144861 -16022 -15952.9 -16023.3
  42 41.5 3.33294 0.00144659 -16073.3 -15941.7 -16055.1
  43 42.5 3.34096 0.00145007 -16110 -15942.2 -15990.4
  44 43.5 3.33855 0.00144902 -16113.5 -16112 -16044.8
  45 44.5 3.34027 0.00144977 -16170 -16082.4 -16033.3
  46 45.5 3.33752 0.00144858 -16099.2 -16067.6 -16043.9
  47 46.5 3.35012 0.00145405 -16185.1 -16097.5 -16051.9
  48 47.5 3.34919 0.00145364 -15990.9 -16068.5 -15907.9
  49 48.5 3.35041 0.00145417 -16192.3 -16010.8 -16003.4
  50 49.5 3.36366 0.00145992 -16108.9 -15965.2 -15944.4
  51 50.5 3.36155 0.00145901 -16091.2 -15994.4 -15813.8
  52 51.5 3.35065 0.00145428 -16044.7 -16071.8 -15993.8
  53 52.5 3.36556 0.00146075 -15948.1 -16075.7 -15928.4
  54 53.5 3.35232 0.001455 -15945.6 -16070.9 -15990.6
  55 54.5 3.34172 0.0014504 -15927.1 -16141.7 -16014.3
  56 55.5 3.35692 0.00145699 -15988 -16144.5 -15977.7
  57 56.5 3.35638 0.00145676 -15896.3 -16164.8 -15956
  58 57.5 3.34823 0.00145322 -15837.3 -16106.6 -15986.2
  59 58.5 3.34934 0.00145371 -15961.1 -16098 -15982.1
  60 59.5 3.3499 0.00145395 -15967.7 -16003.7 -15980.6
  61 60.5 3.33346 0.00144681 -15898.5 -16004.4 -16023.4
  62 61.5 3.32375 0.0014426 -15875.9 -15982.4 -16081.1
  63 62.5 3.32982 0.00144524 -15957.5 -16021.6 -16126.2
  64 63.5 3.32757 0.00144426 -16049.9 -15961.1 -16062.5
  65 64.5 3.33617 0.00144799 -16110.2 -15909.7 -16031.8
  66 65.5 3.34572 0.00145214 -16031.7 -16169.2 -15951.3
  67 66.5 3.33835 0.00144894 -16121.1 -16135.1 -16025.6
  68 67.5 3.33968 0.00144952 -15970.6 -16007 -16023
  69 68.5 3.33442 0.00144723 -16016.2 -16071.7 -16125
  70 69.5 3.32848 0.00144465 -15941.6 -16032.8 -16157.2
  71 70.5 3.33612 0.00144797 -15835.6 -15932.5 -15949
  72 71.5 3.32114 0.00144147 -15906.2 -15999.5 -16133.7
  73 72.5 3.32726 0.00144412 -16152.4 -15876.3 -16059.5
  74 73.5 3.3389 0.00144918 -16077.2 -15945.8 -16008.9
  75 74.5 3.32103 0.00144142 -16009.1 -16083.3 -16147.2
  76 75.5 3.31592 0.0014392 -16057.3 -16076.9 -16146.4
  77 76.5 3.31036 0.00143679 -16065.6 -16120.2 -16201.2
  78 77.5 3.32814 0.0014445 -16045.9 -16054.9 -16045.6
  79 78.5 3.31819 0.00144018 -15922.9 -16074.4 -16088.5
  80 79.5 3.3155 0.00143902 -16012.6 -16303.8 -16180.5
  81 80.5 3.30695 0.00143531 -15975.9 -16354.4 -16267
  82 81.5 3.32431 0.00144284 -15933.5 -16177.8 -16039.4
  83 82.5 3.31861 0.00144037 -15953.8 -16106.8 -16093.5
  84 83.5 3.30974 0.00143652 -15965.6 -16149.1 -16130.4
  85 84.5 3.31112 0.00143712 -16075.7 -16160.2 -16186.5
  86 85.5 3.31537 0.00143896 -16098.3 -16152.7 -16128.5
  87 86.5 3.30817 0.00143584 -16121.5 -16144.8 -16193.4
  88 87.5 3.3191 0.00144058 -16259.9 -16002.5 -16100.8
  89 88.5 3.31107 0.0014371 -16109.7 -16117.8 -16187
  90 89.5 3.32099 0.0014414 -16062.6 -15960.6 -16130.6
  91 90.5 3.32522 0.00144324 -16161.3 -15871 -16078.4
  92 91.5 3.32099 0.0014414 -16159.4 -15919.1 -16136.1
  93 92.5 3.31829 0.00144023 -16005.3 -16056.8 -16114.2
  94 93.5 3.33296 0.0014466 -15977 -16047.1 -16065.7
  95 94.5 3.33207 0.00144621 -16016 -16061.8 -16062.4
  96 95.5 3.33267 0.00144647 -16106.4 -16115.6 -16047.5
  97 96.5 3.31685 0.0014396 -15950.9 -16112 -16188.7
  98 97.5 3.31326 0.00143805 -16100.6 -16159.2 -16213.3
  99 98.5 3.32759 0.00144427 -15978.6 -16074.1 -16008.1
  100 99.5 3.30484 0.00143439 -15979.4 -16169.3 -16196.6
  101 100.5 3.31773 0.00143999 -16131 -16152.2 -16136.3
  102 101.5 3.32176 0.00144174 -15986 -16125.4 -16125.7
  103 102.5 3.31702 0.00143968 -15940.9 -15998.3 -16106.3
  104 103.5 3.3187 0.00144041 -16076.3 -15933.7 -16086.7
  105 104.5 3.32053 0.0014412 -15966.1 -16109.5 -16110.1
  106 105.5 3.32023 0.00144107 -16064 -15987.4 -16154.3
  107 106.5 3.32071 0.00144128 -15990.2 -15868.1 -16112
  108 107.5 3.31872 0.00144041 -16131.2 -16069.9 -16133.4
  109 108.5 3.33396 0.00144703 -16083.6 -16018.8 -16048.8
  110 109.5 3.3211 0.00144145 -16141.4 -16068.5 -16117.3
  111 110.5 3.32629 0.0014437 -16145.9 -16070.7 -16090.7
  112 111.5 3.34378 0.00145129 -16104.5 -16133.6 -16054.3
  113 112.5 3.34835 0.00145328 -16138.8 -16145.1 -15998.6
  114 113.5 3.34822 0.00145322 -16139.3 -16037.6 -15925
  115 114.5 3.34177 0.00145042 -16145.3 -16174.6 -16046.5
  116 115.5 3.34467 0.00145168 -15958.6 -16041.5 -16005.2
  117 116.5 3.34864 0.0014534 -15939.1 -15927.1 -16024.9
  118 117.5 3.36417 0.00146014 -15875.9 -16086.1 -15908.3
  119 118.5 3.35038 0.00145416 -15990.6 -16044.3 -15972.3
  120 119.5 3.34652 0.00145248 -16015 -16086.9 -15937.9
  121 120.5 3.34387 0.00145133 -15803 -15857.2 -15989.1
  122 121.5 3.36187 0.00145915 -16023 -16055.7 -15934.3
  123 122.5 3.34008 0.00144969 -16005.8 -16088.1 -16037
  124 123.5 3.34689 0.00145264 -16002 -16061.7 -16019.1
  125 124.5 3.34892 0.00145352 -16075.1 -16011.2 -16018.4
  126 125.5 3.33957 0.00144947 -15984.6 -15911.6 -15947.2
  127 126.5 3.35014 0.00145405 -16070.5 -16093.5 -16002.8
  128 127.5 3.35099 0.00145442 -15873.2 -15966.3 -15999.7
  129 128.5 3.35271 0.00145517 -15963.5 -16077.3 -15980.7
  130 129.5 3.35837 0.00145762 -16123.5 -16028.2 -15905.5
  131 130.5 3.34848 0.00145334 -15899.4 -15846.9 -15936.3
  132 131.5 3.3395 0.00144943 -16094.6 -15919.6 -16047.6
  133 132.5 3.34285 0.00145089 -16177.2 -15977.3 -15946.4
  134 133.5 3.34527 0.00145194 -16098.4 -15774.9 -15914.9
  135 134.5 3.34742 0.00145287 -16041.8 -16056.6 -15963
  136 135.5 3.3491 0.0014536 -15995.4 -15880.7 -15967.6
  137 136.5 3.36079 0.00145868 -15868.2 -15836.1 -15813
  138 137.5 3.36652 0.00146116 -15861.6 -15732.1 -15806.2
  139 138.5 3.37826 0.00146626 -15954.6 -15928.6 -15736.7
  140 139.5 3.39853 0.00147506 -15932.4 -15872.2 -15550.6
  141 140.5 3.41413 0.00148183 -15968.2 -15769.6 -15506.1
  142 141.5 3.44356 0.0014946 -15733.6 -15702 -15238.2
  143 142.5 3.46274 0.00150292 -15628 -15531.8 -15186.9
  144 143.5 3.50753 0.00152237 -15490.2 -15510.9 -14859.2
  145 144.5 3.57543 0.00155183 -15407.4 -15259.1 -14560.6
  146 145.5 3.64432 0.00158174 -15012.3 -14933.5 -14054.1
  147 146.5 3.7154 0.00161259 -14680 -14693.3 -13705.5
  148 147.5 3.83506 0.00166452 -14373.8 -14408.7 -13223
  149 148.5 3.96638 0.00172152 -13772.1 -13954.8 -12569.5
  150 149.5 4.13967 0.00179673 -13205.7 -13318 -11887.6
  151 150.5 4.33879 0.00188315 -12605.7 -12669.4 -11037.5
  152 151.5 4.58024 0.00198795 -11993.3 -12015.4 -10437.4
  153 152.5 4.85611 0.00210769 -11142.8 -11347.9 -9635.24
  154 153.5 5.18845 0.00225193 -10449 -10483.8 -8782.67
  155 154.5 5.5638 0.00241484 -9887.46 -9751.62 -8048.01
  156 155.5 5.99913 0.00260379 -8958.34 -8944.57 -7298.39
  157 156.5 6.50943 0.00282527 -8068.02 -8141.3 -6525.14
  158 157.5 7.10042 0.00308178 -7472.82 -7362.43 -5819.1
  159 158.5 7.75004 0.00336373 -6566.39 -6649.03 -5235
  160 159.5 8.47543 0.00367857 -5820.4 -5816.78 -4594.04
  161 160.5 9.31606 0.00404343 -5091.46 -5114.38 -4009.37
  162 161.5 10.2319 0.00444092 -4330.95 -4336.74 -3587.57
  163 162.5 11.2049 0.00486323 -3656.89 -3607.23 -3397
  164 163.5 12.2829 0.00533114 -3113.91 -3187.3 -2995.94
  165 164.5 13.4196 0.00582449 -2502.67 -2617.18 -2758.21
  166 165.5 14.603 0.00633811 -2102.99 -2118.81 -2559.46
  167 166.5 15.7655 0.00684265 -1746.48 -1668.03 -2657.2
  168 167.5 16.9241 0.00734552 -1300.7 -1308.05 -2584.86
  169 168.5 18.114 0.007862 -1090.08 -1007.76 -2539.05
  170 169.5 19.1989 0.00833287 -778.445 -764.487 -2711.83
  171 170.5 20.2288 0.00877987 -602.686 -670.144 -2737.93
  172 171.5 21.1876 0.009196 -461.473 -535.38 -2713.44
  173 172.5 22.0663 0.0095774 -538.877 -650.966 -2853.97
  174 173.5 22.8459 0.00991576 -626.147 -610.994 -2884.78
  175 174.5 23.5128 0.0102052 -656.402 -659.738 -2842.63
  176 175.5 24.0846 0.0104534 -793.391 -774.846 -2823.71
  177 176.5 24.5683 0.0106633 -973.77 -861.532 -2902.43
  178 177.5 25.0026 0.0108518 -980.523 -1009.86 -2835.11
  179 178.5 25.3811 0.0110161 -1147.09 -1100.82 -2759.18
  180 179.5 25.6559 0.0111354 -1308.86 -1244.21 -2640.57
  181 180.5 25.8853 0.0112349 -1370.66 -1398.63 -2633.87
  182 181.5 26.1173 0.0113356 -1427 -1464.19 -2514.21
  183 182.5 26.3199 0.0114236 -1579.08 -1544.83 -2360.37
  184 183.5 26.459 0.0114839 -1629.86 -1676.97 -2330.75
  185 184.5 26.5606 0.011528 -1657.68 -1727.92 -2252.94
  186 185.5 26.6763 0.0115782 -1775.24 -1832.27 -2149.24
  187 186.5 26.7944 0.0116295 -1937.93 -1835.7 -1976.76
  188 187.5 26.8945 0.0116729 -1976.04 -1921.94 -1856.79
  189 188.5 26.9862 0.0117128 -2054.32 -2097.65 -1829.4
  190 189.5 27.0714 0.0117497 -2125.04 -2210.31 -1604.09
  191 190.5 27.2049 0.0118077 -2194.62 -2289.99 -1397.24
  192 191.5 27.3399 0.0118663 -2416.34 -2425.48 -1295.9
  193 192.5 27.4399 0.0119097 -2521.88 -2590.37 -1137.1
  194 193.5 27.5937 0.0119764 -2654.65 -2749.9 -691.662
  195 194.5 27.8472 0.0120864 -2890.52 -3022.71 -391.529
  196 195.5 28.1015 0.0121968 -3184.97 -3343.44 -189.333
  197 196.5 28.3121 0.0122882 -3662 -3702.47 284.95
  198 197.5 28.661 0.0124397 -4188.74 -4342.93 977.593
  199 198.5 29.2895 0.0127124 -4994.43 -4911.42 1592.5
  200 199.5 29.8505 0.012956 -6085 -5933.43 1541.22
  201 200.5 30.3929 0.0131914 -7791.9 -7325.08 1570.84
  202 201.5 31.4863 0.0136659 -8549.46 -7630.51 2601.47
  203 202.5 33.1215 0.0143757 -7239.68 -5808.57 2956.37
  204 203.5 34.543 0.0149926 -1564.2 283.501 5039.63
  205 204.5 35.9555 0.0156057 13160.5 14787.5 13558.7
  206 205.5 38.7155 0.0168036 36892.8 38641.9 25577.3
  207 206.5 41.7565 0.0181235 55521.8 59470.9 27070.7
  208 207.5 43.3554 0.0188174 64181.9 72936.6 15808.2
  209 208.5 43.8629 0.0190377 66007.8 82222 -2535.37
  210 209.5 44.3265 0.0192389 67289.5 89547.9 -17497
  211 210.5 44.6931 0.019398 69604.4 95747.4 -20829.6
  212 211.5 44.8464 0.0194646 71415.2 100536 -17158.7
  213 212.5 44.8899 0.0194835 72430.1 103724 -14114.9
  214 213.5 44.9769 0.0195212 73730 105606 -11455
  215 214.5 45.0346 0.0195463 74680.9 106535 -8614.66
  216 215.5 45.0398 0.0195485 75234 107273 -6516.24
  217 216.5 45.0531 0.0195543 75529.7 107635 -5656.1
  218 217.5 45.0789 0.0195655 76093.1 107990 -4386.92
  219 218.5 45.0813 0.0195665 76290.2 108043 -3463.61
  220 219.5 45.0807 0.0195663 76384.7 108193 -3132.33
  221 220.5 45.0832 0.0195674 76490.3 108198 -2533.27
  222 221.5 45.0885 0.0195697 76732.9 108065 -1992.44
  223 222.5 45.0964 0.0195731 76769.2 107982 -1925.28
  224 223.5 45.0743 0.0195635 76581.7 108014 -1615.06
  225 224.5 45.046 0.0195512 76685.8 107740 -372.753
  226 225.5 45.0411 0.0195491 77038.7 107773 -1024.79
  227 226.5 45.0034 0.0195327 76414.2 108064 -1595.89
  228 227.5 44.6799 0.0193923 76290 107804 -1665.26
  229 228.5 44.7961 0.0194428 76366.3 107719 -1462.94
  230 229.5 45.0771 0.0195647 76892.3 107882 -1227.55
  231 230.5 45.1142 0.0195808 77119.5 107481 -737.736
  232 231.5 45.0752 0.0195639 76537.7 107699 -249.97
  233 232.5 45.088 0.0195695 76575 107936 -1398.21
  234 233.5 45.106 0.0195773 76973.5 108145 -1329.27
  235 234.5 45.0892 0.01957 76937.2 108190 -1151.75
  236 235.5 45.0893 0.01957 76957 108339 -1222.44
  237 236.5 45.1067 0.0195776 76984.7 108245 -1353.44
  238 237.5 45.0949 0.0195724 77046.2 108385 -1295.52
  239 238.5 45.0919 0.0195711 76917.7 108225 -1122.87
  240 239.5 45.1003 0.0195748 77010.6 108133 -1184.07
  241 240.5 45.0985 0.019574 76876.5 108074 -1491.15
  242 241.5 45.0568 0.0195559 76652.2 107873 -910.902
  243 242.5 45.059 0.0195569 76934.2 107576 -766.431
  244 243.5 45.0969 0.0195733 76927.2 107697 -1111.29
  245 244.5 44.9582 0.0195131 76508.6 107440 -1434.38
  246 245.5 44.7405 0.0194186 76297.8 107387 -1463.14
  247 246.5 44.9716 0.0195189 76336.9 107265 -467.401
  248 247.5 44.9643 0.0195157 77182 107125 -993.197
  249 248.5 44.9773 0.0195214 76557.3 107367 -553.351
  250 249.5 44.6885 0.0193961 76058.8 107135 -1280.74
  251 250.5 44.7582 0.0194263 76326.5 107186 -1602.92
  252 251.5 45.0012 0.0195318 76562.4 107402 -1402.21
  253 252.5 45.0129 0.0195368 76889.9 107146 -920.248
  254 253.5 45.045 0.0195508 76260.5 107408 -426.642
  255 254.5 45.0973 0.0195735 76308.6 107722 -1208.99
  256 255.5 45.1013 0.0195752 76792.5 107956 -1059.24
  257 256.5 45.0871 0.019569 76889.9 108101 -1084.53
  258 257.5 45.0891 0.0195699 76845.5 108263 -1400.87
  259 258.5 45.104 0.0195764 77034.7 108269 -1280.18
  260 259.5 45.0963 0.019573 77024 108346 -1139.77
  261 260.5 45.0941 0.0195721 77013.7 108387 -1234.59
  262 261.5 45.1005 0.0195749 76994.2 108362 -1195.06
  263 262.5 45.097 0.0195734 77092.7 108366 -1145.01
  264 263.5 45.096 0.0195729 77100.2 108322 -1176.26
  265 264.5 45.0943 0.0195722 77068.4 108335 -1178.46
  266 265.5 45.1007 0.0195749 77025.6 108342 -1154.66
  267 266.5 45.096 0.0195729 77086.1 108375 -1071.8
  268 267.5 45.0997 0.0195745 76968.5 108352 -1158.31
  269 268.5 45.0968 0.0195733 77071 108423 -1153.45
  270 269.5 45.0933 0.0195718 77076.4 108366 -1131.68
  271 270.5 45.1009 0.019575 77049.7 108385 -1087.45
  272 271.5 45.0946 0.0195723 76945.4 108310 -1188.34
  273 272.5 45.1019 0.0195755 77036.6 108332 -1102.37
  274 273.5 45.0938 0.019572 77056.6 108367 -1142.78
  275 274.5 45.0941 0.0195721 77070.2 108352 -1099.09
  276 275.5 45.1035 0.0195762 77035.3 108361 -1153.09
  277 276.5 45.0941 0.0195721 77060.6 108410 -1082.27
  278 277.5 45.0978 0.0195737 77030.5 108360 -1121.75
  279 278.5 45.099 0.0195742 77111.2 108401 -1082.59
  280 279.5 45.0955 0.0195727 77067.9 108321 -1145.34
  281 280.5 45.0977 0.0195737 77072.8 108354 -1122.22
  282 281.5 45.0967 0.0195732 77049.7 108332 -1076.71
  283 282.5 45.095 0.0195725 77039.7 108382 -1137.7
  284 283.5 45.1021 0.0195756 77088.9 108374 -1125.25
  285 284.5 45.0892 0.01957 77015 108296 -1185.36
  286 285.5 45.0994 0.0195744 77032.1 108299 -1107.62
  287 286.5 45.1076 0.0195779 77105.7 108360 -1078.69
  288 287.5 45.0905 0.0195705 77042 108315 -1179.66
  289 288.5 45.0975 0.0195736 77089.2 108353 -1084.17
  290 289.5 45.1007 0.0195749 77069.6 108309 -1146.81
  291 290.5 45.0952 0.0195726 77024.8 108350 -1174.43
  292 291.5 45.0914 0.0195709 77034.2 108360 -1120.83
  293 292.5 45.1036 0.0195762 77159.9 108391 -1063.5
  294 293.5 45.0951 0.0195725 77015 108353 -1146.24
  295 294.5 45.1005 0.0195749 77122.4 108352 -1098.42
  296 295.5 45.094 0.019572 77012.2 108297 -1192.01
  297 296.5 45.1006 0.0195749 77051 108368 -1094.56
  298 297.5 45.0933 0.0195717 76956.5 108282 -1137.37
  299 298.5 45.101 0.0195751 76971.2 108338 -1104.76
  300 299.5 45.1035 0.0195762 77003.8 108339 -1118.7
  301 300.5 45.0921 0.0195712 77070.8 108350 -1123.21
  302 301.5 45.0981 0.0195738 77007.1 108386 -1113.42
  303 302.5 45.095 0.0195725 77061.8 108368 -1138.5
  304 303.5 45.0991 0.0195743 77034.6 108304 -1127.32
  305 304.5 45.0983 0.0195739 77059.4 108360 -1138.74
  306 305.5 45.0941 0.0195721 77036.9 108287 -1116.58
  307 306.5 45.1003 0.0195748 77038.1 108393 -1136.1
  308 307.5 45.0929 0.0195716 77050.6 108362 -1133.56
  309 308.5 45.1035 0.0195762 77072.2 108384 -1174.74
  310 309.5 45.0977 0.0195736 77049.5 108339 -1097.21
  311 310.5 45.1012 0.0195752 77085 108401 -1122.38
  312 311.5 45.0974 0.0195735 77069.6 108297 -1162.16
  313 312.5 45.0929 0.0195716 77101.5 108397 -1077.3
  314 313.5 45.1004 0.0195748 77047.4 108348 -1151.88
  315 314.5 45.0925 0.0195714 77095.9 108349 -1166.95
  316 315.5 45.1 0.0195746 77049.6 108354 -1100.27
  317 316.5 45.0951 0.0195725 77065.4 108348 -1123.96
  318 317.5 45.1012 0.0195752 77061.4 108292 -1186
  319 318.5 45.1019 0.0195755 77020.2 108324 -1110.94
  320 319.5 45.0936 0.0195719 77038.3 108317 -1129.21
  321 320.5 45.0937 0.0195719 77053.8 108331 -1137.62
  322 321.5 45.094 0.019572 77109 108359 -1149.45
  323 322.5 45.0955 0.0195727 77164.6 108398 -1116.46
  324 323.5 45.0976 0.0195736 77135.9 108400 -1120.34
  325 324.5 45.1011 0.0195751 77152.4 108435 -1133.96
  326 325.5 45.0995 0.0195744 77152.5 108443 -1127.77
  327 326.5 45.0907 0.0195706 77150.3 108384 -1125.21
  328 327.5 45.1035 0.0195762 77129.7 108405 -1133.89
  329 328.5 45.0964 0.0195731 77107.4 108435 -1122.62
  330 329.5 45.0965 0.0195731 77088.7 108368 -1133.3
  331 330.5 45.102 0.0195755 77117.6 108478 -1103.87
  332 331.5 45.0927 0.0195715 77075.8 108444 -1179.73
  333 332.5 45.0983 0.0195739 77150 108520 -1166.36
  334 333.5 45.0952 0.0195726 77108.4 108560 -1219.5
  335 334.5 45.0961 0.019573 77115.7 108541 -1245.57
  336 335.5 45.099 0.0195742 77014.2 108597 -1335.96
  337 336.5 45.0955 0.0195727 77007.6 108578 -1536.01
  338 337.5 45.0891 0.0195699 76892.3 108567 -1729.52
  339 338.5 45.091 0.0195708 76882.8 108604 -1887.15
  340 339.5 45.0951 0.0195725 76691.6 108552 -2340.45
  341 340.5 45.0891 0.0195699 76612.3 108504 -2778.36
  342 341.5 45.0735 0.0195632 76457.3 108469 -3255.69
  343 342.5 45.0761 0.0195643 76165.8 108260 -4027.96
  344 343.5 45.0707 0.0195619 75977.9 108064 -5007.39
  345 344.5 45.0461 0.0195513 75463.4 107586 -6324.53
  346 345.5 45.0189 0.0195394 74955.3 106978 -7827.18
  347 346.5 45.0039 0.019533 74241.1 105946 -10059.3
  348 347.5 44.9374 0.0195041 73209.7 104370 -12968.4
  349 348.5 44.8292 0.0194571 71942.2 101761 -15511
  350 349.5 44.7166 0.0194082 70687 97903.8 -17160.8
  351 350.5 44.4796 0.0193054 68688.8 92192.6 -17542.4
  352 351.5 44.0173 0.0191047 66064 84996 -11415.7
  353 352.5 43.2674 0.0187793 63173.8 76211.8 3192.7
  354 353.5 42.3011 0.0183598 58208 65035.8 20159.7
  355 354.5 40.4415 0.0175527 46989.2 49730.8 28835.8
  356 355.5 37.6187 0.0163275 27569.4 28564 24429.2
  357 356.5 34.8412 0.015122 5188.78 6202.19 11253.5
  358 357.5 33.2813 0.014445 -8482.97 -6931.41 1208.56
  359 358.5 32.2546 0.0139994 -10876.6 -9504.13 -35.2722
  360 359.5 31.0112 0.0134597 -8828.61 -8092.64 1919.28
  361 360.5 29.8904 0.0129733 -6704.41 -6436.19 2215.75
  362 361.5 29.3655 0.0127454 -5301.87 -5347.69 1466.9
  363 362.5 28.9912 0.012583 -4376.28 -4405.12 1195.31
  364 363.5 28.4783 0.0123604 -3786.16 -3906.61 711.391
  365 364.5 28.1539 0.0122196 -3407.14 -3520.53 166.482
  366 365.5 27.9287 0.0121218 -3089.3 -3119.56 -392.905
  367 366.5 27.786 0.0120599 -2887.77 -2921.41 -613.697
  368 367.5 27.5787 0.0119699 -2695.9 -2606.58 -794.478
  369 368.5 27.4314 0.011906 -2567.94 -2615.29 -1124.57
  370 369.5 27.342 0.0118672 -2424.68 -2448.35 -1224.11
  371 370.5 27.2808 0.0118406 -2345.38 -2357.57 -1363.94
  372 371.5 27.1947 0.0118032 -2219.08 -2283.69 -1478.06
  373 372.5 27.0814 0.0117541 -2222.25 -2136.77 -1728.04
  374 373.5 27.0691 0.0117487 -2108.68 -2081.96 -1680.36
  375 374.5 27.0275 0.0117307 -2081.3 -2054.98 -1679.09
  376 375.5 27.0336 0.0117334 -2047.86 -2101.49 -1740.07
  377 376.5 26.9695 0.0117055 -1927.1 -2027.88 -1888.05
  378 377.5 26.9397 0.0116926 -1917.83 -1978.48 -1917.6
  379 378.5 26.9271 0.0116871 -1989.18 -2003.11 -1887.3
  380 379.5 26.9637 0.011703 -2107.64 -2052.13 -1878.79
  381 380.5 26.9268 0.011687 -2118.09 -2049.65 -1970.02
  382 381.5 26.9153 0.011682 -2034.62 -2056.01 -1953.12
  383 382.5 26.931 0.0116888 -1958.39 -1899.53 -1895.48
  384 383.5 26.9189 0.0116836 -1970.35 -1992.78 -1989.51
  385 384.5 26.9117 0.0116804 -1920.37 -1936.48 -1941.25
  386 385.5 26.9016 0.011676 -1919.95 -2017.15 -1991.3
  387 386.5 26.9196 0.0116839 -1972.94 -2002.88 -1937.28
  388 387.5 26.9074 0.0116786 -1973.38 -1951.57 -1958.24
  389 388.5 26.9223 0.011685 -1953.86 -1917.62 -1974.47
  390 389.5 26.8788 0.0116661 -1986.13 -2000.24 -2046.65
  391 390.5 26.9174 0.0116829 -1969.08 -1909.86 -1920.46
  392 391.5 26.9062 0.011678 -1879.02 -1952.27 -1938.15
  393 392.5 26.9436 0.0116943 -1966.23 -1989.43 -2024.24
  394 393.5 26.8668 0.011661 -1970.25 -1971.61 -1977.2
  395 394.5 26.9282 0.0116876 -1927.46 -1903.77 -1961.1
  396 395.5 26.9075 0.0116786 -2041.93 -1948.95 -1984.43
  397 396.5 26.9413 0.0116933 -2059.52 -2012.33 -1972.57
  398 397.5 26.8802 0.0116668 -2011 -2068.52 -2013.02
  399 398.5 26.8983 0.0116746 -1910.47 -2000.93 -1930.53
  400 399.5 26.9454 0.0116951 -1970.3 -1996.47 -2005.67
  401 400.5 26.909 0.0116792 -1998.04 -1972.34 -2016.46
  402 401.5 26.8854 0.011669 -2001.42 -1984.64 -1909.67
  403 402.5 26.9336 0.0116899 -2022.18 -2070.79 -1994.78
  404 403.5 26.9371 0.0116914 -2004.28 -1929.81 -2020.91
  405 404.5 26.878 0.0116658 -1945.67 -1875.32 -2010.48
  406 405.5 26.9088 0.0116792 -1904.73 -1882.32 -1892.03
  407 406.5 26.9329 0.0116896 -1936.19 -1944.32 -1961.16
  408 407.5 26.9259 0.0116866 -1976.85 -1979.7 -2033.32
  409 408.5 26.908 0.0116788 -2020.84 -1944.29 -2002.45
  410 409.5 26.9275 0.0116873 -1940.9 -1969.82 -1972.85
  411 410.5 26.9597 0.0117012 -1960.73 -2016.22 -1931.05
  412 411.5 26.933 0.0116897 -2019.5 -2083.07 -2021.93
  413 412.5 26.9076 0.0116787 -1898.99 -1962.04 -1947.79
  414 413.5 26.9333 0.0116898 -1948.56 -2033.06 -1962.05
  415 414.5 26.9567 0.0117 -2035.22 -2038.58 -2069.51
  416 415.5 26.9054 0.0116777 -1994.72 -1905.32 -1946.9
  417 416.5 26.9275 0.0116873 -2137.41 -2065.88 -1966.59
  418 417.5 26.9595 0.0117012 -1978.26 -1958.89 -1933.37
  419 418.5 26.9104 0.0116798 -2015.58 -1967.91 -2036.76
  420 419.5 26.912 0.0116806 -1980.94 -1898.71 -1961.39
  421 420.5 26.9387 0.0116921 -2026.2 -2000.49 -1979.32
  422 421.5 26.9293 0.0116881 -1997.58 -1976.9 -1965.55
  423 422.5 26.9096 0.0116795 -2007.06 -1995.02 -2020.96
  424 423.5 26.9424 0.0116938 -2025.53 -2053.72 -1978.71
  425 424.5 26.9311 0.0116889 -1903.82 -1981.94 -1952.03
  426 425.5 26.9302 0.0116884 -1987.69 -1953.36 -1978.81
  427 426.5 26.8995 0.0116751 -1973.35 -1927.89 -2022.28
  428 427.5 26.9336 0.0116899 -1935.92 -1903.18 -1973.24
  429 428.5 26.9292 0.011688 -1944.69 -1947.54 -1926.89
  430 429.5 26.9182 0.0116833 -1983.15 -1975.66 -2006.31
  431 430.5 26.8919 0.0116718 -1926.61 -1948.49 -2013.89
  432 431.5 26.9247 0.0116861 -2002.63 -1991.67 -1959.56
  433 432.5 26.9514 0.0116977 -1960.61 -1961.84 -1980.84
  434 433.5 26.9127 0.0116809 -1907.02 -1978.31 -1975.74
  435 434.5 26.8882 0.0116702 -1923.67 -2049.83 -2056.26
  436 435.5 26.9347 0.0116904 -1961.24 -2065.95 -1966.64
  437 436.5 26.9122 0.0116806 -2030.66 -2137.54 -1980.78
  438 437.5 26.8868 0.0116696 -2024.58 -2073.41 -1963.02
  439 438.5 26.8824 0.0116677 -1991.63 -2038.89 -2025.98
  440 439.5 26.8854 0.011669 -2041.17 -1886.84 -1973.51
  441 440.5 26.8841 0.0116685 -1953.78 -1933.77 -2074.17
  442 441.5 26.8294 0.0116447 -1943.16 -1849.12 -1989.34
  443 442.5 26.8473 0.0116525 -1932.16 -1950.8 -2023.11
  444 443.5 26.8526 0.0116548 -1989.82 -1996.1 -2021.66
  445 444.5 26.8331 0.0116463 -1893.49 -1960.12 -2001.74
  446 445.5 26.8131 0.0116376 -1876.99 -1890.29 -2100.35
  447 446.5 26.7791 0.0116229 -1924.57 -1937.81 -2095.97
  448 447.5 26.7928 0.0116288 -1960.39 -1909.98 -2042.23
  449 448.5 26.7601 0.0116146 -1913.71 -1859.23 -2132.97
  450 449.5 26.7308 0.0116019 -1892.56 -1926.63 -2149.25
  451 450.5 26.677 0.0115785 -1812.02 -1824.98 -2165.99
  452 451.5 26.6413 0.0115631 -1699.54 -1784.23 -2208.78
  453 452.5 26.5904 0.011541 -1734.31 -1757.98 -2236.56
  454 453.5 26.5015 0.0115024 -1777.62 -1775.26 -2309.54
  455 454.5 26.437 0.0114744 -1750.08 -1698.53 -2368.89
  456 455.5 26.3135 0.0114208 -1602.72 -1602.06 -2361.47
  457 456.5 26.192 0.0113681 -1588.95 -1474.98 -2440.23
  458 457.5 26.0555 0.0113088 -1459.95 -1429.43 -2466.86
  459 458.5 25.8485 0.011219 -1460.71 -1422.08 -2595.15
  460 459.5 25.6327 0.0111253 -1322.86 -1281.29 -2608.96
  461 460.5 25.3702 0.0110114 -1196.6 -1161.94 -2671.85
  462 461.5 25.0555 0.0108748 -1202.74 -1200.11 -2742.38
  463 462.5 24.7008 0.0107208 -1020.21 -1030.43 -2735.46
  464 463.5 24.282 0.0105391 -967.029 -993.058 -2852.89
  465 464.5 23.78 0.0103212 -893.838 -880.374 -2908.31
  466 465.5 23.2116 0.0100745 -732.233 -787.566 -2887.77
  467 466.5 22.5868 0.00980332 -761.864 -750.683 -2916.3
  468 467.5 21.8728 0.00949339 -709.628 -649.869 -2901.31
  469 468.5 21.0766 0.00914781 -652.178 -661.588 -2982.89
  470 469.5 20.2129 0.00877296 -627.851 -685.741 -2864.54
  471 470.5 19.2254 0.00834436 -745.386 -721.616 -2903.4
  472 471.5 18.2199 0.00790795 -823.77 -934.886 -2829.52
  473 472.5 17.1431 0.00744057 -1029.45 -1045.73 -2778.58
  474 473.5 16.035 0.00695962 -1329.51 -1356.21 -2713.69
  475 474.5 14.849 0.00644487 -1783.75 -1732.91 -2820.46
  476 475.5 13.7028 0.00594738 -2229.25 -2263.31 -2841.81
  477 476.5 12.543 0.00544402 -2729.44 -2725.45 -2939.97
  478 477.5 11.4493 0.00496933 -3450.27 -3447.67 -3078.05
  479 478.5 10.3658 0.00449905 -4135.74 -4162.81 -3301.43
  480 479.5 9.3405 0.00405403 -4942.41 -5101.46 -3786.1
50000000 480 11657.99999999999
  1 0.5 9.13162 0.00396338 -4639.87 -4548.67 -5097.97
  2 1.5 8.56683 0.00371824 -5041.26 -4977.98 -5324.16
  3 2.5 8.01141 0.00347717 -5514.47 -5617.2 -5641.92
  4 3.5 7.46727 0.003241 -6183.63 -6153.7 -6063.4
  5 4.5 6.93842 0.00301147 -6860.67 -6772.26 -6376.15
  6 5.5 6.46159 0.00280451 -7686.37 -7723.48 -6993.47
  7 6.5 6.02571 0.00261533 -8339.63 -8459.33 -7502.54
  8 7.5 5.62043 0.00243942 -9244.49 -9205.63 -8140.72
  9 8.5 5.2545 0.0022806 -9970.82 -9944.07 -8775.18
  10 9.5 4.93326 0.00214117 -10912.5 -10782.3 -9578.65
  11 10.5 4.65486 0.00202034 -11627.3 -11594.1 -10157.4
  12 11.5 4.41298 0.00191535 -12291.1 -12179.7 -10917.2
  13 12.5 4.21958 0.00183141 -12942.6 -12871.6 -11580.4
  14 13.5 4.0434 0.00175495 -13460.1 -13440.8 -12342
  15 14.5 3.89339 0.00168984 -13922 -13929 -12835.1
  16 15.5 3.77061 0.00163655 -14400.9 -14370.1 -13361.8
  17 16.5 3.68141 0.00159783 -14741.3 -14719 -13849.9
  18 17.5 3.59325 0.00155957 -14995.9 -14957 -14355.4
  19 18.5 3.53461 0.00153412 -15300.2 -15295.1 -14591.8
  20 19.5 3.48843 0.00151407 -15491.3 -15389.3 -14896.4
  21 20.5 3.43584 0.00149125 -15603.2 -15610.2 -15214.5
  22 21.5 3.39656 0.0014742 -15711.9 -15693.9 -15448.8
  23 22.5 3.36748 0.00146158 -15862.2 -15937.8 -15599.9
  24 23.5 3.35744 0.00145722 -16048.1 -15976.9 -15707.2
  25 24.5 3.35554 0.0014564 -16110.8 -16157.5 -15695.3
  26 25.5 3.33151 0.00144597 -16075.4 -16070.2 -15859.2
  27 26.5 3.3322 0.00144627 -15960.2 -15983.5 -15922.3
  28 27.5 3.31767 0.00143996 -15989.1 -16122.7 -15946.8
  29 28.5 3.30316 0.00143366 -15999.9 -16170.8 -16045.6
  30 29.5 3.29594 0.00143053 -15980.4 -16166.3 -16161.1
  31 30.5 3.29998 0.00143228 -15969.4 -16118.4 -16107.4
  32 31.5 3.29534 0.00143027 -16156 -16109.2 -16104.4
  33 32.5 3.31009 0.00143667 -16106.8 -16255.7 -15981.4
  34 33.5 3.28853 0.00142731 -16045.8 -16310.3 -16173.7
  35 34.5 3.29255 0.00142906 -16109.4 -16264.6 -16162.7
  36 35.5 3.29364 0.00142953 -16091 -16249.2 -16183.8
  37 36.5 3.29864 0.0014317 -16175.8 -16270.4 -16057.5
  38 37.5 3.28033 0.00142376 -16219.3 -16350.3 -16233.8
  39 38.5 3.28156 0.00142429 -16162.9 -16277 -16196.6
  40 39.5 3.28888 0.00142747 -16238 -16412.5 -16163.9
  41 40.5 3.28084 0.00142397 -16180.5 -16172.2 -16170.9
  42 41.5 3.27645 0.00142207 -16069.1 -16109.8 -16238.8
  43 42.5 3.28093 0.00142401 -16037.2 -16037.6 -16253.2
  44 43.5 3.28653 0.00142645 -16035.1 -16090.8 -16257.6
  45 44.5 3.27956 0.00142342 -16006.3 -16037.4 -16156.2
  46 45.5 3.28648 0.00142642 -16019.2 -16153.5 -16133.3
  47 46.5 3.28138 0.00142421 -15975.8 -16077.6 -16257.1
  48 47.5 3.28191 0.00142444 -15974.6 -16013 -16145.5
  49 48.5 3.2752 0.00142153 -16194.3 -15927 -16285.6
  50 49.5 3.28711 0.0014267 -16117 -16146.5 -16162.9
  51 50.5 3.29512 0.00143018 -16161 -15970.1 -16157.9
  52 51.5 3.28045 0.00142381 -16145.3 -16113 -16234.6
  53 52.5 3.28765 0.00142693 -16127.3 -16099.5 -16113.4
  54 53.5 3.29183 0.00142875 -16102.9 -16094.4 -16160.9
  55 54.5 3.30076 0.00143262 -16023.8 -16057.2 -16093.5
  56 55.5 3.31491 0.00143876 -16071.8 -16029.2 -16010
  57 56.5 3.31417 0.00143844 -16023 -16032.4 -16051.7
  58 57.5 3.32296 0.00144226 -16037.2 -15964.4 -16055.5
  59 58.5 3.31548 0.00143901 -16005 -15991.2 -16132.8
  60 59.5 3.3264 0.00144375 -16040.2 -16077.9 -16056.6
  61 60.5 3.337 0.00144835 -16089.1 -16097.7 -15911.4
  62 61.5 3.33788 0.00144873 -16026.8 -16116.5 -15900.6
  63 62.5 3.33366 0.0014469 -16141.3 -16091.9 -15997.8
  64 63.5 3.33581 0.00144783 -16044.2 -15925.9 -15923.5
  65 64.5 3.33334 0.00144676 -15958.5 -16098.1 -15974.7
  66 65.5 3.32993 0.00144528 -16031.7 -16107 -16007.9
  67 66.5 3.32433 0.00144285 -16129.7 -16009.9 -15973.6
  68 67.5 3.31646 0.00143943 -16053.9 -15949.6 -16041
  69 68.5 3.31457 0.00143861 -15953.3 -15908.4 -16045.6
  70 69.5 3.31809 0.00144014 -16161.7 -15977.9 -16115
  71 70.5 3.31051 0.00143685 -16266.2 -16049.2 -16061.1
  72 71.5 3.29708 0.00143103 -16126.5 -16016.7 -16108.5
  73 72.5 3.30334 0.00143374 -16133.2 -16081.7 -16109.7
  74 73.5 3.30066 0.00143258 -16170.3 -16140.2 -16080
  75 74.5 3.29561 0.00143039 -16165.7 -16252.7 -16130.3
  76 75.5 3.29231 0.00142895 -16044.4 -16221.3 -16142.1
  77 76.5 3.30528 0.00143458 -16130.3 -16065.9 -16083.5
  78 77.5 3.29173 0.0014287 -16220.3 -16127.2 -16194.1
  79 78.5 3.29225 0.00142893 -16247.4 -16039.5 -16177.5
  80 79.5 3.29679 0.0014309 -16207.3 -16119.7 -16099.5
  81 80.5 3.30292 0.00143356 -15982.4 -16078.5 -16117
  82 81.5 3.31265 0.00143778 -15951.9 -16027.2 -16049.1
  83 82.5 3.31135 0.00143722 -16004 -16069.3 -16021.1
  84 83.5 3.30647 0.0014351 -16177.9 -16119.5 -16145.9
  85 84.5 3.30717 0.00143541 -16072.3 -16209.4 -16076
  86 85.5 3.29747 0.00143119 -16089.9 -16180.1 -16086.7
  87 86.5 3.29908 0.00143189 -16142 -16207.5 -16121.5
  88 87.5 3.30865 0.00143604 -16247.9 -16205.8 -16098.3
  89 88.5 3.30144 0.00143292 -16094.8 -16015.3 -16121.6
  90 89.5 3.30014 0.00143235 -16205.5 -16286.5 -16109.2
  91 90.5 3.30764 0.00143561 -16063.7 -16056.4 -16033.7
  92 91.5 3.30212 0.00143321 -15995.5 -15988.3 -16171
  93 92.5 3.30215 0.00143323 -16050.7 -16046 -16077.9
  94 93.5 3.3136 0.00143819 -16046.3 -16137.3 -16068
  95 94.5 3.31575 0.00143913 -15972.1 -16110.2 -16056.7
  96 95.5 3.30862 0.00143603 -16147.2 -15966.6 -16029.4
  97 96.5 3.31182 0.00143742 -16025.2 -15989.2 -16054.9
  98 97.5 3.31011 0.00143668 -16110.2 -16042.5 -16125.5
  99 98.5 3.30393 0.001434 -16081.4 -16171 -16072.3
  100 99.5 3.3187 0.00144041 -16190 -16255.6 -16022.4
  101 100.5 3.30927 0.00143632 -16078.6 -16250.5 -16103.8
  102 101.5 3.30341 0.00143377 -16015.8 -16177.9 -16106
  103 102.5 3.31438 0.00143853 -16205.8 -16074.6 -16085.3
  104 103.5 3.31609 0.00143927 -16293.7 -16149 -15976.2
  105 104.5 3.306 0.00143489 -16172.9 -16243.9 -16131.3
  106 105.5 3.31219 0.00143758 -16121.6 -16049.5 -15998.4
  107 106.5 3.30417 0.0014341 -16040.4 -15989 -16137.4
  108 107.5 3.29367 0.00142955 -16013.6 -16182.9 -16163.9
  109 108.5 3.30783 0.00143569 -16069.3 -15988.7 -16029.5
  110 109.5 3.30178 0.00143306 -16038.6 -16014.6 -16156.8
  111 110.5 3.30443 0.00143422 -15996.7 -16095.6 -16075.7
  112 111.5 3.29624 0.00143066 -16124.4 -16086.8 -16119.7
  113 112.5 3.3037 0.0014339 -16026 -16208.9 -16119.1
  114 113.5 3.31638 0.0014394 -16060.1 -16171.6 -16047.5
  115 114.5 3.31255 0.00143774 -16028.8 -16223.3 -16138.8
  116 115.5 3.30089 0.00143268 -16079.2 -16121.3 -16083.8
  117 116.5 3.30352 0.00143382 -15991.9 -16123.4 -16042.4
  118 117.5 3.30044 0.00143248 -16063.4 -16079.5 -16075.3
  119 118.5 3.29599 0.00143055 -16222.9 -16219.9 -16198.4
  120 119.5 3.2992 0.00143194 -16211.3 -16076 -16163.1
  121 120.5 3.29841 0.0014316 -16220.1 -16159.2 -16087.5
  122 121.5 3.30986 0.00143657 -16062.2 -16102.3 -15995.2
  123 122.5 3.31074 0.00143695 -16148.1 -16065.3 -16068
  124 123.5 3.30047 0.0014325 -16176.5 -16083.2 -16122.5
  125 124.5 3.29722 0.00143109 -16144.1 -16042.9 -16134.3
  126 125.5 3.30161 0.00143299 -16206.4 -16125 -16063.7
  127 126.5 3.31195 0.00143748 -16310.1 -16222.2 -15969.7
  128 127.5 3.30613 0.00143495 -16186.1 -16155.5 -16051.1
  129 128.5 3.30674 0.00143522 -16255.1 -16135.8 -16110.3
  130 129.5 3.32319 0.00144236 -16177.5 -15913.5 -15840.1
  131 130.5 3.347 0.00145269 -16057.6 -15995.7 -15813.4
  132 131.5 3.36841 0.00146198 -16084.7 -16023.5 -15685.5
  133 132.5 3.37987 0.00146696 -15946.7 -15953.9 -15525.4
  134 133.5 3.39333 0.0014728 -15950.2 -15904.6 -15508.7
  135 134.5 3.42887 0.00148823 -15695.5 -15599.2 -15297
  136 135.5 3.46139 0.00150234 -15522.5 -15526.4 -15067.1
  137 136.5 3.49734 0.00151794 -15397.7 -15352.9 -14836.5
  138 137.5 3.54922 0.00154046 -15233.6 -15189.3 -14520.1
  139 138.5 3.61274 0.00156803 -15211.5 -14857 -14239.1
  140 139.5 3.69029 0.00160169 -14748.6 -14571 -13723.7
  141 140.5 3.80538 0.00165164 -14412.9 -14316.3 -13140
  142 141.5 3.94411 0.00171185 -14003.5 -13889.6 -12570.5
  143 142.5 4.11214 0.00178478 -13369 -13339.2 -11876.6
  144 143.5 4.32035 0.00187515 -12763.3 -12698.9 -11081
  145 144.5 4.56597 0.00198176 -12119.5 -11963.2 -10322.6
  146 145.5 4.85186 0.00210584 -11420.3 -11184.2 -9473.18
  147 146.5 5.21486 0.0022634 -10417.5 -10209.2 -8625.25
  148 147.5 5.62435 0.00244113 -9469.89 -9391.55 -7782.28
  149 148.5 6.05509 0.00262808 -8609.29 -8550.16 -7173.55
  150 149.5 6.57616 0.00285423 -7666.14 -7630.42 -6457.19
  151 150.5 7.14118 0.00309947 -6815.81 -6734.38 -5900.5
  152 151.5 7.73011 0.00335508 -6126.45 -5899.87 -5521.96
  153 152.5 8.38753 0.00364042 -5283.73 -5201.95 -5112.45
  154 153.5 9.06277 0.00393349 -4657.58 -4504.93 -4813.36
  155 154.5 9.75392 0.00423347 -3963.47 -3913.64 -4539.26
  156 155.5 10.4493 0.0045353 -3585.98 -3560.55 -4402.75
  157 156.5 11.143 0.00483638 -3220.97 -3197.28 -4225.82
  158 157.5 11.8448 0.00514099 -2840.99 -2833.16 -4127.3
  159 158.5 12.5297 0.00543825 -2558.82 -2636.19 -4092.42
  160 159.5 13.19 0.00572481 -2469.16 -2552.69 -3909.76
  161 160.5 13.8781 0.00602348 -2288.51 -2280.36 -3801.52
  162 161.5 14.5385 0.00631012 -2250.74 -2226.05 -3677.15
  163 162.5 15.1653 0.00658218 -2202.06 -2150.74 -3608.27
  164 163.5 15.8077 0.00686098 -2095.1 -2108.6 -3406.55
  165 164.5 16.4498 0.00713968 -2094.58 -2014.28 -3331.43
  166 165.5 17.0981 0.00742107 -2081.01 -1970.28 -3192.1
  167 166.5 17.6643 0.0076668 -2084.89 -1893.52 -3121.46
  168 167.5 18.3079 0.00794614 -2038.49 -1842.09 -2967.41
  169 168.5 18.9531 0.00822618 -1849.07 -1783.08 -2803.43
  170 169.5 19.5563 0.00848798 -1837.99 -1787.89 -2793.45
  171 170.5 20.1479 0.00874475 -1659.96 -1732.7 -2641.66
  172 171.5 20.78 0.00901911 -1675.92 -1704.38 -2658.6
  173 172.5 21.3774 0.00927837 -1544.63 -1590.88 -2547.55
  174 173.5 21.9414 0.0095232 -1606.44 -1539.39 -2410.08
  175 174.5 22.4862 0.00975964 -1426.64 -1467.41 -2442.94
  176 175.5 23.0329 0.00999693 -1375.41 -1441.46 -2511.04
  177 176.5 23.5157 0.0102065 -1326.93 -1398.2 -2417.45
  178 177.5 23.9865 0.0104108 -1364.48 -1364.19 -2303.24
  179 178.5 24.4294 0.010603 -1299.85 -1376.48 -2360.32
  180 179.5 24.7929 0.0107608 -1463.78 -1473.67 -2393.23
  181 180.5 25.1477 0.0109148 -1505.74 -1468.42 -2287.82
  182 181.5 25.4602 0.0110504 -1531.54 -1531.36 -2278.81
  183 182.5 25.7495 0.011176 -1578.61 -1552.52 -2235.03
  184 183.5 25.9399 0.0112586 -1669.21 -1719.56 -2203.41
  185 184.5 26.1758 0.011361 -1821.52 -1650.31 -2077.37
  186 185.5 26.3461 0.0114349 -1846.4 -1759.94 -2083.26
  187 186.5 26.5332 0.0115161 -1899.02 -1862.49 -1926.47
  188 187.5 26.6591 0.0115708 -1937.1 -2055.55 -1803.83
  189 188.5 26.8554 0.011656 -2032.37 -2097.39 -1691.06
  190 189.5 26.9813 0.0117106 -2081.95 -2149.64 -1495.94
  191 190.5 27.1239 0.0117725 -2291.54 -2284.09 -1231.44
  192 191.5 27.3516 0.0118713 -2508.98 -2515.62 -1109.95
  193 192.5 27.5215 0.0119451 -2699.77 -2669.66 -811.494
  194 193.5 27.7148 0.012029 -2897.95 -2969.46 -375.519
  195 194.5 28.0359 0.0121684 -3288.29 -3339.14 11.4443
  196 195.5 28.3549 0.0123068 -3775.69 -3833.57 300.285
  197 196.5 28.6998 0.0124565 -4462.42 -4490.83 820.545
  198 197.5 29.2321 0.0126875 -5430.2 -5258.14 1231
  199 198.5 30.0008 0.0130212 -6891.98 -6207.85 1057.08
  200 199.5 30.8057 0.0133705 -8063.17 -6907.22 508.447
  201 200.5 31.7391 0.0137757 -5764.29 -4213.99 2931.01
  202 201.5 33.0794 0.0143574 2027.57 4172.53 9007.91
  203 202.5 34.9171 0.015155 15297.7 17732.9 16095.5
  204 203.5 36.9222 0.0160253 27008.5 30708.7 17535.7
  205 204.5 38.572 0.0167413 34554.9 41160.7 11931.6
  206 205.5 39.8728 0.0173059 40759.1 51374.2 4068.61
  207 206.5 40.9934 0.0177923 48472.4 62589.9 -528.881
  208 207.5 42.3728 0.018391 57619.1 74702 -134.959
  209 208.5 43.6763 0.0189567 65124.2 85030.6 -127.765
  210 209.5 44.2926 0.0192242 68827.3 91633 -4606.77
  211 210.5 44.5405 0.0193318 70184.9 96233.3 -10146.8
  212 211.5 44.7589 0.0194266 71373.8 100039 -13539.8
  213 212.5 44.8994 0.0194876 72771.2 102890 -12926
  214 213.5 44.971 0.0195187 73748.5 104998 -10430.3
  215 214.5 45.0035 0.0195328 74525 106332 -8455.6
  216 215.5 45.0447 0.0195507 75123.5 107080 -6983.36
  217 216.5 45.0459 0.0195512 75488 107430 -5159.13
  218 217.5 45.0676 0.0195606 75985.3 107641 -3743.91
  219 218.5 45.0864 0.0195687 76194.9 107823 -3411.04
  220 219.5 45.0257 0.0195424 76114.6 107961 -3021.21
  221 220.5 44.8636 0.019472 76140.3 108013 -2556.79
  222 221.5 44.9706 0.0195185 76317.6 108100 -2101.49
  223 222.5 45.0153 0.0195379 76625.3 108132 -1984.11
  224 223.5 45.0605 0.0195575 76600 107949 -1229.66
  225 224.5 45.0066 0.0195341 76670.2 108075 -1076.05
  226 225.5 45.0782 0.0195652 76778.8 108115 -1306.54
  227 226.5 45.0301 0.0195443 76813 108146 -1523.93
  228 227.5 45.0205 0.0195402 76664.6 108118 -1086.04
  229 228.5 45.0814 0.0195666 76941.3 108168 -1054.18
  230 229.5 45.0932 0.0195717 77098.7 108241 -1195.38
  231 230.5 45.0728 0.0195628 76850.7 108191 -1175.65
  232 231.5 44.9671 0.019517 76875.6 108270 -1263.56
  233 232.5 45.0668 0.0195602 76870.9 108232 -1424.12
  234 233.5 45.102 0.0195755 76973.4 108200 -1341.48
  235 234.5 45.0896 0.0195702 76867.1 107928 -945.73
  236 235.5 45.0859 0.0195685 76724.3 107861 -845.812
  237 236.5 45.0965 0.0195731 76713.3 107636 -1241.3
  238 237.5 45.0509 0.0195533 76614.5 107641 -714.811
  239 238.5 44.9847 0.0195246 76676.2 107363 -866.16
  240 239.5 44.8763 0.0194776 76519.7 107578 -1598.93
  241 240.5 44.8525 0.0194672 76109.9 107518 -1281.49
  242 241.5 44.7788 0.0194352 76585.4 107289 -1111.98
  243 242.5 44.9689 0.0195178 76545.9 107528 -961.049
  244 243.5 44.9689 0.0195177 76593.2 107398 -1273.36
  245 244.5 44.8807 0.0194795 76555.5 107274 -658.975
  246 245.5 45.0226 0.0195411 76431 107493 -963.677
  247 246.5 45.0766 0.0195645 76763.7 107508 -1129.65
  248 247.5 45.0763 0.0195644 76910.9 107436 -596.5
  249 248.5 44.9843 0.0195244 76736 107732 -1187.84
  250 249.5 44.9999 0.0195312 76517.4 107854 -1586.1
  251 250.5 44.9441 0.019507 76921.9 107979 -1382.07
  252 251.5 45.0733 0.0195631 76876.1 108047 -1036.7
  253 252.5 45.0953 0.0195726 76953.9 108092 -1089.25
  254 253.5 45.1004 0.0195748 76987.7 108105 -900.025
  255 254.5 45.0932 0.0195717 76891.1 108151 -1154.88
  256 255.5 45.0924 0.0195714 77034.6 108281 -1239.61
  257 256.5 45.1022 0.0195756 77081 108324 -1212.06
  258 257.5 45.0969 0.0195733 77062.7 108364 -1151.93
  259 258.5 45.0966 0.0195732 77102.4 108428 -1117.5
  260 259.5 45.1016 0.0195753 77121.5 108397 -1176.33
  261 260.5 45.0954 0.0195727 77094.1 108431 -1108.3
  262 261.5 45.1019 0.0195755 77073.9 108399 -1158.5
  263 262.5 45.0974 0.0195735 77108.5 108461 -1156.54
  264 263.5 45.1032 0.019576 77157.1 108504 -1060.69
  265 264.5 45.0956 0.0195727 77078.8 108470 -1156.6
  266 265.5 45.0963 0.019573 77123 108439 -1100.37
  267 266.5 45.1004 0.0195748 77061.6 108470 -1119.14
  268 267.5 45.0976 0.0195736 77058.9 108440 -1162.34
  269 268.5 45.0995 0.0195744 77098.5 108461 -1055.16
  270 269.5 45.094 0.0195721 77126.6 108492 -1118.69
  271 270.5 45.1019 0.0195755 77076 108429 -1137.78
  272 271.5 45.0921 0.0195712 77101.8 108450 -1137.35
  273 272.5 45.1051 0.0195769 77109.9 108415 -1072.58
  274 273.5 45.0948 0.0195724 77085.1 108394 -1161.31
  275 274.5 45.0962 0.019573 77100.8 108353 -1073.65
  276 275.5 45.103 0.019576 77092.7 108317 -1132.1
  277 276.5 45.0952 0.0195726 77090.1 108347 -1128.48
  278 277.5 45.0938 0.019572 77090.6 108352 -1120.96
  279 278.5 45.0991 0.0195743 77077.5 108322 -1126.08
  280 279.5 45.0987 0.0195741 77128 108364 -1096.33
  281 280.5 45.0932 0.0195717 77087.7 108316 -1144.78
  282 281.5 45.1008 0.019575 77019.6 108347 -1105.91
  283 282.5 45.1017 0.0195754 76995.6 108354 -1125.9
  284 283.5 45.0912 0.0195708 76964.1 108310 -1150.35
  285 284.5 45.0979 0.0195737 76998.5 108321 -1140.73
  286 285.5 45.0952 0.0195726 77001.7 108303 -1157.47
  287 286.5 45.098 0.0195738 77028.7 108345 -1096.67
  288 287.5 45.0941 0.0195721 76985.9 108334 -1091.99
  289 288.5 45.1028 0.0195759 77032.5 108330 -1152
  290 289.5 45.0961 0.019573 76990.4 108347 -1156.59
  291 290.5 45.09 0.0195703 77074.3 108330 -1109.18
  292 291.5 45.1045 0.0195766 77071.6 108351 -1105.04
  293 292.5 45.0896 0.0195701 77009 108238 -1185.85
  294 293.5 45.0988 0.0195741 77067.1 108403 -1072.91
  295 294.5 45.0985 0.019574 77040.5 108341 -1151.87
  296 295.5 45.0967 0.0195732 76998.8 108397 -1099.63
  297 296.5 45.0978 0.0195737 77057.1 108289 -1173.59
  298 297.5 45.0967 0.0195732 77039 108347 -1088.62
  299 298.5 45.0896 0.0195702 77041.2 108293 -1118.15
  300 299.5 45.1022 0.0195756 77051.7 108332 -1159.49
  301 300.5 45.097 0.0195733 77103.4 108356 -1094.29
  302 301.5 45.0955 0.0195727 77041.4 108387 -1125.43
  303 302.5 45.0989 0.0195742 77132.5 108386 -1101.94
  304 303.5 45.0975 0.0195736 77046.8 108349 -1123.37
  305 304.5 45.0955 0.0195727 77024.3 108365 -1124.27
  306 305.5 45.1022 0.0195756 77064.7 108319 -1124.72
  307 306.5 45.0919 0.0195711 77066.4 108338 -1132.47
  308 307.5 45.1033 0.0195761 77078.4 108395 -1108.6
  309 308.5 45.0887 0.0195698 77078.1 108373 -1131.58
  310 309.5 45.0996 0.0195745 77099 108341 -1137.27
  311 310.5 45.1003 0.0195748 77095.8 108394 -1097.4
  312 311.5 45.0967 0.0195732 77037.6 108334 -1166.02
  313 312.5 45.0965 0.0195731 77058.4 108365 -1105.12
  314 313.5 45.0993 0.0195743 76990.1 108316 -1104.32
  315 314.5 45.094 0.019572 77051.5 108339 -1159.79
  316 315.5 45.0981 0.0195738 77077.1 108361 -1094.9
  317 316.5 45.0938 0.019572 77094.3 108355 -1090.06
  318 317.5 45.1009 0.0195751 77048.3 108333 -1159.97
  319 318.5 45.0958 0.0195728 77052.9 108333 -1129.43
  320 319.5 45.0918 0.0195711 77017.2 108323 -1141.95
  321 320.5 45.102 0.0195755 77071.2 108374 -1087.7
  322 321.5 45.0917 0.019571 77044.9 108345 -1115.27
  323 322.5 45.0945 0.0195722 77017.3 108303 -1093.52
  324 323.5 45.1003 0.0195748 76994.8 108286 -1147.08
  325 324.5 45.0971 0.0195734 77041 108324 -1135.29
  326 325.5 45.0949 0.0195725 77067.5 108322 -1084.83
  327 326.5 45.0998 0.0195746 77103.2 108352 -1135.78
  328 327.5 45.0955 0.0195727 77072.6 108361 -1138.48
  329 328.5 45.0927 0.0195715 77099.2 108433 -1127.79
  330 329.5 45.0936 0.0195719 77064.4 108414 -1171.06
  331 330.5 45.0996 0.0195745 77068.9 108388 -1146.53
  332 331.5 45.0942 0.0195722 77071.9 108454 -1154.44
  333 332.5 45.0975 0.0195736 76958.5 108451 -1275.65
  334 333.5 45.0871 0.0195691 76980.3 108489 -1297.73
  335 334.5 45.0994 0.0195744 76933.2 108440 -1403.81
  336 335.5 45.0941 0.0195721 76971 108500 -1537.34
  337 336.5 45.0902 0.0195704 76800.2 108482 -1829
  338 337.5 45.089 0.0195699 76733.1 108481 -1978.01
  339 338.5 45.0912 0.0195708 76578.3 108394 -2471.18
  340 339.5 45.0804 0.0195661 76414.7 108299 -2934.27
  341 340.5 45.08 0.019566 76253.2 108232 -3449.71
  342 341.5 45.072 0.0195625 76109.4 108048 -4252.98
  343 342.5 45.0564 0.0195557 75620.6 107724 -5422.06
  344 343.5 45.0297 0.0195441 75121.3 107226 -6845.11
  345 344.5 45.0105 0.0195358 74611.3 106375 -8410.46
  346 345.5 44.9765 0.0195211 73782.9 104860 -10963.8
  347 346.5 44.8843 0.019481 72600.9 102718 -13432.4
  348 347.5 44.7445 0.0194204 71519.1 99630.3 -13693.8
  349 348.5 44.5643 0.0193421 70373.8 95538.4 -11041.2
  350 349.5 44.2948 0.0192252 68552.4 90258.1 -4982.77
  351 350.5 43.564 0.018908 64602.7 82348 1291.36
  352 351.5 42.4646 0.0184308 57461.4 71469.9 4380.93
  353 352.5 41.0214 0.0178044 48096.6 59507.1 4973.2
  354 353.5 39.403 0.017102 38095.6 46923.3 5117.54
  355 354.5 37.8738 0.0164383 29138.2 35258.5 6805.15
  356 355.5 36.5765 0.0158752 22256.5 25707 11037.9
  357 356.5 34.9578 0.0151727 15469.8 16593.4 13444.8
  358 357.5 33.2588 0.0144352 7071.8 7291.25 10883.3
  359 358.5 31.7603 0.0137849 -1185.58 -987.651 5648.46
  360 359.5 30.8199 0.0133767 -6018.75 -5498.51 1752.74
  361 360.5 30.0976 0.0130632 -6896.72 -6331.69 629.457
  362 361.5 29.3808 0.0127521 -5679.53 -5546.36 1038.3
  363 362.5 28.7766 0.0124898 -4610.78 -4573.1 803.085
  364 363.5 28.4517 0.0123488 -3848.49 -3912.38 376.764
  365 364.5 28.1709 0.012227 -3297.09 -3398.91 82.0261
  366 365.5 27.8442 0.0120851 -2943.8 -3048.88 -235.186
  367 366.5 27.6608 0.0120055 -2765.34 -2855.01 -660.178
  368 367.5 27.509 0.0119397 -2627.03 -2664.11 -956.828
  369 368.5 27.3712 0.0118799 -2522.5 -2505.85 -1083.2
  370 369.5 27.2748 0.011838 -2419.3 -2377.61 -1214.55
  371 370.5 27.1907 0.0118015 -2277.15 -2260.35 -1440.58
  372 371.5 27.1383 0.0117788 -2225.69 -2155 -1510.85
  373 372.5 27.0615 0.0117454 -2146.09 -2130.48 -1617.71
  374 373.5 27.047 0.0117391 -2053.37 -2080.94 -1673.19
  375 374.5 27.0072 0.0117219 -2041.12 -2021.19 -1737.49
  376 375.5 26.9643 0.0117033 -2069.35 -2061.52 -1825.78
  377 376.5 26.9589 0.0117009 -2015.35 -2042.47 -1790.34
  378 377.5 26.9559 0.0116996 -2064.42 -1944.78 -1895.81
  379 378.5 26.919 0.0116836 -2056.58 -1961.15 -1885.94
  380 379.5 26.8949 0.0116731 -2041.29 -2030.48 -1938.44
  381 380.5 26.9458 0.0116952 -2085.58 -1977.06 -1829.98
  382 381.5 26.9056 0.0116778 -2026.34 -1974.35 -1958.17
  383 382.5 26.8859 0.0116692 -1967.21 -2035.78 -1999.67
  384 383.5 26.9031 0.0116767 -2002.49 -2014.8 -1902.04
  385 384.5 26.8906 0.0116713 -2018.26 -2054.69 -1966.19
  386 385.5 26.8612 0.0116585 -2064.89 -2052.17 -1948.81
  387 386.5 26.8579 0.0116571 -2038.69 -2008.55 -1980.86
  388 387.5 26.8943 0.0116729 -1891.27 -1915.65 -1939.41
  389 388.5 26.8505 0.0116539 -1872.99 -1990.85 -1923.71
  390 389.5 26.8283 0.0116442 -1943.5 -1950.62 -1970.2
  391 390.5 26.8708 0.0116627 -1942.81 -1950.13 -2023.1
  392 391.5 26.8997 0.0116752 -1962.28 -1980.87 -1914.58
  393 392.5 26.8457 0.0116518 -2037.16 -1954.71 -1909.69
  394 393.5 26.849 0.0116532 -2017.07 -2030.68 -2055.66
  395 394.5 26.907 0.0116784 -1997.63 -1986.92 -2015.76
  396 395.5 26.9014 0.011676 -1985.48 -1963.14 -1894.66
  397 396.5 26.8555 0.011656 -1953.3 -1958.51 -1897.26
  398 397.5 26.8917 0.0116718 -2028.05 -1946.65 -2064.66
  399 398.5 26.8774 0.0116655 -2001.82 -2007.85 -1989.43
  400 399.5 26.8854 0.011669 -2044.93 -1969.83 -1932.02
  401 400.5 26.8858 0.0116692 -2083.76 -2016.58 -1958.74
  402 401.5 26.8766 0.0116652 -2048.48 -2048.78 -1976.6
  403 402.5 26.8859 0.0116692 -2023.05 -2021.79 -2011.79
  404 403.5 26.8753 0.0116646 -1938.09 -2025.27 -1988.31
  405 404.5 26.9059 0.0116779 -2056.64 -1945.43 -1909
  406 405.5 26.8998 0.0116752 -2052.08 -2005.29 -1970.85
  407 406.5 26.8819 0.0116675 -2024.85 -1935.28 -1985.36
  408 407.5 26.8868 0.0116696 -1940.9 -2031.95 -1958.03
  409 408.5 26.9104 0.0116799 -1930.38 -1983.92 -2003.96
  410 409.5 26.9336 0.0116899 -1943.93 -2019.7 -1902.76
  411 410.5 26.8833 0.0116681 -2028.26 -2062.86 -2035.76
  412 411.5 26.9013 0.0116759 -2027.8 -1940.44 -1997.32
  413 412.5 26.933 0.0116897 -1899.21 -1907.69 -1971.41
  414 413.5 26.9339 0.0116901 -1914.12 -1964.81 -1931.14
  415 414.5 26.9113 0.0116802 -1929 -1860.48 -1922.67
  416 415.5 26.9264 0.0116868 -1957.41 -1928.48 -2063.92
  417 416.5 26.9416 0.0116934 -1894.84 -1851.72 -1891.91
  418 417.5 26.928 0.0116875 -1950.58 -1953.25 -1968.35
  419 418.5 26.8828 0.0116679 -1883.39 -1993.22 -2038.93
  420 419.5 26.9286 0.0116878 -1923.4 -1904.37 -1966.2
  421 420.5 26.9461 0.0116954 -1835.21 -1980.43 -1906.81
  422 421.5 26.8943 0.0116729 -1949.79 -2022.93 -1998.48
  423 422.5 26.9353 0.0116906 -1940.3 -2023.76 -1983.13
  424 423.5 26.927 0.0116871 -1900.77 -2035.91 -1943.52
  425 424.5 26.9147 0.0116817 -1922.86 -2058.06 -1961.73
  426 425.5 26.9058 0.0116779 -1959.32 -1998.05 -1983.26
  427 426.5 26.8991 0.0116749 -1962.32 -1891.4 -2017.33
  428 427.5 26.9031 0.0116767 -1955.31 -1958.57 -1993.34
  429 428.5 26.9108 0.01168 -1960.89 -1902.32 -1930.66
  430 429.5 26.9176 0.011683 -1981.54 -1921.64 -1967.1
  431 430.5 26.911 0.0116801 -1904.86 -1933.9 -1960.74
  432 431.5 26.9365 0.0116912 -1887.55 -1863.8 -2008.56
  433 432.5 26.9011 0.0116758 -2064.08 -2000.95 -1985.08
  434 433.5 26.895 0.0116732 -2024.5 -1981.66 -1999.5
  435 434.5 26.9037 0.011677 -1911.54 -1996.31 -2040.98
  436 435.5 26.899 0.0116749 -1919.3 -1972.08 -2024.5
  437 436.5 26.8718 0.0116631 -2000.27 -2073.89 -2025.45
  438 437.5 26.8554 0.011656 -1983.34 -1994.62 -2044.56
  439 438.5 26.8674 0.0116612 -1857.2 -1940.44 -1991.48
  440 439.5 26.842 0.0116502 -1933.91 -1925.2 -2042.25
  441 440.5 26.8039 0.0116336 -1944.62 -1953.88 -2140.43
  442 441.5 26.7825 0.0116243 -1895.81 -1802.53 -2082.57
  443 442.5 26.7459 0.0116084 -1809.64 -1705.49 -2116.56
  444 443.5 26.721 0.0115977 -1831.88 -1843.15 -2184.96
  445 444.5 26.67 0.0115755 -1797.7 -1713.67 -2146.35
  446 445.5 26.6145 0.0115514 -1708.12 -1734.42 -2229.41
  447 446.5 26.5658 0.0115303 -1651.03 -1656.16 -2287.45
  448 447.5 26.4539 0.0114817 -1693.48 -1586.25 -2276.83
  449 448.5 26.3548 0.0114387 -1619.42 -1601.13 -2341.66
  450 449.5 26.2349 0.0113867 -1531.42 -1475.08 -2331.93
  451 450.5 26.0746 0.0113171 -1479.74 -1441.12 -2391.08
  452 451.5 25.8757 0.0112308 -1434.27 -1433.81 -2447.12
  453 452.5 25.6732 0.0111429 -1345.31 -1366.74 -2493.71
  454 453.5 25.4297 0.0110372 -1341.44 -1319.4 -2424.41
  455 454.5 25.0881 0.0108889 -1232.77 -1271.3 -2462.05
  456 455.5 24.7391 0.0107375 -1310.26 -1290.48 -2535.64
  457 456.5 24.3409 0.0105646 -1166.87 -1215.75 -2538.35
  458 457.5 23.8826 0.0103657 -1178.4 -1155.25 -2489.94
  459 458.5 23.4024 0.0101573 -1195.81 -1156 -2463.13
  460 459.5 22.8393 0.00991288 -1257.28 -1148.95 -2468.83
  461 460.5 22.2318 0.00964922 -1313.09 -1265.59 -2506.18
  462 461.5 21.6024 0.00937604 -1334.95 -1277.67 -2515.54
  463 462.5 20.9262 0.00908254 -1405.32 -1338.66 -2513.93
  464 463.5 20.2217 0.00877678 -1473.45 -1485.49 -2539.24
  465 464.5 19.5175 0.00847113 -1732.89 -1723.08 -2636.89
  466 465.5 18.7853 0.00815336 -1835.63 -1808.7 -2685.13
  467 466.5 18.0609 0.00783892 -1983.77 -1937.53 -2779.75
  468 467.5 17.379 0.00754298 -2067.7 -2085.91 -2942.69
  469 468.5 16.6606 0.00723118 -2230.03 -2216.67 -3054.91
  470 469.5 15.9666 0.00692993 -2298.39 -2264.17 -3186.41
  471 470.5 15.3089 0.00664449 -2416.3 -2368.41 -3361.87
  472 471.5 14.6462 0.00635684 -2511.69 -2498.2 -3460.04
  473 472.5 14.0173 0.00608389 -2675.48 -2670.83 -3703.28
  474 473.5 13.389 0.00581121 -2761.56 -2696.28 -3802.34
  475 474.5 12.7359 0.00552775 -2888.67 -2776.61 -4039.43
  476 475.5 12.1211 0.00526089 -2938.17 -3048.51 -4156.36
  477 476.5 11.531 0.00500476 -3304.02 -3243.79 -4306.38
  478 477.5 10.9092 0.00473489 -3541.37 -3460.48 -4532.32
  479 478.5 10.3079 0.00447391 -3796.78 -3748.96 -4724.68
  480 479.5 9.72766 0.00422208 -4112.81 -4140.43 -4895.65
