# Chunk-averaged data for fix tensor1 and group all
# Timestep Number-of-chunks Total-count
# Chunk Coord1 Ncount density/number c_press[1] c_press[2] c_press[3]
52500000 480 11610.000000000004
  1 0.5 33.5489 0.0145612 -282.009 -316.687 -225.065
  2 1.5 33.5642 0.0145678 -195.374 -190.392 -352.159
  3 2.5 33.5668 0.0145689 -75.8482 -184.732 -235.051
  4 3.5 33.5916 0.0145797 -242.055 -126.748 -299.858
  5 4.5 33.5184 0.0145479 -212.893 -167.034 -254.595
  6 5.5 33.5835 0.0145762 -107.796 -153.439 -349.48
  7 6.5 33.5792 0.0145743 -206.474 -168.8 -280.941
  8 7.5 33.5927 0.0145802 -425.011 -472.944 -293.561
  9 8.5 33.5934 0.0145805 -473.185 -428.854 -334.496
  10 9.5 33.6297 0.0145962 -406.471 -386.567 -254.793
  11 10.5 33.5809 0.014575 -395.839 -514.4 -392.612
  12 11.5 33.606 0.0145859 -416.059 -247.141 -284.881
  13 12.5 33.6229 0.0145933 -398.749 -195.93 -213.189
  14 13.5 33.5632 0.0145674 -221.98 -235.382 -361.472
  15 14.5 33.5868 0.0145776 -317.163 -139.778 -325.053
  16 15.5 33.5805 0.0145749 -308.97 -112.966 -311.163
  17 16.5 33.5692 0.01457 -171.883 -170.981 -244.074
  18 17.5 33.5405 0.0145575 -289.726 -146.986 -214.157
  19 18.5 33.6406 0.014601 -301.567 -120.014 -257.721
  20 19.5 33.5848 0.0145767 -383.407 -434.988 -435.7
  21 20.5 33.5242 0.0145504 -365.138 -296.371 -290.059
  22 21.5 33.5858 0.0145772 -182.823 -209.933 -236.346
  23 22.5 33.6369 0.0145993 -356.114 -374.275 -243.708
  24 23.5 33.6191 0.0145916 -307.902 -422.284 -388.057
  25 24.5 33.5221 0.0145495 -131.988 -211.855 -292.014
  26 25.5 33.6175 0.0145909 -244.859 -138.877 -259.392
  27 26.5 33.5988 0.0145828 -181.089 -250.396 -254.314
  28 27.5 33.5878 0.0145781 -314.561 -358.407 -370.604
  29 28.5 33.6137 0.0145893 -388.427 -345.448 -340.988
  30 29.5 33.5474 0.0145605 -226.573 -273.033 -242.705
  31 30.5 33.6016 0.014584 -326.486 -358.59 -330.213
  32 31.5 33.5813 0.0145752 -374.963 -322.656 -367.639
  33 32.5 33.5809 0.0145751 -261.811 -428.787 -211.175
  34 33.5 33.5911 0.0145795 -493.459 -406.336 -340.87
  35 34.5 33.5717 0.014571 -452.01 -317.768 -325.031
  36 35.5 33.6171 0.0145908 -411.981 -435.988 -230.564
  37 36.5 33.5794 0.0145744 -447.384 -410.709 -296.759
  38 37.5 33.5136 0.0145458 -308.426 -310.147 -390.826
  39 38.5 33.6077 0.0145867 -393.034 -415.674 -317.553
  40 39.5 33.6151 0.0145899 -376.257 -199.117 -204.283
  41 40.5 33.5723 0.0145713 -339.799 -348.453 -323.309
  42 41.5 33.5323 0.0145539 -339.369 -350.68 -377.225
  43 42.5 33.5531 0.014563 -263.616 -29.2212 -311.201
  44 43.5 33.5614 0.0145666 -245.857 -46.6394 -375.9
  45 44.5 33.6044 0.0145852 -197.668 -90.0964 -286.679
  46 45.5 33.508 0.0145434 -202.636 -172.238 -379.632
  47 46.5 33.5615 0.0145666 14.0959 -99.565 -269.922
  48 47.5 33.5642 0.0145678 -196.08 -226.792 -439.029
  49 48.5 33.5343 0.0145548 -281.095 -450.442 -446.972
  50 49.5 33.5252 0.0145509 -352.098 -300.247 -499.409
  51 50.5 33.4791 0.0145309 -339.798 -479.785 -610.789
  52 51.5 33.496 0.0145382 -198.062 -230.396 -687.643
  53 52.5 33.5336 0.0145545 -8.26456 -31.7089 -630.099
  54 53.5 33.3949 0.0144943 121.985 -49.7272 -880.545
  55 54.5 33.3638 0.0144808 224.278 101.396 -1117.36
  56 55.5 33.3683 0.0144828 321.213 242.138 -1194.75
  57 56.5 33.2421 0.014428 631.853 454.813 -1499.35
  58 57.5 33.1255 0.0143774 821.268 724.957 -1810.06
  59 58.5 33.0081 0.0143264 1140.97 1084.89 -1983.62
  60 59.5 32.7983 0.0142354 1950.86 1587.4 -2337.88
  61 60.5 32.4669 0.0140916 2441.66 2347.37 -2600.86
  62 61.5 31.9706 0.0138761 3189.2 3230.26 -2696.17
  63 62.5 31.3834 0.0136213 4323.99 4358.14 -2766.14
  64 63.5 30.5069 0.0132408 5418.02 5571.8 -2477.44
  65 64.5 29.2009 0.012674 6692.07 6801.62 -1670.67
  66 65.5 27.4933 0.0119328 8023.82 7976.49 -619.612
  67 66.5 25.2696 0.0109677 8869.99 8923.91 861.868
  68 67.5 22.4191 0.00973051 9410.89 9419.34 2654.1
  69 68.5 19.0059 0.00824908 9412.24 9541.44 4419.18
  70 69.5 15.4456 0.0067038 8677.36 8717.09 6309.54
  71 70.5 11.8689 0.00515143 7522.12 7436.25 7669.08
  72 71.5 8.70056 0.00377628 5793.82 5770.12 8862.66
  73 72.5 6.11225 0.00265289 3301.11 3504.64 9278.02
  74 73.5 4.15232 0.00180222 639.388 661.639 8729.58
  75 74.5 2.84611 0.00123529 -2529.06 -2444.48 7077.06
  76 75.5 1.97849 0.000858719 -5649.14 -5554.88 4409.41
  77 76.5 1.44286 0.00062624 -8272.42 -8615.99 1014.34
  78 77.5 1.12323 0.000487514 -10294.8 -11098.2 -2815.42
  79 78.5 0.944464 0.000409924 -12684.2 -12658 -6117.13
  80 79.5 0.825408 0.00035825 -14024.1 -14311.5 -9143.88
  81 80.5 0.746616 0.000324052 -14903.8 -15163.4 -11563.9
  82 81.5 0.717688 0.000311497 -14986.2 -14879.6 -12610.6
  83 82.5 0.69524 0.000301753 -14991.3 -15781.2 -13748.7
  84 83.5 0.67432 0.000292674 -15339.4 -15561.8 -14296.6
  85 84.5 0.657288 0.000285281 -15670.4 -15947.2 -15053
  86 85.5 0.65552 0.000284514 -15262.3 -16068.5 -15307
  87 86.5 0.652432 0.000283174 -15943.4 -15936 -15367.8
  88 87.5 0.65212 0.000283038 -15733.5 -16313.2 -15447.1
  89 88.5 0.652464 0.000283188 -15974.6 -16439.5 -15746
  90 89.5 0.659616 0.000286292 -15975.3 -16223.9 -15336.1
  91 90.5 0.664848 0.000288562 -16578.2 -15978.7 -15474.3
  92 91.5 0.653488 0.000283632 -16265.1 -16359.9 -15744.9
  93 92.5 0.65032 0.000282257 -16544.5 -16044.3 -15826.2
  94 93.5 0.648832 0.000281611 -16531.3 -16045.7 -15676.5
  95 94.5 0.636768 0.000276375 -16373.1 -16006 -16227.9
  96 95.5 0.645696 0.00028025 -16407 -16063.2 -15895.4
  97 96.5 0.647768 0.000281149 -16721.8 -15874.4 -16013.4
  98 97.5 0.647832 0.000281177 -16944.9 -16001.3 -15890.1
  99 98.5 0.637456 0.000276674 -16862.5 -15950.4 -16003.3
  100 99.5 0.621408 0.000269708 -16814 -16512 -16514.5
  101 100.5 0.628904 0.000272962 -16997.1 -16587.1 -16381.5
  102 101.5 0.627072 0.000272167 -16884.1 -16490.6 -16399.4
  103 102.5 0.62892 0.000272969 -16688.9 -16406.9 -16417.7
  104 103.5 0.631264 0.000273986 -16399 -15962.9 -16357.8
  105 104.5 0.636952 0.000276455 -16026 -16021.1 -16066.4
  106 105.5 0.640848 0.000278146 -16250.3 -16142.8 -16063.9
  107 106.5 0.625648 0.000271549 -16500.2 -16861.2 -16488.2
  108 107.5 0.621616 0.000269799 -16642 -16234.8 -16527.1
  109 108.5 0.62656 0.000271944 -16281.3 -16059.6 -16531.1
  110 109.5 0.63812 0.000276962 -16843.8 -16271.7 -16033
  111 110.5 0.627832 0.000272497 -16287.3 -16608.6 -16382.2
  112 111.5 0.627752 0.000272462 -16074 -16624.8 -16350.5
  113 112.5 0.622384 0.000270132 -16355.5 -16653.5 -16503.9
  114 113.5 0.626384 0.000271868 -16437.3 -16740.2 -16446.5
  115 114.5 0.63484 0.000275538 -16339.1 -16605.3 -16227.1
  116 115.5 0.637776 0.000276812 -17134.9 -16560.9 -16143.2
  117 116.5 0.627296 0.000272264 -17013.9 -16545.7 -16326
  118 117.5 0.625688 0.000271566 -16995.4 -16088.7 -16376.1
  119 118.5 0.619344 0.000268813 -16672.3 -16109 -16722.2
  120 119.5 0.629216 0.000273097 -15876.2 -16342.4 -16348.7
  121 120.5 0.634856 0.000275545 -16241.6 -16522.1 -16211.1
  122 121.5 0.630712 0.000273747 -15944.6 -16486.7 -16265.1
  123 122.5 0.649064 0.000281712 -15977.4 -16777.6 -15827.2
  124 123.5 0.643536 0.000279312 -15728 -15995.1 -16041.4
  125 124.5 0.64104 0.000278229 -15952.9 -16087.5 -16069.9
  126 125.5 0.647032 0.00028083 -16009.2 -16082.7 -15975.4
  127 126.5 0.639216 0.000277438 -15918.1 -16123.7 -16139.1
  128 127.5 0.643056 0.000279104 -15691.4 -16180.2 -15859.7
  129 128.5 0.64108 0.000278247 -15462.4 -16289.9 -16159.8
  130 129.5 0.630664 0.000273726 -15682.1 -16238.8 -16295
  131 130.5 0.623544 0.000270635 -15305.3 -16145 -16452.1
  132 131.5 0.629208 0.000273094 -15729.1 -16256.4 -16387.8
  133 132.5 0.626464 0.000271903 -15537.3 -15995.2 -16380.9
  134 133.5 0.634616 0.000275441 -15435.2 -16144.8 -16101
  135 134.5 0.635056 0.000275632 -15427.4 -16296.5 -16301.4
  136 135.5 0.636208 0.000276132 -15635.4 -15910.8 -16220.3
  137 136.5 0.64348 0.000279288 -15834.3 -15925.3 -16058.9
  138 137.5 0.655344 0.000284438 -15634.3 -15959.9 -15702.7
  139 138.5 0.650064 0.000282146 -15598.4 -16036.7 -15728.8
  140 139.5 0.65 0.000282118 -15879.1 -16649.7 -15884.5
  141 140.5 0.649416 0.000281865 -15860.5 -16162.3 -15900
  142 141.5 0.638432 0.000277097 -15841.5 -16110.8 -16068.3
  143 142.5 0.64036 0.000277934 -15839.5 -16343 -16150.3
  144 143.5 0.638368 0.000277069 -15903.3 -16348.3 -16145.7
  145 144.5 0.6468 0.000280729 -16020.8 -16371.8 -15883.3
  146 145.5 0.64372 0.000279392 -15701.6 -16360 -15870.6
  147 146.5 0.641464 0.000278413 -16175.2 -16254.9 -15956.1
  148 147.5 0.639248 0.000277451 -15672.6 -16135.5 -16099.2
  149 148.5 0.629152 0.000273069 -15955.9 -16346.2 -16510.2
  150 149.5 0.633792 0.000275083 -15999.7 -15828.4 -16338.2
  151 150.5 0.638808 0.00027726 -15984.6 -15548.8 -15922
  152 151.5 0.639704 0.000277649 -15480.9 -15478.1 -15978.9
  153 152.5 0.65144 0.000282743 -15503.1 -15585.7 -15872.8
  154 153.5 0.648912 0.000281646 -15551.4 -15879.5 -15921.2
  155 154.5 0.654648 0.000284135 -15709.2 -16035.4 -15647.1
  156 155.5 0.663672 0.000288052 -15647.6 -15954.1 -15616.9
  157 156.5 0.652536 0.000283219 -16097 -15862.9 -15703.8
  158 157.5 0.655224 0.000284385 -15951.5 -15432.1 -15755.3
  159 158.5 0.650976 0.000282542 -15775.9 -15510.5 -15793.5
  160 159.5 0.648456 0.000281448 -16188.4 -15827.9 -15873.3
  161 160.5 0.658848 0.000285958 -15751.9 -15752.5 -15596.9
  162 161.5 0.655752 0.000284615 -15657.2 -15579.2 -15623.1
  163 162.5 0.64448 0.000279722 -15305.9 -15420.2 -16037.8
  164 163.5 0.640744 0.000278101 -15472.1 -15202.4 -16033.1
  165 164.5 0.64136 0.000278368 -15658.3 -15543.7 -16085.5
  166 165.5 0.642856 0.000279017 -15650.4 -15650.5 -15929.8
  167 166.5 0.64864 0.000281528 -16001.2 -16137.9 -15742.4
  168 167.5 0.657192 0.00028524 -15896.8 -16030.4 -15728.9
  169 168.5 0.655064 0.000284316 -15349.7 -15913.4 -15907.9
  170 169.5 0.652816 0.00028334 -15399.5 -15948.7 -15725.3
  171 170.5 0.655336 0.000284434 -16674.6 -16398.6 -15551.3
  172 171.5 0.654328 0.000283997 -16047.6 -15848.4 -15599.8
  173 172.5 0.655528 0.000284517 -15930.8 -16151.1 -15820
  174 173.5 0.642152 0.000278712 -15828.5 -16063.4 -16027.5
  175 174.5 0.650192 0.000282201 -15970.7 -15718.6 -15763.9
  176 175.5 0.657128 0.000285212 -15955.1 -16045.7 -15687.1
  177 176.5 0.655576 0.000284538 -15955.5 -16333.3 -15748.9
  178 177.5 0.652912 0.000283382 -15809.6 -15696.5 -15720.6
  179 178.5 0.665136 0.000288687 -16008.1 -15363.7 -15431.2
  180 179.5 0.665664 0.000288917 -16058.8 -15549.2 -15454
  181 180.5 0.671904 0.000291625 -16335.7 -15898.8 -15334.5
  182 181.5 0.667456 0.000289694 -16001.5 -15822.9 -15421.2
  183 182.5 0.678168 0.000294344 -15516.1 -15827.5 -15119.1
  184 183.5 0.682128 0.000296062 -15605.2 -15508.1 -15034.9
  185 184.5 0.678624 0.000294542 -15577.1 -15792.7 -15244
  186 185.5 0.668464 0.000290132 -16023.7 -15847.8 -15405.2
  187 186.5 0.675648 0.00029325 -15716.8 -15877.9 -15254.1
  188 187.5 0.662952 0.00028774 -15823.4 -15703.3 -15559.9
  189 188.5 0.651704 0.000282858 -15767.8 -15640.5 -15704.1
  190 189.5 0.642144 0.000278708 -16017.5 -15884.4 -16030.2
  191 190.5 0.6462 0.000280469 -15884.2 -16396.9 -16049.3
  192 191.5 0.646984 0.000280809 -16006.6 -15997.6 -15734.9
  193 192.5 0.639544 0.00027758 -15926.9 -16235.2 -16085.6
  194 193.5 0.646184 0.000280462 -15679.7 -16026.1 -15912.7
  195 194.5 0.653056 0.000283444 -15217.6 -16299.2 -15804.6
  196 195.5 0.64876 0.00028158 -15656.3 -15634.3 -15856.7
  197 196.5 0.646608 0.000280646 -15702 -16333.7 -15996.6
  198 197.5 0.640296 0.000277906 -16444.5 -15834.3 -16100.4
  199 198.5 0.646736 0.000280701 -16275.8 -15775.4 -15771.9
  200 199.5 0.637064 0.000276503 -16789.6 -16182.4 -16008.4
  201 200.5 0.62652 0.000271927 -16347.8 -16519.1 -16383.3
  202 201.5 0.630864 0.000273813 -16476.5 -16269.2 -16477.1
  203 202.5 0.639912 0.00027774 -16637.5 -16647.5 -16079
  204 203.5 0.636936 0.000276448 -16001.8 -16336.7 -16052.5
  205 204.5 0.630656 0.000273722 -16357.2 -16571.5 -16237.1
  206 205.5 0.64044 0.000277969 -16342.2 -15588.9 -15990.2
  207 206.5 0.649424 0.000281868 -16842.1 -15979.5 -15816.4
  208 207.5 0.636104 0.000276087 -16421.8 -16004.2 -16156.2
  209 208.5 0.647104 0.000280861 -16451.9 -15455.6 -15705.4
  210 209.5 0.636864 0.000276417 -15932.5 -15577.1 -15980.1
  211 210.5 0.659136 0.000286083 -15905.2 -15358 -15136.4
  212 211.5 0.662352 0.000287479 -16164.7 -15673.5 -15163.8
  213 212.5 0.6586 0.000285851 -15858.2 -15335.8 -14950.4
  214 213.5 0.6738 0.000292448 -16005.4 -15670.3 -14441
  215 214.5 0.700384 0.000303986 -15474.8 -15277.5 -13331
  216 215.5 0.706184 0.000306503 -15480.6 -14798.5 -12816.3
  217 216.5 0.743456 0.000322681 -15048.7 -14300.7 -11546.5
  218 217.5 0.816392 0.000354337 -14249.2 -13640.7 -9186.25
  219 218.5 0.943368 0.000409448 -12381.8 -12518.3 -6001.46
  220 219.5 1.16627 0.000506194 -10714.7 -10444.4 -2151.22
  221 220.5 1.49252 0.000647795 -7935.05 -7845.82 1406.42
  222 221.5 2.03616 0.00088375 -5050.92 -4936.7 4551.09
  223 222.5 2.93833 0.00127532 -2202.39 -2113.24 7283.75
  224 223.5 4.33204 0.00188023 1034.4 726.547 8697.93
  225 224.5 6.34112 0.00275222 3608.77 3629.33 9625.37
  226 225.5 9.08481 0.00394306 5978.94 5967.4 9267.89
  227 226.5 12.4527 0.0054048 8138.39 8186.1 8587.06
  228 227.5 16.2229 0.00704119 9721.49 9682.25 7512.53
  229 228.5 20.1888 0.00876249 10904.8 10827.3 6463.88
  230 229.5 23.8981 0.0103725 11884.2 11861.4 5235.92
  231 230.5 27.1298 0.0117751 12755 12859.6 4110.07
  232 231.5 29.7961 0.0129323 13270.8 13337.6 2743.53
  233 232.5 31.9712 0.0138764 13262.6 13360.9 1457.69
  234 233.5 33.716 0.0146337 13080 13037.7 143.321
  235 234.5 35.0266 0.0152025 11728.3 11729.3 -1381.23
  236 235.5 35.9636 0.0156092 9986.58 10062 -2670.89
  237 236.5 36.5804 0.0158769 8094.02 8054.95 -3317.41
  238 237.5 37.3339 0.016204 6223.12 6199.92 -3868.67
  239 238.5 37.5168 0.0162834 4599.21 4586.31 -3791.79
  240 239.5 37.6968 0.0163615 3345.56 3477.83 -3286.22
  241 240.5 37.9977 0.0164921 2330.72 2523.34 -3008.81
  242 241.5 38.1918 0.0165763 1478.31 1446.3 -2573.43
  243 242.5 38.0177 0.0165007 1012.14 914.569 -2100.01
  244 243.5 38.2595 0.0166057 578.886 608.658 -1690.37
  245 244.5 38.3666 0.0166522 507.97 483.953 -1377.78
  246 245.5 38.19 0.0165755 56.6748 417.938 -1121.18
  247 246.5 38.2837 0.0166162 12.6674 295.188 -1007.75
  248 247.5 38.3591 0.0166489 416.005 241.532 -696.824
  249 248.5 38.3338 0.0166379 89.5748 5.60131 -640.709
  250 249.5 38.2595 0.0166057 -39.366 -197.426 -611.791
  251 250.5 38.3843 0.0166598 -154.48 -215.453 -281.534
  252 251.5 38.3908 0.0166627 -279.345 -283.069 -522.289
  253 252.5 38.321 0.0166324 -375.19 -324.771 -315.955
  254 253.5 38.3298 0.0166362 -311.031 -498.664 -326.795
  255 254.5 38.3867 0.0166609 -233.371 -561.501 -370.305
  256 255.5 38.3628 0.0166505 -197.522 -159.415 -278.207
  257 256.5 38.3655 0.0166517 -186.678 -181.743 -130.044
  258 257.5 38.3248 0.016634 -205.07 -211.967 -442.536
  259 258.5 38.3742 0.0166555 -173.346 -18.306 -198.321
  260 259.5 38.3587 0.0166488 -378.801 -13.6858 -211.797
  261 260.5 38.3671 0.0166524 -216.768 -311.217 -188.016
  262 261.5 38.3554 0.0166473 -449.485 -496.26 -402.486
  263 262.5 38.3779 0.0166571 -340.332 -589.873 -338.422
  264 263.5 38.3956 0.0166648 -116.596 -228.347 -130.301
  265 264.5 38.3658 0.0166518 -322.077 -97.4723 -233.323
  266 265.5 38.3424 0.0166417 -81.3882 -160.333 -310.571
  267 266.5 38.3925 0.0166634 -169.869 -104.31 -211.683
  268 267.5 38.3997 0.0166666 -315.045 -295.658 -229.773
  269 268.5 38.3938 0.016664 -311.113 -312.936 -174.103
  270 269.5 38.3448 0.0166427 -305.242 -387.435 -460.72
  271 270.5 38.4711 0.0166975 -101.846 -353.531 -255.535
  272 271.5 38.3129 0.0166289 -173.73 -258.413 -204.274
  273 272.5 38.4544 0.0166903 -329.65 -537.53 -234.021
  274 273.5 38.375 0.0166558 -782.863 -512.724 -417.288
  275 274.5 38.3908 0.0166627 -399.69 -226.778 -271.908
  276 275.5 38.364 0.016651 -295.613 -196.166 -109.852
  277 276.5 38.4016 0.0166674 -139.119 -272.008 -129.965
  278 277.5 38.3965 0.0166652 -363.282 -429.414 -498.6
  279 278.5 38.3486 0.0166444 -220.887 -113.247 -177.284
  280 279.5 38.3475 0.0166439 -163.793 -352.018 -281.783
  281 280.5 38.4159 0.0166736 -389.712 -402.89 -248.26
  282 281.5 38.3878 0.0166614 -459.602 -172.162 -293.909
  283 282.5 38.3181 0.0166311 -306.13 -228.105 -142.162
  284 283.5 38.4415 0.0166847 -400.576 -95.1345 -297.75
  285 284.5 38.3776 0.0166569 -447.861 -227.754 -164.568
  286 285.5 38.3224 0.016633 -255.005 -361.134 -295.238
  287 286.5 38.398 0.0166658 -213.916 -358.684 -250.48
  288 287.5 38.4378 0.0166831 -363.92 -427.1 -240.45
  289 288.5 38.3648 0.0166514 -473.671 -349.918 -143.197
  290 289.5 38.2887 0.0166184 -379.093 -398.129 -343.565
  291 290.5 38.469 0.0166966 -420.416 -403.39 -257.115
  292 291.5 38.3739 0.0166553 -468.573 -344.418 -242.964
  293 292.5 38.3415 0.0166413 -430.397 -383.105 -265.361
  294 293.5 38.3805 0.0166582 -326.673 -485.796 -253.897
  295 294.5 38.4653 0.016695 -143.91 -206.933 -219.461
  296 295.5 38.3209 0.0166323 -212.795 -265.632 -375.08
  297 296.5 38.3313 0.0166369 -536.123 -342.799 -176.3
  298 297.5 38.4691 0.0166967 -314.949 -148.734 -233.874
  299 298.5 38.3829 0.0166592 -361.196 -233.465 -310.544
  300 299.5 38.2528 0.0166028 -255.966 -267.239 -323.912
  301 300.5 38.4159 0.0166736 -12.9094 -47.4415 -259.258
  302 301.5 38.4074 0.0166699 -75.6523 -82.117 -181.603
  303 302.5 38.3587 0.0166488 19.1777 -139.741 -189.051
  304 303.5 38.3401 0.0166407 -171.836 -105.895 -287.766
  305 304.5 38.3881 0.0166615 -319.261 -175.988 -364.94
  306 305.5 38.3468 0.0166436 -266.836 -103.6 -122.737
  307 306.5 38.4108 0.0166714 -272.84 -242.344 -179.902
  308 307.5 38.3382 0.0166398 -213.151 -620.064 -313.65
  309 308.5 38.3498 0.0166449 -259.252 -327.713 -371.742
  310 309.5 38.3946 0.0166643 -286.524 -202.855 -266.49
  311 310.5 38.4642 0.0166945 -264.584 -125.241 -99.482
  312 311.5 38.2306 0.0165931 -235.568 -279.494 -261.551
  313 312.5 38.3824 0.016659 -371.028 -102.702 -373.234
  314 313.5 38.4515 0.016689 -460.985 -247.563 -116.256
  315 314.5 38.3236 0.0166335 -295.482 -195.791 -228.132
  316 315.5 38.3199 0.0166319 -120.417 -426.496 -329.069
  317 316.5 38.4301 0.0166797 -328.559 -387.714 -305.554
  318 317.5 38.3701 0.0166537 -211.916 -486.275 -168.446
  319 318.5 38.3301 0.0166363 -198.363 -575.931 -265.019
  320 319.5 38.3297 0.0166361 -268.561 -318.688 -367.342
  321 320.5 38.3931 0.0166637 -68.9113 -250.633 -126.782
  322 321.5 38.3722 0.0166546 -259.416 -61.9924 -153.568
  323 322.5 38.2853 0.0166169 -270.485 -396.041 -484.658
  324 323.5 38.3505 0.0166452 -27.8267 -199.987 -178.511
  325 324.5 38.4189 0.0166749 -87.9055 -114.713 -203.888
  326 325.5 38.3365 0.0166391 56.278 -1.61668 -248.74
  327 326.5 38.2888 0.0166184 57.3099 59.6303 -265.227
  328 327.5 38.3871 0.0166611 79.056 -66.2388 -312.359
  329 328.5 38.3788 0.0166575 102.038 -152.475 -159.242
  330 329.5 38.3264 0.0166347 -256.514 -450.716 -279.059
  331 330.5 38.3667 0.0166522 -199.916 -656.16 -344.097
  332 331.5 38.3879 0.0166614 -115.82 -577.021 -224.456
  333 332.5 38.3588 0.0166488 -172.471 -554.542 -148.093
  334 333.5 38.3157 0.0166301 -287.953 -295.611 -404.77
  335 334.5 38.4159 0.0166736 -378.269 -55.1142 -222.621
  336 335.5 38.3351 0.0166385 -410.041 -196.234 -199.264
  337 336.5 38.3683 0.0166529 -547.665 -396.19 -274.909
  338 337.5 38.391 0.0166628 -583.522 -442.851 -324.654
  339 338.5 38.3521 0.0166459 -326.181 -330.87 -91.2186
  340 339.5 38.3102 0.0166277 -305.108 -194.198 -234.973
  341 340.5 38.4142 0.0166728 -271.111 -359.837 -376.813
  342 341.5 38.3898 0.0166622 -220.032 -472.936 -259.138
  343 342.5 38.2991 0.0166229 -381.787 -348.841 -272.894
  344 343.5 38.419 0.0166749 -581.896 -371.256 -198.596
  345 344.5 38.4 0.0166667 -327.564 -300.537 -246.281
  346 345.5 38.377 0.0166567 -391.587 -412.046 -166.898
  347 346.5 38.3665 0.0166521 -42.1704 -340.88 -396.53
  348 347.5 38.3705 0.0166539 -102.343 -110.347 -242.476
  349 348.5 38.4191 0.016675 -98.4991 -287.65 -136.4
  350 349.5 38.4349 0.0166818 -86.208 -51.4861 -196.542
  351 350.5 38.3166 0.0166305 -569.232 -469.694 -469.416
  352 351.5 38.4065 0.0166695 -389.262 -372.109 -229.093
  353 352.5 38.4966 0.0167086 -557.903 -465.658 -167.73
  354 353.5 38.3803 0.0166581 -589.05 -477.441 -313.404
  355 354.5 38.3261 0.0166346 -503.261 -392.212 -420.7
  356 355.5 38.4991 0.0167097 -431.616 -363.915 -175.324
  357 356.5 38.3974 0.0166655 -394.75 -292.197 -113.961
  358 357.5 38.34 0.0166406 -198.649 -332.649 -358.436
  359 358.5 38.3927 0.0166635 -277.339 -174.715 -379.781
  360 359.5 38.4349 0.0166818 -284.513 -217.572 -128.511
  361 360.5 38.3816 0.0166587 -613.068 -410.559 -254.838
  362 361.5 38.3551 0.0166472 -539.015 -333.871 -189.511
  363 362.5 38.4363 0.0166824 -521.561 -349.259 -324.795
  364 363.5 38.3707 0.0166539 -462.881 -380.955 -325.354
  365 364.5 38.3303 0.0166364 -201.293 -239.635 -265.32
  366 365.5 38.375 0.0166558 -278.266 -199.775 -287.503
  367 366.5 38.4244 0.0166773 -412.214 -192.31 -194.632
  368 367.5 38.3293 0.016636 -138.93 172.073 -232.108
  369 368.5 38.3767 0.0166566 -405.466 -180.836 -341.603
  370 369.5 38.3778 0.016657 -252.889 -73.5954 -267.787
  371 370.5 38.3482 0.0166442 -95.9226 -230.88 -434.897
  372 371.5 38.3671 0.0166524 -69.7409 -288.705 -323.973
  373 372.5 38.3017 0.016624 -245.304 -279.02 -490.866
  374 373.5 38.46 0.0166927 -144.224 -17.1168 -376.441
  375 374.5 38.2756 0.0166127 -122.211 -439.277 -771.973
  376 375.5 38.3498 0.0166449 77.5301 -50.3706 -751.414
  377 376.5 38.3335 0.0166378 140.67 24.0118 -857.207
  378 377.5 38.3335 0.0166378 179.884 248.987 -932.88
  379 378.5 38.242 0.0165981 421.388 250.537 -991.818
  380 379.5 38.3231 0.0166333 524.624 588.658 -1585.07
  381 380.5 38.1073 0.0165396 916.897 588.954 -1873.32
  382 381.5 38.0895 0.0165319 1515.4 1241.42 -1927.87
  383 382.5 38.0722 0.0165244 2352.57 2230.17 -2093.19
  384 383.5 37.7974 0.0164051 3197.05 3026.5 -2470.23
  385 384.5 37.5082 0.0162796 4072.53 4166.58 -2312.46
  386 385.5 37.2736 0.0161778 5282.24 5415.62 -1616.62
  387 386.5 36.8987 0.0160151 6396.97 6601.78 -676.031
  388 387.5 36.145 0.0156879 7245.16 7500.37 370.004
  389 388.5 35.5862 0.0154454 7702.83 7669.19 1733.93
  390 389.5 34.8046 0.0151062 7139.04 6978.25 2737.47
  391 390.5 34.121 0.0148094 5403.72 5295.19 2982.47
  392 391.5 33.5455 0.0145597 3784.33 3798.83 2980.42
  393 392.5 33.2683 0.0144394 2534.79 2409.03 2338.4
  394 393.5 33.0354 0.0143383 1298.57 1448.77 1650.66
  395 394.5 33.0192 0.0143313 673.851 787.431 1123.46
  396 395.5 33.1994 0.0144094 604.02 681.812 560.249
  397 396.5 33.1684 0.014396 311.059 410.084 87.7045
  398 397.5 33.2096 0.0144139 185.946 402.647 -261.7
  399 398.5 33.3168 0.0144604 261.706 289.789 -357.208
  400 399.5 33.4841 0.014533 2.20651 11.9768 -413.339
  401 400.5 33.4144 0.0145028 -138.011 125.669 -423.636
  402 401.5 33.4019 0.0144973 65.7443 81.5823 -476.524
  403 402.5 33.5442 0.0145591 -171.669 -159.86 -527.025
  404 403.5 33.4722 0.0145279 -200.716 -87.1996 -534.15
  405 404.5 33.5456 0.0145597 -108.623 -103.61 -180.189
  406 405.5 33.5461 0.0145599 -198.427 -345.96 -440.859
  407 406.5 33.5464 0.0145601 -281.088 -316.366 -390.269
  408 407.5 33.574 0.0145721 -306.237 -218.07 -337.447
  409 408.5 33.5472 0.0145604 -392.856 -250.249 -363.42
  410 409.5 33.589 0.0145786 -282.529 -133.614 -318.46
  411 410.5 33.5572 0.0145648 -152.918 -282.197 -406.267
  412 411.5 33.5649 0.0145681 -321.768 -183.371 -306.624
  413 412.5 33.538 0.0145564 -266.44 -184.542 -287.022
  414 413.5 33.5885 0.0145783 -312.693 -322.37 -317.906
  415 414.5 33.5554 0.014564 -299.915 -286.704 -352.522
  416 415.5 33.5502 0.0145617 -268.208 -338.735 -297.546
  417 416.5 33.5718 0.0145711 -212.45 -445.187 -308.408
  418 417.5 33.6333 0.0145978 -330.439 -451.951 -254.907
  419 418.5 33.5301 0.014553 -262.666 -391.832 -286.18
  420 419.5 33.6215 0.0145927 -251.223 -316.427 -277.745
  421 420.5 33.5297 0.0145528 -428.303 -464.18 -344.404
  422 421.5 33.6398 0.0146006 -332.84 -265.676 -256.11
  423 422.5 33.5539 0.0145633 -390.5 -428.77 -367.217
  424 423.5 33.5516 0.0145623 -549.684 -449.844 -391.586
  425 424.5 33.5786 0.014574 -287.022 -522.271 -265.546
  426 425.5 33.5865 0.0145775 -274.061 -270.438 -187.516
  427 426.5 33.5567 0.0145646 -324.875 -242.196 -343.205
  428 427.5 33.5467 0.0145602 -304.244 -389.705 -345.602
  429 428.5 33.5846 0.0145766 -416.957 -247.941 -234.15
  430 429.5 33.5678 0.0145694 -303.173 -343.96 -354.451
  431 430.5 33.5415 0.0145579 -394.393 -302.051 -257.546
  432 431.5 33.5813 0.0145752 -302.992 -475.276 -357.309
  433 432.5 33.5848 0.0145767 -398.651 -481.753 -205.372
  434 433.5 33.5514 0.0145623 -331.342 -511.192 -281.169
  435 434.5 33.5627 0.0145672 -287.89 -283.24 -385.436
  436 435.5 33.6072 0.0145864 -293.302 -180.115 -313.484
  437 436.5 33.5036 0.0145415 -183.808 -204.353 -275.942
  438 437.5 33.5839 0.0145763 -188.201 -147.962 -210.335
  439 438.5 33.6112 0.0145882 -334.321 -350.275 -340.267
  440 439.5 33.5666 0.0145688 -413.412 -313.539 -352.721
  441 440.5 33.5353 0.0145552 -204.12 -312.973 -299.245
  442 441.5 33.6349 0.0145985 -217.876 -235.893 -270.176
  443 442.5 33.5466 0.0145602 -213.988 -312.044 -324.171
  444 443.5 33.6321 0.0145973 -255.082 -294.045 -297.027
  445 444.5 33.5802 0.0145747 -243.766 -266.136 -282.2
  446 445.5 33.5276 0.0145519 -313.011 -205.938 -324.128
  447 446.5 33.6523 0.014606 -207.225 -186.05 -313.938
  448 447.5 33.5754 0.0145727 -249.438 -187.089 -292.562
  449 448.5 33.5352 0.0145552 -185.038 -116.953 -245.443
  450 449.5 33.6221 0.0145929 -352.852 -273.127 -384.477
  451 450.5 33.6438 0.0146023 -81.8817 -171.609 -226.148
  452 451.5 33.4821 0.0145322 -374.438 -342.906 -290.215
  453 452.5 33.6233 0.0145935 -385.577 -437.273 -435.778
  454 453.5 33.5969 0.014582 -379.486 -294.57 -219.036
  455 454.5 33.598 0.0145824 -208.123 -318.016 -261.076
  456 455.5 33.4988 0.0145394 -399.817 -313.694 -324.697
  457 456.5 33.6535 0.0146065 -469.672 -396.101 -298.712
  458 457.5 33.6137 0.0145893 -386.511 -468.057 -340.395
  459 458.5 33.531 0.0145534 -397.301 -393.085 -259.618
  460 459.5 33.597 0.0145821 -454.057 -317.218 -357.364
  461 460.5 33.6405 0.0146009 -304.016 -414.951 -212.363
  462 461.5 33.5687 0.0145698 -481.721 -256.003 -304.63
  463 462.5 33.4981 0.0145391 -294.912 -143.1 -315.877
  464 463.5 33.6333 0.0145978 -362.816 -278.506 -342.709
  465 464.5 33.5992 0.014583 -249.524 -347.261 -301.645
  466 465.5 33.5527 0.0145628 -108.199 -215.883 -200.351
  467 466.5 33.5626 0.0145671 -403.466 -441.462 -345.133
  468 467.5 33.5815 0.0145753 -372.679 -483.961 -373.332
  469 468.5 33.6207 0.0145923 -86.569 -292.1 -221.793
  470 469.5 33.5233 0.01455 -289.344 -265.501 -327.857
  471 470.5 33.5642 0.0145678 -219.312 -331.274 -313.69
  472 471.5 33.6401 0.0146007 -301.217 -426.401 -272.831
  473 472.5 33.5911 0.0145795 -345.777 -396.31 -201.412
  474 473.5 33.494 0.0145373 -474.592 -258.376 -368.492
  475 474.5 33.6494 0.0146048 -453.666 -396.756 -324.664
  476 475.5 33.5594 0.0145657 -268.787 -421.331 -326.985
  477 476.5 33.5616 0.0145667 -309.376 -473.767 -223.728
  478 477.5 33.5685 0.0145697 -347.295 -350.623 -290.598
  479 478.5 33.5954 0.0145813 -267.142 -345.883 -329.129
  480 479.5 33.5574 0.0145648 -258.485 -293.96 -324.277
55000000 480 11609.999999999998
  1 0.5 33.4171 0.0145039 -335.029 -261.999 -482.678
  2 1.5 33.539 0.0145568 -281.911 -202.921 -233.179
  3 2.5 33.5685 0.0145697 -330.833 -381.83 -237.692
  4 3.5 33.5402 0.0145574 -258.963 -234.351 -209.457
  5 4.5 33.506 0.0145425 -294.417 -174.246 -352.094
  6 5.5 33.4976 0.0145389 -197.037 -128.404 -284.451
  7 6.5 33.5709 0.0145707 -347.641 -349.674 -394.921
  8 7.5 33.5288 0.0145524 -314.394 -366.101 -160.657
  9 8.5 33.5221 0.0145495 -256.964 -369.841 -337.771
  10 9.5 33.5121 0.0145452 -382.469 -205.164 -383.943
  11 10.5 33.5148 0.0145463 -244.271 -226.134 -261.385
  12 11.5 33.5259 0.0145512 -310 -413.628 -163.414
  13 12.5 33.5541 0.0145634 -178.801 -246.736 -266.581
  14 13.5 33.4906 0.0145358 -475.155 -513.008 -454.932
  15 14.5 33.5069 0.0145429 -273.622 -419.343 -285.591
  16 15.5 33.5694 0.01457 -314.476 -368.553 -214.651
  17 16.5 33.4876 0.0145345 -351.565 -447.495 -382.21
  18 17.5 33.5351 0.0145552 -110.178 -282.828 -270.821
  19 18.5 33.5326 0.0145541 -47.1521 -274.994 -302.269
  20 19.5 33.5535 0.0145632 -406.641 -204.398 -227.115
  21 20.5 33.527 0.0145517 -306.395 -344.853 -317.869
  22 21.5 33.4857 0.0145337 -107.473 -134.671 -309.071
  23 22.5 33.5693 0.01457 -142.244 -284.021 -267.581
  24 23.5 33.5566 0.0145645 -107.803 -241.982 -355.455
  25 24.5 33.471 0.0145274 -423.898 -526.164 -280.759
  26 25.5 33.5243 0.0145505 -486.965 -338.566 -218.68
  27 26.5 33.6097 0.0145876 -354 -355.887 -257.337
  28 27.5 33.5335 0.0145545 -322.084 -278.979 -434.076
  29 28.5 33.4303 0.0145097 -196.487 -252.292 -316.233
  30 29.5 33.5353 0.0145552 -278.662 -192.993 -66.5467
  31 30.5 33.5797 0.0145745 -438.653 -308.975 -360.09
  32 31.5 33.4934 0.0145371 -326.242 -359.775 -379.195
  33 32.5 33.4571 0.0145213 -360.52 -424.734 -288.604
  34 33.5 33.5688 0.0145698 -306.467 -328.139 -271.057
  35 34.5 33.6188 0.0145915 -414.768 -264.382 -329.635
  36 35.5 33.4582 0.0145218 -336.845 -290.906 -278.422
  37 36.5 33.5466 0.0145602 -246.809 -295.75 -209.412
  38 37.5 33.6144 0.0145896 -387.221 -235.022 -337.673
  39 38.5 33.54 0.0145573 -364.895 -145.023 -238.693
  40 39.5 33.4233 0.0145066 -298.302 -176.09 -340.9
  41 40.5 33.5596 0.0145658 -183.524 -341.593 -396.718
  42 41.5 33.617 0.0145907 -171.36 -127.554 -243.411
  43 42.5 33.5447 0.0145593 -210.9 -287.167 -318.41
  44 43.5 33.4979 0.014539 -330.106 -318.806 -286.82
  45 44.5 33.6079 0.0145868 -215.719 -247.733 -310.856
  46 45.5 33.6327 0.0145975 -356.047 -179.97 -438.979
  47 46.5 33.494 0.0145373 -346.583 -218.877 -295.799
  48 47.5 33.5413 0.0145578 -389.785 -226.389 -385.014
  49 48.5 33.6065 0.0145861 -322.543 -324.923 -503.193
  50 49.5 33.5552 0.0145639 -52.7936 -180.334 -574.868
  51 50.5 33.4268 0.0145082 -38.9177 -16.365 -360.739
  52 51.5 33.551 0.0145621 -77.5789 -66.8952 -569.299
  53 52.5 33.5504 0.0145618 -0.480485 28.1125 -754.796
  54 53.5 33.4321 0.0145105 27.273 -55.8041 -882.073
  55 54.5 33.3676 0.0144825 -10.9609 125.129 -945.658
  56 55.5 33.435 0.0145117 170.981 334.603 -1041.18
  57 56.5 33.3575 0.0144781 355.957 465.02 -1425.43
  58 57.5 33.0962 0.0143647 529.789 692.805 -1639.47
  59 58.5 33.0077 0.0143263 1081.69 1219.24 -1799.56
  60 59.5 32.9243 0.01429 1493.11 1603.52 -2262.33
  61 60.5 32.5926 0.0141461 2159.88 2171.98 -2353.44
  62 61.5 32.1329 0.0139466 2994.35 2875.5 -2694.85
  63 62.5 31.6335 0.0137298 3827.7 3752.85 -2753.31
  64 63.5 30.9342 0.0134263 4977.42 4960.65 -2544.12
  65 64.5 29.8258 0.0129452 5982.16 6179.08 -1987.28
  66 65.5 28.2566 0.0122641 7367.13 7394.65 -1180
  67 66.5 26.3026 0.011416 8454.01 8384.17 -55.2852
  68 67.5 23.815 0.0103364 9100.09 9273.55 1685.18
  69 68.5 20.6974 0.00898325 9388.84 9538.22 3504.89
  70 69.5 17.2344 0.00748022 9198.04 9203.92 5209.79
  71 70.5 13.6512 0.005925 8335.45 8381.98 6766.16
  72 71.5 10.3193 0.00447886 6814.74 6896.73 8126.02
  73 72.5 7.42188 0.0032213 4989.92 4825.61 9088.84
  74 73.5 5.17578 0.00224643 2754.59 2586.16 9068.89
  75 74.5 3.52671 0.00153069 -264.928 -515.246 8160.95
  76 75.5 2.42677 0.00105328 -3278.6 -3245.36 6457.23
  77 76.5 1.68927 0.000733191 -6258.34 -6328.12 3152.42
  78 77.5 1.2645 0.000548826 -9161.02 -9166.22 -710.573
  79 78.5 1.01858 0.000442094 -10918.4 -11322.6 -4216.03
  80 79.5 0.866568 0.000376115 -13009.1 -13157.1 -7590.11
  81 80.5 0.775424 0.000336556 -14233.7 -14718.9 -10095.9
  82 81.5 0.719904 0.000312458 -14323.8 -14582.4 -11887.3
  83 82.5 0.67588 0.000293351 -14574.7 -14936.9 -13444.3
  84 83.5 0.661824 0.00028725 -15097.2 -15505 -14059.4
  85 84.5 0.635176 0.000275684 -15509.7 -15625.4 -15280.3
  86 85.5 0.638384 0.000277076 -16178.8 -15518.2 -15287.2
  87 86.5 0.637432 0.000276663 -16169.1 -15833.4 -15446.2
  88 87.5 0.621336 0.000269677 -15963.2 -15837.5 -16114.9
  89 88.5 0.63348 0.000274948 -16305.5 -16252.3 -15805.5
  90 89.5 0.634456 0.000275372 -15977.7 -15899.1 -15598.6
  91 90.5 0.622232 0.000270066 -15492.4 -16129.4 -16171.3
  92 91.5 0.624824 0.000271191 -15576.1 -15793.3 -16249.5
  93 92.5 0.614576 0.000266743 -15511.2 -16145.7 -16338.8
  94 93.5 0.624024 0.000270844 -15770.3 -15904.3 -16106.5
  95 94.5 0.630448 0.000273632 -15799.8 -16406 -16094.1
  96 95.5 0.635256 0.000275719 -15848.2 -16510.7 -15903.5
  97 96.5 0.616816 0.000267715 -15685.4 -16482.9 -16430.6
  98 97.5 0.631592 0.000274128 -16036.7 -16103.2 -16052.9
  99 98.5 0.636024 0.000276052 -15677 -16212.3 -15925.2
  100 99.5 0.623736 0.000270719 -15718.7 -16610.6 -16085.5
  101 100.5 0.617328 0.000267938 -15687.3 -16108.2 -16391.9
  102 101.5 0.620456 0.000269295 -16068.8 -16264.1 -16187.3
  103 102.5 0.632816 0.00027466 -16229 -16658.2 -15951.4
  104 103.5 0.622176 0.000270042 -16310.2 -16384.2 -16343.5
  105 104.5 0.617392 0.000267965 -15773.2 -15884.2 -16500.9
  106 105.5 0.611312 0.000265326 -15789.1 -15855.5 -16554.9
  107 106.5 0.61476 0.000266823 -16123.5 -15692.5 -16384.4
  108 107.5 0.619728 0.000268979 -15775.8 -15841.8 -16270.1
  109 108.5 0.614272 0.000266611 -16176.4 -16741.8 -16595.6
  110 109.5 0.604896 0.000262542 -16360.2 -16319.4 -16553.5
  111 110.5 0.604784 0.000262493 -15994.1 -15838.1 -16618.3
  112 111.5 0.620224 0.000269194 -15231.4 -15741.3 -16301.6
  113 112.5 0.624624 0.000271104 -15402.3 -15666.6 -16327.8
  114 113.5 0.628616 0.000272837 -15669 -15718.6 -16067.7
  115 114.5 0.626952 0.000272115 -15533.9 -16013 -16204.2
  116 115.5 0.633088 0.000274778 -15567.6 -16173.9 -15869.5
  117 116.5 0.62968 0.000273299 -15962.6 -15836.8 -16098.2
  118 117.5 0.617104 0.00026784 -15906.1 -15855.9 -16319.6
  119 118.5 0.622032 0.000269979 -15746.6 -16066.2 -16301.2
  120 119.5 0.632904 0.000274698 -15824.5 -16043.3 -16022.7
  121 120.5 0.625032 0.000271281 -16048.2 -15974.4 -16150.1
  122 121.5 0.623152 0.000270465 -16121.3 -16259.2 -16293.3
  123 122.5 0.63428 0.000275295 -15835.2 -16765.8 -15860.6
  124 123.5 0.625312 0.000271403 -15580.9 -16182.1 -16204.2
  125 124.5 0.616096 0.000267403 -15602.1 -16194.9 -16214.1
  126 125.5 0.62152 0.000269757 -15966.7 -16636.8 -16290
  127 126.5 0.616704 0.000267667 -15811.2 -16428.5 -16320.9
  128 127.5 0.620872 0.000269476 -15628.8 -16298.7 -16244.7
  129 128.5 0.620944 0.000269507 -16112.5 -16428.2 -16395.4
  130 129.5 0.623528 0.000270628 -15485.9 -15840.5 -16275.8
  131 130.5 0.62396 0.000270816 -15570 -16147.2 -16185.7
  132 131.5 0.615048 0.000266948 -15779.4 -16321.6 -16467.2
  133 132.5 0.629344 0.000273153 -16120.5 -16478 -15990.3
  134 133.5 0.626776 0.000272038 -16238.3 -16504.5 -16093.2
  135 134.5 0.630872 0.000273816 -16123.3 -16140.7 -16083.2
  136 135.5 0.628168 0.000272642 -16082 -16126.1 -16152.5
  137 136.5 0.619992 0.000269094 -16187.2 -16240.6 -16069.1
  138 137.5 0.618624 0.0002685 -16235.6 -16393.3 -16474.3
  139 138.5 0.612744 0.000265948 -15868.7 -16424.7 -16488.7
  140 139.5 0.635776 0.000275944 -15910.1 -16293.9 -15870.8
  141 140.5 0.634488 0.000275385 -15553 -16121.1 -15860.5
  142 141.5 0.636464 0.000276243 -16136 -16257.9 -15972.5
  143 142.5 0.64012 0.00027783 -15954 -16034.7 -15784.3
  144 143.5 0.634256 0.000275285 -15696.9 -15736.8 -15870.3
  145 144.5 0.634304 0.000275306 -16036.6 -16053 -16032.7
  146 145.5 0.6288 0.000272917 -15961.6 -16385 -16122.6
  147 146.5 0.624008 0.000270837 -15913.2 -16284.3 -16109.1
  148 147.5 0.626192 0.000271785 -15670.3 -16082.7 -16035.3
  149 148.5 0.626184 0.000271781 -15792.4 -16036.9 -16308.9
  150 149.5 0.624288 0.000270958 -16027.1 -15773.7 -16271
  151 150.5 0.628808 0.00027292 -16215.1 -15958 -16020.3
  152 151.5 0.635424 0.000275792 -15948.8 -16054.7 -15877.4
  153 152.5 0.621608 0.000269795 -15864.4 -15785.5 -16270.2
  154 153.5 0.611232 0.000265292 -15328.2 -16148.4 -16600.5
  155 154.5 0.615632 0.000267201 -15983.9 -16129.9 -16483.6
  156 155.5 0.616584 0.000267615 -16279.8 -16045.7 -16368.3
  157 156.5 0.60548 0.000262795 -15899.7 -15882.4 -16682.7
  158 157.5 0.608112 0.000263938 -16204.9 -15502.4 -16594.7
  159 158.5 0.611104 0.000265236 -16350.7 -15885.4 -16569.1
  160 159.5 0.605088 0.000262625 -16566.7 -16220.9 -16697.3
  161 160.5 0.621936 0.000269937 -17010.5 -15906.8 -16151.5
  162 161.5 0.623032 0.000270413 -16851 -15860.2 -16239.8
  163 162.5 0.620744 0.00026942 -16986.4 -16680 -16306.5
  164 163.5 0.617744 0.000268118 -16195 -16383.5 -16470.9
  165 164.5 0.626704 0.000272007 -16331.1 -16252.8 -15980.7
  166 165.5 0.629728 0.000273319 -15936.6 -16558.8 -16140.6
  167 166.5 0.628576 0.000272819 -16014.6 -16770.4 -16088.1
  168 167.5 0.639048 0.000277365 -16094.4 -16091.7 -15933
  169 168.5 0.643656 0.000279365 -16309.8 -16120.4 -15630.9
  170 169.5 0.634712 0.000275483 -16253 -15795.4 -15987
  171 170.5 0.624992 0.000271264 -16135.5 -15920.3 -16229.2
  172 171.5 0.636624 0.000276312 -16233.5 -16159.6 -15879.9
  173 172.5 0.62684 0.000272066 -16593.3 -16000 -16084
  174 173.5 0.623808 0.00027075 -16087.7 -16007.3 -16194.8
  175 174.5 0.630808 0.000273788 -15825.3 -15953.3 -16039.8
  176 175.5 0.625712 0.000271576 -16197.3 -16267.4 -16186.7
  177 176.5 0.632864 0.000274681 -16380.5 -16148.9 -16008.8
  178 177.5 0.635232 0.000275708 -16450.5 -16118.2 -16017.8
  179 178.5 0.619808 0.000269014 -16380.7 -15886 -16305.8
  180 179.5 0.621032 0.000269545 -16123.9 -15774.4 -16199.2
  181 180.5 0.629568 0.00027325 -15902.7 -16031.3 -16059.7
  182 181.5 0.63 0.000273438 -15954 -16058.1 -16101.7
  183 182.5 0.641712 0.000278521 -16044.2 -15967.4 -15723.4
  184 183.5 0.64236 0.000278802 -16109.5 -16130.5 -15710.2
  185 184.5 0.629608 0.000273267 -16444.1 -16291.7 -16037.9
  186 185.5 0.646752 0.000280708 -16126.8 -16377.1 -15711.5
  187 186.5 0.639568 0.00027759 -15887.3 -16260 -15994.2
  188 187.5 0.633024 0.00027475 -16230.5 -15941 -15936.9
  189 188.5 0.62668 0.000271997 -16097 -16591.8 -16284.1
  190 189.5 0.63128 0.000273993 -15843.3 -16404.9 -15865.7
  191 190.5 0.6314 0.000274045 -15818.2 -16468.4 -15924.5
  192 191.5 0.620392 0.000269267 -16258.5 -16268.4 -16287.4
  193 192.5 0.620016 0.000269104 -15536.8 -16348.8 -16310.8
  194 193.5 0.624856 0.000271205 -15858 -16522.5 -16122.3
  195 194.5 0.61944 0.000268854 -16286.7 -16757.8 -16450.2
  196 195.5 0.619864 0.000269038 -15842.6 -16231 -16362
  197 196.5 0.622096 0.000270007 -15935 -16712.7 -16329.8
  198 197.5 0.620352 0.00026925 -15643.7 -16399 -16216.9
  199 198.5 0.626464 0.000271903 -16109.7 -16592.6 -16157.5
  200 199.5 0.620792 0.000269441 -16394.9 -16518 -16344
  201 200.5 0.633744 0.000275063 -16069.1 -16680.2 -15897.5
  202 201.5 0.627008 0.000272139 -15527.8 -16401.2 -16165.5
  203 202.5 0.637256 0.000276587 -15743.4 -16417.8 -15917.6
  204 203.5 0.636608 0.000276306 -15775.8 -16919.5 -15836.6
  205 204.5 0.630392 0.000273608 -15715.4 -16967.4 -16041.4
  206 205.5 0.633096 0.000274781 -15574.3 -16786.8 -15807.1
  207 206.5 0.628296 0.000272698 -15548.5 -16836.1 -16199.3
  208 207.5 0.636064 0.000276069 -15714.9 -16054.7 -15733.9
  209 208.5 0.636368 0.000276201 -16284.9 -16639.7 -15749
  210 209.5 0.64216 0.000278715 -15927.3 -16269.5 -15573.7
  211 210.5 0.654328 0.000283997 -15719.2 -16588.9 -15160.9
  212 211.5 0.649976 0.000282108 -15882.8 -15918.1 -15145.9
  213 212.5 0.659144 0.000286087 -15930.1 -15797.3 -14673.7
  214 213.5 0.660944 0.000286868 -15453.8 -15884.2 -14510.7
  215 214.5 0.677984 0.000294264 -15541.1 -15756.6 -13777.2
  216 215.5 0.716968 0.000311184 -14776.5 -15341.4 -12424.4
  217 216.5 0.754848 0.000327625 -14272.1 -14579.3 -10967.5
  218 217.5 0.811784 0.000352337 -13459.4 -13577.2 -9262.39
  219 218.5 0.920648 0.000399587 -12335 -12294.6 -6465.19
  220 219.5 1.09838 0.000476729 -10563 -10227.3 -2994.51
  221 220.5 1.39178 0.000604069 -8451.8 -8174.81 497.007
  222 221.5 1.89374 0.000821934 -5541.69 -5446.55 3689.48
  223 222.5 2.65437 0.00115207 -2254.24 -2363.76 6731.92
  224 223.5 3.88388 0.00168571 268.121 335.269 8433.66
  225 224.5 5.66325 0.00245801 3023.15 2991.16 9300
  226 225.5 8.09382 0.00351294 5216.91 5219.56 9223.43
  227 226.5 11.2006 0.00486137 7384.8 7428.91 8937
  228 227.5 14.8529 0.00644659 9131.51 9211.67 8086.85
  229 228.5 18.7914 0.00815599 10839.6 11068.2 7366.3
  230 229.5 22.7592 0.00987812 12143.7 12142.7 6213.77
  231 230.5 26.2807 0.0114066 13162 13132.7 4932.67
  232 231.5 29.2019 0.0126744 14049.5 14114.5 3571.16
  233 232.5 31.6792 0.0137496 14401.3 14440.2 2076.03
  234 233.5 33.6044 0.0145852 13825.4 13748.2 175.624
  235 234.5 34.8758 0.0151371 12260.6 12259.6 -1559.38
  236 235.5 35.9143 0.0155878 10330.7 10300.8 -2630.03
  237 236.5 36.7195 0.0159373 8110.92 8160.96 -3742
  238 237.5 37.2332 0.0161602 6262.91 6236.03 -4038.45
  239 238.5 37.4514 0.016255 4436.68 4483.48 -3874.63
  240 239.5 37.7299 0.0163758 3102.21 3136.95 -3493.42
  241 240.5 38.0971 0.0165352 2320.11 2047.31 -3048.56
  242 241.5 38.0195 0.0165015 1506.95 1310.29 -2510.02
  243 242.5 38.1162 0.0165435 863.275 793.326 -2270.52
  244 243.5 38.2918 0.0166197 746.3 659.409 -1670.31
  245 244.5 38.2518 0.0166023 242.167 341.912 -1418.44
  246 245.5 38.2551 0.0166038 310.754 145.459 -1129.56
  247 246.5 38.325 0.0166341 106.478 123.117 -896.665
  248 247.5 38.3336 0.0166378 -52.4505 -132.232 -901.823
  249 248.5 38.3301 0.0166363 -122.89 -96.2953 -555.662
  250 249.5 38.3308 0.0166366 -246.114 -338.534 -591.664
  251 250.5 38.3664 0.0166521 -237.022 -384.168 -452.15
  252 251.5 38.3202 0.016632 -297.47 -258.18 -397.916
  253 252.5 38.3402 0.0166407 -468.446 -368.098 -338.219
  254 253.5 38.3481 0.0166441 -405.239 -274.322 -387.609
  255 254.5 38.3859 0.0166605 -398.024 -176.669 -227.524
  256 255.5 38.2475 0.0166005 -346.28 -15.9715 -271.981
  257 256.5 38.3397 0.0166405 -339.803 -276.716 -365.588
  258 257.5 38.3725 0.0166547 -95.1754 -315.392 -83.5161
  259 258.5 38.3142 0.0166294 -310.514 -361.409 -328.955
  260 259.5 38.2084 0.0165835 -206.219 -441.678 -207.871
  261 260.5 38.4032 0.0166681 -407.871 -510.253 -328.069
  262 261.5 38.3114 0.0166282 -422.331 -516.433 -200.388
  263 262.5 38.286 0.0166172 -521.97 -572.7 -285.134
  264 263.5 38.2707 0.0166106 -375.948 -416.978 -267.212
  265 264.5 38.4003 0.0166668 -339.862 -282.241 -234.736
  266 265.5 38.3002 0.0166233 -242.391 -415.296 -197.276
  267 266.5 38.26 0.0166059 -283.364 -472.991 -169.591
  268 267.5 38.3124 0.0166286 -198.045 -378.707 -244.981
  269 268.5 38.365 0.0166515 -401.475 -671.727 -204.539
  270 269.5 38.2893 0.0166186 -143.864 -453.603 -302.863
  271 270.5 38.2794 0.0166143 -150.394 -230.651 -361.669
  272 271.5 38.2844 0.0166165 43.7087 -96.2574 -223.579
  273 272.5 38.339 0.0166402 -252.54 -396.214 -122.142
  274 273.5 38.3103 0.0166277 -282.457 -150.804 -114.894
  275 274.5 38.3408 0.016641 -338.93 -358.019 -482.064
  276 275.5 38.2898 0.0166188 -366.515 -158.52 -217.408
  277 276.5 38.2972 0.016622 -437.001 -12.0154 -254.339
  278 277.5 38.3163 0.0166304 -329.415 -435.307 -229.386
  279 278.5 38.354 0.0166467 -291.451 -452.365 -144.271
  280 279.5 38.3097 0.0166275 -143.362 -116.348 -318.893
  281 280.5 38.2947 0.016621 -197.929 -313.17 -350.503
  282 281.5 38.3692 0.0166533 -160.799 -230.271 -97.1734
  283 282.5 38.3773 0.0166568 -311.825 -185.545 -327.878
  284 283.5 38.2306 0.0165932 -39.7447 -186.306 -158.867
  285 284.5 38.3734 0.0166551 -165.368 -204.589 -158.362
  286 285.5 38.374 0.0166554 -462.292 -246.791 -415.075
  287 286.5 38.3403 0.0166408 -327.821 -255.337 -257.85
  288 287.5 38.254 0.0166033 -308.169 -465.678 -315.861
  289 288.5 38.4833 0.0167028 -96.5251 -351.604 -155.158
  290 289.5 38.3431 0.016642 -64.6408 -69.1329 -174.834
  291 290.5 38.2952 0.0166212 -247.695 -58.6265 -264.904
  292 291.5 38.317 0.0166306 -215.751 -225.198 -339.289
  293 292.5 38.4676 0.016696 -20.3413 -303.064 -218.376
  294 293.5 38.3104 0.0166278 -383.464 -563.648 -328.242
  295 294.5 38.3103 0.0166277 -316.606 -176.249 -218.859
  296 295.5 38.4297 0.0166795 -192.759 73.5748 -114.676
  297 296.5 38.3379 0.0166397 -261.482 67.9907 -360.031
  298 297.5 38.3051 0.0166255 -141.042 -131.298 -371.821
  299 298.5 38.4001 0.0166667 -218.539 -58.0657 -228.912
  300 299.5 38.3921 0.0166632 -316.251 -313.473 -186.518
  301 300.5 38.3215 0.0166326 -252.466 -339.358 -246.95
  302 301.5 38.395 0.0166645 -302.97 -246.431 -232.57
  303 302.5 38.3855 0.0166604 -170.035 -197.33 -195.376
  304 303.5 38.3321 0.0166372 -223.85 -310.696 -219.443
  305 304.5 38.3947 0.0166644 -85.9938 -191.23 -310.194
  306 305.5 38.3443 0.0166425 -351.412 5.10523 -251.487
  307 306.5 38.3288 0.0166358 -303.282 -18.7804 -235.808
  308 307.5 38.458 0.0166918 -275.369 -206.453 -222.896
  309 308.5 38.3191 0.0166315 -226.988 -149.85 -259.814
  310 309.5 38.3031 0.0166246 -190.141 -271.549 -279.464
  311 310.5 38.4815 0.0167021 -96.6889 -311.861 -277.18
  312 311.5 38.3602 0.0166494 -436.61 -282.428 -214.072
  313 312.5 38.2851 0.0166168 -643.869 -383.79 -114.014
  314 313.5 38.469 0.0166966 -432.692 -391.149 -263.948
  315 314.5 38.4111 0.0166715 -445.272 -131.494 -444.566
  316 315.5 38.2713 0.0166108 -340.372 -314.299 -307.346
  317 316.5 38.4107 0.0166713 -268.924 -252.25 -54.3605
  318 317.5 38.5213 0.0167193 -252.01 -288.679 -163.98
  319 318.5 38.3047 0.0166253 -463.117 -490.18 -468.388
  320 319.5 38.3231 0.0166333 -160.642 -290.632 -245.129
  321 320.5 38.4929 0.016707 -272.374 -330.143 -234.442
  322 321.5 38.4337 0.0166813 -447.091 -413.554 -273.126
  323 322.5 38.296 0.0166215 -107.949 -260.906 -220.384
  324 323.5 38.3654 0.0166517 -225.328 -308.316 -270.27
  325 324.5 38.5194 0.0167185 -110.616 -213.409 -139.78
  326 325.5 38.3578 0.0166483 -282.342 -87.4924 -293.339
  327 326.5 38.2674 0.0166091 -400.417 3.3501 -421.345
  328 327.5 38.4258 0.0166779 -264.069 -144.079 -117.34
  329 328.5 38.5076 0.0167134 -279.069 -211.227 -215.118
  330 329.5 38.2735 0.0166118 -129.652 -473.022 -281.261
  331 330.5 38.3533 0.0166464 -45.5914 -152.773 -233.636
  332 331.5 38.5349 0.0167252 -168.679 -340.496 -265.959
  333 332.5 38.3634 0.0166508 -117.456 -353.77 -250.595
  334 333.5 38.2962 0.0166216 -147.495 -293.404 -327.386
  335 334.5 38.4516 0.016689 -40.7421 -86.3242 -119.661
  336 335.5 38.4756 0.0166995 -124.351 -330.617 -236.618
  337 336.5 38.2846 0.0166166 -314.698 -260.708 -435.308
  338 337.5 38.4115 0.0166717 -190.836 -126.948 -114.056
  339 338.5 38.4578 0.0166917 -342.142 -232.106 -253.097
  340 339.5 38.4087 0.0166705 -162.959 -312.967 -177.29
  341 340.5 38.2962 0.0166216 -328.468 -136.581 -501.297
  342 341.5 38.4376 0.016683 -398.809 -253.322 -76.8186
  343 342.5 38.4383 0.0166833 -341.352 -520.616 -157.442
  344 343.5 38.3866 0.0166608 -364.348 -494.262 -372.497
  345 344.5 38.3316 0.016637 -98.4258 -243.183 -293.057
  346 345.5 38.4054 0.016669 -190.653 -451.932 -287.545
  347 346.5 38.4191 0.0166749 -105.331 -127.111 -54.7812
  348 347.5 38.3566 0.0166478 -22.1672 -23.7807 -370.919
  349 348.5 38.3954 0.0166647 -38.7794 27.852 -174.026
  350 349.5 38.3542 0.0166468 -125.067 -157.884 -256.366
  351 350.5 38.3842 0.0166598 -414.977 -334.393 -340.236
  352 351.5 38.433 0.016681 -194.343 -360.44 -229.178
  353 352.5 38.3717 0.0166544 -360.776 -327.838 -304.056
  354 353.5 38.3524 0.016646 -167.751 -284.942 -248.368
  355 354.5 38.3879 0.0166614 -271.591 -315.581 -220.525
  356 355.5 38.4553 0.0166907 -219.083 -343.942 -271.898
  357 356.5 38.3272 0.0166351 -135.331 -121.055 -269.941
  358 357.5 38.3435 0.0166421 -430.139 -180.355 -351.485
  359 358.5 38.4935 0.0167072 -317.141 -165.255 -88.2796
  360 359.5 38.3596 0.0166492 -180.755 -333.549 -228.091
  361 360.5 38.3267 0.0166349 -24.7525 -330.084 -270.43
  362 361.5 38.4152 0.0166733 -275.464 -322.537 -305.175
  363 362.5 38.4508 0.0166887 -166.568 -215.738 -280.915
  364 363.5 38.3656 0.0166517 -68.8511 -299.543 -250.741
  365 364.5 38.3437 0.0166422 -132.466 -313.451 -281.943
  366 365.5 38.4402 0.0166841 -57.3261 -331.911 -328.156
  367 366.5 38.4177 0.0166744 -299.95 -310.431 -252.549
  368 367.5 38.3207 0.0166323 -308.442 -369.543 -188.326
  369 368.5 38.4588 0.0166922 3.75092 -128.237 -195.414
  370 369.5 38.3694 0.0166534 -93.1072 27.2145 -421.884
  371 370.5 38.3344 0.0166382 53.9419 -77.4808 -468.711
  372 371.5 38.3653 0.0166516 -145.45 -344.083 -428.227
  373 372.5 38.4571 0.0166915 -104.983 -316.29 -386.679
  374 373.5 38.3521 0.0166459 111.67 -269.537 -481.554
  375 374.5 38.2748 0.0166123 29.8873 -130.568 -571.671
  376 375.5 38.4167 0.0166739 92.2725 -73.6233 -748.748
  377 376.5 38.3956 0.0166648 161.455 10.615 -707.599
  378 377.5 38.2314 0.0165935 74.5622 3.75506 -1155.18
  379 378.5 38.3173 0.0166308 359.181 292.274 -1137.77
  380 379.5 38.3058 0.0166258 626.747 678.971 -1453.4
  381 380.5 38.1885 0.0165749 730.688 1107.37 -1733.81
  382 381.5 38.0947 0.0165342 1207.21 1526.15 -1996.3
  383 382.5 38.0311 0.0165065 2219.31 2093.86 -2242.74
  384 383.5 37.8836 0.0164425 3065.29 3053.93 -2357.01
  385 384.5 37.5507 0.0162981 4308.88 4309.39 -2124.76
  386 385.5 37.2871 0.0161836 5467.65 5418.64 -1849.59
  387 386.5 36.8399 0.0159895 6632.29 6744.98 -732.775
  388 387.5 36.3013 0.0157558 7510.03 7694.79 560.092
  389 388.5 35.5079 0.0154114 7694.77 7701.92 1653.16
  390 389.5 34.8677 0.0151335 7152.91 6980.16 2551.33
  391 390.5 34.1399 0.0148176 5654.54 5606.61 3221.55
  392 391.5 33.6039 0.014585 3899.47 3931.81 2968.77
  393 392.5 33.2754 0.0144425 2393.82 2406.24 2306.3
  394 393.5 33.036 0.0143385 1406.95 1464.97 1731.34
  395 394.5 33.118 0.0143741 932.597 928.343 1095.04
  396 395.5 33.1363 0.0143821 564.113 574.358 569.084
  397 396.5 33.2218 0.0144192 736.574 416.994 28.8349
  398 397.5 33.3037 0.0144547 462.218 272.067 -207.356
  399 398.5 33.3606 0.0144794 175.416 260.055 -262.666
  400 399.5 33.4873 0.0145344 186.539 175.882 -360.218
  401 400.5 33.4841 0.014533 9.79091 147.312 -536.499
  402 401.5 33.4679 0.014526 0.361826 9.79815 -583.201
  403 402.5 33.4776 0.0145302 -60.617 28.0483 -387.636
  404 403.5 33.5654 0.0145683 -148.207 -205.499 -440.438
  405 404.5 33.5831 0.014576 -192.03 -190.498 -367.089
  406 405.5 33.4865 0.0145341 -227.44 -290.161 -435.385
  407 406.5 33.5921 0.0145799 -250.674 -176.989 -356.375
  408 407.5 33.6041 0.0145851 -177.656 -133.291 -268.118
  409 408.5 33.5643 0.0145678 -471.018 -169.994 -341.893
  410 409.5 33.5666 0.0145689 -337.906 -309.778 -386.411
  411 410.5 33.6247 0.0145941 -314.324 -234.665 -372.393
  412 411.5 33.548 0.0145608 -96.6112 -146.795 -230.074
  413 412.5 33.5304 0.0145531 -198.671 -102.759 -357.492
  414 413.5 33.6166 0.0145905 45.6963 -90.9848 -225.102
  415 414.5 33.5683 0.0145696 -133.04 -142.175 -377.023
  416 415.5 33.5348 0.014555 -152.734 -235.553 -310.361
  417 416.5 33.5828 0.0145759 -220.35 -353.663 -242.31
  418 417.5 33.5767 0.0145732 -370.41 -188.626 -251.94
  419 418.5 33.578 0.0145738 -390.441 -416.768 -455.369
  420 419.5 33.5883 0.0145783 -332.471 -415.395 -186.679
  421 420.5 33.5631 0.0145673 -370.814 -408.872 -276.224
  422 421.5 33.5651 0.0145682 -338.898 -365.799 -337.545
  423 422.5 33.6101 0.0145877 -324.983 -515.692 -306.745
  424 423.5 33.5137 0.0145459 -240.187 -299.911 -251.223
  425 424.5 33.5978 0.0145824 -172.058 -191.725 -364.289
  426 425.5 33.595 0.0145812 -202.865 -95.7601 -222.996
  427 426.5 33.6016 0.014584 -533.352 -363.628 -333.864
  428 427.5 33.5431 0.0145586 -299.366 -349.482 -263.515
  429 428.5 33.6237 0.0145936 -427.472 -292.575 -359.223
  430 429.5 33.5769 0.0145733 -315.186 -424.137 -283.603
  431 430.5 33.5956 0.0145814 -292.542 -268.193 -237.504
  432 431.5 33.5678 0.0145693 -215.257 -191.707 -337.264
  433 432.5 33.6 0.0145834 -145.601 -263.25 -304.585
  434 433.5 33.5421 0.0145582 -86.1113 -266.422 -316.126
  435 434.5 33.6297 0.0145962 -249.287 -141.059 -231.705
  436 435.5 33.5716 0.014571 -264.233 -281.77 -270.982
  437 436.5 33.5927 0.0145802 -394.037 -358.117 -370.996
  438 437.5 33.6232 0.0145934 -224.523 -273.126 -220.312
  439 438.5 33.5323 0.014554 -212.23 -314.224 -268.292
  440 439.5 33.5786 0.014574 -252.617 -307.619 -286.994
  441 440.5 33.5744 0.0145722 -344.996 -404.541 -372.23
  442 441.5 33.5896 0.0145788 -355.159 -278.422 -204.818
  443 442.5 33.5777 0.0145737 -433.802 -412.968 -477.439
  444 443.5 33.5606 0.0145662 -230.823 -236.239 -205.653
  445 444.5 33.5104 0.0145445 -265.886 -215.68 -270.307
  446 445.5 33.6798 0.014618 -308.449 -342.808 -217.071
  447 446.5 33.4897 0.0145354 -241.355 -341.747 -367.462
  448 447.5 33.5283 0.0145522 -194.96 -192.633 -328.111
  449 448.5 33.5753 0.0145726 -372.137 -486.009 -272.855
  450 449.5 33.5866 0.0145775 -371.21 -446.146 -277.071
  451 450.5 33.5407 0.0145576 -488.469 -444.871 -246.615
  452 451.5 33.5759 0.0145729 -279.35 -359.958 -347.816
  453 452.5 33.5321 0.0145539 -250.81 -347.421 -305.39
  454 453.5 33.514 0.014546 -234.739 -424.888 -274.689
  455 454.5 33.6077 0.0145867 -323.724 -346.101 -288.631
  456 455.5 33.5193 0.0145483 -294.758 -372.283 -234.643
  457 456.5 33.4815 0.0145319 -388.496 -411.742 -387.119
  458 457.5 33.5971 0.0145821 -273.082 -292.53 -289.326
  459 458.5 33.5107 0.0145446 -265.849 -251.372 -245.486
  460 459.5 33.4894 0.0145353 -180.158 -305.31 -212.669
  461 460.5 33.5387 0.0145567 -311.579 -274.174 -442.024
  462 461.5 33.4974 0.0145388 -225.287 -266.705 -264.968
  463 462.5 33.4663 0.0145253 -184.213 -41.3901 -253.806
  464 463.5 33.6254 0.0145944 -264.19 -311.97 -136.889
  465 464.5 33.4656 0.014525 -238.642 -324.805 -435.207
  466 465.5 33.4614 0.0145232 -323.679 -307.925 -300.753
  467 466.5 33.5467 0.0145602 -219.762 -232.233 -327.732
  468 467.5 33.603 0.0145846 -226.773 -232.211 -201.416
  469 468.5 33.4633 0.014524 -274.56 -267.152 -294.958
  470 469.5 33.5453 0.0145596 -234.154 -205.267 -355.246
  471 470.5 33.5628 0.0145672 -298.875 -255.135 -280.628
  472 471.5 33.6261 0.0145946 -251.435 -334.205 -193.593
  473 472.5 33.4884 0.0145349 -293.231 -380.312 -362.094
  474 473.5 33.5206 0.0145489 -239.015 -303.285 -411.526
  475 474.5 33.5713 0.0145709 -292.233 -392.301 -310.772
  476 475.5 33.5985 0.0145827 -170.899 -165.716 -152.732
  477 476.5 33.5079 0.0145434 -329.131 -251.035 -355.809
  478 477.5 33.4987 0.0145394 -77.2568 -155.912 -264.187
  479 478.5 33.6308 0.0145967 -197.201 -201.103 -228.122
  480 479.5 33.5245 0.0145506 -360.119 -253.508 -285.848
57500000 480 11610
  1 0.5 33.6016 0.014584 -322.403 -387.319 -343.756
  2 1.5 33.5262 0.0145513 -302.178 -525.138 -255.708
  3 2.5 33.5842 0.0145765 -349.472 -464.984 -391.467
  4 3.5 33.6224 0.0145931 -307.636 -226.825 -234.808
  5 4.5 33.4903 0.0145357 -302.496 -371.545 -324.552
  6 5.5 33.59 0.014579 -302.412 -284.675 -300.669
  7 6.5 33.615 0.0145899 -143.999 -208.005 -303.019
  8 7.5 33.5181 0.0145478 -246.19 -224.027 -251.479
  9 8.5 33.5558 0.0145642 -239.25 -313.831 -265.56
  10 9.5 33.6375 0.0145996 -50.8089 -230.414 -305.985
  11 10.5 33.5812 0.0145752 -271.57 -459.493 -244.331
  12 11.5 33.4923 0.0145366 -216.236 -371.543 -370.129
  13 12.5 33.6143 0.0145896 -229.034 -377.122 -291.006
  14 13.5 33.6053 0.0145856 -283.563 -227.841 -234.302
  15 14.5 33.5967 0.0145819 -337.55 -374.003 -261.492
  16 15.5 33.588 0.0145781 -495.657 -399.986 -395.553
  17 16.5 33.5673 0.0145691 -111.837 -325.662 -261.153
  18 17.5 33.665 0.0146116 -385.339 -378.226 -193.136
  19 18.5 33.5774 0.0145735 -336.714 -370.733 -380.913
  20 19.5 33.5264 0.0145514 -330.509 -330.642 -392.799
  21 20.5 33.6573 0.0146082 -77.6375 -192.37 -162.291
  22 21.5 33.6392 0.0146004 -276.126 -317.189 -380.312
  23 22.5 33.5458 0.0145598 -278.847 -304.519 -248.728
  24 23.5 33.6562 0.0146077 -163.009 -234.896 -175.687
  25 24.5 33.5806 0.0145749 -231.502 -392.442 -324.126
  26 25.5 33.5361 0.0145556 -306.918 -375.094 -415.216
  27 26.5 33.6302 0.0145964 -319.066 -305.809 -246.648
  28 27.5 33.5956 0.0145814 -576.519 -334.377 -286.63
  29 28.5 33.6075 0.0145866 -363.133 -361.159 -184.45
  30 29.5 33.5269 0.0145516 -346.694 -478.575 -404.753
  31 30.5 33.6024 0.0145844 -369.334 -327.529 -265.397
  32 31.5 33.6193 0.0145917 -381.99 -413.486 -268.495
  33 32.5 33.6002 0.0145834 -474.489 -433.451 -275.517
  34 33.5 33.591 0.0145794 -383.814 -257.248 -312.512
  35 34.5 33.5892 0.0145786 -406.608 -267.421 -370.42
  36 35.5 33.6133 0.0145891 -274.38 -351.125 -245.464
  37 36.5 33.5675 0.0145692 -419.232 -431.076 -302.898
  38 37.5 33.5735 0.0145719 -312.788 -358.313 -300.373
  39 38.5 33.5955 0.0145814 -223.653 -220.031 -256.621
  40 39.5 33.6251 0.0145942 -425.096 -260.655 -340.352
  41 40.5 33.5436 0.0145588 -468.55 -321.048 -338.853
  42 41.5 33.5765 0.0145731 -146.081 -209.085 -184.185
  43 42.5 33.5743 0.0145722 -211.036 -459.2 -386.754
  44 43.5 33.5848 0.0145767 -126.047 -256.42 -295.378
  45 44.5 33.5077 0.0145433 -303.274 -452.068 -395.471
  46 45.5 33.6161 0.0145903 -295.435 -484 -253.849
  47 46.5 33.5984 0.0145826 -405.601 -570.835 -295.648
  48 47.5 33.5933 0.0145804 -433.68 -405.925 -387.619
  49 48.5 33.5103 0.0145444 -222.026 -325.198 -480.22
  50 49.5 33.5131 0.0145456 -272.783 -398.824 -381.002
  51 50.5 33.5873 0.0145778 -387.903 -352.877 -437.28
  52 51.5 33.5186 0.014548 -236.374 -268.921 -602.464
  53 52.5 33.4672 0.0145257 -165.664 -108.368 -648.976
  54 53.5 33.4994 0.0145397 -153.167 -113.859 -740.107
  55 54.5 33.4785 0.0145306 -59.6331 9.32842 -729.407
  56 55.5 33.3498 0.0144747 72.8045 44.0602 -1101.63
  57 56.5 33.3192 0.0144615 380.411 322.449 -1294.68
  58 57.5 33.2409 0.0144275 544.572 486.61 -1325.47
  59 58.5 33.1711 0.0143972 714.261 774.034 -1628.52
  60 59.5 32.9986 0.0143223 1087.59 1117.7 -2012.58
  61 60.5 32.7304 0.0142059 1510.49 1601.29 -2311.01
  62 61.5 32.4562 0.0140869 2259.47 2366.6 -2509.83
  63 62.5 32.0635 0.0139165 3103.47 3150.49 -2746.96
  64 63.5 31.4535 0.0136517 4009.24 4178.54 -2681.78
  65 64.5 30.4994 0.0132376 5371.64 5281.3 -2485.99
  66 65.5 29.4187 0.0127685 6790.71 6699.56 -1824.75
  67 66.5 27.8064 0.0120688 7697.98 7680 -760.311
  68 67.5 25.5197 0.0110762 8709.47 8635.75 557.117
  69 68.5 22.748 0.00987328 9453.32 9269.61 2384.78
  70 69.5 19.4983 0.00846279 9461.32 9301 4173.98
  71 70.5 15.9444 0.00692033 8828.44 9004.54 5939.04
  72 71.5 12.3524 0.00536126 7801.88 7856.5 7567.81
  73 72.5 9.12077 0.00395867 6203.23 6199.09 8484.41
  74 73.5 6.48593 0.00281507 3803.91 4081.13 9249.92
  75 74.5 4.42395 0.00192012 1195.49 1643.47 8981.18
  76 75.5 3.02566 0.00131322 -1668.33 -1911.75 7411.11
  77 76.5 2.09638 0.000909889 -4626.82 -4744.82 5262.12
  78 77.5 1.53169 0.000664795 -7843.01 -7769.58 1863.13
  79 78.5 1.16706 0.000506535 -10566.3 -10533 -1815.82
  80 79.5 0.959456 0.000416431 -12645.5 -12293.2 -5414.47
  81 80.5 0.815224 0.00035383 -13677.7 -13498.3 -8866.39
  82 81.5 0.7408 0.000321528 -14527 -14387.5 -11139
  83 82.5 0.702696 0.00030499 -14612.2 -15170.4 -12541.7
  84 83.5 0.674368 0.000292694 -14855.8 -15660.7 -13525.8
  85 84.5 0.65548 0.000284497 -15318.3 -15898.3 -14473.4
  86 85.5 0.645736 0.000280267 -16207.1 -15782.1 -14829.4
  87 86.5 0.6384 0.000277083 -16426.1 -16139 -15350.7
  88 87.5 0.636048 0.000276062 -16514.4 -16208.5 -15459.8
  89 88.5 0.631168 0.000273944 -16175.8 -16455.2 -15735.1
  90 89.5 0.63644 0.000276233 -16089.9 -17083.5 -15623.3
  91 90.5 0.62936 0.00027316 -16218.4 -16734.2 -15882.5
  92 91.5 0.630992 0.000273868 -16474.5 -16805.8 -15801.7
  93 92.5 0.615008 0.000266931 -16599.8 -16928.6 -16344.4
  94 93.5 0.620904 0.00026949 -16414.1 -16374 -16059.7
  95 94.5 0.633168 0.000274812 -15948.1 -15872.6 -15880.9
  96 95.5 0.624624 0.000271104 -16005.3 -15969.3 -16210.6
  97 96.5 0.631096 0.000273913 -16080.6 -16345 -15864.3
  98 97.5 0.637792 0.000276819 -16835.4 -15808.5 -15706.4
  99 98.5 0.638696 0.000277212 -16554.5 -16293.1 -15830.4
  100 99.5 0.627464 0.000272337 -16537.8 -16085.2 -15914.7
  101 100.5 0.630424 0.000273622 -16840.2 -15705.7 -15908.1
  102 101.5 0.636752 0.000276368 -16412.6 -15842.3 -15894.2
  103 102.5 0.630792 0.000273781 -16079.8 -16182.9 -15927.3
  104 103.5 0.63228 0.000274427 -16314.7 -16215.1 -15917.1
  105 104.5 0.620424 0.000269281 -15964.6 -15918.4 -16308.4
  106 105.5 0.6392 0.000277431 -16010.7 -15928.5 -15816.2
  107 106.5 0.624208 0.000270924 -15945.9 -15766.6 -15996.3
  108 107.5 0.621048 0.000269552 -16198.4 -16037.3 -16196.4
  109 108.5 0.611024 0.000265201 -16197.7 -16072.9 -16347.7
  110 109.5 0.601584 0.000261104 -16266.5 -16272.7 -16736.8
  111 110.5 0.604216 0.000262247 -16081.4 -16269.9 -16660
  112 111.5 0.591008 0.000256514 -16883.9 -15771.7 -17041.9
  113 112.5 0.592896 0.000257333 -16086.1 -16069.8 -16940.5
  114 113.5 0.602136 0.000261344 -15946.3 -15988.1 -16722
  115 114.5 0.605032 0.000262601 -16043.4 -16242.8 -16580.8
  116 115.5 0.612 0.000265625 -16117.5 -16049.9 -16425.7
  117 116.5 0.613976 0.000266483 -16153.9 -15897.4 -16340.6
  118 117.5 0.618048 0.00026825 -16367.9 -15572.3 -16297.6
  119 118.5 0.616208 0.000267451 -16009.4 -15720.3 -16443.8
  120 119.5 0.613568 0.000266306 -15953.9 -15960.7 -16432.2
  121 120.5 0.609536 0.000264556 -16490.6 -16009.6 -16494.3
  122 121.5 0.608968 0.000264309 -16451.5 -15703.9 -16539.5
  123 122.5 0.623776 0.000270736 -16500.2 -15752.3 -16037.7
  124 123.5 0.618888 0.000268615 -16478.2 -15951.9 -16183.9
  125 124.5 0.615416 0.000267108 -16406.3 -15665.2 -16507.8
  126 125.5 0.63512 0.00027566 -16138.7 -15935.9 -15936.6
  127 126.5 0.635728 0.000275924 -16404.1 -15942.5 -15741.3
  128 127.5 0.625696 0.000271569 -16741 -15706 -16115.8
  129 128.5 0.620024 0.000269108 -16931.1 -15474.8 -16183.7
  130 129.5 0.622544 0.000270201 -16608.9 -15387.8 -16139.4
  131 130.5 0.6152 0.000267014 -17128 -16124.8 -16413.1
  132 131.5 0.615136 0.000266986 -16728 -15830.9 -16319.4
  133 132.5 0.605192 0.00026267 -16264.8 -15580.4 -16708.6
  134 133.5 0.603624 0.00026199 -16187.2 -15835.2 -16647.8
  135 134.5 0.613288 0.000266184 -16504 -15854.6 -16383.4
  136 135.5 0.616712 0.00026767 -16637.2 -15974.1 -16272.8
  137 136.5 0.618432 0.000268417 -16380.5 -15533.1 -16312.6
  138 137.5 0.61808 0.000268264 -16628.6 -15689 -16272.5
  139 138.5 0.619392 0.000268833 -16446.1 -15715.6 -16257.7
  140 139.5 0.617768 0.000268128 -16227.1 -15994 -16212.8
  141 140.5 0.619488 0.000268875 -16045.4 -16013.5 -16356.3
  142 141.5 0.622016 0.000269972 -15597.3 -16420.9 -16201.5
  143 142.5 0.62872 0.000272882 -16041.6 -16522.1 -16002.9
  144 143.5 0.630904 0.00027383 -16158.8 -16422.1 -15883.2
  145 144.5 0.632896 0.000274694 -16116.8 -16298.6 -15915.7
  146 145.5 0.62492 0.000271233 -16121.9 -16462.6 -16167.2
  147 146.5 0.625384 0.000271434 -16216 -15709.8 -16145.6
  148 147.5 0.620016 0.000269104 -16092 -15650.5 -16201
  149 148.5 0.616656 0.000267646 -15980.8 -16359.7 -16206.2
  150 149.5 0.6278 0.000272483 -16029.4 -16481 -16006.6
  151 150.5 0.624824 0.000271191 -16463.8 -16101 -16166.4
  152 151.5 0.629696 0.000273306 -16615.3 -16232.5 -16005.7
  153 152.5 0.621968 0.000269951 -16828.9 -16551.3 -16161.9
  154 153.5 0.626328 0.000271844 -16435.5 -16938.9 -16123.7
  155 154.5 0.63004 0.000273455 -16324.4 -16797.6 -16063.7
  156 155.5 0.620704 0.000269403 -16613.5 -15783.5 -16178.2
  157 156.5 0.625904 0.00027166 -16321.4 -16346.8 -16038.6
  158 157.5 0.608416 0.000264069 -16001.4 -16095.3 -16588.2
  159 158.5 0.612336 0.000265771 -16271.7 -15865.1 -16441.8
  160 159.5 0.62404 0.000270851 -16269.9 -16572.1 -16132.9
  161 160.5 0.621488 0.000269743 -16040.5 -16571.3 -16102.5
  162 161.5 0.619144 0.000268726 -15524.7 -16287.8 -16206.9
  163 162.5 0.617288 0.00026792 -15670.6 -16108.1 -16352.1
  164 163.5 0.618 0.000268229 -15506.9 -16832.9 -16311.8
  165 164.5 0.613616 0.000266326 -15533.9 -16573.6 -16478.9
  166 165.5 0.62096 0.000269514 -15712.2 -16454.9 -16221.1
  167 166.5 0.629504 0.000273222 -15247.5 -16163.4 -16023.4
  168 167.5 0.626712 0.00027201 -15137.2 -15945.7 -16067.2
  169 168.5 0.618936 0.000268635 -15677.2 -16078.5 -16116.9
  170 169.5 0.634616 0.000275441 -15827.9 -16252.2 -15862.6
  171 170.5 0.640192 0.000277861 -15543.2 -16272 -15815
  172 171.5 0.631176 0.000273948 -15842.2 -16336.4 -15894.4
  173 172.5 0.616056 0.000267385 -15572.6 -16104.5 -16346.7
  174 173.5 0.627416 0.000272316 -15636.9 -16065.5 -16045.9
  175 174.5 0.631264 0.000273986 -15970 -16087.3 -15988.1
  176 175.5 0.631 0.000273872 -15461.9 -16527.5 -16017.8
  177 176.5 0.626152 0.000271767 -16048.2 -16274.8 -16033.4
  178 177.5 0.637824 0.000276833 -16188.3 -16105.2 -15802.2
  179 178.5 0.62308 0.000270434 -16070.8 -16012.3 -16091.1
  180 179.5 0.629424 0.000273187 -15913.1 -16139.2 -16098.2
  181 180.5 0.625088 0.000271306 -15587.1 -16306.6 -16143.4
  182 181.5 0.62904 0.000273021 -15447.5 -16342.9 -15864
  183 182.5 0.63388 0.000275122 -15285.3 -15885.6 -15904
  184 183.5 0.627728 0.000272451 -15250.9 -16310.1 -15905.2
  185 184.5 0.630832 0.000273799 -15552.3 -16277.8 -15986.7
  186 185.5 0.620048 0.000269118 -15371.6 -16118.6 -16369
  187 186.5 0.62116 0.000269601 -15615.8 -15910.9 -16288.3
  188 187.5 0.627536 0.000272368 -15918.5 -15717.3 -16063.4
  189 188.5 0.632352 0.000274458 -15807.4 -15828.5 -15810.8
  190 189.5 0.640216 0.000277872 -15604 -15877.5 -15696.2
  191 190.5 0.634168 0.000275247 -15733.4 -15746.9 -15898.1
  192 191.5 0.62612 0.000271753 -15604.8 -15853.2 -16173.3
  193 192.5 0.628352 0.000272722 -15154.9 -15825.2 -15989.9
  194 193.5 0.615096 0.000266969 -15589.4 -16270.6 -16274.2
  195 194.5 0.608432 0.000264076 -15520.6 -15958.5 -16674.1
  196 195.5 0.613704 0.000266365 -15817.9 -16210.7 -16446.6
  197 196.5 0.612696 0.000265927 -15940 -15965.6 -16328.7
  198 197.5 0.613176 0.000266135 -16052.5 -15646.6 -16498.7
  199 198.5 0.622208 0.000270056 -16365.7 -15791.7 -16045.2
  200 199.5 0.625096 0.000271309 -16146 -15590.7 -16140
  201 200.5 0.626536 0.000271934 -16334.5 -15904.8 -16016.4
  202 201.5 0.618752 0.000268556 -16626.8 -16086.2 -16334.6
  203 202.5 0.618232 0.00026833 -16189 -16288.9 -16258.4
  204 203.5 0.619088 0.000268701 -15934.3 -16264.7 -16235.5
  205 204.5 0.62916 0.000273073 -16117 -16721.7 -15785.6
  206 205.5 0.638936 0.000277316 -16349.6 -16986.8 -15657.5
  207 206.5 0.624216 0.000270927 -15759.5 -16710.2 -16269.3
  208 207.5 0.633168 0.000274812 -15068.6 -16382.2 -15814
  209 208.5 0.634984 0.000275601 -15052.9 -16237.2 -15784.1
  210 209.5 0.6392 0.000277431 -15441.3 -16227.1 -15527.9
  211 210.5 0.637304 0.000276608 -15135.9 -15967.5 -15558.7
  212 211.5 0.642592 0.000278903 -15896.1 -16291.5 -15359.6
  213 212.5 0.647552 0.000281056 -15234.8 -15912.7 -15055.8
  214 213.5 0.660808 0.000286809 -15308.9 -15872.9 -14570.6
  215 214.5 0.668544 0.000290167 -15098 -15824.2 -14128
  216 215.5 0.684672 0.000297167 -14912.1 -15584.4 -13455.8
  217 216.5 0.718072 0.000311663 -14697.5 -15324.7 -12291.1
  218 217.5 0.772832 0.000335431 -14526.8 -14642.4 -10446.4
  219 218.5 0.84016 0.000364653 -13525.5 -13700.1 -8443.27
  220 219.5 0.947792 0.000411368 -11607.5 -12488.5 -5889.9
  221 220.5 1.14957 0.000498944 -10367.8 -10565.6 -2404.58
  222 221.5 1.49742 0.00064992 -8140.53 -8288.25 1529.17
  223 222.5 2.04918 0.000889403 -4808.92 -5524.48 4845.77
  224 223.5 2.94684 0.00127901 -1862.79 -2447.63 7536.91
  225 224.5 4.32083 0.00187536 1191.83 796.747 9008.15
  226 225.5 6.36236 0.00276144 3743.09 3671.95 9479.27
  227 226.5 9.09323 0.00394672 6440.95 6207.29 9586.86
  228 227.5 12.5045 0.00542728 8240.41 8320.2 8969.41
  229 228.5 16.373 0.00710634 10044.4 10064.9 8005.57
  230 229.5 20.4074 0.00885737 11421.7 11376.4 6933.67
  231 230.5 24.1404 0.0104776 12773.5 12720.2 5783
  232 231.5 27.4441 0.0119115 13807 13752.9 4433.96
  233 232.5 30.2913 0.0131473 14342.9 14312.2 2858.73
  234 233.5 32.507 0.0141089 14214.8 14294.4 1359.62
  235 234.5 34.13 0.0148134 13361.3 13160.9 -416.189
  236 235.5 35.4141 0.0153707 11738.1 11656.5 -2025.88
  237 236.5 36.2962 0.0157536 9562.05 9470.45 -3199.59
  238 237.5 36.9342 0.0160305 7510.12 7528.39 -3811.69
  239 238.5 37.2787 0.01618 5815.8 5524.86 -3996.62
  240 239.5 37.7022 0.0163638 4049.91 4024.87 -3827.42
  241 240.5 37.9475 0.0164703 2880.07 2743.95 -3281.42
  242 241.5 37.9435 0.0164685 1846.12 1601.4 -2969.62
  243 242.5 38.1184 0.0165444 1292.76 1147.35 -2287.61
  244 243.5 38.3114 0.0166282 747.961 984.324 -1940.36
  245 244.5 38.157 0.0165612 805.652 325.101 -1713.33
  246 245.5 38.235 0.016595 434.564 308.614 -1306.74
  247 246.5 38.4076 0.01667 549.931 489.044 -957.692
  248 247.5 38.2322 0.0165939 455.654 370.559 -725.234
  249 248.5 38.3218 0.0166327 238.846 106.251 -794.33
  250 249.5 38.4374 0.0166829 -35.6134 -44.1853 -677.921
  251 250.5 38.2528 0.0166028 -69.7322 -213.179 -411.269
  252 251.5 38.3207 0.0166323 -233.005 -145.909 -426.726
  253 252.5 38.4464 0.0166868 60.603 -90.3623 -403.827
  254 253.5 38.3829 0.0166593 -134.619 -270.295 -338.952
  255 254.5 38.2035 0.0165814 -134.278 -343.243 -308.158
  256 255.5 38.4737 0.0166987 -105.288 -418.976 -309.724
  257 256.5 38.4056 0.0166691 -194.142 -451.419 -219.135
  258 257.5 38.283 0.0166159 -241.563 -386.877 -324.782
  259 258.5 38.3611 0.0166498 -403.888 -458.654 -236.608
  260 259.5 38.4418 0.0166848 -441.385 -334.868 -353.563
  261 260.5 38.3074 0.0166265 -324.633 -186.316 -161.541
  262 261.5 38.3058 0.0166258 -309.235 -199.236 -254.169
  263 262.5 38.369 0.0166532 -324.461 -481.563 -345.992
  264 263.5 38.4129 0.0166723 -163.758 -273.543 -134.542
  265 264.5 38.2699 0.0166102 -307.718 -575.366 -297.293
  266 265.5 38.3511 0.0166455 -173.603 -340.27 -275.052
  267 266.5 38.438 0.0166832 -296.758 -350.178 -268.264
  268 267.5 38.3168 0.0166305 -234.568 -313.62 -15.0624
  269 268.5 38.3475 0.0166439 -282.011 -555.597 -357.821
  270 269.5 38.3547 0.016647 -401.149 -397.234 -242.474
  271 270.5 38.3446 0.0166426 -384.698 -349.471 -345.155
  272 271.5 38.3436 0.0166422 -203.215 -218.584 -158.959
  273 272.5 38.3575 0.0166482 -152.556 -232.894 -224.292
  274 273.5 38.3183 0.0166312 -197.828 -199.643 -319.448
  275 274.5 38.348 0.0166441 -344.118 -330.601 -127.124
  276 275.5 38.3545 0.0166469 -278.977 -373.145 -227.097
  277 276.5 38.3834 0.0166595 -68.9422 -195.212 -347.057
  278 277.5 38.3569 0.016648 -28.7621 -11.7351 -211.58
  279 278.5 38.2779 0.0166137 -144.119 -155.564 -193.164
  280 279.5 38.4131 0.0166724 -102.346 -343.102 -262.809
  281 280.5 38.3594 0.016649 -66.9908 -275.312 -265.688
  282 281.5 38.3528 0.0166462 -157.346 -375.198 -221.628
  283 282.5 38.3765 0.0166565 -402.247 -408.948 -327.424
  284 283.5 38.3747 0.0166557 -251.293 -132.683 -275.907
  285 284.5 38.4002 0.0166668 -238.789 -203.193 -168.691
  286 285.5 38.2955 0.0166213 -252.777 -223.221 -314.488
  287 286.5 38.4283 0.016679 -194.388 -422.763 -312.303
  288 287.5 38.404 0.0166684 -300.382 1.59523 -305.051
  289 288.5 38.3449 0.0166427 -261.34 -99.8327 -137.516
  290 289.5 38.3126 0.0166287 -211.402 -50.2183 -225.737
  291 290.5 38.4762 0.0166997 -134.216 -99.8232 -213.161
  292 291.5 38.3127 0.0166288 -451.281 -315.102 -374.332
  293 292.5 38.3304 0.0166365 -356.013 -102.052 -175.45
  294 293.5 38.4232 0.0166767 -359.869 -198.076 -233.389
  295 294.5 38.3868 0.0166609 -357.777 -442.371 -247.883
  296 295.5 38.3175 0.0166309 -241.079 -376.821 -264.237
  297 296.5 38.4076 0.01667 -194.39 -337.959 -227.7
  298 297.5 38.3679 0.0166527 -72.3096 -542.381 -280.728
  299 298.5 38.3625 0.0166504 35.8864 -169.459 -133.149
  300 299.5 38.3858 0.0166605 61.6154 -23.4313 -275.333
  301 300.5 38.2863 0.0166173 -138.343 -208.56 -424.936
  302 301.5 38.4476 0.0166873 -95.4124 -108.185 -34.5358
  303 302.5 38.3603 0.0166494 -231.119 -293.313 -340.806
  304 303.5 38.4037 0.0166683 -411.383 -419.257 -177.19
  305 304.5 38.3506 0.0166452 -365.704 -166.938 -306.91
  306 305.5 38.3432 0.016642 -469.648 -263.843 -333.248
  307 306.5 38.398 0.0166658 -339.575 -148.183 -232.227
  308 307.5 38.3882 0.0166615 -327.158 -270.403 -119.613
  309 308.5 38.3511 0.0166454 -237.976 -338.44 -346.169
  310 309.5 38.3985 0.016666 -438.199 -391.825 -340.814
  311 310.5 38.404 0.0166684 -184.99 -414.131 -175.526
  312 311.5 38.3891 0.0166619 -246.85 -323.135 -187.791
  313 312.5 38.3901 0.0166624 -83.5944 -30.1018 -167.626
  314 313.5 38.3964 0.0166651 -371.878 -194.047 -480.5
  315 314.5 38.3711 0.0166541 -167.581 -110.594 -118.161
  316 315.5 38.4313 0.0166803 41.801 -248.424 -172.31
  317 316.5 38.3883 0.0166616 14.0044 -249.313 -432.585
  318 317.5 38.3448 0.0166427 -175.554 -325.158 -301.301
  319 318.5 38.3725 0.0166547 -190.432 -361.126 -62.1686
  320 319.5 38.5092 0.0167141 -256.781 -569.549 -293.426
  321 320.5 38.3018 0.016624 -138.819 -293.05 -301.845
  322 321.5 38.3573 0.0166481 -245.849 -286.298 -482.709
  323 322.5 38.4857 0.0167038 -240.326 -100.968 -3.3736
  324 323.5 38.3808 0.0166583 -170.047 -257.804 -193.172
  325 324.5 38.3046 0.0166253 -216.853 -133.761 -270.359
  326 325.5 38.4076 0.01667 -151.279 -43.3648 -317.185
  327 326.5 38.4608 0.0166931 -148.146 -102.931 -175.475
  328 327.5 38.3302 0.0166364 -335.75 -396.688 -219.657
  329 328.5 38.3276 0.0166352 -455.454 -373.28 -356.849
  330 329.5 38.4438 0.0166857 -82.5183 -27.7865 -313.56
  331 330.5 38.4143 0.0166729 -132.365 51.9385 -157.306
  332 331.5 38.2385 0.0165966 -328.227 12.9826 -152.202
  333 332.5 38.4311 0.0166802 -302.94 -143.551 -240.09
  334 333.5 38.4611 0.0166932 -297.381 -139.457 -316.235
  335 334.5 38.317 0.0166306 -244.418 26.9442 -246.373
  336 335.5 38.2656 0.0166084 -303.144 -17.0223 -90.5183
  337 336.5 38.5449 0.0167296 -44.0443 -223.526 -305.63
  338 337.5 38.3795 0.0166577 -202.382 -406.385 -254.434
  339 338.5 38.252 0.0166024 -219.849 -257.965 -187.101
  340 339.5 38.4249 0.0166775 -530.3 -354.669 -541.3
  341 340.5 38.486 0.016704 -304.104 -152.302 -190
  342 341.5 38.2866 0.0166174 -139.207 -226.737 -30.1943
  343 342.5 38.4302 0.0166798 -295.556 -150.663 -239.209
  344 343.5 38.4153 0.0166733 -409.16 -58.4156 -453.806
  345 344.5 38.3652 0.0166516 -235.154 -142.285 -109.802
  346 345.5 38.372 0.0166545 -139.1 -189.158 -229.511
  347 346.5 38.408 0.0166701 -106.575 -35.9975 -276.682
  348 347.5 38.3736 0.0166552 -400.677 -143.335 -331.929
  349 348.5 38.3652 0.0166515 -180.106 -269.59 -249.52
  350 349.5 38.4236 0.0166769 -280.825 -57.3458 -252.136
  351 350.5 38.3839 0.0166597 -240.316 -144.476 -177.941
  352 351.5 38.3974 0.0166656 -183.607 16.7907 -200.192
  353 352.5 38.3679 0.0166527 -458.88 -113.114 -226.38
  354 353.5 38.4126 0.0166722 -593.029 -297.996 -545.259
  355 354.5 38.3766 0.0166565 -275.715 -429.658 -109.28
  356 355.5 38.4302 0.0166798 -428.813 -466.876 -134.565
  357 356.5 38.3543 0.0166468 -379.225 -562.266 -330.206
  358 357.5 38.3929 0.0166636 -244.464 -373.543 -315.329
  359 358.5 38.4199 0.0166753 -100.739 -151.33 -169.298
  360 359.5 38.3707 0.016654 -240.669 -413.865 -217.041
  361 360.5 38.3692 0.0166533 -353.284 -440.747 -264.131
  362 361.5 38.4235 0.0166769 -262.824 -83.9971 -227.661
  363 362.5 38.3726 0.0166548 -602.333 -175.506 -324.553
  364 363.5 38.3791 0.0166576 -570.355 -146.013 -296.525
  365 364.5 38.3952 0.0166646 -460.57 -164.684 -130.928
  366 365.5 38.3742 0.0166554 -247.252 -135.879 -341.013
  367 366.5 38.3575 0.0166482 3.43876 -203.973 -321.513
  368 367.5 38.3274 0.0166352 -149.963 -258.587 -289.304
  369 368.5 38.4477 0.0166874 -221.162 -464.075 -195.513
  370 369.5 38.4049 0.0166688 -259.739 -356.111 -299.96
  371 370.5 38.2623 0.0166069 -280.983 -141.348 -456.083
  372 371.5 38.4091 0.0166706 -256.24 -34.7503 -456.169
  373 372.5 38.4165 0.0166738 -263.922 -148.212 -353.163
  374 373.5 38.3433 0.016642 -153.096 -215.855 -457.143
  375 374.5 38.2662 0.0166086 -102.188 -266.002 -634.873
  376 375.5 38.3788 0.0166575 181.678 142.146 -567.733
  377 376.5 38.3264 0.0166347 77.3215 123.069 -881.347
  378 377.5 38.2578 0.0166049 296.797 376.626 -986.891
  379 378.5 38.2162 0.0165869 314.934 669.355 -1153.3
  380 379.5 38.3137 0.0166292 524.203 639.223 -1396.74
  381 380.5 38.1895 0.0165753 1063.8 967.474 -1415.58
  382 381.5 38.0328 0.0165073 1316.08 1617.41 -2028.39
  383 382.5 38.0386 0.0165098 2036.74 2034.43 -2223.33
  384 383.5 37.8381 0.0164228 2921.83 2778.32 -2420.95
  385 384.5 37.6576 0.0163445 3949.49 3874.03 -2113.52
  386 385.5 37.2656 0.0161743 5021.11 5031.76 -1966.06
  387 386.5 36.9493 0.016037 6490.51 6673.53 -774.195
  388 387.5 36.2951 0.0157531 7249.7 7400.33 67.7535
  389 388.5 35.7923 0.0155348 7537 7538.84 1335.89
  390 389.5 34.9847 0.0151843 7036.83 7006.71 2534.57
  391 390.5 34.214 0.0148498 5816.73 5599.92 2961.25
  392 391.5 33.7505 0.0146487 4191.07 4172.1 3080.16
  393 392.5 33.2968 0.0144517 2580.58 2574.2 2471.66
  394 393.5 33.0672 0.0143521 1461.02 1485.85 1677.08
  395 394.5 33.0124 0.0143283 959.483 812.33 1419.11
  396 395.5 33.162 0.0143932 616.62 546.947 729.511
  397 396.5 33.1448 0.0143857 340.386 329.876 79.2621
  398 397.5 33.2291 0.0144224 451.408 239.193 -119.471
  399 398.5 33.2827 0.0144456 236.464 213.542 -217.016
  400 399.5 33.4359 0.0145121 225.481 197.69 -422.567
  401 400.5 33.3677 0.0144825 -95.9627 51.9184 -555.411
  402 401.5 33.4243 0.0145071 -7.54059 -124.571 -408.616
  403 402.5 33.4782 0.0145305 -82.0083 -191.019 -444.22
  404 403.5 33.5258 0.0145511 -165.62 -237.365 -390.111
  405 404.5 33.4406 0.0145142 -38.8931 -60.2857 -508.063
  406 405.5 33.4713 0.0145275 -178.07 -284.149 -369.552
  407 406.5 33.5615 0.0145666 -194.282 -248.578 -331.313
  408 407.5 33.5479 0.0145607 -265.396 -202.257 -369.875
  409 408.5 33.4556 0.0145206 -364.873 -254.153 -426.859
  410 409.5 33.4842 0.0145331 -228.928 -174.065 -291.773
  411 410.5 33.5689 0.0145698 -300.745 -285.229 -277.784
  412 411.5 33.5673 0.0145691 -89.734 -288.023 -291.304
  413 412.5 33.4678 0.0145259 -251.176 -406.747 -285.712
  414 413.5 33.5215 0.0145493 -351.512 -304.074 -373.53
  415 414.5 33.5446 0.0145593 -37.1775 -395.951 -341.519
  416 415.5 33.5999 0.0145833 -226.98 -314.593 -253.332
  417 416.5 33.4444 0.0145158 -219.538 -280.716 -269.391
  418 417.5 33.5792 0.0145743 -277.202 -446.02 -348.483
  419 418.5 33.5514 0.0145623 -222.495 -430.187 -251.215
  420 419.5 33.5736 0.0145719 -284.966 -422.678 -274.558
  421 420.5 33.4257 0.0145077 -314.955 -567.424 -458.952
  422 421.5 33.5901 0.014579 -484.192 -589.458 -243.417
  423 422.5 33.6004 0.0145835 -290.753 -275.585 -170.388
  424 423.5 33.5281 0.0145521 -372.106 -355.196 -276.092
  425 424.5 33.4816 0.0145319 -325.386 -176.289 -406.321
  426 425.5 33.5344 0.0145549 -210.246 -108.467 -327.327
  427 426.5 33.5846 0.0145767 -225.374 -189.965 -212.215
  428 427.5 33.5208 0.0145489 -293.513 -295.895 -298.096
  429 428.5 33.5184 0.0145479 -317.45 -283.86 -296.377
  430 429.5 33.5714 0.0145709 -315.879 -238.533 -210.786
  431 430.5 33.5454 0.0145596 -400.398 -311.624 -339.781
  432 431.5 33.564 0.0145677 -441.497 -362.692 -305.042
  433 432.5 33.5164 0.014547 -288.311 -244.634 -261.781
  434 433.5 33.5427 0.0145585 -121.488 -375.058 -299.695
  435 434.5 33.5529 0.0145629 -129.178 -322.161 -355.577
  436 435.5 33.5111 0.0145448 -391.306 -357.037 -319.742
  437 436.5 33.5587 0.0145654 -351.857 -314.719 -207.016
  438 437.5 33.5496 0.0145615 -438.161 -349.155 -359.703
  439 438.5 33.5362 0.0145556 -378.795 -240.053 -245.665
  440 439.5 33.5616 0.0145667 -346.699 -318.704 -238.557
  441 440.5 33.5679 0.0145694 -393.104 -183.741 -304.712
  442 441.5 33.4894 0.0145353 -278.759 -208.838 -350.306
  443 442.5 33.5789 0.0145742 -400.075 -390.018 -270.932
  444 443.5 33.5923 0.01458 -306.663 -449.099 -269.908
  445 444.5 33.5674 0.0145692 -261.943 -460.797 -289.69
  446 445.5 33.537 0.014556 -279.147 -351.267 -351.382
  447 446.5 33.5761 0.014573 -169.317 -170.293 -287.114
  448 447.5 33.5848 0.0145767 -340.843 -396.469 -215.299
  449 448.5 33.528 0.0145521 -237.693 -213.043 -340.945
  450 449.5 33.5637 0.0145676 -395.05 -390.24 -272.244
  451 450.5 33.5452 0.0145596 -423.749 -344.317 -369.405
  452 451.5 33.5388 0.0145568 -460.752 -481.854 -247.369
  453 452.5 33.6296 0.0145962 -426.854 -335.18 -254.484
  454 453.5 33.5728 0.0145715 -377.276 -361.438 -377.964
  455 454.5 33.5038 0.0145416 -307.024 -354.724 -258.163
  456 455.5 33.5734 0.0145718 -200.851 -285.747 -192.296
  457 456.5 33.5821 0.0145756 -295.256 -179.068 -404.919
  458 457.5 33.5217 0.0145493 -203.662 -305.962 -253.181
  459 458.5 33.5498 0.0145615 -467.561 -403.868 -265.352
  460 459.5 33.6075 0.0145866 -428.002 -299.908 -283.933
  461 460.5 33.5577 0.014565 -380.31 -446.013 -317.092
  462 461.5 33.5132 0.0145457 -352.614 -388.247 -352.84
  463 462.5 33.6164 0.0145904 -474.708 -275.231 -243.247
  464 463.5 33.5408 0.0145576 -443.219 -341.601 -337.126
  465 464.5 33.5517 0.0145624 -448.119 -383.372 -228.48
  466 465.5 33.5559 0.0145642 -540.196 -343.864 -366.663
  467 466.5 33.6612 0.0146099 -226.216 -322.595 -175.23
  468 467.5 33.4896 0.0145354 -272.637 -427.85 -375.782
  469 468.5 33.5208 0.014549 -168.957 -246.314 -302.958
  470 469.5 33.6193 0.0145917 -218.928 -135.512 -272.1
  471 470.5 33.5512 0.0145621 -239.861 -145.501 -238.704
  472 471.5 33.5004 0.0145401 -437.908 -309.959 -282.657
  473 472.5 33.573 0.0145716 -318.234 -328.839 -431.406
  474 473.5 33.6145 0.0145896 -288.235 -196.83 -215.927
  475 474.5 33.5605 0.0145662 -311.151 -366.14 -208.82
  476 475.5 33.5426 0.0145584 -253.246 -311.169 -281.433
  477 476.5 33.637 0.0145994 -362.41 -375.123 -369.74
  478 477.5 33.5825 0.0145758 -310.077 -338.2 -309.015
  479 478.5 33.5114 0.0145449 -260.807 -155.884 -311.888
  480 479.5 33.6625 0.0146104 -327.814 -370.564 -216.087
60000000 480 11610.000000000002
  1 0.5 33.517 0.0145473 -312.062 -268.914 -243.539
  2 1.5 33.5526 0.0145628 -262.372 -332.08 -305.923
  3 2.5 33.5849 0.0145768 -420.47 -480.977 -312.921
  4 3.5 33.5462 0.01456 -342.934 -549.086 -307.202
  5 4.5 33.5674 0.0145692 -282.318 -348.213 -267.871
  6 5.5 33.5857 0.0145771 -400.645 -399.084 -376.019
  7 6.5 33.5876 0.0145779 -242.367 -325.669 -139.049
  8 7.5 33.537 0.014556 -346.166 -127.82 -385.074
  9 8.5 33.5472 0.0145604 -376.34 -269.418 -292.198
  10 9.5 33.5981 0.0145825 -254.243 -191.489 -260.1
  11 10.5 33.5533 0.014563 -295.817 -375.843 -276.26
  12 11.5 33.5079 0.0145434 -271.552 -407.865 -398.779
  13 12.5 33.5919 0.0145798 -225.038 -345.078 -182.758
  14 13.5 33.5681 0.0145695 -343.888 -293.165 -325.721
  15 14.5 33.4884 0.0145349 -124.185 -235.237 -343.972
  16 15.5 33.5657 0.0145685 -318.272 -352.034 -241.995
  17 16.5 33.6007 0.0145836 -292.141 -374.085 -223.193
  18 17.5 33.5381 0.0145565 -314.566 -260.535 -224.999
  19 18.5 33.5269 0.0145516 -343.062 -216.738 -418.633
  20 19.5 33.5519 0.0145625 -223.42 -224.032 -348.478
  21 20.5 33.5686 0.0145697 -352.097 -257.36 -208.812
  22 21.5 33.5194 0.0145484 -324.292 -272.109 -206.969
  23 22.5 33.5828 0.0145759 -276.664 -168.053 -365.797
  24 23.5 33.5244 0.0145505 -334.852 -303.873 -293.176
  25 24.5 33.4791 0.0145309 -379.127 -328.022 -354.438
  26 25.5 33.6455 0.0146031 -312.892 -469.862 -265.018
  27 26.5 33.5632 0.0145674 -155.902 -365.648 -259.116
  28 27.5 33.5101 0.0145443 -194.107 -157.042 -273.824
  29 28.5 33.5639 0.0145677 -193.513 -192.17 -287.565
  30 29.5 33.5774 0.0145735 -123.385 16.1689 -292.748
  31 30.5 33.5379 0.0145564 -268.776 -44.5343 -201.447
  32 31.5 33.5118 0.0145451 -497.684 -206.106 -476.01
  33 32.5 33.5837 0.0145763 -491.999 -337.065 -229.46
  34 33.5 33.6069 0.0145863 -161.061 -185.822 -231.543
  35 34.5 33.5535 0.0145632 -183.742 -243.136 -273.639
  36 35.5 33.5068 0.0145429 -156.991 -214.423 -415.589
  37 36.5 33.5642 0.0145678 -48.0305 -85.7952 -270.676
  38 37.5 33.6005 0.0145836 -126.294 -8.53062 -137.824
  39 38.5 33.576 0.0145729 -110.612 -256.848 -350.812
  40 39.5 33.4907 0.0145359 -270.208 -214.523 -347.687
  41 40.5 33.6003 0.0145835 -457.671 -218.995 -293.406
  42 41.5 33.6002 0.0145834 -242.609 -268.618 -258.058
  43 42.5 33.5426 0.0145584 -273.603 -113.186 -356.143
  44 43.5 33.573 0.0145716 -174.861 -151.714 -205.735
  45 44.5 33.5705 0.0145705 -300.623 -232.494 -449.206
  46 45.5 33.5846 0.0145767 -133.25 -137.4 -220.546
  47 46.5 33.5105 0.0145445 -220.092 -358.363 -365.539
  48 47.5 33.5954 0.0145814 -347.927 -363.542 -355.001
  49 48.5 33.5822 0.0145756 -183.853 -206.329 -255.948
  50 49.5 33.504 0.0145417 -184.501 -151.63 -409.995
  51 50.5 33.5443 0.0145592 -291.709 -405.125 -560.184
  52 51.5 33.5665 0.0145688 -278.308 -338.089 -406.628
  53 52.5 33.5493 0.0145613 -428.073 -360.281 -492.322
  54 53.5 33.508 0.0145434 -237.667 -104.967 -608.866
  55 54.5 33.4677 0.0145259 121.982 -7.92614 -685.492
  56 55.5 33.4378 0.0145129 41.8559 82.1678 -918.451
  57 56.5 33.4148 0.014503 335.052 250.226 -932.409
  58 57.5 33.3538 0.0144765 344.527 284.502 -1193.1
  59 58.5 33.3258 0.0144643 594.704 388.303 -1406.63
  60 59.5 33.2098 0.014414 808.062 632.124 -1667.36
  61 60.5 33.0086 0.0143266 1011.41 1183.76 -1984.4
  62 61.5 32.8534 0.0142593 1663.07 1676.9 -2245.03
  63 62.5 32.6464 0.0141694 2379.36 2569.93 -2517.17
  64 63.5 32.1342 0.0139471 3270.68 3224.76 -2853.37
  65 64.5 31.5527 0.0136948 4247.84 4212.03 -2765.45
  66 65.5 30.8171 0.0133755 5536.22 5507.96 -2488.19
  67 66.5 29.6977 0.0128896 6551.97 6588.01 -2021.78
  68 67.5 28.0432 0.0121715 7730.43 7759.95 -930.396
  69 68.5 25.9408 0.011259 8698.03 8744.64 442.149
  70 69.5 23.1993 0.0100691 9273.28 9499.12 2253.1
  71 70.5 19.9249 0.00864797 9542.32 9437.94 4156.53
  72 71.5 16.3015 0.00707532 8901.87 8912.7 5867.73
  73 72.5 12.6927 0.005509 7877.13 7913.82 7455.75
  74 73.5 9.3677 0.00406584 6358.61 6271.31 8804.56
  75 74.5 6.57726 0.00285472 4088.99 3993.63 9325.67
  76 75.5 4.55377 0.00197646 1726.04 1466.63 9040.26
  77 76.5 3.07775 0.00133583 -1454.45 -1380.92 7590.46
  78 77.5 2.11637 0.000918562 -4244.29 -4377.68 5588.56
  79 78.5 1.50843 0.000654701 -7359.41 -7550.51 1995.78
  80 79.5 1.15007 0.000499163 -10249.3 -9858.8 -1851.49
  81 80.5 0.939088 0.00040759 -12377.3 -12160.4 -5617.86
  82 81.5 0.822376 0.000356934 -13846.8 -13641.8 -8628.1
  83 82.5 0.740696 0.000321483 -14685 -14487.8 -11063.7
  84 83.5 0.702504 0.000304906 -15348.6 -15478.2 -12654.3
  85 84.5 0.658536 0.000285823 -15125.3 -15503 -13950.5
  86 85.5 0.63864 0.000277187 -15796.4 -15731 -14735.2
  87 86.5 0.632584 0.000274559 -15671.4 -15634.4 -15168
  88 87.5 0.629856 0.000273375 -15427 -15721.3 -15560.6
  89 88.5 0.623704 0.000270705 -15803.9 -15671.2 -15799.1
  90 89.5 0.626288 0.000271826 -15398.7 -15685.1 -15958.4
  91 90.5 0.623096 0.000270441 -15428.4 -15800.7 -15937.8
  92 91.5 0.621072 0.000269562 -15450.4 -15706.1 -16088.2
  93 92.5 0.62744 0.000272326 -15464.1 -15369.4 -16026.6
  94 93.5 0.6234 0.000270573 -15740.4 -16081.8 -16121
  95 94.5 0.634808 0.000275524 -15282 -15934.8 -15730.9
  96 95.5 0.635784 0.000275948 -15746.5 -15832.3 -15860.2
  97 96.5 0.636096 0.000276083 -15829.4 -15730.9 -15792.4
  98 97.5 0.641024 0.000278222 -16183.6 -16003.9 -15769.2
  99 98.5 0.643208 0.00027917 -15973.4 -16000.6 -15658
  100 99.5 0.637728 0.000276792 -15468.2 -16136.5 -15766.1
  101 100.5 0.629496 0.000273219 -15924.8 -16360.8 -15974.7
  102 101.5 0.636312 0.000276177 -16155.9 -16074.8 -15834.2
  103 102.5 0.641216 0.000278306 -16259.9 -16194.2 -15820.1
  104 103.5 0.64808 0.000281285 -16559.5 -16114.4 -15431.7
  105 104.5 0.649728 0.000282 -15979.6 -16202.9 -15461.4
  106 105.5 0.633296 0.000274868 -15674.8 -16065.5 -15965
  107 106.5 0.6238 0.000270747 -16217.3 -16243.4 -16254
  108 107.5 0.621968 0.000269951 -16463.3 -15795.7 -16364.2
  109 108.5 0.63272 0.000274618 -16236.9 -16068.7 -15839.1
  110 109.5 0.6322 0.000274392 -16772.3 -16470.5 -15827.1
  111 110.5 0.633376 0.000274903 -16128.8 -16803.8 -15866.1
  112 111.5 0.623136 0.000270458 -16234.3 -16584.5 -16300.6
  113 112.5 0.616864 0.000267736 -16646 -16027.2 -16289.1
  114 113.5 0.637168 0.000276549 -16260.6 -16377.7 -15618.4
  115 114.5 0.631 0.000273872 -16195.7 -16056.5 -16126.6
  116 115.5 0.634952 0.000275587 -15836 -15906 -15745.2
  117 116.5 0.637896 0.000276865 -16029.6 -15868.4 -15737.9
  118 117.5 0.631064 0.000273899 -15816.8 -16400.1 -16001.5
  119 118.5 0.63356 0.000274983 -15537.1 -16066.5 -16004.5
  120 119.5 0.632512 0.000274528 -15604.7 -15854.2 -15978.1
  121 120.5 0.631512 0.000274094 -15477.3 -15814.7 -15909.4
  122 121.5 0.633712 0.000275049 -15636.8 -16051.8 -15798.3
  123 122.5 0.637792 0.000276819 -15432 -15857.4 -15753.3
  124 123.5 0.626792 0.000272045 -15683.6 -15734.5 -16013.9
  125 124.5 0.623688 0.000270698 -15799.5 -15765.8 -16259.8
  126 125.5 0.626992 0.000272132 -15481.6 -15946 -16058
  127 126.5 0.639656 0.000277628 -15535.8 -16277.9 -15726.6
  128 127.5 0.629464 0.000273205 -15546.2 -16147.9 -16010.5
  129 128.5 0.627744 0.000272458 -15909.6 -16198.8 -15997
  130 129.5 0.637792 0.000276819 -15663.1 -15993.5 -15827
  131 130.5 0.65344 0.000283611 -15771.4 -16007.7 -15341.9
  132 131.5 0.653944 0.00028383 -15409.9 -15805.9 -15386.2
  133 132.5 0.633656 0.000275024 -15568.2 -15762.3 -15881.1
  134 133.5 0.632376 0.000274469 -15468.5 -15849.2 -15935.1
  135 134.5 0.63972 0.000277656 -15769.3 -16103.2 -15697.4
  136 135.5 0.636936 0.000276448 -15739.5 -16300.2 -15772.1
  137 136.5 0.632072 0.000274337 -15817.1 -16176 -16024.6
  138 137.5 0.631144 0.000273934 -15678.1 -16376.6 -15881.2
  139 138.5 0.636344 0.000276191 -15851.5 -16154.3 -15910
  140 139.5 0.631808 0.000274222 -16010.9 -16416 -15829
  141 140.5 0.62844 0.00027276 -15909.5 -16080.6 -15990.2
  142 141.5 0.625296 0.000271396 -16132.8 -16136.1 -16109.6
  143 142.5 0.651864 0.000282927 -16195.8 -16267 -15419.8
  144 143.5 0.636456 0.00027624 -15733.5 -16477 -15735
  145 144.5 0.632416 0.000274486 -15780.6 -16244.4 -15923.1
  146 145.5 0.633776 0.000275076 -15705.6 -16246.6 -15880.9
  147 146.5 0.636464 0.000276243 -15634.7 -16066.5 -15874.9
  148 147.5 0.641608 0.000278476 -15553 -16024.3 -15724.1
  149 148.5 0.649192 0.000281767 -15890.5 -16043.6 -15483.2
  150 149.5 0.641824 0.000278569 -16073 -16202.5 -15720.4
  151 150.5 0.64836 0.000281406 -15645.4 -16286.4 -15391.8
  152 151.5 0.625128 0.000271323 -16121.5 -15944.5 -16134.3
  153 152.5 0.634624 0.000275444 -15752.4 -15946.1 -15869.3
  154 153.5 0.636856 0.000276413 -15867.9 -16405.4 -15887.5
  155 154.5 0.636056 0.000276066 -16460.6 -16098 -15803.6
  156 155.5 0.632904 0.000274698 -16016.4 -15723.4 -15878.2
  157 156.5 0.629424 0.000273187 -15981.2 -15897.8 -15869.6
  158 157.5 0.62968 0.000273299 -15874.1 -16188.4 -15931.5
  159 158.5 0.63392 0.000275139 -15786.1 -16115.7 -15886.9
  160 159.5 0.632928 0.000274708 -15600.4 -16096.7 -15972.1
  161 160.5 0.631128 0.000273927 -16147.3 -16231.9 -15896.6
  162 161.5 0.630128 0.000273493 -16597.5 -16331.1 -15973.2
  163 162.5 0.620624 0.000269368 -16286.1 -16416.1 -16294.7
  164 163.5 0.634512 0.000275396 -16083.5 -16277.4 -15867.1
  165 164.5 0.626864 0.000272076 -16077.8 -16461.6 -15940.9
  166 165.5 0.620504 0.000269316 -15860.8 -15932.2 -16225.9
  167 166.5 0.617856 0.000268167 -15713.6 -16045.7 -16169.7
  168 167.5 0.61696 0.000267778 -15768.1 -15858.7 -16381.7
  169 168.5 0.60752 0.000263681 -16045.1 -16397.6 -16515.1
  170 169.5 0.606384 0.000263188 -16443 -15737.8 -16544.4
  171 170.5 0.607184 0.000263535 -16412.7 -16249.3 -16625.4
  172 171.5 0.604648 0.000262434 -15774.9 -15702.8 -16607.4
  173 172.5 0.614152 0.000266559 -15651.5 -15392.7 -16315.6
  174 173.5 0.61564 0.000267205 -15583.5 -15459.3 -16360.7
  175 174.5 0.620816 0.000269451 -15595.2 -15899.5 -16121.8
  176 175.5 0.618192 0.000268312 -15657.8 -15637 -16265.6
  177 176.5 0.615952 0.00026734 -15623.6 -15722.3 -16335.4
  178 177.5 0.6186 0.00026849 -15680.5 -15800.9 -16337
  179 178.5 0.620248 0.000269205 -15836.3 -15599.2 -16110.8
  180 179.5 0.625512 0.00027149 -15736.4 -15628.7 -16211.9
  181 180.5 0.628208 0.00027266 -15900 -15629.7 -15913.8
  182 181.5 0.621224 0.000269628 -16136.4 -15530 -16250.7
  183 182.5 0.622344 0.000270115 -16053.6 -15873.9 -16248.6
  184 183.5 0.615664 0.000267215 -16292 -16305.4 -16269.9
  185 184.5 0.621208 0.000269622 -16159.6 -16342 -16103
  186 185.5 0.60672 0.000263333 -16415.8 -16386.3 -16697.9
  187 186.5 0.60988 0.000264705 -16099.4 -16009.3 -16389.7
  188 187.5 0.616024 0.000267372 -15764.9 -15684.6 -16321.5
  189 188.5 0.610152 0.000264823 -16172 -15794.9 -16447.6
  190 189.5 0.603344 0.000261868 -15771.2 -16346.4 -16678
  191 190.5 0.60928 0.000264444 -15528.5 -16419.6 -16526.1
  192 191.5 0.600984 0.000260844 -15678.8 -15930 -16711.1
  193 192.5 0.607952 0.000263868 -15835.2 -15746.3 -16537.9
  194 193.5 0.612736 0.000265944 -15432.8 -15435.7 -16386.2
  195 194.5 0.612296 0.000265753 -15504.7 -15726.5 -16354.8
  196 195.5 0.604608 0.000262417 -15445.3 -15385.8 -16653.5
  197 196.5 0.603344 0.000261868 -15336.3 -16014.9 -16708.1
  198 197.5 0.603472 0.000261924 -15437.2 -15837.5 -16726.4
  199 198.5 0.61612 0.000267413 -15412.6 -15669.8 -16296.2
  200 199.5 0.627656 0.00027242 -15449.5 -16015.7 -16014.7
  201 200.5 0.616464 0.000267563 -16113.2 -15941.6 -16190.4
  202 201.5 0.617752 0.000268122 -16716.7 -15783.4 -16308.5
  203 202.5 0.622112 0.000270014 -16284.8 -16104.3 -16212.3
  204 203.5 0.619512 0.000268885 -16698.4 -16414.3 -16211.2
  205 204.5 0.619032 0.000268677 -16711.2 -16560.4 -16196.7
  206 205.5 0.629512 0.000273226 -16623.2 -16500.5 -16038.9
  207 206.5 0.639544 0.00027758 -16090.2 -16501.5 -15662.9
  208 207.5 0.639376 0.000277507 -16221.3 -16502.3 -15765.3
  209 208.5 0.632576 0.000274556 -16401.5 -16870.3 -15840.1
  210 209.5 0.643048 0.000279101 -16894.2 -16856.1 -15493.6
  211 210.5 0.644224 0.000279611 -16995.9 -16904.9 -15451.9
  212 211.5 0.641376 0.000278375 -16454 -16635.4 -15492.8
  213 212.5 0.613432 0.000266247 -16469 -16220.1 -16025.1
  214 213.5 0.621184 0.000269611 -16489.2 -16284.5 -15755.4
  215 214.5 0.624536 0.000271066 -16851 -15775.9 -15539.3
  216 215.5 0.6346 0.000275434 -16501 -15618.5 -14999.1
  217 216.5 0.644216 0.000279608 -16245 -16173.7 -14468
  218 217.5 0.675288 0.000293094 -16148.9 -15443.8 -13323.5
  219 218.5 0.708792 0.000307635 -15274.1 -14706.7 -11940.6
  220 219.5 0.764992 0.000332028 -14266.3 -13930.4 -9789.47
  221 220.5 0.868912 0.000377132 -13156.6 -12730.4 -7086.12
  222 221.5 1.04 0.000451389 -11397 -11373.2 -3611.74
  223 222.5 1.29768 0.000563229 -9268.96 -8931.55 69.5925
  224 223.5 1.76652 0.000766719 -6479.28 -6152.92 3918.42
  225 224.5 2.57279 0.00111666 -3328.2 -3177.03 7166.85
  226 225.5 3.81505 0.00165584 22.213 98.1516 9138.71
  227 226.5 5.73451 0.00248894 3165.42 3077.42 10361.1
  228 227.5 8.39917 0.00364547 5886.49 5768.7 10471.1
  229 228.5 11.8162 0.00512858 8301.72 8253.16 9789.6
  230 229.5 15.7553 0.00683825 10337.5 10406.5 8922.26
  231 230.5 20.0814 0.0087159 12218 12267.5 8025.48
  232 231.5 24.1264 0.0104715 13647.9 13759.1 6480.69
  233 232.5 27.5612 0.0119623 14731.5 14761.6 4926.47
  234 233.5 30.5787 0.013272 15336.4 15328.9 3092.58
  235 234.5 32.68 0.014184 14998.2 14958.6 1151.62
  236 235.5 34.3766 0.0149204 13545.8 13440 -912.466
  237 236.5 35.5703 0.0154385 11765 11716.3 -2489.05
  238 237.5 36.4242 0.0158091 9247.36 9253.68 -3731
  239 238.5 36.9289 0.0160282 7243.31 7289.75 -4021.55
  240 239.5 37.519 0.0162843 5454.75 5557.74 -4141.39
  241 240.5 37.6503 0.0163413 3738.41 3921.87 -3808.91
  242 241.5 37.8879 0.0164444 2690.36 2591.52 -3201.42
  243 242.5 38.1237 0.0165467 1759.12 1870.24 -2927
  244 243.5 38.1507 0.0165585 1172.58 1387.71 -2253.32
  245 244.5 38.1248 0.0165472 474.535 883.135 -1950.6
  246 245.5 38.3166 0.0166305 364.412 555.003 -1550.32
  247 246.5 38.3205 0.0166322 212.63 163.054 -1186.3
  248 247.5 38.2427 0.0165984 106.337 194.84 -1014.3
  249 248.5 38.296 0.0166215 -3.072 -43.994 -1037.95
  250 249.5 38.3773 0.0166568 -146.229 -51.2945 -548.42
  251 250.5 38.3691 0.0166533 -305.029 -358.727 -522.1
  252 251.5 38.2885 0.0166183 -263.297 -181.748 -442.767
  253 252.5 38.3415 0.0166413 -285.196 -204.46 -505.911
  254 253.5 38.364 0.016651 -117.904 -239.255 -220.33
  255 254.5 38.3358 0.0166388 -307.468 -186.987 -419.256
  256 255.5 38.3184 0.0166312 -68.2294 -88.7306 -357.681
  257 256.5 38.2975 0.0166222 -142.501 -194.805 -278.987
  258 257.5 38.4072 0.0166698 -197.195 -148.073 -161.526
  259 258.5 38.3621 0.0166502 -190.733 -419.442 -321.405
  260 259.5 38.2516 0.0166022 -260.553 -247.008 -161.624
  261 260.5 38.3366 0.0166391 -342.953 -378.527 -341.294
  262 261.5 38.4224 0.0166764 -516.814 -318.02 -266.973
  263 262.5 38.258 0.016605 -229.482 -448.835 -193.138
  264 263.5 38.3186 0.0166314 -445.249 -581.858 -287.556
  265 264.5 38.4143 0.0166729 -479.098 -348.128 -122.138
  266 265.5 38.3138 0.0166293 -540.259 -353.147 -344.212
  267 266.5 38.3162 0.0166303 -565.419 -411.121 -268.123
  268 267.5 38.3731 0.016655 -62.218 -143.35 -178.463
  269 268.5 38.3228 0.0166332 -87.92 -220.194 -257.87
  270 269.5 38.3355 0.0166387 -191.944 -310.845 -352.576
  271 270.5 38.3274 0.0166352 -421.19 -195.864 -235.869
  272 271.5 38.4378 0.0166831 -180.697 -114.786 -194.173
  273 272.5 38.3011 0.0166237 -225.077 -91.805 -72.3167
  274 273.5 38.3403 0.0166408 -575.484 -275.603 -343.357
  275 274.5 38.4061 0.0166693 -344.973 -294.334 -290.09
  276 275.5 38.3684 0.0166529 -760.082 -518.725 -366.178
  277 276.5 38.3325 0.0166374 -430.14 -344.81 -131.418
  278 277.5 38.3435 0.0166422 -263.9 -488.127 -271.231
  279 278.5 38.3938 0.016664 -341.962 -416.179 -321.577
  280 279.5 38.3362 0.016639 -378.693 -347.916 -351.201
  281 280.5 38.3127 0.0166288 -145.587 -143.482 -66.5717
  282 281.5 38.4406 0.0166843 -266.908 -192.995 -244.94
  283 282.5 38.3681 0.0166528 -402.271 -456.679 -220.18
  284 283.5 38.272 0.0166111 -625.248 -744.639 -468.877
  285 284.5 38.4351 0.0166819 -573.257 -465.778 -159.781
  286 285.5 38.4087 0.0166705 -359.021 -257.007 -183.506
  287 286.5 38.2885 0.0166183 -352.954 -390.905 -319.23
  288 287.5 38.3574 0.0166482 -306.797 -137.824 -216.907
  289 288.5 38.4073 0.0166698 -240.955 -198.221 -218.985
  290 289.5 38.3808 0.0166583 -230.005 -183.645 -214.392
  291 290.5 38.3027 0.0166245 -153.542 -191.064 -342.147
  292 291.5 38.3648 0.0166514 -177.408 -419.013 -165.154
  293 292.5 38.4638 0.0166943 -128.164 -293.85 -174.971
  294 293.5 38.2868 0.0166175 -372.278 -324.005 -328.065
  295 294.5 38.3358 0.0166388 -411.876 -491.906 -322.345
  296 295.5 38.4216 0.016676 -117.858 -353.93 -184.006
  297 296.5 38.3985 0.016666 -171.457 -469.3 -213.354
  298 297.5 38.2508 0.0166019 -142.739 -292.283 -417.849
  299 298.5 38.3708 0.016654 -193.185 -264.935 -171.751
  300 299.5 38.4751 0.0166993 -234.947 -112.456 -208.726
  301 300.5 38.2718 0.016611 -42.2272 -108.469 -163.034
  302 301.5 38.3473 0.0166438 2.00169 -115.643 -270.859
  303 302.5 38.3702 0.0166537 -52.4898 -380.908 -399.94
  304 303.5 38.3965 0.0166652 -32.2705 -304.961 -132.89
  305 304.5 38.3098 0.0166275 -248.483 -280.779 -172.071
  306 305.5 38.4253 0.0166777 -173.144 -204.702 -310.146
  307 306.5 38.3574 0.0166482 -11.0378 -230.924 -243.04
  308 307.5 38.362 0.0166502 -489.392 -208.377 -179.039
  309 308.5 38.4053 0.016669 -411.331 -264.969 -210.51
  310 309.5 38.3595 0.0166491 -493.671 -483.014 -325.024
  311 310.5 38.4219 0.0166762 -230.851 -272.809 -245.84
  312 311.5 38.3548 0.0166471 -379.617 -317.042 -377.568
  313 312.5 38.3685 0.016653 -94.5692 -382.091 -129.171
  314 313.5 38.447 0.0166871 22.8684 -289.256 -178.563
  315 314.5 38.3307 0.0166366 -76.9276 -313.535 -225.922
  316 315.5 38.4355 0.0166821 -289.939 -373.265 -296.38
  317 316.5 38.3501 0.016645 -93.0055 -235.496 -187.226
  318 317.5 38.4766 0.0166999 -171.26 -246.784 -321.642
  319 318.5 38.3156 0.01663 -55.5708 -214.161 -248.808
  320 319.5 38.3997 0.0166665 -170.663 -46.3272 -288.27
  321 320.5 38.4769 0.0167001 -459.858 -350.269 -177.2
  322 321.5 38.3976 0.0166656 -407.143 -352.757 -257.267
  323 322.5 38.3112 0.0166281 -460.706 -387.965 -340.538
  324 323.5 38.5179 0.0167178 -392.53 -183.179 -269.74
  325 324.5 38.3878 0.0166614 -309.729 -253.129 -69.9209
  326 325.5 38.36 0.0166493 -498.506 -316.704 -377.492
  327 326.5 38.4544 0.0166903 -289.546 -353.989 -439.894
  328 327.5 38.4365 0.0166825 -261.184 -381.07 -144.393
  329 328.5 38.3723 0.0166546 -230.55 -65.1558 -40.693
  330 329.5 38.3953 0.0166646 -269.612 -330.564 -452.392
  331 330.5 38.4181 0.0166745 -146.924 -199.374 -285.409
  332 331.5 38.3871 0.0166611 -232.065 -250.882 -63.9037
  333 332.5 38.4055 0.0166691 -187.461 -279.569 -280.779
  334 333.5 38.3749 0.0166558 -116.54 -328.969 -432.407
  335 334.5 38.4296 0.0166795 -356.144 -159.917 -75.5529
  336 335.5 38.4031 0.016668 -329.099 -293.242 -282.041
  337 336.5 38.4237 0.016677 -391.918 -429.765 -292.615
  338 337.5 38.3581 0.0166485 -392.015 -205.972 -319.731
  339 338.5 38.3868 0.0166609 -334.955 -293.024 -214.028
  340 339.5 38.4871 0.0167045 -385.574 -375.305 -117.246
  341 340.5 38.3825 0.0166591 -311.533 -290.546 -171.1
  342 341.5 38.3363 0.016639 -466.551 -272.134 -352.644
  343 342.5 38.4278 0.0166787 -243.17 -287.418 -506.586
  344 343.5 38.4192 0.016675 -267.846 -79.4672 -25.9524
  345 344.5 38.389 0.0166619 -340.653 -189.653 -123.086
  346 345.5 38.424 0.0166771 -365.75 -314.981 -236.763
  347 346.5 38.3825 0.0166591 -304.659 -299.52 -563.781
  348 347.5 38.3392 0.0166403 -144.519 -355.975 -274.68
  349 348.5 38.4598 0.0166926 -109.124 -167.538 76.1375
  350 349.5 38.4415 0.0166847 -341.589 -101.361 -264.808
  351 350.5 38.3607 0.0166496 -171.901 -204.983 -383.525
  352 351.5 38.3567 0.0166479 -459.979 -323.339 -334.667
  353 352.5 38.52 0.0167187 -279.64 -167.075 -32.7722
  354 353.5 38.4208 0.0166757 -284.047 -231.614 -237.681
  355 354.5 38.3269 0.0166349 -164.799 -213.877 -293.964
  356 355.5 38.3354 0.0166386 -17.7087 -181.63 -284.932
  357 356.5 38.539 0.016727 -286.644 -148.077 -350.807
  358 357.5 38.3649 0.0166515 -96.5872 -182.054 -184.972
  359 358.5 38.341 0.0166411 -26.7408 -91.5534 -131.543
  360 359.5 38.4576 0.0166917 -362.295 -105.399 -381.32
  361 360.5 38.4492 0.016688 -294.629 -136.749 -173.243
  362 361.5 38.3761 0.0166563 -356.069 -234.308 -163.438
  363 362.5 38.3896 0.0166622 -343.359 -241.445 -346.085
  364 363.5 38.4521 0.0166893 -406.489 -491.829 -311.289
  365 364.5 38.4607 0.016693 -50.368 -419.969 -86.8573
  366 365.5 38.3024 0.0166243 -262.934 -410.383 -380.415
  367 366.5 38.4373 0.0166829 -230.076 -428.668 -341.954
  368 367.5 38.4274 0.0166785 52.1872 -154.524 -227.632
  369 368.5 38.4007 0.016667 -77.6603 -201.585 -135.635
  370 369.5 38.3761 0.0166563 -335.859 -318.941 -500.393
  371 370.5 38.3997 0.0166665 -276.277 -165.477 -187.177
  372 371.5 38.4345 0.0166816 -226.519 -359.886 -366.228
  373 372.5 38.3822 0.0166589 -98.6591 -108.249 -483.314
  374 373.5 38.3226 0.0166331 -277.253 -124.66 -363.096
  375 374.5 38.3932 0.0166637 -286.098 -301.945 -648.644
  376 375.5 38.4254 0.0166777 175.049 -221.019 -443.743
  377 376.5 38.3191 0.0166315 131.981 -248.816 -843.889
  378 377.5 38.3598 0.0166492 303.159 61.9697 -896.172
  379 378.5 38.3303 0.0166364 472.819 352.356 -976.963
  380 379.5 38.3211 0.0166324 680.091 399.797 -1060.86
  381 380.5 38.233 0.0165942 777.374 819.382 -1688.25
  382 381.5 38.1983 0.0165791 1242.7 1051.97 -1715.63
  383 382.5 38.1186 0.0165445 1683.24 1410.16 -2091.45
  384 383.5 38.0043 0.0164949 2092.82 2258.84 -2327.99
  385 384.5 37.8679 0.0164357 3213.54 3274.77 -2495.28
  386 385.5 37.5628 0.0163033 4473.7 4349.59 -2031.3
  387 386.5 37.1956 0.0161439 5944.57 5817.76 -1574.03
  388 387.5 36.7969 0.0159709 6806.67 6948.22 -557.7
  389 388.5 36.153 0.0156914 7786.03 7723.26 750.119
  390 389.5 35.446 0.0153845 7661.57 7625.6 2042.11
  391 390.5 34.6942 0.0150583 6660.55 6794.07 2851.94
  392 391.5 34.0655 0.0147854 4999.27 5194.52 3081.47
  393 392.5 33.4686 0.0145263 3424.23 3369.82 2911.98
  394 393.5 33.2003 0.0144099 1947.15 2109.19 2154.67
  395 394.5 33.1143 0.0143725 1211.72 1386.78 1554.74
  396 395.5 33.147 0.0143867 663.641 725.197 992.262
  397 396.5 33.0758 0.0143558 530.868 522.586 460.877
  398 397.5 33.2642 0.0144376 290.192 431.144 50.5836
  399 398.5 33.3737 0.0144851 177.363 208.859 -288.153
  400 399.5 33.3165 0.0144603 2.58581 60.5044 -372.81
  401 400.5 33.4384 0.0145132 -67.8335 242.822 -356.326
  402 401.5 33.5229 0.0145499 -181.531 23.8532 -523.337
  403 402.5 33.4717 0.0145276 -140.954 -136.593 -536.565
  404 403.5 33.4903 0.0145357 -27.4325 -121.372 -363.786
  405 404.5 33.5497 0.0145615 -150.585 -69.0913 -394.42
  406 405.5 33.5528 0.0145629 -178.715 -251.413 -408.217
  407 406.5 33.509 0.0145439 -209.556 -214.989 -398.816
  408 407.5 33.5291 0.0145526 -178.121 -221.441 -354.76
  409 408.5 33.5679 0.0145694 -88.2816 -149.281 -382.41
  410 409.5 33.526 0.0145512 -213.2 -165.467 -250.959
  411 410.5 33.5358 0.0145555 -258.003 -168.41 -294.861
  412 411.5 33.5518 0.0145624 -231.041 -298.786 -372.839
  413 412.5 33.511 0.0145447 -117.531 -174.299 -308.728
  414 413.5 33.5349 0.0145551 -20.2147 -130.5 -264.596
  415 414.5 33.519 0.0145482 -43.0647 -212.784 -348.108
  416 415.5 33.5231 0.01455 -256.907 -324.425 -301.05
  417 416.5 33.5952 0.0145813 -267.628 -221.64 -223.206
  418 417.5 33.5521 0.0145626 -148.068 -159.687 -342.6
  419 418.5 33.5744 0.0145722 -165.037 -286.744 -398.655
  420 419.5 33.489 0.0145352 -467.486 -466.355 -186.384
  421 420.5 33.6232 0.0145934 -393.484 -177.361 -239.406
  422 421.5 33.6072 0.0145864 -405.189 -356.216 -352.125
  423 422.5 33.4389 0.0145134 -286.73 -148.982 -372.556
  424 423.5 33.5533 0.0145631 -350.923 -260.464 -244.41
  425 424.5 33.5786 0.0145741 -397.087 -326.623 -313.688
  426 425.5 33.6109 0.0145881 -292.087 -180.152 -194.031
  427 426.5 33.5022 0.0145409 -330.958 -247.762 -327.827
  428 427.5 33.5473 0.0145605 -222.093 -293.037 -307.84
  429 428.5 33.5651 0.0145682 -396.378 -236.065 -371.597
  430 429.5 33.5982 0.0145826 -319.185 -72.8853 -175.038
  431 430.5 33.5166 0.0145471 -290.82 -169.615 -201.069
  432 431.5 33.5496 0.0145615 -526.305 -402.51 -361.225
  433 432.5 33.5834 0.0145761 -334.834 -377.829 -336.954
  434 433.5 33.5333 0.0145544 -384.043 -457.499 -339.31
  435 434.5 33.5255 0.014551 -311.203 -339.297 -285.571
  436 435.5 33.5784 0.0145739 -272.68 -339.703 -245.614
  437 436.5 33.563 0.0145673 -256.284 -195.534 -339.512
  438 437.5 33.541 0.0145577 -127.199 -141.728 -219.117
  439 438.5 33.5143 0.0145462 -129.022 -126.871 -264.705
  440 439.5 33.5964 0.0145817 -174.968 -306.206 -362.333
  441 440.5 33.5417 0.014558 -192.147 -119.994 -245.653
  442 441.5 33.5254 0.014551 -312.116 -321.789 -248.47
  443 442.5 33.5434 0.0145588 -338.3 -283.695 -378.867
  444 443.5 33.5681 0.0145695 -611.958 -554.411 -260.87
  445 444.5 33.5746 0.0145723 -439.034 -296.232 -208.334
  446 445.5 33.5268 0.0145516 -345.969 -401.594 -380.084
  447 446.5 33.5788 0.0145741 -430.15 -373.254 -338.621
  448 447.5 33.5482 0.0145608 -246.529 -212.358 -173.047
  449 448.5 33.6012 0.0145838 -254.759 -244.802 -258.046
  450 449.5 33.5272 0.0145518 -468.214 -368.019 -433.457
  451 450.5 33.5513 0.0145622 -228.359 -272.924 -202.863
  452 451.5 33.5319 0.0145538 -334.928 -302.097 -396.948
  453 452.5 33.6207 0.0145923 -166.457 -110.3 -208.262
  454 453.5 33.556 0.0145643 -105.989 -234.949 -276.896
  455 454.5 33.5558 0.0145642 -288.519 -264.383 -247.913
  456 455.5 33.5945 0.0145809 -334.472 -361.239 -388.342
  457 456.5 33.5202 0.0145487 -441.42 -300.432 -281.656
  458 457.5 33.6418 0.0146015 -229.072 -309.075 -267.718
  459 458.5 33.5922 0.01458 -367.83 -411.933 -288.261
  460 459.5 33.5645 0.0145679 -393.659 -314.94 -287.709
  461 460.5 33.5217 0.0145493 -198.047 -260.822 -372.548
  462 461.5 33.6421 0.0146016 -477.937 -216.282 -209.084
  463 462.5 33.5569 0.0145646 -301.263 -233.381 -294.554
  464 463.5 33.5516 0.0145623 -378.161 -273.921 -221.902
  465 464.5 33.5302 0.014553 -342.583 -386.232 -424.831
  466 465.5 33.5864 0.0145775 -392.802 -345.15 -327.836
  467 466.5 33.5425 0.0145584 -225.62 -322.192 -223.252
  468 467.5 33.4895 0.0145354 -214.838 -363.393 -276.508
  469 468.5 33.623 0.0145933 -17.8261 -210.613 -300.636
  470 469.5 33.5496 0.0145615 -240.607 -269.714 -217.189
  471 470.5 33.4684 0.0145262 -218.604 -102.067 -226.059
  472 471.5 33.5837 0.0145763 -163.168 -285.723 -425.321
  473 472.5 33.5194 0.0145484 -124.218 -282.593 -286.898
  474 473.5 33.5516 0.0145623 -240.339 -230.737 -229.568
  475 474.5 33.5442 0.0145591 -265.124 -332.906 -306.028
  476 475.5 33.5135 0.0145458 -254.664 -398.643 -229.34
  477 476.5 33.558 0.0145651 -132.115 -353.759 -332.292
  478 477.5 33.522 0.0145495 -275.055 -361.211 -284.852
  479 478.5 33.5295 0.0145527 -294.655 -373.115 -316.472
  480 479.5 33.5532 0.014563 -261.549 -340.769 -276.192
62500000 480 11610
  1 0.5 33.56 0.014566 -368.347 -382.368 -288.466
  2 1.5 33.6173 0.0145908 -382.257 -261.005 -359.343
  3 2.5 33.5941 0.0145808 -194.768 -215.48 -305.039
  4 3.5 33.5852 0.0145769 -182.781 -166.696 -225.965
  5 4.5 33.5672 0.0145691 -99.5228 -300.439 -381.577
  6 5.5 33.5292 0.0145526 -386.129 -440.073 -339.835
  7 6.5 33.6672 0.0146125 -158.018 -297.415 -248.95
  8 7.5 33.58 0.0145747 -207.381 -269.173 -300.03
  9 8.5 33.5529 0.0145629 -358.489 -298.98 -351.41
  10 9.5 33.5926 0.0145801 -272.367 -2.5989 -231.552
  11 10.5 33.6309 0.0145967 -288.336 -188.097 -254.229
  12 11.5 33.5278 0.014552 -311.027 -483.196 -432.582
  13 12.5 33.6093 0.0145874 -219.374 -419.963 -227.277
  14 13.5 33.6009 0.0145837 -189.338 -318.298 -369.907
  15 14.5 33.554 0.0145634 -147.322 -300.598 -330.63
  16 15.5 33.5815 0.0145753 -325.138 -191.865 -215.834
  17 16.5 33.5883 0.0145782 -126.156 -271.86 -355.939
  18 17.5 33.5791 0.0145743 -186.677 -198.78 -195.925
  19 18.5 33.528 0.0145521 -322.257 -270.092 -307.443
  20 19.5 33.6195 0.0145918 -352.439 -274.803 -445.136
  21 20.5 33.5551 0.0145639 -296.054 -299.166 -293.506
  22 21.5 33.5474 0.0145605 -140.944 -149.262 -197.655
  23 22.5 33.5761 0.0145729 -285.817 -377.992 -346.927
  24 23.5 33.6263 0.0145947 -345.831 -497.353 -312.212
  25 24.5 33.5366 0.0145558 -380.512 -461.405 -280.391
  26 25.5 33.5749 0.0145725 -433.9 -421.337 -276.006
  27 26.5 33.5931 0.0145803 -378.266 -423.051 -318.413
  28 27.5 33.6169 0.0145907 -156.426 -264.73 -356.597
  29 28.5 33.5169 0.0145473 -366.768 -309.37 -306.35
  30 29.5 33.5343 0.0145548 -350.864 -274.3 -261.498
  31 30.5 33.6076 0.0145866 -329.396 -445.795 -289.57
  32 31.5 33.5605 0.0145662 -367.221 -384.74 -421.899
  33 32.5 33.5388 0.0145568 -373.509 -351.967 -278.377
  34 33.5 33.5963 0.0145817 -268.945 -448.358 -177.188
  35 34.5 33.5863 0.0145774 -410.29 -191.178 -344.347
  36 35.5 33.498 0.0145391 -265.644 -259.464 -367.999
  37 36.5 33.5869 0.0145776 -188.869 -292.928 -341.254
  38 37.5 33.6078 0.0145867 -117.78 -48.5809 -283.508
  39 38.5 33.5238 0.0145503 -108.118 -144.928 -268.829
  40 39.5 33.5448 0.0145594 -110.171 -327.039 -303.462
  41 40.5 33.5734 0.0145718 -243.809 -242.54 -390.149
  42 41.5 33.5974 0.0145822 -271.767 -241.24 -243.368
  43 42.5 33.5195 0.0145484 -219.381 -267.58 -278.464
  44 43.5 33.5546 0.0145636 -390.578 -340.44 -429.408
  45 44.5 33.5479 0.0145607 -251.654 -386.697 -317.925
  46 45.5 33.5219 0.0145494 -416.896 -350.941 -318.026
  47 46.5 33.5616 0.0145667 -142.338 -255.336 -467.394
  48 47.5 33.4698 0.0145268 -284.25 -212.419 -460.98
  49 48.5 33.4709 0.0145273 -210.657 -155.468 -389.78
  50 49.5 33.5344 0.0145549 -19.1015 24.0556 -560.147
  51 50.5 33.4552 0.0145205 -260.307 -69.7765 -531.913
  52 51.5 33.4216 0.0145059 -90.6315 -164.129 -696.223
  53 52.5 33.4948 0.0145377 -201.032 -38.6676 -746.46
  54 53.5 33.3884 0.0144915 -3.39909 -87.0767 -1011.09
  55 54.5 33.3135 0.014459 145.949 252.802 -1012.37
  56 55.5 33.3207 0.0144621 381.167 319.703 -1311.91
  57 56.5 33.2215 0.014419 444.337 592.566 -1557.4
  58 57.5 33.0431 0.0143416 955.729 972.816 -1663.35
  59 58.5 32.8779 0.0142699 1384.21 1521.04 -2059.52
  60 59.5 32.6498 0.0141709 1832.73 1795.56 -2543.11
  61 60.5 32.3427 0.0140376 2528.19 2642.31 -2580.98
  62 61.5 31.8187 0.0138102 3335.95 3432.74 -2774.38
  63 62.5 31.1943 0.0135392 4513.91 4485.19 -2727.27
  64 63.5 30.217 0.013115 5814.41 5846.76 -2179.95
  65 64.5 28.8672 0.0125292 6850.81 6974.9 -1541.97
  66 65.5 27.0251 0.0117297 8101.66 8013.15 -297.413
  67 66.5 24.6318 0.0106909 8840.52 8806.5 1170.63
  68 67.5 21.6548 0.00939879 9167.77 9160.51 2817.16
  69 68.5 18.309 0.0079466 9001.9 9059.6 4655.09
  70 69.5 14.7771 0.00641366 8499.5 8316.5 6427.64
  71 70.5 11.2989 0.00490404 7212.72 7026.57 7600.79
  72 71.5 8.2831 0.0035951 5408.66 5363.63 8568.47
  73 72.5 5.84135 0.00253531 3214.97 3084.37 8916.12
  74 73.5 4.03778 0.00175251 505.068 444.656 8265.61
  75 74.5 2.78204 0.00120748 -2647.77 -2672.32 6782.61
  76 75.5 1.96638 0.000853465 -5411.34 -5552.3 4031.35
  77 76.5 1.44899 0.000628903 -7948.07 -8350.24 635.99
  78 77.5 1.13619 0.000493139 -10406.1 -10825.5 -3047.96
  79 78.5 0.939448 0.000407747 -12224.1 -12462.8 -6555.22
  80 79.5 0.832784 0.000361451 -13695.6 -13676.8 -9335.79
  81 80.5 0.762624 0.000331 -14264.3 -14656.8 -11321
  82 81.5 0.724032 0.00031425 -15059.5 -15402.2 -12920.3
  83 82.5 0.691072 0.000299944 -15270.5 -15663.1 -14013.6
  84 83.5 0.683216 0.000296535 -15730 -15865.7 -14364.2
  85 84.5 0.672264 0.000291781 -15407.9 -15910.8 -15015.2
  86 85.5 0.658584 0.000285844 -15722.5 -15678.5 -15370.7
  87 86.5 0.649552 0.000281924 -16042.9 -16448.7 -15904.7
  88 87.5 0.656256 0.000284833 -16088.9 -16625.6 -15554.9
  89 88.5 0.651608 0.000282816 -16454.9 -15761.2 -15896.5
  90 89.5 0.640936 0.000278184 -16134 -15550.3 -16264.5
  91 90.5 0.644392 0.000279684 -15970 -15782.3 -16192.9
  92 91.5 0.641688 0.00027851 -16050.1 -16028.5 -16236.3
  93 92.5 0.637264 0.00027659 -16094.8 -15803.2 -16309.8
  94 93.5 0.6328 0.000274653 -16672.9 -16073.7 -16677.9
  95 94.5 0.63132 0.00027401 -16477.5 -15961.4 -16574.3
  96 95.5 0.63904 0.000277361 -16885.7 -16621.8 -16431.3
  97 96.5 0.64432 0.000279653 -16394.4 -16310.7 -16167.2
  98 97.5 0.639672 0.000277635 -16232.6 -16124.9 -16268.2
  99 98.5 0.636088 0.00027608 -15579.4 -15967.4 -16446.1
  100 99.5 0.632416 0.000274486 -15464.4 -16078.1 -16619.4
  101 100.5 0.64728 0.000280937 -15647.3 -15523.8 -16139.8
  102 101.5 0.650352 0.000282271 -15396.1 -14843.1 -15977.7
  103 102.5 0.654664 0.000284142 -15721.3 -14796.5 -16123.6
  104 103.5 0.646448 0.000280576 -15497.4 -15113.6 -16240.8
  105 104.5 0.6512 0.000282639 -15511.1 -15882.6 -16172.1
  106 105.5 0.660016 0.000286465 -15329.9 -15787.7 -15688.6
  107 106.5 0.652104 0.000283031 -15092.1 -15702.5 -16110.8
  108 107.5 0.659728 0.00028634 -15401.6 -15694.2 -15846.6
  109 108.5 0.649752 0.00028201 -15845.3 -16116.6 -16127.3
  110 109.5 0.64376 0.00027941 -15855 -16074 -16228.1
  111 110.5 0.655872 0.000284667 -16021.7 -16069.2 -15992.2
  112 111.5 0.653928 0.000283823 -16188.6 -16289.2 -16140.4
  113 112.5 0.657344 0.000285306 -15881.7 -16264.6 -15849.4
  114 113.5 0.658336 0.000285736 -15839.5 -15683.9 -15700.3
  115 114.5 0.659064 0.000286052 -16000.9 -15361.2 -15902.4
  116 115.5 0.663664 0.000288049 -16152.4 -15213 -15833
  117 116.5 0.654216 0.000283948 -16145.1 -15430.3 -16044.6
  118 117.5 0.66268 0.000287622 -15766.5 -15440.7 -15849.4
  119 118.5 0.66824 0.000290035 -15805.5 -15678.7 -15612.8
  120 119.5 0.663816 0.000288115 -16313.6 -15635.5 -15853.3
  121 120.5 0.671296 0.000291361 -15818.8 -15938.2 -15570
  122 121.5 0.66328 0.000287882 -15745.1 -15829.8 -15670.3
  123 122.5 0.671512 0.000291455 -16162.1 -15714.3 -15538.4
  124 123.5 0.657096 0.000285198 -16709.8 -15624.3 -15966.6
  125 124.5 0.653552 0.00028366 -16194.3 -16064.3 -16173.6
  126 125.5 0.665272 0.000288747 -15822.1 -16105.2 -15777.2
  127 126.5 0.667528 0.000289726 -15649.3 -15737.7 -15629
  128 127.5 0.655928 0.000284691 -15593 -15883.5 -16023.7
  129 128.5 0.653336 0.000283566 -15617.9 -15834.4 -15963.4
  130 129.5 0.65668 0.000285017 -15540.7 -16000.9 -15826.7
  131 130.5 0.64988 0.000282066 -16225.8 -16136.8 -16282.1
  132 131.5 0.645736 0.000280267 -16413.7 -16173.1 -16189.6
  133 132.5 0.643496 0.000279295 -16382.6 -16389 -16212.9
  134 133.5 0.650216 0.000282212 -16489.4 -15702.3 -16075.3
  135 134.5 0.641408 0.000278389 -16720.7 -16182 -16356.9
  136 135.5 0.634304 0.000275306 -16271 -16144.7 -16543.8
  137 136.5 0.6426 0.000278906 -16409.3 -16055.8 -16327.9
  138 137.5 0.640888 0.000278163 -16313.1 -16012.4 -16185.7
  139 138.5 0.633128 0.000274795 -16516 -16449.2 -16535.1
  140 139.5 0.636712 0.000276351 -16195.1 -16231.1 -16555.4
  141 140.5 0.644592 0.000279771 -16254.2 -16412.8 -16254.1
  142 141.5 0.648152 0.000281316 -16432.7 -16554.6 -16153.5
  143 142.5 0.654928 0.000284257 -16946.2 -16495.1 -15913.6
  144 143.5 0.64348 0.000279288 -16446.3 -16569.4 -16347.2
  145 144.5 0.631704 0.000274177 -16454.3 -16265 -16505.4
  146 145.5 0.633816 0.000275094 -16191.1 -15898.3 -16529.8
  147 146.5 0.639344 0.000277493 -16526.2 -15951 -16348.7
  148 147.5 0.632264 0.00027442 -16494 -16032.5 -16622.8
  149 148.5 0.628672 0.000272861 -16073.4 -16098.4 -16584.9
  150 149.5 0.630664 0.000273726 -16226.7 -15949.8 -16563
  151 150.5 0.627752 0.000272462 -16299.9 -16096.3 -16765.1
  152 151.5 0.623136 0.000270458 -16409.5 -16377.2 -16789.3
  153 152.5 0.638544 0.000277146 -16714.7 -16013.6 -16366.5
  154 153.5 0.643392 0.00027925 -16576.6 -15986.9 -16302.2
  155 154.5 0.638664 0.000277198 -16288.1 -15914.2 -16371.2
  156 155.5 0.636672 0.000276333 -16196.2 -15511.4 -16460.5
  157 156.5 0.639488 0.000277556 -15795.8 -15491.1 -16261.5
  158 157.5 0.645792 0.000280292 -16066.8 -15707.9 -16314.6
  159 158.5 0.657776 0.000285493 -15486.6 -15648.7 -15911.9
  160 159.5 0.65368 0.000283715 -15784.6 -15369 -15983.3
  161 160.5 0.651896 0.000282941 -15622.8 -15441 -16074.7
  162 161.5 0.652496 0.000283201 -16492.5 -15576 -16071.1
  163 162.5 0.649696 0.000281986 -16406.1 -15652.9 -16032.2
  164 163.5 0.63936 0.0002775 -16206 -15768.5 -16355.3
  165 164.5 0.642264 0.00027876 -16067.6 -15787.4 -16389.8
  166 165.5 0.655168 0.000284361 -16011.6 -15731.3 -16028.9
  167 166.5 0.653968 0.00028384 -16191.6 -15611.1 -15920.6
  168 167.5 0.650056 0.000282142 -16797.3 -15482.1 -16166.1
  169 168.5 0.653104 0.000283465 -16423.4 -15867.5 -16150
  170 169.5 0.654104 0.000283899 -16715.2 -15914.4 -15903.7
  171 170.5 0.640576 0.000278028 -16796 -15644 -16241.4
  172 171.5 0.644136 0.000279573 -16465.3 -15432.2 -16291.4
  173 172.5 0.648344 0.000281399 -16390.5 -15846.4 -16134.9
  174 173.5 0.646672 0.000280674 -16407.5 -15917.8 -16280.2
  175 174.5 0.649296 0.000281812 -16229.9 -16019.4 -16089.1
  176 175.5 0.6382 0.000276997 -16331.9 -15966.6 -16388.6
  177 176.5 0.643456 0.000279278 -15991 -15988.1 -16224.1
  178 177.5 0.642672 0.000278937 -16593.3 -15760.2 -16416.5
  179 178.5 0.63688 0.000276424 -16050.1 -15995.6 -16400.4
  180 179.5 0.633104 0.000274785 -16380.4 -16195.1 -16552.6
  181 180.5 0.646688 0.000280681 -16168.6 -16142.2 -15998.3
  182 181.5 0.640648 0.000278059 -15825 -16349.7 -16423.9
  183 182.5 0.647672 0.000281108 -16077.4 -16313.6 -16122.8
  184 183.5 0.645944 0.000280358 -16222.2 -16248 -16181.3
  185 184.5 0.647936 0.000281222 -16100 -16738.7 -16246.9
  186 185.5 0.660248 0.000286566 -15895.6 -15916.1 -15826.8
  187 186.5 0.66 0.000286458 -15861.7 -16264.7 -15800.7
  188 187.5 0.667904 0.000289889 -15525.7 -16177.2 -15544.8
  189 188.5 0.666616 0.00028933 -15511 -16020.7 -15842.9
  190 189.5 0.662256 0.000287437 -15571.5 -16196.6 -15904.3
  191 190.5 0.661256 0.000287003 -15652.9 -15642.1 -15871.1
  192 191.5 0.639992 0.000277774 -15851 -16145.4 -16225.2
  193 192.5 0.64324 0.000279184 -15861.3 -16894 -16271.7
  194 193.5 0.64712 0.000280868 -16321.1 -16302.5 -16165.1
  195 194.5 0.651048 0.000282573 -16261.3 -16001.7 -16082.5
  196 195.5 0.646736 0.000280701 -15938 -15914.1 -16124.1
  197 196.5 0.654752 0.000284181 -15924.2 -15726.5 -15913.4
  198 197.5 0.65096 0.000282535 -16058.9 -16472 -16179.3
  199 198.5 0.650712 0.000282427 -15639.4 -17035.4 -16156.1
  200 199.5 0.646816 0.000280736 -15735.8 -16309.6 -16120.2
  201 200.5 0.655968 0.000284708 -15642.8 -16557.5 -15978.8
  202 201.5 0.654128 0.00028391 -16023.5 -16191.5 -16009.3
  203 202.5 0.64232 0.000278785 -15776.3 -16499.6 -16135.1
  204 203.5 0.647696 0.000281118 -15959.2 -16130.3 -16042.5
  205 204.5 0.654704 0.00028416 -16291 -16079.2 -15996.6
  206 205.5 0.651992 0.000282983 -16013.1 -16267.6 -16009
  207 206.5 0.647256 0.000280927 -16169.8 -16420.4 -16017.9
  208 207.5 0.651624 0.000282823 -15665 -16598 -16011.3
  209 208.5 0.658424 0.000285774 -15700.1 -16439.8 -15711.7
  210 209.5 0.671584 0.000291486 -15864.5 -16376.4 -15392.1
  211 210.5 0.67496 0.000292951 -15740.1 -16081.3 -15061.7
  212 211.5 0.668104 0.000289976 -15927.2 -16207.3 -15223
  213 212.5 0.669032 0.000290378 -15733.5 -16313.1 -14918.6
  214 213.5 0.682032 0.000296021 -15498.4 -15626.7 -14390.4
  215 214.5 0.711792 0.000308938 -15394.2 -15074.1 -13294.2
  216 215.5 0.731648 0.000317556 -14686.2 -15186.3 -12554.4
  217 216.5 0.782456 0.000339608 -14249.2 -14590.3 -10706.3
  218 217.5 0.860264 0.000373378 -13453.5 -14089.8 -8566.39
  219 218.5 0.996512 0.000432514 -11792.8 -12033.3 -5342.93
  220 219.5 1.23695 0.000536872 -10039.7 -10004.1 -1593.23
  221 220.5 1.62667 0.000706021 -7213.83 -7393.35 2216.2
  222 221.5 2.24415 0.000974024 -4685.26 -4383.23 5275.78
  223 222.5 3.22626 0.00140028 -1528.14 -1503.21 7418.43
  224 223.5 4.7136 0.00204583 1632.36 1475.84 8630.29
  225 224.5 6.84744 0.00297198 3988.48 3997.23 9037.55
  226 225.5 9.63379 0.00418133 6235.83 6242.69 8766.35
  227 226.5 12.9778 0.00563274 8099.58 7817.03 7842.4
  228 227.5 16.6767 0.00723816 9419.85 9377.81 6676.23
  229 228.5 20.3783 0.00884477 10333.9 10248 5576.85
  230 229.5 23.9196 0.0103818 11024.5 11017.5 4671.24
  231 230.5 27.0239 0.0117291 11651 11727.2 3555.2
  232 231.5 29.5407 0.0128215 12328.9 12135.5 2505.54
  233 232.5 31.5622 0.0136989 12471.1 12416.9 1538.06
  234 233.5 33.4537 0.0145199 12438.1 12518.4 459.76
  235 234.5 34.7922 0.0151008 11308.9 11545.8 -892.422
  236 235.5 35.6513 0.0154737 10239.8 10306.7 -2005.88
  237 236.5 36.5442 0.0158612 8535.67 8488.44 -3084.36
  238 237.5 37.1135 0.0161083 6759.95 6744.65 -3466.39
  239 238.5 37.4045 0.0162346 5091.59 4953.61 -3641.71
  240 239.5 37.7355 0.0163783 3701.96 3517.89 -3557.56
  241 240.5 37.9416 0.0164677 2449.94 2563.01 -3003.6
  242 241.5 38.1288 0.0165489 1606.27 1798.33 -2563.06
  243 242.5 38.143 0.0165551 1269.42 1153.73 -2188.06
  244 243.5 38.2525 0.0166026 795.551 995.117 -1847.95
  245 244.5 38.1915 0.0165762 634.424 661.573 -1445.98
  246 245.5 38.3634 0.0166508 169.217 137.262 -1238.09
  247 246.5 38.3226 0.0166331 123.386 155.22 -956.215
  248 247.5 38.3414 0.0166412 -28.2703 163.505 -851.914
  249 248.5 38.3523 0.016646 -188.31 -178.638 -784.396
  250 249.5 38.3561 0.0166476 -2.28533 168.25 -446.097
  251 250.5 38.3696 0.0166535 -114.714 1.62942 -319.208
  252 251.5 38.3762 0.0166563 -77.133 -18.5612 -474.042
  253 252.5 38.338 0.0166398 -191.75 -94.1009 -510.229
  254 253.5 38.3528 0.0166462 -331.115 -213.119 -270.949
  255 254.5 38.4378 0.0166831 -721.622 -364.624 -149.443
  256 255.5 38.3822 0.0166589 -517.964 -380.019 -334.082
  257 256.5 38.3301 0.0166363 -577.424 -469.14 -500.085
  258 257.5 38.3543 0.0166468 -612.089 -496.843 -128.248
  259 258.5 38.4639 0.0166944 -763.108 -565.068 -260.016
  260 259.5 38.3399 0.0166406 -422.25 -284.118 -209.412
  261 260.5 38.3217 0.0166327 -454.209 -471.433 -486.739
  262 261.5 38.3659 0.0166519 -255.631 -304.201 -164.248
  263 262.5 38.4424 0.0166851 -209.419 -342.317 -179.456
  264 263.5 38.3474 0.0166438 -451.061 -501.385 -382.389
  265 264.5 38.3142 0.0166294 -196.653 -217.136 -119.252
  266 265.5 38.4351 0.0166819 -271.833 -54.3936 -321.428
  267 266.5 38.4263 0.0166781 -513.219 -228.93 -237.389
  268 267.5 38.264 0.0166076 -347.379 -363.119 -315.261
  269 268.5 38.3779 0.0166571 -233.565 -341.559 -184.434
  270 269.5 38.477 0.0167001 -255.154 -195.58 -340.392
  271 270.5 38.3124 0.0166287 -558.474 -328.106 -198.871
  272 271.5 38.3288 0.0166358 -565.572 -403.012 -276.022
  273 272.5 38.4702 0.0166971 -213.157 -221.937 -193.186
  274 273.5 38.3342 0.0166381 -250.92 -288.192 -283.198
  275 274.5 38.3983 0.0166659 -271.316 -300.793 -259.34
  276 275.5 38.3207 0.0166322 -212.194 -282.539 -372.492
  277 276.5 38.4685 0.0166964 -319.786 -435.169 -275.451
  278 277.5 38.3588 0.0166488 -317.659 -290.469 -174.246
  279 278.5 38.3496 0.0166448 -161.451 -361.999 -190.901
  280 279.5 38.4101 0.016671 -246.957 -255.178 -178.5
  281 280.5 38.3823 0.016659 -315.146 -347.084 -376.334
  282 281.5 38.407 0.0166697 -273.667 -333.983 -248.135
  283 282.5 38.3575 0.0166482 -355.981 -431.948 -357.41
  284 283.5 38.4348 0.0166818 -364.573 -240.196 -289.811
  285 284.5 38.3265 0.0166348 -505.697 -230.358 -146.451
  286 285.5 38.4476 0.0166873 -237.432 -387.249 -293.228
  287 286.5 38.3719 0.0166545 -105.21 -52.7659 -266.18
  288 287.5 38.3552 0.0166472 -9.00855 -81.3355 -137.729
  289 288.5 38.3752 0.0166559 -314.636 -159.095 -374.457
  290 289.5 38.461 0.0166931 -246.359 -281.552 -286.508
  291 290.5 38.3099 0.0166276 -211.584 -416.025 -226.72
  292 291.5 38.411 0.0166714 -85.9262 -471.076 -140.705
  293 292.5 38.4209 0.0166758 -78.6725 -275.68 -336.904
  294 293.5 38.2935 0.0166204 -220.024 -376.35 -370.65
  295 294.5 38.4118 0.0166718 -341.547 -155.932 -155.398
  296 295.5 38.414 0.0166727 -371.321 -363.133 -241.464
  297 296.5 38.4224 0.0166764 -456.038 -502.227 -332.788
  298 297.5 38.3218 0.0166327 -453.75 -347.851 -290.242
  299 298.5 38.4088 0.0166705 -269.236 -610.281 -294.055
  300 299.5 38.4275 0.0166786 -501.63 -412.255 -268.69
  301 300.5 38.3482 0.0166442 -298.383 -435.894 -224.085
  302 301.5 38.361 0.0166497 -297.593 -459.235 -242.499
  303 302.5 38.4158 0.0166735 -454.207 -473.799 -257.518
  304 303.5 38.3831 0.0166593 -521.93 -284.244 -287.934
  305 304.5 38.384 0.0166597 -292.459 -250.761 -171.752
  306 305.5 38.3321 0.0166372 -460.621 -224.14 -308.472
  307 306.5 38.4046 0.0166687 -352.177 -247.409 -209.042
  308 307.5 38.3598 0.0166492 -213.149 -66.793 -311.573
  309 308.5 38.3273 0.0166351 -103.552 -206.607 -358.096
  310 309.5 38.2805 0.0166148 -89.495 -299.888 -201.771
  311 310.5 38.427 0.0166784 106.723 -310.807 -184.962
  312 311.5 38.3481 0.0166441 -53.7948 -318.31 -281.38
  313 312.5 38.2801 0.0166146 -56.1315 -26.7025 -219.088
  314 313.5 38.3588 0.0166488 -298.384 -290.815 -263.04
  315 314.5 38.366 0.0166519 -95.9073 -17.9216 -329.134
  316 315.5 38.3138 0.0166293 -88.263 -156.993 -263.492
  317 316.5 38.323 0.0166332 -203.176 -442.76 -239.874
  318 317.5 38.3771 0.0166567 -332.091 -385.326 -82.7979
  319 318.5 38.3488 0.0166444 -547.951 -571.435 -407.05
  320 319.5 38.3575 0.0166482 -543.587 -608.634 -325.171
  321 320.5 38.3178 0.016631 -440.016 -419.911 -251.608
  322 321.5 38.3917 0.0166631 -414.333 -386.312 -154.205
  323 322.5 38.3792 0.0166577 -335.64 -344.875 -250.536
  324 323.5 38.2572 0.0166047 -247.08 -240.106 -305.368
  325 324.5 38.3635 0.0166508 -164.854 -211.04 -154.829
  326 325.5 38.3965 0.0166652 -465.177 -430.372 -239.757
  327 326.5 38.3713 0.0166542 -482.004 -286.481 -288.514
  328 327.5 38.2514 0.0166022 -316.127 -251.537 -419.992
  329 328.5 38.3931 0.0166637 -12.7056 -112.346 -103.503
  330 329.5 38.4047 0.0166687 -148.935 -102.489 -167.685
  331 330.5 38.2474 0.0166004 -205.362 -192.599 -285.59
  332 331.5 38.315 0.0166298 -172.791 -84.6484 -342.389
  333 332.5 38.4255 0.0166777 -264.477 -214.039 -301.268
  334 333.5 38.3908 0.0166627 -266.47 -86.113 -153.273
  335 334.5 38.2265 0.0165914 -380.221 -33.0538 -232.015
  336 335.5 38.4603 0.0166928 -347.283 -129.733 -265.901
  337 336.5 38.3892 0.016662 -78.3142 -202.768 -231.863
  338 337.5 38.282 0.0166155 -114.399 -276.878 -133.121
  339 338.5 38.3337 0.0166379 -302.343 -478.744 -478.328
  340 339.5 38.5037 0.0167117 -370.888 -151.071 -322.848
  341 340.5 38.2658 0.0166084 -138.26 -33.6093 -120.664
  342 341.5 38.343 0.0166419 -122.513 -115.021 -316.751
  343 342.5 38.4194 0.0166751 -43.2638 -76.9586 -277.945
  344 343.5 38.3683 0.0166529 -331.995 -299.432 -238.677
  345 344.5 38.3316 0.016637 -268.974 -144.177 -236.106
  346 345.5 38.4356 0.0166821 -326.007 -196.391 -220.996
  347 346.5 38.3729 0.0166549 -233.972 -387.474 -321.556
  348 347.5 38.3219 0.0166328 -549.714 -348.811 -419.48
  349 348.5 38.4206 0.0166756 -266.004 -287.089 -114.187
  350 349.5 38.4114 0.0166716 -160.418 -153.703 -182.759
  351 350.5 38.3206 0.0166322 -296.195 -329.991 -303.14
  352 351.5 38.3297 0.0166362 -360.085 -383.545 -413.425
  353 352.5 38.4683 0.0166963 -151.812 -108.914 -88.246
  354 353.5 38.3869 0.016661 -281.814 -295.62 -334.04
  355 354.5 38.197 0.0165786 -93.7697 -182.139 -307.835
  356 355.5 38.4884 0.016705 -216.503 -229.225 -146.364
  357 356.5 38.4223 0.0166764 -352.063 -182.323 -296.587
  358 357.5 38.2441 0.016599 -124.509 -266.048 -288.455
  359 358.5 38.3742 0.0166555 -332.516 -217.373 -224.274
  360 359.5 38.4861 0.016704 -171.986 -201.254 -292.432
  361 360.5 38.3523 0.016646 -117.889 -224.687 -138.292
  362 361.5 38.2407 0.0165975 -265.647 62.9973 -391.725
  363 362.5 38.4792 0.016701 125.087 -86.2677 -275.838
  364 363.5 38.3763 0.0166564 31.4153 -185.826 -150.117
  365 364.5 38.292 0.0166198 -210.631 -336.789 -354.409
  366 365.5 38.4313 0.0166802 -135.339 -172.078 -337.943
  367 366.5 38.3383 0.0166399 -95.4425 -210.288 -166.091
  368 367.5 38.3707 0.0166539 -47.5775 -353.369 -211.258
  369 368.5 38.3338 0.0166379 46.8903 -211.063 -377.273
  370 369.5 38.3799 0.016658 -183.887 -276.512 -392.87
  371 370.5 38.3422 0.0166416 -278.994 -265.833 -346.477
  372 371.5 38.3757 0.0166561 -508.362 -17.2888 -263.222
  373 372.5 38.3433 0.0166421 -117.83 -13.2255 -493.998
  374 373.5 38.3523 0.016646 -175.423 -100.471 -451.863
  375 374.5 38.3542 0.0166468 -64.075 -40.2876 -529.11
  376 375.5 38.3568 0.0166479 -43.8069 -183.743 -617.852
  377 376.5 38.3133 0.0166291 2.0714 -49.5336 -781.72
  378 377.5 38.2757 0.0166127 70.7192 -23.8106 -891.76
  379 378.5 38.3412 0.0166411 168.651 230.808 -1136.52
  380 379.5 38.3165 0.0166304 298.254 409.792 -1289.19
  381 380.5 38.1588 0.016562 758.31 639.661 -1548.66
  382 381.5 38.111 0.0165413 1125.92 981.044 -1789.97
  383 382.5 38.1683 0.0165661 1635.24 1714.85 -2109.1
  384 383.5 37.898 0.0164488 2286.07 2322.35 -2328.55
  385 384.5 37.7413 0.0163808 3275.55 3503.74 -2262.69
  386 385.5 37.5029 0.0162773 4278.78 4653.17 -2229.02
  387 386.5 37.1329 0.0161167 5728.1 6044.24 -1359.65
  388 387.5 36.5585 0.0158674 6767.2 6993.86 -514.491
  389 388.5 36.049 0.0156463 7476.01 7794.1 892.935
  390 389.5 35.3258 0.0153324 7499.66 7606.28 2260.01
  391 390.5 34.517 0.0149814 6415.35 6452.02 3008.29
  392 391.5 33.8761 0.0147031 4879.86 4762.75 2938.62
  393 392.5 33.4338 0.0145112 3396.91 3291.06 2831.47
  394 393.5 33.099 0.0143659 1899.23 1760.13 2249.92
  395 394.5 33.0993 0.014366 1036.66 1079.15 1422.94
  396 395.5 33.1305 0.0143795 801.998 706.803 861.126
  397 396.5 33.1066 0.0143692 570.962 321.865 357.469
  398 397.5 33.2745 0.0144421 338.97 447.843 -107.064
  399 398.5 33.3669 0.0144822 130.593 191.343 -197.33
  400 399.5 33.3782 0.014487 -15.232 124.071 -376.988
  401 400.5 33.3805 0.0144881 -67.877 -11.8486 -429.662
  402 401.5 33.5376 0.0145563 -241.036 -266.286 -574.023
  403 402.5 33.5248 0.0145507 -280.098 -208.829 -489.119
  404 403.5 33.4597 0.0145224 -298.38 -315.349 -517.74
  405 404.5 33.5914 0.0145796 -191.495 -295.317 -376.683
  406 405.5 33.5837 0.0145763 -226.925 -205.606 -298.404
  407 406.5 33.5887 0.0145784 -379.159 -320.744 -423.487
  408 407.5 33.5917 0.0145797 -332.863 -196.302 -385.251
  409 408.5 33.5868 0.0145776 -427.221 -399.224 -424.486
  410 409.5 33.6345 0.0145983 -197.105 -308.681 -254.554
  411 410.5 33.6305 0.0145966 -377.24 -440.178 -361.262
  412 411.5 33.5676 0.0145693 -256.286 -339.849 -395.776
  413 412.5 33.6232 0.0145934 -332.25 -395.569 -339.563
  414 413.5 33.62 0.014592 -191.211 -267.795 -322.294
  415 414.5 33.6085 0.014587 -168.561 -187.287 -297.866
  416 415.5 33.6219 0.0145928 -348.477 -233.845 -247.56
  417 416.5 33.5928 0.0145802 -249.207 -399.404 -370.828
  418 417.5 33.6182 0.0145912 -181.634 -345.947 -288.343
  419 418.5 33.5648 0.0145681 -458.694 -412.815 -458.384
  420 419.5 33.6206 0.0145923 -235.959 -104.25 -164.003
  421 420.5 33.603 0.0145846 -366.626 -157.303 -356.156
  422 421.5 33.6102 0.0145878 -259.179 -226.716 -183.266
  423 422.5 33.5766 0.0145732 -187.919 -156.139 -378.305
  424 423.5 33.5896 0.0145788 -290.475 -176.973 -373.575
  425 424.5 33.6303 0.0145965 -200.631 -121.957 -299.781
  426 425.5 33.584 0.0145764 -280.685 -399.013 -158.804
  427 426.5 33.6125 0.0145888 -338.188 -423.162 -370.104
  428 427.5 33.5761 0.014573 -339.715 -448.492 -364.399
  429 428.5 33.59 0.014579 -176.084 -316.045 -234.417
  430 429.5 33.6437 0.0146023 -328.234 -324.188 -268.174
  431 430.5 33.6151 0.0145899 -358.463 -378.673 -468.349
  432 431.5 33.5353 0.0145553 -354.694 -164.779 -287.816
  433 432.5 33.6164 0.0145904 -161.319 -305.08 -187.865
  434 433.5 33.6115 0.0145883 -309.754 -351.59 -370.497
  435 434.5 33.5895 0.0145788 -220.355 -283.219 -305.491
  436 435.5 33.5688 0.0145698 -174.36 -275.253 -213.807
  437 436.5 33.6303 0.0145965 -256.008 -299.676 -415.398
  438 437.5 33.6206 0.0145923 -267.744 -238.896 -282.723
  439 438.5 33.5936 0.0145806 -275.583 -329.554 -291.057
  440 439.5 33.6001 0.0145834 -270.174 -334.815 -383.391
  441 440.5 33.5993 0.014583 -190.146 -313.194 -327.737
  442 441.5 33.6358 0.0145989 -295.617 -235.853 -140.433
  443 442.5 33.6183 0.0145913 -450.282 -442.75 -280.61
  444 443.5 33.6083 0.0145869 -499.618 -265.328 -403.326
  445 444.5 33.5189 0.0145481 -342.918 -260.84 -364.604
  446 445.5 33.6277 0.0145954 -281.454 -393.911 -237.68
  447 446.5 33.6783 0.0146173 -357.263 -342.599 -288.862
  448 447.5 33.5786 0.014574 -285.157 -300.573 -386.359
  449 448.5 33.522 0.0145495 -398.834 -187.09 -241.06
  450 449.5 33.6507 0.0146053 -516.79 -173.682 -290.762
  451 450.5 33.6624 0.0146104 -266.416 -253.425 -238.178
  452 451.5 33.5387 0.0145567 -533.304 -359.643 -385.46
  453 452.5 33.5667 0.0145689 -474.515 -538.874 -292.623
  454 453.5 33.6728 0.0146149 -492.6 -382.433 -375.503
  455 454.5 33.6669 0.0146124 -431.903 -247.911 -283.629
  456 455.5 33.5163 0.014547 -363.68 -180.825 -210.794
  457 456.5 33.6258 0.0145945 -415.507 -250.025 -373.16
  458 457.5 33.7028 0.014628 -463.559 -417.273 -386.684
  459 458.5 33.5488 0.0145611 -365.019 -244.552 -255.715
  460 459.5 33.5732 0.0145717 -306.291 -175.424 -320.528
  461 460.5 33.65 0.014605 -181.373 -211.153 -258.455
  462 461.5 33.5962 0.0145817 -342.66 -190.366 -250.841
  463 462.5 33.5174 0.0145475 -453.894 -487.803 -385.416
  464 463.5 33.6 0.0145833 -474.957 -277.071 -330.917
  465 464.5 33.6161 0.0145903 -365.554 -175.37 -273.525
  466 465.5 33.564 0.0145677 -478.726 -178.175 -220.801
  467 466.5 33.5359 0.0145555 -196.029 -342.07 -350.645
  468 467.5 33.5894 0.0145788 -227.179 -303.91 -161.307
  469 468.5 33.5807 0.014575 -159.528 -221.692 -458.883
  470 469.5 33.5551 0.0145639 -121.758 -294.041 -263.726
  471 470.5 33.536 0.0145555 -255.299 -360.793 -336.766
  472 471.5 33.6445 0.0146026 -212.268 -277.196 -234.5
  473 472.5 33.5838 0.0145763 -381.096 -418.686 -271.804
  474 473.5 33.595 0.0145812 -222.307 -364.459 -296.091
  475 474.5 33.5669 0.014569 -354 -404.38 -394.905
  476 475.5 33.6534 0.0146065 -291.43 -233.509 -297.224
  477 476.5 33.5598 0.0145659 -237.041 -288.035 -292.376
  478 477.5 33.6268 0.014595 -207.451 -332.273 -295.787
  479 478.5 33.6361 0.014599 -347.785 -378.67 -262.749
  480 479.5 33.5913 0.0145795 -399.317 -483.911 -315.899
65000000 480 11610
  1 0.5 33.5708 0.0145707 -282.461 -254.255 -93.3874
  2 1.5 33.6045 0.0145853 -458.903 -198.669 -322.994
  3 2.5 33.6021 0.0145843 -302.469 -187.907 -324.751
  4 3.5 33.6111 0.0145882 -252.688 -165.639 -309.602
  5 4.5 33.5678 0.0145694 -325.35 -260.719 -261.713
  6 5.5 33.6041 0.0145851 -246.051 -216.478 -218.795
  7 6.5 33.5907 0.0145793 -427.264 -323.955 -466.302
  8 7.5 33.5484 0.014561 -256.571 -334.877 -190.604
  9 8.5 33.5604 0.0145661 -309.004 -496.933 -320.641
  10 9.5 33.6183 0.0145913 -489.687 -498.121 -302.234
  11 10.5 33.5867 0.0145776 -391.702 -410.078 -253.635
  12 11.5 33.5754 0.0145727 -309.941 -355.591 -371.912
  13 12.5 33.555 0.0145638 -316.624 -245.9 -289.243
  14 13.5 33.6032 0.0145847 -296.643 -397.308 -252.962
  15 14.5 33.6253 0.0145943 -351.753 -323.969 -188.252
  16 15.5 33.5574 0.0145648 -334.77 -269.358 -428.963
  17 16.5 33.5185 0.014548 -257.121 -201.14 -344.749
  18 17.5 33.5981 0.0145825 -155.709 -206.157 -225.004
  19 18.5 33.6294 0.0145961 -260.437 -104.361 -325.537
  20 19.5 33.5629 0.0145672 -161.604 -276.783 -302.632
  21 20.5 33.5334 0.0145544 -244.886 -266.509 -285.228
  22 21.5 33.6429 0.014602 -110.187 -197.362 -237.269
  23 22.5 33.5166 0.0145471 -342.556 -155.453 -298.437
  24 23.5 33.5497 0.0145615 -170.189 -99.3839 -382.237
  25 24.5 33.6051 0.0145856 -140.076 -292.106 -334.335
  26 25.5 33.5867 0.0145776 -40.5638 -284.549 -189.784
  27 26.5 33.5344 0.0145549 -322.62 -231.369 -278.566
  28 27.5 33.5685 0.0145697 -227.645 -302.279 -371.28
  29 28.5 33.5934 0.0145805 -421.229 -286.244 -270.564
  30 29.5 33.5897 0.0145789 -277.804 -425.099 -260.208
  31 30.5 33.5246 0.0145506 -486.296 -414.71 -282.462
  32 31.5 33.561 0.0145664 -251.261 -197.965 -322.3
  33 32.5 33.5981 0.0145825 -189.86 -328.348 -343.276
  34 33.5 33.5826 0.0145758 -435.731 -327.456 -279.1
  35 34.5 33.5405 0.0145575 -247.891 -265.843 -264.928
  36 35.5 33.6057 0.0145858 -256.98 -325.836 -331.963
  37 36.5 33.5554 0.014564 -308.108 -304.159 -275.612
  38 37.5 33.5894 0.0145787 -388.19 -248.799 -254.25
  39 38.5 33.548 0.0145608 -341.576 -257.266 -394.07
  40 39.5 33.5668 0.0145689 -286.093 -200.865 -247.602
  41 40.5 33.5318 0.0145537 -223.405 -213.148 -217.611
  42 41.5 33.5912 0.0145795 -203.185 -315.425 -345.416
  43 42.5 33.5364 0.0145557 -228.073 -215.526 -463.842
  44 43.5 33.4998 0.0145399 -233.219 -87.5454 -220.871
  45 44.5 33.62 0.014592 -307.191 -216.645 -370.717
  46 45.5 33.6601 0.0146094 -388.697 -245.068 -341.641
  47 46.5 33.5038 0.0145416 -276.545 -191.633 -255.273
  48 47.5 33.5762 0.014573 -247.624 -386.033 -428.051
  49 48.5 33.6021 0.0145842 -190.948 -173.521 -455.951
  50 49.5 33.5473 0.0145605 -43.0081 -126.288 -399.365
  51 50.5 33.5037 0.0145415 -368.992 -197.07 -541.634
  52 51.5 33.5708 0.0145707 -304.528 -153.958 -596.274
  53 52.5 33.5369 0.0145559 -265.024 -137.772 -685.902
  54 53.5 33.4996 0.0145398 76.4196 15.1109 -730.841
  55 54.5 33.4574 0.0145214 119.8 142.824 -990.167
  56 55.5 33.4351 0.0145117 345.446 216.904 -1075.56
  57 56.5 33.3544 0.0144768 559.103 455.191 -1233.15
  58 57.5 33.2561 0.0144341 686.771 558.496 -1542.19
  59 58.5 33.1822 0.014402 854.433 872.053 -1838.23
  60 59.5 32.9248 0.0142903 1385.84 1501.97 -2141.08
  61 60.5 32.696 0.014191 2016.34 2059.6 -2409.5
  62 61.5 32.3801 0.0140539 2759.28 2662.59 -2605.71
  63 62.5 31.8851 0.013839 3562.33 3622.35 -2829.84
  64 63.5 31.1854 0.0135353 4488.86 4658.97 -2663.75
  65 64.5 30.1955 0.0131057 5812.49 5901.14 -2193.31
  66 65.5 28.84 0.0125174 7195.57 7221.49 -1460.8
  67 66.5 26.9563 0.0116998 8319.38 8340.24 -316.978
  68 67.5 24.5505 0.0106556 8958.55 9063.32 1279.63
  69 68.5 21.5329 0.00934587 9469.43 9404.45 3134.12
  70 69.5 18.0923 0.00785257 9229.22 9277.62 4915.19
  71 70.5 14.4873 0.00628791 8580.62 8608.89 6703.36
  72 71.5 10.9839 0.00476731 7108.72 7021.96 8067.52
  73 72.5 7.95421 0.00345235 5206.86 5019.64 8818.24
  74 73.5 5.53726 0.00240333 2954.15 2999.83 9304.92
  75 74.5 3.79936 0.00164903 -120.657 45.9535 8514.86
  76 75.5 2.59005 0.00112415 -2925.7 -2964.93 6614.46
  77 76.5 1.82556 0.000792344 -6083.6 -6194.15 4078.78
  78 77.5 1.33284 0.00057849 -8653.42 -8632.22 231.676
  79 78.5 1.0323 0.000448049 -11189.4 -11668.2 -4018.06
  80 79.5 0.864432 0.000375187 -12585.6 -13450.7 -7683.02
  81 80.5 0.772056 0.000335094 -13579.1 -14326.9 -10314.8
  82 81.5 0.720168 0.000312573 -14350.4 -14705.7 -12178.5
  83 82.5 0.69212 0.000300399 -14687.1 -15204.5 -13151.1
  84 83.5 0.664232 0.000288295 -15199.9 -15754.1 -14262.1
  85 84.5 0.661504 0.000287111 -15309.9 -15858.2 -14844.2
  86 85.5 0.646576 0.000280632 -15639.1 -15888.6 -15175.4
  87 86.5 0.640568 0.000278024 -15521.9 -15825.7 -15499.5
  88 87.5 0.641016 0.000278219 -15900.8 -15871.6 -15714.1
  89 88.5 0.637384 0.000276642 -15753 -15804.2 -15907.3
  90 89.5 0.629176 0.00027308 -15319.8 -16212.6 -16179.3
  91 90.5 0.649968 0.000282104 -15296.3 -15990.3 -15600.8
  92 91.5 0.648472 0.000281455 -15374.5 -16252.8 -15631.8
  93 92.5 0.648336 0.000281396 -15415.6 -16203.9 -15746.6
  94 93.5 0.638312 0.000277045 -15826.2 -16147.1 -16048.4
  95 94.5 0.624376 0.000270997 -15791.7 -16082.5 -16296.8
  96 95.5 0.622984 0.000270392 -15745.9 -15824.1 -16468.9
  97 96.5 0.629328 0.000273146 -15955.6 -15539.8 -16267
  98 97.5 0.632328 0.000274448 -16022.7 -15322.1 -16137.1
  99 98.5 0.638448 0.000277104 -16228.1 -15327.6 -16065.2
  100 99.5 0.628136 0.000272628 -16051.4 -15618.7 -16295.5
  101 100.5 0.625664 0.000271556 -16060.9 -15894.5 -16247
  102 101.5 0.632904 0.000274698 -15679.3 -16667.6 -16270
  103 102.5 0.628952 0.000272983 -15419.8 -16690.6 -16341.5
  104 103.5 0.626336 0.000271847 -15581.6 -16474.4 -16255.3
  105 104.5 0.616472 0.000267566 -16171.9 -16395 -16633
  106 105.5 0.617464 0.000267997 -15782.1 -16847.1 -16604.9
  107 106.5 0.608616 0.000264156 -15793.6 -16799 -16808.8
  108 107.5 0.611592 0.000265448 -16009.4 -15745.3 -16632.6
  109 108.5 0.614512 0.000266715 -16248.6 -15953.6 -16625.3
  110 109.5 0.611776 0.000265528 -16351.1 -16180.7 -16705
  111 110.5 0.60296 0.000261701 -16408.8 -16730 -17107.9
  112 111.5 0.607864 0.00026383 -16232.3 -16522.3 -16889.3
  113 112.5 0.626488 0.000271913 -15519.3 -16577.2 -16347.8
  114 113.5 0.62332 0.000270538 -16068.4 -15935.7 -16245.8
  115 114.5 0.605008 0.00026259 -16168.6 -16390.8 -16880.8
  116 115.5 0.605456 0.000262785 -16261.8 -16321.7 -17058.4
  117 116.5 0.601832 0.000261212 -16682.8 -15937.7 -17025
  118 117.5 0.607912 0.000263851 -16147.8 -16463.4 -16802.8
  119 118.5 0.606672 0.000263312 -16235.7 -16297.4 -16911.2
  120 119.5 0.623984 0.000270826 -15984.9 -16568.6 -16401.8
  121 120.5 0.616832 0.000267722 -15927.8 -16167.7 -16587.8
  122 121.5 0.607456 0.000263653 -15879.1 -15728.4 -16830.1
  123 122.5 0.61116 0.00026526 -15818.2 -15668.7 -16729
  124 123.5 0.614752 0.000266819 -15764.2 -15827.9 -16632.2
  125 124.5 0.610152 0.000264823 -15749 -16254.7 -16750.4
  126 125.5 0.607864 0.00026383 -15769.1 -16263.2 -16932.3
  127 126.5 0.613336 0.000266205 -15905.1 -16134.6 -16613
  128 127.5 0.613712 0.000266368 -16001.2 -16164.1 -16652.9
  129 128.5 0.614016 0.0002665 -15802.7 -16137.2 -16711.7
  130 129.5 0.616968 0.000267781 -15583 -15697.5 -16653.2
  131 130.5 0.621136 0.00026959 -15124.4 -15403.8 -16422.7
  132 131.5 0.621216 0.000269625 -15361.3 -15591.6 -16478.1
  133 132.5 0.620176 0.000269174 -16022.7 -15825 -16586.6
  134 133.5 0.616224 0.000267458 -15567.3 -16325.8 -16715.6
  135 134.5 0.635944 0.000276017 -15910.4 -15736.8 -15965.8
  136 135.5 0.623112 0.000270448 -15961.1 -15986.7 -16390.7
  137 136.5 0.630736 0.000273757 -15701.8 -16600.6 -16171.5
  138 137.5 0.614072 0.000266524 -16131.3 -16905.2 -16758.3
  139 138.5 0.614472 0.000266698 -16450.5 -16568.4 -16554.8
  140 139.5 0.612744 0.000265948 -16034.1 -16237.9 -16676.1
  141 140.5 0.623304 0.000270531 -16454.6 -16051.7 -16533.9
  142 141.5 0.628344 0.000272719 -15976.9 -16310.6 -16210.3
  143 142.5 0.620472 0.000269302 -16074.1 -16201.2 -16504.2
  144 143.5 0.627168 0.000272208 -16203.3 -16146.3 -16409.4
  145 144.5 0.6284 0.000272743 -16338.6 -16308.4 -16290.7
  146 145.5 0.628568 0.000272816 -15999.3 -15942.3 -16182.6
  147 146.5 0.641704 0.000278517 -16125 -15998.8 -15870.5
  148 147.5 0.632896 0.000274694 -16412.7 -16725.9 -16199.6
  149 148.5 0.6302 0.000273524 -16158.9 -15827.4 -16223.8
  150 149.5 0.625184 0.000271347 -16411.6 -15942.4 -16480
  151 150.5 0.630576 0.000273688 -16192.5 -15841.1 -16361.7
  152 151.5 0.634816 0.000275528 -16288.9 -15995.9 -15961.7
  153 152.5 0.642704 0.000278951 -16747.4 -15847.8 -15906.6
  154 153.5 0.634536 0.000275406 -16171.2 -16109 -16055.1
  155 154.5 0.629104 0.000273049 -15941.6 -16239.4 -16337.1
  156 155.5 0.631664 0.00027416 -16345.1 -16045.8 -16073.7
  157 156.5 0.63176 0.000274201 -15984.9 -15858.2 -16274.6
  158 157.5 0.636848 0.00027641 -15834.3 -15699.6 -16053.4
  159 158.5 0.636544 0.000276278 -15615.9 -15670.5 -16072.1
  160 159.5 0.638312 0.000277045 -16364.3 -15749.8 -16056.1
  161 160.5 0.644208 0.000279604 -16312.2 -15159.8 -15823.3
  162 161.5 0.640232 0.000277878 -16565.7 -15472.1 -16148.5
  163 162.5 0.629104 0.000273049 -16130 -15524.8 -16151.1
  164 163.5 0.626544 0.000271937 -15930.3 -15353.2 -16327.2
  165 164.5 0.633368 0.000274899 -15984.4 -16067.3 -16214.6
  166 165.5 0.631752 0.000274198 -15973.7 -15901.4 -16195.4
  167 166.5 0.623248 0.000270507 -16170.4 -15928.5 -16360
  168 167.5 0.632376 0.000274469 -16257.5 -16632.3 -16155.5
  169 168.5 0.637944 0.000276885 -16596.8 -16656.9 -16063.1
  170 169.5 0.626424 0.000271885 -16374.7 -16427.9 -16374.7
  171 170.5 0.630656 0.000273722 -16528.9 -16484.7 -16224.9
  172 171.5 0.626504 0.00027192 -16657.3 -16704.4 -16329.8
  173 172.5 0.62672 0.000272014 -16011.2 -16300.9 -16253
  174 173.5 0.628232 0.00027267 -15545 -16464.9 -16309.8
  175 174.5 0.617736 0.000268115 -15407.7 -16358 -16557.4
  176 175.5 0.628952 0.000272983 -15861.8 -16619.9 -16249.6
  177 176.5 0.625928 0.00027167 -15830.8 -16799.9 -16371.9
  178 177.5 0.626552 0.000271941 -15936.1 -16516.6 -16422.8
  179 178.5 0.625904 0.00027166 -15589.3 -16971.8 -16221.1
  180 179.5 0.620664 0.000269385 -15271 -16598.9 -16333.6
  181 180.5 0.629416 0.000273184 -15176.1 -16425.5 -16279.2
  182 181.5 0.623392 0.000270569 -15719.1 -16564.2 -16645.7
  183 182.5 0.640248 0.000277885 -15625.2 -16938.9 -15856.3
  184 183.5 0.628504 0.000272788 -15676.7 -16856 -16285.5
  185 184.5 0.63636 0.000276198 -15966.9 -16181.8 -16020.9
  186 185.5 0.64092 0.000278177 -15391.4 -16076.2 -15915.3
  187 186.5 0.638672 0.000277201 -15627.1 -16363.7 -16079.4
  188 187.5 0.646808 0.000280733 -15459.6 -16841.7 -15813
  189 188.5 0.636328 0.000276184 -15677 -16824.1 -16101.1
  190 189.5 0.644344 0.000279663 -15692.7 -16455.8 -15897.6
  191 190.5 0.66032 0.000286597 -16001.9 -16324.1 -15547.3
  192 191.5 0.656296 0.000284851 -15671.7 -16248.7 -15586.1
  193 192.5 0.6566 0.000284983 -15562.1 -16694.9 -15536.9
  194 193.5 0.657488 0.000285368 -15451.5 -15780.8 -15545.9
  195 194.5 0.659984 0.000286451 -15369.9 -15973.5 -15627.9
  196 195.5 0.653872 0.000283799 -15604.5 -15988.6 -15519.4
  197 196.5 0.657712 0.000285465 -15809.1 -16005.9 -15653
  198 197.5 0.658768 0.000285924 -15619.1 -16020.4 -15615.9
  199 198.5 0.660688 0.000286757 -15181.9 -16018.2 -15334.5
  200 199.5 0.645936 0.000280354 -15787.2 -15957.2 -15873.8
  201 200.5 0.658136 0.000285649 -15736.3 -15786.6 -15566
  202 201.5 0.648976 0.000281674 -15498.7 -15863.9 -15712.7
  203 202.5 0.657976 0.00028558 -15829.7 -15949.5 -15536
  204 203.5 0.645768 0.000280281 -16063.4 -16202.7 -16064.1
  205 204.5 0.651064 0.00028258 -16035.3 -16243.1 -15561.3
  206 205.5 0.653672 0.000283712 -15841 -16378.1 -15594.5
  207 206.5 0.646376 0.000280545 -15950.5 -15834.5 -15793.6
  208 207.5 0.660056 0.000286483 -16223.9 -16081.6 -15384.9
  209 208.5 0.660792 0.000286802 -16277.3 -16917.1 -15341.3
  210 209.5 0.655944 0.000284698 -15760.5 -16848.5 -15423.1
  211 210.5 0.662632 0.000287601 -15467.1 -16353.9 -15117.3
  212 211.5 0.66612 0.000289115 -15612.8 -16092 -15016
  213 212.5 0.672456 0.000291865 -15613.9 -15993.2 -14841.3
  214 213.5 0.682712 0.000296316 -15541.8 -15349.7 -14203.3
  215 214.5 0.683304 0.000296573 -15459.3 -15323.5 -13938.5
  216 215.5 0.698936 0.000303358 -15129.3 -15261.6 -13234.8
  217 216.5 0.74116 0.000321684 -14402.3 -14850.8 -12059.1
  218 217.5 0.797584 0.000346174 -13637.3 -14059.1 -9959.66
  219 218.5 0.891472 0.000386924 -12844.3 -13146.4 -7537.97
  220 219.5 1.02017 0.000442781 -11703.7 -11747.4 -5018.93
  221 220.5 1.25782 0.000545927 -9733.39 -9937.65 -1242.85
  222 221.5 1.63737 0.000710663 -7329.91 -7296.03 2186.53
  223 222.5 2.25746 0.000979802 -4165.02 -4311.76 5582.85
  224 223.5 3.2605 0.00141515 -1217.07 -1110.8 7529.87
  225 224.5 4.77897 0.0020742 1656.51 1728.34 9020.67
  226 225.5 6.98761 0.00303282 4271.29 4364.61 9460.08
  227 226.5 9.84049 0.00427105 6485.75 6628.27 9148.3
  228 227.5 13.4262 0.00582736 8409.64 8463.26 8415.05
  229 228.5 17.3359 0.00752426 9967.96 9950.51 7413.08
  230 229.5 21.2906 0.00924069 11338 11223.1 6236.74
  231 230.5 24.8583 0.0107892 12378.7 12219.2 5066.08
  232 231.5 27.9575 0.0121343 13113.4 13104.6 3706.3
  233 232.5 30.5563 0.0132623 13669.4 13700 2565.75
  234 233.5 32.6412 0.0141672 13669.1 13380.1 1116.21
  235 234.5 34.1588 0.0148259 12664.5 12501.3 -462.734
  236 235.5 35.3092 0.0153252 11396 11377.7 -1775.59
  237 236.5 36.3007 0.0157555 9511.95 9425.39 -2826.17
  238 237.5 36.9548 0.0160394 7435.06 7452.69 -3583.61
  239 238.5 37.3195 0.0161977 5572.61 5569.96 -3993.25
  240 239.5 37.651 0.0163416 4091.16 3983.75 -3645.14
  241 240.5 37.9332 0.016464 2814.32 2811.58 -3357.9
  242 241.5 38.069 0.016523 2116.67 2007.64 -2809.11
  243 242.5 38.0827 0.016529 1476.45 1268.05 -2341.45
  244 243.5 38.2656 0.0166083 892.994 648.271 -2082.88
  245 244.5 38.306 0.0166259 633.454 621.412 -1645.79
  246 245.5 38.2536 0.0166031 395.418 273.38 -1292.41
  247 246.5 38.3057 0.0166257 266.575 74.8413 -1150.07
  248 247.5 38.4029 0.0166679 110.886 124.012 -688.266
  249 248.5 38.3894 0.016662 -102.951 -96.7203 -834.992
  250 249.5 38.3516 0.0166456 -179.609 -121.195 -693.495
  251 250.5 38.3327 0.0166375 -61.2672 -154.893 -455.172
  252 251.5 38.4634 0.0166942 6.3244 -258.75 -215.225
  253 252.5 38.3975 0.0166656 -53.8568 -309.175 -402.675
  254 253.5 38.2807 0.0166149 -281.877 -215.782 -440.459
  255 254.5 38.4386 0.0166834 -102.28 -125.241 -303.725
  256 255.5 38.4296 0.0166795 -234.435 -319.899 -279.843
  257 256.5 38.3003 0.0166234 -383.594 -335.367 -183.299
  258 257.5 38.4315 0.0166803 -405.378 -456.848 -378.303
  259 258.5 38.4495 0.0166882 -371.435 -362.267 -411.567
  260 259.5 38.3 0.0166233 -407.252 -246.568 -126.39
  261 260.5 38.4081 0.0166702 -686.028 -271.242 -181.529
  262 261.5 38.4547 0.0166904 -417.376 -168.737 -294.534
  263 262.5 38.3587 0.0166487 -619.045 -204.664 -430.69
  264 263.5 38.3508 0.0166453 -350.012 -385.077 -100.301
  265 264.5 38.477 0.0167001 -340.081 -285.773 -221.503
  266 265.5 38.4079 0.0166701 -191.957 -276.062 -272.395
  267 266.5 38.3128 0.0166288 -167.302 -529.817 -325.268
  268 267.5 38.4387 0.0166835 -84.2314 -396.902 -217.453
  269 268.5 38.4299 0.0166797 -332.571 -567.547 -247.69
  270 269.5 38.3857 0.0166605 -188.963 -390.346 -243.506
  271 270.5 38.3418 0.0166414 -164.434 -225.142 -246.539
  272 271.5 38.4184 0.0166746 32.6738 -224.568 -247.54
  273 272.5 38.3719 0.0166545 -94.4106 -433.488 -344.643
  274 273.5 38.3764 0.0166564 -205.222 -185.219 -204.022
  275 274.5 38.364 0.016651 -361.813 -333.678 -344.247
  276 275.5 38.44 0.016684 -265.883 -227.743 -135.642
  277 276.5 38.3598 0.0166492 -136.163 -174.97 -208.158
  278 277.5 38.368 0.0166528 -258.432 -308.043 -289.643
  279 278.5 38.3853 0.0166603 -208.879 -148.792 -361.279
  280 279.5 38.3824 0.016659 -391.613 -386.377 -255.975
  281 280.5 38.4107 0.0166713 -539.759 -420.317 -114.063
  282 281.5 38.3622 0.0166503 -490.075 -246.519 -166.334
  283 282.5 38.392 0.0166632 -258.003 -404.426 -545.26
  284 283.5 38.3484 0.0166443 -250.204 -194.088 -179.202
  285 284.5 38.4109 0.0166714 -377.604 -231.76 -138.449
  286 285.5 38.407 0.0166697 -408.057 -246.817 -221.723
  287 286.5 38.3064 0.0166261 -300.705 -416.137 -349.854
  288 287.5 38.3939 0.016664 -241.252 -207.349 -168.511
  289 288.5 38.4267 0.0166783 -303.813 -155.205 -265.797
  290 289.5 38.2814 0.0166152 -101.981 -285.906 -238.748
  291 290.5 38.4034 0.0166681 -15.9442 -138.936 -195.223
  292 291.5 38.3841 0.0166598 -74.5037 -4.587 -360.255
  293 292.5 38.331 0.0166367 -128.76 -187.771 -136.326
  294 293.5 38.4162 0.0166737 -400.364 -134.749 -49.806
  295 294.5 38.403 0.016668 -650.672 -457.786 -467.273
  296 295.5 38.3643 0.0166512 -416.198 -311.898 -239.145
  297 296.5 38.3544 0.0166469 -257.254 -112.673 -314.289
  298 297.5 38.4673 0.0166959 -141.013 -163.265 -254.454
  299 298.5 38.411 0.0166715 -133.514 -83.5591 -119.633
  300 299.5 38.3099 0.0166276 -150.402 -220.475 -358.943
  301 300.5 38.4367 0.0166826 -295.535 -323.536 -163.256
  302 301.5 38.4433 0.0166855 -527.923 -543.868 -399.92
  303 302.5 38.3507 0.0166453 -344.585 -575.381 -185.947
  304 303.5 38.3863 0.0166607 -414.596 -352.923 -364.451
  305 304.5 38.5026 0.0167112 -66.7429 -375.51 -165.526
  306 305.5 38.3365 0.0166391 -244.675 -36.6481 -218.771
  307 306.5 38.3755 0.016656 -177.048 -134.43 -311.362
  308 307.5 38.4475 0.0166873 -181.573 -147.476 -285.283
  309 308.5 38.3936 0.0166639 -209.443 -341.856 -261.398
  310 309.5 38.32 0.016632 -245.624 -62.8166 -275.594
  311 310.5 38.4939 0.0167074 -143.533 52.8044 -138.116
  312 311.5 38.384 0.0166597 -356.882 -236.132 -417.08
  313 312.5 38.2897 0.0166188 -314.858 -244.845 -216.741
  314 313.5 38.4335 0.0166812 -235.423 -142.617 -335.614
  315 314.5 38.5063 0.0167128 -338.744 -193.915 -199.663
  316 315.5 38.2649 0.016608 -306.053 -520.976 -200.079
  317 316.5 38.3907 0.0166626 -373.282 -317.125 -280.158
  318 317.5 38.4496 0.0166882 -223.607 -157.948 -213.917
  319 318.5 38.3736 0.0166552 -255.02 -165.143 -157.371
  320 319.5 38.313 0.0166289 -180.241 -290.004 -271.285
  321 320.5 38.419 0.0166749 -324.837 -497.228 -395.256
  322 321.5 38.4169 0.016674 -385.499 -467.107 -266.756
  323 322.5 38.3448 0.0166427 -325.329 -471.161 -111.688
  324 323.5 38.4451 0.0166862 -276.528 -209.08 -238.463
  325 324.5 38.3409 0.016641 -408.448 -342.681 -505.198
  326 325.5 38.3446 0.0166426 -217.739 -171.111 -106.115
  327 326.5 38.3822 0.0166589 -192.199 -166.669 -92.6677
  328 327.5 38.4523 0.0166894 -125.241 -42.4724 -265.371
  329 328.5 38.2602 0.016606 -65.134 -287.712 -447.351
  330 329.5 38.3491 0.0166446 -187.505 -231.67 -218.077
  331 330.5 38.4507 0.0166887 -288.328 -118.356 -114.975
  332 331.5 38.3653 0.0166516 -463.594 -563.623 -289.099
  333 332.5 38.2509 0.0166019 -299.338 -421.994 -244.193
  334 333.5 38.3828 0.0166592 -374.752 -361.702 -463.093
  335 334.5 38.3925 0.0166634 -17.8259 -151.622 -83.9729
  336 335.5 38.3004 0.0166235 -206.281 -382.689 -212.249
  337 336.5 38.3331 0.0166376 -105.179 -377.329 -241.411
  338 337.5 38.4096 0.0166708 -68.0684 -531.943 -289.294
  339 338.5 38.3306 0.0166365 -198.68 -378.225 -236.278
  340 339.5 38.3267 0.0166349 -97.6882 -131.89 -232.444
  341 340.5 38.3547 0.016647 18.9167 2.95306 -326.66
  342 341.5 38.3554 0.0166473 -231.279 -123.013 -286.107
  343 342.5 38.3 0.0166233 -202.684 -21.2364 -140.966
  344 343.5 38.3773 0.0166568 -34.8595 -0.0621163 -133.453
  345 344.5 38.3586 0.0166487 -183.426 -216.748 -452.351
  346 345.5 38.3235 0.0166335 -88.1808 -200.612 -160.997
  347 346.5 38.3677 0.0166526 -363.778 -368.903 -290.15
  348 347.5 38.3351 0.0166385 -141.335 -518.19 -115.149
  349 348.5 38.3639 0.016651 -159.122 -562.482 -375.373
  350 349.5 38.3147 0.0166296 -77.6508 -359.775 -408.821
  351 350.5 38.3727 0.0166548 46.5445 -206.815 -120.067
  352 351.5 38.2799 0.0166145 -30.1068 -149.045 -79.9379
  353 352.5 38.4234 0.0166768 -205.085 -299.394 -450.553
  354 353.5 38.3158 0.0166301 -122.24 -244.067 -172.096
  355 354.5 38.2978 0.0166223 -479.552 -357.706 -227.628
  356 355.5 38.4393 0.0166837 -455.64 -392.062 -150.034
  357 356.5 38.3409 0.016641 -377.101 -390.842 -471.735
  358 357.5 38.2568 0.0166045 -438.976 -416.567 -295.88
  359 358.5 38.4259 0.0166779 -51.1362 -237.701 -127.603
  360 359.5 38.3899 0.0166623 -210.702 -414.859 -197.092
  361 360.5 38.2785 0.0166139 -268.683 -180.092 -322.584
  362 361.5 38.3323 0.0166373 -61.0995 -267.481 -266.229
  363 362.5 38.3892 0.016662 -225.237 -312.949 -281.024
  364 363.5 38.4144 0.0166729 -124.253 -341.98 -39.3765
  365 364.5 38.2695 0.01661 -156.265 -186.825 -440.409
  366 365.5 38.3532 0.0166464 -388.897 -160.822 -258.789
  367 366.5 38.323 0.0166332 -264.536 -311.924 -319.991
  368 367.5 38.3967 0.0166652 -137.052 99.3501 -152.178
  369 368.5 38.2803 0.0166147 -103.256 -132.738 -230.523
  370 369.5 38.3639 0.016651 -293.014 -176.591 -339.238
  371 370.5 38.4055 0.0166691 -272.316 -110.003 -292.204
  372 371.5 38.3165 0.0166304 -80.2556 -291.511 -388.082
  373 372.5 38.2797 0.0166145 -287.185 -245.527 -391.948
  374 373.5 38.4197 0.0166752 -133.709 -345.957 -532.817
  375 374.5 38.3684 0.016653 -133.867 -178.514 -355.885
  376 375.5 38.2388 0.0165967 -87.9395 -18.6148 -693.059
  377 376.5 38.3504 0.0166451 82.4183 145.448 -875.153
  378 377.5 38.3803 0.0166581 250.566 220.935 -849.687
  379 378.5 38.2728 0.0166114 429.197 228.892 -966.577
  380 379.5 38.212 0.0165851 185.138 287.636 -1369.28
  381 380.5 38.268 0.0166094 820.636 864.095 -1666.67
  382 381.5 38.1928 0.0165767 1183.5 1211 -1674.45
  383 382.5 38.0148 0.0164995 1799.61 1607.6 -2076.95
  384 383.5 37.9887 0.0164882 2455.39 2236.42 -2351.11
  385 384.5 37.7675 0.0163922 3346.65 3282.74 -2490.36
  386 385.5 37.4455 0.0162524 4636.95 4439.75 -2039.84
  387 386.5 37.1416 0.0161205 5946.08 5772.9 -1504.27
  388 387.5 36.7116 0.0159339 7241.76 7134.17 -177.783
  389 388.5 35.9366 0.0155975 7549.96 7564.57 882.693
  390 389.5 35.344 0.0153403 7525.86 7495.56 2208.24
  391 390.5 34.5397 0.0149912 6423.59 6259.11 2752.63
  392 391.5 33.9527 0.0147364 4841.13 4646.47 3301.74
  393 392.5 33.3795 0.0144876 3218.65 3151.03 2620.33
  394 393.5 33.1415 0.0143843 1911.56 1826.14 2200.7
  395 394.5 33.0926 0.0143631 1180.33 1458.26 1480.61
  396 395.5 33.0378 0.0143393 824.655 825.836 860.793
  397 396.5 33.1996 0.0144096 626.102 608.715 374.648
  398 397.5 33.2282 0.014422 406.2 360.357 22.9068
  399 398.5 33.2964 0.0144516 317.712 303.051 -293.499
  400 399.5 33.4068 0.0144995 137.267 151.092 -458.408
  401 400.5 33.4235 0.0145067 98.0486 66.8945 -414.473
  402 401.5 33.5052 0.0145422 60.5154 -13.3129 -407.393
  403 402.5 33.5137 0.0145459 -126.316 -204.292 -530.722
  404 403.5 33.5432 0.0145587 -129.607 -152.805 -432.152
  405 404.5 33.5806 0.0145749 -231.012 -212.998 -499.722
  406 405.5 33.5775 0.0145735 -112.972 -298.569 -245.791
  407 406.5 33.5585 0.0145653 -322.607 -397.494 -392.394
  408 407.5 33.5725 0.0145714 -495.599 -435.806 -438.553
  409 408.5 33.6083 0.014587 -437.735 -235.845 -355.729
  410 409.5 33.531 0.0145534 -561.684 -301.78 -447.768
  411 410.5 33.5767 0.0145732 -380.717 -250.081 -225.285
  412 411.5 33.6053 0.0145856 -304.818 -277.334 -226.123
  413 412.5 33.6273 0.0145952 -238.536 -403.666 -393.335
  414 413.5 33.4542 0.01452 -338.642 -168.327 -420.969
  415 414.5 33.6075 0.0145866 -246.619 -100.884 -315.195
  416 415.5 33.5849 0.0145768 -123.492 -157.268 -161.663
  417 416.5 33.5747 0.0145724 -247.305 -220.769 -321.484
  418 417.5 33.5709 0.0145707 -311.006 -296.167 -323.46
  419 418.5 33.5951 0.0145812 -333.767 -294.434 -262.261
  420 419.5 33.6164 0.0145905 -379.685 -302.88 -267.95
  421 420.5 33.5547 0.0145637 -301.644 -336.51 -363.437
  422 421.5 33.5357 0.0145554 -355.183 -381.531 -387.198
  423 422.5 33.6047 0.0145854 -235.901 -261.469 -191.169
  424 423.5 33.6117 0.0145884 -339.261 -333.939 -210.698
  425 424.5 33.5395 0.0145571 -353.662 -448.795 -434.343
  426 425.5 33.5483 0.0145609 -213.469 -387.449 -257.185
  427 426.5 33.5744 0.0145722 -318.359 -169.531 -272.375
  428 427.5 33.5372 0.0145561 -357.735 -267.678 -305.676
  429 428.5 33.5848 0.0145767 -236.658 -197.323 -287.046
  430 429.5 33.5363 0.0145557 -265.586 -280.172 -296.028
  431 430.5 33.5589 0.0145655 -306.343 -229.43 -238.581
  432 431.5 33.5928 0.0145802 -327.175 -314.682 -412.344
  433 432.5 33.5588 0.0145655 -383.347 -267.456 -195.477
  434 433.5 33.5699 0.0145703 -470.226 -408.664 -240.62
  435 434.5 33.5791 0.0145743 -368.214 -333.851 -376.6
  436 435.5 33.5845 0.0145766 -330.476 -445.249 -284.823
  437 436.5 33.5143 0.0145461 -361.64 -272.762 -317.328
  438 437.5 33.5886 0.0145784 -519.406 -332.769 -278.501
  439 438.5 33.6383 0.0145999 -279.041 -186.832 -305.351
  440 439.5 33.5294 0.0145527 -262.653 -406.883 -343.9
  441 440.5 33.5401 0.0145573 -169.006 -331.887 -254.035
  442 441.5 33.6014 0.0145839 -102.378 -160.794 -276.814
  443 442.5 33.5734 0.0145718 -277.821 -352.988 -292.719
  444 443.5 33.511 0.0145447 -294.139 -235.115 -282.157
  445 444.5 33.5859 0.0145772 -354.506 -237.375 -366.219
  446 445.5 33.5933 0.0145804 -429.95 -302.32 -291.887
  447 446.5 33.534 0.0145547 -395.064 -391.67 -243.456
  448 447.5 33.5903 0.0145791 -479.046 -365.339 -311.925
  449 448.5 33.59 0.014579 -385.535 -341.518 -266.655
  450 449.5 33.5445 0.0145592 -295.749 -296.863 -372.986
  451 450.5 33.5631 0.0145673 -358.352 -255.533 -334.584
  452 451.5 33.6517 0.0146058 -238.634 -208.89 -252.806
  453 452.5 33.5468 0.0145603 -272.432 -147.223 -232.53
  454 453.5 33.5544 0.0145635 -305.146 -139.517 -273.475
  455 454.5 33.6142 0.0145895 -293.623 -260.544 -315.185
  456 455.5 33.5785 0.014574 -402.025 -231.145 -328.823
  457 456.5 33.5077 0.0145433 -198.608 -257.913 -359.733
  458 457.5 33.5693 0.01457 -123.803 -53.7698 -237.95
  459 458.5 33.5953 0.0145813 -195.495 -309.469 -292.362
  460 459.5 33.5336 0.0145545 -227.444 -365.278 -330.285
  461 460.5 33.5578 0.014565 -302.49 -356.403 -290.633
  462 461.5 33.6082 0.0145869 -59.7653 -375.496 -283.803
  463 462.5 33.5952 0.0145813 -162.474 -127.254 -295.179
  464 463.5 33.5312 0.0145535 -198.769 -128.198 -269.209
  465 464.5 33.5761 0.014573 -322.28 -232.611 -316.966
  466 465.5 33.6255 0.0145944 -361.854 -303.781 -321.602
  467 466.5 33.5876 0.0145779 -343.158 -364.938 -253.352
  468 467.5 33.56 0.014566 -240.544 -277.372 -357.838
  469 468.5 33.5689 0.0145699 -426.666 -375.866 -242.451
  470 469.5 33.6309 0.0145967 -334.512 -395.648 -270.002
  471 470.5 33.6208 0.0145924 -444.094 -368.196 -359.869
  472 471.5 33.5398 0.0145572 -226.316 -397.259 -411.288
  473 472.5 33.5636 0.0145676 -248.018 -333.401 -252.103
  474 473.5 33.6564 0.0146078 -214.414 -354.242 -208.974
  475 474.5 33.6051 0.0145855 -154.746 -376 -278.067
  476 475.5 33.5227 0.0145498 -85.735 -131.72 -250.084
  477 476.5 33.573 0.0145716 -149.883 -141.83 -395.973
  478 477.5 33.5776 0.0145736 -20.9104 -236.417 -289.894
  479 478.5 33.5649 0.0145681 -354.77 -437.517 -318.165
  480 479.5 33.5879 0.0145781 -231.424 -343.41 -404.066
67500000 480 11610.000000000005
  1 0.5 33.5796 0.0145745 -363.883 -288.917 -373.236
  2 1.5 33.5966 0.0145819 -291.206 -173.729 -219.184
  3 2.5 33.5823 0.0145757 -290.443 -339.578 -358.026
  4 3.5 33.6349 0.0145985 -366.182 -410.411 -280.856
  5 4.5 33.5371 0.014556 -372.656 -257.913 -228.06
  6 5.5 33.5271 0.0145517 -216.11 -447.527 -382.213
  7 6.5 33.6142 0.0145895 -293.571 -411.147 -229.8
  8 7.5 33.5594 0.0145657 -458.888 -336.653 -297.9
  9 8.5 33.5413 0.0145578 -609.844 -469.413 -380.655
  10 9.5 33.5557 0.0145641 -583.386 -332.405 -273.875
  11 10.5 33.6079 0.0145867 -265.511 -332.972 -241.942
  12 11.5 33.5 0.0145399 -346.456 -382.787 -289.391
  13 12.5 33.5655 0.0145684 -331.516 -321.586 -253.362
  14 13.5 33.6007 0.0145836 -586.666 -381.775 -324.891
  15 14.5 33.5667 0.0145689 -200.899 -277.445 -332.742
  16 15.5 33.4978 0.014539 -228.323 -129.558 -200.101
  17 16.5 33.6018 0.0145841 -431.124 -345.848 -355.475
  18 17.5 33.5886 0.0145784 -179.255 -182.941 -165.782
  19 18.5 33.507 0.014543 -362.758 -388.498 -431.767
  20 19.5 33.5397 0.0145572 -270.77 -256.248 -215.034
  21 20.5 33.6181 0.0145912 -336.348 -303.669 -361.252
  22 21.5 33.5536 0.0145632 -315.86 -347.407 -227.445
  23 22.5 33.5063 0.0145427 -318.531 -217.858 -260.672
  24 23.5 33.5833 0.0145761 -368.997 -327.7 -414.14
  25 24.5 33.6055 0.0145857 -368.257 -296.942 -165.18
  26 25.5 33.5036 0.0145415 -148.336 -385.727 -394.772
  27 26.5 33.5495 0.0145614 -365.519 -389.818 -224.164
  28 27.5 33.6123 0.0145887 -182.387 -288.275 -277.918
  29 28.5 33.5441 0.0145591 -276.738 -249.278 -320.379
  30 29.5 33.538 0.0145564 -328.567 -264.273 -261.583
  31 30.5 33.5835 0.0145762 -211.748 -45.3954 -376.47
  32 31.5 33.6102 0.0145877 -154.103 -192.978 -195.886
  33 32.5 33.5366 0.0145558 -324.989 -176.276 -344.249
  34 33.5 33.5366 0.0145558 -285.831 -178.974 -297.957
  35 34.5 33.5787 0.0145741 -269.471 -292.899 -194.158
  36 35.5 33.5681 0.0145695 -426.355 -381.739 -401.55
  37 36.5 33.5891 0.0145786 -450.678 -348.866 -317.686
  38 37.5 33.5494 0.0145614 -428.549 -340.839 -280.063
  39 38.5 33.6238 0.0145937 -492.515 -437.407 -224.863
  40 39.5 33.6372 0.0145995 -185.315 -153.36 -362.677
  41 40.5 33.5383 0.0145565 -238.963 -224.947 -360.785
  42 41.5 33.5652 0.0145682 -211.208 -272.9 -240.134
  43 42.5 33.6474 0.0146039 -310.318 -147.813 -272.449
  44 43.5 33.5877 0.014578 -259.721 -162.924 -389.899
  45 44.5 33.5478 0.0145607 -385.705 -292.061 -317.358
  46 45.5 33.5812 0.0145752 -391.508 -237.116 -372.814
  47 46.5 33.6561 0.0146077 -336.286 -282.392 -244.282
  48 47.5 33.6156 0.0145901 -291.313 -181.452 -424.313
  49 48.5 33.5274 0.0145518 -224.463 -235.015 -439.051
  50 49.5 33.5438 0.0145589 -263.272 -127.423 -426.99
  51 50.5 33.6206 0.0145923 -187.67 37.353 -438.513
  52 51.5 33.5814 0.0145753 -284.49 -217.532 -633.798
  53 52.5 33.4774 0.0145301 -147.073 -45.3205 -566.918
  54 53.5 33.5797 0.0145745 -132.579 25.0054 -840.62
  55 54.5 33.534 0.0145547 66.7487 68.4936 -854.442
  56 55.5 33.4156 0.0145033 266.052 89.0516 -1032.66
  57 56.5 33.3777 0.0144868 449.327 154.076 -1275.2
  58 57.5 33.364 0.0144809 500.979 612.74 -1434.9
  59 58.5 33.1626 0.0143935 907.575 801.755 -1778.57
  60 59.5 33.0044 0.0143248 1268.7 1419.48 -1959.73
  61 60.5 32.8465 0.0142563 1786.4 1913.63 -2330.11
  62 61.5 32.4889 0.0141011 2392.24 2609.52 -2614.49
  63 62.5 31.9817 0.013881 3295.44 3488 -2744.38
  64 63.5 31.3851 0.013622 4329.68 4443.03 -2589.94
  65 64.5 30.5757 0.0132707 5543.92 5614.59 -2313.35
  66 65.5 29.2143 0.0126798 6762.64 6671.53 -1788.85
  67 66.5 27.5306 0.011949 7918.7 7918.27 -508.742
  68 67.5 25.1982 0.0109367 8839.08 8832.14 806.117
  69 68.5 22.4692 0.00975228 9322.51 9389.48 2376.45
  70 69.5 19.1617 0.00831672 9339.5 9430.85 4298.39
  71 70.5 15.5793 0.00676185 8811.4 8870.39 5823.46
  72 71.5 12.1637 0.00527937 7565.58 7884.59 7323.16
  73 72.5 9.00128 0.00390681 6309.78 6345.25 8515.98
  74 73.5 6.40978 0.00278202 4182.72 4301.41 8934
  75 74.5 4.42005 0.00191842 1507.59 1613.12 8672.39
  76 75.5 3.05907 0.00132772 -1514.83 -1347.08 7557.92
  77 76.5 2.12069 0.000920438 -4332.97 -4165.69 5519.42
  78 77.5 1.51474 0.000657438 -7176.99 -7226.88 1896.6
  79 78.5 1.15128 0.000499688 -9724.53 -9831.32 -2008.65
  80 79.5 0.946552 0.00041083 -11748.1 -11889.5 -5497.62
  81 80.5 0.809296 0.000351257 -13618.7 -13278.4 -8765.17
  82 81.5 0.734736 0.000318896 -14027.4 -14239.2 -11366.1
  83 82.5 0.705176 0.000306066 -14275.7 -15302.3 -12540.9
  84 83.5 0.676408 0.00029358 -15097.6 -15251.2 -13607.7
  85 84.5 0.646568 0.000280628 -15503.2 -15135.2 -14830.9
  86 85.5 0.647072 0.000280847 -15684 -15316.5 -14885.3
  87 86.5 0.645656 0.000280233 -15594.2 -15745.9 -15088.8
  88 87.5 0.637104 0.000276521 -15448 -15480.1 -15620.7
  89 88.5 0.633768 0.000275073 -15844.1 -15497.3 -15672.8
  90 89.5 0.640272 0.000277896 -15661.9 -15764.3 -15685.5
  91 90.5 0.6406 0.000278038 -15590.6 -16087.6 -15552
  92 91.5 0.627368 0.000272295 -15866.4 -16235.6 -16172.2
  93 92.5 0.629408 0.000273181 -16436 -16544.6 -16026.8
  94 93.5 0.622336 0.000270111 -16262.5 -16396 -16042.6
  95 94.5 0.624368 0.000270993 -15727.1 -16105 -16233.1
  96 95.5 0.634576 0.000275424 -16111 -15642.6 -15927.4
  97 96.5 0.623608 0.000270663 -15746.9 -15639.3 -16201.1
  98 97.5 0.633304 0.000274872 -15587.1 -15908.4 -16012.1
  99 98.5 0.621048 0.000269552 -15526.2 -15515.8 -16220.8
  100 99.5 0.61788 0.000268177 -16018.6 -15477.5 -16427.2
  101 100.5 0.62784 0.0002725 -16304.9 -16043.3 -16081.6
  102 101.5 0.640128 0.000277833 -15905.1 -15818 -15630.1
  103 102.5 0.631616 0.000274139 -15764.2 -15708.8 -15972.2
  104 103.5 0.638136 0.000276969 -15816.9 -16275.6 -15968.7
  105 104.5 0.633512 0.000274962 -16066.7 -15900.6 -15909
  106 105.5 0.638936 0.000277316 -16432.1 -16062.3 -15877.5
  107 106.5 0.636976 0.000276465 -15830.8 -15739 -15725.3
  108 107.5 0.633368 0.000274899 -15585.6 -15941.9 -15964.8
  109 108.5 0.62404 0.000270851 -15669.1 -15819.9 -16158
  110 109.5 0.623592 0.000270656 -15381.5 -15675.9 -16324.2
  111 110.5 0.630488 0.000273649 -15420.7 -15783.2 -16129.7
  112 111.5 0.637712 0.000276785 -15483.6 -15566.3 -15758.5
  113 112.5 0.644648 0.000279795 -15212.9 -15868.7 -15467.1
  114 113.5 0.645504 0.000280167 -15385.3 -16199.1 -15672.4
  115 114.5 0.649256 0.000281795 -15415.8 -15691.2 -15670.3
  116 115.5 0.635968 0.000276028 -15049.3 -15819.9 -15894.4
  117 116.5 0.638512 0.000277132 -15240 -15545.9 -15705.5
  118 117.5 0.644064 0.000279542 -15370.6 -15513 -15856.3
  119 118.5 0.639928 0.000277747 -15717.6 -15705.5 -15770.2
  120 119.5 0.653904 0.000283812 -15751.5 -15714.1 -15494.9
  121 120.5 0.652816 0.00028334 -16112 -15201.7 -15370.7
  122 121.5 0.652608 0.00028325 -15875.5 -15185.5 -15384.4
  123 122.5 0.649376 0.000281847 -16018 -15524.3 -15650.9
  124 123.5 0.65188 0.000282934 -15861.3 -15669.9 -15602.8
  125 124.5 0.655408 0.000284465 -15778 -15861.2 -15329.1
  126 125.5 0.649856 0.000282056 -15605.3 -15639.4 -15564.9
  127 126.5 0.654912 0.00028425 -15596.7 -16193.5 -15397.2
  128 127.5 0.637408 0.000276653 -15614.6 -16221.5 -15796.7
  129 128.5 0.630576 0.000273688 -16180.4 -15811.1 -16146.3
  130 129.5 0.629976 0.000273427 -16317.1 -15957.1 -15988.6
  131 130.5 0.64632 0.000280521 -16192 -15767.4 -15618.8
  132 131.5 0.638752 0.000277236 -16251.5 -16069.3 -15773.2
  133 132.5 0.627352 0.000272288 -16311.1 -15718.1 -16103.7
  134 133.5 0.633424 0.000274924 -16077.3 -15909 -16056.4
  135 134.5 0.643 0.00027908 -16083 -16213 -15686
  136 135.5 0.640424 0.000277962 -16121.7 -15925.3 -15759.5
  137 136.5 0.641008 0.000278215 -15955.6 -15355.4 -15681.2
  138 137.5 0.63476 0.000275503 -15878.4 -15287.6 -15857.2
  139 138.5 0.638432 0.000277097 -15773.8 -15505.4 -15875.3
  140 139.5 0.649408 0.000281861 -16003.5 -15508 -15653.3
  141 140.5 0.650696 0.00028242 -15799.3 -15626.9 -15527.9
  142 141.5 0.651048 0.000282573 -15687.4 -15018.7 -15615.7
  143 142.5 0.652984 0.000283413 -16137.5 -15428.6 -15434.8
  144 143.5 0.656856 0.000285094 -15864.4 -15529.2 -15357.1
  145 144.5 0.654944 0.000284264 -15807.2 -15772.7 -15448.1
  146 145.5 0.638888 0.000277295 -15981.1 -15995.5 -15762.2
  147 146.5 0.640272 0.000277896 -15857.3 -16129.9 -15786
  148 147.5 0.6432 0.000279167 -15977.3 -15933.7 -15770.7
  149 148.5 0.642032 0.00027866 -15894.1 -15578.7 -15854.4
  150 149.5 0.649616 0.000281951 -15304.6 -15642.9 -15568.4
  151 150.5 0.646928 0.000280785 -15625.4 -15638.7 -15590.3
  152 151.5 0.650056 0.000282142 -15657.5 -15452.2 -15454
  153 152.5 0.638864 0.000277285 -15766.4 -15402.9 -15982.7
  154 153.5 0.627696 0.000272438 -15470.5 -15518 -16021.8
  155 154.5 0.632968 0.000274726 -15610.3 -15417.9 -15890.9
  156 155.5 0.63636 0.000276198 -15597.1 -15670.8 -15914.2
  157 156.5 0.623944 0.000270809 -15676.8 -16057.6 -16225.6
  158 157.5 0.620752 0.000269424 -15550.9 -15655.1 -16208.9
  159 158.5 0.614808 0.000266844 -15847.5 -15435.7 -16495.9
  160 159.5 0.623832 0.00027076 -15792 -15702.1 -16234.9
  161 160.5 0.63464 0.000275451 -15556.9 -15678 -15879.7
  162 161.5 0.627296 0.000272264 -15628.5 -15904.3 -16186.1
  163 162.5 0.625696 0.000271569 -15759.7 -15470.4 -16188.7
  164 163.5 0.639648 0.000277625 -15828.8 -15385.3 -15697
  165 164.5 0.629296 0.000273132 -15744.2 -15848.9 -16096.2
  166 165.5 0.62092 0.000269497 -15575.5 -15314.9 -16263.9
  167 166.5 0.6108 0.000265104 -16002.9 -15680.1 -16573.7
  168 167.5 0.616536 0.000267594 -15920.5 -15910.2 -16519.2
  169 168.5 0.622568 0.000270212 -16057.2 -16068.9 -16180.2
  170 169.5 0.622288 0.00027009 -16090.5 -16516.1 -16254.5
  171 170.5 0.625624 0.000271538 -15700.2 -16175.2 -16119.5
  172 171.5 0.626064 0.000271729 -16356.8 -16199.5 -16112.1
  173 172.5 0.628904 0.000272962 -15831.3 -16478.8 -16190.1
  174 173.5 0.631472 0.000274076 -16059.2 -16547.6 -15972.9
  175 174.5 0.632112 0.000274354 -15796.1 -16227.7 -16028.9
  176 175.5 0.635872 0.000275986 -16266.3 -16062.6 -15813.8
  177 176.5 0.629168 0.000273076 -16317.5 -16409.2 -16003.5
  178 177.5 0.64144 0.000278403 -16112.9 -16203.1 -15823.9
  179 178.5 0.621616 0.000269799 -16503.2 -15574.7 -16303.7
  180 179.5 0.615944 0.000267337 -15650.3 -15659.4 -16390.1
  181 180.5 0.621864 0.000269906 -15508.6 -15884.3 -16311.2
  182 181.5 0.632232 0.000274406 -15654.2 -15875 -16038.5
  183 182.5 0.629088 0.000273042 -15942.6 -16270.4 -16065
  184 183.5 0.622568 0.000270212 -16190.3 -16260.7 -16204.9
  185 184.5 0.62624 0.000271806 -16338.7 -15984.4 -16238.6
  186 185.5 0.615368 0.000267087 -16508.6 -16385.6 -16420.1
  187 186.5 0.618496 0.000268444 -16449.2 -16193 -16220.9
  188 187.5 0.631312 0.000274007 -16493.3 -16171.8 -16036.8
  189 188.5 0.626136 0.00027176 -16468.6 -16218.8 -16215.7
  190 189.5 0.634096 0.000275215 -16435.6 -15843.5 -15843.4
  191 190.5 0.642736 0.000278965 -16109.6 -15556.8 -15835.3
  192 191.5 0.63164 0.000274149 -16664.8 -16043.5 -15928.8
  193 192.5 0.626152 0.000271767 -15788 -15837 -16187.2
  194 193.5 0.644896 0.000279903 -15881.9 -15175.3 -15756.7
  195 194.5 0.638216 0.000277003 -15302.7 -15431.6 -15920
  196 195.5 0.645568 0.000280194 -15578.9 -15542.9 -15647.2
  197 196.5 0.64196 0.000278628 -15812.5 -16027.1 -15680.1
  198 197.5 0.637256 0.000276587 -15401.5 -15827.7 -15790.2
  199 198.5 0.633696 0.000275042 -15253.9 -15946.2 -16000.8
  200 199.5 0.628448 0.000272764 -15712.7 -16011.8 -16163.5
  201 200.5 0.634656 0.000275458 -15559.1 -16168.1 -15909.5
  202 201.5 0.636064 0.000276069 -15906.1 -15950.8 -15936.4
  203 202.5 0.62964 0.000273281 -16068.1 -16390.4 -16097.7
  204 203.5 0.635432 0.000275795 -16208.5 -16397.4 -15827.6
  205 204.5 0.618232 0.00026833 -16240.6 -16532.9 -16280.5
  206 205.5 0.619896 0.000269052 -16276 -15971.4 -16214
  207 206.5 0.61872 0.000268542 -16219.6 -16149.4 -16416.5
  208 207.5 0.616104 0.000267406 -16032.6 -16083.1 -16315
  209 208.5 0.625912 0.000271663 -16534.7 -15927.6 -16019
  210 209.5 0.616488 0.000267573 -16320.2 -16091.5 -16157.7
  211 210.5 0.620312 0.000269233 -16201.9 -15852.4 -16076.3
  212 211.5 0.61292 0.000266024 -16000.3 -16359.7 -16085.1
  213 212.5 0.634928 0.000275576 -16554.8 -16047.2 -15464.6
  214 213.5 0.645968 0.000280368 -15856.8 -15626.3 -14980.9
  215 214.5 0.638624 0.000277181 -16061.4 -15755.6 -15008.6
  216 215.5 0.656904 0.000285115 -16373.5 -15696.8 -14003.7
  217 216.5 0.691376 0.000300076 -15903.3 -15004.4 -12912
  218 217.5 0.731536 0.000317507 -14718.3 -14385.3 -11192.9
  219 218.5 0.809592 0.000351385 -13457.7 -13672.9 -8747.99
  220 219.5 0.936512 0.000406472 -11890.7 -12125.8 -5497.59
  221 220.5 1.14315 0.00049616 -9632.56 -10232 -2278.5
  222 221.5 1.5095 0.000655167 -6955.22 -7441.52 1992.75
  223 222.5 2.07319 0.000899823 -4098.4 -4608.32 5058.46
  224 223.5 2.99306 0.00129907 -979.402 -1445.52 7384.11
  225 224.5 4.35135 0.00188861 1970.01 1661.87 8611.74
  226 225.5 6.29401 0.00273177 3964.81 3946.2 9125.3
  227 226.5 8.94239 0.00388125 6296.86 6397.04 9261.75
  228 227.5 12.178 0.00528559 8111.99 8304.51 8500.65
  229 228.5 15.8952 0.00689895 9869.2 9928.62 7808.61
  230 229.5 19.7803 0.00858521 11253.4 11254.7 6797.25
  231 230.5 23.6187 0.0102512 12473 12464.7 5908.88
  232 231.5 27.0535 0.011742 13497.1 13517.6 4738.76
  233 232.5 29.8948 0.0129752 14154.4 14202.8 3261.86
  234 233.5 32.205 0.0139779 14184.9 14325.2 1545.77
  235 234.5 33.9709 0.0147443 13448.6 13557.8 -64.068
  236 235.5 35.2715 0.0153088 11971.1 12178.2 -1777.14
  237 236.5 36.2738 0.0157439 9859.15 10021.8 -3013.45
  238 237.5 36.8198 0.0159808 8119.01 7900.22 -3740.83
  239 238.5 37.3473 0.0162098 6024.29 5777.45 -4017.05
  240 239.5 37.6859 0.0163567 4337.46 4088.58 -3892.8
  241 240.5 37.8752 0.0164389 3145.36 2880.05 -3427.47
  242 241.5 38.0486 0.0165141 2209.86 2145.32 -2925.7
  243 242.5 38.0587 0.0165185 1595.23 1584.18 -2468.19
  244 243.5 38.2525 0.0166027 1050.28 925.6 -1951
  245 244.5 38.2947 0.016621 546.042 768.024 -1566.69
  246 245.5 38.263 0.0166072 260.579 250.878 -1412.22
  247 246.5 38.3055 0.0166257 86.9315 -63.8667 -1056.46
  248 247.5 38.4458 0.0166866 30.3373 -229.645 -782.626
  249 248.5 38.3294 0.016636 -232.012 -94.2282 -933.941
  250 249.5 38.3188 0.0166314 -78.4018 -196.706 -447.61
  251 250.5 38.4059 0.0166692 -59.8306 45.5798 -492.085
  252 251.5 38.4762 0.0166997 -222.731 -561.261 -471.234
  253 252.5 38.3447 0.0166427 -312.851 -535.961 -562.065
  254 253.5 38.3703 0.0166538 -265.587 -286.723 -203.851
  255 254.5 38.4516 0.0166891 -357.808 -240.264 -241.804
  256 255.5 38.4411 0.0166845 -417.013 -234.641 -370.422
  257 256.5 38.3907 0.0166626 -322.973 -102.819 -353.02
  258 257.5 38.3569 0.016648 -327.762 -156.858 -316.909
  259 258.5 38.4807 0.0167017 -278.821 -124.007 -111.532
  260 259.5 38.3547 0.016647 -318.856 -83.2931 -331.465
  261 260.5 38.4037 0.0166683 -227.734 -169.106 -362.206
  262 261.5 38.3913 0.0166629 -332.559 -32.8769 -237.141
  263 262.5 38.4182 0.0166746 11.0277 24.1679 -218.031
  264 263.5 38.3343 0.0166382 101.307 51.7751 -155.908
  265 264.5 38.4592 0.0166924 -41.2981 -26.1221 -323.935
  266 265.5 38.3724 0.0166547 -47.3838 132.998 -158.53
  267 266.5 38.3766 0.0166565 -177.53 -115.08 -295.885
  268 267.5 38.4614 0.0166933 -70.2509 -229.674 -224.078
  269 268.5 38.3879 0.0166614 47.4596 -100.936 -200.832
  270 269.5 38.3667 0.0166522 -269.549 -341.054 -303.467
  271 270.5 38.404 0.0166684 -331.725 -362.708 -229.052
  272 271.5 38.4285 0.016679 -379.147 -68.3612 -452.264
  273 272.5 38.3459 0.0166432 -324.683 -91.7742 -215.859
  274 273.5 38.3626 0.0166504 -433.04 -290.777 -195.836
  275 274.5 38.4544 0.0166903 -136.189 -214.932 -150.915
  276 275.5 38.3485 0.0166443 -156.902 -154.165 -201.031
  277 276.5 38.3538 0.0166466 -113.584 -454.211 -383.589
  278 277.5 38.4041 0.0166685 -135.533 -186.208 -234.304
  279 278.5 38.3981 0.0166659 -28.9887 -54.1368 -76.0683
  280 279.5 38.3902 0.0166624 -210.558 -228.782 -355.213
  281 280.5 38.3055 0.0166256 -101.31 -218.738 -340.927
  282 281.5 38.3821 0.0166589 -267.4 -213.182 -203.066
  283 282.5 38.4505 0.0166886 -204.099 -306.507 -128.962
  284 283.5 38.3324 0.0166373 -414.092 -239.472 -348.824
  285 284.5 38.3164 0.0166304 -24.3282 -96.3177 -188.808
  286 285.5 38.4256 0.0166778 -118.92 -239.271 -295.271
  287 286.5 38.4084 0.0166703 -125.085 -34.7667 -216.851
  288 287.5 38.3471 0.0166437 119.471 -25.2751 -318.292
  289 288.5 38.3214 0.0166326 -0.769166 -146.273 -59.3467
  290 289.5 38.4644 0.0166946 -242.982 -388.023 -425.06
  291 290.5 38.3445 0.0166426 -189.913 -266.995 -225.916
  292 291.5 38.3838 0.0166596 -10.3702 -100.836 -195.552
  293 292.5 38.3626 0.0166504 -224.316 -213.986 -363.669
  294 293.5 38.4104 0.0166712 124.231 160.111 -99.3258
  295 294.5 38.2724 0.0166113 10.6062 -175.78 -273.812
  296 295.5 38.4544 0.0166903 -111.011 -255.359 -222.675
  297 296.5 38.4068 0.0166696 -194.692 -284.633 -312.371
  298 297.5 38.3578 0.0166484 -264.137 -242.316 -209.212
  299 298.5 38.3024 0.0166243 -104.043 -173.397 -220.026
  300 299.5 38.4446 0.016686 -265.261 -225.653 -250.474
  301 300.5 38.394 0.0166641 -478.558 -580.306 -372.447
  302 301.5 38.3449 0.0166428 -467.57 -470.394 -236.274
  303 302.5 38.3852 0.0166602 -19.0976 -371.446 -137.285
  304 303.5 38.405 0.0166689 -185.586 -557.296 -344.82
  305 304.5 38.3473 0.0166438 -292.262 -597.295 -239.536
  306 305.5 38.3557 0.0166474 -69.8606 -444.61 -52.8278
  307 306.5 38.4515 0.016689 -159.705 -125.99 -170.247
  308 307.5 38.3328 0.0166375 -182.336 -227.551 -488.39
  309 308.5 38.3365 0.0166391 -203.272 -191.038 -363.998
  310 309.5 38.4111 0.0166715 -29.2778 -106.012 -123.943
  311 310.5 38.4015 0.0166673 -190.106 -172.683 -52.6997
  312 311.5 38.3594 0.016649 -500.774 -322.06 -417.317
  313 312.5 38.3289 0.0166358 -584.089 -385.569 -380.698
  314 313.5 38.4644 0.0166946 -298.591 -246.766 -166.864
  315 314.5 38.3926 0.0166635 -431.885 -195.152 -110.749
  316 315.5 38.3217 0.0166327 -218.03 -255.627 -430.103
  317 316.5 38.3879 0.0166614 -264.513 -122.58 -147.581
  318 317.5 38.4275 0.0166786 -303.344 -161.507 -167.44
  319 318.5 38.4052 0.0166689 -446.713 -427.734 -526.751
  320 319.5 38.2814 0.0166152 -342.554 -274.253 -305.732
  321 320.5 38.4808 0.0167017 -372.212 -299.088 -135.325
  322 321.5 38.4024 0.0166677 -449.342 -440.058 -68.6114
  323 322.5 38.3239 0.0166336 -656.562 -185.027 -367.312
  324 323.5 38.3817 0.0166587 -585.397 -43.4008 -375.558
  325 324.5 38.4157 0.0166735 -437.105 -101.629 -256.81
  326 325.5 38.4094 0.0166707 -137.862 -104.214 -153.112
  327 326.5 38.2555 0.0166039 -234.657 -419.226 -257.434
  328 327.5 38.4573 0.0166915 -306.164 -390.741 -286.53
  329 328.5 38.3973 0.0166655 -426.168 -530.886 -156.939
  330 329.5 38.3714 0.0166542 -488.27 -559.874 -356.215
  331 330.5 38.2776 0.0166135 -181.639 -302.154 -267.887
  332 331.5 38.4622 0.0166937 -60.6654 -236.007 -182.975
  333 332.5 38.3577 0.0166483 -175.718 -399.516 -226.688
  334 333.5 38.3405 0.0166408 -173.678 -467.427 -212.284
  335 334.5 38.3298 0.0166362 -165.961 -501.564 -310.721
  336 335.5 38.453 0.0166897 -166.953 -388.562 -273.462
  337 336.5 38.2965 0.0166218 -509.641 -320.297 -210.348
  338 337.5 38.3689 0.0166532 -305.608 -267.968 -171.056
  339 338.5 38.4085 0.0166703 -194.184 -239.948 -339.898
  340 339.5 38.3736 0.0166552 -409.73 -351.028 -297.548
  341 340.5 38.2759 0.0166128 -394.331 -407.478 -60.827
  342 341.5 38.4445 0.016686 -100.84 -338.165 -433.292
  343 342.5 38.363 0.0166506 -74.3172 -113.386 -316.727
  344 343.5 38.3217 0.0166327 -279.356 -483.792 -160.091
  345 344.5 38.3779 0.0166571 -35.9925 -421.135 -125.442
  346 345.5 38.4694 0.0166968 -170.879 -515.217 -411.688
  347 346.5 38.2691 0.0166098 -162.893 -266.452 -245.509
  348 347.5 38.3424 0.0166417 -23.6838 -120.955 -103.635
  349 348.5 38.3961 0.016665 -32.702 -321.804 -275.27
  350 349.5 38.3887 0.0166618 -364.227 -541.291 -327.503
  351 350.5 38.3324 0.0166373 -434.71 -504.801 -293.242
  352 351.5 38.3669 0.0166523 -648.039 -459.16 -306.261
  353 352.5 38.3613 0.0166499 -85.233 -374.794 -139.065
  354 353.5 38.4108 0.0166714 -534.498 -346.672 -353.754
  355 354.5 38.3473 0.0166438 -417.297 -404.383 -208.912
  356 355.5 38.348 0.0166441 -130.581 -310.562 -261.409
  357 356.5 38.3706 0.0166539 -101.038 -107.722 -248.966
  358 357.5 38.3657 0.0166518 -209.222 -274.295 -198.111
  359 358.5 38.3268 0.0166349 -226.126 -168.105 -268.531
  360 359.5 38.4132 0.0166724 -107.254 -278.18 -174.263
  361 360.5 38.3205 0.0166322 -208.998 -488.485 -283.611
  362 361.5 38.394 0.0166641 -413.569 -523.432 -234.905
  363 362.5 38.3351 0.0166385 -517.477 -557.961 -471.651
  364 363.5 38.3717 0.0166544 -467.242 -289.609 -55.7034
  365 364.5 38.3689 0.0166532 -307.19 56.0206 -260.715
  366 365.5 38.3574 0.0166482 -337.911 -158.85 -427.337
  367 366.5 38.3644 0.0166512 -273.979 -183.821 -232.238
  368 367.5 38.3518 0.0166458 -341.04 -225.526 -57.9809
  369 368.5 38.4266 0.0166782 -224.686 -419.832 -530.337
  370 369.5 38.3154 0.0166299 -37.2788 21.4132 -250.788
  371 370.5 38.3551 0.0166472 -188.502 57.7085 -241.88
  372 371.5 38.3947 0.0166644 -193.634 66.9253 -447.685
  373 372.5 38.302 0.0166241 -129.585 20.3805 -564.598
  374 373.5 38.3289 0.0166358 -108.643 118.303 -255.66
  375 374.5 38.4278 0.0166788 -153.636 314.126 -641.672
  376 375.5 38.2801 0.0166146 -189.078 39.4978 -792.495
  377 376.5 38.2548 0.0166036 172.632 176.615 -632.714
  378 377.5 38.3723 0.0166546 186.842 220.37 -794.498
  379 378.5 38.3354 0.0166386 74.0111 458.059 -1238.67
  380 379.5 38.1458 0.0165564 417.946 560.661 -1333.49
  381 380.5 38.1992 0.0165795 707.023 729.181 -1628.12
  382 381.5 38.2295 0.0165927 1059.58 1249.6 -1819.31
  383 382.5 37.9958 0.0164912 1837.99 1666.36 -1967.21
  384 383.5 37.8128 0.0164118 2403.43 2526.23 -2468.87
  385 384.5 37.775 0.0163954 3575.72 3783.71 -2404.68
  386 385.5 37.3907 0.0162286 4887.23 4829.59 -1863.16
  387 386.5 37.0238 0.0160693 6283.02 6145.79 -1216.31
  388 387.5 36.5571 0.0158668 7380.33 7327.85 -329.429
  389 388.5 35.869 0.0155681 7750.58 7662.11 1140.91
  390 389.5 35.178 0.0152682 7401.23 7449.86 2379.95
  391 390.5 34.4837 0.0149669 6161.69 6231.39 2863.01
  392 391.5 33.8148 0.0146766 4621.12 4590.71 2996.97
  393 392.5 33.3387 0.0144699 2825.27 2950.13 2748.93
  394 393.5 33.1901 0.0144054 1736.73 1862.07 2050.84
  395 394.5 33.0987 0.0143658 1077.12 1135.29 1378.05
  396 395.5 33.1088 0.0143701 676.954 789.82 731.835
  397 396.5 33.0854 0.01436 598.257 497.279 277.189
  398 397.5 33.2527 0.0144326 577.482 515.23 -39.2228
  399 398.5 33.3574 0.0144781 246.549 180.049 -235.299
  400 399.5 33.3604 0.0144793 242.037 313.928 -450.984
  401 400.5 33.4157 0.0145033 -109.489 15.1197 -460.029
  402 401.5 33.4668 0.0145255 -16.0167 -110.105 -450.551
  403 402.5 33.4834 0.0145327 -89.9505 -87.8434 -369.848
  404 403.5 33.507 0.014543 -96.2558 -109.111 -528.071
  405 404.5 33.4983 0.0145392 -165.904 -247.491 -432.521
  406 405.5 33.511 0.0145447 -291.984 -112.759 -420.982
  407 406.5 33.5802 0.0145748 -354.856 -292.937 -361.638
  408 407.5 33.5633 0.0145674 -196.228 -214.249 -279.779
  409 408.5 33.5925 0.0145801 -94.2486 -356.94 -378.698
  410 409.5 33.5285 0.0145523 -30.4849 -198.613 -401.609
  411 410.5 33.4831 0.0145326 -106.051 -248.943 -378.207
  412 411.5 33.639 0.0146003 -270.7 -542.158 -255.716
  413 412.5 33.5745 0.0145723 -492.389 -271.971 -244.525
  414 413.5 33.5839 0.0145763 -355.24 -458.934 -353.913
  415 414.5 33.5087 0.0145437 -360.621 -334.674 -343.746
  416 415.5 33.6084 0.014587 -377.227 -417.616 -290.621
  417 416.5 33.5393 0.014557 -314.861 -262.757 -284.536
  418 417.5 33.5612 0.0145665 -312.646 -244.124 -368.603
  419 418.5 33.5655 0.0145684 -330.866 -246.501 -277.869
  420 419.5 33.6014 0.014584 -327.834 -181.952 -287.14
  421 420.5 33.5893 0.0145787 -466.101 -180.337 -311.841
  422 421.5 33.5813 0.0145752 -425.251 -412.354 -241.485
  423 422.5 33.5936 0.0145806 -425.207 -514.022 -329.978
  424 423.5 33.6251 0.0145942 -306.949 -450.205 -227.821
  425 424.5 33.5574 0.0145649 -433.161 -322.567 -423.453
  426 425.5 33.5499 0.0145616 -497.3 -417.244 -337.198
  427 426.5 33.6305 0.0145966 -211.744 -280.063 -110.214
  428 427.5 33.5821 0.0145756 -470.405 -323.293 -366.832
  429 428.5 33.5667 0.0145689 -392.014 -282.922 -337.481
  430 429.5 33.5861 0.0145773 -324.522 -476.446 -298.936
  431 430.5 33.6002 0.0145834 -323.468 -149.776 -312.197
  432 431.5 33.5355 0.0145553 -370.36 -486.471 -343.913
  433 432.5 33.6152 0.0145899 -280.445 -332.609 -149.062
  434 433.5 33.6148 0.0145898 -156.14 -405.297 -316.78
  435 434.5 33.5993 0.014583 -293.66 -364.201 -333.424
  436 435.5 33.5046 0.0145419 -439.464 -300.188 -438.086
  437 436.5 33.5933 0.0145804 -386.915 -256.887 -197.897
  438 437.5 33.6577 0.0146084 -471.843 -220.712 -153.641
  439 438.5 33.5795 0.0145744 -704.343 -264.036 -356.261
  440 439.5 33.4959 0.0145381 -387.118 -196.857 -463.404
  441 440.5 33.6092 0.0145873 -248.349 -205.901 -190.292
  442 441.5 33.6019 0.0145842 -430.369 -408.808 -159.952
  443 442.5 33.564 0.0145677 -462.304 -356.944 -403.245
  444 443.5 33.5549 0.0145638 -428.974 -428.206 -432.814
  445 444.5 33.6055 0.0145857 -253.785 -249.809 -124.424
  446 445.5 33.613 0.014589 -306.997 -374.563 -290.072
  447 446.5 33.5989 0.0145829 -125.661 -366.642 -400.612
  448 447.5 33.5184 0.0145479 -188.922 -241.492 -224.787
  449 448.5 33.6482 0.0146042 -267.506 -110.326 -230.686
  450 449.5 33.5769 0.0145733 -348.073 -161.177 -315.044
  451 450.5 33.6118 0.0145885 -275.087 -236.095 -338.917
  452 451.5 33.562 0.0145668 -379.654 -240.993 -258.191
  453 452.5 33.6242 0.0145938 -380.395 -317.921 -346.172
  454 453.5 33.6021 0.0145843 -240.619 -234.461 -266.659
  455 454.5 33.5992 0.014583 -272.089 -229.249 -257.105
  456 455.5 33.6015 0.014584 -250.353 -378.797 -267.321
  457 456.5 33.5945 0.0145809 -312.084 -533.574 -382.978
  458 457.5 33.666 0.014612 -106.532 -322.865 -287.782
  459 458.5 33.5846 0.0145766 -387.697 -391.175 -371.226
  460 459.5 33.5084 0.0145436 -90.7694 -173.913 -245.405
  461 460.5 33.6278 0.0145954 -185.821 -225.956 -221.771
  462 461.5 33.6327 0.0145975 -299.348 -188.586 -298.971
  463 462.5 33.5188 0.0145481 -448.929 -239.292 -396.493
  464 463.5 33.6162 0.0145904 -283.065 -226.94 -151.49
  465 464.5 33.6532 0.0146064 -515.357 -320.064 -311.113
  466 465.5 33.5173 0.0145474 -429.974 -499.22 -389.004
  467 466.5 33.5913 0.0145795 -370.014 -370.802 -259.236
  468 467.5 33.6245 0.014594 -258.74 -270.897 -277.511
  469 468.5 33.5285 0.0145523 -184.305 -200.721 -346.74
  470 469.5 33.5394 0.014557 -308.145 -293.157 -296.346
  471 470.5 33.6095 0.0145875 -114.93 -272.389 -271.375
  472 471.5 33.5926 0.0145801 -311.318 -331.884 -276.781
  473 472.5 33.5788 0.0145741 -399.723 -370.516 -297.072
  474 473.5 33.552 0.0145625 -564.542 -228.969 -328.013
  475 474.5 33.6708 0.0146141 -69.8805 -200.038 -278.554
  476 475.5 33.5339 0.0145547 -113.56 -121.819 -191.936
  477 476.5 33.556 0.0145642 -146.371 -251.037 -305.697
  478 477.5 33.6362 0.0145991 -315.299 -91.712 -388.751
  479 478.5 33.5643 0.0145678 -237.848 -227.045 -255.822
  480 479.5 33.5787 0.0145741 -196.028 -54.9903 -263.493
70000000 480 11609.999999999998
  1 0.5 33.6026 0.0145845 -533.118 -372.049 -388.67
  2 1.5 33.6831 0.0146194 -484.547 -390.516 -228.681
  3 2.5 33.5428 0.0145585 -326.314 -353.053 -283.628
  4 3.5 33.5765 0.0145731 -468.365 -334.458 -259.879
  5 4.5 33.6512 0.0146055 -243.664 -355.744 -331.298
  6 5.5 33.6367 0.0145993 -427.713 -365.051 -326.749
  7 6.5 33.5622 0.0145669 -442.94 -420.737 -251.124
  8 7.5 33.6266 0.0145949 -385.043 -402.149 -309
  9 8.5 33.6326 0.0145975 -302.099 -225.136 -317.545
  10 9.5 33.5827 0.0145758 -460.5 -365.253 -325.087
  11 10.5 33.5995 0.0145831 -231.56 -343.634 -340.448
  12 11.5 33.6606 0.0146096 -259.361 -336.396 -224.172
  13 12.5 33.5657 0.0145684 -445.399 -393.59 -234.511
  14 13.5 33.6101 0.0145877 -381.644 -573.31 -350.568
  15 14.5 33.5957 0.0145815 -432.306 -436.77 -474.884
  16 15.5 33.5863 0.0145774 -201.959 -293.594 -173.909
  17 16.5 33.6153 0.01459 -151.941 -244.325 -198.471
  18 17.5 33.6161 0.0145903 -314.929 -124.732 -366.5
  19 18.5 33.5486 0.014561 -269.981 -193.011 -330.58
  20 19.5 33.551 0.0145621 -210.317 -77.8417 -252.015
  21 20.5 33.627 0.0145951 -415.97 -490.852 -341.567
  22 21.5 33.578 0.0145738 -308.5 -252.004 -381.444
  23 22.5 33.5807 0.014575 -214.571 -332.055 -159.344
  24 23.5 33.549 0.0145612 -272.048 -228.195 -344.052
  25 24.5 33.5749 0.0145724 -448.891 -432.921 -269.911
  26 25.5 33.6105 0.0145879 -411.31 -376.948 -267.342
  27 26.5 33.572 0.0145712 -369.19 -413.353 -315.057
  28 27.5 33.576 0.0145729 -337.981 -295.663 -277.39
  29 28.5 33.5463 0.01456 -530.211 -327.525 -344.421
  30 29.5 33.6241 0.0145938 -353.419 -395.036 -234.66
  31 30.5 33.5457 0.0145598 -342.109 -319.892 -292.969
  32 31.5 33.5863 0.0145774 -489.914 -389.712 -346.146
  33 32.5 33.5969 0.014582 -346.987 -293.808 -331.799
  34 33.5 33.5897 0.0145789 -389.12 -321.537 -287.973
  35 34.5 33.6147 0.0145897 -400.987 -240.343 -228.292
  36 35.5 33.5862 0.0145773 -492.239 -396.206 -235.391
  37 36.5 33.5798 0.0145746 -450.597 -473.158 -438.026
  38 37.5 33.5672 0.0145691 -414.599 -464.08 -356.083
  39 38.5 33.5899 0.0145789 -353.144 -237.919 -214.987
  40 39.5 33.575 0.0145725 -225.074 -483.308 -353.777
  41 40.5 33.5494 0.0145614 -179.771 -357.653 -241.249
  42 41.5 33.6466 0.0146036 -134.851 -390.08 -255.638
  43 42.5 33.5617 0.0145667 -249.613 -307.939 -406.861
  44 43.5 33.5852 0.0145769 -454.511 -360.252 -319.117
  45 44.5 33.5354 0.0145553 -315.215 -298.757 -316.168
  46 45.5 33.6427 0.0146019 -275.146 -411.744 -386.223
  47 46.5 33.5706 0.0145706 -168.139 -287.192 -305.936
  48 47.5 33.5357 0.0145554 -296.344 -351.461 -372.336
  49 48.5 33.5992 0.014583 -69.5345 -258.103 -499.092
  50 49.5 33.5488 0.0145611 -161.62 -72.3549 -451.583
  51 50.5 33.4772 0.01453 -9.24789 -145.599 -447.059
  52 51.5 33.6207 0.0145923 -188.442 -218.548 -640.84
  53 52.5 33.48 0.0145312 -273.082 -181.35 -825.159
  54 53.5 33.4343 0.0145114 -37.1688 -17.6346 -753.614
  55 54.5 33.4771 0.01453 180.106 62.0709 -915.989
  56 55.5 33.4084 0.0145002 292.049 125.126 -1210.71
  57 56.5 33.2554 0.0144338 654.385 534.669 -1349.55
  58 57.5 33.2328 0.014424 729.676 695.348 -1585.09
  59 58.5 33.1137 0.0143722 1224.21 1147.44 -1900.29
  60 59.5 32.9156 0.0142863 1528.3 1559.68 -2165.78
  61 60.5 32.565 0.0141341 2137.17 2296.33 -2494.31
  62 61.5 32.2553 0.0139997 2940.13 2993.22 -2651.51
  63 62.5 31.7008 0.013759 3780.61 3856.79 -2806.08
  64 63.5 30.9165 0.0134186 4936.85 4976.3 -2581.63
  65 64.5 29.8216 0.0129434 6194.7 6203.09 -2000.87
  66 65.5 28.3384 0.0122997 7498.45 7425.4 -1228.06
  67 66.5 26.3242 0.0114254 8485.85 8432.88 182.727
  68 67.5 23.7326 0.0103006 9122.41 9189.41 1693.68
  69 68.5 20.641 0.00895875 9406.82 9256.95 3526.55
  70 69.5 17.1515 0.00744421 9295.89 9108.91 5200.07
  71 70.5 13.5907 0.00589876 8401.75 8255.97 6910.27
  72 71.5 10.269 0.00445702 7019.34 6913.37 8246.46
  73 72.5 7.39197 0.00320832 4692.7 4902.65 8967.5
  74 73.5 5.09601 0.00221181 2535.51 2430.87 9087.28
  75 74.5 3.48114 0.00151091 -535.266 -521.687 7968.84
  76 75.5 2.3975 0.00104058 -3624.33 -3631.89 5799.36
  77 76.5 1.72741 0.000749743 -6473.65 -6547.62 3234.12
  78 77.5 1.3021 0.000565146 -9420.94 -9241.08 -441.176
  79 78.5 1.03117 0.000447556 -11660.3 -11733.1 -4337.48
  80 79.5 0.871368 0.000378198 -13067.4 -13641.4 -7760.98
  81 80.5 0.780264 0.000338656 -14030 -14302.5 -10338.9
  82 81.5 0.728128 0.000316028 -14674.2 -15097.7 -12219.7
  83 82.5 0.695032 0.000301663 -14754.8 -15451.8 -13356.7
  84 83.5 0.676624 0.000293674 -14779.1 -15372.5 -14146.2
  85 84.5 0.667048 0.000289517 -15071.9 -15459.4 -14715.7
  86 85.5 0.656456 0.00028492 -15253.8 -15645.6 -15197.6
  87 86.5 0.658088 0.000285628 -15569.1 -16057.6 -15382.4
  88 87.5 0.662408 0.000287503 -15369.3 -15676.6 -15127.6
  89 88.5 0.648808 0.000281601 -15621.1 -15649.1 -15674.2
  90 89.5 0.639672 0.000277635 -16059.1 -15904.9 -16108.5
  91 90.5 0.636464 0.000276243 -15790.1 -15760.6 -16085.2
  92 91.5 0.653992 0.000283851 -15762.5 -16112.5 -15655.3
  93 92.5 0.644032 0.000279528 -15733 -15714.8 -15938.5
  94 93.5 0.645136 0.000280007 -16129.9 -15974.1 -16040.4
  95 94.5 0.6438 0.000279427 -15940.3 -15935.4 -15947.2
  96 95.5 0.647096 0.000280858 -15973.3 -15836.4 -15926.8
  97 96.5 0.646832 0.000280743 -15498.5 -15685.8 -15888.9
  98 97.5 0.646272 0.0002805 -15260.1 -15754.3 -15834
  99 98.5 0.650104 0.000282163 -15827.1 -15864.6 -15928.5
  100 99.5 0.644528 0.000279743 -15741.5 -15740.3 -15971.2
  101 100.5 0.657408 0.000285333 -15858.1 -16122.8 -15631.8
  102 101.5 0.663504 0.000287979 -16056.1 -16044.3 -15622.7
  103 102.5 0.665416 0.000288809 -15742.4 -16116.8 -15415.7
  104 103.5 0.659344 0.000286174 -15531.8 -15871.5 -15616.2
  105 104.5 0.670784 0.000291139 -16043.4 -16146.3 -15406.7
  106 105.5 0.667776 0.000289833 -15580.7 -16723.7 -15486.8
  107 106.5 0.669624 0.000290635 -15395.1 -16049.4 -15297.1
  108 107.5 0.66132 0.000287031 -15426.8 -16218 -15538.8
  109 108.5 0.673528 0.00029233 -15761.5 -16639.2 -15351.2
  110 109.5 0.67132 0.000291372 -15299.7 -16562.7 -15359.4
  111 110.5 0.668896 0.000290319 -15463.7 -16457.1 -15434.1
  112 111.5 0.659592 0.000286281 -15430.5 -16195.7 -15679.7
  113 112.5 0.659104 0.000286069 -15175.9 -15974 -15604.3
  114 113.5 0.662496 0.000287542 -15816.2 -16443.1 -15507.9
  115 114.5 0.655832 0.000284649 -15995.5 -16532.8 -15845.9
  116 115.5 0.661416 0.000287073 -15896.7 -16093 -15504.2
  117 116.5 0.655936 0.000284694 -15778 -16229.7 -15684
  118 117.5 0.666136 0.000289122 -15335.7 -16481.7 -15386.7
  119 118.5 0.656576 0.000284972 -15807.2 -16098.3 -15826.4
  120 119.5 0.65056 0.000282361 -15689.3 -16123.9 -15786.1
  121 120.5 0.645856 0.000280319 -15914 -16225.6 -16016.3
  122 121.5 0.645984 0.000280375 -15949.8 -16241.6 -15994.8
  123 122.5 0.641952 0.000278625 -15707.7 -16062.9 -16061.3
  124 123.5 0.646368 0.000280542 -15674.1 -16247.3 -15822.7
  125 124.5 0.648032 0.000281264 -15684.6 -16239 -15812.4
  126 125.5 0.63992 0.000277743 -15815.5 -16282.7 -16239.6
  127 126.5 0.634384 0.00027534 -15578.1 -16116.4 -16217.6
  128 127.5 0.633304 0.000274872 -15388.8 -16342.1 -16229.8
  129 128.5 0.640424 0.000277962 -15209.4 -16754.9 -16094.3
  130 129.5 0.632544 0.000274542 -15672.7 -16102.4 -16430.8
  131 130.5 0.636408 0.000276219 -15633.5 -16559.3 -16119
  132 131.5 0.64844 0.000281441 -16236.8 -16939.6 -15871
  133 132.5 0.639136 0.000277403 -15935.9 -16227.7 -16114.1
  134 133.5 0.632064 0.000274333 -15618.8 -16149.3 -16285.1
  135 134.5 0.628488 0.000272781 -16188.7 -16611.5 -16410.7
  136 135.5 0.630368 0.000273597 -15998.7 -16389.1 -16302.6
  137 136.5 0.635296 0.000275736 -15845 -15954.4 -16286.2
  138 137.5 0.628288 0.000272694 -15848.9 -15980.2 -16372.7
  139 138.5 0.631728 0.000274188 -15559.4 -15681.8 -16332.5
  140 139.5 0.639648 0.000277625 -16003.2 -15805.7 -16108.2
  141 140.5 0.645984 0.000280375 -16007.8 -16504 -15864.7
  142 141.5 0.637968 0.000276896 -16091.2 -15696.1 -16104.1
  143 142.5 0.63936 0.0002775 -16700.7 -16193.1 -16155.9
  144 143.5 0.631 0.000273872 -16331.9 -16153.6 -16271.8
  145 144.5 0.625096 0.000271309 -16566 -16021.2 -16510.5
  146 145.5 0.629904 0.000273396 -16168.3 -15791.7 -16299.4
  147 146.5 0.636104 0.000276087 -16728.7 -16036.9 -16257
  148 147.5 0.642464 0.000278847 -16499 -16225 -16098.3
  149 148.5 0.647136 0.000280875 -15847.9 -15566.2 -15876.7
  150 149.5 0.649376 0.000281847 -16048.9 -16028 -15862.4
  151 150.5 0.648264 0.000281365 -15737.7 -15711.5 -15969.7
  152 151.5 0.638832 0.000277271 -15657.6 -15704.9 -16283.2
  153 152.5 0.638056 0.000276934 -15539.5 -15250.5 -15817.9
  154 153.5 0.635736 0.000275927 -15527.3 -15739.2 -16256.5
  155 154.5 0.62696 0.000272118 -15916.3 -15768.2 -16386.2
  156 155.5 0.626656 0.000271986 -15900.6 -16237.9 -16364.1
  157 156.5 0.635776 0.000275944 -15893 -16336.3 -16276.4
  158 157.5 0.635864 0.000275983 -15910.2 -16199.5 -16215.8
  159 158.5 0.629728 0.000273319 -16053.5 -16198.2 -16295.6
  160 159.5 0.641608 0.000278476 -16023.8 -16662.1 -16046.5
  161 160.5 0.638456 0.000277108 -15618.2 -17071.9 -16153.8
  162 161.5 0.637976 0.000276899 -15732.1 -16978.9 -16131.8
  163 162.5 0.635896 0.000275997 -15815.4 -16438.7 -16194.8
  164 163.5 0.63052 0.000273663 -15686.6 -16113.7 -16304.1
  165 164.5 0.634976 0.000275597 -15731.3 -16119.4 -16204.6
  166 165.5 0.640032 0.000277792 -16345 -15981.1 -16126.3
  167 166.5 0.638496 0.000277125 -16473.5 -15838.4 -16114.1
  168 167.5 0.627256 0.000272247 -15785.1 -15698.4 -16466.1
  169 168.5 0.624072 0.000270865 -16346.3 -15631.8 -16444
  170 169.5 0.627456 0.000272333 -16717.7 -15322.1 -16381.6
  171 170.5 0.642072 0.000278677 -16470.2 -15670.4 -16093
  172 171.5 0.63116 0.000273941 -16104 -16019.6 -16294.8
  173 172.5 0.637088 0.000276514 -15723.8 -15456.7 -16216.8
  174 173.5 0.635512 0.00027583 -16004.7 -15538.5 -16106.6
  175 174.5 0.62456 0.000271076 -16040.9 -15820.7 -16501.9
  176 175.5 0.62824 0.000272674 -16427.2 -16191.8 -16441
  177 176.5 0.633544 0.000274976 -16426.8 -16005.4 -16157.8
  178 177.5 0.633408 0.000274917 -16259 -16002.3 -16276.1
  179 178.5 0.626792 0.000272045 -16350.1 -15834 -16402.5
  180 179.5 0.642472 0.000278851 -15608.3 -15645.3 -16049.1
  181 180.5 0.641824 0.000278569 -15993.1 -15557.2 -15997.2
  182 181.5 0.643616 0.000279347 -15986.7 -15158.7 -16161.7
  183 182.5 0.644248 0.000279622 -16166.5 -15513.5 -15956.9
  184 183.5 0.646536 0.000280615 -16148 -15806.6 -15904.4
  185 184.5 0.637456 0.000276674 -16168.2 -15570.4 -16133.6
  186 185.5 0.619512 0.000268885 -16340.4 -15944.5 -16738.1
  187 186.5 0.630648 0.000273719 -15840.9 -15500.7 -16218.3
  188 187.5 0.630192 0.000273521 -15588.8 -15794 -16319.2
  189 188.5 0.637592 0.000276733 -15929.3 -15793.9 -16208.3
  190 189.5 0.62028 0.000269219 -16204.6 -15699.8 -16494.5
  191 190.5 0.630208 0.000273528 -16533.8 -16244.1 -16331.9
  192 191.5 0.640768 0.000278111 -15940.2 -16243.3 -16114.3
  193 192.5 0.64628 0.000280503 -16207.6 -16133.9 -15965.3
  194 193.5 0.648072 0.000281281 -16012.5 -15859.1 -15867.8
  195 194.5 0.6566 0.000284983 -15731.4 -15414.2 -15550.7
  196 195.5 0.648456 0.000281448 -15718.5 -16086 -15914.9
  197 196.5 0.647616 0.000281083 -16001.1 -15495.7 -15938
  198 197.5 0.656576 0.000284972 -16061.3 -15335.5 -15620.1
  199 198.5 0.642712 0.000278955 -15978.4 -15703 -16163.9
  200 199.5 0.649984 0.000282111 -15992 -16136.7 -15988.7
  201 200.5 0.664776 0.000288531 -16041.1 -15957.9 -15486.8
  202 201.5 0.661048 0.000286913 -16044.3 -15666.1 -15455.2
  203 202.5 0.65176 0.000282882 -16454.3 -15816.8 -15761.2
  204 203.5 0.644968 0.000279934 -16553.1 -15391.6 -15903.6
  205 204.5 0.650376 0.000282281 -16370.3 -15664.1 -15862.3
  206 205.5 0.648864 0.000281625 -15991.6 -15525.1 -15710
  207 206.5 0.63768 0.000276771 -16021.4 -16143.4 -16139.3
  208 207.5 0.660352 0.000286611 -16033.4 -15981.5 -15508.9
  209 208.5 0.649416 0.000281865 -16065.6 -15395.6 -15713.2
  210 209.5 0.6562 0.000284809 -15476 -15399 -15507.9
  211 210.5 0.660928 0.000286861 -15117.1 -15687.8 -15269.9
  212 211.5 0.6454 0.000280122 -15602.7 -15836.9 -15519.2
  213 212.5 0.653424 0.000283604 -15490.5 -15772.9 -15310.9
  214 213.5 0.664896 0.000288583 -15880.7 -15992.7 -14769.8
  215 214.5 0.676056 0.000293427 -15248.8 -15681.3 -14066.5
  216 215.5 0.70472 0.000305868 -15355.4 -15545.3 -13070.4
  217 216.5 0.740616 0.000321448 -14704.5 -15120.5 -11795.6
  218 217.5 0.790112 0.000342931 -13726 -13599.2 -10145
  219 218.5 0.881552 0.000382618 -12845.2 -12463.4 -7561.72
  220 219.5 1.05083 0.00045609 -11200.6 -10864.4 -3965.18
  221 220.5 1.33873 0.000581045 -8896.51 -8885.07 -216.664
  222 221.5 1.75948 0.000763663 -6396.38 -6511.02 3139.62
  223 222.5 2.49422 0.00108256 -3086.39 -3581.06 6352.31
  224 223.5 3.63658 0.00157838 -426.32 -267.217 8244.73
  225 224.5 5.33114 0.00231386 2381.66 2381.12 9259.57
  226 225.5 7.7212 0.00335122 4980.37 5038.9 9395.51
  227 226.5 10.7966 0.00468601 7206.25 7256.63 8808.2
  228 227.5 14.3633 0.00623409 8998.46 9077.29 8074.79
  229 228.5 18.2554 0.00792335 10517.8 10444.7 7087.69
  230 229.5 22.1159 0.0095989 11517.9 11605.7 5961.61
  231 230.5 25.5731 0.0110994 12496.5 12505.8 4675.68
  232 231.5 28.5929 0.0124101 13306 13220.6 3547.12
  233 232.5 31.0382 0.0134715 13759.5 13726.1 2215.51
  234 233.5 33.0076 0.0143262 13540.3 13545.5 790.376
  235 234.5 34.499 0.0149735 12409.3 12480.4 -667.766
  236 235.5 35.6316 0.0154651 10709.3 10800.9 -2192.22
  237 236.5 36.4949 0.0158398 8692.27 8903.39 -3169.33
  238 237.5 37.0635 0.0160866 6631.22 6820.27 -3786.63
  239 238.5 37.4482 0.0162535 5059.46 5030.63 -3809.93
  240 239.5 37.741 0.0163806 3797.62 3408.45 -3675.05
  241 240.5 37.9583 0.0164749 2714.15 2623.31 -3234.41
  242 241.5 38.0889 0.0165317 1545.82 1559.02 -2693.31
  243 242.5 38.1846 0.0165732 1229.75 1058.34 -2298.66
  244 243.5 38.2049 0.016582 901.025 918.04 -1874.17
  245 244.5 38.2624 0.0166069 379.753 503.252 -1596.9
  246 245.5 38.3572 0.0166481 80.9936 242.512 -1210.93
  247 246.5 38.364 0.016651 -118.958 -92.2055 -947.916
  248 247.5 38.3199 0.0166319 -153.422 -179.526 -862.447
  249 248.5 38.3947 0.0166644 -202.613 -103.707 -663.167
  250 249.5 38.4491 0.016688 -294.022 -149.438 -624.861
  251 250.5 38.3045 0.0166252 -382.078 -224.78 -432.252
  252 251.5 38.3987 0.0166661 -114.383 -173.258 -296.991
  253 252.5 38.4028 0.0166679 -520.114 -400.835 -604.882
  254 253.5 38.3692 0.0166533 -456.639 -232.164 -305.812
  255 254.5 38.398 0.0166658 -451.593 -186.888 -226.268
  256 255.5 38.4181 0.0166745 -290.875 -215.486 -327.655
  257 256.5 38.3758 0.0166562 -63.7925 -103.973 -268.044
  258 257.5 38.3945 0.0166643 -225.99 -159.019 -241.316
  259 258.5 38.4078 0.0166701 -220.228 -302.97 -232.249
  260 259.5 38.3742 0.0166555 -180.332 -587.44 -279.998
  261 260.5 38.4372 0.0166828 -279.19 -376.476 -285.335
  262 261.5 38.3723 0.0166546 -112.644 -154.523 -110.053
  263 262.5 38.424 0.0166771 -574.627 -382.104 -327.587
  264 263.5 38.4073 0.0166698 -240.731 -197.937 -244.297
  265 264.5 38.383 0.0166593 -183.562 -378.294 -341.736
  266 265.5 38.3495 0.0166447 -296.638 -542.431 -247.71
  267 266.5 38.4721 0.016698 -440.27 -397.58 -257.804
  268 267.5 38.4353 0.016682 -385.22 -441.573 -88.6513
  269 268.5 38.3527 0.0166461 -420.917 -371.977 -263.088
  270 269.5 38.3434 0.0166421 -217.988 -276.721 -357.882
  271 270.5 38.5105 0.0167146 -214.865 -220.253 -200.124
  272 271.5 38.3926 0.0166634 -329.885 -467.678 -247.982
  273 272.5 38.3503 0.0166451 -448.613 -418.283 -282.699
  274 273.5 38.4139 0.0166727 -509.549 -377.774 -307.987
  275 274.5 38.4762 0.0166997 -350.152 -251.374 -132.817
  276 275.5 38.3847 0.01666 -90.321 -315.125 -368.726
  277 276.5 38.3687 0.0166531 -134.565 -151.961 -256.641
  278 277.5 38.4442 0.0166859 -121.365 -280.369 -164.23
  279 278.5 38.4571 0.0166914 -104.887 -1.00236 -173.312
  280 279.5 38.3619 0.0166501 -20.9804 -180.124 -422.136
  281 280.5 38.4104 0.0166712 -63.0397 -117.316 -288.949
  282 281.5 38.4868 0.0167043 -210.299 -251.433 -56.5413
  283 282.5 38.4229 0.0166766 -332.226 -49.7827 -266.934
  284 283.5 38.3989 0.0166662 -142.64 -189.286 -411.276
  285 284.5 38.372 0.0166545 -77.5422 -198.502 -116.182
  286 285.5 38.4604 0.0166929 -27.6355 -215.542 -286.639
  287 286.5 38.4683 0.0166963 -190.459 -288.785 -266.785
  288 287.5 38.3084 0.0166269 -340.09 -198.072 -348.859
  289 288.5 38.4694 0.0166968 -501.278 -379.083 -161.171
  290 289.5 38.4714 0.0166977 -473.75 -466.298 -263.133
  291 290.5 38.409 0.0166706 -823.833 -495.706 -409.017
  292 291.5 38.3836 0.0166596 -265.401 -268.501 -215.401
  293 292.5 38.4527 0.0166895 -95.887 -445.855 -191.829
  294 293.5 38.4533 0.0166898 -212.317 -203.037 -212.021
  295 294.5 38.3342 0.0166381 -119.83 98.5527 -218.253
  296 295.5 38.3842 0.0166598 31.0668 205.796 -256.977
  297 296.5 38.4335 0.0166812 -180.245 -13.407 -275.385
  298 297.5 38.4255 0.0166777 -299.547 -43.5055 -276.01
  299 298.5 38.3428 0.0166418 -138.84 -23.2908 -112.397
  300 299.5 38.4614 0.0166933 -472.123 -530.927 -454.169
  301 300.5 38.4258 0.0166779 -337.698 -18.4304 -150.378
  302 301.5 38.3994 0.0166664 -363.052 -145.159 -140.964
  303 302.5 38.3551 0.0166472 -440.365 -238.141 -389.691
  304 303.5 38.4645 0.0166947 -355.656 -312.808 -279.669
  305 304.5 38.3984 0.016666 -298.478 -449.522 -152.244
  306 305.5 38.3272 0.0166351 -334.788 -487.035 -302.068
  307 306.5 38.4444 0.0166859 -213.39 -556.725 -208.107
  308 307.5 38.438 0.0166832 -208.234 -450.724 -338.803
  309 308.5 38.3427 0.0166418 -197.318 -252.719 -116.986
  310 309.5 38.3882 0.0166615 -506.547 -355.744 -378.394
  311 310.5 38.4063 0.0166694 -404.275 -531.748 -254.494
  312 311.5 38.4351 0.0166819 -441.401 -304.248 -248.886
  313 312.5 38.36 0.0166493 -370.985 -66.1836 -87.4977
  314 313.5 38.3416 0.0166413 -427.061 -299.496 -440.931
  315 314.5 38.4704 0.0166972 -269.474 -310.524 -185.385
  316 315.5 38.3771 0.0166567 -155.315 -392.005 -177.877
  317 316.5 38.3503 0.0166451 -336.301 -331.605 -277.853
  318 317.5 38.3697 0.0166535 -358.631 -383.945 -335.368
  319 318.5 38.4331 0.016681 -113.139 -321.356 -178.501
  320 319.5 38.3598 0.0166492 -291.03 -198.059 -190.425
  321 320.5 38.3588 0.0166488 -228.037 -119.355 -323.638
  322 321.5 38.3454 0.016643 -225.372 15.5735 -250.497
  323 322.5 38.4664 0.0166955 -307.979 -146.085 -281.312
  324 323.5 38.3177 0.016631 -106.535 -292.886 -68.014
  325 324.5 38.3705 0.0166539 -363.318 -329.615 -402.3
  326 325.5 38.4282 0.0166789 -269.57 -255.136 -208.865
  327 326.5 38.4214 0.016676 -459.304 -593.569 -392.864
  328 327.5 38.2988 0.0166227 -362.222 -453.122 -185.629
  329 328.5 38.424 0.0166771 -438.511 -271.788 -141.678
  330 329.5 38.4231 0.0166767 -326.714 -349.982 -248.667
  331 330.5 38.3781 0.0166572 -289.136 -381.84 -252.291
  332 331.5 38.3303 0.0166364 -257.265 -224.453 -346.152
  333 332.5 38.3812 0.0166585 -238.897 -96.974 -268.133
  334 333.5 38.3892 0.016662 -251.206 -151.651 -56.0302
  335 334.5 38.3415 0.0166413 -461.866 -392.773 -341.581
  336 335.5 38.4191 0.0166749 -391.26 -432.825 -346.176
  337 336.5 38.3344 0.0166382 -301.225 -333.195 -168.198
  338 337.5 38.3663 0.016652 -218.749 -186.306 -262.413
  339 338.5 38.369 0.0166532 -346.114 -158.532 -244.209
  340 339.5 38.3863 0.0166607 -309.103 -31.3058 -205.555
  341 340.5 38.3064 0.016626 -363.647 -289.604 -314.83
  342 341.5 38.3886 0.0166617 -48.0351 -193.491 -184.746
  343 342.5 38.3937 0.0166639 -293.525 -229.584 -116.578
  344 343.5 38.3475 0.0166439 -248.104 -429.396 -277.093
  345 344.5 38.359 0.0166489 -242.725 -581.86 -427.353
  346 345.5 38.3698 0.0166535 -180.742 -141.969 -168.261
  347 346.5 38.3912 0.0166629 -204.493 -104.266 -209.436
  348 347.5 38.3571 0.016648 -390.66 -106.126 -187.544
  349 348.5 38.3662 0.016652 -475.41 -195.672 -381.508
  350 349.5 38.3457 0.0166431 -51.748 -139.28 -241.063
  351 350.5 38.4331 0.0166811 -136.412 -305.406 -252.309
  352 351.5 38.344 0.0166424 -43.0423 -504.48 -83.5438
  353 352.5 38.3467 0.0166435 -318.022 -244.242 -420.689
  354 353.5 38.4281 0.0166789 -405.424 -234.949 -425.838
  355 354.5 38.394 0.0166641 -337.462 -163.606 -40.6168
  356 355.5 38.3346 0.0166383 -404.696 -468.372 -301.107
  357 356.5 38.4673 0.0166959 -168.526 -256.24 -249.388
  358 357.5 38.3455 0.016643 -221.452 -229.365 -296.337
  359 358.5 38.3501 0.016645 -307.069 -245.881 -213.771
  360 359.5 38.4407 0.0166843 -207.543 -298.923 -219.738
  361 360.5 38.3836 0.0166595 -246.834 -314.252 -382.071
  362 361.5 38.2927 0.0166201 -261.995 -313.045 -349.586
  363 362.5 38.4151 0.0166732 -238.243 -112.815 -155.502
  364 363.5 38.4198 0.0166753 -190.507 -189.563 -248.962
  365 364.5 38.315 0.0166298 -165.649 -123.626 -182.513
  366 365.5 38.3783 0.0166572 -71.728 -195.192 -379.681
  367 366.5 38.4023 0.0166677 -266.971 -367.87 -216.511
  368 367.5 38.3112 0.0166281 -70.6334 -473.772 -359.598
  369 368.5 38.4266 0.0166782 -41.7692 -281.478 -222.668
  370 369.5 38.3333 0.0166377 -274.603 -152.311 -469.317
  371 370.5 38.3549 0.0166471 -356.923 -117.192 -283.928
  372 371.5 38.353 0.0166463 -273.913 -300.363 -351.112
  373 372.5 38.4112 0.0166715 -342.975 -200.8 -479.591
  374 373.5 38.3281 0.0166355 -176.044 -244.698 -493.651
  375 374.5 38.2739 0.0166119 43.7989 -39.4697 -648.784
  376 375.5 38.3828 0.0166592 129.339 -220.67 -673.157
  377 376.5 38.2871 0.0166177 82.329 9.45546 -892.161
  378 377.5 38.2591 0.0166055 375.551 230.945 -958.005
  379 378.5 38.2418 0.016598 420.902 350.389 -1336.61
  380 379.5 38.2466 0.0166001 655.951 414.693 -1375.69
  381 380.5 38.1253 0.0165474 979.728 990.722 -1745.86
  382 381.5 38.0693 0.0165232 1745.21 1578.1 -1955.71
  383 382.5 37.9743 0.0164819 2351.78 2424.45 -2198.37
  384 383.5 37.7869 0.0164006 3106.05 3239.48 -2386.09
  385 384.5 37.4677 0.016262 4139.1 4301.7 -2179.52
  386 385.5 37.2652 0.0161741 5209.45 5410.76 -1760.97
  387 386.5 36.7318 0.0159426 6727.7 6681.29 -514.965
  388 387.5 36.1494 0.0156899 7503.97 7342.62 539.696
  389 388.5 35.4547 0.0153883 7557.04 7494.39 1737.14
  390 389.5 34.7534 0.015084 6612.88 6639.89 2805.56
  391 390.5 34.0113 0.0147619 5185.48 5212.02 3119.97
  392 391.5 33.5666 0.0145688 3650.93 3584.17 2831.84
  393 392.5 33.1815 0.0144017 2219.53 2193.21 2159.56
  394 393.5 33.0087 0.0143267 1485.17 1354.92 1810.94
  395 394.5 33.0383 0.0143395 767.306 738.033 954.313
  396 395.5 33.1247 0.014377 581.529 523.595 540.282
  397 396.5 33.1654 0.0143947 387.018 302.225 69.6755
  398 397.5 33.2129 0.0144153 465.748 515.774 -193.841
  399 398.5 33.3671 0.0144822 194.845 180.316 -381.239
  400 399.5 33.4278 0.0145086 104.586 7.21853 -421.199
  401 400.5 33.3705 0.0144837 63.4223 74.8035 -382.865
  402 401.5 33.4565 0.0145211 59.3781 -16.2141 -547.731
  403 402.5 33.5311 0.0145534 39.5397 142.587 -515.026
  404 403.5 33.4754 0.0145293 -241.226 1.74399 -416.173
  405 404.5 33.499 0.0145395 -131.519 -37.4481 -222.367
  406 405.5 33.5939 0.0145807 -98.1636 -130.902 -536.774
  407 406.5 33.4625 0.0145237 -98.1391 -172.977 -467.106
  408 407.5 33.5066 0.0145428 -71.3494 -137.434 -191.114
  409 408.5 33.6252 0.0145943 -160.658 -268.97 -318.684
  410 409.5 33.5521 0.0145626 -106.744 -272.432 -407.297
  411 410.5 33.4365 0.0145124 -305.681 -336.581 -314.528
  412 411.5 33.5685 0.0145697 -231.727 -187.577 -323.953
  413 412.5 33.6549 0.0146072 -377.037 -335.795 -332.581
  414 413.5 33.4527 0.0145194 -354.173 -372.773 -344.562
  415 414.5 33.5279 0.014552 -283.541 -467.797 -195.794
  416 415.5 33.6408 0.014601 -346.219 -379.011 -411.667
  417 416.5 33.5501 0.0145617 -511.631 -221.748 -383.928
  418 417.5 33.5144 0.0145462 -310.915 -99.3667 -131.885
  419 418.5 33.586 0.0145772 -348.358 -162.436 -313.277
  420 419.5 33.6075 0.0145866 -139.761 -154.663 -360.939
  421 420.5 33.5236 0.0145502 -184.649 -195.407 -188.314
  422 421.5 33.5178 0.0145477 -242.64 -395.212 -299.011
  423 422.5 33.5727 0.0145715 -410.277 -404.4 -436.913
  424 423.5 33.5913 0.0145796 -370.997 -339.443 -275.694
  425 424.5 33.5461 0.0145599 -277.997 -389.676 -114.952
  426 425.5 33.5889 0.0145785 -330.1 -419.149 -395.05
  427 426.5 33.5103 0.0145444 -546.068 -342.063 -314.027
  428 427.5 33.5464 0.01456 -452.773 -237.584 -263.513
  429 428.5 33.5754 0.0145726 -457.227 -466.522 -318.767
  430 429.5 33.5826 0.0145758 -285.457 -437.564 -273.166
  431 430.5 33.4963 0.0145383 -287.683 -370.481 -322.194
  432 431.5 33.5248 0.0145507 -148.053 -308.295 -275.607
  433 432.5 33.5744 0.0145722 -330.138 -194.985 -317.809
  434 433.5 33.5523 0.0145626 -178.971 -281.574 -265.436
  435 434.5 33.5095 0.0145441 -319.179 -343.756 -235.024
  436 435.5 33.5882 0.0145782 -318.865 -456.918 -406.552
  437 436.5 33.5861 0.0145773 -294.185 -396.957 -237.007
  438 437.5 33.5361 0.0145556 -134.385 -364.996 -283.975
  439 438.5 33.5591 0.0145656 -383.876 -337.789 -286.378
  440 439.5 33.5794 0.0145744 -359.202 -446.911 -275.421
  441 440.5 33.5897 0.0145789 -428.604 -437.559 -417.257
  442 441.5 33.5636 0.0145676 -283.201 -375.977 -219.138
  443 442.5 33.5539 0.0145633 -124.947 -269.45 -327.052
  444 443.5 33.58 0.0145747 -322.088 -365.258 -281.415
  445 444.5 33.6078 0.0145867 -217.569 -420.033 -345.749
  446 445.5 33.5582 0.0145652 -220.23 -306.845 -266.118
  447 446.5 33.5504 0.0145618 -258.702 -213.996 -247.592
  448 447.5 33.5771 0.0145734 -435.548 -302.78 -366.388
  449 448.5 33.5693 0.01457 -337.326 -320.746 -292.517
  450 449.5 33.5883 0.0145783 -298.317 -343.433 -274.083
  451 450.5 33.5606 0.0145662 -247.257 -453.283 -370.102
  452 451.5 33.5917 0.0145797 -117.758 -392.155 -197.773
  453 452.5 33.5926 0.0145801 -336.252 -356.443 -356.303
  454 453.5 33.5628 0.0145672 -334.13 -271.64 -306.811
  455 454.5 33.5424 0.0145583 -210.789 -252.536 -271.564
  456 455.5 33.6142 0.0145895 -234.439 -210.584 -225.994
  457 456.5 33.5634 0.0145674 -108.289 -190.668 -320.414
  458 457.5 33.5308 0.0145533 -242.848 -230.532 -381.411
  459 458.5 33.5596 0.0145658 -363.178 -339.629 -307.871
  460 459.5 33.5904 0.0145792 -296.367 -208.193 -214.226
  461 460.5 33.5505 0.0145618 -412.457 -275.551 -316.397
  462 461.5 33.5236 0.0145502 -199.023 -160.756 -273.094
  463 462.5 33.5727 0.0145715 -201.284 -352.096 -338.742
  464 463.5 33.566 0.0145686 -266.646 -323.251 -331.641
  465 464.5 33.5743 0.0145722 -325.109 -359.935 -265.437
  466 465.5 33.5495 0.0145614 -447.997 -310.769 -253.725
  467 466.5 33.5762 0.014573 -298.907 -413.403 -405.946
  468 467.5 33.6186 0.0145914 -394.75 -375.045 -221.445
  469 468.5 33.5367 0.0145559 -237.71 -255.827 -317.64
  470 469.5 33.5578 0.014565 -265.69 -202.196 -215.954
  471 470.5 33.5961 0.0145817 -154.056 -69.9851 -277.823
  472 471.5 33.5456 0.0145597 -302.034 -189.725 -346.126
  473 472.5 33.5804 0.0145748 -382.35 -287.657 -277.674
  474 473.5 33.5667 0.0145689 -165.551 -227.24 -307.87
  475 474.5 33.5982 0.0145826 -321.948 -294.621 -337.435
  476 475.5 33.5662 0.0145687 -323.805 -220.438 -298.332
  477 476.5 33.5913 0.0145796 -181.711 -121.69 -284.872
  478 477.5 33.5886 0.0145784 -226.05 -169.321 -219.996
  479 478.5 33.59 0.014579 -302.095 -225.313 -415.601
  480 479.5 33.5478 0.0145607 -289.039 -260.429 -223.193
72500000 480 11610.000000000002
  1 0.5 33.5847 0.0145767 -590.648 -425.57 -398.947
  2 1.5 33.7111 0.0146316 -441.534 -337.323 -291.535
  3 2.5 33.6344 0.0145983 -346.856 -237.057 -206.005
  4 3.5 33.6161 0.0145903 -401.135 -305.125 -292.268
  5 4.5 33.6489 0.0146046 -389.381 -315.06 -440.487
  6 5.5 33.7203 0.0146355 -382.909 -275.854 -252.324
  7 6.5 33.5967 0.0145819 -266.564 -212.9 -189.424
  8 7.5 33.6316 0.014597 -289.198 -301.048 -403.138
  9 8.5 33.7191 0.014635 -267.339 -201.713 -362.502
  10 9.5 33.5925 0.0145801 -350.616 -419.208 -229.321
  11 10.5 33.6281 0.0145955 -426.417 -447.029 -320.347
  12 11.5 33.7133 0.0146325 -377.284 -318.737 -288.924
  13 12.5 33.6524 0.0146061 -133.033 -232.521 -300.768
  14 13.5 33.6121 0.0145886 -241.361 -102.719 -306.111
  15 14.5 33.658 0.0146085 -434.18 -344.521 -373.236
  16 15.5 33.7208 0.0146358 -377.598 -340.281 -334.974
  17 16.5 33.6314 0.0145969 -491.203 -199.338 -240.355
  18 17.5 33.6438 0.0146023 -245.271 -222.603 -161.043
  19 18.5 33.7316 0.0146404 -383.541 -296.826 -416.323
  20 19.5 33.7069 0.0146297 -279.451 -389.619 -289.819
  21 20.5 33.6022 0.0145843 -231.255 -327.299 -362.375
  22 21.5 33.6958 0.0146249 -138.307 -228.718 -300.809
  23 22.5 33.7068 0.0146297 -285.347 -328.001 -257.586
  24 23.5 33.6825 0.0146191 -427.043 -484.857 -214.261
  25 24.5 33.6872 0.0146212 -369.979 -368.566 -399.541
  26 25.5 33.6031 0.0145847 -305.543 -260.623 -458.826
  27 26.5 33.7157 0.0146335 -329.591 -354.21 -184.125
  28 27.5 33.6592 0.014609 -231.534 -430.621 -256.924
  29 28.5 33.6331 0.0145977 -260.475 -357.498 -247.583
  30 29.5 33.699 0.0146263 -333.448 -164.321 -347.932
  31 30.5 33.6424 0.0146017 -349.603 -315.941 -269.254
  32 31.5 33.6097 0.0145876 -344.988 -421.597 -379.541
  33 32.5 33.6734 0.0146152 -364.775 -366.334 -295.557
  34 33.5 33.6387 0.0146001 -398.022 -366.487 -297.733
  35 34.5 33.666 0.014612 -311.942 -211.119 -316.723
  36 35.5 33.6198 0.0145919 -295.471 -230.465 -363.574
  37 36.5 33.6856 0.0146205 -306.748 -230.116 -196.476
  38 37.5 33.6272 0.0145952 -395.46 -305.912 -367.757
  39 38.5 33.6425 0.0146018 -337.09 -253.84 -328.265
  40 39.5 33.6068 0.0145863 -342.655 -324.136 -379.837
  41 40.5 33.6575 0.0146083 -168.5 -191.21 -177.799
  42 41.5 33.6175 0.0145909 -287.106 -274.553 -365.656
  43 42.5 33.5578 0.014565 -349.72 -159.877 -347.802
  44 43.5 33.5984 0.0145826 -378.197 -288.475 -399.592
  45 44.5 33.6304 0.0145965 -240.154 -91.5159 -250.125
  46 45.5 33.6398 0.0146006 -178.921 -126.083 -315.938
  47 46.5 33.5193 0.0145483 -167.96 -255.074 -520.314
  48 47.5 33.5094 0.014544 -31.4204 -123.802 -459.29
  49 48.5 33.6222 0.014593 -220.846 -340.745 -490.473
  50 49.5 33.5584 0.0145653 -305.168 -201.434 -454.342
  51 50.5 33.5018 0.0145407 -142.519 -317.244 -693.618
  52 51.5 33.4968 0.0145385 -9.42583 -204.187 -782.393
  53 52.5 33.4823 0.0145323 139.928 -73.808 -882.832
  54 53.5 33.4022 0.0144975 301.927 185.279 -1027.26
  55 54.5 33.3654 0.0144815 320.889 328.526 -1168.88
  56 55.5 33.2869 0.0144475 621.948 583.971 -1403.65
  57 56.5 33.1056 0.0143687 789.754 717.081 -1800.85
  58 57.5 33.0185 0.0143309 1220.6 1282.61 -1953.06
  59 58.5 32.8122 0.0142414 1759.63 1745.14 -2230.14
  60 59.5 32.458 0.0140877 2520.92 2397.76 -2526.08
  61 60.5 32.0373 0.0139051 3183.93 3316 -2822.16
  62 61.5 31.4146 0.0136348 4148.54 4108.18 -2859.88
  63 62.5 30.6136 0.0132872 5380.67 5438.23 -2376.85
  64 63.5 29.436 0.012776 6680.48 6602.94 -1791.28
  65 64.5 27.7327 0.0120368 7787.41 7820.1 -771.856
  66 65.5 25.4968 0.0110663 8764.97 8788.66 617.058
  67 66.5 22.7391 0.0098694 9329.78 9242.83 2349.11
  68 67.5 19.4709 0.00845092 9401.5 9446.25 4165.31
  69 68.5 15.8968 0.00689965 8945.51 8747.13 6007.61
  70 69.5 12.3249 0.00534936 7791.9 7517.91 7576.87
  71 70.5 9.08946 0.00394508 5850.72 5804.91 8555.96
  72 71.5 6.43872 0.00279458 3564.49 3650.6 8812.23
  73 72.5 4.46209 0.00193667 1233.82 1202.46 8781.7
  74 73.5 3.04371 0.00132106 -1807.23 -1751.67 7337.52
  75 74.5 2.13082 0.000924837 -4671.21 -4579.18 5139.79
  76 75.5 1.54886 0.00067225 -7808.35 -7530.82 1493.06
  77 76.5 1.17876 0.000511615 -10211.2 -10015.1 -2464.41
  78 77.5 0.969392 0.000420743 -12032.1 -11822.4 -5575.82
  79 78.5 0.843776 0.000366222 -13927.4 -13787 -8602.61
  80 79.5 0.75484 0.000327622 -15104.9 -14682.8 -11388.9
  81 80.5 0.709896 0.000308115 -15526.3 -15539.1 -12852.6
  82 81.5 0.682856 0.000296378 -16012 -15418.7 -13948.2
  83 82.5 0.65892 0.00028599 -16215.4 -16280.7 -14981.6
  84 83.5 0.655608 0.000284552 -16118.8 -16063.3 -15205.4
  85 84.5 0.63536 0.000275764 -16290.9 -16527.9 -15905
  86 85.5 0.637312 0.000276611 -16356.8 -16300.8 -16131.7
  87 86.5 0.638864 0.000277285 -15902 -16029.2 -16005.8
  88 87.5 0.651048 0.000282573 -16506.3 -15825.6 -15867.3
  89 88.5 0.646928 0.000280785 -17057.7 -16484 -16081.2
  90 89.5 0.642544 0.000278882 -16185.1 -16419.6 -16047.1
  91 90.5 0.645336 0.000280094 -16240.1 -16273.5 -16088.3
  92 91.5 0.64636 0.000280538 -16077 -16128.1 -16102.6
  93 92.5 0.646248 0.00028049 -15833 -15909.1 -16188.3
  94 93.5 0.648664 0.000281538 -16303.7 -16016.5 -16064.6
  95 94.5 0.64592 0.000280347 -16093.5 -15987 -16143.4
  96 95.5 0.639944 0.000277753 -16184 -16192.2 -16364.4
  97 96.5 0.645904 0.00028034 -16182 -15865 -16185.2
  98 97.5 0.652744 0.000283309 -16029 -16049.6 -16005.9
  99 98.5 0.645 0.000279948 -15796.5 -16155 -16066
  100 99.5 0.642248 0.000278753 -16142.4 -15772.4 -16369.9
  101 100.5 0.643352 0.000279233 -16051.6 -15797.2 -16205.4
  102 101.5 0.64684 0.000280747 -16422.7 -15691.5 -16109.2
  103 102.5 0.649904 0.000282076 -16052.2 -15921.4 -16011.8
  104 103.5 0.663664 0.000288049 -15917.9 -16191.8 -15779.4
  105 104.5 0.66932 0.000290503 -15629.2 -16127.2 -15466.6
  106 105.5 0.665056 0.000288653 -16054.1 -15840.9 -15844.5
  107 106.5 0.654104 0.000283899 -16129.3 -16192.1 -15908.9
  108 107.5 0.658792 0.000285934 -16165.5 -16061.6 -15834.1
  109 108.5 0.649064 0.000281712 -15927.4 -16085.4 -16148.1
  110 109.5 0.651344 0.000282701 -15689.8 -15888.2 -16054.7
  111 110.5 0.655872 0.000284667 -15967.5 -15621.1 -15954.4
  112 111.5 0.664464 0.000288396 -15773.2 -15599.9 -15569.3
  113 112.5 0.663232 0.000287861 -15920.5 -15434.7 -15708.8
  114 113.5 0.656928 0.000285125 -15909 -15787.1 -16010
  115 114.5 0.64876 0.00028158 -15477 -15931.5 -16111.9
  116 115.5 0.660104 0.000286503 -15674.7 -15694.5 -15809.1
  117 116.5 0.660872 0.000286837 -15770.1 -15543.2 -15751.4
  118 117.5 0.662096 0.000287368 -15702.4 -15704.4 -15790.6
  119 118.5 0.661208 0.000286983 -15842.1 -15677.6 -15680.6
  120 119.5 0.666608 0.000289326 -15807.3 -15826 -15653.6
  121 120.5 0.664552 0.000288434 -15697.8 -15546.4 -15811.4
  122 121.5 0.66308 0.000287795 -15746.7 -15308.7 -15834.7
  123 122.5 0.675904 0.000293361 -16091.7 -15678.6 -15401.1
  124 123.5 0.670288 0.000290924 -16351.7 -15894.8 -15568.1
  125 124.5 0.669888 0.00029075 -16602.4 -16132.5 -15434.4
  126 125.5 0.664264 0.000288309 -15932.4 -15786.1 -15778
  127 126.5 0.666696 0.000289365 -16090.5 -16200.6 -15774.4
  128 127.5 0.665712 0.000288938 -16020.7 -16492.4 -15700.4
  129 128.5 0.673176 0.000292177 -16605.6 -15984.6 -15543
  130 129.5 0.666264 0.000289177 -16877.9 -16179.7 -15645.3
  131 130.5 0.673184 0.000292181 -16583.4 -15760.9 -15452.5
  132 131.5 0.667072 0.000289528 -16647.5 -15785.7 -15692
  133 132.5 0.659888 0.00028641 -16720.5 -15590 -15734.3
  134 133.5 0.648424 0.000281434 -16127.3 -15787.9 -16200.2
  135 134.5 0.636232 0.000276142 -15968.9 -16143.3 -16509.7
  136 135.5 0.637528 0.000276705 -16162.9 -15965.5 -16254.6
  137 136.5 0.649136 0.000281743 -15992.1 -15930.8 -16071.8
  138 137.5 0.65444 0.000284045 -16232.5 -16155.7 -15958.9
  139 138.5 0.647 0.000280816 -16078.1 -16596.3 -16145.3
  140 139.5 0.647992 0.000281247 -16296.3 -16001.8 -16057.2
  141 140.5 0.638408 0.000277087 -16121.6 -15933 -16360.1
  142 141.5 0.639352 0.000277497 -16226.2 -15612.7 -16261.6
  143 142.5 0.643512 0.000279302 -16468.1 -15716.7 -16235.6
  144 143.5 0.637352 0.000276628 -16726.1 -16105.5 -16383.9
  145 144.5 0.633288 0.000274865 -16628.8 -15964.1 -16560.4
  146 145.5 0.633536 0.000274972 -16485.6 -15983.2 -16556.3
  147 146.5 0.634864 0.000275549 -16386.5 -16210 -16359.2
  148 147.5 0.636032 0.000276056 -16224.4 -16337.3 -16399.4
  149 148.5 0.625816 0.000271622 -16036 -16453.9 -16676.8
  150 149.5 0.623944 0.000270809 -16425.5 -15741.6 -16706.3
  151 150.5 0.625368 0.000271427 -16517.9 -16036.5 -16816.1
  152 151.5 0.61336 0.000266215 -16229.3 -16192.8 -16926.2
  153 152.5 0.6188 0.000268576 -16248 -16323 -16708.4
  154 153.5 0.627216 0.000272229 -16029.8 -16478.6 -16787.3
  155 154.5 0.633752 0.000275066 -16280.9 -16286 -16495.5
  156 155.5 0.62948 0.000273212 -16529 -16299.5 -16707.5
  157 156.5 0.636424 0.000276226 -16255.7 -16045.8 -16399.5
  158 157.5 0.636392 0.000276212 -16495.9 -16037.2 -16236.9
  159 158.5 0.63168 0.000274167 -16592.9 -16249 -16499.2
  160 159.5 0.633248 0.000274847 -17046.4 -16323.6 -16661.1
  161 160.5 0.629712 0.000273313 -16249 -16164 -16508.2
  162 161.5 0.633096 0.000274781 -16249.2 -16890.6 -16459.2
  163 162.5 0.624552 0.000271073 -16139.2 -16968.8 -16727.5
  164 163.5 0.630728 0.000273753 -16674.2 -16458.9 -16517.9
  165 164.5 0.633952 0.000275153 -16971.7 -16791.4 -16570.7
  166 165.5 0.6298 0.000273351 -16704.4 -17090.6 -16548.5
  167 166.5 0.629224 0.000273101 -16522.4 -17037.8 -16563.4
  168 167.5 0.62868 0.000272865 -16363.5 -16931.5 -16599.9
  169 168.5 0.632568 0.000274552 -16934.4 -16677.4 -16428.2
  170 169.5 0.625584 0.000271521 -16684.9 -16523.3 -16662.9
  171 170.5 0.620368 0.000269257 -16558.2 -16193.9 -16845.1
  172 171.5 0.624304 0.000270965 -16320.5 -16714.3 -16719.8
  173 172.5 0.643304 0.000279212 -16144.4 -16466.2 -16161.9
  174 173.5 0.6374 0.000276649 -16497.4 -16293.9 -16367
  175 174.5 0.64404 0.000279531 -16447.6 -16106.3 -16302
  176 175.5 0.644712 0.000279823 -16708.1 -16240.2 -16183.8
  177 176.5 0.656208 0.000284813 -16343.9 -16498.9 -15975.2
  178 177.5 0.645104 0.000279993 -15966.6 -16662.8 -16224.7
  179 178.5 0.650496 0.000282333 -15994.7 -16815.2 -15899.6
  180 179.5 0.651216 0.000282646 -16248.6 -16171 -16130.9
  181 180.5 0.646768 0.000280715 -16010.8 -15962.5 -16089.1
  182 181.5 0.63648 0.00027625 -16427.5 -16468.8 -16456.9
  183 182.5 0.640248 0.000277885 -16728.6 -16403 -16319.1
  184 183.5 0.639208 0.000277434 -16133.5 -15927.8 -16290.8
  185 184.5 0.635368 0.000275767 -16028.8 -15942.3 -16385.4
  186 185.5 0.637136 0.000276535 -15994 -16276.7 -16411.7
  187 186.5 0.639368 0.000277503 -15909.7 -16138.6 -16289
  188 187.5 0.643136 0.000279139 -16048.4 -16355.9 -16257.8
  189 188.5 0.64176 0.000278542 -15758.6 -16810.7 -16308.2
  190 189.5 0.638576 0.00027716 -15889.6 -16580.8 -16287.7
  191 190.5 0.625392 0.000271437 -16776 -16539 -16647.3
  192 191.5 0.632672 0.000274597 -16689.7 -16760 -16645
  193 192.5 0.642736 0.000278965 -17086.8 -16756.9 -16108.2
  194 193.5 0.636176 0.000276118 -16108.4 -16707 -16451
  195 194.5 0.641136 0.000278271 -16058.6 -17197.1 -16343.9
  196 195.5 0.64192 0.000278611 -16344.3 -17161.2 -16219.7
  197 196.5 0.634064 0.000275201 -16153.7 -16317.4 -16473.8
  198 197.5 0.636392 0.000276212 -15845 -16813.4 -16333.5
  199 198.5 0.63648 0.00027625 -15791.1 -16882.4 -16401.2
  200 199.5 0.635344 0.000275757 -15792.9 -16491.4 -16478.8
  201 200.5 0.623272 0.000270517 -15975.2 -16626.5 -16823.8
  202 201.5 0.62816 0.000272639 -16453.6 -16224 -16602.4
  203 202.5 0.629184 0.000273083 -16246 -16052.5 -16376.6
  204 203.5 0.622296 0.000270094 -16084.2 -16182.8 -16847.3
  205 204.5 0.625856 0.000271639 -16478.6 -15930.5 -16630.1
  206 205.5 0.632288 0.000274431 -16293.5 -16292.5 -16434.3
  207 206.5 0.640936 0.000278184 -15971.6 -16502.4 -16168.3
  208 207.5 0.633128 0.000274795 -16325.3 -16296.6 -16303.2
  209 208.5 0.634128 0.000275229 -15755 -16280.4 -16285.3
  210 209.5 0.648656 0.000281535 -16114.2 -16158.3 -15830.7
  211 210.5 0.660176 0.000286535 -15890.2 -15490.9 -15308.1
  212 211.5 0.664296 0.000288323 -15942.9 -16102.5 -15200.6
  213 212.5 0.673536 0.000292333 -15767.5 -15517.6 -14693.8
  214 213.5 0.692424 0.000300531 -15418.5 -15555.4 -13774.8
  215 214.5 0.72236 0.000313524 -15079.8 -15219.8 -12786.9
  216 215.5 0.74648 0.000323993 -14513.3 -14834.1 -11773.5
  217 216.5 0.82192 0.000356736 -13906.6 -13965.8 -9624.45
  218 217.5 0.942776 0.000409191 -12451.4 -12805.3 -6505.19
  219 218.5 1.12384 0.000487778 -10733 -10881.1 -3252.75
  220 219.5 1.4411 0.000625476 -8313.72 -8671.2 422.087
  221 220.5 1.943 0.000843316 -5524.82 -5911.08 3968.02
  222 221.5 2.74486 0.00119134 -2620.88 -2557.61 6618.56
  223 222.5 3.98917 0.00173141 215.866 -124.236 8179.99
  224 223.5 5.75413 0.00249745 2919.61 3028.3 8950.47
  225 224.5 8.26316 0.00358644 5236.04 5130.69 8745.3
  226 225.5 11.376 0.0049375 7323.3 7349.85 8394.34
  227 226.5 14.9473 0.00648755 8868.05 8870.93 7345.47
  228 227.5 18.7564 0.00814081 10058.8 10000.8 6259.38
  229 228.5 22.4635 0.00974978 10832.7 10836.4 5101.69
  230 229.5 25.7982 0.0111971 11514.8 11671.1 4289.98
  231 230.5 28.5595 0.0123956 12213.1 12134.6 3017.44
  232 231.5 30.8647 0.0133961 12532.3 12558.2 1928.93
  233 232.5 32.7458 0.0142126 12535.7 12512.7 983.333
  234 233.5 34.3247 0.0148979 11926.8 11899.4 -437.127
  235 234.5 35.4004 0.0153648 10684.5 10535.6 -1732.95
  236 235.5 36.1864 0.0157059 9101.8 8896.42 -2741.48
  237 236.5 36.9167 0.0160229 7399.48 7321.89 -3266.95
  238 237.5 37.38 0.0162239 5577.42 5618.62 -3831.51
  239 238.5 37.5157 0.0162829 4157.62 4317.98 -3639.32
  240 239.5 37.849 0.0164275 2884.05 3110.68 -3183.64
  241 240.5 38.0765 0.0165263 2145.48 2009.37 -2716.03
  242 241.5 38.0764 0.0165262 1432.31 1327.69 -2273.77
  243 242.5 38.0982 0.0165357 934.785 820.024 -2030.19
  244 243.5 38.3066 0.0166261 445.676 607.493 -1660.27
  245 244.5 38.2507 0.0166019 138.578 414.537 -1209.23
  246 245.5 38.3042 0.0166251 36.9066 83.3658 -967.823
  247 246.5 38.2996 0.0166231 -242.142 5.88792 -1068.48
  248 247.5 38.3363 0.016639 -340.061 -134.314 -643.77
  249 248.5 38.361 0.0166497 -321.176 -270.363 -475.326
  250 249.5 38.3616 0.01665 -367.533 -194.914 -632.266
  251 250.5 38.299 0.0166228 -333.749 -177.79 -581.808
  252 251.5 38.3666 0.0166522 -157.745 -248.838 -206.962
  253 252.5 38.4068 0.0166696 -221.992 -198.151 -284.535
  254 253.5 38.3238 0.0166336 -135.168 -195.588 -437.444
  255 254.5 38.2964 0.0166217 -15.7207 -283.349 -395.047
  256 255.5 38.4097 0.0166709 -55.0419 -194.902 -143.081
  257 256.5 38.4317 0.0166804 -38.9796 -115.923 -258.426
  258 257.5 38.2777 0.0166136 -175.26 -261.84 -382.217
  259 258.5 38.2891 0.0166185 -45.7002 27.0164 -261.71
  260 259.5 38.4627 0.0166939 -86.8391 -186.067 -205.733
  261 260.5 38.3944 0.0166642 -296.009 -54.7153 -254.899
  262 261.5 38.2444 0.0165991 -451.033 -294.992 -377.366
  263 262.5 38.4215 0.016676 -173.348 -329.93 -217.053
  264 263.5 38.4408 0.0166844 -85.1908 -144.769 -200.1
  265 264.5 38.3105 0.0166278 -89.1228 -140.428 -297.471
  266 265.5 38.2868 0.0166175 -135.03 -404.356 -331.302
  267 266.5 38.4782 0.0167006 -312.614 -439.755 -189.65
  268 267.5 38.3878 0.0166614 -364.385 -326.097 -110.527
  269 268.5 38.2499 0.0166015 -293.491 -426.485 -397.921
  270 269.5 38.4244 0.0166772 -356.712 -459.903 -375.949
  271 270.5 38.4295 0.0166795 -237.1 -434.597 -201.2
  272 271.5 38.3082 0.0166268 -257.78 -320.823 -170.922
  273 272.5 38.3522 0.0166459 -184.148 -125.084 -318.465
  274 273.5 38.4041 0.0166685 -143.408 -54.8901 -229.326
  275 274.5 38.4077 0.01667 -349.574 -269.706 -233.636
  276 275.5 38.3026 0.0166244 -77.4984 -159.9 -270.177
  277 276.5 38.3844 0.0166599 -80.2583 -156.325 -310.452
  278 277.5 38.4357 0.0166821 -170.449 -226.231 -293.588
  279 278.5 38.33 0.0166363 4.17291 -60.7757 -176.334
  280 279.5 38.3452 0.0166429 -149.249 131.094 -311.957
  281 280.5 38.405 0.0166688 -91.3525 124.046 -287.047
  282 281.5 38.4758 0.0166996 -87.2622 -39.9636 -123.697
  283 282.5 38.2892 0.0166186 -123.039 -125.363 -265.304
  284 283.5 38.3622 0.0166503 -139.404 -254.497 -254.061
  285 284.5 38.4418 0.0166848 -219.817 46.1681 -271.999
  286 285.5 38.3219 0.0166328 -258.615 -292.854 -502.792
  287 286.5 38.2921 0.0166199 -199.945 -317.917 -111.804
  288 287.5 38.4672 0.0166958 -261.23 -597.108 -320.363
  289 288.5 38.446 0.0166866 -144.255 -150.783 -222.223
  290 289.5 38.1983 0.0165791 -253.078 -124.079 -161.827
  291 290.5 38.426 0.0166779 -369.364 -422.307 -277.071
  292 291.5 38.5249 0.0167209 -511.896 -515.425 -325.536
  293 292.5 38.2861 0.0166172 -188.248 -520.936 -322.364
  294 293.5 38.299 0.0166228 -375.362 -580.677 -168.705
  295 294.5 38.534 0.0167248 -323.381 -211.28 -332.364
  296 295.5 38.3673 0.0166525 -341.057 -341.509 -246.12
  297 296.5 38.2525 0.0166026 -297.506 -367.824 -195.045
  298 297.5 38.4228 0.0166766 -267.684 -303.177 -374.236
  299 298.5 38.5002 0.0167102 -44.3388 -392.958 -120.738
  300 299.5 38.2692 0.0166099 -371.352 -303.412 -288.908
  301 300.5 38.3518 0.0166457 -466.238 -510.842 -322.542
  302 301.5 38.4604 0.0166929 -241.758 -171.544 -175.795
  303 302.5 38.3844 0.0166599 -477.009 -401.973 -421.882
  304 303.5 38.3024 0.0166243 -455.356 -355.398 -167.154
  305 304.5 38.4327 0.0166808 -392.317 -239.352 -236.182
  306 305.5 38.4649 0.0166948 -338.514 -298.011 -174.108
  307 306.5 38.299 0.0166228 -360.151 -356.737 -363.783
  308 307.5 38.3755 0.016656 -51.6651 -273.105 -242.392
  309 308.5 38.4953 0.016708 -89.1115 -286.063 -424.607
  310 309.5 38.2941 0.0166207 -89.7848 -298.303 -110.995
  311 310.5 38.4038 0.0166683 -87.1072 -372.157 -277.483
  312 311.5 38.4094 0.0166708 -305.065 -339.928 -261.975
  313 312.5 38.4428 0.0166852 -225.755 -219.737 -127.793
  314 313.5 38.3057 0.0166257 -295.573 -298.839 -325.358
  315 314.5 38.4148 0.0166731 51.3531 -226.818 -397.347
  316 315.5 38.4167 0.0166739 -31.8033 -204.006 -237.67
  317 316.5 38.3623 0.0166503 57.81 -240.073 -97.0718
  318 317.5 38.3833 0.0166594 -122.363 -265.98 -415.638
  319 318.5 38.4306 0.0166799 -182.91 -285.086 -217.268
  320 319.5 38.3264 0.0166347 -239.017 -291.112 -220.767
  321 320.5 38.4338 0.0166813 -184.601 -266.953 -220.227
  322 321.5 38.4116 0.0166717 -275.979 -232.061 -392.129
  323 322.5 38.3501 0.016645 -306.248 -252.455 -247.458
  324 323.5 38.3787 0.0166574 -407.625 -184.595 -223.147
  325 324.5 38.4474 0.0166872 -23.3958 -89.8726 -91.6771
  326 325.5 38.4055 0.0166691 -391.126 -264.17 -485.015
  327 326.5 38.304 0.016625 -395.227 -211.506 -305.601
  328 327.5 38.4326 0.0166808 -407.491 -442.976 -141.204
  329 328.5 38.482 0.0167022 -396.609 -389.187 -293.668
  330 329.5 38.3066 0.0166261 -263.59 -270.492 -354.616
  331 330.5 38.3698 0.0166536 -64.6047 -183.918 -187.305
  332 331.5 38.5167 0.0167173 -104.056 -264.603 -284.24
  333 332.5 38.3958 0.0166648 -60.2943 -139.217 -136.063
  334 333.5 38.3001 0.0166233 -93.0413 -126.694 -292.43
  335 334.5 38.4568 0.0166913 -310.466 -79.0025 -444.32
  336 335.5 38.4062 0.0166693 -352.984 -94.3132 -221.405
  337 336.5 38.3777 0.016657 -152.547 -110.715 -142.803
  338 337.5 38.4004 0.0166668 -261.3 -164.608 -397.712
  339 338.5 38.4082 0.0166702 -275.07 -21.4697 -262.129
  340 339.5 38.4119 0.0166718 -75.8058 -139.116 -99.9578
  341 340.5 38.3539 0.0166467 -298.536 -339.284 -424.889
  342 341.5 38.4304 0.0166798 -209.544 -55.9841 -203.119
  343 342.5 38.3865 0.0166608 -301.943 -76.3396 -204.237
  344 343.5 38.4071 0.0166698 -117.141 -12.1344 -326.329
  345 344.5 38.365 0.0166515 -219.099 -380.485 -276.507
  346 345.5 38.4072 0.0166698 -199.587 -73.3225 -178.207
  347 346.5 38.3579 0.0166484 -225.183 -330.892 -345.578
  348 347.5 38.4046 0.0166687 -240.541 -205.097 -283.112
  349 348.5 38.3417 0.0166414 -366.235 -400.695 -267.77
  350 349.5 38.4106 0.0166713 -297.152 -409.671 -90.2593
  351 350.5 38.3616 0.01665 -246.558 -232.54 -367.925
  352 351.5 38.4104 0.0166712 -236.359 -248.061 -280.405
  353 352.5 38.2853 0.0166169 -402.846 -373.072 -157.202
  354 353.5 38.4758 0.0166996 -349.689 -365.832 -372.465
  355 354.5 38.3247 0.016634 -261.526 -221.446 -218.048
  356 355.5 38.3392 0.0166403 -218.437 -385.813 -283.366
  357 356.5 38.413 0.0166723 -153.829 -310.474 -184.35
  358 357.5 38.4096 0.0166708 -159.451 -374.11 -271.616
  359 358.5 38.2959 0.0166215 -294.364 -374.515 -252.786
  360 359.5 38.365 0.0166515 -416.789 -274.528 -274.807
  361 360.5 38.4268 0.0166783 -388.863 -253.959 -351.177
  362 361.5 38.3908 0.0166627 -382.069 -229.152 -252.403
  363 362.5 38.2929 0.0166202 -410.709 -356.688 -312.536
  364 363.5 38.4107 0.0166713 -285.478 -356.055 -258.325
  365 364.5 38.4098 0.0166709 -248.131 -116.602 -99.7759
  366 365.5 38.322 0.0166328 -289.834 -1.16139 -271.753
  367 366.5 38.3782 0.0166572 -388.737 -85.4789 -407.898
  368 367.5 38.3626 0.0166504 -282.362 -232.449 -292.919
  369 368.5 38.3902 0.0166624 -110.304 -169.234 -190.805
  370 369.5 38.3563 0.0166477 -190.513 -213.141 -440.707
  371 370.5 38.3489 0.0166445 -245.138 -107.043 -401.877
  372 371.5 38.3777 0.016657 -190.601 -269.644 -336.09
  373 372.5 38.4276 0.0166786 67.1598 -226.691 -484.612
  374 373.5 38.331 0.0166367 1.63363 -235.098 -546.172
  375 374.5 38.3086 0.016627 135.672 -1.19131 -683.323
  376 375.5 38.4356 0.0166821 32.3743 -48.0394 -638.167
  377 376.5 38.3213 0.0166325 134.962 -112.534 -988.684
  378 377.5 38.2975 0.0166222 -69.5586 -101.39 -1252.13
  379 378.5 38.2899 0.0166189 354.201 263.161 -1221.22
  380 379.5 38.2855 0.016617 518.881 514.718 -1635.63
  381 380.5 38.128 0.0165486 854.587 1017.1 -1741.18
  382 381.5 38.0463 0.0165131 1589.53 1709.42 -2103.81
  383 382.5 38.0106 0.0164977 2724.95 2462.93 -2382.78
  384 383.5 37.7061 0.0163655 3316.87 3530.6 -2313.69
  385 384.5 37.4074 0.0162359 4682.77 4759.64 -2073.8
  386 385.5 37.1912 0.016142 5750.01 6019.58 -1415.8
  387 386.5 36.5898 0.015881 7132.54 7201.49 -263.045
  388 387.5 35.8863 0.0155757 7596.89 7769.54 1060.95
  389 388.5 35.3178 0.0153289 7421.09 7501.31 2098.49
  390 389.5 34.5727 0.0150055 6368.67 6434.84 2925.56
  391 390.5 33.8076 0.0146734 4732.58 4923.31 3226.29
  392 391.5 33.4369 0.0145125 3162.54 3128.71 2669.12
  393 392.5 33.2141 0.0144158 2015.86 1827.87 2051.06
  394 393.5 33.0117 0.014328 1199.86 1025.35 1412.59
  395 394.5 33.0416 0.014341 902.509 665.645 894.194
  396 395.5 33.2348 0.0144248 691.802 646.536 282.517
  397 396.5 33.2087 0.0144135 513.014 489.113 -1.28927
  398 397.5 33.2155 0.0144164 393.223 354.201 -260.759
  399 398.5 33.4467 0.0145168 235.379 268.156 -439.118
  400 399.5 33.4674 0.0145258 30.0314 171.682 -517.595
  401 400.5 33.4083 0.0145001 -176.564 61.9737 -464.114
  402 401.5 33.4991 0.0145395 -200.835 -51.2416 -439.704
  403 402.5 33.5727 0.0145715 -214.207 -97.7597 -454.145
  404 403.5 33.593 0.0145803 -130.289 -44.1932 -393.906
  405 404.5 33.4906 0.0145359 -123.479 -185.701 -456.9
  406 405.5 33.589 0.0145786 -162.548 -145.211 -317.326
  407 406.5 33.6065 0.0145861 -332.406 -187.36 -461.584
  408 407.5 33.6169 0.0145907 -279.199 -224.013 -311.416
  409 408.5 33.5528 0.0145628 -337.963 -180.067 -384.575
  410 409.5 33.5795 0.0145744 -470.555 -346.858 -331.322
  411 410.5 33.6542 0.0146069 -310.681 -313.526 -296.519
  412 411.5 33.6705 0.0146139 -361.227 -389.204 -391.727
  413 412.5 33.4897 0.0145355 -251.984 -383.184 -344.406
  414 413.5 33.6626 0.0146105 -283.594 -400.266 -269.507
  415 414.5 33.6672 0.0146125 -405.662 -426.086 -378.218
  416 415.5 33.628 0.0145955 -142.342 -379.233 -293.822
  417 416.5 33.5751 0.0145725 -200.439 -324.329 -236.53
  418 417.5 33.6694 0.0146135 -208.054 -332.96 -305.269
  419 418.5 33.6974 0.0146256 -242.532 -235.7 -382.897
  420 419.5 33.5176 0.0145476 -196.394 -242.757 -258.694
  421 420.5 33.6135 0.0145892 -318.478 -328.463 -360.973
  422 421.5 33.7758 0.0146596 -307.688 -434.626 -314.022
  423 422.5 33.5844 0.0145766 -405.892 -278.273 -248.608
  424 423.5 33.5967 0.0145819 -467.484 -314.837 -339.505
  425 424.5 33.7003 0.0146269 -259.152 -451.268 -275.449
  426 425.5 33.6545 0.014607 -335.605 -356.921 -289.617
  427 426.5 33.6703 0.0146139 -383.169 -363.907 -333.402
  428 427.5 33.6087 0.0145871 -405.916 -261.038 -339.697
  429 428.5 33.6075 0.0145866 -317.255 -286.923 -332.587
  430 429.5 33.6633 0.0146108 -261.212 -261.217 -186.373
  431 430.5 33.6504 0.0146052 -438.629 -292.653 -336.757
  432 431.5 33.5974 0.0145822 -273.376 -306.02 -336.536
  433 432.5 33.5458 0.0145598 -445.135 -258.083 -331.552
  434 433.5 33.6913 0.014623 -347.684 -338.491 -312.315
  435 434.5 33.6378 0.0145997 -278.812 -305.448 -310.058
  436 435.5 33.5876 0.014578 -101.125 -202.313 -205.285
  437 436.5 33.6123 0.0145887 -299.496 -359.802 -359.405
  438 437.5 33.6922 0.0146233 -332.272 -367.793 -312.668
  439 438.5 33.635 0.0145985 -338.151 -529.523 -327.94
  440 439.5 33.4923 0.0145366 -362.258 -436.255 -262.894
  441 440.5 33.6798 0.014618 -381.016 -381.377 -369.879
  442 441.5 33.7034 0.0146282 -482.719 -310.954 -218.29
  443 442.5 33.551 0.014562 -287.151 -276.261 -311.667
  444 443.5 33.5421 0.0145582 -473.105 -383.296 -366.807
  445 444.5 33.7062 0.0146294 -273.927 -187.672 -345.476
  446 445.5 33.5894 0.0145787 -375.84 -215.535 -191.196
  447 446.5 33.541 0.0145577 -431.88 -275.837 -397.23
  448 447.5 33.6536 0.0146066 -325.932 -352.987 -410.394
  449 448.5 33.6804 0.0146182 -295.716 -298.348 -112.887
  450 449.5 33.5354 0.0145553 -288.402 -264.4 -267.238
  451 450.5 33.5559 0.0145642 -336.666 -321.619 -408.622
  452 451.5 33.6752 0.014616 -378.232 -347.616 -362.116
  453 452.5 33.6205 0.0145922 -231.579 -213.239 -134.837
  454 453.5 33.5527 0.0145628 -207.338 -434.318 -392.209
  455 454.5 33.5386 0.0145567 -132.508 -238.462 -336.722
  456 455.5 33.6516 0.0146057 -294.814 -497.871 -380.325
  457 456.5 33.6141 0.0145895 -226.653 -374.331 -139.284
  458 457.5 33.5571 0.0145647 -290.501 -358.565 -354.106
  459 458.5 33.5865 0.0145775 -302.306 -465.132 -301.214
  460 459.5 33.5716 0.014571 -444.384 -430.258 -421.891
  461 460.5 33.6155 0.0145901 -407.115 -379.833 -225.459
  462 461.5 33.5995 0.0145831 -394.727 -394.532 -278.601
  463 462.5 33.5924 0.0145801 -202.912 -296.535 -165.942
  464 463.5 33.564 0.0145677 -436.143 -314.987 -459.623
  465 464.5 33.6276 0.0145953 -390.606 -335.851 -249.649
  466 465.5 33.579 0.0145742 -307.709 -270.041 -256.237
  467 466.5 33.5988 0.0145828 -198.431 -311.003 -379.361
  468 467.5 33.6365 0.0145992 -247.936 -384.532 -306.271
  469 468.5 33.5869 0.0145777 -235.309 -397.925 -256.285
  470 469.5 33.6146 0.0145897 -303.684 -285.647 -350.866
  471 470.5 33.6587 0.0146088 -282.902 -209.673 -232.711
  472 471.5 33.5894 0.0145788 -284.726 -237.419 -362.107
  473 472.5 33.6027 0.0145845 -285.889 -37.9703 -357.161
  474 473.5 33.6342 0.0145982 -321.746 -261.49 -207.358
  475 474.5 33.6697 0.0146136 -411.103 -306.412 -242.109
  476 475.5 33.6228 0.0145932 -446.242 -388.177 -418.572
  477 476.5 33.6238 0.0145937 -352.19 -468.424 -391.255
  478 477.5 33.6657 0.0146119 -300.869 -400.12 -148.866
  479 478.5 33.696 0.014625 -379.658 -361.335 -299.236
  480 479.5 33.6257 0.0145945 -569.569 -373.708 -351.663
75000000 480 11610
  1 0.5 33.7471 0.0146472 -196.185 -144.379 -195.015
  2 1.5 33.5857 0.0145771 -419.103 -294.567 -378.822
  3 2.5 33.5605 0.0145662 -384.334 -457.191 -356.663
  4 3.5 33.6373 0.0145995 -261.512 -284.333 -228.044
  5 4.5 33.666 0.014612 -350.382 -372.215 -215.895
  6 5.5 33.5524 0.0145627 -192.15 -318.518 -300.174
  7 6.5 33.5668 0.0145689 -320.697 -188.321 -379.614
  8 7.5 33.6576 0.0146083 -225.787 -98.3905 -224.063
  9 8.5 33.5408 0.0145576 -128.269 -215.26 -253.361
  10 9.5 33.5878 0.014578 -169.859 -304.414 -323.923
  11 10.5 33.5917 0.0145797 -85.8682 -319.732 -278.215
  12 11.5 33.5955 0.0145814 -145.721 -261.071 -251.361
  13 12.5 33.5874 0.0145779 -142.307 -148.29 -283.093
  14 13.5 33.5388 0.0145568 -117.59 -273.62 -383.528
  15 14.5 33.6025 0.0145844 -105.352 -91.2621 -171.549
  16 15.5 33.5976 0.0145823 -194.738 -402.512 -368.78
  17 16.5 33.6114 0.0145883 -200.042 -445.485 -232.442
  18 17.5 33.5346 0.0145549 -181.491 -272.779 -380.985
  19 18.5 33.6272 0.0145951 -23.2205 -220.352 -246.108
  20 19.5 33.5683 0.0145696 -132.658 -422.687 -284.71
  21 20.5 33.6179 0.0145911 -63.0535 -323.652 -269.449
  22 21.5 33.5929 0.0145802 -343.698 -395.917 -289.297
  23 22.5 33.6135 0.0145892 -159.497 -282.887 -323.258
  24 23.5 33.6322 0.0145973 -287.017 -230.245 -250.93
  25 24.5 33.5361 0.0145556 -159.138 -406.746 -298.99
  26 25.5 33.6027 0.0145845 -203.835 -292.821 -374.156
  27 26.5 33.5612 0.0145665 -249.396 -326.327 -260.225
  28 27.5 33.6456 0.0146031 -257.841 -309.365 -154.886
  29 28.5 33.5852 0.0145769 -353.647 -392.397 -376.851
  30 29.5 33.6037 0.0145849 -283.251 -275.395 -317.21
  31 30.5 33.5269 0.0145516 -29.001 -234.677 -364.5
  32 31.5 33.6044 0.0145852 -167.435 -88.9808 -186.664
  33 32.5 33.6005 0.0145836 -303.929 -312.62 -352.333
  34 33.5 33.5362 0.0145556 -385.815 -253.031 -181.994
  35 34.5 33.5737 0.0145719 -295.304 -182.838 -287.22
  36 35.5 33.5979 0.0145824 -290.484 -338.301 -380.843
  37 36.5 33.5726 0.0145714 -255.566 -304.04 -222.401
  38 37.5 33.5636 0.0145675 -343.486 -296.02 -345.774
  39 38.5 33.5547 0.0145637 -334.975 -346.17 -318.568
  40 39.5 33.6047 0.0145854 -338.671 -406.599 -289.856
  41 40.5 33.5415 0.0145579 -244.089 -202.179 -261.652
  42 41.5 33.5288 0.0145524 -237.51 -336.718 -289.863
  43 42.5 33.5552 0.0145639 -152.914 -253.465 -253.538
  44 43.5 33.6057 0.0145858 -218.919 -185.318 -345.136
  45 44.5 33.4992 0.0145396 -174.132 -148.852 -333.335
  46 45.5 33.5109 0.0145446 -129.405 -171.999 -299.237
  47 46.5 33.5637 0.0145676 -399.156 -327.179 -302.53
  48 47.5 33.5563 0.0145644 -355.084 -281.111 -356.845
  49 48.5 33.5104 0.0145444 -367.832 -239.252 -533.969
  50 49.5 33.5086 0.0145437 -298.863 -228.685 -426.087
  51 50.5 33.5566 0.0145645 -227.05 -249.607 -418.371
  52 51.5 33.5416 0.014558 -223.671 -189.786 -519.395
  53 52.5 33.4432 0.0145153 -72.6001 0.104467 -696.024
  54 53.5 33.4399 0.0145138 92.3716 -118.797 -816.361
  55 54.5 33.4566 0.0145211 108.396 52.2346 -861.846
  56 55.5 33.4356 0.014512 170.532 20.4424 -1017.71
  57 56.5 33.26 0.0144358 474.388 416.616 -1221.88
  58 57.5 33.2299 0.0144227 509.411 559.699 -1537.78
  59 58.5 33.1807 0.0144013 956.983 925.027 -1735.59
  60 59.5 32.9465 0.0142997 1314.04 1310.73 -1964.39
  61 60.5 32.6763 0.0141824 1751.96 1701.58 -2333.81
  62 61.5 32.4783 0.0140965 2507.11 2516.35 -2577.59
  63 62.5 31.9972 0.0138877 3480.53 3445.21 -2683.29
  64 63.5 31.2505 0.0135636 4482.95 4556.9 -2712.5
  65 64.5 30.3893 0.0131898 5583.44 5709.06 -2442.4
  66 65.5 29.1418 0.0126484 6727.15 6853.87 -1573.31
  67 66.5 27.3314 0.0118626 7956.21 7961.88 -575.553
  68 67.5 25.0406 0.0108683 8756.07 8749.1 898.46
  69 68.5 22.2163 0.0096425 9397.73 9294.32 2593.26
  70 69.5 18.8767 0.008193 9307.47 9442.1 4590.1
  71 70.5 15.2871 0.00663502 8699.68 8712.72 6153.2
  72 71.5 11.7561 0.00510249 7535.13 7603.41 7682.17
  73 72.5 8.64217 0.00375094 5683.35 5814.33 8667.46
  74 73.5 6.09566 0.00264568 3380.37 3469.91 9146.93
  75 74.5 4.17746 0.00181313 597.771 943.511 8731.66
  76 75.5 2.86241 0.00124236 -2087.41 -2124.37 7418.87
  77 76.5 1.9773 0.000858205 -5207.49 -5147.6 4609.15
  78 77.5 1.41839 0.000615622 -7859.11 -7994.08 1207.41
  79 78.5 1.10178 0.000478201 -10681.7 -10991.8 -2551.94
  80 79.5 0.915992 0.000397566 -12144.6 -12870.7 -6039.6
  81 80.5 0.790048 0.000342903 -14384.1 -14807.2 -9440.18
  82 81.5 0.723728 0.000314118 -15028.4 -15413.2 -11497.8
  83 82.5 0.67824 0.000294375 -15729.8 -15648.7 -12978.7
  84 83.5 0.65732 0.000285295 -15814.8 -15892 -14128.8
  85 84.5 0.64092 0.000278177 -15531.5 -16071.9 -14862.1
  86 85.5 0.63968 0.000277639 -15645.1 -16024.7 -14969.1
  87 86.5 0.627456 0.000272333 -15758.9 -15825.2 -15583.8
  88 87.5 0.620528 0.000269326 -16188.2 -16709.1 -15708.7
  89 88.5 0.612616 0.000265892 -16587.9 -16353.4 -16339
  90 89.5 0.616248 0.000267469 -16325.5 -16800 -16097
  91 90.5 0.61016 0.000264826 -16598.3 -16615.7 -16404.2
  92 91.5 0.612768 0.000265958 -16388.3 -16624.7 -16204.7
  93 92.5 0.610344 0.000264906 -16706.8 -16780.6 -16505.9
  94 93.5 0.607424 0.000263639 -16439.1 -17039.9 -16637.5
  95 94.5 0.618304 0.000268361 -16076.1 -16317.4 -16003.7
  96 95.5 0.60916 0.000264392 -15847.7 -16487.7 -16529
  97 96.5 0.616912 0.000267757 -15684.1 -16368.1 -16393.6
  98 97.5 0.61804 0.000268247 -15823.6 -16295.3 -16329.5
  99 98.5 0.618312 0.000268365 -15820.4 -15987.1 -16089.1
  100 99.5 0.621264 0.000269646 -15999.7 -16376 -16166.1
  101 100.5 0.619616 0.000268931 -16024.5 -16494 -16226.4
  102 101.5 0.615872 0.000267306 -17033.9 -16835.6 -16380.5
  103 102.5 0.617448 0.00026799 -16832.1 -16278.2 -16201.4
  104 103.5 0.610752 0.000265083 -16633.7 -16119.3 -16584.3
  105 104.5 0.61736 0.000267951 -16957.6 -16360.4 -16246.1
  106 105.5 0.614888 0.000266878 -17048.9 -15955.9 -16305.9
  107 106.5 0.621976 0.000269955 -17302 -16510.1 -16051
  108 107.5 0.614832 0.000266854 -17024.9 -16380.4 -16450.2
  109 108.5 0.609912 0.000264719 -16691.4 -16030.8 -16507.2
  110 109.5 0.612736 0.000265944 -16926.3 -15921.9 -16365.9
  111 110.5 0.609224 0.00026442 -16391.8 -16120.1 -16495.8
  112 111.5 0.608512 0.000264111 -16890.4 -16351.7 -16519.6
  113 112.5 0.595328 0.000258389 -17033.6 -16035.4 -16911.7
  114 113.5 0.60176 0.000261181 -17068.1 -16374.3 -16670.6
  115 114.5 0.607176 0.000263531 -16977.8 -15927.1 -16565.2
  116 115.5 0.604264 0.000262267 -17142.2 -16499.1 -16611.7
  117 116.5 0.59272 0.000257257 -16575.5 -16311.5 -16898.2
  118 117.5 0.601824 0.000261208 -16763.7 -16607.2 -16900
  119 118.5 0.604408 0.00026233 -16527.7 -17180.2 -16396.8
  120 119.5 0.594576 0.000258062 -16047.1 -17564.6 -16863.7
  121 120.5 0.608216 0.000263983 -16419.8 -17460 -16587.3
  122 121.5 0.598776 0.000259885 -16597.6 -17501.8 -16805.9
  123 122.5 0.601144 0.000260913 -16497.6 -17161.2 -16716.4
  124 123.5 0.592976 0.000257368 -16606.1 -17488.2 -16883.5
  125 124.5 0.596608 0.000258944 -16551.9 -16813.5 -16833.1
  126 125.5 0.596808 0.000259031 -16626.1 -16507.1 -16864.7
  127 126.5 0.603792 0.000262062 -16556.5 -16718.5 -16679.2
  128 127.5 0.614696 0.000266795 -16169.5 -16206 -16262.5
  129 128.5 0.612352 0.000265778 -15811.6 -16099.5 -16427
  130 129.5 0.618464 0.000268431 -15615.4 -15928.5 -16431.6
  131 130.5 0.616048 0.000267382 -15494.7 -16204.8 -16260.6
  132 131.5 0.61728 0.000267917 -15430.6 -16237 -16272.8
  133 132.5 0.623256 0.00027051 -16238.7 -16575.6 -16133.6
  134 133.5 0.607784 0.000263795 -16728.4 -16309.7 -16593.2
  135 134.5 0.604312 0.000262288 -16691.6 -16621.2 -16643.5
  136 135.5 0.598608 0.000259813 -16368.5 -16484.3 -16840.6
  137 136.5 0.606152 0.000263087 -16234.9 -16374.1 -16511.9
  138 137.5 0.600256 0.000260528 -16336.7 -16887.7 -16755.7
  139 138.5 0.589432 0.00025583 -16449.2 -16965.7 -17057.9
  140 139.5 0.58612 0.000254392 -16320.5 -16336.6 -17053.6
  141 140.5 0.584072 0.000253503 -16158.5 -16338.3 -17220
  142 141.5 0.597392 0.000259285 -16496.4 -16426.6 -16964.7
  143 142.5 0.600152 0.000260483 -16218.6 -16422 -16831.4
  144 143.5 0.602824 0.000261642 -16326.1 -16518.1 -16658.2
  145 144.5 0.589168 0.000255715 -16710.2 -16416.5 -16993.9
  146 145.5 0.58908 0.000255677 -16907.5 -16695 -17037
  147 146.5 0.60044 0.000260608 -17051 -16073.7 -16698.5
  148 147.5 0.60596 0.000263003 -16716.5 -16108.5 -16653.9
  149 148.5 0.609024 0.000264333 -16570.5 -16492.8 -16541.1
  150 149.5 0.611488 0.000265403 -16843.2 -16206.6 -16413.7
  151 150.5 0.605936 0.000262993 -17624.2 -16620.1 -16650.4
  152 151.5 0.6106 0.000265017 -17035 -16360.1 -16342.5
  153 152.5 0.61036 0.000264913 -16683.2 -16146.4 -16407.7
  154 153.5 0.618656 0.000268514 -16441.9 -16523.2 -16360.9
  155 154.5 0.617384 0.000267962 -16562.6 -16858.3 -16358.6
  156 155.5 0.622 0.000269965 -17025.2 -16469.4 -16135.4
  157 156.5 0.62064 0.000269375 -16774.3 -15878.9 -16163.6
  158 157.5 0.603504 0.000261938 -16342.3 -16116.8 -16573.3
  159 158.5 0.611448 0.000265385 -16241.7 -16677.9 -16536.6
  160 159.5 0.605088 0.000262625 -16626.7 -17271.5 -16746.1
  161 160.5 0.6086 0.000264149 -17287.5 -17066.2 -16446.3
  162 161.5 0.617944 0.000268205 -16612.1 -16903 -16245.4
  163 162.5 0.6194 0.000268837 -16665.9 -16645 -16308.7
  164 163.5 0.613216 0.000266153 -16496 -16523.9 -16391.7
  165 164.5 0.614168 0.000266566 -16422.4 -16472.7 -16352.6
  166 165.5 0.61008 0.000264792 -16860.1 -16298.2 -16476.8
  167 166.5 0.602104 0.00026133 -16781.7 -15834.3 -16560.4
  168 167.5 0.605224 0.000262684 -16980.2 -15699 -16760.9
  169 168.5 0.616832 0.000267722 -17186.3 -15795.9 -16222.4
  170 169.5 0.601648 0.000261132 -17019.4 -15961 -16866.1
  171 170.5 0.603632 0.000261993 -16854.4 -16123.9 -16636.7
  172 171.5 0.603032 0.000261733 -16775.2 -16308.9 -16718.2
  173 172.5 0.603288 0.000261844 -16596.9 -15683.9 -16577.9
  174 173.5 0.592864 0.000257319 -16278.8 -15902.6 -17007.3
  175 174.5 0.593912 0.000257774 -15855.4 -15847.2 -16952.6
  176 175.5 0.598128 0.000259604 -16368.7 -16459.6 -16834.7
  177 176.5 0.605688 0.000262885 -16380.6 -16445.4 -16554
  178 177.5 0.601272 0.000260969 -16291.7 -16503.2 -16744.5
  179 178.5 0.60856 0.000264132 -16170.6 -16527.3 -16473.6
  180 179.5 0.611264 0.000265306 -16281.2 -16568.3 -16471.1
  181 180.5 0.597792 0.000259458 -16330.5 -16356.7 -16887
  182 181.5 0.606736 0.00026334 -16519.3 -16828.3 -16581.9
  183 182.5 0.60648 0.000263229 -16784 -16975.1 -16560.4
  184 183.5 0.601048 0.000260872 -16456.2 -17258.6 -16693.4
  185 184.5 0.606296 0.000263149 -16145 -16784.1 -16607.7
  186 185.5 0.607832 0.000263816 -15952.4 -16596.1 -16580.4
  187 186.5 0.60952 0.000264549 -15876.8 -16357.5 -16494.8
  188 187.5 0.606408 0.000263198 -16408.5 -16626.9 -16480
  189 188.5 0.61828 0.000268351 -15932.2 -16443.9 -16280.3
  190 189.5 0.620184 0.000269177 -16264.6 -16090.9 -16262.1
  191 190.5 0.620776 0.000269434 -16083.3 -16111.1 -16181.1
  192 191.5 0.620056 0.000269122 -16372.2 -15986.1 -16273
  193 192.5 0.615432 0.000267115 -16242.1 -16309.8 -16446.9
  194 193.5 0.622408 0.000270142 -15950.9 -16342.8 -16097.9
  195 194.5 0.622176 0.000270042 -16011.5 -16543.1 -16105.6
  196 195.5 0.62312 0.000270451 -16294.1 -16476.4 -16122.7
  197 196.5 0.615024 0.000266937 -16337.9 -16414.2 -16334.9
  198 197.5 0.6172 0.000267882 -15940.1 -16113.2 -16244.6
  199 198.5 0.626536 0.000271934 -15944.4 -15993.6 -16208.9
  200 199.5 0.621936 0.000269937 -16219.9 -16421 -16104.5
  201 200.5 0.6274 0.000272309 -16313 -16319.5 -16090.4
  202 201.5 0.624992 0.000271264 -16954.2 -16144.3 -16090
  203 202.5 0.623128 0.000270455 -16329.3 -16350.4 -16159.7
  204 203.5 0.611848 0.000265559 -16258.3 -16023.1 -16356.2
  205 204.5 0.604296 0.000262281 -16334.4 -16546.8 -16506.9
  206 205.5 0.598472 0.000259753 -16865.8 -16289.4 -16818.8
  207 206.5 0.6002 0.000260503 -16816.5 -15915.5 -16670.8
  208 207.5 0.605824 0.000262944 -16323.6 -16311.6 -16585.9
  209 208.5 0.616728 0.000267677 -16556 -16187.5 -16241.3
  210 209.5 0.61272 0.000265938 -16293 -16015.5 -16321.1
  211 210.5 0.605936 0.000262993 -16288.9 -16180 -16278.9
  212 211.5 0.606512 0.000263243 -16438.1 -16185.3 -16251
  213 212.5 0.622472 0.00027017 -16265.6 -16350.9 -15591.4
  214 213.5 0.638496 0.000277125 -16148.5 -16349 -15022.1
  215 214.5 0.638752 0.000277236 -16632.9 -16046.6 -14908.3
  216 215.5 0.651272 0.00028267 -16157.3 -15720.9 -14237.9
  217 216.5 0.682752 0.000296333 -15763.8 -15193.8 -12933.5
  218 217.5 0.71652 0.00031099 -14755.7 -14415.9 -11600.7
  219 218.5 0.78768 0.000341875 -13367.9 -13677.9 -9278.02
  220 219.5 0.905048 0.000392816 -11928.7 -12600.3 -6246.1
  221 220.5 1.09111 0.000473573 -10285.8 -10462.6 -2724.79
  222 221.5 1.43081 0.00062101 -8054.94 -8272.84 1515.72
  223 222.5 1.96666 0.000853583 -5335.52 -5423.62 4619.99
  224 223.5 2.86007 0.00124135 -2079.99 -2175.17 7650.23
  225 224.5 4.24046 0.00184048 869.139 715.895 9322.3
  226 225.5 6.29419 0.00273185 3762.63 3803.14 9931.9
  227 226.5 9.06036 0.00393245 6062.03 6264.18 9713.46
  228 227.5 12.458 0.00540714 8412.29 8561.57 9205
  229 228.5 16.3939 0.00711541 10150.8 10172.1 8288
  230 229.5 20.5521 0.00892019 11623.8 11671.8 7150.47
  231 230.5 24.3506 0.0105689 13074.2 13016.9 5845.57
  232 231.5 27.6407 0.0119968 13844.6 13777.4 4484.11
  233 232.5 30.5394 0.0132549 14552.8 14476.4 2958.98
  234 233.5 32.6717 0.0141804 14347.2 14179.7 1163.03
  235 234.5 34.3147 0.0148935 13435.6 13488.1 -519.005
  236 235.5 35.4948 0.0154057 11539.6 11660.4 -2309.56
  237 236.5 36.3977 0.0157976 9302.07 9571.45 -3361.34
  238 237.5 36.9854 0.0160527 7122.12 7271.93 -3888.37
  239 238.5 37.4064 0.0162354 5166.29 5215.72 -3922.2
  240 239.5 37.7263 0.0163743 3476.17 3434.97 -3990.87
  241 240.5 37.911 0.0164544 2271.66 2315.31 -3444.34
  242 241.5 38.0333 0.0165075 1655.36 1647 -2671.03
  243 242.5 38.1344 0.0165514 1008.32 1179.25 -2381.37
  244 243.5 38.2468 0.0166002 677.483 717.154 -1898.31
  245 244.5 38.2128 0.0165854 408.218 593.419 -1635.32
  246 245.5 38.2759 0.0166128 160.659 429.932 -1164.71
  247 246.5 38.3035 0.0166248 328.253 163.2 -970.643
  248 247.5 38.3683 0.0166529 148.543 68.0443 -945.189
  249 248.5 38.2718 0.016611 24.0855 -38.0917 -667.314
  250 249.5 38.3097 0.0166275 -201.767 -50.3984 -452.131
  251 250.5 38.4439 0.0166857 -425.019 -366.862 -615.192
  252 251.5 38.3361 0.0166389 -554.537 -529.715 -346.372
  253 252.5 38.3317 0.016637 -322.619 -550.502 -463.123
  254 253.5 38.3924 0.0166634 -233.272 -363.032 -263.635
  255 254.5 38.3599 0.0166493 -239.828 -392.486 -323.408
  256 255.5 38.3277 0.0166353 -160.064 -338.322 -362.486
  257 256.5 38.3616 0.01665 -247.192 -375.558 -215.45
  258 257.5 38.363 0.0166506 -233.762 -386.42 -201.993
  259 258.5 38.3468 0.0166436 -253.942 -276.845 -362.248
  260 259.5 38.3706 0.0166539 14.7915 -199.129 -90.1139
  261 260.5 38.3369 0.0166393 -252.717 -297.248 -289.805
  262 261.5 38.4146 0.016673 -240.292 -240.619 -256.253
  263 262.5 38.3301 0.0166363 -356.113 -285.954 -309.08
  264 263.5 38.3124 0.0166287 -304.48 -454.617 -267.719
  265 264.5 38.3854 0.0166603 -222.462 -483.103 -317.707
  266 265.5 38.4219 0.0166762 -188.196 -464.108 -229.395
  267 266.5 38.3523 0.016646 -303.994 -423.902 -183.841
  268 267.5 38.3152 0.0166299 -542.303 -355.028 -262.091
  269 268.5 38.4398 0.0166839 -251.992 -360.681 -316.913
  270 269.5 38.3517 0.0166457 -26.1604 -144.127 -231.523
  271 270.5 38.3105 0.0166278 173.806 -8.85221 -163.614
  272 271.5 38.3726 0.0166548 86.0095 -68.8663 -233.724
  273 272.5 38.3986 0.0166661 12.1759 0.373504 -227.624
  274 273.5 38.3254 0.0166343 -71.9254 2.06511 -153.855
  275 274.5 38.384 0.0166597 -151.299 32.6 -514.707
  276 275.5 38.345 0.0166428 -155.945 -255.274 -78.4298
  277 276.5 38.3828 0.0166592 -175.777 -295.142 -233.142
  278 277.5 38.4249 0.0166775 -165.682 -486.472 -278.876
  279 278.5 38.3285 0.0166356 -236.585 -249.875 -380.26
  280 279.5 38.3776 0.0166569 -289.71 -326.611 -87.6565
  281 280.5 38.4347 0.0166817 -282.281 -64.658 -109.772
  282 281.5 38.3811 0.0166584 -384.465 -346.235 -446.452
  283 282.5 38.3228 0.0166331 -183.235 -44.0912 -320.228
  284 283.5 38.3819 0.0166588 -271.541 -109.163 -146.955
  285 284.5 38.4252 0.0166776 -165.409 -291.955 -222.952
  286 285.5 38.346 0.0166432 -192.798 -141.279 -237.981
  287 286.5 38.3112 0.0166281 -190.849 -394.99 -268.436
  288 287.5 38.4545 0.0166903 -175.249 -496.13 -309.582
  289 288.5 38.3494 0.0166447 -251.941 -626.428 -124.429
  290 289.5 38.3595 0.0166491 -174.16 -291.76 -209.869
  291 290.5 38.3899 0.0166623 -193.665 -357.73 -381.543
  292 291.5 38.4045 0.0166686 -92.7027 -240.36 -212.638
  293 292.5 38.3586 0.0166487 -407.258 -231.662 -160.607
  294 293.5 38.3712 0.0166542 -129.85 -449.267 -434.722
  295 294.5 38.3586 0.0166487 -370.235 -330.282 -69.7263
  296 295.5 38.4516 0.0166891 -317.986 -499.657 -235.133
  297 296.5 38.3279 0.0166354 -377.279 -348.192 -341.604
  298 297.5 38.3378 0.0166397 -250.614 -238.517 -278.835
  299 298.5 38.4269 0.0166783 -260.182 -109.35 -306.345
  300 299.5 38.4075 0.0166699 -74.569 -246.191 -126.293
  301 300.5 38.2835 0.0166161 127.189 -258.152 -167.494
  302 301.5 38.4072 0.0166698 -160.565 -97.5807 -438.877
  303 302.5 38.404 0.0166684 -122.442 205.144 -167.453
  304 303.5 38.3532 0.0166464 -87.3678 67.7233 -203.452
  305 304.5 38.3548 0.0166471 -228.09 43.245 -232.293
  306 305.5 38.3641 0.0166511 -344.608 -258.425 -432.298
  307 306.5 38.4399 0.016684 -345.141 -501.206 -117.335
  308 307.5 38.4169 0.016674 -344.379 -495.214 -205.266
  309 308.5 38.3146 0.0166296 -330.344 -460.735 -416.357
  310 309.5 38.4123 0.016672 -306.108 -272.292 -229.351
  311 310.5 38.387 0.016661 -193.306 -325.715 -191.071
  312 311.5 38.3902 0.0166624 242.04 29.1625 -97.5918
  313 312.5 38.3748 0.0166557 -249.258 -173.887 -451.511
  314 313.5 38.3887 0.0166618 -15.6278 -112.599 -312.001
  315 314.5 38.3858 0.0166605 -186.169 -235.612 -133.18
  316 315.5 38.3916 0.016663 -63.3564 -46.0478 -197.652
  317 316.5 38.3923 0.0166633 -206.455 -491.626 -442.729
  318 317.5 38.3849 0.0166601 -114.52 -140.793 -123.413
  319 318.5 38.397 0.0166654 81.7174 -311.387 -290.121
  320 319.5 38.383 0.0166593 -194.161 -275.992 -188.968
  321 320.5 38.4031 0.016668 -260.246 -354.249 -218.985
  322 321.5 38.3928 0.0166635 -387.714 -564.757 -355.559
  323 322.5 38.3835 0.0166595 -402.325 -617.81 -267.205
  324 323.5 38.4097 0.0166709 -204.206 -373.549 -218.704
  325 324.5 38.3834 0.0166595 -76.396 -220.142 -141.691
  326 325.5 38.3477 0.016644 -368.429 -321.11 -342.671
  327 326.5 38.4294 0.0166794 -445.823 -252.726 -229.685
  328 327.5 38.4111 0.0166715 -345.663 -321.28 -274.842
  329 328.5 38.3186 0.0166313 -299.042 -329.101 -138.183
  330 329.5 38.4003 0.0166668 -613.619 -428.24 -342.648
  331 330.5 38.4213 0.0166759 -322.365 -332.693 -182.408
  332 331.5 38.3391 0.0166402 -301.53 -418.814 -199.247
  333 332.5 38.4119 0.0166719 -348.195 -149.108 -351.046
  334 333.5 38.3825 0.0166591 -262.385 -248.281 -283.446
  335 334.5 38.3949 0.0166644 -391.193 -343.322 -179.695
  336 335.5 38.372 0.0166545 -467.859 -342.731 -94.955
  337 336.5 38.4198 0.0166753 -521.729 -438.118 -447.873
  338 337.5 38.3385 0.01664 -170.47 -202.425 -250.811
  339 338.5 38.3855 0.0166604 -273.945 -457.543 -244.39
  340 339.5 38.3705 0.0166539 -539.95 -490.233 -128.462
  341 340.5 38.4007 0.016667 -321.139 -401.887 -519.183
  342 341.5 38.3644 0.0166512 -354.536 -226.589 -151.523
  343 342.5 38.3573 0.0166481 -203.095 -259.805 -187.513
  344 343.5 38.3929 0.0166636 -292.793 -141.831 -113.515
  345 344.5 38.3933 0.0166637 -275.802 57.45 -461.125
  346 345.5 38.3006 0.0166235 -255.576 -107.176 -240.974
  347 346.5 38.4015 0.0166673 -265.114 -93.3596 -181.296
  348 347.5 38.4248 0.0166774 -346.717 -29.8574 -231.147
  349 348.5 38.3614 0.0166499 -230.941 -42.5869 -277.19
  350 349.5 38.3072 0.0166264 -131.886 -3.63848 -300.257
  351 350.5 38.3969 0.0166653 -218.517 166.44 -228.572
  352 351.5 38.4485 0.0166877 -266.911 207.398 -128.149
  353 352.5 38.3412 0.0166412 -196.651 -17.2845 -238.497
  354 353.5 38.353 0.0166462 -356.974 -344.924 -249.348
  355 354.5 38.4486 0.0166878 -382.064 -363.561 -296.61
  356 355.5 38.3622 0.0166503 -304.043 -242.536 -421.21
  357 356.5 38.3334 0.0166378 -364.566 -192.799 -110.689
  358 357.5 38.4628 0.0166939 -192.011 -105.283 -291.609
  359 358.5 38.3732 0.016655 -156.162 -129.381 -277.986
  360 359.5 38.3378 0.0166397 -361.43 -291.662 -231.15
  361 360.5 38.4211 0.0166758 -256.885 -211.171 -114.555
  362 361.5 38.4706 0.0166973 -242.465 -70.6447 -297.798
  363 362.5 38.3059 0.0166258 -490.179 -371.275 -306.908
  364 363.5 38.4223 0.0166764 -204.833 -133.133 -247.961
  365 364.5 38.4445 0.016686 -192.253 -140.139 -257.905
  366 365.5 38.3844 0.0166599 -114.146 -170.45 -216.011
  367 366.5 38.3061 0.0166259 -306.348 -263.894 -342.352
  368 367.5 38.4494 0.0166881 -370.739 -88.0004 -234.676
  369 368.5 38.4344 0.0166816 -444.088 -304.912 -543.765
  370 369.5 38.3599 0.0166493 -268.437 -241.8 -260.352
  371 370.5 38.3386 0.01664 -62.4637 -36.5987 -117.209
  372 371.5 38.495 0.0167079 88.6442 -156.601 -420.21
  373 372.5 38.3318 0.0166371 70.5057 -68.0702 -482.622
  374 373.5 38.3225 0.016633 -160.36 -109.674 -619.578
  375 374.5 38.3737 0.0166553 -50.843 -61.2277 -547.025
  376 375.5 38.4161 0.0166737 -182.593 -124.552 -674.206
  377 376.5 38.2968 0.0166219 9.89411 150.142 -825.571
  378 377.5 38.2912 0.0166194 79.3304 264.681 -1077.57
  379 378.5 38.3144 0.0166295 377.281 424.554 -1203.26
  380 379.5 38.2683 0.0166095 670.949 524.871 -1336.54
  381 380.5 38.1474 0.016557 997.901 863.67 -1532.08
  382 381.5 38.1902 0.0165756 1249.69 1488.72 -2180.36
  383 382.5 38.0227 0.0165029 1770.65 1990 -2241.26
  384 383.5 37.7981 0.0164054 2836.68 2863.36 -2299.68
  385 384.5 37.6173 0.016327 3963.93 3965.91 -2324.91
  386 385.5 37.2851 0.0161828 5209.03 5067.67 -1818.3
  387 386.5 36.8628 0.0159995 6600.06 6489.47 -829.785
  388 387.5 36.3198 0.0157638 7518.04 7356.48 389.425
  389 388.5 35.614 0.0154574 7755.67 7722.17 1739.24
  390 389.5 34.7967 0.0151028 6990.27 6886.72 2868.38
  391 390.5 34.1888 0.0148389 5454.23 5651.96 3014.36
  392 391.5 33.5862 0.0145774 3768.07 3826.31 3023.26
  393 392.5 33.1545 0.01439 2472.64 2485.08 2482.91
  394 393.5 33.066 0.0143516 1344.61 1372.28 1712.73
  395 394.5 33.134 0.0143811 785.285 758.443 1014.84
  396 395.5 33.0682 0.0143525 862.935 630.48 661.749
  397 396.5 33.1792 0.0144007 564.175 441.013 105.595
  398 397.5 33.3269 0.0144648 279.762 387.551 -206.359
  399 398.5 33.328 0.0144653 381.94 399.717 -408.08
  400 399.5 33.38 0.0144879 111.57 166.808 -426.595
  401 400.5 33.4873 0.0145344 118.522 -15.0441 -485.959
  402 401.5 33.5105 0.0145445 84.7854 -157.215 -332.446
  403 402.5 33.505 0.0145421 -145.47 -119.239 -440.086
  404 403.5 33.5776 0.0145736 -247.194 -261.272 -544.632
  405 404.5 33.5731 0.0145716 -285.685 -141.181 -342.574
  406 405.5 33.5405 0.0145575 -220.324 -250.531 -437.431
  407 406.5 33.5936 0.0145806 -40.3134 -349.757 -352.659
  408 407.5 33.5974 0.0145822 -133.327 -192.161 -290.09
  409 408.5 33.5773 0.0145735 -178.603 -425.882 -250.435
  410 409.5 33.6353 0.0145987 -286.39 -373.605 -435.041
  411 410.5 33.6304 0.0145965 -246.887 -344.226 -346.14
  412 411.5 33.6297 0.0145962 -312.778 -229.988 -327.298
  413 412.5 33.6336 0.0145979 -304.012 -152.848 -200.571
  414 413.5 33.6073 0.0145865 -380.974 -195.563 -382.913
  415 414.5 33.688 0.0146215 -310.119 -182.023 -244.775
  416 415.5 33.5746 0.0145723 -404.598 -139.001 -380.233
  417 416.5 33.694 0.0146241 -294.744 -247.8 -287.979
  418 417.5 33.6749 0.0146158 -290.83 -297.264 -312.892
  419 418.5 33.6469 0.0146037 -250.432 -429.531 -235.629
  420 419.5 33.6505 0.0146053 -251.033 -331.554 -276.406
  421 420.5 33.6525 0.0146061 -392.191 -215.792 -382.416
  422 421.5 33.6691 0.0146133 -517.251 -438.216 -281.985
  423 422.5 33.7243 0.0146373 -513.471 -385.191 -212.662
  424 423.5 33.6337 0.0145979 -319.305 -417.189 -391.087
  425 424.5 33.6799 0.014618 -304.775 -376.98 -310.533
  426 425.5 33.6492 0.0146047 -471.598 -427.819 -240.912
  427 426.5 33.6855 0.0146204 -490.56 -311.341 -309.017
  428 427.5 33.7225 0.0146365 -386.763 -368.519 -239.505
  429 428.5 33.592 0.0145799 -468.491 -489.057 -400.714
  430 429.5 33.6464 0.0146035 -215.481 -299.706 -238.11
  431 430.5 33.6651 0.0146116 -261.706 -281.066 -322.183
  432 431.5 33.645 0.0146029 -254.354 -253.218 -185.811
  433 432.5 33.5552 0.0145639 -175.168 -175.549 -311.511
  434 433.5 33.65 0.014605 -282.089 -267.485 -360.568
  435 434.5 33.6706 0.014614 -225.067 -108.36 -291.264
  436 435.5 33.6188 0.0145915 -289.708 -304.046 -125.267
  437 436.5 33.6704 0.0146139 -380.739 -332.05 -415.667
  438 437.5 33.6022 0.0145843 -268.856 -456.117 -307.316
  439 438.5 33.6567 0.014608 -94.1325 -399.884 -190.137
  440 439.5 33.6392 0.0146004 -234.586 -309.296 -382.96
  441 440.5 33.667 0.0146124 -201.901 -309.52 -321.96
  442 441.5 33.6343 0.0145982 -276.408 -323.845 -171.028
  443 442.5 33.6638 0.014611 -125.196 -228.99 -285.5
  444 443.5 33.6404 0.0146009 -370.098 -328.367 -347.899
  445 444.5 33.5817 0.0145754 -394.517 -193.225 -271.675
  446 445.5 33.6207 0.0145923 -269.768 -359.651 -337.736
  447 446.5 33.7034 0.0146282 -375.008 -280.999 -231.343
  448 447.5 33.5922 0.01458 -376.246 -170.495 -286.896
  449 448.5 33.6051 0.0145855 -477.992 -389.304 -307.429
  450 449.5 33.6674 0.0146126 -301.411 -268.898 -276.171
  451 450.5 33.674 0.0146155 -469.26 -438.047 -315.087
  452 451.5 33.6012 0.0145839 -384.209 -249.959 -294.258
  453 452.5 33.6162 0.0145904 -414.419 -480.35 -361.719
  454 453.5 33.7107 0.0146314 -473.274 -196.067 -236.334
  455 454.5 33.616 0.0145903 -401.883 -319.152 -297.6
  456 455.5 33.5774 0.0145735 -281.795 -181.714 -241.522
  457 456.5 33.6744 0.0146156 -110.53 -208.241 -305.725
  458 457.5 33.6548 0.0146071 -200.105 -305.694 -245.675
  459 458.5 33.5958 0.0145815 -224.132 -338.486 -341.434
  460 459.5 33.5546 0.0145636 -131.309 -411.474 -275.576
  461 460.5 33.7367 0.0146427 -323.26 -282.362 -288.607
  462 461.5 33.5978 0.0145824 -338.367 -213.642 -305.706
  463 462.5 33.5244 0.0145505 -181.717 -222.823 -317.114
  464 463.5 33.618 0.0145911 -30.7657 -154.096 -228.185
  465 464.5 33.7663 0.0146555 -255.681 -361.037 -275.875
  466 465.5 33.5377 0.0145563 -266.588 -387.35 -226.453
  467 466.5 33.5609 0.0145664 -288.585 -442.354 -372.083
  468 467.5 33.6976 0.0146257 -384.481 -295.348 -309.899
  469 468.5 33.689 0.0146219 -304.477 -336.78 -167.256
  470 469.5 33.5663 0.0145687 -382.672 -423.533 -370.629
  471 470.5 33.6045 0.0145853 -177.452 -198.268 -196.468
  472 471.5 33.6545 0.014607 -264.914 -285.863 -380.268
  473 472.5 33.6395 0.0146005 -214.184 -364.936 -330.205
  474 473.5 33.6251 0.0145942 -239.616 -363.359 -216.217
  475 474.5 33.6106 0.0145879 -268.62 -283.933 -353.612
  476 475.5 33.6473 0.0146039 -442.452 -339.75 -332.392
  477 476.5 33.7394 0.0146439 -259.847 -256.078 -109.219
  478 477.5 33.6081 0.0145869 -350.583 -326.734 -420.39
  479 478.5 33.6447 0.0146027 -361.308 -474.061 -380.598
  480 479.5 33.6041 0.0145851 -363.473 -398.932 -209.901
