# Chunk-averaged data for fix tensor1 and group all
# Timestep Number-of-chunks Total-count
# Chunk Coord1 Ncount density/number c_press[1] c_press[2] c_press[3]
52500000 480 11131
  1 0.5 33.2459 0.0144296 -496.036 -359.431 -499.06
  2 1.5 33.188 0.0144045 -424.812 -517.006 -384.255
  3 2.5 33.2224 0.0144194 -409.775 -493.352 -361.549
  4 3.5 33.2538 0.0144331 -323.388 -440.353 -356.108
  5 4.5 33.2061 0.0144124 -385.094 -501.224 -378.812
  6 5.5 33.2451 0.0144293 -413.685 -485.153 -286.116
  7 6.5 33.1987 0.0144092 -328.255 -231.442 -452.156
  8 7.5 33.1752 0.0143989 -327.199 -286.607 -443.12
  9 8.5 33.2192 0.014418 -384.676 -361.582 -327.422
  10 9.5 33.235 0.0144249 -353.09 -449.536 -408.51
  11 10.5 33.2293 0.0144224 -379.255 -341.268 -391.204
  12 11.5 33.1658 0.0143949 -345.959 -273.5 -302.706
  13 12.5 33.2721 0.014441 -575.328 -390.167 -400.373
  14 13.5 33.2545 0.0144334 -581.323 -431.925 -498.395
  15 14.5 33.2247 0.0144204 -218.53 -384.683 -362.991
  16 15.5 33.1713 0.0143973 -303.397 -370.813 -304.957
  17 16.5 33.2459 0.0144297 -380.353 -451.881 -383.875
  18 17.5 33.254 0.0144332 -281.941 -275.986 -542.335
  19 18.5 33.1754 0.014399 -507.934 -441.059 -388.023
  20 19.5 33.2328 0.0144239 -343.798 -369.62 -256.727
  21 20.5 33.2503 0.0144315 -416.918 -324.062 -369.893
  22 21.5 33.2416 0.0144278 -535.708 -601.708 -518.428
  23 22.5 33.1227 0.0143762 -506.059 -613.947 -311.777
  24 23.5 33.2654 0.0144381 -345.915 -590.688 -416.497
  25 24.5 33.2416 0.0144278 -407.575 -574.997 -418.786
  26 25.5 33.1593 0.0143921 -389.515 -590.366 -425.139
  27 26.5 33.2349 0.0144249 -318.576 -542.884 -350.634
  28 27.5 33.2184 0.0144177 -190.628 -464.02 -351.078
  29 28.5 33.1554 0.0143904 -204.636 -278.223 -372.592
  30 29.5 33.1613 0.0143929 -229.698 -415.592 -460.441
  31 30.5 33.2051 0.0144119 -349.771 -373.583 -349.951
  32 31.5 33.2096 0.0144139 -266.663 -280.171 -299.945
  33 32.5 33.1077 0.0143697 -382.686 -547.162 -450.633
  34 33.5 33.183 0.0144023 -89.3233 -457.203 -351.901
  35 34.5 33.1678 0.0143958 -467.584 -462.17 -331.461
  36 35.5 33.1717 0.0143974 -366.95 -448.061 -419.438
  37 36.5 33.1245 0.014377 -528.49 -408.349 -536.751
  38 37.5 33.1603 0.0143925 -162.73 -317.187 -182.481
  39 38.5 33.2312 0.0144233 -402.635 -425.407 -435.948
  40 39.5 33.1599 0.0143923 -551.925 -468.097 -439.943
  41 40.5 33.1495 0.0143878 -468.906 -317.148 -389.332
  42 41.5 33.1954 0.0144077 -417.188 -391.696 -451.661
  43 42.5 33.2296 0.0144226 -217.993 -215.395 -298.933
  44 43.5 33.1247 0.014377 -277.898 -338.242 -487.832
  45 44.5 33.137 0.0143824 -201.293 -319.777 -446.434
  46 45.5 33.2463 0.0144298 -425.042 -364.876 -370.792
  47 46.5 33.1584 0.0143917 -320.361 -356.799 -505.805
  48 47.5 33.0566 0.0143475 -237.022 -156.005 -531.708
  49 48.5 33.1616 0.014393 -166.839 -192.176 -588.612
  50 49.5 33.1874 0.0144042 -278.219 -250.225 -547.043
  51 50.5 33.106 0.0143689 -141.758 -139.978 -561.556
  52 51.5 33.0121 0.0143282 -241.609 -80.2287 -693.045
  53 52.5 33.0526 0.0143458 74.3106 -50.5278 -834.751
  54 53.5 33.0693 0.014353 73.9135 71.9982 -899.044
  55 54.5 32.9341 0.0142943 85.7212 124.159 -1080.03
  56 55.5 32.8384 0.0142528 270.899 392.923 -1068.31
  57 56.5 32.8259 0.0142473 236.938 278.367 -1497.26
  58 57.5 32.7082 0.0141962 677.876 734.47 -1519.22
  59 58.5 32.4811 0.0140977 907.195 1007.23 -1846.2
  60 59.5 32.2843 0.0140123 1287.58 1220.7 -2105.69
  61 60.5 32.0502 0.0139107 1986.65 1968.02 -2097.05
  62 61.5 31.5907 0.0137112 2449.29 2553.47 -2342.64
  63 62.5 30.9756 0.0134443 3212.54 3276.23 -2454.35
  64 63.5 30.2352 0.0131229 4220.87 4244.77 -2250.42
  65 64.5 29.0976 0.0126292 5082.78 5111.53 -1757.67
  66 65.5 27.7311 0.0120361 5962.39 5805.59 -1258.49
  67 66.5 25.8473 0.0112184 6659.21 6753.83 -303.113
  68 67.5 23.6217 0.0102525 7107.39 7127.2 836.54
  69 68.5 20.9107 0.00907584 7250.51 7392.8 2103.6
  70 69.5 17.9302 0.00778219 7220.17 7218.42 3312.58
  71 70.5 14.836 0.00643923 6564.73 6786.51 4399.92
  72 71.5 11.8139 0.00512757 5716.83 5712.05 5467.1
  73 72.5 9.14272 0.00396819 4272.43 4445.3 6300.18
  74 73.5 6.79973 0.00295127 2491.75 2452.24 6500.83
  75 74.5 4.96322 0.00215418 483.806 381.715 6129.58
  76 75.5 3.60611 0.00156515 -2022.01 -2108.15 5113.05
  77 76.5 2.65382 0.00115183 -4631.51 -4471.13 3320.98
  78 77.5 1.97748 0.000858281 -6988.74 -7213.2 633.249
  79 78.5 1.56169 0.000677816 -9390.5 -9715.44 -2737.98
  80 79.5 1.29378 0.000561538 -11527.9 -11500.2 -5544.64
  81 80.5 1.13117 0.000490958 -13296.5 -12945.7 -8222.93
  82 81.5 1.02856 0.000446424 -14176.8 -14066.1 -10015.9
  83 82.5 0.943232 0.000409389 -14806 -15123.9 -12073.3
  84 83.5 0.892944 0.000387562 -15121.2 -14962.4 -13378
  85 84.5 0.870016 0.000377611 -14961.8 -15407.1 -14065.2
  86 85.5 0.860336 0.00037341 -15493.6 -15816.3 -14685
  87 86.5 0.853248 0.000370333 -15686.7 -15529.2 -14708.5
  88 87.5 0.83968 0.000364444 -15499 -15491.4 -15305.2
  89 88.5 0.851512 0.00036958 -15820.9 -15360.7 -15102.3
  90 89.5 0.83956 0.000364392 -15804.8 -15529.7 -15467.9
  91 90.5 0.830744 0.000360566 -15744.7 -15757.5 -15553.9
  92 91.5 0.841856 0.000365389 -15749.7 -15672.6 -15390.4
  93 92.5 0.83252 0.000361337 -15920.5 -16103.7 -15720.1
  94 93.5 0.818832 0.000355396 -15879.1 -15772.2 -15897.7
  95 94.5 0.824392 0.000357809 -15990.1 -15638.1 -15811.3
  96 95.5 0.828128 0.000359431 -15647.2 -15480.8 -15806.1
  97 96.5 0.834696 0.000362281 -15795.2 -15572.2 -15597.3
  98 97.5 0.834024 0.00036199 -15701.2 -15496.5 -15589.8
  99 98.5 0.842216 0.000365545 -15430.2 -15143.3 -15603.7
  100 99.5 0.84064 0.000364861 -15441.3 -15820.9 -15492.3
  101 100.5 0.834264 0.000362094 -15802.1 -15629.8 -15685.2
  102 101.5 0.843392 0.000366056 -15904.5 -15116.8 -15614.3
  103 102.5 0.84836 0.000368212 -15614.6 -15233.4 -15437.4
  104 103.5 0.844536 0.000366552 -15844.7 -15503.9 -15430.2
  105 104.5 0.84744 0.000367812 -15849.9 -15552.6 -15523.3
  106 105.5 0.85536 0.00037125 -15780.1 -15298.5 -15254.5
  107 106.5 0.866864 0.000376243 -16066.3 -15285.4 -14974.6
  108 107.5 0.865416 0.000375615 -15804.1 -14854.6 -15143.6
  109 108.5 0.843536 0.000366118 -15738.6 -15198 -15442.7
  110 109.5 0.84172 0.00036533 -15755.1 -15563.5 -15596.8
  111 110.5 0.845864 0.000367128 -15537.6 -15231.8 -15467.2
  112 111.5 0.842864 0.000365826 -15611.9 -15175.8 -15474.3
  113 112.5 0.850368 0.000369083 -15949 -15559 -15390.5
  114 113.5 0.861328 0.00037384 -15892.7 -15459.5 -15200.4
  115 114.5 0.844104 0.000366365 -16205.5 -15341.8 -15403.8
  116 115.5 0.840536 0.000364816 -15598.1 -15262.8 -15528.3
  117 116.5 0.844368 0.000366479 -15541.1 -15314.4 -15437.7
  118 117.5 0.855216 0.000371187 -15499.9 -15168.7 -15270.1
  119 118.5 0.854744 0.000370983 -14980.8 -14981.9 -15334.6
  120 119.5 0.851744 0.000369681 -15553.3 -15445.1 -15429.8
  121 120.5 0.863408 0.000374743 -15410.3 -15166.4 -15251.8
  122 121.5 0.870048 0.000377625 -15369 -15035.8 -14978.3
  123 122.5 0.861072 0.000373729 -16102.4 -15104.3 -15074.2
  124 123.5 0.85612 0.00037158 -15527.9 -15140.5 -15328.3
  125 124.5 0.853664 0.000370514 -15149.8 -15564.6 -15202.6
  126 125.5 0.846368 0.000367347 -15567.1 -15663.8 -15417.9
  127 126.5 0.836264 0.000362962 -15343.6 -15462.6 -15621.8
  128 127.5 0.841472 0.000365222 -15340.9 -15361.2 -15594.2
  129 128.5 0.845136 0.000366813 -15464.1 -15887.6 -15528.3
  130 129.5 0.850904 0.000369316 -15280.7 -15870 -15310
  131 130.5 0.861712 0.000374007 -15188.7 -15442.2 -15168.1
  132 131.5 0.847384 0.000367788 -15298.2 -15669.1 -15355.3
  133 132.5 0.862272 0.00037425 -15477.6 -15403.8 -15151.2
  134 133.5 0.849248 0.000368597 -15546.1 -15768.2 -15402.5
  135 134.5 0.8588 0.000372743 -15336.1 -15627 -15266.5
  136 135.5 0.863408 0.000374743 -15297.8 -15863.8 -15161.9
  137 136.5 0.86676 0.000376198 -15164.7 -16015.5 -15108.4
  138 137.5 0.857584 0.000372215 -15337.9 -15576.6 -15092.3
  139 138.5 0.852984 0.000370219 -15147.9 -15758.7 -15337.3
  140 139.5 0.857808 0.000372313 -15632.1 -15942.8 -15171.5
  141 140.5 0.852656 0.000370076 -15842.6 -15616 -15501.8
  142 141.5 0.842536 0.000365684 -15782.5 -15589.2 -15366.7
  143 142.5 0.83216 0.000361181 -16015.5 -15662.4 -15733.6
  144 143.5 0.845176 0.00036683 -15601.6 -15361 -15408.3
  145 144.5 0.845808 0.000367104 -15019.8 -15399.3 -15530.4
  146 145.5 0.840408 0.00036476 -15319.4 -15420.5 -15604.4
  147 146.5 0.856088 0.000371566 -15105.4 -15424.8 -15317.4
  148 147.5 0.833888 0.000361931 -14746.7 -15511.4 -15651.6
  149 148.5 0.838456 0.000363913 -14734.3 -15255.1 -15583.2
  150 149.5 0.841088 0.000365056 -15095 -15461.4 -15437
  151 150.5 0.836952 0.00036326 -15499.6 -15624.6 -15570.1
  152 151.5 0.83108 0.000360712 -15193.3 -15863.5 -15711.7
  153 152.5 0.844112 0.000366368 -14903.6 -15657 -15443.7
  154 153.5 0.84772 0.000367934 -15118.4 -15755.8 -15360.4
  155 154.5 0.84148 0.000365226 -14725.9 -15368.3 -15602.4
  156 155.5 0.844912 0.000366715 -14911.2 -15022.8 -15651.9
  157 156.5 0.859672 0.000373122 -15003.3 -15298.7 -15199.3
  158 157.5 0.870256 0.000377715 -15124.2 -15594.2 -14877.9
  159 158.5 0.860816 0.000373618 -15362.3 -15491.9 -15308.2
  160 159.5 0.873096 0.000378948 -15351.2 -15298.6 -15035.5
  161 160.5 0.875928 0.000380177 -15174.2 -15494.8 -14926.6
  162 161.5 0.866328 0.00037601 -15107.2 -15282 -14969.7
  163 162.5 0.874968 0.00037976 -15489.4 -15900.8 -14986.4
  164 163.5 0.861616 0.000373965 -15035.6 -15225 -15042.4
  165 164.5 0.84584 0.000367118 -15061.7 -15408.9 -15499.8
  166 165.5 0.850688 0.000369222 -15391.2 -15568.4 -15373
  167 166.5 0.853904 0.000370618 -14814.6 -15647.9 -15322.5
  168 167.5 0.859376 0.000372993 -15631 -15615.5 -15222.3
  169 168.5 0.85056 0.000369167 -15694.6 -15508.7 -15339
  170 169.5 0.84912 0.000368542 -16047.6 -15819 -15346
  171 170.5 0.837272 0.000363399 -16020 -16358.1 -15630
  172 171.5 0.839768 0.000364483 -15764 -16544.1 -15626.4
  173 172.5 0.852704 0.000370097 -15554.1 -16096.5 -15331.1
  174 173.5 0.846992 0.000367618 -15507.5 -15643.6 -15365.1
  175 174.5 0.856328 0.00037167 -15492.3 -15422.7 -15289.5
  176 175.5 0.849368 0.000368649 -15391.2 -15640.1 -15387.1
  177 176.5 0.850064 0.000368951 -15251.3 -15660.3 -15300.4
  178 177.5 0.84748 0.00036783 -15394.8 -15454.5 -15466.9
  179 178.5 0.843944 0.000366295 -15502 -15401 -15403.7
  180 179.5 0.844208 0.00036641 -15531.4 -14879 -15594
  181 180.5 0.86096 0.000373681 -15617.6 -15015.2 -15218.5
  182 181.5 0.851984 0.000369785 -15597.8 -15270.3 -15295.7
  183 182.5 0.85984 0.000373194 -15644.3 -15502.2 -15230.4
  184 183.5 0.858304 0.000372528 -15358.6 -15543.1 -15165.4
  185 184.5 0.858472 0.000372601 -15479.4 -15742.5 -15156.1
  186 185.5 0.854368 0.000370819 -15728.7 -15656.4 -15326.7
  187 186.5 0.86132 0.000373837 -15855.5 -15668.1 -15180.2
  188 187.5 0.852648 0.000370073 -15714.8 -15743.3 -15384.5
  189 188.5 0.853904 0.000370618 -15668.8 -15672.8 -15329.8
  190 189.5 0.855592 0.000371351 -15588.8 -15498.3 -15267.1
  191 190.5 0.858344 0.000372545 -15922.3 -16270.9 -15189.7
  192 191.5 0.844176 0.000366396 -15936.4 -16000.9 -15340
  193 192.5 0.830064 0.000360271 -15708.1 -15861.2 -15895.6
  194 193.5 0.837312 0.000363417 -15905.7 -15753 -15522.5
  195 194.5 0.837536 0.000363514 -15653.3 -15507.2 -15663.3
  196 195.5 0.841752 0.000365344 -15846.6 -15814.7 -15457.2
  197 196.5 0.841336 0.000365163 -16064.3 -15663.7 -15499.1
  198 197.5 0.833368 0.000361705 -16061 -15559.6 -15654.7
  199 198.5 0.831632 0.000360951 -15527.3 -15779.8 -15726
  200 199.5 0.842976 0.000365875 -15462.4 -15662.4 -15431.1
  201 200.5 0.844496 0.000366535 -15311.1 -15882 -15535.3
  202 201.5 0.841512 0.00036524 -15396.6 -15864.7 -15417.8
  203 202.5 0.844696 0.000366622 -15491 -15819.5 -15475.2
  204 203.5 0.861088 0.000373736 -15202.6 -15998.5 -15102.3
  205 204.5 0.861464 0.000373899 -15298.3 -15714.2 -14870.5
  206 205.5 0.874728 0.000379656 -15507.3 -15678.8 -14632.3
  207 206.5 0.868944 0.000377146 -15258.5 -15556.6 -14888.9
  208 207.5 0.875152 0.00037984 -15025.9 -15275.3 -14554.9
  209 208.5 0.88464 0.000383958 -14744.3 -15231.1 -14242.7
  210 209.5 0.88968 0.000386146 -15174.1 -15171.8 -13903
  211 210.5 0.910776 0.000395302 -14892.1 -15303 -13295
  212 211.5 0.940792 0.00040833 -14338.5 -14477.1 -12357.8
  213 212.5 0.977632 0.000424319 -13973.4 -14089.7 -11384.7
  214 213.5 1.07236 0.000465434 -13312.2 -13303.1 -9294.6
  215 214.5 1.18554 0.000514556 -12084.8 -12317 -7255.19
  216 215.5 1.39358 0.000604851 -10559.7 -10625.5 -4380.14
  217 216.5 1.72714 0.000749625 -7918.22 -8085.85 -959.282
  218 217.5 2.24863 0.000975969 -5826.29 -5806.39 2000.59
  219 218.5 3.01132 0.001307 -3262.44 -3389.3 4186.73
  220 219.5 4.13924 0.00179655 -703.772 -824.118 5772.09
  221 220.5 5.75041 0.00249584 1552.72 1470.2 6606.71
  222 221.5 7.76798 0.00337152 3495.07 3388.2 6494.36
  223 222.5 10.292 0.00446701 4882.68 5027 6213.65
  224 223.5 13.1764 0.00571892 6126.42 6094.3 5176.02
  225 224.5 16.2714 0.00706224 7027.03 7023 4380.99
  226 225.5 19.4225 0.0084299 7451.49 7483.35 3178.24
  227 226.5 22.3209 0.0096879 7514.48 7456.27 1856.5
  228 227.5 24.8854 0.0108009 7136.41 7106.35 691.398
  229 228.5 27.0638 0.0117465 6609.9 6687.48 -338.244
  230 229.5 28.796 0.0124983 5904.29 5968.27 -1059.76
  231 230.5 30.13 0.0130772 5008.4 5013.81 -1712.52
  232 231.5 31.143 0.0135169 4139.32 4109.32 -2006.35
  233 232.5 31.9756 0.0138783 3404.07 3306.53 -2081.52
  234 233.5 32.5651 0.0141342 2818.03 2817.48 -2212.74
  235 234.5 32.9828 0.0143155 2405.09 2518.35 -2016.94
  236 235.5 33.3289 0.0144657 1623.64 1709.54 -1865.52
  237 236.5 33.6923 0.0146234 1366.67 1408.01 -1753.49
  238 237.5 33.9302 0.0147266 937.545 1031.91 -1587.08
  239 238.5 33.9719 0.0147448 587.666 776.867 -1437.73
  240 239.5 34.2402 0.0148612 367.889 396.737 -1339.36
  241 240.5 34.3513 0.0149094 506.049 538.268 -1040.51
  242 241.5 34.4009 0.0149309 313.065 139.08 -1098.72
  243 242.5 34.4917 0.0149704 138.833 226.182 -926.519
  244 243.5 34.5551 0.0149979 39.5312 90.617 -887.694
  245 244.5 34.5927 0.0150142 -55.8187 108.574 -673.03
  246 245.5 34.631 0.0150308 119.719 -45.4895 -646.345
  247 246.5 34.6775 0.015051 42.6199 12.0808 -693.085
  248 247.5 34.7115 0.0150658 -98.655 -101.96 -583.581
  249 248.5 34.7054 0.0150631 -147.87 -138.137 -539.092
  250 249.5 34.7371 0.0150769 -133.893 -269.008 -456.526
  251 250.5 34.7701 0.0150912 -207.101 -376.252 -455.234
  252 251.5 34.7979 0.0151033 -327.232 -300.752 -535.331
  253 252.5 34.75 0.0150825 -388.692 -306.971 -350.015
  254 253.5 34.7626 0.0150879 -401.75 -349.317 -491.176
  255 254.5 34.8343 0.0151191 -355.511 -199.062 -343.478
  256 255.5 34.8144 0.0151104 -393.448 -114.806 -318.715
  257 256.5 34.7775 0.0150944 -523.314 -342.365 -378.229
  258 257.5 34.7826 0.0150966 -385.359 -347.307 -559.351
  259 258.5 34.8213 0.0151134 -457.242 -366.717 -355.86
  260 259.5 34.8786 0.0151383 -560.088 -394.966 -271.903
  261 260.5 34.7851 0.0150977 -461.859 -424.43 -469.018
  262 261.5 34.8255 0.0151152 -316.239 -176.01 -398.669
  263 262.5 34.861 0.0151306 -250.358 -253.837 -294.908
  264 263.5 34.8321 0.0151181 -239.674 -248.478 -439.506
  265 264.5 34.8024 0.0151052 -506.238 -339.368 -364.827
  266 265.5 34.8809 0.0151393 -363.003 -257.361 -310.491
  267 266.5 34.8693 0.0151343 -431.945 -384.783 -382.804
  268 267.5 34.7608 0.0150872 -215.654 -316.119 -393.881
  269 268.5 34.907 0.0151506 -330.565 -268.851 -385.596
  270 269.5 34.8596 0.01513 -406.822 -352.61 -364.453
  271 270.5 34.7918 0.0151006 -337.027 -233.226 -396.149
  272 271.5 34.8754 0.0151369 -359.919 -162.772 -369.196
  273 272.5 34.8528 0.0151271 -304.004 -354.224 -390.944
  274 273.5 34.8064 0.015107 -226.795 -255.327 -237.728
  275 274.5 34.8763 0.0151373 -390.922 -466.271 -391.08
  276 275.5 34.9137 0.0151535 -325.822 -379.693 -494.41
  277 276.5 34.7898 0.0150997 -450.793 -392.75 -304.469
  278 277.5 34.8519 0.0151267 -265.351 -384.493 -352.618
  279 278.5 34.9016 0.0151483 -89.398 -465.68 -404.666
  280 279.5 34.8203 0.015113 -211.266 -252.064 -322.475
  281 280.5 34.7945 0.0151018 -278.738 -500.736 -383.04
  282 281.5 34.9462 0.0151676 -580.745 -584.512 -518.178
  283 282.5 34.8614 0.0151308 -557.153 -602.31 -246.612
  284 283.5 34.7938 0.0151015 -503.307 -367.015 -194.945
  285 284.5 34.9 0.0151476 -296.729 -472.995 -500.195
  286 285.5 34.8278 0.0151162 -348.553 -304.521 -388.405
  287 286.5 34.7821 0.0150964 -530.496 -373.439 -334.95
  288 287.5 34.8413 0.0151221 -616.149 -461.77 -448.649
  289 288.5 34.8633 0.0151316 -506.524 -312.937 -446.133
  290 289.5 34.8046 0.0151062 -278.726 -255.878 -121.86
  291 290.5 34.8355 0.0151196 -282.882 -208.702 -424.316
  292 291.5 34.8291 0.0151168 -409.435 -246.137 -543.53
  293 292.5 34.8245 0.0151148 -275.88 -310.613 -221.407
  294 293.5 34.7882 0.0150991 -346.066 -420.964 -409.267
  295 294.5 34.8588 0.0151297 -377.633 -350.726 -330.313
  296 295.5 34.7944 0.0151017 -279.171 -229.168 -323.557
  297 296.5 34.7852 0.0150978 -511.013 -383.102 -492.138
  298 297.5 34.7384 0.0150774 -246.188 -256.288 -316.278
  299 298.5 34.8577 0.0151292 -289.073 -302.566 -370.19
  300 299.5 34.7632 0.0150882 -226.025 -204.452 -284.538
  301 300.5 34.7085 0.0150645 -221.326 -285.664 -418.238
  302 301.5 34.7862 0.0150982 -155.6 -314.481 -274.618
  303 302.5 34.8038 0.0151058 -470.828 -551.251 -410.788
  304 303.5 34.7434 0.0150796 -464.362 -421.694 -300.379
  305 304.5 34.7368 0.0150767 -298.188 -238.475 -377.763
  306 305.5 34.7581 0.015086 -455.129 -539.889 -409.134
  307 306.5 34.7856 0.0150979 -454.892 -578.606 -295.373
  308 307.5 34.7994 0.0151039 -475.919 -352.962 -361.883
  309 308.5 34.6945 0.0150584 -344.867 -406.963 -468.273
  310 309.5 34.7716 0.0150918 -258.046 -283.688 -196.177
  311 310.5 34.7771 0.0150942 -320.797 -299.017 -341.701
  312 311.5 34.7762 0.0150939 -451.827 -169.786 -316.645
  313 312.5 34.7167 0.015068 -542.977 -309.256 -461.506
  314 313.5 34.7734 0.0150926 -317.081 -206.47 -280.489
  315 314.5 34.7726 0.0150923 -455.621 -313.405 -323.19
  316 315.5 34.851 0.0151263 -441.935 -589.664 -425.855
  317 316.5 34.7176 0.0150684 -339.112 -410.291 -268.795
  318 317.5 34.7771 0.0150942 -364.567 -357.371 -483.955
  319 318.5 34.8505 0.0151261 -453.1 -464.772 -342.088
  320 319.5 34.7817 0.0150962 -464.275 -443.085 -214.571
  321 320.5 34.7747 0.0150932 -349.125 -485.452 -508.63
  322 321.5 34.829 0.0151167 -468.729 -426.403 -346.663
  323 322.5 34.8128 0.0151097 -384.01 -273.039 -405.73
  324 323.5 34.801 0.0151046 -460.613 -351.734 -349.724
  325 324.5 34.879 0.0151384 -220.894 -339.016 -369.183
  326 325.5 34.8113 0.0151091 -203.029 -73.6876 -260.744
  327 326.5 34.8302 0.0151173 -302.941 -242.194 -474.713
  328 327.5 34.8632 0.0151316 -257.871 -264.98 -382.072
  329 328.5 34.8245 0.0151148 -274.387 -316.282 -298.254
  330 329.5 34.8197 0.0151127 -336.995 -365.819 -534.871
  331 330.5 34.9045 0.0151495 -199.574 -197.137 -370.197
  332 331.5 34.8096 0.0151083 -146.487 -149.546 -299.223
  333 332.5 34.8169 0.0151115 -194.883 -136.672 -288.005
  334 333.5 34.8927 0.0151444 -380.656 -116.947 -565.794
  335 334.5 34.7658 0.0150893 -400.307 -296.328 -334.647
  336 335.5 34.8365 0.01512 -318.458 -191.448 -329.259
  337 336.5 34.8497 0.0151257 -330.475 -415.913 -399.619
  338 337.5 34.8498 0.0151258 -453.192 -220.895 -407.927
  339 338.5 34.7269 0.0150724 -337.958 -232.858 -322.21
  340 339.5 34.8554 0.0151282 -328.719 -322.793 -400.022
  341 340.5 34.8328 0.0151184 -380.096 -482.548 -298.044
  342 341.5 34.7403 0.0150783 -258.701 -323.96 -331.66
  343 342.5 34.7544 0.0150844 -328.949 -410.525 -403.501
  344 343.5 34.8226 0.015114 -195.582 -215.835 -380.516
  345 344.5 34.7833 0.0150969 -467.198 -399.559 -327.27
  346 345.5 34.7602 0.0150869 -346.526 -392.995 -351.151
  347 346.5 34.8305 0.0151174 -471.514 -485.893 -372.685
  348 347.5 34.7654 0.0150892 -439.805 -379.839 -333.519
  349 348.5 34.7313 0.0150744 -389.283 -363.878 -395.252
  350 349.5 34.7993 0.0151039 -402.973 -422.315 -346.933
  351 350.5 34.8182 0.0151121 -293.767 -452.736 -338.61
  352 351.5 34.7132 0.0150665 -389.455 -388.995 -333.346
  353 352.5 34.755 0.0150847 -528.387 -253.876 -394.162
  354 353.5 34.8088 0.015108 -243.954 -209.421 -285.153
  355 354.5 34.7267 0.0150724 -456.418 -451.01 -461.72
  356 355.5 34.7615 0.0150874 -356.217 -305.304 -264.587
  357 356.5 34.7742 0.015093 -337.352 -393.841 -391.751
  358 357.5 34.7442 0.01508 -416.605 -173.183 -389.707
  359 358.5 34.7793 0.0150952 -402.453 -193.985 -308.188
  360 359.5 34.7056 0.0150632 -286.354 -240.593 -379.905
  361 360.5 34.8095 0.0151083 -353.397 -513.171 -428.789
  362 361.5 34.7851 0.0150977 -410.089 -429.194 -323.895
  363 362.5 34.7916 0.0151005 -388.053 -399.014 -387.7
  364 363.5 34.7434 0.0150796 -580.162 -420.394 -453.285
  365 364.5 34.7746 0.0150932 -316.347 -358.466 -462.72
  366 365.5 34.819 0.0151124 -224.025 -163.195 -415.561
  367 366.5 34.7648 0.0150889 -206.697 -182.703 -357.829
  368 367.5 34.7133 0.0150665 -134.601 -173.811 -491.092
  369 368.5 34.7298 0.0150737 -144.437 -114.005 -554.553
  370 369.5 34.7807 0.0150958 -208.449 -140.108 -477.94
  371 370.5 34.7229 0.0150707 -147.425 -160.106 -413.565
  372 371.5 34.678 0.0150512 -55.0321 -274.566 -583.124
  373 372.5 34.6986 0.0150602 -156.12 -215.734 -686.79
  374 373.5 34.6901 0.0150565 -37.4565 -3.72752 -564.863
  375 374.5 34.5724 0.0150054 -41.9432 -151.946 -579.983
  376 375.5 34.5562 0.0149983 -14.0858 -52.6767 -666.399
  377 376.5 34.5298 0.0149869 17.7761 -47.2264 -526.672
  378 377.5 34.4045 0.0149325 140.253 118.606 -708.183
  379 378.5 34.3037 0.0148888 -2.59774 -56.2027 -857.922
  380 379.5 34.2631 0.0148711 376.896 306.842 -566.829
  381 380.5 34.1438 0.0148193 423.878 378.289 -561.171
  382 381.5 33.9741 0.0147457 406.599 237.533 -650.218
  383 382.5 33.8396 0.0146873 568.836 297.604 -383.985
  384 383.5 33.7325 0.0146408 650.622 542.02 -232.955
  385 384.5 33.5572 0.0145648 599.625 645.582 -286.893
  386 385.5 33.2686 0.0144395 398.282 508.648 -278.258
  387 386.5 33.1777 0.0144 350.003 439.748 36.8731
  388 387.5 33.0645 0.0143509 441.163 374.574 160.532
  389 388.5 32.9249 0.0142903 251.327 211.887 183.261
  390 389.5 32.6832 0.0141854 203.03 -39.5197 128.078
  391 390.5 32.6884 0.0141877 191.825 137.997 166.984
  392 391.5 32.7501 0.0142144 44.384 124.883 200.541
  393 392.5 32.6186 0.0141574 61.3793 -45.1631 39.8828
  394 393.5 32.6019 0.0141501 -21.9548 -103.798 -32.8805
  395 394.5 32.6656 0.0141778 -285.082 -232.271 -141.002
  396 395.5 32.7678 0.0142221 -174.946 -132.329 -167.372
  397 396.5 32.7562 0.0142171 -119.535 -104.428 -212.374
  398 397.5 32.76 0.0142187 -127.116 -74.5901 -372.864
  399 398.5 32.8412 0.014254 -74.7154 -70.992 -535.434
  400 399.5 32.9303 0.0142927 -52.8521 -139.864 -275.626
  401 400.5 33.0168 0.0143302 -241.727 -351.227 -459.79
  402 401.5 33.0005 0.0143231 -416.512 -383.564 -491.851
  403 402.5 32.98 0.0143142 -292.524 -365.994 -537.832
  404 403.5 33.1305 0.0143796 -338.625 -492.14 -513.015
  405 404.5 33.0737 0.0143549 -228.289 -284.928 -422.868
  406 405.5 33.1019 0.0143672 -303.498 -413.767 -481.134
  407 406.5 33.0899 0.0143619 -396.745 -354.894 -521.609
  408 407.5 33.1672 0.0143955 -415.234 -511.204 -487.213
  409 408.5 33.1358 0.0143819 -277.882 -404.637 -386.923
  410 409.5 33.0664 0.0143517 -408.731 -324.311 -410.645
  411 410.5 33.1703 0.0143968 -448.39 -474.974 -421.927
  412 411.5 33.174 0.0143984 -403.468 -303.119 -386.356
  413 412.5 33.1036 0.0143679 -570.478 -415.621 -529.873
  414 413.5 33.058 0.0143481 -436.533 -420.703 -338.932
  415 414.5 33.2059 0.0144123 -422.708 -471.553 -466.192
  416 415.5 33.134 0.0143811 -393.937 -504.826 -376.208
  417 416.5 33.1247 0.0143771 -422.007 -546.678 -284.729
  418 417.5 33.1051 0.0143685 -476.053 -507.428 -484.056
  419 418.5 33.1935 0.0144069 -429.138 -634.743 -384.135
  420 419.5 33.1144 0.0143726 -447.958 -436.171 -336.863
  421 420.5 33.0596 0.0143488 -227.018 -337.374 -455.757
  422 421.5 33.1657 0.0143948 -364.977 -406.808 -439.974
  423 422.5 33.1273 0.0143782 -328.859 -328.5 -323.551
  424 423.5 33.0837 0.0143592 -406.379 -277.319 -337.944
  425 424.5 33.1796 0.0144008 -324.233 -298.56 -406.544
  426 425.5 33.1059 0.0143689 -372.283 -200.023 -378.892
  427 426.5 33.156 0.0143906 -425.364 -345.8 -371.439
  428 427.5 33.0839 0.0143594 -552.017 -334.274 -425.416
  429 428.5 33.1752 0.014399 -540.504 -440.752 -212.678
  430 429.5 33.1293 0.014379 -442.99 -321.349 -452.886
  431 430.5 33.0923 0.014363 -412.107 -405.456 -548.228
  432 431.5 33.0784 0.014357 -291.499 -275.131 -312.112
  433 432.5 33.1496 0.0143879 -337.487 -448.923 -231.546
  434 433.5 33.1497 0.0143879 -395.034 -415.532 -403.434
  435 434.5 33.0263 0.0143343 -263.361 -455.944 -462.532
  436 435.5 33.1162 0.0143733 -336.974 -201.16 -321.463
  437 436.5 33.1757 0.0143992 -335.228 -367 -284.802
  438 437.5 33.099 0.0143659 -517.983 -514.471 -416.787
  439 438.5 33.0813 0.0143582 -473.633 -562.696 -438.203
  440 439.5 33.1705 0.0143969 -329.017 -448.573 -362.837
  441 440.5 33.1649 0.0143945 -366.131 -440.175 -384.511
  442 441.5 33.111 0.0143711 -414.617 -444.201 -380.279
  443 442.5 33.1204 0.0143752 -480.548 -335.723 -388.189
  444 443.5 33.2252 0.0144207 -143.09 -210.012 -329.514
  445 444.5 33.1781 0.0144002 -239.359 -228.335 -339.5
  446 445.5 33.1089 0.0143702 -242.524 -462.676 -433.997
  447 446.5 33.1764 0.0143995 -433.079 -456.542 -400.891
  448 447.5 33.156 0.0143906 -601.231 -395.896 -447.487
  449 448.5 33.2141 0.0144158 -523.164 -469.155 -372.646
  450 449.5 33.1988 0.0144092 -354.984 -327 -290.211
  451 450.5 33.1666 0.0143952 -275.408 -384.549 -516.733
  452 451.5 33.1544 0.0143899 -230.068 -383.972 -386.944
  453 452.5 33.1771 0.0143998 -259.168 -207.017 -365.535
  454 453.5 33.1774 0.0143999 -420.465 -282.006 -312.11
  455 454.5 33.2182 0.0144176 -391.401 -390.784 -371.594
  456 455.5 33.1691 0.0143963 -621.697 -460.211 -452.34
  457 456.5 33.1984 0.014409 -374.722 -587.734 -341.094
  458 457.5 33.1742 0.0143985 -446.028 -481.034 -485.857
  459 458.5 33.238 0.0144262 -369.556 -545.563 -364.732
  460 459.5 33.1882 0.0144046 -372.929 -467.795 -391.003
  461 460.5 33.1766 0.0143996 -411.869 -355.962 -306.459
  462 461.5 33.2397 0.014427 -266.641 -337.765 -494.341
  463 462.5 33.173 0.014398 -383.486 -412.854 -249.624
  464 463.5 33.2512 0.014432 -429.923 -441.801 -434.717
  465 464.5 33.1797 0.0144009 -655.884 -552.792 -449.071
  466 465.5 33.2095 0.0144139 -510.321 -450.349 -467.139
  467 466.5 33.244 0.0144288 -284.302 -284.171 -199.51
  468 467.5 33.2244 0.0144203 -349.41 -310.991 -367.662
  469 468.5 33.1657 0.0143948 -405.96 -429.093 -546.451
  470 469.5 33.1492 0.0143877 -259.696 -152.882 -301.516
  471 470.5 33.2471 0.0144302 -279.157 -199.239 -397.725
  472 471.5 33.2101 0.0144141 -421.516 -169.411 -374.038
  473 472.5 33.1865 0.0144039 -407.9 -379.952 -392.277
  474 473.5 33.2346 0.0144247 -340.656 -408.5 -382.121
  475 474.5 33.291 0.0144492 -307.048 -348.374 -390.357
  476 475.5 33.186 0.0144036 -431.646 -417.191 -366.592
  477 476.5 33.2301 0.0144228 -374.129 -424.482 -315.236
  478 477.5 33.2701 0.0144401 -593.295 -569.726 -517.489
  479 478.5 33.2202 0.0144185 -502.49 -323.521 -287.145
  480 479.5 33.2002 0.0144098 -603.336 -354.929 -389.972
55000000 480 11131
  1 0.5 33.1502 0.0143881 -462.621 -360.009 -419.807
  2 1.5 33.1192 0.0143747 -375.524 -350.288 -348.723
  3 2.5 33.2017 0.0144104 -479.318 -261.195 -442.032
  4 3.5 33.2309 0.0144231 -484.594 -305.724 -282.501
  5 4.5 33.1146 0.0143726 -223.602 -227.09 -337.659
  6 5.5 33.129 0.0143789 -394.613 -236.397 -459.157
  7 6.5 33.2022 0.0144107 -218.683 -463.741 -401.032
  8 7.5 33.1839 0.0144027 -269.206 -449.922 -301.152
  9 8.5 33.1832 0.0144024 -458.074 -485.227 -315.388
  10 9.5 33.1498 0.0143879 -302.763 -441.674 -422.263
  11 10.5 33.1857 0.0144035 -344.012 -490.911 -418.861
  12 11.5 33.2076 0.014413 -325.019 -365.683 -372.084
  13 12.5 33.1716 0.0143974 -308.543 -238.329 -340.826
  14 13.5 33.2612 0.0144363 -405.261 -389.623 -420.324
  15 14.5 33.1502 0.0143881 -434.634 -162.137 -362.926
  16 15.5 33.1783 0.0144003 -459.855 -222.632 -353.059
  17 16.5 33.2338 0.0144244 -580.236 -395.224 -417.178
  18 17.5 33.1988 0.0144092 -459.781 -282.277 -397.857
  19 18.5 33.1985 0.0144091 -406.048 -357.671 -322.382
  20 19.5 33.2076 0.014413 -397.262 -394.202 -378.344
  21 20.5 33.1543 0.0143899 -389.142 -358.727 -512.326
  22 21.5 33.165 0.0143945 -253.488 -209.995 -302.145
  23 22.5 33.1573 0.0143912 -420.48 -276.348 -324.959
  24 23.5 33.2044 0.0144116 -276.414 -348.548 -315.34
  25 24.5 33.1532 0.0143894 -421.623 -490.929 -545.411
  26 25.5 33.1373 0.0143825 -479.782 -340.048 -365.863
  27 26.5 33.1452 0.0143859 -326.491 -379.399 -252.93
  28 27.5 33.244 0.0144288 -415.997 -327.197 -410.65
  29 28.5 33.1257 0.0143775 -318.942 -217.949 -368.461
  30 29.5 33.0774 0.0143565 -299.774 -259.527 -356.425
  31 30.5 33.2212 0.0144189 -336.899 -329.883 -429.275
  32 31.5 33.1018 0.0143671 -373.432 -500.095 -235.675
  33 32.5 33.1221 0.0143759 -489.816 -335.921 -416.661
  34 33.5 33.1656 0.0143948 -530.468 -472.021 -406.232
  35 34.5 33.1311 0.0143798 -459.952 -370.393 -317.406
  36 35.5 33.0997 0.0143662 -429.643 -524.607 -376.56
  37 36.5 33.1453 0.014386 -372.99 -328.109 -362.529
  38 37.5 33.1377 0.0143827 -264.414 -302.968 -396.655
  39 38.5 33.0785 0.014357 -271.619 -297.655 -367.598
  40 39.5 33.1557 0.0143905 -342.816 -315.303 -404.969
  41 40.5 33.1523 0.014389 -220.807 -358.72 -320.881
  42 41.5 33.0822 0.0143586 -292.946 -396.266 -366.794
  43 42.5 33.1524 0.0143891 -369.471 -401.137 -548.719
  44 43.5 33.1649 0.0143945 -297.287 -311.599 -370.457
  45 44.5 33.1165 0.0143735 -363.241 -306.895 -415.588
  46 45.5 33.152 0.0143889 -530.162 -346.069 -526.974
  47 46.5 33.1164 0.0143734 -299.076 -323.984 -479.494
  48 47.5 33.1401 0.0143837 -393.224 -300.341 -587.453
  49 48.5 33.1107 0.014371 -540.796 -407.559 -622.382
  50 49.5 33.129 0.0143789 -193.879 -218.067 -559.145
  51 50.5 33.0767 0.0143562 16.7348 -62.0725 -731.724
  52 51.5 33.0353 0.0143383 -102.489 -148.016 -876.79
  53 52.5 33.0135 0.0143288 37.6066 -74.7821 -944.925
  54 53.5 32.9829 0.0143155 24.6304 45.4771 -1050.2
  55 54.5 32.8724 0.0142675 283.434 -68.2208 -1357.96
  56 55.5 32.7803 0.0142276 444.427 289.683 -1364.35
  57 56.5 32.652 0.0141719 927.487 841.168 -1707.3
  58 57.5 32.4869 0.0141002 1233.35 1108.74 -1950.9
  59 58.5 32.2079 0.0139791 1669.38 1600.28 -2172.63
  60 59.5 31.8721 0.0138334 2293.33 2064.34 -2308.85
  61 60.5 31.4558 0.0136527 2789.86 2700.23 -2573.66
  62 61.5 30.8269 0.0133797 3661.89 3638.07 -2509.84
  63 62.5 29.903 0.0129787 4706.12 4690.91 -2203.56
  64 63.5 28.7603 0.0124828 5578.07 5695.24 -1698.42
  65 64.5 27.2444 0.0118248 6541.16 6542.69 -856.808
  66 65.5 25.1345 0.0109091 7244.33 7242.88 329.833
  67 66.5 22.5408 0.00978332 7631.02 7735.14 1664.17
  68 67.5 19.5434 0.00848238 7753.72 7618.43 3028.07
  69 68.5 16.3922 0.00711467 7246.38 7275.94 4657.44
  70 69.5 13.0336 0.00565693 6207.9 6262.28 5815.99
  71 70.5 9.96159 0.00432361 4956.74 4965.67 6628.95
  72 71.5 7.37686 0.00320176 3221.39 3017.47 7092.52
  73 72.5 5.32732 0.0023122 637.714 1001.03 6828.86
  74 73.5 3.82508 0.00166019 -1899.26 -1812.16 5848.25
  75 74.5 2.73146 0.00118553 -4561.07 -4393.87 3827.71
  76 75.5 2.06522 0.000896365 -6896.95 -6882.09 1264.44
  77 76.5 1.61064 0.000699063 -9338.36 -9297.46 -1666.4
  78 77.5 1.30434 0.000566122 -11008.8 -11139.1 -5011.01
  79 78.5 1.12894 0.00048999 -12411.5 -12570.8 -7552.25
  80 79.5 1.02859 0.000446438 -13267.2 -13683.4 -9857.97
  81 80.5 0.9702 0.000421094 -14329.1 -13724.1 -11080.1
  82 81.5 0.915656 0.00039742 -14597.6 -14715.2 -12648.6
  83 82.5 0.897272 0.000389441 -14589.1 -14957 -13170
  84 83.5 0.87616 0.000380278 -14985.6 -15410.6 -13699
  85 84.5 0.883376 0.00038341 -14909.7 -15186.6 -13806.8
  86 85.5 0.858696 0.000372698 -15087.7 -15424.8 -14350.4
  87 86.5 0.847976 0.000368045 -14956.7 -15257.7 -14731.8
  88 87.5 0.846336 0.000367333 -15444.2 -15152.9 -14794.6
  89 88.5 0.85488 0.000371042 -15425.7 -14926.7 -14608.6
  90 89.5 0.848344 0.000368205 -15009.9 -15080.8 -15010
  91 90.5 0.854536 0.000370892 -15006.1 -15240.5 -14782.5
  92 91.5 0.841488 0.000365229 -15042.4 -15478.4 -15146.1
  93 92.5 0.851272 0.000369476 -15285.5 -15492.8 -14770
  94 93.5 0.84136 0.000365174 -15273.4 -15538.8 -15000.8
  95 94.5 0.857368 0.000372122 -15800.3 -15398.3 -14755.3
  96 95.5 0.835896 0.000362802 -15428.9 -15243.9 -15175.1
  97 96.5 0.830848 0.000360611 -15713.8 -15514.6 -15290.2
  98 97.5 0.835096 0.000362455 -15711.1 -15544.6 -15185.2
  99 98.5 0.832792 0.000361455 -15786.4 -15424.4 -15204.5
  100 99.5 0.82008 0.000355938 -15826.8 -15443.8 -15422.2
  101 100.5 0.823208 0.000357295 -15796.1 -15708.1 -15499.7
  102 101.5 0.811528 0.000352226 -16164.2 -15928.9 -15604.5
  103 102.5 0.810344 0.000351712 -16158 -15376.5 -15603.9
  104 103.5 0.812512 0.000352653 -16074.1 -15490.3 -15645.5
  105 104.5 0.81444 0.00035349 -16231.2 -15183.9 -15402.1
  106 105.5 0.808152 0.00035076 -16800.6 -15723.5 -15678.7
  107 106.5 0.802016 0.000348097 -16513.6 -15872.1 -15857.9
  108 107.5 0.807944 0.00035067 -16446 -15740.1 -15713.3
  109 108.5 0.815304 0.000353865 -16259.2 -15687.6 -15571.4
  110 109.5 0.804512 0.000349181 -16571.7 -15830.7 -15749.5
  111 110.5 0.814512 0.000353521 -16138.4 -15446.8 -15534.4
  112 111.5 0.804944 0.000349368 -16109.1 -15931 -15752
  113 112.5 0.808056 0.000350719 -15925.4 -15904.2 -15767.5
  114 113.5 0.822216 0.000356865 -16345.3 -15675 -15428.7
  115 114.5 0.820528 0.000356132 -15836.3 -15798.7 -15467.6
  116 115.5 0.815432 0.00035392 -15951.3 -16473.7 -15581.8
  117 116.5 0.809632 0.000351403 -15856.9 -16326.9 -15508.4
  118 117.5 0.81168 0.000352292 -15843.7 -16164.6 -15677
  119 118.5 0.811656 0.000352281 -15849.8 -15920.9 -15710.4
  120 119.5 0.791128 0.000343372 -15758 -16067 -16011.7
  121 120.5 0.799456 0.000346986 -16226.1 -16194.9 -15950.4
  122 121.5 0.81672 0.000354479 -16476.6 -16283.3 -15482.3
  123 122.5 0.828288 0.0003595 -16152.2 -16193.3 -15292.5
  124 123.5 0.8216 0.000356597 -16105.5 -16341 -15386.5
  125 124.5 0.806968 0.000350247 -16626.9 -16161.8 -15649.8
  126 125.5 0.807416 0.000350441 -15937.6 -16750.9 -15804.3
  127 126.5 0.806992 0.000350257 -16395.8 -16109.7 -15694.8
  128 127.5 0.80992 0.000351528 -16662.2 -16021.4 -15728.1
  129 128.5 0.797208 0.00034601 -16321.9 -15582.4 -15901.7
  130 129.5 0.797432 0.000346108 -16367 -15632.8 -15938.5
  131 130.5 0.801384 0.000347823 -16863.1 -16083.1 -15936.6
  132 131.5 0.830224 0.00036034 -16551.3 -15853.8 -15161.3
  133 132.5 0.821128 0.000356392 -16578.5 -15849 -15342.2
  134 133.5 0.831488 0.000360889 -16503.3 -15763.1 -15326.6
  135 134.5 0.833976 0.000361969 -16801.8 -15636.6 -15220.6
  136 135.5 0.821616 0.000356604 -16167.1 -15556.9 -15468.1
  137 136.5 0.819096 0.00035551 -16072.1 -15676.6 -15556.2
  138 137.5 0.818448 0.000355229 -16235.2 -15186.5 -15432.8
  139 138.5 0.812504 0.000352649 -15934.9 -15713.6 -15555.3
  140 139.5 0.817832 0.000354962 -16319.7 -15925.2 -15565.3
  141 140.5 0.817192 0.000354684 -16506.8 -15907.1 -15585.7
  142 141.5 0.821256 0.000356448 -16343 -15900.7 -15388.3
  143 142.5 0.82264 0.000357049 -16080.6 -15781.2 -15439.3
  144 143.5 0.813872 0.000353243 -16322.8 -15764.5 -15589.1
  145 144.5 0.817208 0.000354691 -15779.9 -15969.9 -15565.7
  146 145.5 0.804456 0.000349156 -15682.3 -15751.6 -15775.6
  147 146.5 0.82592 0.000358472 -16138.6 -15950.7 -15285.1
  148 147.5 0.813928 0.000353267 -16305.6 -15666.1 -15515.8
  149 148.5 0.805384 0.000349559 -16089.9 -15501.6 -15837.2
  150 149.5 0.82404 0.000357656 -15629.5 -15537.4 -15366.6
  151 150.5 0.810984 0.00035199 -15950.8 -15429.5 -15700.6
  152 151.5 0.815696 0.000354035 -15680.1 -15728.9 -15689.5
  153 152.5 0.809312 0.000351264 -15940 -15932.4 -15489.2
  154 153.5 0.81216 0.0003525 -15620.3 -16127.3 -15625.4
  155 154.5 0.79872 0.000346667 -15762.2 -15722 -15863
  156 155.5 0.793264 0.000344299 -16059.9 -15934.8 -16011.6
  157 156.5 0.785296 0.00034084 -15857.2 -15969 -16200.6
  158 157.5 0.792976 0.000344174 -15251.3 -15821.5 -16018
  159 158.5 0.794576 0.000344868 -15408.5 -15835.9 -15899.9
  160 159.5 0.795464 0.000345253 -15827 -15648.8 -15895.3
  161 160.5 0.80728 0.000350382 -15807 -16367.1 -15677.6
  162 161.5 0.7938 0.000344531 -16083.9 -16184.1 -16103.3
  163 162.5 0.801152 0.000347722 -16031.4 -16552.1 -15752.4
  164 163.5 0.799864 0.000347163 -15570.2 -15907.6 -15923.9
  165 164.5 0.800192 0.000347306 -15536.3 -15756.1 -15826.9
  166 165.5 0.799384 0.000346955 -15908.6 -15561.5 -15774.4
  167 166.5 0.808352 0.000350847 -15979 -15370.6 -15741
  168 167.5 0.814816 0.000353653 -16333 -15559.1 -15556.2
  169 168.5 0.81552 0.000353958 -15993.9 -15598.4 -15559.2
  170 169.5 0.810088 0.000351601 -15865.2 -15719.9 -15630.9
  171 170.5 0.809592 0.000351385 -16283 -15711.9 -15749.7
  172 171.5 0.80504 0.00034941 -16321.5 -16017.5 -15750.9
  173 172.5 0.808816 0.000351049 -16031.8 -15556.6 -15651.1
  174 173.5 0.806888 0.000350212 -16274.1 -15797.9 -15736.7
  175 174.5 0.80708 0.000350295 -15982.3 -16092.4 -15712.5
  176 175.5 0.816424 0.000354351 -16362.1 -16049.5 -15559
  177 176.5 0.816472 0.000354372 -15861.3 -15964.4 -15590.2
  178 177.5 0.807064 0.000350288 -15895.8 -15835.1 -15572.8
  179 178.5 0.815536 0.000353965 -16336.2 -15977 -15581.9
  180 179.5 0.827624 0.000359212 -16421.9 -15674.1 -15302.3
  181 180.5 0.813576 0.000353115 -15902.4 -16024.7 -15728.3
  182 181.5 0.816952 0.00035458 -15969.5 -16339 -15584.5
  183 182.5 0.825824 0.000358431 -15459.1 -16179.3 -15215.2
  184 183.5 0.814984 0.000353726 -15742.6 -16168.7 -15595.3
  185 184.5 0.815592 0.00035399 -15968.7 -16525.9 -15624.4
  186 185.5 0.807904 0.000350653 -16020.6 -16264.4 -15691.3
  187 186.5 0.809728 0.000351444 -15515.2 -15821.9 -15661.8
  188 187.5 0.811312 0.000352132 -15811.3 -15720.9 -15594.7
  189 188.5 0.818088 0.000355073 -16010.8 -15678.2 -15475.5
  190 189.5 0.816112 0.000354215 -15724.6 -15887.8 -15658.4
  191 190.5 0.821872 0.000356715 -15534.3 -15800.2 -15407.6
  192 191.5 0.835576 0.000362663 -15746.6 -15467.8 -15106.6
  193 192.5 0.811368 0.000352156 -15850.6 -15915.5 -15681.1
  194 193.5 0.805624 0.000349663 -16169.2 -15842.7 -15705.7
  195 194.5 0.802016 0.000348097 -15721.1 -15710.1 -15880.3
  196 195.5 0.794368 0.000344778 -15976.8 -15422.6 -16059.5
  197 196.5 0.800048 0.000347243 -15961.8 -15622.4 -15840.6
  198 197.5 0.79904 0.000346806 -16415.1 -16327.4 -15776.4
  199 198.5 0.803312 0.00034866 -16556.3 -16040.1 -15704.3
  200 199.5 0.820864 0.000356278 -16153.6 -16105.9 -15483.4
  201 200.5 0.80164 0.000347934 -15832.5 -15995 -15794.2
  202 201.5 0.80752 0.000350486 -16096.4 -15947.7 -15633.8
  203 202.5 0.816408 0.000354344 -15542.3 -16136 -15457.9
  204 203.5 0.809344 0.000351278 -15556 -16123.3 -15588.6
  205 204.5 0.81592 0.000354132 -15173.4 -15643.8 -15293.3
  206 205.5 0.81592 0.000354132 -15006.6 -15768.3 -15220.2
  207 206.5 0.813032 0.000352878 -15355.1 -15696.6 -15246.4
  208 207.5 0.840312 0.000364719 -15519.8 -15069.1 -14491.2
  209 208.5 0.84464 0.000366597 -15302 -15231.3 -14240.2
  210 209.5 0.870584 0.000377858 -15413.8 -15189.5 -13463
  211 210.5 0.900712 0.000390934 -14675.7 -14669.7 -12412.3
  212 211.5 0.943832 0.000409649 -14142.6 -14031.6 -11334.8
  213 212.5 1.02106 0.000443167 -13390.4 -13083.5 -9483.07
  214 213.5 1.15898 0.000503031 -12179 -12279.4 -6985.54
  215 214.5 1.35316 0.000587309 -10563.1 -10512.5 -4116.24
  216 215.5 1.71095 0.000742601 -8077.76 -8437.7 -532.021
  217 216.5 2.23399 0.000969615 -5890.67 -5954.86 2363.31
  218 217.5 3.04276 0.00132064 -3734.38 -3245.86 4555.83
  219 218.5 4.31121 0.00187118 -946.998 -468.956 6865.68
  220 219.5 6.09349 0.00264474 1625.59 1857.07 7369.65
  221 220.5 8.43765 0.00366217 3848.13 3903.86 7323.44
  222 221.5 11.2518 0.00488358 5773.25 5745.37 6714.55
  223 222.5 14.5082 0.00629695 6900.81 7085.93 5817.45
  224 223.5 17.9086 0.00777285 7766.58 7676.43 4295.93
  225 224.5 21.1775 0.00919164 8103.68 8145.45 3021.87
  226 225.5 24.0971 0.0104588 8091.66 8076.64 1726.73
  227 226.5 26.5204 0.0115106 7395.01 7656.85 167.874
  228 227.5 28.5115 0.0123748 6747.5 6804.33 -774.791
  229 228.5 29.9466 0.0129977 5839.74 5842.44 -1551.09
  230 229.5 31.0758 0.0134878 5110.21 4891.62 -2048.22
  231 230.5 31.9819 0.013881 4200.69 4004.39 -2262.67
  232 231.5 32.6978 0.0141918 3338.4 3190.85 -2306.43
  233 232.5 33.0797 0.0143575 2627.45 2718.79 -2158.07
  234 233.5 33.5021 0.0145408 2126.68 2160 -2134.19
  235 234.5 33.898 0.0147127 1450.71 1474.63 -1956.81
  236 235.5 34.0047 0.014759 1286.32 1292.07 -1760.48
  237 236.5 34.2309 0.0148572 795.05 950.072 -1494.01
  238 237.5 34.4145 0.0149369 505.235 599.968 -1419.34
  239 238.5 34.5576 0.014999 427.663 478.614 -1328.05
  240 239.5 34.4917 0.0149704 341.635 271.067 -1067.06
  241 240.5 34.7016 0.0150614 49.6928 142.273 -914.466
  242 241.5 34.7599 0.0150868 -49.2337 -39.7808 -840.27
  243 242.5 34.7163 0.0150678 -138.14 -71.2831 -839.896
  244 243.5 34.7106 0.0150653 -67.6648 -122.34 -622.516
  245 244.5 34.8458 0.0151241 -79.111 -93.9336 -561.221
  246 245.5 34.8831 0.0151402 -117.729 -291.041 -552.3
  247 246.5 34.7724 0.0150922 -506.4 -346.281 -577.178
  248 247.5 34.8491 0.0151255 -513.156 -557.306 -469.299
  249 248.5 34.9108 0.0151522 -335.323 -546.58 -466.296
  250 249.5 34.8819 0.0151397 -496.142 -274.917 -431.984
  251 250.5 34.8293 0.0151169 -465.073 -375.358 -444.265
  252 251.5 34.8872 0.015142 -440.36 -356.627 -364.361
  253 252.5 35.0051 0.0151932 -394.149 -262.918 -328.708
  254 253.5 34.862 0.0151311 -366.7 -400.398 -411.725
  255 254.5 34.8318 0.015118 -264.669 -375.215 -451.043
  256 255.5 34.9569 0.0151723 -163.808 -127.569 -382.783
  257 256.5 34.9184 0.0151555 -208.272 -111.02 -300.143
  258 257.5 34.8361 0.0151198 -304.912 -95.96 -319.373
  259 258.5 34.8724 0.0151356 -403.011 -281.619 -441.823
  260 259.5 34.9364 0.0151634 -167.953 -322.74 -371.488
  261 260.5 34.8911 0.0151437 -186.842 -308.04 -334.142
  262 261.5 34.8597 0.0151301 -135.196 -370.68 -445.378
  263 262.5 34.8864 0.0151417 -129.602 -192.927 -280.567
  264 263.5 34.9527 0.0151705 -280.983 -245.021 -351.963
  265 264.5 34.8642 0.015132 -326.176 -217.526 -276.04
  266 265.5 34.8494 0.0151256 -146.637 -337.755 -404.049
  267 266.5 34.8404 0.0151217 -279.131 -199.546 -373.845
  268 267.5 34.914 0.0151537 -445.39 -440.824 -300.061
  269 268.5 34.8912 0.0151438 -248.469 -406.6 -353.667
  270 269.5 34.8149 0.0151106 -487.816 -588.484 -455.193
  271 270.5 34.8484 0.0151252 -208.845 -441.295 -408.413
  272 271.5 34.9373 0.0151638 -254.007 -347.275 -182.854
  273 272.5 34.8745 0.0151365 -250.499 -248.022 -331.407
  274 273.5 34.8432 0.0151229 -570.576 -539.364 -495.611
  275 274.5 34.9107 0.0151522 -487.055 -224.726 -340.061
  276 275.5 34.8562 0.0151286 -490.483 -296.207 -270.012
  277 276.5 34.8985 0.0151469 -324.271 -185.866 -307.581
  278 277.5 34.8569 0.0151288 -418.346 -421.331 -449.241
  279 278.5 34.8156 0.0151109 -409.742 -336.719 -311.787
  280 279.5 34.9126 0.015153 -428.181 -555.847 -378.071
  281 280.5 34.9392 0.0151646 -390.489 -403.401 -271.958
  282 281.5 34.7545 0.0150844 -596.126 -512.406 -441.427
  283 282.5 34.9072 0.0151507 -461.671 -510.877 -278.123
  284 283.5 34.9607 0.0151739 -463.867 -442.763 -372.566
  285 284.5 34.8488 0.0151253 -443.896 -478.241 -336.302
  286 285.5 34.8521 0.0151268 -437.819 -401.898 -383.66
  287 286.5 34.9013 0.0151481 -282.874 -207.787 -300.105
  288 287.5 34.9175 0.0151552 -382.505 -343.451 -431.643
  289 288.5 34.835 0.0151193 -385.199 -299.709 -257.359
  290 289.5 34.8756 0.015137 -239.13 -258.579 -279.229
  291 290.5 34.9367 0.0151635 -413.823 -301.926 -434.55
  292 291.5 34.8831 0.0151403 -297.934 -241.328 -419.515
  293 292.5 34.8021 0.0151051 -314.321 -188.047 -287.789
  294 293.5 35.0219 0.0152005 -410.472 -266.623 -331.29
  295 294.5 34.9195 0.015156 -365.504 -427.552 -351.95
  296 295.5 34.8622 0.0151312 -298.655 -418.681 -360.942
  297 296.5 34.9415 0.0151656 -572.373 -472.472 -456.562
  298 297.5 34.9769 0.0151809 -242.167 -371.018 -264.984
  299 298.5 34.8773 0.0151377 -265.756 -319.147 -374.764
  300 299.5 34.9171 0.015155 -452.451 -582.535 -444.079
  301 300.5 34.964 0.0151753 -206.993 -362.272 -325.104
  302 301.5 34.9229 0.0151575 -191.671 -499.149 -325.01
  303 302.5 34.913 0.0151532 -241.017 -389.599 -303.091
  304 303.5 34.9427 0.0151661 -170.292 -441.029 -421.633
  305 304.5 34.9281 0.0151598 -344.09 -479.181 -487.256
  306 305.5 34.8922 0.0151442 -292.125 -510.893 -297.369
  307 306.5 34.9121 0.0151528 -293.97 -460.561 -285.1
  308 307.5 34.9917 0.0151874 -185.32 -344.894 -352.383
  309 308.5 34.9246 0.0151582 -377.893 -331.891 -411.737
  310 309.5 34.8466 0.0151244 -400.401 -254.353 -341.752
  311 310.5 34.9532 0.0151707 -351.553 -337.419 -406.034
  312 311.5 34.9382 0.0151641 -230.857 -180.205 -348.452
  313 312.5 34.8819 0.0151397 -128.636 -304.862 -317.891
  314 313.5 34.9055 0.0151499 -200.879 -416.25 -373.557
  315 314.5 34.9535 0.0151708 -288.044 -368.044 -426.961
  316 315.5 34.8932 0.0151446 -203.663 -364.569 -353.35
  317 316.5 34.8955 0.0151456 -108.064 -368.952 -298.246
  318 317.5 34.9913 0.0151872 -345.205 -331.446 -392.005
  319 318.5 34.8081 0.0151077 -143.259 -256.734 -359.908
  320 319.5 34.9497 0.0151691 -231.034 -458.16 -329.273
  321 320.5 34.8935 0.0151448 -429.483 -480.777 -421.599
  322 321.5 34.8751 0.0151368 -382.636 -531.272 -195.203
  323 322.5 34.8567 0.0151288 -450.798 -414.836 -419.751
  324 323.5 34.8812 0.0151394 -411.269 -384.451 -314.272
  325 324.5 34.8329 0.0151184 -387.27 -415.187 -321.995
  326 325.5 34.8992 0.0151472 -506.569 -503.699 -381.7
  327 326.5 34.8308 0.0151175 -718.983 -440.204 -355.055
  328 327.5 34.9276 0.0151596 -529.772 -353.184 -291.121
  329 328.5 34.8532 0.0151273 -412.917 -337.494 -317.113
  330 329.5 34.8363 0.0151199 -392.478 -300.402 -322.245
  331 330.5 34.8738 0.0151362 -371.157 -433.897 -381.516
  332 331.5 34.8825 0.01514 -275.681 -331.135 -400.135
  333 332.5 34.8284 0.0151165 -239.274 -284.325 -345.735
  334 333.5 34.9207 0.0151565 -474.769 -318.509 -277.344
  335 334.5 34.8878 0.0151423 -419.028 -481.925 -312.975
  336 335.5 34.9334 0.0151621 -472.689 -403.686 -275.918
  337 336.5 34.8386 0.0151209 -354.378 -240.299 -399.838
  338 337.5 34.8494 0.0151256 -603.497 -406.56 -530.466
  339 338.5 34.9487 0.0151687 -657.778 -465.291 -330.351
  340 339.5 34.9681 0.0151771 -427.317 -539.036 -251.561
  341 340.5 34.8482 0.0151251 -461.189 -450.966 -439.766
  342 341.5 34.8727 0.0151357 -322.585 -394.129 -345.309
  343 342.5 35.016 0.0151979 -340.762 -240.538 -342.61
  344 343.5 34.8832 0.0151403 -150.481 -254.71 -350.887
  345 344.5 34.8122 0.0151094 -322.541 -239.092 -356.571
  346 345.5 34.9878 0.0151857 -320.846 -430.055 -396.306
  347 346.5 34.93 0.0151606 -406.364 -579.933 -408.32
  348 347.5 34.8614 0.0151308 -362.373 -381.106 -225.806
  349 348.5 34.877 0.0151376 -354.42 -396.509 -462.636
  350 349.5 34.9802 0.0151824 -289.402 -417.724 -438.849
  351 350.5 34.8559 0.0151284 -302.479 -345.548 -344.887
  352 351.5 34.9018 0.0151483 -260.241 -471.26 -368.798
  353 352.5 34.9179 0.0151553 -229.861 -333.423 -308.261
  354 353.5 34.9475 0.0151682 -303.711 -342.872 -253.085
  355 354.5 34.8859 0.0151414 -455.267 -517.352 -537.64
  356 355.5 34.8444 0.0151234 -512.028 -536.575 -467.298
  357 356.5 34.9326 0.0151617 -493.561 -505.831 -343.624
  358 357.5 34.9009 0.015148 -478.359 -244.321 -300.581
  359 358.5 34.818 0.015112 -394.125 -280.913 -419.866
  360 359.5 34.8603 0.0151303 -241.891 -61.5172 -347.507
  361 360.5 34.8808 0.0151392 -112.683 74.1318 -388.655
  362 361.5 34.8086 0.0151079 -341.499 -87.8059 -410.819
  363 362.5 34.7934 0.0151013 -340.475 -263.403 -411.626
  364 363.5 34.8861 0.0151415 -392.73 -399.093 -424.49
  365 364.5 34.7866 0.0150984 -391.473 -347.605 -348.881
  366 365.5 34.7696 0.015091 -359.997 -266.189 -549.792
  367 366.5 34.815 0.0151107 -41.0899 -98.4366 -451.391
  368 367.5 34.7511 0.0150829 -62.9359 15.4907 -437.517
  369 368.5 34.6311 0.0150309 -160.518 -128.374 -586.55
  370 369.5 34.7611 0.0150873 -160.492 -141.998 -454.252
  371 370.5 34.6976 0.0150597 -240.847 -177.333 -558.583
  372 371.5 34.5575 0.0149989 5.23814 31.1342 -650.65
  373 372.5 34.5913 0.0150136 61.1582 39.4535 -554.283
  374 373.5 34.5226 0.0149838 -66.2175 -31.733 -730.167
  375 374.5 34.4468 0.0149509 190.226 136.83 -605.895
  376 375.5 34.3766 0.0149204 67.1151 257.847 -715.831
  377 376.5 34.2556 0.0148679 143.936 253.711 -661.908
  378 377.5 34.2178 0.0148515 506.564 464.517 -510.397
  379 378.5 34.0291 0.0147696 605.792 601.668 -472.641
  380 379.5 33.8092 0.0146741 700.928 604.797 -563.881
  381 380.5 33.7616 0.0146535 610.12 689.08 -368.019
  382 381.5 33.5752 0.0145726 527.856 342.579 -268.95
  383 382.5 33.3562 0.0144775 429.815 394.901 -125.927
  384 383.5 33.2049 0.0144119 392.894 194.797 -64.0283
  385 384.5 33.1224 0.014376 315.58 91.1359 85.2223
  386 385.5 32.9345 0.0142945 262.427 185.841 147.436
  387 386.5 32.7643 0.0142206 131.364 189.901 213.701
  388 387.5 32.7248 0.0142035 79.4689 89.7895 35.4786
  389 388.5 32.6676 0.0141786 -3.58822 116.557 193.615
  390 389.5 32.6532 0.0141724 -53.7826 54.6901 128.12
  391 390.5 32.6131 0.014155 -140.386 -59.5993 39.312
  392 391.5 32.6506 0.0141713 -152.206 -133.596 -159.349
  393 392.5 32.6712 0.0141802 -198.175 -118.915 -216.731
  394 393.5 32.731 0.0142062 14.8202 -170.082 -47.8254
  395 394.5 32.8265 0.0142476 -271.051 -244.695 -378.819
  396 395.5 32.8295 0.0142489 -307.355 -108.18 -330.221
  397 396.5 32.8184 0.0142441 21.3983 104.602 -438.177
  398 397.5 32.9253 0.0142905 -228.445 -64.1566 -454.198
  399 398.5 32.9912 0.0143191 -49.4257 42.9767 -384.857
  400 399.5 32.9254 0.0142905 -171.212 -182.547 -460.962
  401 400.5 33.0324 0.014337 -303.545 -155.181 -519.562
  402 401.5 33.1165 0.0143735 -282.457 -258.378 -447.539
  403 402.5 33.0672 0.0143521 -372.01 -208.391 -319.303
  404 403.5 33.0583 0.0143482 -408.641 -379.886 -682.256
  405 404.5 33.1363 0.0143821 -358.489 -423.059 -403.599
  406 405.5 33.1083 0.0143699 -405.986 -231.286 -369.237
  407 406.5 33.0923 0.014363 -397.494 -446.133 -415.984
  408 407.5 33.162 0.0143932 -332.044 -339.457 -528.548
  409 408.5 33.1402 0.0143838 -332.835 -304.855 -372.872
  410 409.5 33.0562 0.0143473 -345.41 -403.265 -334.334
  411 410.5 33.1416 0.0143844 -357.865 -341.61 -469.809
  412 411.5 33.1595 0.0143921 -241.69 -250.295 -331.432
  413 412.5 33.1694 0.0143965 -593.471 -295.675 -397.913
  414 413.5 33.0789 0.0143572 -356.499 -313.246 -524.566
  415 414.5 33.1295 0.0143791 -343.283 -113.966 -301.655
  416 415.5 33.2176 0.0144174 -290.219 -358.884 -352.613
  417 416.5 33.1556 0.0143905 -375.186 -437.914 -357.812
  418 417.5 33.0968 0.0143649 -451.69 -545.339 -475.688
  419 418.5 33.1877 0.0144044 -375.529 -348.924 -323.782
  420 419.5 33.201 0.0144102 -441.728 -326.068 -435.046
  421 420.5 33.1026 0.0143675 -384.119 -434.099 -396.606
  422 421.5 33.0964 0.0143648 -289.168 -436.914 -425.782
  423 422.5 33.2032 0.0144111 -239.07 -337.875 -299.822
  424 423.5 33.1914 0.014406 -518.88 -437.556 -408.874
  425 424.5 33.0905 0.0143622 -423.893 -412.946 -411.232
  426 425.5 33.132 0.0143802 -311.957 -358.338 -355.313
  427 426.5 33.1497 0.0143879 -365.983 -374.887 -350.378
  428 427.5 33.1132 0.014372 -249.515 -202.164 -313.098
  429 428.5 33.1182 0.0143742 -445.611 -436.923 -434.685
  430 429.5 33.1035 0.0143678 -426.353 -402.308 -434.815
  431 430.5 33.1321 0.0143803 -257.904 -156.33 -307.085
  432 431.5 33.0461 0.0143429 -412.46 -177.122 -425.841
  433 432.5 33.0889 0.0143615 -474.682 -272.748 -319.187
  434 433.5 33.1291 0.0143789 -231.006 -288.412 -348.968
  435 434.5 33.1184 0.0143743 -324.146 -287.166 -374.797
  436 435.5 33.0274 0.0143348 -311.581 -360.564 -350.061
  437 436.5 33.086 0.0143603 -334.509 -350.007 -361.987
  438 437.5 33.1359 0.0143819 -250.772 -336.02 -485.174
  439 438.5 33.0723 0.0143543 -340.617 -411.782 -235.046
  440 439.5 33.0649 0.0143511 -373.586 -407.163 -464.211
  441 440.5 33.0886 0.0143614 -329.694 -304.378 -387.578
  442 441.5 33.104 0.0143681 -300.234 -101.49 -260.75
  443 442.5 33.0747 0.0143553 -661.536 -444.042 -516.039
  444 443.5 33.0744 0.0143552 -453.747 -378.227 -336.235
  445 444.5 33.0844 0.0143596 -403.325 -421.772 -272.549
  446 445.5 33.111 0.0143711 -299.747 -373.963 -417.487
  447 446.5 33.115 0.0143728 -163.128 -405.048 -305.25
  448 447.5 32.9861 0.0143169 -361.728 -491.487 -511.853
  449 448.5 33.0247 0.0143337 -433.833 -380.613 -401.696
  450 449.5 33.1752 0.014399 -289.511 -292.503 -274.122
  451 450.5 33.0481 0.0143438 -397.942 -441.433 -316.451
  452 451.5 33.0394 0.01434 -461.937 -377.928 -353.314
  453 452.5 33.0933 0.0143634 -544.884 -344.314 -395.913
  454 453.5 33.0629 0.0143502 -477.587 -484.699 -529.322
  455 454.5 33.1093 0.0143704 -343.324 -427.286 -220.392
  456 455.5 33.0156 0.0143297 -362.802 -274.367 -432.598
  457 456.5 33.0846 0.0143596 -360.635 -368.87 -382.225
  458 457.5 33.1176 0.014374 -427.794 -259.781 -272.174
  459 458.5 33.0669 0.0143519 -377.423 -384.118 -364.589
  460 459.5 33.0674 0.0143522 -416.853 -478.067 -413.415
  461 460.5 33.1229 0.0143763 -537.136 -388.197 -351.765
  462 461.5 33.0718 0.0143541 -433.847 -442.176 -494.763
  463 462.5 33.0844 0.0143596 -353.684 -409.662 -289.814
  464 463.5 33.0959 0.0143645 -413.344 -410.641 -331.6
  465 464.5 33.1742 0.0143985 -389.733 -455.566 -418.366
  466 465.5 33.1081 0.0143698 -490.47 -279.696 -417.221
  467 466.5 33.0895 0.0143618 -420.97 -259.989 -342.217
  468 467.5 33.075 0.0143555 -301.663 -293.1 -413.408
  469 468.5 33.2453 0.0144294 -434.1 -308.751 -292.569
  470 469.5 33.0768 0.0143563 -547.821 -455.221 -435.212
  471 470.5 33.0737 0.0143549 -374.099 -427.918 -366.832
  472 471.5 33.1484 0.0143873 -368.335 -418.17 -428.881
  473 472.5 33.1604 0.0143925 -410.428 -330.841 -279.857
  474 473.5 33.1152 0.0143729 -320.604 -408.748 -349.097
  475 474.5 33.091 0.0143624 -349.554 -404.877 -463.127
  476 475.5 33.1741 0.0143985 -189.057 -383.671 -326.39
  477 476.5 33.1562 0.0143907 -289.492 -527.328 -387.78
  478 477.5 33.1236 0.0143766 -326.873 -565.17 -361.539
  479 478.5 33.153 0.0143893 -424.671 -497.336 -401.626
  480 479.5 33.2188 0.0144179 -370.814 -394.876 -328.779
57500000 480 11131
  1 0.5 33.2257 0.0144209 -463.337 -521.95 -436.246
  2 1.5 33.1365 0.0143822 -323.662 -424.393 -318.583
  3 2.5 33.0917 0.0143627 -284.011 -280.918 -404.016
  4 3.5 33.1634 0.0143939 -242.828 -423.495 -389.283
  5 4.5 33.1962 0.0144081 -457.127 -462.571 -439.665
  6 5.5 33.2081 0.0144132 -329.232 -288.565 -336.152
  7 6.5 33.1031 0.0143677 -140.159 -356.049 -451.021
  8 7.5 33.1709 0.0143971 -225.746 -252.233 -379.175
  9 8.5 33.2584 0.0144351 -357.158 -198.649 -369.032
  10 9.5 33.2555 0.0144338 -435.666 -359.221 -283.306
  11 10.5 33.1568 0.014391 -555.413 -379.128 -436.749
  12 11.5 33.2266 0.0144213 -519.343 -410.96 -523.769
  13 12.5 33.2001 0.0144098 -322.663 -325.856 -321.058
  14 13.5 33.1588 0.0143918 -355.214 -331.492 -277.605
  15 14.5 33.198 0.0144089 -273.681 -299.249 -370.031
  16 15.5 33.1785 0.0144004 -458.6 -484.246 -555.098
  17 16.5 33.1624 0.0143934 -389.498 -397.481 -296.971
  18 17.5 33.2206 0.0144186 -631.377 -532.31 -261.48
  19 18.5 33.2043 0.0144116 -522.327 -412.963 -421.194
  20 19.5 33.1462 0.0143864 -472.773 -484.587 -502.442
  21 20.5 33.2528 0.0144327 -420.244 -525.973 -300.302
  22 21.5 33.2402 0.0144272 -402.402 -346.282 -399.647
  23 22.5 33.2012 0.0144102 -246.167 -329.828 -356.479
  24 23.5 33.163 0.0143937 -267.206 -349.644 -443.755
  25 24.5 33.2493 0.0144311 -338.668 -451.395 -363.529
  26 25.5 33.3182 0.014461 -442.06 -461.228 -428.618
  27 26.5 33.1791 0.0144006 -357.284 -331.113 -273.027
  28 27.5 33.2364 0.0144255 -275.752 -387.695 -408.264
  29 28.5 33.2392 0.0144268 -287.082 -533.419 -402.384
  30 29.5 33.2381 0.0144263 -271.242 -338.874 -455.322
  31 30.5 33.2102 0.0144142 -156.476 -224.182 -320.045
  32 31.5 33.2197 0.0144183 -298.535 -241.993 -409.097
  33 32.5 33.2114 0.0144147 -223.989 -369.879 -416.934
  34 33.5 33.2754 0.0144425 -266.791 -498.775 -313.434
  35 34.5 33.2341 0.0144245 -395.172 -475.621 -454.222
  36 35.5 33.2408 0.0144275 -487.962 -579.461 -367.967
  37 36.5 33.257 0.0144345 -308.456 -372.71 -362.511
  38 37.5 33.2264 0.0144212 -469.183 -362.76 -407.989
  39 38.5 33.246 0.0144297 -610.815 -408.754 -392.325
  40 39.5 33.2782 0.0144437 -413.511 -330.47 -370.014
  41 40.5 33.1984 0.014409 -448.469 -344.604 -551.345
  42 41.5 33.2002 0.0144098 -284.336 -239.939 -364.93
  43 42.5 33.2919 0.0144496 -302.94 -185.248 -371.698
  44 43.5 33.2473 0.0144303 -371.82 -291.506 -457.509
  45 44.5 33.1947 0.0144074 -327.132 -298.011 -485.148
  46 45.5 33.2227 0.0144196 -243.199 -265.593 -524.336
  47 46.5 33.2486 0.0144308 -347.251 -368.88 -432.743
  48 47.5 33.2364 0.0144255 -143.73 -332.769 -622.716
  49 48.5 33.1195 0.0143748 -173.264 -243.687 -713.276
  50 49.5 33.1933 0.0144068 -40.6695 -111.273 -606.844
  51 50.5 33.1639 0.014394 24.2616 78.5902 -853.854
  52 51.5 33.084 0.0143594 64.5775 162.474 -936.29
  53 52.5 32.9393 0.0142966 235.281 227.772 -1134.97
  54 53.5 33.0156 0.0143297 446.677 473.74 -1195.52
  55 54.5 32.9016 0.0142802 526.268 386.598 -1409.4
  56 55.5 32.757 0.0142174 860.862 596.934 -1683
  57 56.5 32.5596 0.0141318 1138.97 874.813 -1927.14
  58 57.5 32.3281 0.0140313 1446.94 1555.18 -2251.01
  59 58.5 32.0428 0.0139075 1976.31 2169.3 -2397.46
  60 59.5 31.6285 0.0137276 2790.58 2784.45 -2439.78
  61 60.5 30.9497 0.013433 3460.64 3654.07 -2532.07
  62 61.5 30.1764 0.0130974 4602.1 4649.18 -2335.05
  63 62.5 29.0069 0.0125898 5477.88 5535.26 -1762.97
  64 63.5 27.4292 0.011905 6464.1 6500.65 -914.663
  65 64.5 25.4193 0.0110327 7383.42 7358.11 248.878
  66 65.5 22.9084 0.00994288 7665.34 7775.62 1460.16
  67 66.5 19.8799 0.00862843 7839.6 7767.87 2894.36
  68 67.5 16.7091 0.00725222 7346.49 7219.47 4413.31
  69 68.5 13.4352 0.00583124 6496.54 6334.17 5693.43
  70 69.5 10.336 0.00448611 5109.65 5002.05 6638.83
  71 70.5 7.68254 0.00333444 3379.42 3237.2 6950.77
  72 71.5 5.55379 0.0024105 1028.55 1132.34 6888.83
  73 72.5 3.99494 0.00173391 -1262.13 -1570.13 6016.47
  74 73.5 2.88184 0.0012508 -4069.67 -4203.34 4258.53
  75 74.5 2.10782 0.000914851 -6582.76 -6432.95 1642.66
  76 75.5 1.6197 0.000702997 -9013.86 -9189.72 -1631.27
  77 76.5 1.33287 0.000578503 -10823.7 -10944.3 -4971.5
  78 77.5 1.15485 0.000501236 -12589.1 -12484.5 -7652.31
  79 78.5 1.0459 0.000453951 -13154 -13579.5 -9598
  80 79.5 0.969032 0.000420587 -14035.6 -14243.6 -11337.5
  81 80.5 0.928984 0.000403205 -14725.9 -14267.8 -12362.3
  82 81.5 0.8956 0.000388715 -14825.7 -14903.1 -13477.1
  83 82.5 0.862456 0.00037433 -15351.6 -15072 -14380.6
  84 83.5 0.841912 0.000365413 -15555.3 -15124.8 -14787.4
  85 84.5 0.843872 0.000366264 -15316.2 -15478.1 -14996.9
  86 85.5 0.848448 0.00036825 -14912.9 -15368.8 -14995.8
  87 86.5 0.86064 0.000373542 -15129.8 -15657 -14787.6
  88 87.5 0.8638 0.000374913 -15415 -16039.6 -14830.8
  89 88.5 0.85512 0.000371146 -15244.7 -16244.1 -15025.6
  90 89.5 0.844984 0.000366747 -15646.2 -16216.4 -15199.7
  91 90.5 0.853616 0.000370493 -15730.1 -15561.5 -15126.9
  92 91.5 0.838624 0.000363986 -15696.7 -15477.9 -15417.8
  93 92.5 0.846096 0.000367229 -15827.8 -15803.9 -15264.3
  94 93.5 0.834704 0.000362285 -15545.4 -15717.6 -15563.2
  95 94.5 0.837152 0.000363347 -15405.7 -15369.4 -15300
  96 95.5 0.833912 0.000361941 -15341.9 -15614.5 -15513.4
  97 96.5 0.836768 0.000363181 -15400.3 -15779.7 -15420.4
  98 97.5 0.850408 0.000369101 -15228.2 -16177.3 -15203.6
  99 98.5 0.846504 0.000367406 -15409.8 -15807.9 -15199.5
  100 99.5 0.836152 0.000362913 -15840.3 -15629.4 -15491.3
  101 100.5 0.832168 0.000361184 -15166.2 -15370.5 -15618
  102 101.5 0.83984 0.000364514 -15013 -15408.5 -15369.3
  103 102.5 0.841496 0.000365233 -15089.7 -15810.3 -15447.7
  104 103.5 0.851736 0.000369677 -15533.7 -15840.7 -15198.5
  105 104.5 0.858704 0.000372701 -15245.4 -15265.8 -14996.6
  106 105.5 0.855096 0.000371135 -15312.8 -15461.9 -15097.7
  107 106.5 0.845816 0.000367108 -15364 -15598.6 -15212.3
  108 107.5 0.848496 0.000368271 -15599.3 -15549.3 -15292.1
  109 108.5 0.858736 0.000372715 -15414.2 -16014 -15148
  110 109.5 0.859504 0.000373049 -15513.5 -15716.8 -15070.1
  111 110.5 0.85852 0.000372622 -15761.7 -16019.6 -15073.7
  112 111.5 0.856048 0.000371549 -15830.8 -15668.4 -15029.1
  113 112.5 0.837552 0.000363521 -15961 -15461.8 -15453.6
  114 113.5 0.85696 0.000371944 -15726.5 -15517.1 -15197.8
  115 114.5 0.865696 0.000375736 -15605.8 -15362.8 -14921.2
  116 115.5 0.84796 0.000368038 -15438.7 -15544.2 -15253.2
  117 116.5 0.848368 0.000368215 -15337.6 -15456.5 -15116.1
  118 117.5 0.842784 0.000365792 -15335.2 -15486.5 -15391.8
  119 118.5 0.839872 0.000364528 -15129.8 -15150.5 -15354.3
  120 119.5 0.84896 0.000368472 -15351.8 -15153.2 -15290.7
  121 120.5 0.841744 0.00036534 -15703.7 -15211.4 -15397
  122 121.5 0.83272 0.000361424 -15781.6 -15334 -15597.9
  123 122.5 0.839584 0.000364403 -15580.7 -15338 -15394.6
  124 123.5 0.835232 0.000362514 -15722.7 -15656.3 -15434.9
  125 124.5 0.82136 0.000356493 -15539.3 -15426.9 -15677.2
  126 125.5 0.835896 0.000362802 -15431 -15422.5 -15535.6
  127 126.5 0.834688 0.000362278 -14948.6 -14997.1 -15467.6
  128 127.5 0.845256 0.000366865 -15235 -15043.8 -15252.9
  129 128.5 0.835912 0.000362809 -15449.2 -15506.1 -15583.6
  130 129.5 0.834192 0.000362063 -14995.2 -15285.6 -15462.2
  131 130.5 0.835072 0.000362444 -14729.3 -15049.9 -15493.3
  132 131.5 0.82984 0.000360174 -14522.4 -15381.9 -15652.9
  133 132.5 0.839632 0.000364424 -14564.8 -15210.1 -15294.2
  134 133.5 0.844656 0.000366604 -14747.8 -15079.4 -15254.9
  135 134.5 0.861224 0.000373795 -14962.1 -15108.5 -15085.5
  136 135.5 0.871496 0.000378253 -14964.3 -14989.5 -14961
  137 136.5 0.860544 0.0003735 -14804.5 -15060.2 -15028.4
  138 137.5 0.866368 0.000376028 -14816.7 -15090.6 -15027.4
  139 138.5 0.875496 0.00037999 -14596.5 -14983.5 -14650
  140 139.5 0.86816 0.000376806 -14448 -14517.6 -14857.3
  141 140.5 0.86548 0.000375642 -14480 -15049.6 -14892.9
  142 141.5 0.851416 0.000369538 -14595 -15224.9 -15242.4
  143 142.5 0.847336 0.000367767 -15009.6 -15369.2 -15322.4
  144 143.5 0.854968 0.00037108 -15016.4 -15274.6 -15213.7
  145 144.5 0.85784 0.000372326 -14596.5 -14920.4 -15026.5
  146 145.5 0.867032 0.000376316 -14736.3 -15062.3 -14901.3
  147 146.5 0.856088 0.000371566 -14728.2 -14995.5 -15212.3
  148 147.5 0.847976 0.000368045 -14733.1 -15210.4 -15200
  149 148.5 0.845176 0.00036683 -15160.3 -15217.2 -15340.4
  150 149.5 0.853152 0.000370292 -14944.1 -14661 -15115.6
  151 150.5 0.84788 0.000368003 -14925.6 -15036.8 -15171.8
  152 151.5 0.85368 0.000370521 -15025.5 -15104.9 -15177.8
  153 152.5 0.826608 0.000358771 -14917.3 -15243.1 -15758.6
  154 153.5 0.835864 0.000362788 -15252.6 -14997.3 -15462.6
  155 154.5 0.835528 0.000362642 -14923.4 -15113.6 -15433.2
  156 155.5 0.832296 0.00036124 -14809.5 -14731.2 -15632.4
  157 156.5 0.841896 0.000365406 -14991.2 -14877.6 -15310.2
  158 157.5 0.839496 0.000364365 -15159.5 -14472.5 -15330.3
  159 158.5 0.828184 0.000359455 -15069.8 -14598.6 -15618.5
  160 159.5 0.832368 0.000361271 -15289.4 -14885.1 -15602.6
  161 160.5 0.834384 0.000362146 -14801.3 -14910.4 -15459.8
  162 161.5 0.84008 0.000364618 -15132.1 -14903.2 -15465.1
  163 162.5 0.841304 0.000365149 -15054 -15074.7 -15237.1
  164 163.5 0.843504 0.000366104 -15397.1 -15185.5 -15400.5
  165 164.5 0.836328 0.00036299 -14884.7 -15348.4 -15489.3
  166 165.5 0.841976 0.000365441 -15099.9 -15411.5 -15449.2
  167 166.5 0.844256 0.000366431 -15084.4 -15272.1 -15365.4
  168 167.5 0.844688 0.000366618 -15016.4 -15194.2 -15194.9
  169 168.5 0.8528 0.000370139 -15435.2 -14587.2 -15090.2
  170 169.5 0.849408 0.000368667 -15239.8 -14577.9 -15345.3
  171 170.5 0.850296 0.000369052 -15092.3 -15157 -15153.7
  172 171.5 0.865152 0.0003755 -15201 -15176.7 -14981.6
  173 172.5 0.861504 0.000373917 -15261.1 -15006.6 -15093.2
  174 173.5 0.870736 0.000377924 -15114 -15240.7 -14731.7
  175 174.5 0.871264 0.000378153 -15090.6 -15323.4 -14942.7
  176 175.5 0.88272 0.000383125 -15294.1 -15119.8 -14658.2
  177 176.5 0.86208 0.000374167 -15258.5 -14916.3 -14984.5
  178 177.5 0.864648 0.000375281 -14999.8 -14732.6 -14978.1
  179 178.5 0.870952 0.000378017 -15068.6 -14664.6 -14854.4
  180 179.5 0.872 0.000378472 -14764.2 -14600.8 -14782.5
  181 180.5 0.868328 0.000376878 -14972.5 -14701.6 -14909.7
  182 181.5 0.868168 0.000376809 -15109.4 -14738.1 -14968.3
  183 182.5 0.874808 0.000379691 -15279.4 -14834.1 -14805.2
  184 183.5 0.869584 0.000377424 -15165.5 -15047.2 -14948.1
  185 184.5 0.878712 0.000381385 -14938 -15273.1 -14656.9
  186 185.5 0.882696 0.000383115 -14958.5 -15280.2 -14568.8
  187 186.5 0.870808 0.000377955 -15457.7 -15263.8 -14849.7
  188 187.5 0.858304 0.000372528 -15405.9 -15236 -15078.6
  189 188.5 0.85736 0.000372118 -15591 -15255.8 -15191.2
  190 189.5 0.863912 0.000374962 -15095.7 -15158.5 -15083.5
  191 190.5 0.89088 0.000386667 -15088.2 -15070.5 -14363.5
  192 191.5 0.87088 0.000377986 -15360.2 -15176.9 -14755.8
  193 192.5 0.860232 0.000373365 -15512.3 -15847.5 -15036.1
  194 193.5 0.854304 0.000370792 -15270.8 -15442 -15202.7
  195 194.5 0.85816 0.000372465 -15219.5 -15804.3 -15016
  196 195.5 0.848136 0.000368115 -15095.4 -15597.5 -15236.2
  197 196.5 0.851528 0.000369587 -15552.7 -15421.2 -15264.4
  198 197.5 0.856688 0.000371826 -15059.3 -15342.8 -15048.7
  199 198.5 0.850472 0.000369128 -15763.3 -15254 -15186.4
  200 199.5 0.85216 0.000369861 -15414.9 -15110.3 -15160.8
  201 200.5 0.85044 0.000369115 -15556.7 -15296.4 -15073
  202 201.5 0.842304 0.000365583 -15836.9 -15567.9 -15309.7
  203 202.5 0.856088 0.000371566 -15600.1 -15019.8 -14902.2
  204 203.5 0.859912 0.000373226 -15372.5 -15145.5 -14832.2
  205 204.5 0.85036 0.00036908 -15304.9 -15189.8 -15071.5
  206 205.5 0.844672 0.000366611 -15649 -15092 -15014.1
  207 206.5 0.836744 0.00036317 -14992 -14934.7 -14900
  208 207.5 0.856752 0.000371854 -14466.7 -15123.6 -14405.1
  209 208.5 0.890312 0.00038642 -14331.5 -14986.9 -13550.2
  210 209.5 0.920736 0.000399625 -14186 -14158.6 -12715.3
  211 210.5 0.965848 0.000419205 -13795.1 -13862.3 -11583
  212 211.5 1.0279 0.000446139 -13519.9 -13557.7 -10162.7
  213 212.5 1.1366 0.000493316 -12735.9 -12742.5 -7946.33
  214 213.5 1.30399 0.000565969 -11277.7 -11518.5 -5344.91
  215 214.5 1.55704 0.000675799 -9490.94 -9669.87 -2541.74
  216 215.5 1.96653 0.000853528 -7323.99 -7358.6 365.756
  217 216.5 2.62548 0.00113953 -4889.39 -4753.06 3384.08
  218 217.5 3.61917 0.00157082 -2154.09 -2415.83 5391.11
  219 218.5 5.02917 0.0021828 161.691 99.81 6584.9
  220 219.5 7.00395 0.00303991 2430.74 2671.94 6998.88
  221 220.5 9.51612 0.00413026 4469.12 4417.66 6817.29
  222 221.5 12.4618 0.00540878 6032.3 6001.7 6010.4
  223 222.5 15.7168 0.00682151 7061.75 6969.16 5002.75
  224 223.5 19.0528 0.00826945 7684.06 7672.62 3658.53
  225 224.5 22.1204 0.00960089 7678.84 7819.02 2235.11
  226 225.5 24.8574 0.0107888 7443.33 7652.35 924.35
  227 226.5 27.0715 0.0117498 6933.92 7041.7 -218.259
  228 227.5 28.7755 0.0124894 6036.4 6025.5 -1090.85
  229 228.5 30.1764 0.0130974 5253.47 5271.83 -1615.55
  230 229.5 31.2237 0.013552 4321.43 4279.25 -2111.83
  231 230.5 31.9501 0.0138672 3456.44 3387.82 -2211.74
  232 231.5 32.5203 0.0141147 2766.58 2958.27 -2052.77
  233 232.5 33.0839 0.0143593 2185.45 2255.91 -2117.63
  234 233.5 33.3442 0.0144723 1791.76 1789.88 -1840.27
  235 234.5 33.7199 0.0146354 1341.39 1414.9 -1730.88
  236 235.5 33.91 0.0147179 920.354 1296.16 -1702.08
  237 236.5 34.1354 0.0148157 799.033 899.981 -1403.91
  238 237.5 34.2551 0.0148677 680.721 549.067 -1238.36
  239 238.5 34.4593 0.0149563 658.683 636.891 -1110.63
  240 239.5 34.4399 0.0149479 529.68 422.44 -1151
  241 240.5 34.5813 0.0150092 285.024 212.176 -920.775
  242 241.5 34.6902 0.0150565 310.855 230.135 -798.215
  243 242.5 34.711 0.0150655 -82.7394 -158.14 -936.864
  244 243.5 34.664 0.0150451 -67.6499 -113.667 -677.259
  245 244.5 34.8716 0.0151352 -214.939 -84.9465 -568.598
  246 245.5 34.8798 0.0151388 -296.638 -177.631 -571.282
  247 246.5 34.763 0.0150881 -287.275 -375.4 -565.963
  248 247.5 34.8142 0.0151103 -229.013 -371.522 -500.347
  249 248.5 34.945 0.0151671 -220.319 -445.674 -469.276
  250 249.5 34.9033 0.015149 -274.03 -264.087 -441.448
  251 250.5 34.8291 0.0151168 -166.668 -408.708 -483.185
  252 251.5 34.9164 0.0151547 -443.481 -267.278 -438.013
  253 252.5 34.9487 0.0151687 -303.897 -256.381 -398.3
  254 253.5 34.8924 0.0151443 -299.733 -279.353 -360.696
  255 254.5 34.9038 0.0151492 -420.161 -399.111 -434.227
  256 255.5 34.9917 0.0151874 -457.295 -532.593 -402.579
  257 256.5 34.9382 0.0151641 -491.739 -347.838 -326.312
  258 257.5 34.9332 0.015162 -425.946 -382.766 -381.863
  259 258.5 34.9417 0.0151657 -351.22 -289.587 -438.603
  260 259.5 34.9262 0.015159 -303.56 -110.759 -313.165
  261 260.5 34.9776 0.0151812 -239.556 -234.454 -404.536
  262 261.5 34.8886 0.0151426 -278.781 -340.146 -376.801
  263 262.5 34.9208 0.0151566 -387.029 -90.0264 -297.883
  264 263.5 34.9759 0.0151805 -367.047 -450.672 -398.744
  265 264.5 34.9959 0.0151892 -406.96 -344.151 -385.366
  266 265.5 34.831 0.0151176 -458.745 -499.315 -459.135
  267 266.5 34.9514 0.0151699 -320.085 -430.357 -293.081
  268 267.5 34.9944 0.0151886 -309.868 -298.308 -428.313
  269 268.5 34.8803 0.015139 -201.545 -218.013 -225.684
  270 269.5 34.9175 0.0151552 -362.286 -370.326 -351.679
  271 270.5 34.9382 0.0151641 -412.87 -328.525 -479.452
  272 271.5 34.8992 0.0151472 -372.541 -344.695 -306.83
  273 272.5 34.8953 0.0151455 -358.109 -243.277 -222.806
  274 273.5 34.9144 0.0151538 -388.509 -353.557 -539.08
  275 274.5 34.9104 0.0151521 -449.444 -401.6 -303.681
  276 275.5 34.945 0.0151671 -534.875 -519.848 -323.106
  277 276.5 34.893 0.0151445 -362.696 -576.7 -375.352
  278 277.5 34.9244 0.0151582 -345.144 -487.315 -320.97
  279 278.5 34.8952 0.0151455 -407.388 -471.361 -376.478
  280 279.5 34.967 0.0151766 -301.391 -491.505 -325.732
  281 280.5 34.895 0.0151454 -554.532 -502.262 -343.192
  282 281.5 34.9491 0.0151689 -498.827 -566.741 -399.679
  283 282.5 34.9763 0.0151807 -325.976 -379.212 -336.424
  284 283.5 34.9424 0.015166 -368.218 -357.609 -367.134
  285 284.5 34.9379 0.015164 -346.113 -259.201 -365.576
  286 285.5 34.9902 0.0151867 -355.786 -162.676 -302.026
  287 286.5 34.9772 0.0151811 -359.763 -184.87 -413.308
  288 287.5 35.0352 0.0152063 -314.001 -260.59 -495.474
  289 288.5 34.8802 0.015139 -103.664 -107.53 -215.096
  290 289.5 35.0534 0.0152141 -434.283 -450.336 -319.803
  291 290.5 35.0419 0.0152091 -589.134 -469.65 -414.757
  292 291.5 34.9771 0.015181 -412.126 -386.965 -384.66
  293 292.5 34.9843 0.0151842 -516.229 -539.488 -422.407
  294 293.5 35.056 0.0152153 -389.218 -334.436 -334.515
  295 294.5 35.0511 0.0152132 -377.375 -464.543 -442.106
  296 295.5 34.9763 0.0151807 -347.544 -278.129 -341.766
  297 296.5 35.0039 0.0151927 -317.661 -344.616 -412.701
  298 297.5 35.0967 0.0152329 -89.9155 -241.871 -252.524
  299 298.5 34.9782 0.0151815 -333.17 -359.24 -471.747
  300 299.5 34.9741 0.0151797 -386.638 -390.495 -407.792
  301 300.5 35.081 0.0152261 -332.869 -156.013 -291.834
  302 301.5 35.0245 0.0152016 -424.199 -470.523 -315.306
  303 302.5 34.9489 0.0151688 -371.543 -326.295 -381.097
  304 303.5 35.0184 0.015199 -532.368 -592.258 -460.202
  305 304.5 35.0535 0.0152142 -419.815 -474.961 -408.283
  306 305.5 34.996 0.0151892 -322.814 -439.032 -273.65
  307 306.5 35.0297 0.0152039 -106.455 -158.554 -272.107
  308 307.5 34.9432 0.0151663 -332.308 -353.898 -484.971
  309 308.5 35.0558 0.0152152 -323.375 -410.744 -300.684
  310 309.5 35.0223 0.0152007 -403.035 -381.362 -356.718
  311 310.5 35.0014 0.0151916 -278.654 -317.503 -348.117
  312 311.5 34.9589 0.0151731 -278.653 -435.388 -398.612
  313 312.5 35.0094 0.015195 -380.562 -411.458 -432.589
  314 313.5 35.0743 0.0152232 -226.192 -280.293 -205.972
  315 314.5 35.0008 0.0151913 -383.521 -339.341 -506.839
  316 315.5 35.0129 0.0151966 -272.789 -356.584 -405.235
  317 316.5 35.0156 0.0151978 -162.7 -281.834 -208.416
  318 317.5 35.0328 0.0152052 -238.372 -294.745 -417.17
  319 318.5 35.0104 0.0151955 -293.175 -311.106 -373.986
  320 319.5 34.9382 0.0151641 -285.036 -349.217 -477.163
  321 320.5 35.0103 0.0151954 -204.2 -241.574 -189.136
  322 321.5 34.9917 0.0151874 -217.363 -353.036 -433.011
  323 322.5 34.9906 0.0151869 -401.382 -373.678 -383.562
  324 323.5 34.9773 0.0151811 -506.087 -448.386 -356.919
  325 324.5 34.9196 0.0151561 -344.768 -395.38 -246.087
  326 325.5 35.0004 0.0151911 -515.987 -658.461 -440.335
  327 326.5 34.975 0.0151801 -499.318 -491.285 -346.356
  328 327.5 34.9461 0.0151676 -217.592 -322.794 -382.939
  329 328.5 34.9304 0.0151608 -329.792 -424.5 -351.951
  330 329.5 34.9515 0.0151699 -127.605 -318.962 -426.57
  331 330.5 34.9708 0.0151783 -295.132 -274.24 -320.195
  332 331.5 34.9297 0.0151605 -366.422 -247.881 -327.934
  333 332.5 34.9807 0.0151826 -403.315 -210.726 -345.884
  334 333.5 35.0206 0.0151999 -352.237 -376.837 -449.226
  335 334.5 34.9077 0.0151509 -409.716 -468.195 -313.759
  336 335.5 34.9406 0.0151652 -421.211 -351.613 -376.845
  337 336.5 34.9918 0.0151874 -387.845 -296.859 -331.047
  338 337.5 34.9488 0.0151688 -480.743 -480.505 -348.455
  339 338.5 34.927 0.0151593 -596.995 -466.941 -483.425
  340 339.5 34.9094 0.0151517 -548.123 -282.315 -373.19
  341 340.5 34.9276 0.0151596 -421.866 -506.082 -343.784
  342 341.5 35.0083 0.0151946 -207.277 -316.31 -268.37
  343 342.5 34.8595 0.01513 -433.174 -257.534 -431.544
  344 343.5 34.9285 0.0151599 -295.736 -253.567 -344.981
  345 344.5 34.9546 0.0151713 -406.842 -253.733 -313.39
  346 345.5 34.9083 0.0151512 -507.198 -290.564 -421.748
  347 346.5 34.9166 0.0151548 -371.988 -328.917 -341.642
  348 347.5 34.9169 0.0151549 -427.907 -248.108 -314.329
  349 348.5 34.9296 0.0151604 -468.069 -395.518 -395.818
  350 349.5 34.9197 0.0151561 -416.571 -436.577 -370.248
  351 350.5 34.9257 0.0151587 -506.33 -355.463 -287.987
  352 351.5 34.8768 0.0151375 -382.06 -365.113 -408.254
  353 352.5 34.9429 0.0151662 -368.953 -530.628 -406.934
  354 353.5 34.9042 0.0151494 -483.919 -486.557 -330.208
  355 354.5 34.8882 0.0151425 -384.418 -554.305 -374.466
  356 355.5 34.918 0.0151554 -491.344 -368.408 -403.237
  357 356.5 34.9467 0.0151678 -482.713 -421.321 -342.164
  358 357.5 34.8701 0.0151346 -524.834 -344.598 -395.583
  359 358.5 34.8894 0.015143 -132.963 -232.701 -340.143
  360 359.5 34.9073 0.0151507 -269.451 -463.115 -512.343
  361 360.5 34.8744 0.0151365 -110.341 -349.035 -310.729
  362 361.5 34.8705 0.0151348 -443.848 -448.382 -391.95
  363 362.5 34.8548 0.0151279 -394.38 -368.007 -485.007
  364 363.5 34.89 0.0151432 -307.549 -332.891 -403.87
  365 364.5 34.8817 0.0151396 -332.778 -322.864 -405.894
  366 365.5 34.8114 0.0151091 -303.041 -311.609 -581.682
  367 366.5 34.7341 0.0150756 -271.517 -101.62 -503.635
  368 367.5 34.8268 0.0151158 -156.977 -105.3 -350.472
  369 368.5 34.8212 0.0151134 -218.635 -144.779 -528.951
  370 369.5 34.7147 0.0150671 -137.175 -133.288 -599.548
  371 370.5 34.6691 0.0150474 74.295 27.6883 -700.765
  372 371.5 34.7008 0.0150611 -130.488 190.648 -585.04
  373 372.5 34.6433 0.0150361 34.8613 106.066 -562.011
  374 373.5 34.5616 0.0150007 36.695 170.983 -727.882
  375 374.5 34.5052 0.0149762 154.11 239.386 -621.774
  376 375.5 34.4008 0.0149309 201.81 114.559 -635.692
  377 376.5 34.3328 0.0149014 279.758 232.773 -738.794
  378 377.5 34.1522 0.014823 426.227 462.767 -620
  379 378.5 34.0424 0.0147754 416.633 385.875 -564.335
  380 379.5 33.9289 0.0147261 571.853 418.911 -361.685
  381 380.5 33.7234 0.0146369 483.073 437.868 -436.81
  382 381.5 33.621 0.0145925 550.333 322.403 -257.347
  383 382.5 33.3783 0.0144871 481.356 244.539 -204.978
  384 383.5 33.2308 0.0144231 437.063 336.002 59.1448
  385 384.5 33.0964 0.0143647 193.441 99.6382 -28.4495
  386 385.5 32.9127 0.014285 356.495 188.099 120.928
  387 386.5 32.8061 0.0142388 20.2621 203.574 118.727
  388 387.5 32.7195 0.0142012 -31.9067 -78.2097 188.404
  389 388.5 32.6574 0.0141742 4.8543 -72.7483 120.677
  390 389.5 32.6791 0.0141836 55.7572 51.7661 123.309
  391 390.5 32.5975 0.0141482 1.13258 -43.2321 0.988068
  392 391.5 32.6054 0.0141517 31.4659 8.70009 -78.2079
  393 392.5 32.7366 0.0142086 77.5276 -9.56632 -30.8065
  394 393.5 32.6858 0.0141865 15.6253 -135.664 -309.956
  395 394.5 32.7292 0.0142054 -171.176 -171.058 -284.802
  396 395.5 32.8201 0.0142448 -116.925 -15.684 -338.513
  397 396.5 32.9416 0.0142976 -141.312 -208.352 -327.142
  398 397.5 32.875 0.0142687 50.3178 -160.566 -498.302
  399 398.5 32.9137 0.0142854 -43.8437 -178.135 -547.325
  400 399.5 32.9828 0.0143155 -52.7789 64.2533 -345.44
  401 400.5 33.1399 0.0143836 -188.362 -72.4499 -468.433
  402 401.5 33.0026 0.014324 -278.142 -164.805 -453.752
  403 402.5 33.0657 0.0143514 -348.19 -369.563 -555.502
  404 403.5 33.1603 0.0143925 -315.294 -320.488 -456.477
  405 404.5 33.1715 0.0143973 -253.208 -378.944 -449.741
  406 405.5 33.0641 0.0143507 -349.93 -502.592 -431.089
  407 406.5 33.2363 0.0144255 -325.988 -473.631 -516.828
  408 407.5 33.1794 0.0144008 -316.828 -393.025 -464.85
  409 408.5 33.1784 0.0144003 -368.745 -454.027 -458.562
  410 409.5 33.1572 0.0143911 -286.28 -282.681 -386.212
  411 410.5 33.2791 0.0144441 -289.809 -322.218 -410.897
  412 411.5 33.1861 0.0144037 -325.543 -338.007 -354.642
  413 412.5 33.219 0.014418 -311.627 -479.074 -492.738
  414 413.5 33.1688 0.0143962 -354.969 -422.03 -470.275
  415 414.5 33.2694 0.0144398 -388.592 -371.787 -364.1
  416 415.5 33.179 0.0144006 -202.958 -224.79 -315.766
  417 416.5 33.2271 0.0144215 -493.738 -345.898 -445.457
  418 417.5 33.1757 0.0143992 -352.258 -380.572 -391.595
  419 418.5 33.218 0.0144175 -433.014 -489.453 -395.118
  420 419.5 33.2022 0.0144107 -333.956 -426.705 -422.868
  421 420.5 33.1565 0.0143908 -330.871 -282.039 -371.819
  422 421.5 33.1353 0.0143816 -365.493 -230.105 -349.657
  423 422.5 33.1794 0.0144008 -300.183 -223.085 -353.562
  424 423.5 33.1587 0.0143918 -479.021 -367.052 -502.017
  425 424.5 33.1751 0.0143989 -406.26 -377.66 -336.226
  426 425.5 33.1659 0.0143949 -510.69 -525.383 -335.285
  427 426.5 33.1618 0.0143931 -456.953 -387.348 -368.473
  428 427.5 33.119 0.0143746 -457.481 -319.232 -462.391
  429 428.5 33.1531 0.0143894 -297.739 -370.859 -406.162
  430 429.5 33.1768 0.0143996 -287.113 -215.572 -261.872
  431 430.5 33.1628 0.0143936 -416.776 -484.575 -412.123
  432 431.5 33.1346 0.0143813 -441.588 -499.256 -376.99
  433 432.5 33.1748 0.0143988 -553.907 -408.796 -469.016
  434 433.5 33.1345 0.0143813 -446.223 -515.34 -242.078
  435 434.5 33.1646 0.0143943 -572.5 -320.789 -440.449
  436 435.5 33.1668 0.0143953 -433.76 -427.928 -384.875
  437 436.5 33.1595 0.0143922 -489.041 -423.016 -402.74
  438 437.5 33.1265 0.0143778 -333.123 -371.39 -408.459
  439 438.5 33.1441 0.0143855 -299.63 -217.523 -352.727
  440 439.5 33.1396 0.0143835 -263.726 -377.382 -397.806
  441 440.5 33.1495 0.0143878 -388.395 -253.401 -362.005
  442 441.5 33.0877 0.014361 -454.67 -308.36 -306.541
  443 442.5 33.1698 0.0143966 -495.967 -530.381 -423.84
  444 443.5 33.1137 0.0143723 -419.486 -444.816 -407.173
  445 444.5 33.0617 0.0143497 -400.954 -508.777 -392.337
  446 445.5 33.1365 0.0143821 -312.788 -298.649 -341.906
  447 446.5 33.1788 0.0144005 -342.019 -489.539 -455.801
  448 447.5 33.1078 0.0143697 -415.843 -364.272 -371.953
  449 448.5 33.0639 0.0143507 -509.635 -311.473 -306.43
  450 449.5 33.1715 0.0143973 -432.829 -292.465 -466.396
  451 450.5 33.1299 0.0143793 -336.557 -364.398 -342.702
  452 451.5 33.0828 0.0143589 -453.001 -494.627 -412.267
  453 452.5 33.1371 0.0143824 -437.767 -327.868 -356.231
  454 453.5 33.1537 0.0143896 -358 -266.363 -313.623
  455 454.5 33.1231 0.0143764 -383.017 -334.063 -404.081
  456 455.5 33.0125 0.0143283 -466.59 -358.436 -561.904
  457 456.5 33.2056 0.0144122 -350.498 -468.042 -367.511
  458 457.5 33.1386 0.0143831 -279.776 -333.376 -244.817
  459 458.5 33.0652 0.0143512 -262.64 -522.261 -476.648
  460 459.5 33.1243 0.0143769 -289.446 -361.475 -383.434
  461 460.5 33.1415 0.0143843 -228.976 -313.911 -277.385
  462 461.5 33.1 0.0143663 -444.907 -364.742 -487.602
  463 462.5 33.1011 0.0143668 -316.093 -420.917 -333.034
  464 463.5 33.1109 0.014371 -352.168 -402.123 -312.615
  465 464.5 33.1342 0.0143812 -578.526 -339.332 -411.211
  466 465.5 33.0699 0.0143532 -629.192 -365.193 -517.419
  467 466.5 33.1513 0.0143886 -495.608 -366.883 -341.238
  468 467.5 33.11 0.0143707 -445.37 -471.371 -245.85
  469 468.5 33.1311 0.0143798 -512.397 -483.478 -360.27
  470 469.5 33.0877 0.014361 -405.967 -456.276 -437.551
  471 470.5 33.155 0.0143902 -494.579 -454.331 -369.758
  472 471.5 33.1296 0.0143792 -418.586 -235.411 -383.93
  473 472.5 33.0602 0.014349 -441.547 -282.423 -443.371
  474 473.5 33.198 0.0144088 -508.715 -190.859 -306.98
  475 474.5 33.1254 0.0143773 -411.076 -372.03 -404.703
  476 475.5 33.1307 0.0143796 -555.608 -412.34 -281.858
  477 476.5 33.1175 0.0143739 -454.015 -368.55 -489.376
  478 477.5 33.1838 0.0144027 -474.688 -333.047 -377.148
  479 478.5 33.1003 0.0143665 -634.749 -602.482 -382.016
  480 479.5 33.1767 0.0143996 -629.633 -434.739 -314.732
60000000 480 11131
  1 0.5 33.2047 0.0144118 -328.703 -438.175 -361.751
  2 1.5 33.2694 0.0144398 -169.974 -361.296 -416.078
  3 2.5 33.2116 0.0144148 -163.625 -385.471 -367.684
  4 3.5 33.2134 0.0144156 -367.69 -315.95 -384.766
  5 4.5 33.1831 0.0144024 -442.419 -335.167 -358.253
  6 5.5 33.2283 0.014422 -307.024 -296.73 -394.756
  7 6.5 33.2028 0.0144109 -152.997 -219.04 -411.824
  8 7.5 33.1457 0.0143862 -200.937 -208.289 -384.594
  9 8.5 33.2069 0.0144127 -305.549 -313.954 -276.969
  10 9.5 33.2112 0.0144146 -421.787 -275.441 -401.569
  11 10.5 33.1469 0.0143867 -421.827 -515.198 -455.469
  12 11.5 33.1396 0.0143835 -449.439 -350.914 -367.512
  13 12.5 33.211 0.0144145 -260.007 -387.7 -311.979
  14 13.5 33.1647 0.0143944 -356.546 -358.152 -382.411
  15 14.5 33.1279 0.0143784 -304.345 -332.537 -349.41
  16 15.5 33.1044 0.0143682 -270.754 -341.777 -386.275
  17 16.5 33.1895 0.0144052 -394.305 -356.592 -363.254
  18 17.5 33.1932 0.0144068 -503.593 -383.08 -254.854
  19 18.5 33.0873 0.0143608 -449.803 -297.566 -405.692
  20 19.5 33.099 0.0143659 -339.111 -266.958 -394.191
  21 20.5 33.174 0.0143984 -461.562 -467.817 -400.242
  22 21.5 33.1652 0.0143946 -285.008 -322.819 -249.161
  23 22.5 33.1559 0.0143906 -342.773 -531.694 -445.265
  24 23.5 33.1558 0.0143905 -280.631 -257.611 -372.129
  25 24.5 33.1726 0.0143978 -333.847 -353.439 -342.92
  26 25.5 33.1963 0.0144081 -350.268 -425.83 -430.85
  27 26.5 33.1812 0.0144016 -299.714 -451.495 -375.437
  28 27.5 33.1881 0.0144045 -271.459 -271.826 -308.677
  29 28.5 33.2155 0.0144165 -338.436 -277.415 -459.679
  30 29.5 33.2107 0.0144144 -612.447 -422.189 -367.763
  31 30.5 33.2077 0.0144131 -456.081 -448.075 -402.452
  32 31.5 33.2077 0.014413 -558.616 -437.741 -393.395
  33 32.5 33.2148 0.0144161 -402.789 -227.18 -390.008
  34 33.5 33.253 0.0144327 -430.278 -337.686 -328.801
  35 34.5 33.1979 0.0144088 -381.127 -452.664 -445.923
  36 35.5 33.1616 0.014393 -352.033 -356.295 -459.453
  37 36.5 33.2758 0.0144426 -297.316 -69.0376 -261.341
  38 37.5 33.1998 0.0144096 -258.558 -249.643 -386.351
  39 38.5 33.1795 0.0144008 -465.01 -266.943 -480.977
  40 39.5 33.1486 0.0143874 -404.21 -187.43 -413.98
  41 40.5 33.2397 0.0144269 -461.224 -243.719 -481.127
  42 41.5 33.2107 0.0144144 -401.466 -186.773 -322.337
  43 42.5 33.1725 0.0143978 -259.316 -59.4344 -394.551
  44 43.5 33.2107 0.0144144 -248.227 -257.388 -575.391
  45 44.5 33.1674 0.0143956 -326.111 -190.622 -428.19
  46 45.5 33.2274 0.0144216 -255.057 -304.119 -451.149
  47 46.5 33.1772 0.0143998 -372.079 -477.865 -707.129
  48 47.5 33.1842 0.0144029 -333.911 -270.356 -597.115
  49 48.5 33.0871 0.0143607 -138.146 -386.565 -655.537
  50 49.5 33.1486 0.0143874 -164.536 -193.761 -661.816
  51 50.5 33.0517 0.0143453 -221.072 -169.937 -1029.69
  52 51.5 33.0025 0.014324 -11.7371 -0.810824 -979.044
  53 52.5 32.9464 0.0142996 259.75 255.322 -1097.87
  54 53.5 32.8784 0.0142702 514.218 547.194 -1329.44
  55 54.5 32.7384 0.0142094 573.498 663.695 -1589.95
  56 55.5 32.5443 0.0141251 933.009 782.185 -1892.19
  57 56.5 32.4167 0.0140697 1151.99 1147.43 -2011.3
  58 57.5 32.1217 0.0139417 1720.68 1801.88 -2267.81
  59 58.5 31.7505 0.0137806 2502.14 2440.85 -2358.35
  60 59.5 31.1819 0.0135338 3270.78 3290.73 -2617.68
  61 60.5 30.486 0.0132318 4193.52 4143.86 -2426.71
  62 61.5 29.4999 0.0128038 5164.46 5180.88 -1998.51
  63 62.5 28.144 0.0122153 6135.18 6016.81 -1375.81
  64 63.5 26.3402 0.0114324 6964.17 6865.66 -289.214
  65 64.5 24.0171 0.0104241 7517.22 7390.12 869.436
  66 65.5 21.2834 0.00923757 7751.5 7770.74 2438.86
  67 66.5 18.1163 0.00786296 7481.74 7352.26 3738.05
  68 67.5 14.7679 0.00640969 6780.61 6691.01 5193.69
  69 68.5 11.5626 0.00501849 5655.45 5423.16 6104.24
  70 69.5 8.74959 0.00379757 3950.4 3980.27 6827.6
  71 70.5 6.42555 0.00278887 1930.13 1911.06 7159.41
  72 71.5 4.59206 0.00199308 -646.155 -490.996 6403.98
  73 72.5 3.28133 0.00142419 -2960.5 -2902.16 5025.13
  74 73.5 2.41174 0.00104676 -5539.16 -5591.08 2807.7
  75 74.5 1.82511 0.000792149 -8504.59 -8357.82 -322.109
  76 75.5 1.4663 0.000636417 -10351.4 -10287 -3148.91
  77 76.5 1.22902 0.000533427 -12092.3 -11793.7 -6371.43
  78 77.5 1.08894 0.000472628 -13124.9 -13143.8 -8787.83
  79 78.5 1.02166 0.000443427 -13851.6 -13624.5 -10311
  80 79.5 0.950304 0.000412458 -14275.5 -14247.6 -11757.1
  81 80.5 0.908336 0.000394243 -15078.6 -14825.9 -12888.4
  82 81.5 0.878048 0.000381097 -14832.5 -15109.7 -13750.6
  83 82.5 0.874016 0.000379347 -14924.9 -15008.8 -14053
  84 83.5 0.867448 0.000376497 -14753.5 -14642.8 -14163.3
  85 84.5 0.846264 0.000367302 -15380.3 -14795.6 -14775
  86 85.5 0.840064 0.000364611 -15460.4 -14982.4 -15167.7
  87 86.5 0.830384 0.00036041 -15280.9 -15378.5 -15305
  88 87.5 0.836376 0.00036301 -15143.4 -15264.8 -15095.4
  89 88.5 0.82748 0.000359149 -15299.1 -16100.9 -15289.6
  90 89.5 0.82504 0.00035809 -15170.6 -15128.4 -15426.7
  91 90.5 0.83496 0.000362396 -15116.6 -14785 -15333.9
  92 91.5 0.842192 0.000365535 -15047.1 -15294.6 -15269.3
  93 92.5 0.827768 0.000359274 -15073 -15385.8 -15349.9
  94 93.5 0.847984 0.000368049 -14875.9 -15409.9 -14980
  95 94.5 0.842952 0.000365865 -14956 -15358.6 -15251.5
  96 95.5 0.829984 0.000360236 -15052.5 -15553.4 -15494.8
  97 96.5 0.837496 0.000363497 -15035.9 -15464.3 -15212.3
  98 97.5 0.832136 0.00036117 -15104.1 -15791.1 -15401.9
  99 98.5 0.84056 0.000364826 -15020.6 -15757.2 -15160.4
  100 99.5 0.8296 0.000360069 -15267.9 -16042.2 -15400
  101 100.5 0.82652 0.000358733 -15353.5 -15665.7 -15392.1
  102 101.5 0.820096 0.000355944 -15609.1 -16062.3 -15766.9
  103 102.5 0.806256 0.000349937 -15157.2 -16086.7 -15784.1
  104 103.5 0.804936 0.000349365 -14812.3 -16170.1 -15956.1
  105 104.5 0.809856 0.0003515 -15185.4 -15842.4 -15695
  106 105.5 0.80828 0.000350816 -15074.6 -15792.6 -15827.2
  107 106.5 0.819184 0.000355549 -14750 -15526.1 -15674.6
  108 107.5 0.816944 0.000354576 -15445 -15639.2 -15483.7
  109 108.5 0.826184 0.000358587 -15662.5 -15852.6 -15590.9
  110 109.5 0.824392 0.000357809 -15323.5 -15548.4 -15522.1
  111 110.5 0.823768 0.000357538 -15401.6 -15556.3 -15517.3
  112 111.5 0.822376 0.000356934 -16038.6 -15168.3 -15586.1
  113 112.5 0.820592 0.00035616 -15812 -15188.2 -15439.4
  114 113.5 0.81836 0.000355191 -15881.5 -15563.4 -15689.8
  115 114.5 0.813776 0.000353201 -15422 -15647.7 -15732
  116 115.5 0.816792 0.00035451 -15407.4 -16079.4 -15601.3
  117 116.5 0.824488 0.000357851 -15840.5 -16389.1 -15592.9
  118 117.5 0.816568 0.000354413 -15712 -15881 -15679.3
  119 118.5 0.819568 0.000355715 -16107.2 -15528.1 -15613.9
  120 119.5 0.8166 0.000354427 -15587.1 -15484.8 -15647
  121 120.5 0.828312 0.00035951 -15310.2 -15842.2 -15386.8
  122 121.5 0.829704 0.000360115 -15828.1 -15787.6 -15433.2
  123 122.5 0.824008 0.000357642 -15909.5 -15725 -15465
  124 123.5 0.810216 0.000351656 -15740.7 -15664.4 -15822.2
  125 124.5 0.80876 0.000351024 -15196.6 -15562.6 -15775.9
  126 125.5 0.815104 0.000353778 -15798.3 -15201 -15727.7
  127 126.5 0.819024 0.000355479 -16095.1 -15371.9 -15526.6
  128 127.5 0.81984 0.000355833 -16078 -15373.2 -15617.4
  129 128.5 0.827544 0.000359177 -16093.8 -15628.4 -15496.4
  130 129.5 0.817264 0.000354715 -16184.1 -15985.9 -15606.6
  131 130.5 0.82328 0.000357326 -15927.7 -15720.3 -15508.2
  132 131.5 0.822912 0.000357167 -15536.7 -15639.2 -15633
  133 132.5 0.837512 0.000363503 -15528.2 -15970.6 -15291.4
  134 133.5 0.820456 0.000356101 -15570.1 -16020.8 -15515
  135 134.5 0.821632 0.000356611 -15803.5 -16349.9 -15534.5
  136 135.5 0.827248 0.000359049 -15654.9 -16295.5 -15345.7
  137 136.5 0.818912 0.000355431 -16048 -16458 -15749.5
  138 137.5 0.816424 0.000354351 -15795.9 -16420.5 -15716.4
  139 138.5 0.826024 0.000358517 -15713.8 -16012.5 -15457.3
  140 139.5 0.8354 0.000362587 -15698.8 -16062.8 -15134.1
  141 140.5 0.828576 0.000359625 -15687.2 -15270.5 -15417.5
  142 141.5 0.818848 0.000355403 -15893.1 -15882.6 -15652.6
  143 142.5 0.826976 0.000358931 -15651.2 -16089.1 -15552.2
  144 143.5 0.813408 0.000353042 -15779 -15522 -15625.3
  145 144.5 0.832752 0.000361437 -16189.3 -15331.8 -15426.2
  146 145.5 0.819328 0.000355611 -15916 -15214.9 -15530.5
  147 146.5 0.814248 0.000353406 -15834.9 -15475 -15726.3
  148 147.5 0.813512 0.000353087 -15830.5 -15554.4 -15713.6
  149 148.5 0.814024 0.000353309 -15627.6 -15970.5 -15702.2
  150 149.5 0.81468 0.000353594 -15375.9 -16128.1 -15666
  151 150.5 0.819696 0.000355771 -15535.4 -15739.5 -15686.9
  152 151.5 0.829592 0.000360066 -15314 -15704.7 -15348.2
  153 152.5 0.82808 0.00035941 -15037.7 -15788.7 -15407.3
  154 153.5 0.833384 0.000361712 -15196.4 -15611.7 -15362
  155 154.5 0.831808 0.000361028 -15268.7 -15899.6 -15298.8
  156 155.5 0.825648 0.000358354 -15634.9 -15816.6 -15498
  157 156.5 0.827328 0.000359083 -15314.2 -15926.4 -15495.2
  158 157.5 0.834464 0.000362181 -15056.5 -15643.7 -15206
  159 158.5 0.822504 0.00035699 -15112.6 -15490.7 -15620
  160 159.5 0.829472 0.000360014 -15677.5 -15509.1 -15438.5
  161 160.5 0.827344 0.00035909 -15428.8 -15394.1 -15502.8
  162 161.5 0.823472 0.00035741 -15572.6 -15437.4 -15402
  163 162.5 0.812976 0.000352854 -15475.8 -15989.8 -15874.8
  164 163.5 0.826872 0.000358885 -15703.4 -15948.6 -15523.5
  165 164.5 0.82272 0.000357083 -15869.7 -15947.5 -15436.4
  166 165.5 0.843248 0.000365993 -16034.8 -15905.3 -15164.3
  167 166.5 0.842056 0.000365476 -15775 -15785.8 -15133.9
  168 167.5 0.842136 0.00036551 -16204.9 -15328.3 -15220.1
  169 168.5 0.832096 0.000361153 -15863.4 -15708.1 -15358
  170 169.5 0.83172 0.00036099 -15645.9 -15743.7 -15363.1
  171 170.5 0.840184 0.000364663 -15538.8 -15917 -15143.2
  172 171.5 0.842712 0.00036576 -15644.5 -15988.8 -15219.6
  173 172.5 0.835464 0.000362615 -15688.8 -15512.8 -15352.8
  174 173.5 0.828368 0.000359535 -16064.4 -15224.7 -15493.6
  175 174.5 0.825664 0.000358361 -16013.2 -15056.6 -15365.6
  176 175.5 0.829392 0.000359979 -15544.8 -15346.1 -15403.4
  177 176.5 0.824648 0.00035792 -15809.5 -15306.2 -15498.9
  178 177.5 0.82864 0.000359653 -15518.8 -15494.6 -15432.1
  179 178.5 0.83256 0.000361354 -15582.9 -15122 -15243.7
  180 179.5 0.838856 0.000364087 -15496.6 -15248.7 -15320.8
  181 180.5 0.829968 0.000360229 -15554.7 -15742 -15389.7
  182 181.5 0.824224 0.000357736 -15060.1 -15033.5 -15511
  183 182.5 0.836592 0.000363104 -15150.8 -15113.3 -15421.4
  184 183.5 0.84216 0.000365521 -15401.7 -15308.2 -15082
  185 184.5 0.83288 0.000361493 -15284.8 -15072.9 -15393.8
  186 185.5 0.831744 0.000361 -14948.7 -15178.2 -15295.7
  187 186.5 0.8394 0.000364323 -15547.3 -15209.8 -15247.5
  188 187.5 0.831784 0.000361017 -15260.7 -14593.6 -15496.4
  189 188.5 0.825504 0.000358292 -15475.2 -14899.3 -15441.7
  190 189.5 0.831976 0.000361101 -15239.5 -15063.8 -15269.9
  191 190.5 0.826632 0.000358781 -15134.3 -15342.6 -15572.3
  192 191.5 0.824264 0.000357753 -14864 -15033.6 -15434.3
  193 192.5 0.818104 0.00035508 -15009.8 -14968.7 -15513.8
  194 193.5 0.811016 0.000352003 -15280.4 -14868.5 -15788.4
  195 194.5 0.810672 0.000351854 -15362.4 -15183.5 -15731
  196 195.5 0.817272 0.000354719 -15529.6 -15128.1 -15742.6
  197 196.5 0.817496 0.000354816 -15717.5 -14870.8 -15632.2
  198 197.5 0.81456 0.000353542 -15435.1 -15198.5 -15551.1
  199 198.5 0.806512 0.000350049 -15565.9 -15469 -15848.2
  200 199.5 0.803048 0.000348545 -15309.7 -15592.5 -15812.1
  201 200.5 0.825864 0.000358448 -15690.5 -15649.2 -15413.6
  202 201.5 0.818232 0.000355135 -15399.5 -15449.4 -15522.7
  203 202.5 0.819144 0.000355531 -15134.5 -15394.2 -15437.8
  204 203.5 0.827984 0.000359368 -15076.3 -15527.6 -15178.7
  205 204.5 0.830192 0.000360326 -14835.5 -15442 -15049.7
  206 205.5 0.833056 0.000361569 -15055.8 -15377.6 -14854
  207 206.5 0.85648 0.000371736 -15230.8 -15441.1 -14303.5
  208 207.5 0.863376 0.000374729 -15128 -15090.7 -13932.2
  209 208.5 0.881384 0.000382545 -14541.9 -14925.4 -13166
  210 209.5 0.91892 0.000398837 -14449.4 -14539.4 -12207.5
  211 210.5 0.978544 0.000424715 -13799.2 -13922.3 -10617.5
  212 211.5 1.0911 0.000473566 -12754.4 -13099 -8400.59
  213 212.5 1.25568 0.000545 -11330.5 -11485.4 -5613.24
  214 213.5 1.51254 0.000656486 -9798.42 -9559.22 -2697.21
  215 214.5 1.90844 0.000828316 -7620.69 -7230.54 456.453
  216 215.5 2.53222 0.00109905 -5403.44 -5222.77 3047.03
  217 216.5 3.53571 0.0015346 -2514.94 -2549.89 5449.69
  218 217.5 4.96047 0.00215298 -312.977 28.7632 6729.49
  219 218.5 6.84237 0.00296978 2047.79 2437.14 7090.13
  220 219.5 9.3598 0.00406241 3989.98 4290.05 6674.89
  221 220.5 12.3043 0.00534041 5766.87 5861.54 6036.52
  222 221.5 15.5779 0.00676126 7018.45 6894.04 4927.37
  223 222.5 18.8847 0.00819649 7596.71 7478.57 3520.48
  224 223.5 21.9633 0.0095327 7751.18 7722.09 2298.33
  225 224.5 24.6613 0.0107037 7441.65 7444.66 923.556
  226 225.5 26.9234 0.0116855 6758.98 6754.58 -293.988
  227 226.5 28.6404 0.0124307 5972.79 5963.08 -1071.58
  228 227.5 29.8985 0.0129768 5156.12 5125.2 -1734.36
  229 228.5 31.0505 0.0134768 4345.92 4150.67 -2091.18
  230 229.5 31.7067 0.0137616 3651.61 3468.22 -2097.31
  231 230.5 32.3076 0.0140224 2814.74 2835.38 -1950.15
  232 231.5 32.8372 0.0142523 2316.99 2138.09 -2022.3
  233 232.5 33.1958 0.0144079 1762.47 1801.78 -1812.55
  234 233.5 33.4265 0.014508 1249.91 1289.72 -1692.56
  235 234.5 33.7112 0.0146316 942.923 1025.35 -1539.72
  236 235.5 33.9828 0.0147495 858.325 814.136 -1316.58
  237 236.5 34.1259 0.0148116 597.077 658.331 -1231.16
  238 237.5 34.2093 0.0148478 486.067 673.284 -1073.93
  239 238.5 34.3728 0.0149187 433.551 478.818 -1059.69
  240 239.5 34.4976 0.0149729 275.101 310.098 -843.163
  241 240.5 34.5469 0.0149943 28.0467 89.4837 -973.998
  242 241.5 34.5892 0.0150127 25.1065 83.6234 -677.6
  243 242.5 34.7487 0.0150819 -86.0635 80.6884 -731.339
  244 243.5 34.7458 0.0150807 -78.0087 -120.479 -737.003
  245 244.5 34.753 0.0150838 -101.353 -342.345 -497.58
  246 245.5 34.8201 0.0151129 -130.66 -195.119 -579.39
  247 246.5 34.8699 0.0151345 -246.852 -185.924 -601.867
  248 247.5 34.8054 0.0151065 -309.823 -122.812 -546.446
  249 248.5 34.8278 0.0151162 -449.417 -190.825 -424.419
  250 249.5 34.9545 0.0151712 -195.913 -124.887 -389.551
  251 250.5 34.9133 0.0151533 -391.935 -67.3153 -412.113
  252 251.5 34.7975 0.0151031 -454.316 -183.5 -435.546
  253 252.5 34.8894 0.015143 -482.314 -438.01 -599.431
  254 253.5 34.9964 0.0151894 -491.023 -351.248 -366.111
  255 254.5 34.9146 0.0151539 -407.988 -259.903 -229.744
  256 255.5 34.8716 0.0151352 -406.083 -263.191 -507.169
  257 256.5 34.9027 0.0151487 -518.478 -342.347 -503.506
  258 257.5 34.9586 0.015173 -284.632 -317.01 -303.612
  259 258.5 34.966 0.0151762 -329.422 -365.157 -301.662
  260 259.5 34.8934 0.0151447 -94.4169 -187.83 -268.815
  261 260.5 34.8751 0.0151368 -335.766 -213.439 -462.06
  262 261.5 35.0121 0.0151962 -358.78 -326.267 -408.532
  263 262.5 34.8977 0.0151466 -327.298 -202.816 -379.877
  264 263.5 34.9446 0.0151669 -252.95 -210.36 -112.653
  265 264.5 34.933 0.0151619 -234.054 -373.984 -568.95
  266 265.5 34.9251 0.0151585 -442.727 -373.985 -367.801
  267 266.5 34.914 0.0151536 -326.18 -326.052 -306.428
  268 267.5 34.9405 0.0151651 -260.028 -265.319 -401.014
  269 268.5 34.973 0.0151792 -248.219 -381.651 -354.442
  270 269.5 34.8698 0.0151345 -217.591 -260.885 -356.192
  271 270.5 35.0055 0.0151934 -226.709 -132.162 -275.677
  272 271.5 34.9158 0.0151544 -161.96 -267.608 -442.884
  273 272.5 34.875 0.0151367 -317.478 -305.03 -306.412
  274 273.5 34.9596 0.0151734 -316.75 -161.906 -412.963
  275 274.5 35.0172 0.0151984 -270.954 -208.734 -349.237
  276 275.5 34.8719 0.0151354 -294.911 -213.659 -350.741
  277 276.5 34.9005 0.0151478 -308.074 -344.759 -373.022
  278 277.5 35.0197 0.0151995 -279.833 -122.781 -310.377
  279 278.5 34.8996 0.0151474 -222.781 -334.447 -371.772
  280 279.5 34.8822 0.0151398 -398.108 -332.639 -421.952
  281 280.5 34.9877 0.0151856 -357.383 -242.855 -249.836
  282 281.5 34.9789 0.0151818 -329.842 -144.255 -483.121
  283 282.5 34.8638 0.0151318 -299.203 -353.583 -320.047
  284 283.5 34.9094 0.0151516 -226.679 -429.559 -390.031
  285 284.5 35.0536 0.0152143 -324.36 -432.111 -286.71
  286 285.5 34.9158 0.0151544 -367.06 -400.331 -380.909
  287 286.5 34.8363 0.0151199 -393.078 -409.389 -433.726
  288 287.5 35.0454 0.0152107 -395.225 -186.275 -290.619
  289 288.5 34.9275 0.0151595 -469.115 -219.853 -335.942
  290 289.5 34.8793 0.0151386 -464.963 -435.382 -403.212
  291 290.5 34.9297 0.0151605 -516.128 -370.63 -455.775
  292 291.5 34.9821 0.0151832 -281.099 -191.614 -288.335
  293 292.5 34.8845 0.0151408 -166.549 -245.768 -271.306
  294 293.5 34.9123 0.0151529 -274.158 -279.043 -351.47
  295 294.5 34.9403 0.0151651 -136.928 -67.9871 -369.773
  296 295.5 34.8462 0.0151242 -382.298 -197.869 -414.488
  297 296.5 34.8759 0.0151371 -287.279 -444.552 -370.197
  298 297.5 34.9194 0.015156 -503.313 -474.202 -407.601
  299 298.5 34.9076 0.0151509 -417.849 -463.278 -281.803
  300 299.5 34.8997 0.0151474 -468.323 -451.374 -298.285
  301 300.5 34.8686 0.015134 -302.103 -424.314 -498.708
  302 301.5 34.8711 0.015135 -173.55 -141.57 -319.771
  303 302.5 34.8931 0.0151446 -451.977 -336.957 -316.594
  304 303.5 34.8926 0.0151444 -477.81 -513.712 -338.737
  305 304.5 34.846 0.0151241 -410.051 -350.603 -350.776
  306 305.5 34.8608 0.0151306 -379.249 -388.066 -373.003
  307 306.5 34.8942 0.0151451 -518.844 -386.498 -331.315
  308 307.5 34.7837 0.0150971 -577.634 -435.472 -354.867
  309 308.5 34.8916 0.0151439 -468.964 -356.488 -351.576
  310 309.5 34.8396 0.0151214 -493.111 -306.802 -286.899
  311 310.5 34.8545 0.0151278 -546.88 -386.431 -303.601
  312 311.5 34.8041 0.0151059 -436.72 -385.428 -508.382
  313 312.5 34.8244 0.0151148 -433.268 -376.891 -361.841
  314 313.5 34.8534 0.0151273 -573.906 -489.106 -284.483
  315 314.5 34.8537 0.0151275 -467.022 -375.782 -313.03
  316 315.5 34.8748 0.0151366 -372.422 -385.162 -365.068
  317 316.5 34.8014 0.0151048 -318.751 -382.997 -259.511
  318 317.5 34.8678 0.0151336 -177.775 -404.863 -326.227
  319 318.5 34.8659 0.0151328 -287.078 -256.949 -399.13
  320 319.5 34.8913 0.0151438 -222.458 -229.251 -307.305
  321 320.5 34.8496 0.0151257 -337.286 -478.02 -330.646
  322 321.5 34.8881 0.0151424 -574.857 -561.267 -390.22
  323 322.5 34.8726 0.0151357 -393.716 -430.224 -472.407
  324 323.5 34.8899 0.0151432 -340.442 -274.328 -288.897
  325 324.5 34.8897 0.0151431 -207.481 -298.016 -316.409
  326 325.5 34.8738 0.0151362 -412.579 -169.088 -301.775
  327 326.5 34.9213 0.0151568 -245.94 -230.913 -363.533
  328 327.5 34.9195 0.015156 -322.579 -318.377 -465.609
  329 328.5 34.886 0.0151415 -304.837 -280.307 -331.221
  330 329.5 34.9131 0.0151532 -451.761 -370.247 -331.478
  331 330.5 34.9067 0.0151505 -252.731 -324.142 -321.936
  332 331.5 34.881 0.0151393 -93.7708 -507.146 -424.613
  333 332.5 34.891 0.0151436 -195.759 -187.52 -377.386
  334 333.5 34.8844 0.0151408 -275.547 -303.699 -433.187
  335 334.5 34.9185 0.0151556 -330.906 -380.245 -352.896
  336 335.5 34.9077 0.0151509 -334.889 -365.082 -336.707
  337 336.5 34.9115 0.0151526 -223.098 -232.359 -288.476
  338 337.5 34.889 0.0151428 -239.697 -266.71 -346.697
  339 338.5 34.8874 0.0151421 -278.616 -466.251 -384.647
  340 339.5 34.8875 0.0151422 -180.951 -455.648 -502.6
  341 340.5 34.8944 0.0151452 -318.25 -452.28 -290.095
  342 341.5 34.9215 0.0151569 -412.725 -433.69 -304.884
  343 342.5 34.8686 0.0151339 -230.724 -376.182 -376.72
  344 343.5 34.9119 0.0151527 -293.461 -289.89 -508.908
  345 344.5 34.8605 0.0151304 -241.506 -109.74 -212.902
  346 345.5 34.8599 0.0151302 -323.3 -515.16 -328.324
  347 346.5 34.8936 0.0151448 -496.379 -635.891 -350.802
  348 347.5 34.9307 0.0151609 -454.942 -320.011 -484.873
  349 348.5 34.7974 0.0151031 -240.781 -130.625 -273.079
  350 349.5 34.8535 0.0151274 -275.432 -376.669 -432.34
  351 350.5 34.9117 0.0151526 -348.912 -495.293 -247.492
  352 351.5 34.8924 0.0151443 -399.725 -362.377 -383.761
  353 352.5 34.8045 0.0151061 -509.165 -213.27 -303.565
  354 353.5 34.8038 0.0151058 -322.354 -245.643 -452.327
  355 354.5 34.9105 0.0151521 -350.059 -249.495 -402.913
  356 355.5 34.8564 0.0151287 -299.754 -288.942 -247.625
  357 356.5 34.8109 0.0151089 -557.401 -324.071 -287.841
  358 357.5 34.8438 0.0151232 -422.813 -369.354 -592.953
  359 358.5 34.8595 0.01513 -189.237 -111.131 -278.626
  360 359.5 34.7885 0.0150992 -226.435 -180.741 -297.975
  361 360.5 34.8056 0.0151066 -256.101 -226.261 -511.629
  362 361.5 34.8088 0.015108 -189.492 -5.89548 -342.15
  363 362.5 34.8502 0.0151259 -261.589 -124.249 -362.206
  364 363.5 34.768 0.0150903 -348.186 -290.278 -465.222
  365 364.5 34.7944 0.0151017 -177.902 -243.055 -357.65
  366 365.5 34.8218 0.0151136 -147.363 -219.911 -563.904
  367 366.5 34.7914 0.0151005 -63.4682 -243.289 -340.809
  368 367.5 34.7339 0.0150755 -179.341 -204.384 -468.427
  369 368.5 34.7942 0.0151017 -312.778 -377.761 -682.764
  370 369.5 34.7308 0.0150741 2.38986 -158.256 -516.51
  371 370.5 34.6962 0.0150591 -87.2123 6.39823 -397.625
  372 371.5 34.6659 0.015046 -118.29 -122.448 -749.47
  373 372.5 34.607 0.0150204 -62.5453 12.251 -681.27
  374 373.5 34.5255 0.014985 94.0455 112.042 -619.008
  375 374.5 34.5943 0.0150149 108.818 96.273 -541.922
  376 375.5 34.4191 0.0149388 257.048 285.58 -769.603
  377 376.5 34.2793 0.0148782 529.864 434.956 -691.191
  378 377.5 34.2638 0.0148715 499.897 524.236 -594.534
  379 378.5 34.1648 0.0148285 448.609 305.071 -585.505
  380 379.5 33.9592 0.0147393 311.306 460.843 -553.136
  381 380.5 33.7824 0.0146625 379.728 500.413 -424.246
  382 381.5 33.7323 0.0146407 594.645 601.342 -229.671
  383 382.5 33.4768 0.0145298 488.88 499.035 -252.906
  384 383.5 33.1977 0.0144087 567.952 367.488 -200.469
  385 384.5 33.1347 0.0143814 237.721 413.635 143.389
  386 385.5 33.0123 0.0143283 99.1429 264.41 103.295
  387 386.5 32.7937 0.0142334 33.442 9.19471 73.9667
  388 387.5 32.707 0.0141958 -74.6044 -46.0091 149.175
  389 388.5 32.7245 0.0142034 89.1596 -56.7239 249.365
  390 389.5 32.5799 0.0141406 14.3823 -173.061 121.15
  391 390.5 32.5528 0.0141288 -58.4308 -169.106 44.8931
  392 391.5 32.6577 0.0141743 55.6291 -38.7553 75.8164
  393 392.5 32.6717 0.0141804 -115.399 84.8613 -97.3023
  394 393.5 32.6431 0.014168 27.0517 -22.6974 -82.3669
  395 394.5 32.7091 0.0141966 74.8605 114.872 -322.704
  396 395.5 32.8034 0.0142376 38.1218 4.99234 -301.658
  397 396.5 32.7832 0.0142288 -47.6666 -121.546 -423.989
  398 397.5 32.8642 0.014264 -48.0633 -19.3085 -382.717
  399 398.5 32.9319 0.0142934 -126.657 -20.2095 -496.541
  400 399.5 32.9717 0.0143106 -342.111 -279.571 -590.526
  401 400.5 33.0095 0.0143271 -225.277 -316.569 -373.848
  402 401.5 33.0758 0.0143558 -204.556 -193.653 -368.756
  403 402.5 33.0722 0.0143543 -115.284 -269.37 -601.274
  404 403.5 33.0849 0.0143598 -213.49 -257.798 -501.673
  405 404.5 33.0451 0.0143425 -260.962 -152.782 -338.707
  406 405.5 33.2453 0.0144294 -515.94 -270.732 -559.809
  407 406.5 33.1094 0.0143704 -322.202 -335.407 -431.201
  408 407.5 33.1099 0.0143706 -321.772 -341.483 -477.7
  409 408.5 33.142 0.0143846 -374.806 -324.305 -372.173
  410 409.5 33.1639 0.014394 -272.028 -232.598 -442.852
  411 410.5 33.1565 0.0143908 -433.344 -416.269 -379.43
  412 411.5 33.1626 0.0143935 -417.604 -428.498 -479.577
  413 412.5 33.1364 0.0143821 -277.744 -279.993 -263.398
  414 413.5 33.1785 0.0144004 -387.164 -335.265 -413.657
  415 414.5 33.1261 0.0143777 -380.385 -200.52 -306.208
  416 415.5 33.1952 0.0144076 -405.717 -396.108 -527.675
  417 416.5 33.09 0.014362 -371.08 -348.418 -352.623
  418 417.5 33.1432 0.0143851 -449.336 -214.217 -383.454
  419 418.5 33.1695 0.0143965 -245.819 -374.359 -348.88
  420 419.5 33.2234 0.0144199 -281.849 -378.629 -309.738
  421 420.5 33.1025 0.0143674 -432.866 -466.995 -412.103
  422 421.5 33.1386 0.0143831 -333.482 -323.11 -431.205
  423 422.5 33.1777 0.0144 -248.913 -188.558 -375.399
  424 423.5 33.1839 0.0144027 -406.621 -401.492 -357.078
  425 424.5 33.1274 0.0143782 -559.063 -395.606 -375.051
  426 425.5 33.1998 0.0144096 -341.934 -508.811 -308.707
  427 426.5 33.1745 0.0143987 -452.732 -315.103 -537.309
  428 427.5 33.1776 0.0144 -437.097 -368.522 -320.649
  429 428.5 33.0933 0.0143634 -445.74 -300.064 -429.799
  430 429.5 33.2217 0.0144191 -361.66 -323.503 -377.403
  431 430.5 33.1868 0.014404 -299.306 -237.285 -238.939
  432 431.5 33.1495 0.0143878 -413.967 -328.124 -463.647
  433 432.5 33.0973 0.0143651 -281.784 -292.464 -411.126
  434 433.5 33.1942 0.0144072 -391.729 -361.356 -349.857
  435 434.5 33.1723 0.0143977 -474.916 -451.25 -394.257
  436 435.5 33.1261 0.0143777 -324.492 -446.656 -306.941
  437 436.5 33.1653 0.0143947 -165.293 -293.321 -538.401
  438 437.5 33.1459 0.0143862 -250.518 -196.459 -282.764
  439 438.5 33.126 0.0143776 -348.339 -278.096 -311.351
  440 439.5 33.2032 0.0144111 -324.488 -435.072 -423.525
  441 440.5 33.1487 0.0143875 -404.925 -306.135 -343.577
  442 441.5 33.1579 0.0143914 -331.974 -351.673 -393.559
  443 442.5 33.1646 0.0143944 -363.949 -419.274 -417.087
  444 443.5 33.1378 0.0143827 -506.993 -401.683 -481.102
  445 444.5 33.1994 0.0144095 -243.481 -253.495 -225.479
  446 445.5 33.1348 0.0143814 -466.552 -342.614 -309.868
  447 446.5 33.1378 0.0143827 -575.931 -433.379 -524.332
  448 447.5 33.1963 0.0144081 -425.072 -349.985 -262.565
  449 448.5 33.1541 0.0143898 -429.928 -370.164 -417.925
  450 449.5 33.1105 0.0143709 -447.784 -362.145 -402.678
  451 450.5 33.2042 0.0144116 -448.721 -374.616 -386.135
  452 451.5 33.1818 0.0144018 -410.174 -444.513 -367.909
  453 452.5 33.1314 0.01438 -434.839 -531.124 -327.095
  454 453.5 33.1665 0.0143952 -464.803 -425.139 -386.759
  455 454.5 33.136 0.0143819 -245.587 -355.526 -419.725
  456 455.5 33.1577 0.0143914 -296.849 -423.735 -390.849
  457 456.5 33.1676 0.0143957 -200.963 -280.637 -185.519
  458 457.5 33.148 0.0143871 -288.668 -367.543 -466.496
  459 458.5 33.1405 0.0143839 -348.423 -483.152 -443.382
  460 459.5 33.1194 0.0143747 -344.837 -369.973 -395.569
  461 460.5 33.1855 0.0144034 -324.219 -203.77 -273.013
  462 461.5 33.2056 0.0144122 -268.69 -226.636 -331.11
  463 462.5 33.1192 0.0143747 -269.538 -398.271 -436.929
  464 463.5 33.1656 0.0143948 -270.149 -237.021 -379.458
  465 464.5 33.1767 0.0143996 -347.135 -397.722 -385.398
  466 465.5 33.2199 0.0144184 -441.919 -371.112 -415.998
  467 466.5 33.1743 0.0143986 -318.827 -251.852 -336.79
  468 467.5 33.1681 0.0143959 -169.22 -224.965 -295.868
  469 468.5 33.2458 0.0144296 -366.853 -217.501 -345.499
  470 469.5 33.18 0.014401 -395.512 -338.059 -500.123
  471 470.5 33.1487 0.0143875 -377.677 -393.619 -413.118
  472 471.5 33.253 0.0144327 -466.363 -294.626 -326.079
  473 472.5 33.2369 0.0144257 -298.761 -279.62 -397.703
  474 473.5 33.1882 0.0144046 -462.053 -354.995 -348.501
  475 474.5 33.2243 0.0144203 -334.122 -571.246 -378.668
  476 475.5 33.263 0.0144371 -243.761 -314.845 -345.53
  477 476.5 33.1896 0.0144052 -433.516 -364.246 -457.351
  478 477.5 33.2098 0.014414 -334.586 -423.741 -462.981
  479 478.5 33.2419 0.0144279 -341.885 -318.006 -410.684
  480 479.5 33.1965 0.0144082 -231.022 -283.331 -318.536
62500000 480 11131
  1 0.5 33.2274 0.0144216 -454.272 -366.657 -464.677
  2 1.5 33.2137 0.0144157 -379.475 -374.381 -259.647
  3 2.5 33.2182 0.0144176 -394.824 -376.497 -358.209
  4 3.5 33.1543 0.0143899 -439.259 -257.766 -467.126
  5 4.5 33.1418 0.0143845 -120.811 -191.336 -430.531
  6 5.5 33.212 0.0144149 -275.519 -313.166 -279.508
  7 6.5 33.2047 0.0144117 -452.739 -413.174 -441.608
  8 7.5 33.1621 0.0143933 -409.545 -506.005 -380.946
  9 8.5 33.1618 0.0143931 -472.029 -370.987 -389.913
  10 9.5 33.1865 0.0144039 -495.715 -383.066 -396.909
  11 10.5 33.1626 0.0143935 -490.634 -477.906 -401.057
  12 11.5 33.0732 0.0143547 -401.85 -413.694 -408.647
  13 12.5 33.2137 0.0144157 -366.384 -421.592 -315.493
  14 13.5 33.1672 0.0143955 -295.668 -438.989 -364.44
  15 14.5 33.1406 0.0143839 -547.946 -503.106 -450.61
  16 15.5 33.1156 0.0143731 -414.615 -513.278 -409.848
  17 16.5 33.1807 0.0144013 -373.841 -287.902 -306.106
  18 17.5 33.1586 0.0143918 -518.262 -312.465 -364.904
  19 18.5 33.1226 0.0143761 -359.79 -388.726 -359.092
  20 19.5 33.1232 0.0143764 -290.178 -323.29 -447.361
  21 20.5 33.1565 0.0143909 -50.4355 -434.745 -371.284
  22 21.5 33.1661 0.014395 -178.28 -321.869 -357.375
  23 22.5 33.1378 0.0143827 -490.099 -348.109 -339.843
  24 23.5 33.1935 0.0144069 -410.251 -361.749 -407.716
  25 24.5 33.1272 0.0143781 -271.932 -332.628 -395.736
  26 25.5 33.1781 0.0144002 -434.198 -277.062 -339.763
  27 26.5 33.1806 0.0144013 -412.556 -321.535 -473.72
  28 27.5 33.1346 0.0143813 -458.638 -327.361 -358.079
  29 28.5 33.1477 0.014387 -388.144 -284.908 -390.474
  30 29.5 33.1789 0.0144006 -270.873 -183.577 -410.21
  31 30.5 33.1854 0.0144034 -380.047 -228.744 -336.271
  32 31.5 33.1476 0.014387 -362.478 -415.237 -283.967
  33 32.5 33.2008 0.0144101 -466.61 -428.035 -470.73
  34 33.5 33.1536 0.0143896 -402.638 -328.031 -475.076
  35 34.5 33.1573 0.0143912 -412.458 -444.949 -330.118
  36 35.5 33.2182 0.0144176 -353.624 -364.97 -354.24
  37 36.5 33.1364 0.0143821 -369.987 -477.845 -436.623
  38 37.5 33.1894 0.0144051 -475.893 -447.607 -392.655
  39 38.5 33.2184 0.0144177 -495.379 -316.112 -387.11
  40 39.5 33.1544 0.01439 -411.763 -159.854 -430.563
  41 40.5 33.1988 0.0144092 -462.178 -412.814 -452.392
  42 41.5 33.1747 0.0143987 -266.184 -241.045 -418.488
  43 42.5 33.2098 0.014414 -351.843 -251.555 -400.994
  44 43.5 33.1688 0.0143962 -249.213 -246.334 -446.981
  45 44.5 33.1112 0.0143712 -242.644 -359.256 -537.916
  46 45.5 33.2471 0.0144302 -193.811 -292.073 -451.542
  47 46.5 33.172 0.0143976 -371.697 -306.645 -469.516
  48 47.5 33.0813 0.0143582 -176.937 -246.166 -665.174
  49 48.5 33.1434 0.0143851 -318.758 -213.098 -646.484
  50 49.5 33.1054 0.0143686 -275.157 -227.093 -660.691
  51 50.5 33.082 0.0143585 -275.276 -200.787 -785.541
  52 51.5 33.024 0.0143333 17.008 -51.2171 -946.046
  53 52.5 32.9424 0.0142979 143.685 -55.2438 -1093.64
  54 53.5 32.9362 0.0142952 140.763 -4.82674 -1115.63
  55 54.5 32.8085 0.0142398 413.354 409.683 -1345.79
  56 55.5 32.669 0.0141792 807.724 698.932 -1556.68
  57 56.5 32.4714 0.0140935 964.844 763.774 -1828.05
  58 57.5 32.3828 0.014055 1436.89 1355.76 -1875.82
  59 58.5 31.9404 0.013863 1819.41 1781.17 -2289.52
  60 59.5 31.5128 0.0136775 2704.75 2577.48 -2280.95
  61 60.5 31.072 0.0134861 3203.92 3125.14 -2491.11
  62 61.5 30.2954 0.013149 3970.63 3980.25 -2233.8
  63 62.5 29.1715 0.0126612 4856.81 4994.09 -1833.26
  64 63.5 27.8024 0.012067 5750.53 5894.97 -1282.7
  65 64.5 26.0718 0.0113159 6464.43 6461.34 -493.82
  66 65.5 23.8018 0.0103307 7089.91 7025.34 852.294
  67 66.5 21.1056 0.00916043 7448.48 7470.79 2149.18
  68 67.5 18.069 0.00784244 7098.6 7188.03 3146.01
  69 68.5 14.9916 0.00650677 6581.32 6647.15 4623.47
  70 69.5 11.9057 0.00516741 5492.36 5661.3 5691.04
  71 70.5 9.14076 0.00396734 3970.63 4223.29 6284.7
  72 71.5 6.78835 0.00294633 2263.64 2386.75 6610.87
  73 72.5 4.94686 0.00214707 257.827 301.043 6274.45
  74 73.5 3.57386 0.00155116 -2413.52 -2006.07 4995.77
  75 74.5 2.6089 0.00113234 -4736.39 -4655.44 3081.06
  76 75.5 1.96812 0.000854219 -7306.64 -7220.2 307.19
  77 76.5 1.57234 0.000682441 -9838.93 -9672.11 -2422.41
  78 77.5 1.30014 0.000564295 -11260.8 -11620.9 -5642.09
  79 78.5 1.13156 0.000491128 -12478.7 -12516.1 -8299.79
  80 79.5 1.03726 0.000450198 -13394.9 -13705.2 -10158.5
  81 80.5 0.961256 0.000417212 -13959.4 -14159.5 -11874.9
  82 81.5 0.91064 0.000395243 -14407.2 -14641.1 -13150.6
  83 82.5 0.895536 0.000388687 -15080.9 -15061.3 -13699.4
  84 83.5 0.869888 0.000377556 -15280.3 -15500 -14451.2
  85 84.5 0.871896 0.000378427 -15637 -15512.9 -14485.5
  86 85.5 0.86744 0.000376493 -15318.9 -15649.1 -14786.4
  87 86.5 0.857624 0.000372233 -15608.5 -15727.3 -14983.8
  88 87.5 0.8482 0.000368142 -15941.6 -15335 -15179.6
  89 88.5 0.844328 0.000366462 -15859.7 -15989.4 -15483.2
  90 89.5 0.839888 0.000364535 -15605.3 -16319.4 -15522.7
  91 90.5 0.83812 0.000363767 -15974.4 -15949 -15613.7
  92 91.5 0.841664 0.000365306 -15876.2 -15378.9 -15468
  93 92.5 0.83732 0.00036342 -15938.5 -15764.9 -15616.4
  94 93.5 0.845904 0.000367146 -15755.4 -16261.2 -15447
  95 94.5 0.84372 0.000366198 -15717.9 -16078.7 -15405.2
  96 95.5 0.84904 0.000368507 -15542.4 -15741.1 -15355.9
  97 96.5 0.833352 0.000361698 -15818.7 -16151.7 -15714.5
  98 97.5 0.836704 0.000363153 -15587.9 -15905.9 -15655.4
  99 98.5 0.824656 0.000357924 -15954.4 -15580.9 -15925.2
  100 99.5 0.842488 0.000365663 -15904.7 -15636 -15469.4
  101 100.5 0.832152 0.000361177 -15742.1 -15465.8 -15766.3
  102 101.5 0.825008 0.000358076 -15758.3 -15357 -15908.3
  103 102.5 0.831152 0.000360743 -15552.4 -15341.4 -15793.2
  104 103.5 0.83532 0.000362552 -16012.7 -15650.6 -15701.9
  105 104.5 0.832568 0.000361358 -15454.2 -15956.4 -15690.5
  106 105.5 0.809344 0.000351278 -15864.8 -16056.6 -16058.8
  107 106.5 0.820392 0.000356073 -15743.3 -15779.3 -16068.5
  108 107.5 0.832856 0.000361483 -15899.1 -15477.6 -15717.2
  109 108.5 0.832752 0.000361437 -15420.9 -15478.1 -15579.5
  110 109.5 0.832192 0.000361194 -15630.1 -15455.7 -15653.3
  111 110.5 0.84076 0.000364913 -15628.8 -15591 -15611.3
  112 111.5 0.837496 0.000363497 -15582.7 -15522.2 -15751.5
  113 112.5 0.847208 0.000367712 -15188.2 -15233.9 -15464.9
  114 113.5 0.841104 0.000365062 -15079.2 -15324.5 -15521.6
  115 114.5 0.843328 0.000366028 -15491.6 -15419.4 -15515.5
  116 115.5 0.837392 0.000363451 -15076.9 -15335.1 -15575.2
  117 116.5 0.831432 0.000360865 -15185.5 -15324.6 -15853.8
  118 117.5 0.837264 0.000363396 -15125.5 -15688.5 -15630
  119 118.5 0.83768 0.000363576 -15070.1 -15779.5 -15521.7
  120 119.5 0.834792 0.000362323 -15311.5 -15605.4 -15664.9
  121 120.5 0.83468 0.000362274 -15032.8 -15694 -15658.1
  122 121.5 0.828528 0.000359604 -15411.6 -15994.5 -15875.7
  123 122.5 0.821496 0.000356552 -15555.2 -15529.5 -16031
  124 123.5 0.83692 0.000363247 -15598.8 -16059.1 -15581.1
  125 124.5 0.834288 0.000362104 -15544.4 -15597.5 -15571.1
  126 125.5 0.831936 0.000361083 -15600.3 -15589.7 -15680.2
  127 126.5 0.814472 0.000353503 -16103.7 -15791 -16131.9
  128 127.5 0.829704 0.000360115 -15732.7 -15805.7 -15758.6
  129 128.5 0.849376 0.000368653 -16001.2 -15434.9 -15393.1
  130 129.5 0.849336 0.000368635 -15788.1 -15314.2 -15340.4
  131 130.5 0.851232 0.000369458 -15713.5 -15409.6 -15471.9
  132 131.5 0.852616 0.000370059 -15963.9 -15647.5 -15303.9
  133 132.5 0.844304 0.000366451 -15633.5 -15251.4 -15509.3
  134 133.5 0.835776 0.00036275 -15586.6 -15356.1 -15744.1
  135 134.5 0.82384 0.000357569 -15645.1 -15460.8 -15879.4
  136 135.5 0.815376 0.000353896 -15779.1 -15571.6 -15971.6
  137 136.5 0.812752 0.000352757 -15523.3 -15618 -16148.7
  138 137.5 0.820464 0.000356104 -15905 -15539.6 -16007.9
  139 138.5 0.827008 0.000358944 -15691.6 -15468.2 -15783.5
  140 139.5 0.81304 0.000352882 -16089.5 -15430 -16127.8
  141 140.5 0.816944 0.000354576 -15879 -15704.4 -16052.8
  142 141.5 0.817864 0.000354976 -15694.5 -15659.2 -15859.6
  143 142.5 0.82932 0.000359948 -16148.3 -15692.4 -15788.2
  144 143.5 0.83208 0.000361146 -15871 -15533.9 -15700.5
  145 144.5 0.808544 0.000350931 -15691.3 -16068.1 -16238.3
  146 145.5 0.828288 0.0003595 -15897.5 -16010.3 -15892.6
  147 146.5 0.832976 0.000361535 -15939.3 -15738.6 -15604.7
  148 147.5 0.83384 0.00036191 -15765.2 -15631.7 -15684
  149 148.5 0.840912 0.000364979 -16082.6 -15987 -15642.2
  150 149.5 0.82492 0.000358038 -16170.1 -16029.4 -15818.6
  151 150.5 0.829368 0.000359969 -15976.8 -16135.7 -15849.8
  152 151.5 0.81152 0.000352222 -15645.8 -16046.1 -16140.2
  153 152.5 0.80716 0.00035033 -15737.9 -16172.7 -16103.4
  154 153.5 0.81376 0.000353194 -15662.4 -15930.2 -16130
  155 154.5 0.809656 0.000351413 -15408.3 -15873 -16244.2
  156 155.5 0.81536 0.000353889 -15424.5 -16123.5 -16033.8
  157 156.5 0.818928 0.000355438 -15485.6 -16085 -15966.5
  158 157.5 0.81904 0.000355486 -15535.8 -16224 -15918
  159 158.5 0.822992 0.000357201 -15592.2 -16745 -15886.1
  160 159.5 0.827136 0.000359 -15338.7 -16490.7 -15773.8
  161 160.5 0.819696 0.000355771 -15584.5 -16486.5 -16038
  162 161.5 0.826136 0.000358566 -15856 -15882.3 -15895.7
  163 162.5 0.828712 0.000359684 -15826.8 -15955.8 -15742.9
  164 163.5 0.82816 0.000359444 -15297.8 -15984.6 -15834.9
  165 164.5 0.839688 0.000364448 -15555.4 -15869.5 -15608.9
  166 165.5 0.829528 0.000360038 -15556.9 -16109.1 -15839.8
  167 166.5 0.823904 0.000357597 -15497 -15588.1 -15825.7
  168 167.5 0.83148 0.000360885 -15460.8 -16004.1 -15800
  169 168.5 0.83712 0.000363333 -15861.8 -16173.4 -15610.8
  170 169.5 0.830976 0.000360667 -15480 -15977.6 -15828.8
  171 170.5 0.82804 0.000359392 -15442.2 -16144.3 -15790.1
  172 171.5 0.833512 0.000361767 -15514 -16484.5 -15599.2
  173 172.5 0.824928 0.000358042 -15355.6 -16488.8 -15933.3
  174 173.5 0.820016 0.00035591 -15330.6 -16418 -15872.5
  175 174.5 0.818272 0.000355153 -15277.5 -16526.9 -15997.3
  176 175.5 0.814144 0.000353361 -15362.8 -16581.1 -16005.4
  177 176.5 0.819312 0.000355604 -15426.3 -16463.7 -16058.9
  178 177.5 0.832432 0.000361299 -15398.9 -16277 -15769
  179 178.5 0.817032 0.000354615 -15447.2 -16355.6 -16075
  180 179.5 0.816888 0.000354552 -15196.2 -16366.2 -15960.3
  181 180.5 0.833688 0.000361844 -15291.8 -16406.3 -15751.3
  182 181.5 0.818456 0.000355233 -15008 -16385.7 -16058.9
  183 182.5 0.815936 0.000354139 -15325.6 -16319.7 -15938.7
  184 183.5 0.821992 0.000356767 -15663 -16450.2 -15877.3
  185 184.5 0.815584 0.000353986 -15647.8 -16340.4 -16219
  186 185.5 0.816216 0.00035426 -15585 -16139.1 -16017.7
  187 186.5 0.830592 0.0003605 -15551 -15897.7 -15667.6
  188 187.5 0.832688 0.00036141 -15619.7 -16002.9 -15775
  189 188.5 0.843704 0.000366191 -15679.6 -15759.6 -15452
  190 189.5 0.846608 0.000367451 -16205.1 -16039.3 -15458
  191 190.5 0.83976 0.000364479 -15670.6 -16157.2 -15647.9
  192 191.5 0.828784 0.000359715 -15651.4 -16164 -15792.7
  193 192.5 0.841 0.000365017 -15331.7 -16112 -15472.8
  194 193.5 0.824528 0.000357868 -15466 -15964.7 -15958.8
  195 194.5 0.820904 0.000356295 -15427.5 -16075.6 -15969.9
  196 195.5 0.825752 0.000358399 -15410.9 -15924.7 -15942.7
  197 196.5 0.825896 0.000358462 -15579.7 -15241.2 -15784.8
  198 197.5 0.825544 0.000358309 -15368.8 -15511.4 -15729
  199 198.5 0.823784 0.000357545 -15584.2 -15681.7 -15941.1
  200 199.5 0.848568 0.000368302 -15680.5 -15913.6 -15388.6
  201 200.5 0.843768 0.000366219 -15529 -15694.2 -15395.7
  202 201.5 0.841368 0.000365177 -15751.6 -15512.5 -15540.2
  203 202.5 0.839128 0.000364205 -15252.1 -15612.8 -15544.6
  204 203.5 0.854912 0.000371056 -14999.3 -15279.8 -15050.2
  205 204.5 0.862992 0.000374563 -15466.3 -15296.1 -14904.9
  206 205.5 0.86548 0.000375642 -15495 -15815.5 -14774.2
  207 206.5 0.865632 0.000375708 -15139.4 -15457.3 -14671.4
  208 207.5 0.878896 0.000381465 -14909.3 -15048.6 -14164.9
  209 208.5 0.903328 0.000392069 -14848.3 -14900 -13518.1
  210 209.5 0.936664 0.000406538 -14709.2 -14573.1 -12775.7
  211 210.5 0.97252 0.000422101 -14615.7 -13923.3 -11694.5
  212 211.5 1.03889 0.000450906 -13655.4 -13522 -10194.9
  213 212.5 1.15275 0.000500326 -12342.7 -12986.6 -7951.8
  214 213.5 1.31617 0.000571253 -10894.2 -11227.1 -5447.2
  215 214.5 1.57493 0.000683563 -9273.21 -9547.49 -2619.12
  216 215.5 1.9925 0.000864799 -7161.1 -7327.94 356.699
  217 216.5 2.65578 0.00115268 -4618.05 -4858.92 3304.87
  218 217.5 3.64856 0.00158358 -2155.62 -2328.58 5404.8
  219 218.5 5.06147 0.00219682 42.1754 155.123 6328.36
  220 219.5 7.02564 0.00304932 2371.18 2641.8 6958.81
  221 220.5 9.49854 0.00412263 4265.67 4477.96 6558.08
  222 221.5 12.4128 0.00538751 5824.9 5970.64 5835.58
  223 222.5 15.6057 0.00677332 6861.9 6801.69 4696.44
  224 223.5 18.8611 0.00818624 7589.35 7522.76 3616.17
  225 224.5 21.9308 0.00951856 7571.12 7515.34 2192.94
  226 225.5 24.643 0.0106957 7274.79 7371.99 973.426
  227 226.5 26.8483 0.0116529 6718.33 6861.56 -259.952
  228 227.5 28.5446 0.0123892 5950.89 6213.54 -963.908
  229 228.5 29.9586 0.0130029 5146.1 5226.15 -1676.98
  230 229.5 30.994 0.0134522 4312.44 4308.4 -1982.46
  231 230.5 31.7908 0.0137981 3490.97 3645.58 -2067.47
  232 231.5 32.3106 0.0140237 2913.84 3053.85 -2165.73
  233 232.5 32.8792 0.0142705 2420.09 2374.64 -1939.62
  234 233.5 33.3058 0.0144556 2023.01 1856.31 -1821.16
  235 234.5 33.5588 0.0145654 1230.59 1387.14 -1792.62
  236 235.5 33.7801 0.0146615 1202.17 1298.22 -1547.16
  237 236.5 34.0277 0.014769 942.626 1041.41 -1478.48
  238 237.5 34.1832 0.0148364 853.609 725.294 -1245.94
  239 238.5 34.3549 0.014911 661.561 482.261 -1122.88
  240 239.5 34.4184 0.0149386 269.185 130.75 -1132.65
  241 240.5 34.5502 0.0149958 189.402 229.483 -1035.03
  242 241.5 34.6083 0.015021 52.3732 182.669 -792.69
  243 242.5 34.659 0.015043 -220.459 -44.4779 -818.377
  244 243.5 34.7334 0.0150753 -157.609 -124.326 -720.82
  245 244.5 34.7622 0.0150878 -149.907 -187.672 -735.917
  246 245.5 34.7562 0.0150851 -56.1875 -244.147 -558.25
  247 246.5 34.8127 0.0151097 -175.344 -192.809 -549.045
  248 247.5 34.8263 0.0151156 -399.905 -202.133 -579.241
  249 248.5 34.8387 0.015121 -357.629 -338.819 -512.352
  250 249.5 34.8363 0.0151199 -108.302 -459.431 -484.785
  251 250.5 34.8727 0.0151357 -44.4922 -229.35 -411.228
  252 251.5 34.8695 0.0151343 -131.665 -295.693 -472.758
  253 252.5 34.8356 0.0151196 -242.176 -184.712 -357.748
  254 253.5 34.873 0.0151358 -160.768 -277.722 -363.389
  255 254.5 34.8946 0.0151452 -541.746 -448.599 -491.51
  256 255.5 34.8812 0.0151394 -321.442 -464.063 -440.881
  257 256.5 34.8857 0.0151414 -382.602 -366.719 -389.284
  258 257.5 34.8401 0.0151216 -273.163 -251.688 -247.627
  259 258.5 34.9271 0.0151593 -379.067 -320.303 -451.538
  260 259.5 34.895 0.0151454 -222.201 -311.56 -303.891
  261 260.5 34.8235 0.0151144 -283.896 -371.473 -357.211
  262 261.5 34.8936 0.0151448 -504.218 -475.783 -412.086
  263 262.5 34.8995 0.0151474 -453.052 -362.823 -361.798
  264 263.5 34.8628 0.0151314 -331.506 -380.226 -432.12
  265 264.5 34.842 0.0151224 -160.473 -323.451 -357.445
  266 265.5 34.8646 0.0151322 -144.434 -177.587 -282.8
  267 266.5 34.966 0.0151762 -227.209 -404.718 -395.164
  268 267.5 34.8933 0.0151447 -372.237 -423.314 -406.673
  269 268.5 34.8367 0.0151201 -212.125 -440.608 -410.397
  270 269.5 34.9355 0.015163 -145.65 -324.774 -342.201
  271 270.5 34.9275 0.0151595 -134.017 -114.167 -343.409
  272 271.5 34.8693 0.0151342 -536.864 -450.328 -413.397
  273 272.5 34.9332 0.015162 -332.671 -309.86 -269.907
  274 273.5 34.9439 0.0151666 -496.555 -609.233 -483.009
  275 274.5 34.8972 0.0151464 -511.179 -544.716 -391.619
  276 275.5 34.8907 0.0151435 -395.374 -492.811 -359.508
  277 276.5 34.9487 0.0151687 -197.668 -457.863 -321.221
  278 277.5 34.88 0.0151389 -219.243 -433.27 -391.291
  279 278.5 34.8934 0.0151447 -352.886 -439.472 -397.815
  280 279.5 34.8616 0.0151309 -454.2 -486.84 -388.492
  281 280.5 34.9621 0.0151745 -393.446 -362.869 -316.132
  282 281.5 34.8444 0.0151234 -281.526 -271.279 -394.696
  283 282.5 34.8483 0.0151251 -276.989 -302.169 -363.921
  284 283.5 34.8819 0.0151397 -285.26 -328.855 -399.048
  285 284.5 34.9361 0.0151632 -136.708 -290.719 -297.233
  286 285.5 34.7934 0.0151013 -229.737 -261.033 -373.943
  287 286.5 34.8614 0.0151308 -291.951 -302.999 -382.211
  288 287.5 34.9063 0.0151503 -317.67 -329.44 -352.008
  289 288.5 34.8343 0.0151191 -171.859 -338.688 -345.201
  290 289.5 34.8565 0.0151287 -250.74 -253.594 -407.946
  291 290.5 34.8378 0.0151206 -290.922 -385.879 -410.928
  292 291.5 34.901 0.015148 -352.912 -246.195 -413.089
  293 292.5 34.8735 0.0151361 -375.378 -323.018 -205.09
  294 293.5 34.9158 0.0151544 -438.323 -369.316 -354.257
  295 294.5 34.8444 0.0151234 -303.409 -351.712 -433.063
  296 295.5 34.8414 0.0151221 -356.516 -178.277 -422.296
  297 296.5 34.8681 0.0151337 -197.769 -194.759 -311.678
  298 297.5 34.882 0.0151398 -235.603 -269.587 -469.215
  299 298.5 34.8432 0.0151229 -328.943 -255.37 -328.657
  300 299.5 34.8367 0.0151201 -283.177 -227.444 -268.864
  301 300.5 34.9272 0.0151594 -494.334 -325.491 -327.522
  302 301.5 34.8204 0.015113 -293.651 -389.958 -426.786
  303 302.5 34.827 0.0151159 -314.254 -425.306 -431.139
  304 303.5 34.84 0.0151215 -307.245 -440.483 -317.214
  305 304.5 34.8513 0.0151264 -301.733 -451.173 -287.995
  306 305.5 34.9088 0.0151514 -240.995 -470.669 -351.746
  307 306.5 34.8274 0.0151161 -199.824 -237.55 -396.87
  308 307.5 34.7998 0.0151041 -425.677 -237.092 -429.325
  309 308.5 34.9556 0.0151717 -326.761 -172.111 -325.741
  310 309.5 34.8865 0.0151417 -486.136 -537.891 -488.241
  311 310.5 34.8199 0.0151128 -506.037 -469.087 -287.87
  312 311.5 34.935 0.0151627 -538.368 -523.117 -313.445
  313 312.5 34.904 0.0151493 -621.359 -515.921 -500.91
  314 313.5 34.8015 0.0151048 -367.702 -493.426 -239.655
  315 314.5 34.9001 0.0151476 -394.484 -340.881 -363.056
  316 315.5 34.9622 0.0151746 -569.317 -461.839 -484.801
  317 316.5 34.839 0.0151211 -354.069 -474.433 -396.988
  318 317.5 34.7986 0.0151036 -524.272 -517.789 -321.928
  319 318.5 35.0163 0.0151981 -527.694 -522.804 -386.924
  320 319.5 34.8754 0.0151369 -474.506 -417.763 -417.992
  321 320.5 34.8241 0.0151146 -229.385 -270.401 -345.584
  322 321.5 34.8725 0.0151356 -364.824 -245.553 -339.739
  323 322.5 34.9342 0.0151624 -387.209 -364.47 -428.96
  324 323.5 34.8277 0.0151162 -378.828 -283.926 -382.461
  325 324.5 34.8124 0.0151095 -266.14 -206.075 -399.49
  326 325.5 34.9274 0.0151595 -344.161 -221.545 -329.182
  327 326.5 34.9249 0.0151584 -150.949 -123.284 -288.01
  328 327.5 34.768 0.0150903 -350.606 -164.728 -407.278
  329 328.5 34.8475 0.0151248 -296.669 -292.179 -428.459
  330 329.5 34.948 0.0151684 -169.794 -64.4617 -231.405
  331 330.5 34.8401 0.0151216 -394.639 -375.53 -380.074
  332 331.5 34.7729 0.0150924 -351.465 -472.276 -478.472
  333 332.5 34.9274 0.0151595 -590.297 -411.918 -351.334
  334 333.5 34.9062 0.0151503 -396.096 -477.038 -327.279
  335 334.5 34.819 0.0151124 -231.644 -344.758 -343.72
  336 335.5 34.8361 0.0151198 -306.579 -301.72 -357.02
  337 336.5 34.8584 0.0151295 -184.077 -394.443 -444.458
  338 337.5 34.8605 0.0151304 -446.444 -401.881 -330.613
  339 338.5 34.7896 0.0150996 -181.577 -499.892 -375.956
  340 339.5 34.853 0.0151271 -388.901 -188.254 -269.156
  341 340.5 34.8171 0.0151116 -440.527 -459.342 -492.588
  342 341.5 34.7828 0.0150967 -506.01 -559.155 -322.253
  343 342.5 34.8761 0.0151372 -529.084 -532.159 -367.886
  344 343.5 34.837 0.0151202 -535.462 -537.249 -396.095
  345 344.5 34.7952 0.0151021 -413.053 -552.957 -365.65
  346 345.5 34.8231 0.0151142 -276.401 -511.865 -198.268
  347 346.5 34.9098 0.0151518 -290.961 -487.665 -527.196
  348 347.5 34.7908 0.0151002 -274.744 -462.629 -370.387
  349 348.5 34.8062 0.0151068 -189.71 -411.669 -270.287
  350 349.5 34.8442 0.0151233 -300.835 -454.075 -420.676
  351 350.5 34.8635 0.0151317 -301.688 -269.444 -388.458
  352 351.5 34.8118 0.0151093 -413.549 -232.323 -402.856
  353 352.5 34.8152 0.0151108 -336.407 -246.118 -410.288
  354 353.5 34.8944 0.0151451 -388.929 -181.87 -325.487
  355 354.5 34.8637 0.0151318 -412.291 -245.858 -238.371
  356 355.5 34.847 0.0151246 -170.048 -201.014 -477.238
  357 356.5 34.8216 0.0151135 -452.398 -213.779 -401.342
  358 357.5 34.8736 0.0151361 -419.145 -274.35 -291.546
  359 358.5 34.8566 0.0151287 -353.475 -391.488 -429.522
  360 359.5 34.8736 0.0151361 -306.868 -352.912 -421.502
  361 360.5 34.8401 0.0151216 -396.062 -391.955 -450.944
  362 361.5 34.8733 0.015136 -301.988 -236.549 -355.018
  363 362.5 34.8475 0.0151248 -363.395 -326.413 -533.219
  364 363.5 34.8464 0.0151243 -360.421 -186.285 -398.708
  365 364.5 34.8747 0.0151366 -287.556 -297.785 -320.366
  366 365.5 34.8248 0.0151149 -358.282 -179.108 -584.457
  367 366.5 34.8348 0.0151193 -367.942 -306.293 -522.531
  368 367.5 34.8302 0.0151173 -348.972 -318.289 -574.998
  369 368.5 34.8159 0.0151111 -159.954 -308.247 -525.046
  370 369.5 34.7886 0.0150992 -6.88239 -78.3285 -552.749
  371 370.5 34.7185 0.0150688 -18.2348 -163.125 -687.789
  372 371.5 34.7245 0.0150714 7.9996 -125.342 -636.593
  373 372.5 34.6766 0.0150506 257.728 22.448 -716.421
  374 373.5 34.6176 0.015025 -25.6874 152.811 -695.85
  375 374.5 34.4971 0.0149727 -151.918 246.263 -812.913
  376 375.5 34.4416 0.0149486 114.408 219.626 -586.808
  377 376.5 34.3975 0.0149295 293.665 295.137 -682.733
  378 377.5 34.2036 0.0148453 363.329 368.674 -615.56
  379 378.5 34.0308 0.0147703 591.119 447.737 -563.648
  380 379.5 33.8809 0.0147052 617.03 659.076 -425.431
  381 380.5 33.776 0.0146597 595.866 603.258 -402.071
  382 381.5 33.5043 0.0145418 481.118 537.843 -245.016
  383 382.5 33.3384 0.0144698 334.939 599.191 -22.9414
  384 383.5 33.2516 0.0144321 215.107 393.837 -98.1955
  385 384.5 33.0282 0.0143351 86.9739 218.25 187.463
  386 385.5 32.866 0.0142647 86.3227 -7.72066 156.518
  387 386.5 32.8259 0.0142473 22.7292 -77.3855 176.708
  388 387.5 32.7132 0.0141985 -124.988 -225.159 89.9437
  389 388.5 32.6763 0.0141824 -206.707 -127.8 228.726
  390 389.5 32.6366 0.0141652 -142.294 -30.0524 55.9488
  391 390.5 32.659 0.0141749 54.4753 -67.9778 12.0567
  392 391.5 32.6689 0.0141792 -75.6541 -70.402 -165.499
  393 392.5 32.6979 0.0141918 -132.091 -67.2228 -155.211
  394 393.5 32.7591 0.0142184 -162.635 -79.0503 -145.567
  395 394.5 32.8074 0.0142393 -212.557 -172.995 -507.905
  396 395.5 32.8932 0.0142766 -249.972 -296.117 -382.555
  397 396.5 32.8989 0.014279 -258.421 -59.4662 -444.025
  398 397.5 32.8897 0.014275 -293.57 -153.916 -390.591
  399 398.5 33.0316 0.0143366 -152.271 -199.686 -431.059
  400 399.5 33.0847 0.0143597 -241.844 -322.43 -465.765
  401 400.5 32.959 0.0143051 -181.073 -164.087 -551.062
  402 401.5 33.0493 0.0143443 -322.88 -201.286 -545.982
  403 402.5 33.1534 0.0143895 -118.832 -160.455 -446.545
  404 403.5 33.1237 0.0143766 -252.293 -234.19 -364.664
  405 404.5 33.0918 0.0143628 -216.987 -208.592 -521.848
  406 405.5 33.1346 0.0143813 -310.828 -262.819 -487.921
  407 406.5 33.1976 0.0144087 -486.343 -210.349 -484.351
  408 407.5 33.179 0.0144006 -168.99 -355.558 -335.537
  409 408.5 33.1497 0.0143879 -384.774 -305.112 -478.323
  410 409.5 33.1928 0.0144066 -360.29 -335.181 -476.856
  411 410.5 33.2393 0.0144268 -507.781 -394.698 -368.47
  412 411.5 33.161 0.0143928 -446.553 -218.719 -471.613
  413 412.5 33.2244 0.0144203 -366.215 -292.65 -427.692
  414 413.5 33.1569 0.014391 -390.454 -402.811 -365.282
  415 414.5 33.2484 0.0144307 -494.714 -383.355 -302.825
  416 415.5 33.1504 0.0143882 -446.564 -513.706 -543.966
  417 416.5 33.184 0.0144028 -453.186 -353.63 -355.689
  418 417.5 33.1783 0.0144003 -351.03 -331.735 -397.362
  419 418.5 33.1785 0.0144004 -330.023 -397.225 -443.309
  420 419.5 33.1583 0.0143916 -516.846 -373.647 -306.701
  421 420.5 33.1862 0.0144037 -327.098 -388.512 -364.844
  422 421.5 33.1871 0.0144041 -286.036 -451.461 -422.551
  423 422.5 33.1956 0.0144078 -334.872 -429.353 -398.044
  424 423.5 33.1529 0.0143893 -444.911 -327.76 -372.797
  425 424.5 33.2275 0.0144216 -440.733 -455.471 -363.373
  426 425.5 33.1792 0.0144007 -549.842 -592.282 -325.397
  427 426.5 33.1863 0.0144038 -465.265 -663.135 -528.078
  428 427.5 33.2065 0.0144125 -506.054 -485.754 -294.437
  429 428.5 33.1227 0.0143762 -463.062 -447.773 -391.773
  430 429.5 33.2342 0.0144246 -519.565 -316.043 -371.413
  431 430.5 33.2085 0.0144134 -506.401 -524.635 -483.424
  432 431.5 33.0934 0.0143635 -481.746 -576.394 -356.81
  433 432.5 33.2704 0.0144403 -357.886 -434.042 -386.582
  434 433.5 33.1915 0.014406 -373.826 -495.586 -426.711
  435 434.5 33.2298 0.0144226 -362.196 -458.356 -357.083
  436 435.5 33.1973 0.0144085 -372.144 -404.797 -367.818
  437 436.5 33.2069 0.0144127 -301.799 -437.014 -310.426
  438 437.5 33.1931 0.0144067 -398.326 -412.051 -445.408
  439 438.5 33.2565 0.0144342 -674.756 -595.241 -425.215
  440 439.5 33.1919 0.0144062 -503.552 -516.474 -391.591
  441 440.5 33.187 0.0144041 -482.07 -477.3 -458.097
  442 441.5 33.2183 0.0144176 -384.642 -506.703 -447.557
  443 442.5 33.2377 0.0144261 -293.165 -232.62 -218.289
  444 443.5 33.1495 0.0143878 -312.882 -315.008 -445.94
  445 444.5 33.1967 0.0144083 -377.825 -226.656 -342.267
  446 445.5 33.1885 0.0144047 -409.246 -339.886 -476.598
  447 446.5 33.2097 0.0144139 -347.309 -323.924 -340.988
  448 447.5 33.1689 0.0143962 -328.764 -462.272 -301.364
  449 448.5 33.2 0.0144097 -423.397 -304.763 -434.771
  450 449.5 33.1728 0.0143979 -491.952 -475.742 -427.83
  451 450.5 33.1811 0.0144015 -312.715 -387.669 -356.936
  452 451.5 33.1826 0.0144021 -379.944 -310.911 -368.528
  453 452.5 33.2039 0.0144114 -386.117 -514.497 -473.964
  454 453.5 33.183 0.0144023 -435.198 -416.295 -339.748
  455 454.5 33.2368 0.0144257 -456.807 -443.292 -331.763
  456 455.5 33.1853 0.0144034 -457.672 -604.049 -339.613
  457 456.5 33.184 0.0144028 -453.456 -529.393 -451.336
  458 457.5 33.1549 0.0143901 -431.648 -374.647 -424.567
  459 458.5 33.2007 0.01441 -369.583 -270.24 -392.31
  460 459.5 33.1804 0.0144012 -318.228 -353.593 -294.253
  461 460.5 33.188 0.0144045 -371.467 -292.571 -425.153
  462 461.5 33.2101 0.0144141 -444.402 -391.767 -431.45
  463 462.5 33.2291 0.0144224 -421.401 -355.889 -395.081
  464 463.5 33.1999 0.0144097 -287.558 -325.862 -264.234
  465 464.5 33.2118 0.0144149 -440.289 -243.466 -460.966
  466 465.5 33.2223 0.0144194 -373.776 -358.218 -423.783
  467 466.5 33.2197 0.0144183 -369.314 -281.056 -349.068
  468 467.5 33.2061 0.0144124 -281.156 -315.552 -409.129
  469 468.5 33.2062 0.0144124 -427.946 -368.576 -418.595
  470 469.5 33.2851 0.0144467 -262.864 -297.268 -379.893
  471 470.5 33.1516 0.0143887 -383.034 -312.32 -367.095
  472 471.5 33.247 0.0144301 -348.588 -231.421 -355.586
  473 472.5 33.175 0.0143989 -323.246 -365.62 -421.694
  474 473.5 33.237 0.0144258 -294.636 -389.78 -434.566
  475 474.5 33.2204 0.0144186 -457.626 -354.568 -321.229
  476 475.5 33.2175 0.0144173 -258.607 -297.998 -421.208
  477 476.5 33.2146 0.0144161 -512.106 -364.924 -366.25
  478 477.5 33.1921 0.0144063 -380.661 -249.856 -315.797
  479 478.5 33.2264 0.0144212 -473.947 -385.672 -423.443
  480 479.5 33.2028 0.0144109 -374.788 -578.576 -468.208
65000000 480 11131
  1 0.5 33.2499 0.0144314 -285.49 -322.082 -375.656
  2 1.5 33.1817 0.0144018 -407.484 -346.524 -347.665
  3 2.5 33.1104 0.0143708 -568.311 -541.505 -450.516
  4 3.5 33.1731 0.014398 -190.022 -387.027 -425.756
  5 4.5 33.2179 0.0144175 -290.671 -395.353 -336.902
  6 5.5 33.1616 0.0143931 -421.207 -433.177 -281.215
  7 6.5 33.1575 0.0143913 -498.011 -488.742 -485.042
  8 7.5 33.1851 0.0144033 -333.868 -253.654 -339.318
  9 8.5 33.1449 0.0143858 -381.235 -391.576 -408.534
  10 9.5 33.2078 0.0144131 -562.72 -481.005 -404.388
  11 10.5 33.194 0.0144071 -552.176 -535.038 -357.52
  12 11.5 33.1874 0.0144042 -436.374 -439.459 -387.684
  13 12.5 33.1851 0.0144033 -532.758 -428.456 -420.479
  14 13.5 33.1763 0.0143994 -589.511 -536.417 -421.189
  15 14.5 33.2019 0.0144105 -614.789 -516.779 -297.427
  16 15.5 33.157 0.014391 -510.287 -672.122 -406.656
  17 16.5 33.1558 0.0143905 -662.124 -553.445 -454.627
  18 17.5 33.134 0.0143811 -548.262 -447.258 -394.72
  19 18.5 33.1123 0.0143716 -561.374 -635.29 -457.206
  20 19.5 33.2064 0.0144125 -497.832 -241.859 -217.407
  21 20.5 33.1266 0.0143779 -358.69 -294.602 -497.718
  22 21.5 33.0919 0.0143628 -257.731 -265.384 -311.644
  23 22.5 33.1642 0.0143942 -313.239 -283.261 -430.799
  24 23.5 33.158 0.0143915 -277.83 -360.564 -342.508
  25 24.5 33.168 0.0143958 -449.375 -564.893 -339.158
  26 25.5 33.1027 0.0143675 -537.18 -514.392 -393.456
  27 26.5 33.146 0.0143863 -414.059 -470.976 -440.307
  28 27.5 33.1457 0.0143862 -276.689 -333.48 -371.598
  29 28.5 33.0962 0.0143647 -488.799 -484.883 -440.857
  30 29.5 33.1707 0.014397 -437.76 -487.58 -366.106
  31 30.5 33.1424 0.0143847 -245.562 -436.012 -286.223
  32 31.5 33.1877 0.0144044 -311.665 -385.786 -371.284
  33 32.5 33.0911 0.0143624 -285.006 -367.831 -414.648
  34 33.5 33.1549 0.0143902 -370.111 -389.856 -448.778
  35 34.5 33.1348 0.0143814 -331.819 -287.487 -387.199
  36 35.5 33.161 0.0143928 -388.756 -341.253 -270.448
  37 36.5 33.1262 0.0143777 -699.108 -376.766 -491.977
  38 37.5 33.0879 0.0143611 -471.284 -471.137 -513.714
  39 38.5 33.2147 0.0144161 -339.063 -356.923 -312.707
  40 39.5 33.128 0.0143785 -493.021 -536.092 -360.749
  41 40.5 33.1611 0.0143928 -462.857 -511.45 -410.051
  42 41.5 33.1519 0.0143889 -431.452 -453.555 -478.658
  43 42.5 33.1473 0.0143868 -356.324 -398.099 -390.496
  44 43.5 33.1467 0.0143866 -385.144 -393.41 -417.16
  45 44.5 33.102 0.0143672 -394.774 -434.557 -589.565
  46 45.5 33.1587 0.0143918 -345.634 -459.736 -516.234
  47 46.5 33.1426 0.0143848 -324.403 -373.319 -574.704
  48 47.5 33.088 0.0143611 -398.468 -356.53 -570.58
  49 48.5 33.0978 0.0143653 -276.497 -284.111 -641.591
  50 49.5 33.1675 0.0143956 -384.589 -302.57 -792.086
  51 50.5 32.9861 0.0143169 -243.562 -189.557 -894.429
  52 51.5 32.9592 0.0143052 53.4654 44.7873 -909.408
  53 52.5 32.9801 0.0143143 153.145 -27.5351 -1131.74
  54 53.5 32.8587 0.0142616 305.107 251.459 -1458.55
  55 54.5 32.6783 0.0141833 417.759 451.958 -1518.61
  56 55.5 32.6258 0.0141605 625.797 778.903 -1785.37
  57 56.5 32.4308 0.0140759 1251.34 1199.71 -1906.78
  58 57.5 32.1593 0.013958 1676.36 1646.35 -2221.68
  59 58.5 31.7443 0.0137779 2210.04 2353.41 -2400.35
  60 59.5 31.2454 0.0135614 3150.62 3197.91 -2391.55
  61 60.5 30.514 0.0132439 3816.88 3970.63 -2466.11
  62 61.5 29.5989 0.0128468 4942.25 4990.47 -1935.25
  63 62.5 28.2744 0.0122719 5692.17 5799.79 -1546.23
  64 63.5 26.5449 0.0115212 6358.3 6559.42 -722.695
  65 64.5 24.4082 0.0105939 7367.11 7235.5 574.149
  66 65.5 21.8673 0.009491 7602.28 7524.89 1875.55
  67 66.5 18.8283 0.008172 7567.87 7570.69 3135.43
  68 67.5 15.6387 0.00678764 6991.34 7080.01 4625.37
  69 68.5 12.4492 0.00540328 5919.68 5929.88 5588.8
  70 69.5 9.61018 0.00417109 4433.36 4445.76 6598.37
  71 70.5 7.07366 0.00307017 2597.7 2620.52 6984.12
  72 71.5 5.11122 0.00221841 347.756 305.237 6498.55
  73 72.5 3.68082 0.00159758 -2045.64 -2053.22 5423.68
  74 73.5 2.67675 0.00116178 -4779.89 -4857.25 3319.44
  75 74.5 2.01137 0.00087299 -7247.89 -7489.77 838.307
  76 75.5 1.56555 0.000679493 -9541.95 -9316.97 -2332.06
  77 76.5 1.29486 0.000562007 -11528 -10980.5 -5431.5
  78 77.5 1.13058 0.000490705 -12834.3 -12543.4 -8129.49
  79 78.5 1.02165 0.000443424 -13829.7 -14049.9 -10346.3
  80 79.5 0.947032 0.000411038 -14237.9 -14525.1 -12019.1
  81 80.5 0.898224 0.000389854 -15189.1 -14987.6 -13173.4
  82 81.5 0.868352 0.000376889 -15717.6 -15391.2 -14120.3
  83 82.5 0.849424 0.000368674 -15802.1 -15616.7 -14798.1
  84 83.5 0.837448 0.000363476 -16236.5 -15917.4 -15109.9
  85 84.5 0.847896 0.00036801 -16067.3 -15949.9 -15000.1
  86 85.5 0.8474 0.000367795 -15755.5 -15772 -15258.8
  87 86.5 0.822696 0.000357073 -15896.1 -15853 -15711.8
  88 87.5 0.83664 0.000363125 -16020 -15968 -15486.8
  89 88.5 0.836176 0.000362924 -15971.5 -15857.4 -15451.8
  90 89.5 0.845376 0.000366917 -15948.5 -15600.4 -15396.3
  91 90.5 0.828344 0.000359524 -15898.3 -15742.4 -15728
  92 91.5 0.817744 0.000354924 -15810.5 -15558.3 -15948.1
  93 92.5 0.823424 0.000357389 -15815.2 -15595.6 -15819.4
  94 93.5 0.834288 0.000362104 -15982.6 -15487.5 -15707.4
  95 94.5 0.839424 0.000364333 -15724.8 -15737.9 -15538.5
  96 95.5 0.842032 0.000365465 -16158.8 -15528.9 -15495.8
  97 96.5 0.841992 0.000365448 -16331 -16211.7 -15584.5
  98 97.5 0.833296 0.000361674 -16266.7 -16138.4 -15794.3
  99 98.5 0.821736 0.000356656 -15901.1 -15485.1 -15828.3
  100 99.5 0.819496 0.000355684 -16003.8 -15505.5 -15947.2
  101 100.5 0.82208 0.000356806 -15506.8 -16149.7 -15881.5
  102 101.5 0.844208 0.00036641 -15661.3 -16089.2 -15438.3
  103 102.5 0.8396 0.00036441 -15715.4 -16327.4 -15688.6
  104 103.5 0.832456 0.000361309 -15768.9 -15965.6 -15560
  105 104.5 0.834024 0.00036199 -15842.4 -15855.2 -15663.7
  106 105.5 0.834632 0.000362253 -15343.3 -15710.4 -15661.7
  107 106.5 0.85892 0.000372795 -15075 -15607.5 -15330.1
  108 107.5 0.84084 0.000364948 -15333.1 -15294.3 -15549.1
  109 108.5 0.83368 0.00036184 -15874.1 -16005.9 -15605
  110 109.5 0.834072 0.00036201 -15916.8 -15988.4 -15740.6
  111 110.5 0.841008 0.000365021 -15702.5 -16027.1 -15485.8
  112 111.5 0.841696 0.000365319 -15753 -15604.4 -15494.2
  113 112.5 0.852336 0.000369937 -15632.8 -15847.1 -15334.9
  114 113.5 0.84868 0.000368351 -15966.1 -15875.9 -15514.4
  115 114.5 0.844288 0.000366444 -16167.7 -16550.4 -15511.4
  116 115.5 0.844224 0.000366417 -15649.3 -16392.5 -15432.5
  117 116.5 0.81552 0.000353958 -15825 -16112.8 -15955
  118 117.5 0.829704 0.000360115 -15636.1 -15814.2 -15799.8
  119 118.5 0.829632 0.000360083 -15824.6 -16301.1 -15732.3
  120 119.5 0.85304 0.000370243 -16199.1 -16484.5 -15379.6
  121 120.5 0.853416 0.000370406 -15730.6 -16144.4 -15349
  122 121.5 0.848536 0.000368288 -15590.4 -16087.5 -15363.5
  123 122.5 0.847576 0.000367872 -15430.1 -16048.7 -15418.7
  124 123.5 0.84148 0.000365226 -15662.3 -15885.5 -15678.3
  125 124.5 0.836456 0.000363045 -15831.7 -15929.8 -15509.7
  126 125.5 0.832568 0.000361358 -15570.5 -16353.5 -15667.1
  127 126.5 0.8412 0.000365104 -15364.2 -16229.8 -15477.3
  128 127.5 0.84268 0.000365747 -15529.4 -16025.3 -15604
  129 128.5 0.855016 0.000371101 -15600.8 -16255.2 -15319.9
  130 129.5 0.851272 0.000369476 -15511.5 -15756.3 -15310.1
  131 130.5 0.85556 0.000371337 -15443.2 -15830.3 -15280.9
  132 131.5 0.857184 0.000372042 -15812 -15921.8 -15332.9
  133 132.5 0.857536 0.000372194 -15831.5 -16031 -15179.2
  134 133.5 0.85356 0.000370469 -15789.6 -16241.7 -15476.1
  135 134.5 0.849904 0.000368882 -15494.4 -15956.2 -15314.7
  136 135.5 0.846296 0.000367316 -16153 -15807.4 -15378.3
  137 136.5 0.836464 0.000363049 -15851.4 -15690.3 -15719.3
  138 137.5 0.835072 0.000362444 -15744.6 -15539.1 -15563.7
  139 138.5 0.82976 0.000360139 -16189.1 -16283.3 -15822.9
  140 139.5 0.842304 0.000365583 -15980.9 -15927 -15524.4
  141 140.5 0.831888 0.000361063 -16044.4 -15413.6 -15632.8
  142 141.5 0.833224 0.000361642 -16404.6 -15622.4 -15705.9
  143 142.5 0.831552 0.000360917 -16369.9 -15669.2 -15848.4
  144 143.5 0.82296 0.000357188 -16298 -15276 -15806.9
  145 144.5 0.826368 0.000358667 -16533.2 -15406.2 -15809.4
  146 145.5 0.826976 0.000358931 -16597.5 -15846.2 -15889.2
  147 146.5 0.8322 0.000361198 -16653 -16360.8 -15624
  148 147.5 0.834304 0.000362111 -16511.7 -15980.5 -15592.2
  149 148.5 0.833696 0.000361847 -16715.6 -16333.2 -15681.6
  150 149.5 0.828408 0.000359552 -16422.3 -16617.5 -15756.3
  151 150.5 0.835104 0.000362458 -16167.9 -16311.2 -15725.2
  152 151.5 0.827144 0.000359003 -16082.3 -15886.6 -15831.9
  153 152.5 0.828392 0.000359545 -16676.6 -15721.8 -15727.5
  154 153.5 0.828088 0.000359413 -16386.3 -15657.3 -15729.6
  155 154.5 0.830688 0.000360542 -16146.5 -16149.1 -15734.7
  156 155.5 0.831008 0.000360681 -16156.4 -16170.1 -15779.7
  157 156.5 0.827288 0.000359066 -15767.3 -16302.2 -15805.7
  158 157.5 0.83136 0.000360833 -15695.8 -16104.8 -15850.9
  159 158.5 0.838512 0.000363938 -15882.7 -16132.8 -15566
  160 159.5 0.831184 0.000360757 -15288 -15954.6 -15549.6
  161 160.5 0.83232 0.00036125 -15969.3 -16499.5 -15738.7
  162 161.5 0.829816 0.000360163 -15875.9 -16247.5 -15855.6
  163 162.5 0.828048 0.000359396 -15781.6 -15856.9 -15704.7
  164 163.5 0.811712 0.000352306 -15831 -15690.6 -16108.3
  165 164.5 0.815472 0.000353937 -15883.9 -15729.8 -15996
  166 165.5 0.820984 0.00035633 -16053.5 -15823.5 -15843.2
  167 166.5 0.819328 0.000355611 -15804.4 -15763.5 -16128.4
  168 167.5 0.817712 0.00035491 -15766.2 -16125.8 -15945.8
  169 168.5 0.836064 0.000362875 -15811.5 -15727.1 -15507.7
  170 169.5 0.824752 0.000357965 -15962 -15604.1 -15902.5
  171 170.5 0.827416 0.000359122 -16277.7 -15405.8 -15796.2
  172 171.5 0.838328 0.000363858 -16566 -16014.2 -15620.1
  173 172.5 0.839704 0.000364455 -16286 -16316 -15560.7
  174 173.5 0.824752 0.000357965 -16245 -16085.4 -15811.1
  175 174.5 0.837952 0.000363694 -16055.8 -16341.6 -15577.8
  176 175.5 0.824752 0.000357965 -16069.4 -16249.9 -15903.9
  177 176.5 0.827064 0.000358969 -16121.6 -16009.1 -15777.9
  178 177.5 0.821136 0.000356396 -16360.8 -16054.7 -15936.3
  179 178.5 0.826176 0.000358583 -15797.6 -16113.6 -15802.5
  180 179.5 0.82784 0.000359306 -15954.3 -16114.5 -15763.3
  181 180.5 0.829848 0.000360177 -15850.9 -16152.2 -15718.6
  182 181.5 0.814888 0.000353684 -15738.2 -16065.8 -16030.3
  183 182.5 0.828408 0.000359552 -15837.7 -16013.3 -15885.8
  184 183.5 0.812664 0.000352719 -15764.1 -16226.1 -16004.2
  185 184.5 0.82476 0.000357969 -15941.5 -16008.3 -15825.1
  186 185.5 0.839744 0.000364472 -16006.5 -16046.7 -15533.5
  187 186.5 0.840712 0.000364892 -15470.1 -15942.7 -15489.2
  188 187.5 0.825 0.000358073 -15707.2 -15388.6 -16000.5
  189 188.5 0.820968 0.000356323 -15748.9 -15353.6 -15951.4
  190 189.5 0.824496 0.000357854 -15774 -15838.4 -15779.1
  191 190.5 0.832768 0.000361444 -15779.5 -15930.8 -15727.8
  192 191.5 0.838408 0.000363892 -15916.8 -16241.5 -15538.1
  193 192.5 0.832664 0.000361399 -15630.8 -16447.9 -15716.8
  194 193.5 0.82308 0.00035724 -15546.8 -15883.8 -15871.3
  195 194.5 0.838216 0.000363809 -15512.5 -16132.8 -15668.5
  196 195.5 0.827864 0.000359316 -15189.6 -16141.5 -15674.2
  197 196.5 0.822408 0.000356948 -15632.9 -15993.3 -15871.7
  198 197.5 0.826976 0.000358931 -15878.8 -16156.5 -15878.8
  199 198.5 0.819256 0.00035558 -15671.9 -16213.2 -15882.7
  200 199.5 0.818136 0.000355094 -15911.7 -16311.6 -15891.2
  201 200.5 0.827912 0.000359337 -16080.1 -15879.3 -15743.2
  202 201.5 0.827752 0.000359267 -15716.1 -15685.1 -15676.1
  203 202.5 0.82392 0.000357604 -15743.2 -16316.6 -15738.8
  204 203.5 0.82144 0.000356528 -15556.4 -15906 -15727.8
  205 204.5 0.832968 0.000361531 -15714.9 -16000.7 -15487.6
  206 205.5 0.845064 0.000366781 -15347.2 -16211 -15026.4
  207 206.5 0.860816 0.000373618 -15892.1 -15381.9 -14401.2
  208 207.5 0.876608 0.000380472 -15709.6 -15007.5 -14103.7
  209 208.5 0.862776 0.000374469 -15517.8 -14759.8 -14045.5
  210 209.5 0.904496 0.000392576 -15174 -14486.8 -12963.8
  211 210.5 0.96136 0.000417257 -14361.2 -13934.9 -11386.8
  212 211.5 1.04377 0.000453024 -13290.4 -13588.3 -9645.98
  213 212.5 1.17056 0.000508056 -12054.9 -12319.8 -7050.39
  214 213.5 1.38903 0.000602878 -10258.6 -10293.1 -4144.8
  215 214.5 1.72352 0.000748056 -8450.85 -8185.52 -914.667
  216 215.5 2.2525 0.000977649 -6012.05 -5950.78 2058.36
  217 216.5 3.06919 0.00133211 -3306.57 -3339.99 4603.81
  218 217.5 4.2736 0.00185486 -724.094 -845.702 6032.29
  219 218.5 5.95401 0.0025842 1496.72 1404.93 6901.01
  220 219.5 8.2057 0.0035615 3612.93 3538.95 7114.26
  221 220.5 11.0764 0.00480745 5351.12 5248.12 6649.97
  222 221.5 14.1929 0.00616012 6679.42 6630.77 5601.7
  223 222.5 17.5846 0.00763219 7479.17 7496.84 4376.12
  224 223.5 20.8407 0.00904542 7962.69 8026.48 3175.87
  225 224.5 23.8238 0.0103402 7775.69 7962.33 1581.54
  226 225.5 26.3326 0.0114291 7532.52 7511.2 436.368
  227 226.5 28.2964 0.0122814 6674.2 6874.05 -744.514
  228 227.5 29.7916 0.0129304 5841.57 5874.8 -1446.09
  229 228.5 30.9371 0.0134276 4810.87 4973.38 -2095.39
  230 229.5 31.8608 0.0138285 4066.49 4089.34 -2244.7
  231 230.5 32.4838 0.0140989 3242.47 3291.39 -2312.1
  232 231.5 32.9628 0.0143068 2666.01 2596.21 -2122.14
  233 232.5 33.4275 0.0145085 2115.54 2037.41 -2074.63
  234 233.5 33.7521 0.0146493 1641.61 1710.38 -1911.29
  235 234.5 33.9002 0.0147136 1391.88 1478.63 -1671.52
  236 235.5 34.1303 0.0148135 961.108 1010.47 -1582.75
  237 236.5 34.3379 0.0149036 781.933 760.594 -1452.29
  238 237.5 34.4128 0.0149361 500.352 460.391 -1275.68
  239 238.5 34.5472 0.0149944 476.122 363.687 -1051.86
  240 239.5 34.6725 0.0150488 175.587 225.591 -925.202
  241 240.5 34.6529 0.0150403 230.68 203.443 -939.624
  242 241.5 34.7296 0.0150736 179.696 87.4824 -780.611
  243 242.5 34.7468 0.0150811 15.0461 13.9435 -832.502
  244 243.5 34.8098 0.0151084 -116.98 -12.2165 -533.735
  245 244.5 34.8115 0.0151092 -433.55 -128.086 -557.019
  246 245.5 34.8252 0.0151151 -392.186 -303.164 -687.201
  247 246.5 34.8749 0.0151367 -400.225 -270.065 -531.576
  248 247.5 34.8321 0.0151181 -441.147 -441.696 -409.053
  249 248.5 34.8497 0.0151257 -352.421 -316.204 -394.622
  250 249.5 34.852 0.0151267 -457.573 -239.792 -507.777
  251 250.5 34.8747 0.0151366 -355.5 -184.112 -381.797
  252 251.5 34.8304 0.0151174 -418.333 -207.323 -480.737
  253 252.5 34.9112 0.0151524 -349.672 -243.635 -378.861
  254 253.5 34.8524 0.0151269 -401.827 -388.222 -390.308
  255 254.5 34.8937 0.0151448 -309.872 -231.434 -308.645
  256 255.5 34.8258 0.0151154 -305.907 -249.923 -477.976
  257 256.5 34.8188 0.0151123 -231.184 -220.932 -346.815
  258 257.5 34.9286 0.01516 -226.593 -347.295 -393.805
  259 258.5 34.8928 0.0151445 -153.117 -347.261 -295.631
  260 259.5 34.799 0.0151038 -330.299 -431.651 -391.895
  261 260.5 34.8459 0.0151241 -446.201 -254.604 -502.549
  262 261.5 34.928 0.0151597 -326.105 -297.519 -360.303
  263 262.5 34.814 0.0151102 -322.261 -172.981 -334.069
  264 263.5 34.7896 0.0150996 -393.869 -442.925 -291.312
  265 264.5 34.9041 0.0151493 -309.546 -477.579 -500.855
  266 265.5 34.8994 0.0151473 -417.926 -512.684 -281.216
  267 266.5 34.8161 0.0151112 -354.826 -388.654 -292.045
  268 267.5 34.7846 0.0150975 -338.557 -276.405 -366.884
  269 268.5 34.8986 0.015147 -321.604 -448.236 -420.918
  270 269.5 34.8465 0.0151244 -264.674 -425.839 -401.647
  271 270.5 34.7556 0.0150849 -228.657 -281.675 -345.338
  272 271.5 34.8441 0.0151233 -296.335 -367.214 -306.479
  273 272.5 34.8936 0.0151448 -274.121 -369.952 -271.561
  274 273.5 34.8338 0.0151189 -241.164 -290.148 -358.872
  275 274.5 34.7925 0.0151009 -409.63 -232.713 -476.242
  276 275.5 34.8259 0.0151154 -243.86 -232.252 -335.765
  277 276.5 34.8875 0.0151421 -395.559 -504.362 -348.437
  278 277.5 34.8624 0.0151313 -283.569 -353.47 -306.185
  279 278.5 34.7798 0.0150954 -248.484 -369.127 -373.402
  280 279.5 34.877 0.0151376 -301.764 -281.5 -430.668
  281 280.5 34.863 0.0151315 -326.103 -162.647 -334.235
  282 281.5 34.847 0.0151246 -293.581 -399.856 -335.159
  283 282.5 34.8934 0.0151447 -323.163 -363.577 -382.795
  284 283.5 34.8437 0.0151231 -316.641 -326.089 -444.538
  285 284.5 34.8602 0.0151303 -264.126 -408.739 -330.13
  286 285.5 34.8408 0.0151219 -205.798 -464.353 -333.159
  287 286.5 34.887 0.0151419 -231.84 -385.09 -398.238
  288 287.5 34.8567 0.0151288 -276.119 -283.055 -371.26
  289 288.5 34.9116 0.0151526 -364.241 -361.049 -311.375
  290 289.5 34.8641 0.015132 -173.347 -283.216 -430.178
  291 290.5 34.8367 0.0151201 -290.805 -363.314 -384.404
  292 291.5 34.9053 0.0151499 -280.14 -128.235 -442.031
  293 292.5 34.8323 0.0151182 -420.563 -365.039 -377.021
  294 293.5 34.8396 0.0151213 -204.041 -204.827 -338.826
  295 294.5 34.898 0.0151467 -412.032 -404.551 -370.119
  296 295.5 34.8215 0.0151135 -365.723 -275.164 -399.08
  297 296.5 34.8092 0.0151082 -402.603 -416.748 -383.963
  298 297.5 34.8187 0.0151123 -411.562 -401.78 -390.192
  299 298.5 34.8584 0.0151295 -411.24 -430.532 -271.686
  300 299.5 34.7914 0.0151004 -364.197 -350.623 -436.209
  301 300.5 34.7947 0.0151019 -380.705 -385.202 -270.26
  302 301.5 34.8642 0.015132 -489.167 -520.269 -353.659
  303 302.5 34.8378 0.0151206 -581.638 -491.167 -410.257
  304 303.5 34.7708 0.0150915 -410.738 -457.653 -330.383
  305 304.5 34.7843 0.0150974 -277.732 -331.11 -371.173
  306 305.5 34.8748 0.0151366 -275.356 -291.137 -218.694
  307 306.5 34.8272 0.015116 -369.739 -436.853 -505.474
  308 307.5 34.7472 0.0150813 -391.434 -528.315 -243.339
  309 308.5 34.8048 0.0151062 -424.374 -458.956 -459.268
  310 309.5 34.8733 0.015136 -414.053 -434.072 -296.637
  311 310.5 34.7434 0.0150796 -478.691 -531.525 -401.968
  312 311.5 34.8543 0.0151277 -326.484 -523.657 -237.039
  313 312.5 34.8453 0.0151238 -419.659 -483.229 -626.572
  314 313.5 34.8147 0.0151106 -273.738 -409.361 -185.151
  315 314.5 34.852 0.0151268 -454.9 -607.982 -376.379
  316 315.5 34.8723 0.0151355 -319.4 -332.223 -305.792
  317 316.5 34.8442 0.0151233 -447.665 -240.792 -380.262
  318 317.5 34.7963 0.0151026 -382.155 -315.587 -398.465
  319 318.5 34.8445 0.0151235 -463.37 -486.711 -455.419
  320 319.5 34.849 0.0151254 -376.185 -332.033 -253.728
  321 320.5 34.8893 0.0151429 -561.977 -347.495 -395.093
  322 321.5 34.8226 0.015114 -481.544 -263.235 -442.932
  323 322.5 34.8169 0.0151115 -417.477 -243.575 -396.268
  324 323.5 34.8838 0.0151405 -415.647 -291.51 -281.477
  325 324.5 34.8772 0.0151377 -329.82 -376.174 -312.581
  326 325.5 34.8452 0.0151238 -430.498 -495.939 -453.037
  327 326.5 34.8555 0.0151283 -391.398 -362.293 -349.365
  328 327.5 34.8595 0.01513 -298.794 -254.799 -241.628
  329 328.5 34.8191 0.0151125 -139.822 -187.97 -415.308
  330 329.5 34.8267 0.0151157 -26.9922 -168.683 -324.87
  331 330.5 34.8551 0.0151281 -163.969 -298.877 -325.936
  332 331.5 34.8583 0.0151295 -459.444 -347.817 -379.659
  333 332.5 34.7875 0.0150987 -425.425 -471.057 -338.067
  334 333.5 34.8843 0.0151407 -398.232 -424.564 -325.428
  335 334.5 34.8816 0.0151396 -339.303 -310.703 -397.335
  336 335.5 34.8432 0.0151229 -337.652 -355.753 -410.48
  337 336.5 34.86 0.0151302 -375.355 -164.899 -362.578
  338 337.5 34.9274 0.0151595 -374.033 -483.543 -307.864
  339 338.5 34.9701 0.015178 -231.54 -219.415 -294.236
  340 339.5 34.7855 0.0150979 11.8128 -196.283 -468.45
  341 340.5 34.862 0.0151311 -390.623 -275.9 -390.338
  342 341.5 35.0729 0.0152226 -273.446 -260.392 -288.203
  343 342.5 34.8995 0.0151474 -302.264 -200.262 -337.482
  344 343.5 34.8141 0.0151103 -256.732 -174.398 -352.859
  345 344.5 34.9633 0.0151751 -394.958 -313.017 -503.064
  346 345.5 34.9652 0.0151759 -419.22 -313.391 -443.592
  347 346.5 34.9483 0.0151685 -351.058 -336.908 -218.626
  348 347.5 34.8816 0.0151396 -447.825 -380.993 -392.198
  349 348.5 34.9512 0.0151698 -501.161 -308.291 -490.122
  350 349.5 35.0144 0.0151972 -243.793 -119.579 -188.314
  351 350.5 34.9048 0.0151497 -325.517 -410.327 -343.049
  352 351.5 34.9011 0.015148 -304.23 -405.432 -541.607
  353 352.5 34.9469 0.0151679 -353.381 -414.155 -299.846
  354 353.5 34.9711 0.0151784 -317.675 -323.626 -402.367
  355 354.5 34.8774 0.0151377 -196.541 -261.769 -342.386
  356 355.5 34.9512 0.0151698 -305.668 -293.009 -456.902
  357 356.5 35.0171 0.0151984 -346.945 -297.002 -362.997
  358 357.5 34.9077 0.0151509 -373.73 -408.075 -345.043
  359 358.5 34.8719 0.0151354 -228.804 -262.337 -396.884
  360 359.5 35.0137 0.0151969 -341.413 -186.441 -411.011
  361 360.5 34.923 0.0151575 -306.918 -152.166 -363.874
  362 361.5 34.8332 0.0151186 -246.86 -301.903 -445.799
  363 362.5 34.9099 0.0151518 -50.3054 -234.631 -463.518
  364 363.5 34.9285 0.01516 -269.388 -324.078 -453.035
  365 364.5 34.8729 0.0151358 -361.802 -523.693 -388.82
  366 365.5 34.8845 0.0151408 -450.808 -332.565 -494.94
  367 366.5 34.9223 0.0151573 -337.468 -293.959 -404.048
  368 367.5 34.8043 0.015106 -282.508 -170.975 -571.938
  369 368.5 34.8244 0.0151148 -302.901 -237.308 -545.184
  370 369.5 34.8373 0.0151203 -166.942 -230.453 -540.942
  371 370.5 34.7331 0.0150751 -61.8786 -56.2274 -622.958
  372 371.5 34.6803 0.0150522 5.31269 -96.7653 -626.869
  373 372.5 34.7193 0.0150691 126.379 61.9734 -549.338
  374 373.5 34.5975 0.0150163 186.82 30.7608 -783.047
  375 374.5 34.5352 0.0149892 459.092 303.065 -587.21
  376 375.5 34.41 0.0149349 455.891 187.296 -778.673
  377 376.5 34.3735 0.014919 450.588 406.814 -628.38
  378 377.5 34.2012 0.0148443 521.536 619.236 -536.943
  379 378.5 34.071 0.0147878 617.922 611.517 -562.553
  380 379.5 33.9977 0.014756 478.963 561.266 -474.698
  381 380.5 33.7698 0.014657 452.058 591.809 -441.43
  382 381.5 33.6311 0.0145968 543.015 485.432 -259.033
  383 382.5 33.4241 0.014507 496.175 488.935 -215.127
  384 383.5 33.296 0.0144514 522.013 470.906 -37.5238
  385 384.5 33.0725 0.0143544 189.227 267.662 87.2888
  386 385.5 33.0056 0.0143254 258.676 265.791 221.996
  387 386.5 32.8971 0.0142783 61.997 64.1323 122.373
  388 387.5 32.7668 0.0142217 22.5373 3.2514 171.753
  389 388.5 32.6603 0.0141755 -69.0594 122.786 178.595
  390 389.5 32.7475 0.0142133 67.9009 53.6912 116.871
  391 390.5 32.7271 0.0142045 -27.3195 -45.5009 59.3764
  392 391.5 32.6575 0.0141743 193.655 60.499 -102.733
  393 392.5 32.7437 0.0142117 -45.762 -117.744 -239.342
  394 393.5 32.8305 0.0142493 41.6285 -95.5954 -79.2962
  395 394.5 32.8041 0.0142379 -26.2406 -95.6205 -329.896
  396 395.5 32.8803 0.014271 -70.0258 -30.3652 -419.307
  397 396.5 32.9216 0.0142889 -265.208 -160.128 -500.616
  398 397.5 32.9756 0.0143123 -39.9855 -41.7849 -430.39
  399 398.5 32.9983 0.0143222 -81.5729 0.975949 -362.065
  400 399.5 33.0513 0.0143452 -38.5736 -54.2724 -564.443
  401 400.5 33.0958 0.0143645 -29.0348 -70.4764 -440.065
  402 401.5 33.0446 0.0143423 -161.351 -275.234 -456.423
  403 402.5 33.1164 0.0143735 -223.347 -516.525 -530.914
  404 403.5 33.2049 0.0144119 -434.886 -397.741 -529.286
  405 404.5 33.1426 0.0143848 -342.076 -401.172 -435.579
  406 405.5 33.1246 0.014377 -263.118 -325.345 -358.907
  407 406.5 33.2352 0.014425 -213.141 -204.242 -473.037
  408 407.5 33.198 0.0144089 -343.461 -355.387 -420.589
  409 408.5 33.0996 0.0143662 -408.851 -487.704 -412.155
  410 409.5 33.2156 0.0144165 -445.459 -487.747 -412.22
  411 410.5 33.2737 0.0144417 -275.805 -322.405 -426.464
  412 411.5 33.0776 0.0143566 -314.886 -401.581 -383.254
  413 412.5 33.1773 0.0143999 -327.243 -345.3 -339.168
  414 413.5 33.2137 0.0144157 -202.711 -257.892 -500.521
  415 414.5 33.2161 0.0144167 -434.442 -371.961 -420.257
  416 415.5 33.1765 0.0143995 -408.437 -427.089 -262.883
  417 416.5 33.229 0.0144223 -388.309 -391.171 -379.969
  418 417.5 33.2858 0.014447 -400.839 -303.541 -508.002
  419 418.5 33.2191 0.014418 -419.051 -410.793 -387.397
  420 419.5 33.1516 0.0143887 -367.766 -291.658 -350.384
  421 420.5 33.287 0.0144475 -109.992 -275.754 -416.738
  422 421.5 33.2718 0.0144409 -158.589 -275.66 -336.63
  423 422.5 33.1162 0.0143733 -336.125 -222.601 -418.358
  424 423.5 33.2631 0.0144371 -267.638 -103.306 -394.194
  425 424.5 33.2731 0.0144415 -589.016 -223.126 -437.106
  426 425.5 33.198 0.0144089 -487.334 -443.921 -266.438
  427 426.5 33.2197 0.0144183 -408.038 -605.832 -457.065
  428 427.5 33.2154 0.0144164 -480.682 -456.033 -389.982
  429 428.5 33.2473 0.0144302 -343.317 -374.86 -356.922
  430 429.5 33.1967 0.0144083 -475.053 -580.831 -411.835
  431 430.5 33.1655 0.0143948 -411.002 -449.091 -436.716
  432 431.5 33.3076 0.0144564 -228.907 -431.575 -302.238
  433 432.5 33.2435 0.0144286 -527.943 -560.068 -398.324
  434 433.5 33.2165 0.0144169 -518.486 -441.332 -385.993
  435 434.5 33.2148 0.0144161 -455.499 -579.629 -494.567
  436 435.5 33.3293 0.0144658 -315.446 -492.841 -287.021
  437 436.5 33.2131 0.0144154 -413.422 -391.589 -429.937
  438 437.5 33.2313 0.0144233 -276.685 -272.191 -417.287
  439 438.5 33.2277 0.0144218 -191.873 -242.639 -272.54
  440 439.5 33.2883 0.014448 -294.84 -326.84 -500.535
  441 440.5 33.2357 0.0144252 -432.406 -443.436 -368.506
  442 441.5 33.2974 0.014452 -417.724 -216.965 -275.818
  443 442.5 33.2245 0.0144204 -349.452 -265.5 -485.297
  444 443.5 33.2382 0.0144263 -369.428 -352.336 -447.822
  445 444.5 33.2404 0.0144273 -413.465 -358.636 -458.767
  446 445.5 33.2279 0.0144218 -422.362 -354.879 -279.87
  447 446.5 33.2835 0.0144459 -423.013 -424.744 -346.705
  448 447.5 33.2368 0.0144257 -307.763 -288.47 -490.948
  449 448.5 33.1941 0.0144072 -264.81 -259.594 -367.722
  450 449.5 33.2273 0.0144216 -287.677 -234.911 -367.982
  451 450.5 33.2592 0.0144354 -221.064 -233.493 -321.92
  452 451.5 33.2459 0.0144296 -345.462 -345.006 -426.646
  453 452.5 33.1641 0.0143942 -380.575 -418.975 -524.595
  454 453.5 33.2349 0.0144249 -355.151 -524.42 -256.974
  455 454.5 33.2773 0.0144433 -322.974 -394.74 -331.098
  456 455.5 33.2232 0.0144198 -433.19 -215.102 -393.614
  457 456.5 33.1348 0.0143814 -534.748 -265.448 -405.223
  458 457.5 33.2158 0.0144166 -447.688 -377.008 -393.726
  459 458.5 33.2651 0.014438 -454.146 -622.257 -412.111
  460 459.5 33.166 0.014395 -334.332 -392.715 -458.001
  461 460.5 33.1287 0.0143788 -140.895 -387.016 -288.25
  462 461.5 33.2469 0.0144301 -225.761 -302.54 -433.059
  463 462.5 33.2186 0.0144178 -289.552 -232.971 -322.759
  464 463.5 33.1896 0.0144052 -341.838 -286.028 -386.725
  465 464.5 33.1741 0.0143985 -363.14 -223.432 -441.538
  466 465.5 33.2394 0.0144268 -315.587 -299.89 -268
  467 466.5 33.1376 0.0143826 -350.988 -401.388 -396.448
  468 467.5 33.2422 0.014428 -387.117 -431.949 -507.519
  469 468.5 33.1703 0.0143968 -342.635 -261.412 -383.348
  470 469.5 33.1748 0.0143988 -402.168 -419.95 -352.486
  471 470.5 33.2458 0.0144296 -316.828 -354.746 -290.724
  472 471.5 33.1243 0.0143769 -428.063 -359.002 -552.434
  473 472.5 33.1456 0.0143861 -220.913 -142.412 -329.191
  474 473.5 33.2444 0.014429 -458.314 -373.768 -398.767
  475 474.5 33.203 0.014411 -362.43 -432.174 -398.419
  476 475.5 33.1207 0.0143753 -228.979 -414.171 -375.031
  477 476.5 33.1861 0.0144037 -243.229 -254.91 -336.095
  478 477.5 33.241 0.0144275 -253.33 -269.71 -363.524
  479 478.5 33.1204 0.0143752 -312.253 -300.473 -411.967
  480 479.5 33.1294 0.0143791 -419.511 -418.528 -378.568
67500000 480 11131
  1 0.5 33.2569 0.0144344 -413.213 -401.76 -385.69
  2 1.5 33.2892 0.0144485 -317.832 -441.866 -349.333
  3 2.5 33.1818 0.0144018 -468.567 -638.08 -422.215
  4 3.5 33.2673 0.0144389 -559.439 -486.587 -400.787
  5 4.5 33.2234 0.0144199 -276.387 -424.828 -393.658
  6 5.5 33.2203 0.0144185 -344.448 -327.518 -254.39
  7 6.5 33.1776 0.0144 -333.791 -541.04 -502.723
  8 7.5 33.2197 0.0144183 -276.244 -348.262 -407.697
  9 8.5 33.1969 0.0144084 -379.637 -415.988 -334.485
  10 9.5 33.2062 0.0144124 -382.341 -264.514 -408.499
  11 10.5 33.2252 0.0144206 -377.856 -365.369 -374.954
  12 11.5 33.1611 0.0143928 -238.666 -239.858 -371.569
  13 12.5 33.2107 0.0144144 -304.785 -334.067 -388.235
  14 13.5 33.2223 0.0144194 -330.197 -172.075 -369.057
  15 14.5 33.175 0.0143989 -368.545 -375.548 -452.956
  16 15.5 33.1533 0.0143894 -289.206 -216.063 -309.432
  17 16.5 33.2127 0.0144153 -441.575 -363.494 -392.545
  18 17.5 33.18 0.014401 -372.418 -396.22 -386.386
  19 18.5 33.1572 0.0143912 -464.888 -425.025 -283.061
  20 19.5 33.1478 0.0143871 -366.778 -453.888 -461.568
  21 20.5 33.2299 0.0144227 -518.256 -466.81 -413.519
  22 21.5 33.1493 0.0143877 -401.058 -432.977 -328.209
  23 22.5 33.1665 0.0143952 -473.21 -300.838 -374.866
  24 23.5 33.2275 0.0144217 -363.27 -429.83 -361.543
  25 24.5 33.179 0.0144006 -278.063 -238.729 -394.257
  26 25.5 33.1862 0.0144037 -356.268 -338.366 -399.363
  27 26.5 33.2619 0.0144366 -454.271 -310.37 -407.537
  28 27.5 33.1198 0.0143749 -442.596 -393.955 -462.801
  29 28.5 33.1984 0.014409 -483.082 -474.583 -271.12
  30 29.5 33.2647 0.0144378 -394.902 -501.094 -392.927
  31 30.5 33.186 0.0144037 -337.564 -468.682 -315.985
  32 31.5 33.1479 0.0143871 -315.611 -398.401 -478.928
  33 32.5 33.212 0.0144149 -303.712 -385.832 -496.309
  34 33.5 33.2034 0.0144112 -246.137 -197.436 -255.764
  35 34.5 33.2064 0.0144125 -317.932 -304.21 -417.796
  36 35.5 33.1907 0.0144057 -502.135 -327.599 -361.134
  37 36.5 33.2207 0.0144187 -299.902 -498.66 -428.704
  38 37.5 33.1861 0.0144037 -298.542 -317.639 -416.709
  39 38.5 33.2002 0.0144098 -428.827 -248.824 -404.106
  40 39.5 33.1857 0.0144035 -174.468 -355.679 -306.083
  41 40.5 33.2038 0.0144114 -247.445 -432.562 -452.418
  42 41.5 33.2357 0.0144252 -369.517 -300.657 -449.896
  43 42.5 33.1501 0.0143881 -396.975 -339.712 -359.119
  44 43.5 33.1826 0.0144022 -360.678 -317.441 -496.54
  45 44.5 33.2454 0.0144294 -425.032 -308.504 -528.053
  46 45.5 33.2287 0.0144222 -242.741 -298.892 -317.156
  47 46.5 33.0811 0.0143581 -223.987 -192.607 -598.849
  48 47.5 33.2025 0.0144108 -227.868 -479.398 -734.858
  49 48.5 33.1628 0.0143936 -62.9849 -275.021 -525.189
  50 49.5 33.1138 0.0143723 -28.3098 -194.083 -591.669
  51 50.5 33.0458 0.0143428 -127.753 -119.175 -949.181
  52 51.5 33.0527 0.0143458 26.9499 87.4629 -976.846
  53 52.5 33.037 0.014339 100.292 139.486 -899.004
  54 53.5 32.9236 0.0142898 116.445 55.5421 -1181.87
  55 54.5 32.8427 0.0142547 354.275 313.695 -1522.75
  56 55.5 32.7379 0.0142091 789.303 682.114 -1623.56
  57 56.5 32.5609 0.0141324 937.531 994.932 -1855.27
  58 57.5 32.3294 0.0140319 1508.66 1364.01 -2175.93
  59 58.5 32.0615 0.0139156 2201 2134.43 -2243.57
  60 59.5 31.6252 0.0137262 2791.46 2678.14 -2495.05
  61 60.5 31.0556 0.013479 3540.72 3355.73 -2410.99
  62 61.5 30.1996 0.0131075 4496.92 4228.81 -2438.59
  63 62.5 29.0761 0.0126198 5403.45 5357.61 -1927.6
  64 63.5 27.7434 0.0120414 6464.96 6294.77 -961.794
  65 64.5 25.7202 0.0111633 6996.67 6993.46 29.3131
  66 65.5 23.2789 0.0101037 7415.23 7450.12 1148.37
  67 66.5 20.4226 0.00886399 7672.15 7590.09 2585.38
  68 67.5 17.2335 0.00747981 7363.14 7242.78 4079.55
  69 68.5 13.9509 0.00605509 6534.49 6674.09 5356.62
  70 69.5 10.8863 0.00472494 5345.3 5365.63 6392.08
  71 70.5 8.1543 0.00353919 3556.47 3638.86 6882.55
  72 71.5 5.90612 0.00256342 1398.19 1548.52 6873.06
  73 72.5 4.2511 0.0018451 -1115 -1071.23 5940.69
  74 73.5 3.06703 0.00133118 -3602.4 -3813.49 4486.56
  75 74.5 2.25488 0.000978681 -6010.63 -6347.78 2182.57
  76 75.5 1.72282 0.00074775 -8273.17 -8536.33 -1101.23
  77 76.5 1.39313 0.000604656 -10390.8 -10720.9 -4194.89
  78 77.5 1.17278 0.000509017 -11871.1 -12396.7 -7205.67
  79 78.5 1.05463 0.00045774 -13248.9 -13533.5 -9365.2
  80 79.5 0.970856 0.000421378 -13828.5 -13878.2 -11420.5
  81 80.5 0.910504 0.000395184 -14695.2 -14423.9 -12786.9
  82 81.5 0.876656 0.000380493 -14986.9 -15006.9 -13771.2
  83 82.5 0.853576 0.000370476 -15036.8 -15665.7 -14432.7
  84 83.5 0.847624 0.000367892 -15417.9 -15702.1 -14710.9
  85 84.5 0.832704 0.000361417 -15755.4 -15773.5 -15240.7
  86 85.5 0.829096 0.000359851 -15948.1 -15981.4 -15412.1
  87 86.5 0.814832 0.00035366 -15572.2 -16038.7 -15860.1
  88 87.5 0.821464 0.000356538 -15499.4 -16075.1 -15765.3
  89 88.5 0.821008 0.00035634 -15125.7 -15808.7 -15693.1
  90 89.5 0.82012 0.000355955 -15621.4 -16023.9 -15849.5
  91 90.5 0.822664 0.000357059 -15530 -15958.5 -15769.5
  92 91.5 0.823408 0.000357382 -15848.7 -16402.7 -15790.6
  93 92.5 0.8254 0.000358247 -15854.4 -16376.4 -15800.4
  94 93.5 0.80768 0.000350556 -15668.6 -15936.2 -15992.1
  95 94.5 0.810936 0.000351969 -15605.7 -15924.6 -16131.3
  96 95.5 0.814904 0.000353691 -15155 -16035.8 -16102.8
  97 96.5 0.818984 0.000355462 -15387.7 -16153.5 -15901.5
  98 97.5 0.815192 0.000353816 -15580.7 -16173.5 -15930.2
  99 98.5 0.80836 0.000350851 -15473.2 -16488.1 -16162.4
  100 99.5 0.809896 0.000351517 -15274.6 -16097.1 -15954
  101 100.5 0.812168 0.000352503 -15524.6 -16004.1 -16131.3
  102 101.5 0.813112 0.000352913 -15387.6 -15699.5 -16062.7
  103 102.5 0.82036 0.000356059 -15764.4 -15629.7 -15909.5
  104 103.5 0.811552 0.000352236 -15310.5 -16079.6 -15969.2
  105 104.5 0.812832 0.000352792 -15388 -16355.1 -16060.3
  106 105.5 0.809672 0.00035142 -15421.1 -16405.3 -16037.1
  107 106.5 0.818488 0.000355247 -15758.7 -16055.9 -16043.9
  108 107.5 0.821072 0.000356368 -15626.5 -15916.8 -15808.9
  109 108.5 0.837928 0.000363684 -15805.3 -15717.5 -15584.8
  110 109.5 0.819856 0.00035584 -15694.3 -15500.7 -15856.3
  111 110.5 0.833256 0.000361656 -15433.7 -15529.8 -15574.7
  112 111.5 0.82816 0.000359444 -15706.5 -15491.5 -15809.6
  113 112.5 0.823664 0.000357493 -15897.8 -15377.4 -15886.4
  114 113.5 0.8346 0.00036224 -15912.6 -15820.7 -15565
  115 114.5 0.847528 0.000367851 -16106.4 -15591.6 -15389.8
  116 115.5 0.832552 0.000361351 -15883.3 -15228.2 -15667.9
  117 116.5 0.823776 0.000357542 -15710.5 -15187.5 -15819.3
  118 117.5 0.82516 0.000358142 -15841.9 -15418.5 -15940.1
  119 118.5 0.825432 0.00035826 -15403.1 -15938.9 -15698.9
  120 119.5 0.823688 0.000357503 -15755.5 -15683.8 -15630.6
  121 120.5 0.825928 0.000358476 -15870.6 -15165.5 -15822.2
  122 121.5 0.823056 0.000357229 -15478.7 -15305.1 -15885.9
  123 122.5 0.831216 0.000360771 -15714.9 -15997.3 -15768.3
  124 123.5 0.840152 0.000364649 -15859.7 -16136.1 -15517.3
  125 124.5 0.835288 0.000362538 -15789.3 -16388.5 -15503.1
  126 125.5 0.82888 0.000359757 -15416.2 -16196.8 -15740.4
  127 126.5 0.828568 0.000359622 -15500.9 -16263.5 -15713.6
  128 127.5 0.834032 0.000361993 -15161.9 -16501.6 -15707.6
  129 128.5 0.842456 0.000365649 -15294.6 -16046.7 -15406.3
  130 129.5 0.845928 0.000367156 -15286.7 -15869.1 -15451.6
  131 130.5 0.84872 0.000368368 -15409 -15786.4 -15378.1
  132 131.5 0.853096 0.000370267 -15306.1 -16011.8 -15238
  133 132.5 0.841736 0.000365337 -15446.5 -15741.8 -15479
  134 133.5 0.844952 0.000366733 -15679.5 -15668.9 -15410.4
  135 134.5 0.838944 0.000364125 -15621.9 -15542.6 -15616.9
  136 135.5 0.830304 0.000360375 -15567.9 -15435.1 -15727.1
  137 136.5 0.829864 0.000360184 -15321.8 -15338.7 -15735.7
  138 137.5 0.824976 0.000358063 -15531 -15741.1 -15657.6
  139 138.5 0.83768 0.000363576 -15671.6 -15192.3 -15590.9
  140 139.5 0.850728 0.00036924 -16372.7 -14750.6 -15290.5
  141 140.5 0.843104 0.000365931 -16338.2 -14875.1 -15396.6
  142 141.5 0.848888 0.000368441 -16015.6 -14870.8 -15615.5
  143 142.5 0.844456 0.000366517 -15792.9 -15036.3 -15397.7
  144 143.5 0.852328 0.000369934 -16113.5 -15245.2 -15248.5
  145 144.5 0.841024 0.000365028 -15742.6 -15147.1 -15471.2
  146 145.5 0.836176 0.000362924 -15562.2 -15145.9 -15608.9
  147 146.5 0.830104 0.000360288 -15433.7 -15481 -15685.5
  148 147.5 0.84436 0.000366476 -15573 -15960.7 -15428.8
  149 148.5 0.852184 0.000369872 -15870.1 -15909.4 -15286.7
  150 149.5 0.852656 0.000370076 -15620.8 -16252.7 -15360.1
  151 150.5 0.840056 0.000364608 -15570 -16134.6 -15483.4
  152 151.5 0.836048 0.000362868 -15543.5 -15919.7 -15548.2
  153 152.5 0.844888 0.000366705 -16052.3 -16029 -15549.8
  154 153.5 0.848736 0.000368375 -15820.7 -15642.2 -15304.6
  155 154.5 0.8568 0.000371875 -15501.3 -15219.7 -15172.6
  156 155.5 0.852704 0.000370097 -15474.5 -15146.7 -15372.4
  157 156.5 0.865392 0.000375604 -15083.2 -14998 -15026.9
  158 157.5 0.860008 0.000373267 -15031.6 -15268.5 -15181.5
  159 158.5 0.859496 0.000373045 -15277.1 -15132.2 -15288.2
  160 159.5 0.863784 0.000374906 -15239.6 -14792.1 -15077.8
  161 160.5 0.854936 0.000371066 -15069.1 -15122 -15228.1
  162 161.5 0.851104 0.000369403 -15277.6 -14896.5 -15246.4
  163 162.5 0.853312 0.000370361 -15259.2 -15282.5 -15318.4
  164 163.5 0.857624 0.000372233 -14918.8 -15680.3 -15218.8
  165 164.5 0.852952 0.000370205 -15550.5 -15477.5 -15211.6
  166 165.5 0.85896 0.000372812 -15434.6 -15124.5 -15197.8
  167 166.5 0.843872 0.000366264 -15342 -15247.3 -15474
  168 167.5 0.842872 0.00036583 -15896.6 -15264.6 -15557.8
  169 168.5 0.836664 0.000363135 -15398.6 -15262.8 -15518.8
  170 169.5 0.844 0.000366319 -15110.6 -14883.2 -15496.4
  171 170.5 0.849952 0.000368903 -15273.4 -15526.4 -15338.4
  172 171.5 0.845752 0.00036708 -15324.9 -15798.5 -15419.8
  173 172.5 0.833232 0.000361646 -15568.2 -15612.5 -15708.6
  174 173.5 0.8292 0.000359896 -15890.8 -15813.6 -15804.2
  175 174.5 0.828624 0.000359646 -15840.7 -16048.2 -15638.3
  176 175.5 0.837112 0.00036333 -15561.1 -16117.8 -15562.3
  177 176.5 0.8178 0.000354948 -15822.8 -15887 -15877.6
  178 177.5 0.818912 0.000355431 -15599.2 -16029.2 -15898.6
  179 178.5 0.81788 0.000354983 -15371.7 -15694.7 -15998.3
  180 179.5 0.830672 0.000360535 -15425.2 -15917.5 -15664.6
  181 180.5 0.832448 0.000361306 -15573.3 -15762.9 -15745.1
  182 181.5 0.840856 0.000364955 -15652.7 -15520.5 -15512.2
  183 182.5 0.849184 0.000368569 -15625.2 -15368.8 -15280
  184 183.5 0.847784 0.000367962 -15557 -15564 -15480.2
  185 184.5 0.845936 0.00036716 -15576.5 -15566.1 -15440.9
  186 185.5 0.831224 0.000360774 -15662.4 -15685.9 -15647.4
  187 186.5 0.829488 0.000360021 -15650.7 -15598 -15686.6
  188 187.5 0.828152 0.000359441 -15738.3 -15833.1 -15747.1
  189 188.5 0.833192 0.000361628 -15413.6 -15505.7 -15674.8
  190 189.5 0.83416 0.000362049 -15757.8 -15250.6 -15628.3
  191 190.5 0.84344 0.000366076 -16104.1 -14856.5 -15400.8
  192 191.5 0.838752 0.000364042 -15767.6 -15108.6 -15557.4
  193 192.5 0.829328 0.000359951 -15761.6 -15285.9 -15815.4
  194 193.5 0.831432 0.000360865 -16045.5 -15198.4 -15684.5
  195 194.5 0.832328 0.000361253 -15809.7 -15374.6 -15699.3
  196 195.5 0.835832 0.000362774 -15841.6 -15276 -15613.5
  197 196.5 0.8372 0.000363368 -15560.6 -15100.6 -15562.2
  198 197.5 0.828056 0.000359399 -15052.8 -15156.4 -15688.3
  199 198.5 0.817064 0.000354628 -14899.3 -15408.6 -16022.2
  200 199.5 0.82176 0.000356667 -15055.6 -15420.3 -15838.8
  201 200.5 0.827152 0.000359007 -15599 -15607.1 -15678.9
  202 201.5 0.8342 0.000362066 -15553.8 -15391 -15373.2
  203 202.5 0.840336 0.000364729 -15505.8 -15499.1 -15424.5
  204 203.5 0.832024 0.000361122 -15092 -15462.9 -15612.2
  205 204.5 0.840304 0.000364715 -15286 -15412.8 -15191
  206 205.5 0.841816 0.000365372 -15384.8 -15591.4 -15167.1
  207 206.5 0.853608 0.00037049 -15733.8 -14870.9 -14842.7
  208 207.5 0.870232 0.000377705 -15419.9 -14809 -14202.4
  209 208.5 0.885232 0.000384215 -15264.7 -14892.2 -13794
  210 209.5 0.91216 0.000395903 -15189.8 -14901 -13050.8
  211 210.5 0.947624 0.000411295 -14899.1 -14301 -12070.7
  212 211.5 1.01259 0.000439493 -14056.6 -13855.2 -10531.8
  213 212.5 1.13794 0.000493899 -12996.7 -13275.1 -8017.13
  214 213.5 1.28638 0.000558326 -11619.5 -11448.1 -5644.34
  215 214.5 1.54109 0.000668875 -10238.1 -9830 -2589.87
  216 215.5 1.9451 0.000844226 -7802.32 -7719.66 348.268
  217 216.5 2.5957 0.00112661 -5091.32 -5129.41 3154.2
  218 217.5 3.58824 0.0015574 -2585.24 -2270.14 5502.73
  219 218.5 4.99618 0.00216848 46.9426 34.6348 6648.29
  220 219.5 6.94545 0.00301452 2571.44 2498.62 7045.88
  221 220.5 9.48623 0.00411729 4572.4 4480.5 7015.56
  222 221.5 12.4558 0.00540615 5988.9 5841.71 6021.8
  223 222.5 15.8345 0.00687263 7110.74 7048.47 5195.16
  224 223.5 19.1879 0.00832808 7923.13 7801.51 3789.95
  225 224.5 22.3331 0.00969317 7912.28 7828.86 2336.33
  226 225.5 24.9158 0.0108142 7584.09 7548.57 882.614
  227 226.5 27.2273 0.0118174 7145.43 6980.88 -239.978
  228 227.5 29.0368 0.0126028 6394.45 6358.98 -1061.13
  229 228.5 30.2954 0.013149 5314.1 5236.74 -1744.55
  230 229.5 31.2695 0.0135718 4252.94 4413.25 -2201.2
  231 230.5 32.1194 0.0139407 3616.75 3511.22 -2200.68
  232 231.5 32.721 0.0142018 2912.25 2878.27 -2181.2
  233 232.5 33.0743 0.0143552 2350.3 2416.66 -2100.76
  234 233.5 33.4476 0.0145172 1806.99 1862.8 -2083.02
  235 234.5 33.7658 0.0146553 1431.19 1537.8 -1818.31
  236 235.5 34.049 0.0147782 944.233 988.037 -1486.86
  237 236.5 34.1415 0.0148183 900.276 965.804 -1403.47
  238 237.5 34.3097 0.0148913 672.962 587.822 -1345.33
  239 238.5 34.4517 0.014953 446.55 434.63 -1263.86
  240 239.5 34.455 0.0149544 196.359 168.393 -927.304
  241 240.5 34.6221 0.0150269 -125.566 25.6252 -936.323
  242 241.5 34.6732 0.0150491 20.1293 64.9786 -930.433
  243 242.5 34.642 0.0150356 60.352 67.2353 -773.812
  244 243.5 34.7011 0.0150613 -120.644 -98.8264 -681.824
  245 244.5 34.7888 0.0150993 -113.052 -102.695 -543.577
  246 245.5 34.815 0.0151107 -330.99 -373.565 -530.929
  247 246.5 34.8077 0.0151075 -308.676 -202.282 -548.642
  248 247.5 34.8453 0.0151238 -517.598 -450.625 -617.163
  249 248.5 34.7748 0.0150932 -388.511 -188.362 -422.29
  250 249.5 34.8861 0.0151415 -212.16 -41.209 -453.134
  251 250.5 34.8569 0.0151289 -205.574 -113.14 -408.177
  252 251.5 34.8501 0.0151259 -396.325 -426.663 -387.224
  253 252.5 34.8546 0.0151279 -328.475 -309.575 -503.476
  254 253.5 34.8877 0.0151422 -368.383 -222.309 -466.884
  255 254.5 34.8401 0.0151216 -176.782 -275.63 -336.213
  256 255.5 34.8895 0.015143 -248.822 -351.875 -366.064
  257 256.5 34.8974 0.0151464 -431.243 -507.378 -447.95
  258 257.5 34.8394 0.0151212 -290.571 -447.25 -347.983
  259 258.5 34.9031 0.0151489 -447.103 -476.054 -536.883
  260 259.5 34.8823 0.0151399 -462.084 -315.797 -273.804
  261 260.5 34.8699 0.0151345 -422.09 -355.367 -391.061
  262 261.5 34.8546 0.0151279 -379.217 -328.991 -332.036
  263 262.5 34.8755 0.0151369 -402.922 -456.654 -426.396
  264 263.5 34.8039 0.0151059 -421.98 -414.278 -411.912
  265 264.5 34.8638 0.0151319 -577.964 -420.023 -323.809
  266 265.5 34.9073 0.0151507 -502.892 -443.067 -350.703
  267 266.5 34.8201 0.0151129 -433.642 -620.683 -441.442
  268 267.5 34.7368 0.0150767 -310.123 -243.962 -300.639
  269 268.5 34.8809 0.0151393 -240.902 -383.669 -308.04
  270 269.5 34.8634 0.0151317 -518.085 -489.801 -416.3
  271 270.5 34.7599 0.0150867 -348.729 -428.641 -385.315
  272 271.5 34.7917 0.0151006 -312.464 -349.14 -316.398
  273 272.5 34.8325 0.0151183 -245.717 -334.776 -342.927
  274 273.5 34.8452 0.0151238 -397.196 -382.698 -330.901
  275 274.5 34.7509 0.0150829 -264.159 -512.327 -365.412
  276 275.5 34.7554 0.0150848 -275.925 -365.177 -374.514
  277 276.5 34.8318 0.015118 -330.311 -390.871 -308.83
  278 277.5 34.7595 0.0150866 -384.792 -460.979 -373.889
  279 278.5 34.7591 0.0150864 -183.919 -315.325 -448.309
  280 279.5 34.7492 0.0150821 -264.59 -336.735 -316.099
  281 280.5 34.8048 0.0151062 -262.197 -451.53 -261.53
  282 281.5 34.7771 0.0150942 -191.598 -381.866 -249.505
  283 282.5 34.803 0.0151055 -237.14 -435.029 -448.596
  284 283.5 34.777 0.0150942 -262.747 -417.848 -345.01
  285 284.5 34.7613 0.0150874 -327.514 -395.838 -292.435
  286 285.5 34.7978 0.0151032 -119.981 -440.862 -379.068
  287 286.5 34.7871 0.0150986 -252.365 -327.921 -398.136
  288 287.5 34.7584 0.0150861 -429.947 -406.863 -325.405
  289 288.5 34.902 0.0151485 -293.559 -354.819 -362.491
  290 289.5 34.7476 0.0150814 -304.37 -360.981 -324.965
  291 290.5 34.7787 0.0150949 -384.921 -357.991 -291.018
  292 291.5 34.8844 0.0151408 -372.742 -357.607 -322.011
  293 292.5 34.8077 0.0151075 -212.443 -252.291 -417.133
  294 293.5 34.7417 0.0150788 -359.879 -406.318 -388.703
  295 294.5 34.832 0.0151181 -486.224 -544.201 -361.033
  296 295.5 34.9148 0.015154 -290.48 -321.073 -364.368
  297 296.5 34.8002 0.0151042 -436.865 -344.144 -314.465
  298 297.5 34.8333 0.0151186 -281.417 -492.798 -436.751
  299 298.5 34.8978 0.0151466 -267.472 -307.568 -380.993
  300 299.5 34.8279 0.0151163 -234.941 -158.332 -159.326
  301 300.5 34.9261 0.0151589 -223.839 -329.346 -440.943
  302 301.5 34.8293 0.0151169 -434.538 -446.851 -528.916
  303 302.5 34.8792 0.0151385 -438.104 -448.88 -370.164
  304 303.5 34.9178 0.0151553 -547.166 -407.704 -249.365
  305 304.5 34.9647 0.0151756 -374.038 -402.405 -353.33
  306 305.5 34.8723 0.0151356 -349.212 -357.907 -441.998
  307 306.5 34.8209 0.0151132 -363.988 -153.187 -444.535
  308 307.5 34.9908 0.015187 -297.182 -253.579 -300.157
  309 308.5 34.9453 0.0151672 -424.082 -290.496 -229.009
  310 309.5 34.8603 0.0151303 -522.034 -547.669 -526.988
  311 310.5 34.9496 0.0151691 -368.05 -305.219 -320.058
  312 311.5 34.9368 0.0151636 -337.233 -264.627 -423.323
  313 312.5 34.9109 0.0151523 -397.406 -445.838 -305.818
  314 313.5 34.916 0.0151545 -488.441 -553.816 -370.499
  315 314.5 34.9659 0.0151762 -470.907 -500.439 -414.281
  316 315.5 34.9119 0.0151527 -453.885 -517.965 -366.955
  317 316.5 34.8971 0.0151463 -453.4 -594.05 -434.889
  318 317.5 34.9896 0.0151865 -377.497 -354.262 -267.883
  319 318.5 34.9289 0.0151601 -441.869 -259.019 -401.742
  320 319.5 34.9074 0.0151508 -243.075 -260.266 -312.497
  321 320.5 34.9001 0.0151476 -399.488 -367.767 -359.466
  322 321.5 34.9682 0.0151772 -342.902 -307.929 -435.071
  323 322.5 34.9428 0.0151662 -383.924 -525.307 -324.356
  324 323.5 34.8833 0.0151403 -438.218 -432.058 -333.462
  325 324.5 34.8979 0.0151467 -415.828 -468.283 -396.933
  326 325.5 34.9677 0.015177 -400.457 -269.945 -340.456
  327 326.5 34.9811 0.0151828 -446.013 -351.96 -335.309
  328 327.5 34.878 0.015138 -382.107 -365.941 -388.023
  329 328.5 34.8696 0.0151344 -465.339 -188.479 -307.464
  330 329.5 34.9672 0.0151767 -428.765 -305.181 -404.962
  331 330.5 34.9562 0.0151719 -461.979 -309.473 -370.103
  332 331.5 34.9042 0.0151494 -341.344 -143.413 -314.522
  333 332.5 34.9434 0.0151664 -365.788 -376.785 -394.609
  334 333.5 34.9681 0.0151771 -349.005 -294.48 -324.748
  335 334.5 34.9554 0.0151716 -400.954 -401.599 -373.288
  336 335.5 34.9238 0.0151579 -336.213 -291.43 -386.66
  337 336.5 34.9382 0.0151642 -385.297 -521.401 -406.505
  338 337.5 34.9913 0.0151872 -504.953 -403.427 -327.335
  339 338.5 34.9227 0.0151574 -163.453 -267.349 -298.096
  340 339.5 34.9139 0.0151536 -441.261 -465.784 -481.616
  341 340.5 34.8674 0.0151334 -375.562 -394.141 -363.013
  342 341.5 34.9601 0.0151736 -257.513 -215.615 -342.269
  343 342.5 34.9225 0.0151574 -411.796 -393.928 -409.573
  344 343.5 34.9356 0.015163 -393.531 -300.812 -342.898
  345 344.5 34.8726 0.0151357 -301.96 -282.793 -286.54
  346 345.5 35.0114 0.0151959 -357.485 -303.008 -352.128
  347 346.5 34.881 0.0151393 -280.863 -360.157 -371.321
  348 347.5 34.8779 0.015138 -539.276 -539.293 -455.877
  349 348.5 34.9814 0.0151829 -392.409 -346.845 -352.432
  350 349.5 34.9129 0.0151532 -400.017 -477.203 -309.094
  351 350.5 34.8322 0.0151182 -533.125 -646.592 -454.51
  352 351.5 34.9199 0.0151562 -468.488 -380.807 -348.096
  353 352.5 34.9027 0.0151487 -331.513 -399.795 -470.075
  354 353.5 34.846 0.0151241 -347.798 -314.92 -284.869
  355 354.5 34.8685 0.0151339 -431.297 -380.93 -225.806
  356 355.5 34.8672 0.0151333 -539.434 -460.088 -485.436
  357 356.5 34.8329 0.0151184 -423.903 -387.999 -390.096
  358 357.5 34.8431 0.0151229 -273.341 -251.702 -360.622
  359 358.5 34.8668 0.0151332 -310.398 -267.513 -228.553
  360 359.5 34.8145 0.0151105 -354.025 -299.947 -437.533
  361 360.5 34.8383 0.0151208 -334.714 -430.645 -360.33
  362 361.5 34.8396 0.0151213 -362.891 -568.294 -548.1
  363 362.5 34.8672 0.0151333 -344.733 -392.747 -357.281
  364 363.5 34.7994 0.0151039 -285.756 -227.72 -306.594
  365 364.5 34.8158 0.015111 -439.147 -340.581 -500.801
  366 365.5 34.8587 0.0151296 -255.524 -234.984 -493.83
  367 366.5 34.7992 0.0151038 -219.967 -303.174 -403.536
  368 367.5 34.7182 0.0150687 -293.583 -265.635 -408.918
  369 368.5 34.8605 0.0151304 -377.14 -219.309 -590.572
  370 369.5 34.778 0.0150946 -243.695 -112.132 -452.126
  371 370.5 34.665 0.0150456 -199.349 -156.638 -765.55
  372 371.5 34.7104 0.0150653 -250.615 -181.096 -515.09
  373 372.5 34.7014 0.0150614 -181.036 -127.837 -510.596
  374 373.5 34.6072 0.0150205 -79.8134 -179.688 -702.195
  375 374.5 34.5273 0.0149858 -12.7979 -42.6558 -757.779
  376 375.5 34.4762 0.0149636 115.096 176.69 -652.337
  377 376.5 34.4185 0.0149386 221.953 91.7946 -580.929
  378 377.5 34.2975 0.014886 100.307 81.1524 -812.92
  379 378.5 34.1614 0.014827 377.989 283.58 -538.539
  380 379.5 34.0312 0.0147705 417.309 245.749 -666.503
  381 380.5 33.9218 0.014723 528.407 470.885 -537.248
  382 381.5 33.6954 0.0146248 655.671 599.325 -316.113
  383 382.5 33.6132 0.0145891 635.086 627.648 -174.958
  384 383.5 33.3283 0.0144654 445.408 386.827 -207.502
  385 384.5 33.2003 0.0144099 441.953 391.925 34.7345
  386 385.5 33.0062 0.0143256 326.727 322.987 114.75
  387 386.5 32.8964 0.014278 327.478 333.002 166.747
  388 387.5 32.7423 0.0142111 70.4673 3.98758 161.981
  389 388.5 32.6459 0.0141692 69.0443 -101.295 243.834
  390 389.5 32.615 0.0141558 -98.1141 -181.422 167.138
  391 390.5 32.6282 0.0141615 -49.5211 -73.2593 151.798
  392 391.5 32.5854 0.014143 -244.717 -110.201 -72.0982
  393 392.5 32.6615 0.014176 -14.6438 -80.3319 75.5092
  394 393.5 32.6563 0.0141737 27.4531 -158.909 -122.661
  395 394.5 32.7315 0.0142064 -104.683 -101.932 -427.888
  396 395.5 32.76 0.0142187 57.4652 -11.2861 -290.767
  397 396.5 32.8853 0.0142731 -87.7721 -35.9415 -265.073
  398 397.5 32.9305 0.0142928 -27.8687 -185.782 -501.714
  399 398.5 32.867 0.0142652 -133.858 -260.327 -555.612
  400 399.5 33.019 0.0143312 -56.1671 -176.813 -376.421
  401 400.5 33.1015 0.014367 -179.127 -392.562 -593.442
  402 401.5 32.9779 0.0143133 -148.652 -251.039 -489.98
  403 402.5 33.0905 0.0143622 -191.584 -191.722 -491.617
  404 403.5 33.1535 0.0143895 -287.095 -261.741 -420.898
  405 404.5 33.1434 0.0143851 -347.5 -298.89 -436.422
  406 405.5 33.0865 0.0143605 -371.677 -187.399 -447.527
  407 406.5 33.1572 0.0143912 -392.182 -252.786 -518.155
  408 407.5 33.1675 0.0143956 -450.384 -408.458 -463.547
  409 408.5 33.1826 0.0144022 -496.831 -399.405 -379.721
  410 409.5 33.1339 0.014381 -460.382 -479.657 -395.072
  411 410.5 33.1207 0.0143753 -201.234 -342.156 -478.12
  412 411.5 33.1928 0.0144066 -354.513 -300.033 -351.395
  413 412.5 33.1933 0.0144068 -292.472 -293.395 -399.8
  414 413.5 33.0954 0.0143643 -438.778 -389.545 -427.553
  415 414.5 33.1966 0.0144082 -405.22 -374.109 -412.57
  416 415.5 33.1921 0.0144063 -553.738 -279.7 -376.939
  417 416.5 33.1687 0.0143961 -438.634 -409.669 -337.64
  418 417.5 33.1544 0.0143899 -475.903 -529.019 -475.441
  419 418.5 33.1672 0.0143955 -316.291 -349.473 -333.629
  420 419.5 33.2134 0.0144155 -513.737 -509.789 -307.662
  421 420.5 33.223 0.0144197 -488.402 -527.249 -422.968
  422 421.5 33.1223 0.014376 -375.271 -433.287 -447.466
  423 422.5 33.1887 0.0144048 -418.857 -382.814 -411.889
  424 423.5 33.1554 0.0143904 -223.09 -365.925 -320.099
  425 424.5 33.2348 0.0144248 -290.799 -498.802 -391.053
  426 425.5 33.1856 0.0144035 -481.616 -471.546 -459.085
  427 426.5 33.1771 0.0143998 -400.478 -277.999 -367.325
  428 427.5 33.2457 0.0144296 -348.62 -370.787 -334.42
  429 428.5 33.2411 0.0144276 -539.562 -314.202 -316.065
  430 429.5 33.1931 0.0144067 -411.736 -482.892 -376.241
  431 430.5 33.1921 0.0144063 -376.05 -415.658 -461.498
  432 431.5 33.2488 0.0144309 -364.864 -286.21 -457.072
  433 432.5 33.1547 0.0143901 -205.568 -82.4801 -242.326
  434 433.5 33.2077 0.0144131 -256.209 -253.492 -498.872
  435 434.5 33.2459 0.0144297 -318.657 -316.935 -444.447
  436 435.5 33.1864 0.0144038 -496.493 -407.832 -266.455
  437 436.5 33.2228 0.0144196 -321.44 -570.904 -367.103
  438 437.5 33.2773 0.0144433 -368.316 -518.405 -423.743
  439 438.5 33.218 0.0144176 -330.824 -352.929 -361.831
  440 439.5 33.1713 0.0143973 -305.431 -460.052 -371.414
  441 440.5 33.2246 0.0144204 -413.787 -396.776 -475.736
  442 441.5 33.2634 0.0144373 -297.656 -380.285 -410.826
  443 442.5 33.2232 0.0144198 -385.349 -218.647 -307.203
  444 443.5 33.2335 0.0144242 -276.439 -350.803 -329.262
  445 444.5 33.2603 0.0144359 -418.742 -432.98 -325.666
  446 445.5 33.2208 0.0144187 -325.386 -384.097 -571.965
  447 446.5 33.2405 0.0144273 -431.824 -384.308 -401.635
  448 447.5 33.2607 0.0144361 -437.894 -298.375 -188.362
  449 448.5 33.2686 0.0144395 -343.437 -440.469 -434.627
  450 449.5 33.2131 0.0144154 -277.319 -395.744 -532.862
  451 450.5 33.2281 0.0144219 -304.651 -351.982 -383.35
  452 451.5 33.252 0.0144323 -326.494 -204.64 -345.525
  453 452.5 33.2901 0.0144488 -230.692 -222.754 -333.129
  454 453.5 33.2256 0.0144208 -150.831 -159.71 -359.688
  455 454.5 33.2344 0.0144247 -212.163 -338.229 -457.847
  456 455.5 33.2582 0.014435 -257.583 -322.023 -398.061
  457 456.5 33.2678 0.0144391 -283.988 -337.006 -400.317
  458 457.5 33.2479 0.0144305 -308.664 -391.305 -314.619
  459 458.5 33.2664 0.0144385 -279.37 -418.095 -402.701
  460 459.5 33.1929 0.0144066 -438.516 -451.555 -400.586
  461 460.5 33.2724 0.0144412 -270.182 -435.835 -340.764
  462 461.5 33.3268 0.0144648 -459.353 -427.361 -495.529
  463 462.5 33.1969 0.0144084 -266.494 -315.933 -247.856
  464 463.5 33.2382 0.0144263 -260.68 -351.253 -498.539
  465 464.5 33.2662 0.0144384 -344.774 -233.752 -419.606
  466 465.5 33.2084 0.0144134 -437.383 -371.539 -359.481
  467 466.5 33.2459 0.0144296 -481.784 -453.234 -335.763
  468 467.5 33.2384 0.0144264 -348.596 -485.854 -335.464
  469 468.5 33.2119 0.0144149 -310.37 -400.58 -422.908
  470 469.5 33.1933 0.0144068 -387.942 -543.294 -506.606
  471 470.5 33.2181 0.0144176 -319.368 -367.394 -253.903
  472 471.5 33.2258 0.0144209 -364.222 -305.24 -307.986
  473 472.5 33.1402 0.0143838 -381.387 -511.053 -476.802
  474 473.5 33.2096 0.0144139 -206.988 -509.525 -424.283
  475 474.5 33.3054 0.0144555 -461.213 -510.876 -303.5
  476 475.5 33.1011 0.0143668 -452.613 -294.502 -311.645
  477 476.5 33.1974 0.0144086 -393.231 -437.679 -449.761
  478 477.5 33.3127 0.0144586 -348.762 -464.74 -389.079
  479 478.5 33.1919 0.0144062 -188.093 -419.32 -367.928
  480 479.5 33.153 0.0143893 -296.551 -444.644 -385.835
70000000 480 11131
  1 0.5 33.1852 0.0144033 -481.645 -424.658 -338.558
  2 1.5 33.105 0.0143685 -455.577 -410.44 -461.663
  3 2.5 33.2311 0.0144232 -558.307 -514.2 -361.487
  4 3.5 33.1575 0.0143913 -381.825 -403.546 -351.94
  5 4.5 33.1916 0.0144061 -409.497 -498.724 -415.173
  6 5.5 33.136 0.014382 -351.913 -457.339 -370.253
  7 6.5 33.1495 0.0143878 -268.97 -435.438 -325.729
  8 7.5 33.1682 0.0143959 -410.276 -418.052 -369.572
  9 8.5 33.1566 0.0143909 -334.572 -390.563 -552.526
  10 9.5 33.1381 0.0143828 -381.68 -425.469 -242.992
  11 10.5 33.1515 0.0143887 -479.46 -544.673 -398.327
  12 11.5 33.1545 0.01439 -478.262 -548.56 -411.171
  13 12.5 33.109 0.0143702 -526.437 -480.304 -362.605
  14 13.5 33.0807 0.014358 -634.492 -598.066 -334.704
  15 14.5 33.1182 0.0143742 -521.595 -519.275 -345.916
  16 15.5 33.1033 0.0143678 -522.226 -510.739 -393.606
  17 16.5 33.0836 0.0143592 -587.348 -566.025 -384.928
  18 17.5 33.0538 0.0143462 -361.558 -408.731 -394.47
  19 18.5 33.0758 0.0143558 -342.057 -389.147 -421.08
  20 19.5 33.1161 0.0143733 -264.904 -265.626 -218.131
  21 20.5 33.1407 0.014384 -289.514 -298.375 -398.726
  22 21.5 33.0984 0.0143656 -448.999 -311.688 -494.033
  23 22.5 33.0566 0.0143475 -456.492 -357.235 -278.961
  24 23.5 33.1754 0.014399 -461.021 -340.363 -244.486
  25 24.5 33.1399 0.0143836 -476.985 -231.379 -495.978
  26 25.5 33.0304 0.0143361 -368.68 -352.282 -407.553
  27 26.5 33.0929 0.0143633 -323.589 -358.489 -452.097
  28 27.5 33.1867 0.0144039 -283.582 -259.17 -361.692
  29 28.5 33.1803 0.0144012 -300.203 -418.766 -287.699
  30 29.5 33.0276 0.0143349 -212.362 -381.619 -377.757
  31 30.5 33.1419 0.0143845 -483.177 -543.141 -559.713
  32 31.5 33.2063 0.0144125 -188.968 -304.822 -355.183
  33 32.5 33.1498 0.0143879 -302.278 -233.852 -171.964
  34 33.5 33.1153 0.014373 -251.991 -198.351 -379.926
  35 34.5 33.1678 0.0143957 -376.223 -410.576 -454.013
  36 35.5 33.191 0.0144058 -376.958 -444.24 -464.662
  37 36.5 33.1162 0.0143733 -321.312 -390.111 -391.452
  38 37.5 33.1497 0.0143879 -476.626 -341.077 -251.382
  39 38.5 33.2174 0.0144173 -514.918 -527.49 -528.538
  40 39.5 33.1706 0.014397 -569.224 -530.611 -408.498
  41 40.5 33.1326 0.0143805 -310.399 -353.402 -362.805
  42 41.5 33.2012 0.0144102 -452.894 -362.359 -419.809
  43 42.5 33.2178 0.0144174 -252.684 -281.571 -437.19
  44 43.5 33.1641 0.0143941 -328.268 -248.483 -461.1
  45 44.5 33.104 0.014368 -240.42 -154.337 -429.814
  46 45.5 33.1383 0.0143829 -372.438 -332.687 -536.48
  47 46.5 33.1759 0.0143993 -202.165 -48.4076 -507.816
  48 47.5 33.1175 0.0143739 -321.743 -82.7632 -465.355
  49 48.5 33.0921 0.0143629 -266.676 -140.137 -573.448
  50 49.5 33.075 0.0143555 -185.667 -272.775 -671.493
  51 50.5 33.1191 0.0143746 -306.742 -230.512 -841.018
  52 51.5 33.021 0.014332 -276.899 -137.057 -786.04
  53 52.5 32.948 0.0143004 1.72598 44.7899 -955.39
  54 53.5 32.9655 0.0143079 103.842 73.1882 -1177.26
  55 54.5 32.9021 0.0142804 41.6892 163.438 -1260.21
  56 55.5 32.7266 0.0142042 347.164 443.966 -1317.97
  57 56.5 32.5946 0.0141469 590.554 612.593 -1882.82
  58 57.5 32.4785 0.0140966 937.709 899.408 -1968.97
  59 58.5 32.1699 0.0139626 1546.06 1585.39 -2010.69
  60 59.5 31.8377 0.0138185 2258.7 2332.33 -2195.35
  61 60.5 31.3064 0.0135878 2894.23 2968.8 -2444.86
  62 61.5 30.5921 0.0132778 3601.19 3776.08 -2331.24
  63 62.5 29.688 0.0128854 4527.65 4680.81 -1969.1
  64 63.5 28.5178 0.0123775 5429.53 5434.54 -1534.44
  65 64.5 26.8498 0.0116535 6134.23 6131.57 -824.504
  66 65.5 24.8195 0.0107723 6732.72 6730.96 158.066
  67 66.5 22.3614 0.00970545 7179.48 7172.67 1277.4
  68 67.5 19.5563 0.008488 7366.66 7389.14 2652.67
  69 68.5 16.5038 0.00716309 6913.43 6873.53 3834.34
  70 69.5 13.3974 0.00581482 6183.3 6258.83 5077.65
  71 70.5 10.5232 0.00456738 5160.41 5295.1 6062.86
  72 71.5 7.93111 0.00344232 3804.07 3552.65 6542.6
  73 72.5 5.81377 0.00252334 1689.02 1735.51 6585.13
  74 73.5 4.21359 0.00182882 -630.411 -704.339 5930.61
  75 74.5 3.04358 0.001321 -3276.85 -3387.42 4295.05
  76 75.5 2.24816 0.000975764 -5764.78 -5227.08 2076.38
  77 76.5 1.7395 0.000754993 -8370.69 -8351.38 -925.673
  78 77.5 1.40544 0.00061 -10404.2 -10263.4 -4017.44
  79 78.5 1.19555 0.000518903 -12059 -11419.3 -6893.65
  80 79.5 1.04932 0.000455434 -13356 -13274.1 -9362.9
  81 80.5 0.96524 0.000418941 -14092.3 -13859.8 -11249.3
  82 81.5 0.916624 0.00039784 -14493.6 -14731.6 -12589
  83 82.5 0.874152 0.000379406 -15120.4 -15299.6 -13639.7
  84 83.5 0.851616 0.000369625 -15545.9 -15440 -14299.2
  85 84.5 0.85688 0.00037191 -14982.5 -15479 -14473
  86 85.5 0.856144 0.00037159 -15157.2 -15530.3 -14748.3
  87 86.5 0.845216 0.000366847 -15097.9 -15783.3 -14898.9
  88 87.5 0.858008 0.000372399 -15355.9 -15414.1 -14818.5
  89 88.5 0.850648 0.000369205 -15504.3 -15051.6 -15023
  90 89.5 0.84192 0.000365417 -15426.6 -15340.5 -15181.6
  91 90.5 0.83496 0.000362396 -15638.9 -15768.7 -15493.4
  92 91.5 0.827016 0.000358948 -15493.2 -15178.9 -15644.9
  93 92.5 0.832808 0.000361462 -15622 -15506.6 -15489.5
  94 93.5 0.838024 0.000363726 -15440.6 -15443.1 -15284.4
  95 94.5 0.840688 0.000364882 -15538.2 -15783.4 -15419.8
  96 95.5 0.84 0.000364583 -15683.1 -15599.8 -15437.5
  97 96.5 0.836664 0.000363135 -15517.7 -15488.1 -15395.1
  98 97.5 0.83316 0.000361615 -15638.8 -15019.2 -15394.4
  99 98.5 0.833424 0.000361729 -15653 -15109.7 -15547.4
  100 99.5 0.838928 0.000364118 -15729.3 -15419.4 -15364.5
  101 100.5 0.844472 0.000366524 -15600.7 -15227 -15405.5
  102 101.5 0.824912 0.000358035 -15511.9 -15192.9 -15550.1
  103 102.5 0.830384 0.00036041 -15287.1 -15464.1 -15552.9
  104 103.5 0.829816 0.000360163 -15701.1 -15498.7 -15636.1
  105 104.5 0.835264 0.000362528 -15411.7 -15429.2 -15415.9
  106 105.5 0.822784 0.000357111 -15482.8 -15363.4 -15744.6
  107 106.5 0.832632 0.000361385 -15473.3 -15338.5 -15492.1
  108 107.5 0.830304 0.000360375 -14807 -15166.9 -15533.2
  109 108.5 0.825368 0.000358233 -15342.4 -15545 -15704.8
  110 109.5 0.829784 0.000360149 -15658.5 -15407.4 -15445.4
  111 110.5 0.834216 0.000362073 -15622.1 -15570.3 -15503.6
  112 111.5 0.828456 0.000359573 -15126.9 -15762.3 -15559.4
  113 112.5 0.820432 0.00035609 -15427.4 -15656.9 -15797.8
  114 113.5 0.82792 0.00035934 -15594.1 -15445.6 -15561.8
  115 114.5 0.8284 0.000359549 -15632.7 -14804.6 -15614.2
  116 115.5 0.838688 0.000364014 -15741.7 -15048.3 -15459.4
  117 116.5 0.847144 0.000367684 -15627.1 -15056.8 -15143.8
  118 117.5 0.846576 0.000367437 -15697.5 -15280.5 -15291.4
  119 118.5 0.845592 0.00036701 -15640.4 -15375.5 -15327.4
  120 119.5 0.83716 0.000363351 -15538.3 -15150.9 -15362.2
  121 120.5 0.83592 0.000362813 -15454.5 -15386.1 -15442.4
  122 121.5 0.836032 0.000362861 -15027.6 -15310 -15455.3
  123 122.5 0.834376 0.000362142 -14958.9 -15537.6 -15563.8
  124 123.5 0.834208 0.000362069 -15404.5 -15595.7 -15435.5
  125 124.5 0.834216 0.000362073 -15659.7 -14903 -15507.4
  126 125.5 0.832856 0.000361483 -15242.6 -15236.7 -15494.5
  127 126.5 0.845392 0.000366924 -15316.2 -15455.8 -15209.7
  128 127.5 0.8534 0.000370399 -14961.1 -15925.7 -15180.5
  129 128.5 0.832096 0.000361153 -15037.5 -15268 -15518.9
  130 129.5 0.842376 0.000365615 -15696.5 -15620.5 -15328.6
  131 130.5 0.84276 0.000365781 -15340.1 -15853.4 -15400
  132 131.5 0.841504 0.000365236 -15194 -16130.2 -15350.6
  133 132.5 0.860232 0.000373365 -15629.5 -15829.2 -14956.8
  134 133.5 0.855272 0.000371212 -15416.9 -15541.7 -15209.8
  135 134.5 0.843528 0.000366115 -15466 -15512.1 -15242.5
  136 135.5 0.84228 0.000365573 -15395.7 -15923.2 -15306.3
  137 136.5 0.841408 0.000365194 -15157.8 -16075.3 -15353.1
  138 137.5 0.839 0.000364149 -15276.3 -15664.4 -15396.7
  139 138.5 0.838032 0.000363729 -15560.2 -15504.7 -15464.7
  140 139.5 0.836824 0.000363205 -15262.1 -15220.2 -15375
  141 140.5 0.840592 0.00036484 -15455.1 -15150 -15290.6
  142 141.5 0.84496 0.000366736 -15147.3 -15515.7 -15225.5
  143 142.5 0.818136 0.000355094 -15451 -15549.6 -15891.8
  144 143.5 0.826336 0.000358653 -15383.8 -15873.2 -15751.1
  145 144.5 0.842208 0.000365542 -15765.7 -16396.2 -15339.2
  146 145.5 0.832848 0.000361479 -15443.4 -16177.3 -15462.4
  147 146.5 0.82496 0.000358056 -15457 -16143.6 -15648.9
  148 147.5 0.825376 0.000358236 -15508.1 -15889.1 -15605.2
  149 148.5 0.833528 0.000361774 -15154.8 -15901.2 -15419.3
  150 149.5 0.83152 0.000360903 -15327 -15783.2 -15576.4
  151 150.5 0.816632 0.000354441 -14991.7 -15315.6 -15763.1
  152 151.5 0.822936 0.000357177 -14960.4 -15411.4 -15717.1
  153 152.5 0.82544 0.000358264 -15343.3 -15533.6 -15624.6
  154 153.5 0.814464 0.0003535 -15608.3 -15380.1 -15843.3
  155 154.5 0.813304 0.000352997 -15454.3 -15127 -16018.9
  156 155.5 0.821912 0.000356733 -15818.7 -15395.3 -15708.5
  157 156.5 0.830424 0.000360427 -15284.2 -15331.2 -15455.5
  158 157.5 0.817568 0.000354847 -14986.3 -15448.6 -15737
  159 158.5 0.810184 0.000351642 -15245.4 -15124.9 -16044.1
  160 159.5 0.811408 0.000352174 -15541.1 -15068.5 -15867.3
  161 160.5 0.834776 0.000362316 -15756.1 -15177.2 -15385.6
  162 161.5 0.828776 0.000359712 -15586.1 -15739.2 -15633.8
  163 162.5 0.848248 0.000368163 -15535.3 -15312.3 -15278.3
  164 163.5 0.85948 0.000373038 -15974.6 -15810.6 -14975.3
  165 164.5 0.848632 0.00036833 -15739.5 -15490.8 -15168.5
  166 165.5 0.84796 0.000368038 -15450.1 -15318.4 -15263.6
  167 166.5 0.845144 0.000366816 -15609.6 -15441.6 -15356.3
  168 167.5 0.851432 0.000369545 -15433.3 -15053.8 -15200.6
  169 168.5 0.854968 0.00037108 -15746.1 -15296.2 -15075.9
  170 169.5 0.859632 0.000373104 -15534.4 -15316.9 -15067.2
  171 170.5 0.862832 0.000374493 -15765.4 -16092.8 -14885.8
  172 171.5 0.869904 0.000377563 -15666.2 -15841.9 -14862
  173 172.5 0.855552 0.000371333 -15713 -15576.9 -15099.3
  174 173.5 0.856792 0.000371872 -15656.1 -15616.5 -15137.3
  175 174.5 0.851112 0.000369406 -15710 -15560.8 -15079
  176 175.5 0.838512 0.000363938 -15519.1 -15572.6 -15406.8
  177 176.5 0.846992 0.000367618 -15218 -15509.2 -15262.8
  178 177.5 0.844928 0.000366722 -15643.4 -15488 -15337.9
  179 178.5 0.840336 0.000364729 -15565 -15636.7 -15325.3
  180 179.5 0.833824 0.000361903 -15881.8 -15584.4 -15444.8
  181 180.5 0.837128 0.000363337 -16300.1 -15860.6 -15504.1
  182 181.5 0.855176 0.00037117 -15768.3 -15451.9 -15067.4
  183 182.5 0.841984 0.000365444 -15858.1 -15429.7 -15237.8
  184 183.5 0.845912 0.000367149 -15957.2 -15603.8 -15400.7
  185 184.5 0.86392 0.000374965 -15715.6 -15219.6 -14928.2
  186 185.5 0.857 0.000371962 -15250.4 -15494.7 -15087.7
  187 186.5 0.848576 0.000368306 -15495 -15803.6 -15118.9
  188 187.5 0.838432 0.000363903 -15886.3 -15693.8 -15492.9
  189 188.5 0.846672 0.000367479 -15500.4 -15398.4 -15270.7
  190 189.5 0.8304 0.000360417 -15943.9 -15341.8 -15574.1
  191 190.5 0.828488 0.000359587 -15624.2 -15278.1 -15506.7
  192 191.5 0.823944 0.000357615 -15770.4 -14888.6 -15672.3
  193 192.5 0.847168 0.000367694 -15781.5 -15630.6 -15140.1
  194 193.5 0.839328 0.000364292 -15767.3 -15473.7 -15428.7
  195 194.5 0.826384 0.000358674 -15499.9 -15786.1 -15639.2
  196 195.5 0.832496 0.000361326 -15267.2 -15167.9 -15479.8
  197 196.5 0.849672 0.000368781 -15510.7 -15374.9 -15234.5
  198 197.5 0.84968 0.000368785 -15132.1 -15421 -15168
  199 198.5 0.849936 0.000368896 -15322.9 -15323.5 -15215.7
  200 199.5 0.852064 0.000369819 -15403.3 -15338 -14988
  201 200.5 0.83228 0.000361233 -15578.5 -15121.1 -15399.1
  202 201.5 0.841216 0.000365111 -15696.9 -15185.5 -15409.1
  203 202.5 0.841024 0.000365028 -16011.9 -15240.9 -15355.2
  204 203.5 0.856576 0.000371778 -15700.1 -15541 -14896.2
  205 204.5 0.848944 0.000368465 -15490.8 -15355.2 -14730.4
  206 205.5 0.85072 0.000369236 -15833.1 -15432.6 -14925.6
  207 206.5 0.850352 0.000369076 -15705.3 -15814.7 -14742.7
  208 207.5 0.869408 0.000377347 -15325.2 -15355.1 -14217.5
  209 208.5 0.883248 0.000383354 -15176.9 -14983.6 -13644.3
  210 209.5 0.89996 0.000390608 -15053.4 -14959 -13175.2
  211 210.5 0.944872 0.000410101 -14840.1 -14110.6 -12044.6
  212 211.5 0.999104 0.000433639 -14026.2 -13701.4 -10674.2
  213 212.5 1.09088 0.000473472 -13121.9 -13078.5 -8744.84
  214 213.5 1.24662 0.000541069 -11411.5 -11459.1 -5940.17
  215 214.5 1.49304 0.000648021 -9878.02 -9738.33 -3185.52
  216 215.5 1.88642 0.000818757 -7809.58 -7691.08 -125.464
  217 216.5 2.45582 0.00106589 -5399.86 -5210.35 2720.51
  218 217.5 3.33526 0.0014476 -2621.14 -2922.71 4548.35
  219 218.5 4.56997 0.00198349 -82.6753 -408.244 5967.27
  220 219.5 6.31922 0.00274272 1964.08 1962.92 6801.15
  221 220.5 8.54557 0.00370901 3874.14 3860.85 6375.51
  222 221.5 11.1197 0.00482624 5237.21 5290.77 5792.87
  223 222.5 14.1491 0.00614108 6350.69 6280.25 5028.3
  224 223.5 17.2767 0.00749858 6973.13 7053.35 3974.37
  225 224.5 20.3445 0.00883007 7420.03 7248.24 2668.86
  226 225.5 23.0673 0.0100119 7359.45 7299.73 1434.07
  227 226.5 25.6218 0.0111206 6928.04 6927.07 343.297
  228 227.5 27.6499 0.0120008 6574.97 6382.8 -408.991
  229 228.5 29.2287 0.0126861 5700.95 5633.13 -1233.42
  230 229.5 30.478 0.0132283 4792.82 4679.64 -1719.03
  231 230.5 31.5187 0.01368 3993.24 4019.78 -1946.17
  232 231.5 32.1334 0.0139468 3406.97 3307 -2133.52
  233 232.5 32.6553 0.0141733 2656.81 2636.91 -2108.46
  234 233.5 33.2049 0.0144119 2263.6 2126.59 -1899.98
  235 234.5 33.5333 0.0145544 1597.55 1632.92 -1905.16
  236 235.5 33.7878 0.0146648 1261.5 1187.17 -1676.43
  237 236.5 33.9382 0.0147301 964.288 900.659 -1524
  238 237.5 34.2713 0.0148747 489.187 681 -1512.66
  239 238.5 34.3009 0.0148875 505.054 560.98 -1271.07
  240 239.5 34.277 0.0148772 389.441 444.918 -1148.72
  241 240.5 34.6205 0.0150263 328.783 281.492 -1047.06
  242 241.5 34.5852 0.0150109 69.06 282.475 -969.257
  243 242.5 34.5576 0.014999 44.7757 22.2237 -817.537
  244 243.5 34.6805 0.0150523 -190.128 -144.747 -571.658
  245 244.5 34.7922 0.0151008 -126.9 -246.035 -812.145
  246 245.5 34.6976 0.0150597 -238.211 -318.252 -540.776
  247 246.5 34.7016 0.0150615 -309.51 -222.339 -570.741
  248 247.5 34.8379 0.0151206 -328.038 -331.473 -577.369
  249 248.5 34.7395 0.0150779 -341.576 -169.646 -453.668
  250 249.5 34.7415 0.0150788 -290.951 -110.923 -416.257
  251 250.5 34.7773 0.0150943 -365.961 -348.716 -515.601
  252 251.5 34.8606 0.0151305 -366.63 -216.925 -327.001
  253 252.5 34.7168 0.0150681 -413.092 -420.091 -419.26
  254 253.5 34.8224 0.0151139 -301.674 -459.644 -311.46
  255 254.5 34.8461 0.0151242 -276.053 -280.028 -424.401
  256 255.5 34.7879 0.0150989 -371.775 -343.449 -452.345
  257 256.5 34.7435 0.0150797 -315.348 -402.898 -265.408
  258 257.5 34.8956 0.0151456 -313.231 -237.531 -347.402
  259 258.5 34.836 0.0151198 -396.809 -329.475 -361.229
  260 259.5 34.7241 0.0150712 -323.627 -255.141 -416.943
  261 260.5 34.8731 0.0151359 -411.364 -236.396 -289.119
  262 261.5 34.9202 0.0151563 -465.925 -388.797 -411.743
  263 262.5 34.8032 0.0151056 -418.614 -282.22 -340.546
  264 263.5 34.817 0.0151116 -387.756 -220.251 -388.276
  265 264.5 34.8989 0.0151471 -197.572 -238.913 -390.563
  266 265.5 34.853 0.0151272 -111.959 -133.907 -293.739
  267 266.5 34.8733 0.015136 -335.919 -404.547 -357.754
  268 267.5 34.8809 0.0151393 -425.068 -337.662 -375.03
  269 268.5 34.8932 0.0151446 -479.312 -487.257 -469.971
  270 269.5 34.8523 0.0151269 -454.85 -347.977 -402.545
  271 270.5 34.8854 0.0151412 -441.153 -339.249 -357.745
  272 271.5 34.8846 0.0151409 -498.304 -397.667 -372.064
  273 272.5 34.9137 0.0151535 -358.715 -325.403 -214.255
  274 273.5 34.8391 0.0151211 -411.221 -409.846 -446.825
  275 274.5 34.8817 0.0151396 -500.985 -450.571 -409.926
  276 275.5 34.88 0.0151389 -381.329 -355.911 -483.025
  277 276.5 34.8411 0.015122 -386.049 -322.581 -301.272
  278 277.5 34.8426 0.0151227 -391.782 -265.419 -291.321
  279 278.5 34.8952 0.0151455 -335.422 -330.335 -395.124
  280 279.5 34.8264 0.0151156 -410.832 -701.569 -251.584
  281 280.5 34.8495 0.0151256 -353.249 -391.281 -355.929
  282 281.5 34.8505 0.0151261 -440.823 -357.895 -443.896
  283 282.5 34.8057 0.0151067 -395.984 -380.815 -417.248
  284 283.5 34.8881 0.0151424 -375.955 -336.464 -241.093
  285 284.5 34.9034 0.015149 -339.679 -204.332 -398.024
  286 285.5 34.8313 0.0151178 -130.047 -357.422 -376.363
  287 286.5 34.8554 0.0151282 -217.751 -358.287 -233.152
  288 287.5 34.9234 0.0151577 -479.805 -578.495 -484.256
  289 288.5 34.9066 0.0151504 -505.115 -419.079 -213.729
  290 289.5 34.8771 0.0151376 -655.266 -558.384 -531.447
  291 290.5 34.899 0.0151471 -572.974 -487.686 -410.524
  292 291.5 34.8806 0.0151392 -676.571 -493.56 -442.969
  293 292.5 34.8909 0.0151436 -255.686 -433.887 -192.445
  294 293.5 34.9158 0.0151544 -407.096 -403.484 -351.289
  295 294.5 34.8871 0.015142 -284.522 -299.899 -425.89
  296 295.5 34.8874 0.0151421 -289.979 -279.777 -252.038
  297 296.5 34.8718 0.0151353 -411.048 -414.752 -403.293
  298 297.5 34.9018 0.0151483 -561.038 -483.259 -421.57
  299 298.5 34.8982 0.0151468 -474.12 -392.212 -352.159
  300 299.5 34.8465 0.0151244 -512.239 -339.151 -271.981
  301 300.5 34.9454 0.0151673 -582.796 -390.7 -543.965
  302 301.5 34.8853 0.0151412 -306.465 -276.749 -363.305
  303 302.5 34.8241 0.0151146 -394.777 -320.248 -332.831
  304 303.5 34.957 0.0151723 -264.325 -290.479 -219.652
  305 304.5 34.9349 0.0151627 -290.875 -200.344 -456.971
  306 305.5 34.8209 0.0151132 -390.79 -194.58 -256.649
  307 306.5 34.8782 0.0151381 -353.726 -344.953 -566.64
  308 307.5 34.9731 0.0151793 -321.848 -270.67 -398.424
  309 308.5 34.8884 0.0151426 -237.995 -132.566 -259.936
  310 309.5 34.8355 0.0151196 -203.098 -166.646 -376.579
  311 310.5 34.936 0.0151632 -123.388 -66.7947 -334.23
  312 311.5 34.8649 0.0151323 -248.556 -194.071 -419.372
  313 312.5 34.8514 0.0151265 -223.282 -262.256 -356.435
  314 313.5 34.8999 0.0151475 -207.493 -385.028 -378.1
  315 314.5 34.8701 0.0151346 -462.767 -474.746 -355.28
  316 315.5 34.8849 0.015141 -349.804 -430.508 -370.055
  317 316.5 34.8633 0.0151317 -326.988 -525.264 -429.131
  318 317.5 34.8691 0.0151341 -401.567 -486.409 -303.923
  319 318.5 34.8625 0.0151313 -352.699 -377.69 -326.755
  320 319.5 34.8969 0.0151462 -504.923 -371.031 -352.909
  321 320.5 34.8555 0.0151282 -467.334 -497.04 -390.24
  322 321.5 34.8577 0.0151292 -348.981 -513.307 -366.337
  323 322.5 34.867 0.0151332 -460.346 -414.964 -373.297
  324 323.5 34.8904 0.0151434 -544.572 -545.249 -364.151
  325 324.5 34.8288 0.0151167 -521.57 -496.853 -402.825
  326 325.5 34.8645 0.0151322 -422.925 -491.54 -275.252
  327 326.5 34.8845 0.0151408 -474.614 -400.199 -394.225
  328 327.5 34.8793 0.0151386 -237.958 -303.125 -329.529
  329 328.5 34.8315 0.0151178 -301.085 -329.711 -357.319
  330 329.5 34.8945 0.0151452 -354.272 -281.826 -328.3
  331 330.5 34.887 0.0151419 -237.681 -423.647 -406.979
  332 331.5 34.845 0.0151237 -451.32 -292.54 -343.4
  333 332.5 34.8963 0.015146 -369.518 -316.769 -370.788
  334 333.5 34.8753 0.0151369 -259.189 -291.755 -403.323
  335 334.5 34.8855 0.0151413 -313.138 -268.306 -364.772
  336 335.5 34.8404 0.0151217 -100.305 -151.867 -328.294
  337 336.5 34.9077 0.0151509 -109.851 -174.394 -345.353
  338 337.5 34.8258 0.0151154 -388.071 -366.378 -428.378
  339 338.5 34.9003 0.0151477 -411.269 -310.677 -381.411
  340 339.5 34.8978 0.0151466 -325.633 -250.122 -376.037
  341 340.5 34.8429 0.0151228 -388.113 -432.632 -319.799
  342 341.5 34.8438 0.0151232 -363.21 -346.643 -370.28
  343 342.5 34.882 0.0151397 -308.821 -290.35 -282.499
  344 343.5 34.8368 0.0151201 -429.445 -319.942 -407.689
  345 344.5 34.8024 0.0151052 -196.574 -249.88 -319.989
  346 345.5 34.8362 0.0151199 -500.06 -439.561 -376.63
  347 346.5 34.8265 0.0151157 -437.335 -403.686 -454.774
  348 347.5 34.8512 0.0151264 -437.2 -392.335 -188.765
  349 348.5 34.7631 0.0150881 -763.607 -640.794 -400.8
  350 349.5 34.8897 0.0151431 -709.604 -454.454 -468.562
  351 350.5 34.8075 0.0151074 -528.265 -394.942 -333.023
  352 351.5 34.8526 0.015127 -371.143 -337.879 -160.396
  353 352.5 34.8007 0.0151045 -510.972 -394.92 -424.77
  354 353.5 34.7702 0.0150912 -541.049 -602.685 -535.005
  355 354.5 34.8306 0.0151174 -408.384 -425.502 -248.09
  356 355.5 34.8671 0.0151333 -450.163 -599.641 -394.438
  357 356.5 34.7843 0.0150973 -487.287 -475.162 -343.116
  358 357.5 34.7786 0.0150949 -330.86 -358.278 -325.003
  359 358.5 34.8419 0.0151224 -195.524 -258.185 -342.297
  360 359.5 34.8281 0.0151164 -449.289 -356.34 -539.982
  361 360.5 34.7439 0.0150798 -288.652 -365.235 -293.241
  362 361.5 34.8685 0.0151339 -287.622 -202.274 -415.73
  363 362.5 34.7808 0.0150958 -447.318 -319.632 -475.16
  364 363.5 34.813 0.0151098 -305.295 -129.687 -300.366
  365 364.5 34.8217 0.0151136 -273.595 -292.982 -488.969
  366 365.5 34.8864 0.0151417 -152.609 -257.549 -354.998
  367 366.5 34.7434 0.0150796 -197.028 -152.216 -458.246
  368 367.5 34.7727 0.0150923 -399.659 -209.127 -574.009
  369 368.5 34.7835 0.015097 -430.102 -160.855 -558.635
  370 369.5 34.791 0.0151003 -226.363 -191.638 -468.731
  371 370.5 34.7291 0.0150734 -245.006 -220.932 -598.564
  372 371.5 34.6682 0.015047 -198.899 -145.003 -688.452
  373 372.5 34.6444 0.0150366 46.5259 64.2436 -565.257
  374 373.5 34.6477 0.0150381 170.414 168.69 -596.427
  375 374.5 34.5568 0.0149986 320.441 160.868 -677.216
  376 375.5 34.4435 0.0149494 404.044 234.346 -706.312
  377 376.5 34.4104 0.0149351 496.776 228.585 -703.186
  378 377.5 34.3115 0.0148922 442.571 404.57 -686.322
  379 378.5 34.1465 0.0148205 494.985 396.836 -576.065
  380 379.5 34.0865 0.0147945 496.313 438.063 -617.2
  381 380.5 33.939 0.0147305 523.533 489.709 -628.838
  382 381.5 33.7215 0.0146361 562.668 499.043 -237.154
  383 382.5 33.5951 0.0145812 502.626 314.315 -320.494
  384 383.5 33.4294 0.0145093 489.932 326.682 -212.251
  385 384.5 33.1882 0.0144046 355.181 368.358 -9.36691
  386 385.5 33.013 0.0143286 156.915 242.874 38.276
  387 386.5 33.0017 0.0143237 240.111 171.747 198.123
  388 387.5 32.7729 0.0142244 267.381 207.87 242.471
  389 388.5 32.6256 0.0141604 45.4124 166.782 188.489
  390 389.5 32.6397 0.0141666 93.7677 -29.5739 285.917
  391 390.5 32.6606 0.0141756 -118.053 -26.9909 67.2703
  392 391.5 32.5631 0.0141333 -102.526 46.7031 44.4829
  393 392.5 32.5728 0.0141375 -33.6062 23.5437 -42.0417
  394 393.5 32.7311 0.0142062 -47.2524 -36.7805 -94.5335
  395 394.5 32.7778 0.0142265 64.2612 19.6213 -167.61
  396 395.5 32.6981 0.0141919 -125.457 -6.62804 -440.609
  397 396.5 32.8093 0.0142402 -78.4546 37.8951 -390.911
  398 397.5 32.9429 0.0142981 -65.4042 48.6281 -322.929
  399 398.5 32.9928 0.0143198 -127.919 -47.0447 -403.326
  400 399.5 32.8887 0.0142746 -93.8902 -112.937 -640.785
  401 400.5 33.0519 0.0143455 -138.957 -214.048 -506.966
  402 401.5 33.1244 0.0143769 -308.481 -225.547 -371.973
  403 402.5 33.0442 0.0143421 -222.2 -64.7458 -452.938
  404 403.5 33.0981 0.0143655 -308.997 -66.5644 -544.01
  405 404.5 33.1626 0.0143935 -438.028 -62.1517 -565.193
  406 405.5 33.1696 0.0143965 -309.705 -343.494 -420.565
  407 406.5 33.1609 0.0143928 -208.625 -310.715 -316.116
  408 407.5 33.2032 0.0144111 -252.356 -300.012 -543.813
  409 408.5 33.1977 0.0144087 -212.497 -277.608 -508.863
  410 409.5 33.243 0.0144284 -216.463 -186.021 -278.03
  411 410.5 33.1852 0.0144033 -211.5 -207.434 -406.006
  412 411.5 33.2306 0.014423 -202.844 -362.584 -508.384
  413 412.5 33.2325 0.0144238 -138.983 -241.586 -354.728
  414 413.5 33.1949 0.0144075 -417.368 -435.691 -499.992
  415 414.5 33.2503 0.0144315 -161.302 -329.372 -416.642
  416 415.5 33.2056 0.0144122 -391.73 -377.798 -354.987
  417 416.5 33.2828 0.0144457 -416.276 -415.694 -390.237
  418 417.5 33.2271 0.0144215 -354.285 -366.53 -376.458
  419 418.5 33.2279 0.0144219 -188.889 -287.4 -375.541
  420 419.5 33.2078 0.0144131 -406.483 -427.164 -423.016
  421 420.5 33.2251 0.0144206 -351.222 -407.409 -368.004
  422 421.5 33.241 0.0144275 -269.524 -229.089 -408.409
  423 422.5 33.214 0.0144158 -364.781 -371.127 -396.858
  424 423.5 33.2172 0.0144172 -320.124 -236.062 -350.975
  425 424.5 33.2051 0.0144119 -287.201 -280.689 -383.816
  426 425.5 33.2066 0.0144126 -356.472 -305.799 -340.162
  427 426.5 33.21 0.0144141 -379.57 -293.154 -427.606
  428 427.5 33.2466 0.01443 -382.151 -383.092 -358.096
  429 428.5 33.2197 0.0144183 -319.575 -461.159 -450.263
  430 429.5 33.1784 0.0144003 -435.691 -218.781 -296.975
  431 430.5 33.2549 0.0144335 -328.978 -470.24 -478.981
  432 431.5 33.2557 0.0144339 -462.635 -648.284 -315.228
  433 432.5 33.1759 0.0143992 -452.534 -402.989 -370.347
  434 433.5 33.2167 0.014417 -531.047 -409.828 -450.234
  435 434.5 33.2181 0.0144176 -400.304 -281.762 -311.157
  436 435.5 33.1834 0.0144025 -438.261 -321.572 -309.424
  437 436.5 33.2263 0.0144211 -369.122 -430.479 -516.919
  438 437.5 33.1884 0.0144047 -399.737 -348.591 -397.309
  439 438.5 33.231 0.0144232 -350.558 -544.189 -301.102
  440 439.5 33.2242 0.0144202 -388.396 -460.421 -363.513
  441 440.5 33.223 0.0144197 -285.718 -524.586 -335.844
  442 441.5 33.2366 0.0144256 -320.772 -507.519 -448.087
  443 442.5 33.1915 0.014406 -64.1946 -431.294 -454.461
  444 443.5 33.242 0.0144279 -276.728 -552.064 -288.683
  445 444.5 33.212 0.0144149 -499.391 -526.233 -437.595
  446 445.5 33.2908 0.0144492 -479.655 -344.561 -340.355
  447 446.5 33.2224 0.0144195 -561.895 -428.101 -426.813
  448 447.5 33.1979 0.0144088 -377.684 -277.505 -367.662
  449 448.5 33.2058 0.0144122 -436.41 -377.925 -347.525
  450 449.5 33.2622 0.0144367 -453.864 -441.036 -409.885
  451 450.5 33.1937 0.014407 -322.768 -222.394 -319.428
  452 451.5 33.1339 0.014381 -439.587 -425.477 -500.959
  453 452.5 33.2131 0.0144154 -490.507 -339.409 -414.576
  454 453.5 33.2107 0.0144144 -282.141 -248.928 -310.161
  455 454.5 33.1745 0.0143986 -312.783 -366.247 -323.411
  456 455.5 33.2009 0.0144101 -268.41 -324.741 -404.116
  457 456.5 33.1574 0.0143912 -454.972 -390.284 -342.046
  458 457.5 33.1857 0.0144035 -328.086 -194.021 -364.64
  459 458.5 33.2099 0.014414 -465.91 -423.44 -328.558
  460 459.5 33.1854 0.0144034 -459.088 -356.384 -421.998
  461 460.5 33.1729 0.014398 -433.1 -458.817 -366.418
  462 461.5 33.2049 0.0144118 -416.025 -583.278 -442.363
  463 462.5 33.2232 0.0144198 -460.364 -496.598 -376.369
  464 463.5 33.1449 0.0143858 -421.032 -660.516 -427.242
  465 464.5 33.2312 0.0144233 -516.358 -386.438 -362
  466 465.5 33.2281 0.0144219 -394.674 -455.23 -332.197
  467 466.5 33.201 0.0144101 -254.244 -477.881 -371.458
  468 467.5 33.19 0.0144054 -262.926 -307.575 -409.602
  469 468.5 33.1784 0.0144003 -305.15 -269.271 -388.088
  470 469.5 33.2004 0.0144099 -423.57 -487.464 -393.223
  471 470.5 33.1609 0.0143928 -349.552 -382.885 -439.126
  472 471.5 33.1968 0.0144083 -391.316 -379.782 -368.601
  473 472.5 33.124 0.0143767 -157.839 -269.054 -289.342
  474 473.5 33.18 0.0144011 -338.437 -418.287 -441.598
  475 474.5 33.1835 0.0144026 -298.601 -358.584 -304.016
  476 475.5 33.2078 0.0144131 -383.487 -590.846 -382.933
  477 476.5 33.1312 0.0143798 -214.23 -226.544 -472.008
  478 477.5 33.164 0.0143941 -394.143 -352.654 -313.504
  479 478.5 33.2038 0.0144114 -486.039 -458.057 -438.641
  480 479.5 33.2136 0.0144156 -511.16 -568.502 -397.352
72500000 480 11131
  1 0.5 33.0913 0.0143626 -251.832 -337.78 -448.946
  2 1.5 33.0898 0.0143619 -309.886 -370.303 -412.797
  3 2.5 33.2094 0.0144138 -355.034 -263.355 -327.561
  4 3.5 33.1542 0.0143898 -379.124 -444.008 -343.801
  5 4.5 33.1517 0.0143887 -406.229 -520.386 -444.501
  6 5.5 33.1284 0.0143786 -484.628 -587.569 -412.66
  7 6.5 33.1701 0.0143968 -504.071 -405.183 -341.183
  8 7.5 33.1847 0.0144031 -398.999 -414.147 -466.653
  9 8.5 33.1647 0.0143944 -396.227 -182.673 -403.084
  10 9.5 33.1371 0.0143824 -394.238 -452.683 -340.419
  11 10.5 33.1787 0.0144005 -515.551 -362.283 -383.306
  12 11.5 33.1885 0.0144047 -428.273 -372.715 -429.991
  13 12.5 33.2093 0.0144137 -487.303 -361.101 -282.614
  14 13.5 33.0875 0.0143609 -317.704 -409.676 -518.969
  15 14.5 33.1392 0.0143833 -184.234 -425.88 -311.504
  16 15.5 33.2274 0.0144216 -342.43 -353.953 -450.81
  17 16.5 33.1236 0.0143765 -230.941 -323.166 -276.037
  18 17.5 33.1705 0.0143969 -362.043 -470.486 -450.977
  19 18.5 33.165 0.0143945 -470.644 -297.569 -433.216
  20 19.5 33.1779 0.0144001 -435.04 -327.665 -365.339
  21 20.5 33.1601 0.0143924 -461.139 -387.025 -298.384
  22 21.5 33.2031 0.0144111 -485.537 -323.208 -493.583
  23 22.5 33.1825 0.0144021 -370.451 -309.944 -330.41
  24 23.5 33.0832 0.014359 -407.973 -340.095 -442.389
  25 24.5 33.2103 0.0144142 -442.895 -400.353 -357.173
  26 25.5 33.2362 0.0144254 -549.296 -449.648 -398.749
  27 26.5 33.1341 0.0143811 -339.832 -333.538 -367.682
  28 27.5 33.1518 0.0143888 -283.235 -371.672 -311.447
  29 28.5 33.2156 0.0144165 -143.908 -534.451 -409.396
  30 29.5 33.1847 0.0144031 -311.677 -384.671 -407.774
  31 30.5 33.1306 0.0143796 -303.701 -505.508 -350.803
  32 31.5 33.1847 0.0144031 -282.167 -407.165 -420.482
  33 32.5 33.211 0.0144145 -369.894 -373.433 -368.091
  34 33.5 33.1481 0.0143872 -429.111 -327.625 -355.389
  35 34.5 33.1226 0.0143761 -489.449 -349.584 -411.179
  36 35.5 33.2642 0.0144376 -413.935 -401.877 -383.566
  37 36.5 33.1968 0.0144083 -418.821 -481.288 -377.31
  38 37.5 33.1571 0.0143911 -175.456 -354.339 -346.202
  39 38.5 33.123 0.0143763 -315.12 -264.929 -453.575
  40 39.5 33.2623 0.0144368 -452.421 -438.648 -429.523
  41 40.5 33.1967 0.0144083 -596.662 -570.369 -345.978
  42 41.5 33.147 0.0143867 -331.848 -395.917 -473.07
  43 42.5 33.233 0.0144241 -330.618 -243.92 -377.96
  44 43.5 33.2096 0.0144139 -256.499 -311.334 -383.751
  45 44.5 33.1372 0.0143825 -378.776 -336.928 -448.113
  46 45.5 33.1356 0.0143818 -352.162 -277.9 -505.985
  47 46.5 33.2496 0.0144312 -366.017 -425.005 -364.094
  48 47.5 33.1119 0.0143715 -436.84 -429.759 -372.711
  49 48.5 33.1685 0.014396 -353.071 -309.738 -552.855
  50 49.5 33.1732 0.0143981 -129.758 -196.163 -614.962
  51 50.5 33.1448 0.0143858 -251.583 -266.494 -522.678
  52 51.5 33.1291 0.014379 -218.104 -224.672 -531.867
  53 52.5 33.1339 0.014381 -170.068 -261.523 -538.537
  54 53.5 33.0597 0.0143488 -309.452 -214.161 -858.776
  55 54.5 33.0188 0.0143311 -249.37 -180.469 -908.919
  56 55.5 33.0454 0.0143426 -21.8029 138.962 -815.203
  57 56.5 32.9108 0.0142842 148.346 211.532 -1111.13
  58 57.5 32.8392 0.0142531 469.61 373.158 -1269.53
  59 58.5 32.8256 0.0142472 536.011 497.629 -1465.71
  60 59.5 32.6024 0.0141504 810.625 713.729 -1662.79
  61 60.5 32.4584 0.0140878 1053.03 1003.06 -1867.94
  62 61.5 32.2737 0.0140077 1580.87 1578.97 -2061.7
  63 62.5 31.8654 0.0138305 2178.82 2260.2 -2376.43
  64 63.5 31.363 0.0136124 2772.41 2675.57 -2557.2
  65 64.5 30.8252 0.013379 3734.11 3628.06 -2325.75
  66 65.5 29.9381 0.012994 4526.87 4383.08 -2157.39
  67 66.5 28.7234 0.0124668 5461.64 5483.21 -1647.02
  68 67.5 27.0994 0.0117619 6402.56 6458.24 -842.056
  69 68.5 25.1561 0.0109184 6923.47 7045.89 186.477
  70 69.5 22.658 0.00983419 7479.53 7464.56 1374.26
  71 70.5 19.7544 0.00857397 7477.3 7482.33 2595.07
  72 71.5 16.6825 0.00724068 6997.13 7119.11 3924.38
  73 72.5 13.5708 0.00589009 6273.08 6389.77 5083.59
  74 73.5 10.5912 0.00459686 5002.34 5300.02 6024.11
  75 74.5 8.00269 0.00347339 3551.21 3787.46 6509.13
  76 75.5 5.92218 0.00257039 1678.29 1690.09 6471.22
  77 76.5 4.28898 0.00186154 -535.331 -727.922 5764.78
  78 77.5 3.10559 0.00134791 -3257.85 -3227 4241.91
  79 78.5 2.31385 0.00100427 -5968.41 -5706.1 2017.15
  80 79.5 1.77632 0.000770972 -8379.52 -8228.14 -917.465
  81 80.5 1.44465 0.000627017 -10348.4 -10160.1 -3811.63
  82 81.5 1.231 0.000534288 -12191.5 -11812.3 -6646.24
  83 82.5 1.08268 0.000469913 -13230.2 -13179.1 -9170.27
  84 83.5 1.00081 0.000434378 -13520.3 -14043.9 -10908.4
  85 84.5 0.941472 0.000408625 -14714.7 -15223.1 -12483.3
  86 85.5 0.906912 0.000393625 -14897.2 -15312 -13290
  87 86.5 0.892528 0.000387382 -15263.9 -15270.2 -13801
  88 87.5 0.885816 0.000384469 -15233.3 -14872.8 -14212.3
  89 88.5 0.858808 0.000372747 -15497.9 -15065.9 -14770.4
  90 89.5 0.859568 0.000373076 -15175.7 -15319.8 -14928.9
  91 90.5 0.8412 0.000365104 -15405.6 -15832.2 -15364.2
  92 91.5 0.836568 0.000363094 -15418.7 -15234.1 -15507
  93 92.5 0.835136 0.000362472 -15912.2 -15499.6 -15538.9
  94 93.5 0.836496 0.000363062 -16078.9 -15540.4 -15596.4
  95 94.5 0.842336 0.000365597 -15871.8 -15133.6 -15407.4
  96 95.5 0.836176 0.000362924 -15934.6 -15285.7 -15602.1
  97 96.5 0.847072 0.000367653 -15707.1 -15347.7 -15419.1
  98 97.5 0.845488 0.000366965 -16107.8 -15278.7 -15485.7
  99 98.5 0.833512 0.000361767 -15774.2 -15351.5 -15695.7
  100 99.5 0.835464 0.000362615 -16089.8 -15315.5 -15741.7
  101 100.5 0.842288 0.000365576 -15946.7 -15815.7 -15501.7
  102 101.5 0.854752 0.000370986 -16150.9 -15900.1 -15276
  103 102.5 0.850368 0.000369083 -15869.8 -15875.3 -15438.2
  104 103.5 0.837816 0.000363635 -15645 -16156.6 -15655.6
  105 104.5 0.837648 0.000363562 -15899.9 -15979.6 -15494.9
  106 105.5 0.839144 0.000364212 -15657.8 -15823.1 -15670.2
  107 106.5 0.842984 0.000365878 -15897.6 -15988.7 -15482.7
  108 107.5 0.844232 0.00036642 -15956.4 -15913.4 -15497
  109 108.5 0.847032 0.000367635 -16354.6 -15557.1 -15408.3
  110 109.5 0.838272 0.000363833 -16027.6 -15810 -15557.6
  111 110.5 0.828176 0.000359451 -16177.3 -15801 -15881.4
  112 111.5 0.833312 0.000361681 -15774 -16106.2 -15745.6
  113 112.5 0.829552 0.000360049 -15892.5 -16007 -15650.5
  114 113.5 0.829 0.000359809 -16042.7 -15881.2 -15784.5
  115 114.5 0.835144 0.000362476 -15941.7 -16302.1 -15729.8
  116 115.5 0.838976 0.000364139 -15656.1 -16270.9 -15694
  117 116.5 0.84852 0.000368281 -15484.4 -16300.9 -15368.7
  118 117.5 0.857352 0.000372115 -15613.9 -16476.9 -15138.5
  119 118.5 0.859512 0.000373052 -15773.6 -16052 -15146.9
  120 119.5 0.85504 0.000371111 -15386.3 -16243.8 -15414.9
  121 120.5 0.850368 0.000369083 -15264.2 -15964.1 -15312.6
  122 121.5 0.847184 0.000367701 -15355.7 -15805.8 -15484.9
  123 122.5 0.838304 0.000363847 -15842.3 -15521.3 -15692.2
  124 123.5 0.822928 0.000357174 -15775.5 -15332.1 -15933.6
  125 124.5 0.829432 0.000359997 -16037.1 -14856.8 -15783.4
  126 125.5 0.83872 0.000364028 -16066.5 -15227.2 -15466.8
  127 126.5 0.836096 0.000362889 -15507.3 -15633.8 -15678.8
  128 127.5 0.82652 0.000358733 -15784.5 -15894.9 -15761.8
  129 128.5 0.830616 0.00036051 -16009.6 -16142.7 -15858.4
  130 129.5 0.82384 0.000357569 -15607.2 -15966.8 -15899.5
  131 130.5 0.832624 0.000361382 -15623.4 -16334.9 -15690.1
  132 131.5 0.840896 0.000364972 -15994.6 -16569.4 -15515.5
  133 132.5 0.831344 0.000360826 -15792.7 -16463.6 -15703.6
  134 133.5 0.821656 0.000356622 -15912.3 -16182.5 -15914.2
  135 134.5 0.81972 0.000355781 -15655.5 -16000.3 -16009.6
  136 135.5 0.822128 0.000356826 -15555.2 -15667.5 -15906.8
  137 136.5 0.833936 0.000361951 -15632.1 -15636.6 -15680.7
  138 137.5 0.839424 0.000364333 -15615.2 -15903.1 -15543.1
  139 138.5 0.835648 0.000362694 -15995.8 -15755.8 -15706.3
  140 139.5 0.828952 0.000359788 -16068.8 -15641.7 -15854.9
  141 140.5 0.834056 0.000362003 -15711.1 -15880.9 -15586.6
  142 141.5 0.851096 0.000369399 -15633 -15676.8 -15383.1
  143 142.5 0.846632 0.000367462 -15980.5 -15527.1 -15453.1
  144 143.5 0.841392 0.000365188 -15808.2 -15493.8 -15568.7
  145 144.5 0.840744 0.000364906 -16064 -15771.8 -15540.5
  146 145.5 0.84144 0.000365208 -16218.1 -15471 -15515.6
  147 146.5 0.84036 0.00036474 -15923.4 -15970.5 -15648.3
  148 147.5 0.850056 0.000368948 -15700 -15927.3 -15372.4
  149 148.5 0.8376 0.000363542 -15735.6 -16161.9 -15600.8
  150 149.5 0.847216 0.000367715 -15711.5 -16287.4 -15290.5
  151 150.5 0.844144 0.000366382 -16120.1 -16139.2 -15579.1
  152 151.5 0.836048 0.000362868 -15911.2 -16436.9 -15712.9
  153 152.5 0.825032 0.000358087 -16462.2 -16240 -15849.9
  154 153.5 0.829848 0.000360177 -16127.9 -16497.2 -15821.8
  155 154.5 0.831736 0.000360997 -15923.2 -16369.9 -15590.2
  156 155.5 0.830056 0.000360267 -16256.6 -16342.2 -15802.1
  157 156.5 0.83156 0.00036092 -16418.3 -16228.8 -15712.5
  158 157.5 0.832944 0.000361521 -15831.9 -15913.4 -15696.4
  159 158.5 0.82384 0.000357569 -15993.6 -15515.5 -15778.6
  160 159.5 0.825072 0.000358104 -15744.4 -15579.3 -15822.8
  161 160.5 0.82484 0.000358003 -15856.4 -16108.8 -16030.6
  162 161.5 0.818416 0.000355215 -16089.9 -15989.8 -15867.9
  163 162.5 0.832352 0.000361264 -15788 -16053.8 -15645.2
  164 163.5 0.826744 0.00035883 -15903 -16131.2 -15830.1
  165 164.5 0.830184 0.000360323 -16133.1 -15930.6 -15774.4
  166 165.5 0.81924 0.000355573 -15774.5 -16012.2 -15820.8
  167 166.5 0.816488 0.000354378 -16098.9 -16097.7 -16136.7
  168 167.5 0.823648 0.000357486 -15833.5 -15811.8 -15858.7
  169 168.5 0.837872 0.00036366 -15789.6 -15731.3 -15599.1
  170 169.5 0.843848 0.000366253 -16175.9 -15067.9 -15505.5
  171 170.5 0.838216 0.000363809 -16028.4 -15596.4 -15610.8
  172 171.5 0.812144 0.000352493 -16145 -15990.4 -16157.6
  173 172.5 0.815384 0.000353899 -16328.1 -15576.1 -16000.8
  174 173.5 0.814808 0.000353649 -16469.2 -15301.2 -16065
  175 174.5 0.804656 0.000349243 -16129.6 -15234.4 -16217.7
  176 175.5 0.810464 0.000351764 -16381.3 -15458.2 -16117.7
  177 176.5 0.817464 0.000354802 -15707.4 -15640.6 -16023.2
  178 177.5 0.83628 0.000362969 -16359.1 -15417.7 -15622.3
  179 178.5 0.820528 0.000356132 -16086.5 -15496.5 -15951.1
  180 179.5 0.812496 0.000352646 -15742.7 -15588 -16127.1
  181 180.5 0.819408 0.000355646 -15362.9 -15615.2 -15833.5
  182 181.5 0.81328 0.000352986 -15712.6 -15594.4 -16176.8
  183 182.5 0.80592 0.000349792 -15726 -15800.7 -16204.9
  184 183.5 0.807888 0.000350646 -16077.3 -15953.5 -16171.5
  185 184.5 0.824712 0.000357948 -15675.1 -16381.9 -15768.8
  186 185.5 0.813664 0.000353153 -15656 -16525.3 -16107.1
  187 186.5 0.828216 0.000359469 -15813.6 -16105.4 -15888.2
  188 187.5 0.821912 0.000356733 -15946.7 -15951.9 -15918.9
  189 188.5 0.831824 0.000361035 -15667.1 -16077.8 -15653.9
  190 189.5 0.832704 0.000361417 -15792 -15969.4 -15642.8
  191 190.5 0.815008 0.000353736 -16097.5 -16105.9 -16062.9
  192 191.5 0.811056 0.000352021 -16041.4 -16485.6 -16215.6
  193 192.5 0.809376 0.000351292 -16205 -16271 -16220.1
  194 193.5 0.821776 0.000356674 -16187.3 -16559.1 -15827.3
  195 194.5 0.812568 0.000352677 -16086 -15914.5 -16012.1
  196 195.5 0.80372 0.000348837 -16157.3 -15795.2 -16336
  197 196.5 0.7908 0.000343229 -16295.2 -15772.8 -16562.3
  198 197.5 0.799176 0.000346865 -16558.3 -15623.2 -16335.2
  199 198.5 0.809328 0.000351271 -16259.1 -15881.9 -16077.6
  200 199.5 0.802432 0.000348278 -16277.5 -15608.6 -16328.7
  201 200.5 0.794576 0.000344868 -16796 -15451.4 -16366.3
  202 201.5 0.800032 0.000347236 -16097.7 -15572.5 -16406.6
  203 202.5 0.804528 0.000349187 -16108.4 -15282.4 -16212.9
  204 203.5 0.810536 0.000351795 -16038.6 -15644.9 -16146.2
  205 204.5 0.81984 0.000355833 -16143.9 -15663.9 -15783
  206 205.5 0.819352 0.000355622 -16196.9 -15912.1 -15860.9
  207 206.5 0.805752 0.000349719 -16043 -15900.1 -16104.6
  208 207.5 0.801024 0.000347667 -16109.1 -15901.3 -16135
  209 208.5 0.80992 0.000351528 -15630.5 -15808.5 -15848.5
  210 209.5 0.818576 0.000355285 -16262.4 -15874.7 -15578.9
  211 210.5 0.825648 0.000358354 -15778.2 -15901.2 -15220.2
  212 211.5 0.837336 0.000363427 -15636.7 -15447.7 -14798.5
  213 212.5 0.857216 0.000372056 -15413.3 -15333.8 -14248.4
  214 213.5 0.894488 0.000388233 -15182.8 -14951.2 -13091.9
  215 214.5 0.94136 0.000408576 -14346.8 -14355.6 -11866.3
  216 215.5 1.02806 0.000446205 -13375.8 -14030.9 -9853.16
  217 216.5 1.17083 0.000508174 -11941.9 -12355.4 -7067.01
  218 217.5 1.36638 0.000593045 -10395.7 -10779.5 -4226.36
  219 218.5 1.69603 0.000736125 -8385.5 -8550.48 -1137.41
  220 219.5 2.20823 0.000958434 -6019.56 -6093.95 1859.39
  221 220.5 2.99082 0.0012981 -3365.63 -3301.51 4418.98
  222 221.5 4.12798 0.00179166 -859.799 -889.585 5993.6
  223 222.5 5.79262 0.00251416 1573.46 1605.03 6925.32
  224 223.5 7.95506 0.00345272 3593.78 3640.16 6999.06
  225 224.5 10.6326 0.00461486 5316.34 5426.78 6569.54
  226 225.5 13.6632 0.00593019 6561.25 6503.51 5700.61
  227 226.5 16.9028 0.00733628 7371.58 7441.17 4436.04
  228 227.5 20.1402 0.0087414 7856.22 7953.76 3285.54
  229 228.5 23.1725 0.0100575 7910.99 7880.19 1862.89
  230 229.5 25.7984 0.0111972 7538.51 7590.09 806.186
  231 230.5 27.8759 0.0120989 6927.89 6984.49 -356.321
  232 231.5 29.5943 0.0128448 6163.51 6206.5 -1246.3
  233 232.5 30.7825 0.0133604 5098.04 5291.06 -1886.23
  234 233.5 31.7736 0.0137906 4255.52 4373.72 -2207.32
  235 234.5 32.5002 0.014106 3708.85 3683.54 -2371.77
  236 235.5 33.0507 0.0143449 2928.89 3044.97 -2235.99
  237 236.5 33.4718 0.0145277 2278.22 2489.13 -2118.19
  238 237.5 33.7959 0.0146684 1906.22 1877.09 -2055.72
  239 238.5 34.0333 0.0147714 1463.93 1522.36 -1869.6
  240 239.5 34.2206 0.0148527 918.258 813.216 -1680.63
  241 240.5 34.4479 0.0149514 849.992 669.239 -1366.04
  242 241.5 34.4811 0.0149658 576.491 401.231 -1353.28
  243 242.5 34.5335 0.0149885 305.231 286.012 -1205.68
  244 243.5 34.7189 0.015069 75.4545 61.4128 -1013.69
  245 244.5 34.7542 0.0150843 -18.1305 -80.4674 -773.468
  246 245.5 34.7086 0.0150645 -184.951 -91.6649 -897.588
  247 246.5 34.8314 0.0151178 -53.6135 -186.125 -741.095
  248 247.5 34.8444 0.0151234 -127.086 -122.366 -664.018
  249 248.5 34.8527 0.015127 -185.332 -69.2302 -400.041
  250 249.5 34.8303 0.0151173 -472.642 -265.872 -737.814
  251 250.5 34.8925 0.0151443 -457.023 -310.312 -540.534
  252 251.5 34.9054 0.0151499 -356.471 -233.746 -388.78
  253 252.5 34.9403 0.0151651 -312.069 -398.03 -338.756
  254 253.5 34.8089 0.015108 -199.096 -320.569 -564.65
  255 254.5 34.9453 0.0151672 -156.234 -297.043 -437.008
  256 255.5 34.8851 0.0151411 -235.353 -245.844 -294.865
  257 256.5 34.866 0.0151328 -358.617 -345.956 -367.012
  258 257.5 34.9234 0.0151577 -269.39 -430.008 -503.505
  259 258.5 34.9175 0.0151551 -262.055 -423.935 -455.538
  260 259.5 34.8653 0.0151325 -230.263 -344.111 -254.078
  261 260.5 34.9561 0.0151719 -419.334 -457.135 -415.186
  262 261.5 34.9149 0.015154 -368.947 -369.368 -401.614
  263 262.5 34.8614 0.0151308 -220.887 -261.319 -354.349
  264 263.5 34.9033 0.015149 -212.234 -98.1229 -412.516
  265 264.5 34.9012 0.0151481 -269.121 -288.709 -324.376
  266 265.5 34.8964 0.015146 -334.356 -340.899 -298.822
  267 266.5 34.8832 0.0151403 -418.565 -394.133 -517.068
  268 267.5 34.8567 0.0151288 -218.855 -334.448 -368.069
  269 268.5 34.8774 0.0151378 -94.7319 -282.945 -229.326
  270 269.5 34.915 0.0151541 -460.944 -465.425 -399.597
  271 270.5 34.8777 0.0151379 -498.282 -391.593 -409.58
  272 271.5 34.8499 0.0151258 -322.234 -235.098 -449.205
  273 272.5 34.8435 0.015123 -264.858 -378.742 -259.038
  274 273.5 34.9364 0.0151634 -345.748 -334.482 -389.882
  275 274.5 34.8558 0.0151284 -350.696 -414.161 -291.258
  276 275.5 34.8441 0.0151233 -397.35 -508.813 -449.848
  277 276.5 34.9013 0.0151481 -449.935 -453.434 -409.86
  278 277.5 34.9205 0.0151565 -354.283 -343.071 -308.188
  279 278.5 34.8072 0.0151073 -420.374 -366.001 -364.245
  280 279.5 34.8867 0.0151418 -232.447 -213.169 -401.472
  281 280.5 34.8848 0.015141 -526.608 -393.464 -331.47
  282 281.5 34.8947 0.0151453 -236.205 -266.252 -199.131
  283 282.5 34.8323 0.0151182 -280.097 -338.189 -500.037
  284 283.5 34.8363 0.0151199 -304.411 -354.839 -378.619
  285 284.5 34.8917 0.015144 -494.302 -339.365 -346.772
  286 285.5 34.9116 0.0151526 -288.502 -174.41 -240.784
  287 286.5 34.7806 0.0150957 -501.768 -488.787 -512.19
  288 287.5 34.8112 0.015109 -570.374 -396.988 -427.838
  289 288.5 34.9529 0.0151705 -489.757 -379.546 -309.229
  290 289.5 34.869 0.0151341 -268.131 -475.414 -281.546
  291 290.5 34.7192 0.0150691 -463.107 -502.294 -444.827
  292 291.5 34.9241 0.015158 -502.469 -196.735 -421.508
  293 292.5 34.9171 0.015155 -302.037 -441.155 -287.932
  294 293.5 34.8116 0.0151092 -268.326 -193.326 -269.414
  295 294.5 34.791 0.0151003 -308.721 -329.111 -432.476
  296 295.5 34.9019 0.0151484 -431.94 -348.094 -365.848
  297 296.5 34.8854 0.0151413 -353.51 -362.394 -373.268
  298 297.5 34.7922 0.0151008 -485.832 -446.79 -504.75
  299 298.5 34.8962 0.0151459 -406.975 -288.11 -336.484
  300 299.5 34.8458 0.015124 -319.721 -239.133 -318.716
  301 300.5 34.893 0.0151445 -495.266 -461.169 -342.073
  302 301.5 34.8439 0.0151232 -384.701 -411.721 -354.067
  303 302.5 34.8263 0.0151156 -447.096 -337.693 -457.097
  304 303.5 34.8666 0.0151331 -396.284 -393.742 -398.43
  305 304.5 34.8722 0.0151355 -129.289 -267.383 -179.708
  306 305.5 34.8452 0.0151238 -168.996 -179.242 -426.951
  307 306.5 34.7145 0.0150671 -190.753 -209.209 -360.217
  308 307.5 34.8855 0.0151413 -147.681 -202.183 -406.967
  309 308.5 34.9333 0.015162 -226.079 -347.028 -235.627
  310 309.5 34.7354 0.0150761 -174.798 -266.848 -394.581
  311 310.5 34.8595 0.01513 -323.672 -253.496 -440.779
  312 311.5 34.8553 0.0151282 -178.921 -205.157 -338.484
  313 312.5 34.8884 0.0151425 -394.055 -254.189 -261.445
  314 313.5 34.7405 0.0150784 -334.729 -374.598 -418.522
  315 314.5 34.9342 0.0151624 -351.795 -423.605 -353.771
  316 315.5 34.8804 0.0151391 -264.571 -369.351 -276.313
  317 316.5 34.809 0.0151081 -405.253 -314.176 -480.466
  318 317.5 34.8396 0.0151214 -455.484 -373.142 -384.93
  319 318.5 34.936 0.0151632 -360.977 -355.474 -222.792
  320 319.5 34.8912 0.0151437 -439.275 -265.411 -472.898
  321 320.5 34.8201 0.0151129 -443.126 -276.362 -359.241
  322 321.5 34.894 0.0151449 -301.753 -414.125 -420.963
  323 322.5 34.9259 0.0151588 -304.515 -529.525 -331.791
  324 323.5 34.894 0.015145 -402.227 -306.518 -405.034
  325 324.5 34.8295 0.015117 -530.756 -279.774 -307.879
  326 325.5 34.9227 0.0151574 -509.286 -393.055 -342.286
  327 326.5 34.9456 0.0151674 -505.984 -319.205 -420.887
  328 327.5 34.8856 0.0151413 -418.248 -395.221 -396.415
  329 328.5 34.828 0.0151163 -459.829 -449.436 -349.558
  330 329.5 34.9634 0.0151751 -485.899 -505.185 -309.617
  331 330.5 34.9233 0.0151577 -513.257 -396.07 -291.252
  332 331.5 34.8323 0.0151182 -516.355 -560.148 -481.711
  333 332.5 34.8854 0.0151413 -444.746 -425.024 -482.746
  334 333.5 34.9403 0.015165 -484.41 -252.327 -287.773
  335 334.5 34.909 0.0151515 -275.68 -186.802 -342.371
  336 335.5 34.8726 0.0151357 -306.081 -80.8626 -327.984
  337 336.5 34.937 0.0151636 -196.609 -224.995 -374.891
  338 337.5 34.9706 0.0151782 -422.614 -257.342 -359.442
  339 338.5 34.9126 0.015153 -440.45 -423.384 -337.704
  340 339.5 34.9116 0.0151526 -230.687 -319.992 -415.356
  341 340.5 34.9544 0.0151712 -256.214 -512.944 -419.936
  342 341.5 34.9733 0.0151794 -352.398 -436.294 -312.947
  343 342.5 34.9321 0.0151615 -299.291 -493.792 -467.387
  344 343.5 34.9211 0.0151567 -322.016 -334.54 -304.358
  345 344.5 34.9065 0.0151504 -407.401 -540.3 -423.272
  346 345.5 35.0159 0.0151979 -412.313 -593.969 -406.431
  347 346.5 34.9211 0.0151567 -280.228 -463.503 -370.691
  348 347.5 34.9215 0.0151569 -497.074 -403.507 -291.633
  349 348.5 34.9825 0.0151834 -518.198 -357.646 -401.322
  350 349.5 34.9643 0.0151755 -523.706 -415.977 -409.347
  351 350.5 34.8963 0.015146 -463.695 -381.017 -376.877
  352 351.5 34.9691 0.0151775 -660.631 -347.971 -445.852
  353 352.5 34.9935 0.0151882 -488.121 -486.73 -225.267
  354 353.5 34.9795 0.0151821 -441.716 -565.144 -429.76
  355 354.5 34.8651 0.0151324 -297.902 -390.526 -352.576
  356 355.5 34.9541 0.015171 -239.516 -165.788 -302.404
  357 356.5 34.9694 0.0151777 -315.815 -271.568 -488.039
  358 357.5 34.9178 0.0151553 -268.046 -358.855 -431.45
  359 358.5 34.9151 0.0151541 -219.833 -235.879 -381.835
  360 359.5 34.9462 0.0151676 -331.616 -253.431 -407.089
  361 360.5 34.9459 0.0151675 -367.981 -292.723 -407.681
  362 361.5 34.9602 0.0151737 -261.236 -261.881 -234.796
  363 362.5 34.9427 0.0151661 -286.843 -174.185 -383.648
  364 363.5 34.9014 0.0151482 -290.157 -159.557 -578.574
  365 364.5 34.9347 0.0151626 -55.1262 -160.432 -421.339
  366 365.5 34.8812 0.0151394 -324.813 -245.653 -415.475
  367 366.5 34.968 0.0151771 -253.63 -222.476 -403.097
  368 367.5 34.8676 0.0151335 -443.033 -426.121 -556.013
  369 368.5 34.8742 0.0151364 -327.355 -337.657 -505.148
  370 369.5 34.8903 0.0151433 -298.024 -403.583 -443.896
  371 370.5 34.8589 0.0151297 -275.833 -211.353 -523.344
  372 371.5 34.7958 0.0151023 -252.728 -291.666 -667.659
  373 372.5 34.681 0.0150525 -138.348 -204.935 -559.756
  374 373.5 34.7885 0.0150992 -141.328 -246.041 -608.079
  375 374.5 34.6665 0.0150462 -20.8961 -170.863 -657.308
  376 375.5 34.5798 0.0150086 -30.1685 -178.807 -661.761
  377 376.5 34.559 0.0149996 35.5575 64.4668 -757.806
  378 377.5 34.5125 0.0149794 280.85 149.814 -585.513
  379 378.5 34.3587 0.0149126 361.205 123.305 -617.14
  380 379.5 34.1538 0.0148237 304.743 227.721 -822.565
  381 380.5 34.1375 0.0148166 639.269 520.833 -533.803
  382 381.5 33.9549 0.0147374 618.633 543.195 -366.645
  383 382.5 33.7272 0.0146385 329.999 361.625 -446.779
  384 383.5 33.5296 0.0145528 586.305 498.586 -239.728
  385 384.5 33.4736 0.0145285 411.075 477.243 -71.1365
  386 385.5 33.1721 0.0143976 300.246 337.341 -86.0631
  387 386.5 32.9874 0.0143174 256.872 458.925 121.067
  388 387.5 32.9867 0.0143171 72.4419 310.051 248.228
  389 388.5 32.7925 0.0142329 -99.8026 69.5732 210.871
  390 389.5 32.6999 0.0141927 -113.489 49.6526 317.447
  391 390.5 32.6246 0.01416 -139.216 -63.795 161.235
  392 391.5 32.6892 0.014188 -93.2916 37.7643 132.862
  393 392.5 32.668 0.0141788 -217.295 -100.981 19.3757
  394 393.5 32.6691 0.0141793 -308.964 -83.0596 -186.073
  395 394.5 32.7344 0.0142077 -122.028 109.733 -136.087
  396 395.5 32.8596 0.014262 96.9498 10.4819 -271.432
  397 396.5 32.8741 0.0142683 -35.1227 -101.903 -313.396
  398 397.5 32.8519 0.0142586 -188.907 -196.523 -603.752
  399 398.5 32.9759 0.0143125 -168.215 39.9174 -400.922
  400 399.5 33.0185 0.0143309 -147.074 -51.6057 -401.845
  401 400.5 33.0405 0.0143405 -211.713 -114.751 -555.161
  402 401.5 33.0614 0.0143496 -183.938 -130.65 -521.994
  403 402.5 33.0853 0.0143599 47.4409 -49.2078 -437.789
  404 403.5 33.1182 0.0143742 -253.698 -386.438 -522.133
  405 404.5 33.1441 0.0143855 -285.202 -389.32 -514.05
  406 405.5 33.1572 0.0143911 -310.791 -355.146 -445.812
  407 406.5 33.1326 0.0143805 -323.898 -200.724 -418.062
  408 407.5 33.1831 0.0144024 -261.949 -258.881 -409.23
  409 408.5 33.1652 0.0143946 -228.63 -223.681 -497.85
  410 409.5 33.1387 0.0143831 -194.821 -166.384 -433.581
  411 410.5 33.1764 0.0143995 -260.922 -234.987 -384.015
  412 411.5 33.1207 0.0143753 -249.211 -267.44 -439.337
  413 412.5 33.2448 0.0144292 -320.11 -408.533 -383.232
  414 413.5 33.1683 0.014396 -329.644 -388.867 -422.256
  415 414.5 33.1861 0.0144037 -320.778 -438.238 -390.809
  416 415.5 33.1959 0.0144079 -331.507 -474.171 -444.244
  417 416.5 33.2363 0.0144255 -310.371 -355.363 -359.208
  418 417.5 33.1687 0.0143961 -285.293 -508.959 -429.767
  419 418.5 33.198 0.0144089 -511.359 -557.262 -336.049
  420 419.5 33.1738 0.0143983 -329.856 -636.073 -484.647
  421 420.5 33.1996 0.0144096 -344.007 -453.536 -442.002
  422 421.5 33.1758 0.0143992 -241.998 -453.554 -310.821
  423 422.5 33.2262 0.0144211 -246.587 -337.169 -327.846
  424 423.5 33.1547 0.0143901 -337.452 -340.863 -482.051
  425 424.5 33.155 0.0143902 -430.905 -336.447 -405.712
  426 425.5 33.1777 0.0144 -346.56 -391.988 -353.381
  427 426.5 33.1704 0.0143969 -149.852 -270.72 -401.639
  428 427.5 33.1602 0.0143925 -194.302 -239.931 -380.441
  429 428.5 33.1355 0.0143817 -210.872 -352.758 -369.044
  430 429.5 33.1762 0.0143994 -338.026 -354.573 -395.679
  431 430.5 33.1731 0.0143981 -340.997 -359.78 -420.196
  432 431.5 33.1193 0.0143747 -516.896 -455.253 -408.159
  433 432.5 33.1304 0.0143795 -452.469 -498.578 -258.42
  434 433.5 33.1492 0.0143877 -376.237 -426.67 -388.095
  435 434.5 33.0896 0.0143618 -517.253 -369.647 -491.602
  436 435.5 33.1428 0.0143849 -478.21 -439.395 -396.657
  437 436.5 33.0815 0.0143583 -372.32 -351.368 -340.461
  438 437.5 33.0975 0.0143652 -386.663 -336.321 -398.162
  439 438.5 33.156 0.0143906 -319.65 -308.257 -391.827
  440 439.5 33.0565 0.0143474 -410.657 -348.74 -424.306
  441 440.5 33.0679 0.0143524 -508.196 -548.631 -379.62
  442 441.5 33.1505 0.0143882 -377.695 -536.007 -285.324
  443 442.5 33.1527 0.0143892 -444.901 -621.855 -411.661
  444 443.5 33.0008 0.0143233 -471.434 -515.184 -428.163
  445 444.5 33.0659 0.0143515 -368.505 -381.359 -405.749
  446 445.5 33.1176 0.0143739 -400.699 -232.005 -364.986
  447 446.5 33.1168 0.0143736 -443.775 -218.701 -354.971
  448 447.5 33.0146 0.0143293 -341.723 -371.657 -461.183
  449 448.5 33.0933 0.0143634 -233.031 -369.868 -327.56
  450 449.5 33.0777 0.0143566 -267.36 -271.906 -282.559
  451 450.5 33.108 0.0143698 -388.581 -228.043 -443.629
  452 451.5 32.9896 0.0143184 -315.812 -318.261 -504.255
  453 452.5 33.0633 0.0143504 -174.165 -400.865 -395.956
  454 453.5 33.0918 0.0143628 -267.765 -289.702 -191.412
  455 454.5 33.1391 0.0143833 -452.285 -332.824 -425.094
  456 455.5 32.9574 0.0143044 -402.698 -313.857 -466.063
  457 456.5 33.0489 0.0143441 -344.652 -222.284 -317.435
  458 457.5 33.1059 0.0143689 -254.441 -403.416 -407.481
  459 458.5 33.0259 0.0143342 -439.024 -473.159 -444.859
  460 459.5 33.0144 0.0143291 -416.137 -383.676 -237.103
  461 460.5 33.1182 0.0143742 -312.807 -458.515 -403.661
  462 461.5 33.0783 0.0143569 -345.342 -522.41 -466.142
  463 462.5 33.0299 0.0143359 -529.765 -536.686 -302.557
  464 463.5 33.0696 0.0143531 -547.541 -480.693 -429.751
  465 464.5 33.0942 0.0143638 -468.919 -494.86 -322.359
  466 465.5 33.081 0.0143581 -409.807 -529.422 -436.385
  467 466.5 33.0886 0.0143614 -452.669 -327.877 -422.563
  468 467.5 33.0478 0.0143437 -353.665 -339.492 -358.556
  469 468.5 33.1264 0.0143778 -291.491 -145.783 -288.632
  470 469.5 33.0893 0.0143617 -324.738 -174.067 -416.059
  471 470.5 33.0877 0.014361 -377.685 -356.415 -383.29
  472 471.5 33.0923 0.014363 -265.043 -349.851 -402.947
  473 472.5 33.148 0.0143872 -292.54 -363.697 -412.278
  474 473.5 33.098 0.0143655 -269.811 -213.915 -387.91
  475 474.5 33.0801 0.0143577 -350.279 -440.796 -362.334
  476 475.5 33.209 0.0144136 -460.161 -391.227 -457.289
  477 476.5 33.1302 0.0143794 -313.234 -253.277 -377.101
  478 477.5 33.0907 0.0143623 -574.905 -314.641 -344.686
  479 478.5 33.13 0.0143794 -262.145 -179.711 -420.618
  480 479.5 33.194 0.0144071 -345.527 -386.268 -326.598
75000000 480 11131
  1 0.5 33.2258 0.0144209 -478.817 -590.7 -370.122
  2 1.5 33.2429 0.0144283 -572.928 -665.502 -540.624
  3 2.5 33.1112 0.0143712 -557.76 -577.792 -405.86
  4 3.5 33.236 0.0144254 -394.132 -436.594 -283.672
  5 4.5 33.2654 0.0144381 -317.708 -383.366 -381.97
  6 5.5 33.1469 0.0143867 -461.826 -469.31 -358.846
  7 6.5 33.1499 0.014388 -563.145 -478.409 -475.719
  8 7.5 33.2355 0.0144251 -336.1 -304.355 -299.293
  9 8.5 33.2538 0.0144331 -380.334 -483.399 -528.445
  10 9.5 33.1734 0.0143982 -232.88 -243.351 -208.062
  11 10.5 33.1898 0.0144053 -335.191 -388.992 -394.286
  12 11.5 33.2483 0.0144307 -593.107 -431.119 -349.124
  13 12.5 33.2392 0.0144267 -400.91 -404.696 -478.447
  14 13.5 33.1846 0.014403 -427.408 -322.685 -449.21
  15 14.5 33.2273 0.0144216 -324.018 -372.812 -241.81
  16 15.5 33.2521 0.0144323 -421.062 -453.59 -343.729
  17 16.5 33.1987 0.0144092 -478.075 -488.125 -466.876
  18 17.5 33.2367 0.0144256 -410.587 -494.413 -478.79
  19 18.5 33.2638 0.0144374 -312.332 -275.17 -206.212
  20 19.5 33.1964 0.0144082 -467.32 -487.502 -518.345
  21 20.5 33.2168 0.014417 -414.078 -425.475 -313.967
  22 21.5 33.2355 0.0144251 -418.481 -398.603 -445.98
  23 22.5 33.2316 0.0144234 -300.493 -369.621 -370.627
  24 23.5 33.2055 0.0144121 -215.47 -241.233 -384.6
  25 24.5 33.2205 0.0144186 -237.774 -250.444 -389.874
  26 25.5 33.269 0.0144397 -247.05 -398.827 -272.164
  27 26.5 33.2223 0.0144194 -384.299 -317.128 -412.368
  28 27.5 33.2059 0.0144123 -247.421 -378.644 -448.991
  29 28.5 33.1799 0.014401 -306.143 -367.805 -366.663
  30 29.5 33.3107 0.0144578 -358.549 -537.143 -334.206
  31 30.5 33.2257 0.0144209 -513.183 -499.46 -424.792
  32 31.5 33.1619 0.0143932 -520.344 -397.933 -424.528
  33 32.5 33.2434 0.0144286 -380.802 -416.456 -402.024
  34 33.5 33.2701 0.0144402 -319.378 -279.671 -346.326
  35 34.5 33.1819 0.0144019 -330.566 -387.3 -388.701
  36 35.5 33.2359 0.0144253 -336.658 -443.225 -334.199
  37 36.5 33.2222 0.0144193 -480.286 -333.001 -414.484
  38 37.5 33.187 0.0144041 -520.171 -530.538 -435.371
  39 38.5 33.2571 0.0144345 -329.071 -538.803 -353.473
  40 39.5 33.1846 0.014403 -422.342 -251.867 -360.741
  41 40.5 33.247 0.0144301 -434.443 -330.964 -345.51
  42 41.5 33.1734 0.0143982 -398.26 -503.429 -492.099
  43 42.5 33.222 0.0144193 -180.903 -240.667 -316.911
  44 43.5 33.1946 0.0144074 -325.751 -275.029 -386.159
  45 44.5 33.2079 0.0144132 -258.249 -297.869 -395.536
  46 45.5 33.1902 0.0144055 -281.562 -328.962 -438.638
  47 46.5 33.2518 0.0144322 -289.679 -409.733 -301.007
  48 47.5 33.1471 0.0143868 -417.34 -515.092 -513.753
  49 48.5 33.1887 0.0144048 -380.757 -393.239 -494.446
  50 49.5 33.2143 0.0144159 -267.584 -301.186 -383.35
  51 50.5 33.203 0.014411 -428.896 -423.854 -434.388
  52 51.5 33.157 0.0143911 -245.51 -271.202 -576.469
  53 52.5 33.1542 0.0143898 -268.22 -325.891 -627.504
  54 53.5 33.1323 0.0143804 -121.307 -208.318 -582.71
  55 54.5 33.134 0.0143811 -82.2434 -185.405 -720.392
  56 55.5 33.0728 0.0143545 -137.126 -46.21 -749.34
  57 56.5 33.0702 0.0143534 -139.041 -114.219 -849.861
  58 57.5 33.0243 0.0143335 93.9821 59.2164 -1160.8
  59 58.5 32.9217 0.0142889 293.551 138.297 -1261.34
  60 59.5 32.8214 0.0142454 514.163 319.639 -1328.31
  61 60.5 32.7635 0.0142203 822.495 711.806 -1466.53
  62 61.5 32.6069 0.0141523 1015.79 933.894 -1966.13
  63 62.5 32.283 0.0140117 1630.83 1449.5 -2122.78
  64 63.5 32.0726 0.0139204 2110.07 1911.77 -2305.86
  65 64.5 31.6234 0.0137254 2701.7 2638.49 -2527.8
  66 65.5 31.1083 0.0135019 3451.55 3347.83 -2518.93
  67 66.5 30.2907 0.013147 4421 4440.44 -2374.87
  68 67.5 29.2594 0.0126994 5308.56 5418.92 -2022.26
  69 68.5 27.7521 0.0120452 6296.66 6359.1 -1196.51
  70 69.5 25.86 0.011224 7183.71 7273.41 -51.9496
  71 70.5 23.5199 0.0102083 7775.2 7776.24 1259.31
  72 71.5 20.5749 0.00893006 7797.74 7855.2 2881.54
  73 72.5 17.29 0.00750432 7549.2 7448.96 4378.36
  74 73.5 13.8861 0.00602697 6477.75 6519.81 5607.54
  75 74.5 10.7002 0.00464417 5074.16 5047.38 6702.13
  76 75.5 7.90825 0.0034324 3153.53 3234.71 7046.14
  77 76.5 5.73374 0.0024886 973.434 780.648 7020.21
  78 77.5 4.07555 0.0017689 -1557.49 -1370.67 6349.58
  79 78.5 2.88972 0.00125422 -4038.77 -4182.89 4197.81
  80 79.5 2.14073 0.000929135 -6484.9 -6800.89 1585.06
  81 80.5 1.65739 0.000719354 -9033.96 -8965.05 -1233.15
  82 81.5 1.33695 0.000580274 -11198.4 -10890.5 -4527.46
  83 82.5 1.14598 0.000497389 -12930.5 -12505.5 -7398.23
  84 83.5 1.008 0.0004375 -14175.6 -13540.3 -10098.2
  85 84.5 0.935912 0.000406212 -14806.1 -13903.5 -11747.3
  86 85.5 0.89036 0.000386441 -15019.6 -14296.1 -12980.9
  87 86.5 0.860264 0.000373378 -15748.6 -14661.5 -13914.9
  88 87.5 0.847448 0.000367816 -15847.8 -14985.2 -14578.6
  89 88.5 0.834464 0.000362181 -15593.2 -15062.4 -14790.1
  90 89.5 0.82968 0.000360104 -15587.6 -15481.1 -14940.3
  91 90.5 0.826376 0.00035867 -15672.5 -15525.8 -15207.3
  92 91.5 0.801064 0.000347684 -15935.2 -15718.8 -15862
  93 92.5 0.802736 0.00034841 -15993.3 -15733.3 -15881.8
  94 93.5 0.797384 0.000346087 -15623.3 -15819.4 -15957.7
  95 94.5 0.808632 0.000350969 -15810.1 -16284.4 -15892.3
  96 95.5 0.804808 0.000349309 -15923.4 -16026.8 -15935.6
  97 96.5 0.807448 0.000350455 -16150.6 -15917.3 -15762
  98 97.5 0.82064 0.000356181 -16354.7 -16411.6 -15664.7
  99 98.5 0.818032 0.000355049 -16439.7 -15948.2 -15618.5
  100 99.5 0.816 0.000354167 -16243.2 -15854.1 -15786.9
  101 100.5 0.807328 0.000350403 -16137.6 -16305.7 -15952.1
  102 101.5 0.81008 0.000351597 -16388.8 -16093.1 -15768.5
  103 102.5 0.813856 0.000353236 -16377.7 -15748.4 -15875.4
  104 103.5 0.817528 0.00035483 -15976.1 -15826.6 -15653.6
  105 104.5 0.816736 0.000354486 -16077.7 -16012.4 -15825
  106 105.5 0.82092 0.000356302 -15985.2 -15637.5 -15610
  107 106.5 0.826664 0.000358795 -15790.7 -16024.3 -15584.9
  108 107.5 0.816112 0.000354215 -15731.5 -15985.8 -15670.5
  109 108.5 0.825808 0.000358424 -15600.6 -15930.3 -15488
  110 109.5 0.828504 0.000359594 -15736.6 -15847.1 -15540.5
  111 110.5 0.813384 0.000353031 -15338.3 -15947.8 -15797.3
  112 111.5 0.809296 0.000351257 -15636.9 -15994.3 -15988.9
  113 112.5 0.804872 0.000349337 -16215.5 -15961.8 -15926.9
  114 113.5 0.804056 0.000348983 -16639.5 -15895.4 -15974.6
  115 114.5 0.808856 0.000351066 -16848.1 -15674.9 -15875.7
  116 115.5 0.815344 0.000353882 -16368.3 -15471.4 -15763.2
  117 116.5 0.813312 0.000353 -15881.3 -15647.2 -15816.1
  118 117.5 0.812792 0.000352774 -15835.6 -15700.3 -15776
  119 118.5 0.82308 0.00035724 -16058.5 -15223.8 -15540.2
  120 119.5 0.806984 0.000350253 -16251.6 -15600.1 -15870.9
  121 120.5 0.811192 0.00035208 -15558 -15937 -15873.3
  122 121.5 0.826904 0.000358899 -15939.8 -15579.5 -15493.1
  123 122.5 0.810056 0.000351587 -15844.9 -15773.5 -15856.9
  124 123.5 0.827104 0.000358986 -16130.5 -15723.8 -15619.4
  125 124.5 0.832344 0.00036126 -16164.9 -15908.2 -15449
  126 125.5 0.817648 0.000354882 -16223.7 -16148.3 -15737.6
  127 126.5 0.812824 0.000352788 -16421 -15911.4 -15747.6
  128 127.5 0.819944 0.000355878 -16834 -15604.7 -15587.5
  129 128.5 0.818456 0.000355233 -15951.8 -15343.6 -15776.8
  130 129.5 0.812808 0.000352781 -15852 -15157.8 -15766.2
  131 130.5 0.812496 0.000352646 -16144.9 -15371 -15787.6
  132 131.5 0.830368 0.000360403 -15965.2 -15669.4 -15492.4
  133 132.5 0.832968 0.000361531 -15634.4 -15640.9 -15362.4
  134 133.5 0.836552 0.000363087 -15729.3 -15674 -15415.6
  135 134.5 0.836488 0.000363059 -15813.5 -15895.1 -15373.4
  136 135.5 0.831416 0.000360858 -15677.1 -15866.5 -15408.3
  137 136.5 0.830752 0.000360569 -16113.5 -15875.4 -15551.2
  138 137.5 0.82844 0.000359566 -15633.2 -15795.4 -15456.1
  139 138.5 0.824144 0.000357701 -15707.3 -15518.2 -15642.6
  140 139.5 0.825784 0.000358413 -15625.9 -15581 -15516.3
  141 140.5 0.830872 0.000360622 -15560.3 -15929.1 -15455.7
  142 141.5 0.827936 0.000359347 -15675.7 -15522.3 -15405.4
  143 142.5 0.8132 0.000352951 -15854.7 -15729.2 -15963.4
  144 143.5 0.82444 0.00035783 -15593.9 -15627.5 -15551.6
  145 144.5 0.820568 0.000356149 -15593.1 -15795.6 -15573.8
  146 145.5 0.825688 0.000358372 -15647.4 -15939.6 -15557
  147 146.5 0.821472 0.000356542 -16017.1 -15758.1 -15645.9
  148 147.5 0.810944 0.000351972 -15523.4 -15951.5 -15931.1
  149 148.5 0.81472 0.000353611 -15605.7 -15958 -15804.1
  150 149.5 0.820896 0.000356292 -15829.7 -16375.9 -15597.3
  151 150.5 0.816384 0.000354333 -15705.5 -16071.6 -15705.5
  152 151.5 0.815688 0.000354031 -15810.6 -15991.2 -15781
  153 152.5 0.822096 0.000356813 -15857 -16033.1 -15590.4
  154 153.5 0.808248 0.000350802 -16201.3 -16082.1 -15818.9
  155 154.5 0.814064 0.000353326 -16106.6 -16515.5 -15859.1
  156 155.5 0.816568 0.000354413 -15874.4 -16214.8 -15864.1
  157 156.5 0.817272 0.000354719 -15644.6 -16226.7 -15597.3
  158 157.5 0.8094 0.000351302 -16003.2 -16541.6 -15955.8
  159 158.5 0.819184 0.000355549 -15963.1 -16103.2 -15636.5
  160 159.5 0.829736 0.000360128 -15811.7 -16225.1 -15493.7
  161 160.5 0.812152 0.000352497 -15733.5 -16387 -15814.5
  162 161.5 0.809952 0.000351542 -16303.2 -16274.2 -15897.5
  163 162.5 0.80644 0.000350017 -16639 -16165.8 -15996.5
  164 163.5 0.815968 0.000354153 -16438.2 -16189.1 -15642.5
  165 164.5 0.823584 0.000357458 -16673.8 -15936.8 -15715.3
  166 165.5 0.83048 0.000360451 -16708 -16189.4 -15339
  167 166.5 0.818024 0.000355045 -16582.2 -15898 -15703.3
  168 167.5 0.819192 0.000355552 -16114.8 -16072.9 -15744.6
  169 168.5 0.828232 0.000359476 -16353.6 -15839.7 -15520.7
  170 169.5 0.81572 0.000354045 -15996 -15705.6 -15794.6
  171 170.5 0.8096 0.000351389 -15486.4 -15640.1 -15803.7
  172 171.5 0.808248 0.000350802 -15561.1 -15702.7 -15940.3
  173 172.5 0.81848 0.000355243 -15602.1 -16241.1 -15667
  174 173.5 0.813912 0.00035326 -15984.1 -16077.1 -15878.4
  175 174.5 0.81652 0.000354392 -15800.4 -15942.9 -15709.5
  176 175.5 0.828 0.000359375 -15452.7 -15588.8 -15465.4
  177 176.5 0.813504 0.000353083 -15665.4 -15811.3 -15770.8
  178 177.5 0.816648 0.000354448 -15636.4 -15581.8 -15862.1
  179 178.5 0.817312 0.000354736 -15967.6 -15060.8 -15621.5
  180 179.5 0.815232 0.000353833 -15605.6 -15437.9 -15802.2
  181 180.5 0.82456 0.000357882 -15619.4 -15424.9 -15679.8
  182 181.5 0.832952 0.000361524 -16049.3 -15738.1 -15341.1
  183 182.5 0.840328 0.000364726 -15676.6 -15887.1 -15287.4
  184 183.5 0.832704 0.000361417 -15648.2 -15569.3 -15445.3
  185 184.5 0.835464 0.000362615 -15362.2 -15725 -15456.6
  186 185.5 0.82504 0.00035809 -15378.4 -15214.7 -15619.8
  187 186.5 0.832784 0.000361451 -15479.8 -14942 -15440.2
  188 187.5 0.822368 0.000356931 -15298.5 -15105.7 -15555.1
  189 188.5 0.810016 0.000351569 -15435.9 -14919 -15825.2
  190 189.5 0.810824 0.00035192 -15415.3 -14663.3 -16035.8
  191 190.5 0.81016 0.000351632 -15694.6 -14835.2 -15747.5
  192 191.5 0.829144 0.000359872 -15678.6 -15317.7 -15394.8
  193 192.5 0.838 0.000363715 -15526.7 -15258.2 -15463.9
  194 193.5 0.840568 0.00036483 -15608.7 -15325.5 -15273.4
  195 194.5 0.829104 0.000359854 -15267.5 -15039.7 -15484.4
  196 195.5 0.839808 0.0003645 -15241.4 -15170.7 -15402.4
  197 196.5 0.843232 0.000365986 -15365.3 -15219.6 -15177.4
  198 197.5 0.836896 0.000363236 -15647.8 -15226 -15366.2
  199 198.5 0.83868 0.00036401 -15861.7 -15590.8 -15299.1
  200 199.5 0.836608 0.000363111 -16245.1 -15353.2 -15457.7
  201 200.5 0.824416 0.000357819 -15606.1 -15337.2 -15452.9
  202 201.5 0.845488 0.000366965 -15404.1 -15183.8 -15296.8
  203 202.5 0.836824 0.000363205 -15204.7 -15848.2 -15286.6
  204 203.5 0.84888 0.000368438 -15331.6 -15188.7 -15113.1
  205 204.5 0.843096 0.000365927 -15573.8 -15116.4 -15308.4
  206 205.5 0.843976 0.000366309 -15021.2 -15338.6 -15291.3
  207 206.5 0.847 0.000367622 -14863.1 -15155.3 -15019.4
  208 207.5 0.835816 0.000362767 -15134.9 -15499.9 -15286.9
  209 208.5 0.843216 0.000365979 -15398.3 -15607.6 -14941.8
  210 209.5 0.836272 0.000362965 -15149.6 -15578.3 -15260.1
  211 210.5 0.85064 0.000369201 -15106.9 -15452.8 -14733
  212 211.5 0.853344 0.000370375 -15355.3 -15617.6 -14634.6
  213 212.5 0.86612 0.00037592 -15291.6 -15304.6 -14093.7
  214 213.5 0.880704 0.00038225 -14709.5 -15259.5 -13657.8
  215 214.5 0.903048 0.000391948 -14585.3 -14595.2 -12949
  216 215.5 0.948232 0.000411559 -14309.4 -14293.3 -11881.9
  217 216.5 1.00231 0.000435031 -13636.1 -13532 -10376.2
  218 217.5 1.09019 0.000473174 -12666.3 -12679 -8548.01
  219 218.5 1.26734 0.000550062 -11761.4 -11442.5 -5604.51
  220 219.5 1.50166 0.00065176 -10351.5 -10301.7 -2709.89
  221 220.5 1.92201 0.000834205 -7453.78 -7621.65 811.03
  222 221.5 2.58493 0.00112193 -5235.93 -5455.63 3563.21
  223 222.5 3.58317 0.00155519 -2363.02 -2563.61 5860.88
  224 223.5 5.04257 0.00218861 96.428 108.757 7227.82
  225 224.5 7.11632 0.00308868 2806.71 2752.26 7655.99
  226 225.5 9.77322 0.00424185 4817.12 4713.13 7381.99
  227 226.5 12.9439 0.005618 6518.76 6526.07 6636.34
  228 227.5 16.4628 0.00714532 7629.1 7663.76 5497.98
  229 228.5 19.9832 0.00867328 8523.82 8485.34 4119.94
  230 229.5 23.2036 0.010071 8440.03 8502.07 2419.16
  231 230.5 25.9022 0.0112423 8076.4 7991.03 804.786
  232 231.5 28.0249 0.0121636 7454.62 7285.54 -418.858
  233 232.5 29.6813 0.0128825 6540.76 6627.66 -1357.28
  234 233.5 31.0334 0.0134694 5530.35 5445.64 -2040.53
  235 234.5 31.8817 0.0138375 4331.22 4347.38 -2451.59
  236 235.5 32.6169 0.0141566 3677.69 3622.04 -2358.67
  237 236.5 33.1668 0.0143953 2704.17 2834.12 -2484.32
  238 237.5 33.5008 0.0145403 2148.97 2125.18 -2398.07
  239 238.5 33.8199 0.0146788 1662.96 1677.32 -2015.35
  240 239.5 34.1083 0.0148039 1193.14 1182.28 -1848.92
  241 240.5 34.2761 0.0148768 799.143 971.324 -1629.47
  242 241.5 34.3146 0.0148935 730.382 544.653 -1531.94
  243 242.5 34.5394 0.0149911 457.52 423.206 -1279.64
  244 243.5 34.611 0.0150221 407.776 262.673 -1155.22
  245 244.5 34.6015 0.015018 159.817 94.3143 -914.139
  246 245.5 34.6678 0.0150468 107.693 -121.382 -836.602
  247 246.5 34.7881 0.015099 -31.0164 -71.9829 -754.503
  248 247.5 34.7574 0.0150857 -173.788 -7.18078 -822.845
  249 248.5 34.7348 0.0150759 -76.2031 -191.496 -584.429
  250 249.5 34.8153 0.0151108 78.1048 -69.156 -514.742
  251 250.5 34.8808 0.0151392 -128.286 -290.132 -370.773
  252 251.5 34.8312 0.0151177 -518.311 -415.863 -516.858
  253 252.5 34.8301 0.0151172 -649.266 -450.034 -475.854
  254 253.5 34.9101 0.015152 -393.822 -304.866 -526.716
  255 254.5 34.9382 0.0151641 -305.716 -284.678 -306.45
  256 255.5 34.852 0.0151267 -326.872 -112.43 -397.351
  257 256.5 34.91 0.0151519 -48.0145 -249.995 -418.166
  258 257.5 34.9591 0.0151732 -223.75 -280.491 -470.978
  259 258.5 34.8985 0.0151469 -529.748 -320.818 -303.882
  260 259.5 34.9161 0.0151545 -421.567 -392.515 -351.874
  261 260.5 34.9518 0.0151701 -326.93 -302.93 -412.556
  262 261.5 34.9441 0.0151667 -233.801 -227.41 -408.17
  263 262.5 34.9074 0.0151508 -408.435 -362.368 -314.642
  264 263.5 34.977 0.015181 -352.363 -268.886 -409.822
  265 264.5 34.9686 0.0151773 -257.012 -372.793 -396.429
  266 265.5 34.9202 0.0151563 -326.416 -341.157 -471.969
  267 266.5 34.9249 0.0151584 -309.812 -235.667 -333.327
  268 267.5 34.9955 0.015189 -210.182 -32.0131 -288.828
  269 268.5 34.9245 0.0151582 -334.226 -174.231 -452.259
  270 269.5 34.9606 0.0151739 -338.224 -297.607 -290.583
  271 270.5 34.9442 0.0151668 -495.516 -456.318 -371.851
  272 271.5 34.9765 0.0151808 -522.119 -460.865 -470.774
  273 272.5 34.9445 0.0151669 -444.553 -217.723 -303.08
  274 273.5 34.9526 0.0151704 -402.73 -280.771 -386.401
  275 274.5 34.9652 0.0151759 -314.656 -220.208 -369.631
  276 275.5 34.8754 0.0151369 -246.368 -271.28 -378.742
  277 276.5 34.9736 0.0151795 -268.982 -210.736 -377.419
  278 277.5 34.9463 0.0151677 -325.886 -299.176 -275.144
  279 278.5 34.9133 0.0151533 -240.034 -359.174 -315.131
  280 279.5 34.8642 0.015132 -255.849 -480.635 -476.85
  281 280.5 34.9038 0.0151492 -333.91 -361.15 -337.677
  282 281.5 34.9092 0.0151516 -282.619 -327.793 -302.892
  283 282.5 34.9575 0.0151725 -442.079 -330.032 -368.902
  284 283.5 34.7841 0.0150973 -234.254 -293.455 -440.178
  285 284.5 34.958 0.0151728 -192.583 -260.123 -301.267
  286 285.5 34.9328 0.0151618 -326.73 -352.991 -388.973
  287 286.5 34.9084 0.0151512 -349.546 -282.24 -232.665
  288 287.5 34.858 0.0151293 -193.539 -210.555 -411.822
  289 288.5 34.9862 0.015185 -324.041 -109.443 -421.132
  290 289.5 34.837 0.0151202 -151.928 -54.6666 -247.591
  291 290.5 34.8839 0.0151406 -210.955 -154.835 -397.699
  292 291.5 34.8986 0.015147 -395.341 -394.118 -485.604
  293 292.5 34.8848 0.015141 -171.166 -207.913 -218.871
  294 293.5 34.8984 0.0151469 -264.261 -326.455 -426.525
  295 294.5 34.8841 0.0151406 -294.875 -332.054 -412.672
  296 295.5 34.8799 0.0151389 -493.59 -435.994 -369.427
  297 296.5 34.8968 0.0151462 -366.066 -366.563 -403.514
  298 297.5 34.9192 0.0151559 -343.127 -336.084 -333.113
  299 298.5 34.8441 0.0151233 -478.899 -330.179 -362.504
  300 299.5 34.8361 0.0151198 -336.577 -348.358 -237.69
  301 300.5 34.8872 0.015142 -285.957 -264.109 -469.891
  302 301.5 34.8663 0.0151329 -446.033 -372.167 -355.798
  303 302.5 34.8301 0.0151172 -317.293 -291.599 -279.24
  304 303.5 34.807 0.0151072 -372.974 -301.93 -459.016
  305 304.5 34.8229 0.0151141 -362.125 -210.707 -427.121
  306 305.5 34.8263 0.0151156 -334.99 -390.035 -292.097
  307 306.5 34.808 0.0151076 -456.105 -586.29 -326.635
  308 307.5 34.9075 0.0151508 -443.994 -321.425 -297.712
  309 308.5 34.8167 0.0151114 -356.346 -380.828 -329.956
  310 309.5 34.7583 0.0150861 -369.385 -452.511 -406.836
  311 310.5 34.8506 0.0151261 -97.5738 -311.51 -325.154
  312 311.5 34.8717 0.0151353 -393.374 -381.292 -279.958
  313 312.5 34.7836 0.015097 -499.496 -473.607 -414.076
  314 313.5 34.7787 0.0150949 -287.67 -325.122 -388.8
  315 314.5 34.883 0.0151402 -465.516 -322.801 -287.928
  316 315.5 34.8553 0.0151282 -488.846 -457.492 -330.563
  317 316.5 34.7801 0.0150955 -622.744 -422.024 -489.948
  318 317.5 34.8654 0.0151326 -298.037 -321.933 -313.095
  319 318.5 34.8653 0.0151325 -263.254 -303.125 -206.05
  320 319.5 34.8 0.0151041 -367.175 -353.417 -354.813
  321 320.5 34.8421 0.0151224 -363.782 -296.662 -478.943
  322 321.5 34.8838 0.0151405 -409.647 -387.64 -467.23
  323 322.5 34.8655 0.0151326 -345.131 -322.812 -186.47
  324 323.5 34.8459 0.0151241 -418.628 -371.552 -423.776
  325 324.5 34.8419 0.0151224 -349.585 -433.407 -306.461
  326 325.5 34.9022 0.0151485 -234.425 -447.716 -379.864
  327 326.5 34.7916 0.0151005 -167.592 -278.877 -420.632
  328 327.5 34.792 0.0151007 -281.277 -390.81 -440.847
  329 328.5 34.8893 0.0151429 -301.81 -452.193 -212.289
  330 329.5 34.8999 0.0151475 -491.85 -459.743 -394.933
  331 330.5 34.8152 0.0151108 -389.504 -406.077 -385.595
  332 331.5 34.8408 0.0151219 -339.631 -329.944 -378.305
  333 332.5 34.9275 0.0151595 -273.664 -197.113 -252.814
  334 333.5 34.8415 0.0151222 -477.046 -352.851 -385.29
  335 334.5 34.8214 0.0151135 -379.242 -383.863 -431.082
  336 335.5 34.9196 0.0151561 -424.747 -466.111 -329.417
  337 336.5 34.8552 0.0151281 -398.827 -435.658 -419.795
  338 337.5 34.847 0.0151246 -548.863 -546.42 -301.013
  339 338.5 34.9052 0.0151498 -375.778 -296.998 -404.693
  340 339.5 34.8808 0.0151392 -238.283 -178.62 -281.611
  341 340.5 34.8123 0.0151095 -293.863 -412.122 -392.175
  342 341.5 34.9431 0.0151663 -267.816 -352.898 -354.315
  343 342.5 34.8941 0.015145 -300.062 -442.628 -440.54
  344 343.5 34.8348 0.0151193 -352.022 -363.09 -315.028
  345 344.5 34.9195 0.015156 -425.801 -303.024 -327.194
  346 345.5 34.9149 0.0151541 -436.215 -351.298 -389.333
  347 346.5 34.9129 0.0151532 -286.027 -282.716 -253.847
  348 347.5 34.8659 0.0151328 -289.184 -369.341 -453.022
  349 348.5 34.9424 0.015166 -225.911 -204.709 -252.396
  350 349.5 34.9044 0.0151495 -384.642 -429.009 -547.167
  351 350.5 34.9049 0.0151497 -406.268 -546.123 -331.298
  352 351.5 34.8712 0.015135 -204.108 -324.23 -324.62
  353 352.5 34.9868 0.0151852 -380.375 -386.003 -346.887
  354 353.5 34.8957 0.0151457 -204.011 -283.362 -465.637
  355 354.5 34.8507 0.0151262 -334.662 -412.372 -320.39
  356 355.5 34.9032 0.0151489 -361.263 -471.37 -421.635
  357 356.5 34.9525 0.0151704 -384.062 -602.833 -406.469
  358 357.5 34.8946 0.0151452 -510.22 -367.236 -283.673
  359 358.5 34.9071 0.0151506 -239.679 -154.514 -332.336
  360 359.5 34.8519 0.0151267 -208.248 -214.01 -410.844
  361 360.5 34.8474 0.0151247 -323.185 -292.716 -484.152
  362 361.5 34.918 0.0151554 -263.722 -243.25 -314.327
  363 362.5 34.8638 0.0151319 -365.772 -426.703 -352.562
  364 363.5 34.8258 0.0151154 -392.098 -363.395 -454.106
  365 364.5 34.8316 0.0151179 -459.953 -323.73 -578.258
  366 365.5 34.8838 0.0151405 -220.643 -330.782 -263.756
  367 366.5 34.7939 0.0151015 -237.188 -407.924 -321.677
  368 367.5 34.8069 0.0151072 -403.551 -356.065 -613.236
  369 368.5 34.8543 0.0151277 -152.683 -239.351 -557.424
  370 369.5 34.7312 0.0150743 -163.115 -96.6236 -400.444
  371 370.5 34.7696 0.015091 -201.09 -176.913 -468.693
  372 371.5 34.7883 0.0150991 -252.552 -194.401 -547.804
  373 372.5 34.6743 0.0150496 -157.244 -206.91 -739.428
  374 373.5 34.5986 0.0150167 -35.1859 -28.6701 -471.877
  375 374.5 34.6779 0.0150512 -136.165 47.1836 -700.358
  376 375.5 34.6136 0.0150233 184.932 195.127 -688.295
  377 376.5 34.4199 0.0149392 165.054 290.866 -602.323
  378 377.5 34.3948 0.0149283 243.194 206.293 -801.84
  379 378.5 34.3724 0.0149186 352.19 375.733 -661.568
  380 379.5 34.1763 0.0148334 529.49 493.618 -580.056
  381 380.5 34.0742 0.0147892 511.05 494.173 -511.578
  382 381.5 33.87 0.0147005 502.694 580.936 -533.346
  383 382.5 33.7706 0.0146574 668.493 515.619 -410.72
  384 383.5 33.5492 0.0145613 428.129 482.288 -322.453
  385 384.5 33.3671 0.0144822 581.828 497.766 -96.3266
  386 385.5 33.2303 0.0144229 440.934 339.393 41.6781
  387 386.5 33.048 0.0143438 157.858 275.808 74.6348
  388 387.5 32.8486 0.0142572 133.439 114.57 89.563
  389 388.5 32.7928 0.014233 45.605 95.6333 229.627
  390 389.5 32.7098 0.014197 -112.56 -62.8025 244.926
  391 390.5 32.6059 0.0141519 -99.7263 17.5718 191.813
  392 391.5 32.604 0.014151 4.06126 -77.4533 123.207
  393 392.5 32.6538 0.0141727 -156.165 -234.112 -30.2582
  394 393.5 32.6742 0.0141815 -180.898 -187.864 28.1451
  395 394.5 32.6648 0.0141775 -170.73 -20.6582 -160.205
  396 395.5 32.7319 0.0142066 -115.438 -12.3985 -331.092
  397 396.5 32.7978 0.0142352 -74.5866 33.3755 -281.138
  398 397.5 32.8449 0.0142556 -187.252 -27.5998 -407.068
  399 398.5 32.9478 0.0143003 -30.1905 -5.40276 -421.096
  400 399.5 32.9465 0.0142997 -306.528 -261.569 -486.253
  401 400.5 32.9705 0.0143101 -55.0214 -120.554 -408.113
  402 401.5 33.024 0.0143333 -135.393 -175.946 -539.452
  403 402.5 33.078 0.0143568 -208.848 -244.206 -513.384
  404 403.5 33.0701 0.0143534 -287.539 -170.75 -412.174
  405 404.5 33.0753 0.0143556 -272.42 -331.028 -531.251
  406 405.5 33.1405 0.0143839 -261.212 -298.921 -466.987
  407 406.5 33.1264 0.0143778 -245.695 -371.449 -463.187
  408 407.5 33.1222 0.0143759 -309.491 -269.175 -464.126
  409 408.5 33.0848 0.0143597 -353.709 -295.914 -515.127
  410 409.5 33.2215 0.0144191 -318.09 -321.249 -398.928
  411 410.5 33.1544 0.0143899 -340.774 -244.277 -410.167
  412 411.5 33.1163 0.0143734 -368.63 -200.707 -414.705
  413 412.5 33.1573 0.0143912 -259.696 -194.835 -358.386
  414 413.5 33.232 0.0144236 -147.274 -352.189 -424.422
  415 414.5 33.1055 0.0143687 -349.509 -400.433 -504.534
  416 415.5 33.1184 0.0143743 -414.813 -474.145 -312.127
  417 416.5 33.2036 0.0144113 -301.514 -354.714 -379.739
  418 417.5 33.1238 0.0143766 -279.762 -333.064 -462.894
  419 418.5 33.0749 0.0143554 -421.604 -385.299 -436.479
  420 419.5 33.1791 0.0144007 -327.187 -379.042 -318.682
  421 420.5 33.1468 0.0143866 -469.753 -256.664 -349.663
  422 421.5 33.1421 0.0143846 -271.397 -569.397 -431.598
  423 422.5 33.06 0.014349 -365.669 -282.199 -353.076
  424 423.5 33.1336 0.0143809 -472.398 -369.134 -320.524
  425 424.5 33.1253 0.0143773 -571.674 -450.501 -312.636
  426 425.5 33.1212 0.0143755 -627.778 -395.734 -487.99
  427 426.5 33.0974 0.0143652 -436.51 -407.66 -356.291
  428 427.5 33.1135 0.0143722 -305.648 -355.002 -315.937
  429 428.5 33.1161 0.0143733 -511.727 -513.366 -395.508
  430 429.5 33.1134 0.0143721 -322.697 -502.593 -435.924
  431 430.5 33.1162 0.0143734 -282.441 -427.232 -420.839
  432 431.5 33.1435 0.0143852 -487.434 -570.561 -322.267
  433 432.5 33.1155 0.014373 -211.49 -252.359 -171.819
  434 433.5 33.1716 0.0143974 -286.252 -416.652 -526.561
  435 434.5 33.0981 0.0143655 -425.354 -483.016 -518.602
  436 435.5 33.1156 0.0143731 -283.681 -420.693 -291.478
  437 436.5 33.1963 0.0144081 -388.084 -347.705 -285.397
  438 437.5 33.1961 0.014408 -537.161 -476.486 -389.364
  439 438.5 33.1009 0.0143667 -593.537 -544.833 -536.016
  440 439.5 33.1285 0.0143787 -566.902 -518.944 -262.595
  441 440.5 33.2096 0.0144139 -478.188 -341.574 -408.772
  442 441.5 33.1085 0.01437 -488.403 -568.309 -420.516
  443 442.5 33.1106 0.0143709 -523.388 -504.605 -417.835
  444 443.5 33.1709 0.0143971 -359.281 -543.763 -397.629
  445 444.5 33.1602 0.0143925 -339.674 -545.7 -341.222
  446 445.5 33.1178 0.0143741 -327.37 -528.93 -312.026
  447 446.5 33.138 0.0143828 -485.19 -351.162 -387.215
  448 447.5 33.1137 0.0143722 -560.054 -251.665 -502.707
  449 448.5 33.1945 0.0144074 -308.387 -192.852 -266.128
  450 449.5 33.1178 0.0143741 -448.202 -333.326 -373.376
  451 450.5 33.1472 0.0143868 -357.191 -374.55 -512.959
  452 451.5 33.1654 0.0143947 -411.457 -312.589 -267.325
  453 452.5 33.1791 0.0144007 -412.56 -410.397 -345.162
  454 453.5 33.206 0.0144123 -384.342 -374.705 -385.242
  455 454.5 33.1257 0.0143775 -207.519 -296.963 -474.375
  456 455.5 33.1875 0.0144043 -222.293 -280.711 -339.11
  457 456.5 33.1442 0.0143855 -236.065 -297.116 -426.666
  458 457.5 33.2029 0.014411 -292.444 -296.115 -355.577
  459 458.5 33.1861 0.0144037 -284.746 -279.514 -404.268
  460 459.5 33.1578 0.0143914 -299.82 -335.467 -347.685
  461 460.5 33.1431 0.014385 -339.068 -256.84 -419.971
  462 461.5 33.2093 0.0144138 -384.065 -326.205 -366.092
  463 462.5 33.1827 0.0144022 -330.626 -410.462 -385.951
  464 463.5 33.1338 0.014381 -301.827 -249.68 -401.678
  465 464.5 33.2255 0.0144208 -471.983 -400.495 -421.761
  466 465.5 33.1651 0.0143946 -331.483 -324.768 -243.183
  467 466.5 33.2183 0.0144177 -265.365 -261.974 -385.263
  468 467.5 33.2003 0.0144098 -410.219 -368.652 -425.173
  469 468.5 33.1365 0.0143822 -455.322 -557.197 -459.28
  470 469.5 33.1726 0.0143978 -462.623 -470.621 -317.752
  471 470.5 33.2557 0.0144339 -333.499 -476.287 -392.294
  472 471.5 33.133 0.0143806 -284.251 -337.904 -358.933
  473 472.5 33.1221 0.0143759 -360.778 -479.776 -357.081
  474 473.5 33.2278 0.0144218 -305.109 -434.208 -344.58
  475 474.5 33.1784 0.0144004 -374.102 -344.207 -487.312
  476 475.5 33.1131 0.014372 -350.441 -306.235 -302.363
  477 476.5 33.1455 0.0143861 -579.693 -289.878 -362.575
  478 477.5 33.2454 0.0144294 -504.59 -465.093 -394.824
  479 478.5 33.1475 0.0143869 -477.839 -534.489 -368.234
  480 479.5 33.1554 0.0143903 -364.181 -429.305 -290.463
