# Chunk-averaged data for fix tensor2 and group c1
# Timestep Number-of-chunks Total-count
# Chunk Coord1 Ncount density/number
52500000 480 4734.000000000002
  1 0.5 20.4431 0.00887288
  2 1.5 19.9113 0.00864205
  3 2.5 19.3038 0.00837836
  4 3.5 18.5662 0.00805826
  5 4.5 17.8683 0.00775533
  6 5.5 17.1442 0.00744104
  7 6.5 16.2622 0.00705823
  8 7.5 15.4971 0.00672615
  9 8.5 14.6945 0.00637781
  10 9.5 13.828 0.00600173
  11 10.5 12.9794 0.00563342
  12 11.5 12.1898 0.0052907
  13 12.5 11.451 0.00497005
  14 13.5 10.6774 0.00463429
  15 14.5 9.93347 0.0043114
  16 15.5 9.35668 0.00406106
  17 16.5 8.79836 0.00381873
  18 17.5 8.28153 0.00359441
  19 18.5 7.79834 0.00338469
  20 19.5 7.42079 0.00322083
  21 20.5 7.07025 0.00306868
  22 21.5 6.74935 0.00292941
  23 22.5 6.4853 0.0028148
  24 23.5 6.25131 0.00271324
  25 24.5 6.06294 0.00263148
  26 25.5 5.88107 0.00255255
  27 26.5 5.68902 0.00246919
  28 27.5 5.54114 0.00240501
  29 28.5 5.45746 0.00236869
  30 29.5 5.36265 0.00232754
  31 30.5 5.22764 0.00226894
  32 31.5 5.16622 0.00224228
  33 32.5 5.11528 0.00222017
  34 33.5 5.0891 0.00220881
  35 34.5 5.00953 0.00217427
  36 35.5 4.96581 0.0021553
  37 36.5 4.92454 0.00213739
  38 37.5 4.9119 0.0021319
  39 38.5 4.93923 0.00214376
  40 39.5 4.9475 0.00214735
  41 40.5 4.90695 0.00212975
  42 41.5 4.91932 0.00213512
  43 42.5 4.91986 0.00213536
  44 43.5 4.9349 0.00214189
  45 44.5 4.9411 0.00214457
  46 45.5 4.97216 0.00215806
  47 46.5 4.98982 0.00216572
  48 47.5 4.97936 0.00216118
  49 48.5 4.95695 0.00215145
  50 49.5 4.97446 0.00215906
  51 50.5 4.95756 0.00215172
  52 51.5 4.92122 0.00213594
  53 52.5 4.93385 0.00214143
  54 53.5 4.93507 0.00214196
  55 54.5 4.89846 0.00212607
  56 55.5 4.9187 0.00213485
  57 56.5 4.87734 0.0021169
  58 57.5 4.90951 0.00213086
  59 58.5 4.8943 0.00212426
  60 59.5 4.89102 0.00212284
  61 60.5 4.87177 0.00211448
  62 61.5 4.87379 0.00211536
  63 62.5 4.85798 0.0021085
  64 63.5 4.86666 0.00211227
  65 64.5 4.87785 0.00211712
  66 65.5 4.88233 0.00211907
  67 66.5 4.91058 0.00213133
  68 67.5 4.92522 0.00213768
  69 68.5 4.95586 0.00215098
  70 69.5 4.97619 0.00215981
  71 70.5 4.96634 0.00215553
  72 71.5 4.93358 0.00214131
  73 72.5 4.94745 0.00214733
  74 73.5 5.0055 0.00217252
  75 74.5 4.95023 0.00214854
  76 75.5 4.9801 0.0021615
  77 76.5 4.9781 0.00216063
  78 77.5 4.95677 0.00215138
  79 78.5 4.9482 0.00214766
  80 79.5 4.9601 0.00215282
  81 80.5 4.94523 0.00214637
  82 81.5 4.96812 0.0021563
  83 82.5 4.97122 0.00215765
  84 83.5 4.94443 0.00214602
  85 84.5 4.95631 0.00215118
  86 85.5 4.95231 0.00214944
  87 86.5 4.94401 0.00214584
  88 87.5 4.95926 0.00215245
  89 88.5 4.95461 0.00215044
  90 89.5 4.9535 0.00214996
  91 90.5 4.94958 0.00214826
  92 91.5 4.94258 0.00214522
  93 92.5 4.94817 0.00214764
  94 93.5 4.93062 0.00214003
  95 94.5 4.97153 0.00215778
  96 95.5 4.92618 0.0021381
  97 96.5 4.91936 0.00213514
  98 97.5 4.89936 0.00212646
  99 98.5 4.93503 0.00214194
  100 99.5 4.90542 0.00212909
  101 100.5 4.92874 0.00213921
  102 101.5 4.91247 0.00213215
  103 102.5 4.93061 0.00214002
  104 103.5 4.92995 0.00213974
  105 104.5 4.87894 0.0021176
  106 105.5 4.89778 0.00212577
  107 106.5 4.91867 0.00213484
  108 107.5 4.89766 0.00212572
  109 108.5 4.90184 0.00212753
  110 109.5 4.88341 0.00211953
  111 110.5 4.88743 0.00212128
  112 111.5 4.88424 0.0021199
  113 112.5 4.8849 0.00212018
  114 113.5 4.88256 0.00211917
  115 114.5 4.87474 0.00211577
  116 115.5 4.88218 0.002119
  117 116.5 4.89866 0.00212615
  118 117.5 4.89068 0.00212269
  119 118.5 4.88798 0.00212152
  120 119.5 4.86387 0.00211106
  121 120.5 4.89318 0.00212377
  122 121.5 4.90192 0.00212757
  123 122.5 4.88098 0.00211848
  124 123.5 4.86889 0.00211323
  125 124.5 4.8733 0.00211515
  126 125.5 4.90391 0.00212843
  127 126.5 4.88836 0.00212168
  128 127.5 4.90985 0.00213101
  129 128.5 4.88018 0.00211813
  130 129.5 4.90678 0.00212968
  131 130.5 4.91626 0.0021338
  132 131.5 4.91556 0.00213349
  133 132.5 4.90068 0.00212703
  134 133.5 4.91705 0.00213414
  135 134.5 4.9422 0.00214505
  136 135.5 4.94509 0.00214631
  137 136.5 4.94106 0.00214456
  138 137.5 4.95471 0.00215048
  139 138.5 4.93162 0.00214046
  140 139.5 4.90427 0.00212859
  141 140.5 4.88972 0.00212227
  142 141.5 4.88556 0.00212047
  143 142.5 4.88538 0.00212039
  144 143.5 4.90711 0.00212982
  145 144.5 4.87838 0.00211735
  146 145.5 4.90722 0.00212987
  147 146.5 4.89685 0.00212537
  148 147.5 4.89014 0.00212245
  149 148.5 4.95092 0.00214884
  150 149.5 4.92891 0.00213928
  151 150.5 4.97416 0.00215892
  152 151.5 4.99296 0.00216708
  153 152.5 5.00613 0.0021728
  154 153.5 5.01535 0.0021768
  155 154.5 5.01955 0.00217863
  156 155.5 5.03511 0.00218538
  157 156.5 5.04171 0.00218824
  158 157.5 5.05898 0.00219574
  159 158.5 5.1035 0.00221506
  160 159.5 5.06962 0.00220036
  161 160.5 5.13232 0.00222757
  162 161.5 5.18384 0.00224993
  163 162.5 5.20284 0.00225818
  164 163.5 5.25493 0.00228078
  165 164.5 5.34382 0.00231936
  166 165.5 5.42494 0.00235458
  167 166.5 5.5708 0.00241788
  168 167.5 5.7016 0.00247465
  169 168.5 5.86224 0.00254438
  170 169.5 6.05858 0.00262959
  171 170.5 6.28651 0.00272852
  172 171.5 6.58415 0.0028577
  173 172.5 6.90523 0.00299706
  174 173.5 7.26885 0.00315488
  175 174.5 7.65988 0.0033246
  176 175.5 8.15067 0.00353762
  177 176.5 8.67775 0.00376639
  178 177.5 9.25983 0.00401902
  179 178.5 9.91746 0.00430445
  180 179.5 10.5658 0.00458584
  181 180.5 11.2844 0.00489774
  182 181.5 12.1203 0.00526055
  183 182.5 12.9373 0.00561517
  184 183.5 13.7415 0.00596419
  185 184.5 14.6155 0.00634352
  186 185.5 15.4651 0.00671227
  187 186.5 16.3464 0.00709478
  188 187.5 17.2296 0.00747812
  189 188.5 18.0278 0.00782455
  190 189.5 18.7445 0.00813563
  191 190.5 19.5641 0.00849136
  192 191.5 20.235 0.00878257
  193 192.5 20.9202 0.00907995
  194 193.5 21.542 0.00934982
  195 194.5 22.057 0.00957334
  196 195.5 22.629 0.0098216
  197 196.5 23.1029 0.0100273
  198 197.5 23.5265 0.0102112
  199 198.5 23.9669 0.0104023
  200 199.5 24.471 0.0106211
  201 200.5 24.9296 0.0108201
  202 201.5 25.36 0.011007
  203 202.5 25.791 0.011194
  204 203.5 26.167 0.0113572
  205 204.5 26.1241 0.0113386
  206 205.5 25.0462 0.0108708
  207 206.5 22.048 0.00956943
  208 207.5 16.5941 0.00720229
  209 208.5 10.0406 0.0043579
  210 209.5 4.76866 0.00206973
  211 210.5 1.81434 0.000787472
  212 211.5 0.590952 0.00025649
  213 212.5 0.191328 8.30417e-05
  214 213.5 0.070488 3.05938e-05
  215 214.5 0.016432 7.13194e-06
  216 215.5 0.002984 1.29514e-06
  217 216.5 0.000256 1.11111e-07
  218 217.5 0 0
  219 218.5 0 0
  220 219.5 0 0
  221 220.5 0 0
  222 221.5 7.2e-05 3.125e-08
  223 222.5 0.010496 4.55556e-06
  224 223.5 0.09148 3.97049e-05
  225 224.5 0.307984 0.000133674
  226 225.5 0.433032 0.000187948
  227 226.5 0.146688 6.36667e-05
  228 227.5 0.010248 4.44792e-06
  229 228.5 0 0
  230 229.5 0 0
  231 230.5 0 0
  232 231.5 0 0
  233 232.5 0 0
  234 233.5 0 0
  235 234.5 0 0
  236 235.5 0 0
  237 236.5 0 0
  238 237.5 0 0
  239 238.5 0 0
  240 239.5 0 0
  241 240.5 0 0
  242 241.5 0 0
  243 242.5 0 0
  244 243.5 0 0
  245 244.5 0 0
  246 245.5 0 0
  247 246.5 0 0
  248 247.5 0 0
  249 248.5 0 0
  250 249.5 0 0
  251 250.5 0 0
  252 251.5 0 0
  253 252.5 0 0
  254 253.5 0 0
  255 254.5 0 0
  256 255.5 0 0
  257 256.5 0 0
  258 257.5 0 0
  259 258.5 0 0
  260 259.5 0 0
  261 260.5 0 0
  262 261.5 0 0
  263 262.5 0 0
  264 263.5 0 0
  265 264.5 0 0
  266 265.5 0 0
  267 266.5 0 0
  268 267.5 0 0
  269 268.5 0 0
  270 269.5 0 0
  271 270.5 0 0
  272 271.5 0 0
  273 272.5 0 0
  274 273.5 0 0
  275 274.5 0 0
  276 275.5 0 0
  277 276.5 0 0
  278 277.5 0 0
  279 278.5 0 0
  280 279.5 0 0
  281 280.5 0 0
  282 281.5 0 0
  283 282.5 0 0
  284 283.5 0 0
  285 284.5 0 0
  286 285.5 0.002616 1.13542e-06
  287 286.5 0.046816 2.03194e-05
  288 287.5 0.200552 8.70451e-05
  289 288.5 0.434976 0.000188792
  290 289.5 0.277176 0.000120302
  291 290.5 0.037632 1.63333e-05
  292 291.5 0.000232 1.00694e-07
  293 292.5 0 0
  294 293.5 0 0
  295 294.5 0 0
  296 295.5 0 0
  297 296.5 0 0
  298 297.5 0 0
  299 298.5 0 0
  300 299.5 0 0
  301 300.5 0 0
  302 301.5 0 0
  303 302.5 0 0
  304 303.5 0 0
  305 304.5 0 0
  306 305.5 0 0
  307 306.5 0 0
  308 307.5 0 0
  309 308.5 0 0
  310 309.5 0 0
  311 310.5 0 0
  312 311.5 0 0
  313 312.5 0 0
  314 313.5 0 0
  315 314.5 0 0
  316 315.5 0 0
  317 316.5 0 0
  318 317.5 0 0
  319 318.5 0 0
  320 319.5 0 0
  321 320.5 0 0
  322 321.5 0 0
  323 322.5 0 0
  324 323.5 0 0
  325 324.5 0 0
  326 325.5 0 0
  327 326.5 0 0
  328 327.5 0 0
  329 328.5 0 0
  330 329.5 0 0
  331 330.5 0 0
  332 331.5 0 0
  333 332.5 0 0
  334 333.5 0 0
  335 334.5 0 0
  336 335.5 0 0
  337 336.5 0 0
  338 337.5 0 0
  339 338.5 0 0
  340 339.5 0 0
  341 340.5 0 0
  342 341.5 0 0
  343 342.5 0 0
  344 343.5 0 0
  345 344.5 0 0
  346 345.5 0 0
  347 346.5 0 0
  348 347.5 5.6e-05 2.43056e-08
  349 348.5 0.00336 1.45833e-06
  350 349.5 0.023408 1.01597e-05
  351 350.5 0.056488 2.45174e-05
  352 351.5 0.180352 7.82778e-05
  353 352.5 0.753608 0.000327087
  354 353.5 2.44806 0.00106253
  355 354.5 6.08132 0.00263946
  356 355.5 11.7957 0.00511965
  357 356.5 18.3796 0.00797727
  358 357.5 23.7612 0.010313
  359 358.5 26.3581 0.0114402
  360 359.5 26.8269 0.0116436
  361 360.5 26.616 0.0115521
  362 361.5 26.5229 0.0115117
  363 362.5 26.194 0.0113689
  364 363.5 25.8912 0.0112375
  365 364.5 25.6176 0.0111188
  366 365.5 25.4565 0.0110488
  367 366.5 25.3929 0.0110212
  368 367.5 25.2145 0.0109438
  369 368.5 25.0517 0.0108731
  370 369.5 25.0397 0.0108679
  371 370.5 24.9716 0.0108384
  372 371.5 24.8499 0.0107855
  373 372.5 24.7063 0.0107232
  374 373.5 24.7712 0.0107514
  375 374.5 24.6803 0.0107119
  376 375.5 24.6633 0.0107046
  377 376.5 24.6315 0.0106907
  378 377.5 24.5559 0.0106579
  379 378.5 24.5707 0.0106644
  380 379.5 24.527 0.0106454
  381 380.5 24.5795 0.0106682
  382 381.5 24.548 0.0106545
  383 382.5 24.4749 0.0106228
  384 383.5 24.5417 0.0106518
  385 384.5 24.4729 0.0106219
  386 385.5 24.4709 0.0106211
  387 386.5 24.4171 0.0105977
  388 387.5 24.4056 0.0105927
  389 388.5 24.4084 0.0105939
  390 389.5 24.4615 0.010617
  391 390.5 24.4311 0.0106038
  392 391.5 24.4063 0.010593
  393 392.5 24.3913 0.0105865
  394 393.5 24.4487 0.0106114
  395 394.5 24.4249 0.0106011
  396 395.5 24.3769 0.0105803
  397 396.5 24.3768 0.0105802
  398 397.5 24.5182 0.0106416
  399 398.5 24.4056 0.0105927
  400 399.5 24.3924 0.010587
  401 400.5 24.4532 0.0106134
  402 401.5 24.4934 0.0106308
  403 402.5 24.4836 0.0106266
  404 403.5 24.4623 0.0106173
  405 404.5 24.5008 0.010634
  406 405.5 24.5027 0.0106348
  407 406.5 24.5472 0.0106542
  408 407.5 24.4642 0.0106181
  409 408.5 24.5245 0.0106443
  410 409.5 24.5199 0.0106423
  411 410.5 24.487 0.010628
  412 411.5 24.4679 0.0106198
  413 412.5 24.5802 0.0106685
  414 413.5 24.5656 0.0106622
  415 414.5 24.4742 0.0106225
  416 415.5 24.4968 0.0106323
  417 416.5 24.5234 0.0106438
  418 417.5 24.4764 0.0106234
  419 418.5 24.4902 0.0106294
  420 419.5 24.5296 0.0106465
  421 420.5 24.5043 0.0106355
  422 421.5 24.4943 0.0106312
  423 422.5 24.5019 0.0106345
  424 423.5 24.4751 0.0106229
  425 424.5 24.4682 0.0106199
  426 425.5 24.4586 0.0106157
  427 426.5 24.5026 0.0106348
  428 427.5 24.4007 0.0105906
  429 428.5 24.4328 0.0106045
  430 429.5 24.4712 0.0106212
  431 430.5 24.3971 0.010589
  432 431.5 24.3494 0.0105683
  433 432.5 24.4071 0.0105934
  434 433.5 24.3984 0.0105896
  435 434.5 24.353 0.0105699
  436 435.5 24.3509 0.010569
  437 436.5 24.311 0.0105516
  438 437.5 24.2991 0.0105465
  439 438.5 24.3116 0.0105519
  440 439.5 24.2736 0.0105354
  441 440.5 24.3112 0.0105517
  442 441.5 24.3 0.0105469
  443 442.5 24.3294 0.0105596
  444 443.5 24.2554 0.0105275
  445 444.5 24.2806 0.0105384
  446 445.5 24.2852 0.0105405
  447 446.5 24.3169 0.0105542
  448 447.5 24.2811 0.0105387
  449 448.5 24.2915 0.0105432
  450 449.5 24.3278 0.0105589
  451 450.5 24.2938 0.0105442
  452 451.5 24.2831 0.0105396
  453 452.5 24.29 0.0105425
  454 453.5 24.3002 0.010547
  455 454.5 24.2426 0.010522
  456 455.5 24.2415 0.0105215
  457 456.5 24.277 0.0105369
  458 457.5 24.2409 0.0105212
  459 458.5 24.2414 0.0105214
  460 459.5 24.2168 0.0105108
  461 460.5 24.1876 0.0104981
  462 461.5 24.1849 0.0104969
  463 462.5 24.1276 0.0104721
  464 463.5 24.1211 0.0104692
  465 464.5 24.1072 0.0104632
  466 465.5 24.0662 0.0104454
  467 466.5 23.9516 0.0103956
  468 467.5 23.9203 0.0103821
  469 468.5 23.8606 0.0103562
  470 469.5 23.7441 0.0103056
  471 470.5 23.6012 0.0102436
  472 471.5 23.4954 0.0101976
  473 472.5 23.2826 0.0101053
  474 473.5 23.0853 0.0100197
  475 474.5 22.8315 0.00990949
  476 475.5 22.5999 0.00980898
  477 476.5 22.2187 0.00964353
  478 477.5 21.8564 0.0094863
  479 478.5 21.4723 0.00931956
  480 479.5 21.0186 0.00912265
55000000 480 4734
  1 0.5 18.5284 0.00804183
  2 1.5 17.7946 0.00772337
  3 2.5 17.0191 0.00738676
  4 3.5 16.2463 0.00705136
  5 4.5 15.4761 0.00671706
  6 5.5 14.6706 0.00636744
  7 6.5 13.8609 0.00601602
  8 7.5 13.0177 0.00565006
  9 8.5 12.2547 0.00531888
  10 9.5 11.4735 0.00497982
  11 10.5 10.7288 0.00465661
  12 11.5 10.0612 0.00436685
  13 12.5 9.44618 0.0040999
  14 13.5 8.87294 0.0038511
  15 14.5 8.34626 0.00362251
  16 15.5 7.86893 0.00341533
  17 16.5 7.46375 0.00323948
  18 17.5 7.06806 0.00306774
  19 18.5 6.70866 0.00291175
  20 19.5 6.42342 0.00278794
  21 20.5 6.18223 0.00268326
  22 21.5 5.97734 0.00259433
  23 22.5 5.756 0.00249826
  24 23.5 5.58828 0.00242547
  25 24.5 5.4692 0.00237378
  26 25.5 5.30842 0.002304
  27 26.5 5.14286 0.00223214
  28 27.5 5.09505 0.00221139
  29 28.5 5.02649 0.00218164
  30 29.5 4.94575 0.00214659
  31 30.5 4.87565 0.00211617
  32 31.5 4.87845 0.00211738
  33 32.5 4.85042 0.00210522
  34 33.5 4.80632 0.00208608
  35 34.5 4.77541 0.00207266
  36 35.5 4.76025 0.00206608
  37 36.5 4.73605 0.00205558
  38 37.5 4.74469 0.00205933
  39 38.5 4.74481 0.00205938
  40 39.5 4.7371 0.00205603
  41 40.5 4.70099 0.00204036
  42 41.5 4.71143 0.00204489
  43 42.5 4.69031 0.00203573
  44 43.5 4.71026 0.00204438
  45 44.5 4.71639 0.00204705
  46 45.5 4.716 0.00204688
  47 46.5 4.69746 0.00203883
  48 47.5 4.70412 0.00204172
  49 48.5 4.69619 0.00203828
  50 49.5 4.67372 0.00202852
  51 50.5 4.70074 0.00204025
  52 51.5 4.70801 0.00204341
  53 52.5 4.6923 0.00203659
  54 53.5 4.69201 0.00203646
  55 54.5 4.68198 0.00203211
  56 55.5 4.70134 0.00204051
  57 56.5 4.70971 0.00204415
  58 57.5 4.685 0.00203342
  59 58.5 4.70966 0.00204412
  60 59.5 4.69329 0.00203702
  61 60.5 4.7177 0.00204761
  62 61.5 4.7061 0.00204258
  63 62.5 4.72135 0.0020492
  64 63.5 4.74179 0.00205807
  65 64.5 4.75901 0.00206554
  66 65.5 4.74585 0.00205983
  67 66.5 4.77042 0.0020705
  68 67.5 4.76676 0.00206891
  69 68.5 4.77344 0.00207181
  70 69.5 4.75607 0.00206427
  71 70.5 4.75927 0.00206566
  72 71.5 4.75391 0.00206333
  73 72.5 4.744 0.00205903
  74 73.5 4.76515 0.00206821
  75 74.5 4.78096 0.00207507
  76 75.5 4.77894 0.00207419
  77 76.5 4.7807 0.00207496
  78 77.5 4.80132 0.00208391
  79 78.5 4.80289 0.00208459
  80 79.5 4.76217 0.00206691
  81 80.5 4.78621 0.00207735
  82 81.5 4.82711 0.0020951
  83 82.5 4.82221 0.00209297
  84 83.5 4.80005 0.00208335
  85 84.5 4.78921 0.00207865
  86 85.5 4.81721 0.0020908
  87 86.5 4.82583 0.00209455
  88 87.5 4.8388 0.00210017
  89 88.5 4.82518 0.00209426
  90 89.5 4.82546 0.00209438
  91 90.5 4.82926 0.00209603
  92 91.5 4.81294 0.00208895
  93 92.5 4.83845 0.00210002
  94 93.5 4.84354 0.00210223
  95 94.5 4.84253 0.00210179
  96 95.5 4.87666 0.00211661
  97 96.5 4.86386 0.00211105
  98 97.5 4.84499 0.00210286
  99 98.5 4.84703 0.00210375
  100 99.5 4.85194 0.00210588
  101 100.5 4.83918 0.00210034
  102 101.5 4.83168 0.00209708
  103 102.5 4.83157 0.00209703
  104 103.5 4.82746 0.00209525
  105 104.5 4.81976 0.00209191
  106 105.5 4.81993 0.00209198
  107 106.5 4.80526 0.00208562
  108 107.5 4.8061 0.00208598
  109 108.5 4.7685 0.00206966
  110 109.5 4.78505 0.00207684
  111 110.5 4.78887 0.0020785
  112 111.5 4.78417 0.00207646
  113 112.5 4.76494 0.00206812
  114 113.5 4.76358 0.00206753
  115 114.5 4.74841 0.00206094
  116 115.5 4.70891 0.0020438
  117 116.5 4.74205 0.00205818
  118 117.5 4.73882 0.00205678
  119 118.5 4.7357 0.00205542
  120 119.5 4.72972 0.00205283
  121 120.5 4.73755 0.00205623
  122 121.5 4.73053 0.00205318
  123 122.5 4.73122 0.00205348
  124 123.5 4.75973 0.00206585
  125 124.5 4.77633 0.00207306
  126 125.5 4.75126 0.00206218
  127 126.5 4.72996 0.00205293
  128 127.5 4.73774 0.00205631
  129 128.5 4.71118 0.00204478
  130 129.5 4.68428 0.00203311
  131 130.5 4.6816 0.00203194
  132 131.5 4.69661 0.00203846
  133 132.5 4.67453 0.00202887
  134 133.5 4.67566 0.00202936
  135 134.5 4.6741 0.00202869
  136 135.5 4.66758 0.00202586
  137 136.5 4.63321 0.00201094
  138 137.5 4.65174 0.00201898
  139 138.5 4.65766 0.00202156
  140 139.5 4.64235 0.00201491
  141 140.5 4.6475 0.00201714
  142 141.5 4.66438 0.00202447
  143 142.5 4.69582 0.00203811
  144 143.5 4.68884 0.00203509
  145 144.5 4.73015 0.00205302
  146 145.5 4.77606 0.00207294
  147 146.5 4.78777 0.00207802
  148 147.5 4.77337 0.00207177
  149 148.5 4.75356 0.00206318
  150 149.5 4.78772 0.002078
  151 150.5 4.79306 0.00208032
  152 151.5 4.82203 0.0020929
  153 152.5 4.85094 0.00210544
  154 153.5 4.84482 0.00210279
  155 154.5 4.88274 0.00211925
  156 155.5 4.9467 0.002147
  157 156.5 4.99127 0.00216635
  158 157.5 5.05808 0.00219535
  159 158.5 5.11214 0.00221881
  160 159.5 5.19094 0.00225301
  161 160.5 5.27576 0.00228983
  162 161.5 5.40336 0.00234521
  163 162.5 5.56467 0.00241522
  164 163.5 5.72265 0.00248379
  165 164.5 5.92438 0.00257134
  166 165.5 6.14407 0.0026667
  167 166.5 6.39567 0.0027759
  168 167.5 6.64074 0.00288227
  169 168.5 6.96765 0.00302415
  170 169.5 7.34034 0.00318591
  171 170.5 7.79886 0.00338492
  172 171.5 8.24334 0.00357784
  173 172.5 8.73215 0.00379
  174 173.5 9.30279 0.00403767
  175 174.5 9.92634 0.00430831
  176 175.5 10.6064 0.00460349
  177 176.5 11.3413 0.00492245
  178 177.5 12.0997 0.00525161
  179 178.5 12.8521 0.00557815
  180 179.5 13.6815 0.00593813
  181 180.5 14.5065 0.00629621
  182 181.5 15.2707 0.00662792
  183 182.5 16.1508 0.00700991
  184 183.5 16.9321 0.007349
  185 184.5 17.75 0.00770401
  186 185.5 18.5517 0.00805195
  187 186.5 19.2788 0.00836755
  188 187.5 19.9074 0.00864034
  189 188.5 20.6002 0.00894105
  190 189.5 21.1893 0.00919675
  191 190.5 21.733 0.00943271
  192 191.5 22.2497 0.00965699
  193 192.5 22.6891 0.0098477
  194 193.5 23.1804 0.0100609
  195 194.5 23.5412 0.0102176
  196 195.5 23.9517 0.0103957
  197 196.5 24.2664 0.0105323
  198 197.5 24.6144 0.0106834
  199 198.5 25.007 0.0108537
  200 199.5 25.3509 0.011003
  201 200.5 25.7777 0.0111883
  202 201.5 26.1014 0.0113287
  203 202.5 26.4469 0.0114787
  204 203.5 26.4729 0.01149
  205 204.5 25.5983 0.0111104
  206 205.5 22.8767 0.00992913
  207 206.5 17.5774 0.00762906
  208 207.5 10.8723 0.00471889
  209 208.5 5.1677 0.00224292
  210 209.5 1.90449 0.000826601
  211 210.5 0.5486 0.000238108
  212 211.5 0.15844 6.87674e-05
  213 212.5 0.043296 1.87917e-05
  214 213.5 0.005544 2.40625e-06
  215 214.5 0.000104 4.51389e-08
  216 215.5 0 0
  217 216.5 0 0
  218 217.5 0 0
  219 218.5 0 0
  220 219.5 0 0
  221 220.5 0 0
  222 221.5 0.001552 6.73611e-07
  223 222.5 0.06184 2.68403e-05
  224 223.5 0.273096 0.000118531
  225 224.5 0.428216 0.000185858
  226 225.5 0.22844 9.91493e-05
  227 226.5 0.006856 2.97569e-06
  228 227.5 0 0
  229 228.5 0 0
  230 229.5 0 0
  231 230.5 0 0
  232 231.5 0 0
  233 232.5 0 0
  234 233.5 0 0
  235 234.5 0 0
  236 235.5 0 0
  237 236.5 0 0
  238 237.5 0 0
  239 238.5 0 0
  240 239.5 0 0
  241 240.5 0 0
  242 241.5 0 0
  243 242.5 0 0
  244 243.5 0 0
  245 244.5 0 0
  246 245.5 0 0
  247 246.5 0 0
  248 247.5 0 0
  249 248.5 0 0
  250 249.5 0 0
  251 250.5 0 0
  252 251.5 0 0
  253 252.5 0 0
  254 253.5 0 0
  255 254.5 0 0
  256 255.5 0 0
  257 256.5 0 0
  258 257.5 0 0
  259 258.5 0 0
  260 259.5 0 0
  261 260.5 0 0
  262 261.5 0 0
  263 262.5 0 0
  264 263.5 0 0
  265 264.5 0 0
  266 265.5 0 0
  267 266.5 0 0
  268 267.5 0 0
  269 268.5 0 0
  270 269.5 0 0
  271 270.5 0 0
  272 271.5 0 0
  273 272.5 0 0
  274 273.5 0 0
  275 274.5 0 0
  276 275.5 0 0
  277 276.5 0 0
  278 277.5 0 0
  279 278.5 0 0
  280 279.5 0 0
  281 280.5 0 0
  282 281.5 0 0
  283 282.5 0 0
  284 283.5 0 0
  285 284.5 0.000112 4.86111e-08
  286 285.5 0.021248 9.22222e-06
  287 286.5 0.1732 7.51736e-05
  288 287.5 0.386688 0.000167833
  289 288.5 0.375296 0.000162889
  290 289.5 0.043384 1.88299e-05
  291 290.5 7.2e-05 3.125e-08
  292 291.5 0 0
  293 292.5 0 0
  294 293.5 0 0
  295 294.5 0 0
  296 295.5 0 0
  297 296.5 0 0
  298 297.5 0 0
  299 298.5 0 0
  300 299.5 0 0
  301 300.5 0 0
  302 301.5 0 0
  303 302.5 0 0
  304 303.5 0 0
  305 304.5 0 0
  306 305.5 0 0
  307 306.5 0 0
  308 307.5 0 0
  309 308.5 0 0
  310 309.5 0 0
  311 310.5 0 0
  312 311.5 0 0
  313 312.5 0 0
  314 313.5 0 0
  315 314.5 0 0
  316 315.5 0 0
  317 316.5 0 0
  318 317.5 0 0
  319 318.5 0 0
  320 319.5 0 0
  321 320.5 0 0
  322 321.5 0 0
  323 322.5 0 0
  324 323.5 0 0
  325 324.5 0 0
  326 325.5 0 0
  327 326.5 0 0
  328 327.5 0 0
  329 328.5 0 0
  330 329.5 0 0
  331 330.5 0 0
  332 331.5 0 0
  333 332.5 0 0
  334 333.5 0 0
  335 334.5 0 0
  336 335.5 0 0
  337 336.5 0 0
  338 337.5 0 0
  339 338.5 0 0
  340 339.5 0 0
  341 340.5 0 0
  342 341.5 0 0
  343 342.5 0 0
  344 343.5 0 0
  345 344.5 0 0
  346 345.5 0 0
  347 346.5 0 0
  348 347.5 0.0016 6.94444e-07
  349 348.5 0.01936 8.40278e-06
  350 349.5 0.073472 3.18889e-05
  351 350.5 0.210496 9.13611e-05
  352 351.5 0.666808 0.000289413
  353 352.5 2.08 0.000902778
  354 353.5 5.22705 0.00226868
  355 354.5 10.5649 0.00458547
  356 355.5 17.299 0.00750823
  357 356.5 23.0919 0.0100225
  358 357.5 26.1581 0.0113534
  359 358.5 26.8169 0.0116393
  360 359.5 26.5798 0.0115364
  361 360.5 26.4679 0.0114878
  362 361.5 26.2308 0.0113849
  363 362.5 25.8698 0.0112282
  364 363.5 25.651 0.0111333
  365 364.5 25.5459 0.0110876
  366 365.5 25.3295 0.0109937
  367 366.5 25.1885 0.0109325
  368 367.5 25.0676 0.0108801
  369 368.5 24.9904 0.0108465
  370 369.5 24.9261 0.0108186
  371 370.5 24.8757 0.0107967
  372 371.5 24.7794 0.0107549
  373 372.5 24.7227 0.0107304
  374 373.5 24.6721 0.0107084
  375 374.5 24.6328 0.0106913
  376 375.5 24.6242 0.0106876
  377 376.5 24.5401 0.0106511
  378 377.5 24.5769 0.0106671
  379 378.5 24.5211 0.0106429
  380 379.5 24.5251 0.0106446
  381 380.5 24.5472 0.0106542
  382 381.5 24.4584 0.0106156
  383 382.5 24.4591 0.0106159
  384 383.5 24.5097 0.0106379
  385 384.5 24.5047 0.0106357
  386 385.5 24.4308 0.0106036
  387 386.5 24.4251 0.0106012
  388 387.5 24.4692 0.0106203
  389 388.5 24.4815 0.0106256
  390 389.5 24.4567 0.0106149
  391 390.5 24.4357 0.0106058
  392 391.5 24.4562 0.0106147
  393 392.5 24.469 0.0106202
  394 393.5 24.4329 0.0106046
  395 394.5 24.3762 0.01058
  396 395.5 24.4255 0.0106013
  397 396.5 24.3902 0.010586
  398 397.5 24.3916 0.0105866
  399 398.5 24.396 0.0105885
  400 399.5 24.4436 0.0106092
  401 400.5 24.3555 0.010571
  402 401.5 24.3825 0.0105827
  403 402.5 24.4178 0.010598
  404 403.5 24.3878 0.010585
  405 404.5 24.3841 0.0105834
  406 405.5 24.4135 0.0105962
  407 406.5 24.4341 0.0106051
  408 407.5 24.392 0.0105868
  409 408.5 24.391 0.0105864
  410 409.5 24.4763 0.0106234
  411 410.5 24.5008 0.010634
  412 411.5 24.4822 0.0106259
  413 412.5 24.5326 0.0106478
  414 413.5 24.4945 0.0106313
  415 414.5 24.4746 0.0106227
  416 415.5 24.5445 0.010653
  417 416.5 24.5659 0.0106623
  418 417.5 24.5608 0.0106601
  419 418.5 24.5713 0.0106646
  420 419.5 24.5859 0.010671
  421 420.5 24.5781 0.0106676
  422 421.5 24.6014 0.0106777
  423 422.5 24.5372 0.0106498
  424 423.5 24.5518 0.0106561
  425 424.5 24.5489 0.0106549
  426 425.5 24.5464 0.0106538
  427 426.5 24.4938 0.010631
  428 427.5 24.5543 0.0106572
  429 428.5 24.5032 0.0106351
  430 429.5 24.4954 0.0106317
  431 430.5 24.508 0.0106372
  432 431.5 24.4343 0.0106052
  433 432.5 24.4856 0.0106274
  434 433.5 24.5262 0.0106451
  435 434.5 24.5145 0.01064
  436 435.5 24.5103 0.0106382
  437 436.5 24.5364 0.0106495
  438 437.5 24.4739 0.0106224
  439 438.5 24.5097 0.0106379
  440 439.5 24.529 0.0106463
  441 440.5 24.5091 0.0106376
  442 441.5 24.4719 0.0106215
  443 442.5 24.5326 0.0106478
  444 443.5 24.572 0.0106649
  445 444.5 24.4846 0.010627
  446 445.5 24.487 0.010628
  447 446.5 24.4651 0.0106185
  448 447.5 24.5379 0.0106501
  449 448.5 24.4691 0.0106203
  450 449.5 24.4831 0.0106264
  451 450.5 24.4181 0.0105982
  452 451.5 24.4327 0.0106045
  453 452.5 24.421 0.0105994
  454 453.5 24.383 0.0105829
  455 454.5 24.3263 0.0105583
  456 455.5 24.4284 0.0106026
  457 456.5 24.3602 0.010573
  458 457.5 24.3503 0.0105687
  459 458.5 24.3487 0.010568
  460 459.5 24.2995 0.0105467
  461 460.5 24.2952 0.0105448
  462 461.5 24.2463 0.0105236
  463 462.5 24.2183 0.0105114
  464 463.5 24.1132 0.0104658
  465 464.5 24.0567 0.0104413
  466 465.5 23.9353 0.0103886
  467 466.5 23.868 0.0103594
  468 467.5 23.6901 0.0102821
  469 468.5 23.561 0.0102261
  470 469.5 23.3375 0.0101291
  471 470.5 23.1605 0.0100523
  472 471.5 22.8811 0.00993105
  473 472.5 22.5573 0.00979051
  474 473.5 22.2729 0.00966706
  475 474.5 21.8429 0.00948043
  476 475.5 21.4005 0.00928841
  477 476.5 20.9544 0.00909481
  478 477.5 20.3948 0.0088519
  479 478.5 19.7956 0.00859185
  480 479.5 19.1676 0.00831925
57500000 480 4733.999999999996
  1 0.5 17.3741 0.00754086
  2 1.5 16.6479 0.00722566
  3 2.5 15.8964 0.00689949
  4 3.5 15.1401 0.00657121
  5 4.5 14.349 0.00622786
  6 5.5 13.5766 0.00589263
  7 6.5 12.825 0.00556639
  8 7.5 12.0586 0.00523376
  9 8.5 11.4023 0.00494893
  10 9.5 10.7113 0.004649
  11 10.5 10.0557 0.00436446
  12 11.5 9.45521 0.00410382
  13 12.5 8.92575 0.00387402
  14 13.5 8.38707 0.00364022
  15 14.5 7.90241 0.00342986
  16 15.5 7.52932 0.00326793
  17 16.5 7.13719 0.00309774
  18 17.5 6.77758 0.00294166
  19 18.5 6.47982 0.00281242
  20 19.5 6.23433 0.00270587
  21 20.5 6.06638 0.00263298
  22 21.5 5.81334 0.00252315
  23 22.5 5.65122 0.00245278
  24 23.5 5.48867 0.00238224
  25 24.5 5.36604 0.00232901
  26 25.5 5.23056 0.00227021
  27 26.5 5.17015 0.00224399
  28 27.5 5.10918 0.00221753
  29 28.5 5.04275 0.00218869
  30 29.5 5.00819 0.00217369
  31 30.5 4.92914 0.00213939
  32 31.5 4.91807 0.00213458
  33 32.5 4.89534 0.00212472
  34 33.5 4.86722 0.00211251
  35 34.5 4.85328 0.00210646
  36 35.5 4.83464 0.00209837
  37 36.5 4.7964 0.00208177
  38 37.5 4.80476 0.0020854
  39 38.5 4.74962 0.00206147
  40 39.5 4.74822 0.00206086
  41 40.5 4.71835 0.0020479
  42 41.5 4.67062 0.00202718
  43 42.5 4.66534 0.00202489
  44 43.5 4.65714 0.00202133
  45 44.5 4.66405 0.00202433
  46 45.5 4.64265 0.00201504
  47 46.5 4.65193 0.00201907
  48 47.5 4.64426 0.00201574
  49 48.5 4.69783 0.00203899
  50 49.5 4.67026 0.00202702
  51 50.5 4.66258 0.00202369
  52 51.5 4.65215 0.00201916
  53 52.5 4.65029 0.00201835
  54 53.5 4.65074 0.00201855
  55 54.5 4.63584 0.00201208
  56 55.5 4.61598 0.00200346
  57 56.5 4.6125 0.00200195
  58 57.5 4.60386 0.0019982
  59 58.5 4.58075 0.00198817
  60 59.5 4.59319 0.00199357
  61 60.5 4.60189 0.00199735
  62 61.5 4.57126 0.00198406
  63 62.5 4.56526 0.00198145
  64 63.5 4.55665 0.00197771
  65 64.5 4.55986 0.00197911
  66 65.5 4.56755 0.00198244
  67 66.5 4.54671 0.0019734
  68 67.5 4.56351 0.00198069
  69 68.5 4.5451 0.0019727
  70 69.5 4.54192 0.00197132
  71 70.5 4.5136 0.00195903
  72 71.5 4.54602 0.0019731
  73 72.5 4.53676 0.00196908
  74 73.5 4.52654 0.00196464
  75 74.5 4.50091 0.00195352
  76 75.5 4.53206 0.00196704
  77 76.5 4.52214 0.00196274
  78 77.5 4.50829 0.00195672
  79 78.5 4.51277 0.00195867
  80 79.5 4.4835 0.00194596
  81 80.5 4.49621 0.00195148
  82 81.5 4.49096 0.0019492
  83 82.5 4.48646 0.00194725
  84 83.5 4.45998 0.00193575
  85 84.5 4.49462 0.00195079
  86 85.5 4.51073 0.00195778
  87 86.5 4.47213 0.00194103
  88 87.5 4.4537 0.00193303
  89 88.5 4.47207 0.001941
  90 89.5 4.46496 0.00193792
  91 90.5 4.4433 0.00192851
  92 91.5 4.45556 0.00193384
  93 92.5 4.44351 0.00192861
  94 93.5 4.46625 0.00193848
  95 94.5 4.44526 0.00192936
  96 95.5 4.43611 0.0019254
  97 96.5 4.45213 0.00193235
  98 97.5 4.46766 0.00193909
  99 98.5 4.49054 0.00194902
  100 99.5 4.47418 0.00194192
  101 100.5 4.49067 0.00194908
  102 101.5 4.50385 0.0019548
  103 102.5 4.50902 0.00195704
  104 103.5 4.50302 0.00195443
  105 104.5 4.49818 0.00195234
  106 105.5 4.52888 0.00196566
  107 106.5 4.53015 0.00196621
  108 107.5 4.53963 0.00197033
  109 108.5 4.53329 0.00196757
  110 109.5 4.5486 0.00197422
  111 110.5 4.5517 0.00197556
  112 111.5 4.56385 0.00198084
  113 112.5 4.58252 0.00198894
  114 113.5 4.58166 0.00198857
  115 114.5 4.57131 0.00198408
  116 115.5 4.59354 0.00199373
  117 116.5 4.58498 0.00199001
  118 117.5 4.57232 0.00198451
  119 118.5 4.59953 0.00199632
  120 119.5 4.62685 0.00200818
  121 120.5 4.63813 0.00201308
  122 121.5 4.65903 0.00202215
  123 122.5 4.66528 0.00202486
  124 123.5 4.65736 0.00202142
  125 124.5 4.66868 0.00202634
  126 125.5 4.68418 0.00203306
  127 126.5 4.68465 0.00203327
  128 127.5 4.67694 0.00202992
  129 128.5 4.67033 0.00202705
  130 129.5 4.67924 0.00203092
  131 130.5 4.66914 0.00202654
  132 131.5 4.67361 0.00202848
  133 132.5 4.69701 0.00203863
  134 133.5 4.68453 0.00203322
  135 134.5 4.6595 0.00202235
  136 135.5 4.68506 0.00203344
  137 136.5 4.70787 0.00204335
  138 137.5 4.68204 0.00203214
  139 138.5 4.71595 0.00204685
  140 139.5 4.7043 0.0020418
  141 140.5 4.7164 0.00204705
  142 141.5 4.74289 0.00205855
  143 142.5 4.72753 0.00205188
  144 143.5 4.74486 0.0020594
  145 144.5 4.77917 0.00207429
  146 145.5 4.77341 0.00207179
  147 146.5 4.76626 0.00206869
  148 147.5 4.76104 0.00206642
  149 148.5 4.78922 0.00207866
  150 149.5 4.79605 0.00208162
  151 150.5 4.81689 0.00209066
  152 151.5 4.8533 0.00210647
  153 152.5 4.87271 0.00211489
  154 153.5 4.91838 0.00213472
  155 154.5 4.98034 0.00216161
  156 155.5 5.03367 0.00218475
  157 156.5 5.07366 0.00220211
  158 157.5 5.14659 0.00223376
  159 158.5 5.26411 0.00228477
  160 159.5 5.39995 0.00234373
  161 160.5 5.52431 0.0023977
  162 161.5 5.69392 0.00247132
  163 162.5 5.84817 0.00253827
  164 163.5 6.06067 0.0026305
  165 164.5 6.34474 0.00275379
  166 165.5 6.66981 0.00289488
  167 166.5 6.98359 0.00303107
  168 167.5 7.36111 0.00319493
  169 168.5 7.79886 0.00338492
  170 169.5 8.28974 0.00359798
  171 170.5 8.75982 0.003802
  172 171.5 9.3749 0.00406897
  173 172.5 10.0114 0.00434521
  174 173.5 10.7122 0.00464941
  175 174.5 11.4577 0.00497295
  176 175.5 12.2508 0.00531717
  177 176.5 13.0397 0.00565958
  178 177.5 13.9085 0.00603667
  179 178.5 14.7847 0.00641697
  180 179.5 15.612 0.00677604
  181 180.5 16.4456 0.00713786
  182 181.5 17.2918 0.00750513
  183 182.5 18.1153 0.00786255
  184 183.5 18.808 0.00816319
  185 184.5 19.53 0.00847658
  186 185.5 20.2362 0.00878306
  187 186.5 20.8621 0.00905472
  188 187.5 21.3839 0.00928119
  189 188.5 21.9368 0.00952119
  190 189.5 22.3955 0.00972026
  191 190.5 22.7668 0.00988144
  192 191.5 23.197 0.0100681
  193 192.5 23.5677 0.010229
  194 193.5 23.9046 0.0103752
  195 194.5 24.1995 0.0105032
  196 195.5 24.5334 0.0106482
  197 196.5 24.81 0.0107682
  198 197.5 25.0591 0.0108763
  199 198.5 25.3587 0.0110064
  200 199.5 25.7792 0.0111889
  201 200.5 26.1391 0.0113451
  202 201.5 26.4149 0.0114648
  203 202.5 26.6593 0.0115709
  204 203.5 26.6198 0.0115537
  205 204.5 24.9891 0.010846
  206 205.5 20.65 0.00896267
  207 206.5 14.1173 0.00612728
  208 207.5 7.64365 0.00331756
  209 208.5 3.13267 0.00135967
  210 209.5 1.00077 0.000434361
  211 210.5 0.303816 0.000131865
  212 211.5 0.067056 2.91042e-05
  213 212.5 0.012584 5.46181e-06
  214 213.5 0.000488 2.11806e-07
  215 214.5 0 0
  216 215.5 0 0
  217 216.5 0 0
  218 217.5 0 0
  219 218.5 0 0
  220 219.5 0 0
  221 220.5 0 0
  222 221.5 0.004232 1.83681e-06
  223 222.5 0.133488 5.79375e-05
  224 223.5 0.411024 0.000178396
  225 224.5 0.378856 0.000164434
  226 225.5 0.071928 3.12188e-05
  227 226.5 0.000472 2.04861e-07
  228 227.5 0 0
  229 228.5 0 0
  230 229.5 0 0
  231 230.5 0 0
  232 231.5 0 0
  233 232.5 0 0
  234 233.5 0 0
  235 234.5 0 0
  236 235.5 0 0
  237 236.5 0 0
  238 237.5 0 0
  239 238.5 0 0
  240 239.5 0 0
  241 240.5 0 0
  242 241.5 0 0
  243 242.5 0 0
  244 243.5 0 0
  245 244.5 0 0
  246 245.5 0 0
  247 246.5 0 0
  248 247.5 0 0
  249 248.5 0 0
  250 249.5 0 0
  251 250.5 0 0
  252 251.5 0 0
  253 252.5 0 0
  254 253.5 0 0
  255 254.5 0 0
  256 255.5 0 0
  257 256.5 0 0
  258 257.5 0 0
  259 258.5 0 0
  260 259.5 0 0
  261 260.5 0 0
  262 261.5 0 0
  263 262.5 0 0
  264 263.5 0 0
  265 264.5 0 0
  266 265.5 0 0
  267 266.5 0 0
  268 267.5 0 0
  269 268.5 0 0
  270 269.5 0 0
  271 270.5 0 0
  272 271.5 0 0
  273 272.5 0 0
  274 273.5 0 0
  275 274.5 0 0
  276 275.5 0 0
  277 276.5 0 0
  278 277.5 0 0
  279 278.5 0 0
  280 279.5 0 0
  281 280.5 0 0
  282 281.5 0 0
  283 282.5 0 0
  284 283.5 0 0
  285 284.5 0.000224 9.72222e-08
  286 285.5 0.046744 2.02882e-05
  287 286.5 0.31296 0.000135833
  288 287.5 0.451496 0.000195962
  289 288.5 0.182272 7.91111e-05
  290 289.5 0.006304 2.73611e-06
  291 290.5 0 0
  292 291.5 0 0
  293 292.5 0 0
  294 293.5 0 0
  295 294.5 0 0
  296 295.5 0 0
  297 296.5 0 0
  298 297.5 0 0
  299 298.5 0 0
  300 299.5 0 0
  301 300.5 0 0
  302 301.5 0 0
  303 302.5 0 0
  304 303.5 0 0
  305 304.5 0 0
  306 305.5 0 0
  307 306.5 0 0
  308 307.5 0 0
  309 308.5 0 0
  310 309.5 0 0
  311 310.5 0 0
  312 311.5 0 0
  313 312.5 0 0
  314 313.5 0 0
  315 314.5 0 0
  316 315.5 0 0
  317 316.5 0 0
  318 317.5 0 0
  319 318.5 0 0
  320 319.5 0 0
  321 320.5 0 0
  322 321.5 0 0
  323 322.5 0 0
  324 323.5 0 0
  325 324.5 0 0
  326 325.5 0 0
  327 326.5 0 0
  328 327.5 0 0
  329 328.5 0 0
  330 329.5 0 0
  331 330.5 0 0
  332 331.5 0 0
  333 332.5 0 0
  334 333.5 0 0
  335 334.5 0 0
  336 335.5 0 0
  337 336.5 0 0
  338 337.5 0 0
  339 338.5 0 0
  340 339.5 0 0
  341 340.5 0 0
  342 341.5 0 0
  343 342.5 0 0
  344 343.5 0 0
  345 344.5 0 0
  346 345.5 0 0
  347 346.5 0.000248 1.07639e-07
  348 347.5 0.013768 5.97569e-06
  349 348.5 0.02936 1.27431e-05
  350 349.5 0.063488 2.75556e-05
  351 350.5 0.281464 0.000122163
  352 351.5 1.13023 0.000490552
  353 352.5 3.3786 0.00146641
  354 353.5 7.70706 0.00334508
  355 354.5 13.9543 0.00605655
  356 355.5 20.5641 0.00892539
  357 356.5 25.1104 0.0108986
  358 357.5 26.7018 0.0115893
  359 358.5 26.7323 0.0116026
  360 359.5 26.5627 0.0115289
  361 360.5 26.3811 0.0114501
  362 361.5 26.0893 0.0113235
  363 362.5 25.7851 0.0111915
  364 363.5 25.5891 0.0111064
  365 364.5 25.4613 0.0110509
  366 365.5 25.2947 0.0109786
  367 366.5 25.1289 0.0109067
  368 367.5 25.0313 0.0108643
  369 368.5 24.936 0.0108229
  370 369.5 24.932 0.0108212
  371 370.5 24.8163 0.010771
  372 371.5 24.7421 0.0107388
  373 372.5 24.7762 0.0107535
  374 373.5 24.6997 0.0107203
  375 374.5 24.6745 0.0107094
  376 375.5 24.697 0.0107192
  377 376.5 24.6788 0.0107113
  378 377.5 24.665 0.0107053
  379 378.5 24.5927 0.0106739
  380 379.5 24.6314 0.0106907
  381 380.5 24.6072 0.0106802
  382 381.5 24.5926 0.0106739
  383 382.5 24.5698 0.010664
  384 383.5 24.5828 0.0106696
  385 384.5 24.5834 0.0106699
  386 385.5 24.5302 0.0106468
  387 386.5 24.5311 0.0106472
  388 387.5 24.5741 0.0106658
  389 388.5 24.5062 0.0106364
  390 389.5 24.5346 0.0106487
  391 390.5 24.5508 0.0106557
  392 391.5 24.5265 0.0106452
  393 392.5 24.4111 0.0105951
  394 393.5 24.4986 0.0106331
  395 394.5 24.4654 0.0106187
  396 395.5 24.469 0.0106202
  397 396.5 24.4637 0.0106179
  398 397.5 24.4627 0.0106175
  399 398.5 24.4784 0.0106243
  400 399.5 24.4805 0.0106252
  401 400.5 24.4723 0.0106217
  402 401.5 24.4168 0.0105976
  403 402.5 24.4424 0.0106087
  404 403.5 24.4833 0.0106264
  405 404.5 24.4674 0.0106195
  406 405.5 24.4525 0.0106131
  407 406.5 24.4359 0.0106059
  408 407.5 24.4608 0.0106166
  409 408.5 24.4528 0.0106132
  410 409.5 24.4204 0.0105991
  411 410.5 24.46 0.0106163
  412 411.5 24.4801 0.010625
  413 412.5 24.4745 0.0106226
  414 413.5 24.4132 0.010596
  415 414.5 24.5066 0.0106365
  416 415.5 24.4922 0.0106303
  417 416.5 24.4457 0.0106101
  418 417.5 24.5067 0.0106366
  419 418.5 24.5288 0.0106462
  420 419.5 24.4952 0.0106316
  421 420.5 24.4562 0.0106147
  422 421.5 24.5232 0.0106438
  423 422.5 24.5291 0.0106463
  424 423.5 24.4528 0.0106132
  425 424.5 24.4242 0.0106008
  426 425.5 24.4874 0.0106282
  427 426.5 24.5106 0.0106383
  428 427.5 24.4151 0.0105968
  429 428.5 24.4528 0.0106132
  430 429.5 24.467 0.0106193
  431 430.5 24.4471 0.0106107
  432 431.5 24.4145 0.0105966
  433 432.5 24.4796 0.0106248
  434 433.5 24.4732 0.0106221
  435 434.5 24.4028 0.0105915
  436 435.5 24.5046 0.0106357
  437 436.5 24.4574 0.0106152
  438 437.5 24.4949 0.0106315
  439 438.5 24.5421 0.010652
  440 439.5 24.5184 0.0106417
  441 440.5 24.4328 0.0106045
  442 441.5 24.4914 0.01063
  443 442.5 24.4936 0.0106309
  444 443.5 24.3781 0.0105808
  445 444.5 24.4275 0.0106022
  446 445.5 24.421 0.0105994
  447 446.5 24.4065 0.0105931
  448 447.5 24.3162 0.0105539
  449 448.5 24.4128 0.0105958
  450 449.5 24.377 0.0105803
  451 450.5 24.3161 0.0105539
  452 451.5 24.3242 0.0105574
  453 452.5 24.3128 0.0105524
  454 453.5 24.3034 0.0105484
  455 454.5 24.3029 0.0105481
  456 455.5 24.2439 0.0105225
  457 456.5 24.1841 0.0104966
  458 457.5 24.1885 0.0104985
  459 458.5 24.1157 0.0104669
  460 459.5 24.0946 0.0104577
  461 460.5 24.0324 0.0104307
  462 461.5 23.9794 0.0104077
  463 462.5 23.8689 0.0103598
  464 463.5 23.7763 0.0103196
  465 464.5 23.7385 0.0103032
  466 465.5 23.6686 0.0102728
  467 466.5 23.417 0.0101636
  468 467.5 23.2248 0.0100802
  469 468.5 23.0423 0.010001
  470 469.5 22.7689 0.00988234
  471 470.5 22.483 0.00975824
  472 471.5 22.1963 0.00963382
  473 472.5 21.8625 0.00948894
  474 473.5 21.4254 0.00929923
  475 474.5 20.9736 0.0091031
  476 475.5 20.4859 0.00889147
  477 476.5 19.9636 0.00866477
  478 477.5 19.3785 0.00841081
  479 478.5 18.752 0.00813887
  480 479.5 18.1276 0.00786789
60000000 480 4734
  1 0.5 16.786 0.00728559
  2 1.5 15.9132 0.00690678
  3 2.5 15.0712 0.00654132
  4 3.5 14.2228 0.0061731
  5 4.5 13.3569 0.00579728
  6 5.5 12.5323 0.00543937
  7 6.5 11.693 0.00507511
  8 7.5 10.9342 0.00474573
  9 8.5 10.2337 0.00444173
  10 9.5 9.56459 0.0041513
  11 10.5 8.9126 0.00386832
  12 11.5 8.37431 0.00363468
  13 12.5 7.90186 0.00342962
  14 13.5 7.46608 0.00324049
  15 14.5 7.05821 0.00306346
  16 15.5 6.67672 0.00289788
  17 16.5 6.38009 0.00276914
  18 17.5 6.14886 0.00266878
  19 18.5 5.90097 0.00256118
  20 19.5 5.7063 0.00247669
  21 20.5 5.53941 0.00240426
  22 21.5 5.38669 0.00233797
  23 22.5 5.30446 0.00230228
  24 23.5 5.21676 0.00226422
  25 24.5 5.14399 0.00223264
  26 25.5 5.07427 0.00220237
  27 26.5 5.03086 0.00218353
  28 27.5 4.97663 0.00216
  29 28.5 4.98793 0.0021649
  30 29.5 4.97036 0.00215727
  31 30.5 4.95357 0.00214999
  32 31.5 4.94364 0.00214568
  33 32.5 4.94514 0.00214633
  34 33.5 4.92581 0.00213794
  35 34.5 4.91155 0.00213175
  36 35.5 4.89605 0.00212502
  37 36.5 4.87337 0.00211518
  38 37.5 4.8335 0.00209787
  39 38.5 4.82965 0.0020962
  40 39.5 4.84805 0.00210419
  41 40.5 4.83584 0.00209889
  42 41.5 4.82738 0.00209522
  43 42.5 4.81758 0.00209096
  44 43.5 4.81428 0.00208953
  45 44.5 4.80069 0.00208363
  46 45.5 4.81943 0.00209177
  47 46.5 4.84108 0.00210116
  48 47.5 4.8174 0.00209089
  49 48.5 4.83927 0.00210038
  50 49.5 4.85552 0.00210743
  51 50.5 4.8788 0.00211753
  52 51.5 4.91698 0.0021341
  53 52.5 4.91946 0.00213518
  54 53.5 4.91382 0.00213273
  55 54.5 4.92868 0.00213918
  56 55.5 4.95139 0.00214904
  57 56.5 4.98014 0.00216152
  58 57.5 4.98282 0.00216268
  59 58.5 4.9739 0.00215881
  60 59.5 4.98268 0.00216262
  61 60.5 5.0021 0.00217105
  62 61.5 5.01007 0.00217451
  63 62.5 5.00054 0.00217037
  64 63.5 5.00635 0.0021729
  65 64.5 5.02765 0.00218214
  66 65.5 4.99864 0.00216955
  67 66.5 5.02668 0.00218172
  68 67.5 5.01486 0.00217659
  69 68.5 5.01196 0.00217533
  70 69.5 4.97728 0.00216028
  71 70.5 4.96708 0.00215585
  72 71.5 4.96293 0.00215405
  73 72.5 4.98244 0.00216252
  74 73.5 4.9999 0.0021701
  75 74.5 5.00371 0.00217175
  76 75.5 4.99084 0.00216616
  77 76.5 5.01405 0.00217624
  78 77.5 5.05993 0.00219615
  79 78.5 5.05357 0.00219339
  80 79.5 5.06321 0.00219757
  81 80.5 5.06282 0.00219741
  82 81.5 5.04878 0.00219131
  83 82.5 5.03815 0.0021867
  84 83.5 5.06314 0.00219754
  85 84.5 5.04222 0.00218846
  86 85.5 5.04594 0.00219008
  87 86.5 5.0808 0.00220521
  88 87.5 5.07075 0.00220085
  89 88.5 5.0877 0.0022082
  90 89.5 5.08974 0.00220909
  91 90.5 5.07558 0.00220294
  92 91.5 5.05842 0.0021955
  93 92.5 5.0843 0.00220673
  94 93.5 5.05871 0.00219562
  95 94.5 5.02138 0.00217942
  96 95.5 5.01295 0.00217576
  97 96.5 4.99877 0.0021696
  98 97.5 4.99707 0.00216887
  99 98.5 4.99847 0.00216948
  100 99.5 5.00944 0.00217424
  101 100.5 4.97138 0.00215772
  102 101.5 4.9603 0.00215291
  103 102.5 4.96585 0.00215532
  104 103.5 4.9741 0.0021589
  105 104.5 4.94588 0.00214665
  106 105.5 4.94042 0.00214428
  107 106.5 4.92303 0.00213673
  108 107.5 4.8968 0.00212535
  109 108.5 4.87832 0.00211733
  110 109.5 4.89621 0.00212509
  111 110.5 4.9345 0.00214171
  112 111.5 4.89764 0.00212571
  113 112.5 4.89557 0.00212481
  114 113.5 4.88859 0.00212178
  115 114.5 4.90709 0.00212981
  116 115.5 4.91325 0.00213249
  117 116.5 4.90504 0.00212892
  118 117.5 4.91838 0.00213472
  119 118.5 4.88702 0.0021211
  120 119.5 4.90421 0.00212856
  121 120.5 4.88327 0.00211948
  122 121.5 4.87766 0.00211704
  123 122.5 4.89099 0.00212283
  124 123.5 4.86082 0.00210973
  125 124.5 4.86673 0.0021123
  126 125.5 4.84653 0.00210353
  127 126.5 4.82187 0.00209283
  128 127.5 4.83095 0.00209677
  129 128.5 4.84629 0.00210342
  130 129.5 4.84426 0.00210255
  131 130.5 4.82772 0.00209536
  132 131.5 4.82174 0.00209277
  133 132.5 4.81883 0.00209151
  134 133.5 4.81875 0.00209147
  135 134.5 4.8129 0.00208893
  136 135.5 4.79157 0.00207967
  137 136.5 4.79982 0.00208326
  138 137.5 4.79449 0.00208094
  139 138.5 4.81792 0.00209111
  140 139.5 4.83482 0.00209845
  141 140.5 4.81898 0.00209157
  142 141.5 4.84319 0.00210208
  143 142.5 4.86027 0.00210949
  144 143.5 4.86567 0.00211184
  145 144.5 4.89558 0.00212482
  146 145.5 4.88686 0.00212103
  147 146.5 4.89558 0.00212482
  148 147.5 4.89892 0.00212627
  149 148.5 4.92728 0.00213858
  150 149.5 4.93899 0.00214366
  151 150.5 4.89822 0.00212596
  152 151.5 4.93626 0.00214248
  153 152.5 4.98118 0.00216197
  154 153.5 4.96662 0.00215565
  155 154.5 4.99831 0.00216941
  156 155.5 5.04142 0.00218812
  157 156.5 5.04754 0.00219077
  158 157.5 5.11933 0.00222193
  159 158.5 5.21121 0.00226181
  160 159.5 5.28748 0.00229491
  161 160.5 5.4097 0.00234796
  162 161.5 5.51039 0.00239166
  163 162.5 5.6302 0.00244366
  164 163.5 5.80486 0.00251947
  165 164.5 5.98484 0.00259759
  166 165.5 6.25313 0.00271403
  167 166.5 6.52195 0.00283071
  168 167.5 6.87884 0.00298561
  169 168.5 7.27143 0.003156
  170 169.5 7.73909 0.00335898
  171 170.5 8.27253 0.00359051
  172 171.5 8.79441 0.00381702
  173 172.5 9.36478 0.00406458
  174 173.5 10.1199 0.00439232
  175 174.5 10.8594 0.00471326
  176 175.5 11.625 0.00504556
  177 176.5 12.4622 0.00540896
  178 177.5 13.3655 0.00580098
  179 178.5 14.176 0.00615278
  180 179.5 15.0771 0.00654387
  181 180.5 16.0081 0.00694796
  182 181.5 16.9216 0.00734445
  183 182.5 17.7415 0.00770029
  184 183.5 18.5508 0.00805157
  185 184.5 19.3274 0.00838861
  186 185.5 20.0303 0.0086937
  187 186.5 20.6093 0.00894499
  188 187.5 21.1976 0.00920035
  189 188.5 21.782 0.00945399
  190 189.5 22.2962 0.00967716
  191 190.5 22.7606 0.00987875
  192 191.5 23.1315 0.0100397
  193 192.5 23.4618 0.0101831
  194 193.5 23.7983 0.0103291
  195 194.5 24.1059 0.0104626
  196 195.5 24.4472 0.0106108
  197 196.5 24.703 0.0107218
  198 197.5 24.937 0.0108234
  199 198.5 25.3241 0.0109914
  200 199.5 25.7456 0.0111743
  201 200.5 26.0623 0.0113118
  202 201.5 26.3013 0.0114155
  203 202.5 26.7429 0.0116072
  204 203.5 26.8508 0.011654
  205 204.5 25.1776 0.0109278
  206 205.5 20.6801 0.00897575
  207 206.5 13.5628 0.00588665
  208 207.5 6.76712 0.00293712
  209 208.5 2.60366 0.00113006
  210 209.5 0.786688 0.000341444
  211 210.5 0.21212 9.2066e-05
  212 211.5 0.122728 5.32674e-05
  213 212.5 0.044808 1.94479e-05
  214 213.5 0.001744 7.56944e-07
  215 214.5 0 0
  216 215.5 0 0
  217 216.5 0 0
  218 217.5 0 0
  219 218.5 0 0
  220 219.5 0 0
  221 220.5 0 0
  222 221.5 0.000304 1.31944e-07
  223 222.5 0.071 3.0816e-05
  224 223.5 0.560944 0.000243465
  225 224.5 0.355848 0.000154448
  226 225.5 0.011904 5.16667e-06
  227 226.5 0 0
  228 227.5 0 0
  229 228.5 0 0
  230 229.5 0 0
  231 230.5 0 0
  232 231.5 0 0
  233 232.5 0 0
  234 233.5 0 0
  235 234.5 0 0
  236 235.5 0 0
  237 236.5 0 0
  238 237.5 0 0
  239 238.5 0 0
  240 239.5 0 0
  241 240.5 0 0
  242 241.5 0 0
  243 242.5 0 0
  244 243.5 0 0
  245 244.5 0 0
  246 245.5 0 0
  247 246.5 0 0
  248 247.5 0 0
  249 248.5 0 0
  250 249.5 0 0
  251 250.5 0 0
  252 251.5 0 0
  253 252.5 0 0
  254 253.5 0 0
  255 254.5 0 0
  256 255.5 0 0
  257 256.5 0 0
  258 257.5 0 0
  259 258.5 0 0
  260 259.5 0 0
  261 260.5 0 0
  262 261.5 0 0
  263 262.5 0 0
  264 263.5 0 0
  265 264.5 0 0
  266 265.5 0 0
  267 266.5 0 0
  268 267.5 0 0
  269 268.5 0 0
  270 269.5 0 0
  271 270.5 0 0
  272 271.5 0 0
  273 272.5 0 0
  274 273.5 0 0
  275 274.5 0 0
  276 275.5 0 0
  277 276.5 0 0
  278 277.5 0 0
  279 278.5 0 0
  280 279.5 0 0
  281 280.5 0 0
  282 281.5 0 0
  283 282.5 0 0
  284 283.5 0 0
  285 284.5 1.6e-05 6.94444e-09
  286 285.5 0.014208 6.16667e-06
  287 286.5 0.328896 0.00014275
  288 287.5 0.585016 0.000253913
  289 288.5 0.071448 3.10104e-05
  290 289.5 0.000416 1.80556e-07
  291 290.5 0 0
  292 291.5 0 0
  293 292.5 0 0
  294 293.5 0 0
  295 294.5 0 0
  296 295.5 0 0
  297 296.5 0 0
  298 297.5 0 0
  299 298.5 0 0
  300 299.5 0 0
  301 300.5 0 0
  302 301.5 0 0
  303 302.5 0 0
  304 303.5 0 0
  305 304.5 0 0
  306 305.5 0 0
  307 306.5 0 0
  308 307.5 0 0
  309 308.5 0 0
  310 309.5 0 0
  311 310.5 0 0
  312 311.5 0 0
  313 312.5 0 0
  314 313.5 0 0
  315 314.5 0 0
  316 315.5 0 0
  317 316.5 0 0
  318 317.5 0 0
  319 318.5 0 0
  320 319.5 0 0
  321 320.5 0 0
  322 321.5 0 0
  323 322.5 0 0
  324 323.5 0 0
  325 324.5 0 0
  326 325.5 0 0
  327 326.5 0 0
  328 327.5 0 0
  329 328.5 0 0
  330 329.5 0 0
  331 330.5 0 0
  332 331.5 0 0
  333 332.5 0 0
  334 333.5 0 0
  335 334.5 0 0
  336 335.5 0 0
  337 336.5 0 0
  338 337.5 0 0
  339 338.5 0 0
  340 339.5 0 0
  341 340.5 0 0
  342 341.5 0 0
  343 342.5 0 0
  344 343.5 0 0
  345 344.5 0 0
  346 345.5 0.000152 6.59722e-08
  347 346.5 0.008064 3.5e-06
  348 347.5 0.017112 7.42708e-06
  349 348.5 0.044576 1.93472e-05
  350 349.5 0.114568 4.97257e-05
  351 350.5 0.367096 0.00015933
  352 351.5 1.24482 0.000540288
  353 352.5 3.54868 0.00154023
  354 353.5 8.06353 0.0034998
  355 354.5 14.2794 0.00619767
  356 355.5 20.7367 0.00900032
  357 356.5 25.0582 0.010876
  358 357.5 26.5774 0.0115353
  359 358.5 26.7354 0.0116039
  360 359.5 26.5274 0.0115136
  361 360.5 26.3271 0.0114267
  362 361.5 26.0229 0.0112947
  363 362.5 25.7104 0.011159
  364 363.5 25.5366 0.0110836
  365 364.5 25.4285 0.0110367
  366 365.5 25.2331 0.0109519
  367 366.5 25.065 0.0108789
  368 367.5 25.0047 0.0108527
  369 368.5 24.9604 0.0108335
  370 369.5 24.8195 0.0107723
  371 370.5 24.7593 0.0107462
  372 371.5 24.7119 0.0107257
  373 372.5 24.6389 0.010694
  374 373.5 24.661 0.0107035
  375 374.5 24.6021 0.010678
  376 375.5 24.4962 0.010632
  377 376.5 24.5386 0.0106504
  378 377.5 24.5766 0.0106669
  379 378.5 24.4773 0.0106238
  380 379.5 24.4639 0.010618
  381 380.5 24.5444 0.010653
  382 381.5 24.4974 0.0106326
  383 382.5 24.4772 0.0106238
  384 383.5 24.4403 0.0106078
  385 384.5 24.4631 0.0106176
  386 385.5 24.465 0.0106185
  387 386.5 24.462 0.0106172
  388 387.5 24.3901 0.010586
  389 388.5 24.4616 0.010617
  390 389.5 24.4332 0.0106047
  391 390.5 24.4171 0.0105977
  392 391.5 24.438 0.0106068
  393 392.5 24.4609 0.0106167
  394 393.5 24.4125 0.0105957
  395 394.5 24.4242 0.0106008
  396 395.5 24.4333 0.0106047
  397 396.5 24.4653 0.0106186
  398 397.5 24.467 0.0106193
  399 398.5 24.4002 0.0105904
  400 399.5 24.4201 0.010599
  401 400.5 24.4649 0.0106184
  402 401.5 24.4881 0.0106285
  403 402.5 24.431 0.0106037
  404 403.5 24.4631 0.0106177
  405 404.5 24.4608 0.0106167
  406 405.5 24.43 0.0106033
  407 406.5 24.435 0.0106055
  408 407.5 24.4325 0.0106044
  409 408.5 24.5089 0.0106375
  410 409.5 24.4617 0.0106171
  411 410.5 24.4222 0.0105999
  412 411.5 24.519 0.0106419
  413 412.5 24.5017 0.0106344
  414 413.5 24.4898 0.0106292
  415 414.5 24.4987 0.0106331
  416 415.5 24.4643 0.0106182
  417 416.5 24.4741 0.0106224
  418 417.5 24.5293 0.0106464
  419 418.5 24.4649 0.0106184
  420 419.5 24.435 0.0106055
  421 420.5 24.4801 0.010625
  422 421.5 24.4777 0.010624
  423 422.5 24.4543 0.0106139
  424 423.5 24.4518 0.0106128
  425 424.5 24.4504 0.0106122
  426 425.5 24.4912 0.0106299
  427 426.5 24.4345 0.0106053
  428 427.5 24.4604 0.0106165
  429 428.5 24.51 0.010638
  430 429.5 24.4821 0.0106259
  431 430.5 24.3932 0.0105873
  432 431.5 24.421 0.0105994
  433 432.5 24.5136 0.0106396
  434 433.5 24.5222 0.0106433
  435 434.5 24.4732 0.010622
  436 435.5 24.5204 0.0106425
  437 436.5 24.5058 0.0106362
  438 437.5 24.5474 0.0106543
  439 438.5 24.5204 0.0106425
  440 439.5 24.5095 0.0106378
  441 440.5 24.4953 0.0106316
  442 441.5 24.4893 0.010629
  443 442.5 24.5374 0.0106499
  444 443.5 24.4234 0.0106004
  445 444.5 24.4732 0.0106221
  446 445.5 24.4049 0.0105924
  447 446.5 24.4875 0.0106283
  448 447.5 24.4199 0.0105989
  449 448.5 24.4193 0.0105986
  450 449.5 24.4044 0.0105922
  451 450.5 24.3648 0.010575
  452 451.5 24.3451 0.0105665
  453 452.5 24.3789 0.0105811
  454 453.5 24.3344 0.0105618
  455 454.5 24.2849 0.0105403
  456 455.5 24.3399 0.0105642
  457 456.5 24.2522 0.0105261
  458 457.5 24.2492 0.0105248
  459 458.5 24.2331 0.0105178
  460 459.5 24.1714 0.010491
  461 460.5 24.1399 0.0104774
  462 461.5 24.0784 0.0104507
  463 462.5 23.9415 0.0103913
  464 463.5 23.8072 0.010333
  465 464.5 23.721 0.0102956
  466 465.5 23.5615 0.0102264
  467 466.5 23.3729 0.0101445
  468 467.5 23.1882 0.0100643
  469 468.5 22.9825 0.00997504
  470 469.5 22.7801 0.0098872
  471 470.5 22.3969 0.00972087
  472 471.5 22.0824 0.00958436
  473 472.5 21.7616 0.00944514
  474 473.5 21.2462 0.00922146
  475 474.5 20.7666 0.00901328
  476 475.5 20.2711 0.00879824
  477 476.5 19.6583 0.00853226
  478 477.5 19.0076 0.00824982
  479 478.5 18.2659 0.0079279
  480 479.5 17.5475 0.00761609
62500000 480 4733.999999999998
  1 0.5 12.506 0.00542795
  2 1.5 11.7581 0.00510334
  3 2.5 11.055 0.00479818
  4 3.5 10.4166 0.00452108
  5 4.5 9.84614 0.0042735
  6 5.5 9.21954 0.00400154
  7 6.5 8.6585 0.00375803
  8 7.5 8.1733 0.00354744
  9 8.5 7.7258 0.00335321
  10 9.5 7.32553 0.00317948
  11 10.5 6.98665 0.0030324
  12 11.5 6.67034 0.00289511
  13 12.5 6.38404 0.00277085
  14 13.5 6.13716 0.0026637
  15 14.5 5.90932 0.00256481
  16 15.5 5.72476 0.0024847
  17 16.5 5.61346 0.0024364
  18 17.5 5.50696 0.00239017
  19 18.5 5.36452 0.00232835
  20 19.5 5.26308 0.00228432
  21 20.5 5.18909 0.00225221
  22 21.5 5.09897 0.00221309
  23 22.5 5.05069 0.00219214
  24 23.5 4.99628 0.00216852
  25 24.5 4.94655 0.00214694
  26 25.5 4.89011 0.00212244
  27 26.5 4.88813 0.00212158
  28 27.5 4.86121 0.0021099
  29 28.5 4.86354 0.00211091
  30 29.5 4.84296 0.00210198
  31 30.5 4.79827 0.00208258
  32 31.5 4.79977 0.00208323
  33 32.5 4.79335 0.00208045
  34 33.5 4.79218 0.00207994
  35 34.5 4.7561 0.00206428
  36 35.5 4.79106 0.00207945
  37 36.5 4.77806 0.00207381
  38 37.5 4.77413 0.0020721
  39 38.5 4.75724 0.00206477
  40 39.5 4.75377 0.00206327
  41 40.5 4.76709 0.00206905
  42 41.5 4.78317 0.00207603
  43 42.5 4.74686 0.00206027
  44 43.5 4.75826 0.00206522
  45 44.5 4.76286 0.00206722
  46 45.5 4.79122 0.00207952
  47 46.5 4.81199 0.00208854
  48 47.5 4.78506 0.00207685
  49 48.5 4.74858 0.00206102
  50 49.5 4.74346 0.0020588
  51 50.5 4.76061 0.00206624
  52 51.5 4.74502 0.00205947
  53 52.5 4.73633 0.0020557
  54 53.5 4.73107 0.00205342
  55 54.5 4.73201 0.00205382
  56 55.5 4.74796 0.00206075
  57 56.5 4.73082 0.00205331
  58 57.5 4.76782 0.00206937
  59 58.5 4.73618 0.00205564
  60 59.5 4.72989 0.0020529
  61 60.5 4.73794 0.0020564
  62 61.5 4.77293 0.00207158
  63 62.5 4.79036 0.00207915
  64 63.5 4.75257 0.00206275
  65 64.5 4.77398 0.00207204
  66 65.5 4.77619 0.002073
  67 66.5 4.80224 0.00208431
  68 67.5 4.79658 0.00208185
  69 68.5 4.80773 0.00208669
  70 69.5 4.81978 0.00209192
  71 70.5 4.81599 0.00209027
  72 71.5 4.78233 0.00207566
  73 72.5 4.82317 0.00209339
  74 73.5 4.78425 0.0020765
  75 74.5 4.76007 0.002066
  76 75.5 4.77411 0.0020721
  77 76.5 4.77298 0.0020716
  78 77.5 4.75933 0.00206568
  79 78.5 4.74044 0.00205748
  80 79.5 4.77592 0.00207288
  81 80.5 4.78208 0.00207556
  82 81.5 4.8197 0.00209189
  83 82.5 4.81455 0.00208965
  84 83.5 4.81033 0.00208782
  85 84.5 4.81066 0.00208796
  86 85.5 4.80188 0.00208415
  87 86.5 4.83269 0.00209752
  88 87.5 4.83739 0.00209956
  89 88.5 4.84678 0.00210364
  90 89.5 4.85929 0.00210907
  91 90.5 4.85958 0.00210919
  92 91.5 4.85234 0.00210605
  93 92.5 4.85654 0.00210787
  94 93.5 4.86982 0.00211364
  95 94.5 4.86634 0.00211212
  96 95.5 4.87399 0.00211545
  97 96.5 4.87785 0.00211712
  98 97.5 4.84903 0.00210461
  99 98.5 4.85692 0.00210804
  100 99.5 4.85795 0.00210849
  101 100.5 4.83315 0.00209772
  102 101.5 4.8472 0.00210382
  103 102.5 4.83836 0.00209998
  104 103.5 4.79546 0.00208136
  105 104.5 4.83437 0.00209825
  106 105.5 4.79736 0.00208219
  107 106.5 4.79942 0.00208308
  108 107.5 4.7787 0.00207409
  109 108.5 4.80253 0.00208443
  110 109.5 4.79821 0.00208256
  111 110.5 4.81374 0.0020893
  112 111.5 4.78919 0.00207864
  113 112.5 4.78031 0.00207479
  114 113.5 4.79779 0.00208238
  115 114.5 4.77003 0.00207033
  116 115.5 4.78691 0.00207765
  117 116.5 4.81939 0.00209175
  118 117.5 4.85264 0.00210618
  119 118.5 4.83062 0.00209662
  120 119.5 4.79016 0.00207906
  121 120.5 4.82357 0.00209356
  122 121.5 4.81074 0.00208799
  123 122.5 4.83067 0.00209665
  124 123.5 4.82695 0.00209503
  125 124.5 4.81897 0.00209157
  126 125.5 4.81384 0.00208934
  127 126.5 4.79857 0.00208271
  128 127.5 4.79553 0.00208139
  129 128.5 4.77394 0.00207202
  130 129.5 4.78133 0.00207523
  131 130.5 4.76386 0.00206765
  132 131.5 4.7871 0.00207773
  133 132.5 4.77726 0.00207346
  134 133.5 4.77865 0.00207407
  135 134.5 4.77988 0.0020746
  136 135.5 4.80729 0.0020865
  137 136.5 4.78357 0.0020762
  138 137.5 4.78345 0.00207615
  139 138.5 4.78204 0.00207554
  140 139.5 4.82786 0.00209542
  141 140.5 4.81928 0.0020917
  142 141.5 4.7975 0.00208225
  143 142.5 4.80094 0.00208374
  144 143.5 4.8079 0.00208676
  145 144.5 4.82498 0.00209418
  146 145.5 4.82776 0.00209538
  147 146.5 4.8931 0.00212374
  148 147.5 4.92311 0.00213677
  149 148.5 5.01729 0.00217764
  150 149.5 5.07545 0.00220289
  151 150.5 5.09031 0.00220934
  152 151.5 5.20782 0.00226034
  153 152.5 5.26417 0.0022848
  154 153.5 5.3581 0.00232556
  155 154.5 5.51382 0.00239315
  156 155.5 5.67623 0.00246364
  157 156.5 5.86096 0.00254382
  158 157.5 6.0504 0.00262604
  159 158.5 6.32087 0.00274343
  160 159.5 6.63434 0.00287949
  161 160.5 6.93279 0.00300902
  162 161.5 7.24975 0.00314659
  163 162.5 7.68447 0.00333527
  164 163.5 8.14141 0.0035336
  165 164.5 8.64694 0.00375301
  166 165.5 9.16044 0.00397589
  167 166.5 9.78666 0.00424768
  168 167.5 10.4127 0.00451939
  169 168.5 11.1533 0.00484084
  170 169.5 11.8483 0.00514248
  171 170.5 12.5916 0.00546511
  172 171.5 13.4599 0.00584199
  173 172.5 14.2504 0.00618505
  174 173.5 14.9948 0.00650814
  175 174.5 15.8669 0.00688669
  176 175.5 16.6812 0.0072401
  177 176.5 17.4588 0.0075776
  178 177.5 18.1907 0.00789528
  179 178.5 18.9265 0.00821462
  180 179.5 19.5797 0.00849813
  181 180.5 20.2359 0.00878294
  182 181.5 20.7848 0.00902118
  183 182.5 21.3111 0.0092496
  184 183.5 21.7929 0.00945871
  185 184.5 22.2455 0.00965516
  186 185.5 22.5608 0.00979203
  187 186.5 22.9504 0.00996109
  188 187.5 23.2733 0.0101013
  189 188.5 23.5589 0.0102252
  190 189.5 23.7609 0.0103129
  191 190.5 23.9496 0.0103948
  192 191.5 24.2367 0.0105194
  193 192.5 24.4545 0.0106139
  194 193.5 24.6226 0.0106869
  195 194.5 24.8681 0.0107934
  196 195.5 25.1156 0.0109009
  197 196.5 25.3353 0.0109962
  198 197.5 25.6071 0.0111142
  199 198.5 25.9131 0.011247
  200 199.5 26.1955 0.0113696
  201 200.5 26.4856 0.0114955
  202 201.5 26.5102 0.0115062
  203 202.5 25.814 0.011204
  204 203.5 23.609 0.0102469
  205 204.5 19.1449 0.00830943
  206 205.5 12.9718 0.00563014
  207 206.5 6.83586 0.00296695
  208 207.5 2.76704 0.00120097
  209 208.5 0.884112 0.000383729
  210 209.5 0.264384 0.00011475
  211 210.5 0.091056 3.95208e-05
  212 211.5 0.019752 8.57292e-06
  213 212.5 0.001008 4.375e-07
  214 213.5 0 0
  215 214.5 0 0
  216 215.5 0 0
  217 216.5 0 0
  218 217.5 0 0
  219 218.5 0 0
  220 219.5 0.005888 2.55556e-06
  221 220.5 0.078976 3.42778e-05
  222 221.5 0.135744 5.89167e-05
  223 222.5 0.446472 0.000193781
  224 223.5 0.30412 0.000131997
  225 224.5 0.028712 1.24618e-05
  226 225.5 8.8e-05 3.81944e-08
  227 226.5 0 0
  228 227.5 0 0
  229 228.5 0 0
  230 229.5 0 0
  231 230.5 0 0
  232 231.5 0 0
  233 232.5 0 0
  234 233.5 0 0
  235 234.5 0 0
  236 235.5 0 0
  237 236.5 0 0
  238 237.5 0 0
  239 238.5 0 0
  240 239.5 0 0
  241 240.5 0 0
  242 241.5 0 0
  243 242.5 0 0
  244 243.5 0 0
  245 244.5 0 0
  246 245.5 0 0
  247 246.5 0 0
  248 247.5 0 0
  249 248.5 0 0
  250 249.5 0 0
  251 250.5 0 0
  252 251.5 0 0
  253 252.5 0 0
  254 253.5 0 0
  255 254.5 0 0
  256 255.5 0 0
  257 256.5 0 0
  258 257.5 0 0
  259 258.5 0 0
  260 259.5 0 0
  261 260.5 0 0
  262 261.5 0 0
  263 262.5 0 0
  264 263.5 0 0
  265 264.5 0 0
  266 265.5 0 0
  267 266.5 0 0
  268 267.5 0 0
  269 268.5 0 0
  270 269.5 0 0
  271 270.5 0 0
  272 271.5 0 0
  273 272.5 0 0
  274 273.5 0 0
  275 274.5 0 0
  276 275.5 0 0
  277 276.5 0 0
  278 277.5 0 0
  279 278.5 0 0
  280 279.5 0 0
  281 280.5 0 0
  282 281.5 0 0
  283 282.5 0.000448 1.94444e-07
  284 283.5 0.04304 1.86806e-05
  285 284.5 0.09884 4.28993e-05
  286 285.5 0.322976 0.000140181
  287 286.5 0.432568 0.000187747
  288 287.5 0.101104 4.38819e-05
  289 288.5 0.001024 4.44444e-07
  290 289.5 0 0
  291 290.5 0 0
  292 291.5 0 0
  293 292.5 0 0
  294 293.5 0 0
  295 294.5 0 0
  296 295.5 0 0
  297 296.5 0 0
  298 297.5 0 0
  299 298.5 0 0
  300 299.5 0 0
  301 300.5 0 0
  302 301.5 0 0
  303 302.5 0 0
  304 303.5 0 0
  305 304.5 0 0
  306 305.5 0 0
  307 306.5 0 0
  308 307.5 0 0
  309 308.5 0 0
  310 309.5 0 0
  311 310.5 0 0
  312 311.5 0 0
  313 312.5 0 0
  314 313.5 0 0
  315 314.5 0 0
  316 315.5 0 0
  317 316.5 0 0
  318 317.5 0 0
  319 318.5 0 0
  320 319.5 0 0
  321 320.5 0 0
  322 321.5 0 0
  323 322.5 0 0
  324 323.5 0 0
  325 324.5 0 0
  326 325.5 0 0
  327 326.5 0 0
  328 327.5 0 0
  329 328.5 0 0
  330 329.5 0 0
  331 330.5 0 0
  332 331.5 0 0
  333 332.5 0 0
  334 333.5 0 0
  335 334.5 0 0
  336 335.5 0 0
  337 336.5 0 0
  338 337.5 0 0
  339 338.5 0 0
  340 339.5 0 0
  341 340.5 0 0
  342 341.5 0 0
  343 342.5 1.6e-05 6.94444e-09
  344 343.5 0.00024 1.04167e-07
  345 344.5 0.002 8.68056e-07
  346 345.5 0.000688 2.98611e-07
  347 346.5 0.00848 3.68056e-06
  348 347.5 0.043952 1.90764e-05
  349 348.5 0.188032 8.16111e-05
  350 349.5 0.561848 0.000243858
  351 350.5 1.7444 0.000757118
  352 351.5 4.60986 0.00200081
  353 352.5 9.46738 0.00410911
  354 353.5 15.6666 0.00679973
  355 354.5 21.6421 0.00939326
  356 355.5 25.4189 0.0110325
  357 356.5 26.7161 0.0115955
  358 357.5 26.7407 0.0116062
  359 358.5 26.5549 0.0115256
  360 359.5 26.4105 0.0114629
  361 360.5 26.0863 0.0113222
  362 361.5 25.8019 0.0111987
  363 362.5 25.6771 0.0111446
  364 363.5 25.5082 0.0110713
  365 364.5 25.2952 0.0109788
  366 365.5 25.2539 0.0109609
  367 366.5 25.1615 0.0109208
  368 367.5 25.049 0.010872
  369 368.5 24.9548 0.0108311
  370 369.5 25.0082 0.0108543
  371 370.5 24.8736 0.0107958
  372 371.5 24.8371 0.01078
  373 372.5 24.8364 0.0107797
  374 373.5 24.7389 0.0107374
  375 374.5 24.745 0.01074
  376 375.5 24.7328 0.0107347
  377 376.5 24.6922 0.0107171
  378 377.5 24.6688 0.0107069
  379 378.5 24.6822 0.0107127
  380 379.5 24.6522 0.0106998
  381 380.5 24.6379 0.0106935
  382 381.5 24.6294 0.0106898
  383 382.5 24.5931 0.0106741
  384 383.5 24.6237 0.0106874
  385 384.5 24.5724 0.0106651
  386 385.5 24.5456 0.0106535
  387 386.5 24.5665 0.0106626
  388 387.5 24.5669 0.0106627
  389 388.5 24.5494 0.0106551
  390 389.5 24.5618 0.0106605
  391 390.5 24.4977 0.0106327
  392 391.5 24.5563 0.0106581
  393 392.5 24.5459 0.0106536
  394 393.5 24.5284 0.010646
  395 394.5 24.4991 0.0106333
  396 395.5 24.5602 0.0106598
  397 396.5 24.5256 0.0106448
  398 397.5 24.51 0.010638
  399 398.5 24.5234 0.0106438
  400 399.5 24.5009 0.0106341
  401 400.5 24.4766 0.0106235
  402 401.5 24.4587 0.0106158
  403 402.5 24.445 0.0106098
  404 403.5 24.4725 0.0106217
  405 404.5 24.4684 0.01062
  406 405.5 24.4808 0.0106254
  407 406.5 24.3979 0.0105894
  408 407.5 24.4302 0.0106034
  409 408.5 24.4725 0.0106217
  410 409.5 24.4432 0.010609
  411 410.5 24.4384 0.0106069
  412 411.5 24.4074 0.0105935
  413 412.5 24.4766 0.0106235
  414 413.5 24.4243 0.0106008
  415 414.5 24.3923 0.0105869
  416 415.5 24.4238 0.0106006
  417 416.5 24.4103 0.0105948
  418 417.5 24.4488 0.0106115
  419 418.5 24.4258 0.0106015
  420 419.5 24.4645 0.0106183
  421 420.5 24.4901 0.0106294
  422 421.5 24.445 0.0106098
  423 422.5 24.4722 0.0106216
  424 423.5 24.4614 0.0106169
  425 424.5 24.439 0.0106072
  426 425.5 24.5192 0.010642
  427 426.5 24.4922 0.0106303
  428 427.5 24.4873 0.0106282
  429 428.5 24.4666 0.0106192
  430 429.5 24.4988 0.0106332
  431 430.5 24.5418 0.0106518
  432 431.5 24.4468 0.0106106
  433 432.5 24.4426 0.0106088
  434 433.5 24.4894 0.0106291
  435 434.5 24.4304 0.0106035
  436 435.5 24.3941 0.0105877
  437 436.5 24.4348 0.0106054
  438 437.5 24.4121 0.0105955
  439 438.5 24.3347 0.0105619
  440 439.5 24.4084 0.0105939
  441 440.5 24.3378 0.0105633
  442 441.5 24.3443 0.0105661
  443 442.5 24.2871 0.0105413
  444 443.5 24.2698 0.0105338
  445 444.5 24.3422 0.0105652
  446 445.5 24.3257 0.010558
  447 446.5 24.2372 0.0105196
  448 447.5 24.2142 0.0105097
  449 448.5 24.2681 0.010533
  450 449.5 24.2026 0.0105046
  451 450.5 24.106 0.0104627
  452 451.5 24.1349 0.0104752
  453 452.5 24.1849 0.0104969
  454 453.5 24.0056 0.0104191
  455 454.5 23.9597 0.0103992
  456 455.5 23.9103 0.0103777
  457 456.5 23.7748 0.0103189
  458 457.5 23.6791 0.0102774
  459 458.5 23.5455 0.0102194
  460 459.5 23.4011 0.0101567
  461 460.5 23.2273 0.0100813
  462 461.5 23.033 0.00999697
  463 462.5 22.7979 0.00989494
  464 463.5 22.5189 0.00977382
  465 464.5 22.2262 0.00964677
  466 465.5 21.9172 0.00951267
  467 466.5 21.4969 0.00933026
  468 467.5 21.0577 0.00913962
  469 468.5 20.6204 0.00894984
  470 469.5 20.1295 0.00873675
  471 470.5 19.54 0.00848092
  472 471.5 18.9148 0.00820956
  473 472.5 18.3136 0.00794863
  474 473.5 17.727 0.00769401
  475 474.5 16.9516 0.00735748
  476 475.5 16.2265 0.00704274
  477 476.5 15.47 0.00671442
  478 477.5 14.7423 0.00639855
  479 478.5 13.9382 0.00604955
  480 479.5 13.2388 0.00574599
65000000 480 4734
  1 0.5 8.48046 0.00368076
  2 1.5 7.94478 0.00344825
  3 2.5 7.52952 0.00326802
  4 3.5 7.14794 0.00310241
  5 4.5 6.82395 0.00296178
  6 5.5 6.49537 0.00281917
  7 6.5 6.22681 0.00270261
  8 7.5 6.02548 0.00261523
  9 8.5 5.81406 0.00252347
  10 9.5 5.64604 0.00245054
  11 10.5 5.49987 0.0023871
  12 11.5 5.39283 0.00234064
  13 12.5 5.2751 0.00228954
  14 13.5 5.21235 0.00226231
  15 14.5 5.14401 0.00223264
  16 15.5 5.08466 0.00220688
  17 16.5 5.03575 0.00218566
  18 17.5 4.98752 0.00216472
  19 18.5 4.95591 0.002151
  20 19.5 4.93145 0.00214039
  21 20.5 4.88774 0.00212141
  22 21.5 4.85026 0.00210515
  23 22.5 4.87738 0.00211692
  24 23.5 4.85679 0.00210798
  25 24.5 4.81466 0.0020897
  26 25.5 4.80802 0.00208682
  27 26.5 4.79522 0.00208126
  28 27.5 4.82413 0.00209381
  29 28.5 4.81724 0.00209082
  30 29.5 4.82939 0.00209609
  31 30.5 4.81651 0.0020905
  32 31.5 4.83247 0.00209743
  33 32.5 4.82242 0.00209307
  34 33.5 4.83274 0.00209754
  35 34.5 4.81621 0.00209037
  36 35.5 4.8382 0.00209991
  37 36.5 4.81355 0.00208922
  38 37.5 4.82322 0.00209341
  39 38.5 4.83434 0.00209824
  40 39.5 4.84276 0.00210189
  41 40.5 4.8181 0.00209119
  42 41.5 4.80844 0.002087
  43 42.5 4.81422 0.0020895
  44 43.5 4.84166 0.00210141
  45 44.5 4.86162 0.00211008
  46 45.5 4.89583 0.00212493
  47 46.5 4.88198 0.00211891
  48 47.5 4.89725 0.00212554
  49 48.5 4.89937 0.00212646
  50 49.5 4.90256 0.00212785
  51 50.5 4.86642 0.00211216
  52 51.5 4.87958 0.00211787
  53 52.5 4.87021 0.00211381
  54 53.5 4.86881 0.0021132
  55 54.5 4.8385 0.00210005
  56 55.5 4.84841 0.00210434
  57 56.5 4.8275 0.00209527
  58 57.5 4.80786 0.00208675
  59 58.5 4.81982 0.00209193
  60 59.5 4.83944 0.00210045
  61 60.5 4.82563 0.00209446
  62 61.5 4.80149 0.00208398
  63 62.5 4.80071 0.00208364
  64 63.5 4.82284 0.00209325
  65 64.5 4.82323 0.00209342
  66 65.5 4.85543 0.00210739
  67 66.5 4.82963 0.00209619
  68 67.5 4.81533 0.00208999
  69 68.5 4.81118 0.00208818
  70 69.5 4.82135 0.0020926
  71 70.5 4.78594 0.00207723
  72 71.5 4.73473 0.002055
  73 72.5 4.73596 0.00205554
  74 73.5 4.78729 0.00207782
  75 74.5 4.7882 0.00207821
  76 75.5 4.77848 0.00207399
  77 76.5 4.78256 0.00207576
  78 77.5 4.82526 0.0020943
  79 78.5 4.83356 0.0020979
  80 79.5 4.82162 0.00209272
  81 80.5 4.83642 0.00209914
  82 81.5 4.83557 0.00209877
  83 82.5 4.84323 0.0021021
  84 83.5 4.86149 0.00211002
  85 84.5 4.86423 0.00211121
  86 85.5 4.87617 0.00211639
  87 86.5 4.8749 0.00211584
  88 87.5 4.86234 0.00211039
  89 88.5 4.85567 0.0021075
  90 89.5 4.85428 0.00210689
  91 90.5 4.8428 0.00210191
  92 91.5 4.85099 0.00210547
  93 92.5 4.81423 0.00208951
  94 93.5 4.82982 0.00209628
  95 94.5 4.82214 0.00209294
  96 95.5 4.79855 0.0020827
  97 96.5 4.80134 0.00208391
  98 97.5 4.77052 0.00207054
  99 98.5 4.77006 0.00207034
  100 99.5 4.75174 0.00206239
  101 100.5 4.76941 0.00207006
  102 101.5 4.80082 0.00208369
  103 102.5 4.78054 0.00207489
  104 103.5 4.76026 0.00206608
  105 104.5 4.79885 0.00208283
  106 105.5 4.78843 0.00207831
  107 106.5 4.8077 0.00208667
  108 107.5 4.83112 0.00209684
  109 108.5 4.80761 0.00208664
  110 109.5 4.80011 0.00208338
  111 110.5 4.80564 0.00208578
  112 111.5 4.80471 0.00208538
  113 112.5 4.76614 0.00206864
  114 113.5 4.75959 0.0020658
  115 114.5 4.76955 0.00207012
  116 115.5 4.76746 0.00206921
  117 116.5 4.74086 0.00205766
  118 117.5 4.74701 0.00206033
  119 118.5 4.7503 0.00206176
  120 119.5 4.75253 0.00206273
  121 120.5 4.74122 0.00205782
  122 121.5 4.7525 0.00206272
  123 122.5 4.75046 0.00206183
  124 123.5 4.75781 0.00206502
  125 124.5 4.76514 0.0020682
  126 125.5 4.78067 0.00207494
  127 126.5 4.8165 0.0020905
  128 127.5 4.84593 0.00210327
  129 128.5 4.82317 0.00209339
  130 129.5 4.829 0.00209592
  131 130.5 4.86173 0.00211013
  132 131.5 4.85548 0.00210741
  133 132.5 4.8782 0.00211727
  134 133.5 4.88076 0.00211839
  135 134.5 4.89052 0.00212262
  136 135.5 4.90664 0.00212962
  137 136.5 4.92285 0.00213665
  138 137.5 4.92847 0.00213909
  139 138.5 4.93677 0.00214269
  140 139.5 4.96428 0.00215464
  141 140.5 4.98274 0.00216265
  142 141.5 5.02261 0.00217995
  143 142.5 5.07118 0.00220103
  144 143.5 5.09931 0.00221324
  145 144.5 5.15416 0.00223705
  146 145.5 5.2343 0.00227183
  147 146.5 5.3044 0.00230226
  148 147.5 5.37871 0.00233451
  149 148.5 5.48409 0.00238025
  150 149.5 5.60898 0.00243445
  151 150.5 5.78738 0.00251188
  152 151.5 5.98645 0.00259828
  153 152.5 6.20953 0.00269511
  154 153.5 6.41862 0.00278586
  155 154.5 6.68834 0.00290292
  156 155.5 7.00134 0.00303877
  157 156.5 7.33136 0.00318201
  158 157.5 7.76443 0.00336998
  159 158.5 8.22672 0.00357063
  160 159.5 8.67698 0.00376605
  161 160.5 9.2814 0.00402839
  162 161.5 9.88057 0.00428844
  163 162.5 10.5783 0.00459127
  164 163.5 11.2607 0.00488744
  165 164.5 11.968 0.00519446
  166 165.5 12.8252 0.00556651
  167 166.5 13.697 0.0059449
  168 167.5 14.5473 0.00631392
  169 168.5 15.342 0.00665883
  170 169.5 16.194 0.00702864
  171 170.5 16.983 0.00737109
  172 171.5 17.7696 0.00771248
  173 172.5 18.5325 0.00804362
  174 173.5 19.2436 0.00835227
  175 174.5 19.8688 0.00862361
  176 175.5 20.4638 0.00888186
  177 176.5 21.0046 0.00911657
  178 177.5 21.5102 0.009336
  179 178.5 21.9563 0.00952966
  180 179.5 22.3138 0.00968482
  181 180.5 22.7204 0.00986128
  182 181.5 23.05 0.0100043
  183 182.5 23.348 0.0101337
  184 183.5 23.6063 0.0102458
  185 184.5 23.7835 0.0103227
  186 185.5 24.0213 0.0104259
  187 186.5 24.2145 0.0105098
  188 187.5 24.3269 0.0105585
  189 188.5 24.4848 0.0106271
  190 189.5 24.6673 0.0107063
  191 190.5 24.8 0.0107639
  192 191.5 24.9233 0.0108174
  193 192.5 25.0432 0.0108695
  194 193.5 25.2256 0.0109486
  195 194.5 25.4337 0.0110389
  196 195.5 25.6145 0.0111174
  197 196.5 25.8723 0.0112293
  198 197.5 26.1649 0.0113563
  199 198.5 26.4838 0.0114947
  200 199.5 26.6625 0.0115723
  201 200.5 26.5812 0.011537
  202 201.5 25.7159 0.0111614
  203 202.5 22.7678 0.00988188
  204 203.5 17.0678 0.00740788
  205 204.5 10.2045 0.00442903
  206 205.5 4.77529 0.00207261
  207 206.5 1.80357 0.000782799
  208 207.5 0.555664 0.000241174
  209 208.5 0.156712 6.80174e-05
  210 209.5 0.108584 4.71285e-05
  211 210.5 0.121824 5.2875e-05
  212 211.5 0.024264 1.05313e-05
  213 212.5 0.000264 1.14583e-07
  214 213.5 0 0
  215 214.5 0 0
  216 215.5 0 0
  217 216.5 0 0
  218 217.5 0 0
  219 218.5 0.000288 1.25e-07
  220 219.5 0.038664 1.67813e-05
  221 220.5 0.392056 0.000170163
  222 221.5 0.385032 0.000167115
  223 222.5 0.17192 7.46181e-05
  224 223.5 0.011856 5.14583e-06
  225 224.5 0.000184 7.98611e-08
  226 225.5 0 0
  227 226.5 0 0
  228 227.5 0 0
  229 228.5 0 0
  230 229.5 0 0
  231 230.5 0 0
  232 231.5 0 0
  233 232.5 0 0
  234 233.5 0 0
  235 234.5 0 0
  236 235.5 0 0
  237 236.5 0 0
  238 237.5 0 0
  239 238.5 0 0
  240 239.5 0 0
  241 240.5 0 0
  242 241.5 0 0
  243 242.5 0 0
  244 243.5 0 0
  245 244.5 0 0
  246 245.5 0 0
  247 246.5 0 0
  248 247.5 0 0
  249 248.5 0 0
  250 249.5 0 0
  251 250.5 0 0
  252 251.5 0 0
  253 252.5 0 0
  254 253.5 0 0
  255 254.5 0 0
  256 255.5 0 0
  257 256.5 0 0
  258 257.5 0 0
  259 258.5 0 0
  260 259.5 0 0
  261 260.5 0 0
  262 261.5 0 0
  263 262.5 0 0
  264 263.5 0 0
  265 264.5 0 0
  266 265.5 0 0
  267 266.5 0 0
  268 267.5 0 0
  269 268.5 0 0
  270 269.5 0 0
  271 270.5 0 0
  272 271.5 0 0
  273 272.5 0 0
  274 273.5 0 0
  275 274.5 0 0
  276 275.5 0 0
  277 276.5 0 0
  278 277.5 0 0
  279 278.5 0 0
  280 279.5 0 0
  281 280.5 0 0
  282 281.5 1.6e-05 6.94444e-09
  283 282.5 0.006344 2.75347e-06
  284 283.5 0.229688 9.9691e-05
  285 284.5 0.44612 0.000193628
  286 285.5 0.267672 0.000116177
  287 286.5 0.048752 2.11597e-05
  288 287.5 0.001408 6.11111e-07
  289 288.5 0 0
  290 289.5 0 0
  291 290.5 0 0
  292 291.5 0 0
  293 292.5 0 0
  294 293.5 0 0
  295 294.5 0 0
  296 295.5 0 0
  297 296.5 0 0
  298 297.5 0 0
  299 298.5 0 0
  300 299.5 0 0
  301 300.5 0 0
  302 301.5 0 0
  303 302.5 0 0
  304 303.5 0 0
  305 304.5 0 0
  306 305.5 0 0
  307 306.5 0 0
  308 307.5 0 0
  309 308.5 0 0
  310 309.5 0 0
  311 310.5 0 0
  312 311.5 0 0
  313 312.5 0 0
  314 313.5 0 0
  315 314.5 0 0
  316 315.5 0 0
  317 316.5 0 0
  318 317.5 0 0
  319 318.5 0 0
  320 319.5 0 0
  321 320.5 0 0
  322 321.5 0 0
  323 322.5 0 0
  324 323.5 0 0
  325 324.5 0 0
  326 325.5 0 0
  327 326.5 0 0
  328 327.5 0 0
  329 328.5 0 0
  330 329.5 0 0
  331 330.5 0 0
  332 331.5 0 0
  333 332.5 0 0
  334 333.5 0 0
  335 334.5 0 0
  336 335.5 0 0
  337 336.5 0 0
  338 337.5 0 0
  339 338.5 0 0
  340 339.5 0 0
  341 340.5 0 0
  342 341.5 0 0
  343 342.5 0 0
  344 343.5 0 0
  345 344.5 3.2e-05 1.38889e-08
  346 345.5 0.002128 9.23611e-07
  347 346.5 0.033544 1.4559e-05
  348 347.5 0.142672 6.19236e-05
  349 348.5 0.604272 0.000262271
  350 349.5 2.06008 0.000894132
  351 350.5 5.46304 0.00237111
  352 351.5 11.1498 0.00483934
  353 352.5 17.944 0.0077882
  354 353.5 23.4531 0.0101793
  355 354.5 26.0461 0.0113047
  356 355.5 26.6384 0.0115618
  357 356.5 26.6106 0.0115497
  358 357.5 26.4931 0.0114987
  359 358.5 26.2022 0.0113725
  360 359.5 25.8579 0.011223
  361 360.5 25.6234 0.0111212
  362 361.5 25.5132 0.0110735
  363 362.5 25.3064 0.0109837
  364 363.5 25.1797 0.0109287
  365 364.5 25.0634 0.0108782
  366 365.5 24.9594 0.0108331
  367 366.5 24.925 0.0108181
  368 367.5 24.9204 0.0108162
  369 368.5 24.763 0.0107478
  370 369.5 24.8065 0.0107667
  371 370.5 24.7715 0.0107515
  372 371.5 24.6828 0.010713
  373 372.5 24.6498 0.0106987
  374 373.5 24.6875 0.0107151
  375 374.5 24.6158 0.0106839
  376 375.5 24.6488 0.0106983
  377 376.5 24.5601 0.0106598
  378 377.5 24.6121 0.0106823
  379 378.5 24.5869 0.0106714
  380 379.5 24.5558 0.0106579
  381 380.5 24.5492 0.010655
  382 381.5 24.5775 0.0106673
  383 382.5 24.5897 0.0106726
  384 383.5 24.5169 0.010641
  385 384.5 24.5267 0.0106453
  386 385.5 24.52 0.0106424
  387 386.5 24.4578 0.0106154
  388 387.5 24.5022 0.0106346
  389 388.5 24.5038 0.0106353
  390 389.5 24.4885 0.0106287
  391 390.5 24.4676 0.0106196
  392 391.5 24.5031 0.010635
  393 392.5 24.5334 0.0106482
  394 393.5 24.441 0.0106081
  395 394.5 24.427 0.010602
  396 395.5 24.4769 0.0106236
  397 396.5 24.4826 0.0106261
  398 397.5 24.4494 0.0106117
  399 398.5 24.4688 0.0106201
  400 399.5 24.4612 0.0106168
  401 400.5 24.5136 0.0106396
  402 401.5 24.5097 0.0106379
  403 402.5 24.3991 0.0105899
  404 403.5 24.4846 0.010627
  405 404.5 24.4857 0.0106275
  406 405.5 24.4862 0.0106277
  407 406.5 24.4236 0.0106005
  408 407.5 24.4614 0.0106169
  409 408.5 24.4632 0.0106177
  410 409.5 24.483 0.0106263
  411 410.5 24.3941 0.0105877
  412 411.5 24.4583 0.0106156
  413 412.5 24.5 0.0106337
  414 413.5 24.4374 0.0106065
  415 414.5 24.4186 0.0105984
  416 415.5 24.485 0.0106272
  417 416.5 24.4732 0.010622
  418 417.5 24.3683 0.0105765
  419 418.5 24.3864 0.0105844
  420 419.5 24.4681 0.0106198
  421 420.5 24.422 0.0105998
  422 421.5 24.4309 0.0106037
  423 422.5 24.4562 0.0106147
  424 423.5 24.4964 0.0106321
  425 424.5 24.4984 0.010633
  426 425.5 24.4431 0.010609
  427 426.5 24.5042 0.0106355
  428 427.5 24.5228 0.0106436
  429 428.5 24.5441 0.0106528
  430 429.5 24.4729 0.0106219
  431 430.5 24.4739 0.0106224
  432 431.5 24.5251 0.0106446
  433 432.5 24.5536 0.0106569
  434 433.5 24.4828 0.0106262
  435 434.5 24.4928 0.0106306
  436 435.5 24.5334 0.0106482
  437 436.5 24.5458 0.0106536
  438 437.5 24.541 0.0106515
  439 438.5 24.5222 0.0106433
  440 439.5 24.537 0.0106497
  441 440.5 24.4998 0.0106336
  442 441.5 24.4935 0.0106309
  443 442.5 24.4564 0.0106147
  444 443.5 24.4704 0.0106208
  445 444.5 24.3924 0.010587
  446 445.5 24.407 0.0105933
  447 446.5 24.4173 0.0105978
  448 447.5 24.3394 0.010564
  449 448.5 24.2132 0.0105092
  450 449.5 24.2137 0.0105094
  451 450.5 24.1032 0.0104615
  452 451.5 24.0079 0.0104201
  453 452.5 23.8812 0.0103651
  454 453.5 23.7618 0.0103133
  455 454.5 23.6331 0.0102574
  456 455.5 23.4484 0.0101772
  457 456.5 23.1736 0.010058
  458 457.5 23.009 0.00998656
  459 458.5 22.7889 0.00989103
  460 459.5 22.4121 0.00972748
  461 460.5 22.0159 0.00955551
  462 461.5 21.677 0.00940842
  463 462.5 21.2131 0.00920707
  464 463.5 20.6553 0.00896495
  465 464.5 20.081 0.00871572
  466 465.5 19.5089 0.00846742
  467 466.5 18.8523 0.00818242
  468 467.5 18.0498 0.0078341
  469 468.5 17.3547 0.00753244
  470 469.5 16.5819 0.00719701
  471 470.5 15.7762 0.00684732
  472 471.5 14.9269 0.00647871
  473 472.5 14.1108 0.00612449
  474 473.5 13.2808 0.00576423
  475 474.5 12.4766 0.00541519
  476 475.5 11.7233 0.00508825
  477 476.5 10.9822 0.0047666
  478 477.5 10.2588 0.00445259
  479 478.5 9.60789 0.00417009
  480 479.5 9.01989 0.00391488
67500000 480 4734.000000000001
  1 0.5 13.2976 0.00577151
  2 1.5 12.5522 0.00544802
  3 2.5 11.7463 0.00509822
  4 3.5 11.005 0.00477647
  5 4.5 10.3834 0.00450668
  6 5.5 9.70678 0.00421301
  7 6.5 9.15341 0.00397283
  8 7.5 8.63623 0.00374836
  9 8.5 8.15652 0.00354016
  10 9.5 7.72559 0.00335312
  11 10.5 7.32023 0.00317718
  12 11.5 6.98903 0.00303343
  13 12.5 6.66838 0.00289426
  14 13.5 6.43094 0.0027912
  15 14.5 6.21642 0.0026981
  16 15.5 5.99703 0.00260288
  17 16.5 5.80284 0.00251859
  18 17.5 5.68457 0.00246726
  19 18.5 5.56324 0.0024146
  20 19.5 5.44823 0.00236468
  21 20.5 5.32214 0.00230996
  22 21.5 5.23063 0.00227024
  23 22.5 5.1025 0.00221463
  24 23.5 5.06802 0.00219966
  25 24.5 5.00621 0.00217283
  26 25.5 4.96733 0.00215596
  27 26.5 4.91991 0.00213538
  28 27.5 4.88254 0.00211916
  29 28.5 4.86247 0.00211045
  30 29.5 4.82826 0.0020956
  31 30.5 4.78461 0.00207665
  32 31.5 4.80026 0.00208345
  33 32.5 4.80196 0.00208418
  34 33.5 4.79998 0.00208333
  35 34.5 4.78366 0.00207624
  36 35.5 4.78866 0.00207841
  37 36.5 4.79544 0.00208135
  38 37.5 4.80719 0.00208645
  39 38.5 4.78606 0.00207728
  40 39.5 4.76789 0.0020694
  41 40.5 4.7748 0.0020724
  42 41.5 4.76918 0.00206996
  43 42.5 4.7399 0.00205725
  44 43.5 4.7113 0.00204483
  45 44.5 4.71032 0.00204441
  46 45.5 4.6715 0.00202756
  47 46.5 4.66912 0.00202653
  48 47.5 4.66073 0.00202289
  49 48.5 4.64432 0.00201576
  50 49.5 4.64832 0.0020175
  51 50.5 4.65399 0.00201996
  52 51.5 4.65021 0.00201832
  53 52.5 4.65287 0.00201948
  54 53.5 4.66077 0.0020229
  55 54.5 4.6891 0.0020352
  56 55.5 4.71575 0.00204677
  57 56.5 4.68644 0.00203405
  58 57.5 4.71038 0.00204443
  59 58.5 4.70811 0.00204345
  60 59.5 4.69996 0.00203991
  61 60.5 4.68353 0.00203278
  62 61.5 4.68658 0.00203411
  63 62.5 4.67614 0.00202957
  64 63.5 4.66449 0.00202452
  65 64.5 4.67686 0.00202989
  66 65.5 4.69277 0.00203679
  67 66.5 4.66363 0.00202415
  68 67.5 4.6588 0.00202205
  69 68.5 4.64892 0.00201776
  70 69.5 4.67722 0.00203005
  71 70.5 4.68726 0.0020344
  72 71.5 4.7471 0.00206037
  73 72.5 4.7221 0.00204952
  74 73.5 4.72898 0.00205251
  75 74.5 4.72938 0.00205268
  76 75.5 4.72588 0.00205116
  77 76.5 4.71934 0.00204832
  78 77.5 4.74736 0.00206049
  79 78.5 4.70806 0.00204343
  80 79.5 4.71952 0.0020484
  81 80.5 4.70573 0.00204242
  82 81.5 4.68494 0.00203339
  83 82.5 4.67088 0.00202729
  84 83.5 4.68356 0.0020328
  85 84.5 4.68373 0.00203287
  86 85.5 4.68901 0.00203516
  87 86.5 4.70679 0.00204288
  88 87.5 4.72827 0.0020522
  89 88.5 4.72557 0.00205103
  90 89.5 4.68197 0.0020321
  91 90.5 4.71134 0.00204485
  92 91.5 4.72122 0.00204914
  93 92.5 4.73178 0.00205372
  94 93.5 4.7169 0.00204727
  95 94.5 4.74612 0.00205995
  96 95.5 4.76579 0.00206849
  97 96.5 4.74929 0.00206132
  98 97.5 4.73316 0.00205432
  99 98.5 4.74054 0.00205753
  100 99.5 4.74307 0.00205863
  101 100.5 4.73894 0.00205683
  102 101.5 4.7585 0.00206532
  103 102.5 4.75614 0.0020643
  104 103.5 4.7653 0.00206827
  105 104.5 4.72318 0.00204999
  106 105.5 4.73672 0.00205587
  107 106.5 4.72641 0.00205139
  108 107.5 4.72868 0.00205238
  109 108.5 4.72524 0.00205089
  110 109.5 4.71938 0.00204834
  111 110.5 4.71581 0.00204679
  112 111.5 4.68732 0.00203443
  113 112.5 4.681 0.00203168
  114 113.5 4.74037 0.00205745
  115 114.5 4.74803 0.00206078
  116 115.5 4.73584 0.00205549
  117 116.5 4.73573 0.00205544
  118 117.5 4.77154 0.00207098
  119 118.5 4.79386 0.00208067
  120 119.5 4.82631 0.00209475
  121 120.5 4.79514 0.00208123
  122 121.5 4.80838 0.00208697
  123 122.5 4.82892 0.00209589
  124 123.5 4.78653 0.00207749
  125 124.5 4.75918 0.00206561
  126 125.5 4.75275 0.00206283
  127 126.5 4.7549 0.00206376
  128 127.5 4.76502 0.00206815
  129 128.5 4.7443 0.00205916
  130 129.5 4.73819 0.00205651
  131 130.5 4.73173 0.0020537
  132 131.5 4.74628 0.00206002
  133 132.5 4.71098 0.00204469
  134 133.5 4.71683 0.00204724
  135 134.5 4.70654 0.00204277
  136 135.5 4.75019 0.00206172
  137 136.5 4.76197 0.00206683
  138 137.5 4.77858 0.00207404
  139 138.5 4.78161 0.00207535
  140 139.5 4.79911 0.00208295
  141 140.5 4.8069 0.00208633
  142 141.5 4.80892 0.0020872
  143 142.5 4.83786 0.00209976
  144 143.5 4.86682 0.00211233
  145 144.5 4.89226 0.00212338
  146 145.5 4.91664 0.00213396
  147 146.5 4.94331 0.00214553
  148 147.5 4.95514 0.00215067
  149 148.5 5.00461 0.00217214
  150 149.5 5.03781 0.00218655
  151 150.5 5.09563 0.00221165
  152 151.5 5.14294 0.00223218
  153 152.5 5.21361 0.00226285
  154 153.5 5.3304 0.00231354
  155 154.5 5.43886 0.00236062
  156 155.5 5.53236 0.0024012
  157 156.5 5.72454 0.00248461
  158 157.5 5.89574 0.00255891
  159 158.5 6.0595 0.00262999
  160 159.5 6.29327 0.00273145
  161 160.5 6.55488 0.002845
  162 161.5 6.80654 0.00295423
  163 162.5 7.14161 0.00309966
  164 163.5 7.47818 0.00324574
  165 164.5 7.94586 0.00344873
  166 165.5 8.42469 0.00365655
  167 166.5 8.88716 0.00385727
  168 167.5 9.48529 0.00411688
  169 168.5 10.142 0.0044019
  170 169.5 10.808 0.00469097
  171 170.5 11.5278 0.0050034
  172 171.5 12.3668 0.00536753
  173 172.5 13.0907 0.00568171
  174 173.5 13.9398 0.00605028
  175 174.5 14.7666 0.0064091
  176 175.5 15.5598 0.00675338
  177 176.5 16.399 0.00711761
  178 177.5 17.1894 0.00746066
  179 178.5 17.8711 0.00775656
  180 179.5 18.5536 0.00805276
  181 180.5 19.276 0.00836632
  182 181.5 19.9025 0.00863824
  183 182.5 20.4195 0.00886263
  184 183.5 20.9572 0.009096
  185 184.5 21.4867 0.00932582
  186 185.5 21.8861 0.00949919
  187 186.5 22.2773 0.00966897
  188 187.5 22.6894 0.00984784
  189 188.5 22.9376 0.00995554
  190 189.5 23.3272 0.0101247
  191 190.5 23.593 0.01024
  192 191.5 23.8833 0.010366
  193 192.5 24.0876 0.0104547
  194 193.5 24.3328 0.0105611
  195 194.5 24.5311 0.0106472
  196 195.5 24.8175 0.0107715
  197 196.5 25.0368 0.0108667
  198 197.5 25.331 0.0109944
  199 198.5 25.5792 0.0111021
  200 199.5 25.9553 0.0112653
  201 200.5 26.2625 0.0113986
  202 201.5 26.5611 0.0115283
  203 202.5 26.5269 0.0115134
  204 203.5 25.0332 0.0108651
  205 204.5 21.2462 0.00922142
  206 205.5 15.1075 0.00655707
  207 206.5 8.50192 0.00369007
  208 207.5 3.67347 0.00159439
  209 208.5 1.30759 0.000567531
  210 209.5 0.417888 0.000181375
  211 210.5 0.131656 5.71424e-05
  212 211.5 0.036864 1.6e-05
  213 212.5 0.009288 4.03125e-06
  214 213.5 0.013384 5.80903e-06
  215 214.5 0.001816 7.88194e-07
  216 215.5 1.6e-05 6.94444e-09
  217 216.5 0 0
  218 217.5 0 0
  219 218.5 0 0
  220 219.5 0 0
  221 220.5 0.001776 7.70833e-07
  222 221.5 0.088728 3.85104e-05
  223 222.5 0.443256 0.000192385
  224 223.5 0.360664 0.000156538
  225 224.5 0.0964 4.18403e-05
  226 225.5 0.00908 3.94097e-06
  227 226.5 9.6e-05 4.16667e-08
  228 227.5 0 0
  229 228.5 0 0
  230 229.5 0 0
  231 230.5 0 0
  232 231.5 0 0
  233 232.5 0 0
  234 233.5 0 0
  235 234.5 0 0
  236 235.5 0 0
  237 236.5 0 0
  238 237.5 0 0
  239 238.5 0 0
  240 239.5 0 0
  241 240.5 0 0
  242 241.5 0 0
  243 242.5 0 0
  244 243.5 0 0
  245 244.5 0 0
  246 245.5 0 0
  247 246.5 0 0
  248 247.5 0 0
  249 248.5 0 0
  250 249.5 0 0
  251 250.5 0 0
  252 251.5 0 0
  253 252.5 0 0
  254 253.5 0 0
  255 254.5 0 0
  256 255.5 0 0
  257 256.5 0 0
  258 257.5 0 0
  259 258.5 0 0
  260 259.5 0 0
  261 260.5 0 0
  262 261.5 0 0
  263 262.5 0 0
  264 263.5 0 0
  265 264.5 0 0
  266 265.5 0 0
  267 266.5 0 0
  268 267.5 0 0
  269 268.5 0 0
  270 269.5 0 0
  271 270.5 0 0
  272 271.5 0 0
  273 272.5 0 0
  274 273.5 0 0
  275 274.5 0 0
  276 275.5 0 0
  277 276.5 0 0
  278 277.5 0 0
  279 278.5 0 0
  280 279.5 0 0
  281 280.5 0 0
  282 281.5 0 0
  283 282.5 0 0
  284 283.5 0.000112 4.86111e-08
  285 284.5 0.023536 1.02153e-05
  286 285.5 0.29124 0.000126406
  287 286.5 0.475624 0.000206434
  288 287.5 0.181664 7.88472e-05
  289 288.5 0.026928 1.16875e-05
  290 289.5 0.000896 3.88889e-07
  291 290.5 0 0
  292 291.5 0 0
  293 292.5 0 0
  294 293.5 0 0
  295 294.5 0 0
  296 295.5 0 0
  297 296.5 0 0
  298 297.5 0 0
  299 298.5 0 0
  300 299.5 0 0
  301 300.5 0 0
  302 301.5 0 0
  303 302.5 0 0
  304 303.5 0 0
  305 304.5 0 0
  306 305.5 0 0
  307 306.5 0 0
  308 307.5 0 0
  309 308.5 0 0
  310 309.5 0 0
  311 310.5 0 0
  312 311.5 0 0
  313 312.5 0 0
  314 313.5 0 0
  315 314.5 0 0
  316 315.5 0 0
  317 316.5 0 0
  318 317.5 0 0
  319 318.5 0 0
  320 319.5 0 0
  321 320.5 0 0
  322 321.5 0 0
  323 322.5 0 0
  324 323.5 0 0
  325 324.5 0 0
  326 325.5 0 0
  327 326.5 0 0
  328 327.5 0 0
  329 328.5 0 0
  330 329.5 0 0
  331 330.5 0 0
  332 331.5 0 0
  333 332.5 0 0
  334 333.5 0 0
  335 334.5 0 0
  336 335.5 0 0
  337 336.5 0 0
  338 337.5 0 0
  339 338.5 0 0
  340 339.5 0 0
  341 340.5 0 0
  342 341.5 0 0
  343 342.5 0 0
  344 343.5 0 0
  345 344.5 0 0
  346 345.5 0.000176 7.63889e-08
  347 346.5 0.003408 1.47917e-06
  348 347.5 0.006624 2.875e-06
  349 348.5 0.050904 2.20937e-05
  350 349.5 0.246488 0.000106983
  351 350.5 0.88548 0.000384323
  352 351.5 2.74733 0.00119242
  353 352.5 6.68775 0.00290267
  354 353.5 12.9194 0.00560736
  355 354.5 19.9086 0.00864089
  356 355.5 24.7551 0.0107444
  357 356.5 26.6044 0.0115471
  358 357.5 26.7324 0.0116026
  359 358.5 26.7011 0.011589
  360 359.5 26.5679 0.0115312
  361 360.5 26.2346 0.0113866
  362 361.5 25.8499 0.0112196
  363 362.5 25.7991 0.0111975
  364 363.5 25.5889 0.0111063
  365 364.5 25.4067 0.0110272
  366 365.5 25.2866 0.0109751
  367 366.5 25.2274 0.0109494
  368 367.5 25.0844 0.0108873
  369 368.5 25.0171 0.0108581
  370 369.5 24.9859 0.0108446
  371 370.5 24.9691 0.0108373
  372 371.5 24.8482 0.0107848
  373 372.5 24.8693 0.010794
  374 373.5 24.8615 0.0107906
  375 374.5 24.8176 0.0107715
  376 375.5 24.7778 0.0107542
  377 376.5 24.779 0.0107548
  378 377.5 24.7913 0.0107601
  379 378.5 24.8209 0.010773
  380 379.5 24.7696 0.0107507
  381 380.5 24.7338 0.0107352
  382 381.5 24.7042 0.0107223
  383 382.5 24.7389 0.0107374
  384 383.5 24.7664 0.0107493
  385 384.5 24.7662 0.0107492
  386 385.5 24.6594 0.0107029
  387 386.5 24.6708 0.0107078
  388 387.5 24.671 0.0107079
  389 388.5 24.6888 0.0107156
  390 389.5 24.5976 0.0106761
  391 390.5 24.6107 0.0106817
  392 391.5 24.6608 0.0107035
  393 392.5 24.6239 0.0106875
  394 393.5 24.5176 0.0106413
  395 394.5 24.5534 0.0106568
  396 395.5 24.5747 0.0106661
  397 396.5 24.5748 0.0106661
  398 397.5 24.4387 0.0106071
  399 398.5 24.4263 0.0106017
  400 399.5 24.5604 0.0106599
  401 400.5 24.5554 0.0106577
  402 401.5 24.4833 0.0106265
  403 402.5 24.5045 0.0106356
  404 403.5 24.5113 0.0106386
  405 404.5 24.4848 0.0106271
  406 405.5 24.507 0.0106367
  407 406.5 24.5454 0.0106534
  408 407.5 24.5856 0.0106708
  409 408.5 24.5204 0.0106425
  410 409.5 24.5869 0.0106714
  411 410.5 24.5945 0.0106747
  412 411.5 24.5835 0.0106699
  413 412.5 24.5754 0.0106664
  414 413.5 24.5887 0.0106722
  415 414.5 24.5944 0.0106747
  416 415.5 24.5828 0.0106696
  417 416.5 24.5559 0.010658
  418 417.5 24.5174 0.0106412
  419 418.5 24.5282 0.0106459
  420 419.5 24.4886 0.0106287
  421 420.5 24.5169 0.010641
  422 421.5 24.4888 0.0106288
  423 422.5 24.4662 0.010619
  424 423.5 24.5386 0.0106504
  425 424.5 24.5458 0.0106536
  426 425.5 24.5068 0.0106366
  427 426.5 24.4834 0.0106265
  428 427.5 24.54 0.0106511
  429 428.5 24.5594 0.0106594
  430 429.5 24.4631 0.0106177
  431 430.5 24.4812 0.0106255
  432 431.5 24.5611 0.0106602
  433 432.5 24.4953 0.0106317
  434 433.5 24.538 0.0106502
  435 434.5 24.4564 0.0106148
  436 435.5 24.5204 0.0106425
  437 436.5 24.5401 0.0106511
  438 437.5 24.4886 0.0106287
  439 438.5 24.4951 0.0106315
  440 439.5 24.5556 0.0106578
  441 440.5 24.5108 0.0106384
  442 441.5 24.5299 0.0106467
  443 442.5 24.4645 0.0106183
  444 443.5 24.4592 0.010616
  445 444.5 24.5541 0.0106572
  446 445.5 24.4993 0.0106334
  447 446.5 24.4398 0.0106076
  448 447.5 24.4312 0.0106038
  449 448.5 24.4644 0.0106182
  450 449.5 24.4264 0.0106017
  451 450.5 24.3951 0.0105882
  452 451.5 24.3822 0.0105825
  453 452.5 24.331 0.0105603
  454 453.5 24.2711 0.0105343
  455 454.5 24.2367 0.0105194
  456 455.5 24.1749 0.0104926
  457 456.5 24.1108 0.0104648
  458 457.5 24.067 0.0104457
  459 458.5 23.9624 0.0104004
  460 459.5 23.8155 0.0103366
  461 460.5 23.747 0.0103069
  462 461.5 23.6074 0.0102463
  463 462.5 23.3699 0.0101432
  464 463.5 23.1848 0.0100628
  465 464.5 23.0054 0.009985
  466 465.5 22.7169 0.00985975
  467 466.5 22.3608 0.00970523
  468 467.5 22.0113 0.00955352
  469 468.5 21.679 0.00940931
  470 469.5 21.2017 0.00920211
  471 470.5 20.6736 0.0089729
  472 471.5 20.0741 0.00871272
  473 472.5 19.4517 0.00844257
  474 473.5 18.8518 0.00818222
  475 474.5 18.0437 0.00783147
  476 475.5 17.3212 0.00751789
  477 476.5 16.5325 0.00717557
  478 477.5 15.7651 0.00684251
  479 478.5 14.9118 0.00647212
  480 479.5 14.0825 0.00611221
70000000 480 4734
  1 0.5 14.6961 0.00637853
  2 1.5 13.9159 0.00603988
  3 2.5 13.089 0.00568101
  4 3.5 12.2909 0.00533458
  5 4.5 11.5551 0.00501525
  6 5.5 10.8327 0.00470167
  7 6.5 10.1264 0.00439514
  8 7.5 9.47936 0.00411431
  9 8.5 8.9119 0.00386801
  10 9.5 8.42402 0.00365626
  11 10.5 7.94589 0.00344874
  12 11.5 7.55613 0.00327957
  13 12.5 7.20103 0.00312545
  14 13.5 6.87042 0.00298195
  15 14.5 6.58915 0.00285988
  16 15.5 6.3327 0.00274857
  17 16.5 6.10934 0.00265162
  18 17.5 5.93011 0.00257383
  19 18.5 5.79338 0.00251449
  20 19.5 5.62466 0.00244126
  21 20.5 5.49454 0.00238478
  22 21.5 5.36561 0.00232882
  23 22.5 5.32043 0.00230922
  24 23.5 5.22071 0.00226593
  25 24.5 5.14288 0.00223215
  26 25.5 5.09118 0.00220972
  27 26.5 5.0579 0.00219527
  28 27.5 5.00288 0.00217139
  29 28.5 4.99738 0.002169
  30 29.5 4.969 0.00215668
  31 30.5 4.94214 0.00214502
  32 31.5 4.92249 0.0021365
  33 32.5 4.90711 0.00212982
  34 33.5 4.89665 0.00212528
  35 34.5 4.85371 0.00210665
  36 35.5 4.82686 0.00209499
  37 36.5 4.81322 0.00208907
  38 37.5 4.79566 0.00208145
  39 38.5 4.75676 0.00206457
  40 39.5 4.7665 0.0020688
  41 40.5 4.74808 0.0020608
  42 41.5 4.72884 0.00205245
  43 42.5 4.69202 0.00203647
  44 43.5 4.6929 0.00203685
  45 44.5 4.70904 0.00204385
  46 45.5 4.67986 0.00203119
  47 46.5 4.69072 0.0020359
  48 47.5 4.68324 0.00203266
  49 48.5 4.65436 0.00202012
  50 49.5 4.68786 0.00203466
  51 50.5 4.69563 0.00203803
  52 51.5 4.70129 0.00204049
  53 52.5 4.69667 0.00203849
  54 53.5 4.692 0.00203646
  55 54.5 4.68586 0.00203379
  56 55.5 4.69633 0.00203834
  57 56.5 4.69674 0.00203851
  58 57.5 4.72028 0.00204873
  59 58.5 4.69581 0.00203811
  60 59.5 4.68993 0.00203556
  61 60.5 4.69694 0.0020386
  62 61.5 4.69822 0.00203916
  63 62.5 4.71099 0.0020447
  64 63.5 4.7094 0.00204401
  65 64.5 4.69184 0.00203639
  66 65.5 4.66894 0.00202645
  67 66.5 4.66087 0.00202295
  68 67.5 4.6744 0.00202882
  69 68.5 4.6845 0.0020332
  70 69.5 4.68798 0.00203471
  71 70.5 4.69378 0.00203723
  72 71.5 4.68834 0.00203487
  73 72.5 4.67926 0.00203093
  74 73.5 4.66568 0.00202503
  75 74.5 4.65707 0.0020213
  76 75.5 4.65693 0.00202124
  77 76.5 4.6575 0.00202148
  78 77.5 4.67623 0.00202961
  79 78.5 4.66446 0.00202451
  80 79.5 4.64606 0.00201652
  81 80.5 4.66094 0.00202298
  82 81.5 4.64695 0.00201691
  83 82.5 4.63564 0.002012
  84 83.5 4.64048 0.0020141
  85 84.5 4.61579 0.00200338
  86 85.5 4.65309 0.00201957
  87 86.5 4.64342 0.00201537
  88 87.5 4.62279 0.00200642
  89 88.5 4.62213 0.00200613
  90 89.5 4.6687 0.00202635
  91 90.5 4.67553 0.00202931
  92 91.5 4.67217 0.00202785
  93 92.5 4.6749 0.00202903
  94 93.5 4.71357 0.00204582
  95 94.5 4.74448 0.00205924
  96 95.5 4.70022 0.00204003
  97 96.5 4.69282 0.00203682
  98 97.5 4.7353 0.00205525
  99 98.5 4.7589 0.00206549
  100 99.5 4.7396 0.00205712
  101 100.5 4.7411 0.00205777
  102 101.5 4.77268 0.00207148
  103 102.5 4.75616 0.00206431
  104 103.5 4.78015 0.00207472
  105 104.5 4.7977 0.00208234
  106 105.5 4.77298 0.00207161
  107 106.5 4.77524 0.00207259
  108 107.5 4.75749 0.00206488
  109 108.5 4.71939 0.00204835
  110 109.5 4.72739 0.00205182
  111 110.5 4.74254 0.00205839
  112 111.5 4.73571 0.00205543
  113 112.5 4.74433 0.00205917
  114 113.5 4.75652 0.00206446
  115 114.5 4.7299 0.00205291
  116 115.5 4.72286 0.00204985
  117 116.5 4.73566 0.00205541
  118 117.5 4.72929 0.00205264
  119 118.5 4.72478 0.00205069
  120 119.5 4.72119 0.00204913
  121 120.5 4.72053 0.00204884
  122 121.5 4.71145 0.0020449
  123 122.5 4.71918 0.00204826
  124 123.5 4.72754 0.00205188
  125 124.5 4.73222 0.00205391
  126 125.5 4.70432 0.00204181
  127 126.5 4.70271 0.00204111
  128 127.5 4.68839 0.00203489
  129 128.5 4.69556 0.002038
  130 129.5 4.69949 0.00203971
  131 130.5 4.70182 0.00204072
  132 131.5 4.67023 0.00202701
  133 132.5 4.69087 0.00203597
  134 133.5 4.65918 0.00202221
  135 134.5 4.69015 0.00203566
  136 135.5 4.65551 0.00202062
  137 136.5 4.66868 0.00202634
  138 137.5 4.668 0.00202604
  139 138.5 4.68701 0.00203429
  140 139.5 4.66895 0.00202645
  141 140.5 4.64895 0.00201777
  142 141.5 4.69752 0.00203885
  143 142.5 4.67974 0.00203114
  144 143.5 4.69198 0.00203645
  145 144.5 4.68901 0.00203516
  146 145.5 4.68102 0.00203169
  147 146.5 4.69686 0.00203857
  148 147.5 4.74674 0.00206022
  149 148.5 4.7451 0.00205951
  150 149.5 4.76273 0.00206716
  151 150.5 4.81417 0.00208948
  152 151.5 4.84303 0.00210201
  153 152.5 4.90043 0.00212692
  154 153.5 4.97936 0.00216118
  155 154.5 5.03812 0.00218668
  156 155.5 5.11524 0.00222016
  157 156.5 5.21112 0.00226177
  158 157.5 5.32546 0.0023114
  159 158.5 5.48198 0.00237933
  160 159.5 5.6114 0.0024355
  161 160.5 5.81744 0.00252493
  162 161.5 6.02646 0.00261565
  163 162.5 6.28822 0.00272926
  164 163.5 6.60616 0.00286726
  165 164.5 6.94876 0.00301595
  166 165.5 7.36304 0.00319576
  167 166.5 7.8012 0.00338594
  168 167.5 8.35819 0.00362769
  169 168.5 8.91928 0.00387122
  170 169.5 9.54462 0.00414263
  171 170.5 10.2691 0.00445707
  172 171.5 11.0868 0.004812
  173 172.5 11.8787 0.00515568
  174 173.5 12.7525 0.00553492
  175 174.5 13.6935 0.00594337
  176 175.5 14.5787 0.00632757
  177 176.5 15.4254 0.00669503
  178 177.5 16.4021 0.00711896
  179 178.5 17.2667 0.00749425
  180 179.5 18.0992 0.00785558
  181 180.5 18.8465 0.00817989
  182 181.5 19.5908 0.00850293
  183 182.5 20.2278 0.00877944
  184 183.5 20.8877 0.00906584
  185 184.5 21.4129 0.00929378
  186 185.5 21.9069 0.00950822
  187 186.5 22.2839 0.00967184
  188 187.5 22.7152 0.00985905
  189 188.5 23.1333 0.0100405
  190 189.5 23.397 0.0101549
  191 190.5 23.6279 0.0102552
  192 191.5 23.9503 0.0103951
  193 192.5 24.233 0.0105178
  194 193.5 24.4343 0.0106052
  195 194.5 24.6844 0.0107137
  196 195.5 24.925 0.0108181
  197 196.5 25.1475 0.0109147
  198 197.5 25.4211 0.0110335
  199 198.5 25.6583 0.0111364
  200 199.5 26.1008 0.0113285
  201 200.5 26.3711 0.0114458
  202 201.5 26.717 0.0115959
  203 202.5 26.8263 0.0116434
  204 203.5 26.1145 0.0113344
  205 204.5 23.0124 0.00998801
  206 205.5 17.1475 0.00744248
  207 206.5 10.0294 0.00435305
  208 207.5 4.47834 0.00194373
  209 208.5 1.58466 0.000687788
  210 209.5 0.461064 0.000200115
  211 210.5 0.136312 5.91632e-05
  212 211.5 0.054112 2.34861e-05
  213 212.5 0.007528 3.26736e-06
  214 213.5 0.000152 6.59722e-08
  215 214.5 0 0
  216 215.5 0 0
  217 216.5 0 0
  218 217.5 0 0
  219 218.5 0 0
  220 219.5 0 0
  221 220.5 0.000112 4.86111e-08
  222 221.5 0.024488 1.06285e-05
  223 222.5 0.334496 0.000145181
  224 223.5 0.51692 0.000224358
  225 224.5 0.118144 5.12778e-05
  226 225.5 0.00584 2.53472e-06
  227 226.5 0 0
  228 227.5 0 0
  229 228.5 0 0
  230 229.5 0 0
  231 230.5 0 0
  232 231.5 0 0
  233 232.5 0 0
  234 233.5 0 0
  235 234.5 0 0
  236 235.5 0 0
  237 236.5 0 0
  238 237.5 0 0
  239 238.5 0 0
  240 239.5 0 0
  241 240.5 0 0
  242 241.5 0 0
  243 242.5 0 0
  244 243.5 0 0
  245 244.5 0 0
  246 245.5 0 0
  247 246.5 0 0
  248 247.5 0 0
  249 248.5 0 0
  250 249.5 0 0
  251 250.5 0 0
  252 251.5 0 0
  253 252.5 0 0
  254 253.5 0 0
  255 254.5 0 0
  256 255.5 0 0
  257 256.5 0 0
  258 257.5 0 0
  259 258.5 0 0
  260 259.5 0 0
  261 260.5 0 0
  262 261.5 0 0
  263 262.5 0 0
  264 263.5 0 0
  265 264.5 0 0
  266 265.5 0 0
  267 266.5 0 0
  268 267.5 0 0
  269 268.5 0 0
  270 269.5 0 0
  271 270.5 0 0
  272 271.5 0 0
  273 272.5 0 0
  274 273.5 0 0
  275 274.5 0 0
  276 275.5 0 0
  277 276.5 0 0
  278 277.5 0 0
  279 278.5 0 0
  280 279.5 0 0
  281 280.5 0 0
  282 281.5 0 0
  283 282.5 0 0
  284 283.5 0 0
  285 284.5 0.004888 2.12153e-06
  286 285.5 0.152528 6.62014e-05
  287 286.5 0.5654 0.000245399
  288 287.5 0.251784 0.000109281
  289 288.5 0.025248 1.09583e-05
  290 289.5 0.000152 6.59722e-08
  291 290.5 0 0
  292 291.5 0 0
  293 292.5 0 0
  294 293.5 0 0
  295 294.5 0 0
  296 295.5 0 0
  297 296.5 0 0
  298 297.5 0 0
  299 298.5 0 0
  300 299.5 0 0
  301 300.5 0 0
  302 301.5 0 0
  303 302.5 0 0
  304 303.5 0 0
  305 304.5 0 0
  306 305.5 0 0
  307 306.5 0 0
  308 307.5 0 0
  309 308.5 0 0
  310 309.5 0 0
  311 310.5 0 0
  312 311.5 0 0
  313 312.5 0 0
  314 313.5 0 0
  315 314.5 0 0
  316 315.5 0 0
  317 316.5 0 0
  318 317.5 0 0
  319 318.5 0 0
  320 319.5 0 0
  321 320.5 0 0
  322 321.5 0 0
  323 322.5 0 0
  324 323.5 0 0
  325 324.5 0 0
  326 325.5 0 0
  327 326.5 0 0
  328 327.5 0 0
  329 328.5 0 0
  330 329.5 0 0
  331 330.5 0 0
  332 331.5 0 0
  333 332.5 0 0
  334 333.5 0 0
  335 334.5 0 0
  336 335.5 0 0
  337 336.5 0 0
  338 337.5 0 0
  339 338.5 0 0
  340 339.5 0 0
  341 340.5 0 0
  342 341.5 0 0
  343 342.5 0 0
  344 343.5 0 0
  345 344.5 0 0
  346 345.5 0 0
  347 346.5 0.00036 1.5625e-07
  348 347.5 0.008904 3.86458e-06
  349 348.5 0.04992 2.16667e-05
  350 349.5 0.141064 6.12257e-05
  351 350.5 0.51116 0.000221858
  352 351.5 1.85436 0.000804844
  353 352.5 5.21558 0.00226371
  354 353.5 10.9402 0.00474837
  355 354.5 18.1475 0.00787652
  356 355.5 24.0895 0.0104555
  357 356.5 26.7207 0.0115975
  358 357.5 26.9303 0.0116885
  359 358.5 26.641 0.0115629
  360 359.5 26.5617 0.0115285
  361 360.5 26.3649 0.0114431
  362 361.5 25.9721 0.0112726
  363 362.5 25.6658 0.0111396
  364 363.5 25.5835 0.0111039
  365 364.5 25.474 0.0110564
  366 365.5 25.2083 0.0109411
  367 366.5 25.1144 0.0109004
  368 367.5 25.0331 0.0108651
  369 368.5 24.9745 0.0108396
  370 369.5 24.8983 0.0108065
  371 370.5 24.7847 0.0107573
  372 371.5 24.7669 0.0107495
  373 372.5 24.7039 0.0107222
  374 373.5 24.6584 0.0107024
  375 374.5 24.6319 0.0106909
  376 375.5 24.6897 0.010716
  377 376.5 24.6224 0.0106868
  378 377.5 24.5608 0.0106601
  379 378.5 24.597 0.0106758
  380 379.5 24.6485 0.0106982
  381 380.5 24.5285 0.0106461
  382 381.5 24.5527 0.0106566
  383 382.5 24.5873 0.0106716
  384 383.5 24.5733 0.0106655
  385 384.5 24.5509 0.0106558
  386 385.5 24.5893 0.0106724
  387 386.5 24.5668 0.0106627
  388 387.5 24.5936 0.0106743
  389 388.5 24.6057 0.0106795
  390 389.5 24.5815 0.0106691
  391 390.5 24.6303 0.0106902
  392 391.5 24.5871 0.0106715
  393 392.5 24.6127 0.0106826
  394 393.5 24.6601 0.0107032
  395 394.5 24.586 0.010671
  396 395.5 24.5916 0.0106734
  397 396.5 24.6351 0.0106923
  398 397.5 24.5623 0.0106607
  399 398.5 24.5519 0.0106562
  400 399.5 24.5773 0.0106672
  401 400.5 24.5673 0.0106629
  402 401.5 24.5947 0.0106748
  403 402.5 24.5761 0.0106667
  404 403.5 24.531 0.0106471
  405 404.5 24.5086 0.0106374
  406 405.5 24.5678 0.0106631
  407 406.5 24.5553 0.0106577
  408 407.5 24.478 0.0106241
  409 408.5 24.5431 0.0106524
  410 409.5 24.5095 0.0106378
  411 410.5 24.5043 0.0106355
  412 411.5 24.4727 0.0106218
  413 412.5 24.4878 0.0106284
  414 413.5 24.5539 0.0106571
  415 414.5 24.5163 0.0106407
  416 415.5 24.4574 0.0106152
  417 416.5 24.4636 0.0106179
  418 417.5 24.5411 0.0106515
  419 418.5 24.4884 0.0106287
  420 419.5 24.5064 0.0106364
  421 420.5 24.5198 0.0106423
  422 421.5 24.5374 0.0106499
  423 422.5 24.4843 0.0106269
  424 423.5 24.5459 0.0106536
  425 424.5 24.5712 0.0106646
  426 425.5 24.52 0.0106424
  427 426.5 24.4843 0.0106269
  428 427.5 24.5725 0.0106651
  429 428.5 24.512 0.0106389
  430 429.5 24.5413 0.0106516
  431 430.5 24.4885 0.0106287
  432 431.5 24.5688 0.0106635
  433 432.5 24.4951 0.0106315
  434 433.5 24.4882 0.0106286
  435 434.5 24.5166 0.0106409
  436 435.5 24.5363 0.0106495
  437 436.5 24.4606 0.0106166
  438 437.5 24.4539 0.0106137
  439 438.5 24.5358 0.0106492
  440 439.5 24.3945 0.0105879
  441 440.5 24.4502 0.0106121
  442 441.5 24.4754 0.010623
  443 442.5 24.3986 0.0105897
  444 443.5 24.3696 0.0105771
  445 444.5 24.4023 0.0105913
  446 445.5 24.4094 0.0105943
  447 446.5 24.4 0.0105903
  448 447.5 24.3333 0.0105613
  449 448.5 24.3049 0.010549
  450 449.5 24.2981 0.0105461
  451 450.5 24.295 0.0105447
  452 451.5 24.2145 0.0105097
  453 452.5 24.2389 0.0105204
  454 453.5 24.2104 0.010508
  455 454.5 24.0992 0.0104597
  456 455.5 24.0318 0.0104305
  457 456.5 24.0291 0.0104293
  458 457.5 23.9167 0.0103805
  459 458.5 23.8805 0.0103648
  460 459.5 23.7964 0.0103283
  461 460.5 23.6818 0.0102786
  462 461.5 23.5938 0.0102404
  463 462.5 23.4768 0.0101896
  464 463.5 23.3523 0.0101355
  465 464.5 23.2262 0.0100808
  466 465.5 23.0266 0.00999418
  467 466.5 22.7715 0.00988347
  468 467.5 22.5414 0.0097836
  469 468.5 22.2347 0.00965046
  470 469.5 21.8707 0.0094925
  471 470.5 21.5523 0.0093543
  472 471.5 21.0799 0.00914926
  473 472.5 20.5189 0.00890577
  474 473.5 20.0247 0.00869126
  475 474.5 19.3532 0.00839982
  476 475.5 18.6581 0.00809815
  477 476.5 17.9393 0.00778614
  478 477.5 17.1795 0.00745639
  479 478.5 16.3898 0.00711364
  480 479.5 15.5766 0.00676068
72500000 480 4734.000000000001
  1 0.5 16.5997 0.00720472
  2 1.5 15.7733 0.00684606
  3 2.5 14.931 0.00648048
  4 3.5 14.1177 0.00612748
  5 4.5 13.3072 0.0057757
  6 5.5 12.4746 0.0054143
  7 6.5 11.672 0.00506598
  8 7.5 10.97 0.00476127
  9 8.5 10.2283 0.00443939
  10 9.5 9.54135 0.00414121
  11 10.5 8.94568 0.00388267
  12 11.5 8.40287 0.00364708
  13 12.5 7.87565 0.00341825
  14 13.5 7.44678 0.00323211
  15 14.5 7.03466 0.00305324
  16 15.5 6.71321 0.00291372
  17 16.5 6.40386 0.00277945
  18 17.5 6.08394 0.0026406
  19 18.5 5.86186 0.00254421
  20 19.5 5.66766 0.00245992
  21 20.5 5.47488 0.00237625
  22 21.5 5.32419 0.00231085
  23 22.5 5.22586 0.00226817
  24 23.5 5.1289 0.00222608
  25 24.5 5.03128 0.00218372
  26 25.5 4.94752 0.00214736
  27 26.5 4.8603 0.0021095
  28 27.5 4.79172 0.00207974
  29 28.5 4.78066 0.00207494
  30 29.5 4.77888 0.00207417
  31 30.5 4.76206 0.00206687
  32 31.5 4.72038 0.00204878
  33 32.5 4.69131 0.00203616
  34 33.5 4.66274 0.00202376
  35 34.5 4.66002 0.00202258
  36 35.5 4.6348 0.00201163
  37 36.5 4.61076 0.0020012
  38 37.5 4.58951 0.00199198
  39 38.5 4.59686 0.00199517
  40 39.5 4.60663 0.00199941
  41 40.5 4.6039 0.00199822
  42 41.5 4.56849 0.00198285
  43 42.5 4.58365 0.00198943
  44 43.5 4.60606 0.00199916
  45 44.5 4.5899 0.00199214
  46 45.5 4.56287 0.00198041
  47 46.5 4.57489 0.00198563
  48 47.5 4.60564 0.00199898
  49 48.5 4.59479 0.00199427
  50 49.5 4.60013 0.00199658
  51 50.5 4.59508 0.00199439
  52 51.5 4.60154 0.0019972
  53 52.5 4.59911 0.00199614
  54 53.5 4.62222 0.00200617
  55 54.5 4.60025 0.00199664
  56 55.5 4.60625 0.00199924
  57 56.5 4.59138 0.00199279
  58 57.5 4.57188 0.00198432
  59 58.5 4.58375 0.00198948
  60 59.5 4.60595 0.00199911
  61 60.5 4.57209 0.00198441
  62 61.5 4.57198 0.00198436
  63 62.5 4.59659 0.00199505
  64 63.5 4.59512 0.00199441
  65 64.5 4.62337 0.00200667
  66 65.5 4.62255 0.00200632
  67 66.5 4.66739 0.00202578
  68 67.5 4.6513 0.00201879
  69 68.5 4.65361 0.0020198
  70 69.5 4.68437 0.00203315
  71 70.5 4.65818 0.00202178
  72 71.5 4.67905 0.00203084
  73 72.5 4.69953 0.00203973
  74 73.5 4.68583 0.00203378
  75 74.5 4.6879 0.00203468
  76 75.5 4.70577 0.00204243
  77 76.5 4.69694 0.0020386
  78 77.5 4.6896 0.00203542
  79 78.5 4.72226 0.00204959
  80 79.5 4.71657 0.00204712
  81 80.5 4.71723 0.00204741
  82 81.5 4.71214 0.0020452
  83 82.5 4.73005 0.00205297
  84 83.5 4.74619 0.00205998
  85 84.5 4.70783 0.00204333
  86 85.5 4.73022 0.00205305
  87 86.5 4.72037 0.00204877
  88 87.5 4.74632 0.00206003
  89 88.5 4.72982 0.00205287
  90 89.5 4.73098 0.00205338
  91 90.5 4.73568 0.00205542
  92 91.5 4.72826 0.0020522
  93 92.5 4.71603 0.00204689
  94 93.5 4.74206 0.00205818
  95 94.5 4.71086 0.00204464
  96 95.5 4.73998 0.00205728
  97 96.5 4.73957 0.0020571
  98 97.5 4.71377 0.00204591
  99 98.5 4.72582 0.00205114
  100 99.5 4.72354 0.00205015
  101 100.5 4.71769 0.00204761
  102 101.5 4.71974 0.0020485
  103 102.5 4.7263 0.00205134
  104 103.5 4.72123 0.00204915
  105 104.5 4.73137 0.00205355
  106 105.5 4.71672 0.00204719
  107 106.5 4.7238 0.00205026
  108 107.5 4.71664 0.00204715
  109 108.5 4.71792 0.00204771
  110 109.5 4.71556 0.00204668
  111 110.5 4.74563 0.00205974
  112 111.5 4.71948 0.00204839
  113 112.5 4.69118 0.0020361
  114 113.5 4.67979 0.00203116
  115 114.5 4.68448 0.00203319
  116 115.5 4.69125 0.00203613
  117 116.5 4.70486 0.00204204
  118 117.5 4.70664 0.00204281
  119 118.5 4.69538 0.00203792
  120 119.5 4.67194 0.00202775
  121 120.5 4.69542 0.00203794
  122 121.5 4.68861 0.00203499
  123 122.5 4.69398 0.00203732
  124 123.5 4.69007 0.00203562
  125 124.5 4.72992 0.00205292
  126 125.5 4.71905 0.0020482
  127 126.5 4.72378 0.00205025
  128 127.5 4.74466 0.00205931
  129 128.5 4.70966 0.00204412
  130 129.5 4.7357 0.00205542
  131 130.5 4.74797 0.00206075
  132 131.5 4.75395 0.00206335
  133 132.5 4.78458 0.00207664
  134 133.5 4.77489 0.00207243
  135 134.5 4.75401 0.00206337
  136 135.5 4.78198 0.00207551
  137 136.5 4.79942 0.00208308
  138 137.5 4.78273 0.00207584
  139 138.5 4.79792 0.00208243
  140 139.5 4.77404 0.00207207
  141 140.5 4.816 0.00209028
  142 141.5 4.80605 0.00208596
  143 142.5 4.82154 0.00209268
  144 143.5 4.8213 0.00209258
  145 144.5 4.86607 0.00211201
  146 145.5 4.86566 0.00211183
  147 146.5 4.84464 0.00210271
  148 147.5 4.86755 0.00211265
  149 148.5 4.87929 0.00211775
  150 149.5 4.9074 0.00212995
  151 150.5 4.93206 0.00214065
  152 151.5 4.95802 0.00215192
  153 152.5 5.0025 0.00217123
  154 153.5 5.07081 0.00220087
  155 154.5 5.10776 0.00221691
  156 155.5 5.14852 0.0022346
  157 156.5 5.18997 0.00225259
  158 157.5 5.3095 0.00230447
  159 158.5 5.38516 0.00233731
  160 159.5 5.50139 0.00238776
  161 160.5 5.64898 0.00245182
  162 161.5 5.8317 0.00253112
  163 162.5 6.02874 0.00261664
  164 163.5 6.24675 0.00271126
  165 164.5 6.51014 0.00282558
  166 165.5 6.8635 0.00297895
  167 166.5 7.21754 0.00313261
  168 167.5 7.64814 0.0033195
  169 168.5 8.10717 0.00351874
  170 169.5 8.63637 0.00374842
  171 170.5 9.19174 0.00398947
  172 171.5 9.8251 0.00426436
  173 172.5 10.4562 0.00453827
  174 173.5 11.2097 0.00486534
  175 174.5 11.946 0.00518488
  176 175.5 12.7154 0.00551885
  177 176.5 13.532 0.00587325
  178 177.5 14.3765 0.00623981
  179 178.5 15.1653 0.00658216
  180 179.5 16.0601 0.00697052
  181 180.5 16.8852 0.00732866
  182 181.5 17.6285 0.00765125
  183 182.5 18.4178 0.00799384
  184 183.5 19.1706 0.00832057
  185 184.5 19.8393 0.00861079
  186 185.5 20.4537 0.00887748
  187 186.5 21.1018 0.00915877
  188 187.5 21.5501 0.00935333
  189 188.5 22.0735 0.00958052
  190 189.5 22.4459 0.00974214
  191 190.5 22.8762 0.0099289
  192 191.5 23.2152 0.010076
  193 192.5 23.5752 0.0102323
  194 193.5 23.9196 0.0103818
  195 194.5 24.1703 0.0104906
  196 195.5 24.3691 0.0105769
  197 196.5 24.7006 0.0107208
  198 197.5 24.9457 0.0108271
  199 198.5 25.3177 0.0109886
  200 199.5 25.6134 0.0111169
  201 200.5 25.868 0.0112274
  202 201.5 26.3323 0.0114289
  203 202.5 26.6401 0.0115625
  204 203.5 26.3398 0.0114322
  205 204.5 24.7165 0.0107276
  206 205.5 20.8586 0.00905323
  207 206.5 14.7156 0.00638699
  208 207.5 8.06966 0.00350246
  209 208.5 3.27922 0.00142327
  210 209.5 1.08678 0.000471694
  211 210.5 0.344192 0.000149389
  212 211.5 0.101568 4.40833e-05
  213 212.5 0.022224 9.64583e-06
  214 213.5 0.001336 5.79861e-07
  215 214.5 8e-06 3.47222e-09
  216 215.5 0 0
  217 216.5 0 0
  218 217.5 0 0
  219 218.5 0 0
  220 219.5 0 0
  221 220.5 3.2e-05 1.38889e-08
  222 221.5 0.005456 2.36806e-06
  223 222.5 0.1288 5.59028e-05
  224 223.5 0.46832 0.000203264
  225 224.5 0.354608 0.00015391
  226 225.5 0.042504 1.84479e-05
  227 226.5 0.00028 1.21528e-07
  228 227.5 0 0
  229 228.5 0 0
  230 229.5 0 0
  231 230.5 0 0
  232 231.5 0 0
  233 232.5 0 0
  234 233.5 0 0
  235 234.5 0 0
  236 235.5 0 0
  237 236.5 0 0
  238 237.5 0 0
  239 238.5 0 0
  240 239.5 0 0
  241 240.5 0 0
  242 241.5 0 0
  243 242.5 0 0
  244 243.5 0 0
  245 244.5 0 0
  246 245.5 0 0
  247 246.5 0 0
  248 247.5 0 0
  249 248.5 0 0
  250 249.5 0 0
  251 250.5 0 0
  252 251.5 0 0
  253 252.5 0 0
  254 253.5 0 0
  255 254.5 0 0
  256 255.5 0 0
  257 256.5 0 0
  258 257.5 0 0
  259 258.5 0 0
  260 259.5 0 0
  261 260.5 0 0
  262 261.5 0 0
  263 262.5 0 0
  264 263.5 0 0
  265 264.5 0 0
  266 265.5 0 0
  267 266.5 0 0
  268 267.5 0 0
  269 268.5 0 0
  270 269.5 0 0
  271 270.5 0 0
  272 271.5 0 0
  273 272.5 0 0
  274 273.5 0 0
  275 274.5 0 0
  276 275.5 0 0
  277 276.5 0 0
  278 277.5 0 0
  279 278.5 0 0
  280 279.5 0 0
  281 280.5 0 0
  282 281.5 0 0
  283 282.5 0 0
  284 283.5 0 0
  285 284.5 0.000912 3.95833e-07
  286 285.5 0.046976 2.03889e-05
  287 286.5 0.333104 0.000144576
  288 287.5 0.487336 0.000211517
  289 288.5 0.12772 5.5434e-05
  290 289.5 0.003952 1.71528e-06
  291 290.5 0 0
  292 291.5 0 0
  293 292.5 0 0
  294 293.5 0 0
  295 294.5 0 0
  296 295.5 0 0
  297 296.5 0 0
  298 297.5 0 0
  299 298.5 0 0
  300 299.5 0 0
  301 300.5 0 0
  302 301.5 0 0
  303 302.5 0 0
  304 303.5 0 0
  305 304.5 0 0
  306 305.5 0 0
  307 306.5 0 0
  308 307.5 0 0
  309 308.5 0 0
  310 309.5 0 0
  311 310.5 0 0
  312 311.5 0 0
  313 312.5 0 0
  314 313.5 0 0
  315 314.5 0 0
  316 315.5 0 0
  317 316.5 0 0
  318 317.5 0 0
  319 318.5 0 0
  320 319.5 0 0
  321 320.5 0 0
  322 321.5 0 0
  323 322.5 0 0
  324 323.5 0 0
  325 324.5 0 0
  326 325.5 0 0
  327 326.5 0 0
  328 327.5 0 0
  329 328.5 0 0
  330 329.5 0 0
  331 330.5 0 0
  332 331.5 0 0
  333 332.5 0 0
  334 333.5 0 0
  335 334.5 0 0
  336 335.5 0 0
  337 336.5 0 0
  338 337.5 0 0
  339 338.5 0 0
  340 339.5 0 0
  341 340.5 0 0
  342 341.5 0 0
  343 342.5 0 0
  344 343.5 0 0
  345 344.5 0 0
  346 345.5 0 0
  347 346.5 1.6e-05 6.94444e-09
  348 347.5 0.000512 2.22222e-07
  349 348.5 0.007832 3.39931e-06
  350 349.5 0.06252 2.71354e-05
  351 350.5 0.274496 0.000119139
  352 351.5 0.957624 0.000415635
  353 352.5 2.93975 0.00127593
  354 353.5 7.20578 0.00312751
  355 354.5 13.5921 0.00589935
  356 355.5 20.3774 0.00884434
  357 356.5 24.9549 0.0108311
  358 357.5 26.6493 0.0115666
  359 358.5 26.738 0.011605
  360 359.5 26.6888 0.0115837
  361 360.5 26.4344 0.0114733
  362 361.5 26.1009 0.0113285
  363 362.5 25.797 0.0111966
  364 363.5 25.6314 0.0111247
  365 364.5 25.5022 0.0110687
  366 365.5 25.2556 0.0109617
  367 366.5 25.1661 0.0109228
  368 367.5 25.0752 0.0108833
  369 368.5 24.9912 0.0108469
  370 369.5 24.865 0.0107921
  371 370.5 24.8682 0.0107935
  372 371.5 24.8018 0.0107647
  373 372.5 24.7396 0.0107377
  374 373.5 24.7687 0.0107503
  375 374.5 24.7504 0.0107424
  376 375.5 24.6713 0.010708
  377 376.5 24.6722 0.0107084
  378 377.5 24.7193 0.0107289
  379 378.5 24.6667 0.010706
  380 379.5 24.6328 0.0106913
  381 380.5 24.6524 0.0106998
  382 381.5 24.6908 0.0107165
  383 382.5 24.6338 0.0106918
  384 383.5 24.5994 0.0106768
  385 384.5 24.6244 0.0106877
  386 385.5 24.6932 0.0107175
  387 386.5 24.6113 0.010682
  388 387.5 24.6257 0.0106882
  389 388.5 24.6357 0.0106926
  390 389.5 24.6174 0.0106847
  391 390.5 24.5871 0.0106715
  392 391.5 24.624 0.0106875
  393 392.5 24.5887 0.0106722
  394 393.5 24.6183 0.010685
  395 394.5 24.5916 0.0106735
  396 395.5 24.5765 0.0106669
  397 396.5 24.5614 0.0106603
  398 397.5 24.5969 0.0106757
  399 398.5 24.5948 0.0106748
  400 399.5 24.5269 0.0106454
  401 400.5 24.5878 0.0106718
  402 401.5 24.5716 0.0106648
  403 402.5 24.5349 0.0106488
  404 403.5 24.5352 0.010649
  405 404.5 24.5908 0.0106731
  406 405.5 24.5812 0.0106689
  407 406.5 24.5681 0.0106632
  408 407.5 24.5175 0.0106413
  409 408.5 24.566 0.0106623
  410 409.5 24.5475 0.0106543
  411 410.5 24.4804 0.0106252
  412 411.5 24.5276 0.0106457
  413 412.5 24.5325 0.0106478
  414 413.5 24.5255 0.0106447
  415 414.5 24.5539 0.0106571
  416 415.5 24.5525 0.0106565
  417 416.5 24.4996 0.0106335
  418 417.5 24.5324 0.0106478
  419 418.5 24.5709 0.0106645
  420 419.5 24.5933 0.0106742
  421 420.5 24.5258 0.0106449
  422 421.5 24.5527 0.0106566
  423 422.5 24.5852 0.0106707
  424 423.5 24.5579 0.0106588
  425 424.5 24.5462 0.0106537
  426 425.5 24.5694 0.0106638
  427 426.5 24.5383 0.0106503
  428 427.5 24.5453 0.0106533
  429 428.5 24.5782 0.0106676
  430 429.5 24.5838 0.01067
  431 430.5 24.5565 0.0106582
  432 431.5 24.5037 0.0106353
  433 432.5 24.5637 0.0106613
  434 433.5 24.4983 0.0106329
  435 434.5 24.5037 0.0106353
  436 435.5 24.4667 0.0106192
  437 436.5 24.5274 0.0106456
  438 437.5 24.5051 0.0106359
  439 438.5 24.4725 0.0106218
  440 439.5 24.4716 0.0106214
  441 440.5 24.4463 0.0106104
  442 441.5 24.4952 0.0106316
  443 442.5 24.4963 0.0106321
  444 443.5 24.5243 0.0106442
  445 444.5 24.4571 0.010615
  446 445.5 24.4656 0.0106188
  447 446.5 24.5138 0.0106397
  448 447.5 24.4872 0.0106281
  449 448.5 24.3792 0.0105812
  450 449.5 24.4562 0.0106147
  451 450.5 24.5103 0.0106382
  452 451.5 24.4648 0.0106184
  453 452.5 24.441 0.0106081
  454 453.5 24.4518 0.0106128
  455 454.5 24.4313 0.0106038
  456 455.5 24.386 0.0105842
  457 456.5 24.3381 0.0105634
  458 457.5 24.3697 0.0105771
  459 458.5 24.3037 0.0105485
  460 459.5 24.298 0.010546
  461 460.5 24.1679 0.0104895
  462 461.5 24.1076 0.0104634
  463 462.5 24.0279 0.0104288
  464 463.5 23.8747 0.0103623
  465 464.5 23.7906 0.0103258
  466 465.5 23.5831 0.0102357
  467 466.5 23.3904 0.0101521
  468 467.5 23.1816 0.0100615
  469 468.5 22.9799 0.0099739
  470 469.5 22.6469 0.00982937
  471 470.5 22.314 0.00968488
  472 471.5 22.0287 0.00956105
  473 472.5 21.6374 0.00939125
  474 473.5 21.1512 0.0091802
  475 474.5 20.6342 0.00895581
  476 475.5 20.039 0.00869748
  477 476.5 19.435 0.00843531
  478 477.5 18.8091 0.00816367
  479 478.5 18.1008 0.00785626
  480 479.5 17.385 0.00754559
75000000 480 4734
  1 0.5 16.9088 0.00733887
  2 1.5 16.1583 0.00701314
  3 2.5 15.2894 0.00663601
  4 3.5 14.4988 0.0062929
  5 4.5 13.6123 0.00590811
  6 5.5 12.8192 0.0055639
  7 6.5 12.0288 0.00522081
  8 7.5 11.2858 0.00489834
  9 8.5 10.5831 0.00459336
  10 9.5 9.9365 0.00431272
  11 10.5 9.29709 0.00403519
  12 11.5 8.76836 0.00380571
  13 12.5 8.26184 0.00358587
  14 13.5 7.8168 0.00339271
  15 14.5 7.43185 0.00322563
  16 15.5 7.12132 0.00309085
  17 16.5 6.79746 0.00295028
  18 17.5 6.52667 0.00283276
  19 18.5 6.25267 0.00271383
  20 19.5 6.06371 0.00263182
  21 20.5 5.91494 0.00256725
  22 21.5 5.73198 0.00248784
  23 22.5 5.5457 0.00240699
  24 23.5 5.42506 0.00235463
  25 24.5 5.33834 0.00231699
  26 25.5 5.23945 0.00227407
  27 26.5 5.19587 0.00225515
  28 27.5 5.14942 0.00223499
  29 28.5 5.11111 0.00221836
  30 29.5 5.05273 0.00219302
  31 30.5 5.01377 0.00217611
  32 31.5 5.01721 0.00217761
  33 32.5 5.00296 0.00217142
  34 33.5 4.9615 0.00215343
  35 34.5 4.94557 0.00214651
  36 35.5 4.93404 0.00214151
  37 36.5 4.92733 0.0021386
  38 37.5 4.90096 0.00212715
  39 38.5 4.8947 0.00212444
  40 39.5 4.87066 0.002114
  41 40.5 4.86626 0.00211209
  42 41.5 4.87218 0.00211466
  43 42.5 4.90739 0.00212994
  44 43.5 4.8899 0.00212235
  45 44.5 4.88728 0.00212122
  46 45.5 4.8601 0.00210942
  47 46.5 4.85058 0.00210529
  48 47.5 4.84984 0.00210497
  49 48.5 4.82221 0.00209297
  50 49.5 4.87474 0.00211577
  51 50.5 4.86882 0.0021132
  52 51.5 4.86024 0.00210948
  53 52.5 4.89264 0.00212354
  54 53.5 4.90668 0.00212964
  55 54.5 4.90193 0.00212757
  56 55.5 4.89737 0.00212559
  57 56.5 4.92291 0.00213668
  58 57.5 4.92327 0.00213684
  59 58.5 4.95026 0.00214855
  60 59.5 4.95714 0.00215153
  61 60.5 4.9661 0.00215542
  62 61.5 4.96044 0.00215297
  63 62.5 4.94415 0.0021459
  64 63.5 4.92425 0.00213726
  65 64.5 4.90974 0.00213097
  66 65.5 4.89099 0.00212283
  67 66.5 4.88654 0.0021209
  68 67.5 4.88315 0.00211942
  69 68.5 4.88146 0.00211869
  70 69.5 4.86372 0.00211099
  71 70.5 4.87198 0.00211457
  72 71.5 4.8486 0.00210443
  73 72.5 4.85457 0.00210702
  74 73.5 4.87162 0.00211442
  75 74.5 4.84067 0.00210099
  76 75.5 4.81269 0.00208884
  77 76.5 4.85319 0.00210642
  78 77.5 4.86094 0.00210978
  79 78.5 4.85001 0.00210504
  80 79.5 4.82754 0.00209528
  81 80.5 4.84318 0.00210208
  82 81.5 4.81614 0.00209034
  83 82.5 4.81486 0.00208978
  84 83.5 4.80003 0.00208335
  85 84.5 4.81205 0.00208856
  86 85.5 4.79682 0.00208195
  87 86.5 4.81454 0.00208964
  88 87.5 4.78762 0.00207796
  89 88.5 4.78693 0.00207766
  90 89.5 4.79022 0.00207909
  91 90.5 4.80801 0.00208681
  92 91.5 4.81086 0.00208805
  93 92.5 4.82906 0.00209595
  94 93.5 4.79578 0.0020815
  95 94.5 4.81611 0.00209033
  96 95.5 4.8141 0.00208945
  97 96.5 4.80394 0.00208505
  98 97.5 4.78754 0.00207793
  99 98.5 4.79354 0.00208053
  100 99.5 4.8188 0.00209149
  101 100.5 4.82706 0.00209508
  102 101.5 4.84515 0.00210293
  103 102.5 4.87641 0.0021165
  104 103.5 4.91752 0.00213434
  105 104.5 4.92033 0.00213556
  106 105.5 4.90342 0.00212822
  107 106.5 4.89815 0.00212593
  108 107.5 4.93542 0.00214211
  109 108.5 4.90483 0.00212883
  110 109.5 4.88521 0.00212032
  111 110.5 4.89622 0.0021251
  112 111.5 4.88956 0.0021222
  113 112.5 4.87169 0.00211445
  114 113.5 4.84648 0.00210351
  115 114.5 4.8817 0.00211879
  116 115.5 4.88069 0.00211835
  117 116.5 4.88448 0.00212
  118 117.5 4.87094 0.00211412
  119 118.5 4.8621 0.00211028
  120 119.5 4.87062 0.00211398
  121 120.5 4.93047 0.00213996
  122 121.5 4.93039 0.00213993
  123 122.5 4.93332 0.0021412
  124 123.5 4.93793 0.0021432
  125 124.5 4.95243 0.00214949
  126 125.5 4.93403 0.00214151
  127 126.5 4.95499 0.0021506
  128 127.5 4.95155 0.00214911
  129 128.5 4.95259 0.00214956
  130 129.5 4.9419 0.00214492
  131 130.5 4.9679 0.0021562
  132 131.5 4.96962 0.00215695
  133 132.5 4.93814 0.00214329
  134 133.5 4.95957 0.00215259
  135 134.5 4.96162 0.00215348
  136 135.5 4.94483 0.00214619
  137 136.5 4.92838 0.00213906
  138 137.5 4.95581 0.00215096
  139 138.5 4.93723 0.0021429
  140 139.5 4.91461 0.00213308
  141 140.5 4.92682 0.00213838
  142 141.5 4.97881 0.00216094
  143 142.5 5.00332 0.00217158
  144 143.5 4.97578 0.00215963
  145 144.5 4.93434 0.00214164
  146 145.5 4.93555 0.00214217
  147 146.5 4.9647 0.00215482
  148 147.5 4.95885 0.00215228
  149 148.5 4.98261 0.00216259
  150 149.5 4.97863 0.00216086
  151 150.5 5.00555 0.00217255
  152 151.5 5.00088 0.00217052
  153 152.5 5.02938 0.00218289
  154 153.5 5.0231 0.00218016
  155 154.5 5.06242 0.00219723
  156 155.5 5.11182 0.00221867
  157 156.5 5.11473 0.00221993
  158 157.5 5.16757 0.00224287
  159 158.5 5.21465 0.0022633
  160 159.5 5.28906 0.0022956
  161 160.5 5.38585 0.00233761
  162 161.5 5.49815 0.00238635
  163 162.5 5.66146 0.00245723
  164 163.5 5.83942 0.00253447
  165 164.5 6.04038 0.00262169
  166 165.5 6.26223 0.00271798
  167 166.5 6.5681 0.00285074
  168 167.5 6.90411 0.00299658
  169 168.5 7.25896 0.00315059
  170 169.5 7.67481 0.00333108
  171 170.5 8.12958 0.00352847
  172 171.5 8.6843 0.00376923
  173 172.5 9.2453 0.00401272
  174 173.5 9.92935 0.00430961
  175 174.5 10.6179 0.00460848
  176 175.5 11.4215 0.00495725
  177 176.5 12.1884 0.00529009
  178 177.5 12.9801 0.00563371
  179 178.5 13.9023 0.00603397
  180 179.5 14.7497 0.0064018
  181 180.5 15.6117 0.00677591
  182 181.5 16.4266 0.0071296
  183 182.5 17.2666 0.00749417
  184 183.5 18.0362 0.00782819
  185 184.5 18.801 0.00816017
  186 185.5 19.4623 0.00844719
  187 186.5 20.1302 0.00873708
  188 187.5 20.7095 0.00898849
  189 188.5 21.246 0.00922135
  190 189.5 21.7855 0.00945549
  191 190.5 22.2467 0.00965569
  192 191.5 22.6924 0.00984911
  193 192.5 23.078 0.0100165
  194 193.5 23.4902 0.0101954
  195 194.5 23.7724 0.0103179
  196 195.5 24.1352 0.0104754
  197 196.5 24.4681 0.0106199
  198 197.5 24.771 0.0107513
  199 198.5 25.0726 0.0108822
  200 199.5 25.4676 0.0110536
  201 200.5 25.8662 0.0112267
  202 201.5 26.1342 0.0113429
  203 202.5 26.4777 0.0114921
  204 203.5 26.4218 0.0114678
  205 204.5 25.3669 0.01101
  206 205.5 22.0387 0.0095654
  207 206.5 16.0014 0.00694504
  208 207.5 9.15717 0.00397447
  209 208.5 4.07915 0.00177047
  210 209.5 1.47323 0.000639424
  211 210.5 0.498488 0.000216358
  212 211.5 0.134528 5.83889e-05
  213 212.5 0.018176 7.88889e-06
  214 213.5 0.00148 6.42361e-07
  215 214.5 1.6e-05 6.94444e-09
  216 215.5 0 0
  217 216.5 0 0
  218 217.5 0 0
  219 218.5 0 0
  220 219.5 0 0
  221 220.5 0 0
  222 221.5 0.000416 1.80556e-07
  223 222.5 0.05968 2.59028e-05
  224 223.5 0.45308 0.000196649
  225 224.5 0.397344 0.000172458
  226 225.5 0.080616 3.49896e-05
  227 226.5 0.008848 3.84028e-06
  228 227.5 1.6e-05 6.94444e-09
  229 228.5 0 0
  230 229.5 0 0
  231 230.5 0 0
  232 231.5 0 0
  233 232.5 0 0
  234 233.5 0 0
  235 234.5 0 0
  236 235.5 0 0
  237 236.5 0 0
  238 237.5 0 0
  239 238.5 0 0
  240 239.5 0 0
  241 240.5 0 0
  242 241.5 0 0
  243 242.5 0 0
  244 243.5 0 0
  245 244.5 0 0
  246 245.5 0 0
  247 246.5 0 0
  248 247.5 0 0
  249 248.5 0 0
  250 249.5 0 0
  251 250.5 0 0
  252 251.5 0 0
  253 252.5 0 0
  254 253.5 0 0
  255 254.5 0 0
  256 255.5 0 0
  257 256.5 0 0
  258 257.5 0 0
  259 258.5 0 0
  260 259.5 0 0
  261 260.5 0 0
  262 261.5 0 0
  263 262.5 0 0
  264 263.5 0 0
  265 264.5 0 0
  266 265.5 0 0
  267 266.5 0 0
  268 267.5 0 0
  269 268.5 0 0
  270 269.5 0 0
  271 270.5 0 0
  272 271.5 0 0
  273 272.5 0 0
  274 273.5 0 0
  275 274.5 0 0
  276 275.5 0 0
  277 276.5 0 0
  278 277.5 0 0
  279 278.5 0 0
  280 279.5 0 0
  281 280.5 0 0
  282 281.5 0 0
  283 282.5 0 0
  284 283.5 0 0
  285 284.5 0 0
  286 285.5 0.010928 4.74306e-06
  287 286.5 0.26656 0.000115694
  288 287.5 0.533328 0.000231479
  289 288.5 0.161704 7.0184e-05
  290 289.5 0.027056 1.17431e-05
  291 290.5 0.000424 1.84028e-07
  292 291.5 0 0
  293 292.5 0 0
  294 293.5 0 0
  295 294.5 0 0
  296 295.5 0 0
  297 296.5 0 0
  298 297.5 0 0
  299 298.5 0 0
  300 299.5 0 0
  301 300.5 0 0
  302 301.5 0 0
  303 302.5 0 0
  304 303.5 0 0
  305 304.5 0 0
  306 305.5 0 0
  307 306.5 0 0
  308 307.5 0 0
  309 308.5 0 0
  310 309.5 0 0
  311 310.5 0 0
  312 311.5 0 0
  313 312.5 0 0
  314 313.5 0 0
  315 314.5 0 0
  316 315.5 0 0
  317 316.5 0 0
  318 317.5 0 0
  319 318.5 0 0
  320 319.5 0 0
  321 320.5 0 0
  322 321.5 0 0
  323 322.5 0 0
  324 323.5 0 0
  325 324.5 0 0
  326 325.5 0 0
  327 326.5 0 0
  328 327.5 0 0
  329 328.5 0 0
  330 329.5 0 0
  331 330.5 0 0
  332 331.5 0 0
  333 332.5 0 0
  334 333.5 0 0
  335 334.5 0 0
  336 335.5 0 0
  337 336.5 0 0
  338 337.5 0 0
  339 338.5 0 0
  340 339.5 0 0
  341 340.5 0 0
  342 341.5 0 0
  343 342.5 0 0
  344 343.5 0 0
  345 344.5 0 0
  346 345.5 0 0
  347 346.5 0 0
  348 347.5 0.000216 9.375e-08
  349 348.5 0.00372 1.61458e-06
  350 349.5 0.041864 1.81701e-05
  351 350.5 0.199936 8.67778e-05
  352 351.5 0.76596 0.000332448
  353 352.5 2.47927 0.00107607
  354 353.5 6.27582 0.00272388
  355 354.5 12.2377 0.00531151
  356 355.5 19.0082 0.00825007
  357 356.5 24.0827 0.0104525
  358 357.5 26.2882 0.0114098
  359 358.5 26.7165 0.0115957
  360 359.5 26.6506 0.0115671
  361 360.5 26.4215 0.0114677
  362 361.5 26.0516 0.0113071
  363 362.5 25.8052 0.0112002
  364 363.5 25.6248 0.0111219
  365 364.5 25.4376 0.0110406
  366 365.5 25.2177 0.0109452
  367 366.5 25.0757 0.0108836
  368 367.5 25.0055 0.0108531
  369 368.5 24.8679 0.0107934
  370 369.5 24.7913 0.0107601
  371 370.5 24.6913 0.0107167
  372 371.5 24.6638 0.0107048
  373 372.5 24.6182 0.010685
  374 373.5 24.6396 0.0106943
  375 374.5 24.5822 0.0106694
  376 375.5 24.5628 0.0106609
  377 376.5 24.5566 0.0106582
  378 377.5 24.5134 0.0106395
  379 378.5 24.5372 0.0106498
  380 379.5 24.4956 0.0106318
  381 380.5 24.5455 0.0106534
  382 381.5 24.4881 0.0106285
  383 382.5 24.4693 0.0106203
  384 383.5 24.4496 0.0106118
  385 384.5 24.4793 0.0106247
  386 385.5 24.4709 0.0106211
  387 386.5 24.4804 0.0106252
  388 387.5 24.4591 0.0106159
  389 388.5 24.4466 0.0106105
  390 389.5 24.5048 0.0106358
  391 390.5 24.4962 0.010632
  392 391.5 24.4922 0.0106303
  393 392.5 24.4654 0.0106187
  394 393.5 24.5328 0.0106479
  395 394.5 24.4988 0.0106332
  396 395.5 24.5284 0.010646
  397 396.5 24.4869 0.010628
  398 397.5 24.585 0.0106706
  399 398.5 24.5074 0.0106369
  400 399.5 24.4774 0.0106239
  401 400.5 24.5192 0.010642
  402 401.5 24.5168 0.010641
  403 402.5 24.4988 0.0106332
  404 403.5 24.6049 0.0106792
  405 404.5 24.5398 0.0106509
  406 405.5 24.5286 0.0106461
  407 406.5 24.5456 0.0106535
  408 407.5 24.5998 0.010677
  409 408.5 24.5169 0.010641
  410 409.5 24.5899 0.0106727
  411 410.5 24.612 0.0106823
  412 411.5 24.5922 0.0106737
  413 412.5 24.588 0.0106719
  414 413.5 24.6 0.0106771
  415 414.5 24.5848 0.0106705
  416 415.5 24.5782 0.0106676
  417 416.5 24.6154 0.0106838
  418 417.5 24.6525 0.0106999
  419 418.5 24.5852 0.0106707
  420 419.5 24.5667 0.0106626
  421 420.5 24.6234 0.0106872
  422 421.5 24.577 0.0106671
  423 422.5 24.6157 0.0106839
  424 423.5 24.5229 0.0106436
  425 424.5 24.5158 0.0106405
  426 425.5 24.5268 0.0106453
  427 426.5 24.5601 0.0106597
  428 427.5 24.5175 0.0106413
  429 428.5 24.5128 0.0106392
  430 429.5 24.4554 0.0106143
  431 430.5 24.522 0.0106432
  432 431.5 24.5264 0.0106452
  433 432.5 24.4906 0.0106296
  434 433.5 24.4783 0.0106243
  435 434.5 24.5181 0.0106415
  436 435.5 24.5049 0.0106358
  437 436.5 24.4439 0.0106093
  438 437.5 24.4459 0.0106102
  439 438.5 24.4621 0.0106172
  440 439.5 24.5347 0.0106487
  441 440.5 24.4749 0.0106228
  442 441.5 24.4128 0.0105958
  443 442.5 24.512 0.0106389
  444 443.5 24.4384 0.010607
  445 444.5 24.4453 0.01061
  446 445.5 24.4422 0.0106086
  447 446.5 24.4707 0.0106209
  448 447.5 24.4356 0.0106057
  449 448.5 24.3998 0.0105902
  450 449.5 24.3909 0.0105863
  451 450.5 24.4493 0.0106117
  452 451.5 24.3907 0.0105862
  453 452.5 24.4414 0.0106083
  454 453.5 24.3905 0.0105861
  455 454.5 24.4202 0.010599
  456 455.5 24.3747 0.0105793
  457 456.5 24.3124 0.0105523
  458 457.5 24.3626 0.0105741
  459 458.5 24.2768 0.0105368
  460 459.5 24.2135 0.0105093
  461 460.5 24.1166 0.0104673
  462 461.5 24.0993 0.0104598
  463 462.5 24.0389 0.0104335
  464 463.5 23.8979 0.0103724
  465 464.5 23.7727 0.010318
  466 465.5 23.6349 0.0102582
  467 466.5 23.5154 0.0102063
  468 467.5 23.3018 0.0101136
  469 468.5 23.0574 0.0100076
  470 469.5 22.8744 0.00992813
  471 470.5 22.5574 0.00979053
  472 471.5 22.1809 0.00962712
  473 472.5 21.8824 0.00949759
  474 473.5 21.4148 0.0092946
  475 474.5 20.927 0.00908291
  476 475.5 20.3824 0.00884652
  477 476.5 19.7987 0.00859318
  478 477.5 19.1266 0.00830148
  479 478.5 18.4819 0.00802166
  480 479.5 17.6793 0.0076733
