# Chunk-averaged data for fix tensor1 and group all
# Timestep Number-of-chunks Total-count
# Chunk Coord1 Ncount density/number c_press[1] c_press[2] c_press[3]
52500000 480 11348.000000000004
  1 0.5 31.6658 0.0137438 -634.838 -622.212 -629.906
  2 1.5 31.6778 0.013749 -674.784 -810.239 -715.999
  3 2.5 31.7035 0.0137602 -692.451 -823.661 -661.705
  4 3.5 31.6874 0.0137532 -650.751 -832.549 -512.883
  5 4.5 31.6485 0.0137363 -589.587 -811.658 -717.371
  6 5.5 31.7284 0.013771 -797.589 -702.309 -599.067
  7 6.5 31.648 0.0137361 -675.514 -658.645 -648.406
  8 7.5 31.6504 0.0137372 -590.127 -684.491 -654.148
  9 8.5 31.7116 0.0137637 -615.456 -702.441 -579.14
  10 9.5 31.6838 0.0137516 -531.668 -744.271 -627.935
  11 10.5 31.614 0.0137213 -620.627 -802.436 -627.116
  12 11.5 31.6696 0.0137455 -670.637 -603.274 -660.125
  13 12.5 31.658 0.0137404 -842.886 -760.52 -762.331
  14 13.5 31.6552 0.0137392 -674.274 -663.857 -513.133
  15 14.5 31.7205 0.0137676 -591.837 -768.016 -566.185
  16 15.5 31.6396 0.0137324 -774.233 -777.468 -824.471
  17 16.5 31.6473 0.0137358 -493.808 -562.835 -503.213
  18 17.5 31.6518 0.0137378 -561.948 -649.648 -672.954
  19 18.5 31.6347 0.0137303 -533.954 -477.604 -565.402
  20 19.5 31.6652 0.0137436 -674.67 -659.157 -648.024
  21 20.5 31.6589 0.0137408 -784.723 -574.302 -602.56
  22 21.5 31.677 0.0137487 -665.622 -496.377 -612.502
  23 22.5 31.6506 0.0137373 -628.826 -566.875 -673.939
  24 23.5 31.6621 0.0137422 -654.319 -577.84 -633.858
  25 24.5 31.659 0.0137409 -670.307 -568.637 -602.102
  26 25.5 31.6823 0.013751 -675.425 -459.903 -727.194
  27 26.5 31.6765 0.0137485 -766.858 -618.083 -676.167
  28 27.5 31.6798 0.0137499 -762.639 -508.222 -536.612
  29 28.5 31.7111 0.0137635 -562.721 -595.151 -563.462
  30 29.5 31.7078 0.0137621 -686.054 -626.934 -714.85
  31 30.5 31.6705 0.0137459 -539.471 -468.705 -623.948
  32 31.5 31.6466 0.0137355 -830.667 -751.682 -722.948
  33 32.5 31.7158 0.0137655 -689.791 -521.27 -553.246
  34 33.5 31.6593 0.013741 -514.04 -498.595 -648.04
  35 34.5 31.624 0.0137257 -576.709 -640.098 -719.575
  36 35.5 31.6421 0.0137336 -581.329 -439.363 -606.864
  37 36.5 31.7197 0.0137672 -671.742 -710.894 -586.558
  38 37.5 31.655 0.0137392 -656.397 -578.731 -548.694
  39 38.5 31.6772 0.0137488 -592.809 -734.42 -725.651
  40 39.5 31.6545 0.0137389 -700.132 -641.101 -679.623
  41 40.5 31.6684 0.013745 -665.659 -655.257 -646.835
  42 41.5 31.6561 0.0137396 -604.754 -634.933 -699.345
  43 42.5 31.6504 0.0137372 -445.792 -546.562 -591.716
  44 43.5 31.6267 0.0137269 -502.364 -592.18 -639.482
  45 44.5 31.6469 0.0137356 -371.419 -515.488 -695.028
  46 45.5 31.6556 0.0137394 -537.255 -503.729 -657.187
  47 46.5 31.5991 0.0137149 -612.98 -626.026 -769.469
  48 47.5 31.6675 0.0137446 -457.661 -572.346 -719.172
  49 48.5 31.6138 0.0137213 -375.41 -738.367 -821.406
  50 49.5 31.6393 0.0137323 -540.397 -680.287 -822.584
  51 50.5 31.5741 0.013704 -353.535 -403.647 -848.154
  52 51.5 31.6044 0.0137172 -277.922 -360.81 -946.4
  53 52.5 31.4925 0.0136686 -299.831 -212.976 -1144.26
  54 53.5 31.4841 0.013665 -218.476 -241.407 -1238.91
  55 54.5 31.5064 0.0136746 -286.128 -332.621 -1311.8
  56 55.5 31.348 0.0136059 -9.23939 -163.311 -1458.31
  57 56.5 31.2785 0.0135757 100.509 42.9611 -1792.3
  58 57.5 31.1155 0.013505 637.975 527.684 -1939.75
  59 58.5 30.9885 0.0134499 838.905 793.557 -2108.02
  60 59.5 30.684 0.0133177 1206.49 1416.6 -2280.92
  61 60.5 30.2975 0.01315 1778.52 1894.52 -2529.95
  62 61.5 29.8838 0.0129704 2495.8 2610.98 -2514.33
  63 62.5 29.1633 0.0126577 3026.88 3183.39 -2655.21
  64 63.5 28.2577 0.0122646 4202.92 4034.91 -2222.05
  65 64.5 27.0567 0.0117433 4674.86 4694.03 -1896.7
  66 65.5 25.6308 0.0111245 5262.78 5254.66 -1310.63
  67 66.5 23.7032 0.0102879 5819.57 5883.38 -38.797
  68 67.5 21.4189 0.00929642 5968.55 6045.54 795.989
  69 68.5 18.7947 0.00815743 5878 5759.87 1938.83
  70 69.5 16.0259 0.0069557 5284.22 5305.86 3103.24
  71 70.5 13.2171 0.00573661 3952.45 4181.79 3762.78
  72 71.5 10.61 0.00460503 2855.62 2826.31 4693.37
  73 72.5 8.2655 0.00358746 1105.66 1282.72 4713.68
  74 73.5 6.32684 0.00274602 -737.424 -671.31 4454.24
  75 74.5 4.81669 0.00209058 -3250.28 -2921.97 3385.34
  76 75.5 3.69996 0.00160589 -5064.02 -5116.24 1781.57
  77 76.5 2.87697 0.00124868 -7307.22 -7572.1 -671.376
  78 77.5 2.32883 0.00101078 -9488.56 -9612.6 -3300.1
  79 78.5 1.96317 0.000852069 -11362.5 -11397.1 -5741.33
  80 79.5 1.7067 0.000740753 -13041.1 -12774.4 -8376.35
  81 80.5 1.53386 0.000665736 -14268.6 -13856.5 -10557
  82 81.5 1.42773 0.000619674 -14930.4 -14600.4 -12084.2
  83 82.5 1.36727 0.000593434 -15485.2 -14771.1 -13402.2
  84 83.5 1.31205 0.000569465 -16099 -15603.3 -14322.6
  85 84.5 1.28942 0.000559642 -16736.7 -15841.4 -14864.9
  86 85.5 1.26689 0.000549865 -16580.2 -16220.9 -15372.9
  87 86.5 1.2469 0.000541188 -16568.5 -16260.2 -15824.5
  88 87.5 1.23548 0.000536233 -16670.5 -16646.9 -16183.4
  89 88.5 1.24522 0.000540458 -16668.5 -16627.8 -15944.7
  90 89.5 1.24225 0.00053917 -16637.2 -17088.3 -16129.1
  91 90.5 1.22541 0.000531861 -16875.8 -16948.9 -16441.2
  92 91.5 1.21518 0.000527424 -16879.4 -17159.4 -16664
  93 92.5 1.22526 0.000531795 -16666.1 -16969.3 -16450.2
  94 93.5 1.24177 0.000538962 -16339.5 -17095.9 -16262.5
  95 94.5 1.23225 0.00053483 -16629.4 -17282.2 -16435.7
  96 95.5 1.22509 0.000531722 -16494.2 -17163.8 -16434.8
  97 96.5 1.20275 0.000522028 -16365.7 -16706.7 -16872.9
  98 97.5 1.21599 0.000527774 -16276.2 -16916.6 -16744.9
  99 98.5 1.2103 0.000525302 -16849 -16946.6 -16760.5
  100 99.5 1.20751 0.000524094 -16546.2 -17132.1 -16779.3
  101 100.5 1.21915 0.000529146 -16623.9 -17054.3 -16545.9
  102 101.5 1.2065 0.000523656 -16762.6 -17332.3 -16763.3
  103 102.5 1.19418 0.000518309 -16886.9 -16758.4 -16878.3
  104 103.5 1.18502 0.000514333 -16462.9 -16504.2 -17115.7
  105 104.5 1.21457 0.000527156 -16993 -16729.6 -16766.2
  106 105.5 1.21581 0.000527694 -17165.1 -16965.6 -16722.7
  107 106.5 1.21919 0.000529163 -17156.2 -17285.9 -16593.4
  108 107.5 1.20816 0.000524375 -16961.1 -17527.6 -16848.4
  109 108.5 1.23598 0.000536448 -16933.7 -17510.9 -16336.1
  110 109.5 1.21994 0.00052949 -16847.7 -17678.2 -16596.1
  111 110.5 1.22801 0.00053299 -16602 -17442.5 -16456.4
  112 111.5 1.22572 0.000531997 -16624.2 -16920.3 -16479.7
  113 112.5 1.21062 0.000525444 -16405.4 -16777 -16792.1
  114 113.5 1.20398 0.000522559 -16810.6 -16679 -16836.2
  115 114.5 1.21346 0.000526674 -16495.2 -16571.3 -16714.3
  116 115.5 1.22054 0.00052975 -16270.1 -16528.4 -16607
  117 116.5 1.19942 0.000520583 -16164.4 -16845.2 -16947.3
  118 117.5 1.20566 0.000523288 -16454.2 -16857.1 -16715.1
  119 118.5 1.21864 0.000528924 -16921.8 -16525.9 -16758
  120 119.5 1.20966 0.000525024 -16729.3 -16693.6 -16852.1
  121 120.5 1.22984 0.000533785 -16580.9 -16683.1 -16310.6
  122 121.5 1.23095 0.000534267 -16533.9 -16501.8 -16466.1
  123 122.5 1.21904 0.000529097 -16900.5 -16222 -16645
  124 123.5 1.21346 0.000526677 -16760.7 -16591.7 -16728.3
  125 124.5 1.20481 0.00052292 -16698.8 -16893.7 -16782.4
  126 125.5 1.19639 0.000519267 -16228.9 -16509.9 -16959.1
  127 126.5 1.21272 0.000526354 -16325.8 -16567.2 -16716.9
  128 127.5 1.21689 0.000528163 -16290.1 -16044.3 -16662.8
  129 128.5 1.21954 0.000529316 -16736.2 -16274 -16632.8
  130 129.5 1.23286 0.000535094 -16735.6 -16409.7 -16283.3
  131 130.5 1.21628 0.000527899 -17247.8 -16551 -16635.2
  132 131.5 1.22102 0.000529955 -17083.1 -16250.3 -16727
  133 132.5 1.21832 0.000528785 -16788.3 -16517.3 -16626.5
  134 133.5 1.21066 0.000525458 -16761.1 -16154.2 -16806.4
  135 134.5 1.2093 0.000524868 -17155.4 -16395.2 -16708.6
  136 135.5 1.22497 0.00053167 -16974.6 -15982.5 -16618.4
  137 136.5 1.21789 0.000528597 -16936.8 -16313 -16641.6
  138 137.5 1.21915 0.000529146 -16762.8 -16539.5 -16518.1
  139 138.5 1.22014 0.000529573 -16591.2 -16541.5 -16558.1
  140 139.5 1.2027 0.000522003 -17166.3 -16540.9 -16957.2
  141 140.5 1.22222 0.000530476 -16932.9 -16494.1 -16689
  142 141.5 1.22545 0.000531878 -16712.3 -16260.5 -16490.2
  143 142.5 1.2233 0.000530948 -16578.3 -16569.3 -16416.8
  144 143.5 1.20836 0.000524462 -16753.8 -16818.1 -16826.2
  145 144.5 1.20013 0.000520889 -16653.1 -16958.9 -16939.5
  146 145.5 1.20862 0.000524576 -16900.3 -17023.9 -16755.3
  147 146.5 1.20933 0.000524882 -16973.2 -17151.7 -16807.5
  148 147.5 1.20465 0.000522851 -17144.4 -17280.5 -16842.5
  149 148.5 1.21314 0.000526535 -17267.2 -17118.9 -16640.7
  150 149.5 1.19404 0.000518247 -16977.4 -16580 -16987.4
  151 150.5 1.19954 0.000520632 -17057.5 -16335 -16886.2
  152 151.5 1.21071 0.000525483 -16862.4 -16836.4 -16780.1
  153 152.5 1.2033 0.000522264 -16973 -16985.2 -16841.9
  154 153.5 1.19244 0.000517552 -16783.2 -17188.2 -16970.3
  155 154.5 1.20374 0.000522455 -16958.2 -17287.9 -16830.7
  156 155.5 1.18947 0.000516264 -16909.9 -17065.9 -16962.5
  157 156.5 1.19367 0.000518087 -17070.9 -16765.6 -17112.3
  158 157.5 1.19426 0.00051834 -17300.9 -16936 -16894.5
  159 158.5 1.19255 0.000517601 -17178.6 -16916.2 -17036.9
  160 159.5 1.21062 0.000525441 -17316.9 -16809.5 -16753
  161 160.5 1.20411 0.000522618 -17148.8 -16751.5 -16821.3
  162 161.5 1.211 0.000525608 -16460.3 -16504.7 -16732.9
  163 162.5 1.19117 0.000517 -16907.8 -17078 -17002.5
  164 163.5 1.19891 0.000520361 -17107.9 -17264.9 -16890.4
  165 164.5 1.20248 0.00052191 -16468 -16874 -16847.7
  166 165.5 1.21134 0.000525753 -16622.8 -17112.5 -16723.2
  167 166.5 1.20721 0.000523962 -16834.4 -17213.5 -16724.9
  168 167.5 1.21221 0.000526132 -16902.2 -17265 -16709.1
  169 168.5 1.2027 0.000522003 -17017.5 -17550.3 -16901.2
  170 169.5 1.19944 0.00052059 -17131 -17437.5 -17028.8
  171 170.5 1.20021 0.000520924 -16888.9 -17194.1 -16903
  172 171.5 1.1921 0.000517406 -16896.5 -16535.7 -16830.5
  173 172.5 1.20294 0.000522108 -16977.2 -16779.5 -16781.2
  174 173.5 1.2004 0.000521007 -17043.6 -16908.2 -17054.2
  175 174.5 1.19315 0.000517861 -16973.5 -16713.9 -16972.7
  176 175.5 1.19697 0.000519517 -17202.4 -17067.8 -16875.5
  177 176.5 1.20802 0.000524316 -17304.4 -16892.8 -16846.4
  178 177.5 1.19822 0.000520059 -17062.2 -17006 -16726.3
  179 178.5 1.19937 0.000520559 -17266.9 -16694.5 -16964.5
  180 179.5 1.20303 0.000522149 -17356.8 -16840.8 -16893.4
  181 180.5 1.20142 0.000521451 -17183.3 -16650 -16873.6
  182 181.5 1.21208 0.000526076 -17051.9 -16734.8 -16839.9
  183 182.5 1.21057 0.00052542 -17210.1 -17198.3 -16830.3
  184 183.5 1.20796 0.000524288 -17296.2 -16521.4 -16523.8
  185 184.5 1.19362 0.000518062 -17260.4 -16512 -17021
  186 185.5 1.19372 0.000518108 -17351 -16935.6 -17043.9
  187 186.5 1.19319 0.000517878 -16903.3 -16894.3 -16888.7
  188 187.5 1.19226 0.000517472 -16793.7 -17307.3 -17058.8
  189 188.5 1.20034 0.000520983 -16830.1 -17363.6 -16788.6
  190 189.5 1.19918 0.000520479 -16534.9 -16974.3 -16858.5
  191 190.5 1.20114 0.000521326 -16714.1 -17499 -16884.8
  192 191.5 1.20288 0.000522083 -16733.9 -16875 -16773.4
  193 192.5 1.21311 0.000526524 -16760.2 -17063.5 -16911.3
  194 193.5 1.2299 0.000533812 -16986.9 -16917.7 -16352.9
  195 194.5 1.22851 0.000533208 -16957.3 -16907.1 -16612.8
  196 195.5 1.2257 0.00053199 -17161.5 -16767.7 -16536.6
  197 196.5 1.22796 0.000532969 -16975.3 -16897.9 -16495.2
  198 197.5 1.22026 0.000529625 -16726.8 -16442 -16602.3
  199 198.5 1.2184 0.000528819 -16606.7 -16723.2 -16638.9
  200 199.5 1.21201 0.000526045 -16746.3 -17239.4 -16789.6
  201 200.5 1.21154 0.00052584 -16767.3 -16873 -16605
  202 201.5 1.20682 0.000523792 -16664.2 -16622.3 -16726.2
  203 202.5 1.22023 0.000529615 -16254.5 -16760.3 -16632.6
  204 203.5 1.21706 0.00052824 -16388.2 -16491.2 -16573.8
  205 204.5 1.2325 0.000534938 -16674 -17059 -16439.6
  206 205.5 1.23374 0.000535476 -16679 -16861.1 -16265.8
  207 206.5 1.23375 0.000535483 -16750.3 -16528 -16350.3
  208 207.5 1.24323 0.000539597 -16462.3 -16974.4 -16070.5
  209 208.5 1.23984 0.000538125 -16599.8 -16639.8 -16128.2
  210 209.5 1.24446 0.000540132 -16200.6 -16555.7 -16043.2
  211 210.5 1.27061 0.000551479 -16235.1 -16641 -15354.6
  212 211.5 1.2811 0.000556031 -16109.6 -16501.2 -15315.7
  213 212.5 1.31294 0.000569851 -15971.4 -16034.3 -14486.1
  214 213.5 1.32593 0.00057549 -16065.8 -15752.3 -14179
  215 214.5 1.37744 0.000597847 -15518 -15708.6 -13251.6
  216 215.5 1.42859 0.000620049 -15047 -15264.9 -12327.8
  217 216.5 1.54526 0.000670684 -14174 -14224.2 -10445.1
  218 217.5 1.70723 0.000740986 -13221.7 -13217.9 -8511.68
  219 218.5 1.94713 0.000845108 -11976.3 -11772.2 -6001.03
  220 219.5 2.3107 0.00100291 -10282.4 -10008.1 -3327.88
  221 220.5 2.86496 0.00124347 -8134.71 -8124.54 -562.292
  222 221.5 3.67462 0.00159489 -5826.04 -5686.78 2065.24
  223 222.5 4.90036 0.00212689 -2927.97 -2877.95 4836.47
  224 223.5 6.63411 0.00287939 330.886 307.334 7045.2
  225 224.5 9.05234 0.00392897 4103.5 4122.47 9048.2
  226 225.5 12.3591 0.0053642 8571.53 8505.37 10650
  227 226.5 16.4836 0.00715432 13347.2 13312.8 11334
  228 227.5 21.0619 0.00914145 17356.3 17384.3 10762.9
  229 228.5 25.5982 0.0111103 19975.1 19976.6 8814.8
  230 229.5 29.439 0.0127773 20640.5 20505 5618.36
  231 230.5 32.2051 0.0139779 19151.2 19090.7 1698.4
  232 231.5 34.115 0.0148069 16308.1 16053.7 -1786.52
  233 232.5 35.3838 0.0153575 12762 12550.7 -4443.65
  234 233.5 36.1746 0.0157008 9477.28 9110.62 -5610.27
  235 234.5 36.7787 0.015963 6781.68 6499.63 -5590.43
  236 235.5 37.1922 0.0161424 4701.39 4555.78 -5051.2
  237 236.5 37.3447 0.0162086 2836.45 3055.88 -4593.6
  238 237.5 37.4654 0.016261 2063.69 1982.43 -3769.87
  239 238.5 37.7267 0.0163745 1281.85 1297.79 -3292.68
  240 239.5 37.6957 0.016361 714.62 860.061 -2504.01
  241 240.5 37.7436 0.0163818 245.822 319.258 -2127.31
  242 241.5 37.8159 0.0164132 -24.59 210.886 -1822.18
  243 242.5 37.851 0.0164284 -15.9109 32.7732 -1499.29
  244 243.5 37.8139 0.0164123 -219.21 -172.829 -1124.26
  245 244.5 37.9209 0.0164587 -457.493 -317.5 -1037.57
  246 245.5 37.8587 0.0164317 -380.124 -474.601 -1038.89
  247 246.5 37.8444 0.0164255 -272.402 -253.031 -824.305
  248 247.5 37.8864 0.0164438 -521.458 -423.02 -714.903
  249 248.5 37.9332 0.0164641 -288.854 -0.0480834 -541.399
  250 249.5 37.8476 0.0164269 -485.449 -421.347 -563.018
  251 250.5 37.9135 0.0164555 -364.352 -360.129 -603.999
  252 251.5 37.8951 0.0164475 -393.437 -389.792 -651.985
  253 252.5 37.9797 0.0164842 -606.393 -342.796 -591.116
  254 253.5 37.8223 0.0164159 -554.905 -336.394 -334.707
  255 254.5 37.9482 0.0164706 -411.645 -537.5 -436.984
  256 255.5 37.9874 0.0164876 -584.149 -565.51 -709.596
  257 256.5 37.7911 0.0164024 -736.706 -540.728 -569.527
  258 257.5 37.932 0.0164635 -408.685 -546.46 -437.442
  259 258.5 38.006 0.0164956 -537.485 -732.578 -599.778
  260 259.5 37.9102 0.0164541 -350.949 -445.839 -436.501
  261 260.5 37.8281 0.0164184 -542.332 -505.517 -684.203
  262 261.5 37.9922 0.0164897 -536.158 -441.437 -493.155
  263 262.5 37.9529 0.0164726 -530.161 -553.653 -357.126
  264 263.5 37.8078 0.0164096 -660.199 -605.976 -615.323
  265 264.5 37.942 0.0164679 -596.956 -528.889 -592.837
  266 265.5 37.9276 0.0164616 -667.733 -572.953 -519.449
  267 266.5 37.9119 0.0164548 -602.274 -349.245 -419.343
  268 267.5 37.9381 0.0164662 -761.978 -558.983 -659.479
  269 268.5 37.882 0.0164419 -526.759 -308.323 -447.255
  270 269.5 37.9139 0.0164557 -572.413 -509.753 -493.964
  271 270.5 37.9638 0.0164773 -694.911 -450.285 -556.755
  272 271.5 37.9099 0.0164539 -832.738 -634.399 -509.965
  273 272.5 37.8941 0.0164471 -616.128 -714.335 -548.997
  274 273.5 37.9969 0.0164917 -671.008 -551.916 -599.299
  275 274.5 37.9049 0.0164518 -586.625 -593.3 -464.509
  276 275.5 37.8997 0.0164495 -448.708 -461.179 -362.728
  277 276.5 37.9309 0.0164631 -643.286 -708.579 -664.189
  278 277.5 37.9576 0.0164746 -651.009 -682.753 -611.748
  279 278.5 37.8676 0.0164356 -860.778 -658.325 -538.672
  280 279.5 37.9707 0.0164803 -652.193 -510.036 -384.068
  281 280.5 37.9311 0.0164632 -678.278 -355.637 -525.127
  282 281.5 37.9254 0.0164607 -822.233 -541.073 -542.247
  283 282.5 37.8428 0.0164248 -705.844 -648.384 -539.142
  284 283.5 37.9614 0.0164763 -619.627 -666.829 -461.817
  285 284.5 37.946 0.0164696 -482.987 -513.847 -514.375
  286 285.5 37.8171 0.0164137 -513.58 -467.785 -607.227
  287 286.5 37.9298 0.0164626 -565.736 -561.925 -534.491
  288 287.5 37.989 0.0164883 -356.04 -494.889 -369.739
  289 288.5 37.824 0.0164167 -275.695 -132.506 -590.569
  290 289.5 37.8474 0.0164268 -419.804 -348.377 -570.693
  291 290.5 37.9445 0.016469 -612.37 -604.26 -544.723
  292 291.5 37.9693 0.0164797 -418.133 -465.872 -332.184
  293 292.5 37.8456 0.016426 -385.093 -375.283 -650.586
  294 293.5 37.844 0.0164254 -440.629 -558.484 -568.422
  295 294.5 37.9435 0.0164685 -340.424 -435.276 -522.465
  296 295.5 37.8944 0.0164472 -297.04 -625.759 -504.566
  297 296.5 37.7878 0.016401 -160.864 -326.854 -446.354
  298 297.5 37.8693 0.0164363 -260.659 -305 -606.073
  299 298.5 38.004 0.0164948 -353.858 -390.746 -426.975
  300 299.5 37.8342 0.0164211 -578.346 -520.354 -552.265
  301 300.5 37.851 0.0164284 -439.242 -405.716 -441.991
  302 301.5 37.9467 0.0164699 -254.741 -285.904 -562.508
  303 302.5 37.8844 0.0164429 -621.052 -575.38 -601.687
  304 303.5 37.769 0.0163928 -358.643 -652.062 -488.903
  305 304.5 38.0144 0.0164993 -596.769 -795.754 -477.041
  306 305.5 37.9252 0.0164606 -343.08 -455.464 -517.385
  307 306.5 37.7934 0.0164034 -548.003 -534.737 -515.874
  308 307.5 37.9061 0.0164523 -666.488 -569.4 -532.213
  309 308.5 37.9397 0.0164669 -386.275 -513.603 -550.925
  310 309.5 37.8686 0.016436 -519.013 -372.595 -415.861
  311 310.5 37.8096 0.0164104 -567.607 -538.786 -593.441
  312 311.5 37.9305 0.0164629 -575.852 -325.693 -504.054
  313 312.5 37.9031 0.016451 -513.254 -334.149 -463.383
  314 313.5 37.8557 0.0164304 -623.568 -531.067 -502.697
  315 314.5 37.8833 0.0164424 -606.904 -519.506 -414.614
  316 315.5 37.9343 0.0164645 -852.5 -734.078 -677.791
  317 316.5 37.8852 0.0164432 -728.237 -565.057 -460.087
  318 317.5 37.8613 0.0164329 -797.564 -806.928 -564.804
  319 318.5 37.9402 0.0164671 -613.129 -539.995 -507.759
  320 319.5 37.8908 0.0164456 -570.816 -323.199 -383.901
  321 320.5 37.8755 0.016439 -571.401 -627.935 -569.11
  322 321.5 37.8478 0.016427 -667.863 -805.518 -664.605
  323 322.5 37.936 0.0164653 -509.585 -670.546 -491.823
  324 323.5 37.9581 0.0164749 -236.087 -565.479 -338.32
  325 324.5 37.8084 0.0164099 -700.14 -741.367 -647.097
  326 325.5 37.8763 0.0164394 -613.448 -558.333 -551.929
  327 326.5 37.918 0.0164574 -638.166 -892.645 -538.599
  328 327.5 37.8841 0.0164427 -528.258 -549.748 -458.84
  329 328.5 37.8204 0.0164151 -650.942 -589.623 -514.798
  330 329.5 37.9295 0.0164625 -681.553 -402.851 -515.641
  331 330.5 37.8945 0.0164473 -632.084 -437.939 -503.861
  332 331.5 37.8349 0.0164214 -719.449 -606.663 -545.008
  333 332.5 37.8586 0.0164317 -519.496 -602.181 -599.495
  334 333.5 37.9135 0.0164555 -401.968 -297.149 -394.713
  335 334.5 37.8725 0.0164377 -384.058 -597.03 -524.516
  336 335.5 37.8419 0.0164244 -451.614 -624.404 -539.672
  337 336.5 37.9295 0.0164624 -441.174 -353.913 -489.778
  338 337.5 37.8463 0.0164264 -227.239 -323.655 -600.723
  339 338.5 37.8545 0.0164299 -413.175 -481.427 -421.14
  340 339.5 37.8576 0.0164313 -479.128 -415.473 -532.026
  341 340.5 37.9531 0.0164727 -398.593 -519.095 -596.743
  342 341.5 37.7831 0.0163989 -649.651 -522.046 -513.036
  343 342.5 37.8627 0.0164335 -577.177 -414.204 -539.802
  344 343.5 37.9206 0.0164586 -484.469 -284.757 -461.351
  345 344.5 37.9086 0.0164534 -750.77 -550.662 -476.524
  346 345.5 37.7588 0.0163884 -476.302 -736.993 -537.522
  347 346.5 37.918 0.0164575 -668.342 -474.406 -550.362
  348 347.5 37.9067 0.0164525 -625.989 -520.873 -579.07
  349 348.5 37.8127 0.0164118 -480.393 -525.898 -408.136
  350 349.5 37.8631 0.0164336 -660.039 -623.685 -595.982
  351 350.5 37.9438 0.0164686 -598.237 -352.737 -490.467
  352 351.5 37.8099 0.0164106 -515.28 -654.628 -468.218
  353 352.5 37.8599 0.0164322 -433.112 -582.632 -605.905
  354 353.5 37.8695 0.0164364 -449.512 -525.148 -526.185
  355 354.5 37.8762 0.0164393 -586.285 -589.864 -449.519
  356 355.5 37.855 0.0164301 -339.332 -498.443 -447.486
  357 356.5 37.8324 0.0164203 -687.034 -907.813 -599.948
  358 357.5 37.9319 0.0164635 -569.614 -608.551 -541.315
  359 358.5 37.8425 0.0164247 -722.188 -699.282 -561.041
  360 359.5 37.8306 0.0164195 -405.977 -571.092 -513.283
  361 360.5 37.9399 0.016467 -581.137 -740.564 -544.673
  362 361.5 37.877 0.0164397 -529.402 -479.204 -411.771
  363 362.5 37.8032 0.0164076 -506.286 -401.686 -556.984
  364 363.5 37.8912 0.0164458 -471.597 -340.868 -614.242
  365 364.5 37.8395 0.0164234 -411.511 -282.756 -542.565
  366 365.5 37.885 0.0164432 -529.694 -356.297 -582.516
  367 366.5 37.8468 0.0164266 -698.955 -322.992 -637.323
  368 367.5 37.8156 0.016413 -552.355 -266.527 -575.472
  369 368.5 37.8807 0.0164413 -187.56 -278.91 -745.814
  370 369.5 37.874 0.0164384 -474.198 -345.312 -806.572
  371 370.5 37.8186 0.0164143 -206.369 -322.726 -756.431
  372 371.5 37.8612 0.0164328 -305.716 -426.985 -1048.06
  373 372.5 37.8451 0.0164258 -403.224 -557.713 -1407.48
  374 373.5 37.7944 0.0164038 6.98969 208.67 -1191.49
  375 374.5 37.8012 0.0164068 -181.845 171.293 -1545.87
  376 375.5 37.7838 0.0163992 341.235 638.391 -1845.89
  377 376.5 37.6776 0.0163531 604.244 756.604 -2389.95
  378 377.5 37.612 0.0163247 1239.06 1178.53 -2678.84
  379 378.5 37.5977 0.0163184 1846.94 1720.14 -3212.38
  380 379.5 37.33 0.0162023 3021.16 2790.85 -3695.01
  381 380.5 37.145 0.016122 4319.44 4077.54 -3887.19
  382 381.5 36.792 0.0159687 6045.46 6167.84 -3831.11
  383 382.5 36.3313 0.0157688 8432.07 8722.05 -3005.26
  384 383.5 35.4625 0.0153917 10981.4 10860.9 -1216.74
  385 384.5 34.5492 0.0149953 12843.5 12848.1 1518.9
  386 385.5 33.2676 0.014439 13580.8 13452.3 4289.59
  387 386.5 31.7057 0.0137612 12178.6 12134.7 5868.22
  388 387.5 30.2654 0.013136 9333.6 9229.46 6029.29
  389 388.5 29.4308 0.0127738 6363.89 6180.22 5065.98
  390 389.5 29.224 0.012684 3913.33 3947.09 3803.63
  391 390.5 29.4097 0.0127646 2805.58 2684.96 2409.75
  392 391.5 29.7886 0.0129291 2151.73 2186.64 926.869
  393 392.5 30.1502 0.013086 1984.66 1884.73 116.109
  394 393.5 30.5307 0.0132512 1505.29 1283.31 -660.61
  395 394.5 30.7746 0.0133571 1055.68 1028.62 -1259.63
  396 395.5 31.0219 0.0134644 759.475 593.927 -1229.95
  397 396.5 31.1776 0.013532 337.672 411.416 -1321.78
  398 397.5 31.3002 0.0135851 232.626 209.6 -1081.92
  399 398.5 31.4227 0.0136383 -157.627 -118.629 -1306.05
  400 399.5 31.474 0.0136606 -228.649 -223.898 -1029.73
  401 400.5 31.498 0.013671 -207.816 -232.169 -949.018
  402 401.5 31.581 0.013707 -490.972 -345.574 -1029.78
  403 402.5 31.622 0.0137248 -415.098 -481.303 -984.31
  404 403.5 31.5947 0.013713 -629.983 -627.62 -712.471
  405 404.5 31.6095 0.0137194 -655.592 -506.048 -833.661
  406 405.5 31.7176 0.0137663 -541.34 -649.348 -780.029
  407 406.5 31.6442 0.0137345 -551.724 -606.932 -648.686
  408 407.5 31.625 0.0137261 -573.652 -606.399 -723.517
  409 408.5 31.6832 0.0137514 -612.744 -769.024 -762.489
  410 409.5 31.6621 0.0137422 -436.145 -566.168 -634.577
  411 410.5 31.5931 0.0137123 -599.279 -627.96 -703.993
  412 411.5 31.6896 0.0137542 -771.735 -692.252 -682.895
  413 412.5 31.7106 0.0137633 -635.845 -396.419 -579.464
  414 413.5 31.6665 0.0137442 -726.191 -550.188 -653.674
  415 414.5 31.5583 0.0136972 -686.337 -503.737 -675.826
  416 415.5 31.7252 0.0137696 -713.724 -695.996 -648.194
  417 416.5 31.6869 0.013753 -663.161 -759.965 -648.029
  418 417.5 31.6301 0.0137283 -466.46 -653.132 -540.746
  419 418.5 31.6308 0.0137287 -399.793 -633.192 -585.627
  420 419.5 31.7022 0.0137596 -540.004 -618.431 -763.674
  421 420.5 31.6171 0.0137227 -646.272 -518.133 -567.504
  422 421.5 31.629 0.0137278 -809.66 -830.958 -708.393
  423 422.5 31.7267 0.0137703 -515.161 -711.33 -495.252
  424 423.5 31.6848 0.0137521 -710.335 -586.165 -651.426
  425 424.5 31.5608 0.0136983 -514.706 -664.978 -779.719
  426 425.5 31.7324 0.0137727 -524.925 -576.166 -526.869
  427 426.5 31.7527 0.0137815 -506.875 -687.854 -609.609
  428 427.5 31.6316 0.013729 -596.493 -753.471 -664.782
  429 428.5 31.6418 0.0137334 -581.022 -732.752 -707.935
  430 429.5 31.7254 0.0137697 -616.408 -627.925 -616.1
  431 430.5 31.6935 0.0137558 -511.107 -536.867 -476.407
  432 431.5 31.6675 0.0137446 -778.32 -618.498 -659.65
  433 432.5 31.6859 0.0137526 -700.977 -552.913 -768.837
  434 433.5 31.6586 0.0137407 -632.371 -542.327 -628.24
  435 434.5 31.6479 0.0137361 -688.66 -625.558 -557.129
  436 435.5 31.7306 0.013772 -721.917 -576.105 -575.139
  437 436.5 31.6887 0.0137538 -595.973 -638.342 -669.568
  438 437.5 31.6794 0.0137498 -668.462 -698.743 -642.758
  439 438.5 31.6506 0.0137372 -703.064 -779.248 -675.119
  440 439.5 31.7608 0.0137851 -523.917 -563.635 -590.465
  441 440.5 31.7052 0.0137609 -642.302 -765.349 -645.923
  442 441.5 31.6462 0.0137353 -700.33 -516.098 -611.306
  443 442.5 31.7227 0.0137685 -640.52 -540.478 -701.849
  444 443.5 31.6885 0.0137537 -447.315 -520.601 -630.682
  445 444.5 31.6697 0.0137455 -503.879 -621.67 -665.591
  446 445.5 31.7164 0.0137658 -443.368 -617.989 -535.145
  447 446.5 31.6797 0.0137499 -645.667 -647.478 -652.826
  448 447.5 31.6996 0.0137585 -583.054 -682.864 -643.784
  449 448.5 31.6725 0.0137468 -679.054 -768.329 -711.91
  450 449.5 31.6979 0.0137577 -590.706 -569.473 -526.375
  451 450.5 31.7124 0.0137641 -778.996 -555.721 -663.115
  452 451.5 31.647 0.0137357 -572.949 -565.076 -648.802
  453 452.5 31.701 0.0137591 -565.573 -593.056 -631.523
  454 453.5 31.7207 0.0137677 -722.877 -800.883 -584.906
  455 454.5 31.6958 0.0137569 -661.266 -659.998 -640.468
  456 455.5 31.6492 0.0137366 -595.358 -799.092 -709.49
  457 456.5 31.7122 0.013764 -690.131 -634.234 -640.633
  458 457.5 31.7041 0.0137604 -733.232 -809.711 -628.603
  459 458.5 31.6591 0.0137409 -622.092 -647.364 -650.863
  460 459.5 31.6859 0.0137526 -567.879 -660.287 -578.536
  461 460.5 31.7017 0.0137594 -503.33 -580.872 -614.686
  462 461.5 31.6616 0.013742 -561.362 -668.816 -662.446
  463 462.5 31.6291 0.0137279 -585.439 -686.697 -675.08
  464 463.5 31.669 0.0137452 -565.781 -624.921 -568.868
  465 464.5 31.7271 0.0137704 -711.571 -801.434 -587.268
  466 465.5 31.6579 0.0137404 -830.062 -730.436 -648.463
  467 466.5 31.5636 0.0136995 -549.946 -675.286 -733.813
  468 467.5 31.7458 0.0137785 -679.173 -727.807 -558.119
  469 468.5 31.6745 0.0137476 -708.314 -680.161 -643.625
  470 469.5 31.652 0.0137379 -510.572 -394.566 -543.295
  471 470.5 31.6365 0.0137311 -702.172 -747.507 -730.835
  472 471.5 31.7436 0.0137776 -489.298 -609.311 -583.453
  473 472.5 31.6629 0.0137426 -504.191 -550.855 -617.169
  474 473.5 31.643 0.013734 -496.294 -652.714 -690.645
  475 474.5 31.6931 0.0137557 -608.766 -726.088 -622.419
  476 475.5 31.7299 0.0137717 -436.844 -600.978 -599.211
  477 476.5 31.6712 0.0137462 -608.489 -790.38 -566.15
  478 477.5 31.6766 0.0137485 -835.362 -722.127 -781.331
  479 478.5 31.6924 0.0137554 -712.082 -807.342 -642.391
  480 479.5 31.6998 0.0137586 -759.782 -788.807 -537.501
55000000 480 11348.000000000002
  1 0.5 31.7024 0.0137597 -447.271 -699.636 -601.369
  2 1.5 31.7298 0.0137716 -669.368 -694.85 -729.25
  3 2.5 31.6454 0.013735 -481.405 -704.817 -500.838
  4 3.5 31.7183 0.0137666 -562.81 -686.408 -577.053
  5 4.5 31.7208 0.0137677 -655.564 -582.507 -740.031
  6 5.5 31.661 0.0137417 -436.203 -631.593 -634.891
  7 6.5 31.6532 0.0137384 -581.232 -580.525 -610.436
  8 7.5 31.7099 0.013763 -663.925 -452.78 -683.987
  9 8.5 31.6955 0.0137567 -824.955 -508.502 -568.278
  10 9.5 31.6475 0.0137359 -669.416 -605.119 -675.859
  11 10.5 31.7116 0.0137637 -598.154 -578.029 -593.715
  12 11.5 31.6748 0.0137477 -678.389 -460.596 -625.069
  13 12.5 31.6856 0.0137524 -587.287 -789.041 -641.54
  14 13.5 31.6953 0.0137566 -727.378 -567.294 -699.526
  15 14.5 31.7216 0.013768 -649.645 -655.174 -608.345
  16 15.5 31.6391 0.0137322 -565.653 -622.422 -512.564
  17 16.5 31.6674 0.0137445 -590.02 -697.016 -715.692
  18 17.5 31.655 0.0137391 -635.4 -638.331 -624.898
  19 18.5 31.7039 0.0137604 -680.001 -716.948 -708.08
  20 19.5 31.6511 0.0137375 -590.109 -742.229 -564.117
  21 20.5 31.6524 0.013738 -572.152 -639.467 -687.75
  22 21.5 31.684 0.0137518 -532.246 -616.786 -514.584
  23 22.5 31.6791 0.0137496 -475.814 -624.599 -694.058
  24 23.5 31.6227 0.0137251 -352.892 -458.158 -667.03
  25 24.5 31.6243 0.0137258 -458.257 -482.662 -592.631
  26 25.5 31.702 0.0137596 -519.422 -476.525 -557.947
  27 26.5 31.6516 0.0137377 -648.318 -730.03 -661.703
  28 27.5 31.6304 0.0137285 -659.201 -762.763 -709.315
  29 28.5 31.688 0.0137535 -584.879 -604.016 -620.713
  30 29.5 31.7117 0.0137638 -814.143 -671.871 -551.396
  31 30.5 31.6634 0.0137428 -719.568 -795.928 -742.779
  32 31.5 31.6747 0.0137477 -714.1 -622.385 -591.622
  33 32.5 31.5982 0.0137145 -597.452 -525.257 -667.502
  34 33.5 31.7066 0.0137615 -574.825 -784.695 -536.275
  35 34.5 31.6229 0.0137252 -670.752 -654.722 -662.185
  36 35.5 31.6474 0.0137359 -755.366 -746.817 -680.753
  37 36.5 31.5974 0.0137141 -748.848 -677.876 -718.142
  38 37.5 31.639 0.0137322 -782.875 -630.496 -548.695
  39 38.5 31.6808 0.0137503 -662.533 -622.718 -603.304
  40 39.5 31.603 0.0137166 -640.226 -776.334 -673.559
  41 40.5 31.5729 0.0137035 -792.297 -728.375 -686.432
  42 41.5 31.7097 0.0137629 -667.995 -532.636 -574.052
  43 42.5 31.6532 0.0137384 -723.638 -522.216 -783.945
  44 43.5 31.5662 0.0137006 -618.984 -633.684 -624.312
  45 44.5 31.6567 0.0137399 -614.4 -607.868 -620.839
  46 45.5 31.6809 0.0137504 -482.95 -443.779 -749.034
  47 46.5 31.5604 0.0136981 -481.973 -586.238 -790.717
  48 47.5 31.6326 0.0137294 -571.904 -488.027 -768.339
  49 48.5 31.6177 0.013723 -365.217 -397.373 -734.567
  50 49.5 31.5713 0.0137028 -479.888 -420.754 -947.636
  51 50.5 31.5557 0.013696 -421.082 -342.186 -997.86
  52 51.5 31.5373 0.0136881 -244.199 -278.889 -1020
  53 52.5 31.5008 0.0136722 -248.261 -144.425 -1146.8
  54 53.5 31.3843 0.0136217 -182.994 -194.166 -1414.02
  55 54.5 31.3675 0.0136144 -3.61878 9.72841 -1495.78
  56 55.5 31.2009 0.0135421 375.796 309.658 -1568.08
  57 56.5 31.1412 0.0135161 542.28 501.849 -1789.18
  58 57.5 30.9144 0.0134177 927.878 725.71 -2045.55
  59 58.5 30.6074 0.0132845 1224.68 1151.91 -2363.67
  60 59.5 30.3003 0.0131512 1877.52 1739.41 -2449.84
  61 60.5 29.8706 0.0129647 2364.26 2278.09 -2610.14
  62 61.5 29.2388 0.0126904 3013.89 3073.43 -2435.9
  63 62.5 28.3928 0.0123233 3797.53 3684.6 -2358.84
  64 63.5 27.3395 0.0118661 4540.29 4545.22 -1965.57
  65 64.5 25.8772 0.0112314 5303.07 5291.63 -1286.3
  66 65.5 24.0372 0.0104328 5734.67 5756.73 -536.596
  67 66.5 21.9185 0.00951322 6001.43 5890.64 606.918
  68 67.5 19.3615 0.00840341 5866.04 5914.1 1608.91
  69 68.5 16.6152 0.00721147 5430.65 5424.93 2641.9
  70 69.5 13.8827 0.00602549 4637.72 4467.39 3470.94
  71 70.5 11.3015 0.00490515 3418 3437.08 4416.24
  72 71.5 8.86576 0.00384799 1946.25 1762.54 4656.77
  73 72.5 6.83043 0.0029646 -85.4262 -111.061 4306.54
  74 73.5 5.26598 0.00228558 -2182.55 -2472.74 3618.42
  75 74.5 4.01874 0.00174425 -4490.88 -4891.7 2384.04
  76 75.5 3.1237 0.00135577 -6729.13 -7351.02 -32.8876
  77 76.5 2.50006 0.00108509 -8912.67 -9477.57 -2413.36
  78 77.5 2.08493 0.000904917 -11174.5 -11151.4 -4824.71
  79 78.5 1.79205 0.000777799 -12771.6 -12692.9 -7557.52
  80 79.5 1.6066 0.000697309 -14001.2 -14209.2 -9670.25
  81 80.5 1.4848 0.000644444 -14879 -14775.2 -11585.5
  82 81.5 1.40263 0.000608781 -15113.8 -15434.8 -12782.6
  83 82.5 1.33589 0.000579813 -15261.9 -15916.4 -14014.5
  84 83.5 1.2933 0.000561326 -15755.4 -16088.3 -14834.9
  85 84.5 1.2823 0.000556552 -15942.6 -15930.2 -15065.8
  86 85.5 1.26261 0.000548007 -16116.6 -16094.8 -15483.6
  87 86.5 1.26317 0.00054825 -16160.2 -16161.6 -15731.6
  88 87.5 1.24091 0.00053859 -16337.6 -16330.7 -16010
  89 88.5 1.23529 0.000536149 -16229.1 -16415.2 -16226.2
  90 89.5 1.23599 0.000536455 -16159.3 -16385.6 -16280.8
  91 90.5 1.22368 0.000531111 -16341.6 -16372.7 -16472
  92 91.5 1.21769 0.00052851 -16448.4 -16050.4 -16559.1
  93 92.5 1.22527 0.000531802 -16566.6 -16417.4 -16624.4
  94 93.5 1.21758 0.000528465 -16738 -16476.5 -16517
  95 94.5 1.22387 0.000531194 -16841.5 -16709.8 -16519.6
  96 95.5 1.2149 0.000527302 -16784.1 -16457.1 -16641
  97 96.5 1.22 0.000529514 -16948.8 -16682.2 -16540.8
  98 97.5 1.22882 0.000533344 -16806.9 -16448.9 -16548.5
  99 98.5 1.22258 0.000530635 -16816.2 -16401.3 -16575
  100 99.5 1.21349 0.000526688 -16633.5 -16673.6 -16689.6
  101 100.5 1.21063 0.000525448 -16193.6 -16821.6 -16659.4
  102 101.5 1.23126 0.000534399 -16135.2 -16660.1 -16330.8
  103 102.5 1.20966 0.000525024 -16223.3 -16666.1 -16971.4
  104 103.5 1.20223 0.000521802 -16112.4 -16697.2 -16885.8
  105 104.5 1.2074 0.000524045 -16472.3 -16318.6 -16747.5
  106 105.5 1.20422 0.000522667 -16438.5 -16441.1 -16765
  107 106.5 1.18634 0.000514903 -16722.1 -16428.6 -17024.5
  108 107.5 1.19862 0.000520233 -16805.8 -16563.7 -17027.1
  109 108.5 1.20526 0.000523118 -16099.8 -16114.8 -16667.7
  110 109.5 1.20088 0.000521215 -16306.4 -16042.6 -16957.5
  111 110.5 1.19824 0.000520069 -16196.8 -15999.5 -16974.3
  112 111.5 1.2083 0.000524437 -16195.7 -16163.9 -16635.1
  113 112.5 1.2051 0.000523045 -16256 -16192.5 -16622.6
  114 113.5 1.20593 0.000523406 -16310.2 -16533.9 -16904.2
  115 114.5 1.1965 0.000519316 -16540.8 -16707.5 -16970.3
  116 115.5 1.20425 0.000522677 -17084.6 -17062.1 -16781.3
  117 116.5 1.22159 0.000530205 -17098.8 -17086.7 -16540.9
  118 117.5 1.2125 0.00052626 -17004.1 -16343.4 -16651.1
  119 118.5 1.22394 0.000531226 -16843.4 -16525 -16614.6
  120 119.5 1.22359 0.000531073 -16597.4 -16689.3 -16619.7
  121 120.5 1.23674 0.000536781 -16699.2 -16696.3 -16489.7
  122 121.5 1.2317 0.000534594 -16251.6 -17076.7 -16311.3
  123 122.5 1.22423 0.000531351 -16498.3 -16463.1 -16515.3
  124 123.5 1.2161 0.000527823 -16302.6 -16779.2 -16703.5
  125 124.5 1.22026 0.000529628 -16179.4 -17046 -16595.6
  126 125.5 1.22795 0.000532965 -16439.7 -17084.4 -16604.3
  127 126.5 1.22933 0.000533562 -16078.6 -16931 -16436.8
  128 127.5 1.22777 0.000532885 -16240.9 -16541.5 -16417
  129 128.5 1.22772 0.000532865 -16103.8 -16048.1 -16448.4
  130 129.5 1.21412 0.000526962 -16421 -16411.8 -16751.5
  131 130.5 1.22831 0.000533122 -16618.5 -16979.8 -16515.9
  132 131.5 1.22621 0.000532208 -16549 -16783.3 -16433.7
  133 132.5 1.22878 0.000533326 -16403 -16390.5 -16565.1
  134 133.5 1.20635 0.00052359 -16619 -16610.7 -16840.3
  135 134.5 1.22059 0.000529771 -16368.8 -16251.5 -16418.6
  136 135.5 1.21768 0.000528507 -16618.1 -16518.5 -16641
  137 136.5 1.21314 0.000526535 -16350.1 -16594.3 -16680.6
  138 137.5 1.21685 0.000528146 -16353.1 -16605.3 -16599.1
  139 138.5 1.21802 0.000528656 -16330.7 -16522.2 -16789.6
  140 139.5 1.22864 0.000533264 -16382 -16491.3 -16449.4
  141 140.5 1.23387 0.000535535 -16521.7 -16383.7 -16386
  142 141.5 1.23144 0.000534479 -16261.4 -16305 -16430.1
  143 142.5 1.2188 0.000528993 -16556.5 -16571.4 -16597.2
  144 143.5 1.21205 0.000526062 -16440 -16087.2 -16697.3
  145 144.5 1.21278 0.000526378 -16440 -16095.5 -16750.3
  146 145.5 1.22426 0.000531361 -16509.5 -16504.1 -16613.3
  147 146.5 1.21046 0.000525372 -16472.6 -16610.9 -16701.4
  148 147.5 1.21703 0.000528226 -16898.8 -16819 -16641.7
  149 148.5 1.22448 0.000531458 -16651 -16826.2 -16420
  150 149.5 1.211 0.000525608 -16644.5 -16604.3 -16654.7
  151 150.5 1.21551 0.000527566 -16952.2 -16682.6 -16708.1
  152 151.5 1.20637 0.000523597 -16599.9 -16372.3 -16821.1
  153 152.5 1.21598 0.000527771 -16588.4 -16605.3 -16623.4
  154 153.5 1.2201 0.000529556 -16808.2 -16803.6 -16530.7
  155 154.5 1.22558 0.000531937 -16762.7 -17051.2 -16496
  156 155.5 1.21908 0.000529115 -16746.4 -16948.9 -16692.7
  157 156.5 1.22242 0.000530563 -16899.2 -16828.3 -16623
  158 157.5 1.23647 0.000536663 -16909.3 -16957.3 -16280.5
  159 158.5 1.22171 0.000530257 -16930.2 -16872.7 -16713.3
  160 159.5 1.21241 0.000526219 -16802.8 -16724 -16717.6
  161 160.5 1.20432 0.000522708 -16372.8 -16938.8 -16853.4
  162 161.5 1.21655 0.000528017 -16598.4 -16979.6 -16661.6
  163 162.5 1.20755 0.000524111 -16917.2 -17258.4 -16628.5
  164 163.5 1.20432 0.000522708 -17122.6 -17510.7 -16792.1
  165 164.5 1.21207 0.000526073 -16828.6 -17267.2 -16752.3
  166 165.5 1.2093 0.000524872 -16799.5 -17023.3 -16717.4
  167 166.5 1.20221 0.000521792 -16735.7 -16811.1 -16894.6
  168 167.5 1.20078 0.00052117 -16992.7 -16965.6 -16813.8
  169 168.5 1.18351 0.000513677 -16751.6 -16849.4 -17136.3
  170 169.5 1.19003 0.000516507 -16870 -16747.1 -17041.9
  171 170.5 1.19086 0.000516868 -17134.8 -16495 -16870.3
  172 171.5 1.19757 0.000519778 -16765.1 -16434.7 -16974.9
  173 172.5 1.18158 0.00051284 -16916.5 -16379.3 -17140.3
  174 173.5 1.17768 0.000511146 -16924.1 -16262 -17184.1
  175 174.5 1.18259 0.000513278 -17447.4 -16285.8 -17105.5
  176 175.5 1.19114 0.00051699 -17149.6 -16370.3 -16894.2
  177 176.5 1.19668 0.000519392 -16741.5 -16507.2 -16885.4
  178 177.5 1.20226 0.000521813 -16851.9 -16424.4 -16879
  179 178.5 1.21874 0.000528965 -16621.6 -16165.6 -16682.7
  180 179.5 1.22444 0.000531441 -16427.1 -16163.9 -16437
  181 180.5 1.23249 0.000534934 -16390 -16396.9 -16507.3
  182 181.5 1.23732 0.000537031 -16334.9 -16428.3 -16414.4
  183 182.5 1.23482 0.000535948 -16306.3 -16289.1 -16447.7
  184 183.5 1.2315 0.000534503 -16403 -16003.2 -16326.3
  185 184.5 1.21898 0.000529073 -16394.3 -16455.8 -16663.3
  186 185.5 1.21074 0.000525493 -16164.3 -16439 -16809.4
  187 186.5 1.21254 0.000526278 -16387 -16518.5 -16730.9
  188 187.5 1.21072 0.000525486 -16039.6 -16470 -16651.8
  189 188.5 1.22428 0.000531372 -16260.4 -16491.5 -16526.3
  190 189.5 1.20926 0.000524854 -16459.2 -16296.6 -16848.8
  191 190.5 1.20393 0.000522538 -16465.8 -16226.9 -16711.3
  192 191.5 1.20297 0.000522122 -16485.3 -16381.4 -16786.7
  193 192.5 1.20498 0.000522997 -16658.6 -16209.8 -16813.6
  194 193.5 1.20792 0.000524271 -16330 -16082.2 -16897.6
  195 194.5 1.21234 0.000526187 -16438.7 -16152.9 -16569.6
  196 195.5 1.20314 0.000522198 -16292 -16202.9 -16852.9
  197 196.5 1.20697 0.000523858 -16693.9 -16103.2 -16851.8
  198 197.5 1.21083 0.000525535 -16194.4 -16189.7 -16668
  199 198.5 1.20842 0.000524486 -15983.1 -16137 -16685.8
  200 199.5 1.21288 0.000526424 -16027.3 -16407 -16700.7
  201 200.5 1.22178 0.000530288 -16084.4 -16432.5 -16475.7
  202 201.5 1.20934 0.000524885 -16475.2 -16687.1 -16836.5
  203 202.5 1.19296 0.000517778 -16229.4 -16347.4 -16903.4
  204 203.5 1.19554 0.000518896 -16429.2 -16528.6 -16843.2
  205 204.5 1.2104 0.000525347 -16067.3 -16620.6 -16710.6
  206 205.5 1.21771 0.000528521 -16104.7 -16419 -16399.4
  207 206.5 1.22171 0.000530257 -16356.3 -16581.8 -16390.7
  208 207.5 1.2297 0.000533726 -16569.2 -16543.2 -16226.7
  209 208.5 1.25062 0.000542806 -16627.4 -16585.1 -15886.1
  210 209.5 1.2715 0.000551865 -16405.8 -15985.1 -15381.3
  211 210.5 1.28702 0.000558601 -15953.9 -15670.4 -15142.4
  212 211.5 1.30779 0.000567618 -15700.6 -15777.6 -14734
  213 212.5 1.34058 0.000581851 -15332.8 -15428.5 -14152.1
  214 213.5 1.3895 0.000603083 -15199.5 -15386.9 -13073.2
  215 214.5 1.46301 0.000634986 -14782.2 -15057.4 -12002.5
  216 215.5 1.58326 0.000687181 -14038.8 -14352 -10299.5
  217 216.5 1.73782 0.000754264 -13218.8 -13258.3 -8308.61
  218 217.5 1.97046 0.000855233 -11810.3 -12058.5 -6102.32
  219 218.5 2.3333 0.00101272 -10084.1 -10045.8 -3506.75
  220 219.5 2.85855 0.00124069 -8271.89 -8450.16 -991.186
  221 220.5 3.62016 0.00157125 -6096.77 -5966.09 1292.82
  222 221.5 4.74565 0.00205974 -3607.8 -3576.43 3727.37
  223 222.5 6.32456 0.00274503 -863.902 -734.664 5897.36
  224 223.5 8.51405 0.00369533 2461.52 2472.52 7559.84
  225 224.5 11.4026 0.00494905 6293.91 6346.95 9194.33
  226 225.5 14.9683 0.00649664 10578.2 10666.7 10209.9
  227 226.5 19.2805 0.00836827 15022.5 15107 10595.7
  228 227.5 23.7257 0.0102976 18354.5 18419 9420.17
  229 228.5 27.8374 0.0120822 20061.5 20292 6998.26
  230 229.5 31.0204 0.0134637 19738.5 19889.7 3472.15
  231 230.5 33.2785 0.0144438 17574.4 17741.1 -180.268
  232 231.5 34.8403 0.0151217 14424.4 14330.2 -3290.43
  233 232.5 35.8964 0.01558 10936.3 10974 -4914.27
  234 233.5 36.5625 0.0158691 8020.76 8018.85 -5433
  235 234.5 36.9115 0.0160206 5676.29 5408.51 -5563.97
  236 235.5 37.2716 0.0161769 3817.84 3771.76 -4720.3
  237 236.5 37.4891 0.0162713 2233.91 2402.83 -4194.19
  238 237.5 37.6095 0.0163236 1386.68 1491.83 -3469.78
  239 238.5 37.673 0.0163511 836.557 751.321 -2827.5
  240 239.5 37.7573 0.0163877 393.065 587.244 -2346.98
  241 240.5 37.8346 0.0164213 55.6071 258.276 -1902.58
  242 241.5 37.847 0.0164267 -170.398 25.3143 -1609.35
  243 242.5 37.7845 0.0163995 -199.349 -28.4063 -1307.45
  244 243.5 37.8821 0.0164419 -166.462 -272.111 -1163.19
  245 244.5 37.9167 0.0164569 -458.257 -243.203 -934.986
  246 245.5 37.8204 0.0164151 -459.949 -418.787 -1032.94
  247 246.5 37.8515 0.0164286 -222.312 -325.084 -697.258
  248 247.5 37.9217 0.0164591 -369.887 -335.017 -653.792
  249 248.5 37.9 0.0164497 -496.17 -394.806 -651.809
  250 249.5 37.8906 0.0164456 -516.206 -533.122 -471.966
  251 250.5 37.8777 0.01644 -706.352 -401.183 -785.065
  252 251.5 37.9036 0.0164512 -467.661 -394.695 -448.362
  253 252.5 37.9076 0.016453 -372.165 -302.818 -579.254
  254 253.5 37.8909 0.0164457 -560.968 -466.333 -527.159
  255 254.5 37.8871 0.016444 -374.563 -575.832 -519.312
  256 255.5 37.9509 0.0164717 -153.651 -725.784 -521.645
  257 256.5 37.8854 0.0164433 -414.96 -583.86 -548.985
  258 257.5 37.864 0.016434 -519.848 -345.897 -546.389
  259 258.5 37.9213 0.0164589 -488.986 -293.579 -466.198
  260 259.5 37.894 0.0164471 -272.329 -429.383 -497.607
  261 260.5 37.8557 0.0164304 -773.088 -658.148 -485.259
  262 261.5 37.9351 0.0164649 -666.99 -637.362 -521.827
  263 262.5 37.9273 0.0164615 -459.71 -356.478 -607.833
  264 263.5 37.8201 0.016415 -616.512 -365.917 -510.638
  265 264.5 37.889 0.0164449 -242.536 -328.471 -537.497
  266 265.5 38.0011 0.0164935 -201.946 -123.955 -430.626
  267 266.5 37.7779 0.0163967 -558.915 -420.055 -525.654
  268 267.5 37.9141 0.0164558 -629.896 -444.314 -506.677
  269 268.5 37.9451 0.0164692 -796.575 -461.187 -602.118
  270 269.5 37.8983 0.0164489 -542.089 -470.221 -479.266
  271 270.5 37.8044 0.0164082 -628.591 -584.8 -508.289
  272 271.5 37.9573 0.0164745 -606.855 -723.688 -615.791
  273 272.5 37.9063 0.0164524 -483.001 -702.535 -398.768
  274 273.5 37.8915 0.016446 -746.803 -548.324 -443.825
  275 274.5 37.8291 0.0164189 -810.986 -768.79 -724.069
  276 275.5 37.9887 0.0164881 -552.256 -610.63 -474.178
  277 276.5 37.8524 0.016429 -555.37 -447.236 -413.358
  278 277.5 37.8735 0.0164381 -631.154 -535.787 -558.996
  279 278.5 37.8252 0.0164172 -594.853 -561.533 -712.231
  280 279.5 37.9792 0.016484 -581.027 -555.295 -329.466
  281 280.5 37.8368 0.0164222 -523.968 -562.456 -373.971
  282 281.5 37.8316 0.0164199 -693.748 -733.573 -668.754
  283 282.5 37.9425 0.0164681 -731.654 -523.07 -672.316
  284 283.5 37.9044 0.0164516 -618.539 -599.286 -403.077
  285 284.5 37.8494 0.0164277 -510.586 -686.331 -380.827
  286 285.5 37.9098 0.0164539 -715.566 -867.303 -632.682
  287 286.5 37.8903 0.0164454 -499.002 -622.563 -502.114
  288 287.5 37.9143 0.0164558 -607.566 -670.009 -655.332
  289 288.5 37.8568 0.0164309 -407.85 -472.874 -328.025
  290 289.5 37.9407 0.0164673 -394.265 -450.871 -691.879
  291 290.5 37.8226 0.016416 -546.774 -619.364 -500.114
  292 291.5 37.9315 0.0164633 -666.54 -631.136 -427.562
  293 292.5 37.9174 0.0164572 -516.439 -713.934 -552.695
  294 293.5 37.8882 0.0164446 -542.662 -878.4 -531.374
  295 294.5 37.7902 0.016402 -510.651 -780.22 -615.098
  296 295.5 38.0042 0.0164949 -593.737 -843.549 -420.298
  297 296.5 37.8529 0.0164292 -567.594 -767.455 -560.024
  298 297.5 37.8194 0.0164147 -627.867 -591.877 -476.46
  299 298.5 37.934 0.0164644 -613.862 -635.461 -591.71
  300 299.5 37.9077 0.016453 -319.276 -717.416 -462.263
  301 300.5 37.8264 0.0164177 -224.927 -654.082 -434.823
  302 301.5 37.8636 0.0164339 -483.84 -699.498 -683.618
  303 302.5 37.9175 0.0164572 -404.021 -653.336 -368.412
  304 303.5 37.8696 0.0164365 -631.42 -684.603 -557.026
  305 304.5 37.8493 0.0164277 -248.097 -460.526 -570.774
  306 305.5 37.842 0.0164245 -464.938 -561.832 -523.18
  307 306.5 37.9315 0.0164633 -402.698 -554.626 -228.93
  308 307.5 37.9024 0.0164507 -750.171 -692.164 -647.58
  309 308.5 37.8494 0.0164277 -626.557 -408.635 -687.338
  310 309.5 37.8616 0.016433 -607.956 -587.916 -491.185
  311 310.5 37.9303 0.0164628 -448.581 -439.939 -379.063
  312 311.5 37.9318 0.0164635 -552.573 -558.097 -602.606
  313 312.5 37.7719 0.0163941 -603.01 -600.467 -538.52
  314 313.5 37.9223 0.0164594 -456.529 -738.131 -437.967
  315 314.5 37.8879 0.0164444 -550.702 -558.378 -535.276
  316 315.5 37.8754 0.016439 -761.931 -636.482 -711.864
  317 316.5 37.8005 0.0164065 -720.868 -683.956 -428.481
  318 317.5 37.965 0.0164779 -612.19 -400.061 -411.274
  319 318.5 37.8636 0.0164338 -559.412 -411.331 -584.938
  320 319.5 37.807 0.0164093 -580.725 -601.157 -597.471
  321 320.5 37.8359 0.0164218 -574.202 -313.909 -438.804
  322 321.5 37.9917 0.0164894 -771.974 -569.369 -518.933
  323 322.5 37.774 0.016395 -910.174 -776.171 -661.202
  324 323.5 37.8302 0.0164194 -685.504 -870.584 -463.699
  325 324.5 37.942 0.0164679 -567.184 -492.748 -509.339
  326 325.5 37.873 0.0164379 -709.178 -693.9 -402.322
  327 326.5 37.7775 0.0163965 -755.576 -712.86 -586.576
  328 327.5 37.8834 0.0164425 -808.092 -839.36 -617.194
  329 328.5 37.9123 0.016455 -533.47 -562.421 -512.293
  330 329.5 37.8008 0.0164066 -555.648 -619.508 -519.256
  331 330.5 37.8354 0.0164216 -629.437 -599.811 -345.411
  332 331.5 37.8525 0.016429 -542.649 -557.048 -663.753
  333 332.5 37.8833 0.0164424 -420.719 -454.793 -410.121
  334 333.5 37.7697 0.0163931 -486.457 -339.234 -483.65
  335 334.5 37.8641 0.0164341 -525.457 -379.525 -536.05
  336 335.5 37.8747 0.0164387 -561.202 -473.686 -615.49
  337 336.5 37.7927 0.0164031 -524.628 -554.559 -456.706
  338 337.5 37.8179 0.016414 -528.991 -565.349 -459.97
  339 338.5 37.8985 0.016449 -475.482 -528.597 -685.06
  340 339.5 37.7916 0.0164026 -388.23 -192.602 -424.349
  341 340.5 37.8471 0.0164267 -642.76 -524.423 -450.732
  342 341.5 37.9003 0.0164498 -661.494 -396.816 -645.767
  343 342.5 37.8118 0.0164114 -620.85 -388.144 -393.001
  344 343.5 37.8335 0.0164208 -447.956 -660.379 -544.945
  345 344.5 37.8525 0.016429 -493.426 -558.031 -544.281
  346 345.5 37.9004 0.0164498 -462.256 -564.067 -369.267
  347 346.5 37.7596 0.0163887 -377.505 -526.997 -624.883
  348 347.5 37.8823 0.016442 -312.639 -450.789 -572.215
  349 348.5 37.8548 0.01643 -416.666 -365.884 -387.875
  350 349.5 37.8669 0.0164353 -301.829 -602.183 -519.199
  351 350.5 37.8009 0.0164066 -528.844 -384.766 -613.556
  352 351.5 37.8768 0.0164396 -480.9 -754.231 -455.734
  353 352.5 37.8175 0.0164138 -440.12 -414.711 -415.472
  354 353.5 37.9136 0.0164556 -409.035 -412.203 -596.86
  355 354.5 37.7956 0.0164043 -485.588 -305.149 -543.361
  356 355.5 37.8598 0.0164322 -577.906 -629.75 -522.29
  357 356.5 37.9141 0.0164558 -566.88 -518.631 -447.807
  358 357.5 37.8571 0.016431 -602.203 -621.235 -569.359
  359 358.5 37.8113 0.0164112 -372.402 -445.24 -523.356
  360 359.5 37.886 0.0164436 -596.999 -390.513 -531.616
  361 360.5 37.9013 0.0164502 -570.276 -298.419 -506.519
  362 361.5 37.8852 0.0164432 -501.183 -633.901 -609.498
  363 362.5 37.8126 0.0164117 -477.718 -365.466 -488.725
  364 363.5 37.8941 0.0164471 -371.309 -355.18 -527.189
  365 364.5 37.9143 0.0164559 -602.296 -671.651 -515.125
  366 365.5 37.8416 0.0164243 -566.683 -915.255 -700.148
  367 366.5 37.8784 0.0164403 -323.85 -588.026 -589.713
  368 367.5 37.8693 0.0164363 -515.018 -251.641 -790.398
  369 368.5 37.8948 0.0164474 -451.834 -318.665 -584.601
  370 369.5 37.8222 0.0164159 -519.059 -438.845 -819.403
  371 370.5 37.8313 0.0164198 -279.14 -209.536 -957.228
  372 371.5 37.8916 0.016446 -276.65 -59.0676 -1073.25
  373 372.5 37.8119 0.0164114 -238.354 -57.0029 -1134.08
  374 373.5 37.7965 0.0164047 5.96472 62.4482 -1345.92
  375 374.5 37.8226 0.0164161 152.283 -19.9344 -1728.2
  376 375.5 37.7242 0.0163734 278.593 312.955 -2088.75
  377 376.5 37.7165 0.01637 639.399 604.913 -2418.19
  378 377.5 37.6008 0.0163198 1357.51 1386.26 -2788.25
  379 378.5 37.5391 0.016293 2091.9 2051.55 -3348.58
  380 379.5 37.2566 0.0161704 3127.84 3247.53 -3850.88
  381 380.5 37.0935 0.0160996 4712.15 4881.4 -3876.93
  382 381.5 36.7132 0.0159345 6711.04 6835.96 -3840.46
  383 382.5 36.0798 0.0156596 9339.37 9522.62 -2566.83
  384 383.5 35.2628 0.015305 11643.1 11716.2 -307.137
  385 384.5 34.2314 0.0148574 13074.9 13300.6 2305.82
  386 385.5 32.7823 0.0142284 13183 13292.2 5041.35
  387 386.5 31.2093 0.0135457 11245.4 11320.9 6203.58
  388 387.5 29.9844 0.0130141 8364.89 8318.51 5921.22
  389 388.5 29.3077 0.0127204 5316.08 5234.76 4700.56
  390 389.5 29.1932 0.0126707 3509.32 3458.64 3317.08
  391 390.5 29.5621 0.0128308 2774.19 2565.62 1972.9
  392 391.5 30.0249 0.0130316 2045.43 2310.91 660.318
  393 392.5 30.285 0.0131445 1672.31 1801.29 -332.051
  394 393.5 30.6993 0.0133244 1361.56 1271.83 -859.504
  395 394.5 30.9437 0.0134304 817.382 858.94 -1256.67
  396 395.5 31.1888 0.0135368 543.458 597.045 -1325.99
  397 396.5 31.2598 0.0135676 331.08 180.502 -1226.43
  398 397.5 31.4064 0.0136313 -39.6472 29.5509 -1290.01
  399 398.5 31.45 0.0136502 -208.238 -69.8464 -1091.22
  400 399.5 31.5619 0.0136987 -191.091 -204.266 -1050.94
  401 400.5 31.5891 0.0137106 -265.514 -175.581 -920.209
  402 401.5 31.619 0.0137235 -420.081 -429.123 -989.088
  403 402.5 31.602 0.0137161 -284.316 -562.729 -912.295
  404 403.5 31.6893 0.013754 -437.367 -578.875 -892.576
  405 404.5 31.6791 0.0137496 -435.722 -537.825 -752.568
  406 405.5 31.7139 0.0137647 -534.402 -673.326 -705.006
  407 406.5 31.7223 0.0137684 -504.787 -653.045 -706.289
  408 407.5 31.702 0.0137595 -543.083 -496.108 -774.697
  409 408.5 31.6722 0.0137466 -592.982 -603.341 -696.698
  410 409.5 31.7258 0.0137699 -720.268 -666.206 -594.339
  411 410.5 31.7044 0.0137606 -747.434 -578.664 -659.559
  412 411.5 31.7184 0.0137667 -657.032 -504.301 -630.232
  413 412.5 31.6782 0.0137492 -735.03 -544.846 -772.13
  414 413.5 31.7153 0.0137653 -651.524 -523.398 -587.237
  415 414.5 31.7149 0.0137652 -656.71 -674.182 -606.187
  416 415.5 31.7488 0.0137798 -682.914 -693.19 -729.136
  417 416.5 31.7079 0.0137621 -521.431 -667.959 -553.075
  418 417.5 31.7784 0.0137927 -732.426 -772.151 -617.218
  419 418.5 31.6926 0.0137555 -562.561 -636.114 -649.523
  420 419.5 31.7323 0.0137727 -549.946 -703.55 -725.954
  421 420.5 31.676 0.0137483 -480.786 -586.09 -521.753
  422 421.5 31.6338 0.01373 -595.964 -612.613 -682.969
  423 422.5 31.789 0.0137973 -566.306 -542.84 -581.932
  424 423.5 31.6357 0.0137308 -577.872 -838.811 -711.998
  425 424.5 31.7046 0.0137607 -557.113 -509.035 -589.957
  426 425.5 31.6817 0.0137507 -658.162 -694.216 -668.075
  427 426.5 31.7345 0.0137737 -530.531 -548.917 -616.075
  428 427.5 31.7255 0.0137697 -540.783 -602.679 -560.42
  429 428.5 31.7184 0.0137667 -558.747 -583.518 -579.582
  430 429.5 31.6628 0.0137425 -692.481 -548.45 -694.899
  431 430.5 31.7107 0.0137633 -694.006 -664.227 -653.296
  432 431.5 31.7338 0.0137733 -783.552 -683.237 -646.505
  433 432.5 31.7092 0.0137627 -704.01 -771.247 -623.851
  434 433.5 31.6642 0.0137431 -554.225 -611.438 -590.822
  435 434.5 31.7218 0.0137681 -480.938 -532.078 -694.943
  436 435.5 31.707 0.0137617 -633.009 -543.391 -598.63
  437 436.5 31.7033 0.0137601 -602.814 -583.416 -630.564
  438 437.5 31.6755 0.0137481 -559.419 -494.651 -679.524
  439 438.5 31.7401 0.0137761 -565.549 -558.847 -524.368
  440 439.5 31.6919 0.0137552 -666.515 -633.771 -673.041
  441 440.5 31.6795 0.0137498 -595.622 -614.507 -652.017
  442 441.5 31.6412 0.0137331 -637.4 -577.476 -693.941
  443 442.5 31.705 0.0137608 -558.88 -549.789 -576.787
  444 443.5 31.6693 0.0137454 -617.363 -697.595 -593.066
  445 444.5 31.6769 0.0137486 -610.852 -595.077 -676.667
  446 445.5 31.6877 0.0137533 -714.454 -669.826 -629.556
  447 446.5 31.7212 0.0137679 -565.57 -585.79 -549.087
  448 447.5 31.6861 0.0137526 -700.07 -667.189 -648.657
  449 448.5 31.6978 0.0137577 -647.396 -650.992 -664.101
  450 449.5 31.7509 0.0137808 -763.579 -717.385 -598.028
  451 450.5 31.6904 0.0137545 -490.341 -657.496 -641.95
  452 451.5 31.7411 0.0137765 -644.879 -659.428 -677.164
  453 452.5 31.7094 0.0137628 -611.305 -645.836 -580.448
  454 453.5 31.708 0.0137621 -616.753 -558.706 -644.554
  455 454.5 31.688 0.0137535 -552.051 -718.719 -761.215
  456 455.5 31.707 0.0137617 -531.464 -622.313 -503.133
  457 456.5 31.732 0.0137726 -517.903 -597.259 -543.461
  458 457.5 31.698 0.0137578 -605.442 -745.433 -795.05
  459 458.5 31.7051 0.0137609 -680.607 -653.741 -563.348
  460 459.5 31.6813 0.0137506 -671.505 -658.972 -699.597
  461 460.5 31.8032 0.0138035 -700.227 -626.835 -615.975
  462 461.5 31.7156 0.0137655 -703.039 -627.941 -532.716
  463 462.5 31.697 0.0137574 -614.111 -409.45 -589.055
  464 463.5 31.6851 0.0137522 -757.326 -510.26 -783.224
  465 464.5 31.7235 0.0137689 -756.405 -651.653 -611.862
  466 465.5 31.6899 0.0137543 -562.352 -494.268 -585.491
  467 466.5 31.7446 0.013778 -519.109 -486.233 -627.177
  468 467.5 31.6745 0.0137476 -687.659 -577.065 -634.42
  469 468.5 31.6632 0.0137427 -724.112 -637.528 -641.722
  470 469.5 31.7226 0.0137685 -751.862 -660.001 -632.052
  471 470.5 31.7312 0.0137722 -652.217 -582.793 -563.93
  472 471.5 31.7089 0.0137625 -720.403 -453.703 -653.037
  473 472.5 31.6791 0.0137496 -665.349 -491.773 -661.211
  474 473.5 31.7259 0.0137699 -631.071 -687.951 -582.621
  475 474.5 31.6998 0.0137586 -588.629 -738.808 -648.516
  476 475.5 31.7152 0.0137653 -607.978 -782.054 -634.587
  477 476.5 31.7082 0.0137622 -524.559 -765.27 -658.238
  478 477.5 31.717 0.0137661 -480.672 -617.628 -620.392
  479 478.5 31.6858 0.0137525 -603.536 -935.631 -667.324
  480 479.5 31.7149 0.0137652 -669.771 -775.513 -634.655
57500000 480 11347.999999999993
  1 0.5 31.5963 0.0137137 -671.557 -500.174 -669.154
  2 1.5 31.6591 0.0137409 -580.908 -659.934 -700.806
  3 2.5 31.6921 0.0137553 -609.49 -616.712 -580.401
  4 3.5 31.6696 0.0137455 -560.823 -599.838 -501.039
  5 4.5 31.6158 0.0137222 -647.08 -688.442 -621.136
  6 5.5 31.6608 0.0137417 -604.959 -769.311 -746.103
  7 6.5 31.6537 0.0137386 -435.928 -549.12 -518.316
  8 7.5 31.6775 0.0137489 -390.013 -563.943 -611.887
  9 8.5 31.6668 0.0137443 -426.695 -644.715 -625.713
  10 9.5 31.6675 0.0137446 -591.919 -504.143 -641.898
  11 10.5 31.7047 0.0137607 -667.84 -494.452 -641.827
  12 11.5 31.7068 0.0137616 -526.471 -443.649 -532.787
  13 12.5 31.6911 0.0137548 -591.614 -455.547 -681.534
  14 13.5 31.6401 0.0137327 -572.261 -591.375 -644.754
  15 14.5 31.7129 0.0137643 -660.173 -585.154 -643.692
  16 15.5 31.7561 0.013783 -576.149 -549.729 -481.73
  17 16.5 31.6538 0.0137386 -596.507 -675.944 -669.582
  18 17.5 31.702 0.0137595 -790.664 -738.509 -711.974
  19 18.5 31.7307 0.013772 -523.158 -376.908 -568.338
  20 19.5 31.7212 0.0137679 -816.322 -787.909 -605.171
  21 20.5 31.7083 0.0137623 -707.407 -628.851 -574.182
  22 21.5 31.7282 0.0137709 -531.394 -541.783 -693.743
  23 22.5 31.7312 0.0137722 -610.586 -639.02 -549.124
  24 23.5 31.7383 0.0137753 -625.272 -746.997 -642.527
  25 24.5 31.6635 0.0137428 -631.557 -555.657 -662.921
  26 25.5 31.7055 0.0137611 -489.191 -565.036 -571.18
  27 26.5 31.7867 0.0137963 -682.916 -661.021 -630.773
  28 27.5 31.6332 0.0137297 -605.7 -853.653 -649.972
  29 28.5 31.6925 0.0137554 -643.392 -740.686 -671.898
  30 29.5 31.7515 0.013781 -427.502 -618.637 -468.462
  31 30.5 31.6864 0.0137528 -459.701 -447.706 -686.261
  32 31.5 31.6474 0.0137359 -522.898 -414.426 -656.081
  33 32.5 31.7113 0.0137636 -672.586 -542.882 -586.072
  34 33.5 31.6685 0.013745 -618.989 -463.342 -606.218
  35 34.5 31.6938 0.013756 -543.266 -500.865 -627.054
  36 35.5 31.6124 0.0137207 -492.952 -476.894 -584.65
  37 36.5 31.6877 0.0137534 -676.746 -583.017 -584.982
  38 37.5 31.6949 0.0137565 -601.943 -617.02 -644.07
  39 38.5 31.6514 0.0137376 -644.955 -658.811 -658.901
  40 39.5 31.5872 0.0137097 -683.754 -547.488 -627.204
  41 40.5 31.7258 0.0137699 -650.986 -553.011 -572.839
  42 41.5 31.6399 0.0137326 -805.719 -658.647 -676.689
  43 42.5 31.5974 0.0137141 -573.614 -473.819 -615.229
  44 43.5 31.6682 0.0137449 -538.129 -616.034 -694.097
  45 44.5 31.6609 0.0137417 -510.145 -537.302 -748.044
  46 45.5 31.56 0.0136979 -711.823 -683.733 -645.651
  47 46.5 31.6387 0.0137321 -635.033 -601.773 -680.893
  48 47.5 31.6836 0.0137516 -679.823 -736.561 -827.539
  49 48.5 31.6026 0.0137164 -536.314 -495.594 -776.54
  50 49.5 31.4685 0.0136582 -563.27 -491.964 -851.759
  51 50.5 31.5929 0.0137122 -297.65 -307.842 -988.651
  52 51.5 31.5472 0.0136924 -335.87 -228.363 -1009.39
  53 52.5 31.4501 0.0136502 -175.061 -199.583 -923.589
  54 53.5 31.394 0.0136259 -155.99 -274.485 -1415.93
  55 54.5 31.4148 0.0136349 -55.91 -3.78029 -1474.04
  56 55.5 31.2244 0.0135522 162.479 316.299 -1562.86
  57 56.5 31.107 0.0135013 392.854 462.776 -1639.51
  58 57.5 31.0328 0.0134691 791.042 862.399 -1950.71
  59 58.5 30.7391 0.0133416 1280.55 1074.93 -2280.65
  60 59.5 30.4087 0.0131982 1735.52 1645.42 -2353.67
  61 60.5 29.9783 0.0130114 2178.85 2274.23 -2480.36
  62 61.5 29.4782 0.0127943 2857.9 2951.77 -2531.75
  63 62.5 28.7037 0.0124582 3643.13 3583.04 -2378.21
  64 63.5 27.6318 0.011993 4341.42 4293.33 -2133.53
  65 64.5 26.365 0.0114431 5031.12 5101.29 -1584.07
  66 65.5 24.6993 0.0107202 5656.38 5730.83 -740.218
  67 66.5 22.6527 0.00983188 5832.23 5851.23 157.994
  68 67.5 20.2906 0.00880666 6007.87 5917.69 1327.52
  69 68.5 17.6045 0.00764085 5650.77 5630.25 2423.7
  70 69.5 14.8292 0.00643626 4926.66 4860.2 3383.05
  71 70.5 12.0831 0.0052444 3618.84 3594.65 4151.9
  72 71.5 9.57377 0.00415528 2241.76 2212.84 4561.65
  73 72.5 7.48815 0.00325007 181.82 403.777 4552.1
  74 73.5 5.76046 0.0025002 -1735.68 -1909.58 4070.7
  75 74.5 4.36926 0.00189638 -3789.52 -3925.12 2883.29
  76 75.5 3.37696 0.00146569 -6152.5 -6269.81 927.916
  77 76.5 2.68763 0.00116651 -8301.18 -8484.9 -1319.84
  78 77.5 2.18802 0.00094966 -10082.1 -10600.8 -3789.65
  79 78.5 1.85707 0.000806021 -12105.5 -12000.6 -6513.61
  80 79.5 1.63415 0.000709267 -13291.6 -13091.8 -8920.81
  81 80.5 1.47756 0.000641302 -14133.6 -14082.6 -11013.1
  82 81.5 1.38934 0.00060301 -15088.3 -14810.4 -12596.7
  83 82.5 1.32582 0.000575444 -15593.1 -15815 -13403.6
  84 83.5 1.28496 0.000557708 -16139.6 -16133.8 -14356.7
  85 84.5 1.2669 0.000549872 -16240.6 -16196.1 -14904.6
  86 85.5 1.23302 0.000535167 -16376.2 -16262.7 -15436.6
  87 86.5 1.21902 0.000529087 -16667.8 -16780.3 -15788
  88 87.5 1.20925 0.000524847 -16565.6 -16814.8 -16135
  89 88.5 1.20148 0.000521476 -17068.6 -16630.7 -16212.7
  90 89.5 1.20669 0.000523736 -16729 -16832.7 -16158.5
  91 90.5 1.19041 0.00051667 -16642.6 -16675.9 -16607.5
  92 91.5 1.19234 0.000517507 -16196.9 -16901.6 -16513
  93 92.5 1.19642 0.000519278 -16387.6 -17008.5 -16486.6
  94 93.5 1.1969 0.000519486 -16431.3 -17046.9 -16430.9
  95 94.5 1.19373 0.000518111 -16480.9 -17271 -16366.7
  96 95.5 1.17498 0.000509976 -16788.8 -17144.1 -16891.6
  97 96.5 1.18226 0.000513135 -16669.3 -16954.3 -16857.1
  98 97.5 1.1839 0.000513844 -16943.4 -16481 -16609.1
  99 98.5 1.17549 0.000510194 -16598.5 -16842.7 -16756.7
  100 99.5 1.19051 0.000516715 -16675.7 -16830.8 -16724.7
  101 100.5 1.18452 0.000514115 -16706.1 -16403.8 -16690.2
  102 101.5 1.1903 0.000516625 -16870.5 -16713.6 -16606
  103 102.5 1.19182 0.000517281 -17086.2 -17086.1 -16556.3
  104 103.5 1.18222 0.000513115 -16501.3 -16688.9 -16715.7
  105 104.5 1.19194 0.000517333 -16842.9 -16676.6 -16634.6
  106 105.5 1.2 0.000520833 -17199.6 -16504.7 -16412.3
  107 106.5 1.18964 0.000516337 -16793.6 -16468.9 -16529.6
  108 107.5 1.19392 0.000518194 -16676.9 -16473 -16656.4
  109 108.5 1.20913 0.000524795 -16643 -16344.7 -16398.2
  110 109.5 1.22057 0.00052976 -16691.5 -16769.9 -16220.2
  111 110.5 1.22717 0.000532625 -16392 -16502.8 -16069.2
  112 111.5 1.2132 0.000526563 -16506.8 -16319.8 -16357
  113 112.5 1.19748 0.00051974 -16151.8 -16635.9 -16476.6
  114 113.5 1.20335 0.000522288 -16132.2 -17028.8 -16436.3
  115 114.5 1.20486 0.000522944 -16344.5 -17197.1 -16376.5
  116 115.5 1.20037 0.000520993 -16172.2 -17036.4 -16386
  117 116.5 1.20302 0.000522142 -16436.8 -17192 -16542.4
  118 117.5 1.20358 0.000522385 -16139.4 -16843.5 -16437.3
  119 118.5 1.21423 0.00052701 -16487 -16704.4 -16374.1
  120 119.5 1.20302 0.000522142 -16639.4 -17313.7 -16377.7
  121 120.5 1.21419 0.000526993 -16360 -17151.9 -16145.4
  122 121.5 1.21332 0.000526615 -16551.1 -16780.3 -16360.6
  123 122.5 1.2224 0.000530556 -16394.3 -16614.8 -16225.8
  124 123.5 1.20534 0.000523149 -16661.4 -16453.5 -16434.9
  125 124.5 1.21042 0.000525354 -16401 -16490.4 -16367.7
  126 125.5 1.20406 0.000522594 -17022 -17176.9 -16410.9
  127 126.5 1.20587 0.000523382 -16873.6 -16511.3 -16275.4
  128 127.5 1.2023 0.00052183 -16899.6 -16680.5 -16480.9
  129 128.5 1.19121 0.000517017 -16714.2 -16714.8 -16650
  130 129.5 1.20188 0.000521649 -16798.5 -16239.3 -16530.3
  131 130.5 1.21678 0.000528115 -16770.6 -16812.9 -16220.1
  132 131.5 1.23158 0.000534538 -16923.6 -16724 -16081.8
  133 132.5 1.2225 0.000530601 -16865.4 -16568.2 -16036.2
  134 133.5 1.23386 0.000535531 -16877.2 -16581.4 -16030.8
  135 134.5 1.21618 0.000527854 -16200.1 -16200 -16262.9
  136 135.5 1.22882 0.00053334 -16167.9 -16614.9 -16317.7
  137 136.5 1.21252 0.000526267 -16201.8 -16344.6 -16282.5
  138 137.5 1.21091 0.000525569 -16010.4 -16393.6 -16282.4
  139 138.5 1.20988 0.000525122 -16198.3 -16435.6 -16321
  140 139.5 1.20585 0.000523372 -16086.8 -16539.5 -16321.7
  141 140.5 1.21613 0.000527833 -16336.3 -16845 -16317.4
  142 141.5 1.22669 0.000532417 -16172 -16713.1 -16192.9
  143 142.5 1.21978 0.000529417 -15829.6 -16579.8 -16185.4
  144 143.5 1.20944 0.000524931 -16089.7 -16834.5 -16390.3
  145 144.5 1.20241 0.000521878 -16185.5 -16620.8 -16487.6
  146 145.5 1.2127 0.000526347 -16306.8 -16910.1 -16303
  147 146.5 1.23051 0.000534076 -16268.4 -16940.5 -16026.1
  148 147.5 1.22196 0.000530365 -15849.2 -16665.2 -16174.5
  149 148.5 1.20377 0.000522469 -16404 -16604.9 -16512.4
  150 149.5 1.22006 0.000529542 -16231 -16661.4 -16154
  151 150.5 1.22587 0.000532062 -16147.5 -16693.2 -16035.3
  152 151.5 1.22568 0.000531979 -16398.4 -16489 -16172.2
  153 152.5 1.21193 0.00052601 -16465.2 -16396.6 -16358.7
  154 153.5 1.20773 0.000524188 -16733.6 -16619 -16327
  155 154.5 1.19974 0.000520719 -16328.9 -16797.9 -16419.3
  156 155.5 1.20091 0.000521229 -16740.1 -16820.5 -16587.1
  157 156.5 1.19366 0.00051808 -16481 -16568.1 -16585.9
  158 157.5 1.20204 0.000521719 -16422.7 -16388.6 -16511.8
  159 158.5 1.1988 0.000520313 -16432.5 -16288 -16545.2
  160 159.5 1.20346 0.000522333 -16516.5 -15988.8 -16228
  161 160.5 1.19404 0.000518247 -16450.5 -16326.1 -16592.3
  162 161.5 1.19292 0.00051776 -16471 -16463.4 -16550.4
  163 162.5 1.18923 0.00051616 -16514.7 -16507.6 -16664.9
  164 163.5 1.18873 0.000515941 -16195.3 -16771.4 -16652.6
  165 164.5 1.20478 0.00052291 -16452.9 -16807.3 -16453.2
  166 165.5 1.20229 0.000521826 -16235.3 -16638.1 -16523.9
  167 166.5 1.19422 0.000518326 -15954.4 -16697.6 -16541.1
  168 167.5 1.21474 0.000527229 -16426.7 -16556.6 -16234.5
  169 168.5 1.22784 0.000532917 -16377.9 -16750.8 -16154.4
  170 169.5 1.22538 0.000531851 -16195.8 -16199.9 -16096.6
  171 170.5 1.20791 0.000524267 -15993.3 -16434.6 -16364.5
  172 171.5 1.21775 0.000528538 -16318.2 -16392.2 -16310.6
  173 172.5 1.20674 0.000523757 -16268.5 -16567.1 -16470.4
  174 173.5 1.20724 0.000523976 -16547.4 -16571.4 -16348.4
  175 174.5 1.20793 0.000524274 -16421.6 -16697.1 -16381.4
  176 175.5 1.20777 0.000524205 -16511.6 -16339.5 -16404
  177 176.5 1.19755 0.000519771 -16653.8 -16437.7 -16415.3
  178 177.5 1.19204 0.000517378 -16750.4 -16433.6 -16637.6
  179 178.5 1.19514 0.000518722 -16698.8 -16615.5 -16624.2
  180 179.5 1.20147 0.000521472 -16116.4 -16539.7 -16412.5
  181 180.5 1.20549 0.000523215 -16555 -16761.8 -16507.5
  182 181.5 1.21427 0.000527028 -16774.5 -16375.9 -16202.5
  183 182.5 1.20802 0.000524313 -16731.4 -16358.1 -16323
  184 183.5 1.22487 0.000531628 -16559.8 -16489.9 -16101.8
  185 184.5 1.2205 0.000529729 -16569.8 -17070.1 -16205.3
  186 185.5 1.2103 0.000525302 -16706 -16947.2 -16423.6
  187 186.5 1.21428 0.000527031 -16508.8 -17089.7 -16352.1
  188 187.5 1.20992 0.000525139 -16420.7 -16906.7 -16379.1
  189 188.5 1.2045 0.000522788 -16723.2 -16886 -16465.1
  190 189.5 1.20654 0.00052367 -16638.1 -16679 -16316.2
  191 190.5 1.1953 0.000518792 -16496.1 -16689.2 -16490.5
  192 191.5 1.19279 0.000517705 -16554.4 -16619.2 -16679.6
  193 192.5 1.19987 0.000520778 -16662.5 -17057.4 -16431.2
  194 193.5 1.20846 0.000524503 -16750.7 -17139.4 -16375.4
  195 194.5 1.19475 0.000518556 -16675.5 -16945.8 -16660.6
  196 195.5 1.20015 0.000520899 -16404.4 -16920.8 -16452
  197 196.5 1.19252 0.000517587 -16657.7 -17186.7 -16619
  198 197.5 1.19399 0.000518226 -16741.5 -16749.5 -16504.4
  199 198.5 1.18166 0.000512875 -16925.7 -16849.2 -16851.2
  200 199.5 1.17778 0.000511191 -16564.4 -16846.4 -16675.5
  201 200.5 1.17302 0.000509122 -16484.2 -17097 -16888.9
  202 201.5 1.17802 0.000511295 -16335.6 -17144.8 -16769.2
  203 202.5 1.1799 0.000512108 -16633.2 -17435.4 -16607.5
  204 203.5 1.16734 0.00050666 -16486.1 -17571.3 -16966.8
  205 204.5 1.18067 0.000512444 -16622.2 -16820.2 -16624.3
  206 205.5 1.18674 0.000515076 -16556.1 -16685.3 -16575
  207 206.5 1.18434 0.000514038 -16409.3 -17075.4 -16513.1
  208 207.5 1.18924 0.000516163 -16116 -16977 -16394.7
  209 208.5 1.20289 0.000522087 -16218.8 -16905.8 -16288.9
  210 209.5 1.2136 0.000526736 -15885.4 -16473.2 -15781.4
  211 210.5 1.2221 0.000530427 -15889.6 -16388.7 -15656.8
  212 211.5 1.23325 0.000535264 -16049.1 -16190.9 -15314.2
  213 212.5 1.27396 0.000552934 -15460.8 -16110.2 -14516.5
  214 213.5 1.30727 0.000567392 -15216.2 -15552.9 -13848.6
  215 214.5 1.39058 0.000603549 -15253.1 -15113.8 -12293
  216 215.5 1.4731 0.000639368 -14537.4 -14341.6 -11332.4
  217 216.5 1.60966 0.000698635 -14017.5 -13367.7 -9154.88
  218 217.5 1.83639 0.000797045 -12564.3 -12309 -6559.42
  219 218.5 2.15036 0.000933316 -10924 -10607 -4220.08
  220 219.5 2.6249 0.00113928 -9058.8 -9217.17 -1510.37
  221 220.5 3.33699 0.00144835 -6679.11 -6633.82 1293.83
  222 221.5 4.35594 0.0018906 -4277.49 -3986.61 3702.35
  223 222.5 5.84187 0.00253553 -1106.3 -1221.59 6119.29
  224 223.5 7.95872 0.00345431 2148.87 2134.29 8081.99
  225 224.5 10.8879 0.00472565 6355.49 6490.27 10012.8
  226 225.5 14.5835 0.00632966 11119.7 11129.6 10950
  227 226.5 18.983 0.00823914 15547.4 15500.4 11192.2
  228 227.5 23.5814 0.010235 18842.3 19040.7 9811.75
  229 228.5 27.9054 0.0121117 20395.5 20612.9 7110.27
  230 229.5 31.0112 0.0134597 20024.4 20114.8 3581.96
  231 230.5 33.3179 0.0144609 17797.3 17733.4 -235.67
  232 231.5 34.808 0.0151076 14415.8 14403.5 -3447.88
  233 232.5 35.9231 0.0155916 10955.3 10920.6 -5177.47
  234 233.5 36.5314 0.0158556 7859.56 8067.21 -5541.22
  235 234.5 36.9104 0.0160202 5697.52 5641.65 -5291.55
  236 235.5 37.2812 0.0161811 3625.18 3635.38 -5028.16
  237 236.5 37.4443 0.0162519 2475.86 2372.38 -4044.67
  238 237.5 37.6207 0.0163284 1447.08 1452.47 -3350.09
  239 238.5 37.6849 0.0163563 1142.46 990.215 -2832.41
  240 239.5 37.7122 0.0163682 631.428 545.313 -2359.5
  241 240.5 37.7911 0.0164024 94.671 33.4033 -1919.51
  242 241.5 37.8161 0.0164132 -108.449 -183.169 -1558.67
  243 242.5 37.8927 0.0164465 -194.549 -146.215 -1443.37
  244 243.5 37.8369 0.0164223 -218.846 -396.917 -1014.69
  245 244.5 37.8503 0.0164281 -433.198 -567.475 -984.835
  246 245.5 37.9691 0.0164797 -128.045 -517.67 -749.987
  247 246.5 37.8347 0.0164213 -402.658 -486.36 -892.753
  248 247.5 37.8307 0.0164196 -382.307 -533.623 -510.008
  249 248.5 37.9559 0.0164739 -529.947 -390.784 -717.012
  250 249.5 37.9092 0.0164537 -417.886 -439.095 -602.674
  251 250.5 37.8546 0.0164299 -470.541 -171.463 -360.381
  252 251.5 37.8753 0.0164389 -541.002 -388.294 -663.611
  253 252.5 37.9626 0.0164768 -406.1 -686.327 -676.651
  254 253.5 37.8499 0.0164279 -423.419 -627.773 -331.031
  255 254.5 37.9152 0.0164562 -633.201 -656.67 -499.814
  256 255.5 37.9508 0.0164717 -750.759 -660.149 -718.509
  257 256.5 37.8712 0.0164372 -498.855 -514.733 -491.945
  258 257.5 37.8802 0.0164411 -611.796 -760.814 -379.748
  259 258.5 37.9908 0.0164891 -348.031 -561.169 -553.796
  260 259.5 37.8258 0.0164175 -569.126 -930.501 -571.613
  261 260.5 37.8987 0.0164491 -571.947 -773.874 -423.097
  262 261.5 37.9384 0.0164663 -892.324 -1070.44 -531.69
  263 262.5 37.9698 0.01648 -570.253 -690.728 -442.501
  264 263.5 37.7701 0.0163933 -667.385 -812.583 -667.342
  265 264.5 37.9452 0.0164693 -512.74 -500.804 -462.015
  266 265.5 37.9637 0.0164773 -471.043 -398.793 -422.421
  267 266.5 37.8706 0.0164369 -499.253 -494.37 -416.572
  268 267.5 37.8378 0.0164226 -421.367 -615.909 -595.611
  269 268.5 37.9583 0.0164749 -569.008 -594.065 -658.339
  270 269.5 37.8872 0.0164441 -372.343 -677.959 -380.242
  271 270.5 37.8752 0.0164389 -664.301 -676.646 -585.417
  272 271.5 37.8591 0.0164319 -615.582 -402.052 -523.697
  273 272.5 37.9489 0.0164709 -780.337 -626.771 -396.695
  274 273.5 37.9126 0.0164551 -616.681 -563.736 -648.315
  275 274.5 37.8754 0.016439 -470.992 -475.119 -381.935
  276 275.5 37.8916 0.016446 -268.768 -250.584 -538.041
  277 276.5 37.9208 0.0164587 -258.503 -319.024 -459.207
  278 277.5 37.8138 0.0164122 -217.014 -589.749 -528.053
  279 278.5 37.8999 0.0164496 -375.42 -548.522 -469.208
  280 279.5 37.9224 0.0164594 -469.151 -568.045 -552.317
  281 280.5 37.847 0.0164267 -592.744 -674.086 -475.125
  282 281.5 37.8758 0.0164391 -697.311 -740.482 -505.253
  283 282.5 37.9202 0.0164584 -423.437 -408.692 -601.506
  284 283.5 37.8327 0.0164204 -669.076 -497.533 -477.513
  285 284.5 37.8449 0.0164257 -660.143 -408.285 -417.226
  286 285.5 37.9595 0.0164755 -728.966 -489.16 -474.523
  287 286.5 37.9061 0.0164523 -557.262 -546.865 -574.781
  288 287.5 37.8394 0.0164234 -503.958 -444.518 -479.256
  289 288.5 37.8653 0.0164346 -388.666 -393.939 -540.001
  290 289.5 37.9203 0.0164585 -252.442 -394.46 -516.943
  291 290.5 37.8289 0.0164188 -483.323 -610.438 -482.18
  292 291.5 37.8901 0.0164454 -470.69 -255.461 -485.319
  293 292.5 37.9018 0.0164504 -500.402 -560.89 -658.924
  294 293.5 37.8684 0.0164359 -492.369 -530.425 -385.347
  295 294.5 37.8961 0.016448 -574.798 -654.806 -427.785
  296 295.5 37.9309 0.016463 -612.844 -576.416 -521.54
  297 296.5 37.83 0.0164193 -294.699 -561.161 -489.618
  298 297.5 37.8445 0.0164256 -564.769 -505.497 -611.567
  299 298.5 37.9467 0.0164699 -439.82 -390.332 -575.838
  300 299.5 37.8567 0.0164309 -329.771 -304.254 -369.102
  301 300.5 37.8475 0.0164269 -452.07 -416.916 -403.278
  302 301.5 37.9072 0.0164528 -526.029 -477.183 -521.105
  303 302.5 37.9104 0.0164542 -440.386 -375.526 -569.991
  304 303.5 37.822 0.0164158 -441.869 -540.278 -471.035
  305 304.5 37.8778 0.01644 -310.353 -334.338 -512.313
  306 305.5 37.9477 0.0164704 -278.077 -519 -600.625
  307 306.5 37.8221 0.0164158 -287.831 -500.865 -506.831
  308 307.5 37.8555 0.0164303 -462.243 -700.246 -416.059
  309 308.5 37.9704 0.0164802 -526.19 -468.452 -566.173
  310 309.5 37.8517 0.0164287 -510.094 -662.518 -536.411
  311 310.5 37.799 0.0164058 -597.528 -502.12 -439.464
  312 311.5 38.013 0.0164987 -564.92 -523.586 -529.77
  313 312.5 37.9036 0.0164512 -423.272 -449.905 -477.113
  314 313.5 37.8075 0.0164095 -492.923 -517.506 -459.86
  315 314.5 37.9086 0.0164534 -402.374 -563.882 -551.567
  316 315.5 37.9775 0.0164833 -125.123 -304.679 -482.628
  317 316.5 37.7742 0.016395 -484.647 -635.37 -534.314
  318 317.5 37.8672 0.0164354 -505.739 -790.548 -487.117
  319 318.5 38.0074 0.0164963 -519.287 -720.356 -535.916
  320 319.5 37.8379 0.0164227 -650.456 -621.219 -529.178
  321 320.5 37.769 0.0163928 -536.09 -640.256 -416.21
  322 321.5 38.0165 0.0165002 -572.93 -509.112 -635.232
  323 322.5 37.9501 0.0164714 -618.895 -581.282 -398.416
  324 323.5 37.7263 0.0163743 -634.884 -767.404 -411.52
  325 324.5 37.9351 0.0164649 -515.165 -592.18 -659.623
  326 325.5 37.8981 0.0164488 -331.439 -692.848 -576.841
  327 326.5 37.8678 0.0164357 -388.31 -564.034 -300.56
  328 327.5 37.8236 0.0164165 -575.804 -450.149 -494.341
  329 328.5 37.9445 0.016469 -420.479 -470.403 -658.592
  330 329.5 37.8777 0.01644 -732.264 -610.857 -384.996
  331 330.5 37.8592 0.0164319 -775.378 -528.372 -396.663
  332 331.5 37.9287 0.0164621 -638.072 -508.071 -526.798
  333 332.5 37.8516 0.0164286 -740.549 -420.062 -734.634
  334 333.5 37.9027 0.0164508 -664.815 -382.202 -396.694
  335 334.5 37.8581 0.0164315 -566.765 -622.096 -488.721
  336 335.5 37.9428 0.0164682 -602.378 -685.41 -542.32
  337 336.5 37.8275 0.0164182 -696.535 -615.57 -530.856
  338 337.5 37.9071 0.0164527 -636.437 -527.545 -459.214
  339 338.5 37.8829 0.0164422 -577.718 -681.646 -504.072
  340 339.5 37.893 0.0164466 -547.894 -401.277 -422.385
  341 340.5 37.8403 0.0164237 -337.004 -486.04 -591.911
  342 341.5 37.8974 0.0164485 -557.839 -639.644 -489.487
  343 342.5 37.8832 0.0164423 -573.794 -932.933 -492.88
  344 343.5 37.9052 0.0164519 -796.978 -814.774 -622.872
  345 344.5 37.8299 0.0164192 -674.618 -592.224 -452.268
  346 345.5 37.9103 0.0164541 -961.298 -775.621 -510.706
  347 346.5 37.9165 0.0164568 -662.555 -806.302 -537.661
  348 347.5 37.857 0.016431 -398.334 -621.952 -470.603
  349 348.5 37.8575 0.0164312 -298.449 -490.789 -493.385
  350 349.5 37.9165 0.0164568 -309.341 -505.072 -479.026
  351 350.5 37.8959 0.0164479 -664.361 -606.511 -449.031
  352 351.5 37.8395 0.0164234 -425.968 -529.619 -617.585
  353 352.5 37.867 0.0164353 -749.56 -683.536 -513.63
  354 353.5 37.9137 0.0164556 -835.013 -807.833 -572.606
  355 354.5 37.9169 0.016457 -767.989 -724.681 -354.001
  356 355.5 37.8567 0.0164309 -733.112 -625.532 -612.765
  357 356.5 37.8208 0.0164153 -719.604 -725.853 -611.849
  358 357.5 37.9068 0.0164526 -625.801 -578.694 -340.733
  359 358.5 37.9343 0.0164646 -828.849 -645.663 -665.774
  360 359.5 37.8296 0.0164191 -508.216 -418.541 -379.213
  361 360.5 37.8093 0.0164103 -733.135 -558.993 -614.313
  362 361.5 37.9412 0.0164675 -686.5 -415.593 -594.393
  363 362.5 37.8656 0.0164347 -638.03 -433.79 -448.664
  364 363.5 37.8594 0.016432 -505.329 -335.295 -455.3
  365 364.5 37.8354 0.0164216 -371.388 -476.877 -541.45
  366 365.5 37.9557 0.0164738 -512.115 -603.613 -727.488
  367 366.5 37.8155 0.016413 -510.908 -373.306 -525.148
  368 367.5 37.8503 0.0164281 -592.981 -601.405 -512.71
  369 368.5 37.9256 0.0164608 -542.095 -444.722 -867.696
  370 369.5 37.8384 0.0164229 -370.979 -450.222 -792.65
  371 370.5 37.7988 0.0164057 -125.35 -126.817 -934.153
  372 371.5 37.8536 0.0164295 -41.1699 -317.113 -1083.17
  373 372.5 37.8613 0.0164328 155.76 -1.7172 -1069.22
  374 373.5 37.794 0.0164036 131.67 47.1009 -1430.96
  375 374.5 37.7763 0.016396 342.668 310.453 -1833.13
  376 375.5 37.7421 0.0163811 372.14 508.077 -1914.74
  377 376.5 37.7002 0.0163629 890.99 927.265 -2421.13
  378 377.5 37.586 0.0163134 1536.46 1427.01 -2919.67
  379 378.5 37.4096 0.0162368 2323.58 2460.74 -3433.95
  380 379.5 37.2708 0.0161766 3555.48 3460.07 -3861.38
  381 380.5 37.0929 0.0160994 5109.11 5036.93 -4085.35
  382 381.5 36.555 0.0158659 7097.97 7236.71 -3595.47
  383 382.5 36.0249 0.0156358 9310.02 9420.5 -2453.12
  384 383.5 35.2686 0.0153076 11853.3 12041.7 14.4375
  385 384.5 33.9941 0.0147544 13314.4 13372.8 2759.19
  386 385.5 32.5447 0.0141253 13340.7 13290 5148.79
  387 386.5 31.0675 0.0134841 11252 11309.2 6267.78
  388 387.5 29.8365 0.0129499 7901.65 7975.25 5938.46
  389 388.5 29.1275 0.0126422 5045.91 5166.59 4674.38
  390 389.5 29.1109 0.012635 3400.91 3419.77 2983.52
  391 390.5 29.5144 0.0128101 2623.18 2683.01 1830.97
  392 391.5 29.9186 0.0129855 1970.17 2200.85 627.776
  393 392.5 30.259 0.0131332 1613.95 1835.43 -344.467
  394 393.5 30.6672 0.0133104 1194.77 1279.21 -1046.52
  395 394.5 30.9115 0.0134165 985.02 980.472 -1033.46
  396 395.5 31.0914 0.0134945 512.826 393.381 -1305.56
  397 396.5 31.2199 0.0135503 265.306 245.877 -1253.91
  398 397.5 31.3323 0.0135991 -58.3881 -94.191 -1315.35
  399 398.5 31.4935 0.0136691 -218.907 -133.632 -1105.9
  400 399.5 31.4812 0.0136637 -213.357 -219.432 -1025.39
  401 400.5 31.4539 0.0136519 -296.539 -361.72 -978.937
  402 401.5 31.6137 0.0137212 -382.49 -435.065 -907.016
  403 402.5 31.5766 0.0137051 -481.87 -472.921 -927.584
  404 403.5 31.5755 0.0137046 -596.749 -419.781 -756.031
  405 404.5 31.6116 0.0137203 -659.929 -556.121 -714.019
  406 405.5 31.6439 0.0137343 -807.713 -589.437 -722.021
  407 406.5 31.5996 0.0137151 -727.637 -426.968 -778.185
  408 407.5 31.6009 0.0137157 -586.029 -524.609 -668.161
  409 408.5 31.6811 0.0137505 -504.48 -396.416 -649.864
  410 409.5 31.6655 0.0137437 -563.719 -480.621 -671.224
  411 410.5 31.5824 0.0137076 -534.206 -577.357 -506.062
  412 411.5 31.6628 0.0137426 -457.747 -583.347 -606.683
  413 412.5 31.7174 0.0137663 -631.877 -681.078 -914.214
  414 413.5 31.6182 0.0137232 -628.838 -546.332 -499.879
  415 414.5 31.6322 0.0137293 -599.962 -605.328 -590.982
  416 415.5 31.769 0.0137886 -747.393 -658.331 -722.92
  417 416.5 31.6926 0.0137555 -583.582 -509.804 -511.38
  418 417.5 31.6288 0.0137278 -707.921 -754.168 -675.762
  419 418.5 31.6811 0.0137505 -604.676 -459.697 -649.289
  420 419.5 31.7335 0.0137732 -430.179 -550.928 -583.524
  421 420.5 31.6685 0.013745 -438.143 -452.39 -540.851
  422 421.5 31.6364 0.0137311 -394.873 -646.395 -709.601
  423 422.5 31.6968 0.0137573 -535.896 -591.369 -647.538
  424 423.5 31.6758 0.0137482 -549.634 -599.113 -579.788
  425 424.5 31.7163 0.0137658 -533.445 -605.551 -483.746
  426 425.5 31.7065 0.0137615 -604.029 -677.918 -809.943
  427 426.5 31.6052 0.0137175 -498.917 -610.665 -550.71
  428 427.5 31.7338 0.0137733 -589.829 -575.311 -600.882
  429 428.5 31.7071 0.0137618 -583.533 -506.618 -630.081
  430 429.5 31.6467 0.0137355 -568.496 -459.095 -588.256
  431 430.5 31.6039 0.013717 -674.178 -479.086 -662.278
  432 431.5 31.7643 0.0137866 -555.181 -764.093 -622.525
  433 432.5 31.6207 0.0137243 -457.865 -719.407 -536.587
  434 433.5 31.6092 0.0137193 -703.023 -670.547 -634.058
  435 434.5 31.6927 0.0137555 -372.733 -691.562 -700.5
  436 435.5 31.7378 0.0137751 -580.859 -516.992 -584.821
  437 436.5 31.5912 0.0137115 -557.995 -613.505 -577.087
  438 437.5 31.6836 0.0137515 -664.188 -559.932 -648.001
  439 438.5 31.6739 0.0137473 -674.518 -517.694 -700.878
  440 439.5 31.6239 0.0137257 -460.584 -552.822 -535.585
  441 440.5 31.6172 0.0137228 -432.931 -511.766 -560.812
  442 441.5 31.6754 0.013748 -363.668 -554.939 -646.811
  443 442.5 31.6196 0.0137238 -505.692 -670.337 -672.451
  444 443.5 31.6448 0.0137347 -512.249 -620.782 -545.764
  445 444.5 31.6677 0.0137447 -644.673 -628.414 -673.39
  446 445.5 31.7102 0.0137631 -715.933 -600.724 -601.309
  447 446.5 31.5831 0.013708 -600.193 -710.277 -562.018
  448 447.5 31.6113 0.0137202 -585.259 -565.597 -662.88
  449 448.5 31.7317 0.0137724 -766.647 -766.627 -609.304
  450 449.5 31.6039 0.013717 -692.231 -675.619 -672.104
  451 450.5 31.6095 0.0137194 -598.451 -678.639 -610.666
  452 451.5 31.6589 0.0137408 -507.826 -653.079 -519.671
  453 452.5 31.5896 0.0137107 -518.69 -666.985 -673.31
  454 453.5 31.6328 0.0137295 -691.067 -677.617 -608.983
  455 454.5 31.6495 0.0137368 -437.332 -371.105 -599.539
  456 455.5 31.6304 0.0137285 -433.23 -565.38 -606.494
  457 456.5 31.582 0.0137075 -601.622 -429.292 -538.448
  458 457.5 31.6356 0.0137307 -593.026 -544.067 -683.445
  459 458.5 31.649 0.0137366 -611.823 -711.4 -651.51
  460 459.5 31.6528 0.0137382 -570.131 -596.449 -485.825
  461 460.5 31.5944 0.0137128 -591.171 -608.766 -664.335
  462 461.5 31.6754 0.013748 -663.887 -620.443 -656.182
  463 462.5 31.6259 0.0137265 -559.161 -636.621 -539.336
  464 463.5 31.6581 0.0137405 -670.561 -715.856 -667.904
  465 464.5 31.6817 0.0137507 -657.966 -643.484 -590.504
  466 465.5 31.6367 0.0137312 -566.193 -619.784 -695.272
  467 466.5 31.6493 0.0137367 -644.913 -689.728 -587.86
  468 467.5 31.6522 0.0137379 -497.444 -662.677 -643.097
  469 468.5 31.6258 0.0137265 -558.899 -620.181 -582.695
  470 469.5 31.7211 0.0137678 -737.906 -745.89 -613.716
  471 470.5 31.6821 0.0137509 -637.658 -675.387 -645.497
  472 471.5 31.6225 0.0137251 -678.311 -565.733 -660.21
  473 472.5 31.6321 0.0137292 -645.874 -616.875 -627.72
  474 473.5 31.7282 0.0137709 -643.228 -492.353 -569.749
  475 474.5 31.6728 0.0137469 -701.197 -753.152 -656.716
  476 475.5 31.6328 0.0137295 -582.838 -487.136 -626.972
  477 476.5 31.6498 0.0137369 -687.337 -592.832 -633.055
  478 477.5 31.6429 0.0137339 -525.132 -530.747 -585.927
  479 478.5 31.7304 0.0137719 -693.347 -644.603 -568.528
  480 479.5 31.6369 0.0137313 -558.967 -438.077 -585.997
60000000 480 11348.00000000001
  1 0.5 31.6197 0.0137238 -675.425 -630.376 -771.394
  2 1.5 31.6368 0.0137312 -390.226 -503.525 -490.428
  3 2.5 31.659 0.0137409 -519.139 -594.217 -542.981
  4 3.5 31.5997 0.0137151 -636.409 -813.722 -701.296
  5 4.5 31.6306 0.0137286 -663.357 -616.847 -561.546
  6 5.5 31.5981 0.0137144 -551.97 -566.041 -672.372
  7 6.5 31.6727 0.0137468 -202.977 -635.059 -527.051
  8 7.5 31.6618 0.0137421 -442.982 -465.267 -577.438
  9 8.5 31.5815 0.0137072 -430.289 -578.524 -611.993
  10 9.5 31.645 0.0137348 -703.73 -742.998 -599.85
  11 10.5 31.6674 0.0137445 -640.781 -708.986 -612.866
  12 11.5 31.6767 0.0137486 -502.831 -595.913 -571.201
  13 12.5 31.5547 0.0136956 -437.561 -660.888 -720.28
  14 13.5 31.6693 0.0137454 -453.462 -586.739 -580.569
  15 14.5 31.7141 0.0137648 -424.322 -410.997 -535.361
  16 15.5 31.5969 0.0137139 -404.52 -490.82 -595.917
  17 16.5 31.6338 0.01373 -520.434 -598.456 -521.063
  18 17.5 31.6437 0.0137342 -676.607 -661.944 -771.67
  19 18.5 31.6467 0.0137356 -634.855 -828.567 -663.042
  20 19.5 31.6744 0.0137476 -500.194 -498.812 -513.118
  21 20.5 31.6344 0.0137302 -753.691 -667.953 -580.747
  22 21.5 31.6582 0.0137406 -651.491 -691.514 -662.778
  23 22.5 31.6785 0.0137493 -679.29 -708.737 -637.658
  24 23.5 31.5821 0.0137075 -649.083 -696.17 -507.966
  25 24.5 31.6156 0.0137221 -529.319 -538.478 -617.624
  26 25.5 31.6857 0.0137525 -595.633 -677.332 -570.389
  27 26.5 31.58 0.0137066 -641.744 -747.339 -587.395
  28 27.5 31.5946 0.013713 -521.684 -612.6 -710.891
  29 28.5 31.6567 0.0137399 -473.865 -556.655 -655.663
  30 29.5 31.6528 0.0137382 -568.143 -544.179 -482.065
  31 30.5 31.6041 0.0137171 -723.458 -463.272 -549.091
  32 31.5 31.6466 0.0137355 -623.173 -464.793 -722.963
  33 32.5 31.6756 0.0137481 -451.436 -558.552 -549.462
  34 33.5 31.6012 0.0137158 -508.926 -542.738 -584.557
  35 34.5 31.6366 0.0137312 -371.349 -493.836 -520.938
  36 35.5 31.642 0.0137335 -661.698 -736.207 -761.939
  37 36.5 31.6476 0.0137359 -542.242 -646.28 -642.468
  38 37.5 31.5891 0.0137105 -629.776 -686.241 -596.203
  39 38.5 31.6918 0.0137551 -754.139 -621.271 -481.418
  40 39.5 31.6553 0.0137393 -667.202 -767.156 -608.855
  41 40.5 31.6847 0.013752 -626.433 -571.47 -643.817
  42 41.5 31.6212 0.0137245 -781.448 -764.415 -701.193
  43 42.5 31.6494 0.0137367 -623.658 -631.247 -608.389
  44 43.5 31.6567 0.0137399 -570.848 -451.659 -697.581
  45 44.5 31.6771 0.0137487 -446.135 -515.515 -580.713
  46 45.5 31.6188 0.0137235 -597.243 -478.704 -679.722
  47 46.5 31.6142 0.0137215 -646.503 -631.163 -686.982
  48 47.5 31.6856 0.0137524 -462.628 -665.933 -712.141
  49 48.5 31.6435 0.0137342 -547.352 -554.847 -724.563
  50 49.5 31.5777 0.0137056 -463.178 -457.814 -834.599
  51 50.5 31.5478 0.0136926 -375.954 -355.652 -969.922
  52 51.5 31.6451 0.0137349 -252.063 -379.63 -947.576
  53 52.5 31.4814 0.0136638 -258.717 -167.28 -954.488
  54 53.5 31.4953 0.0136698 -164.307 -206.345 -1238.77
  55 54.5 31.4678 0.0136579 -167.831 -80.6087 -1345.79
  56 55.5 31.3364 0.0136009 126.102 172.244 -1526.89
  57 56.5 31.2848 0.0135785 176.937 314.074 -1679.44
  58 57.5 31.0567 0.0134795 468.237 710.565 -1885.87
  59 58.5 30.9472 0.0134319 845.676 881.667 -2103.72
  60 59.5 30.7133 0.0133304 1374.44 1454.55 -2390.75
  61 60.5 30.3038 0.0131527 1971.22 1930.24 -2510.56
  62 61.5 29.7392 0.0129077 2502.59 2578.13 -2507.2
  63 62.5 29.1998 0.0126735 3381.76 3458.42 -2526.21
  64 63.5 28.2363 0.0122553 4085.04 4315.21 -2274.89
  65 64.5 26.9644 0.0117033 4872.97 4943.99 -1830.66
  66 65.5 25.4827 0.0110602 5503.01 5547.13 -968.301
  67 66.5 23.5555 0.0102237 5880.29 6097.89 -120.623
  68 67.5 21.2007 0.00920167 6224.64 6218.94 1059.68
  69 68.5 18.5109 0.00803424 5871.79 6016.27 2102.72
  70 69.5 15.7225 0.00682401 5307.96 5269.67 3187.31
  71 70.5 12.9708 0.0056297 4288.9 4108.22 4139.12
  72 71.5 10.3068 0.00447345 2861.32 2762.5 4816.81
  73 72.5 7.98726 0.00346669 1187.71 1244.4 4850.61
  74 73.5 6.09331 0.00264467 -1113.71 -911.366 4405.76
  75 74.5 4.66119 0.00202309 -3542.68 -3312.33 3547.91
  76 75.5 3.55798 0.00154426 -5873 -5692.36 1831.83
  77 76.5 2.76502 0.00120009 -8198.9 -7844.36 -640.254
  78 77.5 2.23288 0.000969132 -9932.34 -9861.39 -3279.04
  79 78.5 1.88625 0.000818684 -12029.7 -11761.4 -6019.11
  80 79.5 1.65902 0.000720062 -13317.8 -12929.8 -8328.74
  81 80.5 1.50849 0.000654726 -14329.4 -13770.8 -10184.7
  82 81.5 1.40786 0.000611052 -14940.8 -14478.5 -11801
  83 82.5 1.32723 0.000576056 -15347.1 -15327.8 -13209.9
  84 83.5 1.26801 0.000550351 -15719.9 -15825.7 -14250.1
  85 84.5 1.25075 0.000542861 -15818 -16170.4 -14764.6
  86 85.5 1.21901 0.000529083 -15986 -16420.4 -15283.2
  87 86.5 1.2035 0.000522351 -15847.7 -16463 -15666.4
  88 87.5 1.2046 0.00052283 -15729.4 -16341.8 -15746.7
  89 88.5 1.18477 0.000514222 -16204.9 -16105.7 -16253.4
  90 89.5 1.18439 0.000514059 -16267.2 -16108.8 -16272.2
  91 90.5 1.18591 0.000514719 -16328.9 -16369.8 -16256.8
  92 91.5 1.18126 0.000512698 -16903.1 -16497.4 -16232.2
  93 92.5 1.18567 0.000514615 -16941.5 -16472.8 -16282.7
  94 93.5 1.16574 0.000505962 -16879.5 -16698.3 -16658.3
  95 94.5 1.17805 0.000511306 -16835.1 -16470.5 -16353.1
  96 95.5 1.17155 0.000508486 -16698.5 -16855.3 -16619.4
  97 96.5 1.17311 0.000509163 -16607 -16793.9 -16599.4
  98 97.5 1.18487 0.000514267 -16728.2 -16145.8 -16343.8
  99 98.5 1.17458 0.000509799 -16524.1 -16334.9 -16425.3
  100 99.5 1.18031 0.000512288 -16154.4 -16476.6 -16407.1
  101 100.5 1.19221 0.000517451 -16619 -16620.4 -16239.2
  102 101.5 1.19713 0.000519587 -16809.5 -16612.2 -16295.3
  103 102.5 1.20067 0.000521125 -16965.4 -16455 -16200.1
  104 103.5 1.19066 0.000516781 -16828.2 -16554.7 -16364.7
  105 104.5 1.17919 0.000511802 -16868.1 -16671.4 -16333.2
  106 105.5 1.18644 0.000514948 -16243.5 -16427.5 -16376.8
  107 106.5 1.18452 0.000514115 -16609.8 -16846.8 -16497.4
  108 107.5 1.18562 0.00051459 -16858.4 -16587.9 -16362
  109 108.5 1.1633 0.000504903 -17048.8 -16426.9 -16610.7
  110 109.5 1.16125 0.000504014 -17210.3 -16854.1 -16741.3
  111 110.5 1.15317 0.000500507 -16789.6 -17178.4 -16850.6
  112 111.5 1.15764 0.000502448 -16787.2 -16930.7 -16773.2
  113 112.5 1.14267 0.000495951 -16779.9 -16690.7 -16931.9
  114 113.5 1.14905 0.000498719 -17022.9 -17024.8 -16923.3
  115 114.5 1.15238 0.000500163 -16974.5 -16948.2 -16795
  116 115.5 1.14168 0.000495521 -16939.9 -16628 -16906.2
  117 116.5 1.14926 0.000498813 -17227.6 -16671.6 -16969.7
  118 117.5 1.15622 0.000501833 -16866.2 -16732.4 -16745.2
  119 118.5 1.16401 0.000505212 -16729 -16752.7 -16664.3
  120 119.5 1.1655 0.000505861 -16904 -16722 -16663.2
  121 120.5 1.15445 0.000501062 -17046.2 -16853.5 -16849.2
  122 121.5 1.16778 0.000506847 -16606 -16953.7 -16657.1
  123 122.5 1.17278 0.000509021 -16038.1 -16658.2 -16459
  124 123.5 1.18188 0.000512969 -16396 -16990.6 -16484.1
  125 124.5 1.16557 0.000505889 -16619.4 -16665.2 -16643.2
  126 125.5 1.17785 0.000511219 -16644.4 -16883.6 -16409.8
  127 126.5 1.17319 0.000509198 -17115.7 -16343.7 -16513.2
  128 127.5 1.17758 0.000511101 -16350.9 -16683.5 -16549.8
  129 128.5 1.18895 0.000516038 -15957.5 -16866.4 -16443.1
  130 129.5 1.20026 0.000520944 -16393.8 -16916.6 -16076
  131 130.5 1.18557 0.000514569 -16443.6 -16679.5 -16418.4
  132 131.5 1.1935 0.00051801 -16334.5 -16939.5 -16277.4
  133 132.5 1.18208 0.000513056 -16208.8 -16695.7 -16413.7
  134 133.5 1.18483 0.00051425 -16300 -16948.7 -16332.4
  135 134.5 1.17622 0.00051051 -16298.8 -17172.6 -16399.8
  136 135.5 1.17567 0.000510274 -16094.5 -17364.2 -16699
  137 136.5 1.17181 0.000508597 -16263.9 -17392.1 -16634.3
  138 137.5 1.18381 0.000513806 -16357.7 -17199.7 -16370.4
  139 138.5 1.18583 0.000514684 -16722.4 -17315.2 -16316.1
  140 139.5 1.17202 0.000508688 -16976.3 -17229.4 -16608.2
  141 140.5 1.16608 0.000506111 -17253.2 -17147.8 -16675.3
  142 141.5 1.16301 0.000504778 -16792.7 -16631.2 -16755.4
  143 142.5 1.157 0.00050217 -16733.5 -16679.3 -16707
  144 143.5 1.14005 0.000494813 -16846.5 -16640.2 -17051.6
  145 144.5 1.15487 0.000501247 -16549.3 -16881.3 -16768.1
  146 145.5 1.15346 0.000500632 -16397.2 -16735.5 -16776.3
  147 146.5 1.14286 0.000496035 -16472.2 -16916.5 -17002.4
  148 147.5 1.15063 0.000499406 -16411.7 -16631.7 -16823.4
  149 148.5 1.14078 0.000495132 -16588.2 -16983.3 -16998.3
  150 149.5 1.13233 0.000491462 -16335.3 -16794.3 -17301.8
  151 150.5 1.13973 0.000494674 -16288.2 -16212.1 -16966.1
  152 151.5 1.1512 0.000499653 -16195.8 -16025.4 -16829.4
  153 152.5 1.16338 0.000504937 -16500.2 -16099 -16690.2
  154 153.5 1.14933 0.00049884 -16508.9 -16058 -16907.4
  155 154.5 1.15029 0.000499257 -16379 -16347.3 -16777.7
  156 155.5 1.15382 0.000500788 -16396.6 -16472.7 -16912.2
  157 156.5 1.16702 0.000506517 -16196.1 -16461.9 -16620.1
  158 157.5 1.15342 0.000500618 -16028.4 -16337.4 -16772.5
  159 158.5 1.1659 0.000506031 -16030.9 -16133.1 -16645.5
  160 159.5 1.16282 0.000504698 -16060.3 -16545.3 -16842.9
  161 160.5 1.16503 0.000505656 -16311.2 -16714.5 -16589.5
  162 161.5 1.16116 0.000503976 -16525.1 -16397.6 -16625.5
  163 162.5 1.16894 0.000507351 -16533.7 -16489.6 -16621
  164 163.5 1.1807 0.000512455 -16706.7 -16840.6 -16441.8
  165 164.5 1.1976 0.000519792 -16896.1 -16652.3 -16253.8
  166 165.5 1.1971 0.000519573 -16553.9 -17056.9 -16216.5
  167 166.5 1.16858 0.000507198 -16076.6 -16720.1 -16611.2
  168 167.5 1.17638 0.00051058 -16059.8 -16524.5 -16526.1
  169 168.5 1.1745 0.000509767 -15727.6 -16616.6 -16462.1
  170 169.5 1.1789 0.000511677 -16077.7 -16941.3 -16494.1
  171 170.5 1.16596 0.000506059 -16285.7 -16385.2 -16672.2
  172 171.5 1.1885 0.000515844 -16157.5 -16283.2 -16353.5
  173 172.5 1.18183 0.000512948 -16190.1 -16335.9 -16383
  174 173.5 1.18018 0.000512233 -16306.3 -16241.3 -16396.8
  175 174.5 1.17611 0.000510465 -16520.5 -16381.5 -16543.6
  176 175.5 1.17889 0.00051167 -16273.2 -16839.5 -16434.8
  177 176.5 1.19403 0.000518243 -16368 -16503 -16231.7
  178 177.5 1.17542 0.000510163 -16280.3 -16572.4 -16431.8
  179 178.5 1.18734 0.000515337 -16412.4 -16611.5 -16426.4
  180 179.5 1.179 0.000511719 -16355 -16460.7 -16497.7
  181 180.5 1.17701 0.000510854 -16803.2 -16478.7 -16514
  182 181.5 1.17895 0.000511698 -16676.4 -16658.8 -16468.9
  183 182.5 1.171 0.000508247 -17036.7 -16679.5 -16479
  184 183.5 1.1704 0.000507986 -16441.2 -16378.5 -16511.1
  185 184.5 1.17237 0.00050884 -16542 -16399.4 -16632.3
  186 185.5 1.16595 0.000506056 -16870.9 -16165.6 -16685.9
  187 186.5 1.16172 0.000504219 -16950.9 -16001.1 -16599.9
  188 187.5 1.16077 0.000503806 -16952.5 -15861.7 -16686.4
  189 188.5 1.17791 0.000511247 -16590.2 -15973.6 -16457.3
  190 189.5 1.17763 0.000511125 -16340.1 -16122.7 -16597.1
  191 190.5 1.16827 0.000507063 -16226.4 -16054 -16586.5
  192 191.5 1.16414 0.000505271 -16496.6 -16169.1 -16695.2
  193 192.5 1.18624 0.000514861 -16742.2 -16356.3 -16275.1
  194 193.5 1.16963 0.000507653 -16683.5 -16380.2 -16597.5
  195 194.5 1.16564 0.00050592 -16651.9 -16322.2 -16676.9
  196 195.5 1.15789 0.000502556 -16975.2 -16010 -16858
  197 196.5 1.18488 0.000514271 -16746.7 -15917 -16325.6
  198 197.5 1.1819 0.000512979 -16424.6 -15899 -16313.7
  199 198.5 1.17284 0.000509045 -16233.6 -16045.2 -16574.3
  200 199.5 1.16857 0.000507191 -16328.8 -16155.8 -16640.8
  201 200.5 1.15856 0.000502847 -16611.1 -16023.3 -16699.2
  202 201.5 1.15802 0.000502611 -16540.4 -16184.6 -16738.2
  203 202.5 1.17668 0.000510712 -16452.5 -16115.5 -16483.7
  204 203.5 1.17176 0.000508576 -16433.3 -16512 -16486.1
  205 204.5 1.17549 0.000510194 -16523.8 -16680.5 -16472.3
  206 205.5 1.17585 0.000510351 -16481.4 -16418.8 -16379.4
  207 206.5 1.1655 0.000505861 -16673.7 -16402.4 -16555.4
  208 207.5 1.17352 0.00050934 -16525.5 -16212 -16190
  209 208.5 1.18298 0.000513448 -16462 -16240.4 -16129.5
  210 209.5 1.18908 0.000516094 -16440.1 -16111.8 -16033.5
  211 210.5 1.19773 0.000519847 -16518.3 -16007 -15666.9
  212 211.5 1.20729 0.000523997 -16539.9 -16162.2 -15418.6
  213 212.5 1.22981 0.000533771 -16691.7 -15976.3 -14890.2
  214 213.5 1.27052 0.000551441 -16185.4 -15734 -14088.5
  215 214.5 1.31654 0.000571413 -15404.4 -15271 -12862.6
  216 215.5 1.39432 0.000605174 -14905.1 -14403.3 -11709.8
  217 216.5 1.50335 0.000652497 -14249.3 -13760.8 -9983.33
  218 217.5 1.6848 0.00073125 -13074.6 -12729.1 -7768.85
  219 218.5 1.98076 0.000859705 -11755.4 -11220.8 -4942.81
  220 219.5 2.42341 0.00105183 -9569.3 -9262.28 -1912.49
  221 220.5 3.05533 0.0013261 -7235.14 -7259.59 805.58
  222 221.5 4.00295 0.00173739 -4816.15 -4718.34 3462.3
  223 222.5 5.39275 0.0023406 -1641.18 -1583.89 5996.18
  224 223.5 7.39941 0.00321155 1650.07 1575.16 8127.32
  225 224.5 10.1294 0.00439645 5878.82 6059.05 9986.26
  226 225.5 13.778 0.00598003 10624.1 10630.5 11282.5
  227 226.5 18.1523 0.00787859 15131.2 15295.9 11496.6
  228 227.5 22.8792 0.00993021 18779.1 18743.8 10311.8
  229 228.5 27.1029 0.0117634 20520.7 20723.6 7630.4
  230 229.5 30.5148 0.0132443 20355.7 20387 4014.14
  231 230.5 33.0436 0.0143419 18271.2 18218.8 243.12
  232 231.5 34.6669 0.0150464 14894.7 14841 -2997.27
  233 232.5 35.6382 0.015468 11248.6 11466.4 -4909.22
  234 233.5 36.47 0.015829 8139.89 8165.67 -5700.03
  235 234.5 36.8743 0.0160045 5720.44 5805.22 -5396.3
  236 235.5 37.2289 0.0161584 3781.87 3966.29 -5050.93
  237 236.5 37.3459 0.0162092 2561.89 2475.73 -4180.59
  238 237.5 37.568 0.0163056 1628.24 1716.26 -3502.64
  239 238.5 37.6795 0.016354 1168.72 1287.74 -2841.31
  240 239.5 37.6774 0.016353 768.674 741.521 -2425.76
  241 240.5 37.697 0.0163616 621.424 343.539 -2045.38
  242 241.5 37.8479 0.016427 227.666 127.268 -1560.24
  243 242.5 37.8099 0.0164106 -396.504 -74.0912 -1328.58
  244 243.5 37.8602 0.0164324 -57.0694 -260.235 -1225.81
  245 244.5 37.7792 0.0163972 -217.925 -90.0141 -968.779
  246 245.5 37.8628 0.0164335 -359.625 -586.764 -686.616
  247 246.5 37.903 0.016451 -401.025 -367.861 -773.801
  248 247.5 37.8202 0.016415 -241.805 -225.847 -708.255
  249 248.5 37.7568 0.0163875 -337.66 -178.249 -846.848
  250 249.5 37.9125 0.0164551 -447.39 -243.93 -508.06
  251 250.5 37.9332 0.0164641 -290.15 -447.116 -439.46
  252 251.5 37.8135 0.0164121 -334.457 -501.749 -450.021
  253 252.5 37.8195 0.0164147 -309.937 -604.584 -603.3
  254 253.5 37.9008 0.01645 -339.976 -540.335 -523.209
  255 254.5 37.8973 0.0164485 -377.723 -566.164 -511.716
  256 255.5 37.7995 0.016406 -318.039 -464.182 -454.575
  257 256.5 37.8703 0.0164368 -388.023 -405.647 -634.806
  258 257.5 37.89 0.0164453 -483.52 -440.852 -419.196
  259 258.5 37.9146 0.016456 -584.078 -453.417 -396.617
  260 259.5 37.7835 0.0163991 -485.653 -404.397 -587.498
  261 260.5 37.8401 0.0164236 -492.205 -495.218 -576.587
  262 261.5 37.9797 0.0164843 -374.063 -452.361 -407.436
  263 262.5 37.7804 0.0163977 -378.013 -360.022 -438.343
  264 263.5 37.8422 0.0164246 -296.161 -380.232 -664.6
  265 264.5 37.8606 0.0164326 -502.011 -526.178 -625.286
  266 265.5 37.9074 0.0164529 -331.644 -349.495 -218.736
  267 266.5 37.8259 0.0164175 -402.767 -306.81 -546.078
  268 267.5 37.8418 0.0164244 -254 -382.769 -494.466
  269 268.5 37.9033 0.0164511 -289.278 -215.305 -414.443
  270 269.5 37.8884 0.0164446 -389.461 -342.189 -652.113
  271 270.5 37.8079 0.0164097 -251.839 -391.299 -448.037
  272 271.5 37.8468 0.0164266 -397.731 -368.837 -402.183
  273 272.5 37.9673 0.0164789 -396.196 -264.495 -623.448
  274 273.5 37.7668 0.0163918 -215.605 -138.589 -508.989
  275 274.5 37.8471 0.0164267 -411.073 -306.547 -460.36
  276 275.5 37.9523 0.0164724 -487.665 -520.496 -412.619
  277 276.5 37.8914 0.0164459 -557.279 -662.48 -513.001
  278 277.5 37.8184 0.0164142 -537.273 -698.89 -499.155
  279 278.5 37.875 0.0164388 -699.226 -431.596 -464.606
  280 279.5 37.9519 0.0164722 -651.662 -430.31 -551.551
  281 280.5 37.8092 0.0164102 -406.717 -276.466 -433.636
  282 281.5 37.8213 0.0164155 -390.889 -380.062 -525.311
  283 282.5 37.9255 0.0164607 -243.875 -426.172 -511.188
  284 283.5 37.8483 0.0164272 -361.637 -508.561 -529.328
  285 284.5 37.8528 0.0164292 -668.793 -493.472 -548.345
  286 285.5 37.8825 0.0164421 -571.709 -464.249 -485.765
  287 286.5 37.919 0.0164579 -329.804 -418.033 -291.235
  288 287.5 37.8603 0.0164324 -450.843 -349.039 -495.106
  289 288.5 37.8438 0.0164253 -597.624 -628.826 -727.333
  290 289.5 37.9298 0.0164626 -441.42 -465.754 -479.516
  291 290.5 37.8726 0.0164378 -567.211 -441.073 -256.934
  292 291.5 37.8823 0.016442 -656.679 -625.867 -743.187
  293 292.5 37.8309 0.0164197 -254.077 -377.35 -406.845
  294 293.5 37.8777 0.01644 -347.966 -409.83 -520.879
  295 294.5 37.9311 0.0164631 -629.533 -594.9 -531.354
  296 295.5 37.8285 0.0164186 -774.744 -581.62 -502.159
  297 296.5 37.8584 0.0164316 -432.488 -596.531 -633.932
  298 297.5 37.9168 0.016457 -492.631 -462.757 -466.471
  299 298.5 37.8649 0.0164344 -166.728 -78.5711 -188.361
  300 299.5 37.8214 0.0164155 -471.121 -613.738 -616.478
  301 300.5 37.9163 0.0164567 -657.412 -661.342 -681.711
  302 301.5 37.8154 0.0164129 -803.145 -721.839 -383.894
  303 302.5 37.9024 0.0164507 -708.036 -730.22 -483.236
  304 303.5 37.9111 0.0164545 -455.613 -583.926 -609.27
  305 304.5 37.8481 0.0164271 -668.409 -564.515 -519.173
  306 305.5 37.8096 0.0164104 -414.685 -418.328 -349.769
  307 306.5 37.9507 0.0164717 -499.927 -476.564 -528.075
  308 307.5 37.8138 0.0164122 -452.493 -493.685 -513.447
  309 308.5 37.8722 0.0164376 -310.428 -261.838 -435.492
  310 309.5 37.8369 0.0164222 -250.225 -312.872 -515.238
  311 310.5 37.858 0.0164314 -739.606 -878.356 -563.119
  312 311.5 37.8789 0.0164405 -432.115 -327.092 -283.969
  313 312.5 37.7599 0.0163888 -508.13 -406.271 -632.607
  314 313.5 37.9146 0.016456 -491.272 -252.324 -503.848
  315 314.5 37.8531 0.0164293 -591.792 -290.488 -574.538
  316 315.5 37.8462 0.0164263 -630.214 -157.793 -253.359
  317 316.5 37.7737 0.0163948 -506.477 -380.282 -558.384
  318 317.5 37.9634 0.0164772 -619.632 -566.097 -540.556
  319 318.5 37.8329 0.0164205 -536.68 -682.922 -550.516
  320 319.5 37.8406 0.0164239 -285.053 -676.915 -423.836
  321 320.5 37.8682 0.0164358 -350.233 -710.134 -431.004
  322 321.5 37.9535 0.0164729 -513.705 -777.005 -571.583
  323 322.5 37.8009 0.0164066 -437.237 -318.076 -511.827
  324 323.5 37.8324 0.0164203 -676.234 -432.531 -480.02
  325 324.5 37.9571 0.0164744 -440.976 -539.004 -555.236
  326 325.5 37.9094 0.0164537 -495.086 -641.492 -492.74
  327 326.5 37.7904 0.0164021 -680.725 -685.398 -484.474
  328 327.5 37.9045 0.0164516 -463.391 -547.878 -575.665
  329 328.5 37.9428 0.0164682 -372.557 -438.111 -359.25
  330 329.5 37.7967 0.0164048 -437.125 -515.964 -497.521
  331 330.5 37.8382 0.0164228 -549.664 -729.732 -730.057
  332 331.5 37.9247 0.0164604 -339.666 -369.443 -340.45
  333 332.5 37.8816 0.0164417 -310.618 -380.8 -367.635
  334 333.5 37.8157 0.016413 -274.695 -361.851 -575.578
  335 334.5 37.8694 0.0164364 -429.826 -422.442 -525.252
  336 335.5 37.8788 0.0164405 -385.452 -607.212 -507.598
  337 336.5 37.8861 0.0164436 -526.108 -823.154 -460.677
  338 337.5 37.8756 0.0164391 -582.162 -782.051 -507.578
  339 338.5 37.8651 0.0164345 -466.428 -496.021 -566.686
  340 339.5 37.8584 0.0164316 -525.231 -432.196 -511.13
  341 340.5 37.9316 0.0164634 -567.02 -383.492 -289.326
  342 341.5 37.7967 0.0164048 -358.234 -383.635 -531.247
  343 342.5 37.8956 0.0164477 -377.9 -407.057 -658.558
  344 343.5 37.8473 0.0164268 -481.826 -437.352 -443.173
  345 344.5 37.9218 0.0164591 -525.353 -401.349 -379.634
  346 345.5 37.8532 0.0164294 -456.222 -465.187 -394.853
  347 346.5 37.8052 0.0164085 -472.52 -568.656 -729.418
  348 347.5 37.9479 0.0164704 -585.526 -485.801 -454.71
  349 348.5 37.9029 0.0164509 -532.386 -651.297 -344.098
  350 349.5 37.8302 0.0164194 -306.979 -360.577 -555.359
  351 350.5 37.8747 0.0164387 -509.226 -409.395 -608.647
  352 351.5 37.8933 0.0164467 -624.843 -345.559 -433.672
  353 352.5 37.9487 0.0164708 -755.87 -530.27 -381.427
  354 353.5 37.859 0.0164319 -468.805 -365.601 -551.683
  355 354.5 37.8287 0.0164187 -404.115 -303.647 -568.118
  356 355.5 37.8841 0.0164427 -439.279 -398.038 -504.86
  357 356.5 37.9333 0.0164641 -504.788 -447.892 -479.16
  358 357.5 37.8537 0.0164296 -590.675 -533.305 -473.907
  359 358.5 37.8687 0.016436 -445.026 -530.075 -498.456
  360 359.5 37.9764 0.0164828 -263.055 -377.148 -471.18
  361 360.5 37.8347 0.0164213 -473.429 -254.084 -549.765
  362 361.5 37.8098 0.0164105 -617.325 -371.077 -484.223
  363 362.5 37.9682 0.0164793 -577.923 -606.53 -527.816
  364 363.5 37.892 0.0164462 -289.17 -422.534 -501.679
  365 364.5 37.7686 0.0163926 -532.368 -500.527 -615.208
  366 365.5 37.9454 0.0164693 -452.378 -418.882 -533.888
  367 366.5 37.9387 0.0164665 -460.982 -270.679 -571.922
  368 367.5 37.7771 0.0163963 -588.547 -294.087 -692.934
  369 368.5 37.8411 0.0164241 -577.495 -416.387 -652.426
  370 369.5 38.0081 0.0164966 -689.041 -620.553 -893.138
  371 370.5 37.8055 0.0164087 -594.442 -615.23 -1032.2
  372 371.5 37.7805 0.0163978 -173.969 -411.133 -861.262
  373 372.5 37.8794 0.0164407 65.1416 -35.255 -1150.07
  374 373.5 37.8981 0.0164488 -103.082 -20.5191 -1442.19
  375 374.5 37.6355 0.0163348 198.492 80.4374 -1709.59
  376 375.5 37.7751 0.0163954 359.77 724.999 -1926.08
  377 376.5 37.7853 0.0163999 795.121 649.159 -2521.63
  378 377.5 37.5267 0.0162876 1427.66 1492.65 -2770.96
  379 378.5 37.3868 0.0162269 2321.14 1994.26 -3504.45
  380 379.5 37.4064 0.0162354 3498.15 3299.58 -3755.91
  381 380.5 37.0545 0.0160827 4905.81 5110.43 -3875.13
  382 381.5 36.4581 0.0158238 7112.58 7107.63 -3553.94
  383 382.5 36.0619 0.0156519 9486.49 9649.68 -2507.4
  384 383.5 35.2721 0.0153091 12004.7 11864.9 -55.7454
  385 384.5 33.9382 0.0147301 13238.8 13436.9 2727.74
  386 385.5 32.6361 0.014165 13115.3 13203.1 5019.55
  387 386.5 31.1766 0.0135315 11089.1 11147.4 6151.4
  388 387.5 29.8955 0.0129755 8103 8046.99 5970.57
  389 388.5 29.2073 0.0126768 5059.87 5244.78 4544.1
  390 389.5 29.2764 0.0127068 3512.64 3445.54 3150.14
  391 390.5 29.5924 0.0128439 2517.23 2565.43 1881.86
  392 391.5 29.9556 0.0130016 2066.12 2185.26 761.847
  393 392.5 30.3255 0.0131621 1746.86 1841.6 -364.827
  394 393.5 30.6722 0.0133126 1322.74 1414.5 -1006.07
  395 394.5 30.9098 0.0134157 1135.91 940.582 -1135.3
  396 395.5 31.1863 0.0135357 639.93 570.036 -1207.66
  397 396.5 31.2853 0.0135787 320.371 216.414 -1201.37
  398 397.5 31.3751 0.0136177 223.309 291.983 -1229.27
  399 398.5 31.4971 0.0136706 -108.585 -119.524 -1188.52
  400 399.5 31.5195 0.0136803 -47.4964 -123.555 -1066.05
  401 400.5 31.5914 0.0137115 -153.022 -232.77 -924.766
  402 401.5 31.6873 0.0137532 -379.467 -417.268 -863.994
  403 402.5 31.6894 0.0137541 -254.773 -340.076 -771.573
  404 403.5 31.6396 0.0137325 -526.859 -473.334 -888.398
  405 404.5 31.7051 0.0137609 -418.102 -332.536 -810.182
  406 405.5 31.7046 0.0137607 -569.775 -413.704 -617.685
  407 406.5 31.7177 0.0137664 -466.832 -499.826 -695.63
  408 407.5 31.7025 0.0137598 -393.492 -495.285 -605.546
  409 408.5 31.6683 0.0137449 -562.018 -420.936 -723.652
  410 409.5 31.7431 0.0137774 -591.684 -523.664 -768.806
  411 410.5 31.6579 0.0137404 -389.57 -521.353 -615.203
  412 411.5 31.7353 0.013774 -506.697 -591.59 -441.118
  413 412.5 31.7529 0.0137816 -481.138 -629.123 -691.146
  414 413.5 31.6639 0.013743 -489.464 -563.689 -678.413
  415 414.5 31.668 0.0137448 -531.457 -625.824 -551.984
  416 415.5 31.6905 0.0137546 -513.473 -509.361 -577.947
  417 416.5 31.7175 0.0137663 -546.385 -516.798 -624.761
  418 417.5 31.7036 0.0137602 -568.57 -542.232 -500.377
  419 418.5 31.6352 0.0137306 -713.566 -663.516 -689.949
  420 419.5 31.6971 0.0137574 -614.81 -517.488 -662.588
  421 420.5 31.8028 0.0138033 -587.156 -565.219 -435.888
  422 421.5 31.6557 0.0137395 -746.572 -676.456 -698.816
  423 422.5 31.7151 0.0137652 -589.035 -563.888 -548.695
  424 423.5 31.7135 0.0137645 -550.453 -392.97 -648.129
  425 424.5 31.7464 0.0137788 -572.237 -517.3 -564.698
  426 425.5 31.6712 0.0137462 -524.209 -371.742 -592.69
  427 426.5 31.7113 0.0137636 -603.389 -642.483 -608.453
  428 427.5 31.7415 0.0137767 -652.301 -772.838 -615.731
  429 428.5 31.7035 0.0137602 -627.366 -767.361 -727.432
  430 429.5 31.7085 0.0137624 -522.131 -562.181 -483.134
  431 430.5 31.7325 0.0137728 -674.699 -599.054 -539.405
  432 431.5 31.7297 0.0137716 -588.572 -488.365 -745.021
  433 432.5 31.6867 0.0137529 -574.487 -602.97 -678.043
  434 433.5 31.7037 0.0137603 -431.295 -364.662 -440.2
  435 434.5 31.741 0.0137765 -654.434 -622.593 -589.329
  436 435.5 31.7475 0.0137793 -602.554 -628.148 -589.323
  437 436.5 31.6675 0.0137446 -588.78 -653.919 -658.11
  438 437.5 31.7106 0.0137633 -397.515 -518.629 -624.535
  439 438.5 31.7736 0.0137906 -498.595 -444.586 -542.36
  440 439.5 31.7389 0.0137756 -725.026 -457.601 -624.949
  441 440.5 31.6924 0.0137554 -671.452 -691.035 -514.901
  442 441.5 31.7002 0.0137588 -715.345 -571.167 -806.514
  443 442.5 31.7706 0.0137893 -776.027 -615.665 -574.017
  444 443.5 31.7463 0.0137788 -664.259 -565.521 -513.27
  445 444.5 31.7033 0.0137601 -771.451 -641.049 -545.064
  446 445.5 31.7453 0.0137783 -794.719 -782.856 -708.76
  447 446.5 31.7414 0.0137767 -758.313 -802.309 -596.637
  448 447.5 31.7688 0.0137885 -649.448 -701.382 -573.267
  449 448.5 31.7033 0.0137601 -764.375 -711.928 -661.033
  450 449.5 31.7462 0.0137787 -656.467 -653.429 -545.363
  451 450.5 31.7493 0.0137801 -607.245 -705.543 -615.237
  452 451.5 31.7276 0.0137707 -596.669 -613.35 -599.534
  453 452.5 31.6884 0.0137537 -533.252 -537.752 -594.609
  454 453.5 31.7091 0.0137626 -609.448 -457.517 -673.345
  455 454.5 31.753 0.0137817 -620.598 -383.842 -481.423
  456 455.5 31.7243 0.0137692 -787.66 -748.29 -647.767
  457 456.5 31.7001 0.0137587 -687.172 -580.824 -623.186
  458 457.5 31.6959 0.0137569 -528.419 -444.001 -561.278
  459 458.5 31.7306 0.0137719 -630.676 -622.526 -655.393
  460 459.5 31.6916 0.013755 -573.96 -452.771 -554.823
  461 460.5 31.6808 0.0137503 -686.681 -673.357 -675.704
  462 461.5 31.6599 0.0137413 -702.639 -523.786 -498.459
  463 462.5 31.7376 0.013775 -739.961 -660.516 -707.806
  464 463.5 31.71 0.013763 -564.917 -537.442 -567.061
  465 464.5 31.641 0.0137331 -545.875 -708.313 -579.116
  466 465.5 31.6669 0.0137443 -706.789 -885.215 -682.484
  467 466.5 31.7508 0.0137807 -608.397 -666.897 -648.589
  468 467.5 31.6968 0.0137573 -558.184 -875.31 -537.78
  469 468.5 31.6493 0.0137367 -599.326 -575.139 -582.785
  470 469.5 31.694 0.0137561 -576.767 -667.399 -664.493
  471 470.5 31.6875 0.0137532 -704.178 -602.875 -569.776
  472 471.5 31.661 0.0137418 -733.61 -707.136 -533.049
  473 472.5 31.6813 0.0137506 -557.936 -545.164 -567.056
  474 473.5 31.667 0.0137444 -579.277 -599.326 -719.173
  475 474.5 31.615 0.0137218 -596.51 -650.889 -599.677
  476 475.5 31.6555 0.0137394 -523.003 -696.118 -566.897
  477 476.5 31.6503 0.0137371 -453.581 -439.143 -568.194
  478 477.5 31.5952 0.0137132 -629.093 -598.132 -654.261
  479 478.5 31.64 0.0137326 -615.455 -447.65 -593.607
  480 479.5 31.6577 0.0137403 -510.203 -466.739 -460.948
62500000 480 11347.999999999993
  1 0.5 31.6334 0.0137298 -505.485 -416.596 -540.007
  2 1.5 31.7014 0.0137593 -607.15 -571.358 -557.509
  3 2.5 31.6845 0.013752 -628.778 -731.029 -710.158
  4 3.5 31.6759 0.0137482 -625.427 -762.504 -697.851
  5 4.5 31.6439 0.0137343 -632.665 -620.185 -670.954
  6 5.5 31.6724 0.0137467 -701.686 -455.956 -430.109
  7 6.5 31.6794 0.0137498 -742.362 -511.523 -636.861
  8 7.5 31.6555 0.0137394 -683.598 -467.593 -688.761
  9 8.5 31.6139 0.0137213 -666.292 -546.085 -696.754
  10 9.5 31.6582 0.0137405 -735.825 -717.429 -550.276
  11 10.5 31.6794 0.0137497 -715.986 -652.165 -586.234
  12 11.5 31.6602 0.0137414 -620.425 -654.527 -639.465
  13 12.5 31.6304 0.0137285 -660.946 -568.773 -719.108
  14 13.5 31.6662 0.013744 -649.801 -474.422 -566.449
  15 14.5 31.6393 0.0137323 -687.797 -520.469 -593.034
  16 15.5 31.694 0.0137561 -641.878 -719.314 -710.73
  17 16.5 31.6388 0.0137321 -526.167 -686.193 -562.923
  18 17.5 31.6995 0.0137585 -386.156 -630.904 -612.187
  19 18.5 31.6054 0.0137176 -396.61 -542.942 -690.167
  20 19.5 31.6454 0.013735 -590.788 -565.886 -634.211
  21 20.5 31.6915 0.013755 -590.96 -734.979 -594.18
  22 21.5 31.6227 0.0137251 -533.883 -791.595 -584.06
  23 22.5 31.6568 0.0137399 -662.912 -662.291 -655.652
  24 23.5 31.6308 0.0137286 -615.617 -750.128 -594.016
  25 24.5 31.6849 0.0137521 -531.345 -426.635 -669.402
  26 25.5 31.5794 0.0137063 -493.722 -436.283 -640.188
  27 26.5 31.6012 0.0137158 -676.737 -675.643 -583.787
  28 27.5 31.6827 0.0137512 -666.83 -633.632 -689.212
  29 28.5 31.653 0.0137383 -463.49 -628.607 -505.232
  30 29.5 31.5927 0.0137121 -538.845 -805.508 -696.963
  31 30.5 31.6757 0.0137481 -276.762 -472.449 -551.882
  32 31.5 31.6557 0.0137395 -599.587 -570.79 -695.835
  33 32.5 31.6262 0.0137266 -385.906 -443.917 -586.497
  34 33.5 31.5879 0.01371 -573.847 -426.791 -625.646
  35 34.5 31.7 0.0137587 -476.74 -443.066 -609.344
  36 35.5 31.6723 0.0137466 -365.638 -529.141 -610.66
  37 36.5 31.5995 0.0137151 -381.911 -456.654 -656.716
  38 37.5 31.6136 0.0137212 -705.864 -652.802 -726.438
  39 38.5 31.726 0.01377 -575.718 -525.781 -598.547
  40 39.5 31.7078 0.0137621 -637.968 -635.373 -611.765
  41 40.5 31.5805 0.0137068 -681.235 -500.975 -604.893
  42 41.5 31.6711 0.0137461 -629.255 -710.974 -644.596
  43 42.5 31.7791 0.013793 -796.761 -773.795 -647.356
  44 43.5 31.6314 0.0137289 -717.692 -582.749 -752.569
  45 44.5 31.6122 0.0137206 -544.781 -548.425 -664.499
  46 45.5 31.6988 0.0137582 -455.745 -498.035 -753.684
  47 46.5 31.7358 0.0137742 -504.701 -495.931 -619.74
  48 47.5 31.5951 0.0137131 -533.115 -541.513 -764.946
  49 48.5 31.6617 0.0137421 -335.477 -532.894 -851.689
  50 49.5 31.6187 0.0137234 -377.092 -506.476 -946.906
  51 50.5 31.5916 0.0137116 -398.199 -499.797 -808.657
  52 51.5 31.5752 0.0137045 -399.624 -365.651 -1081.51
  53 52.5 31.5793 0.0137063 -242.249 -328.686 -1106.7
  54 53.5 31.4406 0.0136461 -120.511 -332.045 -1311.22
  55 54.5 31.4097 0.0136327 -16.4742 14.1969 -1333.7
  56 55.5 31.3087 0.0135889 157.105 182.181 -1539.19
  57 56.5 31.2157 0.0135485 344.236 393.845 -1795.57
  58 57.5 30.9977 0.0134538 782.077 815.687 -1945.03
  59 58.5 30.8253 0.013379 976.57 1009.78 -2162.79
  60 59.5 30.4736 0.0132264 1353.82 1413.22 -2428.02
  61 60.5 30.0452 0.0130405 2000.65 2180.58 -2414.78
  62 61.5 29.5625 0.0128309 2641.8 2580.9 -2530.31
  63 62.5 28.7735 0.0124885 3398.06 3313.72 -2500.13
  64 63.5 27.8111 0.0120708 4121.59 4243.94 -2086.89
  65 64.5 26.5317 0.0115155 5033.9 5037.98 -1586.53
  66 65.5 24.8998 0.0108072 5388.64 5560.28 -879.07
  67 66.5 22.8752 0.00992848 5733.63 5908.14 27.953
  68 67.5 20.5271 0.00890934 5758.21 5863.71 1013.83
  69 68.5 17.96 0.00779514 5615.3 5681.8 2190.91
  70 69.5 15.2077 0.00660058 5049.9 5013.87 3215.89
  71 70.5 12.454 0.00540537 3974.84 3944.76 4003.41
  72 71.5 9.94759 0.00431753 2354.83 2523.28 4563.07
  73 72.5 7.74446 0.00336131 602.411 829.179 4659.43
  74 73.5 5.92871 0.00257323 -1428.85 -1408.05 4208.29
  75 74.5 4.51234 0.00195848 -4091.75 -3644.49 3006.57
  76 75.5 3.49046 0.00151496 -6208.92 -6226.77 1152.53
  77 76.5 2.7533 0.00119501 -8269.14 -8669.99 -1174.63
  78 77.5 2.24024 0.000972326 -10412.3 -10629.2 -3709.72
  79 78.5 1.90394 0.000826361 -12210.8 -12214.7 -6352.79
  80 79.5 1.67058 0.00072508 -13923.3 -13769.2 -8709.25
  81 80.5 1.51776 0.00065875 -14982.2 -15021.7 -10699.9
  82 81.5 1.4107 0.000612281 -15199.6 -15348.4 -12408.6
  83 82.5 1.34975 0.00058583 -15084.9 -15907.5 -13509.7
  84 83.5 1.30414 0.000566031 -15592.9 -16140 -14401.9
  85 84.5 1.2679 0.000550302 -16117.2 -16241.3 -15125.1
  86 85.5 1.2547 0.000544573 -16184.2 -16433.1 -15464.9
  87 86.5 1.24613 0.000540854 -16809.6 -16339.3 -15791.4
  88 87.5 1.22461 0.000531514 -16859.3 -16570.5 -16249.2
  89 88.5 1.22992 0.000533819 -16511.2 -16068.3 -16067.4
  90 89.5 1.23411 0.000535639 -16497.6 -16249 -16184.8
  91 90.5 1.23582 0.000536378 -16498.7 -16594.1 -16148.9
  92 91.5 1.23034 0.000534 -16595.9 -16668.1 -16195
  93 92.5 1.21662 0.000528049 -16544.3 -16784.1 -16477.4
  94 93.5 1.19829 0.00052009 -16326.2 -16734.2 -16749.4
  95 94.5 1.19262 0.000517632 -16512.7 -16917.3 -16887.5
  96 95.5 1.21984 0.000529444 -16662.4 -16865.9 -16447
  97 96.5 1.20973 0.000525056 -16567.6 -16854.4 -16637.2
  98 97.5 1.19132 0.000517066 -16616.3 -16731.6 -16870.7
  99 98.5 1.19754 0.000519767 -17122.6 -16877.4 -16654.9
  100 99.5 1.20839 0.000524476 -16792.2 -16907.6 -16735.3
  101 100.5 1.21446 0.000527111 -16512.8 -16709 -16587.4
  102 101.5 1.21108 0.000525642 -16572.2 -16629.4 -16573.4
  103 102.5 1.20482 0.000522927 -16180 -16755.6 -16584.9
  104 103.5 1.19656 0.00051934 -16283.3 -16661.6 -16860.7
  105 104.5 1.20422 0.000522667 -16484.9 -16994 -16798.5
  106 105.5 1.21614 0.000527837 -16517.5 -16714.2 -16489.6
  107 106.5 1.21755 0.000528451 -16471.8 -16581.6 -16535.2
  108 107.5 1.20794 0.000524281 -16524.2 -16818.9 -16671.4
  109 108.5 1.20035 0.000520986 -16596.1 -16213.1 -16740.3
  110 109.5 1.21187 0.000525986 -16471.8 -16115.1 -16562.3
  111 110.5 1.21302 0.000526483 -16353 -16146.2 -16637.3
  112 111.5 1.2191 0.000529122 -16249.6 -16118.4 -16487.1
  113 112.5 1.23025 0.000533962 -16397.3 -16445.3 -16445.1
  114 113.5 1.22983 0.000533781 -16288.2 -16350.2 -16287.7
  115 114.5 1.21582 0.000527701 -16256.1 -16641.1 -16521.2
  116 115.5 1.21086 0.000525545 -16463.9 -16660.1 -16750.9
  117 116.5 1.21874 0.000528965 -16808.3 -16489.9 -16397.7
  118 117.5 1.19262 0.000517628 -16615.3 -16018.9 -16843
  119 118.5 1.19505 0.000518684 -16831.4 -16659.2 -16901.1
  120 119.5 1.18594 0.000514733 -16737 -17120 -16910.8
  121 120.5 1.19903 0.000520413 -16631.3 -17190.8 -16733.3
  122 121.5 1.19502 0.000518674 -16906.5 -17022 -16767.1
  123 122.5 1.20952 0.000524965 -16879 -16691.4 -16628.9
  124 123.5 1.20994 0.000525149 -16693.2 -16623 -16703
  125 124.5 1.20892 0.000524705 -16774.1 -16704.8 -16623.5
  126 125.5 1.21235 0.000526194 -16723.4 -16548.1 -16604.1
  127 126.5 1.2185 0.000528865 -16406.1 -16235.2 -16489.2
  128 127.5 1.20637 0.000523597 -16523.7 -16607.2 -16567.7
  129 128.5 1.21523 0.000527444 -16689.9 -16837.4 -16577.2
  130 129.5 1.20726 0.000523983 -16953.6 -16837.4 -16658.6
  131 130.5 1.2115 0.000525826 -16550 -16801.5 -16637.3
  132 131.5 1.21199 0.000526038 -16260.6 -16600.6 -16548.9
  133 132.5 1.22037 0.000529674 -16237.3 -16667.4 -16619.4
  134 133.5 1.2041 0.000522615 -16207.9 -16460.3 -16552.6
  135 134.5 1.2001 0.000520875 -15896.5 -16491.6 -16765.8
  136 135.5 1.20334 0.000522281 -16183.7 -16657.7 -16796.5
  137 136.5 1.21063 0.000525448 -16292.2 -16800.5 -16615.2
  138 137.5 1.20835 0.000524458 -16229.8 -16667.4 -16560
  139 138.5 1.20635 0.00052359 -16325.7 -16445.3 -16656.4
  140 139.5 1.19406 0.000518257 -16830.4 -16859 -16897.8
  141 140.5 1.17917 0.000511792 -16488.1 -16691.7 -17009.5
  142 141.5 1.19707 0.000519562 -16426.8 -16633.4 -16789.9
  143 142.5 1.20206 0.000521729 -16589.6 -16768.4 -16760.3
  144 143.5 1.18418 0.000513965 -16456.6 -16351.2 -16937.5
  145 144.5 1.18512 0.000514375 -16584.5 -16628.7 -17008.5
  146 145.5 1.19283 0.000517722 -16908.5 -16838.2 -16871.9
  147 146.5 1.2051 0.000523049 -16560.8 -16464 -16652.5
  148 147.5 1.20042 0.000521017 -16682.7 -16453.6 -16846.7
  149 148.5 1.20668 0.000523733 -16633 -16232.8 -16720.1
  150 149.5 1.20786 0.000524243 -16456 -15956.6 -16493.3
  151 150.5 1.20186 0.000521639 -16385 -16643.7 -16686.5
  152 151.5 1.20498 0.000522993 -16260.5 -16018 -16677.9
  153 152.5 1.20152 0.000521493 -16290.4 -16215.5 -16844.8
  154 153.5 1.20497 0.00052299 -16370.7 -16177.7 -16796.1
  155 154.5 1.22258 0.000530635 -16029.9 -16508.6 -16407.6
  156 155.5 1.2268 0.000532465 -15751.8 -16471.9 -16386.6
  157 156.5 1.2259 0.000532073 -15827.3 -16414.2 -16431.6
  158 157.5 1.22471 0.000531559 -16000.4 -16674.3 -16354.8
  159 158.5 1.22192 0.000530347 -16998.5 -16866.6 -16548.2
  160 159.5 1.21624 0.000527882 -16657 -16992.5 -16524.9
  161 160.5 1.21603 0.000527792 -16353.6 -16682.3 -16586.9
  162 161.5 1.20978 0.00052508 -16230.1 -16412.1 -16532.4
  163 162.5 1.19755 0.000519771 -16333.8 -16245.7 -16813.4
  164 163.5 1.19547 0.000518868 -16451.9 -16526.9 -16887
  165 164.5 1.21924 0.000529184 -16546.3 -16831.9 -16540.7
  166 165.5 1.22739 0.000532722 -16692.9 -16615.8 -16297.9
  167 166.5 1.22156 0.000530191 -16719.5 -16325.8 -16497.8
  168 167.5 1.21284 0.000526406 -16412.1 -16647.8 -16609.5
  169 168.5 1.21104 0.000525625 -16952.7 -16728.3 -16645.6
  170 169.5 1.22149 0.00053016 -16895.2 -16824 -16476.2
  171 170.5 1.22472 0.000531563 -16640.8 -16427.3 -16389.2
  172 171.5 1.2187 0.000528951 -16588 -16471.6 -16608.7
  173 172.5 1.20984 0.000525104 -16484.4 -16515.7 -16637
  174 173.5 1.22428 0.000531372 -16485.2 -16297.3 -16388.5
  175 174.5 1.23954 0.000537993 -16421.1 -16499 -16218.5
  176 175.5 1.20073 0.000521149 -16419 -16436.2 -16791.1
  177 176.5 1.21319 0.000526559 -16774.4 -16451.4 -16586.9
  178 177.5 1.22063 0.000529788 -16732 -16507.4 -16399
  179 178.5 1.22646 0.000532316 -17022.3 -16627.2 -16464.4
  180 179.5 1.22602 0.000532128 -16965.1 -16957.4 -16417.8
  181 180.5 1.22213 0.000530437 -16593.6 -16797 -16494.3
  182 181.5 1.22435 0.000531403 -16315.3 -16619.8 -16386.8
  183 182.5 1.20802 0.000524313 -16731.6 -16844.9 -16757.8
  184 183.5 1.19524 0.000518767 -16507.4 -16950.1 -16873.9
  185 184.5 1.21985 0.000529448 -16648.6 -16828.5 -16381.6
  186 185.5 1.2088 0.000524653 -16911.7 -16987.5 -16775.2
  187 186.5 1.1993 0.000520528 -16416.1 -16571 -16726.1
  188 187.5 1.18737 0.000515351 -16812.6 -16474.1 -16831.7
  189 188.5 1.19679 0.000519441 -16872.7 -16965.3 -16912.3
  190 189.5 1.18582 0.000514677 -16323.6 -16709 -16921.3
  191 190.5 1.18598 0.000514747 -16230.8 -16574.5 -16993.2
  192 191.5 1.18586 0.000514694 -16386.4 -16879.6 -17061.4
  193 192.5 1.18178 0.000512927 -16689.9 -16552.6 -16950.6
  194 193.5 1.19125 0.000517035 -16665.2 -16400.4 -16825.5
  195 194.5 1.18977 0.000516392 -16779.6 -16549.8 -16898.6
  196 195.5 1.18629 0.000514882 -16994.9 -16756.3 -17128.1
  197 196.5 1.1975 0.000519747 -16797.1 -16734.5 -16643
  198 197.5 1.20418 0.000522649 -16414.8 -16461.8 -16663.2
  199 198.5 1.18936 0.000516215 -16510.8 -16500.2 -17030.4
  200 199.5 1.19295 0.000517774 -16829.4 -16213.2 -16802.8
  201 200.5 1.21808 0.000528681 -16538.2 -15905.5 -16402.1
  202 201.5 1.21089 0.000525559 -16460.1 -16092.7 -16671.1
  203 202.5 1.21016 0.000525243 -16298.7 -16545 -16678.1
  204 203.5 1.21211 0.00052609 -16148.3 -16494 -16448.8
  205 204.5 1.22297 0.000530802 -16222.6 -16478.7 -16291
  206 205.5 1.21027 0.000525292 -16464.8 -16415.3 -16665.8
  207 206.5 1.20512 0.000523056 -16276.3 -16485.7 -16590.4
  208 207.5 1.23792 0.000537292 -16153.5 -16241.8 -16036.3
  209 208.5 1.24564 0.000540642 -16083 -16026.9 -15797.5
  210 209.5 1.24762 0.0005415 -16171.1 -16203.8 -15649.5
  211 210.5 1.26388 0.000548559 -16350.1 -16265.4 -15329.4
  212 211.5 1.26163 0.000547583 -15752.1 -16369.7 -15247.5
  213 212.5 1.30594 0.000566813 -15535.8 -16182.5 -14561.1
  214 213.5 1.35335 0.000587392 -15310.7 -15569.4 -13476.9
  215 214.5 1.39661 0.000606167 -14947.5 -14858.2 -12723.9
  216 215.5 1.52018 0.000659799 -14116.2 -14421.7 -10894.2
  217 216.5 1.6424 0.000712847 -13475.7 -13718.2 -9277.51
  218 217.5 1.84766 0.000801934 -12484.6 -12512.1 -6932.08
  219 218.5 2.15837 0.000936792 -11136.3 -11169.1 -4588.16
  220 219.5 2.61886 0.00113666 -8993.2 -9061.22 -1793.94
  221 220.5 3.28466 0.00142564 -6851.3 -6750.82 779.008
  222 221.5 4.26025 0.00184907 -4100.97 -4087.48 3105.14
  223 222.5 5.69598 0.00247222 -1675.45 -1555.49 5252.58
  224 223.5 7.67879 0.00333281 1669.2 1624.15 7457.06
  225 224.5 10.3681 0.00450005 5515.81 5456.45 9276.93
  226 225.5 13.8759 0.00602252 9897.35 9652 10314.1
  227 226.5 17.9691 0.00779909 14164.6 14159 10786.3
  228 227.5 22.4664 0.00975104 17807.2 17678.4 9937.51
  229 228.5 26.8537 0.0116553 20197.8 20203.3 7848.32
  230 229.5 30.3435 0.0131699 20148.2 20351.3 4572.03
  231 230.5 32.7499 0.0142144 18293.2 18203.4 683.437
  232 231.5 34.4884 0.0149689 15285.1 15215 -2657.82
  233 232.5 35.6783 0.0154854 11639.8 11792.2 -4908.77
  234 233.5 36.4089 0.0158025 8666.92 8867.9 -5276.41
  235 234.5 36.8216 0.0159816 5904.6 6081.63 -5577.88
  236 235.5 37.2991 0.0161888 4047.15 4108.87 -5032.52
  237 236.5 37.3983 0.0162319 2867.4 2813.77 -4223.63
  238 237.5 37.5456 0.0162958 1675.22 1602.98 -3674.35
  239 238.5 37.7112 0.0163677 892.573 1047.36 -2979.87
  240 239.5 37.788 0.016401 481.083 411.834 -2417.36
  241 240.5 37.7474 0.0163834 -54.1752 236.645 -2011.6
  242 241.5 37.8712 0.0164371 -104.853 -27.18 -1740.55
  243 242.5 37.8789 0.0164405 -312.805 -59.7492 -1399.61
  244 243.5 37.8493 0.0164276 -375.471 -289.656 -1162.13
  245 244.5 37.8543 0.0164298 -362.575 -522.754 -1081.18
  246 245.5 37.9369 0.0164657 -557.147 -400.079 -816.566
  247 246.5 37.9316 0.0164634 -541.512 -484.066 -808.029
  248 247.5 37.8767 0.0164396 -95.6248 -402.476 -714.109
  249 248.5 37.8631 0.0164336 -322.063 -592.977 -691.146
  250 249.5 37.9328 0.0164639 -358.357 -469.922 -528.416
  251 250.5 37.9459 0.0164696 -318.014 -509.726 -481.893
  252 251.5 37.8513 0.0164285 -473.02 -206.022 -685.119
  253 252.5 37.8779 0.0164401 -282.909 -551.934 -637.207
  254 253.5 37.9539 0.0164731 -397.981 -684.268 -403.349
  255 254.5 37.8925 0.0164464 -397.305 -424.533 -443.946
  256 255.5 37.8736 0.0164382 -507.978 -424.596 -553.759
  257 256.5 37.8328 0.0164205 -258.298 -601.406 -601.458
  258 257.5 37.9382 0.0164662 -580.642 -564.459 -546.492
  259 258.5 37.8869 0.016444 -579.657 -456.803 -490.736
  260 259.5 37.8251 0.0164172 -717.355 -552.222 -474.544
  261 260.5 37.9119 0.0164548 -705.185 -618.306 -529.653
  262 261.5 37.9368 0.0164656 -614.543 -438.356 -437.468
  263 262.5 37.8691 0.0164362 -578.021 -519.905 -457.877
  264 263.5 37.8581 0.0164314 -334.661 -343.083 -624.635
  265 264.5 37.931 0.0164631 -326.148 -459.085 -521.497
  266 265.5 37.8536 0.0164295 -442.101 -436.137 -369.138
  267 266.5 37.8722 0.0164376 -566.343 -640.221 -571.781
  268 267.5 37.9105 0.0164542 -577.372 -404.373 -470.754
  269 268.5 37.8541 0.0164297 -369.146 -387.573 -542.854
  270 269.5 37.8927 0.0164465 -631.703 -508.252 -577.7
  271 270.5 37.8581 0.0164315 -609.895 -452.951 -424.525
  272 271.5 37.9366 0.0164655 -518.459 -553.151 -526.225
  273 272.5 37.8148 0.0164127 -459.774 -423.142 -464.043
  274 273.5 37.9129 0.0164553 -579.053 -506.017 -539.55
  275 274.5 37.8636 0.0164339 -626.612 -549.949 -552.848
  276 275.5 37.9064 0.0164525 -419.965 -698.782 -431.384
  277 276.5 37.9148 0.0164561 -382.666 -435.299 -492.094
  278 277.5 37.8611 0.0164328 -415.818 -454.135 -720.036
  279 278.5 37.8217 0.0164157 -219.15 -259.13 -399.133
  280 279.5 37.9541 0.0164732 -312.097 -476.559 -550.541
  281 280.5 37.9037 0.0164513 -416.315 -641.943 -423.737
  282 281.5 37.8257 0.0164174 -751.337 -747.058 -566.81
  283 282.5 37.9134 0.0164555 -490.679 -695.784 -528.919
  284 283.5 37.9951 0.0164909 -479.842 -604.953 -449.546
  285 284.5 37.7968 0.0164049 -482.383 -722.095 -635.765
  286 285.5 37.8755 0.016439 -251.585 -389.457 -473.835
  287 286.5 37.9581 0.0164749 -462.048 -418.69 -629.763
  288 287.5 37.8624 0.0164334 -435.329 -318.243 -351.059
  289 288.5 37.8373 0.0164225 -375.447 -499.634 -591.052
  290 289.5 37.9507 0.0164717 -525.181 -482.143 -656.14
  291 290.5 37.8944 0.0164472 -489.434 -426.133 -456.425
  292 291.5 37.8441 0.0164254 -722.427 -405.987 -425.108
  293 292.5 37.9233 0.0164598 -688.494 -469.587 -590.865
  294 293.5 37.8786 0.0164404 -485.09 -341.517 -519.612
  295 294.5 37.8295 0.0164191 -388.417 -402.612 -468.338
  296 295.5 37.9101 0.0164541 -439.481 -572.802 -595.05
  297 296.5 37.8866 0.0164438 -468.963 -380.25 -531.47
  298 297.5 37.841 0.016424 -478.622 -433.284 -361.875
  299 298.5 37.8874 0.0164442 -366.082 -157.997 -606.396
  300 299.5 37.8785 0.0164403 -573.142 -452.972 -505.396
  301 300.5 37.8077 0.0164096 -453.846 -535.576 -387.092
  302 301.5 37.9232 0.0164597 -574.897 -822.774 -482.342
  303 302.5 37.9364 0.0164655 -448.702 -643.048 -632.486
  304 303.5 37.7628 0.0163901 -296.923 -447.951 -631.248
  305 304.5 37.8486 0.0164273 -329 -462.604 -339.975
  306 305.5 37.9696 0.0164799 -652.511 -628.903 -554.485
  307 306.5 37.8095 0.0164104 -620.465 -568.12 -580.414
  308 307.5 37.8025 0.0164073 -484.355 -521.44 -515.457
  309 308.5 37.9365 0.0164655 -265.843 -538.258 -472.861
  310 309.5 37.8806 0.0164413 -582.457 -381.401 -494.465
  311 310.5 37.7572 0.0163877 -704.09 -667.898 -509.213
  312 311.5 37.938 0.0164662 -735.783 -829.006 -498.221
  313 312.5 37.9136 0.0164556 -528.292 -422.857 -535.485
  314 313.5 37.8075 0.0164095 -517.669 -345.78 -455.737
  315 314.5 37.8253 0.0164172 -374.928 -469.423 -628.55
  316 315.5 37.9161 0.0164566 -387.411 -359.559 -530.684
  317 316.5 37.8963 0.0164481 -359.156 -383.745 -312.692
  318 317.5 37.8153 0.0164129 -493.907 -690.23 -526.022
  319 318.5 37.897 0.0164484 -509.567 -557.251 -643.828
  320 319.5 37.9087 0.0164534 -492.71 -605.498 -598.843
  321 320.5 37.8473 0.0164268 -711.768 -795.204 -383.065
  322 321.5 37.9549 0.0164735 -651.538 -858.06 -486.351
  323 322.5 37.8379 0.0164227 -549.441 -588.448 -522.599
  324 323.5 37.9042 0.0164515 -841.979 -1039.45 -700.011
  325 324.5 37.872 0.0164375 -781.806 -614.043 -512.811
  326 325.5 37.9702 0.0164801 -650.38 -606.022 -356.838
  327 326.5 37.8113 0.0164112 -722.304 -678.508 -562.753
  328 327.5 37.8659 0.0164348 -620.939 -777.245 -690.564
  329 328.5 37.9283 0.0164619 -529.053 -735.345 -411.929
  330 329.5 37.9099 0.016454 -578.891 -566.863 -538.558
  331 330.5 37.789 0.0164015 -581.757 -693.107 -496.046
  332 331.5 37.98 0.0164844 -613.675 -624.106 -455.807
  333 332.5 37.8246 0.0164169 -890.083 -709.694 -635.94
  334 333.5 37.89 0.0164453 -441.049 -548.322 -492.336
  335 334.5 37.8729 0.0164379 -411.069 -640.074 -517.891
  336 335.5 37.9224 0.0164594 -256.015 -542.6 -437.794
  337 336.5 37.8464 0.0164264 -420.351 -574.97 -612.821
  338 337.5 37.8378 0.0164226 -243.269 -463.175 -458.125
  339 338.5 37.9092 0.0164537 -331.159 -509.268 -540.058
  340 339.5 37.8946 0.0164473 -562.049 -391.061 -429.933
  341 340.5 37.8437 0.0164252 -564.769 -381.1 -468.506
  342 341.5 37.9129 0.0164552 -440.029 -241.216 -578.101
  343 342.5 37.8387 0.016423 -257.491 -396.361 -589.415
  344 343.5 37.8848 0.0164431 -280.013 -452.795 -416.024
  345 344.5 37.9124 0.016455 -577.114 -341.698 -514.572
  346 345.5 37.855 0.0164301 -427.747 -444.68 -582.015
  347 346.5 37.835 0.0164214 -310.255 -587.727 -495.847
  348 347.5 37.9709 0.0164804 -405.617 -276.602 -492.907
  349 348.5 37.8308 0.0164196 -552.809 -513.034 -529.516
  350 349.5 37.8597 0.0164322 -641.189 -547.892 -523.27
  351 350.5 37.9147 0.016456 -515.386 -418.569 -612.013
  352 351.5 37.9438 0.0164687 -636.368 -564.134 -512.571
  353 352.5 37.7667 0.0163918 -577.532 -622.366 -316.536
  354 353.5 37.9121 0.0164549 -450.388 -475.479 -619.437
  355 354.5 37.9751 0.0164823 -607.654 -526.66 -626.468
  356 355.5 37.7524 0.0163856 -398.72 -521.214 -429.363
  357 356.5 37.8909 0.0164457 -688.416 -810.459 -551.548
  358 357.5 37.9786 0.0164838 -506.615 -542.05 -592.184
  359 358.5 37.7833 0.016399 -685.283 -755.039 -449.528
  360 359.5 37.8282 0.0164185 -682.312 -508.397 -383.481
  361 360.5 37.9191 0.016458 -707.99 -721.998 -777.844
  362 361.5 37.9227 0.0164595 -529.54 -537.26 -388.321
  363 362.5 37.7808 0.0163979 -562.257 -386.357 -396.565
  364 363.5 37.8926 0.0164464 -545.24 -398.347 -688.667
  365 364.5 37.8635 0.0164338 -526.157 -648.675 -677.494
  366 365.5 37.8509 0.0164283 -442.685 -520.444 -484.289
  367 366.5 37.8239 0.0164166 -484.156 -618.421 -715.158
  368 367.5 37.904 0.0164514 -497.823 -678.424 -546.931
  369 368.5 37.9052 0.0164519 -571.152 -646.459 -772.215
  370 369.5 37.7824 0.0163986 -351.215 -436.51 -716.767
  371 370.5 37.8555 0.0164303 -503.894 -541.463 -1079.59
  372 371.5 37.8535 0.0164295 -473.343 -562.416 -1104.51
  373 372.5 37.8273 0.0164181 -479.199 -449.686 -1134.7
  374 373.5 37.7917 0.0164026 -287.735 -174.086 -1306.46
  375 374.5 37.8376 0.0164226 -108.121 63.8887 -1737.07
  376 375.5 37.6827 0.0163553 226.158 278.519 -2143.59
  377 376.5 37.6857 0.0163566 788.631 851.069 -2190.35
  378 377.5 37.6344 0.0163344 1496.68 1458.72 -2877.02
  379 378.5 37.4855 0.0162698 2135.61 1975.02 -3292.52
  380 379.5 37.3323 0.0162032 3449.64 3235.66 -3825.58
  381 380.5 37.0839 0.0160954 4746.34 4775.04 -4001.98
  382 381.5 36.6592 0.0159111 6547.45 6870.98 -3691.87
  383 382.5 36.1448 0.0156879 9199.6 9360.88 -2546.13
  384 383.5 35.2967 0.0153198 11429.8 11516.3 -482.118
  385 384.5 34.2318 0.0148575 13115.1 13161.9 2388.72
  386 385.5 32.8008 0.0142365 13370.9 13204.1 4794.74
  387 386.5 31.3147 0.0135915 11579.5 11578.9 6005.7
  388 387.5 29.9523 0.0130001 8525.32 8506.36 5927.35
  389 388.5 29.335 0.0127322 5553.11 5542.42 4779.53
  390 389.5 29.204 0.0126754 3565.73 3527.58 3194.04
  391 390.5 29.5488 0.012825 2567.22 2617.73 2167.59
  392 391.5 29.8506 0.012956 1976.29 2124.39 766.077
  393 392.5 30.2492 0.013129 1614.7 1650.3 -298.736
  394 393.5 30.6076 0.0132846 1209.39 1304.25 -918.949
  395 394.5 30.8709 0.0133988 820.681 780.851 -1192.8
  396 395.5 31.1027 0.0134994 557.217 588.61 -1138
  397 396.5 31.1954 0.0135397 364.832 257.258 -1247.41
  398 397.5 31.3289 0.0135976 104.879 1.59082 -1266.62
  399 398.5 31.476 0.0136615 8.61285 -143.678 -1143.08
  400 399.5 31.4777 0.0136622 -250.106 -282.659 -1214.54
  401 400.5 31.5231 0.0136819 -320.941 -293.198 -902.743
  402 401.5 31.5907 0.0137112 -396.979 -521.921 -927.84
  403 402.5 31.6685 0.013745 -414.632 -495.652 -838.754
  404 403.5 31.6211 0.0137244 -397.025 -412.722 -866.046
  405 404.5 31.5596 0.0136977 -460.759 -508.057 -752.03
  406 405.5 31.6707 0.013746 -533.229 -535.038 -800.92
  407 406.5 31.7255 0.0137698 -604.869 -508.045 -672.499
  408 407.5 31.6007 0.0137156 -641.658 -649.994 -764.196
  409 408.5 31.6296 0.0137281 -687.078 -424.116 -639.938
  410 409.5 31.7143 0.0137649 -562.978 -512.53 -650.317
  411 410.5 31.6607 0.0137416 -690.369 -596.152 -715.26
  412 411.5 31.578 0.0137057 -739.001 -478.578 -548.337
  413 412.5 31.6437 0.0137342 -661.912 -695.489 -639.292
  414 413.5 31.6985 0.013758 -535.574 -676.35 -686.857
  415 414.5 31.6471 0.0137357 -742.137 -595.641 -649.254
  416 415.5 31.6329 0.0137296 -782.851 -675.041 -646.996
  417 416.5 31.6443 0.0137345 -819.688 -690.751 -716.358
  418 417.5 31.7465 0.0137789 -643.444 -552.386 -467.221
  419 418.5 31.6227 0.0137251 -645.704 -543.467 -630.819
  420 419.5 31.646 0.0137353 -614.253 -564.599 -705.451
  421 420.5 31.6997 0.0137586 -390.881 -604.046 -634.9
  422 421.5 31.6675 0.0137446 -620.592 -559.332 -541.576
  423 422.5 31.6684 0.013745 -615.857 -684.141 -644.337
  424 423.5 31.7086 0.0137624 -688.44 -702.793 -647.839
  425 424.5 31.6745 0.0137476 -652.142 -520.222 -593.035
  426 425.5 31.6792 0.0137496 -764.189 -686.506 -680.716
  427 426.5 31.6831 0.0137513 -504.562 -540.209 -594.358
  428 427.5 31.671 0.0137461 -484.211 -551.27 -640.75
  429 428.5 31.6485 0.0137363 -443.697 -398.472 -618.017
  430 429.5 31.745 0.0137782 -657.934 -555.139 -570.853
  431 430.5 31.6724 0.0137467 -524.277 -530.394 -664.645
  432 431.5 31.6621 0.0137422 -416.511 -339.977 -575.893
  433 432.5 31.661 0.0137418 -590.621 -637.173 -711.768
  434 433.5 31.745 0.0137782 -643.583 -623.809 -624.786
  435 434.5 31.7199 0.0137673 -628.206 -705.367 -595.675
  436 435.5 31.658 0.0137405 -562.035 -554.768 -599.431
  437 436.5 31.6635 0.0137429 -801.751 -603.206 -713.231
  438 437.5 31.7128 0.0137643 -633.354 -534.284 -625.856
  439 438.5 31.6858 0.0137525 -476.097 -396.839 -466.006
  440 439.5 31.6988 0.0137582 -483.896 -623.59 -706.385
  441 440.5 31.6594 0.0137411 -608.979 -743.618 -789.94
  442 441.5 31.6784 0.0137493 -417.56 -546.683 -532.115
  443 442.5 31.7599 0.0137847 -506.13 -615.324 -458.87
  444 443.5 31.7069 0.0137617 -652.751 -731.306 -789.904
  445 444.5 31.6342 0.0137301 -665.439 -637.866 -634.447
  446 445.5 31.7552 0.0137826 -647.781 -720.7 -661.293
  447 446.5 31.8215 0.0138114 -749.609 -659.607 -532.628
  448 447.5 31.6916 0.013755 -634.794 -706.742 -653.769
  449 448.5 31.6384 0.013732 -491.95 -520.686 -738.541
  450 449.5 31.7739 0.0137907 -603.643 -644.785 -620.25
  451 450.5 31.7766 0.0137919 -729.515 -580.737 -579.52
  452 451.5 31.7099 0.013763 -670.437 -519.481 -520.323
  453 452.5 31.6951 0.0137565 -611.032 -497.871 -722.039
  454 453.5 31.68 0.01375 -746.474 -650.727 -722.177
  455 454.5 31.7358 0.0137742 -592.266 -560.94 -508.943
  456 455.5 31.7103 0.0137631 -591.942 -729.785 -630.749
  457 456.5 31.6623 0.0137423 -649.681 -666.488 -614.774
  458 457.5 31.6748 0.0137477 -517.338 -461.633 -658.222
  459 458.5 31.7193 0.013767 -570.138 -566.766 -643.209
  460 459.5 31.6449 0.0137348 -516.653 -706.699 -645.351
  461 460.5 31.6567 0.0137399 -738.474 -658.583 -657.238
  462 461.5 31.7324 0.0137728 -567.245 -701.831 -426.068
  463 462.5 31.6975 0.0137576 -601.948 -750.23 -661.777
  464 463.5 31.6163 0.0137223 -654.845 -643.564 -731.307
  465 464.5 31.6631 0.0137427 -616.329 -738.899 -623.918
  466 465.5 31.6692 0.0137453 -746.984 -672.576 -539.985
  467 466.5 31.7187 0.0137668 -495.699 -801.463 -593.672
  468 467.5 31.6027 0.0137164 -500.448 -472.332 -628.448
  469 468.5 31.609 0.0137192 -602.566 -575.9 -653.784
  470 469.5 31.703 0.01376 -568.857 -647.031 -699.765
  471 470.5 31.6427 0.0137338 -556.718 -599.805 -565.436
  472 471.5 31.6509 0.0137374 -664.083 -706.938 -615.419
  473 472.5 31.6715 0.0137463 -659.22 -569.444 -576.65
  474 473.5 31.6605 0.0137416 -677.595 -752.429 -637.227
  475 474.5 31.6268 0.0137269 -795.98 -661.577 -669.586
  476 475.5 31.6591 0.0137409 -759.741 -570.026 -631.046
  477 476.5 31.6717 0.0137464 -679.104 -504.188 -634.997
  478 477.5 31.6609 0.0137417 -740.17 -517.138 -505.727
  479 478.5 31.6556 0.0137394 -810.544 -557.236 -714.927
  480 479.5 31.6891 0.013754 -674.527 -633.84 -709.236
65000000 480 11347.999999999996
  1 0.5 31.7794 0.0137932 -656.482 -458.752 -541.309
  2 1.5 31.7828 0.0137946 -720.396 -773.018 -753.642
  3 2.5 31.8168 0.0138094 -539.303 -699.982 -565.721
  4 3.5 31.7743 0.0137909 -755.44 -769.827 -564.247
  5 4.5 31.8202 0.0138108 -865.965 -798.095 -711.642
  6 5.5 31.7943 0.0137996 -667.132 -665.148 -586.957
  7 6.5 31.75 0.0137804 -575.971 -474.303 -611.44
  8 7.5 31.8066 0.013805 -417.398 -496.402 -565.48
  9 8.5 31.7966 0.0138006 -536.683 -485.183 -561.771
  10 9.5 31.7572 0.0137835 -859.947 -708.688 -638.831
  11 10.5 31.7652 0.013787 -651.642 -655.486 -666.029
  12 11.5 31.8109 0.0138068 -616.067 -613.117 -573.778
  13 12.5 31.7308 0.013772 -751.645 -523.212 -710.195
  14 13.5 31.7714 0.0137897 -597.893 -649.013 -492.958
  15 14.5 31.7958 0.0138002 -518.5 -692.223 -620.278
  16 15.5 31.7985 0.0138014 -723.992 -635.979 -555.486
  17 16.5 31.747 0.0137791 -681.35 -729.056 -611.112
  18 17.5 31.757 0.0137834 -666.258 -654.162 -678.215
  19 18.5 31.8266 0.0138136 -478.971 -555.792 -541.769
  20 19.5 31.7461 0.0137787 -531.212 -411.661 -615.574
  21 20.5 31.7122 0.013764 -508.378 -601.358 -625.338
  22 21.5 31.802 0.0138029 -359.314 -604.638 -592.715
  23 22.5 31.744 0.0137778 -601.548 -808.115 -573.455
  24 23.5 31.7692 0.0137887 -642.219 -614.323 -678.216
  25 24.5 31.7498 0.0137803 -658.756 -646.715 -598.513
  26 25.5 31.7434 0.0137775 -630.443 -616.99 -519.935
  27 26.5 31.7708 0.0137894 -710.809 -582.74 -669.417
  28 27.5 31.7313 0.0137723 -797.48 -599.852 -692.746
  29 28.5 31.7414 0.0137767 -582.172 -428.428 -530.809
  30 29.5 31.8189 0.0138103 -799.346 -765.783 -661.43
  31 30.5 31.7367 0.0137746 -553.462 -586.936 -544.895
  32 31.5 31.7353 0.013774 -583.373 -514.241 -507.792
  33 32.5 31.7423 0.013777 -506.082 -699.436 -684.129
  34 33.5 31.7178 0.0137664 -525.175 -699.044 -681.825
  35 34.5 31.678 0.0137491 -494.018 -620.378 -582.984
  36 35.5 31.7765 0.0137919 -594.477 -600.933 -679.464
  37 36.5 31.7508 0.0137807 -633.365 -572.648 -552.374
  38 37.5 31.6489 0.0137365 -709.367 -724.459 -612.874
  39 38.5 31.7601 0.0137848 -501.911 -459.61 -542.729
  40 39.5 31.8093 0.0138061 -640.099 -618.801 -641.551
  41 40.5 31.6636 0.0137429 -642.504 -609.353 -608.288
  42 41.5 31.7165 0.0137659 -669.893 -648.025 -638.339
  43 42.5 31.7898 0.0137976 -739.064 -658.293 -681.134
  44 43.5 31.7306 0.013772 -665.447 -715.828 -608.439
  45 44.5 31.7218 0.0137681 -690.873 -627.738 -626.87
  46 45.5 31.762 0.0137856 -599.451 -607.297 -758.878
  47 46.5 31.7688 0.0137886 -743.701 -613.187 -732.283
  48 47.5 31.7012 0.0137592 -748.501 -702.153 -722.689
  49 48.5 31.7214 0.013768 -574.688 -544.618 -736.882
  50 49.5 31.7282 0.0137709 -535.759 -651.346 -855.122
  51 50.5 31.6544 0.0137389 -308.23 -461.529 -808.246
  52 51.5 31.6084 0.0137189 -206.488 -244.359 -994.611
  53 52.5 31.654 0.0137387 -153.905 -313.513 -1182.17
  54 53.5 31.5738 0.0137039 114.923 -97.9465 -994.62
  55 54.5 31.5012 0.0136724 73.3467 -46.7224 -1374.33
  56 55.5 31.4102 0.0136329 160.077 3.00475 -1549.49
  57 56.5 31.3099 0.0135894 449.289 395.308 -1619.9
  58 57.5 31.1985 0.013541 571.287 609.039 -1931.69
  59 58.5 31.0135 0.0134607 904.501 801.266 -2159.73
  60 59.5 30.7205 0.0133335 1333.36 1268.7 -2248.48
  61 60.5 30.347 0.0131714 1848.86 1806.25 -2562.48
  62 61.5 29.936 0.012993 2468.86 2355.47 -2622.06
  63 62.5 29.1993 0.0126733 3260.01 3077.16 -2463.85
  64 63.5 28.3206 0.0122919 4027.3 3867.57 -2413.9
  65 64.5 27.179 0.0117964 4845.66 4730.7 -1816.97
  66 65.5 25.6574 0.011136 5517.07 5509.71 -1145
  67 66.5 23.6859 0.0102803 5999.12 6019.32 -139.134
  68 67.5 21.4237 0.00929847 6175.8 6170.14 955.473
  69 68.5 18.7557 0.0081405 6160.53 6147.69 2184.76
  70 69.5 15.876 0.00689062 5473.03 5472.21 3111.96
  71 70.5 13.0624 0.00566943 4505.81 4337.86 4140.16
  72 71.5 10.4296 0.00452674 3034.91 2944.18 4882.73
  73 72.5 8.07966 0.0035068 1194.32 1280.11 5105.61
  74 73.5 6.11286 0.00265315 -808.288 -720.353 4580.42
  75 74.5 4.63577 0.00201205 -3282.58 -3157.49 3494.52
  76 75.5 3.53524 0.00153439 -6054.36 -5608.43 1902.14
  77 76.5 2.74653 0.00119207 -8288.18 -8050.35 -737.335
  78 77.5 2.22402 0.000965288 -10265.4 -9960.78 -3072.7
  79 78.5 1.86009 0.00080733 -12101.5 -12079.4 -6134.63
  80 79.5 1.63574 0.000709958 -13357.2 -13290.4 -8485.51
  81 80.5 1.45598 0.000631938 -14241.1 -14001.7 -10957.5
  82 81.5 1.34006 0.000581622 -15264.7 -15145.2 -12605.3
  83 82.5 1.27675 0.000554146 -15670.6 -15100.6 -13788.7
  84 83.5 1.24457 0.000540177 -15977.8 -15659.7 -14633.7
  85 84.5 1.21982 0.000529434 -16263.1 -16192.9 -15307.7
  86 85.5 1.19378 0.000518135 -16128.9 -16004 -15726.5
  87 86.5 1.1849 0.000514278 -16076 -16235.3 -16141.9
  88 87.5 1.15965 0.000503319 -16472.4 -16261.3 -16493.2
  89 88.5 1.1695 0.000507594 -16921.8 -16326.4 -16554
  90 89.5 1.16082 0.000503826 -16740.7 -16404.9 -16726.2
  91 90.5 1.16065 0.000503753 -16709 -16369.4 -16749.9
  92 91.5 1.1583 0.000502733 -16665 -16448.7 -16820.1
  93 92.5 1.16133 0.000504049 -16850.8 -16448.5 -16756.4
  94 93.5 1.1675 0.000506729 -17090 -16407.7 -16844.7
  95 94.5 1.1611 0.000503948 -16574.1 -16416.4 -16755.1
  96 95.5 1.15532 0.000501441 -16668.1 -16491.6 -16920.9
  97 96.5 1.16711 0.000506559 -16869.2 -16555.7 -16755
  98 97.5 1.1453 0.000497094 -17072.1 -16620.9 -17164.7
  99 98.5 1.14352 0.000496319 -16801.7 -16935.2 -17076.6
  100 99.5 1.16953 0.000507608 -17009.3 -16645.5 -16796.8
  101 100.5 1.17574 0.000510302 -17205 -16828.9 -16632.1
  102 101.5 1.17045 0.000508007 -17171 -16580.6 -16720.9
  103 102.5 1.16002 0.000503483 -17117 -16686.9 -16829.6
  104 103.5 1.16351 0.000504997 -17012 -16838.6 -16800
  105 104.5 1.15529 0.000501427 -16992.8 -17056 -16996.6
  106 105.5 1.1661 0.000506118 -17002.8 -16575.8 -16900.2
  107 106.5 1.16638 0.000506243 -17320.3 -16495.8 -16704
  108 107.5 1.15873 0.00050292 -17011.1 -16785 -16736.2
  109 108.5 1.15278 0.000500337 -16959.7 -16882.8 -17049.9
  110 109.5 1.15421 0.000500958 -16785.9 -16757.1 -16964.3
  111 110.5 1.16406 0.000505233 -16942.9 -16715.4 -16748.5
  112 111.5 1.15026 0.000499243 -16813.6 -16298.5 -17053.4
  113 112.5 1.1628 0.000504688 -16619.4 -16583.9 -16840.6
  114 113.5 1.15137 0.000499726 -17050.5 -16721.7 -17031.3
  115 114.5 1.14614 0.000497458 -16913.9 -17204.9 -17085.6
  116 115.5 1.15539 0.000501472 -16903.1 -16924.9 -16987.1
  117 116.5 1.17938 0.000511882 -17222.4 -17095.4 -16485.8
  118 117.5 1.15505 0.000501323 -16861.2 -17242.8 -16815
  119 118.5 1.15531 0.000501438 -17056.5 -16918.3 -17044.8
  120 119.5 1.15982 0.000503392 -17010.8 -16805.6 -16946.6
  121 120.5 1.16102 0.000503913 -16912.2 -16728.8 -16853.3
  122 121.5 1.14499 0.000496958 -17126.8 -16512.7 -17098
  123 122.5 1.16366 0.000505062 -16949.3 -16758.3 -16716.8
  124 123.5 1.1595 0.000503257 -16956.2 -16518.1 -16970.5
  125 124.5 1.15978 0.000503378 -17002 -16987 -16901.1
  126 125.5 1.14998 0.000499125 -16925.5 -16685.6 -16993.9
  127 126.5 1.16015 0.000503538 -16798.2 -16952.4 -16884.6
  128 127.5 1.15844 0.000502795 -16767.7 -17408 -16882.1
  129 128.5 1.13755 0.000493729 -16850.1 -16704.7 -17132.9
  130 129.5 1.13223 0.00049142 -16921.2 -16614.6 -17350.5
  131 130.5 1.1415 0.000495441 -16788.3 -16972 -17217.6
  132 131.5 1.14226 0.000495774 -16743.7 -16562.7 -17069.7
  133 132.5 1.14711 0.000497878 -16979.7 -17083.2 -16968.5
  134 133.5 1.14769 0.000498128 -16720.1 -16724.7 -17151.7
  135 134.5 1.1437 0.000496396 -16670.2 -16813.1 -17153.1
  136 135.5 1.14124 0.00049533 -16827.3 -16749.1 -17118
  137 136.5 1.16174 0.000504229 -16807.3 -16643.5 -16762.2
  138 137.5 1.1409 0.000495181 -16484.3 -16688.1 -17123.4
  139 138.5 1.14174 0.000495549 -16524.9 -17001.9 -17150.1
  140 139.5 1.15018 0.000499208 -16723 -16647.4 -16997.8
  141 140.5 1.15462 0.000501139 -16290 -16659.2 -16988
  142 141.5 1.14474 0.000496847 -16508.4 -16758.9 -17120.3
  143 142.5 1.15942 0.000503219 -16630.5 -16566 -16866.7
  144 143.5 1.14851 0.000498486 -16812.9 -16513.1 -17066.9
  145 144.5 1.14718 0.000497906 -17281 -16385.5 -17111.7
  146 145.5 1.14573 0.000497278 -17213.5 -16773.6 -17002.2
  147 146.5 1.14436 0.000496684 -16708.8 -16646.3 -17146.1
  148 147.5 1.14335 0.000496247 -16941 -17366 -17035.4
  149 148.5 1.14537 0.000497122 -17066.5 -16838 -17007.9
  150 149.5 1.14112 0.000495278 -17146.9 -16791.4 -17288.2
  151 150.5 1.15201 0.000500003 -16899.4 -17031.7 -16897
  152 151.5 1.17537 0.000510142 -16973.6 -16965.1 -16683.7
  153 152.5 1.16938 0.000507545 -17299.8 -17008.9 -16767.6
  154 153.5 1.1723 0.000508809 -16893.3 -17042.1 -16612.4
  155 154.5 1.1652 0.000505729 -17219.9 -16956.6 -16840.1
  156 155.5 1.16592 0.000506042 -17091.4 -17352.9 -16750.8
  157 156.5 1.15758 0.000502424 -16853.9 -17072.1 -16853
  158 157.5 1.14465 0.000496809 -16946.4 -17057.1 -17156.1
  159 158.5 1.14902 0.000498708 -16739.2 -16880.8 -17068.9
  160 159.5 1.15636 0.000501892 -16622.6 -17262 -16816.1
  161 160.5 1.14964 0.000498976 -17086.4 -17071.6 -17101.2
  162 161.5 1.15204 0.000500017 -16932.2 -17215.1 -16879.5
  163 162.5 1.14752 0.000498056 -17425.5 -17233.9 -17149.4
  164 163.5 1.15169 0.000499865 -17707.1 -17273.6 -16949.4
  165 164.5 1.15046 0.000499333 -17335.1 -17711.8 -16966.9
  166 165.5 1.14865 0.000498545 -17287 -17517.8 -16905.7
  167 166.5 1.14922 0.000498795 -17168.2 -17296 -17019.5
  168 167.5 1.144 0.000496528 -17022.5 -17329.4 -17287.9
  169 168.5 1.13384 0.000492118 -17188.1 -17194.3 -17175.7
  170 169.5 1.15805 0.000502625 -17087.5 -17178.7 -16898.3
  171 170.5 1.15759 0.000502427 -16768.5 -17323.6 -16909.2
  172 171.5 1.17634 0.000510566 -17028.1 -17074 -16573.4
  173 172.5 1.16929 0.000507503 -17385.1 -17172.7 -16732.9
  174 173.5 1.15989 0.000503424 -17424.5 -17383.4 -16976.1
  175 174.5 1.16957 0.000507625 -17060.5 -17156.9 -16518.1
  176 175.5 1.15942 0.000503222 -17269.1 -17130.5 -16957.4
  177 176.5 1.16174 0.000504226 -16676.9 -16975.4 -16954.2
  178 177.5 1.15943 0.000503226 -16820.4 -17095.6 -16975.6
  179 178.5 1.16784 0.000506875 -16811.1 -17006.8 -16658.1
  180 179.5 1.16687 0.000506455 -16719 -17394.6 -16708.4
  181 180.5 1.1792 0.000511806 -17085.9 -17552.1 -16503.4
  182 181.5 1.17411 0.000509597 -17520 -16779 -16664.1
  183 182.5 1.16246 0.000504542 -17214.8 -16985.7 -16937
  184 183.5 1.16686 0.000506448 -17396.7 -17017.6 -16765.3
  185 184.5 1.15844 0.000502795 -17291.2 -17255.4 -16950.8
  186 185.5 1.16303 0.000504788 -17262.8 -17220.4 -16750
  187 186.5 1.14882 0.000498618 -17074.8 -17190.2 -17081.8
  188 187.5 1.15518 0.000501378 -17220.1 -17084.3 -16981.8
  189 188.5 1.16655 0.000506316 -17402.5 -16981.3 -16728.8
  190 189.5 1.1675 0.000506729 -17591.3 -17332.5 -16848.6
  191 190.5 1.17152 0.000508472 -17526.4 -17006.3 -16658.2
  192 191.5 1.16532 0.000505781 -17225.7 -17183.5 -16699.1
  193 192.5 1.15514 0.000501361 -17212.8 -16983.7 -16915.3
  194 193.5 1.16618 0.000506153 -17308.1 -16913.2 -16831.1
  195 194.5 1.14214 0.000495719 -17362.9 -17276.9 -17195.7
  196 195.5 1.13645 0.00049325 -17188 -17645.9 -17219.5
  197 196.5 1.142 0.00049566 -17180.2 -17359.1 -17179.9
  198 197.5 1.14306 0.000496118 -17316.3 -17312.2 -17114.2
  199 198.5 1.14605 0.000497417 -17340.1 -17075 -17055.3
  200 199.5 1.13957 0.000494604 -17003.3 -16928.4 -16965.2
  201 200.5 1.13437 0.000492347 -16884.5 -16781 -17362.5
  202 201.5 1.14506 0.00049699 -17214.9 -16768.5 -17179.3
  203 202.5 1.1458 0.000497309 -16974.8 -16408.9 -16826
  204 203.5 1.14941 0.000498875 -17394.4 -16453.8 -17008.3
  205 204.5 1.15794 0.000502576 -16912.5 -16445.9 -17020.2
  206 205.5 1.16434 0.000505354 -16957.6 -16649.9 -16638.3
  207 206.5 1.18388 0.000513837 -16831.1 -16765.7 -16311.6
  208 207.5 1.17969 0.000512017 -16653.3 -16728.2 -16432.7
  209 208.5 1.1716 0.000508507 -16488.3 -16484 -16441.2
  210 209.5 1.17642 0.000510597 -17044.8 -16983.3 -16402.7
  211 210.5 1.1805 0.000512372 -16817 -16422.1 -16137.9
  212 211.5 1.21529 0.000527469 -16245.4 -16183.8 -15441.1
  213 212.5 1.24264 0.00053934 -16594.2 -16166 -14718.5
  214 213.5 1.2635 0.000548392 -16387.6 -16215.6 -14503.2
  215 214.5 1.30302 0.000565545 -15920.7 -15626.7 -13551.7
  216 215.5 1.38326 0.000600375 -15010.1 -15435.1 -12153.8
  217 216.5 1.4787 0.000641795 -14221.7 -14289.9 -10464.9
  218 217.5 1.63591 0.000710031 -13114.9 -13109.4 -8236.4
  219 218.5 1.87799 0.000815101 -11949.3 -11785.3 -6060.41
  220 219.5 2.22994 0.000967854 -10194.7 -9984.87 -3127.67
  221 220.5 2.78943 0.00121069 -8129.81 -8073.45 -144.15
  222 221.5 3.62755 0.00157446 -5705.94 -5415.24 2735.67
  223 222.5 4.86974 0.0021136 -2583.73 -2557.73 5364.29
  224 223.5 6.64878 0.00288576 713.382 666.204 7597.74
  225 224.5 9.18077 0.00398471 4689.05 4835.38 9835.16
  226 225.5 12.5777 0.00545905 9488.31 9583.62 11149.4
  227 226.5 16.8705 0.00732227 14463.6 14321 11918.8
  228 227.5 21.7123 0.00942372 18312.9 18351.1 10999
  229 228.5 26.1388 0.011345 20516.1 20486 8604.24
  230 229.5 29.8361 0.0129497 20753.4 20752.3 4998.04
  231 230.5 32.5741 0.014138 18800.7 18781.3 1007.6
  232 231.5 34.2742 0.014876 15651.1 15652.4 -2395.54
  233 232.5 35.4905 0.0154039 12271.6 12331.2 -4611.88
  234 233.5 36.3572 0.01578 9062.09 9001.82 -5768.25
  235 234.5 36.7443 0.015948 6367.51 6494.1 -5445.26
  236 235.5 37.1787 0.0161366 4536.52 4475.39 -4955.5
  237 236.5 37.3485 0.0162103 2831.4 2929.34 -4563.6
  238 237.5 37.5375 0.0162923 1748.77 2017.26 -3796.44
  239 238.5 37.5411 0.0162939 1125.34 1139.11 -2784.12
  240 239.5 37.7681 0.0163924 387.884 527.157 -2527.01
  241 240.5 37.7451 0.0163824 40.7074 447.631 -2204.62
  242 241.5 37.7115 0.0163678 50.601 27.6441 -1696.98
  243 242.5 37.8215 0.0164156 -217.386 -114.833 -1316.87
  244 243.5 37.8955 0.0164477 -251.315 -392.811 -1185.49
  245 244.5 37.8058 0.0164088 -379.306 -564.256 -1028.5
  246 245.5 37.8271 0.016418 -515.568 -591.835 -817.304
  247 246.5 37.896 0.0164479 -560.742 -482.447 -955.177
  248 247.5 37.89 0.0164453 -454.019 -401.644 -635.418
  249 248.5 37.7635 0.0163904 -491.031 -532.487 -606.625
  250 249.5 37.9527 0.0164725 -296.443 -582.899 -411.235
  251 250.5 37.8877 0.0164443 -593.463 -499.485 -705.684
  252 251.5 37.7991 0.0164059 -464.617 -666.758 -719.308
  253 252.5 37.8286 0.0164186 -241.307 -507.744 -417.698
  254 253.5 38.0109 0.0164978 -610.207 -642.112 -382.765
  255 254.5 37.7962 0.0164046 -521.245 -466.478 -520.936
  256 255.5 37.7969 0.0164049 -651.738 -593.084 -785.925
  257 256.5 37.8785 0.0164403 -498.084 -346.672 -338.581
  258 257.5 37.9525 0.0164724 -582.182 -488.222 -533.705
  259 258.5 37.8553 0.0164302 -309.72 -590.966 -458.579
  260 259.5 37.7153 0.0163695 -403.304 -562.098 -495.954
  261 260.5 37.9796 0.0164842 -636.379 -625.227 -609.243
  262 261.5 37.8959 0.0164479 -398.3 -507.017 -456.439
  263 262.5 37.7816 0.0163982 -478.858 -605.487 -467.574
  264 263.5 37.7798 0.0163975 -410.549 -429.989 -473.225
  265 264.5 37.9935 0.0164902 -783.774 -658.257 -612.995
  266 265.5 37.8157 0.016413 -552.993 -624.899 -357.766
  267 266.5 37.7849 0.0163997 -456.509 -634.569 -552.213
  268 267.5 37.8775 0.0164399 -636.423 -532.295 -634.349
  269 268.5 37.8796 0.0164408 -558.054 -617.454 -371.837
  270 269.5 37.7899 0.0164018 -526.355 -857.735 -498.625
  271 270.5 37.8277 0.0164183 -367.306 -669.315 -522.95
  272 271.5 37.8735 0.0164381 -567.982 -660.161 -556.835
  273 272.5 37.8248 0.016417 -162.748 -506.693 -392.032
  274 273.5 37.808 0.0164097 -414.883 -393.695 -491.817
  275 274.5 37.8276 0.0164182 -481.751 -516.166 -536.579
  276 275.5 37.8569 0.016431 -384.764 -444.407 -450.989
  277 276.5 37.7882 0.0164011 -233.582 -213.698 -510.506
  278 277.5 37.8064 0.016409 -376.313 -405.239 -547.781
  279 278.5 37.8207 0.0164152 35.0865 -85.4979 -330.948
  280 279.5 37.8613 0.0164328 -74.6202 -235.409 -528.64
  281 280.5 37.7376 0.0163792 -231.343 -321.199 -615.307
  282 281.5 37.825 0.0164171 -208.277 -418.951 -449.159
  283 282.5 37.8807 0.0164413 -251.716 -456.74 -491.222
  284 283.5 37.7951 0.0164041 -410.198 -415.557 -428.841
  285 284.5 37.8001 0.0164063 -329.423 -400.517 -608.016
  286 285.5 37.8064 0.016409 -277.049 -280.641 -558.911
  287 286.5 37.8199 0.0164149 -13.5708 -313.241 -300.098
  288 287.5 37.8078 0.0164096 -330.4 -614.719 -603.901
  289 288.5 37.8283 0.0164185 -194.436 -292.555 -519.009
  290 289.5 37.8218 0.0164157 -351.345 -728.851 -478.182
  291 290.5 37.8346 0.0164213 -410.333 -518.304 -427.924
  292 291.5 37.7958 0.0164044 -646.879 -528.675 -714.705
  293 292.5 37.8368 0.0164222 -811.779 -730.817 -488.56
  294 293.5 37.8444 0.0164255 -521.614 -577.432 -380.817
  295 294.5 37.8337 0.0164209 -465.218 -542.382 -435.586
  296 295.5 37.8169 0.0164136 -462.074 -387.135 -560.729
  297 296.5 37.8232 0.0164163 -435.269 -432.257 -564.682
  298 297.5 37.8621 0.0164332 -498.958 -533.952 -425.24
  299 298.5 37.7999 0.0164062 -582.293 -444.931 -446.101
  300 299.5 37.8301 0.0164193 -830.735 -596.442 -584.334
  301 300.5 37.845 0.0164258 -621.489 -590.279 -620.875
  302 301.5 37.8362 0.016422 -509.298 -468.391 -384.835
  303 302.5 37.7904 0.0164021 -648.013 -703.283 -525.413
  304 303.5 37.8372 0.0164224 -600.559 -463.32 -595.665
  305 304.5 37.869 0.0164362 -259.46 -406.871 -283.163
  306 305.5 37.8084 0.0164099 -459.855 -384.066 -517.015
  307 306.5 37.8371 0.0164223 -606.801 -576.368 -561.437
  308 307.5 37.8254 0.0164173 -354.416 -450.141 -541.042
  309 308.5 37.8808 0.0164413 -297.495 -664.78 -350.81
  310 309.5 37.7675 0.0163921 -465.857 -588.966 -641.482
  311 310.5 37.8574 0.0164312 -482.74 -647.533 -475.688
  312 311.5 37.8326 0.0164204 -577.93 -704.615 -581.1
  313 312.5 37.8728 0.0164379 -699.978 -688.342 -374.524
  314 313.5 37.8101 0.0164106 -758.477 -582.009 -451.547
  315 314.5 37.8082 0.0164098 -528.988 -447.185 -611.706
  316 315.5 37.83 0.0164192 -564.467 -568.271 -639.728
  317 316.5 37.8629 0.0164335 -551.021 -493.611 -357.793
  318 317.5 37.8132 0.016412 -660.753 -635.916 -470.726
  319 318.5 37.8676 0.0164356 -433.099 -534.934 -466.58
  320 319.5 37.8541 0.0164297 -472.193 -486.712 -601.925
  321 320.5 37.7544 0.0163865 -467.084 -473.467 -400.563
  322 321.5 37.8682 0.0164359 -758.859 -677.761 -490.16
  323 322.5 37.8985 0.016449 -721.554 -460.71 -674.014
  324 323.5 37.8239 0.0164166 -596.573 -590.957 -439.951
  325 324.5 37.7803 0.0163977 -412.03 -550.404 -428.302
  326 325.5 37.9375 0.0164659 -586.803 -587.32 -514.283
  327 326.5 37.8725 0.0164377 -532.123 -507.942 -494.819
  328 327.5 37.7602 0.016389 -551.217 -610.619 -470.748
  329 328.5 37.8541 0.0164297 -465.52 -391.889 -575.882
  330 329.5 37.9705 0.0164802 -420.575 -593.912 -520.365
  331 330.5 37.7567 0.0163874 -418.187 -462.828 -394.95
  332 331.5 37.8166 0.0164134 -571.898 -384.791 -548.272
  333 332.5 37.9022 0.0164506 -530.613 -286.236 -513.386
  334 333.5 37.8914 0.0164459 -594.033 -356.349 -326.319
  335 334.5 37.7421 0.0163811 -698.117 -448.189 -653.382
  336 335.5 37.8623 0.0164333 -563.7 -397.624 -511.88
  337 336.5 37.8822 0.0164419 -360.796 -334.512 -405.339
  338 337.5 37.8701 0.0164367 -437.463 -620.527 -524.746
  339 338.5 37.734 0.0163776 -593.353 -764.289 -591.735
  340 339.5 37.8544 0.0164298 -552.59 -540.741 -385.606
  341 340.5 37.9373 0.0164658 -646.523 -713.963 -463.641
  342 341.5 37.7862 0.0164003 -668.839 -875.136 -611.192
  343 342.5 37.8439 0.0164253 -548.936 -503.816 -397.294
  344 343.5 37.8904 0.0164455 -499.476 -428.359 -481.233
  345 344.5 37.8532 0.0164294 -242.339 -318.175 -556.617
  346 345.5 37.7915 0.0164026 -478.099 -365.983 -464.783
  347 346.5 37.8988 0.0164491 -330.188 -291.432 -544.855
  348 347.5 37.9252 0.0164606 -354.767 -276.188 -399.197
  349 348.5 37.7842 0.0163994 -528.959 -436.313 -498.795
  350 349.5 37.855 0.0164301 -501.192 -395.738 -570.058
  351 350.5 37.9625 0.0164768 -580.636 -539.724 -491.846
  352 351.5 37.8671 0.0164354 -660.384 -285.598 -571.214
  353 352.5 37.7754 0.0163956 -514.072 -79.3994 -294.942
  354 353.5 37.9091 0.0164536 -87.725 -359.809 -483.816
  355 354.5 37.9415 0.0164677 -484.877 -344.195 -666.94
  356 355.5 37.7859 0.0164001 -582.825 -806.583 -432.135
  357 356.5 37.8689 0.0164362 -784.743 -697.6 -567.653
  358 357.5 37.969 0.0164796 -418.261 -524.829 -540.05
  359 358.5 37.8307 0.0164196 -309.009 -410.118 -384.524
  360 359.5 37.7515 0.0163852 -372.288 -401.026 -478.793
  361 360.5 37.9322 0.0164636 -588.071 -438.745 -437.861
  362 361.5 37.9489 0.0164709 -852.634 -434.631 -741.666
  363 362.5 37.765 0.0163911 -622.569 -465.801 -497.133
  364 363.5 37.8544 0.0164299 -512.489 -376.113 -371.323
  365 364.5 37.9729 0.0164813 -337.448 -545.838 -537.539
  366 365.5 37.8092 0.0164103 -312.955 -483.806 -502.842
  367 366.5 37.8425 0.0164247 -649.073 -775.384 -745.793
  368 367.5 37.8683 0.0164359 -560.093 -617.094 -589.278
  369 368.5 37.9874 0.0164876 -427.933 -331.224 -515.441
  370 369.5 37.7204 0.0163717 -452.839 -564.825 -929.467
  371 370.5 37.8617 0.016433 -143.154 -482.011 -807.591
  372 371.5 37.9134 0.0164555 -431.302 -549.403 -1029.77
  373 372.5 37.868 0.0164358 -499.969 -273.344 -1033.32
  374 373.5 37.7431 0.0163816 -310.681 -67.179 -1232.09
  375 374.5 37.8279 0.0164184 -180.213 10.8806 -1693.62
  376 375.5 37.7771 0.0163963 161.462 155.404 -1863.17
  377 376.5 37.6917 0.0163592 536.28 549.583 -2220.09
  378 377.5 37.6178 0.0163272 982.565 1060.74 -2556.1
  379 378.5 37.6038 0.0163211 1881.58 1958.64 -3165.28
  380 379.5 37.3642 0.0162171 2711.98 2701.23 -3601.07
  381 380.5 37.165 0.0161306 3926.22 3951.84 -3932.72
  382 381.5 36.8662 0.016001 5925.06 5655.45 -3844.84
  383 382.5 36.3671 0.0157843 8299.3 8236.64 -3120.59
  384 383.5 35.6296 0.0154642 10779.5 10729.6 -1366.23
  385 384.5 34.6079 0.0150208 12986.3 12879.7 1389.42
  386 385.5 33.3243 0.0144637 13829.2 13758.2 4207.55
  387 386.5 31.8378 0.0138185 12555.1 12406.8 5947.5
  388 387.5 30.3836 0.0131873 9443.22 9591.28 6014.88
  389 388.5 29.4391 0.0127774 6258.89 6393.28 5336.75
  390 389.5 29.1919 0.0126701 3989.99 3939 3849.45
  391 390.5 29.4243 0.012771 2745.32 2700.43 2421.97
  392 391.5 29.7751 0.0129232 2328.15 2233.38 1170.51
  393 392.5 30.1046 0.0130662 1808.37 1807.22 129.746
  394 393.5 30.5521 0.0132605 1468.04 1359.2 -644.756
  395 394.5 30.8185 0.0133761 946.923 1026.75 -1150.56
  396 395.5 30.9939 0.0134522 624.549 608.056 -1200.82
  397 396.5 31.2362 0.0135574 509.751 509.537 -1247.78
  398 397.5 31.3638 0.0136128 88.3479 54.4032 -1264.06
  399 398.5 31.4192 0.0136368 -64.2617 -64.1925 -1154.46
  400 399.5 31.4954 0.0136699 -317.358 -337.149 -1064.41
  401 400.5 31.6286 0.0137277 -379.941 -223.558 -1003.06
  402 401.5 31.5738 0.0137039 -201.98 -281.525 -867.146
  403 402.5 31.6213 0.0137245 -424.266 -530.312 -921.526
  404 403.5 31.6544 0.0137389 -528.119 -565.678 -831.807
  405 404.5 31.7355 0.0137741 -642.884 -409.576 -778.386
  406 405.5 31.6268 0.0137269 -695.646 -453.213 -709.54
  407 406.5 31.6872 0.0137531 -641.457 -559.782 -766.102
  408 407.5 31.7384 0.0137753 -416.096 -531.48 -697.361
  409 408.5 31.7219 0.0137682 -605.219 -786.643 -634.109
  410 409.5 31.6613 0.0137419 -552.972 -683.999 -694.25
  411 410.5 31.7476 0.0137794 -663.043 -605.317 -630.626
  412 411.5 31.7213 0.0137679 -764.045 -534.261 -591.489
  413 412.5 31.7228 0.0137686 -532.269 -588.987 -545.013
  414 413.5 31.7123 0.013764 -574.233 -607.397 -724.676
  415 414.5 31.7249 0.0137695 -603.557 -635.857 -700.7
  416 415.5 31.7385 0.0137754 -736.674 -536.283 -597.693
  417 416.5 31.7455 0.0137784 -634.482 -524.096 -483.672
  418 417.5 31.7458 0.0137786 -562.014 -642.11 -625.816
  419 418.5 31.696 0.0137569 -624.919 -702.545 -642.119
  420 419.5 31.7256 0.0137698 -496.13 -604.871 -734.501
  421 420.5 31.7561 0.013783 -580.868 -639.869 -466.171
  422 421.5 31.7003 0.0137588 -622.332 -726.284 -658.237
  423 422.5 31.7408 0.0137764 -526.074 -738.412 -595.03
  424 423.5 31.7644 0.0137866 -471.965 -587.618 -635.102
  425 424.5 31.7411 0.0137765 -273.727 -602.799 -516.782
  426 425.5 31.7071 0.0137618 -376.597 -503.648 -647.126
  427 426.5 31.7453 0.0137783 -469.037 -532.148 -658.286
  428 427.5 31.7797 0.0137933 -479.962 -368.875 -529.18
  429 428.5 31.7067 0.0137616 -544.259 -445.287 -557.177
  430 429.5 31.7494 0.0137801 -599.283 -503.546 -742.686
  431 430.5 31.7171 0.0137661 -648.509 -524.01 -538.085
  432 431.5 31.7121 0.0137639 -786.71 -708.14 -663.195
  433 432.5 31.8098 0.0138063 -803.289 -722.025 -617.118
  434 433.5 31.7575 0.0137836 -626.436 -576.059 -571.285
  435 434.5 31.7193 0.013767 -534.476 -632.444 -548.648
  436 435.5 31.7448 0.0137781 -499.383 -624.481 -616.723
  437 436.5 31.7412 0.0137766 -425.724 -507.649 -661.258
  438 437.5 31.738 0.0137752 -451.972 -418.705 -580.759
  439 438.5 31.7308 0.0137721 -699.478 -632.149 -596.687
  440 439.5 31.7527 0.0137815 -713.346 -549.2 -671.025
  441 440.5 31.7857 0.0137959 -748.442 -774.797 -577.211
  442 441.5 31.7376 0.013775 -520.535 -544.431 -466.35
  443 442.5 31.7082 0.0137622 -563.311 -578.269 -767.033
  444 443.5 31.7842 0.0137952 -632.877 -653.739 -669.35
  445 444.5 31.7825 0.0137945 -538.421 -504.932 -445.106
  446 445.5 31.7359 0.0137743 -648.357 -515.881 -635.999
  447 446.5 31.7556 0.0137828 -645.166 -662.222 -637.682
  448 447.5 31.7593 0.0137844 -513.766 -620.861 -593.276
  449 448.5 31.7897 0.0137976 -621.661 -685.306 -615.169
  450 449.5 31.7559 0.0137829 -546.856 -578.502 -494.882
  451 450.5 31.728 0.0137708 -513.694 -668.89 -731.296
  452 451.5 31.7695 0.0137889 -458.933 -657.632 -639.363
  453 452.5 31.776 0.0137916 -423.408 -477.764 -495.595
  454 453.5 31.7545 0.0137824 -476.243 -558.807 -569.876
  455 454.5 31.7766 0.0137919 -553.042 -549.364 -746.552
  456 455.5 31.7799 0.0137934 -542.594 -526.196 -455.358
  457 456.5 31.7702 0.0137891 -509.705 -575.46 -652.864
  458 457.5 31.835 0.0138173 -776.027 -638.646 -619.471
  459 458.5 31.7669 0.0137877 -837.842 -781 -560.37
  460 459.5 31.7232 0.0137688 -730.479 -618.539 -578.787
  461 460.5 31.8222 0.0138117 -825.887 -608.992 -713.645
  462 461.5 31.8025 0.0138032 -762.918 -771.723 -727.371
  463 462.5 31.7642 0.0137865 -616.659 -603.735 -489.002
  464 463.5 31.8405 0.0138196 -651.328 -679.979 -521.028
  465 464.5 31.773 0.0137904 -671.457 -577.484 -669.81
  466 465.5 31.7973 0.0138009 -597.248 -490.357 -694.876
  467 466.5 31.7485 0.0137797 -737.086 -590.266 -536.812
  468 467.5 31.8731 0.0138338 -583.628 -711.545 -482.362
  469 468.5 31.7921 0.0137987 -617.776 -703.113 -689.048
  470 469.5 31.7146 0.013765 -553.262 -581.732 -671.9
  471 470.5 31.7733 0.0137905 -537.21 -616.437 -624.672
  472 471.5 31.8578 0.0138272 -672.476 -530.599 -535.409
  473 472.5 31.7822 0.0137944 -676.576 -729.872 -532.918
  474 473.5 31.7688 0.0137885 -753.537 -641.048 -654.912
  475 474.5 31.8067 0.013805 -684.384 -623.823 -636.595
  476 475.5 31.8137 0.013808 -655.573 -577.291 -595.938
  477 476.5 31.766 0.0137873 -587.888 -569.08 -661.891
  478 477.5 31.7805 0.0137936 -533.528 -387.675 -534.062
  479 478.5 31.8168 0.0138094 -610.697 -582.183 -674.538
  480 479.5 31.8043 0.0138039 -557.673 -596.556 -540.679
67500000 480 11348.000000000002
  1 0.5 31.756 0.013783 -561.642 -576.067 -583.664
  2 1.5 31.7861 0.013796 -685.82 -562.868 -618.332
  3 2.5 31.8058 0.0138046 -524.319 -576.463 -518.542
  4 3.5 31.7325 0.0137728 -533.154 -505.705 -627.873
  5 4.5 31.7542 0.0137822 -714.084 -656.044 -777.933
  6 5.5 31.8362 0.0138178 -649.399 -677.203 -642.856
  7 6.5 31.768 0.0137882 -669.194 -739.831 -394.831
  8 7.5 31.7979 0.0138012 -628.51 -728.346 -666.811
  9 8.5 31.8169 0.0138094 -742.537 -761.11 -769.394
  10 9.5 31.8276 0.013814 -605.709 -621.626 -485.428
  11 10.5 31.7742 0.0137909 -701.945 -710.993 -596.071
  12 11.5 31.8351 0.0138173 -556.948 -575.428 -569.345
  13 12.5 31.7716 0.0137898 -671.509 -701.291 -647.498
  14 13.5 31.7687 0.0137885 -782.582 -681.097 -664.881
  15 14.5 31.787 0.0137965 -480.994 -624.588 -558.874
  16 15.5 31.7605 0.0137849 -589.47 -668.073 -640.933
  17 16.5 31.8095 0.0138062 -516.038 -593.014 -559.68
  18 17.5 31.7515 0.013781 -702.705 -463.947 -561.874
  19 18.5 31.8191 0.0138104 -736.312 -596.091 -690.199
  20 19.5 31.7162 0.0137657 -600.519 -715.693 -613.005
  21 20.5 31.8169 0.0138094 -570.346 -741.554 -615.442
  22 21.5 31.7832 0.0137948 -718.005 -726.586 -551.959
  23 22.5 31.7455 0.0137784 -573.069 -593.948 -663.734
  24 23.5 31.7801 0.0137934 -508.955 -490.232 -505.219
  25 24.5 31.7888 0.0137972 -633.902 -592.967 -607.193
  26 25.5 31.7637 0.0137863 -768.542 -549.03 -698.179
  27 26.5 31.795 0.0137999 -547.559 -493.177 -547.373
  28 27.5 31.7519 0.0137812 -517.525 -595.923 -556.106
  29 28.5 31.8 0.0138021 -583.131 -577.54 -677.569
  30 29.5 31.771 0.0137895 -502.767 -571.953 -499.624
  31 30.5 31.7148 0.0137651 -774.861 -565.585 -715.604
  32 31.5 31.7464 0.0137788 -722.994 -506.877 -604.959
  33 32.5 31.8041 0.0138039 -804.036 -591.234 -574.923
  34 33.5 31.7404 0.0137762 -641.986 -518.956 -491.973
  35 34.5 31.7561 0.013783 -817.807 -491.745 -660.254
  36 35.5 31.716 0.0137656 -591.973 -478.964 -715.963
  37 36.5 31.8182 0.01381 -665.064 -464.579 -538.685
  38 37.5 31.7844 0.0137953 -452.739 -684.594 -486.68
  39 38.5 31.7228 0.0137686 -761.909 -702.776 -763.917
  40 39.5 31.819 0.0138103 -759.537 -785.641 -623.591
  41 40.5 31.7924 0.0137988 -519.544 -572.979 -436.492
  42 41.5 31.7798 0.0137933 -708.829 -679.013 -761.105
  43 42.5 31.7544 0.0137823 -619.363 -800.379 -677.654
  44 43.5 31.8166 0.0138093 -607.321 -695.408 -607.993
  45 44.5 31.7885 0.0137971 -425.231 -657.735 -618.189
  46 45.5 31.7526 0.0137815 -622.909 -603.677 -687.372
  47 46.5 31.7589 0.0137842 -594.339 -565.502 -761.322
  48 47.5 31.7335 0.0137732 -441.079 -541.423 -720.602
  49 48.5 31.7843 0.0137953 -403.675 -444.861 -659.267
  50 49.5 31.7824 0.0137944 -471.569 -588.32 -727.09
  51 50.5 31.7017 0.0137594 -556.049 -556.678 -991.196
  52 51.5 31.7271 0.0137704 -489.287 -449.747 -900.515
  53 52.5 31.7055 0.0137611 -402.91 -397.942 -1008.56
  54 53.5 31.607 0.0137183 -301.877 -141.838 -1148.45
  55 54.5 31.5287 0.0136843 -227.15 31.2116 -1296.98
  56 55.5 31.5551 0.0136958 57.1699 21.7799 -1456.03
  57 56.5 31.4013 0.013629 96.0792 65.268 -1693.96
  58 57.5 31.2343 0.0135565 364.036 291.718 -1765.8
  59 58.5 31.0417 0.013473 726.492 674.631 -2054.38
  60 59.5 30.9165 0.0134186 1235.96 1264.44 -2258.89
  61 60.5 30.463 0.0132218 1801.2 1738.73 -2393.42
  62 61.5 29.9981 0.01302 2376.98 2340.79 -2666.72
  63 62.5 29.4321 0.0127744 3104.05 3069.94 -2571.27
  64 63.5 28.587 0.0124076 3757.36 3686.35 -2372.59
  65 64.5 27.5881 0.011974 4492.09 4628.55 -1875.78
  66 65.5 26.0313 0.0112983 5313.24 5292.29 -1436.09
  67 66.5 24.2406 0.0105211 5958.3 5836.83 -524.802
  68 67.5 22.1024 0.00959303 6276.15 6312.96 664.469
  69 68.5 19.5561 0.00848788 6037.86 6106.84 1762.74
  70 69.5 16.7296 0.0072611 5420.46 5571.84 2917.04
  71 70.5 13.8889 0.00602816 4551.99 4679.57 4028.35
  72 71.5 11.1491 0.00483902 3424.73 3214.41 4785.25
  73 72.5 8.67121 0.00376355 1694.07 1616.52 4973.62
  74 73.5 6.62226 0.00287424 -314.773 -238.5 4883.85
  75 74.5 4.99604 0.00216842 -2789.15 -2447.5 3798.74
  76 75.5 3.80878 0.00165312 -5052.15 -4913.61 2422.69
  77 76.5 2.96982 0.00128898 -7324.2 -7327.75 155.348
  78 77.5 2.36687 0.00102729 -9470.76 -9327.56 -2571.38
  79 78.5 1.96474 0.00085275 -11318 -11274 -5334.62
  80 79.5 1.71273 0.000743372 -12729.5 -12821.6 -7590.5
  81 80.5 1.52598 0.000662316 -14243.1 -13844.8 -9863.86
  82 81.5 1.41187 0.000612792 -14945.8 -14591.6 -11748.7
  83 82.5 1.32354 0.000574451 -15551.8 -15122 -13232
  84 83.5 1.29527 0.000562184 -15740.4 -15515 -13920
  85 84.5 1.24826 0.000541781 -15831.1 -15635.1 -14759.5
  86 85.5 1.22803 0.000533 -16300.1 -16014.6 -15171.3
  87 86.5 1.20155 0.000521507 -16317.4 -16334.2 -15765
  88 87.5 1.19614 0.00051916 -16010.9 -16138 -15981.2
  89 88.5 1.20038 0.000521 -16243.5 -15890.7 -15864.5
  90 89.5 1.18726 0.000515306 -16502.9 -15955.9 -16154.8
  91 90.5 1.19389 0.000518181 -16684.3 -15790.7 -16348.1
  92 91.5 1.17721 0.000510941 -16671.3 -15513.2 -16413
  93 92.5 1.17931 0.000511854 -16506.6 -15858.5 -16492.5
  94 93.5 1.19 0.000516493 -16484.4 -15875.9 -16323.5
  95 94.5 1.18956 0.000516302 -16709.5 -15663.2 -16459.9
  96 95.5 1.1902 0.00051658 -16528.2 -16092.8 -16296
  97 96.5 1.18391 0.000513851 -16162.8 -16391.2 -16449
  98 97.5 1.17582 0.00051034 -16212.6 -16497.3 -16527.9
  99 98.5 1.19308 0.00051783 -16499.2 -16569 -16310.5
  100 99.5 1.17274 0.000509003 -16477.5 -16271.9 -16617.5
  101 100.5 1.1761 0.000510458 -16318.7 -16280.7 -16550.1
  102 101.5 1.15869 0.000502903 -16887.8 -16190.6 -16807.3
  103 102.5 1.15229 0.000500125 -16746.1 -16550.4 -16908.6
  104 103.5 1.1609 0.000503865 -16489.9 -16534.7 -16784
  105 104.5 1.16799 0.000506941 -16320.1 -16754.8 -16688.9
  106 105.5 1.1627 0.000504642 -16433.1 -16510.1 -16782.1
  107 106.5 1.1562 0.000501823 -16176.6 -16784.1 -16861.9
  108 107.5 1.16191 0.000504302 -16634 -16628 -16746.2
  109 108.5 1.16996 0.000507795 -16858.8 -16228.5 -16673.7
  110 109.5 1.18807 0.000515656 -16947.6 -16519.2 -16480.8
  111 110.5 1.18486 0.000514264 -16611.1 -16582.6 -16319.5
  112 111.5 1.18449 0.000514101 -16573.7 -16305.7 -16564
  113 112.5 1.17557 0.000510229 -16417.6 -16502.9 -16463.8
  114 113.5 1.1713 0.000508375 -16626.7 -16952.6 -16674.6
  115 114.5 1.17408 0.000509583 -16597.8 -17080.8 -16602
  116 115.5 1.17394 0.000509521 -16727.5 -17148.1 -16610
  117 116.5 1.16878 0.000507281 -16586.9 -16865.9 -16769.4
  118 117.5 1.16398 0.000505198 -16290.6 -16205.2 -16728.9
  119 118.5 1.15851 0.000502826 -16378.5 -16558.2 -16760.6
  120 119.5 1.16643 0.000506264 -16372.7 -16508.8 -16692.1
  121 120.5 1.151 0.000499566 -16523 -16232.3 -16963.3
  122 121.5 1.16106 0.000503931 -16213.7 -16353.7 -16812
  123 122.5 1.16932 0.000507517 -16774 -16743.4 -16610.8
  124 123.5 1.16604 0.000506094 -17016 -17172.9 -16732.2
  125 124.5 1.16344 0.000504965 -16710.6 -17144.8 -16747.9
  126 125.5 1.16858 0.000507198 -16753.3 -16954.3 -16716.8
  127 126.5 1.17206 0.000508708 -16628.6 -16923.2 -16620.5
  128 127.5 1.18866 0.000515913 -16142.5 -16732.9 -16379
  129 128.5 1.1872 0.000515278 -16216.5 -16569.1 -16429.8
  130 129.5 1.19682 0.000519455 -16473.2 -16641.5 -16353.8
  131 130.5 1.19538 0.000518826 -16224.9 -16559.7 -16276.3
  132 131.5 1.18385 0.000513823 -16039.2 -16830.6 -16515.2
  133 132.5 1.18458 0.000514142 -16117.2 -16917.4 -16464.1
  134 133.5 1.17886 0.00051166 -16296.9 -16507.2 -16554.4
  135 134.5 1.18067 0.000512444 -16479 -16088.9 -16503.8
  136 135.5 1.17737 0.00051101 -16659.8 -16163.3 -16613.6
  137 136.5 1.19061 0.000516757 -16884.3 -16198 -16279
  138 137.5 1.16838 0.000507111 -16864.4 -16605.7 -16791.6
  139 138.5 1.16431 0.000505344 -16810 -16506.3 -16685.8
  140 139.5 1.17688 0.000510799 -17107.3 -16730.1 -16546.3
  141 140.5 1.16642 0.000506257 -17109.1 -16883.7 -16766.8
  142 141.5 1.15198 0.00049999 -16721.1 -16853.1 -16904.5
  143 142.5 1.15369 0.000500733 -16908.8 -16571.1 -16935.5
  144 143.5 1.1407 0.000495094 -16664.6 -16440.8 -17131.4
  145 144.5 1.14654 0.000497628 -16566.1 -16835.1 -16773.8
  146 145.5 1.16522 0.000505736 -16343.6 -16718.8 -16821.1
  147 146.5 1.15335 0.000500587 -16250.8 -16718.8 -16866
  148 147.5 1.17752 0.000511076 -15996.6 -16552.5 -16607.8
  149 148.5 1.16966 0.000507667 -15876.4 -16344.7 -16704.9
  150 149.5 1.17935 0.000511872 -15809.2 -16405.8 -16407.9
  151 150.5 1.17605 0.000510438 -16469.9 -16800.5 -16694.1
  152 151.5 1.16672 0.000506389 -16567.4 -16562.1 -16741.8
  153 152.5 1.18472 0.000514201 -16250.2 -16339.6 -16390.5
  154 153.5 1.18442 0.000514069 -16181.7 -16586.2 -16541.6
  155 154.5 1.18407 0.00051392 -16028.9 -16767.5 -16417.2
  156 155.5 1.19106 0.000516951 -16102.6 -16554.4 -16409.9
  157 156.5 1.1833 0.000513587 -16587.9 -16449.8 -16458
  158 157.5 1.18919 0.000516142 -16478.5 -16367.6 -16339.3
  159 158.5 1.18394 0.000513861 -16081.6 -16273.8 -16514.7
  160 159.5 1.18679 0.000515101 -16581.5 -16363.7 -16435.1
  161 160.5 1.17086 0.000508187 -16592.1 -16341.7 -16642.3
  162 161.5 1.17934 0.000511868 -16711.4 -16453.7 -16507.2
  163 162.5 1.17937 0.000511878 -16541.5 -16267.8 -16690.9
  164 163.5 1.17072 0.000508125 -16527.5 -16154 -16599.1
  165 164.5 1.17482 0.000509906 -16443.8 -16407.2 -16582.9
  166 165.5 1.19042 0.000516677 -16162.1 -16465 -16326.3
  167 166.5 1.1841 0.000513931 -16404.3 -16991 -16453.8
  168 167.5 1.19749 0.000519743 -16422 -16630.8 -16242.1
  169 168.5 1.18626 0.000514868 -16448.3 -16706.3 -16395.2
  170 169.5 1.17642 0.000510601 -16511.7 -16453.8 -16678.6
  171 170.5 1.18829 0.00051575 -16561.5 -16448.3 -16318.9
  172 171.5 1.18534 0.000514469 -16563.8 -16693.5 -16440.3
  173 172.5 1.1697 0.000507684 -16705.2 -16869.6 -16737.7
  174 173.5 1.17335 0.000509267 -16481 -16763.3 -16694.5
  175 174.5 1.17026 0.000507924 -16708.8 -16681.6 -16681.9
  176 175.5 1.1749 0.000509937 -16655 -16810.2 -16503.9
  177 176.5 1.18368 0.00051375 -16439.7 -16802 -16331.6
  178 177.5 1.18044 0.000512344 -16156.6 -16570.4 -16469.4
  179 178.5 1.16572 0.000505955 -16374.6 -16699.2 -16775.4
  180 179.5 1.17191 0.000508642 -16157.9 -16463.4 -16707.6
  181 180.5 1.18397 0.000513875 -16129.8 -16317 -16401.4
  182 181.5 1.17916 0.000511788 -16289.2 -16580.4 -16542.1
  183 182.5 1.17335 0.000509267 -16074.3 -17079.5 -16652.1
  184 183.5 1.18799 0.000515622 -16269.4 -16670.8 -16382.9
  185 184.5 1.18807 0.000515656 -16167.8 -16387.3 -16486.2
  186 185.5 1.17791 0.000511247 -16291 -16395.4 -16508.7
  187 186.5 1.19223 0.000517462 -16504.7 -16289.9 -16364.6
  188 187.5 1.18218 0.000513101 -16308.4 -16906.1 -16396
  189 188.5 1.18127 0.000512705 -16048.6 -16978.9 -16493.4
  190 189.5 1.1897 0.000516365 -15985 -16712.1 -16309.7
  191 190.5 1.18677 0.00051509 -16308.7 -16679.3 -16405.9
  192 191.5 1.18497 0.000514309 -16311.3 -16396.7 -16568.2
  193 192.5 1.1849 0.000514281 -16320.7 -16977.8 -16443.2
  194 193.5 1.18012 0.000512205 -16042.7 -16643.1 -16537.6
  195 194.5 1.18411 0.000513937 -16269.2 -16581.6 -16406.4
  196 195.5 1.17978 0.000512059 -16220.5 -16359.4 -16535.8
  197 196.5 1.17301 0.000509118 -16627.9 -16273.9 -16617.5
  198 197.5 1.17898 0.000511708 -16873.9 -16309.9 -16468.5
  199 198.5 1.18402 0.000513896 -16641 -16658.9 -16491.1
  200 199.5 1.16866 0.000507233 -16704.4 -16742.3 -16578.4
  201 200.5 1.17407 0.00050958 -16850.9 -16664.7 -16768.9
  202 201.5 1.17598 0.00051041 -16921.1 -16664.2 -16428.9
  203 202.5 1.16282 0.000504698 -16700.1 -16602 -16634.3
  204 203.5 1.15535 0.000501455 -16637.3 -16618.5 -16908.7
  205 204.5 1.15969 0.000503337 -16245.6 -16503.1 -16860.9
  206 205.5 1.17396 0.000509531 -16230.8 -16395.7 -16363.2
  207 206.5 1.17043 0.000508 -16825 -16414.4 -16645.2
  208 207.5 1.17886 0.00051166 -17002.8 -16266.1 -16333.6
  209 208.5 1.18263 0.000513295 -16894.6 -16418 -16209
  210 209.5 1.20185 0.000521635 -16445.8 -16655 -15905.9
  211 210.5 1.20262 0.000521972 -16719.9 -16426.7 -15825.5
  212 211.5 1.21622 0.000527872 -16756.7 -16134.6 -15361.7
  213 212.5 1.23525 0.000536132 -16369.6 -16122.7 -15038.7
  214 213.5 1.27623 0.00055392 -16133.6 -16061.7 -14247.3
  215 214.5 1.29878 0.000563705 -15535.9 -16167 -13629.8
  216 215.5 1.36326 0.000591694 -15076.6 -15397.1 -12318.7
  217 216.5 1.43282 0.000621882 -14667.6 -15113.4 -11255.6
  218 217.5 1.59689 0.000693094 -13769.2 -13819.7 -8789.71
  219 218.5 1.79873 0.000780698 -12298.1 -12485.2 -6573.88
  220 219.5 2.14073 0.000929135 -10369.2 -10769.4 -3697.21
  221 220.5 2.63686 0.00114447 -8591.84 -8603.41 -807.72
  222 221.5 3.40281 0.00147691 -6123.54 -6252.41 2081.73
  223 222.5 4.54039 0.00197066 -3236.75 -3195.35 4864.28
  224 223.5 6.1951 0.00268885 151.428 84.9445 7430.64
  225 224.5 8.58337 0.00372542 4168.45 4148.98 9490.12
  226 225.5 11.7887 0.00511661 8653.48 8466.77 11149.9
  227 226.5 15.8825 0.00689345 13303.6 13481.2 11822.4
  228 227.5 20.5872 0.00893542 17537.1 17574.1 11121.7
  229 228.5 25.1828 0.01093 20042.8 20240.8 9211.53
  230 229.5 29.0895 0.0126256 20720.8 20862.3 5746.56
  231 230.5 31.9933 0.013886 19270.6 19409.4 1903.32
  232 231.5 33.9193 0.0147219 16446.1 16561.9 -1711.04
  233 232.5 35.2522 0.0153004 12885.2 12905.2 -4301.15
  234 233.5 36.165 0.0156966 9510.09 9509.83 -5466.25
  235 234.5 36.6353 0.0159008 6806.42 6904.09 -5648.66
  236 235.5 37.0592 0.0160847 4509.01 4598.68 -5204.84
  237 236.5 37.3155 0.016196 3153.64 3033.36 -4517
  238 237.5 37.4601 0.0162587 1891.53 1862.11 -3943.28
  239 238.5 37.6023 0.0163204 1341.76 1090.91 -3087.54
  240 239.5 37.6954 0.0163609 750.904 438.1 -2519.24
  241 240.5 37.6511 0.0163416 219.315 62.3889 -2153.89
  242 241.5 37.7991 0.0164058 132.261 -5.79093 -1861.52
  243 242.5 37.759 0.0163884 -297.166 -327.833 -1513.87
  244 243.5 37.8577 0.0164313 -480.441 -547.079 -1025.48
  245 244.5 37.7939 0.0164036 -470.6 -427.406 -1235.97
  246 245.5 37.8565 0.0164308 -367.056 -242.637 -977.893
  247 246.5 37.7086 0.0163666 -116.868 -461.916 -602.179
  248 247.5 37.9432 0.0164684 -314.603 -624.712 -646.902
  249 248.5 37.8073 0.0164094 -475.735 -522.286 -734.087
  250 249.5 37.8044 0.0164082 -543.164 -410.659 -601.871
  251 250.5 37.8199 0.0164149 -705.482 -560.064 -574.884
  252 251.5 37.9256 0.0164608 -593.699 -675.484 -494.396
  253 252.5 37.819 0.0164145 -577.181 -464.344 -505.683
  254 253.5 37.8021 0.0164072 -193.132 -460.671 -554.632
  255 254.5 37.8808 0.0164413 -503.865 -537.329 -563.16
  256 255.5 37.9 0.0164497 -392.619 -309.502 -473.82
  257 256.5 37.8011 0.0164067 -541.03 -528.607 -372.264
  258 257.5 37.8718 0.0164374 -512.556 -382.511 -471.592
  259 258.5 37.8845 0.0164429 -648.553 -632.151 -717.005
  260 259.5 37.8741 0.0164384 -330.186 -489.442 -490.522
  261 260.5 37.7956 0.0164044 -677.748 -441.803 -459.735
  262 261.5 37.9191 0.0164579 -644.2 -259.182 -482.833
  263 262.5 37.9261 0.016461 -471.753 -405.163 -470.654
  264 263.5 37.7931 0.0164033 -625.552 -709.368 -589.852
  265 264.5 37.8694 0.0164364 -602.461 -395.941 -479.1
  266 265.5 37.9381 0.0164662 -598.248 -587.938 -570.886
  267 266.5 37.8422 0.0164246 -500.281 -553.724 -345.097
  268 267.5 37.8295 0.0164191 -543.811 -686.555 -564.17
  269 268.5 37.8401 0.0164236 -435.941 -461.821 -664.936
  270 269.5 37.9574 0.0164746 -457.26 -271.397 -388.568
  271 270.5 37.7932 0.0164033 -655.83 -418.662 -443.585
  272 271.5 37.8405 0.0164238 -565.489 -285.676 -527.485
  273 272.5 37.9527 0.0164725 -633.563 -319.8 -612.212
  274 273.5 37.8053 0.0164085 -519.698 -234.718 -403.399
  275 274.5 37.7768 0.0163962 -592.823 -610.185 -592.014
  276 275.5 37.9461 0.0164697 -337.091 -282.298 -370.854
  277 276.5 37.8746 0.0164386 -696.729 -538.545 -497.585
  278 277.5 37.7457 0.0163827 -615.208 -490.032 -472.614
  279 278.5 37.862 0.0164332 -533.904 -507.683 -614.016
  280 279.5 37.933 0.016464 -629.822 -616.57 -575.274
  281 280.5 37.8192 0.0164146 -457.725 -359.797 -292.541
  282 281.5 37.796 0.0164045 -778.32 -419.325 -508.686
  283 282.5 37.9356 0.0164651 -590.252 -455.257 -586.493
  284 283.5 37.8048 0.0164083 -689.854 -469.089 -606.915
  285 284.5 37.8297 0.0164192 -539.554 -441.045 -397.797
  286 285.5 37.8615 0.0164329 -600.921 -583.842 -472.503
  287 286.5 37.8775 0.0164399 -379.701 -469.305 -468.361
  288 287.5 37.7939 0.0164036 -558.98 -383.039 -506.64
  289 288.5 37.8565 0.0164308 -520.308 -566.675 -523.99
  290 289.5 37.8843 0.0164429 -477.554 -398.607 -454.68
  291 290.5 37.8107 0.0164109 -624.262 -637.106 -503.95
  292 291.5 37.838 0.0164227 -830.006 -765.496 -571.33
  293 292.5 37.893 0.0164466 -510.693 -804.974 -401.901
  294 293.5 37.8936 0.0164469 -662.31 -594.147 -611.6
  295 294.5 37.8124 0.0164116 -531.488 -510.726 -462.404
  296 295.5 37.8762 0.0164393 -689.351 -520.41 -452.057
  297 296.5 37.92 0.0164583 -698.919 -557.325 -673.163
  298 297.5 37.8298 0.0164192 -740.893 -624.043 -391.445
  299 298.5 37.8503 0.0164281 -644.636 -563.078 -516.76
  300 299.5 37.9081 0.0164531 -627.896 -585.363 -395.32
  301 300.5 37.8503 0.0164281 -541.772 -497.6 -695.591
  302 301.5 37.8871 0.0164441 -461.914 -302.168 -397.1
  303 302.5 37.8552 0.0164302 -518.248 -335.368 -492.182
  304 303.5 37.8464 0.0164264 -456.897 -525.678 -630.437
  305 304.5 37.8494 0.0164277 -287.359 -477.459 -438.275
  306 305.5 37.9061 0.0164523 -640.684 -565.976 -379.854
  307 306.5 37.8883 0.0164446 -521.007 -614.641 -617.888
  308 307.5 37.7938 0.0164036 -520.894 -695.798 -510.544
  309 308.5 37.9015 0.0164503 -386.994 -443.834 -470.032
  310 309.5 37.902 0.0164505 -614.327 -523.178 -459.281
  311 310.5 37.8759 0.0164392 -441.718 -541.013 -505.689
  312 311.5 37.8329 0.0164205 -480.676 -335.821 -515.085
  313 312.5 37.8883 0.0164446 -675.145 -553.031 -542.286
  314 313.5 37.9117 0.0164547 -474.088 -402.097 -384.543
  315 314.5 37.8279 0.0164184 -528.479 -411.539 -555.883
  316 315.5 37.8957 0.0164478 -655.59 -549.505 -586.858
  317 316.5 37.8494 0.0164277 -413.095 -479.985 -438.595
  318 317.5 37.9067 0.0164526 -320.366 -483.419 -559.104
  319 318.5 37.8392 0.0164232 -580.884 -575.177 -525.951
  320 319.5 37.833 0.0164206 -521.004 -361.019 -424.549
  321 320.5 37.9302 0.0164628 -602.429 -390.997 -464.324
  322 321.5 37.8669 0.0164353 -566.173 -349.267 -663.674
  323 322.5 37.7906 0.0164022 -706.3 -524.962 -426.122
  324 323.5 37.8926 0.0164464 -372.694 -376.827 -380.962
  325 324.5 37.9199 0.0164583 -337.596 -378.012 -595.48
  326 325.5 37.7628 0.0163901 -226.196 -308.09 -505.205
  327 326.5 37.8565 0.0164308 -349.735 -459.469 -460.962
  328 327.5 37.933 0.016464 -394.73 -488.571 -397.887
  329 328.5 37.8258 0.0164175 -527.767 -473.279 -498.949
  330 329.5 37.8136 0.0164121 -513.406 -540.312 -716.35
  331 330.5 37.8904 0.0164455 -429.612 -575.632 -342.843
  332 331.5 37.8846 0.0164429 -544.435 -648.301 -517.682
  333 332.5 37.8344 0.0164212 -469.68 -548.945 -503.593
  334 333.5 37.7963 0.0164047 -590.422 -535.832 -679.679
  335 334.5 37.9037 0.0164513 -377.851 -548.688 -276.921
  336 335.5 37.8829 0.0164422 -595.736 -713.659 -445.83
  337 336.5 37.8309 0.0164197 -481.635 -471.515 -627.089
  338 337.5 37.7796 0.0163974 -581.556 -390.223 -475.78
  339 338.5 37.8721 0.0164375 -451.312 -203.948 -524.979
  340 339.5 37.8908 0.0164456 -235.2 -478.426 -464.69
  341 340.5 37.7762 0.0163959 -467.79 -584.911 -556.76
  342 341.5 37.8738 0.0164383 -474.357 -618.253 -379.857
  343 342.5 37.9395 0.0164668 -427.196 -702.251 -461.736
  344 343.5 37.8041 0.016408 -415.194 -553.093 -673.163
  345 344.5 37.7658 0.0163914 -412.479 -544.436 -361.25
  346 345.5 37.9414 0.0164676 -639.359 -375.855 -595.733
  347 346.5 37.9089 0.0164535 -394.15 -161.141 -439.826
  348 347.5 37.7192 0.0163712 -454.795 -438.604 -565.314
  349 348.5 37.8825 0.016442 -582.409 -247.192 -586.632
  350 349.5 37.9204 0.0164585 -407.117 -300.635 -382.853
  351 350.5 37.8362 0.016422 -759.915 -665.568 -446.793
  352 351.5 37.7481 0.0163837 -655.632 -428.754 -498.346
  353 352.5 37.9278 0.0164617 -585.716 -483.791 -692.879
  354 353.5 37.8424 0.0164247 -797.581 -463.614 -445.775
  355 354.5 37.7806 0.0163978 -450.773 -268.996 -498.419
  356 355.5 37.8515 0.0164286 -327.582 -114.494 -368.021
  357 356.5 37.9168 0.0164569 -528.574 -394.484 -517.346
  358 357.5 37.7706 0.0163935 -666.457 -670.034 -534.186
  359 358.5 37.8678 0.0164357 -466.999 -500.854 -560.841
  360 359.5 37.8241 0.0164167 -459.96 -592.696 -458.412
  361 360.5 37.8513 0.0164285 -400.543 -701.323 -452.723
  362 361.5 37.8164 0.0164134 -379.609 -490.678 -522.163
  363 362.5 37.8477 0.016427 -292.27 -431.61 -496.183
  364 363.5 37.8565 0.0164308 -630.069 -893.106 -520.791
  365 364.5 37.8311 0.0164198 -618.997 -687.591 -572.609
  366 365.5 37.8088 0.01641 -593.532 -689.375 -552.986
  367 366.5 37.857 0.016431 -551.817 -724.056 -694.498
  368 367.5 37.8357 0.0164217 -474.385 -554.916 -493.802
  369 368.5 37.8181 0.0164141 -356.686 -396.856 -657.98
  370 369.5 37.8037 0.0164079 -9.04984 -315.423 -803.809
  371 370.5 37.8343 0.0164212 -202.225 -281.649 -867.146
  372 371.5 37.7681 0.0163924 -249.585 -146.029 -1014.82
  373 372.5 37.862 0.0164331 -305.153 -167.977 -1152.73
  374 373.5 37.7973 0.0164051 -117.18 44.2316 -1167.87
  375 374.5 37.7119 0.016368 241.13 4.00879 -1512.64
  376 375.5 37.8201 0.016415 159.696 78.2568 -1962.61
  377 376.5 37.6669 0.0163485 556.6 608.022 -2201.7
  378 377.5 37.612 0.0163247 1047.08 977.876 -2512.64
  379 378.5 37.5435 0.0162949 1510.01 1547.94 -3117.4
  380 379.5 37.4153 0.0162393 2632.31 2642.92 -3708.35
  381 380.5 37.1386 0.0161192 4016.6 3843.66 -3874.4
  382 381.5 36.8236 0.0159825 5796.75 5757.63 -3975.5
  383 382.5 36.421 0.0158077 8041.2 8119.8 -3132.8
  384 383.5 35.7012 0.0154953 10741.5 10502.2 -1413.34
  385 384.5 34.6104 0.0150219 12619.3 12730.1 1060.21
  386 385.5 33.3969 0.0144952 13605.5 13563.6 3983.11
  387 386.5 31.9469 0.0138658 12509.2 12564.6 5789.67
  388 387.5 30.4495 0.0132159 9783.77 9781.84 6266.21
  389 388.5 29.485 0.0127973 6459.55 6408.13 5255.46
  390 389.5 29.1963 0.012672 4156.31 4061.49 3925.74
  391 390.5 29.3559 0.0127413 2707.22 2818.39 2536.43
  392 391.5 29.708 0.0128941 2317.68 2350.86 1367.38
  393 392.5 30.1204 0.0130731 1856.83 1933.2 116.979
  394 393.5 30.5195 0.0132463 1532.77 1500.68 -666.66
  395 394.5 30.7176 0.0133323 1106.15 1239.08 -1007.5
  396 395.5 31.0126 0.0134603 846.815 712.473 -1418.49
  397 396.5 31.178 0.0135321 585.243 714.592 -1221.11
  398 397.5 31.3026 0.0135862 317.02 371.109 -1171.99
  399 398.5 31.3921 0.013625 75.6065 43.87 -1132.5
  400 399.5 31.4737 0.0136604 -1.35299 -36.3857 -1153.32
  401 400.5 31.5442 0.013691 -100.174 -184.24 -954.696
  402 401.5 31.533 0.0136862 -295.433 -334.215 -1016.36
  403 402.5 31.672 0.0137465 -335.371 -328.181 -862.066
  404 403.5 31.5974 0.0137141 -481.248 -582.472 -789.139
  405 404.5 31.605 0.0137174 -430.556 -441.604 -742.695
  406 405.5 31.6706 0.0137459 -477.882 -653.883 -807.109
  407 406.5 31.6121 0.0137205 -489.421 -579.879 -707.074
  408 407.5 31.6586 0.0137407 -582.687 -601.152 -657.078
  409 408.5 31.6249 0.0137261 -593.118 -401.182 -817.557
  410 409.5 31.6737 0.0137473 -573.579 -327.177 -611.261
  411 410.5 31.6161 0.0137223 -527.953 -604.382 -526.414
  412 411.5 31.6936 0.0137559 -596.009 -565.521 -610.947
  413 412.5 31.6543 0.0137389 -419.689 -674.199 -632.192
  414 413.5 31.6257 0.0137264 -545.241 -518.642 -718.99
  415 414.5 31.6899 0.0137543 -535.906 -681.301 -559.683
  416 415.5 31.6694 0.0137454 -636.841 -550.3 -634.693
  417 416.5 31.653 0.0137383 -704.271 -563.985 -562.689
  418 417.5 31.6508 0.0137373 -626.739 -715.613 -604.076
  419 418.5 31.7207 0.0137677 -615.431 -521.951 -676.141
  420 419.5 31.649 0.0137365 -571.536 -569.744 -597.945
  421 420.5 31.6456 0.0137351 -533.819 -581.626 -608.545
  422 421.5 31.6942 0.0137562 -525.452 -562.222 -560.116
  423 422.5 31.6775 0.0137489 -530.504 -681.945 -631.153
  424 423.5 31.654 0.0137387 -445.421 -445.349 -672.245
  425 424.5 31.6971 0.0137574 -674.815 -538.305 -672.385
  426 425.5 31.6773 0.0137488 -437.916 -498.929 -373.562
  427 426.5 31.7227 0.0137685 -622.692 -626.894 -691.552
  428 427.5 31.671 0.0137461 -547.529 -619.009 -749.038
  429 428.5 31.6207 0.0137243 -552.28 -542.217 -512.017
  430 429.5 31.6928 0.0137556 -548.079 -545.249 -614.277
  431 430.5 31.7637 0.0137863 -614.669 -548.502 -662.184
  432 431.5 31.6176 0.0137229 -478.558 -523.295 -440.19
  433 432.5 31.653 0.0137383 -580.021 -536.345 -599.253
  434 433.5 31.6819 0.0137508 -625.09 -574.342 -750.089
  435 434.5 31.6785 0.0137494 -602.291 -526.932 -634.858
  436 435.5 31.6762 0.0137484 -472.907 -563.063 -466.762
  437 436.5 31.6569 0.01374 -843.18 -578.39 -605.619
  438 437.5 31.7353 0.013774 -744.35 -685.595 -699.773
  439 438.5 31.6346 0.0137303 -724.686 -698.926 -631.062
  440 439.5 31.6769 0.0137486 -585.439 -584.962 -558.126
  441 440.5 31.7125 0.0137641 -556.585 -588.43 -571.268
  442 441.5 31.6684 0.013745 -641.953 -763.484 -573.482
  443 442.5 31.6837 0.0137516 -757.114 -714.866 -591.977
  444 443.5 31.6757 0.0137481 -619.621 -681.132 -783.414
  445 444.5 31.6999 0.0137586 -550.957 -482.201 -572.921
  446 445.5 31.7289 0.0137712 -477.098 -483.227 -433.852
  447 446.5 31.6811 0.0137505 -623.76 -640.796 -609.128
  448 447.5 31.6991 0.0137583 -660.895 -432.309 -707.636
  449 448.5 31.6843 0.0137519 -608.532 -469.815 -579.278
  450 449.5 31.6608 0.0137416 -630.167 -481.176 -544.56
  451 450.5 31.7164 0.0137658 -768.931 -747.158 -774.623
  452 451.5 31.669 0.0137452 -655.41 -537.308 -528.384
  453 452.5 31.7305 0.0137719 -602.415 -553.316 -537.302
  454 453.5 31.7266 0.0137702 -557.586 -581.291 -602.444
  455 454.5 31.6504 0.0137371 -661.186 -577.831 -703.589
  456 455.5 31.6733 0.0137471 -729.294 -537.779 -590.558
  457 456.5 31.7904 0.0137979 -704.578 -461.494 -560.765
  458 457.5 31.721 0.0137678 -628.402 -495.515 -574.841
  459 458.5 31.5645 0.0136999 -732.935 -581.295 -629.363
  460 459.5 31.7116 0.0137637 -720.417 -711.116 -671.058
  461 460.5 31.809 0.013806 -753.401 -694.382 -492.601
  462 461.5 31.6066 0.0137182 -512.812 -546.078 -521.906
  463 462.5 31.6268 0.0137269 -618.253 -616.369 -800.012
  464 463.5 31.7955 0.0138001 -657.838 -684.557 -602.706
  465 464.5 31.7182 0.0137666 -674.256 -808.467 -496.933
  466 465.5 31.6324 0.0137293 -518.855 -549.309 -519.342
  467 466.5 31.7118 0.0137638 -654.418 -721.888 -673.599
  468 467.5 31.7675 0.013788 -366.792 -678.862 -630.734
  469 468.5 31.6561 0.0137396 -634.116 -626.191 -613.689
  470 469.5 31.7178 0.0137664 -548.088 -624.555 -592.41
  471 470.5 31.8156 0.0138088 -490.404 -730.408 -602.297
  472 471.5 31.7628 0.0137859 -756.692 -746.224 -617.495
  473 472.5 31.7104 0.0137632 -691.241 -619.885 -574.517
  474 473.5 31.7646 0.0137867 -665.183 -644.764 -641.625
  475 474.5 31.785 0.0137956 -628.216 -571.948 -599.338
  476 475.5 31.7033 0.0137601 -465.896 -427.712 -665.799
  477 476.5 31.7169 0.013766 -475.006 -555.737 -581.678
  478 477.5 31.7907 0.013798 -701.1 -406.504 -541.366
  479 478.5 31.7707 0.0137894 -610.018 -612.626 -671.873
  480 479.5 31.7211 0.0137679 -599.476 -594.875 -595.694
70000000 480 11347.999999999995
  1 0.5 31.6385 0.013732 -503.053 -635.923 -690.895
  2 1.5 31.6568 0.0137399 -555.284 -715.041 -727.922
  3 2.5 31.6954 0.0137567 -619.249 -583.661 -485.106
  4 3.5 31.7112 0.0137636 -668.896 -739.262 -698.75
  5 4.5 31.6873 0.0137532 -578.183 -657.03 -511.569
  6 5.5 31.6475 0.0137359 -578.368 -762.547 -618.594
  7 6.5 31.6671 0.0137444 -681.423 -630.132 -690.407
  8 7.5 31.6629 0.0137426 -753.603 -717.078 -696.683
  9 8.5 31.7018 0.0137595 -694.486 -568.642 -611.754
  10 9.5 31.6639 0.013743 -612.986 -461.173 -494.134
  11 10.5 31.5988 0.0137147 -644.488 -588.834 -712.14
  12 11.5 31.7137 0.0137646 -562.311 -642.698 -649.056
  13 12.5 31.6392 0.0137323 -554.827 -820.216 -597.872
  14 13.5 31.6458 0.0137352 -517.313 -670.231 -620.654
  15 14.5 31.6723 0.0137466 -640.266 -722.763 -620.895
  16 15.5 31.7168 0.013766 -560.532 -719.157 -523.573
  17 16.5 31.6502 0.0137371 -642.329 -630.431 -674.346
  18 17.5 31.5806 0.0137069 -751.569 -609.518 -636.955
  19 18.5 31.6803 0.0137501 -557.794 -386.642 -725.366
  20 19.5 31.764 0.0137864 -644.836 -624.863 -485.831
  21 20.5 31.5856 0.013709 -494.664 -619.198 -534.961
  22 21.5 31.658 0.0137405 -559.179 -717.206 -683.563
  23 22.5 31.7484 0.0137797 -642.142 -647.471 -683.916
  24 23.5 31.6768 0.0137486 -654.43 -638.37 -568.156
  25 24.5 31.6034 0.0137168 -684.798 -665.494 -725.752
  26 25.5 31.7056 0.0137611 -670.725 -651.796 -636.691
  27 26.5 31.7081 0.0137622 -588.786 -550.037 -514.295
  28 27.5 31.7036 0.0137603 -725.46 -533.056 -606.586
  29 28.5 31.6544 0.0137389 -600.28 -732.753 -743.472
  30 29.5 31.697 0.0137574 -651.911 -587.732 -551.949
  31 30.5 31.6612 0.0137418 -675.747 -642.061 -702.007
  32 31.5 31.7107 0.0137633 -655.25 -553.513 -638.727
  33 32.5 31.6758 0.0137482 -668.762 -657.367 -582.746
  34 33.5 31.7077 0.013762 -714.588 -650.599 -577.325
  35 34.5 31.7084 0.0137623 -526.243 -651.549 -643.699
  36 35.5 31.6594 0.0137411 -564.51 -682.021 -639.836
  37 36.5 31.7178 0.0137664 -725.441 -724.406 -637.151
  38 37.5 31.6996 0.0137585 -682.528 -675.09 -663.935
  39 38.5 31.7131 0.0137644 -701.268 -626.422 -586.929
  40 39.5 31.6496 0.0137368 -646.03 -585.932 -614.024
  41 40.5 31.6942 0.0137562 -533.33 -614.072 -705.667
  42 41.5 31.6967 0.0137572 -441.652 -453.971 -560.466
  43 42.5 31.6843 0.0137519 -567.665 -586.425 -716.667
  44 43.5 31.7113 0.0137636 -494.51 -429.628 -563.487
  45 44.5 31.6339 0.01373 -605.936 -648.87 -748.108
  46 45.5 31.7 0.0137587 -624.574 -604.044 -728.604
  47 46.5 31.6667 0.0137442 -521.734 -570.496 -766.706
  48 47.5 31.6912 0.0137548 -626.44 -574.247 -661.568
  49 48.5 31.6875 0.0137532 -561.128 -547.506 -858.369
  50 49.5 31.6053 0.0137176 -599.007 -493.24 -822.363
  51 50.5 31.601 0.0137157 -361.813 -443.274 -893.396
  52 51.5 31.6686 0.013745 -310.111 -397.78 -964.094
  53 52.5 31.5676 0.0137012 -391.06 -466.173 -1049.45
  54 53.5 31.4605 0.0136547 -241.292 -161.619 -1265.32
  55 54.5 31.4671 0.0136576 -180.227 -247.232 -1370.37
  56 55.5 31.4137 0.0136344 111.966 76.7996 -1391.08
  57 56.5 31.1973 0.0135405 400.109 352.563 -1691.29
  58 57.5 31.1002 0.0134983 510.271 515.506 -1805.48
  59 58.5 30.8916 0.0134078 916.056 1037.77 -2177.28
  60 59.5 30.64 0.0132986 1278.17 1310.69 -2311.05
  61 60.5 30.2426 0.0131261 1885.32 2035.56 -2396
  62 61.5 29.8224 0.0129437 2488.95 2534.79 -2399.22
  63 62.5 29.1188 0.0126384 3006.71 3105.19 -2648.44
  64 63.5 28.2707 0.0122703 3786.27 3863.15 -2258.08
  65 64.5 27.0795 0.0117533 4698.1 4540.63 -1894.83
  66 65.5 25.6478 0.0111318 5213.08 5181.5 -1259.13
  67 66.5 23.7831 0.0103225 5644.07 5662.6 -156.153
  68 67.5 21.5513 0.00935385 5865.39 5801.59 642.965
  69 68.5 18.9867 0.00824074 5852.07 5668.8 1618.8
  70 69.5 16.3278 0.00708672 5383.89 5325.41 2848.09
  71 70.5 13.5288 0.00587187 4498.77 4258.67 3814.8
  72 71.5 10.9301 0.00474399 3125.98 2960.76 4304.37
  73 72.5 8.58208 0.00372486 1576.17 1581.59 4684.56
  74 73.5 6.60734 0.00286777 -572.31 -421.972 4359.6
  75 74.5 5.05871 0.00219562 -2665.05 -2765.8 3512.45
  76 75.5 3.86361 0.00167691 -5305.51 -5166.72 2188.31
  77 76.5 3.02752 0.00131403 -7373.14 -7407.72 15.0107
  78 77.5 2.43315 0.00105606 -9419.4 -9363.51 -2510.6
  79 78.5 2.01465 0.000874413 -11460.5 -11121.8 -5148.6
  80 79.5 1.71014 0.000742247 -12945.5 -12897.2 -8282.55
  81 80.5 1.54449 0.000670351 -14294 -13707.8 -10271.2
  82 81.5 1.4223 0.000617316 -14836.2 -14680.5 -11914.8
  83 82.5 1.34674 0.000584524 -15329.7 -15147.9 -13247
  84 83.5 1.28969 0.00055976 -15924.9 -15862.9 -14361
  85 84.5 1.2686 0.000550608 -16240.7 -16178.2 -14961.2
  86 85.5 1.22801 0.00053299 -16367.6 -16035.1 -15624
  87 86.5 1.2052 0.00052309 -16515.5 -16588.1 -16078.6
  88 87.5 1.18464 0.000514167 -16633.5 -16428.7 -16610.4
  89 88.5 1.18513 0.000514378 -16589.8 -16594.8 -16730.8
  90 89.5 1.19924 0.000520503 -16901.5 -16755.8 -16427.5
  91 90.5 1.18972 0.000516372 -16846.2 -16824.3 -16638.5
  92 91.5 1.19541 0.00051884 -16861.5 -16678.2 -16757.2
  93 92.5 1.20153 0.000521497 -17267.3 -16840.1 -16600.8
  94 93.5 1.19536 0.000518819 -17260.8 -16646.9 -16635.7
  95 94.5 1.20195 0.000521681 -17916.6 -16633.7 -16631.6
  96 95.5 1.19806 0.00051999 -17569.6 -16441.7 -16764.2
  97 96.5 1.18588 0.000514705 -17559.2 -16383.9 -16885.1
  98 97.5 1.18302 0.000513462 -17189.6 -16938.4 -17030
  99 98.5 1.20029 0.000520958 -16989.5 -16970.4 -16634.4
  100 99.5 1.21532 0.000527483 -16855.8 -16642.2 -16396
  101 100.5 1.20688 0.000523819 -17236.4 -16613.5 -16540
  102 101.5 1.20026 0.000520948 -16839.4 -16630.9 -16742.7
  103 102.5 1.19176 0.000517257 -17192.1 -16187 -16844.6
  104 103.5 1.1801 0.000512198 -17138 -16202.6 -16999.4
  105 104.5 1.18028 0.000512274 -16691.6 -16317.4 -16979.5
  106 105.5 1.16571 0.000505951 -16963.4 -16073.7 -17277.6
  107 106.5 1.15961 0.000503302 -16694.2 -16260.4 -17238.3
  108 107.5 1.16124 0.00050401 -16706.3 -16444.8 -17029.4
  109 108.5 1.17179 0.00050859 -16748 -16778.9 -17068.9
  110 109.5 1.17628 0.000510538 -16527.3 -16760.8 -17033.9
  111 110.5 1.18676 0.000515087 -16836.1 -16753.5 -16876.3
  112 111.5 1.18074 0.000512476 -16768.3 -16939.8 -17023.9
  113 112.5 1.18906 0.000516087 -16976.5 -16832.4 -16911.7
  114 113.5 1.1754 0.000510156 -17171.7 -16760.2 -17051
  115 114.5 1.19212 0.000517413 -16841.2 -16630.8 -16631.9
  116 115.5 1.18845 0.000515819 -16967.5 -16632.3 -16941
  117 116.5 1.18439 0.000514059 -16606.8 -16517.3 -16914.2
  118 117.5 1.19164 0.000517205 -17078.3 -16618.8 -16662.6
  119 118.5 1.19178 0.000517267 -17007.7 -16713.5 -16833.8
  120 119.5 1.19147 0.000517132 -16828 -16738.5 -16722.4
  121 120.5 1.17812 0.000511337 -16974.2 -16452.4 -17060.7
  122 121.5 1.18062 0.000512424 -16841.2 -16614.5 -17068
  123 122.5 1.20532 0.000523142 -16793.3 -16801.2 -16523.4
  124 123.5 1.20306 0.000522163 -16975.5 -16371.1 -16572.9
  125 124.5 1.19806 0.000519993 -17020.8 -16777.7 -16762.5
  126 125.5 1.19206 0.000517385 -16867.1 -16548.2 -16752
  127 126.5 1.18516 0.000514392 -16637.9 -16196 -16853.7
  128 127.5 1.19708 0.000519566 -16817.6 -16265.1 -16843.3
  129 128.5 1.20498 0.000522997 -17068.1 -16633.6 -16551.8
  130 129.5 1.19896 0.000520382 -16977.1 -16680 -16693.4
  131 130.5 1.19502 0.000518674 -16856.1 -16860.6 -16777.8
  132 131.5 1.20898 0.000524729 -16901.4 -16536.3 -16562.8
  133 132.5 1.19704 0.000519549 -16715.3 -16642.4 -16778
  134 133.5 1.212 0.000526042 -17251.4 -16895.8 -16500.2
  135 134.5 1.20758 0.000524122 -17038.2 -16778.3 -16571.4
  136 135.5 1.2091 0.000524781 -16825.6 -16744.5 -16543.3
  137 136.5 1.2039 0.000522524 -16621.7 -16766.1 -16666.1
  138 137.5 1.20178 0.000521604 -16563.9 -16750.9 -16680.7
  139 138.5 1.20246 0.000521903 -16731.4 -17130.5 -16605.7
  140 139.5 1.19061 0.000516757 -16428.1 -17227.2 -16835.1
  141 140.5 1.18429 0.000514014 -16339.7 -17141.2 -16933.1
  142 141.5 1.18747 0.000515396 -16530.3 -17196.2 -16899.8
  143 142.5 1.18805 0.000515646 -16542.3 -17213.1 -16824.5
  144 143.5 1.16459 0.000505465 -16983.5 -17040.3 -17146.1
  145 144.5 1.16746 0.000506712 -16751.5 -17266.5 -17057.5
  146 145.5 1.177 0.000510851 -16809 -17185.6 -17009.5
  147 146.5 1.18482 0.000514247 -16708.5 -17196.7 -16857.2
  148 147.5 1.17355 0.000509354 -16605.5 -16892.5 -17119.5
  149 148.5 1.15866 0.000502892 -16863.1 -16841.7 -17337.3
  150 149.5 1.17701 0.000510854 -16783.1 -17233.7 -17027.6
  151 150.5 1.183 0.000513455 -17181.9 -17138.8 -16887.4
  152 151.5 1.1761 0.000510458 -17138.1 -17133.3 -17036.8
  153 152.5 1.18433 0.000514031 -16725 -16997.1 -16861.8
  154 153.5 1.18158 0.000512837 -17122.4 -17178.9 -17010.7
  155 154.5 1.19484 0.000518594 -17043.6 -17133.4 -16687.6
  156 155.5 1.18394 0.000513865 -17060.8 -16880.1 -16892.9
  157 156.5 1.18794 0.000515601 -16671.1 -16813.2 -16836.9
  158 157.5 1.16906 0.000507403 -17131.6 -16803.7 -17256.3
  159 158.5 1.1793 0.000511851 -16612.7 -16733.3 -16949.6
  160 159.5 1.18634 0.000514903 -16709.3 -17149.5 -16824.6
  161 160.5 1.18287 0.000513399 -17354.9 -17132.4 -16971
  162 161.5 1.18513 0.000514378 -16847.8 -17260 -16919.6
  163 162.5 1.1827 0.000513323 -16367.6 -17552.7 -16784.5
  164 163.5 1.16836 0.000507101 -16704.2 -17242.2 -17263.4
  165 164.5 1.17854 0.000511521 -16706.8 -17522.4 -17083.4
  166 165.5 1.18334 0.000513604 -16817.3 -16900 -16752.7
  167 166.5 1.16574 0.000505965 -16489.5 -16866.8 -17132.8
  168 167.5 1.17336 0.000509271 -17100.7 -16728.2 -17036.2
  169 168.5 1.16581 0.000505993 -17317 -16992.9 -17169.3
  170 169.5 1.17698 0.000510844 -18049.4 -16708.2 -17041.3
  171 170.5 1.19659 0.000519354 -17725.2 -16522.7 -16752.3
  172 171.5 1.2075 0.000524087 -17103.9 -16692.6 -16527.1
  173 172.5 1.2107 0.000525479 -17058.7 -16788.8 -16606.1
  174 173.5 1.20058 0.000521087 -16765.2 -17077.1 -16669.8
  175 174.5 1.20147 0.000521472 -17223.9 -17117.8 -16773.4
  176 175.5 1.20422 0.000522667 -16834.4 -17055.8 -16589
  177 176.5 1.20534 0.000523153 -16808.6 -17021 -16624.9
  178 177.5 1.20142 0.000521451 -16863.6 -17311.6 -16690.8
  179 178.5 1.2023 0.000521833 -17044.5 -17199.6 -16667.1
  180 179.5 1.21209 0.00052608 -17071.3 -17293.9 -16393.3
  181 180.5 1.19386 0.00051817 -16876.8 -17184.8 -16806.7
  182 181.5 1.2076 0.000524132 -17047.1 -17187.8 -16543.5
  183 182.5 1.19833 0.000520108 -17242.3 -16827.4 -16726.1
  184 183.5 1.19482 0.000518583 -17088.7 -16920.1 -16853.4
  185 184.5 1.18769 0.00051549 -17114 -16373.2 -16944.2
  186 185.5 1.18423 0.00051399 -17046.7 -16764.4 -16903.1
  187 186.5 1.17647 0.000510622 -16807.6 -16166.5 -16817.5
  188 187.5 1.18784 0.000515556 -16537.9 -16037.8 -16933.4
  189 188.5 1.17622 0.000510514 -16777.8 -15950.3 -17000.8
  190 189.5 1.17866 0.000511573 -16589.2 -16150.9 -17065.2
  191 190.5 1.18045 0.000512347 -16575.5 -16026.5 -16988
  192 191.5 1.18311 0.000513503 -16144.3 -15847.7 -16879.9
  193 192.5 1.18758 0.000515441 -16648.3 -16353.6 -16817.2
  194 193.5 1.1834 0.000513628 -16581.3 -16376.5 -17023.9
  195 194.5 1.19238 0.000517524 -16244.5 -16298.1 -16795.2
  196 195.5 1.20816 0.000524375 -16764.8 -16274.2 -16581.4
  197 196.5 1.21356 0.000526719 -16652.8 -16273.8 -16434.1
  198 197.5 1.20991 0.000525135 -16741.2 -16810.3 -16499.3
  199 198.5 1.20416 0.000522639 -16553.8 -16466 -16709.8
  200 199.5 1.20131 0.000521403 -16527.8 -16156.5 -16705.4
  201 200.5 1.19505 0.000518684 -16482 -16566.1 -16748.4
  202 201.5 1.20148 0.000521476 -16425 -16598.2 -16560.1
  203 202.5 1.21019 0.000525257 -16803.3 -16406.3 -16459.7
  204 203.5 1.20329 0.00052226 -16592.4 -16491.1 -16604.2
  205 204.5 1.1825 0.00051324 -16241.8 -16023.8 -16825.8
  206 205.5 1.19108 0.000516962 -16429.5 -15969.2 -16791.3
  207 206.5 1.20795 0.000524285 -16360.3 -15995.4 -16566.9
  208 207.5 1.21254 0.000526278 -16491.6 -16369.9 -16267.7
  209 208.5 1.22754 0.000532785 -16467.8 -16158.1 -15923.3
  210 209.5 1.23114 0.000534347 -16477.6 -16088.6 -15884.6
  211 210.5 1.24893 0.000542069 -16431.6 -16234.8 -15586.2
  212 211.5 1.27846 0.000554889 -15927 -15765.1 -14948.7
  213 212.5 1.30162 0.000564938 -15810.3 -15510.2 -14515.4
  214 213.5 1.35518 0.000588184 -15351.9 -15516.3 -13486.2
  215 214.5 1.3975 0.000606556 -15469.4 -15247.2 -12794.8
  216 215.5 1.4891 0.000646312 -14747.8 -14874.3 -11408.4
  217 216.5 1.60495 0.000696594 -13830.6 -13933.9 -9743.49
  218 217.5 1.77609 0.000770872 -12982.4 -12492.1 -7921.56
  219 218.5 2.0414 0.000886024 -11385.1 -11067.3 -5169.11
  220 219.5 2.43351 0.00105621 -9381.17 -9417.08 -2637.05
  221 220.5 3.03674 0.00131803 -7439.63 -7449.21 73.2368
  222 221.5 3.87707 0.00168276 -5276.78 -5228.63 2362.88
  223 222.5 5.11646 0.00222069 -2492.43 -2507.47 4809.71
  224 223.5 6.92109 0.00300394 787.015 738.127 7106.31
  225 224.5 9.43254 0.00409399 4586.5 4747.59 9175.13
  226 225.5 12.6823 0.00550449 8907.99 8965.43 10302
  227 226.5 16.7404 0.00726578 13314 13464.4 11176.3
  228 227.5 21.3711 0.00927566 17707.2 17558.7 10751
  229 228.5 25.9059 0.0112439 20015.2 20034.1 8576.51
  230 229.5 29.5329 0.0128181 20615.9 20566.9 5324.17
  231 230.5 32.2908 0.0140151 18966 18987.4 1503.34
  232 231.5 34.2345 0.0148587 16027.7 15853.9 -1949.67
  233 232.5 35.4837 0.0154009 12482.9 12394.8 -4493.73
  234 233.5 36.198 0.015711 9245.18 9283.29 -5472.16
  235 234.5 36.8071 0.0159753 6502.34 6494.44 -5625.27
  236 235.5 37.169 0.0161324 4507.94 4514.04 -5120.45
  237 236.5 37.363 0.0162166 2801.75 3007.53 -4436.3
  238 237.5 37.518 0.0162839 1637.39 1850.83 -3817.52
  239 238.5 37.713 0.0163685 1039.76 962.501 -3157.57
  240 239.5 37.7203 0.0163716 552.205 686.685 -2457.64
  241 240.5 37.7952 0.0164042 347.303 29.8264 -2138.67
  242 241.5 37.8101 0.0164106 -9.21329 -143.771 -1841.77
  243 242.5 37.8965 0.0164481 -155.678 -337.601 -1368.06
  244 243.5 37.883 0.0164423 -259.23 -300.071 -1220.83
  245 244.5 37.8499 0.0164279 -300.316 -458.966 -1098.95
  246 245.5 37.929 0.0164622 -406.937 -580.689 -888.847
  247 246.5 37.9244 0.0164602 -474.357 -576.091 -693.467
  248 247.5 37.8704 0.0164368 -438.506 -542.295 -816.421
  249 248.5 37.8935 0.0164468 -547.393 -562.109 -649.043
  250 249.5 37.9375 0.0164659 -449.324 -383.38 -564.48
  251 250.5 37.9181 0.0164575 -502.912 -232.551 -571.437
  252 251.5 37.8327 0.0164205 -373.202 -462.594 -521.323
  253 252.5 37.9507 0.0164717 -313.674 -252.377 -614.356
  254 253.5 37.8982 0.0164489 -202.209 -402.827 -391.881
  255 254.5 37.8869 0.016444 -461.838 -424.26 -528.748
  256 255.5 37.8892 0.016445 -363.992 -402.529 -590.885
  257 256.5 37.9348 0.0164648 -455.474 -296.105 -556.142
  258 257.5 37.8836 0.0164425 -381.935 -779.959 -459.87
  259 258.5 37.9251 0.0164606 -699.425 -564.039 -515.739
  260 259.5 37.9132 0.0164554 -574.204 -625.478 -618.01
  261 260.5 37.8869 0.016444 -372.247 -432.261 -555.539
  262 261.5 37.9139 0.0164557 -462.426 -344.552 -371.05
  263 262.5 37.9298 0.0164626 -798.013 -726.999 -437.349
  264 263.5 37.887 0.016444 -517.131 -533.877 -733.245
  265 264.5 37.878 0.0164401 -562.11 -573.454 -574.696
  266 265.5 37.9388 0.0164665 -507.441 -369.237 -368.062
  267 266.5 37.9245 0.0164603 -634.828 -525.484 -458.761
  268 267.5 37.8411 0.0164241 -896.303 -194.537 -631.382
  269 268.5 37.8829 0.0164422 -827.479 -495.46 -566.204
  270 269.5 37.9255 0.0164607 -789.246 -507.181 -311.419
  271 270.5 37.9194 0.0164581 -658.444 -511.491 -566.197
  272 271.5 37.8168 0.0164136 -808.916 -654.409 -717.458
  273 272.5 37.9294 0.0164624 -658.426 -496.325 -417.174
  274 273.5 37.9038 0.0164513 -684.585 -553.484 -491.426
  275 274.5 37.9067 0.0164526 -609.531 -472.468 -403.599
  276 275.5 37.8186 0.0164143 -667.942 -502.044 -652.918
  277 276.5 37.9437 0.0164686 -409.492 -607.878 -460.203
  278 277.5 37.9279 0.0164618 -388.966 -533.48 -478.093
  279 278.5 37.7885 0.0164012 -387.095 -668.348 -488.93
  280 279.5 37.923 0.0164596 -619.947 -744.155 -543.515
  281 280.5 37.9665 0.0164785 -399.957 -544.919 -443.524
  282 281.5 37.8016 0.0164069 -337.962 -568.819 -626.398
  283 282.5 37.909 0.0164536 -422.963 -729.039 -542.483
  284 283.5 37.9001 0.0164497 -489.571 -551.428 -460.299
  285 284.5 37.9507 0.0164717 -510.485 -531.06 -336.638
  286 285.5 37.8487 0.0164274 -548.983 -805.458 -744.964
  287 286.5 37.8871 0.016444 -466.033 -506.607 -503.695
  288 287.5 37.9296 0.0164625 -598.236 -356.476 -402.138
  289 288.5 37.9472 0.0164701 -792.433 -404.663 -595.314
  290 289.5 37.8394 0.0164233 -606.976 -546.403 -427.362
  291 290.5 37.9067 0.0164526 -312.788 -543.847 -558.232
  292 291.5 37.9439 0.0164687 -553.66 -464.301 -546.279
  293 292.5 37.9018 0.0164504 -561.664 -515.331 -423.499
  294 293.5 37.8823 0.016442 -658.827 -552.407 -518.345
  295 294.5 37.91 0.016454 -594.869 -570.763 -542.46
  296 295.5 37.9551 0.0164736 -371.904 -440.514 -438.761
  297 296.5 37.8296 0.0164191 -376.558 -380.321 -532.581
  298 297.5 37.8778 0.01644 -384.92 -455.973 -608.578
  299 298.5 37.9956 0.0164911 -417.727 -420.394 -521.661
  300 299.5 37.8866 0.0164438 -469.31 -296.96 -448.301
  301 300.5 37.8666 0.0164352 -725.962 -588.815 -438.256
  302 301.5 37.9448 0.0164691 -599.847 -565.922 -575.939
  303 302.5 37.9482 0.0164706 -757.065 -879.47 -574.447
  304 303.5 37.8599 0.0164323 -605.174 -698.812 -400.454
  305 304.5 37.928 0.0164618 -704.738 -787.102 -717.726
  306 305.5 37.9382 0.0164663 -736.677 -699.122 -353.414
  307 306.5 37.917 0.016457 -711.612 -824.737 -477.719
  308 307.5 37.87 0.0164366 -669.743 -571.065 -535.491
  309 308.5 37.9305 0.0164629 -574.82 -580.669 -551.552
  310 309.5 37.9153 0.0164563 -642.651 -737.669 -447.164
  311 310.5 37.8685 0.016436 -739.753 -872.08 -621.276
  312 311.5 37.9384 0.0164663 -568.16 -777.539 -526.365
  313 312.5 37.889 0.0164449 -854.569 -657.601 -352.635
  314 313.5 37.9067 0.0164526 -934.464 -687.568 -576.782
  315 314.5 37.8712 0.0164371 -554.882 -476.413 -603.659
  316 315.5 37.933 0.016464 -712.509 -349.461 -483.788
  317 316.5 37.8459 0.0164262 -694.423 -349.575 -383.565
  318 317.5 37.957 0.0164744 -608.552 -490.34 -476.944
  319 318.5 37.9176 0.0164573 -653.893 -598.393 -720.144
  320 319.5 37.8146 0.0164126 -301.396 -296.051 -432.85
  321 320.5 37.9487 0.0164708 -471.444 -475.194 -471.769
  322 321.5 37.9149 0.0164561 -330.845 -626.663 -497.783
  323 322.5 37.8401 0.0164237 -454.783 -574.128 -496.882
  324 323.5 37.9142 0.0164558 -594.377 -820.761 -564.512
  325 324.5 37.9166 0.0164569 -547.671 -796.884 -480.512
  326 325.5 37.8808 0.0164413 -581.292 -847.937 -542.456
  327 326.5 37.8892 0.016445 -423.112 -552.029 -651.21
  328 327.5 37.9084 0.0164533 -171.687 -570.45 -398.196
  329 328.5 37.8188 0.0164144 -476.643 -435.165 -419.947
  330 329.5 37.9331 0.016464 -404.892 -564.549 -553.585
  331 330.5 37.9038 0.0164513 -522.364 -551.409 -740.945
  332 331.5 37.8107 0.0164109 -410.927 -472.928 -357.285
  333 332.5 37.92 0.0164583 -379.832 -603.162 -403.738
  334 333.5 37.9142 0.0164558 -575.04 -610.904 -610.869
  335 334.5 37.8037 0.0164078 -623.624 -573.549 -483.513
  336 335.5 37.8679 0.0164357 -594.202 -533.66 -482.676
  337 336.5 37.9939 0.0164904 -258.508 -524.562 -560.387
  338 337.5 37.8043 0.0164081 -533.481 -581.518 -586.268
  339 338.5 37.7711 0.0163937 -172.579 -391.545 -420.265
  340 339.5 37.9915 0.0164894 -339.299 -626.62 -591.387
  341 340.5 37.8934 0.0164468 -433.669 -241.126 -501.264
  342 341.5 37.8156 0.016413 -299.825 -456.327 -382.468
  343 342.5 37.9311 0.0164632 -466.011 -342.384 -507.342
  344 343.5 37.9217 0.0164591 -417.873 -495.078 -712.395
  345 344.5 37.8213 0.0164155 -483.038 -635.632 -504.085
  346 345.5 37.8673 0.0164355 -337.257 -476.341 -350.951
  347 346.5 37.9597 0.0164756 -384.658 -543.973 -494.927
  348 347.5 37.8519 0.0164288 -446.121 -501.782 -581.495
  349 348.5 37.8457 0.0164261 -557.875 -382.165 -530.5
  350 349.5 37.8956 0.0164477 -440.944 -326.455 -572.533
  351 350.5 37.9388 0.0164665 -665.641 -851.674 -489.204
  352 351.5 37.8792 0.0164406 -530.048 -679.951 -468.222
  353 352.5 37.8845 0.0164429 -891.194 -642.446 -650.259
  354 353.5 37.9161 0.0164566 -774.725 -690.403 -488.657
  355 354.5 37.8507 0.0164282 -454.833 -643.536 -429.727
  356 355.5 37.9227 0.0164595 -420.964 -643.298 -681.858
  357 356.5 37.8397 0.0164235 -461.206 -530.9 -561.543
  358 357.5 37.8864 0.0164437 -404.612 -443.384 -300.669
  359 358.5 37.9082 0.0164532 -556.594 -361.685 -559.116
  360 359.5 37.8686 0.016436 -409.234 -387.115 -528.246
  361 360.5 37.8321 0.0164202 -495.912 -641.363 -719.028
  362 361.5 37.8952 0.0164476 -338.037 -399.302 -343.903
  363 362.5 37.9526 0.0164725 -508.687 -532.845 -548.748
  364 363.5 37.8231 0.0164163 -497.527 -653.054 -658.732
  365 364.5 37.8384 0.0164229 -490.621 -419.254 -462.594
  366 365.5 37.9425 0.0164681 -419.82 -501.986 -511.791
  367 366.5 37.849 0.0164275 -354.408 -331.721 -706.588
  368 367.5 37.8032 0.0164076 -440.033 -435.274 -688.816
  369 368.5 37.9045 0.0164516 -298.39 -302.184 -650.31
  370 369.5 37.836 0.0164219 -375.22 -208.89 -727.094
  371 370.5 37.8153 0.0164129 -229.946 -319.766 -863.062
  372 371.5 37.8264 0.0164177 -398.129 -485.213 -1144.96
  373 372.5 37.8447 0.0164257 -332.401 -350.397 -1179.94
  374 373.5 37.7687 0.0163927 -173.426 -169.129 -1367.33
  375 374.5 37.7385 0.0163796 -29.967 -295.97 -1659.11
  376 375.5 37.7294 0.0163756 315.604 1.30568 -2142.76
  377 376.5 37.6881 0.0163577 669.702 270.986 -2285.63
  378 377.5 37.6024 0.0163205 1247.82 941.982 -2826.3
  379 378.5 37.5003 0.0162762 2174.83 1881.96 -3157.63
  380 379.5 37.2703 0.0161763 2787.95 2714.18 -4060.61
  381 380.5 37.0734 0.0160909 4590.05 4508.66 -3867.43
  382 381.5 36.669 0.0159153 6695.39 6632.15 -3544.75
  383 382.5 36.0677 0.0156544 9044.91 9065.63 -2560.29
  384 383.5 35.2814 0.0153131 11398.6 11490.4 -417.107
  385 384.5 34.153 0.0148233 13122.7 13114.4 2330.16
  386 385.5 32.7844 0.0142293 13121.3 13042.4 4715.77
  387 386.5 31.2684 0.0135713 11207.6 11196.4 5950.5
  388 387.5 30.0309 0.0130342 8382.8 8292.27 5839.49
  389 388.5 29.333 0.0127313 5365.84 5251.77 4788.08
  390 389.5 29.171 0.012661 3631.29 3524.48 3381.14
  391 390.5 29.456 0.0127847 2542.54 2343.16 1858.83
  392 391.5 29.9116 0.0129825 2168.81 2109.83 708.038
  393 392.5 30.235 0.0131228 1680.17 1692.93 -41.4451
  394 393.5 30.6275 0.0132932 1192.6 1284.4 -707.509
  395 394.5 30.8309 0.0133815 721.181 897.174 -1326.13
  396 395.5 31.0192 0.0134632 505.095 602.613 -1246.16
  397 396.5 31.1754 0.013531 337.505 130.457 -1355.05
  398 397.5 31.3591 0.0136107 167.432 63.0041 -1213.59
  399 398.5 31.3985 0.0136278 37.9365 12.5594 -1027.53
  400 399.5 31.389 0.0136237 -107.877 -209.085 -972.482
  401 400.5 31.5224 0.0136816 -282.274 -376.053 -1146.26
  402 401.5 31.534 0.0136866 -216.512 -462.867 -988.998
  403 402.5 31.5369 0.0136879 -424.272 -484.727 -755.547
  404 403.5 31.5801 0.0137066 -558.306 -503.046 -810.467
  405 404.5 31.6202 0.013724 -493.243 -471.15 -869.01
  406 405.5 31.5761 0.0137049 -581.555 -397.559 -752.393
  407 406.5 31.566 0.0137005 -458.655 -567.098 -563.239
  408 407.5 31.7067 0.0137616 -615.638 -675.484 -772.851
  409 408.5 31.545 0.0136914 -508.542 -620.437 -761.665
  410 409.5 31.5954 0.0137133 -443.504 -488.123 -611.656
  411 410.5 31.6605 0.0137416 -460.456 -480.381 -688.352
  412 411.5 31.6235 0.0137255 -516.511 -448.732 -588.564
  413 412.5 31.5645 0.0136999 -547.751 -437.387 -665.717
  414 413.5 31.6382 0.0137319 -504.9 -512.736 -597.093
  415 414.5 31.6445 0.0137346 -657.094 -657.962 -644.203
  416 415.5 31.6029 0.0137165 -566.863 -612.111 -604.843
  417 416.5 31.5663 0.0137006 -699.425 -617.624 -778.199
  418 417.5 31.6068 0.0137182 -443.111 -497.3 -521.438
  419 418.5 31.6753 0.013748 -548.335 -451.501 -680.019
  420 419.5 31.6058 0.0137178 -525.659 -453.043 -588.304
  421 420.5 31.6113 0.0137202 -497.151 -471.629 -568.201
  422 421.5 31.6368 0.0137313 -478.063 -538.854 -634.76
  423 422.5 31.6268 0.0137269 -557.299 -626.023 -706.026
  424 423.5 31.5877 0.0137099 -477.964 -672.872 -680.191
  425 424.5 31.6078 0.0137187 -655.672 -625.623 -547.055
  426 425.5 31.684 0.0137517 -666.09 -654.006 -624.976
  427 426.5 31.6607 0.0137416 -512.258 -602.953 -515.911
  428 427.5 31.5415 0.0136899 -563.66 -596.509 -722.623
  429 428.5 31.6561 0.0137396 -698.224 -542.997 -662.784
  430 429.5 31.663 0.0137426 -547.011 -534.699 -563.636
  431 430.5 31.5984 0.0137146 -544.829 -630.633 -628.297
  432 431.5 31.6268 0.0137269 -627.23 -572.809 -638.165
  433 432.5 31.6972 0.0137575 -743.351 -528.213 -632.846
  434 433.5 31.6779 0.0137491 -580.209 -722.874 -608.466
  435 434.5 31.6287 0.0137277 -674.063 -678.079 -563.286
  436 435.5 31.6704 0.0137458 -689.343 -640.664 -718.668
  437 436.5 31.6578 0.0137404 -780.156 -755.333 -728.772
  438 437.5 31.6492 0.0137366 -542.737 -631.672 -516.816
  439 438.5 31.6427 0.0137338 -689.81 -594.834 -676.517
  440 439.5 31.6701 0.0137457 -536.996 -541.48 -690.929
  441 440.5 31.7429 0.0137773 -472.484 -641.575 -454.862
  442 441.5 31.639 0.0137322 -571.786 -623.847 -614.603
  443 442.5 31.6146 0.0137216 -715.509 -726.836 -752.83
  444 443.5 31.6829 0.0137512 -685.279 -520.791 -677.756
  445 444.5 31.7234 0.0137689 -527.551 -440.213 -540.886
  446 445.5 31.661 0.0137417 -456.364 -660.969 -513.1
  447 446.5 31.6393 0.0137324 -682.84 -658.855 -751.697
  448 447.5 31.7378 0.0137751 -606.8 -668.626 -684.46
  449 448.5 31.6698 0.0137456 -581.233 -456.894 -474.328
  450 449.5 31.6833 0.0137514 -816.764 -598.527 -771.512
  451 450.5 31.676 0.0137483 -591.871 -439.924 -556.581
  452 451.5 31.6746 0.0137477 -632.705 -593.29 -625.313
  453 452.5 31.7009 0.0137591 -538.787 -544.89 -615.046
  454 453.5 31.6638 0.0137429 -454.131 -669.677 -653.273
  455 454.5 31.6454 0.013735 -591.239 -715.269 -592.121
  456 455.5 31.7235 0.0137689 -653.364 -734.135 -690.339
  457 456.5 31.6646 0.0137433 -578.106 -512.977 -539.695
  458 457.5 31.6234 0.0137254 -558.661 -567.161 -629.498
  459 458.5 31.6517 0.0137377 -545.346 -608.373 -695.837
  460 459.5 31.7083 0.0137623 -598.18 -573.5 -610.545
  461 460.5 31.6665 0.0137442 -735.449 -631.137 -663.631
  462 461.5 31.6388 0.0137321 -694.447 -589.467 -455.148
  463 462.5 31.7025 0.0137598 -767.658 -872.597 -747.322
  464 463.5 31.755 0.0137826 -625.853 -774.442 -561.266
  465 464.5 31.6546 0.013739 -671.312 -651.974 -607.479
  466 465.5 31.6326 0.0137294 -662.448 -709.73 -682.103
  467 466.5 31.7077 0.013762 -779.452 -635.564 -626.834
  468 467.5 31.6615 0.013742 -723.177 -567.536 -620.788
  469 468.5 31.6492 0.0137366 -559.313 -551.347 -678.363
  470 469.5 31.6859 0.0137525 -691.975 -606 -649.825
  471 470.5 31.7181 0.0137666 -584.631 -537.403 -594.542
  472 471.5 31.7219 0.0137682 -557.415 -501.695 -485.634
  473 472.5 31.6011 0.0137157 -511.892 -589.799 -699.078
  474 473.5 31.6876 0.0137533 -612.78 -624.456 -729.944
  475 474.5 31.6756 0.0137481 -455.962 -516.434 -529.298
  476 475.5 31.67 0.0137456 -596.192 -508.659 -645.985
  477 476.5 31.65 0.013737 -530.122 -388.035 -632.831
  478 477.5 31.6719 0.0137465 -479.326 -572.155 -670.63
  479 478.5 31.695 0.0137565 -626.113 -498.418 -482.996
  480 479.5 31.6557 0.0137395 -429.55 -387.38 -622.599
72500000 480 11347.999999999998
  1 0.5 31.7491 0.01378 -594.8 -617.308 -512.716
  2 1.5 31.8146 0.0138084 -665.457 -619.481 -520.418
  3 2.5 31.7102 0.0137631 -594.408 -667.687 -669.645
  4 3.5 31.7507 0.0137807 -618.281 -729.873 -678.331
  5 4.5 31.7707 0.0137894 -726.317 -606.217 -566.354
  6 5.5 31.7991 0.0138017 -521.314 -590.24 -525.324
  7 6.5 31.742 0.0137769 -687.712 -680.2 -689.75
  8 7.5 31.7434 0.0137775 -693.373 -592.585 -625.451
  9 8.5 31.7894 0.0137975 -520.678 -523.214 -448.074
  10 9.5 31.7965 0.0138006 -845.674 -634.412 -678.573
  11 10.5 31.787 0.0137964 -721.95 -584.531 -544.736
  12 11.5 31.6733 0.0137471 -693.716 -425.565 -661.872
  13 12.5 31.8158 0.0138089 -540.022 -473.428 -574.858
  14 13.5 31.8161 0.0138091 -542.01 -501.357 -647.165
  15 14.5 31.7587 0.0137842 -536.106 -561.536 -541.64
  16 15.5 31.7714 0.0137897 -610.759 -572.233 -557.808
  17 16.5 31.8789 0.0138363 -598.479 -558.56 -557.323
  18 17.5 31.7056 0.0137611 -545.793 -495.838 -737.187
  19 18.5 31.822 0.0138116 -572.721 -474.839 -566.362
  20 19.5 31.7769 0.013792 -591.47 -561.371 -575.11
  21 20.5 31.8354 0.0138175 -614.505 -722.589 -563.081
  22 21.5 31.7758 0.0137916 -710.798 -727.763 -696.225
  23 22.5 31.7841 0.0137952 -719.34 -765.459 -613.164
  24 23.5 31.7716 0.0137897 -667.23 -656.26 -565.739
  25 24.5 31.8711 0.0138329 -679.098 -764.376 -523.236
  26 25.5 31.788 0.0137969 -782.849 -647.266 -609.359
  27 26.5 31.7577 0.0137837 -719.088 -642.811 -688.619
  28 27.5 31.7893 0.0137974 -785.02 -672.704 -592.712
  29 28.5 31.7984 0.0138014 -730.115 -567.119 -643.846
  30 29.5 31.7418 0.0137768 -666.158 -616.24 -533.705
  31 30.5 31.7946 0.0137997 -732.544 -553 -578
  32 31.5 31.7966 0.0138006 -667.293 -638.782 -561.626
  33 32.5 31.7458 0.0137785 -662.982 -726.848 -789.87
  34 33.5 31.6994 0.0137584 -540.79 -791.567 -555.005
  35 34.5 31.8277 0.0138141 -538.079 -678.557 -453.124
  36 35.5 31.8293 0.0138148 -329.039 -541.885 -657.185
  37 36.5 31.645 0.0137348 -446.273 -408.657 -651.601
  38 37.5 31.7077 0.013762 -419.881 -477.227 -549.944
  39 38.5 31.8397 0.0138193 -651.033 -489.589 -641.078
  40 39.5 31.7537 0.013782 -682.213 -446.346 -500.877
  41 40.5 31.6386 0.0137321 -513.743 -395.727 -664.031
  42 41.5 31.7329 0.013773 -519.55 -500.013 -704.563
  43 42.5 31.7888 0.0137972 -438.823 -514.068 -647.418
  44 43.5 31.7052 0.0137609 -409.385 -539.782 -519.333
  45 44.5 31.6984 0.013758 -588.314 -745.471 -679.058
  46 45.5 31.7501 0.0137804 -506.035 -440.676 -673.476
  47 46.5 31.7404 0.0137762 -393.39 -522.837 -690.141
  48 47.5 31.6766 0.0137485 -461.727 -574.945 -737.642
  49 48.5 31.7085 0.0137624 -425.879 -462.791 -777.012
  50 49.5 31.7694 0.0137888 -509.659 -364.778 -779.808
  51 50.5 31.6494 0.0137367 -458.586 -453.026 -923.397
  52 51.5 31.633 0.0137296 -334.928 -528.214 -1022.11
  53 52.5 31.6585 0.0137407 -257.487 -297.954 -962.299
  54 53.5 31.572 0.0137031 -219.582 -100.058 -1206.52
  55 54.5 31.4423 0.0136468 24.4618 -16.4068 -1375.54
  56 55.5 31.4339 0.0136432 13.0189 219.445 -1591.23
  57 56.5 31.3298 0.013598 338.839 568.686 -1540.2
  58 57.5 31.1561 0.0135226 554.724 628.35 -1956.07
  59 58.5 30.9506 0.0134334 1071.53 949.857 -2216.53
  60 59.5 30.635 0.0132965 1420.1 1494.09 -2276.87
  61 60.5 30.3369 0.0131671 1968.7 1941.32 -2489.55
  62 61.5 29.8469 0.0129544 2629.93 2690.72 -2445.29
  63 62.5 29.0765 0.01262 3229.15 3334.57 -2632.8
  64 63.5 28.183 0.0122322 4129.32 4163.87 -2311.56
  65 64.5 26.9716 0.0117064 5001.38 5019.79 -1742.48
  66 65.5 25.3833 0.0110171 5694.45 5714.94 -870.525
  67 66.5 23.4282 0.0101685 6089.9 6003.87 -101.959
  68 67.5 21.0779 0.00914839 6270.06 6125.21 1039.39
  69 68.5 18.3553 0.00796673 5956.18 6050.22 2290.87
  70 69.5 15.5971 0.00676956 5248.21 5170.05 3397.61
  71 70.5 12.7644 0.00554012 4284.07 4218.66 4149.17
  72 71.5 10.1418 0.0044018 2626.57 2634.89 4722.3
  73 72.5 7.85952 0.00341125 1124.55 1101.69 4986.99
  74 73.5 5.99722 0.00260296 -860.402 -887.796 4561.13
  75 74.5 4.5495 0.00197461 -3098.18 -3115.21 3374.24
  76 75.5 3.49862 0.0015185 -5526.03 -5831.17 1708.42
  77 76.5 2.73404 0.00118665 -7900.63 -8261.98 -869.945
  78 77.5 2.2131 0.000960549 -9801.13 -10156.8 -3286.51
  79 78.5 1.84826 0.000802194 -11472.9 -11707.9 -6011.82
  80 79.5 1.62642 0.00070591 -12925.5 -13191 -8521.6
  81 80.5 1.47283 0.00063925 -13865.3 -14264.3 -10512.2
  82 81.5 1.37701 0.00059766 -14685.4 -14984.8 -12179.9
  83 82.5 1.32519 0.00057517 -15227.7 -15275.5 -13251.8
  84 83.5 1.26985 0.000551149 -15222.6 -15237 -14131.4
  85 84.5 1.24233 0.000539205 -15662.5 -15749.7 -14880.8
  86 85.5 1.2201 0.000529559 -15579.6 -15830.9 -15154
  87 86.5 1.21374 0.000526799 -15812.2 -16127.3 -15541.3
  88 87.5 1.2079 0.000524264 -15713.3 -15972.6 -15624.4
  89 88.5 1.20229 0.000521826 -15597.6 -15984.9 -15909.3
  90 89.5 1.1955 0.000518882 -16049.9 -16283.4 -16049.4
  91 90.5 1.20469 0.000522868 -16183.2 -16589.6 -15955
  92 91.5 1.19243 0.000517549 -15827.2 -16270.1 -16062.4
  93 92.5 1.18338 0.000513622 -16066.5 -15937 -16319.9
  94 93.5 1.18661 0.000515021 -16260.4 -16011.6 -16310.2
  95 94.5 1.1938 0.000518142 -16306 -16433.3 -16082.2
  96 95.5 1.18435 0.000514042 -15976.7 -16389.4 -16318.7
  97 96.5 1.18849 0.000515837 -16249.5 -16198.5 -16252.3
  98 97.5 1.1801 0.000512198 -16070.1 -16444.4 -16475.4
  99 98.5 1.16742 0.000506694 -16301.2 -16638.2 -16581.4
  100 99.5 1.17892 0.000511684 -16566.6 -16664.3 -16404.7
  101 100.5 1.1913 0.000517059 -16672.6 -16701.1 -16136.4
  102 101.5 1.18653 0.000514986 -16670.2 -16564 -16381.6
  103 102.5 1.19406 0.000518253 -16711.7 -16590.1 -16183.5
  104 103.5 1.18175 0.000512913 -16686.6 -16598.1 -16301.3
  105 104.5 1.19275 0.000517688 -16594.2 -16904.8 -16167.4
  106 105.5 1.18993 0.000516462 -16864.2 -16629.5 -16289.1
  107 106.5 1.17605 0.000510438 -16255 -16377.7 -16477.8
  108 107.5 1.18939 0.000516229 -16775 -16293.3 -16164.1
  109 108.5 1.18542 0.000514503 -16658.5 -16408.1 -16373.9
  110 109.5 1.19466 0.000518517 -16497.9 -16666.5 -16139.3
  111 110.5 1.1877 0.000515497 -16316.3 -16785 -16414.9
  112 111.5 1.19125 0.000517035 -16751.2 -16687.9 -16189.1
  113 112.5 1.19431 0.000518365 -16534.8 -16613.9 -16083.5
  114 113.5 1.19164 0.000517205 -16442.5 -17008.5 -16293.1
  115 114.5 1.17666 0.000510701 -15883.7 -16839.8 -16525.6
  116 115.5 1.17875 0.000511611 -16409.9 -16789.7 -16378.6
  117 116.5 1.17608 0.000510451 -16446.3 -16844.4 -16353.8
  118 117.5 1.17369 0.000509413 -16330.6 -16671 -16476.9
  119 118.5 1.19086 0.000516868 -16695 -16468.9 -16255.1
  120 119.5 1.21143 0.000525795 -16695.9 -16643.9 -16014
  121 120.5 1.21723 0.000528313 -16365.9 -16411.2 -15862.7
  122 121.5 1.22135 0.000530101 -16511.7 -16297.4 -15747.2
  123 122.5 1.21378 0.000526816 -16346.9 -16108.4 -15955.6
  124 123.5 1.20486 0.000522941 -16071.2 -15905.4 -16075.8
  125 124.5 1.197 0.000519531 -16420 -16088.2 -16363.2
  126 125.5 1.19072 0.000516806 -16590.7 -15926.6 -16209.8
  127 126.5 1.1881 0.00051567 -16476.5 -15955.2 -16171.8
  128 127.5 1.19606 0.000519125 -16494.6 -16805 -16219.4
  129 128.5 1.18877 0.000515958 -16560.2 -16657.1 -16486
  130 129.5 1.18321 0.000513545 -16495.8 -16391.8 -16200
  131 130.5 1.18449 0.000514101 -16415.4 -16213.7 -16165.5
  132 131.5 1.19012 0.000516545 -16594.6 -16454.3 -16296.8
  133 132.5 1.18267 0.000513312 -16713.3 -16430 -16341.4
  134 133.5 1.18576 0.000514653 -16837.6 -16561.3 -16250.1
  135 134.5 1.17843 0.000511472 -16933.3 -17019.7 -16574.3
  136 135.5 1.1773 0.000510983 -16994.1 -17210.5 -16458.2
  137 136.5 1.17219 0.000508764 -16615.4 -16415.5 -16421.6
  138 137.5 1.18972 0.000516372 -16475.6 -16069.9 -16168.1
  139 138.5 1.18305 0.000513476 -16351.9 -16686.1 -16448.2
  140 139.5 1.17946 0.00051192 -16263.9 -16672.2 -16394.8
  141 140.5 1.19232 0.0005175 -16413.4 -17234 -16297.2
  142 141.5 1.17889 0.00051167 -16621 -16616.3 -16349.9
  143 142.5 1.16746 0.000506712 -16496 -16281.9 -16544.1
  144 143.5 1.18709 0.000515229 -16279.7 -16570.9 -16299
  145 144.5 1.19287 0.00051774 -16069.3 -16633.1 -16165.4
  146 145.5 1.18754 0.000515424 -16083.6 -16403.9 -16316.4
  147 146.5 1.17422 0.000509642 -15865.6 -16276.8 -16492.8
  148 147.5 1.16391 0.00050517 -16097.4 -16019.3 -16679.9
  149 148.5 1.16879 0.000507288 -16460.7 -16203.7 -16497.9
  150 149.5 1.16718 0.00050659 -16089.8 -16264.9 -16574.8
  151 150.5 1.16847 0.000507149 -16598.8 -16165.5 -16561.1
  152 151.5 1.17274 0.000509003 -16809.1 -16516.3 -16453.2
  153 152.5 1.17583 0.000510344 -16452.2 -16488.6 -16478.1
  154 153.5 1.18943 0.000516247 -16611.7 -16569.5 -16302.9
  155 154.5 1.19353 0.000518024 -16792.4 -16613.8 -16124.1
  156 155.5 1.15988 0.00050342 -16913.9 -16742.6 -16730.1
  157 156.5 1.15436 0.000501024 -17011.7 -16740 -16711
  158 157.5 1.15596 0.000501719 -16499.8 -16934.5 -16721.9
  159 158.5 1.14856 0.000498507 -16357.7 -17005.9 -16916.1
  160 159.5 1.16086 0.000503844 -16435.2 -16732.1 -16744.4
  161 160.5 1.17262 0.000508948 -16291.9 -16898.3 -16206.1
  162 161.5 1.16155 0.000504146 -16457.7 -16772.8 -16629.5
  163 162.5 1.14556 0.000497205 -16422.8 -16918.6 -16963.2
  164 163.5 1.15291 0.000500396 -16666 -16790.3 -16865.5
  165 164.5 1.16271 0.000504649 -16547.1 -16733.1 -16698
  166 165.5 1.16801 0.000506948 -16116.9 -17098.3 -16509
  167 166.5 1.16535 0.000505795 -16561.6 -16591.8 -16536.7
  168 167.5 1.1693 0.00050751 -16444.8 -16952.5 -16639.4
  169 168.5 1.15925 0.000503146 -16426.2 -16535.2 -16633.3
  170 169.5 1.14287 0.000496038 -16814.4 -16545.3 -16760.8
  171 170.5 1.14387 0.000496472 -16878.7 -16404.2 -16912.8
  172 171.5 1.14733 0.000497972 -16767.8 -16349.1 -16867
  173 172.5 1.13151 0.000491108 -16760.7 -16413.6 -17178.6
  174 173.5 1.13922 0.000494455 -16609.8 -16602.7 -17013.2
  175 174.5 1.15632 0.000501875 -16503 -16640.6 -16581.6
  176 175.5 1.15558 0.000501552 -16561.7 -16549.4 -16725.7
  177 176.5 1.14533 0.000497104 -16782.8 -16124.4 -16960.4
  178 177.5 1.13876 0.000494253 -16532.5 -16621.5 -16905.9
  179 178.5 1.13062 0.000490722 -16606.8 -16504.3 -17075.8
  180 179.5 1.13218 0.000491399 -16849.9 -16921.8 -17043.8
  181 180.5 1.14722 0.000497927 -16919.9 -16899.5 -16854.4
  182 181.5 1.14682 0.000497753 -16780.6 -17129.4 -16890
  183 182.5 1.14669 0.000497694 -16840.6 -16616.9 -16843.6
  184 183.5 1.14338 0.00049626 -16739.1 -16262 -16823.3
  185 184.5 1.15476 0.000501198 -16767.5 -16480.2 -16837.9
  186 185.5 1.16034 0.000503622 -16636.7 -16691.2 -16677.6
  187 186.5 1.15286 0.000500372 -16400.1 -16694.7 -16724.4
  188 187.5 1.16216 0.00050441 -16716.1 -16235.6 -16648.6
  189 188.5 1.14666 0.000497684 -16264.7 -16433 -16844.7
  190 189.5 1.15296 0.000500417 -16552.9 -16734.8 -16678.4
  191 190.5 1.1607 0.000503778 -16920 -16788.1 -16689.9
  192 191.5 1.15636 0.000501892 -16784.3 -16207.3 -16802
  193 192.5 1.15739 0.00050234 -16576.3 -16555.1 -16660
  194 193.5 1.16439 0.000505378 -16704.3 -16432.8 -16488.9
  195 194.5 1.15055 0.000499372 -17005.3 -16382.1 -16872.6
  196 195.5 1.1534 0.000500608 -17005.2 -16491 -16854.3
  197 196.5 1.16846 0.000507142 -16828.7 -15893.6 -16428.8
  198 197.5 1.16166 0.000504191 -16631.7 -16324.3 -16690.3
  199 198.5 1.15578 0.000501642 -16854.3 -16263 -16604.9
  200 199.5 1.16415 0.000505274 -17120.4 -16508.8 -16715.5
  201 200.5 1.15564 0.00050158 -16910.9 -16501.5 -16704.5
  202 201.5 1.15842 0.000502788 -16771.7 -16574.6 -16655.6
  203 202.5 1.15646 0.000501934 -16519.7 -16373.8 -16676.9
  204 203.5 1.1629 0.000504729 -16622.7 -16103.2 -16515.5
  205 204.5 1.16642 0.00050626 -16439.9 -16373.7 -16484.8
  206 205.5 1.16974 0.000507698 -16249.5 -16230.7 -16558.3
  207 206.5 1.1738 0.000509462 -16417.2 -16278.4 -16325.9
  208 207.5 1.16506 0.000505667 -16157.2 -16369.3 -16405.6
  209 208.5 1.19753 0.00051976 -16133.4 -16092.8 -15736
  210 209.5 1.20558 0.000523253 -16145.4 -16225.7 -15667
  211 210.5 1.19775 0.000519858 -16281.1 -15995.9 -15680.9
  212 211.5 1.20954 0.000524972 -15901.7 -16094 -15409.2
  213 212.5 1.23906 0.000537788 -15916.2 -15672.6 -14648.8
  214 213.5 1.27533 0.000553528 -15859.8 -15352.9 -13913.9
  215 214.5 1.31849 0.00057226 -15634.3 -15381.8 -12929.7
  216 215.5 1.39863 0.000607045 -14779.3 -15124.4 -11660.8
  217 216.5 1.49817 0.000650247 -13938 -13968.1 -10039.4
  218 217.5 1.66975 0.000724719 -12598.8 -13061.8 -7749.5
  219 218.5 1.9579 0.000849781 -11478.7 -11726.4 -5000.99
  220 219.5 2.35216 0.0010209 -9461.02 -9776.48 -2348.99
  221 220.5 2.96954 0.00128886 -7292.83 -7378.19 744.29
  222 221.5 3.87234 0.0016807 -4866.16 -4632.45 3292.38
  223 222.5 5.24386 0.00227598 -1607.43 -1639.98 5908.52
  224 223.5 7.20324 0.00312641 1807.02 1806.84 8314.26
  225 224.5 9.93162 0.0043106 6091.03 6048.82 10209.4
  226 225.5 13.5837 0.00589569 10892.3 10930.2 11558.5
  227 226.5 17.9595 0.00779494 15439.6 15382.7 11548.7
  228 227.5 22.7096 0.00985661 19203.9 19171.3 10658.2
  229 228.5 27.1555 0.0117863 21008.4 20840.4 7937.73
  230 229.5 30.561 0.0132643 20394.1 20246 3991.55
  231 230.5 32.9944 0.0143205 18168.8 18500.1 217.586
  232 231.5 34.7021 0.0150617 14767.4 15017.9 -3078.06
  233 232.5 35.7765 0.015528 11098.4 11376.5 -4983.62
  234 233.5 36.3856 0.0157924 7967.4 8037.75 -5576.26
  235 234.5 36.8972 0.0160144 5640.77 5675.99 -5631.74
  236 235.5 37.2682 0.0161754 3860.21 3904.09 -4995.31
  237 236.5 37.3602 0.0162154 2487.7 2565.3 -4173.23
  238 237.5 37.5594 0.0163018 1585.15 1868.16 -3351.19
  239 238.5 37.7291 0.0163755 875.993 1091.25 -3081.69
  240 239.5 37.6308 0.0163328 537.044 458.629 -2337
  241 240.5 37.7733 0.0163946 243.378 243.728 -1901.42
  242 241.5 37.8733 0.0164381 31.2678 -250.605 -1596.38
  243 242.5 37.7484 0.0163838 -272.263 -91.1379 -1453.44
  244 243.5 37.8397 0.0164235 -175.086 -128.387 -1025.13
  245 244.5 37.8772 0.0164398 -165.943 -328.463 -1051.05
  246 245.5 37.9187 0.0164578 -305.7 -419.209 -890.637
  247 246.5 37.7281 0.016375 -284.72 -347.115 -829.87
  248 247.5 37.9152 0.0164563 -331.167 -317.633 -504.541
  249 248.5 37.9792 0.016484 -442.383 -412.221 -572.978
  250 249.5 37.7473 0.0163834 -372.166 -592.158 -677.557
  251 250.5 37.8527 0.0164291 -520.417 -546.364 -612.904
  252 251.5 37.9676 0.016479 -340.851 -481.897 -413.661
  253 252.5 37.9124 0.0164551 -362.659 -181.476 -400.219
  254 253.5 37.7165 0.01637 -497.69 -226.324 -661.927
  255 254.5 37.9222 0.0164593 -591.801 -412.373 -513.589
  256 255.5 37.9855 0.0164868 -484.407 -580.005 -367.257
  257 256.5 37.8404 0.0164238 -579.243 -654.824 -545.237
  258 257.5 37.7749 0.0163954 -456.691 -515.047 -631.512
  259 258.5 37.9244 0.0164602 -529.724 -612.19 -468.377
  260 259.5 37.9349 0.0164648 -625.98 -538.112 -480.059
  261 260.5 37.8623 0.0164333 -334.39 -418.414 -433.671
  262 261.5 37.7563 0.0163873 -420.302 -510.47 -538.338
  263 262.5 37.982 0.0164853 -462.207 -520.126 -438.628
  264 263.5 37.9306 0.0164629 -440.929 -417.355 -420.913
  265 264.5 37.767 0.0163919 -391.98 -541.732 -700.982
  266 265.5 37.894 0.016447 -499.781 -417.758 -512.178
  267 266.5 37.9777 0.0164834 -422.675 -485.164 -320.402
  268 267.5 37.8043 0.0164081 -431.133 -248.62 -631.331
  269 268.5 37.8228 0.0164161 -225.336 -338.088 -609.231
  270 269.5 37.9153 0.0164563 -22.1121 -298.19 -250.198
  271 270.5 37.9382 0.0164662 -643.765 -664.345 -574.394
  272 271.5 37.7886 0.0164013 -596.096 -583.923 -501.975
  273 272.5 37.86 0.0164323 -772.337 -629.744 -603.805
  274 273.5 37.9642 0.0164775 -446.626 -182.628 -289.494
  275 274.5 37.8701 0.0164367 -420.013 -231.473 -601.922
  276 275.5 37.7505 0.0163848 -455.983 -212.842 -516.88
  277 276.5 37.8925 0.0164464 -665.845 -505.93 -527.517
  278 277.5 37.9542 0.0164732 -336.112 -457.333 -362.274
  279 278.5 37.8394 0.0164233 -462.283 -619.641 -613.603
  280 279.5 37.7762 0.0163959 -469.941 -492.5 -590.489
  281 280.5 37.9096 0.0164538 -452.521 -467.956 -449.302
  282 281.5 37.9477 0.0164704 -469.746 -491.201 -272.243
  283 282.5 37.8476 0.0164269 -344.155 -621.97 -639.348
  284 283.5 37.7339 0.0163775 -470.569 -721.369 -709.964
  285 284.5 37.9789 0.0164839 -438.876 -447.715 -247.904
  286 285.5 37.9207 0.0164586 -385.697 -628.035 -374.785
  287 286.5 37.7333 0.0163773 -753.571 -645.969 -729.648
  288 287.5 37.8698 0.0164366 -562.556 -514.715 -542.329
  289 288.5 37.9297 0.0164625 -397.638 -299.234 -331.566
  290 289.5 37.9084 0.0164533 -620.419 -600.267 -522.741
  291 290.5 37.7342 0.0163777 -379.686 -553.201 -694.176
  292 291.5 37.885 0.0164432 -731.402 -630.895 -494.949
  293 292.5 37.9579 0.0164748 -362.508 -505.37 -255.808
  294 293.5 37.8129 0.0164118 -511.894 -526.183 -372.47
  295 294.5 37.7653 0.0163912 -432.425 -805.723 -765.928
  296 295.5 37.9085 0.0164533 -681.354 -664.497 -553.365
  297 296.5 37.9235 0.0164599 -485.296 -535.353 -370.604
  298 297.5 37.7232 0.0163729 -316.034 -296.31 -361.958
  299 298.5 37.8522 0.0164289 -556.055 -472.353 -712.805
  300 299.5 37.9125 0.0164551 -689.3 -371.923 -490.536
  301 300.5 37.7911 0.0164024 -537.936 -195.364 -408.818
  302 301.5 37.788 0.0164011 -437.956 -388.562 -564.63
  303 302.5 37.8687 0.0164361 -514.831 -165.169 -474.26
  304 303.5 37.8708 0.016437 -560.159 -384.626 -266.684
  305 304.5 37.7998 0.0164062 -728.679 -533.756 -564.169
  306 305.5 37.8502 0.016428 -430.445 -576.536 -660.565
  307 306.5 37.8066 0.0164091 -264.606 -367.815 -484.597
  308 307.5 37.8324 0.0164203 -629.054 -543.946 -544.489
  309 308.5 37.816 0.0164132 -463.537 -515.337 -327.743
  310 309.5 37.9315 0.0164633 -688.72 -442.915 -558.804
  311 310.5 37.7328 0.0163771 -689.668 -383.078 -644.7
  312 311.5 37.8701 0.0164367 -485.892 -227.467 -435.508
  313 312.5 37.8494 0.0164277 -219.155 -338.783 -271.833
  314 313.5 37.8735 0.0164382 -573.935 -549.188 -561.225
  315 314.5 37.7656 0.0163913 -318.16 -563.15 -595.28
  316 315.5 37.8556 0.0164304 -655.992 -601.334 -609.43
  317 316.5 37.8718 0.0164374 -670.739 -528.967 -391.888
  318 317.5 37.8452 0.0164259 -588.765 -388.972 -469.01
  319 318.5 37.7772 0.0163964 -567.166 -164.033 -560.319
  320 319.5 37.8283 0.0164185 -413.955 -191.246 -487.32
  321 320.5 37.9277 0.0164617 -480.253 -419.812 -383.133
  322 321.5 37.822 0.0164158 -373.559 -408.825 -548.158
  323 322.5 37.7165 0.01637 -411.162 -350.242 -575.602
  324 323.5 37.9174 0.0164572 -374.94 -169.738 -344.579
  325 324.5 37.8934 0.0164468 -669.152 -367.718 -601.866
  326 325.5 37.698 0.016362 -471.935 -531.969 -581.103
  327 326.5 37.8609 0.0164327 -526.698 -691.226 -411.144
  328 327.5 37.9313 0.0164632 -480.57 -515.758 -462.156
  329 328.5 37.807 0.0164093 -473.31 -477.175 -414.503
  330 329.5 37.7737 0.0163948 -578.066 -430.866 -680.268
  331 330.5 37.8806 0.0164412 -446.486 -330.566 -465.678
  332 331.5 37.8924 0.0164464 -409.059 -294.736 -364.349
  333 332.5 37.8014 0.0164069 -483.534 -499.451 -664.109
  334 333.5 37.8025 0.0164073 -483.678 -393.118 -527.078
  335 334.5 37.8901 0.0164454 -362.381 -395.489 -330.374
  336 335.5 37.8178 0.016414 -550.951 -477.633 -589.464
  337 336.5 37.8522 0.0164289 -666.47 -672.508 -471.874
  338 337.5 37.8068 0.0164092 -285.243 -644.597 -434.323
  339 338.5 37.8539 0.0164296 -439.236 -464.416 -596.358
  340 339.5 37.8438 0.0164252 -548.448 -271.916 -453.416
  341 340.5 37.781 0.016398 -531.469 -595.859 -481.172
  342 341.5 37.9101 0.016454 -652.033 -653.613 -435.551
  343 342.5 37.8132 0.016412 -485.446 -354.382 -504.567
  344 343.5 37.7914 0.0164025 -680.904 -369.997 -637.85
  345 344.5 37.8401 0.0164236 -627.365 -461.446 -442.342
  346 345.5 37.8856 0.0164434 -609.463 -355.521 -460.013
  347 346.5 37.7756 0.0163957 -398.856 -87.2143 -460.798
  348 347.5 37.8123 0.0164116 -447.838 -417.297 -553.312
  349 348.5 37.8578 0.0164313 -204.766 -399.64 -466.191
  350 349.5 37.8432 0.016425 -816.267 -602.32 -451.68
  351 350.5 37.7865 0.0164004 -418.498 -433.053 -482.343
  352 351.5 37.8391 0.0164232 -446.083 -350.799 -474.586
  353 352.5 37.8684 0.0164359 -508.079 -598.59 -639.269
  354 353.5 37.8077 0.0164096 -476.865 -469.367 -363.104
  355 354.5 37.7987 0.0164057 -341.669 -288.714 -426.403
  356 355.5 37.808 0.0164097 -606.321 -411.722 -563.714
  357 356.5 37.8664 0.0164351 -453.589 -408.568 -451.29
  358 357.5 37.8107 0.0164109 -473.961 -262.289 -443.147
  359 358.5 37.7845 0.0163995 -495.902 -637.681 -612.556
  360 359.5 37.8717 0.0164374 -427.875 -443.983 -477.69
  361 360.5 37.858 0.0164314 -568.926 -721.841 -564.261
  362 361.5 37.8266 0.0164178 -533.933 -576.648 -531.935
  363 362.5 37.8022 0.0164072 -414.189 -721.739 -501.527
  364 363.5 37.8539 0.0164297 -414.965 -659.909 -479.19
  365 364.5 37.848 0.0164271 -698.053 -677.892 -578.596
  366 365.5 37.8084 0.0164099 -617.785 -753.395 -718.549
  367 366.5 37.8663 0.016435 -597.319 -765.918 -530.945
  368 367.5 37.8529 0.0164292 -370.691 -629.572 -451.244
  369 368.5 37.8144 0.0164125 -390.121 -568.817 -767.42
  370 369.5 37.8045 0.0164082 -672.866 -768.618 -1008.08
  371 370.5 37.8673 0.0164355 -433.433 -564.763 -883.1
  372 371.5 37.7466 0.0163831 -248.019 -460.031 -819.897
  373 372.5 37.804 0.016408 -224.264 -340.579 -1268.53
  374 373.5 37.7933 0.0164033 -120.121 -89.157 -1433.76
  375 374.5 37.7023 0.0163639 148.7 271.065 -1687.6
  376 375.5 37.693 0.0163598 336.504 336.484 -1961.94
  377 376.5 37.7032 0.0163642 793.201 887.028 -2303
  378 377.5 37.5753 0.0163087 1331.14 1471.54 -2714.76
  379 378.5 37.4296 0.0162455 2127.79 2300.51 -3235.57
  380 379.5 37.3189 0.0161975 3028.86 3029.02 -3806.25
  381 380.5 37.0365 0.0160749 4629.77 4679.12 -3861.21
  382 381.5 36.647 0.0159058 6493.12 6548.93 -3811.84
  383 382.5 36.0424 0.0156434 8964.93 9102.86 -2599.3
  384 383.5 35.2822 0.0153134 11369 11455.1 -467.706
  385 384.5 34.2052 0.014846 13298.3 13135.7 2332.13
  386 385.5 32.7409 0.0142105 13368.1 13302.7 4798.2
  387 386.5 31.2352 0.013557 11558.3 11655.7 6030.13
  388 387.5 29.9651 0.0130057 8503.6 8436.21 5969.43
  389 388.5 29.262 0.0127005 5345.82 5409.12 4797.91
  390 389.5 29.1314 0.0126438 3502.89 3500.99 3476.77
  391 390.5 29.4285 0.0127728 2567.48 2485.98 1915.44
  392 391.5 29.8476 0.0129547 2108 1957.48 838.607
  393 392.5 30.1759 0.0130972 1697.99 1564.83 -148.25
  394 393.5 30.5709 0.0132686 1278.76 1354.59 -770.174
  395 394.5 30.8355 0.0133835 899.85 1048.71 -1144.64
  396 395.5 30.9943 0.0134524 437.099 481.721 -1349.64
  397 396.5 31.1506 0.0135202 153.592 333.123 -1243.08
  398 397.5 31.2976 0.013584 63.972 29.2044 -1203.34
  399 398.5 31.3564 0.0136095 -122.982 28.5721 -1128.07
  400 399.5 31.439 0.0136454 -314.87 -41.786 -951.854
  401 400.5 31.4707 0.0136592 -265.618 -246.113 -977.309
  402 401.5 31.4969 0.0136705 -280.507 -239.01 -968.581
  403 402.5 31.5442 0.0136911 -415.569 -399.592 -827.305
  404 403.5 31.5662 0.0137006 -412.728 -443.045 -731.198
  405 404.5 31.6 0.0137153 -440.659 -504.006 -779.858
  406 405.5 31.596 0.0137135 -474.389 -553.302 -683.192
  407 406.5 31.6328 0.0137295 -551.914 -545.045 -880.21
  408 407.5 31.6004 0.0137155 -488.457 -357.488 -493.498
  409 408.5 31.6364 0.0137311 -601.56 -494.583 -639.975
  410 409.5 31.6555 0.0137394 -670.388 -671.033 -695.343
  411 410.5 31.6313 0.0137289 -767.649 -623.317 -656.733
  412 411.5 31.6386 0.013732 -496.533 -618.48 -643.109
  413 412.5 31.6755 0.013748 -575.264 -456.7 -671.538
  414 413.5 31.7009 0.0137591 -660.115 -553.212 -498.047
  415 414.5 31.6116 0.0137203 -701.256 -533.68 -601.895
  416 415.5 31.6547 0.013739 -633.779 -663.95 -687.997
  417 416.5 31.6912 0.0137549 -659.004 -645.357 -691.091
  418 417.5 31.6871 0.0137531 -428.076 -591.086 -476.816
  419 418.5 31.7078 0.0137621 -866.313 -760.13 -619.143
  420 419.5 31.686 0.0137526 -637.134 -547.035 -628.19
  421 420.5 31.695 0.0137565 -575.155 -547.163 -608.226
  422 421.5 31.6528 0.0137382 -519.076 -497.849 -647.315
  423 422.5 31.69 0.0137543 -458.375 -540.763 -588.454
  424 423.5 31.719 0.0137669 -496.786 -643.193 -677.883
  425 424.5 31.6941 0.0137561 -518.686 -420.142 -473.57
  426 425.5 31.7167 0.0137659 -586.82 -561.315 -560.282
  427 426.5 31.6328 0.0137295 -757.101 -642.361 -771.779
  428 427.5 31.6984 0.013758 -666.193 -700.89 -531.625
  429 428.5 31.708 0.0137622 -482.379 -632.665 -617.603
  430 429.5 31.7111 0.0137635 -518.621 -578.334 -525.402
  431 430.5 31.5925 0.013712 -647.475 -608.441 -634.27
  432 431.5 31.7227 0.0137685 -619.104 -555.814 -635.559
  433 432.5 31.7551 0.0137826 -698.152 -578.728 -573.231
  434 433.5 31.6937 0.0137559 -579.253 -669.973 -564.67
  435 434.5 31.6435 0.0137342 -727.176 -452.377 -648.269
  436 435.5 31.7837 0.013795 -581.676 -481.619 -607.589
  437 436.5 31.6965 0.0137571 -745.55 -528.569 -604.444
  438 437.5 31.6834 0.0137515 -592.8 -854.825 -572.618
  439 438.5 31.766 0.0137873 -624.179 -626.428 -581.047
  440 439.5 31.6662 0.013744 -546.535 -669.263 -661.252
  441 440.5 31.6683 0.0137449 -511.486 -529.967 -558.075
  442 441.5 31.6825 0.0137511 -543.636 -583.629 -715.309
  443 442.5 31.7625 0.0137858 -673.077 -508.43 -468.159
  444 443.5 31.6994 0.0137584 -637.566 -597.034 -540.849
  445 444.5 31.7458 0.0137786 -760.748 -700.699 -691.587
  446 445.5 31.7031 0.01376 -675.483 -550.34 -596.186
  447 446.5 31.6529 0.0137382 -868.087 -835.003 -642.203
  448 447.5 31.7367 0.0137746 -576.437 -703.844 -547.745
  449 448.5 31.7026 0.0137598 -366.097 -623.134 -579.274
  450 449.5 31.6342 0.0137301 -518.912 -638.784 -735.942
  451 450.5 31.719 0.0137669 -661.353 -779.444 -537.318
  452 451.5 31.7922 0.0137987 -665.585 -699.541 -548.205
  453 452.5 31.6468 0.0137356 -700.414 -564.404 -695.44
  454 453.5 31.706 0.0137613 -579.903 -554.1 -496.009
  455 454.5 31.7392 0.0137757 -555.911 -683.809 -551.41
  456 455.5 31.7297 0.0137716 -586.137 -658.389 -551.592
  457 456.5 31.655 0.0137391 -629.855 -808.095 -718.814
  458 457.5 31.7016 0.0137594 -565.194 -575.089 -608.581
  459 458.5 31.7584 0.013784 -570.065 -493.215 -578.432
  460 459.5 31.7192 0.013767 -585.219 -609.738 -550.866
  461 460.5 31.7017 0.0137594 -836.072 -690.432 -665.323
  462 461.5 31.7482 0.0137796 -615.583 -707.061 -617.158
  463 462.5 31.7141 0.0137648 -709.736 -955.373 -668.997
  464 463.5 31.748 0.0137795 -605.889 -630.285 -511.005
  465 464.5 31.7482 0.0137796 -683.462 -703.511 -564.433
  466 465.5 31.7306 0.013772 -619.679 -586.364 -622.445
  467 466.5 31.7417 0.0137768 -723.118 -638.885 -634.43
  468 467.5 31.757 0.0137834 -610.595 -638.309 -632.624
  469 468.5 31.7266 0.0137702 -653.27 -631.13 -644.678
  470 469.5 31.7633 0.0137861 -679.231 -522.032 -416.563
  471 470.5 31.7322 0.0137726 -690.869 -629.666 -677.794
  472 471.5 31.7524 0.0137814 -536.084 -660.426 -620.365
  473 472.5 31.691 0.0137548 -632.391 -749.448 -615.331
  474 473.5 31.7814 0.013794 -490.686 -667.564 -516.264
  475 474.5 31.7086 0.0137624 -625.245 -820.254 -719.794
  476 475.5 31.7595 0.0137845 -736.943 -712.063 -576.166
  477 476.5 31.7362 0.0137744 -621.969 -661.495 -553.234
  478 477.5 31.789 0.0137973 -582.039 -580.169 -569.473
  479 478.5 31.7488 0.0137799 -656.243 -412.074 -638.838
  480 479.5 31.6922 0.0137553 -502.597 -347.521 -686.258
75000000 480 11348.000000000002
  1 0.5 31.6756 0.0137481 -607.211 -621.771 -548.445
  2 1.5 31.6886 0.0137537 -623.422 -491.428 -652.738
  3 2.5 31.6244 0.0137258 -716.105 -396.028 -584.811
  4 3.5 31.6593 0.013741 -717.578 -460.399 -584.453
  5 4.5 31.7312 0.0137722 -658.69 -659.988 -720.699
  6 5.5 31.6714 0.0137463 -456.757 -531.166 -539.287
  7 6.5 31.6454 0.013735 -548.077 -634.424 -561.912
  8 7.5 31.7204 0.0137675 -556.619 -558.032 -615.722
  9 8.5 31.7107 0.0137633 -534.262 -632.675 -732.529
  10 9.5 31.6749 0.0137478 -495.898 -481.26 -530.928
  11 10.5 31.7107 0.0137633 -479.004 -645.907 -646.947
  12 11.5 31.6808 0.0137503 -580.671 -665.242 -645.999
  13 12.5 31.725 0.0137695 -491.885 -542.353 -543.853
  14 13.5 31.6751 0.0137479 -624.05 -641.507 -600.376
  15 14.5 31.7309 0.0137721 -535.701 -656.954 -677.342
  16 15.5 31.6846 0.013752 -588.555 -740.966 -635.261
  17 16.5 31.7024 0.0137597 -484.473 -651.497 -644.421
  18 17.5 31.7781 0.0137926 -558.05 -765.862 -549.508
  19 18.5 31.6971 0.0137574 -551.836 -736.74 -646.835
  20 19.5 31.6705 0.0137459 -529.316 -562.418 -607.776
  21 20.5 31.7362 0.0137744 -509.426 -431.279 -622.976
  22 21.5 31.7038 0.0137603 -570.909 -582.347 -536.431
  23 22.5 31.7241 0.0137692 -718.154 -560.409 -655.903
  24 23.5 31.6688 0.0137451 -514.633 -550.373 -627.442
  25 24.5 31.7591 0.0137844 -566.855 -697.455 -667.591
  26 25.5 31.7011 0.0137592 -486.521 -678.328 -432.939
  27 26.5 31.7129 0.0137643 -623.838 -704.278 -763.624
  28 27.5 31.704 0.0137604 -623.132 -563.547 -694.757
  29 28.5 31.6665 0.0137441 -758.268 -583.316 -508.855
  30 29.5 31.7254 0.0137697 -637.749 -842.087 -657.049
  31 30.5 31.7558 0.0137829 -642.028 -742.144 -630.92
  32 31.5 31.6957 0.0137568 -527.268 -620.59 -538.307
  33 32.5 31.6498 0.0137369 -580.934 -565.336 -657.228
  34 33.5 31.7701 0.0137891 -594.25 -602.982 -588.64
  35 34.5 31.7437 0.0137776 -731.006 -495.842 -666.521
  36 35.5 31.6977 0.0137577 -571.988 -510.241 -561.393
  37 36.5 31.7096 0.0137628 -531.549 -509.426 -702.441
  38 37.5 31.6876 0.0137533 -645.688 -504.857 -620.221
  39 38.5 31.7239 0.013769 -597.566 -518.284 -538.728
  40 39.5 31.7762 0.0137918 -591.456 -413.12 -610.596
  41 40.5 31.6777 0.013749 -584.729 -408.716 -650.848
  42 41.5 31.6467 0.0137355 -723.622 -622.402 -759.586
  43 42.5 31.7525 0.0137815 -544.588 -657.748 -623.894
  44 43.5 31.7105 0.0137632 -701.555 -714.257 -686.254
  45 44.5 31.6857 0.0137525 -418.01 -488.05 -596.278
  46 45.5 31.6827 0.0137512 -564.849 -555.69 -732.777
  47 46.5 31.6829 0.0137512 -709.663 -552.843 -755.506
  48 47.5 31.6364 0.0137311 -612.952 -590.712 -841.914
  49 48.5 31.6937 0.013756 -416.075 -444.417 -784.126
  50 49.5 31.6209 0.0137243 -480.841 -340.734 -855.385
  51 50.5 31.5432 0.0136906 -529.624 -208.984 -926.517
  52 51.5 31.6265 0.0137268 -291.968 -383.721 -1185.44
  53 52.5 31.5426 0.0136904 -324.623 -231.103 -1091.89
  54 53.5 31.4556 0.0136526 -146.919 -249.74 -1272.28
  55 54.5 31.3918 0.0136249 117.911 62.4615 -1454.39
  56 55.5 31.2707 0.0135724 279.012 397.482 -1763.91
  57 56.5 31.0966 0.0134968 524.834 435.786 -1841.63
  58 57.5 30.9201 0.0134202 838.719 801.534 -2088.98
  59 58.5 30.7295 0.0133375 1371.99 1309.59 -2350.75
  60 59.5 30.3102 0.0131555 1931.91 1709.99 -2537.31
  61 60.5 29.8307 0.0129474 2481.92 2416.05 -2559.86
  62 61.5 29.2399 0.0126909 3116.4 2996.61 -2533.06
  63 62.5 28.4068 0.0123294 3932.47 4112.16 -2245.42
  64 63.5 27.1207 0.0117711 4778.73 4712.99 -1909.41
  65 64.5 25.6494 0.0111326 5261.04 5356.02 -1260.85
  66 65.5 23.8122 0.0103351 5908.61 5871.34 -228.877
  67 66.5 21.5209 0.00934068 6018.22 5940.45 909.297
  68 67.5 18.9138 0.00820912 5991.66 5854.01 1967.7
  69 68.5 16.1226 0.00699766 5245.03 5188.92 2997.89
  70 69.5 13.3008 0.00577293 4331.26 4280.62 4063
  71 70.5 10.648 0.00462152 2951.91 3018.53 4746.57
  72 71.5 8.29112 0.00359858 1320.07 1228.16 4875.83
  73 72.5 6.32425 0.0027449 -686.859 -939.708 4478
  74 73.5 4.78442 0.00207657 -3184.52 -3143.8 3462.65
  75 74.5 3.67155 0.00159356 -5315.75 -5484.09 1914.84
  76 75.5 2.85767 0.00124031 -7894.94 -7877.63 -308.066
  77 76.5 2.2971 0.000997007 -9773.12 -10168.3 -3011.44
  78 77.5 1.90325 0.000826062 -11833.3 -12082.2 -5966.94
  79 78.5 1.68375 0.000730795 -13150.8 -13109.2 -8199.62
  80 79.5 1.50754 0.000654316 -14120.9 -14492.3 -10370.2
  81 80.5 1.4043 0.000609507 -14795 -15180.1 -11943.9
  82 81.5 1.33918 0.000581243 -15433.6 -15725 -13203
  83 82.5 1.28562 0.000557993 -15565.7 -16228.8 -14367.2
  84 83.5 1.22917 0.000533493 -15925.5 -16333.5 -15294.5
  85 84.5 1.21829 0.000528771 -15871.8 -16543.5 -15740.1
  86 85.5 1.22162 0.000530215 -16117.6 -16633.6 -15684.4
  87 86.5 1.19065 0.000516774 -16580.4 -17259.2 -16266.3
  88 87.5 1.18742 0.000515372 -16479.5 -17297.6 -16373.7
  89 88.5 1.17858 0.000511535 -16339 -17092 -16586.3
  90 89.5 1.16854 0.000507181 -16435.7 -17015.3 -16847.3
  91 90.5 1.17598 0.00051041 -16825.8 -17015.6 -16626
  92 91.5 1.17257 0.000508927 -17023.7 -16682.6 -16775.2
  93 92.5 1.16744 0.000506701 -16903.7 -16813.9 -16967.3
  94 93.5 1.17908 0.000511753 -16675.9 -16637 -16745
  95 94.5 1.17072 0.000508125 -16280.2 -16940.8 -16671
  96 95.5 1.17555 0.000510222 -16519.7 -17315.7 -16877.5
  97 96.5 1.1709 0.000508201 -16365.3 -17182.2 -17002
  98 97.5 1.17771 0.00051116 -16074.4 -17133.5 -16736.1
  99 98.5 1.16323 0.000504875 -16405.2 -17384.3 -16970.6
  100 99.5 1.17985 0.000512087 -16376.2 -16749.5 -16634.9
  101 100.5 1.17253 0.00050891 -16332.5 -16355.3 -16782.5
  102 101.5 1.1707 0.000508118 -16373.3 -16616.5 -16836
  103 102.5 1.16298 0.000504764 -16524.7 -16558.9 -17051.2
  104 103.5 1.17014 0.000507875 -16768.1 -16820.9 -16881.1
  105 104.5 1.16832 0.000507083 -16834.4 -17085.8 -16975.3
  106 105.5 1.17621 0.000510507 -16838.9 -17347.3 -16709.2
  107 106.5 1.18063 0.000512427 -17151.3 -16893.4 -16757
  108 107.5 1.17044 0.000508003 -16483.6 -16370.3 -16835.4
  109 108.5 1.18915 0.000516125 -16210.8 -16606.7 -16647.7
  110 109.5 1.17147 0.000508451 -16441.5 -16600.7 -16971.2
  111 110.5 1.18563 0.000514597 -16375.3 -16275.9 -16719.2
  112 111.5 1.19239 0.000517531 -16812.3 -16077.7 -16594.3
  113 112.5 1.19058 0.000516743 -16987.6 -16042.7 -16563.8
  114 113.5 1.18896 0.000516042 -16780.4 -16685.7 -16626
  115 114.5 1.19838 0.000520132 -16839.4 -16909.7 -16465.1
  116 115.5 1.18869 0.000515924 -16683.8 -16743.9 -16582.2
  117 116.5 1.17599 0.000510413 -16791 -16372.5 -16838.5
  118 117.5 1.18476 0.000514219 -16440.5 -16317.6 -16650.1
  119 118.5 1.16944 0.000507569 -16577.4 -16087.4 -16909.9
  120 119.5 1.1608 0.000503819 -16537.1 -16346 -17044.5
  121 120.5 1.17182 0.000508604 -16549.4 -16468.2 -16811.8
  122 121.5 1.1847 0.000514191 -16891 -16394.5 -16661.7
  123 122.5 1.18779 0.000515535 -16824.7 -16167.7 -16525.7
  124 123.5 1.17331 0.00050925 -16959.7 -16263.7 -16895.5
  125 124.5 1.1847 0.000514194 -16911.3 -16074.1 -16658.2
  126 125.5 1.18578 0.00051466 -16804.9 -16012.6 -16773.4
  127 126.5 1.19796 0.000519948 -16550.5 -16535.1 -16566
  128 127.5 1.19158 0.000517181 -16662 -15999.3 -16405.5
  129 128.5 1.18114 0.000512649 -16479.8 -16293.1 -16888
  130 129.5 1.18036 0.000512309 -16708 -16611.3 -16698.2
  131 130.5 1.18579 0.000514667 -16754.6 -16659.6 -16602.2
  132 131.5 1.17662 0.000510684 -16347.8 -16676.1 -16793.6
  133 132.5 1.17687 0.000510795 -16384.4 -16312 -16750.7
  134 133.5 1.17592 0.000510382 -16223 -16324 -16777.8
  135 134.5 1.17746 0.000511052 -16332.5 -16178.6 -16893.2
  136 135.5 1.19106 0.000516951 -16531 -16391.6 -16630.6
  137 136.5 1.19317 0.000517868 -16584.4 -16522.6 -16586
  138 137.5 1.19418 0.000518309 -17135.2 -16597.7 -16452.2
  139 138.5 1.18594 0.000514733 -17113.9 -16341.5 -16661.5
  140 139.5 1.19081 0.000516844 -16781.7 -16091.5 -16668.4
  141 140.5 1.17839 0.000511455 -16802.3 -16145.9 -16748.4
  142 141.5 1.20134 0.000521417 -16829.5 -16274.9 -16529.2
  143 142.5 1.20894 0.000524715 -17045.4 -16428.3 -16210.4
  144 143.5 1.20296 0.000522118 -16796.9 -16244.4 -16468.1
  145 144.5 1.18958 0.000516309 -16758.6 -16575.7 -16522.8
  146 145.5 1.17303 0.000509128 -16801.9 -16407 -16899.3
  147 146.5 1.1592 0.000503125 -16519.2 -16665.4 -17087.4
  148 147.5 1.17867 0.000511576 -16489.2 -16763.3 -16725.9
  149 148.5 1.18482 0.000514243 -16506.8 -16819.1 -16604.8
  150 149.5 1.18606 0.000514781 -16797.2 -16750 -16697.3
  151 150.5 1.19318 0.000517872 -16901.3 -16815.2 -16527.6
  152 151.5 1.18697 0.000515177 -16964.6 -16868.2 -16601.2
  153 152.5 1.19334 0.000517941 -16944.2 -16517.4 -16617
  154 153.5 1.20237 0.000521861 -16545.2 -16413.9 -16407.2
  155 154.5 1.21646 0.000527979 -16645.6 -16699.8 -16189.7
  156 155.5 1.22008 0.000529549 -16691.7 -16774.2 -16312.7
  157 156.5 1.22833 0.000533128 -16787.4 -16693.8 -15972.1
  158 157.5 1.21738 0.000528375 -16754.4 -16279.1 -16232.3
  159 158.5 1.21034 0.000525323 -16811.9 -16077.3 -16334.1
  160 159.5 1.21962 0.000529351 -16693.5 -16305 -16271.2
  161 160.5 1.20554 0.000523236 -16209.4 -16383.8 -16399.7
  162 161.5 1.21307 0.000526507 -16174.2 -15982.2 -16259.5
  163 162.5 1.20545 0.000523198 -16513.6 -16420.2 -16370.6
  164 163.5 1.21011 0.000525222 -16418.9 -16304.2 -16332.2
  165 164.5 1.20428 0.000522691 -16224.6 -16321.4 -16478.2
  166 165.5 1.19813 0.000520021 -16704.4 -16458.5 -16438.2
  167 166.5 1.1789 0.000511674 -16246.1 -16269.9 -16698
  168 167.5 1.18963 0.000516333 -16195.3 -15868.7 -16593.3
  169 168.5 1.19772 0.000519844 -16189.1 -15859.2 -16581.3
  170 169.5 1.20169 0.000521566 -16298.2 -16590.4 -16431.5
  171 170.5 1.20434 0.000522715 -16311.9 -16874.3 -16440.7
  172 171.5 1.2077 0.000524177 -16837.4 -16844.1 -16261.2
  173 172.5 1.21113 0.000525663 -16349.5 -16505.6 -16285.1
  174 173.5 1.19707 0.000519562 -16095.6 -16241 -16637.6
  175 174.5 1.1865 0.000514972 -16225.4 -16393.7 -16595.2
  176 175.5 1.18936 0.000516215 -16050.1 -16280.5 -16561.6
  177 176.5 1.19736 0.000519687 -16655.4 -16328.8 -16509.2
  178 177.5 1.1948 0.000518576 -16533.3 -16543.3 -16550.2
  179 178.5 1.19719 0.000519615 -16488.1 -16631.1 -16522.7
  180 179.5 1.20042 0.000521017 -16763 -16406.4 -16412.5
  181 180.5 1.19266 0.000517646 -16560.6 -16280 -16509.8
  182 181.5 1.19625 0.000519205 -16601.6 -16519.1 -16615.1
  183 182.5 1.19598 0.000519087 -16602.7 -16532.8 -16612.5
  184 183.5 1.19107 0.000516958 -16520.5 -16528.9 -16595
  185 184.5 1.20037 0.000520993 -16322.9 -16761.3 -16330.9
  186 185.5 1.19771 0.00051984 -16116.1 -16651.2 -16481.1
  187 186.5 1.19032 0.000516632 -16379.8 -16852.1 -16577.5
  188 187.5 1.18714 0.00051525 -16016.4 -17170.2 -16712.2
  189 188.5 1.19497 0.000518649 -16050.9 -16943.2 -16494
  190 189.5 1.19866 0.00052025 -16495.3 -16578.3 -16481.9
  191 190.5 1.1976 0.000519792 -16319.4 -16454 -16579.2
  192 191.5 1.20146 0.000521469 -16381.7 -16224.5 -16446.2
  193 192.5 1.21275 0.000526368 -16044.7 -16167.8 -16212.3
  194 193.5 1.21065 0.000525455 -16227.8 -16055.1 -16390.5
  195 194.5 1.22135 0.000530101 -16294.3 -15986.8 -16163.5
  196 195.5 1.22571 0.000531993 -16471.9 -16310.6 -16073.6
  197 196.5 1.20906 0.000524764 -16289.1 -15990.6 -16299.8
  198 197.5 1.22031 0.000529649 -16239.7 -15966 -16286.4
  199 198.5 1.22827 0.000533104 -16124 -16016.5 -16063.1
  200 199.5 1.227 0.000532552 -16529.7 -16098.6 -16104.2
  201 200.5 1.22311 0.000530865 -16570.6 -16306.6 -16093
  202 201.5 1.21081 0.000525524 -16577.5 -16417.4 -16309.9
  203 202.5 1.21625 0.000527885 -16660.8 -16336.6 -16166.5
  204 203.5 1.20442 0.000522753 -16559.6 -16196.3 -16427.2
  205 204.5 1.22215 0.000530448 -16321.6 -16144 -16031.1
  206 205.5 1.23159 0.000534545 -16437.7 -16019.4 -15852.3
  207 206.5 1.22397 0.000531236 -16513 -16069.7 -15943.4
  208 207.5 1.22631 0.000532253 -16790.6 -15919.3 -15918.7
  209 208.5 1.23778 0.000537229 -16408.2 -15844.6 -15645.3
  210 209.5 1.23106 0.000534316 -16178.5 -16201.3 -15712.5
  211 210.5 1.25546 0.000544903 -16106.4 -16264.4 -14962.6
  212 211.5 1.27652 0.000554045 -16257.2 -16125.1 -14552
  213 212.5 1.31648 0.000571389 -16281.3 -15748.9 -13843.2
  214 213.5 1.37138 0.000595215 -15790.9 -15317 -12888.9
  215 214.5 1.43838 0.000624299 -15229.6 -14603.4 -11705.1
  216 215.5 1.54467 0.000670431 -14746.3 -13906.9 -10031.9
  217 216.5 1.71429 0.000744049 -13303.9 -12818 -8124.61
  218 217.5 1.96276 0.000851892 -11860.6 -11498.5 -5647.92
  219 218.5 2.33918 0.00101527 -9981.89 -9863.39 -2882.66
  220 219.5 2.90004 0.0012587 -8128.34 -7802.61 -320.089
  221 220.5 3.73789 0.00162235 -5395.7 -5198.42 2416.03
  222 221.5 4.99809 0.00216931 -2769.75 -2615.48 4941.41
  223 222.5 6.74109 0.00292582 514.211 587.298 7179.12
  224 223.5 9.23405 0.00400783 4227.71 4574.51 8983.75
  225 224.5 12.462 0.00540887 8413.53 8600.11 10313.5
  226 225.5 16.5644 0.00718941 13216.3 13338.4 11408.8
  227 226.5 21.2385 0.00921808 17390.7 17384.8 10719.6
  228 227.5 25.658 0.0111363 20009.9 19981.9 8702.2
  229 228.5 29.3933 0.0127575 20427.4 20544.5 5536.16
  230 229.5 32.2062 0.0139784 19158.1 19193.4 1705.56
  231 230.5 34.1614 0.014827 16192.4 16199.3 -1896.94
  232 231.5 35.4111 0.0153694 12723.7 12846.9 -4201.36
  233 232.5 36.1503 0.0156902 9147.93 9332.76 -5551.17
  234 233.5 36.845 0.0159918 6691.81 6630.56 -5663.28
  235 234.5 37.1515 0.0161248 4527.37 4384.48 -5164.24
  236 235.5 37.3071 0.0161923 2984.36 2905.76 -4448.18
  237 236.5 37.5562 0.0163004 1855.06 1790.55 -3888.85
  238 237.5 37.6786 0.0163535 1390.48 1222.05 -3137.22
  239 238.5 37.6634 0.016347 783.035 859.184 -2449.31
  240 239.5 37.7787 0.016397 571.666 527.073 -2204.01
  241 240.5 37.8334 0.0164207 374.866 268.976 -1743.49
  242 241.5 37.7981 0.0164054 203.048 106.047 -1524.62
  243 242.5 37.828 0.0164184 -239.841 -91.0178 -1250.9
  244 243.5 37.9112 0.0164545 -73.8485 -177.424 -849.538
  245 244.5 37.8892 0.016445 -383.773 -349.257 -980.794
  246 245.5 37.7688 0.0163927 -471.856 -451.898 -948.67
  247 246.5 37.9693 0.0164797 -506.486 -591.677 -632.839
  248 247.5 37.9493 0.016471 -370.571 -437.931 -482.374
  249 248.5 37.7884 0.0164012 -400.854 -563.652 -712.189
  250 249.5 37.882 0.0164418 -479.652 -510.036 -678.893
  251 250.5 37.9651 0.0164779 -403.158 -362.558 -326.408
  252 251.5 37.8791 0.0164406 -679.831 -626.608 -667.4
  253 252.5 37.8147 0.0164126 -784.054 -394.249 -534.414
  254 253.5 37.8872 0.0164441 -803.075 -503.739 -570.464
  255 254.5 37.9962 0.0164914 -715.579 -428.549 -423.863
  256 255.5 37.868 0.0164358 -616.48 -500.391 -571.193
  257 256.5 37.7986 0.0164056 -710.843 -653.67 -525.318
  258 257.5 37.9383 0.0164663 -365.906 -451.266 -372.833
  259 258.5 37.9406 0.0164673 -284.565 -569.407 -524.496
  260 259.5 37.8196 0.0164148 -485.534 -492.726 -462.18
  261 260.5 37.8365 0.0164221 -477.319 -466.868 -582.682
  262 261.5 37.9659 0.0164782 -498.217 -397.856 -578.961
  263 262.5 37.8778 0.01644 -512.247 -489.438 -355.018
  264 263.5 37.8604 0.0164325 -433.235 -547.698 -574.389
  265 264.5 37.8577 0.0164313 -621.933 -561.962 -484.012
  266 265.5 37.9351 0.0164649 -548.487 -506.118 -545.209
  267 266.5 37.8643 0.0164341 -365.86 -556.005 -553.904
  268 267.5 37.847 0.0164267 -370.43 -752.471 -386.22
  269 268.5 37.9484 0.0164707 -459.192 -574.468 -465.887
  270 269.5 37.8841 0.0164427 -551.524 -652.437 -653.01
  271 270.5 37.799 0.0164058 -646.42 -405.393 -533.611
  272 271.5 37.8943 0.0164472 -420.91 -398.132 -478.037
  273 272.5 37.9462 0.0164697 -352.678 -375.273 -430.601
  274 273.5 37.8297 0.0164191 -556.709 -513.27 -430.344
  275 274.5 37.8259 0.0164175 -452.939 -745.643 -604.696
  276 275.5 37.9107 0.0164543 -718.756 -451.313 -587.15
  277 276.5 37.9052 0.0164519 -726.608 -488.144 -483.642
  278 277.5 37.8725 0.0164377 -832.437 -523.25 -433.988
  279 278.5 37.879 0.0164405 -762.805 -550.326 -514.124
  280 279.5 37.901 0.0164501 -422.413 -585.189 -547.298
  281 280.5 37.8334 0.0164208 -524.798 -516.877 -535.93
  282 281.5 37.8495 0.0164277 -530.423 -571.917 -470.102
  283 282.5 37.8872 0.0164441 -442.685 -314.729 -367.26
  284 283.5 37.9431 0.0164684 -659.153 -600.922 -611.873
  285 284.5 37.7636 0.0163904 -681.371 -455.417 -497.648
  286 285.5 37.8725 0.0164377 -716.555 -308.299 -589.869
  287 286.5 37.9658 0.0164782 -449.518 -494.375 -340.845
  288 287.5 37.8409 0.016424 -720.31 -424.048 -550.898
  289 288.5 37.8037 0.0164078 -680.293 -467.336 -498.614
  290 289.5 37.9226 0.0164595 -561.194 -584.763 -605.908
  291 290.5 37.9107 0.0164543 -676.123 -544.778 -501.934
  292 291.5 37.8397 0.0164235 -449.1 -394.558 -380.346
  293 292.5 37.7817 0.0163983 -484.44 -446.494 -756.624
  294 293.5 37.9453 0.0164693 -383.819 -572.347 -502.643
  295 294.5 37.8515 0.0164286 -278.387 -518.673 -351.412
  296 295.5 37.7882 0.0164011 -411.613 -495.325 -479.028
  297 296.5 37.886 0.0164436 -521.871 -617.744 -714.58
  298 297.5 37.9113 0.0164546 -391.832 -229.658 -371.345
  299 298.5 37.8384 0.0164229 -504.716 -230.562 -428.578
  300 299.5 37.8571 0.016431 -490.309 -494.14 -548.81
  301 300.5 37.843 0.0164249 -576.915 -587.748 -592.306
  302 301.5 37.885 0.0164431 -424.293 -735.722 -448.181
  303 302.5 37.8335 0.0164208 -697.952 -418.981 -649.919
  304 303.5 37.8452 0.0164259 -502.831 -431.623 -449.143
  305 304.5 37.8337 0.0164209 -526.789 -310.8 -332.201
  306 305.5 37.8875 0.0164442 -561.441 -577.53 -439.455
  307 306.5 37.82 0.0164149 -461.609 -507.053 -697.869
  308 307.5 37.8308 0.0164196 -478.961 -445.654 -421.633
  309 308.5 37.8427 0.0164248 -297.131 -596.855 -378.977
  310 309.5 37.8443 0.0164255 -383.379 -600.892 -503.773
  311 310.5 37.7643 0.0163908 -431.463 -697.137 -683.323
  312 311.5 37.878 0.0164401 -366.224 -625.922 -446.032
  313 312.5 37.8878 0.0164443 -539.932 -618.754 -369.016
  314 313.5 37.8331 0.0164206 -678.666 -571.093 -506.873
  315 314.5 37.7552 0.0163868 -647.996 -651.583 -605.012
  316 315.5 37.8871 0.0164441 -445.109 -539.75 -509.283
  317 316.5 37.858 0.0164314 -801.397 -714.805 -319.554
  318 317.5 37.8944 0.0164472 -680.824 -511.688 -615.467
  319 318.5 37.7517 0.0163853 -724.933 -535.662 -639.967
  320 319.5 37.8641 0.0164341 -629.3 -513.952 -321.662
  321 320.5 37.9084 0.0164533 -510.086 -341.542 -540.42
  322 321.5 37.8374 0.0164225 -669.57 -387.944 -490.798
  323 322.5 37.8125 0.0164117 -305.801 -499.51 -369.581
  324 323.5 37.8949 0.0164474 -691.68 -567.472 -699.866
  325 324.5 37.8233 0.0164164 -424.59 -418.616 -559.346
  326 325.5 37.8354 0.0164216 -189.691 -375.628 -450.398
  327 326.5 37.8801 0.016441 -217.032 -424.912 -538.29
  328 327.5 37.882 0.0164418 -367.198 -244.877 -402.313
  329 328.5 37.8223 0.0164159 -434.845 -239.603 -473.64
  330 329.5 37.8137 0.0164122 -650.646 -331.903 -614.991
  331 330.5 37.8865 0.0164438 -434.88 -524.395 -490.575
  332 331.5 37.8791 0.0164406 -398.602 -471.476 -441.199
  333 332.5 37.8026 0.0164074 -580.127 -507.274 -559.56
  334 333.5 37.8545 0.0164299 -518.193 -480.344 -458.77
  335 334.5 37.8729 0.0164379 -354.356 -569.058 -498.347
  336 335.5 37.7909 0.0164023 -362.636 -530.984 -526.168
  337 336.5 37.8551 0.0164302 -371.725 -305.883 -463.384
  338 337.5 37.8656 0.0164347 -315.629 -261.799 -524.191
  339 338.5 37.8119 0.0164114 -359.001 -362.462 -399.241
  340 339.5 37.8535 0.0164295 -517.248 -250.95 -507.678
  341 340.5 37.8558 0.0164305 -471.759 -534.883 -662.464
  342 341.5 37.8763 0.0164394 -530.239 -185.94 -436.4
  343 342.5 37.8228 0.0164161 -652.425 -423.826 -524.545
  344 343.5 37.9076 0.0164529 -504.783 -422.842 -450.625
  345 344.5 37.8378 0.0164226 -439.39 -322.019 -473.325
  346 345.5 37.8371 0.0164224 -592.679 -459.968 -420.341
  347 346.5 37.8729 0.0164379 -506.409 -365.743 -626.551
  348 347.5 37.8711 0.0164371 -404.482 -419.363 -497.328
  349 348.5 37.8126 0.0164117 -409.32 -295.655 -391.977
  350 349.5 37.8915 0.016446 -436.286 -475.204 -599.405
  351 350.5 37.9079 0.0164531 -498.887 -492.223 -433.577
  352 351.5 37.818 0.0164141 -506.967 -620.785 -596.797
  353 352.5 37.8435 0.0164251 -292.668 -518.165 -435.37
  354 353.5 37.929 0.0164622 -514.537 -674.097 -552.474
  355 354.5 37.8255 0.0164173 -352.56 -482.339 -428.409
  356 355.5 37.8566 0.0164308 -97.3455 -573.555 -528.194
  357 356.5 37.8739 0.0164383 -505.22 -524.878 -522.522
  358 357.5 37.8354 0.0164216 -383.9 -428.989 -424.124
  359 358.5 37.8717 0.0164374 -501.804 -419.372 -605.168
  360 359.5 37.8224 0.016416 -607.604 -458.96 -559.88
  361 360.5 37.9252 0.0164606 -706.23 -666.288 -532.128
  362 361.5 37.8198 0.0164148 -423.738 -626.475 -444.16
  363 362.5 37.8578 0.0164313 -545.957 -527.947 -502.012
  364 363.5 37.8809 0.0164414 -373.216 -601.389 -686.817
  365 364.5 37.8592 0.0164319 -351.155 -551.55 -415.166
  366 365.5 37.8422 0.0164246 -243.338 -206.866 -627.26
  367 366.5 37.8904 0.0164455 -299.071 -355.023 -679.712
  368 367.5 37.7737 0.0163948 -295.458 -361.076 -598.348
  369 368.5 37.8616 0.016433 -319.38 -391.331 -666.062
  370 369.5 37.8597 0.0164322 -479.03 -111.313 -886.61
  371 370.5 37.7917 0.0164026 -471.65 -257.598 -914.104
  372 371.5 37.8195 0.0164147 -151.565 -208.286 -1087.01
  373 372.5 37.8571 0.016431 94.3291 -174.371 -1195.11
  374 373.5 37.7187 0.016371 0.497256 -111.498 -1581.44
  375 374.5 37.7647 0.0163909 200.761 152.395 -1701.5
  376 375.5 37.7624 0.0163899 511.329 563.993 -1967.65
  377 376.5 37.6129 0.0163251 1018.24 769.783 -2579.49
  378 377.5 37.5127 0.0162816 1564.68 1592.88 -3067.6
  379 378.5 37.4578 0.0162577 2341.99 2443.48 -3554.01
  380 379.5 37.2069 0.0161488 3607.94 3361.3 -3805.67
  381 380.5 36.9288 0.0160281 5311.89 5372.81 -3984.73
  382 381.5 36.5235 0.0158522 7634.14 7565.97 -3454.05
  383 382.5 35.8272 0.01555 9848.62 9666.54 -2153.09
  384 383.5 34.9408 0.0151653 12262.6 12430.9 566.782
  385 384.5 33.7615 0.0146534 13692.7 13558.8 3470.89
  386 385.5 32.2566 0.0140003 12828.8 12879.5 5433.48
  387 386.5 30.7403 0.0133421 10670 10691.6 6437.72
  388 387.5 29.6205 0.0128561 7394.06 7203.76 5597.61
  389 388.5 29.2091 0.0126775 4631.01 4446.09 4303.84
  390 389.5 29.2892 0.0127123 3032.97 3095.25 2936.18
  391 390.5 29.6386 0.012864 2454.57 2497.3 1533.92
  392 391.5 30.1333 0.0130787 2102.17 2155.32 224.073
  393 392.5 30.452 0.013217 1894.06 1816.63 -533.872
  394 393.5 30.76 0.0133507 1313.02 1265.72 -977.534
  395 394.5 31.085 0.0134918 991.803 853.712 -1231.34
  396 395.5 31.2413 0.0135596 533.607 425.185 -1256.57
  397 396.5 31.3228 0.013595 135.43 252.595 -1340.35
  398 397.5 31.4655 0.0136569 84.6599 150.972 -1196.58
  399 398.5 31.5697 0.0137021 -114.526 50.1347 -1043.68
  400 399.5 31.5688 0.0137017 -107.714 -165.813 -1045.15
  401 400.5 31.5357 0.0136874 -317.514 -210.415 -1010.57
  402 401.5 31.6571 0.0137401 -370.941 -480.437 -941.496
  403 402.5 31.6406 0.0137329 -432.072 -475.938 -862.558
  404 403.5 31.706 0.0137613 -473.998 -372.128 -641.254
  405 404.5 31.6554 0.0137393 -379.852 -376.441 -769.924
  406 405.5 31.6583 0.0137406 -420.604 -474.064 -837.58
  407 406.5 31.6857 0.0137525 -616.995 -436.141 -670.587
  408 407.5 31.7106 0.0137633 -372.276 -435.601 -543.403
  409 408.5 31.6662 0.013744 -655.628 -472.774 -762.676
  410 409.5 31.6748 0.0137477 -739.335 -603.235 -657.101
  411 410.5 31.7009 0.0137591 -564.907 -440.44 -619.498
  412 411.5 31.7084 0.0137623 -574.858 -551.655 -585.922
  413 412.5 31.6754 0.013748 -486.546 -514.778 -657.387
  414 413.5 31.6728 0.0137469 -429.084 -687.499 -589.255
  415 414.5 31.7141 0.0137648 -608.499 -502.685 -664.269
  416 415.5 31.7142 0.0137648 -770.012 -621.006 -619.48
  417 416.5 31.7366 0.0137746 -747.695 -699.506 -631.894
  418 417.5 31.7186 0.0137668 -691.149 -445.269 -583.279
  419 418.5 31.7518 0.0137812 -534.913 -473.706 -557.832
  420 419.5 31.6499 0.0137369 -807.326 -589.278 -766.744
  421 420.5 31.7514 0.013781 -477.217 -510.222 -580.748
  422 421.5 31.7591 0.0137843 -657.442 -513.381 -543.899
  423 422.5 31.6464 0.0137354 -680.137 -776.033 -682.992
  424 423.5 31.7166 0.0137659 -583.95 -517.128 -593.258
  425 424.5 31.7256 0.0137698 -671.076 -650.898 -602.575
  426 425.5 31.6901 0.0137544 -642.138 -534.233 -651.637
  427 426.5 31.6723 0.0137466 -590.248 -702.921 -590.978
  428 427.5 31.6873 0.0137532 -452.277 -517.926 -614.6
  429 428.5 31.7142 0.0137649 -614.554 -426.853 -611.393
  430 429.5 31.6731 0.013747 -782.898 -728.351 -621.395
  431 430.5 31.6792 0.0137496 -630.811 -620.706 -539.942
  432 431.5 31.6801 0.0137501 -544.574 -601.465 -595.992
  433 432.5 31.6275 0.0137272 -567.368 -755.306 -717.366
  434 433.5 31.69 0.0137543 -571.765 -724.364 -572.386
  435 434.5 31.6337 0.0137299 -631.104 -661.452 -593.917
  436 435.5 31.688 0.0137535 -686.236 -568.001 -608.139
  437 436.5 31.6484 0.0137363 -512.803 -774.585 -602.486
  438 437.5 31.6625 0.0137424 -513.216 -734.495 -670.531
  439 438.5 31.6821 0.0137509 -573.567 -815.293 -631.409
  440 439.5 31.666 0.0137439 -637.075 -716.95 -462.043
  441 440.5 31.5852 0.0137089 -630.972 -575.686 -639.926
  442 441.5 31.6952 0.0137566 -701.451 -666.292 -730.255
  443 442.5 31.7108 0.0137634 -730.556 -579.073 -627.419
  444 443.5 31.651 0.0137374 -585.995 -450.866 -456.193
  445 444.5 31.6678 0.0137447 -624.027 -518.886 -615.007
  446 445.5 31.6375 0.0137315 -590.787 -642.566 -722.845
  447 446.5 31.6237 0.0137255 -530.834 -500.491 -598.122
  448 447.5 31.6619 0.0137422 -526.522 -529.195 -569.88
  449 448.5 31.6353 0.0137306 -855.446 -631.697 -701.699
  450 449.5 31.6641 0.0137431 -592.488 -623.202 -534.51
  451 450.5 31.6116 0.0137203 -644.061 -684.652 -565.844
  452 451.5 31.6404 0.0137328 -683.027 -718.659 -713.269
  453 452.5 31.6451 0.0137349 -653.35 -515.67 -600.854
  454 453.5 31.6253 0.0137263 -568.824 -568.528 -512.528
  455 454.5 31.6329 0.0137295 -645.805 -548.749 -668.821
  456 455.5 31.6694 0.0137454 -608.42 -584.14 -650.808
  457 456.5 31.6399 0.0137326 -591.737 -579.538 -571.146
  458 457.5 31.6711 0.0137461 -510.508 -713.153 -508.674
  459 458.5 31.6541 0.0137388 -581.633 -706.224 -697.65
  460 459.5 31.6462 0.0137353 -592.008 -689.254 -560.491
  461 460.5 31.6913 0.0137549 -622.625 -725.199 -694.982
  462 461.5 31.6695 0.0137455 -743.305 -738.296 -645.98
  463 462.5 31.6395 0.0137324 -680.385 -563.206 -589.517
  464 463.5 31.6519 0.0137378 -504.334 -474.42 -566.421
  465 464.5 31.7266 0.0137702 -493.812 -546.694 -677.676
  466 465.5 31.6307 0.0137286 -639.281 -476.54 -581.837
  467 466.5 31.665 0.0137435 -660.682 -622.711 -635.164
  468 467.5 31.6655 0.0137437 -662.759 -671.396 -560.087
  469 468.5 31.6343 0.0137302 -583.83 -654.782 -621.321
  470 469.5 31.7053 0.013761 -575.718 -540.785 -571.397
  471 470.5 31.6375 0.0137315 -589.698 -644.139 -717.478
  472 471.5 31.6539 0.0137387 -479.91 -513.376 -582.638
  473 472.5 31.6935 0.0137558 -515.197 -366.554 -588.601
  474 473.5 31.6913 0.0137549 -775.716 -597.125 -653.915
  475 474.5 31.6822 0.013751 -488.707 -672.799 -530.127
  476 475.5 31.687 0.0137531 -429.692 -523.613 -578.241
  477 476.5 31.6614 0.0137419 -619.247 -646.25 -757.809
  478 477.5 31.6042 0.0137171 -331.686 -589.358 -560.52
  479 478.5 31.7262 0.0137701 -549.987 -611.806 -545.986
  480 479.5 31.6618 0.0137421 -666.173 -620.33 -682.288
