# Chunk-averaged data for fix tensor3 and group c2
# Timestep Number-of-chunks Total-count
# Chunk Coord1 Ncount density/number
52500000 480 6199.999999999998
  1 0.5 0.217816 9.45382e-05
  2 1.5 0.222496 9.65694e-05
  3 2.5 0.224376 9.73854e-05
  4 3.5 0.22508 9.7691e-05
  5 4.5 0.219328 9.51944e-05
  6 5.5 0.226976 9.85139e-05
  7 6.5 0.222016 9.63611e-05
  8 7.5 0.212352 9.21667e-05
  9 8.5 0.220248 9.55938e-05
  10 9.5 0.229608 9.96562e-05
  11 10.5 0.23104 0.000100278
  12 11.5 0.232896 0.000101083
  13 12.5 0.236816 0.000102785
  14 13.5 0.248584 0.000107892
  15 14.5 0.245856 0.000106708
  16 15.5 0.24876 0.000107969
  17 16.5 0.245128 0.000106392
  18 17.5 0.24568 0.000106632
  19 18.5 0.246584 0.000107024
  20 19.5 0.244488 0.000106115
  21 20.5 0.23212 0.000100747
  22 21.5 0.23712 0.000102917
  23 22.5 0.234624 0.000101833
  24 23.5 0.228112 9.90069e-05
  25 24.5 0.222512 9.65764e-05
  26 25.5 0.22148 9.61285e-05
  27 26.5 0.215336 9.34618e-05
  28 27.5 0.224 9.72222e-05
  29 28.5 0.221832 9.62812e-05
  30 29.5 0.213584 9.27014e-05
  31 30.5 0.215304 9.34479e-05
  32 31.5 0.210888 9.15313e-05
  33 32.5 0.210896 9.15347e-05
  34 33.5 0.215376 9.34792e-05
  35 34.5 0.219376 9.52153e-05
  36 35.5 0.225272 9.77743e-05
  37 36.5 0.221176 9.59965e-05
  38 37.5 0.21988 9.5434e-05
  39 38.5 0.222112 9.64028e-05
  40 39.5 0.224456 9.74201e-05
  41 40.5 0.226984 9.85174e-05
  42 41.5 0.231776 0.000100597
  43 42.5 0.227 9.85243e-05
  44 43.5 0.22216 9.64236e-05
  45 44.5 0.224936 9.76285e-05
  46 45.5 0.220976 9.59097e-05
  47 46.5 0.220184 9.5566e-05
  48 47.5 0.219656 9.53368e-05
  49 48.5 0.220688 9.57847e-05
  50 49.5 0.21832 9.47569e-05
  51 50.5 0.219032 9.5066e-05
  52 51.5 0.201248 8.73472e-05
  53 52.5 0.18804 8.16146e-05
  54 53.5 0.17488 7.59028e-05
  55 54.5 0.1576 6.84028e-05
  56 55.5 0.147168 6.3875e-05
  57 56.5 0.13172 5.71701e-05
  58 57.5 0.11648 5.05556e-05
  59 58.5 0.098808 4.28854e-05
  60 59.5 0.087872 3.81389e-05
  61 60.5 0.078288 3.39792e-05
  62 61.5 0.06436 2.7934e-05
  63 62.5 0.059712 2.59167e-05
  64 63.5 0.054168 2.35104e-05
  65 64.5 0.052608 2.28333e-05
  66 65.5 0.043216 1.87569e-05
  67 66.5 0.0406 1.76215e-05
  68 67.5 0.04076 1.7691e-05
  69 68.5 0.04268 1.85243e-05
  70 69.5 0.040728 1.76771e-05
  71 70.5 0.041432 1.79826e-05
  72 71.5 0.038144 1.65556e-05
  73 72.5 0.038912 1.68889e-05
  74 73.5 0.041632 1.80694e-05
  75 74.5 0.042896 1.86181e-05
  76 75.5 0.041248 1.79028e-05
  77 76.5 0.03956 1.71701e-05
  78 77.5 0.040792 1.77049e-05
  79 78.5 0.038136 1.65521e-05
  80 79.5 0.036104 1.56701e-05
  81 80.5 0.038072 1.65243e-05
  82 81.5 0.035816 1.55451e-05
  83 82.5 0.035288 1.5316e-05
  84 83.5 0.034592 1.50139e-05
  85 84.5 0.039176 1.70035e-05
  86 85.5 0.0386 1.67535e-05
  87 86.5 0.036712 1.5934e-05
  88 87.5 0.036936 1.60313e-05
  89 88.5 0.033792 1.46667e-05
  90 89.5 0.033552 1.45625e-05
  91 90.5 0.030688 1.33194e-05
  92 91.5 0.033872 1.47014e-05
  93 92.5 0.036424 1.5809e-05
  94 93.5 0.037816 1.64132e-05
  95 94.5 0.035424 1.5375e-05
  96 95.5 0.036592 1.58819e-05
  97 96.5 0.035128 1.52465e-05
  98 97.5 0.03424 1.48611e-05
  99 98.5 0.032648 1.41701e-05
  100 99.5 0.031616 1.37222e-05
  101 100.5 0.031792 1.37986e-05
  102 101.5 0.03444 1.49479e-05
  103 102.5 0.035824 1.55486e-05
  104 103.5 0.036384 1.57917e-05
  105 104.5 0.035096 1.52326e-05
  106 105.5 0.03624 1.57292e-05
  107 106.5 0.035144 1.52535e-05
  108 107.5 0.035272 1.5309e-05
  109 108.5 0.032472 1.40938e-05
  110 109.5 0.031432 1.36424e-05
  111 110.5 0.033376 1.44861e-05
  112 111.5 0.032272 1.40069e-05
  113 112.5 0.029864 1.29618e-05
  114 113.5 0.029864 1.29618e-05
  115 114.5 0.03172 1.37674e-05
  116 115.5 0.03284 1.42535e-05
  117 116.5 0.034688 1.50556e-05
  118 117.5 0.034448 1.49514e-05
  119 118.5 0.035064 1.52188e-05
  120 119.5 0.035616 1.54583e-05
  121 120.5 0.035264 1.53056e-05
  122 121.5 0.037192 1.61424e-05
  123 122.5 0.03616 1.56944e-05
  124 123.5 0.034504 1.49757e-05
  125 124.5 0.035224 1.52882e-05
  126 125.5 0.033176 1.43993e-05
  127 126.5 0.03264 1.41667e-05
  128 127.5 0.032336 1.40347e-05
  129 128.5 0.0318 1.38021e-05
  130 129.5 0.03312 1.4375e-05
  131 130.5 0.032896 1.42778e-05
  132 131.5 0.034024 1.47674e-05
  133 132.5 0.03444 1.49479e-05
  134 133.5 0.035016 1.51979e-05
  135 134.5 0.036328 1.57674e-05
  136 135.5 0.035008 1.51944e-05
  137 136.5 0.037104 1.61042e-05
  138 137.5 0.039424 1.71111e-05
  139 138.5 0.038488 1.67049e-05
  140 139.5 0.03532 1.53299e-05
  141 140.5 0.035488 1.54028e-05
  142 141.5 0.036704 1.59306e-05
  143 142.5 0.038168 1.6566e-05
  144 143.5 0.037424 1.62431e-05
  145 144.5 0.035296 1.53194e-05
  146 145.5 0.037048 1.60799e-05
  147 146.5 0.036816 1.59792e-05
  148 147.5 0.036808 1.59757e-05
  149 148.5 0.035016 1.51979e-05
  150 149.5 0.03572 1.55035e-05
  151 150.5 0.034616 1.50243e-05
  152 151.5 0.036168 1.56979e-05
  153 152.5 0.034656 1.50417e-05
  154 153.5 0.0362 1.57118e-05
  155 154.5 0.03468 1.50521e-05
  156 155.5 0.034312 1.48924e-05
  157 156.5 0.034944 1.51667e-05
  158 157.5 0.036856 1.59965e-05
  159 158.5 0.038448 1.66875e-05
  160 159.5 0.038904 1.68854e-05
  161 160.5 0.036872 1.60035e-05
  162 161.5 0.03848 1.67014e-05
  163 162.5 0.037664 1.63472e-05
  164 163.5 0.040696 1.76632e-05
  165 164.5 0.03608 1.56597e-05
  166 165.5 0.036168 1.56979e-05
  167 166.5 0.034784 1.50972e-05
  168 167.5 0.035816 1.55451e-05
  169 168.5 0.033872 1.47014e-05
  170 169.5 0.033928 1.47257e-05
  171 170.5 0.035216 1.52847e-05
  172 171.5 0.035896 1.55799e-05
  173 172.5 0.03592 1.55903e-05
  174 173.5 0.036904 1.60174e-05
  175 174.5 0.035408 1.53681e-05
  176 175.5 0.035048 1.52118e-05
  177 176.5 0.035496 1.54062e-05
  178 177.5 0.032888 1.42743e-05
  179 178.5 0.035016 1.51979e-05
  180 179.5 0.033192 1.44062e-05
  181 180.5 0.033328 1.44653e-05
  182 181.5 0.035776 1.55278e-05
  183 182.5 0.036384 1.57917e-05
  184 183.5 0.036104 1.56701e-05
  185 184.5 0.03744 1.625e-05
  186 185.5 0.038352 1.66458e-05
  187 186.5 0.037872 1.64375e-05
  188 187.5 0.037256 1.61701e-05
  189 188.5 0.038976 1.69167e-05
  190 189.5 0.037136 1.61181e-05
  191 190.5 0.033512 1.45451e-05
  192 191.5 0.03196 1.38715e-05
  193 192.5 0.0336 1.45833e-05
  194 193.5 0.036944 1.60347e-05
  195 194.5 0.036328 1.57674e-05
  196 195.5 0.0368 1.59722e-05
  197 196.5 0.037432 1.62465e-05
  198 197.5 0.040824 1.77188e-05
  199 198.5 0.042848 1.85972e-05
  200 199.5 0.045256 1.96424e-05
  201 200.5 0.047976 2.08229e-05
  202 201.5 0.051832 2.24965e-05
  203 202.5 0.05932 2.57465e-05
  204 203.5 0.060544 2.62778e-05
  205 204.5 0.069032 2.99618e-05
  206 205.5 0.078096 3.38958e-05
  207 206.5 0.09068 3.93576e-05
  208 207.5 0.103992 4.51354e-05
  209 208.5 0.115352 5.0066e-05
  210 209.5 0.131696 5.71597e-05
  211 210.5 0.146152 6.3434e-05
  212 211.5 0.162832 7.06736e-05
  213 212.5 0.179144 7.77535e-05
  214 213.5 0.205696 8.92778e-05
  215 214.5 0.24944 0.000108264
  216 215.5 0.33088 0.000143611
  217 216.5 0.52328 0.000227118
  218 217.5 0.949648 0.000412174
  219 218.5 1.8699 0.00081159
  220 219.5 3.70962 0.00161008
  221 220.5 6.84558 0.00297117
  222 221.5 11.5189 0.00499953
  223 222.5 17.3858 0.00754593
  224 223.5 23.5081 0.0102032
  225 224.5 28.8645 0.012528
  226 225.5 32.855 0.01426
  227 226.5 35.234 0.0152925
  228 227.5 36.7038 0.0159304
  229 228.5 37.6124 0.0163248
  230 229.5 38.1983 0.0165791
  231 230.5 38.2885 0.0166183
  232 231.5 38.5878 0.0167482
  233 232.5 38.8367 0.0168562
  234 233.5 38.6852 0.0167905
  235 234.5 38.8114 0.0168452
  236 235.5 38.9256 0.0168948
  237 236.5 38.9538 0.016907
  238 237.5 38.7777 0.0168306
  239 238.5 38.9398 0.016901
  240 239.5 39.0363 0.0169428
  241 240.5 38.8643 0.0168682
  242 241.5 38.8935 0.0168809
  243 242.5 39.0265 0.0169386
  244 243.5 38.9958 0.0169253
  245 244.5 38.8549 0.0168641
  246 245.5 38.973 0.0169154
  247 246.5 39.0813 0.0169624
  248 247.5 38.9084 0.0168873
  249 248.5 38.9155 0.0168904
  250 249.5 39.0828 0.016963
  251 250.5 39.018 0.0169349
  252 251.5 38.8545 0.0168639
  253 252.5 39.0363 0.0169428
  254 253.5 39.0877 0.0169651
  255 254.5 38.9161 0.0168907
  256 255.5 38.931 0.0168971
  257 256.5 39.1078 0.0169739
  258 257.5 39.071 0.0169579
  259 258.5 38.9132 0.0168894
  260 259.5 39.004 0.0169288
  261 260.5 39.0883 0.0169654
  262 261.5 39.049 0.0169483
  263 262.5 38.9684 0.0169134
  264 263.5 39.0331 0.0169414
  265 264.5 39.0853 0.0169641
  266 265.5 39.0338 0.0169417
  267 266.5 38.982 0.0169193
  268 267.5 38.9983 0.0169263
  269 268.5 39.1004 0.0169707
  270 269.5 39.0439 0.0169461
  271 270.5 39.005 0.0169293
  272 271.5 38.9798 0.0169183
  273 272.5 39.0717 0.0169582
  274 273.5 39.1172 0.016978
  275 274.5 38.9328 0.0168979
  276 275.5 38.9855 0.0169208
  277 276.5 39.1185 0.0169785
  278 277.5 38.9868 0.0169213
  279 278.5 38.9379 0.0169001
  280 279.5 39.0489 0.0169483
  281 280.5 39.0107 0.0169317
  282 281.5 38.9618 0.0169105
  283 282.5 38.9543 0.0169073
  284 283.5 39.0529 0.01695
  285 284.5 39.0119 0.0169322
  286 285.5 38.8876 0.0168783
  287 286.5 38.9792 0.0169181
  288 287.5 39.0491 0.0169484
  289 288.5 38.9314 0.0168973
  290 289.5 38.9215 0.016893
  291 290.5 39.0303 0.0169402
  292 291.5 38.9549 0.0169075
  293 292.5 38.9508 0.0169057
  294 293.5 38.9664 0.0169125
  295 294.5 38.9597 0.0169096
  296 295.5 38.9878 0.0169218
  297 296.5 38.9239 0.016894
  298 297.5 38.9362 0.0168994
  299 298.5 38.9992 0.0169267
  300 299.5 38.9875 0.0169217
  301 300.5 38.8887 0.0168788
  302 301.5 39.057 0.0169518
  303 302.5 39.0049 0.0169292
  304 303.5 38.8781 0.0168742
  305 304.5 38.9382 0.0169002
  306 305.5 39.0636 0.0169547
  307 306.5 38.8803 0.0168751
  308 307.5 38.9074 0.0168869
  309 308.5 39.0834 0.0169633
  310 309.5 38.9154 0.0168903
  311 310.5 38.8746 0.0168726
  312 311.5 39.0665 0.016956
  313 312.5 38.9566 0.0169082
  314 313.5 38.8006 0.0168405
  315 314.5 38.9667 0.0169126
  316 315.5 39.0449 0.0169466
  317 316.5 38.7506 0.0168189
  318 317.5 38.9121 0.0168889
  319 318.5 39.0084 0.0169307
  320 319.5 38.8698 0.0168706
  321 320.5 38.835 0.0168555
  322 321.5 39.0401 0.0169445
  323 322.5 38.9279 0.0168958
  324 323.5 38.8144 0.0168465
  325 324.5 38.9813 0.016919
  326 325.5 38.9968 0.0169257
  327 326.5 38.8275 0.0168522
  328 327.5 38.8838 0.0168767
  329 328.5 38.9696 0.0169139
  330 329.5 38.8997 0.0168835
  331 330.5 38.8959 0.0168819
  332 331.5 38.8901 0.0168794
  333 332.5 38.9213 0.0168929
  334 333.5 38.8872 0.0168781
  335 334.5 38.9186 0.0168917
  336 335.5 38.8838 0.0168767
  337 336.5 38.8672 0.0168695
  338 337.5 38.9037 0.0168853
  339 338.5 38.8604 0.0168665
  340 339.5 38.8602 0.0168664
  341 340.5 38.8808 0.0168753
  342 341.5 38.8216 0.0168497
  343 342.5 38.8356 0.0168557
  344 343.5 38.9187 0.0168918
  345 344.5 38.8365 0.0168561
  346 345.5 38.858 0.0168655
  347 346.5 38.8705 0.0168709
  348 347.5 38.9151 0.0168902
  349 348.5 38.8897 0.0168792
  350 349.5 38.8374 0.0168565
  351 350.5 38.9323 0.0168977
  352 351.5 38.9098 0.016888
  353 352.5 38.878 0.0168741
  354 353.5 38.877 0.0168737
  355 354.5 38.9895 0.0169225
  356 355.5 38.9851 0.0169206
  357 356.5 38.8191 0.0168486
  358 357.5 38.9664 0.0169125
  359 358.5 39.0418 0.0169452
  360 359.5 38.9001 0.0168837
  361 360.5 38.9403 0.0169012
  362 361.5 39.0528 0.01695
  363 362.5 38.92 0.0168924
  364 363.5 38.909 0.0168876
  365 364.5 39.0694 0.0169572
  366 365.5 38.9115 0.0168887
  367 366.5 38.9281 0.0168959
  368 367.5 38.8965 0.0168822
  369 368.5 38.9246 0.0168943
  370 369.5 38.8459 0.0168602
  371 370.5 38.8345 0.0168553
  372 371.5 38.7182 0.0168048
  373 372.5 38.6404 0.016771
  374 373.5 38.4943 0.0167076
  375 374.5 38.1376 0.0165528
  376 375.5 37.718 0.0163707
  377 376.5 36.8999 0.0160156
  378 377.5 35.6105 0.015456
  379 378.5 33.2615 0.0144364
  380 379.5 29.5172 0.0128113
  381 380.5 24.3888 0.0105854
  382 381.5 18.1278 0.00786799
  383 382.5 11.9843 0.00520153
  384 383.5 7.11361 0.0030875
  385 384.5 3.8077 0.00165265
  386 385.5 1.93488 0.000839792
  387 386.5 0.995912 0.000432253
  388 387.5 0.551392 0.000239319
  389 388.5 0.363464 0.000157753
  390 389.5 0.272144 0.000118118
  391 390.5 0.236112 0.000102479
  392 391.5 0.216024 9.37604e-05
  393 392.5 0.200128 8.68611e-05
  394 393.5 0.188128 8.16528e-05
  395 394.5 0.181608 7.88229e-05
  396 395.5 0.178976 7.76806e-05
  397 396.5 0.188136 8.16562e-05
  398 397.5 0.190688 8.27639e-05
  399 398.5 0.193792 8.41111e-05
  400 399.5 0.193048 8.37882e-05
  401 400.5 0.192224 8.34306e-05
  402 401.5 0.186928 8.11319e-05
  403 402.5 0.173152 7.51528e-05
  404 403.5 0.174312 7.56562e-05
  405 404.5 0.179544 7.79271e-05
  406 405.5 0.176768 7.67222e-05
  407 406.5 0.181032 7.85729e-05
  408 407.5 0.180248 7.82326e-05
  409 408.5 0.173656 7.53715e-05
  410 409.5 0.175912 7.63507e-05
  411 410.5 0.180448 7.83194e-05
  412 411.5 0.179096 7.77326e-05
  413 412.5 0.18076 7.84549e-05
  414 413.5 0.186112 8.07778e-05
  415 414.5 0.182464 7.91944e-05
  416 415.5 0.181304 7.8691e-05
  417 416.5 0.181328 7.87014e-05
  418 417.5 0.181792 7.89028e-05
  419 418.5 0.18296 7.94097e-05
  420 419.5 0.176232 7.64896e-05
  421 420.5 0.179016 7.76979e-05
  422 421.5 0.181064 7.85868e-05
  423 422.5 0.180104 7.81701e-05
  424 423.5 0.187304 8.12951e-05
  425 424.5 0.188288 8.17222e-05
  426 425.5 0.189616 8.22986e-05
  427 426.5 0.188152 8.16632e-05
  428 427.5 0.184056 7.98854e-05
  429 428.5 0.185296 8.04236e-05
  430 429.5 0.190504 8.2684e-05
  431 430.5 0.193904 8.41597e-05
  432 431.5 0.195408 8.48125e-05
  433 432.5 0.19704 8.55208e-05
  434 433.5 0.206376 8.95729e-05
  435 434.5 0.20688 8.97917e-05
  436 435.5 0.207672 9.01354e-05
  437 436.5 0.213336 9.25937e-05
  438 437.5 0.210768 9.14792e-05
  439 438.5 0.209808 9.10625e-05
  440 439.5 0.208032 9.02917e-05
  441 440.5 0.204424 8.87257e-05
  442 441.5 0.205056 8.9e-05
  443 442.5 0.192984 8.37604e-05
  444 443.5 0.187184 8.12431e-05
  445 444.5 0.18648 8.09375e-05
  446 445.5 0.193056 8.37917e-05
  447 446.5 0.197968 8.59236e-05
  448 447.5 0.19388 8.41493e-05
  449 448.5 0.204336 8.86875e-05
  450 449.5 0.200056 8.68299e-05
  451 450.5 0.197128 8.5559e-05
  452 451.5 0.194944 8.46111e-05
  453 452.5 0.191616 8.31667e-05
  454 453.5 0.184088 7.98993e-05
  455 454.5 0.180336 7.82708e-05
  456 455.5 0.181176 7.86354e-05
  457 456.5 0.171688 7.45174e-05
  458 457.5 0.164744 7.15035e-05
  459 458.5 0.159344 6.91597e-05
  460 459.5 0.159512 6.92326e-05
  461 460.5 0.167512 7.27049e-05
  462 461.5 0.174744 7.58437e-05
  463 462.5 0.180328 7.82674e-05
  464 463.5 0.181104 7.86042e-05
  465 464.5 0.18008 7.81597e-05
  466 465.5 0.179184 7.77708e-05
  467 466.5 0.182624 7.92639e-05
  468 467.5 0.1876 8.14236e-05
  469 468.5 0.202888 8.8059e-05
  470 469.5 0.205456 8.91736e-05
  471 470.5 0.203464 8.8309e-05
  472 471.5 0.199856 8.67431e-05
  473 472.5 0.193184 8.38472e-05
  474 473.5 0.193304 8.38993e-05
  475 474.5 0.195384 8.48021e-05
  476 475.5 0.199008 8.6375e-05
  477 476.5 0.19812 8.59896e-05
  478 477.5 0.196344 8.52187e-05
  479 478.5 0.19844 8.61285e-05
  480 479.5 0.209752 9.10382e-05
55000000 480 6199.999999999994
  1 0.5 0.156112 6.77569e-05
  2 1.5 0.152688 6.62708e-05
  3 2.5 0.156216 6.78021e-05
  4 3.5 0.156224 6.78056e-05
  5 4.5 0.15552 6.75e-05
  6 5.5 0.150984 6.55312e-05
  7 6.5 0.148808 6.45868e-05
  8 7.5 0.14632 6.35069e-05
  9 8.5 0.152288 6.60972e-05
  10 9.5 0.151696 6.58403e-05
  11 10.5 0.149232 6.47708e-05
  12 11.5 0.14576 6.32639e-05
  13 12.5 0.142128 6.16875e-05
  14 13.5 0.1428 6.19792e-05
  15 14.5 0.138328 6.00382e-05
  16 15.5 0.13324 5.78299e-05
  17 16.5 0.139456 6.05278e-05
  18 17.5 0.139856 6.07014e-05
  19 18.5 0.147352 6.39549e-05
  20 19.5 0.1504 6.52778e-05
  21 20.5 0.154096 6.68819e-05
  22 21.5 0.14928 6.47917e-05
  23 22.5 0.14856 6.44792e-05
  24 23.5 0.14568 6.32292e-05
  25 24.5 0.141568 6.14444e-05
  26 25.5 0.145392 6.31042e-05
  27 26.5 0.15496 6.72569e-05
  28 27.5 0.150776 6.5441e-05
  29 28.5 0.153176 6.64826e-05
  30 29.5 0.157968 6.85625e-05
  31 30.5 0.155224 6.73715e-05
  32 31.5 0.156616 6.79757e-05
  33 32.5 0.156344 6.78576e-05
  34 33.5 0.154528 6.70694e-05
  35 34.5 0.160344 6.95937e-05
  36 35.5 0.155128 6.73299e-05
  37 36.5 0.154312 6.69757e-05
  38 37.5 0.153576 6.66562e-05
  39 38.5 0.158304 6.87083e-05
  40 39.5 0.154912 6.72361e-05
  41 40.5 0.151328 6.56806e-05
  42 41.5 0.155032 6.72882e-05
  43 42.5 0.165448 7.1809e-05
  44 43.5 0.166248 7.21562e-05
  45 44.5 0.16628 7.21701e-05
  46 45.5 0.167312 7.26181e-05
  47 46.5 0.164168 7.12535e-05
  48 47.5 0.165256 7.17257e-05
  49 48.5 0.172912 7.50486e-05
  50 49.5 0.17444 7.57118e-05
  51 50.5 0.168048 7.29375e-05
  52 51.5 0.160992 6.9875e-05
  53 52.5 0.154296 6.69687e-05
  54 53.5 0.152816 6.63264e-05
  55 54.5 0.144856 6.28715e-05
  56 55.5 0.134992 5.85903e-05
  57 56.5 0.12312 5.34375e-05
  58 57.5 0.111976 4.86007e-05
  59 58.5 0.098008 4.25382e-05
  60 59.5 0.085568 3.71389e-05
  61 60.5 0.072488 3.14618e-05
  62 61.5 0.060056 2.6066e-05
  63 62.5 0.052984 2.29965e-05
  64 63.5 0.043488 1.8875e-05
  65 64.5 0.04068 1.76562e-05
  66 65.5 0.037648 1.63403e-05
  67 66.5 0.03744 1.625e-05
  68 67.5 0.033808 1.46736e-05
  69 68.5 0.031576 1.37049e-05
  70 69.5 0.031856 1.38264e-05
  71 70.5 0.030448 1.32153e-05
  72 71.5 0.028584 1.24063e-05
  73 72.5 0.030272 1.31389e-05
  74 73.5 0.029096 1.26285e-05
  75 74.5 0.030352 1.31736e-05
  76 75.5 0.03 1.30208e-05
  77 76.5 0.029824 1.29444e-05
  78 77.5 0.02708 1.17535e-05
  79 78.5 0.025696 1.11528e-05
  80 79.5 0.026584 1.15382e-05
  81 80.5 0.025768 1.1184e-05
  82 81.5 0.027312 1.18542e-05
  83 82.5 0.027648 1.2e-05
  84 83.5 0.028128 1.22083e-05
  85 84.5 0.026168 1.13576e-05
  86 85.5 0.026576 1.15347e-05
  87 86.5 0.028296 1.22813e-05
  88 87.5 0.02728 1.18403e-05
  89 88.5 0.028656 1.24375e-05
  90 89.5 0.026784 1.1625e-05
  91 90.5 0.024888 1.08021e-05
  92 91.5 0.026008 1.12882e-05
  93 92.5 0.02692 1.1684e-05
  94 93.5 0.026448 1.14792e-05
  95 94.5 0.027256 1.18299e-05
  96 95.5 0.026848 1.16528e-05
  97 96.5 0.027264 1.18333e-05
  98 97.5 0.025528 1.10799e-05
  99 98.5 0.025984 1.12778e-05
  100 99.5 0.024168 1.04896e-05
  101 100.5 0.025512 1.10729e-05
  102 101.5 0.02736 1.1875e-05
  103 102.5 0.026488 1.14965e-05
  104 103.5 0.026656 1.15694e-05
  105 104.5 0.028056 1.21771e-05
  106 105.5 0.025832 1.12118e-05
  107 106.5 0.026128 1.13403e-05
  108 107.5 0.02744 1.19097e-05
  109 108.5 0.027264 1.18333e-05
  110 109.5 0.025808 1.12014e-05
  111 110.5 0.025672 1.11424e-05
  112 111.5 0.023968 1.04028e-05
  113 112.5 0.024936 1.08229e-05
  114 113.5 0.025456 1.10486e-05
  115 114.5 0.024416 1.05972e-05
  116 115.5 0.025968 1.12708e-05
  117 116.5 0.023872 1.03611e-05
  118 117.5 0.023048 1.00035e-05
  119 118.5 0.02384 1.03472e-05
  120 119.5 0.02524 1.09549e-05
  121 120.5 0.026296 1.14132e-05
  122 121.5 0.026976 1.17083e-05
  123 122.5 0.02572 1.11632e-05
  124 123.5 0.02444 1.06076e-05
  125 124.5 0.026392 1.14549e-05
  126 125.5 0.028016 1.21597e-05
  127 126.5 0.029032 1.26007e-05
  128 127.5 0.027576 1.19687e-05
  129 128.5 0.029984 1.30139e-05
  130 129.5 0.027808 1.20694e-05
  131 130.5 0.029424 1.27708e-05
  132 131.5 0.028968 1.25729e-05
  133 132.5 0.029304 1.27188e-05
  134 133.5 0.02736 1.1875e-05
  135 134.5 0.029192 1.26701e-05
  136 135.5 0.029032 1.26007e-05
  137 136.5 0.0326 1.41493e-05
  138 137.5 0.03036 1.31771e-05
  139 138.5 0.028432 1.23403e-05
  140 139.5 0.029656 1.28715e-05
  141 140.5 0.03084 1.33854e-05
  142 141.5 0.031784 1.37951e-05
  143 142.5 0.032816 1.42431e-05
  144 143.5 0.033744 1.46458e-05
  145 144.5 0.031968 1.3875e-05
  146 145.5 0.033192 1.44062e-05
  147 146.5 0.033808 1.46736e-05
  148 147.5 0.034744 1.50799e-05
  149 148.5 0.03332 1.44618e-05
  150 149.5 0.033672 1.46146e-05
  151 150.5 0.033824 1.46806e-05
  152 151.5 0.033848 1.4691e-05
  153 152.5 0.031832 1.3816e-05
  154 153.5 0.032848 1.42569e-05
  155 154.5 0.033664 1.46111e-05
  156 155.5 0.03312 1.4375e-05
  157 156.5 0.030376 1.3184e-05
  158 157.5 0.031888 1.38403e-05
  159 158.5 0.032312 1.40243e-05
  160 159.5 0.034352 1.49097e-05
  161 160.5 0.033992 1.47535e-05
  162 161.5 0.034256 1.48681e-05
  163 162.5 0.03336 1.44792e-05
  164 163.5 0.03092 1.34201e-05
  165 164.5 0.031744 1.37778e-05
  166 165.5 0.032056 1.39132e-05
  167 166.5 0.029136 1.26458e-05
  168 167.5 0.031272 1.35729e-05
  169 168.5 0.03076 1.33507e-05
  170 169.5 0.028864 1.25278e-05
  171 170.5 0.026416 1.14653e-05
  172 171.5 0.02688 1.16667e-05
  173 172.5 0.029584 1.28403e-05
  174 173.5 0.02752 1.19444e-05
  175 174.5 0.027864 1.20937e-05
  176 175.5 0.026856 1.16563e-05
  177 176.5 0.029312 1.27222e-05
  178 177.5 0.02836 1.2309e-05
  179 178.5 0.028608 1.24167e-05
  180 179.5 0.030224 1.31181e-05
  181 180.5 0.033856 1.46944e-05
  182 181.5 0.030672 1.33125e-05
  183 182.5 0.02896 1.25694e-05
  184 183.5 0.030992 1.34514e-05
  185 184.5 0.030584 1.32743e-05
  186 185.5 0.032312 1.40243e-05
  187 186.5 0.0356 1.54514e-05
  188 187.5 0.033312 1.44583e-05
  189 188.5 0.030552 1.32604e-05
  190 189.5 0.027736 1.20382e-05
  191 190.5 0.027304 1.18507e-05
  192 191.5 0.025672 1.11424e-05
  193 192.5 0.02824 1.22569e-05
  194 193.5 0.028872 1.25312e-05
  195 194.5 0.03036 1.31771e-05
  196 195.5 0.028304 1.22847e-05
  197 196.5 0.032112 1.39375e-05
  198 197.5 0.032704 1.41944e-05
  199 198.5 0.033328 1.44653e-05
  200 199.5 0.036488 1.58368e-05
  201 200.5 0.036136 1.5684e-05
  202 201.5 0.039744 1.725e-05
  203 202.5 0.041784 1.81354e-05
  204 203.5 0.047072 2.04306e-05
  205 204.5 0.053608 2.32674e-05
  206 205.5 0.062384 2.70764e-05
  207 206.5 0.071264 3.09306e-05
  208 207.5 0.083496 3.62396e-05
  209 208.5 0.099608 4.32326e-05
  210 209.5 0.1168 5.06944e-05
  211 210.5 0.130504 5.66424e-05
  212 211.5 0.14704 6.38194e-05
  213 212.5 0.173624 7.53576e-05
  214 213.5 0.203544 8.83438e-05
  215 214.5 0.243832 0.00010583
  216 215.5 0.32484 0.00014099
  217 216.5 0.500744 0.000217337
  218 217.5 0.86684 0.000376233
  219 218.5 1.67199 0.000725691
  220 219.5 3.32403 0.00144272
  221 220.5 6.30504 0.00273656
  222 221.5 10.922 0.00474047
  223 222.5 16.8904 0.0073309
  224 223.5 23.2172 0.0100769
  225 224.5 28.7067 0.0124595
  226 225.5 32.6753 0.014182
  227 226.5 35.2681 0.0153074
  228 227.5 36.7532 0.0159519
  229 228.5 37.5627 0.0163032
  230 229.5 38.1431 0.0165552
  231 230.5 38.3885 0.0166617
  232 231.5 38.6043 0.0167553
  233 232.5 38.6545 0.0167771
  234 233.5 38.8626 0.0168674
  235 234.5 38.8281 0.0168525
  236 235.5 38.8876 0.0168783
  237 236.5 38.9186 0.0168918
  238 237.5 39.0106 0.0169317
  239 238.5 38.8939 0.016881
  240 239.5 38.9432 0.0169024
  241 240.5 39.0467 0.0169473
  242 241.5 38.996 0.0169254
  243 242.5 38.8577 0.0168653
  244 243.5 39.0516 0.0169495
  245 244.5 38.9794 0.0169181
  246 245.5 38.9319 0.0168975
  247 246.5 38.8871 0.0168781
  248 247.5 39.1072 0.0169736
  249 248.5 38.9077 0.016887
  250 249.5 38.9233 0.0168938
  251 250.5 39.024 0.0169375
  252 251.5 39.0517 0.0169495
  253 252.5 38.8635 0.0168678
  254 253.5 39.0499 0.0169487
  255 254.5 38.9892 0.0169224
  256 255.5 38.9986 0.0169265
  257 256.5 38.9507 0.0169057
  258 257.5 39.0262 0.0169384
  259 258.5 38.9848 0.0169205
  260 259.5 39.0054 0.0169294
  261 260.5 38.9284 0.016896
  262 261.5 38.9874 0.0169216
  263 262.5 39.0062 0.0169298
  264 263.5 38.9589 0.0169092
  265 264.5 38.9532 0.0169068
  266 265.5 39.0164 0.0169342
  267 266.5 38.9421 0.016902
  268 267.5 38.9771 0.0169172
  269 268.5 38.9931 0.0169241
  270 269.5 38.9878 0.0169218
  271 270.5 38.9713 0.0169146
  272 271.5 38.9953 0.0169251
  273 272.5 39.0109 0.0169318
  274 273.5 38.9158 0.0168905
  275 274.5 39.0927 0.0169673
  276 275.5 38.9268 0.0168953
  277 276.5 39.0547 0.0169508
  278 277.5 38.965 0.0169119
  279 278.5 38.9444 0.016903
  280 279.5 38.9806 0.0169187
  281 280.5 39.0015 0.0169277
  282 281.5 38.9432 0.0169024
  283 282.5 39.0051 0.0169293
  284 283.5 38.9356 0.0168991
  285 284.5 38.9093 0.0168877
  286 285.5 38.9545 0.0169073
  287 286.5 38.946 0.0169037
  288 287.5 38.8716 0.0168714
  289 288.5 39.0057 0.0169295
  290 289.5 38.9646 0.0169117
  291 290.5 38.8474 0.0168609
  292 291.5 38.92 0.0168924
  293 292.5 39.0581 0.0169523
  294 293.5 38.8723 0.0168716
  295 294.5 38.887 0.016878
  296 295.5 38.9955 0.0169251
  297 296.5 38.9773 0.0169172
  298 297.5 38.8862 0.0168777
  299 298.5 38.949 0.016905
  300 299.5 39.0017 0.0169278
  301 300.5 38.884 0.0168768
  302 301.5 38.894 0.0168811
  303 302.5 39.0105 0.0169316
  304 303.5 38.9205 0.0168926
  305 304.5 38.8796 0.0168748
  306 305.5 38.9391 0.0169007
  307 306.5 39.0128 0.0169326
  308 307.5 38.9365 0.0168995
  309 308.5 38.8481 0.0168612
  310 309.5 39.0482 0.016948
  311 310.5 39.0049 0.0169292
  312 311.5 38.8728 0.0168719
  313 312.5 38.9475 0.0169043
  314 313.5 39.0589 0.0169526
  315 314.5 38.9022 0.0168846
  316 315.5 38.8588 0.0168658
  317 316.5 39.1074 0.0169737
  318 317.5 38.9404 0.0169012
  319 318.5 38.9037 0.0168853
  320 319.5 38.9294 0.0168964
  321 320.5 39.0692 0.0169571
  322 321.5 38.8793 0.0168747
  323 322.5 38.9135 0.0168895
  324 323.5 39.0385 0.0169438
  325 324.5 38.9246 0.0168944
  326 325.5 38.8836 0.0168766
  327 326.5 38.971 0.0169145
  328 327.5 38.8994 0.0168834
  329 328.5 38.9039 0.0168854
  330 329.5 38.9324 0.0168978
  331 330.5 38.9557 0.0169079
  332 331.5 38.8748 0.0168728
  333 332.5 38.9951 0.016925
  334 333.5 38.9315 0.0168973
  335 334.5 38.8974 0.0168826
  336 335.5 38.9639 0.0169114
  337 336.5 38.9713 0.0169146
  338 337.5 38.8388 0.0168571
  339 338.5 39.0024 0.0169281
  340 339.5 38.873 0.016872
  341 340.5 38.961 0.0169101
  342 341.5 38.8549 0.0168641
  343 342.5 39.0314 0.0169407
  344 343.5 38.8941 0.0168811
  345 344.5 38.9021 0.0168846
  346 345.5 38.9438 0.0169027
  347 346.5 38.9835 0.0169199
  348 347.5 38.8516 0.0168627
  349 348.5 38.9622 0.0169107
  350 349.5 38.9961 0.0169254
  351 350.5 38.8448 0.0168597
  352 351.5 38.9227 0.0168935
  353 352.5 38.9796 0.0169182
  354 353.5 39.0146 0.0169334
  355 354.5 38.8247 0.016851
  356 355.5 39.0015 0.0169277
  357 356.5 38.9884 0.0169221
  358 357.5 38.8508 0.0168623
  359 358.5 38.9558 0.0169079
  360 359.5 38.9787 0.0169178
  361 360.5 38.9316 0.0168974
  362 361.5 38.8754 0.016873
  363 362.5 38.9308 0.016897
  364 363.5 39.0024 0.0169281
  365 364.5 38.8848 0.0168771
  366 365.5 38.8659 0.0168689
  367 366.5 38.9308 0.016897
  368 367.5 38.9789 0.0169179
  369 368.5 38.7828 0.0168328
  370 369.5 38.8985 0.016883
  371 370.5 38.863 0.0168676
  372 371.5 38.7168 0.0168042
  373 372.5 38.5819 0.0167456
  374 373.5 38.5613 0.0167367
  375 374.5 38.2717 0.016611
  376 375.5 37.7604 0.0163891
  377 376.5 37.2181 0.0161537
  378 377.5 36.0148 0.0156314
  379 378.5 34.0091 0.0147609
  380 379.5 30.8022 0.013369
  381 380.5 25.8481 0.0112188
  382 381.5 19.8415 0.00861176
  383 382.5 13.413 0.00582163
  384 383.5 8.0946 0.00351328
  385 384.5 4.40798 0.00191319
  386 385.5 2.25228 0.000977552
  387 386.5 1.15747 0.000502375
  388 387.5 0.632736 0.000274625
  389 388.5 0.399344 0.000173326
  390 389.5 0.29484 0.000127969
  391 390.5 0.244624 0.000106174
  392 391.5 0.226784 9.84306e-05
  393 392.5 0.215552 9.35556e-05
  394 393.5 0.206576 8.96597e-05
  395 394.5 0.204064 8.85694e-05
  396 395.5 0.19768 8.57986e-05
  397 396.5 0.19664 8.53472e-05
  398 397.5 0.18976 8.23611e-05
  399 398.5 0.189984 8.24583e-05
  400 399.5 0.190488 8.26771e-05
  401 400.5 0.187552 8.14028e-05
  402 401.5 0.187976 8.15868e-05
  403 402.5 0.180776 7.84618e-05
  404 403.5 0.184192 7.99444e-05
  405 404.5 0.201488 8.74514e-05
  406 405.5 0.198504 8.61562e-05
  407 406.5 0.190568 8.27118e-05
  408 407.5 0.1974 8.56771e-05
  409 408.5 0.199008 8.6375e-05
  410 409.5 0.196952 8.54826e-05
  411 410.5 0.201008 8.72431e-05
  412 411.5 0.194168 8.42743e-05
  413 412.5 0.19348 8.39757e-05
  414 413.5 0.196488 8.52813e-05
  415 414.5 0.18844 8.17882e-05
  416 415.5 0.19132 8.30382e-05
  417 416.5 0.192376 8.34965e-05
  418 417.5 0.183856 7.97986e-05
  419 418.5 0.175256 7.6066e-05
  420 419.5 0.177048 7.68437e-05
  421 420.5 0.1708 7.41319e-05
  422 421.5 0.180392 7.82951e-05
  423 422.5 0.180248 7.82326e-05
  424 423.5 0.184472 8.0066e-05
  425 424.5 0.184072 7.98924e-05
  426 425.5 0.176704 7.66944e-05
  427 426.5 0.178024 7.72674e-05
  428 427.5 0.16932 7.34896e-05
  429 428.5 0.175784 7.62951e-05
  430 429.5 0.1764 7.65625e-05
  431 430.5 0.171144 7.42813e-05
  432 431.5 0.169664 7.36389e-05
  433 432.5 0.174336 7.56667e-05
  434 433.5 0.172888 7.50382e-05
  435 434.5 0.169824 7.37083e-05
  436 435.5 0.166312 7.2184e-05
  437 436.5 0.167208 7.25729e-05
  438 437.5 0.165744 7.19375e-05
  439 438.5 0.161624 7.01493e-05
  440 439.5 0.155032 6.72882e-05
  441 440.5 0.155184 6.73542e-05
  442 441.5 0.141952 6.16111e-05
  443 442.5 0.141256 6.1309e-05
  444 443.5 0.141968 6.16181e-05
  445 444.5 0.14036 6.09201e-05
  446 445.5 0.132496 5.75069e-05
  447 446.5 0.13692 5.94271e-05
  448 447.5 0.13972 6.06424e-05
  449 448.5 0.137384 5.96285e-05
  450 449.5 0.140136 6.08229e-05
  451 450.5 0.144936 6.29063e-05
  452 451.5 0.147792 6.41458e-05
  453 452.5 0.158992 6.90069e-05
  454 453.5 0.153208 6.64965e-05
  455 454.5 0.151072 6.55694e-05
  456 455.5 0.152104 6.60174e-05
  457 456.5 0.151264 6.56528e-05
  458 457.5 0.142264 6.17465e-05
  459 458.5 0.141936 6.16042e-05
  460 459.5 0.151272 6.56563e-05
  461 460.5 0.148392 6.44062e-05
  462 461.5 0.147976 6.42257e-05
  463 462.5 0.157112 6.8191e-05
  464 463.5 0.168912 7.33125e-05
  465 464.5 0.163032 7.07604e-05
  466 465.5 0.161984 7.03056e-05
  467 466.5 0.158688 6.8875e-05
  468 467.5 0.160608 6.97083e-05
  469 468.5 0.158296 6.87049e-05
  470 469.5 0.156048 6.77292e-05
  471 470.5 0.158696 6.88785e-05
  472 471.5 0.154416 6.70208e-05
  473 472.5 0.146824 6.37257e-05
  474 473.5 0.150992 6.55347e-05
  475 474.5 0.15436 6.69965e-05
  476 475.5 0.151088 6.55764e-05
  477 476.5 0.155608 6.75382e-05
  478 477.5 0.156744 6.80313e-05
  479 478.5 0.157024 6.81528e-05
  480 479.5 0.153232 6.65069e-05
57500000 480 6199.9999999999945
  1 0.5 0.160904 6.98368e-05
  2 1.5 0.163408 7.09236e-05
  3 2.5 0.164192 7.12639e-05
  4 3.5 0.165872 7.19931e-05
  5 4.5 0.17068 7.40799e-05
  6 5.5 0.174752 7.58472e-05
  7 6.5 0.172424 7.48368e-05
  8 7.5 0.171864 7.45937e-05
  9 8.5 0.175496 7.61701e-05
  10 9.5 0.189032 8.20451e-05
  11 10.5 0.185664 8.05833e-05
  12 11.5 0.18104 7.85764e-05
  13 12.5 0.18332 7.9566e-05
  14 13.5 0.17488 7.59028e-05
  15 14.5 0.175336 7.61007e-05
  16 15.5 0.176792 7.67326e-05
  17 16.5 0.180336 7.82708e-05
  18 17.5 0.183592 7.9684e-05
  19 18.5 0.170856 7.41563e-05
  20 19.5 0.17008 7.38194e-05
  21 20.5 0.173168 7.51597e-05
  22 21.5 0.177032 7.68368e-05
  23 22.5 0.17828 7.73785e-05
  24 23.5 0.177336 7.69687e-05
  25 24.5 0.175504 7.61736e-05
  26 25.5 0.171728 7.45347e-05
  27 26.5 0.165632 7.18889e-05
  28 27.5 0.168144 7.29792e-05
  29 28.5 0.16708 7.25174e-05
  30 29.5 0.166784 7.23889e-05
  31 30.5 0.163024 7.07569e-05
  32 31.5 0.1684 7.30903e-05
  33 32.5 0.177056 7.68472e-05
  34 33.5 0.171352 7.43715e-05
  35 34.5 0.169888 7.37361e-05
  36 35.5 0.16784 7.28472e-05
  37 36.5 0.164056 7.12049e-05
  38 37.5 0.160448 6.96389e-05
  39 38.5 0.15348 6.66146e-05
  40 39.5 0.15008 6.51389e-05
  41 40.5 0.148064 6.42639e-05
  42 41.5 0.143944 6.24757e-05
  43 42.5 0.14448 6.27083e-05
  44 43.5 0.147208 6.38924e-05
  45 44.5 0.158064 6.86042e-05
  46 45.5 0.164024 7.1191e-05
  47 46.5 0.167576 7.27326e-05
  48 47.5 0.166512 7.22708e-05
  49 48.5 0.158808 6.89271e-05
  50 49.5 0.158832 6.89375e-05
  51 50.5 0.154816 6.71944e-05
  52 51.5 0.153008 6.64097e-05
  53 52.5 0.143056 6.20903e-05
  54 53.5 0.140176 6.08403e-05
  55 54.5 0.132504 5.75104e-05
  56 55.5 0.11672 5.06597e-05
  57 56.5 0.102848 4.46389e-05
  58 57.5 0.092664 4.02187e-05
  59 58.5 0.08036 3.48785e-05
  60 59.5 0.069552 3.01875e-05
  61 60.5 0.060384 2.62083e-05
  62 61.5 0.056344 2.44549e-05
  63 62.5 0.046664 2.02535e-05
  64 63.5 0.04048 1.75694e-05
  65 64.5 0.036664 1.59132e-05
  66 65.5 0.03136 1.36111e-05
  67 66.5 0.030544 1.32569e-05
  68 67.5 0.029016 1.25937e-05
  69 68.5 0.029296 1.27153e-05
  70 69.5 0.028712 1.24618e-05
  71 70.5 0.028688 1.24514e-05
  72 71.5 0.026424 1.14687e-05
  73 72.5 0.02756 1.19618e-05
  74 73.5 0.028928 1.25556e-05
  75 74.5 0.028856 1.25243e-05
  76 75.5 0.029264 1.27014e-05
  77 76.5 0.02708 1.17535e-05
  78 77.5 0.027288 1.18437e-05
  79 78.5 0.026448 1.14792e-05
  80 79.5 0.02452 1.06424e-05
  81 80.5 0.025736 1.11701e-05
  82 81.5 0.027688 1.20174e-05
  83 82.5 0.024784 1.07569e-05
  84 83.5 0.026448 1.14792e-05
  85 84.5 0.027192 1.18021e-05
  86 85.5 0.026024 1.12951e-05
  87 86.5 0.025336 1.09965e-05
  88 87.5 0.024992 1.08472e-05
  89 88.5 0.02576 1.11806e-05
  90 89.5 0.026 1.12847e-05
  91 90.5 0.026968 1.17049e-05
  92 91.5 0.025944 1.12604e-05
  93 92.5 0.026224 1.13819e-05
  94 93.5 0.027504 1.19375e-05
  95 94.5 0.02868 1.24479e-05
  96 95.5 0.029624 1.28576e-05
  97 96.5 0.027368 1.18785e-05
  98 97.5 0.027168 1.17917e-05
  99 98.5 0.027032 1.17326e-05
  100 99.5 0.02768 1.20139e-05
  101 100.5 0.028288 1.22778e-05
  102 101.5 0.026056 1.1309e-05
  103 102.5 0.025216 1.09444e-05
  104 103.5 0.024472 1.06215e-05
  105 104.5 0.025592 1.11076e-05
  106 105.5 0.02516 1.09201e-05
  107 106.5 0.024672 1.07083e-05
  108 107.5 0.024664 1.07049e-05
  109 108.5 0.025776 1.11875e-05
  110 109.5 0.029224 1.2684e-05
  111 110.5 0.028296 1.22813e-05
  112 111.5 0.027288 1.18437e-05
  113 112.5 0.024776 1.07535e-05
  114 113.5 0.026296 1.14132e-05
  115 114.5 0.025824 1.12083e-05
  116 115.5 0.025048 1.08715e-05
  117 116.5 0.026776 1.16215e-05
  118 117.5 0.026216 1.13785e-05
  119 118.5 0.02804 1.21701e-05
  120 119.5 0.030248 1.31285e-05
  121 120.5 0.031312 1.35903e-05
  122 121.5 0.029648 1.28681e-05
  123 122.5 0.029768 1.29201e-05
  124 123.5 0.0296 1.28472e-05
  125 124.5 0.029608 1.28507e-05
  126 125.5 0.027992 1.21493e-05
  127 126.5 0.028688 1.24514e-05
  128 127.5 0.028848 1.25208e-05
  129 128.5 0.031488 1.36667e-05
  130 129.5 0.029856 1.29583e-05
  131 130.5 0.032096 1.39306e-05
  132 131.5 0.033464 1.45243e-05
  133 132.5 0.030904 1.34132e-05
  134 133.5 0.03052 1.32465e-05
  135 134.5 0.029728 1.29028e-05
  136 135.5 0.027512 1.1941e-05
  137 136.5 0.027552 1.19583e-05
  138 137.5 0.027488 1.19306e-05
  139 138.5 0.027248 1.18264e-05
  140 139.5 0.025896 1.12396e-05
  141 140.5 0.026192 1.13681e-05
  142 141.5 0.028104 1.21979e-05
  143 142.5 0.027392 1.18889e-05
  144 143.5 0.027312 1.18542e-05
  145 144.5 0.026008 1.12882e-05
  146 145.5 0.027424 1.19028e-05
  147 146.5 0.026992 1.17153e-05
  148 147.5 0.028728 1.24687e-05
  149 148.5 0.028624 1.24236e-05
  150 149.5 0.028776 1.24896e-05
  151 150.5 0.02684 1.16493e-05
  152 151.5 0.027112 1.17674e-05
  153 152.5 0.027096 1.17604e-05
  154 153.5 0.02836 1.2309e-05
  155 154.5 0.029216 1.26806e-05
  156 155.5 0.03068 1.3316e-05
  157 156.5 0.031856 1.38264e-05
  158 157.5 0.03004 1.30382e-05
  159 158.5 0.027752 1.20451e-05
  160 159.5 0.030368 1.31806e-05
  161 160.5 0.031288 1.35799e-05
  162 161.5 0.03048 1.32292e-05
  163 162.5 0.031096 1.34965e-05
  164 163.5 0.033616 1.45903e-05
  165 164.5 0.031712 1.37639e-05
  166 165.5 0.03268 1.4184e-05
  167 166.5 0.03396 1.47396e-05
  168 167.5 0.03472 1.50694e-05
  169 168.5 0.034752 1.50833e-05
  170 169.5 0.03404 1.47743e-05
  171 170.5 0.031616 1.37222e-05
  172 171.5 0.032368 1.40486e-05
  173 172.5 0.03168 1.375e-05
  174 173.5 0.0316 1.37153e-05
  175 174.5 0.030768 1.33542e-05
  176 175.5 0.033008 1.43264e-05
  177 176.5 0.032976 1.43125e-05
  178 177.5 0.03288 1.42708e-05
  179 178.5 0.032944 1.42986e-05
  180 179.5 0.034232 1.48576e-05
  181 180.5 0.03044 1.32118e-05
  182 181.5 0.030624 1.32917e-05
  183 182.5 0.031528 1.3684e-05
  184 183.5 0.02908 1.26215e-05
  185 184.5 0.031248 1.35625e-05
  186 185.5 0.031896 1.38437e-05
  187 186.5 0.031832 1.3816e-05
  188 187.5 0.030912 1.34167e-05
  189 188.5 0.032512 1.41111e-05
  190 189.5 0.031024 1.34653e-05
  191 190.5 0.029736 1.29063e-05
  192 191.5 0.030264 1.31354e-05
  193 192.5 0.032016 1.38958e-05
  194 193.5 0.029032 1.26007e-05
  195 194.5 0.030376 1.3184e-05
  196 195.5 0.032232 1.39896e-05
  197 196.5 0.034264 1.48715e-05
  198 197.5 0.036464 1.58264e-05
  199 198.5 0.03628 1.57465e-05
  200 199.5 0.038016 1.65e-05
  201 200.5 0.04548 1.97396e-05
  202 201.5 0.046984 2.03924e-05
  203 202.5 0.052664 2.28576e-05
  204 203.5 0.062464 2.71111e-05
  205 204.5 0.072832 3.16111e-05
  206 205.5 0.085008 3.68958e-05
  207 206.5 0.097624 4.23715e-05
  208 207.5 0.120968 5.25035e-05
  209 208.5 0.132752 5.76181e-05
  210 209.5 0.150824 6.54618e-05
  211 210.5 0.1746 7.57813e-05
  212 211.5 0.198328 8.60799e-05
  213 212.5 0.225104 9.77014e-05
  214 213.5 0.257264 0.00011166
  215 214.5 0.318744 0.000138344
  216 215.5 0.443584 0.000192528
  217 216.5 0.71644 0.000310955
  218 217.5 1.31943 0.00057267
  219 218.5 2.57886 0.0011193
  220 219.5 4.95433 0.00215032
  221 220.5 8.90175 0.00386361
  222 221.5 14.2873 0.00620107
  223 222.5 20.4501 0.0088759
  224 223.5 26.406 0.0114609
  225 224.5 31.0943 0.0134958
  226 225.5 34.2195 0.0148522
  227 226.5 36.1301 0.0156815
  228 227.5 37.2518 0.0161683
  229 228.5 37.8321 0.0164202
  230 229.5 38.2734 0.0166117
  231 230.5 38.5125 0.0167155
  232 231.5 38.6432 0.0167722
  233 232.5 38.7158 0.0168037
  234 233.5 38.8528 0.0168632
  235 234.5 38.8611 0.0168668
  236 235.5 38.8692 0.0168703
  237 236.5 38.8493 0.0168617
  238 237.5 38.9995 0.0169269
  239 238.5 38.8717 0.0168714
  240 239.5 38.9877 0.0169217
  241 240.5 38.9338 0.0168984
  242 241.5 38.9622 0.0169107
  243 242.5 38.9404 0.0169012
  244 243.5 39.011 0.0169318
  245 244.5 38.9102 0.0168881
  246 245.5 38.9201 0.0168924
  247 246.5 38.9712 0.0169146
  248 247.5 38.9657 0.0169122
  249 248.5 38.9285 0.016896
  250 249.5 38.9359 0.0168993
  251 250.5 38.9496 0.0169052
  252 251.5 38.9481 0.0169046
  253 252.5 38.9154 0.0168904
  254 253.5 38.9545 0.0169073
  255 254.5 38.9684 0.0169134
  256 255.5 38.9183 0.0168916
  257 256.5 38.9601 0.0169098
  258 257.5 39.0098 0.0169313
  259 258.5 38.8897 0.0168792
  260 259.5 38.9723 0.016915
  261 260.5 38.9075 0.0168869
  262 261.5 38.8857 0.0168775
  263 262.5 38.9229 0.0168936
  264 263.5 38.9801 0.0169184
  265 264.5 38.8826 0.0168761
  266 265.5 38.9221 0.0168933
  267 266.5 38.9601 0.0169098
  268 267.5 38.9569 0.0169084
  269 268.5 38.8833 0.0168764
  270 269.5 38.8972 0.0168825
  271 270.5 38.9936 0.0169243
  272 271.5 38.8734 0.0168721
  273 272.5 38.9168 0.016891
  274 273.5 38.8963 0.0168821
  275 274.5 38.9439 0.0169027
  276 275.5 38.8954 0.0168817
  277 276.5 38.8862 0.0168777
  278 277.5 38.952 0.0169062
  279 278.5 38.9254 0.0168947
  280 279.5 38.8621 0.0168672
  281 280.5 38.9706 0.0169143
  282 281.5 38.9473 0.0169042
  283 282.5 38.8374 0.0168565
  284 283.5 38.9166 0.0168909
  285 284.5 38.9523 0.0169064
  286 285.5 38.8833 0.0168764
  287 286.5 38.9326 0.0168978
  288 287.5 38.9097 0.0168879
  289 288.5 38.9244 0.0168943
  290 289.5 38.9009 0.0168841
  291 290.5 38.9172 0.0168911
  292 291.5 38.9573 0.0169085
  293 292.5 38.9543 0.0169072
  294 293.5 38.9097 0.0168879
  295 294.5 38.9048 0.0168858
  296 295.5 38.9471 0.0169041
  297 296.5 38.9145 0.01689
  298 297.5 38.894 0.0168811
  299 298.5 38.9977 0.0169261
  300 299.5 38.8742 0.0168725
  301 300.5 38.9185 0.0168917
  302 301.5 38.9622 0.0169107
  303 302.5 38.8844 0.0168769
  304 303.5 38.9148 0.0168901
  305 304.5 38.9558 0.0169079
  306 305.5 38.9378 0.0169001
  307 306.5 38.8689 0.0168702
  308 307.5 38.9129 0.0168893
  309 308.5 38.9848 0.0169205
  310 309.5 38.8672 0.0168694
  311 310.5 38.8395 0.0168574
  312 311.5 39.0276 0.016939
  313 312.5 38.923 0.0168937
  314 313.5 38.7679 0.0168263
  315 314.5 38.9723 0.0169151
  316 315.5 38.9519 0.0169062
  317 316.5 38.8291 0.0168529
  318 317.5 38.85 0.016862
  319 318.5 39.0236 0.0169373
  320 319.5 38.8965 0.0168821
  321 320.5 38.7152 0.0168035
  322 321.5 38.953 0.0169067
  323 322.5 39.0179 0.0169349
  324 323.5 38.7744 0.0168292
  325 324.5 38.8438 0.0168593
  326 325.5 38.9956 0.0169252
  327 326.5 38.8247 0.016851
  328 327.5 38.8405 0.0168578
  329 328.5 38.9116 0.0168887
  330 329.5 38.8719 0.0168715
  331 330.5 38.8774 0.0168739
  332 331.5 38.8467 0.0168605
  333 332.5 38.9422 0.016902
  334 333.5 38.8718 0.0168714
  335 334.5 38.8189 0.0168485
  336 335.5 38.8595 0.0168661
  337 336.5 38.9859 0.0169209
  338 337.5 38.8649 0.0168684
  339 338.5 38.8081 0.0168438
  340 339.5 38.9014 0.0168843
  341 340.5 38.9445 0.016903
  342 341.5 38.854 0.0168637
  343 342.5 38.8819 0.0168758
  344 343.5 38.9039 0.0168854
  345 344.5 38.9276 0.0168957
  346 345.5 38.8292 0.016853
  347 346.5 38.8757 0.0168731
  348 347.5 38.9406 0.0169013
  349 348.5 38.8596 0.0168661
  350 349.5 38.7861 0.0168342
  351 350.5 38.8655 0.0168687
  352 351.5 38.9014 0.0168843
  353 352.5 38.8205 0.0168492
  354 353.5 38.7881 0.0168351
  355 354.5 38.8891 0.016879
  356 355.5 38.933 0.016898
  357 356.5 38.7757 0.0168297
  358 357.5 38.8501 0.016862
  359 358.5 38.8815 0.0168756
  360 359.5 38.888 0.0168785
  361 360.5 38.7864 0.0168344
  362 361.5 38.8999 0.0168836
  363 362.5 38.8405 0.0168578
  364 363.5 38.8688 0.0168702
  365 364.5 38.846 0.0168603
  366 365.5 38.8758 0.0168732
  367 366.5 38.8304 0.0168535
  368 367.5 38.8613 0.0168669
  369 368.5 38.8654 0.0168687
  370 369.5 38.769 0.0168268
  371 370.5 38.7918 0.0168367
  372 371.5 38.6643 0.0167814
  373 372.5 38.5439 0.0167291
  374 373.5 38.4453 0.0166863
  375 374.5 38.016 0.0165
  376 375.5 37.6437 0.0163384
  377 376.5 36.837 0.0159883
  378 377.5 35.3207 0.0153302
  379 378.5 32.8609 0.0142625
  380 379.5 28.9312 0.0125569
  381 380.5 23.325 0.0101237
  382 381.5 16.873 0.00732334
  383 382.5 10.9629 0.00475822
  384 383.5 6.30199 0.00273524
  385 384.5 3.3033 0.00143373
  386 385.5 1.67033 0.000724969
  387 386.5 0.867304 0.000376434
  388 387.5 0.509432 0.000221108
  389 388.5 0.339128 0.000147191
  390 389.5 0.26312 0.000114201
  391 390.5 0.238208 0.000103389
  392 391.5 0.22684 9.84549e-05
  393 392.5 0.215672 9.36076e-05
  394 393.5 0.206624 8.96806e-05
  395 394.5 0.194584 8.44549e-05
  396 395.5 0.186232 8.08299e-05
  397 396.5 0.178552 7.74965e-05
  398 397.5 0.18804 8.16146e-05
  399 398.5 0.188296 8.17257e-05
  400 399.5 0.179064 7.77188e-05
  401 400.5 0.176928 7.67917e-05
  402 401.5 0.171528 7.44479e-05
  403 402.5 0.168272 7.30347e-05
  404 403.5 0.16492 7.15799e-05
  405 404.5 0.15204 6.59896e-05
  406 405.5 0.148792 6.45799e-05
  407 406.5 0.148368 6.43958e-05
  408 407.5 0.147584 6.40556e-05
  409 408.5 0.145688 6.32326e-05
  410 409.5 0.152856 6.63437e-05
  411 410.5 0.150536 6.53368e-05
  412 411.5 0.147152 6.38681e-05
  413 412.5 0.143712 6.2375e-05
  414 413.5 0.148536 6.44688e-05
  415 414.5 0.145976 6.33576e-05
  416 415.5 0.142864 6.20069e-05
  417 416.5 0.14732 6.3941e-05
  418 417.5 0.154472 6.70451e-05
  419 418.5 0.155872 6.76528e-05
  420 419.5 0.156376 6.78715e-05
  421 420.5 0.156776 6.80451e-05
  422 421.5 0.157984 6.85694e-05
  423 422.5 0.162488 7.05243e-05
  424 423.5 0.161872 7.02569e-05
  425 424.5 0.1658 7.19618e-05
  426 425.5 0.167168 7.25556e-05
  427 426.5 0.162152 7.03785e-05
  428 427.5 0.164712 7.14896e-05
  429 428.5 0.163264 7.08611e-05
  430 429.5 0.165496 7.18299e-05
  431 430.5 0.171576 7.44688e-05
  432 431.5 0.16996 7.37674e-05
  433 432.5 0.164224 7.12778e-05
  434 433.5 0.172384 7.48194e-05
  435 434.5 0.18208 7.90278e-05
  436 435.5 0.186896 8.11181e-05
  437 436.5 0.180784 7.84653e-05
  438 437.5 0.185192 8.03785e-05
  439 438.5 0.187896 8.15521e-05
  440 439.5 0.19048 8.26736e-05
  441 440.5 0.18956 8.22743e-05
  442 441.5 0.182736 7.93125e-05
  443 442.5 0.174056 7.55451e-05
  444 443.5 0.175736 7.62743e-05
  445 444.5 0.172568 7.48993e-05
  446 445.5 0.167368 7.26424e-05
  447 446.5 0.175984 7.63819e-05
  448 447.5 0.18316 7.94965e-05
  449 448.5 0.18028 7.82465e-05
  450 449.5 0.168056 7.2941e-05
  451 450.5 0.16792 7.28819e-05
  452 451.5 0.165576 7.18646e-05
  453 452.5 0.166728 7.23646e-05
  454 453.5 0.168344 7.3066e-05
  455 454.5 0.168128 7.29722e-05
  456 455.5 0.16444 7.13715e-05
  457 456.5 0.16192 7.02778e-05
  458 457.5 0.172592 7.49097e-05
  459 458.5 0.179352 7.78438e-05
  460 459.5 0.178048 7.72778e-05
  461 460.5 0.184464 8.00625e-05
  462 461.5 0.19084 8.28299e-05
  463 462.5 0.190624 8.27361e-05
  464 463.5 0.192864 8.37083e-05
  465 464.5 0.1828 7.93403e-05
  466 465.5 0.183528 7.96563e-05
  467 466.5 0.179688 7.79896e-05
  468 467.5 0.170352 7.39375e-05
  469 468.5 0.163888 7.11319e-05
  470 469.5 0.158688 6.8875e-05
  471 470.5 0.156496 6.79236e-05
  472 471.5 0.152784 6.63125e-05
  473 472.5 0.147944 6.42118e-05
  474 473.5 0.144544 6.27361e-05
  475 474.5 0.145568 6.31806e-05
  476 475.5 0.14848 6.44444e-05
  477 476.5 0.15508 6.7309e-05
  478 477.5 0.160504 6.96632e-05
  479 478.5 0.161888 7.02639e-05
  480 479.5 0.160712 6.97535e-05
60000000 480 6200.000000000005
  1 0.5 0.1922 8.34201e-05
  2 1.5 0.195056 8.46597e-05
  3 2.5 0.20364 8.83854e-05
  4 3.5 0.205208 8.9066e-05
  5 4.5 0.213152 9.25139e-05
  6 5.5 0.218144 9.46806e-05
  7 6.5 0.213968 9.28681e-05
  8 7.5 0.209448 9.09063e-05
  9 8.5 0.218336 9.47639e-05
  10 9.5 0.225472 9.78611e-05
  11 10.5 0.231744 0.000100583
  12 11.5 0.22208 9.63889e-05
  13 12.5 0.22116 9.59896e-05
  14 13.5 0.219096 9.50938e-05
  15 14.5 0.218936 9.50243e-05
  16 15.5 0.21764 9.44618e-05
  17 16.5 0.222672 9.66458e-05
  18 17.5 0.226512 9.83125e-05
  19 18.5 0.234544 0.000101799
  20 19.5 0.237536 0.000103097
  21 20.5 0.229392 9.95625e-05
  22 21.5 0.222232 9.64549e-05
  23 22.5 0.229568 9.96389e-05
  24 23.5 0.225776 9.79931e-05
  25 24.5 0.23024 9.99306e-05
  26 25.5 0.223656 9.70729e-05
  27 26.5 0.216048 9.37708e-05
  28 27.5 0.21588 9.36979e-05
  29 28.5 0.214128 9.29375e-05
  30 29.5 0.216272 9.38681e-05
  31 30.5 0.206552 8.96493e-05
  32 31.5 0.21044 9.13368e-05
  33 32.5 0.210672 9.14375e-05
  34 33.5 0.209864 9.10868e-05
  35 34.5 0.215312 9.34514e-05
  36 35.5 0.218368 9.47778e-05
  37 36.5 0.221344 9.60694e-05
  38 37.5 0.219272 9.51701e-05
  39 38.5 0.2116 9.18403e-05
  40 39.5 0.217528 9.44132e-05
  41 40.5 0.219304 9.5184e-05
  42 41.5 0.212096 9.20556e-05
  43 42.5 0.215272 9.3434e-05
  44 43.5 0.210376 9.1309e-05
  45 44.5 0.216536 9.39826e-05
  46 45.5 0.22664 9.83681e-05
  47 46.5 0.226464 9.82917e-05
  48 47.5 0.22632 9.82292e-05
  49 48.5 0.227664 9.88125e-05
  50 49.5 0.223096 9.68299e-05
  51 50.5 0.224096 9.72639e-05
  52 51.5 0.224024 9.72326e-05
  53 52.5 0.219864 9.54271e-05
  54 53.5 0.212544 9.225e-05
  55 54.5 0.200608 8.70694e-05
  56 55.5 0.198328 8.60799e-05
  57 56.5 0.186792 8.10729e-05
  58 57.5 0.174976 7.59444e-05
  59 58.5 0.16648 7.22569e-05
  60 59.5 0.154048 6.68611e-05
  61 60.5 0.131816 5.72118e-05
  62 61.5 0.12008 5.21181e-05
  63 62.5 0.102296 4.43993e-05
  64 63.5 0.08628 3.74479e-05
  65 64.5 0.073064 3.17118e-05
  66 65.5 0.064304 2.79097e-05
  67 66.5 0.056616 2.45729e-05
  68 67.5 0.051384 2.23021e-05
  69 68.5 0.043576 1.89132e-05
  70 69.5 0.03848 1.67014e-05
  71 70.5 0.03628 1.57465e-05
  72 71.5 0.036928 1.60278e-05
  73 72.5 0.031616 1.37222e-05
  74 73.5 0.033408 1.45e-05
  75 74.5 0.03272 1.42014e-05
  76 75.5 0.031344 1.36042e-05
  77 76.5 0.02828 1.22743e-05
  78 77.5 0.032184 1.39688e-05
  79 78.5 0.031416 1.36354e-05
  80 79.5 0.032064 1.39167e-05
  81 80.5 0.030832 1.33819e-05
  82 81.5 0.030184 1.31007e-05
  83 82.5 0.03048 1.32292e-05
  84 83.5 0.028184 1.22326e-05
  85 84.5 0.03016 1.30903e-05
  86 85.5 0.032848 1.42569e-05
  87 86.5 0.03352 1.45486e-05
  88 87.5 0.035208 1.52812e-05
  89 88.5 0.035608 1.54549e-05
  90 89.5 0.033344 1.44722e-05
  91 90.5 0.032664 1.41771e-05
  92 91.5 0.034088 1.47951e-05
  93 92.5 0.034104 1.48021e-05
  94 93.5 0.032168 1.39618e-05
  95 94.5 0.032016 1.38958e-05
  96 95.5 0.032984 1.4316e-05
  97 96.5 0.03392 1.47222e-05
  98 97.5 0.033736 1.46424e-05
  99 98.5 0.034376 1.49201e-05
  100 99.5 0.033968 1.47431e-05
  101 100.5 0.034192 1.48403e-05
  102 101.5 0.03244 1.40799e-05
  103 102.5 0.032384 1.40556e-05
  104 103.5 0.03204 1.39062e-05
  105 104.5 0.033664 1.46111e-05
  106 105.5 0.033488 1.45347e-05
  107 106.5 0.033064 1.43507e-05
  108 107.5 0.03344 1.45139e-05
  109 108.5 0.036016 1.56319e-05
  110 109.5 0.036688 1.59236e-05
  111 110.5 0.0352 1.52778e-05
  112 111.5 0.035256 1.53021e-05
  113 112.5 0.03444 1.49479e-05
  114 113.5 0.034248 1.48646e-05
  115 114.5 0.035208 1.52812e-05
  116 115.5 0.033544 1.4559e-05
  117 116.5 0.032784 1.42292e-05
  118 117.5 0.033328 1.44653e-05
  119 118.5 0.031792 1.37986e-05
  120 119.5 0.032632 1.41632e-05
  121 120.5 0.030832 1.33819e-05
  122 121.5 0.03184 1.38194e-05
  123 122.5 0.033232 1.44236e-05
  124 123.5 0.029688 1.28854e-05
  125 124.5 0.029968 1.30069e-05
  126 125.5 0.031344 1.36042e-05
  127 126.5 0.03324 1.44271e-05
  128 127.5 0.031656 1.37396e-05
  129 128.5 0.030696 1.33229e-05
  130 129.5 0.03056 1.32639e-05
  131 130.5 0.031344 1.36042e-05
  132 131.5 0.03192 1.38542e-05
  133 132.5 0.030696 1.33229e-05
  134 133.5 0.028552 1.23924e-05
  135 134.5 0.030024 1.30312e-05
  136 135.5 0.03112 1.35069e-05
  137 136.5 0.029968 1.30069e-05
  138 137.5 0.029872 1.29653e-05
  139 138.5 0.0314 1.36285e-05
  140 139.5 0.028896 1.25417e-05
  141 140.5 0.029448 1.27813e-05
  142 141.5 0.028096 1.21944e-05
  143 142.5 0.029968 1.30069e-05
  144 143.5 0.030848 1.33889e-05
  145 144.5 0.030696 1.33229e-05
  146 145.5 0.029432 1.27743e-05
  147 146.5 0.030512 1.32431e-05
  148 147.5 0.031064 1.34826e-05
  149 148.5 0.02956 1.28299e-05
  150 149.5 0.029696 1.28889e-05
  151 150.5 0.03148 1.36632e-05
  152 151.5 0.027352 1.18715e-05
  153 152.5 0.029056 1.26111e-05
  154 153.5 0.031552 1.36944e-05
  155 154.5 0.03084 1.33854e-05
  156 155.5 0.031552 1.36944e-05
  157 156.5 0.032504 1.41076e-05
  158 157.5 0.02928 1.27083e-05
  159 158.5 0.032832 1.425e-05
  160 159.5 0.031264 1.35694e-05
  161 160.5 0.0324 1.40625e-05
  162 161.5 0.02924 1.2691e-05
  163 162.5 0.031848 1.38229e-05
  164 163.5 0.03148 1.36632e-05
  165 164.5 0.031872 1.38333e-05
  166 165.5 0.031104 1.35e-05
  167 166.5 0.030208 1.31111e-05
  168 167.5 0.029096 1.26285e-05
  169 168.5 0.030664 1.3309e-05
  170 169.5 0.031584 1.37083e-05
  171 170.5 0.030728 1.33368e-05
  172 171.5 0.032272 1.40069e-05
  173 172.5 0.031688 1.37535e-05
  174 173.5 0.033208 1.44132e-05
  175 174.5 0.030368 1.31806e-05
  176 175.5 0.033336 1.44687e-05
  177 176.5 0.032832 1.425e-05
  178 177.5 0.033888 1.47083e-05
  179 178.5 0.03028 1.31424e-05
  180 179.5 0.031064 1.34826e-05
  181 180.5 0.032832 1.425e-05
  182 181.5 0.03204 1.39062e-05
  183 182.5 0.028608 1.24167e-05
  184 183.5 0.029216 1.26806e-05
  185 184.5 0.030304 1.31528e-05
  186 185.5 0.030248 1.31285e-05
  187 186.5 0.028088 1.2191e-05
  188 187.5 0.030512 1.32431e-05
  189 188.5 0.031616 1.37222e-05
  190 189.5 0.032544 1.4125e-05
  191 190.5 0.029552 1.28264e-05
  192 191.5 0.028896 1.25417e-05
  193 192.5 0.03068 1.3316e-05
  194 193.5 0.034648 1.50382e-05
  195 194.5 0.032336 1.40347e-05
  196 195.5 0.031032 1.34688e-05
  197 196.5 0.032016 1.38958e-05
  198 197.5 0.033016 1.43299e-05
  199 198.5 0.033592 1.45799e-05
  200 199.5 0.034936 1.51632e-05
  201 200.5 0.035896 1.55799e-05
  202 201.5 0.03668 1.59201e-05
  203 202.5 0.037712 1.63681e-05
  204 203.5 0.039016 1.6934e-05
  205 204.5 0.043736 1.89826e-05
  206 205.5 0.047944 2.0809e-05
  207 206.5 0.050648 2.19826e-05
  208 207.5 0.06184 2.68403e-05
  209 208.5 0.070456 3.05799e-05
  210 209.5 0.077472 3.3625e-05
  211 210.5 0.08872 3.85069e-05
  212 211.5 0.103032 4.47187e-05
  213 212.5 0.11964 5.19271e-05
  214 213.5 0.13868 6.0191e-05
  215 214.5 0.173944 7.54965e-05
  216 215.5 0.223792 9.71319e-05
  217 216.5 0.321744 0.000139646
  218 217.5 0.511992 0.000222219
  219 218.5 0.924152 0.000401108
  220 219.5 1.85256 0.000804062
  221 220.5 3.72932 0.00161863
  222 221.5 7.05954 0.00306403
  223 222.5 12.0218 0.00521777
  224 223.5 18.1054 0.00785825
  225 224.5 24.4345 0.0106053
  226 225.5 29.6502 0.012869
  227 226.5 33.2954 0.0144511
  228 227.5 35.5264 0.0154195
  229 228.5 36.9476 0.0160363
  230 229.5 37.6866 0.016357
  231 230.5 38.177 0.0165699
  232 231.5 38.3624 0.0166503
  233 232.5 38.6374 0.0167697
  234 233.5 38.746 0.0168168
  235 234.5 38.7967 0.0168389
  236 235.5 38.8031 0.0168416
  237 236.5 38.909 0.0168876
  238 237.5 38.9962 0.0169254
  239 238.5 38.9221 0.0168933
  240 239.5 38.9632 0.0169111
  241 240.5 38.9819 0.0169192
  242 241.5 39.0569 0.0169518
  243 242.5 38.9319 0.0168975
  244 243.5 38.9674 0.0169129
  245 244.5 38.9797 0.0169183
  246 245.5 39.0079 0.0169305
  247 246.5 38.9598 0.0169097
  248 247.5 38.9359 0.0168993
  249 248.5 38.9406 0.0169013
  250 249.5 38.9925 0.0169238
  251 250.5 38.9526 0.0169065
  252 251.5 38.8958 0.0168819
  253 252.5 39.0625 0.0169542
  254 253.5 38.9676 0.016913
  255 254.5 38.9339 0.0168984
  256 255.5 38.9834 0.0169199
  257 256.5 39.0449 0.0169466
  258 257.5 38.9023 0.0168847
  259 258.5 39.0008 0.0169274
  260 259.5 39.0318 0.0169409
  261 260.5 38.9741 0.0169158
  262 261.5 38.95 0.0169054
  263 262.5 39.0679 0.0169566
  264 263.5 38.9803 0.0169185
  265 264.5 38.9899 0.0169227
  266 265.5 39.0157 0.0169339
  267 266.5 39.0597 0.016953
  268 267.5 38.9604 0.0169099
  269 268.5 38.9942 0.0169246
  270 269.5 39.0768 0.0169604
  271 270.5 39.0049 0.0169292
  272 271.5 38.9288 0.0168962
  273 272.5 39.0395 0.0169442
  274 273.5 39.0389 0.0169439
  275 274.5 38.9561 0.016908
  276 275.5 38.9551 0.0169076
  277 276.5 39.1134 0.0169763
  278 277.5 38.9272 0.0168955
  279 278.5 38.9568 0.0169083
  280 279.5 39.0767 0.0169604
  281 280.5 38.9905 0.016923
  282 281.5 38.9096 0.0168879
  283 282.5 39.0486 0.0169482
  284 283.5 38.993 0.0169241
  285 284.5 38.9765 0.0169169
  286 285.5 39.0089 0.0169309
  287 286.5 39.0201 0.0169358
  288 287.5 39.0206 0.016936
  289 288.5 38.9571 0.0169085
  290 289.5 38.9749 0.0169162
  291 290.5 39.0128 0.0169326
  292 291.5 38.9727 0.0169152
  293 292.5 38.9501 0.0169054
  294 293.5 38.952 0.0169062
  295 294.5 38.978 0.0169175
  296 295.5 38.9883 0.016922
  297 296.5 38.9486 0.0169048
  298 297.5 38.9426 0.0169022
  299 298.5 38.9588 0.0169092
  300 299.5 38.9537 0.016907
  301 300.5 38.9512 0.0169059
  302 301.5 38.9958 0.0169252
  303 302.5 38.8338 0.016855
  304 303.5 39.0189 0.0169353
  305 304.5 38.9198 0.0168923
  306 305.5 38.855 0.0168641
  307 306.5 38.9035 0.0168852
  308 307.5 38.9682 0.0169133
  309 308.5 38.9331 0.016898
  310 309.5 38.837 0.0168563
  311 310.5 38.9292 0.0168964
  312 311.5 38.9287 0.0168961
  313 312.5 38.9071 0.0168868
  314 313.5 38.8657 0.0168688
  315 314.5 38.9262 0.016895
  316 315.5 38.9332 0.0168981
  317 316.5 38.8674 0.0168695
  318 317.5 38.8168 0.0168475
  319 318.5 38.971 0.0169145
  320 319.5 38.889 0.0168789
  321 320.5 38.8245 0.0168509
  322 321.5 38.8728 0.0168719
  323 322.5 38.9041 0.0168855
  324 323.5 38.8185 0.0168483
  325 324.5 38.9015 0.0168843
  326 325.5 38.8624 0.0168674
  327 326.5 38.8124 0.0168457
  328 327.5 38.8451 0.0168599
  329 328.5 38.8556 0.0168644
  330 329.5 38.8538 0.0168636
  331 330.5 38.8122 0.0168456
  332 331.5 38.8689 0.0168702
  333 332.5 38.8128 0.0168458
  334 333.5 38.8892 0.016879
  335 334.5 38.7989 0.0168398
  336 335.5 38.9005 0.0168839
  337 336.5 38.8506 0.0168622
  338 337.5 38.8719 0.0168715
  339 338.5 38.8009 0.0168407
  340 339.5 38.8492 0.0168616
  341 340.5 38.8852 0.0168773
  342 341.5 38.8817 0.0168758
  343 342.5 38.782 0.0168325
  344 343.5 38.9351 0.0168989
  345 344.5 38.9085 0.0168874
  346 345.5 38.8408 0.016858
  347 346.5 38.8915 0.01688
  348 347.5 38.9033 0.0168851
  349 348.5 38.9075 0.016887
  350 349.5 38.8423 0.0168587
  351 350.5 38.8856 0.0168774
  352 351.5 38.963 0.016911
  353 352.5 38.7842 0.0168334
  354 353.5 38.9503 0.0169055
  355 354.5 38.9383 0.0169003
  356 355.5 38.8557 0.0168645
  357 356.5 38.829 0.0168529
  358 357.5 39.0399 0.0169444
  359 358.5 38.8234 0.0168504
  360 359.5 38.9047 0.0168857
  361 360.5 39.0082 0.0169306
  362 361.5 38.9269 0.0168954
  363 362.5 38.8304 0.0168535
  364 363.5 38.9376 0.0169
  365 364.5 39.0141 0.0169332
  366 365.5 38.9011 0.0168841
  367 366.5 38.8357 0.0168558
  368 367.5 39.0101 0.0169315
  369 368.5 39.0036 0.0169286
  370 369.5 38.7236 0.0168071
  371 370.5 38.8271 0.0168521
  372 371.5 38.9553 0.0169077
  373 372.5 38.6706 0.0167841
  374 373.5 38.4635 0.0166942
  375 374.5 38.5968 0.0167521
  376 375.5 38.1941 0.0165773
  377 376.5 37.6022 0.0163204
  378 377.5 36.9993 0.0160587
  379 378.5 35.7019 0.0154956
  380 379.5 33.2564 0.0144342
  381 380.5 29.5194 0.0128122
  382 381.5 24.3998 0.0105902
  383 382.5 17.9823 0.00780483
  384 383.5 11.7085 0.00508181
  385 384.5 6.84055 0.00296899
  386 385.5 3.67023 0.00159298
  387 386.5 1.80952 0.000785382
  388 387.5 0.922312 0.000400309
  389 388.5 0.525816 0.000228219
  390 389.5 0.35652 0.00015474
  391 390.5 0.27648 0.00012
  392 391.5 0.233448 0.000101323
  393 392.5 0.216544 9.39861e-05
  394 393.5 0.210168 9.12188e-05
  395 394.5 0.199448 8.6566e-05
  396 395.5 0.199416 8.65521e-05
  397 396.5 0.192064 8.33611e-05
  398 397.5 0.190976 8.28889e-05
  399 398.5 0.18892 8.19965e-05
  400 399.5 0.188376 8.17604e-05
  401 400.5 0.182608 7.92569e-05
  402 401.5 0.180136 7.8184e-05
  403 402.5 0.1754 7.61285e-05
  404 403.5 0.1746 7.57813e-05
  405 404.5 0.174704 7.58264e-05
  406 405.5 0.170592 7.40417e-05
  407 406.5 0.172048 7.46736e-05
  408 407.5 0.172848 7.50208e-05
  409 408.5 0.183896 7.9816e-05
  410 409.5 0.185936 8.07014e-05
  411 410.5 0.186992 8.11597e-05
  412 411.5 0.186816 8.10833e-05
  413 412.5 0.188504 8.1816e-05
  414 413.5 0.180048 7.81458e-05
  415 414.5 0.191048 8.29201e-05
  416 415.5 0.184096 7.99028e-05
  417 416.5 0.178888 7.76424e-05
  418 417.5 0.180416 7.83056e-05
  419 418.5 0.185224 8.03924e-05
  420 419.5 0.185624 8.0566e-05
  421 420.5 0.191736 8.32188e-05
  422 421.5 0.187152 8.12292e-05
  423 422.5 0.187216 8.12569e-05
  424 423.5 0.185736 8.06146e-05
  425 424.5 0.185872 8.06736e-05
  426 425.5 0.188896 8.19861e-05
  427 426.5 0.1822 7.90799e-05
  428 427.5 0.188248 8.17049e-05
  429 428.5 0.195512 8.48576e-05
  430 429.5 0.187952 8.15764e-05
  431 430.5 0.196888 8.54549e-05
  432 431.5 0.193144 8.38299e-05
  433 432.5 0.19336 8.39236e-05
  434 433.5 0.193064 8.37951e-05
  435 434.5 0.193536 8.4e-05
  436 435.5 0.193576 8.40174e-05
  437 436.5 0.193352 8.39201e-05
  438 437.5 0.198016 8.59444e-05
  439 438.5 0.198848 8.63056e-05
  440 439.5 0.202936 8.80799e-05
  441 440.5 0.203608 8.83715e-05
  442 441.5 0.207384 9.00104e-05
  443 442.5 0.206944 8.98194e-05
  444 443.5 0.210288 9.12708e-05
  445 444.5 0.21288 9.23958e-05
  446 445.5 0.212424 9.21979e-05
  447 446.5 0.213456 9.26458e-05
  448 447.5 0.204928 8.89444e-05
  449 448.5 0.19688 8.54514e-05
  450 449.5 0.19188 8.32812e-05
  451 450.5 0.186984 8.11562e-05
  452 451.5 0.189112 8.20799e-05
  453 452.5 0.190896 8.28542e-05
  454 453.5 0.19256 8.35764e-05
  455 454.5 0.19316 8.38368e-05
  456 455.5 0.1924 8.35069e-05
  457 456.5 0.191232 8.3e-05
  458 457.5 0.192312 8.34688e-05
  459 458.5 0.190896 8.28542e-05
  460 459.5 0.19224 8.34375e-05
  461 460.5 0.191768 8.32326e-05
  462 461.5 0.181488 7.87708e-05
  463 462.5 0.17536 7.61111e-05
  464 463.5 0.173376 7.525e-05
  465 464.5 0.18544 8.04861e-05
  466 465.5 0.181896 7.89479e-05
  467 466.5 0.17912 7.77431e-05
  468 467.5 0.173872 7.54653e-05
  469 468.5 0.177792 7.71667e-05
  470 469.5 0.166088 7.20868e-05
  471 470.5 0.165496 7.18299e-05
  472 471.5 0.172736 7.49722e-05
  473 472.5 0.169952 7.37639e-05
  474 473.5 0.175144 7.60174e-05
  475 474.5 0.187568 8.14097e-05
  476 475.5 0.185952 8.07083e-05
  477 476.5 0.185792 8.06389e-05
  478 477.5 0.186296 8.08576e-05
  479 478.5 0.19396 8.4184e-05
  480 479.5 0.199256 8.64826e-05
62500000 480 6199.999999999998
  1 0.5 0.148184 6.4316e-05
  2 1.5 0.145704 6.32396e-05
  3 2.5 0.146688 6.36667e-05
  4 3.5 0.15484 6.72049e-05
  5 4.5 0.15624 6.78125e-05
  6 5.5 0.151568 6.57847e-05
  7 6.5 0.1474 6.39757e-05
  8 7.5 0.142096 6.16736e-05
  9 8.5 0.139232 6.04306e-05
  10 9.5 0.133096 5.77674e-05
  11 10.5 0.130072 5.64549e-05
  12 11.5 0.127912 5.55174e-05
  13 12.5 0.129104 5.60347e-05
  14 13.5 0.125768 5.45868e-05
  15 14.5 0.12544 5.44444e-05
  16 15.5 0.128456 5.57535e-05
  17 16.5 0.129952 5.64028e-05
  18 17.5 0.123944 5.37951e-05
  19 18.5 0.125896 5.46424e-05
  20 19.5 0.125912 5.46493e-05
  21 20.5 0.128664 5.58437e-05
  22 21.5 0.122672 5.32431e-05
  23 22.5 0.12516 5.43229e-05
  24 23.5 0.119688 5.19479e-05
  25 24.5 0.115192 4.99965e-05
  26 25.5 0.117712 5.10903e-05
  27 26.5 0.120816 5.24375e-05
  28 27.5 0.129904 5.63819e-05
  29 28.5 0.136352 5.91806e-05
  30 29.5 0.127536 5.53542e-05
  31 30.5 0.13208 5.73264e-05
  32 31.5 0.1338 5.80729e-05
  33 32.5 0.137856 5.98333e-05
  34 33.5 0.131392 5.70278e-05
  35 34.5 0.137656 5.97465e-05
  36 35.5 0.143576 6.2316e-05
  37 36.5 0.13892 6.02951e-05
  38 37.5 0.137912 5.98576e-05
  39 38.5 0.138168 5.99687e-05
  40 39.5 0.138064 5.99236e-05
  41 40.5 0.142216 6.17257e-05
  42 41.5 0.140552 6.10035e-05
  43 42.5 0.138904 6.02882e-05
  44 43.5 0.142064 6.16597e-05
  45 44.5 0.144744 6.28229e-05
  46 45.5 0.147864 6.41771e-05
  47 46.5 0.155304 6.74063e-05
  48 47.5 0.157904 6.85347e-05
  49 48.5 0.167568 7.27292e-05
  50 49.5 0.165344 7.17639e-05
  51 50.5 0.173512 7.5309e-05
  52 51.5 0.171592 7.44757e-05
  53 52.5 0.17168 7.45139e-05
  54 53.5 0.176704 7.66944e-05
  55 54.5 0.173056 7.51111e-05
  56 55.5 0.16272 7.0625e-05
  57 56.5 0.162304 7.04444e-05
  58 57.5 0.151712 6.58472e-05
  59 58.5 0.137008 5.94653e-05
  60 59.5 0.122536 5.3184e-05
  61 60.5 0.115232 5.00139e-05
  62 61.5 0.099952 4.33819e-05
  63 62.5 0.084768 3.67917e-05
  64 63.5 0.071704 3.11215e-05
  65 64.5 0.062584 2.71632e-05
  66 65.5 0.057504 2.49583e-05
  67 66.5 0.050064 2.17292e-05
  68 67.5 0.044312 1.92326e-05
  69 68.5 0.044496 1.93125e-05
  70 69.5 0.041664 1.80833e-05
  71 70.5 0.038192 1.65764e-05
  72 71.5 0.03656 1.58681e-05
  73 72.5 0.037544 1.62951e-05
  74 73.5 0.03588 1.55729e-05
  75 74.5 0.031792 1.37986e-05
  76 75.5 0.03324 1.44271e-05
  77 76.5 0.034112 1.48056e-05
  78 77.5 0.031456 1.36528e-05
  79 78.5 0.033288 1.44479e-05
  80 79.5 0.03476 1.50868e-05
  81 80.5 0.03104 1.34722e-05
  82 81.5 0.032968 1.4309e-05
  83 82.5 0.031496 1.36701e-05
  84 83.5 0.031248 1.35625e-05
  85 84.5 0.030264 1.31354e-05
  86 85.5 0.029288 1.27118e-05
  87 86.5 0.031424 1.36389e-05
  88 87.5 0.032024 1.38993e-05
  89 88.5 0.031864 1.38299e-05
  90 89.5 0.030648 1.33021e-05
  91 90.5 0.032664 1.41771e-05
  92 91.5 0.03336 1.44792e-05
  93 92.5 0.032808 1.42396e-05
  94 93.5 0.03232 1.40278e-05
  95 94.5 0.031768 1.37882e-05
  96 95.5 0.032544 1.4125e-05
  97 96.5 0.032904 1.42812e-05
  98 97.5 0.029344 1.27361e-05
  99 98.5 0.029976 1.30104e-05
  100 99.5 0.029784 1.29271e-05
  101 100.5 0.031296 1.35833e-05
  102 101.5 0.030896 1.34097e-05
  103 102.5 0.031568 1.37014e-05
  104 103.5 0.03196 1.38715e-05
  105 104.5 0.031152 1.35208e-05
  106 105.5 0.03168 1.375e-05
  107 106.5 0.032904 1.42812e-05
  108 107.5 0.031936 1.38611e-05
  109 108.5 0.031736 1.37743e-05
  110 109.5 0.030704 1.33264e-05
  111 110.5 0.029664 1.2875e-05
  112 111.5 0.03016 1.30903e-05
  113 112.5 0.030568 1.32674e-05
  114 113.5 0.02896 1.25694e-05
  115 114.5 0.030496 1.32361e-05
  116 115.5 0.032544 1.4125e-05
  117 116.5 0.031248 1.35625e-05
  118 117.5 0.029584 1.28403e-05
  119 118.5 0.03076 1.33507e-05
  120 119.5 0.02996 1.30035e-05
  121 120.5 0.029352 1.27396e-05
  122 121.5 0.029296 1.27153e-05
  123 122.5 0.02968 1.28819e-05
  124 123.5 0.030416 1.32014e-05
  125 124.5 0.031408 1.36319e-05
  126 125.5 0.031136 1.35139e-05
  127 126.5 0.0302 1.31076e-05
  128 127.5 0.029712 1.28958e-05
  129 128.5 0.02944 1.27778e-05
  130 129.5 0.031192 1.35382e-05
  131 130.5 0.034056 1.47813e-05
  132 131.5 0.03136 1.36111e-05
  133 132.5 0.031496 1.36701e-05
  134 133.5 0.032336 1.40347e-05
  135 134.5 0.02992 1.29861e-05
  136 135.5 0.031992 1.38854e-05
  137 136.5 0.032136 1.39479e-05
  138 137.5 0.032056 1.39132e-05
  139 138.5 0.03272 1.42014e-05
  140 139.5 0.031936 1.38611e-05
  141 140.5 0.033024 1.43333e-05
  142 141.5 0.033208 1.44132e-05
  143 142.5 0.03284 1.42535e-05
  144 143.5 0.03392 1.47222e-05
  145 144.5 0.033808 1.46736e-05
  146 145.5 0.033752 1.46493e-05
  147 146.5 0.032872 1.42674e-05
  148 147.5 0.035304 1.53229e-05
  149 148.5 0.034592 1.50139e-05
  150 149.5 0.034368 1.49167e-05
  151 150.5 0.032912 1.42847e-05
  152 151.5 0.030032 1.30347e-05
  153 152.5 0.03076 1.33507e-05
  154 153.5 0.031104 1.35e-05
  155 154.5 0.029464 1.27882e-05
  156 155.5 0.028696 1.24549e-05
  157 156.5 0.03024 1.3125e-05
  158 157.5 0.028616 1.24201e-05
  159 158.5 0.030224 1.31181e-05
  160 159.5 0.0314 1.36285e-05
  161 160.5 0.030048 1.30417e-05
  162 161.5 0.032304 1.40208e-05
  163 162.5 0.034384 1.49236e-05
  164 163.5 0.034008 1.47604e-05
  165 164.5 0.03108 1.34896e-05
  166 165.5 0.031512 1.36771e-05
  167 166.5 0.031432 1.36424e-05
  168 167.5 0.034608 1.50208e-05
  169 168.5 0.03224 1.39931e-05
  170 169.5 0.032328 1.40313e-05
  171 170.5 0.0314 1.36285e-05
  172 171.5 0.033176 1.43993e-05
  173 172.5 0.032184 1.39688e-05
  174 173.5 0.033 1.43229e-05
  175 174.5 0.031024 1.34653e-05
  176 175.5 0.031008 1.34583e-05
  177 176.5 0.031984 1.38819e-05
  178 177.5 0.029616 1.28542e-05
  179 178.5 0.031832 1.3816e-05
  180 179.5 0.031656 1.37396e-05
  181 180.5 0.030712 1.33299e-05
  182 181.5 0.033216 1.44167e-05
  183 182.5 0.032144 1.39514e-05
  184 183.5 0.035096 1.52326e-05
  185 184.5 0.034152 1.48229e-05
  186 185.5 0.03364 1.46007e-05
  187 186.5 0.032736 1.42083e-05
  188 187.5 0.031288 1.35799e-05
  189 188.5 0.032144 1.39514e-05
  190 189.5 0.032936 1.42951e-05
  191 190.5 0.030904 1.34132e-05
  192 191.5 0.035624 1.54618e-05
  193 192.5 0.035168 1.52639e-05
  194 193.5 0.032328 1.40313e-05
  195 194.5 0.035296 1.53194e-05
  196 195.5 0.038664 1.67813e-05
  197 196.5 0.038568 1.67396e-05
  198 197.5 0.035096 1.52326e-05
  199 198.5 0.035416 1.53715e-05
  200 199.5 0.032952 1.43021e-05
  201 200.5 0.033328 1.44653e-05
  202 201.5 0.03504 1.52083e-05
  203 202.5 0.036936 1.60313e-05
  204 203.5 0.040592 1.76181e-05
  205 204.5 0.04232 1.83681e-05
  206 205.5 0.045712 1.98403e-05
  207 206.5 0.053712 2.33125e-05
  208 207.5 0.0606 2.63021e-05
  209 208.5 0.070304 3.05139e-05
  210 209.5 0.08128 3.52778e-05
  211 210.5 0.093544 4.06007e-05
  212 211.5 0.109992 4.77396e-05
  213 212.5 0.13208 5.73264e-05
  214 213.5 0.157464 6.83438e-05
  215 214.5 0.200216 8.68993e-05
  216 215.5 0.266104 0.000115497
  217 216.5 0.400144 0.000173674
  218 217.5 0.671072 0.000291264
  219 218.5 1.25726 0.000545684
  220 219.5 2.50793 0.00108851
  221 220.5 4.85759 0.00210833
  222 221.5 8.7294 0.0037888
  223 222.5 14.1998 0.00616309
  224 223.5 20.5876 0.0089356
  225 224.5 26.5062 0.0115044
  226 225.5 31.1901 0.0135374
  227 226.5 34.2117 0.0148488
  228 227.5 36.0775 0.0156586
  229 228.5 37.2525 0.0161686
  230 229.5 37.8313 0.0164198
  231 230.5 38.2464 0.0166
  232 231.5 38.4928 0.0167069
  233 232.5 38.5993 0.0167532
  234 233.5 38.7303 0.01681
  235 234.5 38.8584 0.0168656
  236 235.5 38.7967 0.0168388
  237 236.5 38.8389 0.0168572
  238 237.5 38.9578 0.0169088
  239 238.5 38.8988 0.0168832
  240 239.5 38.8849 0.0168771
  241 240.5 39.0179 0.0169349
  242 241.5 38.9605 0.0169099
  243 242.5 38.8259 0.0168515
  244 243.5 39.0485 0.0169481
  245 244.5 38.9799 0.0169184
  246 245.5 38.8711 0.0168711
  247 246.5 38.8998 0.0168836
  248 247.5 39.1155 0.0169772
  249 248.5 38.857 0.016865
  250 249.5 38.8719 0.0168715
  251 250.5 39.0234 0.0169373
  252 251.5 39.0406 0.0169447
  253 252.5 38.794 0.0168377
  254 253.5 38.9497 0.0169053
  255 254.5 39.0636 0.0169547
  256 255.5 38.8856 0.0168774
  257 256.5 38.9065 0.0168865
  258 257.5 39.0765 0.0169603
  259 258.5 38.9507 0.0169057
  260 259.5 38.9325 0.0168978
  261 260.5 39.007 0.0169301
  262 261.5 39.0298 0.01694
  263 262.5 38.9428 0.0169023
  264 263.5 38.9987 0.0169265
  265 264.5 39.0041 0.0169289
  266 265.5 38.9899 0.0169227
  267 266.5 38.9788 0.0169179
  268 267.5 38.9878 0.0169218
  269 268.5 38.9093 0.0168877
  270 269.5 39.0232 0.0169371
  271 270.5 38.986 0.016921
  272 271.5 38.8813 0.0168756
  273 272.5 39.0888 0.0169656
  274 273.5 38.9374 0.0168999
  275 274.5 38.9816 0.0169191
  276 275.5 38.9473 0.0169042
  277 276.5 39.0531 0.0169501
  278 277.5 38.9445 0.016903
  279 278.5 38.9511 0.0169059
  280 279.5 38.9559 0.0169079
  281 280.5 39.018 0.0169349
  282 281.5 38.914 0.0168898
  283 282.5 38.8936 0.0168809
  284 283.5 39.0458 0.0169469
  285 284.5 38.882 0.0168759
  286 285.5 38.9014 0.0168843
  287 286.5 39.04 0.0169445
  288 287.5 38.9492 0.016905
  289 288.5 38.8897 0.0168792
  290 289.5 38.9921 0.0169237
  291 290.5 39.0529 0.01695
  292 291.5 38.8717 0.0168714
  293 292.5 38.9137 0.0168896
  294 293.5 39.0039 0.0169288
  295 294.5 38.9989 0.0169266
  296 295.5 38.8336 0.0168548
  297 296.5 39.0037 0.0169287
  298 297.5 38.9852 0.0169207
  299 298.5 38.9045 0.0168856
  300 299.5 38.9741 0.0169158
  301 300.5 38.8922 0.0168803
  302 301.5 38.9375 0.0169
  303 302.5 38.9014 0.0168843
  304 303.5 38.9468 0.016904
  305 304.5 38.907 0.0168867
  306 305.5 38.8666 0.0168692
  307 306.5 38.9264 0.0168951
  308 307.5 38.8761 0.0168733
  309 308.5 38.9494 0.0169051
  310 309.5 38.9033 0.0168851
  311 310.5 38.9045 0.0168856
  312 311.5 38.9184 0.0168916
  313 312.5 39.0005 0.0169273
  314 313.5 38.8943 0.0168812
  315 314.5 38.8981 0.0168828
  316 315.5 39.0205 0.016936
  317 316.5 38.9553 0.0169077
  318 317.5 38.8603 0.0168665
  319 318.5 38.9129 0.0168893
  320 319.5 39.0293 0.0169398
  321 320.5 38.8704 0.0168708
  322 321.5 38.8888 0.0168788
  323 322.5 38.9535 0.0169069
  324 323.5 38.9218 0.0168932
  325 324.5 38.8409 0.016858
  326 325.5 38.9717 0.0169148
  327 326.5 38.9253 0.0168946
  328 327.5 38.794 0.0168377
  329 328.5 38.9838 0.0169201
  330 329.5 38.8891 0.016879
  331 330.5 38.8347 0.0168553
  332 331.5 38.9523 0.0169064
  333 332.5 38.9585 0.0169091
  334 333.5 38.8506 0.0168622
  335 334.5 38.8905 0.0168795
  336 335.5 39.0044 0.016929
  337 336.5 38.8712 0.0168712
  338 337.5 38.9062 0.0168864
  339 338.5 38.9864 0.0169212
  340 339.5 38.9028 0.0168849
  341 340.5 38.9011 0.0168842
  342 341.5 38.9262 0.016895
  343 342.5 38.9195 0.0168921
  344 343.5 38.8312 0.0168538
  345 344.5 38.9179 0.0168915
  346 345.5 38.9078 0.0168871
  347 346.5 38.8679 0.0168697
  348 347.5 38.8856 0.0168774
  349 348.5 38.9238 0.016894
  350 349.5 38.8939 0.016881
  351 350.5 38.9339 0.0168984
  352 351.5 38.9272 0.0168955
  353 352.5 38.8802 0.0168751
  354 353.5 38.9865 0.0169212
  355 354.5 38.9001 0.0168837
  356 355.5 38.9535 0.0169069
  357 356.5 38.9368 0.0168996
  358 357.5 38.9764 0.0169169
  359 358.5 38.8929 0.0168806
  360 359.5 38.9926 0.0169239
  361 360.5 38.9732 0.0169155
  362 361.5 38.8987 0.0168831
  363 362.5 38.9713 0.0169146
  364 363.5 38.9003 0.0168838
  365 364.5 38.9533 0.0169068
  366 365.5 38.8999 0.0168836
  367 366.5 38.9665 0.0169125
  368 367.5 38.8703 0.0168708
  369 368.5 38.9221 0.0168933
  370 369.5 38.8404 0.0168578
  371 370.5 38.837 0.0168563
  372 371.5 38.7023 0.0167979
  373 372.5 38.7315 0.0168105
  374 373.5 38.6158 0.0167603
  375 374.5 38.3324 0.0166373
  376 375.5 38.1001 0.0165365
  377 376.5 37.6609 0.0163459
  378 377.5 36.7466 0.0159491
  379 378.5 35.2174 0.0152853
  380 379.5 32.7471 0.0142132
  381 380.5 28.7227 0.0124664
  382 381.5 22.9516 0.00996165
  383 382.5 16.4779 0.00715189
  384 383.5 10.4257 0.00452505
  385 384.5 5.88851 0.00255578
  386 385.5 3.02722 0.0013139
  387 386.5 1.50114 0.000651538
  388 387.5 0.771264 0.00033475
  389 388.5 0.442192 0.000191924
  390 389.5 0.296768 0.000128806
  391 390.5 0.243688 0.000105767
  392 391.5 0.217392 9.43542e-05
  393 392.5 0.198056 8.59618e-05
  394 393.5 0.187416 8.13437e-05
  395 394.5 0.183392 7.95972e-05
  396 395.5 0.171064 7.42465e-05
  397 396.5 0.16724 7.25868e-05
  398 397.5 0.1648 7.15278e-05
  399 398.5 0.179064 7.77188e-05
  400 399.5 0.181104 7.86042e-05
  401 400.5 0.183976 7.98507e-05
  402 401.5 0.189584 8.22847e-05
  403 402.5 0.191488 8.31111e-05
  404 403.5 0.19568 8.49306e-05
  405 404.5 0.19472 8.45139e-05
  406 405.5 0.19888 8.63194e-05
  407 406.5 0.19428 8.43229e-05
  408 407.5 0.19252 8.3559e-05
  409 408.5 0.182728 7.9309e-05
  410 409.5 0.17552 7.61806e-05
  411 410.5 0.177936 7.72292e-05
  412 411.5 0.173312 7.52222e-05
  413 412.5 0.17048 7.39931e-05
  414 413.5 0.171936 7.4625e-05
  415 414.5 0.166248 7.21562e-05
  416 415.5 0.167504 7.27014e-05
  417 416.5 0.169144 7.34132e-05
  418 417.5 0.166904 7.2441e-05
  419 418.5 0.172152 7.47187e-05
  420 419.5 0.1742 7.56076e-05
  421 420.5 0.175816 7.6309e-05
  422 421.5 0.173584 7.53403e-05
  423 422.5 0.178624 7.75278e-05
  424 423.5 0.176312 7.65243e-05
  425 424.5 0.181816 7.89132e-05
  426 425.5 0.179856 7.80625e-05
  427 426.5 0.185216 8.03889e-05
  428 427.5 0.190552 8.27049e-05
  429 428.5 0.19556 8.48785e-05
  430 429.5 0.191808 8.325e-05
  431 430.5 0.179696 7.79931e-05
  432 431.5 0.18028 7.82465e-05
  433 432.5 0.178544 7.74931e-05
  434 433.5 0.175848 7.63229e-05
  435 434.5 0.174992 7.59514e-05
  436 435.5 0.182312 7.91285e-05
  437 436.5 0.178432 7.74444e-05
  438 437.5 0.167192 7.2566e-05
  439 438.5 0.164936 7.15868e-05
  440 439.5 0.170104 7.38299e-05
  441 440.5 0.168232 7.30174e-05
  442 441.5 0.168976 7.33403e-05
  443 442.5 0.169096 7.33924e-05
  444 443.5 0.1714 7.43924e-05
  445 444.5 0.163976 7.11701e-05
  446 445.5 0.160264 6.9559e-05
  447 446.5 0.1544 6.70139e-05
  448 447.5 0.148008 6.42396e-05
  449 448.5 0.15232 6.61111e-05
  450 449.5 0.151344 6.56875e-05
  451 450.5 0.15776 6.84722e-05
  452 451.5 0.164912 7.15764e-05
  453 452.5 0.171104 7.42639e-05
  454 453.5 0.170584 7.40382e-05
  455 454.5 0.171048 7.42396e-05
  456 455.5 0.161824 7.02361e-05
  457 456.5 0.159376 6.91736e-05
  458 457.5 0.160256 6.95556e-05
  459 458.5 0.1614 7.00521e-05
  460 459.5 0.152624 6.62431e-05
  461 460.5 0.154888 6.72257e-05
  462 461.5 0.15608 6.77431e-05
  463 462.5 0.152384 6.61389e-05
  464 463.5 0.159464 6.92118e-05
  465 464.5 0.16444 7.13715e-05
  466 465.5 0.15996 6.94271e-05
  467 466.5 0.16268 7.06076e-05
  468 467.5 0.163592 7.10035e-05
  469 468.5 0.152752 6.62986e-05
  470 469.5 0.153216 6.65e-05
  471 470.5 0.154528 6.70694e-05
  472 471.5 0.160152 6.95104e-05
  473 472.5 0.159216 6.91042e-05
  474 473.5 0.15724 6.82465e-05
  475 474.5 0.158256 6.86875e-05
  476 475.5 0.153928 6.6809e-05
  477 476.5 0.157784 6.84826e-05
  478 477.5 0.15704 6.81597e-05
  479 478.5 0.155208 6.73646e-05
  480 479.5 0.15192 6.59375e-05
65000000 480 6200.000000000001
  1 0.5 0.196832 8.54306e-05
  2 1.5 0.202912 8.80694e-05
  3 2.5 0.200584 8.7059e-05
  4 3.5 0.19692 8.54688e-05
  5 4.5 0.186952 8.11424e-05
  6 5.5 0.186176 8.08056e-05
  7 6.5 0.183152 7.94931e-05
  8 7.5 0.17764 7.71007e-05
  9 8.5 0.181104 7.86042e-05
  10 9.5 0.181688 7.88576e-05
  11 10.5 0.185552 8.05347e-05
  12 11.5 0.180544 7.83611e-05
  13 12.5 0.176136 7.64479e-05
  14 13.5 0.181872 7.89375e-05
  15 14.5 0.178088 7.72951e-05
  16 15.5 0.166128 7.21042e-05
  17 16.5 0.17132 7.43576e-05
  18 17.5 0.180544 7.83611e-05
  19 18.5 0.18452 8.00868e-05
  20 19.5 0.18724 8.12674e-05
  21 20.5 0.191608 8.31632e-05
  22 21.5 0.19196 8.3316e-05
  23 22.5 0.20268 8.79687e-05
  24 23.5 0.20428 8.86632e-05
  25 24.5 0.201312 8.7375e-05
  26 25.5 0.205608 8.92396e-05
  27 26.5 0.211632 9.18542e-05
  28 27.5 0.218144 9.46806e-05
  29 28.5 0.221856 9.62917e-05
  30 29.5 0.212784 9.23542e-05
  31 30.5 0.213016 9.24549e-05
  32 31.5 0.215312 9.34514e-05
  33 32.5 0.218344 9.47674e-05
  34 33.5 0.212944 9.24236e-05
  35 34.5 0.211024 9.15903e-05
  36 35.5 0.207536 9.00764e-05
  37 36.5 0.198656 8.62222e-05
  38 37.5 0.194144 8.42639e-05
  39 38.5 0.195264 8.475e-05
  40 39.5 0.189504 8.225e-05
  41 40.5 0.188584 8.18507e-05
  42 41.5 0.197624 8.57743e-05
  43 42.5 0.208784 9.06181e-05
  44 43.5 0.210616 9.14132e-05
  45 44.5 0.207944 9.02535e-05
  46 45.5 0.199424 8.65556e-05
  47 46.5 0.199624 8.66424e-05
  48 47.5 0.204544 8.87778e-05
  49 48.5 0.210512 9.13681e-05
  50 49.5 0.205024 8.89861e-05
  51 50.5 0.205768 8.9309e-05
  52 51.5 0.209432 9.08993e-05
  53 52.5 0.210632 9.14201e-05
  54 53.5 0.221728 9.62361e-05
  55 54.5 0.217336 9.43299e-05
  56 55.5 0.213608 9.27118e-05
  57 56.5 0.201512 8.74618e-05
  58 57.5 0.19252 8.3559e-05
  59 58.5 0.17488 7.59028e-05
  60 59.5 0.158136 6.86354e-05
  61 60.5 0.139336 6.04757e-05
  62 61.5 0.121352 5.26701e-05
  63 62.5 0.104736 4.54583e-05
  64 63.5 0.093088 4.04028e-05
  65 64.5 0.08172 3.54687e-05
  66 65.5 0.070392 3.05521e-05
  67 66.5 0.057216 2.48333e-05
  68 67.5 0.056744 2.46285e-05
  69 68.5 0.05236 2.27257e-05
  70 69.5 0.047592 2.06563e-05
  71 70.5 0.04392 1.90625e-05
  72 71.5 0.041272 1.79132e-05
  73 72.5 0.03984 1.72917e-05
  74 73.5 0.037968 1.64792e-05
  75 74.5 0.037024 1.60694e-05
  76 75.5 0.034184 1.48368e-05
  77 76.5 0.038544 1.67292e-05
  78 77.5 0.03572 1.55035e-05
  79 78.5 0.03404 1.47743e-05
  80 79.5 0.029776 1.29236e-05
  81 80.5 0.030936 1.34271e-05
  82 81.5 0.03176 1.37847e-05
  83 82.5 0.031056 1.34792e-05
  84 83.5 0.030744 1.33438e-05
  85 84.5 0.029728 1.29028e-05
  86 85.5 0.030144 1.30833e-05
  87 86.5 0.03272 1.42014e-05
  88 87.5 0.034448 1.49514e-05
  89 88.5 0.033928 1.47257e-05
  90 89.5 0.033552 1.45625e-05
  91 90.5 0.033 1.43229e-05
  92 91.5 0.029592 1.28438e-05
  93 92.5 0.031888 1.38403e-05
  94 93.5 0.031944 1.38646e-05
  95 94.5 0.031168 1.35278e-05
  96 95.5 0.030432 1.32083e-05
  97 96.5 0.032416 1.40694e-05
  98 97.5 0.030776 1.33576e-05
  99 98.5 0.032312 1.40243e-05
  100 99.5 0.031296 1.35833e-05
  101 100.5 0.030576 1.32708e-05
  102 101.5 0.030048 1.30417e-05
  103 102.5 0.028592 1.24097e-05
  104 103.5 0.028864 1.25278e-05
  105 104.5 0.03152 1.36806e-05
  106 105.5 0.030176 1.30972e-05
  107 106.5 0.029216 1.26806e-05
  108 107.5 0.02888 1.25347e-05
  109 108.5 0.029728 1.29028e-05
  110 109.5 0.02976 1.29167e-05
  111 110.5 0.031032 1.34688e-05
  112 111.5 0.030208 1.31111e-05
  113 112.5 0.02908 1.26215e-05
  114 113.5 0.02736 1.1875e-05
  115 114.5 0.0284 1.23264e-05
  116 115.5 0.029024 1.25972e-05
  117 116.5 0.027952 1.21319e-05
  118 117.5 0.027304 1.18507e-05
  119 118.5 0.028616 1.24201e-05
  120 119.5 0.030816 1.3375e-05
  121 120.5 0.028552 1.23924e-05
  122 121.5 0.028632 1.24271e-05
  123 122.5 0.029736 1.29063e-05
  124 123.5 0.029752 1.29132e-05
  125 124.5 0.031208 1.35451e-05
  126 125.5 0.030648 1.33021e-05
  127 126.5 0.028888 1.25382e-05
  128 127.5 0.029232 1.26875e-05
  129 128.5 0.029312 1.27222e-05
  130 129.5 0.029336 1.27326e-05
  131 130.5 0.029112 1.26354e-05
  132 131.5 0.03104 1.34722e-05
  133 132.5 0.03176 1.37847e-05
  134 133.5 0.033904 1.47153e-05
  135 134.5 0.031256 1.3566e-05
  136 135.5 0.029552 1.28264e-05
  137 136.5 0.029664 1.2875e-05
  138 137.5 0.0282 1.22396e-05
  139 138.5 0.029664 1.2875e-05
  140 139.5 0.02916 1.26562e-05
  141 140.5 0.028608 1.24167e-05
  142 141.5 0.030736 1.33403e-05
  143 142.5 0.029464 1.27882e-05
  144 143.5 0.03112 1.35069e-05
  145 144.5 0.034512 1.49792e-05
  146 145.5 0.034936 1.51632e-05
  147 146.5 0.032992 1.43194e-05
  148 147.5 0.03388 1.47049e-05
  149 148.5 0.03144 1.36458e-05
  150 149.5 0.029912 1.29826e-05
  151 150.5 0.030288 1.31458e-05
  152 151.5 0.029168 1.26597e-05
  153 152.5 0.02724 1.18229e-05
  154 153.5 0.028576 1.24028e-05
  155 154.5 0.029552 1.28264e-05
  156 155.5 0.027888 1.21042e-05
  157 156.5 0.028272 1.22708e-05
  158 157.5 0.027856 1.20903e-05
  159 158.5 0.02888 1.25347e-05
  160 159.5 0.031304 1.35868e-05
  161 160.5 0.031544 1.3691e-05
  162 161.5 0.030224 1.31181e-05
  163 162.5 0.028728 1.24687e-05
  164 163.5 0.02964 1.28646e-05
  165 164.5 0.029416 1.27674e-05
  166 165.5 0.027976 1.21424e-05
  167 166.5 0.026512 1.15069e-05
  168 167.5 0.027512 1.1941e-05
  169 168.5 0.027192 1.18021e-05
  170 169.5 0.02724 1.18229e-05
  171 170.5 0.02672 1.15972e-05
  172 171.5 0.028312 1.22882e-05
  173 172.5 0.03052 1.32465e-05
  174 173.5 0.030064 1.30486e-05
  175 174.5 0.028072 1.2184e-05
  176 175.5 0.027016 1.17257e-05
  177 176.5 0.027848 1.20868e-05
  178 177.5 0.02968 1.28819e-05
  179 178.5 0.028736 1.24722e-05
  180 179.5 0.030544 1.32569e-05
  181 180.5 0.03024 1.3125e-05
  182 181.5 0.03116 1.35243e-05
  183 182.5 0.0296 1.28472e-05
  184 183.5 0.028992 1.25833e-05
  185 184.5 0.027648 1.2e-05
  186 185.5 0.028032 1.21667e-05
  187 186.5 0.029064 1.26146e-05
  188 187.5 0.028176 1.22292e-05
  189 188.5 0.02716 1.17882e-05
  190 189.5 0.027704 1.20243e-05
  191 190.5 0.02912 1.26389e-05
  192 191.5 0.030576 1.32708e-05
  193 192.5 0.028304 1.22847e-05
  194 193.5 0.02508 1.08854e-05
  195 194.5 0.028632 1.24271e-05
  196 195.5 0.030072 1.30521e-05
  197 196.5 0.030152 1.30868e-05
  198 197.5 0.031032 1.34688e-05
  199 198.5 0.032 1.38889e-05
  200 199.5 0.035968 1.56111e-05
  201 200.5 0.03496 1.51736e-05
  202 201.5 0.03592 1.55903e-05
  203 202.5 0.036872 1.60035e-05
  204 203.5 0.038888 1.68785e-05
  205 204.5 0.041384 1.79618e-05
  206 205.5 0.04088 1.77431e-05
  207 206.5 0.044144 1.91597e-05
  208 207.5 0.048384 2.1e-05
  209 208.5 0.05972 2.59201e-05
  210 209.5 0.065352 2.83646e-05
  211 210.5 0.078736 3.41736e-05
  212 211.5 0.095824 4.15903e-05
  213 212.5 0.112344 4.87604e-05
  214 213.5 0.138688 6.01944e-05
  215 214.5 0.17468 7.5816e-05
  216 215.5 0.226632 9.83646e-05
  217 216.5 0.31904 0.000138472
  218 217.5 0.517352 0.000224545
  219 218.5 0.934888 0.000405767
  220 219.5 1.83038 0.000794434
  221 220.5 3.62433 0.00157306
  222 221.5 6.8166 0.00295859
  223 222.5 11.5683 0.00502098
  224 223.5 17.4894 0.00759087
  225 224.5 23.6596 0.0102689
  226 225.5 29.0084 0.0125905
  227 226.5 32.8707 0.0142668
  228 227.5 35.2326 0.0152919
  229 228.5 36.7212 0.015938
  230 229.5 37.5846 0.0163128
  231 230.5 38.0658 0.0165216
  232 231.5 38.3213 0.0166325
  233 232.5 38.5142 0.0167162
  234 233.5 38.6906 0.0167928
  235 234.5 38.7246 0.0168076
  236 235.5 38.7412 0.0168148
  237 236.5 38.8627 0.0168675
  238 237.5 38.8115 0.0168453
  239 238.5 38.8073 0.0168434
  240 239.5 38.9441 0.0169028
  241 240.5 38.8513 0.0168625
  242 241.5 38.8268 0.0168519
  243 242.5 38.923 0.0168937
  244 243.5 38.918 0.0168915
  245 244.5 38.8605 0.0168665
  246 245.5 39.0167 0.0169343
  247 246.5 38.8613 0.0168669
  248 247.5 38.8884 0.0168786
  249 248.5 38.9813 0.016919
  250 249.5 38.9622 0.0169107
  251 250.5 38.8648 0.0168684
  252 251.5 38.9625 0.0169108
  253 252.5 38.9901 0.0169228
  254 253.5 38.9091 0.0168876
  255 254.5 38.8777 0.016874
  256 255.5 39.0336 0.0169416
  257 256.5 38.9224 0.0168934
  258 257.5 38.8863 0.0168777
  259 258.5 39.01 0.0169314
  260 259.5 38.9433 0.0169025
  261 260.5 38.8685 0.01687
  262 261.5 38.9662 0.0169124
  263 262.5 39.013 0.0169327
  264 263.5 38.9115 0.0168887
  265 264.5 38.8734 0.0168721
  266 265.5 38.9582 0.016909
  267 266.5 38.9697 0.0169139
  268 267.5 38.8289 0.0168528
  269 268.5 38.8391 0.0168572
  270 269.5 38.9769 0.016917
  271 270.5 38.906 0.0168863
  272 271.5 38.7678 0.0168263
  273 272.5 38.9117 0.0168887
  274 273.5 38.9579 0.0169088
  275 274.5 38.8414 0.0168582
  276 275.5 38.8416 0.0168583
  277 276.5 38.9651 0.016912
  278 277.5 38.9091 0.0168876
  279 278.5 38.8234 0.0168504
  280 279.5 38.9568 0.0169083
  281 280.5 38.9249 0.0168945
  282 281.5 38.8976 0.0168827
  283 282.5 38.9032 0.016885
  284 283.5 38.8887 0.0168788
  285 284.5 38.8149 0.0168467
  286 285.5 38.9638 0.0169114
  287 286.5 38.744 0.016816
  288 287.5 38.8552 0.0168642
  289 288.5 38.9275 0.0168956
  290 289.5 38.8252 0.0168512
  291 290.5 38.7439 0.0168159
  292 291.5 38.9311 0.0168972
  293 292.5 38.9583 0.016909
  294 293.5 38.7015 0.0167975
  295 294.5 38.9546 0.0169074
  296 295.5 38.9629 0.016911
  297 296.5 38.8667 0.0168692
  298 297.5 38.7975 0.0168392
  299 298.5 39.0352 0.0169424
  300 299.5 38.8817 0.0168757
  301 300.5 38.826 0.0168516
  302 301.5 38.969 0.0169136
  303 302.5 38.965 0.0169119
  304 303.5 38.7963 0.0168387
  305 304.5 38.9307 0.016897
  306 305.5 38.9466 0.0169039
  307 306.5 38.8933 0.0168808
  308 307.5 38.8403 0.0168578
  309 308.5 38.931 0.0168971
  310 309.5 38.9152 0.0168903
  311 310.5 38.9023 0.0168847
  312 311.5 38.9388 0.0169005
  313 312.5 38.8808 0.0168753
  314 313.5 38.8901 0.0168794
  315 314.5 38.9505 0.0169056
  316 315.5 38.9014 0.0168843
  317 316.5 38.879 0.0168746
  318 317.5 38.9709 0.0169145
  319 318.5 38.9011 0.0168842
  320 319.5 38.8744 0.0168726
  321 320.5 38.8497 0.0168618
  322 321.5 38.9428 0.0169023
  323 322.5 38.8729 0.0168719
  324 323.5 38.8763 0.0168734
  325 324.5 38.8816 0.0168757
  326 325.5 38.989 0.0169223
  327 326.5 38.8562 0.0168647
  328 327.5 38.8658 0.0168689
  329 328.5 38.9912 0.0169233
  330 329.5 38.974 0.0169158
  331 330.5 38.8286 0.0168527
  332 331.5 38.8881 0.0168785
  333 332.5 39.0292 0.0169398
  334 333.5 38.8214 0.0168496
  335 334.5 38.8643 0.0168682
  336 335.5 38.9902 0.0169228
  337 336.5 38.8848 0.0168771
  338 337.5 38.7773 0.0168304
  339 338.5 38.9479 0.0169045
  340 339.5 38.9048 0.0168858
  341 340.5 38.8004 0.0168404
  342 341.5 38.8927 0.0168805
  343 342.5 39.0331 0.0169414
  344 343.5 38.8435 0.0168592
  345 344.5 38.7966 0.0168388
  346 345.5 39.0556 0.0169512
  347 346.5 38.9411 0.0169015
  348 347.5 38.863 0.0168676
  349 348.5 38.9485 0.0169047
  350 349.5 39.0321 0.016941
  351 350.5 38.9071 0.0168867
  352 351.5 38.9623 0.0169107
  353 352.5 39.0055 0.0169295
  354 353.5 38.9926 0.0169239
  355 354.5 38.9082 0.0168873
  356 355.5 39.021 0.0169362
  357 356.5 39.0273 0.0169389
  358 357.5 38.9197 0.0168922
  359 358.5 38.9606 0.01691
  360 359.5 39.0081 0.0169306
  361 360.5 38.9615 0.0169104
  362 361.5 38.9831 0.0169198
  363 362.5 38.9379 0.0169001
  364 363.5 38.9238 0.016894
  365 364.5 38.9925 0.0169238
  366 365.5 38.9742 0.0169159
  367 366.5 38.7964 0.0168387
  368 367.5 38.9741 0.0169158
  369 368.5 38.9219 0.0168932
  370 369.5 38.8299 0.0168532
  371 370.5 38.827 0.016852
  372 371.5 38.8852 0.0168773
  373 372.5 38.6445 0.0167728
  374 373.5 38.6358 0.016769
  375 374.5 38.5814 0.0167454
  376 375.5 38.196 0.0165781
  377 376.5 37.9134 0.0164555
  378 377.5 37.2603 0.016172
  379 378.5 36.1113 0.0156733
  380 379.5 34.0818 0.0147925
  381 380.5 30.8651 0.0133963
  382 381.5 26.0179 0.0112925
  383 382.5 19.8105 0.00859831
  384 383.5 13.3847 0.00580932
  385 384.5 7.99689 0.00347087
  386 385.5 4.26393 0.00185066
  387 386.5 2.15056 0.000933403
  388 387.5 1.05854 0.000459434
  389 388.5 0.582912 0.000253
  390 389.5 0.35988 0.000156198
  391 390.5 0.267952 0.000116299
  392 391.5 0.218376 9.47813e-05
  393 392.5 0.20004 8.68229e-05
  394 393.5 0.185304 8.04271e-05
  395 394.5 0.177864 7.71979e-05
  396 395.5 0.175296 7.60833e-05
  397 396.5 0.171672 7.45104e-05
  398 397.5 0.164664 7.14687e-05
  399 398.5 0.161704 7.0184e-05
  400 399.5 0.153384 6.65729e-05
  401 400.5 0.15272 6.62847e-05
  402 401.5 0.149456 6.48681e-05
  403 402.5 0.14516 6.30035e-05
  404 403.5 0.142464 6.18333e-05
  405 404.5 0.143328 6.22083e-05
  406 405.5 0.142192 6.17153e-05
  407 406.5 0.149032 6.4684e-05
  408 407.5 0.145224 6.30313e-05
  409 408.5 0.14496 6.29167e-05
  410 409.5 0.138752 6.02222e-05
  411 410.5 0.138352 6.00486e-05
  412 411.5 0.1422 6.17188e-05
  413 412.5 0.138536 6.01285e-05
  414 413.5 0.142896 6.20208e-05
  415 414.5 0.14572 6.32465e-05
  416 415.5 0.141816 6.15521e-05
  417 416.5 0.140744 6.10868e-05
  418 417.5 0.140384 6.09306e-05
  419 418.5 0.139128 6.03854e-05
  420 419.5 0.145232 6.30347e-05
  421 420.5 0.15208 6.60069e-05
  422 421.5 0.152064 6.6e-05
  423 422.5 0.146344 6.35174e-05
  424 423.5 0.145232 6.30347e-05
  425 424.5 0.143592 6.23229e-05
  426 425.5 0.143328 6.22083e-05
  427 426.5 0.14 6.07639e-05
  428 427.5 0.14084 6.11285e-05
  429 428.5 0.138032 5.99097e-05
  430 429.5 0.148192 6.43194e-05
  431 430.5 0.14948 6.48785e-05
  432 431.5 0.151184 6.56181e-05
  433 432.5 0.148888 6.46215e-05
  434 433.5 0.144376 6.26632e-05
  435 434.5 0.143112 6.21146e-05
  436 435.5 0.151032 6.55521e-05
  437 436.5 0.151664 6.58264e-05
  438 437.5 0.155152 6.73403e-05
  439 438.5 0.153464 6.66076e-05
  440 439.5 0.152624 6.62431e-05
  441 440.5 0.151704 6.58437e-05
  442 441.5 0.158944 6.89861e-05
  443 442.5 0.168944 7.33264e-05
  444 443.5 0.167176 7.2559e-05
  445 444.5 0.17148 7.44271e-05
  446 445.5 0.172368 7.48125e-05
  447 446.5 0.171288 7.43438e-05
  448 447.5 0.168424 7.31007e-05
  449 448.5 0.17444 7.57118e-05
  450 449.5 0.183176 7.95035e-05
  451 450.5 0.177736 7.71424e-05
  452 451.5 0.178904 7.76493e-05
  453 452.5 0.186928 8.11319e-05
  454 453.5 0.188096 8.16389e-05
  455 454.5 0.192704 8.36389e-05
  456 455.5 0.192608 8.35972e-05
  457 456.5 0.191544 8.31354e-05
  458 457.5 0.184264 7.99757e-05
  459 458.5 0.184432 8.00486e-05
  460 459.5 0.185664 8.05833e-05
  461 460.5 0.190112 8.25139e-05
  462 461.5 0.195496 8.48507e-05
  463 462.5 0.20012 8.68576e-05
  464 463.5 0.20404 8.8559e-05
  465 464.5 0.21232 9.21528e-05
  466 465.5 0.21384 9.28125e-05
  467 466.5 0.209136 9.07708e-05
  468 467.5 0.2092 9.07986e-05
  469 468.5 0.197392 8.56736e-05
  470 469.5 0.191936 8.33056e-05
  471 470.5 0.198368 8.60972e-05
  472 471.5 0.208768 9.06111e-05
  473 472.5 0.202864 8.80486e-05
  474 473.5 0.212504 9.22326e-05
  475 474.5 0.216752 9.40764e-05
  476 475.5 0.208104 9.03229e-05
  477 476.5 0.203504 8.83264e-05
  478 477.5 0.192 8.33333e-05
  479 478.5 0.197104 8.55486e-05
  480 479.5 0.194984 8.46285e-05
67500000 480 6199.999999999995
  1 0.5 0.1592 6.90972e-05
  2 1.5 0.15948 6.92187e-05
  3 2.5 0.156344 6.78576e-05
  4 3.5 0.157992 6.85729e-05
  5 4.5 0.155072 6.73056e-05
  6 5.5 0.151296 6.56667e-05
  7 6.5 0.140144 6.08264e-05
  8 7.5 0.143368 6.22257e-05
  9 8.5 0.151664 6.58264e-05
  10 9.5 0.152208 6.60625e-05
  11 10.5 0.154128 6.68958e-05
  12 11.5 0.16292 7.07118e-05
  13 12.5 0.169248 7.34583e-05
  14 13.5 0.175952 7.63681e-05
  15 14.5 0.180608 7.83889e-05
  16 15.5 0.178184 7.73368e-05
  17 16.5 0.181592 7.8816e-05
  18 17.5 0.184488 8.00729e-05
  19 18.5 0.188048 8.16181e-05
  20 19.5 0.17928 7.78125e-05
  21 20.5 0.18072 7.84375e-05
  22 21.5 0.174904 7.59132e-05
  23 22.5 0.172208 7.47431e-05
  24 23.5 0.172672 7.49444e-05
  25 24.5 0.165672 7.19063e-05
  26 25.5 0.163488 7.09583e-05
  27 26.5 0.156864 6.80833e-05
  28 27.5 0.159 6.90104e-05
  29 28.5 0.168152 7.29826e-05
  30 29.5 0.164136 7.12396e-05
  31 30.5 0.165424 7.17986e-05
  32 31.5 0.169288 7.34757e-05
  33 32.5 0.16888 7.32986e-05
  34 33.5 0.170232 7.38854e-05
  35 34.5 0.173096 7.51285e-05
  36 35.5 0.171264 7.43333e-05
  37 36.5 0.179952 7.81042e-05
  38 37.5 0.177352 7.69757e-05
  39 38.5 0.18796 8.15799e-05
  40 39.5 0.18516 8.03646e-05
  41 40.5 0.190672 8.27569e-05
  42 41.5 0.189728 8.23472e-05
  43 42.5 0.199848 8.67396e-05
  44 43.5 0.19708 8.55382e-05
  45 44.5 0.199648 8.66528e-05
  46 45.5 0.197256 8.56146e-05
  47 46.5 0.192696 8.36354e-05
  48 47.5 0.188888 8.19826e-05
  49 48.5 0.193592 8.40243e-05
  50 49.5 0.203288 8.82326e-05
  51 50.5 0.2096 9.09722e-05
  52 51.5 0.209272 9.08299e-05
  53 52.5 0.21832 9.47569e-05
  54 53.5 0.221416 9.61007e-05
  55 54.5 0.211192 9.16632e-05
  56 55.5 0.205856 8.93472e-05
  57 56.5 0.200192 8.68889e-05
  58 57.5 0.183096 7.94688e-05
  59 58.5 0.172008 7.46563e-05
  60 59.5 0.159096 6.90521e-05
  61 60.5 0.143392 6.22361e-05
  62 61.5 0.122864 5.33264e-05
  63 62.5 0.108808 4.72257e-05
  64 63.5 0.096224 4.17639e-05
  65 64.5 0.08036 3.48785e-05
  66 65.5 0.072264 3.13646e-05
  67 66.5 0.061376 2.66389e-05
  68 67.5 0.049448 2.14618e-05
  69 68.5 0.044976 1.95208e-05
  70 69.5 0.043272 1.87812e-05
  71 70.5 0.040752 1.76875e-05
  72 71.5 0.040976 1.77847e-05
  73 72.5 0.040536 1.75938e-05
  74 73.5 0.040328 1.75035e-05
  75 74.5 0.040072 1.73924e-05
  76 75.5 0.040424 1.75451e-05
  77 76.5 0.037568 1.63056e-05
  78 77.5 0.036312 1.57604e-05
  79 78.5 0.036248 1.57326e-05
  80 79.5 0.034736 1.50764e-05
  81 80.5 0.036304 1.57569e-05
  82 81.5 0.035008 1.51944e-05
  83 82.5 0.032952 1.43021e-05
  84 83.5 0.03236 1.40451e-05
  85 84.5 0.03372 1.46354e-05
  86 85.5 0.034064 1.47847e-05
  87 86.5 0.034696 1.5059e-05
  88 87.5 0.035224 1.52882e-05
  89 88.5 0.03876 1.68229e-05
  90 89.5 0.034752 1.50833e-05
  91 90.5 0.036808 1.59757e-05
  92 91.5 0.036936 1.60313e-05
  93 92.5 0.039096 1.69687e-05
  94 93.5 0.039928 1.73299e-05
  95 94.5 0.039056 1.69514e-05
  96 95.5 0.039112 1.69757e-05
  97 96.5 0.03556 1.5434e-05
  98 97.5 0.03588 1.55729e-05
  99 98.5 0.035728 1.55069e-05
  100 99.5 0.035784 1.55313e-05
  101 100.5 0.036 1.5625e-05
  102 101.5 0.034584 1.50104e-05
  103 102.5 0.036152 1.5691e-05
  104 103.5 0.034824 1.51146e-05
  105 104.5 0.035616 1.54583e-05
  106 105.5 0.037392 1.62292e-05
  107 106.5 0.038232 1.65938e-05
  108 107.5 0.038104 1.65382e-05
  109 108.5 0.034944 1.51667e-05
  110 109.5 0.036848 1.59931e-05
  111 110.5 0.035536 1.54236e-05
  112 111.5 0.034744 1.50799e-05
  113 112.5 0.03456 1.5e-05
  114 113.5 0.033912 1.47188e-05
  115 114.5 0.035008 1.51944e-05
  116 115.5 0.03452 1.49826e-05
  117 116.5 0.034264 1.48715e-05
  118 117.5 0.033528 1.45521e-05
  119 118.5 0.034288 1.48819e-05
  120 119.5 0.034976 1.51806e-05
  121 120.5 0.037208 1.61493e-05
  122 121.5 0.037624 1.63299e-05
  123 122.5 0.03624 1.57292e-05
  124 123.5 0.037584 1.63125e-05
  125 124.5 0.036496 1.58403e-05
  126 125.5 0.036296 1.57535e-05
  127 126.5 0.034184 1.48368e-05
  128 127.5 0.03604 1.56424e-05
  129 128.5 0.035208 1.52812e-05
  130 129.5 0.031776 1.37917e-05
  131 130.5 0.033672 1.46146e-05
  132 131.5 0.03344 1.45139e-05
  133 132.5 0.03288 1.42708e-05
  134 133.5 0.030624 1.32917e-05
  135 134.5 0.030656 1.33056e-05
  136 135.5 0.028112 1.22014e-05
  137 136.5 0.029008 1.25903e-05
  138 137.5 0.031248 1.35625e-05
  139 138.5 0.030744 1.33438e-05
  140 139.5 0.027168 1.17917e-05
  141 140.5 0.028768 1.24861e-05
  142 141.5 0.029248 1.26944e-05
  143 142.5 0.029152 1.26528e-05
  144 143.5 0.029968 1.30069e-05
  145 144.5 0.029032 1.26007e-05
  146 145.5 0.027184 1.17986e-05
  147 146.5 0.026664 1.15729e-05
  148 147.5 0.029136 1.26458e-05
  149 148.5 0.031432 1.36424e-05
  150 149.5 0.034976 1.51806e-05
  151 150.5 0.031344 1.36042e-05
  152 151.5 0.031944 1.38646e-05
  153 152.5 0.030992 1.34514e-05
  154 153.5 0.03236 1.40451e-05
  155 154.5 0.033392 1.44931e-05
  156 155.5 0.033288 1.44479e-05
  157 156.5 0.032504 1.41076e-05
  158 157.5 0.03024 1.3125e-05
  159 158.5 0.031424 1.36389e-05
  160 159.5 0.032664 1.41771e-05
  161 160.5 0.030264 1.31354e-05
  162 161.5 0.031184 1.35347e-05
  163 162.5 0.03504 1.52083e-05
  164 163.5 0.033112 1.43715e-05
  165 164.5 0.03332 1.44618e-05
  166 165.5 0.031392 1.3625e-05
  167 166.5 0.030088 1.3059e-05
  168 167.5 0.031232 1.35556e-05
  169 168.5 0.03164 1.37326e-05
  170 169.5 0.031216 1.35486e-05
  171 170.5 0.031128 1.35104e-05
  172 171.5 0.032688 1.41875e-05
  173 172.5 0.030624 1.32917e-05
  174 173.5 0.031448 1.36493e-05
  175 174.5 0.03184 1.38194e-05
  176 175.5 0.031288 1.35799e-05
  177 176.5 0.033104 1.43681e-05
  178 177.5 0.032 1.38889e-05
  179 178.5 0.031584 1.37083e-05
  180 179.5 0.03316 1.43924e-05
  181 180.5 0.032392 1.4059e-05
  182 181.5 0.030216 1.31146e-05
  183 182.5 0.032416 1.40694e-05
  184 183.5 0.032192 1.39722e-05
  185 184.5 0.032184 1.39688e-05
  186 185.5 0.032856 1.42604e-05
  187 186.5 0.033232 1.44236e-05
  188 187.5 0.032368 1.40486e-05
  189 188.5 0.03052 1.32465e-05
  190 189.5 0.030816 1.3375e-05
  191 190.5 0.0338 1.46701e-05
  192 191.5 0.033664 1.46111e-05
  193 192.5 0.032456 1.40868e-05
  194 193.5 0.03128 1.35764e-05
  195 194.5 0.0324 1.40625e-05
  196 195.5 0.032536 1.41215e-05
  197 196.5 0.031784 1.37951e-05
  198 197.5 0.034136 1.4816e-05
  199 198.5 0.032176 1.39653e-05
  200 199.5 0.031752 1.37812e-05
  201 200.5 0.031272 1.35729e-05
  202 201.5 0.03404 1.47743e-05
  203 202.5 0.034208 1.48472e-05
  204 203.5 0.037408 1.62361e-05
  205 204.5 0.0402 1.74479e-05
  206 205.5 0.040664 1.76493e-05
  207 206.5 0.048192 2.09167e-05
  208 207.5 0.052256 2.26806e-05
  209 208.5 0.062248 2.70174e-05
  210 209.5 0.073096 3.17257e-05
  211 210.5 0.092224 4.00278e-05
  212 211.5 0.10696 4.64236e-05
  213 212.5 0.126712 5.49965e-05
  214 213.5 0.153824 6.67639e-05
  215 214.5 0.18512 8.03472e-05
  216 215.5 0.241992 0.000105031
  217 216.5 0.357208 0.000155038
  218 217.5 0.590384 0.000256243
  219 218.5 1.0815 0.000469403
  220 219.5 2.14304 0.000930139
  221 220.5 4.23142 0.00183656
  222 221.5 7.80953 0.00338955
  223 222.5 13.0397 0.0056596
  224 223.5 19.3933 0.00841724
  225 224.5 25.559 0.0110933
  226 225.5 30.5521 0.0132605
  227 226.5 33.8905 0.0147094
  228 227.5 35.8742 0.0155704
  229 228.5 37.1183 0.0161104
  230 229.5 37.8128 0.0164118
  231 230.5 38.1608 0.0165629
  232 231.5 38.4166 0.0166739
  233 232.5 38.6444 0.0167727
  234 233.5 38.711 0.0168017
  235 234.5 38.7528 0.0168198
  236 235.5 38.8523 0.016863
  237 236.5 38.8974 0.0168826
  238 237.5 38.8529 0.0168632
  239 238.5 38.9194 0.0168921
  240 239.5 38.9424 0.0169021
  241 240.5 38.9817 0.0169191
  242 241.5 38.8923 0.0168803
  243 242.5 38.9308 0.0168971
  244 243.5 39.015 0.0169336
  245 244.5 38.9276 0.0168957
  246 245.5 38.8533 0.0168634
  247 246.5 38.8882 0.0168786
  248 247.5 38.9724 0.0169151
  249 248.5 38.9062 0.0168864
  250 249.5 38.9132 0.0168894
  251 250.5 38.9227 0.0168935
  252 251.5 38.9019 0.0168845
  253 252.5 38.8821 0.0168759
  254 253.5 38.9744 0.016916
  255 254.5 38.8724 0.0168717
  256 255.5 38.9009 0.0168841
  257 256.5 38.9084 0.0168873
  258 257.5 39.005 0.0169293
  259 258.5 38.7336 0.0168114
  260 259.5 38.9631 0.0169111
  261 260.5 39.0359 0.0169427
  262 261.5 38.8028 0.0168415
  263 262.5 38.8067 0.0168432
  264 263.5 39.1355 0.0169859
  265 264.5 38.8729 0.0168719
  266 265.5 38.8218 0.0168498
  267 266.5 39.0199 0.0169357
  268 267.5 38.9296 0.0168965
  269 268.5 38.865 0.0168685
  270 269.5 38.9059 0.0168863
  271 270.5 38.9142 0.0168899
  272 271.5 38.9172 0.0168912
  273 272.5 38.8445 0.0168596
  274 273.5 38.8927 0.0168805
  275 274.5 38.8794 0.0168747
  276 275.5 38.8592 0.016866
  277 276.5 38.8287 0.0168527
  278 277.5 38.8614 0.0168669
  279 278.5 38.8493 0.0168617
  280 279.5 38.8766 0.0168735
  281 280.5 38.8499 0.0168619
  282 281.5 38.8209 0.0168494
  283 282.5 38.8843 0.0168769
  284 283.5 38.8402 0.0168577
  285 284.5 38.8329 0.0168546
  286 285.5 38.8156 0.016847
  287 286.5 38.876 0.0168732
  288 287.5 38.8262 0.0168517
  289 288.5 38.8538 0.0168636
  290 289.5 38.8469 0.0168606
  291 290.5 38.8358 0.0168558
  292 291.5 38.8613 0.0168669
  293 292.5 38.8471 0.0168607
  294 293.5 38.8669 0.0168693
  295 294.5 38.8363 0.016856
  296 295.5 38.8875 0.0168783
  297 296.5 38.8759 0.0168732
  298 297.5 38.8333 0.0168547
  299 298.5 38.8676 0.0168696
  300 299.5 38.8383 0.0168569
  301 300.5 38.797 0.016839
  302 301.5 38.9039 0.0168854
  303 302.5 38.8024 0.0168413
  304 303.5 38.8351 0.0168555
  305 304.5 38.8913 0.0168799
  306 305.5 38.8679 0.0168697
  307 306.5 38.8476 0.016861
  308 307.5 38.7953 0.0168382
  309 308.5 38.9219 0.0168932
  310 309.5 38.8008 0.0168406
  311 310.5 38.8237 0.0168506
  312 311.5 38.8864 0.0168778
  313 312.5 38.8969 0.0168823
  314 313.5 38.7896 0.0168358
  315 314.5 38.9082 0.0168872
  316 315.5 38.9175 0.0168913
  317 316.5 38.8544 0.0168639
  318 317.5 38.8733 0.0168721
  319 318.5 38.9095 0.0168878
  320 319.5 38.9136 0.0168896
  321 320.5 38.8902 0.0168794
  322 321.5 38.9365 0.0168995
  323 322.5 38.9496 0.0169052
  324 323.5 38.9458 0.0169036
  325 324.5 38.9028 0.0168849
  326 325.5 38.8846 0.016877
  327 326.5 38.9838 0.01692
  328 327.5 38.901 0.0168841
  329 328.5 38.9383 0.0169003
  330 329.5 38.9216 0.016893
  331 330.5 38.9702 0.0169141
  332 331.5 38.8843 0.0168769
  333 332.5 38.9251 0.0168946
  334 333.5 38.9269 0.0168954
  335 334.5 38.9502 0.0169055
  336 335.5 38.8505 0.0168622
  337 336.5 38.9037 0.0168853
  338 337.5 38.9788 0.0169179
  339 338.5 38.9175 0.0168913
  340 339.5 38.89 0.0168793
  341 340.5 38.9145 0.01689
  342 341.5 38.93 0.0168967
  343 342.5 38.9219 0.0168932
  344 343.5 38.9103 0.0168881
  345 344.5 38.8737 0.0168722
  346 345.5 38.911 0.0168884
  347 346.5 38.9557 0.0169078
  348 347.5 38.9097 0.0168879
  349 348.5 38.8962 0.016882
  350 349.5 38.9337 0.0168983
  351 350.5 39.0119 0.0169322
  352 351.5 38.9624 0.0169108
  353 352.5 38.9007 0.016884
  354 353.5 39.1096 0.0169747
  355 354.5 38.9903 0.0169229
  356 355.5 38.9442 0.0169029
  357 356.5 38.9911 0.0169232
  358 357.5 39.0893 0.0169658
  359 358.5 38.8955 0.0168817
  360 359.5 38.9919 0.0169236
  361 360.5 39.0628 0.0169543
  362 361.5 38.94 0.0169011
  363 362.5 38.928 0.0168959
  364 363.5 39.0746 0.0169595
  365 364.5 38.9676 0.016913
  366 365.5 38.8682 0.0168699
  367 366.5 38.986 0.016921
  368 367.5 39.033 0.0169414
  369 368.5 38.8389 0.0168572
  370 369.5 38.8814 0.0168756
  371 370.5 38.9994 0.0169268
  372 371.5 38.8221 0.0168499
  373 372.5 38.6546 0.0167772
  374 373.5 38.6396 0.0167707
  375 374.5 38.59 0.0167491
  376 375.5 38.1204 0.0165453
  377 376.5 37.7143 0.016369
  378 377.5 37.047 0.0160794
  379 378.5 35.7105 0.0154994
  380 379.5 33.4055 0.0144989
  381 380.5 29.7041 0.0128924
  382 381.5 24.3899 0.0105859
  383 382.5 17.8222 0.00773532
  384 383.5 11.4576 0.00497294
  385 384.5 6.56642 0.00285001
  386 385.5 3.4094 0.00147977
  387 386.5 1.68195 0.000730014
  388 387.5 0.867616 0.000376569
  389 388.5 0.500256 0.000217125
  390 389.5 0.331512 0.000143885
  391 390.5 0.256016 0.000111118
  392 391.5 0.228472 9.91632e-05
  393 392.5 0.217 9.4184e-05
  394 393.5 0.205672 8.92674e-05
  395 394.5 0.199168 8.64444e-05
  396 395.5 0.19716 8.55729e-05
  397 396.5 0.198048 8.59583e-05
  398 397.5 0.190104 8.25104e-05
  399 398.5 0.192512 8.35556e-05
  400 399.5 0.200456 8.70035e-05
  401 400.5 0.20184 8.76042e-05
  402 401.5 0.203864 8.84826e-05
  403 402.5 0.20484 8.89062e-05
  404 403.5 0.199096 8.64132e-05
  405 404.5 0.19812 8.59896e-05
  406 405.5 0.194592 8.44583e-05
  407 406.5 0.197624 8.57743e-05
  408 407.5 0.206288 8.95347e-05
  409 408.5 0.195376 8.47986e-05
  410 409.5 0.197624 8.57743e-05
  411 410.5 0.192456 8.35313e-05
  412 411.5 0.197104 8.55486e-05
  413 412.5 0.198088 8.59757e-05
  414 413.5 0.18704 8.11806e-05
  415 414.5 0.184464 8.00625e-05
  416 415.5 0.182168 7.9066e-05
  417 416.5 0.186256 8.08403e-05
  418 417.5 0.185424 8.04792e-05
  419 418.5 0.182864 7.93681e-05
  420 419.5 0.18144 7.875e-05
  421 420.5 0.17832 7.73958e-05
  422 421.5 0.18612 8.07813e-05
  423 422.5 0.188 8.15972e-05
  424 423.5 0.187656 8.14479e-05
  425 424.5 0.1906 8.27257e-05
  426 425.5 0.184112 7.99097e-05
  427 426.5 0.187816 8.15174e-05
  428 427.5 0.188776 8.1934e-05
  429 428.5 0.195024 8.46458e-05
  430 429.5 0.190176 8.25417e-05
  431 430.5 0.184952 8.02743e-05
  432 431.5 0.179888 7.80764e-05
  433 432.5 0.177264 7.69375e-05
  434 433.5 0.177128 7.68785e-05
  435 434.5 0.16932 7.34896e-05
  436 435.5 0.16796 7.28993e-05
  437 436.5 0.170752 7.41111e-05
  438 437.5 0.165464 7.1816e-05
  439 438.5 0.163648 7.10278e-05
  440 439.5 0.164384 7.13472e-05
  441 440.5 0.1628 7.06597e-05
  442 441.5 0.163504 7.09653e-05
  443 442.5 0.163536 7.09792e-05
  444 443.5 0.168392 7.30868e-05
  445 444.5 0.168752 7.32431e-05
  446 445.5 0.172792 7.49965e-05
  447 446.5 0.168336 7.30625e-05
  448 447.5 0.163152 7.08125e-05
  449 448.5 0.159 6.90104e-05
  450 449.5 0.154776 6.71771e-05
  451 450.5 0.149312 6.48056e-05
  452 451.5 0.157264 6.82569e-05
  453 452.5 0.156528 6.79375e-05
  454 453.5 0.16504 7.16319e-05
  455 454.5 0.161088 6.99167e-05
  456 455.5 0.163664 7.10347e-05
  457 456.5 0.160248 6.95521e-05
  458 457.5 0.16412 7.12326e-05
  459 458.5 0.16152 7.01042e-05
  460 459.5 0.165408 7.17917e-05
  461 460.5 0.175824 7.63125e-05
  462 461.5 0.171592 7.44757e-05
  463 462.5 0.181064 7.85868e-05
  464 463.5 0.174744 7.58437e-05
  465 464.5 0.170608 7.40486e-05
  466 465.5 0.178144 7.73194e-05
  467 466.5 0.177024 7.68333e-05
  468 467.5 0.170328 7.39271e-05
  469 468.5 0.167768 7.2816e-05
  470 469.5 0.162984 7.07396e-05
  471 470.5 0.164424 7.13646e-05
  472 471.5 0.171544 7.44549e-05
  473 472.5 0.166816 7.24028e-05
  474 473.5 0.168624 7.31875e-05
  475 474.5 0.163 7.07465e-05
  476 475.5 0.16108 6.99132e-05
  477 476.5 0.162968 7.07326e-05
  478 477.5 0.160176 6.95208e-05
  479 478.5 0.158896 6.89653e-05
  480 479.5 0.157784 6.84826e-05
70000000 480 6200.000000000002
  1 0.5 0.220272 9.56042e-05
  2 1.5 0.211512 9.18021e-05
  3 2.5 0.21292 9.24132e-05
  4 3.5 0.217256 9.42951e-05
  5 4.5 0.219072 9.50833e-05
  6 5.5 0.227776 9.88611e-05
  7 6.5 0.233928 0.000101531
  8 7.5 0.237616 0.000103132
  9 8.5 0.234912 0.000101958
  10 9.5 0.239568 0.000103979
  11 10.5 0.2292 9.94792e-05
  12 11.5 0.227208 9.86146e-05
  13 12.5 0.24052 0.000104392
  14 13.5 0.233248 0.000101236
  15 14.5 0.240592 0.000104424
  16 15.5 0.24392 0.000105868
  17 16.5 0.24644 0.000106962
  18 17.5 0.243016 0.000105476
  19 18.5 0.237376 0.000103028
  20 19.5 0.23332 0.000101267
  21 20.5 0.233736 0.000101448
  22 21.5 0.227272 9.86424e-05
  23 22.5 0.23248 0.000100903
  24 23.5 0.227752 9.88507e-05
  25 24.5 0.235408 0.000102174
  26 25.5 0.229752 9.97187e-05
  27 26.5 0.229248 9.95e-05
  28 27.5 0.223576 9.70382e-05
  29 28.5 0.213696 9.275e-05
  30 29.5 0.210344 9.12951e-05
  31 30.5 0.215224 9.34132e-05
  32 31.5 0.221904 9.63125e-05
  33 32.5 0.211144 9.16424e-05
  34 33.5 0.214496 9.30972e-05
  35 34.5 0.216832 9.41111e-05
  36 35.5 0.220096 9.55278e-05
  37 36.5 0.22844 9.91493e-05
  38 37.5 0.232696 0.000100997
  39 38.5 0.223608 9.70521e-05
  40 39.5 0.23156 0.000100503
  41 40.5 0.233776 0.000101465
  42 41.5 0.228056 9.89826e-05
  43 42.5 0.232848 0.000101062
  44 43.5 0.23196 0.000100677
  45 44.5 0.232032 0.000100708
  46 45.5 0.234816 0.000101917
  47 46.5 0.225472 9.78611e-05
  48 47.5 0.230368 9.99861e-05
  49 48.5 0.240488 0.000104378
  50 49.5 0.235112 0.000102045
  51 50.5 0.231408 0.000100437
  52 51.5 0.238576 0.000103549
  53 52.5 0.24244 0.000105226
  54 53.5 0.233904 0.000101521
  55 54.5 0.232624 0.000100965
  56 55.5 0.224432 9.74097e-05
  57 56.5 0.20732 8.99826e-05
  58 57.5 0.19552 8.48611e-05
  59 58.5 0.183608 7.9691e-05
  60 59.5 0.160424 6.96285e-05
  61 60.5 0.141552 6.14375e-05
  62 61.5 0.120064 5.21111e-05
  63 62.5 0.10844 4.7066e-05
  64 63.5 0.096432 4.18542e-05
  65 64.5 0.083328 3.61667e-05
  66 65.5 0.07704 3.34375e-05
  67 66.5 0.067648 2.93611e-05
  68 67.5 0.05844 2.53646e-05
  69 68.5 0.055952 2.42847e-05
  70 69.5 0.051496 2.23507e-05
  71 70.5 0.0482 2.09201e-05
  72 71.5 0.04668 2.02604e-05
  73 72.5 0.046144 2.00278e-05
  74 73.5 0.045072 1.95625e-05
  75 74.5 0.045016 1.95382e-05
  76 75.5 0.04384 1.90278e-05
  77 76.5 0.043656 1.89479e-05
  78 77.5 0.047816 2.07535e-05
  79 78.5 0.046248 2.00729e-05
  80 79.5 0.045112 1.95799e-05
  81 80.5 0.044 1.90972e-05
  82 81.5 0.044672 1.93889e-05
  83 82.5 0.044216 1.9191e-05
  84 83.5 0.042624 1.85e-05
  85 84.5 0.041848 1.81632e-05
  86 85.5 0.041904 1.81875e-05
  87 86.5 0.045608 1.97951e-05
  88 87.5 0.043248 1.87708e-05
  89 88.5 0.043824 1.90208e-05
  90 89.5 0.043464 1.88646e-05
  91 90.5 0.045632 1.98056e-05
  92 91.5 0.043248 1.87708e-05
  93 92.5 0.04464 1.9375e-05
  94 93.5 0.046632 2.02396e-05
  95 94.5 0.045264 1.96458e-05
  96 95.5 0.042344 1.83785e-05
  97 96.5 0.041704 1.81007e-05
  98 97.5 0.04236 1.83854e-05
  99 98.5 0.0438 1.90104e-05
  100 99.5 0.044768 1.94306e-05
  101 100.5 0.046352 2.01181e-05
  102 101.5 0.04824 2.09375e-05
  103 102.5 0.046448 2.01597e-05
  104 103.5 0.046288 2.00903e-05
  105 104.5 0.045032 1.95451e-05
  106 105.5 0.042456 1.84271e-05
  107 106.5 0.041496 1.80104e-05
  108 107.5 0.04224 1.83333e-05
  109 108.5 0.042296 1.83576e-05
  110 109.5 0.044168 1.91701e-05
  111 110.5 0.04584 1.98958e-05
  112 111.5 0.042312 1.83646e-05
  113 112.5 0.04024 1.74653e-05
  114 113.5 0.042472 1.8434e-05
  115 114.5 0.043912 1.9059e-05
  116 115.5 0.043072 1.86944e-05
  117 116.5 0.041648 1.80764e-05
  118 117.5 0.043528 1.88924e-05
  119 118.5 0.0466 2.02257e-05
  120 119.5 0.0438 1.90104e-05
  121 120.5 0.04384 1.90278e-05
  122 121.5 0.042672 1.85208e-05
  123 122.5 0.041496 1.80104e-05
  124 123.5 0.042616 1.84965e-05
  125 124.5 0.041912 1.8191e-05
  126 125.5 0.039408 1.71042e-05
  127 126.5 0.037152 1.6125e-05
  128 127.5 0.042 1.82292e-05
  129 128.5 0.039304 1.7059e-05
  130 129.5 0.038408 1.66701e-05
  131 130.5 0.037752 1.63854e-05
  132 131.5 0.034728 1.50729e-05
  133 132.5 0.037368 1.62188e-05
  134 133.5 0.038856 1.68646e-05
  135 134.5 0.036352 1.57778e-05
  136 135.5 0.035464 1.53924e-05
  137 136.5 0.033864 1.46979e-05
  138 137.5 0.036328 1.57674e-05
  139 138.5 0.037032 1.60729e-05
  140 139.5 0.037544 1.62951e-05
  141 140.5 0.037568 1.63056e-05
  142 141.5 0.0354 1.53646e-05
  143 142.5 0.034624 1.50278e-05
  144 143.5 0.035648 1.54722e-05
  145 144.5 0.034104 1.48021e-05
  146 145.5 0.03436 1.49132e-05
  147 146.5 0.034112 1.48056e-05
  148 147.5 0.034648 1.50382e-05
  149 148.5 0.0356 1.54514e-05
  150 149.5 0.03352 1.45486e-05
  151 150.5 0.035056 1.52153e-05
  152 151.5 0.037304 1.6191e-05
  153 152.5 0.03428 1.48785e-05
  154 153.5 0.034192 1.48403e-05
  155 154.5 0.033952 1.47361e-05
  156 155.5 0.033464 1.45243e-05
  157 156.5 0.036152 1.5691e-05
  158 157.5 0.03752 1.62847e-05
  159 158.5 0.03496 1.51736e-05
  160 159.5 0.03284 1.42535e-05
  161 160.5 0.037176 1.61354e-05
  162 161.5 0.034952 1.51701e-05
  163 162.5 0.036432 1.58125e-05
  164 163.5 0.037136 1.61181e-05
  165 164.5 0.035096 1.52326e-05
  166 165.5 0.035968 1.56111e-05
  167 166.5 0.035952 1.56042e-05
  168 167.5 0.034904 1.51493e-05
  169 168.5 0.037904 1.64514e-05
  170 169.5 0.039136 1.69861e-05
  171 170.5 0.039752 1.72535e-05
  172 171.5 0.039072 1.69583e-05
  173 172.5 0.039872 1.73056e-05
  174 173.5 0.042288 1.83542e-05
  175 174.5 0.042328 1.83715e-05
  176 175.5 0.038368 1.66528e-05
  177 176.5 0.037072 1.60903e-05
  178 177.5 0.038184 1.65729e-05
  179 178.5 0.038696 1.67951e-05
  180 179.5 0.04108 1.78299e-05
  181 180.5 0.041656 1.80799e-05
  182 181.5 0.038184 1.65729e-05
  183 182.5 0.040376 1.75243e-05
  184 183.5 0.040088 1.73993e-05
  185 184.5 0.038376 1.66563e-05
  186 185.5 0.038944 1.69028e-05
  187 186.5 0.04244 1.84201e-05
  188 187.5 0.043368 1.88229e-05
  189 188.5 0.044552 1.93368e-05
  190 189.5 0.040808 1.77118e-05
  191 190.5 0.03936 1.70833e-05
  192 191.5 0.041344 1.79444e-05
  193 192.5 0.040152 1.74271e-05
  194 193.5 0.041024 1.78056e-05
  195 194.5 0.041024 1.78056e-05
  196 195.5 0.042096 1.82708e-05
  197 196.5 0.039864 1.73021e-05
  198 197.5 0.038536 1.67257e-05
  199 198.5 0.041688 1.80937e-05
  200 199.5 0.040656 1.76458e-05
  201 200.5 0.039456 1.7125e-05
  202 201.5 0.040392 1.75312e-05
  203 202.5 0.04136 1.79514e-05
  204 203.5 0.046008 1.99688e-05
  205 204.5 0.046896 2.03542e-05
  206 205.5 0.05068 2.19965e-05
  207 206.5 0.057728 2.50556e-05
  208 207.5 0.062552 2.71493e-05
  209 208.5 0.07376 3.20139e-05
  210 209.5 0.08928 3.875e-05
  211 210.5 0.103112 4.47535e-05
  212 211.5 0.120528 5.23125e-05
  213 212.5 0.140664 6.10521e-05
  214 213.5 0.176656 7.66736e-05
  215 214.5 0.218056 9.46424e-05
  216 215.5 0.293304 0.000127302
  217 216.5 0.438192 0.000190188
  218 217.5 0.742048 0.000322069
  219 218.5 1.40782 0.000611031
  220 219.5 2.81214 0.00122055
  221 220.5 5.44978 0.00236536
  222 221.5 9.66116 0.00419321
  223 222.5 15.43 0.00669706
  224 223.5 21.8141 0.00946791
  225 224.5 27.4682 0.011922
  226 225.5 31.868 0.0138316
  227 226.5 34.7592 0.0150864
  228 227.5 36.348 0.0157761
  229 228.5 37.332 0.0162031
  230 229.5 38.008 0.0164965
  231 230.5 38.4007 0.016667
  232 231.5 38.513 0.0167157
  233 232.5 38.608 0.0167569
  234 233.5 38.8275 0.0168522
  235 234.5 38.839 0.0168572
  236 235.5 38.7572 0.0168217
  237 236.5 38.8616 0.016867
  238 237.5 38.9802 0.0169185
  239 238.5 38.8437 0.0168593
  240 239.5 38.8984 0.016883
  241 240.5 38.9322 0.0168977
  242 241.5 38.9878 0.0169218
  243 242.5 38.8745 0.0168726
  244 243.5 38.9175 0.0168913
  245 244.5 38.9619 0.0169105
  246 245.5 39.004 0.0169288
  247 246.5 38.8639 0.016868
  248 247.5 38.8945 0.0168813
  249 248.5 39.0134 0.0169329
  250 249.5 38.9414 0.0169017
  251 250.5 38.8516 0.0168627
  252 251.5 38.9446 0.0169031
  253 252.5 38.9591 0.0169093
  254 253.5 38.8979 0.0168828
  255 254.5 38.9155 0.0168904
  256 255.5 39.034 0.0169418
  257 256.5 38.9595 0.0169095
  258 257.5 38.8954 0.0168817
  259 258.5 39.0308 0.0169404
  260 259.5 38.9906 0.016923
  261 260.5 38.9111 0.0168885
  262 261.5 38.9537 0.016907
  263 262.5 38.9436 0.0169026
  264 263.5 38.9884 0.016922
  265 264.5 38.9357 0.0168992
  266 265.5 38.9079 0.0168871
  267 266.5 39.0112 0.0169319
  268 267.5 38.9378 0.0169001
  269 268.5 38.9876 0.0169217
  270 269.5 38.8681 0.0168699
  271 270.5 39.0241 0.0169375
  272 271.5 38.9028 0.0168849
  273 272.5 38.969 0.0169136
  274 273.5 38.9018 0.0168844
  275 274.5 39.0209 0.0169361
  276 275.5 38.8899 0.0168793
  277 276.5 38.881 0.0168754
  278 277.5 39.0488 0.0169483
  279 278.5 38.917 0.016891
  280 279.5 38.9124 0.0168891
  281 280.5 38.9902 0.0169228
  282 281.5 39.0112 0.016932
  283 282.5 38.9683 0.0169133
  284 283.5 39.0011 0.0169276
  285 284.5 39.0444 0.0169464
  286 285.5 38.9402 0.0169011
  287 286.5 38.9175 0.0168913
  288 287.5 39.0172 0.0169345
  289 288.5 38.9806 0.0169187
  290 289.5 38.8885 0.0168787
  291 290.5 39.0321 0.016941
  292 291.5 38.9813 0.016919
  293 292.5 38.9628 0.0169109
  294 293.5 38.9262 0.0168951
  295 294.5 38.9948 0.0169248
  296 295.5 38.9682 0.0169133
  297 296.5 38.9879 0.0169218
  298 297.5 38.943 0.0169023
  299 298.5 38.955 0.0169075
  300 299.5 39.0412 0.0169449
  301 300.5 38.8936 0.0168809
  302 301.5 38.9793 0.0169181
  303 302.5 39.0003 0.0169272
  304 303.5 39.0162 0.0169341
  305 304.5 38.9442 0.0169029
  306 305.5 38.9789 0.0169179
  307 306.5 39.0078 0.0169305
  308 307.5 38.9511 0.0169059
  309 308.5 38.9713 0.0169146
  310 309.5 38.9609 0.0169101
  311 310.5 38.9847 0.0169204
  312 311.5 38.9749 0.0169162
  313 312.5 38.9135 0.0168895
  314 313.5 38.9273 0.0168955
  315 314.5 38.9517 0.0169061
  316 315.5 38.9562 0.0169081
  317 316.5 38.8908 0.0168797
  318 317.5 38.9061 0.0168863
  319 318.5 38.9512 0.0169059
  320 319.5 38.9297 0.0168966
  321 320.5 38.8359 0.0168559
  322 321.5 38.9978 0.0169261
  323 322.5 39.0084 0.0169307
  324 323.5 38.9251 0.0168946
  325 324.5 38.9436 0.0169026
  326 325.5 38.9676 0.016913
  327 326.5 39.0538 0.0169504
  328 327.5 38.9204 0.0168925
  329 328.5 38.9213 0.0168929
  330 329.5 39.0034 0.0169286
  331 330.5 39.0468 0.0169474
  332 331.5 38.8458 0.0168602
  333 332.5 38.9319 0.0168975
  334 333.5 39.0241 0.0169375
  335 334.5 38.9124 0.0168891
  336 335.5 38.869 0.0168702
  337 336.5 38.9559 0.016908
  338 337.5 38.951 0.0169058
  339 338.5 38.8818 0.0168758
  340 339.5 38.9419 0.0169019
  341 340.5 38.9402 0.0169011
  342 341.5 38.9323 0.0168977
  343 342.5 38.9114 0.0168886
  344 343.5 38.9148 0.0168901
  345 344.5 38.9893 0.0169225
  346 345.5 38.9169 0.016891
  347 346.5 38.9163 0.0168908
  348 347.5 39.0318 0.0169409
  349 348.5 38.8312 0.0168538
  350 349.5 38.992 0.0169236
  351 350.5 38.9601 0.0169098
  352 351.5 38.9329 0.016898
  353 352.5 38.8496 0.0168618
  354 353.5 38.9725 0.0169151
  355 354.5 38.97 0.016914
  356 355.5 38.8219 0.0168498
  357 356.5 38.9486 0.0169048
  358 357.5 38.9055 0.016886
  359 358.5 38.8577 0.0168653
  360 359.5 38.9651 0.0169119
  361 360.5 38.8375 0.0168566
  362 361.5 38.9325 0.0168978
  363 362.5 38.8739 0.0168724
  364 363.5 38.9135 0.0168895
  365 364.5 38.8907 0.0168797
  366 365.5 38.9012 0.0168842
  367 366.5 38.875 0.0168728
  368 367.5 38.8531 0.0168633
  369 368.5 38.872 0.0168715
  370 369.5 38.7724 0.0168283
  371 370.5 38.76 0.0168229
  372 371.5 38.7503 0.0168187
  373 372.5 38.6105 0.016758
  374 373.5 38.48 0.0167014
  375 374.5 38.2689 0.0166098
  376 375.5 37.908 0.0164531
  377 376.5 37.2742 0.016178
  378 377.5 36.2225 0.0157216
  379 378.5 34.3829 0.0149231
  380 379.5 31.1822 0.013534
  381 380.5 26.4647 0.0114864
  382 381.5 20.3401 0.00882815
  383 382.5 13.9223 0.00604268
  384 383.5 8.37854 0.00363652
  385 384.5 4.5412 0.00197101
  386 385.5 2.2991 0.000997872
  387 386.5 1.15498 0.000501295
  388 387.5 0.626408 0.000271878
  389 388.5 0.39244 0.00017033
  390 389.5 0.280192 0.000121611
  391 390.5 0.225464 9.78576e-05
  392 391.5 0.209408 9.08889e-05
  393 392.5 0.196456 8.52674e-05
  394 393.5 0.184728 8.01771e-05
  395 394.5 0.188864 8.19722e-05
  396 395.5 0.189168 8.21042e-05
  397 396.5 0.184432 8.00486e-05
  398 397.5 0.183784 7.97674e-05
  399 398.5 0.187968 8.15833e-05
  400 399.5 0.189392 8.22014e-05
  401 400.5 0.188104 8.16424e-05
  402 401.5 0.194336 8.43472e-05
  403 402.5 0.195936 8.50417e-05
  404 403.5 0.194584 8.44549e-05
  405 404.5 0.195376 8.47986e-05
  406 405.5 0.200312 8.6941e-05
  407 406.5 0.201144 8.73021e-05
  408 407.5 0.196496 8.52847e-05
  409 408.5 0.194456 8.43993e-05
  410 409.5 0.18904 8.20486e-05
  411 410.5 0.189232 8.21319e-05
  412 411.5 0.188904 8.19896e-05
  413 412.5 0.188984 8.20243e-05
  414 413.5 0.178776 7.75937e-05
  415 414.5 0.174536 7.57535e-05
  416 415.5 0.163424 7.09306e-05
  417 416.5 0.157592 6.83993e-05
  418 417.5 0.160552 6.9684e-05
  419 418.5 0.164016 7.11875e-05
  420 419.5 0.160616 6.97118e-05
  421 420.5 0.165648 7.18958e-05
  422 421.5 0.173632 7.53611e-05
  423 422.5 0.17388 7.54688e-05
  424 423.5 0.174008 7.55243e-05
  425 424.5 0.18028 7.82465e-05
  426 425.5 0.176808 7.67396e-05
  427 426.5 0.179568 7.79375e-05
  428 427.5 0.182008 7.89965e-05
  429 428.5 0.187464 8.13646e-05
  430 429.5 0.196496 8.52847e-05
  431 430.5 0.185792 8.06389e-05
  432 431.5 0.183368 7.95868e-05
  433 432.5 0.182888 7.93785e-05
  434 433.5 0.17124 7.43229e-05
  435 434.5 0.167712 7.27917e-05
  436 435.5 0.173512 7.5309e-05
  437 436.5 0.173016 7.50938e-05
  438 437.5 0.165192 7.16979e-05
  439 438.5 0.166352 7.22014e-05
  440 439.5 0.168376 7.30799e-05
  441 440.5 0.166984 7.24757e-05
  442 441.5 0.160984 6.98715e-05
  443 442.5 0.160344 6.95937e-05
  444 443.5 0.168848 7.32847e-05
  445 444.5 0.166792 7.23924e-05
  446 445.5 0.155416 6.74549e-05
  447 446.5 0.145312 6.30694e-05
  448 447.5 0.146832 6.37292e-05
  449 448.5 0.150448 6.52986e-05
  450 449.5 0.155576 6.75243e-05
  451 450.5 0.155648 6.75556e-05
  452 451.5 0.147888 6.41875e-05
  453 452.5 0.153616 6.66736e-05
  454 453.5 0.161744 7.02014e-05
  455 454.5 0.164208 7.12708e-05
  456 455.5 0.164248 7.12882e-05
  457 456.5 0.168912 7.33125e-05
  458 457.5 0.173744 7.54097e-05
  459 458.5 0.180464 7.83264e-05
  460 459.5 0.180216 7.82188e-05
  461 460.5 0.183672 7.97187e-05
  462 461.5 0.184912 8.02569e-05
  463 462.5 0.192208 8.34236e-05
  464 463.5 0.192336 8.34792e-05
  465 464.5 0.202256 8.77847e-05
  466 465.5 0.206 8.94097e-05
  467 466.5 0.211136 9.16389e-05
  468 467.5 0.21804 9.46354e-05
  469 468.5 0.224512 9.74444e-05
  470 469.5 0.223696 9.70903e-05
  471 470.5 0.22676 9.84201e-05
  472 471.5 0.23496 0.000101979
  473 472.5 0.234112 0.000101611
  474 473.5 0.240888 0.000104552
  475 474.5 0.240216 0.00010426
  476 475.5 0.228784 9.92986e-05
  477 476.5 0.234704 0.000101868
  478 477.5 0.240128 0.000104222
  479 478.5 0.229224 9.94896e-05
  480 479.5 0.221752 9.62465e-05
72500000 480 6199.999999999998
  1 0.5 0.262784 0.000114056
  2 1.5 0.25912 0.000112465
  3 2.5 0.255184 0.000110757
  4 3.5 0.249504 0.000108292
  5 4.5 0.247376 0.000107368
  6 5.5 0.241984 0.000105028
  7 6.5 0.245712 0.000106646
  8 7.5 0.244 0.000105903
  9 8.5 0.245592 0.000106594
  10 9.5 0.237784 0.000103205
  11 10.5 0.243792 0.000105813
  12 11.5 0.24516 0.000106406
  13 12.5 0.239272 0.000103851
  14 13.5 0.25048 0.000108715
  15 14.5 0.237152 0.000102931
  16 15.5 0.241176 0.000104677
  17 16.5 0.241424 0.000104785
  18 17.5 0.245336 0.000106483
  19 18.5 0.247232 0.000107306
  20 19.5 0.246656 0.000107056
  21 20.5 0.246584 0.000107024
  22 21.5 0.239232 0.000103833
  23 22.5 0.23784 0.000103229
  24 23.5 0.2414 0.000104774
  25 24.5 0.246656 0.000107056
  26 25.5 0.248544 0.000107875
  27 26.5 0.235736 0.000102316
  28 27.5 0.23228 0.000100816
  29 28.5 0.230736 0.000100146
  30 29.5 0.229752 9.97187e-05
  31 30.5 0.227128 9.85799e-05
  32 31.5 0.232624 0.000100965
  33 32.5 0.23648 0.000102639
  34 33.5 0.237568 0.000103111
  35 34.5 0.231976 0.000100684
  36 35.5 0.227128 9.85799e-05
  37 36.5 0.236664 0.000102719
  38 37.5 0.246744 0.000107094
  39 38.5 0.242448 0.000105229
  40 39.5 0.239696 0.000104035
  41 40.5 0.24136 0.000104757
  42 41.5 0.244792 0.000106247
  43 42.5 0.252792 0.000109719
  44 43.5 0.254408 0.00011042
  45 44.5 0.251888 0.000109326
  46 45.5 0.24852 0.000107865
  47 46.5 0.249656 0.000108358
  48 47.5 0.24104 0.000104618
  49 48.5 0.243744 0.000105792
  50 49.5 0.236112 0.000102479
  51 50.5 0.224616 9.74896e-05
  52 51.5 0.2206 9.57465e-05
  53 52.5 0.209376 9.0875e-05
  54 53.5 0.198712 8.62465e-05
  55 54.5 0.1926 8.35937e-05
  56 55.5 0.190192 8.25486e-05
  57 56.5 0.164304 7.13125e-05
  58 57.5 0.14676 6.36979e-05
  59 58.5 0.138424 6.00799e-05
  60 59.5 0.1214 5.2691e-05
  61 60.5 0.103408 4.48819e-05
  62 61.5 0.086896 3.77153e-05
  63 62.5 0.071984 3.12431e-05
  64 63.5 0.063728 2.76597e-05
  65 64.5 0.055744 2.41944e-05
  66 65.5 0.050248 2.1809e-05
  67 66.5 0.049288 2.13924e-05
  68 67.5 0.04236 1.83854e-05
  69 68.5 0.039912 1.73229e-05
  70 69.5 0.037352 1.62118e-05
  71 70.5 0.037192 1.61424e-05
  72 71.5 0.03576 1.55208e-05
  73 72.5 0.03456 1.5e-05
  74 73.5 0.03564 1.54687e-05
  75 74.5 0.037024 1.60694e-05
  76 75.5 0.035192 1.52743e-05
  77 76.5 0.0334 1.44965e-05
  78 77.5 0.031888 1.38403e-05
  79 78.5 0.036464 1.58264e-05
  80 79.5 0.036408 1.58021e-05
  81 80.5 0.035072 1.52222e-05
  82 81.5 0.032016 1.38958e-05
  83 82.5 0.032112 1.39375e-05
  84 83.5 0.032744 1.42118e-05
  85 84.5 0.030272 1.31389e-05
  86 85.5 0.03248 1.40972e-05
  87 86.5 0.035504 1.54097e-05
  88 87.5 0.035088 1.52292e-05
  89 88.5 0.03648 1.58333e-05
  90 89.5 0.03588 1.55729e-05
  91 90.5 0.035576 1.5441e-05
  92 91.5 0.03484 1.51215e-05
  93 92.5 0.034448 1.49514e-05
  94 93.5 0.033944 1.47326e-05
  95 94.5 0.035856 1.55625e-05
  96 95.5 0.035096 1.52326e-05
  97 96.5 0.033336 1.44687e-05
  98 97.5 0.0322 1.39757e-05
  99 98.5 0.032104 1.3934e-05
  100 99.5 0.032624 1.41597e-05
  101 100.5 0.0316 1.37153e-05
  102 101.5 0.032952 1.43021e-05
  103 102.5 0.033616 1.45903e-05
  104 103.5 0.031336 1.36007e-05
  105 104.5 0.030936 1.34271e-05
  106 105.5 0.03232 1.40278e-05
  107 106.5 0.033848 1.4691e-05
  108 107.5 0.032832 1.425e-05
  109 108.5 0.034408 1.4934e-05
  110 109.5 0.036376 1.57882e-05
  111 110.5 0.03456 1.5e-05
  112 111.5 0.0354 1.53646e-05
  113 112.5 0.036064 1.56528e-05
  114 113.5 0.036568 1.58715e-05
  115 114.5 0.037144 1.61215e-05
  116 115.5 0.038672 1.67847e-05
  117 116.5 0.03864 1.67708e-05
  118 117.5 0.03636 1.57813e-05
  119 118.5 0.035808 1.55417e-05
  120 119.5 0.036432 1.58125e-05
  121 120.5 0.035096 1.52326e-05
  122 121.5 0.032808 1.42396e-05
  123 122.5 0.032128 1.39444e-05
  124 123.5 0.033984 1.475e-05
  125 124.5 0.03608 1.56597e-05
  126 125.5 0.034416 1.49375e-05
  127 126.5 0.034224 1.48542e-05
  128 127.5 0.033984 1.475e-05
  129 128.5 0.032336 1.40347e-05
  130 129.5 0.030936 1.34271e-05
  131 130.5 0.03312 1.4375e-05
  132 131.5 0.031488 1.36667e-05
  133 132.5 0.034728 1.50729e-05
  134 133.5 0.03528 1.53125e-05
  135 134.5 0.033672 1.46146e-05
  136 135.5 0.0344 1.49306e-05
  137 136.5 0.036232 1.57257e-05
  138 137.5 0.03624 1.57292e-05
  139 138.5 0.03864 1.67708e-05
  140 139.5 0.038656 1.67778e-05
  141 140.5 0.039496 1.71424e-05
  142 141.5 0.039904 1.73194e-05
  143 142.5 0.03684 1.59896e-05
  144 143.5 0.036128 1.56806e-05
  145 144.5 0.0356 1.54514e-05
  146 145.5 0.03468 1.50521e-05
  147 146.5 0.036192 1.57083e-05
  148 147.5 0.0364 1.57986e-05
  149 148.5 0.035776 1.55278e-05
  150 149.5 0.032704 1.41944e-05
  151 150.5 0.035936 1.55972e-05
  152 151.5 0.035832 1.55521e-05
  153 152.5 0.034064 1.47847e-05
  154 153.5 0.032936 1.42951e-05
  155 154.5 0.032656 1.41736e-05
  156 155.5 0.031296 1.35833e-05
  157 156.5 0.03332 1.44618e-05
  158 157.5 0.035584 1.54444e-05
  159 158.5 0.033264 1.44375e-05
  160 159.5 0.037 1.6059e-05
  161 160.5 0.036712 1.5934e-05
  162 161.5 0.033864 1.46979e-05
  163 162.5 0.034632 1.50312e-05
  164 163.5 0.036144 1.56875e-05
  165 164.5 0.0338 1.46701e-05
  166 165.5 0.033928 1.47257e-05
  167 166.5 0.036408 1.58021e-05
  168 167.5 0.036024 1.56354e-05
  169 168.5 0.0386 1.67535e-05
  170 169.5 0.03724 1.61632e-05
  171 170.5 0.037656 1.63438e-05
  172 171.5 0.039432 1.71146e-05
  173 172.5 0.03632 1.57639e-05
  174 173.5 0.037376 1.62222e-05
  175 174.5 0.03624 1.57292e-05
  176 175.5 0.036608 1.58889e-05
  177 176.5 0.037024 1.60694e-05
  178 177.5 0.036392 1.57951e-05
  179 178.5 0.036104 1.56701e-05
  180 179.5 0.03356 1.4566e-05
  181 180.5 0.035464 1.53924e-05
  182 181.5 0.03672 1.59375e-05
  183 182.5 0.037696 1.63611e-05
  184 183.5 0.039152 1.69931e-05
  185 184.5 0.040592 1.76181e-05
  186 185.5 0.0358 1.55382e-05
  187 186.5 0.033968 1.47431e-05
  188 187.5 0.035664 1.54792e-05
  189 188.5 0.036976 1.60486e-05
  190 189.5 0.034536 1.49896e-05
  191 190.5 0.03736 1.62153e-05
  192 191.5 0.035432 1.53785e-05
  193 192.5 0.034952 1.51701e-05
  194 193.5 0.03488 1.51389e-05
  195 194.5 0.036904 1.60174e-05
  196 195.5 0.036088 1.56632e-05
  197 196.5 0.036016 1.56319e-05
  198 197.5 0.032952 1.43021e-05
  199 198.5 0.03192 1.38542e-05
  200 199.5 0.035656 1.54757e-05
  201 200.5 0.036576 1.5875e-05
  202 201.5 0.037104 1.61042e-05
  203 202.5 0.041192 1.78785e-05
  204 203.5 0.046472 2.01701e-05
  205 204.5 0.052552 2.2809e-05
  206 205.5 0.055344 2.40208e-05
  207 206.5 0.064568 2.80243e-05
  208 207.5 0.072696 3.15521e-05
  209 208.5 0.084984 3.68854e-05
  210 209.5 0.097792 4.24444e-05
  211 210.5 0.113368 4.92049e-05
  212 211.5 0.135384 5.87604e-05
  213 212.5 0.165144 7.16771e-05
  214 213.5 0.204568 8.87882e-05
  215 214.5 0.2596 0.000112674
  216 215.5 0.347968 0.000151028
  217 216.5 0.560448 0.00024325
  218 217.5 1.00934 0.00043808
  219 218.5 1.99492 0.000865851
  220 219.5 3.89486 0.00169048
  221 220.5 7.19755 0.00312394
  222 221.5 12.0952 0.00524964
  223 222.5 18.1648 0.00788401
  224 223.5 24.3323 0.0105609
  225 224.5 29.5726 0.0128353
  226 225.5 33.2109 0.0144144
  227 226.5 35.5322 0.015422
  228 227.5 36.9369 0.0160317
  229 228.5 37.6417 0.0163375
  230 229.5 38.091 0.0165326
  231 230.5 38.5201 0.0167188
  232 231.5 38.5469 0.0167304
  233 232.5 38.6152 0.0167601
  234 233.5 38.8917 0.0168801
  235 234.5 38.8823 0.016876
  236 235.5 38.7976 0.0168392
  237 236.5 38.8724 0.0168717
  238 237.5 39.0772 0.0169606
  239 238.5 38.9254 0.0168947
  240 239.5 38.8376 0.0168566
  241 240.5 39.0426 0.0169456
  242 241.5 39.0002 0.0169272
  243 242.5 38.9048 0.0168857
  244 243.5 38.9371 0.0168998
  245 244.5 39.0438 0.0169461
  246 245.5 38.9897 0.0169226
  247 246.5 38.8798 0.0168749
  248 247.5 39.0452 0.0169467
  249 248.5 38.9595 0.0169095
  250 249.5 38.9862 0.0169211
  251 250.5 38.9578 0.0169088
  252 251.5 39.0529 0.01695
  253 252.5 38.9547 0.0169074
  254 253.5 38.8971 0.0168824
  255 254.5 39.0563 0.0169515
  256 255.5 39.0043 0.016929
  257 256.5 38.9144 0.0168899
  258 257.5 38.998 0.0169262
  259 258.5 39.0476 0.0169477
  260 259.5 38.9235 0.0168939
  261 260.5 38.9882 0.016922
  262 261.5 39.1246 0.0169811
  263 262.5 38.9426 0.0169022
  264 263.5 38.9409 0.0169014
  265 264.5 39.0956 0.0169686
  266 265.5 39.0328 0.0169413
  267 266.5 38.9283 0.016896
  268 267.5 39.0131 0.0169328
  269 268.5 39.071 0.0169579
  270 269.5 39.0377 0.0169435
  271 270.5 38.955 0.0169075
  272 271.5 39.0316 0.0169408
  273 272.5 39.0171 0.0169345
  274 273.5 38.9995 0.0169269
  275 274.5 38.9887 0.0169222
  276 275.5 39.0001 0.0169271
  277 276.5 38.9919 0.0169236
  278 277.5 38.9792 0.016918
  279 278.5 38.9835 0.0169199
  280 279.5 38.9707 0.0169144
  281 280.5 39.0138 0.0169331
  282 281.5 38.9465 0.0169039
  283 282.5 38.9968 0.0169257
  284 283.5 39.0486 0.0169482
  285 284.5 38.988 0.0169219
  286 285.5 38.9061 0.0168863
  287 286.5 39.0448 0.0169465
  288 287.5 39.0802 0.0169619
  289 288.5 38.8519 0.0168628
  290 289.5 39.0147 0.0169334
  291 290.5 39.0373 0.0169433
  292 291.5 39.0323 0.0169411
  293 292.5 38.9168 0.016891
  294 293.5 39.0319 0.0169409
  295 294.5 39.0994 0.0169702
  296 295.5 38.8696 0.0168705
  297 296.5 39.0494 0.0169485
  298 297.5 39.0383 0.0169437
  299 298.5 38.9159 0.0168906
  300 299.5 38.9666 0.0169126
  301 300.5 39.039 0.016944
  302 301.5 38.9522 0.0169063
  303 302.5 38.9879 0.0169218
  304 303.5 38.9474 0.0169043
  305 304.5 39.057 0.0169518
  306 305.5 38.9753 0.0169164
  307 306.5 38.9767 0.016917
  308 307.5 38.9689 0.0169136
  309 308.5 39.0079 0.0169305
  310 309.5 38.9122 0.016889
  311 310.5 39.0432 0.0169458
  312 311.5 38.9679 0.0169132
  313 312.5 38.9167 0.0168909
  314 313.5 39.0362 0.0169428
  315 314.5 39.0496 0.0169486
  316 315.5 38.9517 0.0169061
  317 316.5 38.9569 0.0169084
  318 317.5 39.0558 0.0169513
  319 318.5 38.9381 0.0169002
  320 319.5 38.9278 0.0168958
  321 320.5 39.0053 0.0169294
  322 321.5 39.0312 0.0169406
  323 322.5 38.9386 0.0169005
  324 323.5 38.9112 0.0168885
  325 324.5 39.0616 0.0169538
  326 325.5 38.9807 0.0169187
  327 326.5 38.8832 0.0168764
  328 327.5 38.9925 0.0169238
  329 328.5 39.0136 0.016933
  330 329.5 38.9456 0.0169035
  331 330.5 38.8793 0.0168747
  332 331.5 39.0233 0.0169372
  333 332.5 38.8969 0.0168823
  334 333.5 38.9251 0.0168946
  335 334.5 38.9355 0.0168991
  336 335.5 39.0114 0.016932
  337 336.5 38.8866 0.0168779
  338 337.5 39.0007 0.0169274
  339 338.5 38.9289 0.0168962
  340 339.5 38.9578 0.0169088
  341 340.5 38.9729 0.0169153
  342 341.5 39.0003 0.0169272
  343 342.5 38.916 0.0168906
  344 343.5 38.9511 0.0169059
  345 344.5 39.0405 0.0169447
  346 345.5 38.9096 0.0168878
  347 346.5 38.9336 0.0168983
  348 347.5 39.0269 0.0169387
  349 348.5 39.0075 0.0169303
  350 349.5 38.8613 0.0168669
  351 350.5 38.9886 0.0169221
  352 351.5 39.0345 0.0169421
  353 352.5 38.8502 0.016862
  354 353.5 38.9672 0.0169128
  355 354.5 38.9302 0.0168968
  356 355.5 38.9654 0.016912
  357 356.5 38.9076 0.016887
  358 357.5 39.0409 0.0169448
  359 358.5 38.9068 0.0168866
  360 359.5 38.9214 0.016893
  361 360.5 38.9672 0.0169129
  362 361.5 38.9476 0.0169044
  363 362.5 38.9139 0.0168897
  364 363.5 38.9169 0.016891
  365 364.5 38.9312 0.0168972
  366 365.5 38.874 0.0168724
  367 366.5 38.9389 0.0169005
  368 367.5 38.9524 0.0169064
  369 368.5 38.8287 0.0168527
  370 369.5 38.8226 0.0168501
  371 370.5 38.7924 0.016837
  372 371.5 38.7387 0.0168137
  373 372.5 38.4796 0.0167012
  374 373.5 38.4114 0.0166716
  375 374.5 38.0871 0.0165309
  376 375.5 37.496 0.0162743
  377 376.5 36.6474 0.015906
  378 377.5 35.1616 0.0152611
  379 378.5 32.4726 0.014094
  380 379.5 28.3223 0.0122926
  381 380.5 22.7263 0.00986384
  382 381.5 16.294 0.00707206
  383 382.5 10.3576 0.00449548
  384 383.5 5.96265 0.00258795
  385 384.5 3.11873 0.00135361
  386 385.5 1.54542 0.000670753
  387 386.5 0.807872 0.000350639
  388 387.5 0.472656 0.000205146
  389 388.5 0.327088 0.000141965
  390 389.5 0.26036 0.000113003
  391 390.5 0.229472 9.95972e-05
  392 391.5 0.210088 9.1184e-05
  393 392.5 0.210272 9.12639e-05
  394 393.5 0.213696 9.275e-05
  395 394.5 0.212272 9.21319e-05
  396 395.5 0.210032 9.11597e-05
  397 396.5 0.212072 9.20451e-05
  398 397.5 0.214816 9.32361e-05
  399 398.5 0.230632 0.000100101
  400 399.5 0.226856 9.84618e-05
  401 400.5 0.224768 9.75556e-05
  402 401.5 0.233224 0.000101226
  403 402.5 0.242728 0.000105351
  404 403.5 0.231096 0.000100302
  405 404.5 0.231296 0.000100389
  406 405.5 0.232104 0.00010074
  407 406.5 0.219168 9.5125e-05
  408 407.5 0.216384 9.39167e-05
  409 408.5 0.222312 9.64896e-05
  410 409.5 0.22532 9.77951e-05
  411 410.5 0.220792 9.58299e-05
  412 411.5 0.215312 9.34514e-05
  413 412.5 0.213008 9.24514e-05
  414 413.5 0.219288 9.51771e-05
  415 414.5 0.224552 9.74618e-05
  416 415.5 0.22308 9.68229e-05
  417 416.5 0.223648 9.70694e-05
  418 417.5 0.225136 9.77153e-05
  419 418.5 0.22128 9.60417e-05
  420 419.5 0.218056 9.46424e-05
  421 420.5 0.216896 9.41389e-05
  422 421.5 0.211232 9.16806e-05
  423 422.5 0.211104 9.1625e-05
  424 423.5 0.215592 9.35729e-05
  425 424.5 0.210896 9.15347e-05
  426 425.5 0.212272 9.21319e-05
  427 426.5 0.203296 8.82361e-05
  428 427.5 0.194024 8.42118e-05
  429 428.5 0.18956 8.22743e-05
  430 429.5 0.19836 8.60938e-05
  431 430.5 0.194872 8.45799e-05
  432 431.5 0.195512 8.48576e-05
  433 432.5 0.19392 8.41667e-05
  434 433.5 0.187728 8.14792e-05
  435 434.5 0.186712 8.10382e-05
  436 435.5 0.192744 8.36563e-05
  437 436.5 0.196624 8.53403e-05
  438 437.5 0.197456 8.57014e-05
  439 438.5 0.202016 8.76806e-05
  440 439.5 0.196288 8.51944e-05
  441 440.5 0.200544 8.70417e-05
  442 441.5 0.203584 8.83611e-05
  443 442.5 0.19988 8.67535e-05
  444 443.5 0.201616 8.75069e-05
  445 444.5 0.198912 8.63333e-05
  446 445.5 0.197544 8.57396e-05
  447 446.5 0.204536 8.87743e-05
  448 447.5 0.207136 8.99028e-05
  449 448.5 0.211464 9.17812e-05
  450 449.5 0.206816 8.97639e-05
  451 450.5 0.20588 8.93576e-05
  452 451.5 0.207424 9.00278e-05
  453 452.5 0.207272 8.99618e-05
  454 453.5 0.205144 8.90382e-05
  455 454.5 0.211712 9.18889e-05
  456 455.5 0.216288 9.3875e-05
  457 456.5 0.21472 9.31944e-05
  458 457.5 0.225288 9.77812e-05
  459 458.5 0.2298 9.97396e-05
  460 459.5 0.223296 9.69167e-05
  461 460.5 0.219776 9.53889e-05
  462 461.5 0.221832 9.62812e-05
  463 462.5 0.2274 9.86979e-05
  464 463.5 0.233112 0.000101177
  465 464.5 0.235944 0.000102406
  466 465.5 0.246008 0.000106774
  467 466.5 0.252752 0.000109701
  468 467.5 0.24068 0.000104462
  469 468.5 0.242528 0.000105264
  470 469.5 0.250464 0.000108708
  471 470.5 0.25176 0.000109271
  472 471.5 0.254088 0.000110281
  473 472.5 0.260912 0.000113243
  474 473.5 0.250336 0.000108653
  475 474.5 0.255352 0.00011083
  476 475.5 0.260616 0.000113115
  477 476.5 0.254248 0.000110351
  478 477.5 0.246136 0.00010683
  479 478.5 0.251016 0.000108948
  480 479.5 0.258128 0.000112035
75000000 480 6199.999999999999
  1 0.5 0.14764 6.40799e-05
  2 1.5 0.152888 6.63576e-05
  3 2.5 0.1504 6.52778e-05
  4 3.5 0.143968 6.24861e-05
  5 4.5 0.153848 6.67743e-05
  6 5.5 0.159744 6.93333e-05
  7 6.5 0.165 7.16146e-05
  8 7.5 0.180336 7.82708e-05
  9 8.5 0.177784 7.71632e-05
  10 9.5 0.179104 7.77361e-05
  11 10.5 0.167744 7.28056e-05
  12 11.5 0.16996 7.37674e-05
  13 12.5 0.159048 6.90313e-05
  14 13.5 0.155272 6.73924e-05
  15 14.5 0.152032 6.59861e-05
  16 15.5 0.161008 6.98819e-05
  17 16.5 0.157752 6.84687e-05
  18 17.5 0.156792 6.80521e-05
  19 18.5 0.15404 6.68576e-05
  20 19.5 0.14876 6.4566e-05
  21 20.5 0.149312 6.48056e-05
  22 21.5 0.153456 6.66042e-05
  23 22.5 0.149344 6.48194e-05
  24 23.5 0.147368 6.39618e-05
  25 24.5 0.141616 6.14653e-05
  26 25.5 0.14064 6.10417e-05
  27 26.5 0.128816 5.59097e-05
  28 27.5 0.127432 5.5309e-05
  29 28.5 0.133552 5.79653e-05
  30 29.5 0.13896 6.03125e-05
  31 30.5 0.141824 6.15556e-05
  32 31.5 0.14608 6.34028e-05
  33 32.5 0.139424 6.05139e-05
  34 33.5 0.1386 6.01563e-05
  35 34.5 0.139448 6.05243e-05
  36 35.5 0.13916 6.03993e-05
  37 36.5 0.148824 6.45937e-05
  38 37.5 0.139736 6.06493e-05
  39 38.5 0.13796 5.98785e-05
  40 39.5 0.141176 6.12743e-05
  41 40.5 0.142808 6.19826e-05
  42 41.5 0.140256 6.0875e-05
  43 42.5 0.138632 6.01701e-05
  44 43.5 0.13452 5.83854e-05
  45 44.5 0.137728 5.97778e-05
  46 45.5 0.139704 6.06354e-05
  47 46.5 0.142544 6.18681e-05
  48 47.5 0.143696 6.23681e-05
  49 48.5 0.138784 6.02361e-05
  50 49.5 0.136984 5.94549e-05
  51 50.5 0.139744 6.06528e-05
  52 51.5 0.139984 6.07569e-05
  53 52.5 0.131968 5.72778e-05
  54 53.5 0.129248 5.60972e-05
  55 54.5 0.121904 5.29097e-05
  56 55.5 0.11232 4.875e-05
  57 56.5 0.102736 4.45903e-05
  58 57.5 0.091832 3.98576e-05
  59 58.5 0.083712 3.63333e-05
  60 59.5 0.073128 3.17396e-05
  61 60.5 0.058608 2.54375e-05
  62 61.5 0.048856 2.12049e-05
  63 62.5 0.04248 1.84375e-05
  64 63.5 0.039264 1.70417e-05
  65 64.5 0.036568 1.58715e-05
  66 65.5 0.035728 1.55069e-05
  67 66.5 0.032448 1.40833e-05
  68 67.5 0.030352 1.31736e-05
  69 68.5 0.027696 1.20208e-05
  70 69.5 0.026816 1.16389e-05
  71 70.5 0.028088 1.2191e-05
  72 71.5 0.029248 1.26944e-05
  73 72.5 0.028288 1.22778e-05
  74 73.5 0.026512 1.15069e-05
  75 74.5 0.0278 1.2066e-05
  76 75.5 0.026704 1.15903e-05
  77 76.5 0.02824 1.22569e-05
  78 77.5 0.03108 1.34896e-05
  79 78.5 0.028264 1.22674e-05
  80 79.5 0.028672 1.24444e-05
  81 80.5 0.02984 1.29514e-05
  82 81.5 0.027392 1.18889e-05
  83 82.5 0.026792 1.16285e-05
  84 83.5 0.02764 1.19965e-05
  85 84.5 0.026536 1.15174e-05
  86 85.5 0.026872 1.16632e-05
  87 86.5 0.026536 1.15174e-05
  88 87.5 0.0262 1.13715e-05
  89 88.5 0.027792 1.20625e-05
  90 89.5 0.027608 1.19826e-05
  91 90.5 0.027304 1.18507e-05
  92 91.5 0.025296 1.09792e-05
  93 92.5 0.02608 1.13194e-05
  94 93.5 0.026144 1.13472e-05
  95 94.5 0.024592 1.06736e-05
  96 95.5 0.022824 9.90625e-06
  97 96.5 0.02432 1.05556e-05
  98 97.5 0.02524 1.09549e-05
  99 98.5 0.02776 1.20486e-05
  100 99.5 0.02952 1.28125e-05
  101 100.5 0.031264 1.35694e-05
  102 101.5 0.029944 1.29965e-05
  103 102.5 0.031344 1.36042e-05
  104 103.5 0.0288 1.25e-05
  105 104.5 0.029816 1.2941e-05
  106 105.5 0.030072 1.30521e-05
  107 106.5 0.02848 1.23611e-05
  108 107.5 0.027752 1.20451e-05
  109 108.5 0.029304 1.27188e-05
  110 109.5 0.0294 1.27604e-05
  111 110.5 0.02812 1.22049e-05
  112 111.5 0.028536 1.23854e-05
  113 112.5 0.027936 1.2125e-05
  114 113.5 0.029688 1.28854e-05
  115 114.5 0.024744 1.07396e-05
  116 115.5 0.024208 1.05069e-05
  117 116.5 0.024504 1.06354e-05
  118 117.5 0.027232 1.18194e-05
  119 118.5 0.02732 1.18576e-05
  120 119.5 0.02728 1.18403e-05
  121 120.5 0.02644 1.14757e-05
  122 121.5 0.025992 1.12812e-05
  123 122.5 0.026456 1.14826e-05
  124 123.5 0.026128 1.13403e-05
  125 124.5 0.024752 1.07431e-05
  126 125.5 0.022448 9.74306e-06
  127 126.5 0.022808 9.89931e-06
  128 127.5 0.021728 9.43056e-06
  129 128.5 0.022904 9.94097e-06
  130 129.5 0.022312 9.68403e-06
  131 130.5 0.021216 9.20833e-06
  132 131.5 0.023648 1.02639e-05
  133 132.5 0.024064 1.04444e-05
  134 133.5 0.023496 1.01979e-05
  135 134.5 0.023464 1.0184e-05
  136 135.5 0.021824 9.47222e-06
  137 136.5 0.020624 8.95139e-06
  138 137.5 0.024816 1.07708e-05
  139 138.5 0.025432 1.10382e-05
  140 139.5 0.022504 9.76736e-06
  141 140.5 0.024856 1.07882e-05
  142 141.5 0.025664 1.11389e-05
  143 142.5 0.025856 1.12222e-05
  144 143.5 0.02368 1.02778e-05
  145 144.5 0.0236 1.02431e-05
  146 145.5 0.026568 1.15313e-05
  147 146.5 0.024904 1.0809e-05
  148 147.5 0.02736 1.1875e-05
  149 148.5 0.026464 1.14861e-05
  150 149.5 0.026824 1.16424e-05
  151 150.5 0.026736 1.16042e-05
  152 151.5 0.026552 1.15243e-05
  153 152.5 0.0292 1.26736e-05
  154 153.5 0.027352 1.18715e-05
  155 154.5 0.027904 1.21111e-05
  156 155.5 0.030672 1.33125e-05
  157 156.5 0.026808 1.16354e-05
  158 157.5 0.024256 1.05278e-05
  159 158.5 0.025824 1.12083e-05
  160 159.5 0.026568 1.15313e-05
  161 160.5 0.025432 1.10382e-05
  162 161.5 0.027536 1.19514e-05
  163 162.5 0.029736 1.29063e-05
  164 163.5 0.030168 1.30937e-05
  165 164.5 0.03104 1.34722e-05
  166 165.5 0.032112 1.39375e-05
  167 166.5 0.030632 1.32951e-05
  168 167.5 0.030792 1.33646e-05
  169 168.5 0.032912 1.42847e-05
  170 169.5 0.030352 1.31736e-05
  171 170.5 0.031224 1.35521e-05
  172 171.5 0.030784 1.33611e-05
  173 172.5 0.0318 1.38021e-05
  174 173.5 0.028376 1.2316e-05
  175 174.5 0.030272 1.31389e-05
  176 175.5 0.02812 1.22049e-05
  177 176.5 0.027832 1.20799e-05
  178 177.5 0.029056 1.26111e-05
  179 178.5 0.029072 1.26181e-05
  180 179.5 0.0272 1.18056e-05
  181 180.5 0.027952 1.21319e-05
  182 181.5 0.027528 1.19479e-05
  183 182.5 0.02984 1.29514e-05
  184 183.5 0.029304 1.27188e-05
  185 184.5 0.030736 1.33403e-05
  186 185.5 0.029136 1.26458e-05
  187 186.5 0.029696 1.28889e-05
  188 187.5 0.0306 1.32812e-05
  189 188.5 0.031416 1.36354e-05
  190 189.5 0.0328 1.42361e-05
  191 190.5 0.035248 1.52986e-05
  192 191.5 0.034184 1.48368e-05
  193 192.5 0.034632 1.50312e-05
  194 193.5 0.033488 1.45347e-05
  195 194.5 0.034304 1.48889e-05
  196 195.5 0.034544 1.49931e-05
  197 196.5 0.036904 1.60174e-05
  198 197.5 0.036176 1.57014e-05
  199 198.5 0.037352 1.62118e-05
  200 199.5 0.036496 1.58403e-05
  201 200.5 0.040608 1.7625e-05
  202 201.5 0.04692 2.03646e-05
  203 202.5 0.05048 2.19097e-05
  204 203.5 0.057952 2.51528e-05
  205 204.5 0.063904 2.77361e-05
  206 205.5 0.069176 3.00243e-05
  207 206.5 0.081544 3.53924e-05
  208 207.5 0.096152 4.17326e-05
  209 208.5 0.110816 4.80972e-05
  210 209.5 0.130016 5.64306e-05
  211 210.5 0.15532 6.74132e-05
  212 211.5 0.180816 7.84792e-05
  213 212.5 0.214112 9.29306e-05
  214 213.5 0.251088 0.000108979
  215 214.5 0.314968 0.000136705
  216 215.5 0.455088 0.000197521
  217 216.5 0.727168 0.000315611
  218 217.5 1.34281 0.000582816
  219 218.5 2.58396 0.00112151
  220 219.5 4.95735 0.00215163
  221 220.5 8.8277 0.00383147
  222 221.5 14.084 0.00611286
  223 222.5 20.1737 0.00875596
  224 223.5 26.132 0.011342
  225 224.5 30.9632 0.0134389
  226 225.5 34.1391 0.0148173
  227 226.5 35.9534 0.0156048
  228 227.5 37.2292 0.0161585
  229 228.5 37.9731 0.0164814
  230 229.5 38.1764 0.0165696
  231 230.5 38.4064 0.0166694
  232 231.5 38.7935 0.0168375
  233 232.5 38.7001 0.0167969
  234 233.5 38.7162 0.0168039
  235 234.5 38.9323 0.0168977
  236 235.5 38.9805 0.0169186
  237 236.5 38.7309 0.0168103
  238 237.5 38.9392 0.0169007
  239 238.5 39.005 0.0169293
  240 239.5 38.8704 0.0168708
  241 240.5 38.8691 0.0168703
  242 241.5 38.9322 0.0168976
  243 242.5 39.0389 0.016944
  244 243.5 38.8526 0.0168631
  245 244.5 38.9379 0.0169001
  246 245.5 39.0277 0.0169391
  247 246.5 39.038 0.0169436
  248 247.5 38.8444 0.0168596
  249 248.5 38.9764 0.0169168
  250 249.5 39.0477 0.0169478
  251 250.5 39.0144 0.0169333
  252 251.5 38.8084 0.0168439
  253 252.5 39.0484 0.0169481
  254 253.5 39.0974 0.0169694
  255 254.5 38.9113 0.0168886
  256 255.5 38.8577 0.0168653
  257 256.5 39.0843 0.0169637
  258 257.5 39.0126 0.0169326
  259 258.5 38.8823 0.016876
  260 259.5 38.9608 0.01691
  261 260.5 39.0128 0.0169326
  262 261.5 38.93 0.0168967
  263 262.5 38.9772 0.0169172
  264 263.5 38.8975 0.0168826
  265 264.5 39.0531 0.0169501
  266 265.5 38.8822 0.0168759
  267 266.5 38.9394 0.0169008
  268 267.5 38.9567 0.0169083
  269 268.5 38.9135 0.0168896
  270 269.5 38.885 0.0168772
  271 270.5 39.013 0.0169327
  272 271.5 39.0007 0.0169274
  273 272.5 38.8973 0.0168825
  274 273.5 38.9674 0.0169129
  275 274.5 39.0142 0.0169332
  276 275.5 38.9642 0.0169115
  277 276.5 38.981 0.0169188
  278 277.5 39.0114 0.0169321
  279 278.5 39.0318 0.0169409
  280 279.5 39.0042 0.0169289
  281 280.5 38.984 0.0169202
  282 281.5 38.9781 0.0169176
  283 282.5 39.0725 0.0169585
  284 283.5 38.9718 0.0169149
  285 284.5 38.9178 0.0168914
  286 285.5 39.0694 0.0169572
  287 286.5 39.0557 0.0169513
  288 287.5 38.887 0.016878
  289 288.5 39.0519 0.0169496
  290 289.5 39.1108 0.0169752
  291 290.5 38.9813 0.016919
  292 291.5 38.9753 0.0169164
  293 292.5 39.1088 0.0169743
  294 293.5 39.0891 0.0169658
  295 294.5 38.9264 0.0168951
  296 295.5 39.0698 0.0169574
  297 296.5 39.148 0.0169913
  298 297.5 39.0243 0.0169376
  299 298.5 38.9548 0.0169075
  300 299.5 39.158 0.0169956
  301 300.5 39.0798 0.0169617
  302 301.5 39.0323 0.0169411
  303 302.5 39.0056 0.0169295
  304 303.5 39.1657 0.016999
  305 304.5 39.0761 0.0169601
  306 305.5 38.9628 0.0169109
  307 306.5 39.1036 0.016972
  308 307.5 39.1553 0.0169945
  309 308.5 39.0141 0.0169332
  310 309.5 39.0152 0.0169337
  311 310.5 39.0902 0.0169662
  312 311.5 39.119 0.0169787
  313 312.5 39.0487 0.0169482
  314 313.5 39.0182 0.016935
  315 314.5 39.0703 0.0169576
  316 315.5 39.0991 0.0169701
  317 316.5 39.0304 0.0169403
  318 317.5 39.0907 0.0169665
  319 318.5 39.0591 0.0169527
  320 319.5 39.0176 0.0169347
  321 320.5 39.0835 0.0169633
  322 321.5 39.115 0.016977
  323 322.5 38.9963 0.0169255
  324 323.5 39.0375 0.0169433
  325 324.5 39.1136 0.0169764
  326 325.5 39.0492 0.0169485
  327 326.5 39.0206 0.016936
  328 327.5 39.0221 0.0169367
  329 328.5 39.1026 0.0169716
  330 329.5 39.0255 0.0169381
  331 330.5 39.0176 0.0169347
  332 331.5 39.1081 0.016974
  333 332.5 39.106 0.0169731
  334 333.5 38.919 0.0168919
  335 334.5 39.1281 0.0169827
  336 335.5 39.0846 0.0169638
  337 336.5 38.9523 0.0169064
  338 337.5 39.066 0.0169557
  339 338.5 39.1144 0.0169767
  340 339.5 38.9841 0.0169202
  341 340.5 38.954 0.0169071
  342 341.5 39.133 0.0169848
  343 342.5 39.0741 0.0169592
  344 343.5 38.9147 0.01689
  345 344.5 39.0465 0.0169473
  346 345.5 39.0677 0.0169565
  347 346.5 39.0409 0.0169448
  348 347.5 38.9283 0.016896
  349 348.5 38.9853 0.0169207
  350 349.5 39.1334 0.016985
  351 350.5 38.9007 0.016884
  352 351.5 38.96 0.0169097
  353 352.5 39.0529 0.01695
  354 353.5 39.0169 0.0169344
  355 354.5 38.8593 0.016866
  356 355.5 39.0775 0.0169607
  357 356.5 38.9774 0.0169173
  358 357.5 38.994 0.0169245
  359 358.5 38.9401 0.0169011
  360 359.5 39.0226 0.0169369
  361 360.5 38.9845 0.0169203
  362 361.5 38.9702 0.0169141
  363 362.5 38.9536 0.016907
  364 363.5 38.9824 0.0169195
  365 364.5 38.9757 0.0169166
  366 365.5 38.8699 0.0168706
  367 366.5 38.9063 0.0168864
  368 367.5 38.9779 0.0169175
  369 368.5 38.8505 0.0168622
  370 369.5 38.7693 0.0168269
  371 370.5 38.7986 0.0168397
  372 371.5 38.696 0.0167951
  373 372.5 38.4675 0.0166959
  374 373.5 38.3703 0.0166538
  375 374.5 38.0578 0.0165181
  376 375.5 37.4328 0.0162469
  377 376.5 36.5361 0.0158577
  378 377.5 34.9166 0.0151548
  379 378.5 31.9957 0.013887
  380 379.5 27.7402 0.01204
  381 380.5 21.9164 0.00951231
  382 381.5 15.4441 0.00670319
  383 382.5 9.66038 0.00419288
  384 383.5 5.37803 0.00233422
  385 384.5 2.76806 0.00120141
  386 385.5 1.3795 0.000598743
  387 386.5 0.715632 0.000310604
  388 387.5 0.426664 0.000185184
  389 388.5 0.298328 0.000129483
  390 389.5 0.242944 0.000105444
  391 390.5 0.22284 9.67188e-05
  392 391.5 0.21952 9.52778e-05
  393 392.5 0.205672 8.92674e-05
  394 393.5 0.197136 8.55625e-05
  395 394.5 0.190296 8.25937e-05
  396 395.5 0.184392 8.00312e-05
  397 396.5 0.191176 8.29757e-05
  398 397.5 0.181136 7.86181e-05
  399 398.5 0.173872 7.54653e-05
  400 399.5 0.178184 7.73368e-05
  401 400.5 0.17972 7.80035e-05
  402 401.5 0.179728 7.80069e-05
  403 402.5 0.175904 7.63472e-05
  404 403.5 0.17344 7.52778e-05
  405 404.5 0.176088 7.64271e-05
  406 405.5 0.179664 7.79792e-05
  407 406.5 0.179344 7.78403e-05
  408 407.5 0.171624 7.44896e-05
  409 408.5 0.174392 7.5691e-05
  410 409.5 0.162888 7.06979e-05
  411 410.5 0.15736 6.82986e-05
  412 411.5 0.161152 6.99444e-05
  413 412.5 0.158544 6.88125e-05
  414 413.5 0.155752 6.76007e-05
  415 414.5 0.149136 6.47292e-05
  416 415.5 0.15008 6.51389e-05
  417 416.5 0.1504 6.52778e-05
  418 417.5 0.151648 6.58194e-05
  419 418.5 0.145056 6.29583e-05
  420 419.5 0.144976 6.29236e-05
  421 420.5 0.141184 6.12778e-05
  422 421.5 0.142392 6.18021e-05
  423 422.5 0.138072 5.99271e-05
  424 423.5 0.136456 5.92257e-05
  425 424.5 0.131368 5.70174e-05
  426 425.5 0.13292 5.7691e-05
  427 426.5 0.13524 5.86979e-05
  428 427.5 0.133832 5.80868e-05
  429 428.5 0.13308 5.77604e-05
  430 429.5 0.134392 5.83299e-05
  431 430.5 0.126336 5.48333e-05
  432 431.5 0.133048 5.77465e-05
  433 432.5 0.129288 5.61146e-05
  434 433.5 0.133088 5.77639e-05
  435 434.5 0.129728 5.63056e-05
  436 435.5 0.123792 5.37292e-05
  437 436.5 0.12164 5.27951e-05
  438 437.5 0.120592 5.23403e-05
  439 438.5 0.122216 5.30451e-05
  440 439.5 0.12556 5.44965e-05
  441 440.5 0.125496 5.44687e-05
  442 441.5 0.123264 5.35e-05
  443 442.5 0.132792 5.76354e-05
  444 443.5 0.140152 6.08299e-05
  445 444.5 0.149504 6.48889e-05
  446 445.5 0.15132 6.56771e-05
  447 446.5 0.154504 6.7059e-05
  448 447.5 0.154608 6.71042e-05
  449 448.5 0.155648 6.75556e-05
  450 449.5 0.167784 7.28229e-05
  451 450.5 0.169008 7.33542e-05
  452 451.5 0.17396 7.55035e-05
  453 452.5 0.172376 7.4816e-05
  454 453.5 0.16152 7.01042e-05
  455 454.5 0.157296 6.82708e-05
  456 455.5 0.159288 6.91354e-05
  457 456.5 0.151784 6.58785e-05
  458 457.5 0.148024 6.42465e-05
  459 458.5 0.148808 6.45868e-05
  460 459.5 0.148232 6.43368e-05
  461 460.5 0.150128 6.51597e-05
  462 461.5 0.150024 6.51146e-05
  463 462.5 0.148256 6.43472e-05
  464 463.5 0.148384 6.44028e-05
  465 464.5 0.1462 6.34549e-05
  466 465.5 0.143256 6.21771e-05
  467 466.5 0.14736 6.39583e-05
  468 467.5 0.150112 6.51528e-05
  469 468.5 0.142 6.16319e-05
  470 469.5 0.14416 6.25694e-05
  471 470.5 0.14476 6.28299e-05
  472 471.5 0.147856 6.41736e-05
  473 472.5 0.151256 6.56493e-05
  474 473.5 0.143024 6.20764e-05
  475 474.5 0.141448 6.13924e-05
  476 475.5 0.137184 5.95417e-05
  477 476.5 0.144648 6.27812e-05
  478 477.5 0.150728 6.54201e-05
  479 478.5 0.154848 6.72083e-05
  480 479.5 0.15072 6.54167e-05
