# Chunk-averaged data for fix tensor1 and group all
# Timestep Number-of-chunks Total-count
# Chunk Coord1 Ncount density/number c_press[1] c_press[2] c_press[3]
52500000 480 11616.00000000001
  1 0.5 30.4578 0.0132195 -963.268 -1036.61 -871.318
  2 1.5 30.4813 0.0132297 -859 -880.841 -874.113
  3 2.5 30.507 0.0132409 -777.782 -1033.96 -969.625
  4 3.5 30.4905 0.0132337 -636.774 -859.295 -780.621
  5 4.5 30.4897 0.0132334 -679.975 -878.337 -826.916
  6 5.5 30.4834 0.0132306 -644.725 -910.537 -872.412
  7 6.5 30.49 0.0132335 -796.97 -855.378 -895.242
  8 7.5 30.5205 0.0132467 -966.714 -760.705 -832.989
  9 8.5 30.4682 0.0132241 -1018.97 -893.731 -898.8
  10 9.5 30.4691 0.0132244 -838.332 -791.795 -848.337
  11 10.5 30.55 0.0132596 -968.519 -864.954 -858.164
  12 11.5 30.4936 0.0132351 -881.721 -739.565 -853.749
  13 12.5 30.4741 0.0132266 -963.312 -808.434 -825.25
  14 13.5 30.4614 0.0132211 -1082.11 -927.494 -991.119
  15 14.5 30.5165 0.013245 -929.618 -889.079 -864.299
  16 15.5 30.457 0.0132192 -872.631 -794.273 -885.59
  17 16.5 30.489 0.0132331 -857.594 -903.655 -794.07
  18 17.5 30.4603 0.0132206 -793.735 -819.474 -1084.8
  19 18.5 30.4853 0.0132315 -728.55 -869.135 -818.511
  20 19.5 30.4619 0.0132213 -735.135 -731.351 -927.746
  21 20.5 30.449 0.0132157 -815.521 -797.236 -955.739
  22 21.5 30.4309 0.0132079 -798.614 -809.359 -938.684
  23 22.5 30.4618 0.0132213 -928.849 -876.478 -964.483
  24 23.5 30.4819 0.01323 -720.797 -799.073 -1065.3
  25 24.5 30.3645 0.0131791 -807.226 -851.646 -1143.81
  26 25.5 30.3162 0.0131581 -728.299 -621.535 -1169.46
  27 26.5 30.4122 0.0131997 -483.844 -494.82 -1114.8
  28 27.5 30.2545 0.0131313 -621.358 -532.178 -1371.29
  29 28.5 30.1641 0.013092 -472.78 -579.667 -1562.22
  30 29.5 30.1181 0.0130721 -280.366 -245.323 -1593.18
  31 30.5 30.0577 0.0130459 8.17491 -148.931 -1547.98
  32 31.5 29.8771 0.0129675 176.579 107.686 -1890.89
  33 32.5 29.6834 0.0128834 523.882 388.55 -2151.89
  34 33.5 29.4833 0.0127966 708.366 773.789 -2206.04
  35 34.5 29.1868 0.0126679 1085.96 1219.31 -2310.04
  36 35.5 28.7806 0.0124916 1495.35 1644.3 -2413.35
  37 36.5 28.1423 0.0122146 1790.39 1853.85 -2516.89
  38 37.5 27.4762 0.0119254 2447.59 2395.85 -2414.66
  39 38.5 26.5642 0.0115296 3072.46 3127.54 -2185.68
  40 39.5 25.3169 0.0109882 3570.35 3524.38 -1829.65
  41 40.5 23.9332 0.0103877 3905.25 4094.22 -1325.19
  42 41.5 22.2061 0.00963808 3947.45 4062.27 -745.485
  43 42.5 20.2131 0.00877303 3953.11 4016.73 -17.481
  44 43.5 17.9862 0.00780649 3799.02 3955.48 783.461
  45 44.5 15.7048 0.0068163 3248.49 3238.82 1317.3
  46 45.5 13.4022 0.00581692 2580.7 2543.21 2092.51
  47 46.5 11.174 0.00484982 1639.65 1535.85 2356.6
  48 47.5 9.15613 0.00397401 241.829 137.584 2305.13
  49 48.5 7.4108 0.00321649 -1380.51 -1492.87 2266.79
  50 49.5 5.96862 0.00259055 -3196 -3397.01 1602.92
  51 50.5 4.76979 0.00207022 -5399.56 -5109.05 231.643
  52 51.5 3.90194 0.00169355 -7064.49 -7260.55 -1508.85
  53 52.5 3.2227 0.00139874 -9255.57 -9193.87 -3448.54
  54 53.5 2.7495 0.00119336 -11081.3 -10960.2 -5281.55
  55 54.5 2.38019 0.00103307 -12438.4 -12454 -7678.44
  56 55.5 2.15872 0.000936944 -13392.3 -13395.8 -9383.86
  57 56.5 1.9689 0.000854556 -14262.6 -14212.8 -11247.6
  58 57.5 1.84455 0.000800587 -14995.2 -15472.8 -12580.7
  59 58.5 1.78086 0.000772941 -15265 -15472.5 -13481.5
  60 59.5 1.714 0.000743924 -15946.8 -15643.8 -14503.8
  61 60.5 1.67389 0.000726514 -16428.6 -15995.6 -15036.2
  62 61.5 1.66449 0.000722434 -16533.3 -16117 -15258.7
  63 62.5 1.63493 0.000709604 -16606.4 -16128.1 -15775.1
  64 63.5 1.62775 0.00070649 -16449.4 -16360.4 -15826.9
  65 64.5 1.63635 0.000710222 -16444.1 -16737.5 -15898.4
  66 65.5 1.62125 0.000703667 -16359.8 -16363.8 -16162.9
  67 66.5 1.59213 0.000691028 -16471.5 -16516.1 -16436
  68 67.5 1.61026 0.000698896 -16923.2 -16791.2 -16448.8
  69 68.5 1.59978 0.000694351 -16909.7 -16558.4 -16364
  70 69.5 1.58975 0.000689997 -16592.5 -16551.9 -16515.5
  71 70.5 1.61362 0.000700354 -16644.5 -16614.5 -16262
  72 71.5 1.59694 0.000693115 -16579.2 -16541.7 -16495.2
  73 72.5 1.58795 0.000689215 -16751.3 -16332.6 -16729.6
  74 73.5 1.58444 0.000687691 -16766.9 -16398.6 -16664.4
  75 74.5 1.59651 0.000692931 -16756.6 -16450.4 -16424.7
  76 75.5 1.60476 0.00069651 -16800.8 -16518.1 -16438.2
  77 76.5 1.59712 0.000693194 -17124.3 -16306.1 -16619.9
  78 77.5 1.6109 0.000699174 -17104 -16535.7 -16440.2
  79 78.5 1.60363 0.000696021 -16774.1 -16622.3 -16349.3
  80 79.5 1.60464 0.000696458 -16802.1 -16673.1 -16464
  81 80.5 1.61081 0.000699135 -16625.9 -16821.2 -16434.1
  82 81.5 1.60107 0.00069491 -16501.8 -16735.7 -16500.2
  83 82.5 1.59536 0.000692431 -16522.7 -16487.1 -16598.3
  84 83.5 1.59094 0.00069051 -16560.6 -16572.8 -16609.4
  85 84.5 1.5891 0.000689715 -16449 -16724.5 -16719.3
  86 85.5 1.60031 0.00069458 -16369.3 -16480.6 -16481.5
  87 86.5 1.59536 0.000692431 -16624.1 -16532.6 -16458.5
  88 87.5 1.56863 0.00068083 -16647.7 -16316.5 -16908.3
  89 88.5 1.57535 0.000683747 -16766.1 -16295.7 -16726.7
  90 89.5 1.5895 0.000689885 -16666.5 -16629.2 -16487.8
  91 90.5 1.57539 0.000683764 -16831.9 -16824.1 -16771.7
  92 91.5 1.55454 0.000674712 -16659.8 -16731.6 -17051.2
  93 92.5 1.54043 0.00066859 -16726.9 -16921.4 -17125.2
  94 93.5 1.54034 0.000668549 -16445.3 -16472.4 -17004
  95 94.5 1.54542 0.000670757 -16584.6 -16778.9 -17112.1
  96 95.5 1.54322 0.000669802 -16860.6 -16618.5 -17201.4
  97 96.5 1.54196 0.000669253 -16802.2 -16880 -17046
  98 97.5 1.55517 0.000674986 -16915.2 -16681.8 -17003.5
  99 98.5 1.54866 0.00067216 -16752.1 -16713.4 -16893.7
  100 99.5 1.54381 0.000670056 -16687.7 -16748.2 -17126.8
  101 100.5 1.54424 0.000670243 -16836.3 -16462 -17123.1
  102 101.5 1.53811 0.000667583 -16609.1 -16410.5 -17152.9
  103 102.5 1.55046 0.000672944 -16266 -16262.2 -16941.7
  104 103.5 1.56605 0.000679708 -16319.1 -16248.4 -16896.7
  105 104.5 1.59694 0.000693115 -16451.8 -16014 -16658.7
  106 105.5 1.573 0.000682726 -16428.9 -16434 -16784.6
  107 106.5 1.56201 0.000677955 -16724.1 -16766 -16877
  108 107.5 1.57822 0.00068499 -16622.9 -16597.8 -16695.6
  109 108.5 1.58374 0.000687389 -16590.7 -16842.5 -16755.4
  110 109.5 1.58196 0.000686615 -16521.6 -16537.4 -16588.7
  111 110.5 1.5941 0.000691885 -16649.9 -16551.8 -16554.6
  112 111.5 1.59697 0.000693128 -17024.7 -16321.7 -16525.6
  113 112.5 1.60666 0.000697333 -16765.4 -16595.4 -16370.5
  114 113.5 1.59716 0.000693212 -16420.5 -16663.8 -16526.6
  115 114.5 1.59432 0.000691979 -16490.6 -16847.3 -16625.3
  116 115.5 1.58738 0.000688969 -16588.1 -16763.7 -16639.3
  117 116.5 1.58212 0.000686684 -16603.5 -16603.9 -16785.5
  118 117.5 1.59416 0.00069191 -16778.3 -16856.5 -16627.6
  119 118.5 1.60272 0.000695625 -16908.9 -16818.8 -16457.2
  120 119.5 1.59818 0.000693653 -17193.4 -16774.7 -16499.1
  121 120.5 1.59806 0.000693604 -17002.7 -16654.7 -16531.2
  122 121.5 1.60243 0.0006955 -16804.6 -16883.1 -16377.7
  123 122.5 1.57963 0.000685604 -16728 -16679.5 -16783
  124 123.5 1.56324 0.00067849 -16836.2 -16800.7 -16869.3
  125 124.5 1.55067 0.000673035 -17046.6 -16499.5 -17031.3
  126 125.5 1.55967 0.000676941 -17264.3 -16428.4 -16863.4
  127 126.5 1.55888 0.000676597 -17151.8 -16589.7 -17032
  128 127.5 1.55963 0.000676924 -17486.6 -16848.1 -16811.2
  129 128.5 1.56304 0.000678403 -17367.9 -16773.8 -16979
  130 129.5 1.56431 0.000678955 -16900.1 -16830.9 -16753.4
  131 130.5 1.56258 0.000678205 -16791.8 -16770.3 -16779.2
  132 131.5 1.55902 0.00067666 -17302.3 -16965.8 -16894.8
  133 132.5 1.54954 0.000672542 -17097.6 -17003.3 -17151.8
  134 133.5 1.56306 0.000678413 -16790.3 -16858.7 -16957.3
  135 134.5 1.56502 0.000679264 -16550.8 -17155.3 -16935.9
  136 135.5 1.57427 0.000683278 -16768.8 -16890.6 -16656.6
  137 136.5 1.59769 0.000693441 -16580.1 -16735.8 -16489.7
  138 137.5 1.59417 0.000691913 -16735.7 -16549.8 -16618.4
  139 138.5 1.58068 0.000686059 -16657 -16532.8 -16711.7
  140 139.5 1.57827 0.000685014 -16947.9 -16777.7 -16830
  141 140.5 1.58208 0.000686667 -16874.4 -17152.2 -16441.7
  142 141.5 1.5767 0.000684333 -16953.3 -17046.8 -16774.5
  143 142.5 1.5567 0.000675653 -16797.3 -16648.9 -17106.8
  144 143.5 1.56903 0.000681003 -16636.3 -16417.2 -16790.8
  145 144.5 1.56831 0.000680691 -16432.8 -16646.2 -16685.5
  146 145.5 1.56412 0.000678872 -16349.4 -16508.9 -16909.5
  147 146.5 1.5543 0.000674611 -16323.5 -16422.1 -17123.7
  148 147.5 1.55385 0.000674413 -16571.9 -16215.7 -16950.1
  149 148.5 1.56658 0.000679937 -16742.4 -16387.4 -16886.2
  150 149.5 1.57283 0.000682653 -16898.7 -16394.1 -16662.2
  151 150.5 1.56694 0.000680097 -17124.1 -16405.3 -16972.6
  152 151.5 1.53766 0.000667385 -16771 -16683.4 -17272
  153 152.5 1.5498 0.000672656 -16537.6 -16628.3 -16853.7
  154 153.5 1.55904 0.000676667 -17001.5 -16836.9 -16884.2
  155 154.5 1.55314 0.000674104 -17353.2 -16789.9 -17050.2
  156 155.5 1.54576 0.000670903 -16748.3 -16968.9 -17039.7
  157 156.5 1.53977 0.000668302 -16734.5 -16779.3 -17133.1
  158 157.5 1.54394 0.000670115 -16919.6 -16360.5 -17071.7
  159 158.5 1.54078 0.00066874 -16959.9 -17312.3 -17261.5
  160 159.5 1.54944 0.0006725 -17081.3 -17118.8 -17044
  161 160.5 1.56102 0.000677528 -17030 -16894.3 -16881.5
  162 161.5 1.56097 0.000677503 -17199 -17035.8 -16791.2
  163 162.5 1.55936 0.000676806 -17151.7 -17441.9 -16997
  164 163.5 1.5536 0.000674306 -16915.5 -17070.1 -16984.1
  165 164.5 1.54576 0.000670903 -16546.2 -16774.6 -17107.2
  166 165.5 1.5456 0.000670833 -16545.5 -16948.7 -17171.6
  167 166.5 1.56013 0.000677139 -16838.5 -16867.2 -16807.9
  168 167.5 1.54889 0.00067226 -17321.8 -16691.1 -17144.1
  169 168.5 1.56301 0.000678389 -17284.6 -16974.3 -16844.6
  170 169.5 1.5375 0.000667316 -17120.1 -17046.1 -17174.8
  171 170.5 1.52881 0.000663545 -17093.6 -17488.5 -17201.3
  172 171.5 1.53641 0.000666844 -16627.7 -17290.9 -17165.9
  173 172.5 1.5403 0.000668531 -16927.4 -16966.6 -17216.9
  174 173.5 1.54449 0.000670351 -17312.3 -17084.7 -17076.1
  175 174.5 1.55471 0.000674788 -16896.4 -17293.9 -17004.7
  176 175.5 1.53162 0.000664764 -17014.8 -17389 -17120.3
  177 176.5 1.52854 0.000663431 -17127.9 -17167.3 -17303.4
  178 177.5 1.54647 0.000671212 -17292 -17546.9 -17170.2
  179 178.5 1.5316 0.000664757 -16887.1 -17169.5 -17127.2
  180 179.5 1.55687 0.000675726 -16623.3 -16949.9 -16982.5
  181 180.5 1.57126 0.000681972 -16764.9 -17043.9 -16799.4
  182 181.5 1.55082 0.000673097 -17023.2 -16971.2 -17078.1
  183 182.5 1.56616 0.000679757 -17029.8 -16712.8 -16833.4
  184 183.5 1.58662 0.000688639 -17302.9 -16803.1 -16549.9
  185 184.5 1.57416 0.000683229 -17353.2 -17026.4 -16782.7
  186 185.5 1.58053 0.000685993 -17080.5 -16892.5 -16667.7
  187 186.5 1.59758 0.000693396 -16782.3 -16711 -16515.3
  188 187.5 1.56138 0.000677681 -16881.4 -16857.5 -16976.1
  189 188.5 1.55618 0.000675424 -16768.8 -16924.5 -16840.5
  190 189.5 1.56233 0.000678094 -16674.1 -16553.8 -16923.7
  191 190.5 1.56533 0.000679396 -16967.8 -16967.2 -16800.7
  192 191.5 1.57771 0.000684771 -16786.5 -17323.8 -16484.2
  193 192.5 1.5789 0.000685285 -16887.1 -16746.6 -16512.9
  194 193.5 1.58574 0.000688257 -17124.6 -17227.6 -16481.7
  195 194.5 1.6111 0.000699264 -16946.7 -17004.4 -16051.4
  196 195.5 1.61252 0.000699878 -17207.3 -17021.6 -15937.6
  197 196.5 1.62889 0.000706983 -16532.4 -17064.3 -15677.5
  198 197.5 1.64498 0.000713969 -16457.2 -16717.6 -15352.1
  199 198.5 1.67798 0.000728288 -16111 -16460.5 -14853
  200 199.5 1.72706 0.00074959 -15979 -16266.2 -14004.5
  201 200.5 1.81382 0.00078725 -15545.3 -15434.9 -12952.5
  202 201.5 1.94817 0.000845559 -14689.4 -14783.9 -11465.8
  203 202.5 2.1173 0.000918965 -13909.7 -13907.9 -9730.9
  204 203.5 2.32018 0.00100702 -12782.8 -12678.4 -8051.2
  205 204.5 2.64634 0.00114859 -11480.6 -11330.8 -6130.61
  206 205.5 3.09998 0.00134548 -9768.84 -9602.26 -3912.47
  207 206.5 3.76354 0.00163348 -8079.07 -7876.58 -1387.8
  208 207.5 4.59171 0.00199293 -5918.61 -5669.95 -48.651
  209 208.5 5.74088 0.0024917 -3809.29 -3758.43 1436.41
  210 209.5 7.15659 0.00310616 -2022.4 -1979.99 2213
  211 210.5 8.94024 0.00388031 -343.237 -251.415 2702.3
  212 211.5 11.0286 0.00478674 1161.01 1177.48 2768.96
  213 212.5 13.3312 0.00578611 2359.48 2371.76 2217
  214 213.5 15.7291 0.00682685 3509.5 3288.09 1622.04
  215 214.5 18.104 0.00785765 3982.67 3954.19 1000.09
  216 215.5 20.3781 0.00884468 4225.67 4105.53 144.279
  217 216.5 22.3531 0.00970188 4321.75 4139.86 -694.59
  218 217.5 24.0677 0.010446 4019.39 4021.74 -1301.72
  219 218.5 25.4666 0.0110532 3660.07 3719.56 -1891.12
  220 219.5 26.6064 0.0115479 3209.4 3216.93 -1998.71
  221 220.5 27.6077 0.0119825 2751.29 2724.98 -2112.06
  222 221.5 28.1921 0.0122362 2228.47 2069.06 -2011.45
  223 222.5 28.5705 0.0124004 1761.47 1701.72 -1049.16
  224 223.5 29.2105 0.0126782 1849.93 1747.7 485.597
  225 224.5 29.6227 0.0128571 3087.24 2519.46 1439.33
  226 225.5 29.8818 0.0129695 7344.01 6726.14 4752.24
  227 226.5 31.2447 0.0135611 15552.9 15989.7 11650.5
  228 227.5 34.5195 0.0149824 21369.2 26139.2 16392.8
  229 228.5 38.0221 0.0165026 21212.9 31503.4 13988.3
  230 229.5 40.2438 0.0174669 17440.8 34308.2 5885.81
  231 230.5 41.5129 0.0180178 15904 37986.3 -3109.42
  232 231.5 42.3109 0.0183641 17158.7 43823.2 -8101.86
  233 232.5 42.7624 0.0185601 20148.6 49782.7 -9409.03
  234 233.5 43.006 0.0186658 23387.4 54659.7 -8636.61
  235 234.5 43.1782 0.0187405 25390.1 57936.6 -7650.91
  236 235.5 43.3124 0.0187988 26977.8 60322.6 -5831.35
  237 236.5 43.3858 0.0188306 27866.4 61585.2 -4705.25
  238 237.5 43.427 0.0188485 28474.2 62180.7 -4039.84
  239 238.5 43.4771 0.0188703 28947.4 63011.2 -3227.72
  240 239.5 43.4988 0.0188797 29143.8 63404.1 -2485.9
  241 240.5 43.5206 0.0188892 29394.5 63693.2 -2006.79
  242 241.5 43.5362 0.0188959 29505.2 63959.7 -1741.78
  243 242.5 43.5369 0.0188962 29579.6 64244.5 -1327.19
  244 243.5 43.543 0.0188989 29729 64336.7 -1230.17
  245 244.5 43.541 0.018898 29812.9 64439.2 -1011.4
  246 245.5 43.5529 0.0189032 29893.2 64532.7 -833.515
  247 246.5 43.5526 0.018903 29946.6 64543.8 -827.658
  248 247.5 43.5479 0.018901 29994.7 64732.2 -659.152
  249 248.5 43.5657 0.0189087 30074.2 64699.1 -613.763
  250 249.5 43.5488 0.0189014 30087.6 64721.1 -541.021
  251 250.5 43.5534 0.0189034 29973.4 64644.8 -688.692
  252 251.5 43.5673 0.0189094 29963 64608.1 -633.083
  253 252.5 43.5536 0.0189035 30051.9 64725.4 -544.833
  254 253.5 43.5559 0.0189045 30079.2 64720.6 -588.83
  255 254.5 43.5472 0.0189007 30030 64753 -647.659
  256 255.5 43.5664 0.018909 30001.1 64726.3 -534.548
  257 256.5 43.548 0.018901 30048.4 64959.6 -512.53
  258 257.5 43.5579 0.0189053 30037.4 64891.5 -668.476
  259 258.5 43.57 0.0189106 30136.8 64863.2 -543.329
  260 259.5 43.5502 0.018902 29957.2 64733.5 -573.722
  261 260.5 43.5694 0.0189103 30043.5 64796.7 -508.754
  262 261.5 43.5429 0.0188988 30126.1 64895.4 -619.666
  263 262.5 43.5626 0.0189074 30046.5 64841 -579.144
  264 263.5 43.5612 0.0189068 30092.3 64848.7 -584.431
  265 264.5 43.5493 0.0189016 29974.6 64671.8 -646.647
  266 265.5 43.5686 0.01891 30087.2 64801.4 -433.051
  267 266.5 43.5461 0.0189002 30050.7 64755.3 -581.748
  268 267.5 43.552 0.0189028 30057.7 64824.5 -618.015
  269 268.5 43.5475 0.0189008 29993.6 64759.8 -591.134
  270 269.5 43.5614 0.0189069 29884.7 64684.6 -566.86
  271 270.5 43.5534 0.0189034 29947.7 64763.9 -572.55
  272 271.5 43.5628 0.0189075 29927.2 64736.5 -574.531
  273 272.5 43.5538 0.0189036 30031.1 64894.3 -480.202
  274 273.5 43.5605 0.0189065 29989.7 64796.6 -647.941
  275 274.5 43.5453 0.0188999 30010.6 64732.8 -601.603
  276 275.5 43.5697 0.0189104 30009.2 64779.5 -503.777
  277 276.5 43.5585 0.0189056 30059.1 64777.6 -580.262
  278 277.5 43.5412 0.0188981 29986.9 64670.8 -627.293
  279 278.5 43.5555 0.0189043 29908.2 64677.2 -560.298
  280 279.5 43.568 0.0189097 30083.3 64916.5 -530.707
  281 280.5 43.5635 0.0189078 29993 64782 -630.958
  282 281.5 43.5555 0.0189043 30104.8 64797.6 -573.131
  283 282.5 43.5588 0.0189057 29997.4 64877.2 -546.839
  284 283.5 43.549 0.0189015 30046.2 64891.7 -538.708
  285 284.5 43.5626 0.0189074 30053.6 64919.8 -627.926
  286 285.5 43.5561 0.0189045 30007.1 64940.3 -600.214
  287 286.5 43.5659 0.0189088 30090.5 64978.6 -490.136
  288 287.5 43.5505 0.0189021 30027.3 64835.2 -641.171
  289 288.5 43.5566 0.0189048 30198.6 64850.9 -565.457
  290 289.5 43.5605 0.0189065 30012.5 64836.8 -621.913
  291 290.5 43.5504 0.0189021 30181 64932.2 -491.67
  292 291.5 43.5573 0.0189051 30192.4 64883.4 -627.86
  293 292.5 43.5614 0.0189069 30085 64841.3 -542.234
  294 293.5 43.5601 0.0189063 30033.7 64759.2 -642.773
  295 294.5 43.5594 0.018906 30030.8 64836.2 -587.591
  296 295.5 43.5456 0.0189 30115.9 64928.5 -580.931
  297 296.5 43.5554 0.0189043 30067.6 64869.7 -529.732
  298 297.5 43.5724 0.0189116 30148.7 64924.1 -590.181
  299 298.5 43.5533 0.0189033 30048.6 64931.3 -572.377
  300 299.5 43.5754 0.0189129 30109.9 64862.3 -571.883
  301 300.5 43.5398 0.0188975 30149.9 64886.1 -564.007
  302 301.5 43.5648 0.0189083 30050.8 64880.3 -542.932
  303 302.5 43.5656 0.0189087 30032.4 64890.7 -630.418
  304 303.5 43.5533 0.0189033 30052.4 64898.5 -573.043
  305 304.5 43.552 0.0189028 30003.4 64975.6 -551.149
  306 305.5 43.5689 0.0189101 30028.1 64899.5 -562.451
  307 306.5 43.558 0.0189054 30059.7 64990.1 -599.57
  308 307.5 43.5502 0.018902 30135 64900.6 -585.767
  309 308.5 43.5646 0.0189082 30095.5 64770.3 -536.671
  310 309.5 43.5482 0.0189011 30082.7 64845.5 -590.719
  311 310.5 43.5525 0.018903 30078.4 64880.5 -578.848
  312 311.5 43.5658 0.0189088 29990.4 64863.7 -579.044
  313 312.5 43.5505 0.0189021 30074.8 64845 -559.877
  314 313.5 43.5602 0.0189064 30014.7 64877.7 -567.443
  315 314.5 43.558 0.0189054 30005.7 64858.5 -674.918
  316 315.5 43.5558 0.0189044 29970.2 64908.9 -478.923
  317 316.5 43.5483 0.0189012 29932.7 64849.4 -578.567
  318 317.5 43.5716 0.0189113 29945.3 64730.3 -592.608
  319 318.5 43.5395 0.0188974 29892.8 64867.1 -527.54
  320 319.5 43.56 0.0189063 29969.5 64785.3 -668.098
  321 320.5 43.5507 0.0189022 30055.8 64793 -547.619
  322 321.5 43.574 0.0189123 30068.1 64844.8 -479.105
  323 322.5 43.5411 0.018898 30076.4 64803.5 -637.852
  324 323.5 43.5558 0.0189044 29924.3 64720.4 -560.789
  325 324.5 43.5602 0.0189063 29923.4 64796.5 -575.987
  326 325.5 43.5594 0.018906 30020.4 64781.1 -589.021
  327 326.5 43.5387 0.018897 29940.3 64823.7 -612.372
  328 327.5 43.56 0.0189063 29837.6 64808.8 -591.536
  329 328.5 43.556 0.0189045 29935.4 64627.9 -560.675
  330 329.5 43.5486 0.0189013 29881.9 64684.5 -470.709
  331 330.5 43.5598 0.0189062 29761.7 64625.9 -707.718
  332 331.5 43.5483 0.0189012 29911.3 64651.7 -610.751
  333 332.5 43.5621 0.0189071 29833.1 64653.7 -613.146
  334 333.5 43.5537 0.0189035 29889.3 64655.5 -511.766
  335 334.5 43.5462 0.0189003 29954.7 64635 -628.183
  336 335.5 43.5522 0.0189029 29949.9 64784.6 -583.363
  337 336.5 43.5454 0.0188999 30002.5 64795.1 -563.129
  338 337.5 43.5655 0.0189086 30005 64702.4 -560.53
  339 338.5 43.5624 0.0189073 29882.6 64860.2 -500.977
  340 339.5 43.5475 0.0189008 29956 64763.9 -605.677
  341 340.5 43.5416 0.0188983 29863 64651.5 -666.843
  342 341.5 43.5736 0.0189122 29876 64802.3 -480.968
  343 342.5 43.5401 0.0188976 29949.6 64819.4 -597.271
  344 343.5 43.5526 0.018903 29886.3 64769.5 -579.372
  345 344.5 43.559 0.0189058 29912.6 64827 -549.28
  346 345.5 43.5513 0.0189025 29872.1 64703.8 -587.432
  347 346.5 43.5605 0.0189065 29815.4 64682.7 -640.273
  348 347.5 43.5558 0.0189044 29885.6 64684.1 -438.823
  349 348.5 43.5469 0.0189006 29771.2 64631.9 -693.406
  350 349.5 43.5652 0.0189085 29783.9 64649 -561.276
  351 350.5 43.5537 0.0189035 29716.1 64667.5 -547.413
  352 351.5 43.5596 0.0189061 29628 64614.4 -647.943
  353 352.5 43.5471 0.0189007 29834.5 64604.6 -578.591
  354 353.5 43.5478 0.018901 29826.4 64651.9 -678.59
  355 354.5 43.5564 0.0189047 29850.8 64644 -683.868
  356 355.5 43.5381 0.0188967 29835 64509.5 -867.116
  357 356.5 43.551 0.0189023 29797.3 64523 -806.485
  358 357.5 43.54 0.0188975 29796.3 64365.4 -1048.13
  359 358.5 43.5484 0.0189012 29764.7 64333.9 -1214.71
  360 359.5 43.5505 0.0189021 29637 64140.7 -1393.04
  361 360.5 43.5119 0.0188854 29492.6 63971.1 -1675.69
  362 361.5 43.5146 0.0188866 29225.3 63804.1 -2074.58
  363 362.5 43.5113 0.0188851 29090.8 63432.6 -2559.24
  364 363.5 43.4631 0.0188642 28802.2 63057 -3172.04
  365 364.5 43.4261 0.0188481 28475.7 62317.5 -3901.19
  366 365.5 43.3737 0.0188254 27734.6 61490.6 -4875.32
  367 366.5 43.3002 0.0187935 26873.6 60022.9 -6024.34
  368 367.5 43.162 0.0187335 25361.3 57862.9 -7324.06
  369 368.5 43.008 0.0186667 23107.6 54374.8 -8644.97
  370 369.5 42.7289 0.0185455 20166.6 49497.5 -9240.55
  371 370.5 42.2718 0.0183471 17164.5 43507.5 -7520.26
  372 371.5 41.4666 0.0179976 15709.6 37501.1 -1844.85
  373 372.5 40.17 0.0174349 17494.8 33695.8 7052.79
  374 373.5 37.9043 0.0164515 20504.6 30695.6 15182.2
  375 374.5 34.438 0.014947 19875 24037.5 16704.5
  376 375.5 31.4283 0.0136408 13230.4 13406.6 11487.1
  377 376.5 30.4739 0.0132265 5699.47 4550.28 5361.66
  378 377.5 30.508 0.0132413 1356.65 648.274 2440.86
  379 378.5 30.4541 0.0132179 10.8173 -234.12 1912.06
  380 379.5 30.2654 0.013136 -629.223 -688.994 564.875
  381 380.5 30.408 0.0131979 -689.157 -575.671 -422.763
  382 381.5 30.5288 0.0132503 -701.357 -528.799 -622.384
  383 382.5 30.4343 0.0132094 -814.261 -802.06 -541.533
  384 383.5 30.4456 0.0132142 -896.359 -770.358 -758.226
  385 384.5 30.5616 0.0132646 -902.53 -728.85 -946.897
  386 385.5 30.5047 0.0132399 -946.597 -751.455 -800.731
  387 386.5 30.4636 0.013222 -727.166 -742.097 -662.679
  388 387.5 30.4958 0.013236 -809.769 -767.63 -919.201
  389 388.5 30.5325 0.0132519 -897.155 -864.506 -944.261
  390 389.5 30.4989 0.0132374 -770.757 -786.215 -682.075
  391 390.5 30.4695 0.0132246 -822.471 -816.429 -886.601
  392 391.5 30.4787 0.0132286 -798.027 -837.615 -807.067
  393 392.5 30.541 0.0132556 -783.765 -890.272 -984.938
  394 393.5 30.4412 0.0132123 -849.39 -1012.65 -829.376
  395 394.5 30.4268 0.0132061 -945.626 -1055.3 -912.337
  396 395.5 30.5027 0.013239 -730.826 -912.13 -781.818
  397 396.5 30.4495 0.0132159 -699.799 -1034.67 -874.757
  398 397.5 30.4194 0.0132029 -670.529 -830.59 -826.514
  399 398.5 30.4861 0.0132318 -829.813 -906.384 -758.43
  400 399.5 30.4867 0.0132321 -995.543 -889.455 -1019.06
  401 400.5 30.4611 0.013221 -1051.11 -898.307 -847.334
  402 401.5 30.4943 0.0132354 -965.576 -895.675 -764.873
  403 402.5 30.5061 0.0132405 -1025.56 -880.982 -858.24
  404 403.5 30.464 0.0132222 -1040.74 -973.724 -843.567
  405 404.5 30.4575 0.0132194 -940.001 -914.88 -909.243
  406 405.5 30.4531 0.0132175 -897.17 -889.017 -938.422
  407 406.5 30.5017 0.0132386 -909.063 -848.674 -779.857
  408 407.5 30.4929 0.0132348 -889.107 -950.459 -785.785
  409 408.5 30.4423 0.0132128 -925.27 -925.09 -872.801
  410 409.5 30.4734 0.0132263 -807.948 -1012.5 -954.622
  411 410.5 30.4885 0.0132329 -845.508 -942.522 -930.271
  412 411.5 30.514 0.0132439 -930.222 -940.414 -756.25
  413 412.5 30.5314 0.0132515 -862.222 -877.182 -792.805
  414 413.5 30.5183 0.0132458 -860.847 -972.89 -829.347
  415 414.5 30.4378 0.0132109 -733.3 -775.596 -910.646
  416 415.5 30.5062 0.0132405 -878.887 -828.075 -970.365
  417 416.5 30.4322 0.0132084 -887.166 -767.396 -862.853
  418 417.5 30.4944 0.0132354 -722.375 -819.279 -703.422
  419 418.5 30.5149 0.0132443 -655.047 -650.344 -927.625
  420 419.5 30.4472 0.013215 -747.359 -746.531 -841.026
  421 420.5 30.454 0.0132179 -754.699 -810.971 -820.109
  422 421.5 30.4602 0.0132206 -733.393 -959.475 -913.746
  423 422.5 30.5261 0.0132492 -767.586 -816.474 -837.012
  424 423.5 30.4344 0.0132094 -698.424 -705.406 -741.936
  425 424.5 30.4307 0.0132078 -946.496 -791.472 -857.418
  426 425.5 30.4846 0.0132312 -788.119 -782.027 -973.634
  427 426.5 30.481 0.0132296 -798.325 -912.775 -849.779
  428 427.5 30.4737 0.0132264 -712.514 -896.58 -792.638
  429 428.5 30.4312 0.013208 -1053.38 -1090.72 -894.238
  430 429.5 30.5551 0.0132618 -894.655 -890.097 -903.582
  431 430.5 30.4979 0.0132369 -920.402 -712.826 -742.419
  432 431.5 30.4761 0.0132275 -977.104 -797.064 -849.297
  433 432.5 30.4415 0.0132125 -990.297 -929.3 -975.469
  434 433.5 30.5094 0.0132419 -895.848 -928.676 -868.394
  435 434.5 30.5349 0.013253 -953.248 -894.703 -799.637
  436 435.5 30.4952 0.0132357 -828.117 -983.052 -851.237
  437 436.5 30.4073 0.0131976 -793.517 -1003.25 -888.45
  438 437.5 30.5131 0.0132435 -989.948 -991.847 -889.484
  439 438.5 30.4936 0.0132351 -1023.83 -978.238 -926.951
  440 439.5 30.4926 0.0132346 -974.98 -793.883 -759.655
  441 440.5 30.4002 0.0131945 -1097.74 -830.925 -823.17
  442 441.5 30.4746 0.0132268 -922.834 -833.488 -904.443
  443 442.5 30.4687 0.0132242 -818.363 -880.875 -891.585
  444 443.5 30.4322 0.0132084 -910.666 -881.083 -822.021
  445 444.5 30.3953 0.0131924 -872.753 -998.98 -848.728
  446 445.5 30.5029 0.0132391 -780.085 -774.553 -929.001
  447 446.5 30.443 0.0132131 -725.491 -900.802 -785.302
  448 447.5 30.3464 0.0131712 -636.221 -805.812 -668.828
  449 448.5 30.4343 0.0132093 -746.578 -813.204 -956.705
  450 449.5 30.3948 0.0131922 -879.985 -809.169 -941.742
  451 450.5 30.3727 0.0131826 -699.776 -790.953 -786.48
  452 451.5 30.4118 0.0131996 -783.507 -791.691 -849.732
  453 452.5 30.4699 0.0132248 -834.268 -765.034 -860.165
  454 453.5 30.4013 0.013195 -945.585 -895.326 -888.175
  455 454.5 30.4047 0.0131965 -980.421 -867.961 -829.711
  456 455.5 30.4607 0.0132208 -778.716 -854.093 -828.626
  457 456.5 30.4552 0.0132184 -934.059 -965.935 -879.982
  458 457.5 30.4635 0.013222 -866.549 -881.204 -873.208
  459 458.5 30.4358 0.01321 -1000.2 -815.631 -826.727
  460 459.5 30.4767 0.0132277 -1184.4 -941.433 -899.445
  461 460.5 30.4687 0.0132243 -1050.87 -908.758 -861.884
  462 461.5 30.417 0.0132018 -795.821 -957.993 -833.596
  463 462.5 30.4934 0.013235 -809.078 -943.754 -827.51
  464 463.5 30.4468 0.0132148 -958.605 -949.569 -945.867
  465 464.5 30.4226 0.0132042 -911.128 -781.413 -825.247
  466 465.5 30.4 0.0131944 -804.943 -874.815 -905.735
  467 466.5 30.5163 0.0132449 -922.423 -1022.45 -823.772
  468 467.5 30.4489 0.0132157 -727.61 -849.523 -783.953
  469 468.5 30.4298 0.0132074 -805.602 -911.98 -913.973
  470 469.5 30.4438 0.0132135 -1072.94 -1061.24 -927.564
  471 470.5 30.5126 0.0132433 -924.028 -919.072 -802.044
  472 471.5 30.4816 0.0132298 -788.551 -880.759 -850.729
  473 472.5 30.4196 0.0132029 -885.535 -1078.12 -920.013
  474 473.5 30.4382 0.013211 -863.017 -992.114 -794.401
  475 474.5 30.5755 0.0132706 -867.965 -985.77 -879.674
  476 475.5 30.4951 0.0132357 -1034.22 -1051.14 -771.107
  477 476.5 30.4406 0.0132121 -859.181 -1030.31 -839.36
  478 477.5 30.486 0.0132318 -702.62 -974.145 -940.202
  479 478.5 30.5066 0.0132407 -857.904 -784.624 -974.761
  480 479.5 30.4866 0.013232 -867.684 -908.764 -697.624
55000000 480 11615.999999999996
  1 0.5 30.607 0.0132843 -665.929 -802.221 -883.443
  2 1.5 30.5634 0.0132654 -797.955 -858.942 -827.888
  3 2.5 30.5592 0.0132636 -944.32 -934.036 -877.783
  4 3.5 30.6278 0.0132933 -808.915 -748.892 -782.01
  5 4.5 30.5505 0.0132598 -847.202 -866.665 -886.152
  6 5.5 30.6082 0.0132848 -923.315 -946.149 -837.761
  7 6.5 30.5853 0.0132749 -902.874 -1026.29 -842.521
  8 7.5 30.5729 0.0132695 -1051.1 -958.48 -800.197
  9 8.5 30.5847 0.0132746 -943.189 -822.575 -1039.69
  10 9.5 30.5363 0.0132536 -1031.26 -796.157 -879.431
  11 10.5 30.5948 0.013279 -783.173 -648.567 -792.484
  12 11.5 30.566 0.0132665 -753.25 -879.961 -822.87
  13 12.5 30.5266 0.0132494 -648.791 -794.413 -907.482
  14 13.5 30.5273 0.0132497 -809.335 -683.704 -873.62
  15 14.5 30.5823 0.0132736 -815.791 -779.819 -897.243
  16 15.5 30.5661 0.0132665 -892.06 -725.991 -819.266
  17 16.5 30.5132 0.0132436 -837.94 -790.357 -905.144
  18 17.5 30.5525 0.0132606 -979.95 -959.584 -1022.28
  19 18.5 30.5484 0.0132589 -840.266 -984.975 -937.306
  20 19.5 30.5138 0.0132438 -968.329 -910.702 -934.878
  21 20.5 30.4977 0.0132368 -1079.63 -1011.79 -1060.47
  22 21.5 30.5167 0.0132451 -790.544 -716.453 -970.943
  23 22.5 30.4712 0.0132254 -902.52 -768.96 -1177.63
  24 23.5 30.3784 0.0131851 -625.84 -598.712 -1284.96
  25 24.5 30.3894 0.0131898 -324.794 -604.983 -1204.19
  26 25.5 30.3856 0.0131882 -563.631 -553.154 -1371.46
  27 26.5 30.252 0.0131302 -342.439 -333.679 -1562.09
  28 27.5 30.151 0.0130864 -195.088 -52.7816 -1671.41
  29 28.5 30.0808 0.0130559 60.4061 116.571 -1738.54
  30 29.5 29.7956 0.0129321 373.406 320.472 -1999.29
  31 30.5 29.6487 0.0128684 663.462 651.557 -2023.18
  32 31.5 29.3864 0.0127545 944.091 845.269 -2282.97
  33 32.5 28.9655 0.0125718 1267.42 1134.81 -2499.29
  34 33.5 28.3754 0.0123157 1692.25 1764.19 -2392.02
  35 34.5 27.838 0.0120825 2184.66 2264.14 -2398.81
  36 35.5 27.0215 0.0117281 2902.27 2621 -2226.02
  37 36.5 25.9131 0.011247 3337.93 3112.32 -1991.5
  38 37.5 24.6007 0.0106774 3620.61 3654.11 -1659.61
  39 38.5 23.0888 0.0100212 4033.97 3988.2 -893.507
  40 39.5 21.1687 0.00918782 4052.28 4099.54 -361.427
  41 40.5 19.1193 0.0082983 4007.76 4046.02 222.867
  42 41.5 16.9059 0.00733762 3439.91 3456.96 870.687
  43 42.5 14.6672 0.00636596 3058.68 2987.52 1559.77
  44 43.5 12.4231 0.00539195 2156.79 2110.53 2150
  45 44.5 10.3332 0.00448489 1015.08 1114.57 2251.05
  46 45.5 8.40995 0.00365015 -449.66 -367.463 2245.21
  47 46.5 6.82667 0.00296297 -2029.77 -2054.57 1766.37
  48 47.5 5.49682 0.00238577 -3671.13 -3765.24 1000.69
  49 48.5 4.46102 0.0019362 -5572.87 -5971.42 -551.576
  50 49.5 3.66659 0.0015914 -7788.88 -7692.44 -1983.86
  51 50.5 3.06046 0.00132832 -9563.97 -9348.21 -4051.87
  52 51.5 2.63938 0.00114557 -11181 -11109 -5942.11
  53 52.5 2.31156 0.00100328 -12424.8 -12755.7 -8034.35
  54 53.5 2.07246 0.000899507 -13662 -13887.9 -10253
  55 54.5 1.91807 0.000832497 -14593.8 -14625.6 -11661.3
  56 55.5 1.79982 0.00078117 -14947.5 -15361.7 -12853.2
  57 56.5 1.72197 0.000747382 -15532.7 -15667.8 -14200.3
  58 57.5 1.66363 0.000722063 -15753.1 -16028.2 -14919.9
  59 58.5 1.62666 0.000706014 -15838.6 -16440.5 -15586.1
  60 59.5 1.60614 0.000697108 -16521.5 -16720 -15919.3
  61 60.5 1.56903 0.000681003 -16469.7 -16629.3 -16306.4
  62 61.5 1.53638 0.00066683 -16428.5 -16779.6 -16808.6
  63 62.5 1.55796 0.000676198 -16656.3 -17140 -16689.8
  64 63.5 1.55238 0.000673778 -16560.5 -17275.1 -16884.3
  65 64.5 1.5567 0.000675653 -16559.4 -16879.9 -16752.6
  66 65.5 1.55346 0.000674243 -16662.3 -16949.9 -16877.9
  67 66.5 1.55667 0.000675639 -16678.4 -16550.7 -16899.8
  68 67.5 1.55701 0.000675785 -16679.6 -16632.3 -16868.7
  69 68.5 1.5599 0.000677042 -16691.5 -16630.1 -16896
  70 69.5 1.54832 0.000672014 -16797.4 -16940 -17067.9
  71 70.5 1.55354 0.000674278 -16851.5 -16826.1 -16881.8
  72 71.5 1.55542 0.000675097 -17406.9 -16981.5 -16921.5
  73 72.5 1.55776 0.000676111 -17116.4 -17047.9 -16871.2
  74 73.5 1.55834 0.000676361 -17175.9 -17109.8 -16980.2
  75 74.5 1.55564 0.000675191 -17141.9 -17220.2 -17053.7
  76 75.5 1.56733 0.000680264 -17189 -17389.5 -16800.5
  77 76.5 1.56343 0.000678573 -16974.1 -17568.1 -16748.7
  78 77.5 1.57457 0.000683406 -16875.4 -17335.7 -16675.4
  79 78.5 1.57753 0.000684691 -17029 -17382.5 -16762.4
  80 79.5 1.56867 0.000680847 -17017.5 -17260.3 -16838.1
  81 80.5 1.56448 0.000679028 -16644.6 -17142.7 -16805.6
  82 81.5 1.58297 0.000687052 -16546.4 -17195.4 -16609
  83 82.5 1.5829 0.000687024 -16927 -17239.2 -16673.3
  84 83.5 1.5625 0.00067817 -16896.9 -17171.3 -16771.2
  85 84.5 1.56655 0.000679927 -17071.1 -17086.2 -16962.5
  86 85.5 1.57579 0.000683937 -16895.6 -17226.1 -16746.9
  87 86.5 1.58572 0.000688247 -16608.2 -17302.6 -16673.6
  88 87.5 1.59155 0.000690778 -16257.3 -17113.4 -16394.4
  89 88.5 1.58398 0.00068749 -16565.3 -17215.4 -16690.7
  90 89.5 1.60475 0.000696507 -16600.2 -17040.4 -16427.8
  91 90.5 1.59888 0.000693958 -16400.4 -17151.2 -16490.7
  92 91.5 1.59747 0.000693347 -16283.4 -17075.3 -16546.7
  93 92.5 1.59664 0.000692986 -16395.1 -16839 -16592.4
  94 93.5 1.61166 0.000699503 -16684.4 -16971.5 -16259.3
  95 94.5 1.60348 0.000695955 -16691.7 -17303.9 -16414.2
  96 95.5 1.59743 0.00069333 -16723.3 -17370.3 -16528.9
  97 96.5 1.6173 0.000701955 -16365.7 -17032.4 -16260.6
  98 97.5 1.60539 0.000696785 -16269.6 -16952.2 -16449.4
  99 98.5 1.59801 0.00069358 -16095.8 -16705.4 -16547.6
  100 99.5 1.59972 0.000694323 -16282.2 -17019.6 -16439.7
  101 100.5 1.59882 0.000693934 -16348.9 -16709.6 -16430.6
  102 101.5 1.57741 0.000684639 -16661.9 -16857.2 -16814
  103 102.5 1.59547 0.000692479 -16565 -16672.5 -16590.4
  104 103.5 1.60665 0.00069733 -16637.1 -16633.3 -16315.9
  105 104.5 1.5856 0.000688194 -16961.3 -16511.1 -16686.2
  106 105.5 1.59767 0.000693434 -17013 -16571.1 -16478.6
  107 106.5 1.59346 0.000691604 -16464.3 -16956.9 -16596.8
  108 107.5 1.60772 0.000697795 -16764.2 -16916.6 -16374.7
  109 108.5 1.60691 0.000697444 -16740.3 -16621.9 -16446.4
  110 109.5 1.61453 0.00070075 -16603.8 -16837.1 -16303.5
  111 110.5 1.60203 0.000695326 -16572.3 -16718 -16302.5
  112 111.5 1.59626 0.000692823 -16284.4 -16326.3 -16735.4
  113 112.5 1.60073 0.00069476 -16069.4 -16410.4 -16466.1
  114 113.5 1.59543 0.000692462 -16384.9 -16515.8 -16512
  115 114.5 1.60036 0.000694601 -16314.3 -16454.1 -16527
  116 115.5 1.60712 0.000697535 -16655.9 -16348.9 -16345
  117 116.5 1.60599 0.000697045 -16681.3 -15910.3 -16308.1
  118 117.5 1.58654 0.000688601 -16348.7 -16225.7 -16680.9
  119 118.5 1.58741 0.000688979 -16682.6 -16091.5 -16635
  120 119.5 1.59416 0.00069191 -16783.2 -15996 -16553.4
  121 120.5 1.59748 0.000693351 -16829.6 -16165.2 -16450.9
  122 121.5 1.59883 0.000693938 -17049.2 -15984 -16548
  123 122.5 1.58026 0.000685878 -16681.1 -15977 -16708.7
  124 123.5 1.60833 0.000698059 -16659.3 -16177.1 -16518.2
  125 124.5 1.61365 0.000700368 -16550.2 -16352.6 -16301
  126 125.5 1.60132 0.000695017 -15981.6 -16104.2 -16354
  127 126.5 1.5849 0.000687889 -16119.3 -16535.4 -16628.6
  128 127.5 1.58034 0.00068591 -16616.2 -16274.7 -16805
  129 128.5 1.57865 0.000685177 -16627.7 -16429 -16666.7
  130 129.5 1.56767 0.000680413 -16233.9 -16182.6 -16808.8
  131 130.5 1.56606 0.000679715 -16406.9 -16387.4 -16834
  132 131.5 1.58462 0.000687771 -16709.9 -16361.7 -16598.8
  133 132.5 1.58302 0.000687073 -16693.2 -16647.1 -16678.7
  134 133.5 1.59282 0.00069133 -16674.5 -16536 -16557.7
  135 134.5 1.58948 0.000689878 -16465.6 -16381.4 -16586.3
  136 135.5 1.59706 0.00069317 -16791.7 -16286.6 -16612.6
  137 136.5 1.6112 0.000699306 -16356.6 -16441.5 -16321
  138 137.5 1.59543 0.000692462 -16417.2 -16328.7 -16586.8
  139 138.5 1.60434 0.00069633 -16730.8 -16187.5 -16284.2
  140 139.5 1.59769 0.000693441 -16658.6 -16318.6 -16433
  141 140.5 1.58862 0.000689507 -16334.4 -16323.2 -16671.5
  142 141.5 1.57834 0.000685042 -16412.9 -16107 -16842.5
  143 142.5 1.58091 0.00068616 -16478.2 -16022.3 -16786.6
  144 143.5 1.58806 0.000689264 -16661.9 -15913.3 -16408.9
  145 144.5 1.60671 0.000697358 -16440.8 -16354 -16399.1
  146 145.5 1.59531 0.00069241 -16465 -16463.9 -16494.2
  147 146.5 1.59289 0.000691358 -16449 -16446 -16552.9
  148 147.5 1.5849 0.000687892 -16548.9 -16384.2 -16816.2
  149 148.5 1.59773 0.000693458 -16293 -15992.2 -16422.7
  150 149.5 1.59278 0.000691309 -16722.2 -16222.8 -16617.2
  151 150.5 1.62017 0.000703198 -16600.6 -16600.3 -16202.8
  152 151.5 1.61929 0.000702816 -16767.7 -16646.3 -16201.8
  153 152.5 1.61685 0.000701757 -16633.8 -16688.4 -16430.6
  154 153.5 1.61497 0.000700941 -16695.3 -16650.2 -16322.9
  155 154.5 1.59515 0.00069234 -16649.8 -16509.9 -16567.3
  156 155.5 1.60484 0.000696545 -16879 -16610.7 -16404.6
  157 156.5 1.5982 0.000693663 -16596.9 -16545 -16515.3
  158 157.5 1.6134 0.00070026 -16867.5 -16439.8 -16320.9
  159 158.5 1.60358 0.000696 -16735.8 -16413.8 -16525.4
  160 159.5 1.60397 0.000696167 -16555.8 -16451.4 -16493.9
  161 160.5 1.59857 0.000693823 -16645.9 -16712.4 -16460.3
  162 161.5 1.60602 0.000697059 -16830 -16592.6 -16215.3
  163 162.5 1.59 0.000690104 -16928.8 -16512.9 -16672
  164 163.5 1.59376 0.000691736 -17047.2 -16657 -16603.2
  165 164.5 1.59434 0.00069199 -16946.4 -16681.8 -16587
  166 165.5 1.57466 0.000683448 -16721 -16682.2 -16665.4
  167 166.5 1.57734 0.000684608 -16589.7 -16552 -16679.2
  168 167.5 1.59095 0.000690517 -16562.4 -16425.8 -16555.8
  169 168.5 1.56978 0.000681326 -16770.9 -16138.2 -16862.4
  170 169.5 1.56111 0.000677566 -16705.8 -16629 -16950.5
  171 170.5 1.5779 0.000684851 -16534.2 -16757.6 -16704.4
  172 171.5 1.57484 0.000683524 -16353.3 -16925 -16652.6
  173 172.5 1.58558 0.000688184 -16478.2 -16240.6 -16645.8
  174 173.5 1.56534 0.000679403 -16568.8 -16409.3 -16849.6
  175 174.5 1.57025 0.000681531 -16749.2 -16561.6 -16819.8
  176 175.5 1.57565 0.000683875 -16713.8 -16446.1 -16643.9
  177 176.5 1.59212 0.000691024 -16673.8 -16714.5 -16586.8
  178 177.5 1.59593 0.000692677 -16642.6 -16900.2 -16660.9
  179 178.5 1.58596 0.000688351 -16315.4 -16552.9 -16427.4
  180 179.5 1.5745 0.000683375 -16022.8 -16881.8 -16913.6
  181 180.5 1.58103 0.000686212 -16051.2 -16745.4 -16753
  182 181.5 1.57598 0.000684017 -16260.2 -16950.1 -16649.9
  183 182.5 1.58833 0.000689378 -16549.8 -16773.9 -16710.1
  184 183.5 1.58794 0.000689208 -16260.9 -16864.1 -16508
  185 184.5 1.58231 0.000686767 -16334.4 -16830 -16616.8
  186 185.5 1.56348 0.000678594 -16513.6 -17035.9 -16892.4
  187 186.5 1.55274 0.000673934 -16732.6 -16885.7 -16852.5
  188 187.5 1.56577 0.000679587 -17360.8 -16958.2 -16708.8
  189 188.5 1.56797 0.000680542 -16528.8 -16911.4 -16834.2
  190 189.5 1.5641 0.000678861 -16418.4 -16642.4 -16769.3
  191 190.5 1.55682 0.000675701 -16558.9 -16467.9 -16653.4
  192 191.5 1.59575 0.000692601 -16422.9 -16937.7 -16293.6
  193 192.5 1.62155 0.000703799 -16670.9 -16986.6 -15970.1
  194 193.5 1.61616 0.000701458 -16857 -16947.6 -15839.1
  195 194.5 1.63945 0.000711566 -16197.7 -16946 -15473
  196 195.5 1.67982 0.00072909 -16326.3 -16383.6 -14908.1
  197 196.5 1.72694 0.000749538 -15853.4 -15802.2 -14124.4
  198 197.5 1.78567 0.000775031 -15318.2 -15778.4 -13402.3
  199 198.5 1.88453 0.000817937 -15014.8 -15219.3 -12185.6
  200 199.5 1.99834 0.000867333 -14508.3 -14624.4 -11002.2
  201 200.5 2.1812 0.000946701 -12984.3 -13198.4 -9157.23
  202 201.5 2.42618 0.00105303 -11849.5 -11914.9 -7311.51
  203 202.5 2.8412 0.00123316 -10060.3 -10408.6 -4913.72
  204 203.5 3.35939 0.00145807 -8582.24 -8581.08 -2839.97
  205 204.5 4.06222 0.00176312 -6527.82 -6947.65 -1219.82
  206 205.5 5.02171 0.00217956 -4633.5 -4739.07 592.005
  207 206.5 6.24438 0.00271024 -3072.11 -2800 1466.19
  208 207.5 7.72336 0.00335215 -1272.61 -1039.51 2278.61
  209 208.5 9.46889 0.00410976 149.052 373.181 2175.21
  210 209.5 11.4995 0.00499109 1476.87 1646.55 1996.16
  211 210.5 13.6922 0.00594281 2731.41 2624.05 1834.49
  212 211.5 15.9648 0.00692915 3325.42 3334.89 1367.24
  213 212.5 18.2058 0.00790183 3783.65 3752.29 432.448
  214 213.5 20.2482 0.00878827 4069.19 4105.41 -117.668
  215 214.5 22.1657 0.00962052 3980.62 4011.34 -845.225
  216 215.5 23.8339 0.0103446 3865.42 3766.59 -1273.36
  217 216.5 25.2718 0.0109686 3383.42 3349.68 -1840.41
  218 217.5 26.3154 0.0114216 2959.6 2896.18 -2196.27
  219 218.5 27.2966 0.0118475 2592.45 2454.22 -1987.73
  220 219.5 28.0837 0.0121891 2020.12 1989.4 -2053.39
  221 220.5 28.5987 0.0124126 1618.3 1536.21 -2109.23
  222 221.5 28.808 0.0125035 1295.59 1102.33 -1257.12
  223 222.5 29.249 0.0126949 1085.66 985.595 131.399
  224 223.5 29.7542 0.0129141 1881.74 1313.04 1116.98
  225 224.5 29.8522 0.0129567 4703.03 3812.07 3032.19
  226 225.5 30.4658 0.013223 11621.8 11392.4 8736.13
  227 226.5 33.0934 0.0143634 19167.2 22146.9 15246.8
  228 227.5 36.5727 0.0158736 21623.8 29941.2 15907.3
  229 228.5 39.4501 0.0171224 19170.5 33207.2 9916.73
  230 229.5 41.0541 0.0178186 16386.4 36084.7 761.024
  231 230.5 41.9965 0.0182276 16276.9 40928.9 -6502.09
  232 231.5 42.5935 0.0184868 18852.7 47218.7 -9100.92
  233 232.5 42.8936 0.018617 21886.2 52369.7 -9051.35
  234 233.5 43.1013 0.0187072 24557.3 56503.7 -7921.57
  235 234.5 43.2507 0.018772 26226.3 59164.8 -6649.92
  236 235.5 43.3451 0.018813 27393.8 60709.9 -5206.65
  237 236.5 43.3819 0.0188289 28156.2 61828.4 -4241.54
  238 237.5 43.4717 0.0188679 28630.7 62530.5 -3503.11
  239 238.5 43.4899 0.0188758 28868.2 63083.3 -2760.97
  240 239.5 43.4993 0.0188799 29173 63309.7 -2226.93
  241 240.5 43.5148 0.0188866 29252.5 63587 -1844.43
  242 241.5 43.5324 0.0188943 29408.6 63884.8 -1457.41
  243 242.5 43.5208 0.0188892 29471.2 64017.6 -1288.41
  244 243.5 43.5513 0.0189025 29630.1 64203.6 -1072.01
  245 244.5 43.5477 0.0189009 29467.7 64134.8 -908.278
  246 245.5 43.5408 0.0188979 29583.7 64205.5 -797.813
  247 246.5 43.5431 0.0188989 29742.2 64398.8 -764.302
  248 247.5 43.5476 0.0189009 29694.1 64444.2 -625.405
  249 248.5 43.5551 0.0189041 29697.3 64408 -623.787
  250 249.5 43.534 0.018895 29879.9 64499.1 -643.048
  251 250.5 43.5592 0.0189059 29778.2 64489.5 -582.916
  252 251.5 43.5331 0.0188946 29838.4 64566.9 -543.123
  253 252.5 43.5524 0.0189029 29820.8 64536.4 -636.711
  254 253.5 43.554 0.0189036 29739.3 64571.6 -495.611
  255 254.5 43.5389 0.0188971 29854.6 64550.1 -644.257
  256 255.5 43.5574 0.0189051 29697.6 64422.3 -550.001
  257 256.5 43.5426 0.0188987 29672.9 64408.9 -520.434
  258 257.5 43.5419 0.0188984 29771.8 64548.8 -603.536
  259 258.5 43.5624 0.0189073 29683.4 64440.5 -631.808
  260 259.5 43.5487 0.0189013 29736.8 64417.2 -628.085
  261 260.5 43.5393 0.0188973 29650.7 64532.9 -490.619
  262 261.5 43.5511 0.0189024 29733.9 64557.6 -531.716
  263 262.5 43.5552 0.0189042 29689.5 64536.4 -643.182
  264 263.5 43.5457 0.0189 29783.3 64465.8 -541.194
  265 264.5 43.5509 0.0189023 29677.3 64416 -544.824
  266 265.5 43.5506 0.0189022 29802.9 64665.6 -527.575
  267 266.5 43.5502 0.018902 29683.8 64513.3 -677.733
  268 267.5 43.5403 0.0188977 29745.8 64516.3 -567.239
  269 268.5 43.5552 0.0189042 29874.9 64527.8 -493.772
  270 269.5 43.5571 0.018905 29725.8 64532.1 -528.759
  271 270.5 43.5299 0.0188932 29761.9 64499.4 -722.55
  272 271.5 43.5625 0.0189073 29643.9 64502.8 -534.896
  273 272.5 43.5522 0.0189029 29778.7 64412.5 -557.195
  274 273.5 43.5506 0.0189022 29744 64607.1 -590.191
  275 274.5 43.5489 0.0189014 29752.2 64515.5 -630.096
  276 275.5 43.5456 0.0189 29762.7 64486.7 -506.681
  277 276.5 43.5452 0.0188998 29667.7 64506.1 -574.605
  278 277.5 43.5604 0.0189064 29619.7 64486.4 -627.456
  279 278.5 43.5474 0.0189008 29736.6 64499.8 -578.365
  280 279.5 43.5361 0.0188959 29742.2 64504.6 -653.443
  281 280.5 43.5574 0.0189051 29843.2 64585.5 -473.952
  282 281.5 43.5534 0.0189034 29843.9 64614.1 -589.769
  283 282.5 43.5484 0.0189012 29801 64516.8 -593.151
  284 283.5 43.5447 0.0188996 29745.1 64657.4 -609.309
  285 284.5 43.5533 0.0189033 29858.2 64604.7 -499.577
  286 285.5 43.5409 0.018898 29697.2 64517.4 -601.666
  287 286.5 43.5457 0.0189 29753.7 64611.7 -523.116
  288 287.5 43.5554 0.0189043 29743.9 64571.7 -592.796
  289 288.5 43.5509 0.0189023 29703.6 64408.6 -597.826
  290 289.5 43.5512 0.0189025 29716.8 64486.6 -584.296
  291 290.5 43.5313 0.0188938 29724.7 64654.9 -575
  292 291.5 43.5808 0.0189153 29700.9 64506.1 -564.968
  293 292.5 43.5309 0.0188936 29663.4 64442.5 -573.104
  294 293.5 43.557 0.0189049 29604.6 64492.6 -492.416
  295 294.5 43.542 0.0188984 29624.1 64525.8 -633.106
  296 295.5 43.5433 0.018899 29654.5 64474 -606.135
  297 296.5 43.5424 0.0188986 29718.6 64498.1 -537.891
  298 297.5 43.5421 0.0188985 29675 64495.9 -518.529
  299 298.5 43.5626 0.0189074 29554.3 64386.6 -644.79
  300 299.5 43.5404 0.0188978 29623.3 64543.9 -525.728
  301 300.5 43.5503 0.018902 29547.3 64434.9 -646.555
  302 301.5 43.5388 0.0188971 29611.4 64571.3 -580.25
  303 302.5 43.5601 0.0189063 29657.3 64514.7 -531.988
  304 303.5 43.5441 0.0188994 29617.1 64518.9 -557.646
  305 304.5 43.5525 0.018903 29679.1 64556.7 -603.375
  306 305.5 43.5463 0.0189003 29649.6 64509.8 -696.395
  307 306.5 43.547 0.0189006 29685.3 64578.5 -496.187
  308 307.5 43.5458 0.0189001 29611.1 64647.7 -550.723
  309 308.5 43.544 0.0188993 29703.8 64632.2 -613.276
  310 309.5 43.5513 0.0189025 29607.9 64504.5 -673.95
  311 310.5 43.5635 0.0189078 29709.8 64570.4 -460.769
  312 311.5 43.5439 0.0188993 29675.8 64536.3 -592.752
  313 312.5 43.5443 0.0188994 29791.5 64557.1 -594.556
  314 313.5 43.5526 0.018903 29722.3 64616.6 -580.111
  315 314.5 43.5583 0.0189055 29924.8 64647.8 -501.585
  316 315.5 43.5324 0.0188943 29702.7 64624.3 -616.816
  317 316.5 43.5587 0.0189057 29833.7 64561.8 -561.072
  318 317.5 43.5555 0.0189043 29650 64546.6 -554.271
  319 318.5 43.5533 0.0189033 29826 64635.1 -593.438
  320 319.5 43.5417 0.0188983 29708 64590.1 -600.563
  321 320.5 43.547 0.0189006 29721.6 64591.9 -593.814
  322 321.5 43.5573 0.0189051 29862.5 64594.7 -529.695
  323 322.5 43.5522 0.0189029 29851.8 64741.9 -572.112
  324 323.5 43.5532 0.0189033 29916.2 64682.4 -583.779
  325 324.5 43.5481 0.0189011 29853.8 64699.1 -462.582
  326 325.5 43.5538 0.0189036 29744.1 64698.5 -662.636
  327 326.5 43.5478 0.018901 29889.7 64627.7 -600.635
  328 327.5 43.5493 0.0189016 29849.7 64749.1 -537.779
  329 328.5 43.5558 0.0189044 29907.3 64620.9 -479.002
  330 329.5 43.5592 0.0189059 29808.2 64566.2 -654.234
  331 330.5 43.5474 0.0189008 29861.8 64625.6 -685.623
  332 331.5 43.5563 0.0189047 29967.8 64787 -444.388
  333 332.5 43.5405 0.0188978 29839.1 64663.8 -558.293
  334 333.5 43.5581 0.0189054 29764.1 64561.5 -659.71
  335 334.5 43.5547 0.018904 29874.6 64692.3 -561.826
  336 335.5 43.565 0.0189084 29779 64633.6 -471.075
  337 336.5 43.5443 0.0188994 29789.3 64510.3 -605.26
  338 337.5 43.5537 0.0189035 29777.3 64603.7 -555.494
  339 338.5 43.5596 0.0189061 29832.4 64545.9 -624.407
  340 339.5 43.5414 0.0188982 29961.9 64632.3 -643.057
  341 340.5 43.5606 0.0189065 29915.7 64724.8 -467.339
  342 341.5 43.5536 0.0189035 30024.1 64681 -638.873
  343 342.5 43.54 0.0188975 29964.8 64701.7 -542.576
  344 343.5 43.5623 0.0189073 30007.8 64819.8 -543.126
  345 344.5 43.5542 0.0189037 29980.8 64689.8 -589.769
  346 345.5 43.5672 0.0189094 29939.9 64768.2 -544.078
  347 346.5 43.557 0.018905 30050 64749.9 -587.554
  348 347.5 43.546 0.0189002 29971.9 64697.6 -571.607
  349 348.5 43.562 0.0189071 29976.3 64727.1 -607.644
  350 349.5 43.558 0.0189054 29949.7 64720.1 -536.944
  351 350.5 43.546 0.0189002 29891.5 64611.3 -667.693
  352 351.5 43.5569 0.0189049 29840.3 64566.9 -606.09
  353 352.5 43.5426 0.0188987 29734.1 64529.2 -614.983
  354 353.5 43.5666 0.0189091 29705.3 64459.7 -684.349
  355 354.5 43.5531 0.0189033 29644.8 64386.8 -773.246
  356 355.5 43.5396 0.0188974 29628.3 64378.3 -783.942
  357 356.5 43.5553 0.0189042 29714.1 64307.3 -974.202
  358 357.5 43.5289 0.0188928 29678.2 64269.2 -1143.86
  359 358.5 43.5275 0.0188922 29472.6 64122.8 -1311.33
  360 359.5 43.5309 0.0188936 29389.4 63913.5 -1504.75
  361 360.5 43.5459 0.0189001 29221.7 63719.8 -1831.57
  362 361.5 43.4966 0.0188787 29086.2 63450.9 -2461.62
  363 362.5 43.4678 0.0188662 28852.9 63094.6 -2882.7
  364 363.5 43.451 0.0188589 28548.6 62693.6 -3504.23
  365 364.5 43.4064 0.0188396 28057.5 61857.2 -4465.61
  366 365.5 43.3384 0.0188101 27127.5 60624.3 -5567.27
  367 366.5 43.2169 0.0187573 25923.5 58933.4 -6785.41
  368 367.5 43.0729 0.0186948 23970 55771.4 -8082.07
  369 368.5 42.8408 0.0185941 21361.6 51676.8 -9123.35
  370 369.5 42.5074 0.0184494 18229.3 46196.1 -8621.49
  371 370.5 41.8284 0.0181547 16245.8 40107 -4598.36
  372 371.5 40.773 0.0176966 16855.8 35644.8 3399.52
  373 372.5 38.9761 0.0169167 19797.2 32894.8 12104.4
  374 373.5 35.8648 0.0155663 20784.5 28039.5 16356
  375 374.5 32.5384 0.0141226 16373.5 18623.7 13825.1
  376 375.5 30.8076 0.0133713 8608.72 8397.27 7574.68
  377 376.5 30.6386 0.013298 3078.45 2369.49 3747.17
  378 377.5 30.4836 0.0132307 586.008 166.012 2496.73
  379 378.5 30.2085 0.0131113 -441.548 -405.204 939.412
  380 379.5 30.3048 0.0131531 -598.039 -526.919 -282.158
  381 380.5 30.4668 0.0132234 -655.426 -537.291 -463.498
  382 381.5 30.4327 0.0132086 -720.168 -689.406 -405.165
  383 382.5 30.4172 0.0132019 -744.542 -709.742 -648.228
  384 383.5 30.4982 0.0132371 -615.656 -718.077 -789.434
  385 384.5 30.4671 0.0132236 -880.415 -802.318 -768.655
  386 385.5 30.4641 0.0132223 -700.045 -756.379 -848.9
  387 386.5 30.523 0.0132478 -908.552 -940.309 -812.214
  388 387.5 30.5084 0.0132415 -837.523 -790.978 -866.353
  389 388.5 30.5289 0.0132504 -925.104 -804.53 -814.783
  390 389.5 30.541 0.0132557 -946.518 -989.927 -882.729
  391 390.5 30.499 0.0132374 -957.257 -1006.83 -873.376
  392 391.5 30.5695 0.013268 -897.826 -842.411 -835.258
  393 392.5 30.5788 0.0132721 -963.584 -889.455 -851.1
  394 393.5 30.5859 0.0132751 -945.274 -742.232 -866.823
  395 394.5 30.5661 0.0132666 -820.567 -825.885 -861.945
  396 395.5 30.5895 0.0132767 -808.948 -763.905 -877.466
  397 396.5 30.6154 0.0132879 -724.894 -1052.48 -909.002
  398 397.5 30.5229 0.0132478 -884.455 -962.019 -822.643
  399 398.5 30.6526 0.0133041 -731.799 -1118.69 -857.511
  400 399.5 30.5943 0.0132788 -862.855 -1047.95 -862.081
  401 400.5 30.5579 0.013263 -897.473 -970.635 -824.755
  402 401.5 30.5908 0.0132773 -835.185 -940.608 -953.851
  403 402.5 30.6242 0.0132918 -798.448 -841.297 -776.5
  404 403.5 30.5465 0.013258 -720.951 -896.31 -801.729
  405 404.5 30.583 0.0132739 -894.703 -875.54 -1003.78
  406 405.5 30.6184 0.0132892 -692.91 -897.861 -749.691
  407 406.5 30.5054 0.0132402 -750.099 -756.606 -827.908
  408 407.5 30.5407 0.0132555 -847.818 -871.09 -962.398
  409 408.5 30.5942 0.0132787 -785.184 -879.793 -750.235
  410 409.5 30.5699 0.0132682 -839.808 -852.02 -775.606
  411 410.5 30.5227 0.0132477 -861.147 -856.536 -950.558
  412 411.5 30.5081 0.0132413 -813.106 -795.997 -856.56
  413 412.5 30.5428 0.0132564 -898.5 -776.464 -888.417
  414 413.5 30.5585 0.0132632 -844.003 -807.622 -825.593
  415 414.5 30.5456 0.0132576 -942.541 -1111.75 -745.194
  416 415.5 30.5378 0.0132542 -941.972 -787.451 -897.416
  417 416.5 30.5519 0.0132604 -851.382 -866.05 -846.195
  418 417.5 30.4732 0.0132262 -813.646 -915.645 -964.184
  419 418.5 30.5588 0.0132634 -691.747 -884.54 -860.499
  420 419.5 30.5851 0.0132748 -795.136 -858.343 -732.659
  421 420.5 30.5018 0.0132386 -920.525 -923.766 -842.798
  422 421.5 30.5253 0.0132488 -877.835 -950.993 -867.621
  423 422.5 30.5293 0.0132506 -749.727 -785.693 -852.324
  424 423.5 30.5143 0.013244 -832.788 -855.487 -847.067
  425 424.5 30.5515 0.0132602 -868.757 -860.238 -954.845
  426 425.5 30.534 0.0132526 -807.721 -892.103 -815.283
  427 426.5 30.5662 0.0132666 -715.672 -705.888 -766.971
  428 427.5 30.5606 0.0132642 -859.735 -933.608 -941.023
  429 428.5 30.5106 0.0132425 -743.262 -986.955 -849.6
  430 429.5 30.5229 0.0132478 -809.927 -996.323 -866.124
  431 430.5 30.5948 0.013279 -674.271 -800.153 -733.694
  432 431.5 30.4837 0.0132308 -769.721 -874.013 -940.828
  433 432.5 30.503 0.0132392 -829.064 -821.306 -860.735
  434 433.5 30.61 0.0132856 -875.984 -944.57 -772.458
  435 434.5 30.5562 0.0132622 -881.841 -921.336 -951.979
  436 435.5 30.5166 0.013245 -901.244 -964.117 -781.976
  437 436.5 30.552 0.0132604 -836.851 -853.375 -939.423
  438 437.5 30.562 0.0132648 -845.429 -756.522 -721.863
  439 438.5 30.5391 0.0132548 -968.623 -934.81 -913.475
  440 439.5 30.5841 0.0132743 -890.729 -902.047 -867.513
  441 440.5 30.5056 0.0132403 -892.96 -916.202 -862.587
  442 441.5 30.6016 0.013282 -1088.85 -874.466 -868.75
  443 442.5 30.5832 0.013274 -912.875 -658.602 -759.777
  444 443.5 30.5561 0.0132622 -883.325 -725.358 -910.452
  445 444.5 30.493 0.0132348 -852.495 -779.022 -910.015
  446 445.5 30.6116 0.0132863 -887.157 -748.092 -872.126
  447 446.5 30.6256 0.0132924 -791.604 -781.797 -825.255
  448 447.5 30.5369 0.0132539 -890.77 -754.64 -724.581
  449 448.5 30.5513 0.0132601 -931.64 -916.154 -923.457
  450 449.5 30.6689 0.0133112 -1004.36 -973.473 -920.097
  451 450.5 30.5594 0.0132636 -995.557 -915.158 -853.498
  452 451.5 30.5762 0.0132709 -867.504 -706.443 -715.63
  453 452.5 30.5577 0.0132629 -898.899 -799.593 -1054.92
  454 453.5 30.5977 0.0132802 -770.838 -707.323 -776.248
  455 454.5 30.5298 0.0132508 -843.777 -887.397 -850.78
  456 455.5 30.5791 0.0132722 -870.275 -890.294 -882.977
  457 456.5 30.5222 0.0132475 -990.578 -898.398 -833.01
  458 457.5 30.6063 0.013284 -863.005 -810.837 -774.451
  459 458.5 30.5758 0.0132707 -797.259 -821.89 -977.667
  460 459.5 30.5246 0.0132485 -863.287 -739.933 -757.965
  461 460.5 30.5111 0.0132427 -784.298 -741.746 -734.674
  462 461.5 30.5925 0.013278 -841.423 -874.615 -954.565
  463 462.5 30.5602 0.013264 -951.611 -890.88 -999.565
  464 463.5 30.5073 0.013241 -825 -859.932 -818.686
  465 464.5 30.5707 0.0132685 -679.524 -709.765 -780.188
  466 465.5 30.6846 0.013318 -963.408 -947.457 -779.489
  467 466.5 30.5601 0.0132639 -967.503 -1033.66 -818.781
  468 467.5 30.4961 0.0132362 -969.135 -1030.87 -974.125
  469 468.5 30.5877 0.0132759 -788.857 -894.616 -822.596
  470 469.5 30.6058 0.0132838 -906.631 -930.519 -837.652
  471 470.5 30.5557 0.013262 -834.146 -823.351 -903.223
  472 471.5 30.5086 0.0132416 -812.589 -632.564 -876.765
  473 472.5 30.6167 0.0132885 -866.263 -751.289 -821.278
  474 473.5 30.6086 0.013285 -962.412 -764.365 -702.459
  475 474.5 30.528 0.01325 -1001.6 -811.494 -878.21
  476 475.5 30.5634 0.0132654 -1137.13 -872.312 -1025.27
  477 476.5 30.6422 0.0132996 -961.093 -983.189 -764.118
  478 477.5 30.5416 0.0132559 -919.41 -896.636 -838.996
  479 478.5 30.553 0.0132609 -869.328 -961.036 -828.432
  480 479.5 30.5999 0.0132812 -751.742 -893.138 -931.978
57500000 480 11615.999999999993
  1 0.5 30.4788 0.0132287 -877.957 -983.847 -859.701
  2 1.5 30.4288 0.013207 -898.316 -801.328 -930.978
  3 2.5 30.4259 0.0132057 -771.348 -630.255 -724.281
  4 3.5 30.4821 0.0132301 -869.049 -953.186 -840.768
  5 4.5 30.437 0.0132105 -802.007 -823.822 -897.587
  6 5.5 30.4539 0.0132178 -936.387 -861.644 -823.104
  7 6.5 30.4648 0.0132226 -1070.88 -949.056 -815.849
  8 7.5 30.4855 0.0132315 -798.275 -955.855 -845.88
  9 8.5 30.4285 0.0132068 -885.527 -810.896 -875.709
  10 9.5 30.4326 0.0132086 -806.498 -725.715 -805.359
  11 10.5 30.46 0.0132205 -746.814 -836.616 -934.9
  12 11.5 30.4567 0.013219 -812.728 -770.566 -790.679
  13 12.5 30.426 0.0132058 -877.722 -862.811 -874.113
  14 13.5 30.4716 0.0132255 -842.973 -848.834 -783.068
  15 14.5 30.4712 0.0132254 -975.978 -998.098 -1043.11
  16 15.5 30.4259 0.0132057 -834.412 -798.09 -731.747
  17 16.5 30.4513 0.0132167 -1115.3 -954.74 -915.536
  18 17.5 30.5127 0.0132434 -909.784 -865.36 -787.36
  19 18.5 30.4233 0.0132046 -778.769 -792.814 -864.448
  20 19.5 30.3993 0.0131941 -884.972 -905.979 -944.65
  21 20.5 30.443 0.0132131 -886.066 -900.429 -1019.78
  22 21.5 30.4914 0.0132341 -662.019 -766.35 -806.986
  23 22.5 30.3946 0.0131921 -507.344 -516.859 -801.764
  24 23.5 30.4 0.0131944 -520.092 -701.924 -951.777
  25 24.5 30.3444 0.0131703 -482.547 -631.556 -1007
  26 25.5 30.3953 0.0131924 -706.287 -728.648 -1012.73
  27 26.5 30.3225 0.0131608 -404.597 -585.143 -1063.94
  28 27.5 30.3276 0.013163 -602.477 -639.364 -1094.74
  29 28.5 30.3064 0.0131538 -507.57 -703.049 -1128.71
  30 29.5 30.3122 0.0131563 -417.795 -442.526 -1256.15
  31 30.5 30.1738 0.0130963 -401.466 -346.991 -1325.68
  32 31.5 30.1856 0.0131014 -149.439 -68.1012 -1437.99
  33 32.5 30.1306 0.0130775 -255.312 -169.109 -1673.96
  34 33.5 29.9191 0.0129857 -109.336 -75.6967 -1758.81
  35 34.5 29.863 0.0129614 230.935 280.1 -1814.35
  36 35.5 29.6295 0.01286 509.3 590.103 -2016.83
  37 36.5 29.254 0.012697 804.086 947.624 -2185.83
  38 37.5 28.9528 0.0125663 1283.4 1280.44 -2306.89
  39 38.5 28.5115 0.0123748 1790.78 1707.77 -2239.2
  40 39.5 27.8334 0.0120804 2134.23 2035.16 -2123.29
  41 40.5 27.0231 0.0117288 2544.08 2493.32 -2171.46
  42 41.5 26.0694 0.0113149 2934.24 2947.63 -1946.84
  43 42.5 24.8047 0.0107659 3101.91 3095.66 -1737.42
  44 43.5 23.3406 0.0101305 3538.44 3707.01 -1103.41
  45 44.5 21.7252 0.00942934 3620.18 3663.78 -905.659
  46 45.5 19.8909 0.0086332 3705.64 3663.05 -236.344
  47 46.5 17.8044 0.00772763 3491.45 3433.3 207.51
  48 47.5 15.7862 0.00685166 3164.39 3220.39 757.644
  49 48.5 13.709 0.00595009 2676.99 2810.66 1403.25
  50 49.5 11.6548 0.00505851 1976.79 1927.95 1611.14
  51 50.5 9.74308 0.00422877 918.285 816.991 1835.27
  52 51.5 8.07156 0.00350328 -322.581 -419.9 1894.53
  53 52.5 6.5868 0.00285885 -1969.55 -2006.78 1490.12
  54 53.5 5.34747 0.00232095 -3639.94 -3746.45 621.397
  55 54.5 4.35112 0.00188851 -5501.21 -5435.91 -329.676
  56 55.5 3.57767 0.00155281 -7414.31 -7624.78 -2356.44
  57 56.5 3.00782 0.00130548 -9598.76 -9460.04 -4172.38
  58 57.5 2.58006 0.00111982 -11187.6 -11447.8 -6263.75
  59 58.5 2.26195 0.00098175 -12312.8 -12889.7 -8207.62
  60 59.5 2.05224 0.000890729 -13528.8 -13853.5 -10085.8
  61 60.5 1.91483 0.00083109 -14973.5 -14430.4 -11667.5
  62 61.5 1.80113 0.00078174 -15341.1 -15027.8 -12881.9
  63 62.5 1.71895 0.000746073 -15971.1 -15857.5 -13915.6
  64 63.5 1.66394 0.000722198 -16014.4 -16114.1 -14877.5
  65 64.5 1.63434 0.000709347 -15794.7 -16219.4 -15172.8
  66 65.5 1.60226 0.000695427 -16368.7 -16317.5 -15675.4
  67 66.5 1.58037 0.000685924 -16641.4 -16632.4 -16080.3
  68 67.5 1.583 0.000687066 -16225.2 -16600.4 -16221.4
  69 68.5 1.56446 0.000679021 -16187.4 -16468.6 -16471.3
  70 69.5 1.5418 0.000669184 -16535.3 -16399.8 -16638.1
  71 70.5 1.54132 0.000668976 -16344.7 -16478.3 -16751.9
  72 71.5 1.55246 0.000673809 -16465.4 -16389.5 -16746.5
  73 72.5 1.53767 0.000667392 -16264.8 -16961.3 -16879.3
  74 73.5 1.55143 0.000673365 -16516.9 -16497.7 -16635.1
  75 74.5 1.54326 0.000669816 -16721.2 -16600.7 -16840.5
  76 75.5 1.54925 0.000672417 -16392.1 -16472.6 -16786.3
  77 76.5 1.55298 0.000674038 -16296.4 -16622.5 -16762.1
  78 77.5 1.56199 0.000677948 -16033.5 -16524.4 -16668.1
  79 78.5 1.54985 0.000672677 -16481.4 -16298 -16796.2
  80 79.5 1.54842 0.000672056 -16603.4 -16307.9 -16867.7
  81 80.5 1.55178 0.000673517 -16462.8 -16530.8 -16603.5
  82 81.5 1.56221 0.000678042 -16316.1 -16443.1 -16670.9
  83 82.5 1.54624 0.000671111 -16212.5 -16732.2 -16930.6
  84 83.5 1.54917 0.000672382 -16494 -16381.8 -16789.2
  85 84.5 1.54478 0.000670479 -16963.4 -16841 -16803.4
  86 85.5 1.53544 0.000666424 -16967.3 -16764.6 -17004
  87 86.5 1.53818 0.000667615 -16538.2 -16530.5 -16895.4
  88 87.5 1.53912 0.000668021 -16891.3 -16609.5 -17041.7
  89 88.5 1.53321 0.000665455 -16970.4 -16712.3 -16867.7
  90 89.5 1.52803 0.000663208 -17063.1 -16636.5 -17008.6
  91 90.5 1.50742 0.00065426 -16846.7 -17034.9 -17338.3
  92 91.5 1.51799 0.000658851 -16818.2 -16935.2 -17194.6
  93 92.5 1.5109 0.000655774 -17038.7 -17279.1 -17259.5
  94 93.5 1.5114 0.00065599 -17131.3 -17356 -17114.8
  95 94.5 1.50234 0.000652056 -16900.2 -17399.1 -17315.2
  96 95.5 1.51848 0.000659063 -16802.5 -17430.9 -16996.8
  97 96.5 1.51825 0.000658962 -16745.4 -16967.5 -17101.5
  98 97.5 1.51551 0.000657774 -16757 -17195.8 -17133.4
  99 98.5 1.52174 0.000660476 -16848.5 -17459.3 -17274.6
  100 99.5 1.53284 0.000665295 -16893 -17357.2 -17039.5
  101 100.5 1.52742 0.000662941 -17047.6 -17109.6 -16941.6
  102 101.5 1.52248 0.000660799 -17294.5 -16967.6 -17163.3
  103 102.5 1.53178 0.000664833 -17294.3 -16900.2 -16959.1
  104 103.5 1.54986 0.000672681 -17407.9 -17135 -16854.2
  105 104.5 1.53882 0.000667889 -17027.1 -17004 -16838.7
  106 105.5 1.53897 0.000667955 -16765.2 -17117.7 -16969
  107 106.5 1.53909 0.000668007 -16932.2 -17137.8 -16837.8
  108 107.5 1.53921 0.000668059 -17228.1 -17086.6 -16946.2
  109 108.5 1.51696 0.000658403 -16985.1 -17096.4 -17246.4
  110 109.5 1.52526 0.000662007 -16864.9 -17180 -17096.8
  111 110.5 1.53392 0.000665764 -16907 -17174 -16899.6
  112 111.5 1.51972 0.000659601 -16789.4 -17587.2 -17037.6
  113 112.5 1.51538 0.000657715 -16805.7 -16920.5 -17213.7
  114 113.5 1.50574 0.000653535 -16527.1 -16827.7 -17435.8
  115 114.5 1.5207 0.000660024 -17068.7 -17067.5 -17055.3
  116 115.5 1.53 0.000664063 -17165.7 -16623.9 -16877.9
  117 116.5 1.50972 0.00065526 -16997.7 -17038.7 -17322.9
  118 117.5 1.51845 0.000659049 -16713.8 -17185.3 -17115.8
  119 118.5 1.52388 0.000661406 -17006.5 -17139 -17145.2
  120 119.5 1.53102 0.000664507 -17184.9 -17102.3 -16879.6
  121 120.5 1.52506 0.000661917 -17201.6 -17049.6 -17049.7
  122 121.5 1.52611 0.000662375 -16895.2 -16873.1 -16972.9
  123 122.5 1.51486 0.00065749 -17037.1 -17141.3 -17338.8
  124 123.5 1.51314 0.000656743 -16783.9 -17049.9 -17181.8
  125 124.5 1.52094 0.000660128 -16960.5 -16713.3 -17159.4
  126 125.5 1.54441 0.000670316 -16647.9 -16595.1 -16828.9
  127 126.5 1.52764 0.000663038 -16976.7 -16504.2 -16985.1
  128 127.5 1.53226 0.000665042 -17253.3 -16587 -16939.6
  129 128.5 1.5353 0.000666365 -17521.6 -16728.5 -17059.8
  130 129.5 1.50848 0.000654722 -17673.8 -16724 -17263.9
  131 130.5 1.51982 0.000659642 -17688.4 -16888.8 -16988.5
  132 131.5 1.5298 0.000663976 -17333.4 -16750.5 -16981
  133 132.5 1.52984 0.000663993 -17212.8 -16912.1 -16994.4
  134 133.5 1.51617 0.000658059 -17098.2 -17185.2 -17241
  135 134.5 1.51474 0.000657441 -17171.2 -17040.2 -17174.9
  136 135.5 1.52287 0.000660969 -17216.2 -17021.3 -17124.9
  137 136.5 1.52455 0.000661698 -16960.2 -17268.3 -17143.3
  138 137.5 1.54519 0.000670656 -17354.8 -17292.5 -16826.6
  139 138.5 1.55328 0.000674167 -16968.2 -16840.2 -16698.6
  140 139.5 1.55905 0.00067667 -16949.7 -16889.3 -16641.4
  141 140.5 1.54272 0.000669583 -16761.4 -16585.5 -16970.7
  142 141.5 1.53219 0.000665014 -16899.3 -16490 -16953.4
  143 142.5 1.53718 0.000667181 -17305.7 -16546.2 -16947.6
  144 143.5 1.53774 0.00066742 -17033.1 -16807.2 -16906.2
  145 144.5 1.52942 0.000663809 -17159.3 -16891 -17043.2
  146 145.5 1.53509 0.000666271 -17388.5 -16713.2 -17026.5
  147 146.5 1.55607 0.000675378 -16796.7 -16313.5 -16546.5
  148 147.5 1.54334 0.000669854 -16716.6 -16662.7 -16896.1
  149 148.5 1.54383 0.000670066 -16786.2 -16819.9 -16892
  150 149.5 1.54322 0.000669799 -16935.8 -16963.8 -16794.6
  151 150.5 1.53231 0.000665066 -16665 -16624.5 -17017.3
  152 151.5 1.54316 0.000669774 -16711.1 -16781.2 -16902.5
  153 152.5 1.53791 0.000667497 -16709.1 -16814.7 -16902.7
  154 153.5 1.53619 0.00066675 -17002.6 -16628.8 -16978.6
  155 154.5 1.54488 0.000670521 -16960.7 -16671.4 -16925.3
  156 155.5 1.54911 0.000672358 -16933.1 -16936.2 -16714.1
  157 156.5 1.55814 0.000676274 -16833.6 -16869.1 -16625.1
  158 157.5 1.55596 0.00067533 -17094.5 -16921.3 -16816.3
  159 158.5 1.54847 0.00067208 -16981.6 -17088.7 -16773.1
  160 159.5 1.5573 0.000675913 -17147 -16715.4 -16778.7
  161 160.5 1.55407 0.00067451 -16865.9 -16392 -16725.2
  162 161.5 1.52777 0.000663094 -16805.3 -16701.8 -17004.4
  163 162.5 1.53782 0.000667458 -16711.2 -16693.6 -16908.3
  164 163.5 1.5335 0.00066558 -17056.4 -16794.6 -17020.4
  165 164.5 1.52235 0.000660743 -16889.5 -17012.3 -17099
  166 165.5 1.52537 0.000662052 -17182.3 -17137.1 -17033.2
  167 166.5 1.54274 0.00066959 -17641.7 -16722.7 -16760.8
  168 167.5 1.53768 0.000667396 -17166.7 -17142.3 -17016.2
  169 168.5 1.53074 0.000664385 -17155 -17064.6 -17009.9
  170 169.5 1.53282 0.000665285 -17170.7 -16830.3 -16966.4
  171 170.5 1.53383 0.000665726 -17083.5 -16627.1 -16998.4
  172 171.5 1.52102 0.000660163 -17320.7 -16907 -17049.7
  173 172.5 1.50773 0.000654396 -16869.1 -16806.2 -17217
  174 173.5 1.4955 0.000649087 -17105.9 -16775 -17485.3
  175 174.5 1.51639 0.000658156 -17131.5 -16793 -17176.1
  176 175.5 1.52896 0.000663611 -17070.2 -16233 -16888.7
  177 176.5 1.52471 0.000661767 -17409.9 -16374.1 -17149.1
  178 177.5 1.52867 0.000663486 -17202.4 -16721.4 -16996.5
  179 178.5 1.5345 0.000666017 -17046.8 -16601.3 -17021.4
  180 179.5 1.54117 0.00066891 -17393.5 -16904.1 -16910.9
  181 180.5 1.55217 0.000673684 -17130.8 -16612.2 -16720.7
  182 181.5 1.53218 0.00066501 -17100.4 -16727.8 -17015.9
  183 182.5 1.54216 0.00066934 -17157.4 -16608.6 -16820.9
  184 183.5 1.53145 0.000664691 -17103.1 -16913.2 -16961.6
  185 184.5 1.55326 0.00067416 -17239.3 -16630.6 -16732.7
  186 185.5 1.54552 0.000670799 -16867.3 -16788.6 -16830
  187 186.5 1.54914 0.000672372 -17276.1 -16740.9 -16997.5
  188 187.5 1.55924 0.000676753 -17041.8 -17011.1 -16537.9
  189 188.5 1.53922 0.000668063 -17165.6 -16617.1 -16966.3
  190 189.5 1.57271 0.000682601 -16944.6 -16882.6 -16500
  191 190.5 1.57064 0.000681701 -17190.5 -16789.5 -16476.8
  192 191.5 1.56218 0.000678031 -16842.5 -16654.4 -16630.9
  193 192.5 1.56474 0.000679142 -17138.2 -16675.7 -16604.6
  194 193.5 1.55775 0.000676108 -16890.8 -16694.2 -16711.8
  195 194.5 1.57063 0.000681698 -16978.6 -16413.8 -16243.3
  196 195.5 1.58163 0.000686472 -16574.4 -16640.2 -16147.8
  197 196.5 1.58379 0.00068741 -16678.5 -16332.5 -16234
  198 197.5 1.58817 0.000689309 -16662.9 -16605.8 -16063.3
  199 198.5 1.59832 0.000693715 -16412.7 -16736.4 -15833.3
  200 199.5 1.63362 0.000709035 -16209.1 -16662.2 -15216.1
  201 200.5 1.67774 0.000728184 -15995.6 -16099.9 -14513.5
  202 201.5 1.73524 0.000753142 -15723.2 -15770.3 -13716.4
  203 202.5 1.80753 0.000784517 -15459.4 -15095.2 -12731.2
  204 203.5 1.92277 0.000834535 -14208.1 -14428.8 -11418.7
  205 204.5 2.09282 0.00090834 -13654.5 -13381.4 -9779.04
  206 205.5 2.32048 0.00100715 -12436.9 -12397.1 -8007.03
  207 206.5 2.64658 0.00114869 -10983.1 -10385.7 -5861.19
  208 207.5 3.1119 0.00135065 -8842.01 -8396.26 -3428.97
  209 208.5 3.71678 0.00161319 -7536.2 -6897.2 -1966.22
  210 209.5 4.50972 0.00195734 -5379.83 -4952.25 -339.007
  211 210.5 5.52361 0.0023974 -3487.25 -3393.87 661.619
  212 211.5 6.77885 0.00294221 -1559.66 -1630.85 1393.65
  213 212.5 8.23874 0.00357584 -237.043 -89.507 1754.07
  214 213.5 9.95275 0.00431977 1063.99 1085.42 1713.91
  215 214.5 11.8252 0.00513245 1908.56 2064.07 1629.1
  216 215.5 13.8048 0.00599166 2679.57 2820.72 1191.08
  217 216.5 15.8599 0.00688364 3159.82 3237.35 771.667
  218 217.5 17.9726 0.00780061 3438.83 3418.11 138.253
  219 218.5 19.9259 0.00864839 3818.16 3871.03 -63.3072
  220 219.5 21.7844 0.00945503 3739.67 3680.27 -519.968
  221 220.5 23.5288 0.0102121 3634.58 3479.72 -977.266
  222 221.5 24.9309 0.0108207 3474.56 3176.85 -1236.94
  223 222.5 26.0496 0.0113063 2941.12 2921.7 -1048.23
  224 223.5 27.039 0.0117357 2749.65 2703.72 -309.765
  225 224.5 28.0807 0.0121878 3412.08 3158.75 601.027
  226 225.5 28.6942 0.0124541 5184.6 4764.95 2156.04
  227 226.5 29.5955 0.0128453 10177.4 10062 6389.79
  228 227.5 31.6128 0.0137208 16643.7 18650.5 11796.6
  229 228.5 34.6957 0.0150589 20554.1 27078.4 14697.3
  230 229.5 37.8305 0.0164195 20314.7 31826.2 11544.4
  231 230.5 40.0939 0.0174019 18393.9 35440.2 4392.51
  232 231.5 41.5035 0.0180137 17201.5 39426.7 -2937.42
  233 232.5 42.2575 0.0183409 18001.5 44477.1 -7652.32
  234 233.5 42.7365 0.0185488 20680.5 50074.4 -9078.59
  235 234.5 43.0135 0.018669 23557.1 54792.6 -8716.69
  236 235.5 43.1703 0.0187371 25632.5 58099.9 -7359.42
  237 236.5 43.3204 0.0188022 27125.7 60321.1 -5958.7
  238 237.5 43.3758 0.0188263 28114.9 61817.6 -4819.91
  239 238.5 43.4389 0.0188537 28654.8 62562.9 -3969.37
  240 239.5 43.4843 0.0188734 29079.4 63163.6 -3205.47
  241 240.5 43.5078 0.0188836 29332.1 63519.3 -2510.99
  242 241.5 43.5134 0.018886 29423.6 63719.4 -2034.12
  243 242.5 43.5257 0.0188914 29670.5 64060.7 -1729.2
  244 243.5 43.5547 0.0189039 29790 64297.1 -1372.99
  245 244.5 43.5361 0.0188959 29869.9 64442.1 -1139.04
  246 245.5 43.5599 0.0189062 29936.1 64513.6 -1049.31
  247 246.5 43.5578 0.0189053 30003.5 64628 -913.108
  248 247.5 43.5506 0.0189022 30012.2 64731 -726.085
  249 248.5 43.5504 0.0189021 30036.8 64673.5 -715.304
  250 249.5 43.5633 0.0189077 29991.8 64787.9 -624.851
  251 250.5 43.5673 0.0189094 30066.7 64784 -572.434
  252 251.5 43.5484 0.0189012 30048.5 64738.7 -616.643
  253 252.5 43.571 0.018911 29946.3 64759.5 -602.592
  254 253.5 43.5564 0.0189047 30044.6 64721.7 -561.899
  255 254.5 43.54 0.0188976 29925.5 64830.8 -558.057
  256 255.5 43.5787 0.0189143 30009.4 64836 -649.982
  257 256.5 43.5499 0.0189019 29971 64873.3 -565.37
  258 257.5 43.5591 0.0189058 30121.2 64859.3 -477.659
  259 258.5 43.5504 0.0189021 30129.1 64898 -605.514
  260 259.5 43.5631 0.0189076 30177.3 64785.8 -545.792
  261 260.5 43.5639 0.0189079 30100.3 64900 -548.023
  262 261.5 43.5686 0.01891 30132.4 64835.1 -526.501
  263 262.5 43.5514 0.0189025 30019 64816 -726.506
  264 263.5 43.5536 0.0189035 30065.1 64873.9 -494.405
  265 264.5 43.5623 0.0189073 29969.5 64857 -538.079
  266 265.5 43.5494 0.0189016 30012.8 64893.4 -610.236
  267 266.5 43.5637 0.0189078 29912.6 64835.1 -583.131
  268 267.5 43.5522 0.0189029 29945.9 64832.5 -517.793
  269 268.5 43.5595 0.0189061 30025.5 64831.9 -569.164
  270 269.5 43.5591 0.0189058 29927.4 64836.4 -575.705
  271 270.5 43.5432 0.018899 29972.4 64816.8 -557.429
  272 271.5 43.5615 0.0189069 29867.4 64685.9 -579.728
  273 272.5 43.5416 0.0188983 29778.5 64813.7 -578.343
  274 273.5 43.5712 0.0189111 29746.3 64764.1 -596.046
  275 274.5 43.538 0.0188967 29798.3 64811.3 -548.48
  276 275.5 43.5511 0.0189024 29785.4 64782.4 -574.82
  277 276.5 43.5666 0.0189091 29858 64807.8 -527.57
  278 277.5 43.545 0.0188997 29860.7 64745.8 -638.135
  279 278.5 43.5611 0.0189067 29858.5 64740.2 -532.396
  280 279.5 43.5539 0.0189036 29901.5 64758.3 -560.07
  281 280.5 43.5417 0.0188983 29900.4 64733.9 -574.661
  282 281.5 43.5737 0.0189122 29875 64692.7 -520.613
  283 282.5 43.5477 0.0189009 29812.5 64817.5 -645.62
  284 283.5 43.5536 0.0189035 29918.3 64858.4 -471.8
  285 284.5 43.5568 0.0189049 29959.4 64846.7 -631.402
  286 285.5 43.5679 0.0189097 29932 64838.2 -587.967
  287 286.5 43.5476 0.0189009 30029.7 64891.6 -538.338
  288 287.5 43.5512 0.0189024 29988.3 64861.9 -592.86
  289 288.5 43.5537 0.0189035 29989.1 64938.8 -539.39
  290 289.5 43.5606 0.0189065 30007.9 64836.6 -565.599
  291 290.5 43.5533 0.0189033 29967.9 64845.3 -666.367
  292 291.5 43.5698 0.0189105 30015.2 64877.1 -496.258
  293 292.5 43.5499 0.0189019 29990.5 64920.8 -510.815
  294 293.5 43.5447 0.0188996 30031.5 64836.3 -609.658
  295 294.5 43.5605 0.0189065 30042.2 64847 -564.452
  296 295.5 43.5509 0.0189023 29973.7 64725.3 -622.926
  297 296.5 43.5641 0.018908 29990.1 64839.5 -526.832
  298 297.5 43.5484 0.0189012 30111.9 64889.6 -577.762
  299 298.5 43.5666 0.0189091 30020 64792.3 -599.137
  300 299.5 43.5473 0.0189008 29973.7 64788.8 -569.507
  301 300.5 43.5699 0.0189105 30017.9 64728.4 -550.216
  302 301.5 43.5385 0.0188969 29978.1 64730.1 -608.703
  303 302.5 43.5677 0.0189096 30017.1 64720.6 -384.281
  304 303.5 43.5473 0.0189008 29927.6 64765.5 -713.679
  305 304.5 43.5704 0.0189108 30035.1 64795.3 -500.278
  306 305.5 43.558 0.0189054 29910.1 64837 -555.184
  307 306.5 43.5287 0.0188927 30041.8 64687.3 -588.328
  308 307.5 43.5766 0.0189135 30002.7 64880 -558.3
  309 308.5 43.5483 0.0189012 30063.5 64919.4 -535.841
  310 309.5 43.5515 0.0189026 30088.1 64850.1 -521.273
  311 310.5 43.5575 0.0189052 30116.4 64807.4 -614.172
  312 311.5 43.56 0.0189062 30097.4 64773.6 -536.674
  313 312.5 43.5588 0.0189057 30025.4 64893.7 -591.253
  314 313.5 43.5511 0.0189024 30013.6 65032.1 -512.442
  315 314.5 43.5481 0.0189011 30025.4 64845.9 -575.959
  316 315.5 43.5747 0.0189126 30058.1 64927.3 -579.335
  317 316.5 43.5503 0.0189021 29985.9 64814.7 -561.308
  318 317.5 43.5554 0.0189043 30099.7 64785.5 -562.549
  319 318.5 43.5649 0.0189084 30128.2 64766.3 -574.47
  320 319.5 43.5477 0.0189009 29930.1 64662.2 -552.971
  321 320.5 43.5541 0.0189037 30056.9 64775.9 -542.418
  322 321.5 43.5593 0.018906 29844 64734.5 -669.871
  323 322.5 43.5519 0.0189028 29994.2 64766.2 -496.504
  324 323.5 43.5563 0.0189046 29977.4 64721.2 -593.323
  325 324.5 43.5526 0.018903 29971.1 64717.3 -558.841
  326 325.5 43.5493 0.0189016 30002.2 64723.7 -570.888
  327 326.5 43.5561 0.0189046 29879.1 64687 -562.239
  328 327.5 43.5575 0.0189052 29856.6 64780.2 -584.111
  329 328.5 43.5595 0.018906 29929.8 64731.5 -556.618
  330 329.5 43.5629 0.0189075 29950.2 64681.9 -458.082
  331 330.5 43.5404 0.0188977 29961.7 64667.5 -676.651
  332 331.5 43.5551 0.0189041 29882.2 64660.9 -545.682
  333 332.5 43.5526 0.018903 29906.5 64634.6 -602.639
  334 333.5 43.5623 0.0189073 29823.1 64658.2 -628.466
  335 334.5 43.5511 0.0189024 29892.5 64722.8 -522.05
  336 335.5 43.5484 0.0189012 29881.8 64777.4 -532.602
  337 336.5 43.557 0.018905 29958 64682.2 -653.631
  338 337.5 43.5483 0.0189012 30029.4 64765.3 -556.961
  339 338.5 43.5408 0.0188979 29937.9 64798.6 -549.288
  340 339.5 43.5589 0.0189058 29977.7 64756.8 -539.914
  341 340.5 43.5564 0.0189047 29868.1 64652.3 -580.768
  342 341.5 43.549 0.0189015 29941.4 64745.6 -577.218
  343 342.5 43.5645 0.0189082 29849.1 64608 -530.492
  344 343.5 43.5419 0.0188984 29855.4 64638.2 -590.574
  345 344.5 43.5418 0.0188983 29835.9 64544.8 -555.706
  346 345.5 43.5586 0.0189057 29863.9 64658.4 -540.845
  347 346.5 43.5513 0.0189025 29871.4 64584.1 -569.002
  348 347.5 43.5482 0.0189011 29928.2 64666 -604.459
  349 348.5 43.5486 0.0189013 29843.5 64559.8 -540.976
  350 349.5 43.5619 0.0189071 30001.2 64695.3 -500.703
  351 350.5 43.5443 0.0188994 29856.2 64557.5 -647.707
  352 351.5 43.5448 0.0188997 29892.2 64617.4 -597.206
  353 352.5 43.567 0.0189093 29869.9 64531.2 -638.734
  354 353.5 43.5423 0.0188986 29780.7 64457 -600.303
  355 354.5 43.552 0.0189028 29810.3 64435 -527.031
  356 355.5 43.553 0.0189032 29651.2 64358 -836.183
  357 356.5 43.5483 0.0189012 29769.3 64355.1 -788.936
  358 357.5 43.5408 0.0188979 29637.1 64238.1 -890.141
  359 358.5 43.5439 0.0188993 29713.2 64200 -1071.71
  360 359.5 43.5502 0.018902 29524.1 64099.8 -1201.9
  361 360.5 43.5196 0.0188887 29489.9 63977.6 -1364.09
  362 361.5 43.5227 0.0188901 29195.9 63707.8 -1813.64
  363 362.5 43.509 0.0188841 29214.6 63593.4 -2043.38
  364 363.5 43.4879 0.018875 28920 63176.1 -2773.95
  365 364.5 43.4575 0.0188618 28668.6 62822.3 -3252.95
  366 365.5 43.4222 0.0188465 28201.8 62082 -4115.54
  367 366.5 43.3555 0.0188175 27417.4 60935.8 -4990.52
  368 367.5 43.2676 0.0187793 26329.2 59341.1 -6192.55
  369 368.5 43.1306 0.0187199 24735.9 56908.1 -7409.52
  370 369.5 42.9043 0.0186217 22374.5 53209.5 -8453.85
  371 370.5 42.6337 0.0185042 19666.5 48423.8 -8266.51
  372 371.5 42.0783 0.0182631 17423.5 42842.4 -6108.86
  373 372.5 41.1302 0.0178516 16635.7 37634.1 -506.68
  374 373.5 39.5885 0.0171825 17957.3 33647.2 7266.17
  375 374.5 37.3086 0.016193 19673.1 29679.9 13425.6
  376 375.5 34.3332 0.0149015 18526.3 23645.4 15106.6
  377 376.5 31.6477 0.013736 12725.5 13909 11041.4
  378 377.5 30.6308 0.0132946 5887.43 5313.95 5751.39
  379 378.5 30.5273 0.0132497 1828.71 1037.83 2936.22
  380 379.5 30.4112 0.0131993 127.422 -216.974 1650.75
  381 380.5 30.2304 0.0131208 -387.787 -722.549 461.665
  382 381.5 30.285 0.0131445 -582.855 -789.74 -372.876
  383 382.5 30.4915 0.0132342 -798.875 -712.45 -428.836
  384 383.5 30.4382 0.013211 -895.383 -777.705 -650.073
  385 384.5 30.3223 0.0131607 -893.282 -842.365 -780.676
  386 385.5 30.4342 0.0132093 -798.783 -718.638 -703.458
  387 386.5 30.5818 0.0132734 -877.057 -687.21 -722.731
  388 387.5 30.437 0.0132105 -899.743 -790.011 -834.967
  389 388.5 30.3644 0.013179 -802.375 -825.304 -892.118
  390 389.5 30.5054 0.0132402 -786.998 -869.549 -838.832
  391 390.5 30.4827 0.0132303 -923.984 -916.154 -806.307
  392 391.5 30.4464 0.0132146 -940.996 -969.687 -985.121
  393 392.5 30.4812 0.0132297 -779.035 -915.514 -790.337
  394 393.5 30.484 0.0132309 -761.215 -884.444 -761.533
  395 394.5 30.4289 0.013207 -799.335 -878.492 -895.632
  396 395.5 30.5024 0.0132389 -809.143 -1035.58 -804.576
  397 396.5 30.4851 0.0132314 -648.416 -859.941 -873.127
  398 397.5 30.4132 0.0132002 -737.585 -690.524 -858.918
  399 398.5 30.4354 0.0132098 -926.599 -881.588 -933.913
  400 399.5 30.5208 0.0132469 -773.579 -712.823 -831.188
  401 400.5 30.5102 0.0132423 -789.809 -723.06 -801.713
  402 401.5 30.4196 0.013203 -874.813 -919.135 -851.21
  403 402.5 30.4793 0.0132289 -764.699 -934.085 -846.62
  404 403.5 30.5403 0.0132553 -791.159 -824.199 -778.631
  405 404.5 30.4449 0.0132139 -821.461 -789.714 -987.401
  406 405.5 30.4569 0.0132191 -893.776 -938.587 -880.788
  407 406.5 30.5315 0.0132515 -890.846 -904.63 -745.529
  408 407.5 30.5468 0.0132582 -821.555 -880.908 -845.909
  409 408.5 30.499 0.0132374 -998.006 -856.754 -823.835
  410 409.5 30.4618 0.0132213 -1001.54 -780.429 -874.393
  411 410.5 30.5692 0.0132679 -782.47 -817.531 -809.686
  412 411.5 30.5152 0.0132445 -935.852 -896.285 -928.76
  413 412.5 30.4466 0.0132147 -852.294 -832.447 -810.92
  414 413.5 30.4837 0.0132308 -899.264 -932.16 -858.517
  415 414.5 30.5649 0.013266 -812.117 -819.157 -852.781
  416 415.5 30.4436 0.0132134 -792.125 -882.671 -815.214
  417 416.5 30.472 0.0132257 -864.731 -976.34 -922.963
  418 417.5 30.5541 0.0132613 -755.932 -826.34 -873.386
  419 418.5 30.5509 0.0132599 -908.849 -937.295 -807.186
  420 419.5 30.4142 0.0132006 -854.141 -724.405 -781.489
  421 420.5 30.5467 0.0132581 -851.07 -871.387 -788.956
  422 421.5 30.5141 0.013244 -1137.9 -1030.06 -972.52
  423 422.5 30.4656 0.0132229 -763.524 -781.425 -785.797
  424 423.5 30.4857 0.0132316 -923.096 -755.459 -862.895
  425 424.5 30.457 0.0132192 -609.201 -769.342 -763.498
  426 425.5 30.4686 0.0132242 -844.428 -880.577 -956.906
  427 426.5 30.4764 0.0132276 -721.076 -676.52 -840.289
  428 427.5 30.4007 0.0131947 -950.101 -940.517 -913.171
  429 428.5 30.5077 0.0132412 -890.301 -779.866 -618.779
  430 429.5 30.4763 0.0132276 -890.099 -919.696 -943.972
  431 430.5 30.4763 0.0132276 -904.716 -806.948 -897.261
  432 431.5 30.4081 0.013198 -824.644 -642.338 -846.298
  433 432.5 30.5139 0.0132439 -842.343 -726.122 -792.99
  434 433.5 30.528 0.01325 -894.462 -932.904 -841.119
  435 434.5 30.4491 0.0132157 -842.702 -771.231 -811.383
  436 435.5 30.4487 0.0132156 -917.76 -779.079 -894.327
  437 436.5 30.5336 0.0132525 -848.076 -838.73 -911.392
  438 437.5 30.5101 0.0132422 -912.487 -768.7 -736.6
  439 438.5 30.428 0.0132066 -772.186 -929.917 -800.197
  440 439.5 30.4694 0.0132245 -717.575 -865.163 -1003.33
  441 440.5 30.4773 0.013228 -771.838 -883.41 -851.361
  442 441.5 30.4454 0.0132142 -741.354 -683.197 -719.466
  443 442.5 30.4847 0.0132312 -933.225 -784.904 -977.315
  444 443.5 30.4674 0.0132237 -793.737 -888.011 -839.924
  445 444.5 30.4595 0.0132203 -702.856 -773.348 -705.984
  446 445.5 30.5047 0.0132399 -762.331 -835.291 -853.079
  447 446.5 30.4562 0.0132188 -758.015 -626.068 -893.392
  448 447.5 30.4512 0.0132167 -705.837 -772.273 -831.252
  449 448.5 30.4537 0.0132177 -513.266 -547.56 -794.618
  450 449.5 30.4353 0.0132098 -667.858 -735.363 -847.085
  451 450.5 30.4632 0.0132219 -714.606 -847.839 -945.557
  452 451.5 30.4953 0.0132358 -582.394 -778.666 -795.696
  453 452.5 30.4491 0.0132157 -725.589 -755.69 -887.226
  454 453.5 30.4212 0.0132036 -672.448 -922.174 -737.929
  455 454.5 30.5614 0.0132645 -878.103 -951.56 -951.211
  456 455.5 30.4931 0.0132349 -800.229 -774.746 -753.779
  457 456.5 30.3804 0.013186 -744.221 -820.74 -846.205
  458 457.5 30.502 0.0132387 -722.393 -778.204 -941.367
  459 458.5 30.519 0.0132461 -779.651 -926.945 -803.333
  460 459.5 30.4088 0.0131982 -719.18 -808.935 -804.01
  461 460.5 30.4236 0.0132047 -716.999 -829.597 -873.723
  462 461.5 30.5241 0.0132483 -938.078 -859.21 -889.367
  463 462.5 30.4039 0.0131961 -906.556 -825.789 -886.171
  464 463.5 30.3996 0.0131943 -869.805 -922.42 -798.381
  465 464.5 30.5304 0.0132511 -889.445 -955.48 -972.225
  466 465.5 30.5028 0.0132391 -847.388 -901.115 -673.623
  467 466.5 30.4374 0.0132107 -954.577 -925.084 -819.758
  468 467.5 30.4492 0.0132158 -1109.57 -957.29 -968.839
  469 468.5 30.5118 0.013243 -927.317 -897.453 -862.166
  470 469.5 30.4772 0.013228 -906.713 -868.942 -854.156
  471 470.5 30.4545 0.0132181 -919.631 -871.092 -841.104
  472 471.5 30.537 0.0132539 -952.462 -894.76 -847.464
  473 472.5 30.4824 0.0132302 -848.921 -816.433 -859.698
  474 473.5 30.4825 0.0132303 -787.002 -815.081 -837.959
  475 474.5 30.4608 0.0132208 -903.595 -805.308 -902.734
  476 475.5 30.442 0.0132127 -820.331 -982.46 -907.485
  477 476.5 30.5188 0.013246 -845.394 -904.836 -700.727
  478 477.5 30.4887 0.0132329 -845.562 -928.888 -876.202
  479 478.5 30.3922 0.013191 -753.22 -755.123 -838.576
  480 479.5 30.4405 0.013212 -761.652 -850.501 -838.273
60000000 480 11615.999999999989
  1 0.5 30.4904 0.0132337 -746.301 -877.324 -758.452
  2 1.5 30.5758 0.0132708 -871.056 -883.32 -878.655
  3 2.5 30.5718 0.013269 -768.821 -736.562 -962.945
  4 3.5 30.5582 0.0132631 -724.215 -681.804 -663.431
  5 4.5 30.5161 0.0132448 -917.143 -797.514 -868.725
  6 5.5 30.6027 0.0132824 -878.619 -853.88 -797.004
  7 6.5 30.5669 0.0132669 -999.041 -718.284 -815.746
  8 7.5 30.543 0.0132565 -1102.5 -1056.33 -890.249
  9 8.5 30.5615 0.0132645 -902.323 -877.105 -800.095
  10 9.5 30.5442 0.0132571 -865.898 -841.862 -894.914
  11 10.5 30.5531 0.0132609 -931.258 -760.364 -828.931
  12 11.5 30.5447 0.0132572 -706.571 -833.885 -760.299
  13 12.5 30.5568 0.0132625 -579.407 -729.487 -779.222
  14 13.5 30.5226 0.0132477 -871.641 -642.527 -913.437
  15 14.5 30.5529 0.0132608 -836.841 -836.563 -853.746
  16 15.5 30.5406 0.0132554 -788.645 -801.649 -738.663
  17 16.5 30.5394 0.0132549 -667.632 -609.755 -802.775
  18 17.5 30.5126 0.0132433 -790.022 -789.151 -922.782
  19 18.5 30.5016 0.0132385 -751.485 -695.612 -731.72
  20 19.5 30.57 0.0132682 -812.709 -918.179 -983.41
  21 20.5 30.5139 0.0132439 -675.17 -628.09 -823.866
  22 21.5 30.505 0.01324 -821.262 -604.125 -845.458
  23 22.5 30.5382 0.0132544 -642.523 -586.666 -803.807
  24 23.5 30.5488 0.013259 -732.529 -667.209 -723.681
  25 24.5 30.4805 0.0132294 -671.106 -820.388 -935.096
  26 25.5 30.5106 0.0132424 -722.892 -693.729 -923.191
  27 26.5 30.4681 0.013224 -782.807 -699.502 -956.52
  28 27.5 30.4651 0.0132227 -867.512 -834.925 -1018.66
  29 28.5 30.5328 0.0132521 -810.425 -656.806 -897.984
  30 29.5 30.4712 0.0132253 -934.223 -765.247 -973.666
  31 30.5 30.441 0.0132122 -651.897 -752.712 -1064.45
  32 31.5 30.4553 0.0132184 -709.675 -632 -1175.52
  33 32.5 30.3586 0.0131765 -501.764 -532.559 -1221.83
  34 33.5 30.2969 0.0131497 -446.38 -492.021 -1275.58
  35 34.5 30.2914 0.0131473 -299.176 -401.58 -1451.99
  36 35.5 30.1261 0.0130756 -261.486 -394.937 -1507.94
  37 36.5 30.0309 0.0130343 -144.677 -139.168 -1720.47
  38 37.5 29.9409 0.0129952 47.2364 100.755 -1896.44
  39 38.5 29.6898 0.0128862 278.967 509.431 -2127.06
  40 39.5 29.4861 0.0127978 722.275 877.418 -2116.66
  41 40.5 29.1318 0.012644 1068.49 1160.09 -2341.77
  42 41.5 28.6888 0.0124517 1701.03 1612.88 -2449.86
  43 42.5 28.1204 0.012205 2189.71 2195.13 -2454.62
  44 43.5 27.416 0.0118993 2593.98 2742.17 -2373.35
  45 44.5 26.399 0.0114579 3218.93 3167.73 -2179.81
  46 45.5 25.1747 0.0109265 3676.62 3927.24 -1744.6
  47 46.5 23.7204 0.0102953 4010.18 4295.48 -1195.04
  48 47.5 21.9111 0.00951001 4161.79 4328.23 -563.624
  49 48.5 19.9124 0.00864252 4159.23 4364.71 195.916
  50 49.5 17.6962 0.00768066 4023.23 3940.09 883.058
  51 50.5 15.3403 0.00665811 3416.08 3399.13 1704.18
  52 51.5 13.0071 0.00564544 2407.91 2632.41 2333.06
  53 52.5 10.8026 0.00468862 1235 1355.58 2629.96
  54 53.5 8.76441 0.003804 -11.5234 22.6803 2725.34
  55 54.5 7.03131 0.00305178 -1984.49 -1766.34 2291
  56 55.5 5.61096 0.00243531 -3669.47 -3720.89 1622.85
  57 56.5 4.47611 0.00194276 -5700.11 -5783.19 366.717
  58 57.5 3.60018 0.00156258 -7863 -7968.25 -1678.72
  59 58.5 2.99428 0.0012996 -9650.62 -9819.74 -3616.97
  60 59.5 2.55846 0.00111044 -11393.3 -11442.9 -5752.4
  61 60.5 2.23042 0.000968066 -13174.9 -12972.7 -7952.12
  62 61.5 2.0019 0.000868878 -14165.3 -13939.9 -10079.5
  63 62.5 1.8298 0.000794184 -14983.8 -14995 -11633.7
  64 63.5 1.71454 0.00074416 -15789.2 -15551.6 -13422
  65 64.5 1.63527 0.000709753 -15897.8 -15620.6 -14166.6
  66 65.5 1.60989 0.000698736 -16263.5 -16107.8 -14879.4
  67 66.5 1.56399 0.000678816 -16434 -16480.7 -15555.1
  68 67.5 1.5505 0.000672958 -16382.4 -16501 -15821.3
  69 68.5 1.53478 0.000666139 -16553.3 -16900.7 -16218.3
  70 69.5 1.53701 0.000667104 -16923.7 -16676.1 -16179.5
  71 70.5 1.51338 0.000656851 -16736.2 -16793.6 -16561.2
  72 71.5 1.4967 0.000649608 -16707.6 -17034.6 -16802.7
  73 72.5 1.48648 0.000645174 -16471.8 -17309.9 -17003.2
  74 73.5 1.49239 0.00064774 -16625.8 -16804.5 -17059.5
  75 74.5 1.49889 0.000650559 -16938.1 -16831.2 -16790.3
  76 75.5 1.49098 0.000647125 -16878.8 -16734.1 -16962.8
  77 76.5 1.48911 0.000646316 -16611.6 -16753.9 -16984.8
  78 77.5 1.50047 0.000651247 -16808.6 -16972 -16908.3
  79 78.5 1.51177 0.000656149 -16843.1 -16897.4 -16702.1
  80 79.5 1.50899 0.000654944 -16864.3 -16929 -16735.9
  81 80.5 1.4931 0.000648045 -16866.7 -17103 -17031.3
  82 81.5 1.48604 0.000644983 -16972.3 -16682.1 -17150.9
  83 82.5 1.47933 0.000642069 -16795.3 -16855 -17230.9
  84 83.5 1.4708 0.000638368 -17105.9 -17060.5 -17290.5
  85 84.5 1.47942 0.000642108 -16976.3 -17407.9 -17003.2
  86 85.5 1.48826 0.000645948 -16982.5 -17101.4 -17030.7
  87 86.5 1.48388 0.000644045 -16921.8 -16822.8 -17107.2
  88 87.5 1.50102 0.000651483 -16709.3 -16990.7 -17049
  89 88.5 1.4912 0.000647222 -16335 -16809.9 -16958.5
  90 89.5 1.50096 0.000651458 -16674.4 -16797.8 -16925.7
  91 90.5 1.50638 0.000653812 -16870.6 -16522.4 -16764.6
  92 91.5 1.49536 0.000649028 -16715.4 -16780.4 -17012.3
  93 92.5 1.50653 0.000653875 -16714.3 -16981.9 -16933.5
  94 93.5 1.51039 0.000655552 -16667.2 -17203.4 -16690.1
  95 94.5 1.5026 0.00065217 -16912 -16875.8 -16857.8
  96 95.5 1.48729 0.000645524 -16884.3 -16793.9 -17082.1
  97 96.5 1.49073 0.000647017 -16659 -16909.8 -17011.2
  98 97.5 1.50697 0.000654066 -16823.3 -16870.5 -16803.2
  99 98.5 1.50183 0.000651837 -16764.3 -17052.2 -16939
  100 99.5 1.4978 0.000650087 -16815.3 -17098.8 -17001.4
  101 100.5 1.49636 0.000649462 -16834.1 -16981.9 -16872.1
  102 101.5 1.50464 0.000653056 -16953.6 -16962.7 -16917.4
  103 102.5 1.50288 0.000652292 -16908.5 -16931.2 -16943.1
  104 103.5 1.49768 0.000650035 -17050 -17162.3 -16879.5
  105 104.5 1.49645 0.0006495 -16991 -16692.6 -16940.4
  106 105.5 1.49788 0.000650122 -16793.5 -16816.8 -16994
  107 106.5 1.5137 0.00065699 -16611.9 -16635.6 -16734.3
  108 107.5 1.50648 0.000653854 -16968.3 -16965.4 -16866.3
  109 108.5 1.50495 0.000653191 -16730.7 -17006.8 -16823.9
  110 109.5 1.50313 0.000652399 -16768.6 -17073.6 -16917.1
  111 110.5 1.5028 0.000652257 -16726.7 -16771.2 -16817.6
  112 111.5 1.50435 0.000652931 -16938 -17265.5 -16876.1
  113 112.5 1.50918 0.000655024 -16775.7 -17114.2 -16806.5
  114 113.5 1.51385 0.000657052 -16910.5 -17163.8 -16850.1
  115 114.5 1.5082 0.000654601 -16946.3 -17242.3 -16752.9
  116 115.5 1.49779 0.000650083 -17313.8 -17065.1 -16918
  117 116.5 1.51506 0.00065758 -16972.1 -16633.2 -16773.1
  118 117.5 1.50427 0.000652896 -16944.9 -17202.3 -16776
  119 118.5 1.51198 0.000656243 -16713.3 -17015.6 -16796.8
  120 119.5 1.50848 0.000654722 -16523.1 -16737.3 -16913.3
  121 120.5 1.53557 0.000666479 -17131.4 -17152 -16439.7
  122 121.5 1.53834 0.000667684 -17148.2 -16993.6 -16517.6
  123 122.5 1.52258 0.00066084 -16863.5 -16606.2 -16700
  124 123.5 1.521 0.000660156 -17362.9 -16597 -16800.5
  125 124.5 1.51595 0.000657965 -17232.4 -16465.4 -16739.3
  126 125.5 1.51381 0.000657035 -17065.8 -16774.8 -16737.2
  127 126.5 1.51619 0.000658069 -17220.2 -16727.3 -16700.5
  128 127.5 1.50564 0.00065349 -16924 -16815.4 -16879.4
  129 128.5 1.50909 0.000654986 -17117.4 -16700.2 -16814.8
  130 129.5 1.51514 0.000657615 -17315.6 -16993.9 -16708.4
  131 130.5 1.51994 0.000659698 -17118.8 -16796.1 -16669.1
  132 131.5 1.52295 0.000661003 -16946.9 -16624.2 -16617
  133 132.5 1.52428 0.00066158 -17067.9 -16816.9 -16683.2
  134 133.5 1.51138 0.000655983 -16897 -16874.2 -16929.3
  135 134.5 1.50825 0.000654622 -16994.1 -16687.9 -16705.6
  136 135.5 1.5121 0.000656295 -16852.4 -16582.3 -16693.7
  137 136.5 1.50652 0.000653872 -16845 -16782.5 -16936.8
  138 137.5 1.49934 0.000650757 -16454.6 -16851.2 -16964.7
  139 138.5 1.4959 0.00064926 -16616.5 -17067.1 -16832.5
  140 139.5 1.52267 0.000660882 -16783 -17216 -16722.4
  141 140.5 1.52508 0.000661927 -16832.7 -17188 -16637.3
  142 141.5 1.5154 0.000657726 -16914.1 -16988.2 -16866.9
  143 142.5 1.51298 0.000656677 -17090.2 -17207 -16812.8
  144 143.5 1.53837 0.000667694 -16810 -17356.8 -16405.5
  145 144.5 1.50183 0.000651837 -16635.8 -17069.7 -16799.3
  146 145.5 1.51049 0.000655594 -17013.6 -16838.4 -16847.2
  147 146.5 1.51021 0.000655472 -16837.8 -16875.4 -16783.6
  148 147.5 1.49454 0.00064867 -17117.4 -16811.2 -16995.5
  149 148.5 1.48773 0.000645715 -17168.5 -16769.1 -17056.1
  150 149.5 1.50004 0.000651059 -16938.1 -16810.9 -16900
  151 150.5 1.49682 0.00064966 -16752.1 -17342 -16910.2
  152 151.5 1.51874 0.000659177 -16727.6 -17361.3 -16778.5
  153 152.5 1.5257 0.000662194 -16558.8 -17125.7 -16601.7
  154 153.5 1.51803 0.000658868 -16792.7 -16910.7 -16712.5
  155 154.5 1.52497 0.000661878 -16748.4 -16628 -16658.1
  156 155.5 1.52379 0.000661368 -16402.3 -16819.3 -16700.5
  157 156.5 1.51812 0.000658906 -16634.1 -16658 -16726.7
  158 157.5 1.52559 0.000662149 -16697.2 -17046.3 -16589.1
  159 158.5 1.54209 0.000669309 -16809.8 -16640.3 -16489.3
  160 159.5 1.55177 0.00067351 -16995.9 -16628.5 -16286.6
  161 160.5 1.53402 0.000665809 -17131.4 -16703 -16550.6
  162 161.5 1.53707 0.000667132 -17121.1 -16725.8 -16577.4
  163 162.5 1.52638 0.00066249 -16881.8 -16707.6 -16745
  164 163.5 1.53477 0.000666132 -16510.6 -16876.1 -16490.8
  165 164.5 1.52928 0.00066375 -16328 -16387.6 -16527.8
  166 165.5 1.52452 0.000661684 -16339.7 -16546.9 -16749.9
  167 166.5 1.54133 0.000668979 -16532 -16460.4 -16362.9
  168 167.5 1.54149 0.000669049 -16776 -16688.1 -16493
  169 168.5 1.53319 0.000665448 -16918 -17056.1 -16625.9
  170 169.5 1.53853 0.000667764 -16752.1 -16778.9 -16505.8
  171 170.5 1.52126 0.000660267 -16513.5 -16530.5 -16709.8
  172 171.5 1.53227 0.000665049 -16562.8 -16471.6 -16622.1
  173 172.5 1.52204 0.000660608 -16599.6 -16334.8 -16590.7
  174 173.5 1.52156 0.000660399 -16676.2 -16652.3 -16798.5
  175 174.5 1.53053 0.000664292 -16601.3 -16618.1 -16435.9
  176 175.5 1.52519 0.000661976 -16900.9 -16911.8 -16604
  177 176.5 1.51998 0.000659712 -16813.6 -16847.7 -16674.4
  178 177.5 1.52286 0.000660965 -16836.7 -16532.1 -16653.1
  179 178.5 1.51214 0.000656309 -16976 -16274.8 -16928.1
  180 179.5 1.52084 0.000660087 -16960.5 -16531.6 -16721.5
  181 180.5 1.5263 0.000662455 -16763.4 -16633.2 -16601.5
  182 181.5 1.5335 0.00066558 -16959.2 -16738.3 -16527.2
  183 182.5 1.53397 0.000665785 -16729 -16416.8 -16510.3
  184 183.5 1.53128 0.000664618 -16931.9 -16841.7 -16571.2
  185 184.5 1.52091 0.000660118 -16687.5 -16967 -16613.3
  186 185.5 1.53945 0.000668163 -16751.9 -17075.6 -16496.5
  187 186.5 1.51638 0.000658149 -16687.4 -16716.7 -16780.2
  188 187.5 1.51295 0.000656663 -16566.5 -16490 -16879.6
  189 188.5 1.52108 0.000660191 -16608.7 -16850.2 -16678.4
  190 189.5 1.5305 0.000664281 -16833.7 -16858.9 -16793.1
  191 190.5 1.51613 0.000658042 -16850.9 -16433.9 -16638.7
  192 191.5 1.53101 0.0006645 -16930.3 -16624 -16451.6
  193 192.5 1.5256 0.000662153 -17004.4 -17092.2 -16589.7
  194 193.5 1.51228 0.000656372 -16853.3 -16800.3 -16734.4
  195 194.5 1.52582 0.000662247 -16673.8 -16962.6 -16632.2
  196 195.5 1.53158 0.000664747 -16898.9 -16766.6 -16517.5
  197 196.5 1.51584 0.000657917 -17113.6 -16544.2 -16560.5
  198 197.5 1.51475 0.000657444 -17121.8 -16432.4 -16629.6
  199 198.5 1.53329 0.00066549 -17040.6 -16589.7 -16448
  200 199.5 1.55147 0.000673382 -17030 -16446.2 -16070
  201 200.5 1.54111 0.000668885 -17019.2 -16465.8 -16184.8
  202 201.5 1.54525 0.000670681 -17079.6 -16260.1 -16030.2
  203 202.5 1.57389 0.000683111 -16646 -16017 -15540.7
  204 203.5 1.60098 0.000694868 -16590.3 -16026.3 -15079.5
  205 204.5 1.64035 0.000711958 -16189.7 -15711.8 -14511.2
  206 205.5 1.70542 0.000740198 -15872.4 -15365.5 -13562
  207 206.5 1.78522 0.000774837 -15211.7 -14621.3 -12517.6
  208 207.5 1.90654 0.000827493 -14616.4 -14170.5 -11236.6
  209 208.5 2.0882 0.000906337 -13257.5 -13027.5 -9239.13
  210 209.5 2.33941 0.00101537 -12185.6 -11763.2 -7320.17
  211 210.5 2.68279 0.00116441 -10822.1 -10842.7 -5083.12
  212 211.5 3.19523 0.00138682 -9260.97 -9315.29 -2848.42
  213 212.5 3.88537 0.00168636 -7372.46 -7440.92 -984.25
  214 213.5 4.82753 0.00209528 -5255.11 -5355.36 734.278
  215 214.5 6.03894 0.00262107 -3013.07 -3417.03 1975.63
  216 215.5 7.56495 0.0032834 -1236.31 -1463.59 2574.93
  217 216.5 9.38974 0.00407541 361.835 384.057 2803.69
  218 217.5 11.49 0.00498699 1839.7 1853.32 2776.51
  219 218.5 13.8616 0.00601632 2887.92 2858.81 2328.71
  220 219.5 16.2372 0.00704738 3821 3872.63 1692.3
  221 220.5 18.61 0.00807727 4342.75 4186.17 1012.16
  222 221.5 20.8786 0.0090619 4420.98 4576.87 232.789
  223 222.5 22.8671 0.00992494 4389.1 4476.45 -351.192
  224 223.5 24.3617 0.0105737 3967.89 4154.77 -829.872
  225 224.5 25.7231 0.0111645 3804.81 4044.17 -20.9978
  226 225.5 27.1157 0.011769 4064.64 3769.42 717.678
  227 226.5 28.0901 0.0121919 5606.76 5057.14 1778.63
  228 227.5 28.8555 0.0125241 10545.9 10176.5 5871.5
  229 228.5 31.1018 0.013499 18638.4 20009.2 12875.1
  230 229.5 34.8393 0.0151212 23211 28872.2 16154.8
  231 230.5 38.3341 0.0166381 21466.7 32827.6 12502.3
  232 231.5 40.4207 0.0175437 17382.2 34605.5 3765.65
  233 232.5 41.6409 0.0180733 15735.5 38615.3 -4788.52
  234 233.5 42.4155 0.0184095 17504.6 44439.7 -9038.48
  235 234.5 42.7631 0.0185604 20621.4 50554.2 -9569.6
  236 235.5 43.0236 0.0186734 23517.2 54977.9 -8849.45
  237 236.5 43.1981 0.0187492 25714.7 58238 -7497.86
  238 237.5 43.313 0.0187991 27030.4 60391.5 -5741.81
  239 238.5 43.3784 0.0188274 27981.8 61700.4 -4703.24
  240 239.5 43.4292 0.0188495 28482 62488 -3940.09
  241 240.5 43.4932 0.0188773 28810.2 63070.7 -3038.45
  242 241.5 43.498 0.0188793 29015.8 63329.1 -2558.38
  243 242.5 43.5183 0.0188881 29311.2 63670.7 -1957.89
  244 243.5 43.5175 0.0188878 29402.1 63973.8 -1571.75
  245 244.5 43.5369 0.0188962 29628.8 64091.5 -1416.58
  246 245.5 43.5376 0.0188965 29621.6 64249.1 -1113.98
  247 246.5 43.5395 0.0188974 29693.9 64358.9 -903.52
  248 247.5 43.5563 0.0189046 29759.8 64327 -959.247
  249 248.5 43.5518 0.0189027 29832.2 64460.1 -578.629
  250 249.5 43.5336 0.0188948 29767.7 64576.2 -665.342
  251 250.5 43.5631 0.0189076 29819.8 64489.9 -747.317
  252 251.5 43.5539 0.0189036 29749.9 64490 -640.373
  253 252.5 43.5431 0.0188989 29852.5 64631.5 -455.319
  254 253.5 43.5496 0.0189017 29853 64563.3 -577.166
  255 254.5 43.5459 0.0189001 29918.8 64577.7 -618.316
  256 255.5 43.5571 0.018905 29787.9 64673.9 -550.137
  257 256.5 43.5514 0.0189025 29869.7 64732.1 -527.985
  258 257.5 43.5445 0.0188995 29697.4 64602 -668.783
  259 258.5 43.5581 0.0189054 29759.6 64688.9 -477.406
  260 259.5 43.5526 0.0189031 29711.8 64571 -514.234
  261 260.5 43.5497 0.0189018 29753.8 64640.3 -562.975
  262 261.5 43.5588 0.0189057 29854.5 64607.5 -568.426
  263 262.5 43.547 0.0189006 29953.5 64592.9 -588.973
  264 263.5 43.5523 0.0189029 29740.8 64586.8 -490.445
  265 264.5 43.5417 0.0188983 29828.3 64548.9 -534.617
  266 265.5 43.5614 0.0189068 29753.3 64610.9 -525.011
  267 266.5 43.5401 0.0188976 29841 64652.8 -592.564
  268 267.5 43.5547 0.0189039 29783.1 64649.5 -532.235
  269 268.5 43.5441 0.0188993 29828.9 64652.5 -523.876
  270 269.5 43.5705 0.0189108 29887.6 64647.1 -540.418
  271 270.5 43.5507 0.0189022 29820.3 64573.7 -552.803
  272 271.5 43.5445 0.0188995 29761.7 64622.7 -534.698
  273 272.5 43.553 0.0189032 29860.7 64618.6 -602.283
  274 273.5 43.5436 0.0188991 29915 64598.8 -523.673
  275 274.5 43.5612 0.0189068 29884.3 64566.5 -483.958
  276 275.5 43.5519 0.0189027 29819.4 64589.4 -520.798
  277 276.5 43.5505 0.0189021 29819.7 64704.4 -637.465
  278 277.5 43.5565 0.0189047 29798 64535.1 -547.414
  279 278.5 43.552 0.0189028 29907 64722.9 -480.882
  280 279.5 43.5365 0.0188961 29860.4 64640.2 -634.085
  281 280.5 43.5589 0.0189058 29808.3 64586.8 -565.442
  282 281.5 43.5621 0.0189071 29882.2 64665.1 -538.85
  283 282.5 43.5466 0.0189004 29875.9 64713.7 -538.793
  284 283.5 43.5528 0.0189031 29805.1 64515.3 -611.528
  285 284.5 43.5564 0.0189047 29880.5 64700.6 -501.928
  286 285.5 43.5428 0.0188988 29838.3 64570.5 -605.376
  287 286.5 43.5521 0.0189028 29824 64691.1 -488.855
  288 287.5 43.5497 0.0189018 29878.6 64677.8 -585.899
  289 288.5 43.555 0.0189041 29840.7 64639.1 -603.88
  290 289.5 43.5511 0.0189024 29840.5 64736.7 -449.337
  291 290.5 43.5534 0.0189034 29904.9 64686.7 -594.619
  292 291.5 43.5425 0.0188987 29853.2 64594.9 -587.71
  293 292.5 43.5599 0.0189062 29939 64763.1 -415.026
  294 293.5 43.5554 0.0189043 29971.2 64618.5 -631.804
  295 294.5 43.5527 0.0189031 29994.2 64706.7 -593.751
  296 295.5 43.554 0.0189037 29873.4 64760.4 -487.507
  297 296.5 43.5475 0.0189008 29958.3 64751.5 -588.319
  298 297.5 43.5544 0.0189038 30019.7 64810.9 -636.754
  299 298.5 43.5523 0.0189029 29913.1 64722.9 -520.39
  300 299.5 43.556 0.0189045 29935.6 64829.2 -482.963
  301 300.5 43.539 0.0188971 30005.7 64763.6 -570.69
  302 301.5 43.5694 0.0189103 29967.2 64717.7 -597.538
  303 302.5 43.5371 0.0188963 30012.3 64841.2 -542.193
  304 303.5 43.5596 0.0189061 29948.8 64855.5 -499.574
  305 304.5 43.5604 0.0189064 29841.9 64601.3 -624.938
  306 305.5 43.5454 0.0188999 29825 64721.8 -587.761
  307 306.5 43.5468 0.0189005 29854.4 64805.5 -483.045
  308 307.5 43.5665 0.0189091 29833.8 64759.6 -581.328
  309 308.5 43.5467 0.0189005 29940.3 64813.4 -607.922
  310 309.5 43.5588 0.0189057 29918.9 64886.1 -387.683
  311 310.5 43.5381 0.0188968 29857.6 64736.3 -613.997
  312 311.5 43.5534 0.0189034 29968.3 64784.4 -574.236
  313 312.5 43.5486 0.0189013 29754.5 64615.7 -576.598
  314 313.5 43.5685 0.0189099 29883.1 64737.3 -477.986
  315 314.5 43.5427 0.0188987 29871.5 64625.6 -628.616
  316 315.5 43.5583 0.0189055 29935.1 64810 -580.569
  317 316.5 43.5474 0.0189008 29807.4 64776.3 -488.703
  318 317.5 43.5551 0.0189041 29903.5 64702.5 -577.151
  319 318.5 43.5512 0.0189024 29954.6 64826 -532.181
  320 319.5 43.5609 0.0189066 29997.1 64827.2 -563.217
  321 320.5 43.5398 0.0188975 29913.3 64729.3 -575.831
  322 321.5 43.5593 0.0189059 29887.6 64733.1 -572.364
  323 322.5 43.5469 0.0189006 29983.6 64822.2 -468.561
  324 323.5 43.5603 0.0189064 29846.2 64724.8 -617.476
  325 324.5 43.5515 0.0189026 30039.2 64806.3 -493.693
  326 325.5 43.5486 0.0189013 29967.2 64817.7 -598.252
  327 326.5 43.5543 0.0189038 29977 64861.1 -502.67
  328 327.5 43.5543 0.0189038 29889.9 64870.5 -519.378
  329 328.5 43.5473 0.0189008 29874.9 64783.7 -602.189
  330 329.5 43.5574 0.0189051 29965.4 64746.7 -551.747
  331 330.5 43.5554 0.0189043 29947.7 64794.6 -565.043
  332 331.5 43.5398 0.0188975 29840.4 64739.7 -509.014
  333 332.5 43.5614 0.0189069 29846.6 64637.7 -623.585
  334 333.5 43.5394 0.0188973 29854.5 64642.3 -449.518
  335 334.5 43.5607 0.0189065 29882.3 64741 -495.526
  336 335.5 43.5594 0.018906 29889.6 64690 -610.685
  337 336.5 43.5351 0.0188955 29734.1 64681.3 -606.92
  338 337.5 43.5621 0.0189072 29796.2 64602.5 -540.18
  339 338.5 43.5537 0.0189035 29761.3 64582.5 -542.913
  340 339.5 43.558 0.0189054 29924.8 64667.6 -539.146
  341 340.5 43.5454 0.0188999 29845.1 64560.2 -510.382
  342 341.5 43.5521 0.0189028 29750.6 64588.7 -572.948
  343 342.5 43.5431 0.0188989 29846.3 64682.8 -544.343
  344 343.5 43.5492 0.0189016 29676.6 64628.5 -603.049
  345 344.5 43.5612 0.0189068 29699.9 64610.2 -471.244
  346 345.5 43.5424 0.0188986 29745.4 64593 -593.277
  347 346.5 43.551 0.0189023 29765.1 64567.7 -626.956
  348 347.5 43.5423 0.0188986 29742.5 64667.3 -462.699
  349 348.5 43.5506 0.0189022 29611.3 64555 -590.044
  350 349.5 43.5454 0.0188999 29815.6 64451 -611.457
  351 350.5 43.5508 0.0189022 29749.7 64445.4 -567.003
  352 351.5 43.5539 0.0189036 29898.9 64494.6 -513.862
  353 352.5 43.5512 0.0189024 29873 64530.5 -536.446
  354 353.5 43.547 0.0189006 29829.2 64474.5 -643.509
  355 354.5 43.5431 0.0188989 29862.6 64550.1 -529.788
  356 355.5 43.5517 0.0189026 29833.8 64496.6 -652.702
  357 356.5 43.5411 0.018898 29711 64473.8 -624.994
  358 357.5 43.5655 0.0189086 29694.2 64334.8 -851.795
  359 358.5 43.5234 0.0188904 29704 64324.3 -879.862
  360 359.5 43.5455 0.0189 29653.5 64248.2 -1015.88
  361 360.5 43.5436 0.0188991 29654.5 64131.2 -1148.62
  362 361.5 43.5267 0.0188918 29569.7 64003.7 -1449.94
  363 362.5 43.5194 0.0188886 29399.1 63854.8 -1658.84
  364 363.5 43.5324 0.0188943 29133.2 63582.6 -2112.92
  365 364.5 43.4669 0.0188658 28861.6 63181.5 -2619.89
  366 365.5 43.4615 0.0188635 28670.5 62681.2 -3398.62
  367 366.5 43.4243 0.0188474 28216.8 62163.9 -3942.51
  368 367.5 43.3546 0.0188171 27579.1 61212.5 -5073.97
  369 368.5 43.2757 0.0187828 26605.8 59698.7 -6107.85
  370 369.5 43.1448 0.0187261 24945.3 57124.4 -7607.19
  371 370.5 42.9345 0.0186348 22568 53492 -8792.84
  372 371.5 42.6883 0.0185279 19434.4 48352.8 -9053.76
  373 372.5 42.1726 0.0183041 16566.1 42237.1 -6817.97
  374 373.5 41.2736 0.0179139 15818.7 36729 -461.229
  375 374.5 39.853 0.0172973 18040.2 33218.8 8705.63
  376 375.5 37.3161 0.0161962 20391.9 29625.5 15350
  377 376.5 33.8826 0.014706 18796.3 22849.4 16126
  378 377.5 31.2158 0.0135485 11875.2 12377.9 10667
  379 378.5 30.4528 0.0132173 4596.65 3706.28 4804.87
  380 379.5 30.5012 0.0132384 947.621 397.847 2454.16
  381 380.5 30.3739 0.0131831 -307.834 -451.317 1532.34
  382 381.5 30.1483 0.0130852 -522.008 -585.961 588.51
  383 382.5 30.3908 0.0131905 -836.784 -705.84 -501.252
  384 383.5 30.4621 0.0132214 -803.386 -956.826 -651.919
  385 384.5 30.3933 0.0131915 -901.21 -873.514 -488.551
  386 385.5 30.3529 0.013174 -845.35 -863.951 -764.827
  387 386.5 30.4636 0.0132221 -904.347 -846.885 -691.205
  388 387.5 30.4773 0.013228 -995.988 -945.466 -915.207
  389 388.5 30.4135 0.0132003 -879.966 -897.944 -665.12
  390 389.5 30.359 0.0131766 -888.642 -853.589 -844.502
  391 390.5 30.4706 0.0132251 -757.359 -790.175 -821.363
  392 391.5 30.4592 0.0132201 -775.652 -850.963 -812.918
  393 392.5 30.4083 0.0131981 -998.016 -1056.31 -793.857
  394 393.5 30.3969 0.0131931 -837.959 -998.841 -847.727
  395 394.5 30.436 0.0132101 -878.778 -913.998 -847.914
  396 395.5 30.4642 0.0132223 -793.934 -742.027 -706.353
  397 396.5 30.4428 0.013213 -894.654 -811.854 -865.929
  398 397.5 30.436 0.01321 -786.705 -850.231 -826.578
  399 398.5 30.4344 0.0132094 -822.406 -1006.83 -887.346
  400 399.5 30.4559 0.0132187 -797.235 -960.95 -811.923
  401 400.5 30.4827 0.0132303 -911.976 -920.68 -805.873
  402 401.5 30.4263 0.0132059 -730.551 -948.552 -885.762
  403 402.5 30.4489 0.0132157 -786.763 -888.525 -813.803
  404 403.5 30.4771 0.0132279 -730.258 -916.648 -858.816
  405 404.5 30.475 0.013227 -862.553 -808.587 -704.193
  406 405.5 30.4397 0.0132117 -832.697 -1058.88 -876.094
  407 406.5 30.4697 0.0132247 -1052.21 -955.599 -835.316
  408 407.5 30.4715 0.0132255 -832.483 -964.561 -747.002
  409 408.5 30.42 0.0132031 -815.715 -823.164 -913.834
  410 409.5 30.3944 0.013192 -907.755 -852.568 -941.187
  411 410.5 30.5438 0.0132569 -854.406 -744.156 -673.938
  412 411.5 30.4221 0.0132041 -907.659 -788.495 -797.249
  413 412.5 30.4928 0.0132347 -911.878 -797.274 -873.532
  414 413.5 30.4243 0.013205 -706.523 -811.399 -755.21
  415 414.5 30.4539 0.0132178 -741.227 -802.934 -839.39
  416 415.5 30.4683 0.0132241 -601.799 -668.579 -867.444
  417 416.5 30.4777 0.0132282 -661.389 -723.733 -709.745
  418 417.5 30.3578 0.0131761 -659.435 -781.053 -838.282
  419 418.5 30.4914 0.0132341 -749.478 -669.308 -920.985
  420 419.5 30.4692 0.0132245 -759.04 -780.341 -771.786
  421 420.5 30.423 0.0132044 -723.682 -770.289 -720.04
  422 421.5 30.4513 0.0132167 -828.216 -797.885 -955.298
  423 422.5 30.5019 0.0132387 -799.012 -722.405 -842.109
  424 423.5 30.4652 0.0132228 -950.231 -841.135 -748.558
  425 424.5 30.5513 0.0132601 -840.547 -798.143 -717.521
  426 425.5 30.4719 0.0132257 -928.231 -865.212 -941.791
  427 426.5 30.4877 0.0132325 -932.071 -757.881 -875.226
  428 427.5 30.5459 0.0132578 -945.617 -752.623 -787.436
  429 428.5 30.5985 0.0132806 -783.59 -840.613 -720.048
  430 429.5 30.4943 0.0132354 -801.307 -910.022 -931.805
  431 430.5 30.4942 0.0132353 -752.475 -804.081 -894.482
  432 431.5 30.5675 0.0132671 -738.314 -816.335 -874.854
  433 432.5 30.5477 0.0132585 -752.389 -753.339 -731.193
  434 433.5 30.5347 0.0132529 -839.958 -901.563 -821.234
  435 434.5 30.516 0.0132448 -791.853 -673.737 -801.083
  436 435.5 30.539 0.0132548 -914.671 -791.679 -908.308
  437 436.5 30.5406 0.0132555 -683.627 -753.776 -838.145
  438 437.5 30.5051 0.01324 -566.019 -671.294 -820.574
  439 438.5 30.5154 0.0132445 -627.341 -573.768 -727.738
  440 439.5 30.4904 0.0132337 -779.164 -713.034 -773.839
  441 440.5 30.4975 0.0132367 -835.347 -711.66 -875.461
  442 441.5 30.5158 0.0132447 -769.871 -608.525 -793.326
  443 442.5 30.4608 0.0132208 -649.685 -631.117 -831.548
  444 443.5 30.5094 0.0132419 -682.638 -548.583 -817.423
  445 444.5 30.4893 0.0132332 -835.561 -602.023 -759.284
  446 445.5 30.5036 0.0132394 -928.268 -715.733 -828.08
  447 446.5 30.5262 0.0132492 -958.746 -647.585 -885.64
  448 447.5 30.4825 0.0132302 -728.041 -725.329 -773.052
  449 448.5 30.5481 0.0132587 -678.495 -678.286 -743.561
  450 449.5 30.5068 0.0132408 -928.482 -756.843 -852.06
  451 450.5 30.5312 0.0132514 -580.69 -769.229 -863.784
  452 451.5 30.5372 0.013254 -744.245 -785.969 -900.645
  453 452.5 30.5187 0.013246 -793.566 -768.099 -803.472
  454 453.5 30.535 0.013253 -679.621 -716.836 -717.53
  455 454.5 30.5891 0.0132765 -735.963 -665.767 -832.505
  456 455.5 30.4862 0.0132319 -838.01 -850.8 -903.193
  457 456.5 30.5184 0.0132458 -844.869 -849.634 -859.095
  458 457.5 30.5671 0.013267 -622.077 -767.086 -751.306
  459 458.5 30.5904 0.0132771 -932.252 -706.591 -827.887
  460 459.5 30.4985 0.0132372 -911.402 -956.023 -774.475
  461 460.5 30.5182 0.0132458 -776.545 -948.888 -858.175
  462 461.5 30.5344 0.0132528 -872.419 -925.405 -895.295
  463 462.5 30.5622 0.0132648 -809.813 -828.06 -848.943
  464 463.5 30.4697 0.0132247 -884.287 -864.131 -774.029
  465 464.5 30.5785 0.0132719 -892.435 -764.404 -815.236
  466 465.5 30.5518 0.0132603 -832.051 -555.6 -761.39
  467 466.5 30.4949 0.0132356 -987.758 -759.005 -932.227
  468 467.5 30.5057 0.0132403 -833.567 -756.93 -709.366
  469 468.5 30.5884 0.0132762 -814.697 -800.883 -816.844
  470 469.5 30.5431 0.0132565 -948.09 -853.154 -936.826
  471 470.5 30.522 0.0132474 -748.595 -916.044 -765.59
  472 471.5 30.5799 0.0132725 -641.048 -770.25 -765.993
  473 472.5 30.5749 0.0132704 -651.274 -639.893 -963.185
  474 473.5 30.5144 0.0132441 -666.147 -700.198 -657.167
  475 474.5 30.5318 0.0132516 -773.374 -697.55 -883.224
  476 475.5 30.5829 0.0132738 -710.253 -707.879 -887.739
  477 476.5 30.568 0.0132674 -837.374 -782.029 -723.794
  478 477.5 30.4991 0.0132375 -827.994 -847.562 -909.187
  479 478.5 30.6012 0.0132818 -865.584 -951.473 -800.13
  480 479.5 30.585 0.0132747 -854.706 -919.564 -833.531
62500000 480 11616.000000000004
  1 0.5 30.5157 0.0132447 -853.175 -707.513 -840.06
  2 1.5 30.5188 0.013246 -820.67 -709.7 -908.856
  3 2.5 30.5589 0.0132634 -939.897 -866.342 -847.039
  4 3.5 30.5247 0.0132486 -819.263 -894.968 -777.003
  5 4.5 30.5625 0.013265 -1015.52 -964.304 -880.914
  6 5.5 30.5528 0.0132607 -697.994 -875.222 -772.416
  7 6.5 30.5296 0.0132507 -928.238 -930.168 -861.377
  8 7.5 30.5454 0.0132575 -878.045 -827.004 -848.266
  9 8.5 30.5548 0.0132616 -846.908 -792.777 -837.703
  10 9.5 30.5446 0.0132572 -751.931 -799.011 -790.902
  11 10.5 30.577 0.0132713 -695.578 -705.611 -784.191
  12 11.5 30.5376 0.0132542 -813.143 -848.65 -939.041
  13 12.5 30.5128 0.0132434 -736.63 -875.674 -812.239
  14 13.5 30.5634 0.0132654 -764.7 -821.513 -825.173
  15 14.5 30.5847 0.0132746 -699.247 -811.756 -727.855
  16 15.5 30.5432 0.0132566 -732.605 -863.459 -881.605
  17 16.5 30.5143 0.013244 -833.523 -879.816 -929.881
  18 17.5 30.5851 0.0132748 -833.952 -745.183 -813.686
  19 18.5 30.5462 0.0132579 -697.808 -814.439 -802.975
  20 19.5 30.5475 0.0132585 -721.587 -783.95 -828.778
  21 20.5 30.5724 0.0132693 -810.601 -836.134 -818.457
  22 21.5 30.5624 0.0132649 -851.135 -890.048 -830.964
  23 22.5 30.5203 0.0132467 -928.308 -903.511 -855.392
  24 23.5 30.6061 0.0132839 -779.67 -983.182 -837.524
  25 24.5 30.6066 0.0132841 -849.997 -884.353 -863.045
  26 25.5 30.4999 0.0132378 -812.164 -852.6 -954.462
  27 26.5 30.6268 0.0132929 -705.034 -818.03 -733.509
  28 27.5 30.5641 0.0132657 -825.502 -759.328 -878.457
  29 28.5 30.4909 0.0132339 -746.806 -691.246 -958.322
  30 29.5 30.5719 0.013269 -892.98 -829.197 -903.039
  31 30.5 30.5613 0.0132644 -849.239 -793.04 -1088.85
  32 31.5 30.471 0.0132253 -884.741 -707.05 -938.215
  33 32.5 30.5081 0.0132414 -801.6 -738.553 -953.384
  34 33.5 30.5725 0.0132693 -679.455 -691.579 -1107.22
  35 34.5 30.4134 0.0132003 -620.879 -755.874 -1303.91
  36 35.5 30.3579 0.0131762 -551.473 -666.73 -1236.61
  37 36.5 30.4051 0.0131967 -529.511 -587.936 -1343.24
  38 37.5 30.3652 0.0131793 -451.784 -466.743 -1521.57
  39 38.5 30.1267 0.0130758 -254.088 -144.74 -1652.67
  40 39.5 30.0379 0.0130373 -27.1159 96.5342 -1823.16
  41 40.5 29.9725 0.0130089 303.119 254.091 -2029.23
  42 41.5 29.7064 0.0128934 621.057 578.502 -2091.38
  43 42.5 29.3504 0.0127389 993.646 933.794 -2355.45
  44 43.5 29.0117 0.0125919 1445.5 1477.69 -2419.39
  45 44.5 28.5537 0.0123931 1713.53 1684.29 -2624.73
  46 45.5 27.8917 0.0121058 2450.19 2396.87 -2370.66
  47 46.5 27.0113 0.0117237 3036.14 2869.64 -2254.66
  48 47.5 25.8855 0.011235 3491.98 3560.61 -2095.8
  49 48.5 24.5566 0.0106582 3997.91 4076.03 -1427.89
  50 49.5 22.871 0.00992666 4413.32 4359.08 -798.001
  51 50.5 20.8432 0.00904653 4558.87 4427.67 -139.217
  52 51.5 18.6928 0.00811321 4134.76 4305.85 716.491
  53 52.5 16.3193 0.00708303 3684.82 3663.59 1575.78
  54 53.5 13.9266 0.00604455 2941.51 3055.11 2166.53
  55 54.5 11.578 0.00502518 1890.13 1973.63 2686.72
  56 55.5 9.41215 0.00408514 440.778 536.327 2878.1
  57 56.5 7.55217 0.00327785 -1169.26 -1042.91 2665.82
  58 57.5 6.00484 0.00260627 -3236.54 -2833.56 1837.98
  59 58.5 4.79737 0.00208219 -4981.15 -4790.07 853.25
  60 59.5 3.83506 0.00166452 -7009.59 -7104.48 -915.98
  61 60.5 3.15353 0.00136872 -8930.88 -9101.2 -2824.05
  62 61.5 2.62975 0.00114139 -11022.6 -10968.7 -5353.05
  63 62.5 2.2764 0.000988021 -12616.8 -12512.8 -7592.27
  64 63.5 2.07378 0.000900076 -13792.6 -14017.6 -9526.8
  65 64.5 1.89275 0.000821507 -14609 -14964.1 -11182.4
  66 65.5 1.75042 0.000759729 -15196.8 -15665.5 -12914.5
  67 66.5 1.69361 0.000735073 -15612.9 -15923.4 -13891
  68 67.5 1.61627 0.000701507 -16274.2 -16279.8 -14791.8
  69 68.5 1.58684 0.000688733 -16848.1 -16601.3 -15358.6
  70 69.5 1.57634 0.000684177 -16932.2 -17127.8 -15680
  71 70.5 1.55931 0.000676785 -16842.2 -17169.3 -16037.2
  72 71.5 1.52873 0.00066351 -17071.5 -17430.7 -16457
  73 72.5 1.52925 0.000663736 -16450.7 -17135.1 -16481.4
  74 73.5 1.51346 0.000656885 -16477 -17223.8 -16709.1
  75 74.5 1.51002 0.000655392 -16756.5 -17383.7 -16840.3
  76 75.5 1.4896 0.000646528 -16673.4 -17303.4 -17145.8
  77 76.5 1.489 0.000646267 -16945.2 -16952.6 -17113.5
  78 77.5 1.48671 0.000645274 -16968.2 -17126.7 -17229.9
  79 78.5 1.50434 0.000652927 -16799.7 -17113.3 -16892.1
  80 79.5 1.48226 0.000643344 -16669.6 -17397.6 -17238.2
  81 80.5 1.47389 0.000639708 -16926.3 -17286.2 -17351.8
  82 81.5 1.47619 0.000640708 -16794.9 -16710.9 -17309.2
  83 82.5 1.47482 0.000640115 -16975.7 -17116.8 -17420.4
  84 83.5 1.48558 0.000644785 -16965.1 -17236 -17175.6
  85 84.5 1.49096 0.000647118 -17007.1 -17097.6 -17214.7
  86 85.5 1.50738 0.000654243 -16662.9 -16814.8 -16900.5
  87 86.5 1.50199 0.000651906 -16615.4 -16881.2 -17093.2
  88 87.5 1.48793 0.000645802 -16888.5 -16889.3 -17193.9
  89 88.5 1.48702 0.000645406 -16770.7 -16848.3 -17190.1
  90 89.5 1.49463 0.000648712 -17064.4 -17371.2 -17148.9
  91 90.5 1.49059 0.000646958 -16888.6 -16821.6 -17144.6
  92 91.5 1.50253 0.000652139 -16894.5 -17084.4 -16992.9
  93 92.5 1.49534 0.000649017 -16874.6 -17130.1 -17200.1
  94 93.5 1.49379 0.000648347 -16879.2 -17467.3 -17169.6
  95 94.5 1.50639 0.000653816 -17083.1 -16925.6 -16984.4
  96 95.5 1.5005 0.000651257 -17242.2 -17307 -17075.8
  97 96.5 1.50586 0.000653583 -17386.1 -17017.4 -16964.5
  98 97.5 1.51521 0.000657642 -17287.3 -16984 -16927.3
  99 98.5 1.51646 0.000658188 -17463.9 -16731.5 -16856.7
  100 99.5 1.49906 0.000650632 -17319.9 -16780 -17012.9
  101 100.5 1.49831 0.000650309 -17084.9 -16639.4 -17055.9
  102 101.5 1.49018 0.000646781 -16981.9 -16474 -17146.9
  103 102.5 1.50656 0.000653889 -16899.7 -16428.3 -16979.7
  104 103.5 1.49234 0.000647719 -16592.8 -16540.7 -17253.1
  105 104.5 1.52086 0.000660094 -16785.3 -16347.5 -16865.7
  106 105.5 1.52284 0.000660955 -16883.8 -16517.9 -16813.3
  107 106.5 1.5196 0.000659549 -16747.2 -16639.9 -16716.1
  108 107.5 1.51306 0.000656712 -16890.5 -16569.1 -16951.2
  109 108.5 1.51909 0.000659326 -17015.1 -16474.1 -16880.1
  110 109.5 1.51398 0.000657111 -16848.1 -16455.6 -16752.1
  111 110.5 1.51358 0.000656937 -16920.3 -16179.2 -16990.1
  112 111.5 1.52702 0.000662771 -17748.1 -16663.6 -16809.8
  113 112.5 1.51687 0.000658365 -17168.4 -16950.5 -16834.2
  114 113.5 1.50975 0.000655274 -17291 -16838.1 -17000.2
  115 114.5 1.5162 0.000658073 -17221.6 -16649.9 -16924.7
  116 115.5 1.51696 0.000658403 -16994.7 -16618.8 -16739.4
  117 116.5 1.51346 0.000656885 -17051.7 -16699.4 -17028.4
  118 117.5 1.51418 0.000657198 -16918.7 -16563.3 -16937.7
  119 118.5 1.51471 0.000657427 -16669.2 -16438.5 -16832.4
  120 119.5 1.50486 0.000653149 -16504.1 -16703.5 -16945.2
  121 120.5 1.50814 0.000654573 -16913.6 -16799.7 -16980.9
  122 121.5 1.51173 0.000656132 -16683.4 -16706.1 -16948.5
  123 122.5 1.51019 0.000655465 -17094.5 -16893.5 -16909.5
  124 123.5 1.51341 0.000656861 -16958.6 -16925.8 -16793.6
  125 124.5 1.51113 0.000655872 -17261.6 -17002.2 -16979.2
  126 125.5 1.5011 0.000651517 -17161 -16774.1 -16994.3
  127 126.5 1.50832 0.000654653 -16766.4 -16626.7 -16917.2
  128 127.5 1.5063 0.000653774 -16742.2 -17078.4 -17170.6
  129 128.5 1.52798 0.000663184 -16767.6 -16962.2 -16694.7
  130 129.5 1.52841 0.000663372 -17197.5 -17270.3 -16683.3
  131 130.5 1.52308 0.000661059 -17190.1 -16869.4 -16748.1
  132 131.5 1.5265 0.000662542 -17441.3 -16836.6 -16881.8
  133 132.5 1.52318 0.000661101 -17192.3 -16929.8 -16731.1
  134 133.5 1.51482 0.000657476 -16881 -16830.1 -17015.5
  135 134.5 1.51142 0.000655997 -17380.6 -16746.5 -16987.7
  136 135.5 1.52638 0.00066249 -17161.7 -16420.7 -16737.7
  137 136.5 1.53106 0.000664521 -17340.9 -16800.3 -16644.7
  138 137.5 1.51653 0.000658215 -16916.2 -17322.5 -16736
  139 138.5 1.49042 0.000646882 -17146.8 -17237.7 -17117.5
  140 139.5 1.49844 0.000650365 -17206 -16867 -17204.1
  141 140.5 1.50487 0.000653156 -17236.3 -16854.6 -17035.4
  142 141.5 1.50179 0.000651819 -16684.3 -16807.2 -17006.5
  143 142.5 1.50141 0.000651653 -16566.4 -17072.4 -17012.8
  144 143.5 1.50106 0.0006515 -16938.4 -17291 -16980.5
  145 144.5 1.50618 0.000653726 -17087.4 -17133.5 -16957
  146 145.5 1.49906 0.000650635 -16623.6 -17136.5 -17013.9
  147 146.5 1.50578 0.000653549 -16738.8 -17072.7 -17066.5
  148 147.5 1.51019 0.000655465 -16949.1 -16898.7 -17037.5
  149 148.5 1.49666 0.00064959 -16709.7 -16499.2 -16937.5
  150 149.5 1.50978 0.000655288 -16878.3 -16541.9 -16930.1
  151 150.5 1.509 0.000654948 -16799.6 -16790.6 -16913.7
  152 151.5 1.4853 0.000644663 -16456.3 -16538.1 -17344.8
  153 152.5 1.50243 0.000652097 -16491.4 -16383 -17063.5
  154 153.5 1.51287 0.000656628 -16513.6 -16574.2 -16878
  155 154.5 1.5249 0.000661851 -16872.9 -16994.6 -16783
  156 155.5 1.54088 0.000668785 -17033.3 -16914.9 -16431.5
  157 156.5 1.52574 0.000662212 -16883 -16800.8 -16776.2
  158 157.5 1.51775 0.000658747 -16978.4 -17222.5 -16918.8
  159 158.5 1.53811 0.000667583 -16977.5 -16883.5 -16683.1
  160 159.5 1.52269 0.000660889 -16763.2 -16559.1 -16778.3
  161 160.5 1.52561 0.000662156 -16651.4 -16663.1 -16724.6
  162 161.5 1.52506 0.00066192 -16805.3 -16838.5 -16733.8
  163 162.5 1.53938 0.000668132 -16730.1 -16847.5 -16624.4
  164 163.5 1.54449 0.000670351 -16485.7 -16639.8 -16648
  165 164.5 1.54394 0.000670115 -16533.4 -17165.7 -16502.5
  166 165.5 1.53967 0.00066826 -16566.1 -16663.8 -16632.5
  167 166.5 1.53132 0.000664635 -16883 -16283.8 -16723.4
  168 167.5 1.5536 0.000674306 -16757.3 -16665.5 -16526.8
  169 168.5 1.54443 0.000670326 -16488.7 -16797 -16614
  170 169.5 1.53352 0.00066559 -16498 -16752.1 -16686.7
  171 170.5 1.53588 0.000666615 -16804.2 -16423.5 -16653.7
  172 171.5 1.54976 0.000672639 -16611.7 -16255.2 -16457.1
  173 172.5 1.53497 0.000666219 -16598.2 -16537.3 -16746.8
  174 173.5 1.54887 0.000672253 -16671.8 -16372.5 -16493.1
  175 174.5 1.54615 0.000671073 -16907 -17083.9 -16454.1
  176 175.5 1.54302 0.000669715 -16653.9 -16513.8 -16431.3
  177 176.5 1.53726 0.000667212 -16599.1 -16513.9 -16846.6
  178 177.5 1.53242 0.000665111 -16612.7 -16222.3 -16640
  179 178.5 1.53986 0.000668344 -16878.6 -16333.7 -16550.6
  180 179.5 1.5213 0.000660288 -16991 -16671.6 -16767.5
  181 180.5 1.51964 0.000659566 -17012 -16800 -16832.2
  182 181.5 1.5223 0.000660719 -16478.2 -16880.2 -16866.7
  183 182.5 1.52352 0.00066125 -17066.7 -16957.2 -16860
  184 183.5 1.51121 0.000655906 -16948.5 -16951 -16890.7
  185 184.5 1.511 0.000655816 -17201.9 -16687.7 -16938.1
  186 185.5 1.53054 0.000664295 -17104.3 -16724 -16623.2
  187 186.5 1.54448 0.000670347 -16954.6 -16673.1 -16424
  188 187.5 1.52541 0.000662069 -17378.9 -16973.6 -16988.8
  189 188.5 1.53005 0.000664083 -17212 -16676.3 -16735
  190 189.5 1.51521 0.000657642 -17039.1 -16831 -16806
  191 190.5 1.5211 0.000660201 -17085.3 -16678.8 -16858.1
  192 191.5 1.54295 0.000669684 -16532.7 -16775.1 -16474.2
  193 192.5 1.54171 0.000669146 -16643.4 -16632.6 -16619.4
  194 193.5 1.53028 0.000664184 -16511 -16790.8 -16790.4
  195 194.5 1.51022 0.000655476 -16475.3 -16919.8 -16902.1
  196 195.5 1.51372 0.000656997 -16494.6 -16495.9 -16873.2
  197 196.5 1.52354 0.00066126 -16549.1 -16933 -16776.8
  198 197.5 1.51238 0.000656413 -16885.1 -17318.1 -16875.8
  199 198.5 1.51318 0.000656764 -17426.1 -17214.3 -16834.8
  200 199.5 1.50699 0.000654076 -17271.3 -17267 -16876.6
  201 200.5 1.51546 0.00065775 -16555.4 -17166.9 -16644
  202 201.5 1.52225 0.000660698 -16745.4 -17345.3 -16696.2
  203 202.5 1.52788 0.000663142 -17116.5 -17001.5 -16384.7
  204 203.5 1.53197 0.000664917 -16964.4 -17060.4 -16443.2
  205 204.5 1.56416 0.000678889 -16577 -16765.3 -15840.6
  206 205.5 1.55838 0.000676378 -16401.9 -16676.8 -15953.9
  207 206.5 1.5855 0.000688153 -16182 -16540.6 -15273
  208 207.5 1.62463 0.000705135 -15816.1 -16281.9 -14687.1
  209 208.5 1.69224 0.000734479 -15648.4 -15938.1 -13868.2
  210 209.5 1.79712 0.00078 -15039.9 -15053 -12235.6
  211 210.5 1.91607 0.000831628 -14094.8 -14381.9 -10926.8
  212 211.5 2.0781 0.000901955 -13220.8 -13569.6 -9360.36
  213 212.5 2.35264 0.00102111 -12252.2 -12110.6 -7086.41
  214 213.5 2.7543 0.00119544 -10780.2 -10832.7 -4731.73
  215 214.5 3.2831 0.00142496 -8784 -8792.95 -2668.68
  216 215.5 4.01312 0.00174181 -6970.65 -6794.73 -491.878
  217 216.5 5.03261 0.00218429 -4967.15 -4706.34 1261.96
  218 217.5 6.36945 0.00276452 -2858.72 -2913.8 2520.33
  219 218.5 7.9931 0.00346923 -837.339 -694.311 2828.03
  220 219.5 9.96695 0.00432593 939.262 787.04 2980.62
  221 220.5 12.1708 0.00528246 2319.6 2187.06 2919.33
  222 221.5 14.5914 0.00633308 3323 3106.5 2564.8
  223 222.5 17.1453 0.00744153 4155.65 4048.26 1904.93
  224 223.5 19.5369 0.00847957 4548.14 4458.97 1103.62
  225 224.5 21.5011 0.00933208 4724.01 4470.83 663.552
  226 225.5 23.5213 0.0102089 4711.75 4701.42 1229.9
  227 226.5 25.5083 0.0110713 5350.79 5110.66 1785.73
  228 227.5 26.8298 0.0116449 7682.34 7143.9 3073.11
  229 228.5 28.2883 0.0122779 14228.2 14212.6 8312.58
  230 229.5 31.5067 0.0136748 22262.1 24710.7 15181.6
  231 230.5 35.7724 0.0155262 24527.6 31802.6 16105.4
  232 231.5 38.8924 0.0168804 21035.1 34029.9 10264.6
  233 232.5 40.7407 0.0176826 16659.1 35360.6 528.345
  234 233.5 41.8831 0.0181784 15815.8 39889.5 -6882.51
  235 234.5 42.5125 0.0184516 18082.2 45948.6 -9748.99
  236 235.5 42.843 0.0185951 21265.8 51534.4 -9675.03
  237 236.5 43.054 0.0186866 24004 55789.8 -8752.06
  238 237.5 43.2485 0.0187711 25870.2 58724.2 -7118.08
  239 238.5 43.319 0.0188016 27078.7 60609.6 -5603.54
  240 239.5 43.3858 0.0188307 28096.7 61708.6 -4516.77
  241 240.5 43.4575 0.0188618 28465.2 62312 -3817.56
  242 241.5 43.4827 0.0188727 28951.7 62989.1 -2869.04
  243 242.5 43.4991 0.0188798 28935.5 63196.3 -2469.01
  244 243.5 43.511 0.018885 29261.2 63606.5 -1881.23
  245 244.5 43.5383 0.0188968 29299.6 63726.2 -1523.79
  246 245.5 43.5298 0.0188931 29552.6 63964.5 -1333.57
  247 246.5 43.5394 0.0188973 29514.6 64045.8 -1140.83
  248 247.5 43.5474 0.0189008 29547.5 64111.6 -896.91
  249 248.5 43.5398 0.0188975 29543.5 64285.7 -779.331
  250 249.5 43.5434 0.0188991 29554.5 64341.2 -794.575
  251 250.5 43.5526 0.018903 29647.5 64473.2 -621.88
  252 251.5 43.5266 0.0188918 29660.3 64499.7 -526.526
  253 252.5 43.5522 0.0189028 29674.9 64475.9 -721.722
  254 253.5 43.5502 0.018902 29727.8 64498.8 -547.805
  255 254.5 43.5436 0.0188991 29821.1 64578.5 -494.178
  256 255.5 43.544 0.0188993 29743.1 64437.4 -613.193
  257 256.5 43.5584 0.0189056 29673.7 64446.8 -590.422
  258 257.5 43.5429 0.0188988 29716.9 64558.9 -514.042
  259 258.5 43.5462 0.0189002 29765.1 64492.4 -574.727
  260 259.5 43.5713 0.0189112 29689 64417.1 -536.906
  261 260.5 43.5393 0.0188973 29730.8 64539.9 -596.965
  262 261.5 43.5442 0.0188994 29736.9 64454.8 -537.93
  263 262.5 43.5523 0.0189029 29720.7 64481.5 -542.684
  264 263.5 43.5394 0.0188973 29817.1 64620.1 -557.44
  265 264.5 43.5448 0.0188997 29740.2 64628.6 -549.862
  266 265.5 43.5425 0.0188987 29717.9 64618.4 -556.583
  267 266.5 43.5574 0.0189051 29742.3 64701.1 -600.216
  268 267.5 43.5474 0.0189008 29802.3 64651.3 -522.479
  269 268.5 43.5529 0.0189032 29983.9 64656.8 -569.286
  270 269.5 43.5409 0.018898 29893.3 64707.2 -580.967
  271 270.5 43.5732 0.018912 29971.1 64641.7 -560.286
  272 271.5 43.5349 0.0188954 29827.7 64643 -632.548
  273 272.5 43.5564 0.0189047 29871.6 64662.2 -515.137
  274 273.5 43.5527 0.0189031 29824.9 64719 -553.868
  275 274.5 43.5554 0.0189043 29839 64777.6 -540.036
  276 275.5 43.5351 0.0188954 29866.8 64674.2 -567.656
  277 276.5 43.5689 0.0189101 29824.2 64664.9 -559.637
  278 277.5 43.5389 0.0188971 29890.3 64685.4 -577.116
  279 278.5 43.5682 0.0189098 29839 64661.7 -561.571
  280 279.5 43.5475 0.0189008 29852.7 64701.8 -458.837
  281 280.5 43.5435 0.0188991 29854.1 64672 -600.057
  282 281.5 43.5551 0.0189041 29790 64543.7 -622.778
  283 282.5 43.5468 0.0189005 29776.3 64515.7 -558.062
  284 283.5 43.5488 0.0189014 29782 64603 -457.947
  285 284.5 43.5514 0.0189025 29764.9 64574.1 -647.825
  286 285.5 43.5347 0.0188953 29783.8 64662.1 -564.51
  287 286.5 43.5562 0.0189046 29783.4 64542.6 -469.408
  288 287.5 43.5631 0.0189076 29731.4 64498.5 -673.939
  289 288.5 43.5357 0.0188957 29746.9 64585.4 -514.069
  290 289.5 43.5716 0.0189113 29684.9 64603.2 -491.689
  291 290.5 43.5501 0.018902 29783 64519.7 -606.207
  292 291.5 43.5272 0.018892 29756.5 64589.3 -512.059
  293 292.5 43.5738 0.0189122 29668.3 64472.6 -588.302
  294 293.5 43.5391 0.0188972 29712.9 64546.2 -546.653
  295 294.5 43.5429 0.0188988 29777.9 64521 -583.289
  296 295.5 43.5544 0.0189038 29742.8 64532.4 -529.407
  297 296.5 43.5457 0.0189 29758.1 64435.3 -579.63
  298 297.5 43.5523 0.0189029 29679.9 64610 -522.468
  299 298.5 43.5457 0.0189 29692 64556.8 -561.225
  300 299.5 43.559 0.0189058 29775.6 64535.8 -569.532
  301 300.5 43.5578 0.0189053 29633.5 64443.3 -497.764
  302 301.5 43.541 0.018898 29662.3 64461.9 -609.006
  303 302.5 43.5557 0.0189044 29660 64614.3 -520.119
  304 303.5 43.5341 0.018895 29740.3 64603.7 -568.499
  305 304.5 43.5419 0.0188984 29779.4 64529.4 -543.815
  306 305.5 43.565 0.0189084 29730.7 64577.1 -558.873
  307 306.5 43.5559 0.0189045 29709.7 64554.9 -562.019
  308 307.5 43.5365 0.018896 29696.7 64589.6 -638.334
  309 308.5 43.5582 0.0189055 29718.2 64588.1 -451.673
  310 309.5 43.5487 0.0189013 29620.8 64555.2 -660.951
  311 310.5 43.5416 0.0188983 29867 64527.1 -458.108
  312 311.5 43.5443 0.0188994 29672.7 64531.5 -623.834
  313 312.5 43.5671 0.0189093 29804.4 64573 -580.061
  314 313.5 43.542 0.0188984 29791.8 64561.4 -504.391
  315 314.5 43.5541 0.0189037 29779.5 64539.6 -536.622
  316 315.5 43.5445 0.0188995 29640.9 64485.3 -667.478
  317 316.5 43.5557 0.0189044 29759.9 64496.5 -494.068
  318 317.5 43.5342 0.018895 29735.8 64484.2 -562.336
  319 318.5 43.5506 0.0189022 29810.1 64607.2 -455.874
  320 319.5 43.5465 0.0189004 29753.9 64529.9 -623.926
  321 320.5 43.5594 0.018906 29784.7 64621.1 -584.123
  322 321.5 43.5383 0.0188968 29693 64665.9 -578.399
  323 322.5 43.5513 0.0189025 29711.8 64509.8 -513.621
  324 323.5 43.5639 0.018908 29630.3 64478.3 -615.196
  325 324.5 43.5391 0.0188972 29659.2 64438.7 -479.061
  326 325.5 43.541 0.018898 29667 64458.5 -634.742
  327 326.5 43.535 0.0188954 29698.7 64457.1 -567.788
  328 327.5 43.5571 0.018905 29595.5 64409.5 -588.178
  329 328.5 43.5612 0.0189068 29700.2 64512.4 -510.5
  330 329.5 43.5448 0.0188997 29758.3 64602.2 -558.64
  331 330.5 43.5423 0.0188985 29669.2 64539 -590.129
  332 331.5 43.5427 0.0188987 29679.6 64453.1 -619.772
  333 332.5 43.5571 0.018905 29779.7 64745.9 -397.185
  334 333.5 43.5494 0.0189016 29744.7 64578.9 -619.352
  335 334.5 43.5348 0.0188953 29769.4 64625 -581.067
  336 335.5 43.5657 0.0189087 29745 64587.1 -569.077
  337 336.5 43.5515 0.0189026 29766.4 64482.9 -533.056
  338 337.5 43.5454 0.0188999 29679.3 64558 -503.665
  339 338.5 43.5532 0.0189033 29807.6 64594.1 -615.269
  340 339.5 43.5581 0.0189054 29827.1 64563.8 -557.863
  341 340.5 43.5415 0.0188982 29794.7 64640.1 -554.532
  342 341.5 43.5487 0.0189013 29949.2 64644 -520.828
  343 342.5 43.5522 0.0189028 29862.7 64653.1 -605.853
  344 343.5 43.5561 0.0189046 29894.4 64665.9 -501.147
  345 344.5 43.547 0.0189006 29810 64538.3 -558.831
  346 345.5 43.5524 0.0189029 29850.2 64666.5 -579.53
  347 346.5 43.5591 0.0189058 29790.6 64622.2 -548.242
  348 347.5 43.5443 0.0188994 29862.1 64613.1 -557.416
  349 348.5 43.5552 0.0189042 29817.9 64675.4 -545.939
  350 349.5 43.5374 0.0188964 29835 64576.9 -590.168
  351 350.5 43.5732 0.018912 29610.8 64606.4 -588.887
  352 351.5 43.5275 0.0188921 29851.7 64630.8 -588.519
  353 352.5 43.5726 0.0189117 29745.8 64554.5 -479.222
  354 353.5 43.5324 0.0188943 29783.3 64481.9 -637.035
  355 354.5 43.5476 0.0189009 29741.5 64554.8 -559.451
  356 355.5 43.5514 0.0189025 29735.2 64491.3 -702.232
  357 356.5 43.5508 0.0189022 29744.1 64331.1 -480.117
  358 357.5 43.5604 0.0189064 29725.9 64298 -766.416
  359 358.5 43.549 0.0189015 29839.3 64406.2 -799.283
  360 359.5 43.5302 0.0188933 29656.2 64133.9 -892.369
  361 360.5 43.5528 0.0189031 29604.8 64181.4 -1009.15
  362 361.5 43.5125 0.0188856 29535.1 64032 -1422.03
  363 362.5 43.5564 0.0189047 29549.8 63873.5 -1445.95
  364 363.5 43.5082 0.0188837 29263.2 63632.2 -1812.91
  365 364.5 43.5078 0.0188836 29075.5 63329.6 -2236.19
  366 365.5 43.4887 0.0188753 28810.4 63117.5 -2843.66
  367 366.5 43.4535 0.01886 28570 62615.1 -3434.67
  368 367.5 43.3844 0.01883 28106.6 61793.7 -4351.39
  369 368.5 43.3493 0.0188148 27370.3 60835.6 -5162.03
  370 369.5 43.2556 0.0187741 26167.8 59169.3 -6589.94
  371 370.5 43.0881 0.0187014 24375.5 56285.8 -7943.52
  372 371.5 42.9022 0.0186208 21914 52219.2 -8983.91
  373 372.5 42.5394 0.0184633 18731.4 46848.7 -8812.25
  374 373.5 41.9938 0.0182265 16202.9 40535.2 -5699.58
  375 374.5 40.9746 0.0177841 16168.7 35474.2 1650.48
  376 375.5 39.3671 0.0170864 18845.5 32479.1 10909.7
  377 376.5 36.4582 0.0158239 21014.6 28621.2 16469.3
  378 377.5 33.042 0.0143412 17781.8 20381.6 15233.5
  379 378.5 30.7375 0.0133409 9948.89 9408.76 8726.97
  380 379.5 30.4519 0.013217 3648.31 2478.48 3809.17
  381 380.5 30.4559 0.0132187 785.672 192.785 2336.57
  382 381.5 30.2811 0.0131428 -201.355 -454.075 1388.43
  383 382.5 30.2373 0.0131238 -596.426 -710.336 23.6417
  384 383.5 30.4126 0.0131999 -730.226 -654.492 -573.287
  385 384.5 30.4211 0.0132036 -779.895 -722.138 -415.133
  386 385.5 30.4152 0.013201 -784.623 -793.196 -669.066
  387 386.5 30.3972 0.0131932 -741.366 -685.483 -779.616
  388 387.5 30.4332 0.0132089 -711.537 -665.333 -808.261
  389 388.5 30.4902 0.0132336 -726.272 -656.068 -665.302
  390 389.5 30.4086 0.0131982 -884.524 -764.275 -888.823
  391 390.5 30.4548 0.0132183 -743.849 -616.689 -866.664
  392 391.5 30.4819 0.01323 -839.735 -725.312 -764.163
  393 392.5 30.4356 0.0132099 -609.341 -778.25 -807.927
  394 393.5 30.4662 0.0132232 -927.536 -793.326 -872.345
  395 394.5 30.4408 0.0132122 -805.438 -607.578 -807.769
  396 395.5 30.4487 0.0132156 -848.553 -763.493 -900.835
  397 396.5 30.4944 0.0132354 -867.853 -753.812 -818.52
  398 397.5 30.5124 0.0132432 -748.745 -707.296 -703.164
  399 398.5 30.4463 0.0132145 -805.585 -736.042 -965.12
  400 399.5 30.4529 0.0132174 -887.448 -915.123 -886.586
  401 400.5 30.5286 0.0132503 -660.286 -932.709 -761.038
  402 401.5 30.5548 0.0132616 -747.867 -810.527 -839.432
  403 402.5 30.3979 0.0131936 -854.264 -892.38 -977.008
  404 403.5 30.5204 0.0132467 -688.229 -759.033 -636.147
  405 404.5 30.5675 0.0132671 -761.407 -631.248 -866.585
  406 405.5 30.5382 0.0132544 -885.999 -868.135 -927.397
  407 406.5 30.4676 0.0132238 -611.075 -807.641 -706.903
  408 407.5 30.476 0.0132274 -729.054 -851.373 -851.257
  409 408.5 30.5689 0.0132678 -836.349 -816.901 -904.839
  410 409.5 30.5066 0.0132407 -812.945 -830.794 -799.862
  411 410.5 30.4705 0.0132251 -809.434 -734.924 -844.199
  412 411.5 30.531 0.0132513 -834.98 -823.226 -853.73
  413 412.5 30.5479 0.0132586 -812.02 -709.159 -715.718
  414 413.5 30.5114 0.0132428 -843.375 -713.483 -807.039
  415 414.5 30.5009 0.0132382 -926.695 -655.525 -889.225
  416 415.5 30.5392 0.0132548 -950.594 -713.53 -885.74
  417 416.5 30.5709 0.0132686 -949.555 -977.397 -826.424
  418 417.5 30.5931 0.0132782 -1139.39 -1023.59 -873.227
  419 418.5 30.5519 0.0132604 -979.589 -984.934 -746.875
  420 419.5 30.521 0.013247 -1039.45 -846.843 -864.077
  421 420.5 30.56 0.0132639 -1010.36 -914.093 -865.014
  422 421.5 30.5599 0.0132638 -882.49 -848.537 -848.258
  423 422.5 30.5142 0.013244 -770.222 -1012.64 -809.831
  424 423.5 30.5404 0.0132554 -556.899 -685.022 -809.029
  425 424.5 30.5253 0.0132488 -627.943 -776.153 -797.046
  426 425.5 30.5293 0.0132505 -689.661 -767.386 -856.427
  427 426.5 30.4948 0.0132356 -779.76 -770.047 -880.606
  428 427.5 30.5324 0.0132519 -779.222 -816.107 -816.314
  429 428.5 30.5373 0.013254 -636.224 -757.08 -789.002
  430 429.5 30.5524 0.0132606 -857.361 -871.688 -873.194
  431 430.5 30.5014 0.0132384 -702.457 -920.07 -795.155
  432 431.5 30.5122 0.0132431 -877.979 -898.612 -912.021
  433 432.5 30.6327 0.0132954 -850.641 -715.662 -774.905
  434 433.5 30.5493 0.0132592 -795.828 -892.334 -766.162
  435 434.5 30.5104 0.0132423 -883.445 -939.136 -916.245
  436 435.5 30.536 0.0132535 -737.108 -771.737 -813.085
  437 436.5 30.5464 0.013258 -660.806 -761.17 -893.746
  438 437.5 30.4846 0.0132312 -711.644 -629.133 -791.654
  439 438.5 30.5603 0.013264 -722.846 -844.774 -830.224
  440 439.5 30.5524 0.0132606 -767.211 -802.172 -824.934
  441 440.5 30.4691 0.0132244 -736.06 -599.28 -758.976
  442 441.5 30.4944 0.0132354 -934.176 -887.617 -899.918
  443 442.5 30.5168 0.0132452 -800.742 -824.353 -968.299
  444 443.5 30.5287 0.0132503 -770.523 -908.229 -618.947
  445 444.5 30.4911 0.013234 -769.785 -698.204 -855.09
  446 445.5 30.5051 0.01324 -643.611 -875.994 -811.881
  447 446.5 30.4951 0.0132357 -830.74 -982.747 -956.898
  448 447.5 30.527 0.0132496 -727.372 -855.74 -710.709
  449 448.5 30.4999 0.0132378 -740.021 -849.83 -906.674
  450 449.5 30.5566 0.0132624 -868.999 -849.835 -714.679
  451 450.5 30.4937 0.0132351 -819.336 -759.017 -799.007
  452 451.5 30.5656 0.0132663 -944.224 -877.229 -972.608
  453 452.5 30.4844 0.0132311 -755.005 -832.468 -881.759
  454 453.5 30.5562 0.0132623 -832.178 -659.655 -716.102
  455 454.5 30.5512 0.0132601 -806.234 -897.339 -875.578
  456 455.5 30.5389 0.0132547 -907.138 -786.292 -731.563
  457 456.5 30.5492 0.0132592 -851.07 -782.337 -908.501
  458 457.5 30.5172 0.0132453 -700.079 -654.825 -851.869
  459 458.5 30.5119 0.013243 -801.897 -940.584 -857.563
  460 459.5 30.5417 0.0132559 -771.193 -956.072 -779.353
  461 460.5 30.5395 0.013255 -700.224 -896.902 -849.54
  462 461.5 30.4977 0.0132368 -840.94 -823.405 -917.911
  463 462.5 30.5301 0.0132509 -703.345 -700.268 -708.922
  464 463.5 30.5597 0.0132637 -897.464 -831.271 -863.24
  465 464.5 30.4802 0.0132292 -966.088 -757.596 -914.045
  466 465.5 30.5637 0.0132655 -729.298 -813.142 -684.378
  467 466.5 30.528 0.01325 -818.42 -732.205 -872.941
  468 467.5 30.5351 0.0132531 -950.956 -970.638 -908.799
  469 468.5 30.5145 0.0132441 -764.131 -717.527 -820.341
  470 469.5 30.5534 0.013261 -784.978 -704.918 -770.622
  471 470.5 30.5051 0.0132401 -704.674 -815.851 -800.138
  472 471.5 30.5935 0.0132784 -896.978 -932.15 -805.817
  473 472.5 30.5764 0.013271 -782.734 -847.781 -883.096
  474 473.5 30.4928 0.0132347 -889.365 -1021.78 -901.151
  475 474.5 30.5329 0.0132521 -828.458 -974.36 -794.064
  476 475.5 30.6233 0.0132914 -741.983 -741.799 -715.437
  477 476.5 30.5044 0.0132397 -768.47 -858.026 -873.402
  478 477.5 30.4489 0.0132157 -902.038 -920.662 -893.999
  479 478.5 30.624 0.0132917 -995.034 -1031.17 -871.021
  480 479.5 30.5951 0.0132791 -820.365 -833.504 -701.935
65000000 480 11616.000000000004
  1 0.5 30.5373 0.013254 -770.827 -761.261 -806.336
  2 1.5 30.5394 0.013255 -677.584 -691.785 -813.282
  3 2.5 30.5311 0.0132514 -878.831 -921.633 -901.384
  4 3.5 30.5536 0.0132611 -900.591 -987.652 -940.515
  5 4.5 30.548 0.0132587 -707.023 -717.058 -733.292
  6 5.5 30.5422 0.0132561 -890.493 -845.916 -848.103
  7 6.5 30.5103 0.0132423 -694.606 -904.004 -875.043
  8 7.5 30.5521 0.0132605 -918.717 -764.961 -838.389
  9 8.5 30.5294 0.0132506 -883.993 -866.555 -825.278
  10 9.5 30.5698 0.0132682 -899.629 -940.384 -815.935
  11 10.5 30.5105 0.0132424 -822.786 -989.325 -830.721
  12 11.5 30.5099 0.0132422 -824.797 -826.393 -924.651
  13 12.5 30.5301 0.0132509 -776.624 -607.428 -830.564
  14 13.5 30.5235 0.013248 -855.997 -888.774 -875.536
  15 14.5 30.5391 0.0132548 -798.147 -870.336 -830.415
  16 15.5 30.5914 0.0132775 -724.717 -780.983 -775.193
  17 16.5 30.5031 0.0132392 -746.551 -698.221 -891.776
  18 17.5 30.5173 0.0132453 -736.052 -721.019 -909.224
  19 18.5 30.5366 0.0132537 -686.951 -777.079 -780.54
  20 19.5 30.5426 0.0132563 -879.589 -822.28 -820.945
  21 20.5 30.532 0.0132517 -812.404 -768.304 -808.315
  22 21.5 30.5293 0.0132506 -620.819 -792.49 -831.119
  23 22.5 30.478 0.0132283 -696.552 -847.361 -934.093
  24 23.5 30.5241 0.0132483 -674.168 -802.545 -895.49
  25 24.5 30.5255 0.0132489 -793.017 -752.509 -809.832
  26 25.5 30.5503 0.0132597 -744.412 -785.991 -815.066
  27 26.5 30.4809 0.0132296 -835.165 -801.707 -952.275
  28 27.5 30.4929 0.0132348 -1054.56 -698.921 -905.421
  29 28.5 30.5025 0.0132389 -780.607 -734.413 -897.967
  30 29.5 30.5324 0.0132519 -760.598 -795.55 -997.3
  31 30.5 30.4895 0.0132333 -794.737 -791.766 -996.546
  32 31.5 30.4824 0.0132302 -611.297 -509.75 -1008.09
  33 32.5 30.5026 0.013239 -556.777 -656.942 -1035.44
  34 33.5 30.418 0.0132023 -749.373 -740.282 -1221.25
  35 34.5 30.4527 0.0132173 -547.336 -632.992 -1121.83
  36 35.5 30.3485 0.0131721 -533.153 -541.588 -1381.68
  37 36.5 30.3689 0.0131809 -299.036 -311.102 -1420.87
  38 37.5 30.2304 0.0131208 -250.079 -391.766 -1556.9
  39 38.5 30.1118 0.0130693 -234.403 -216.688 -1738.04
  40 39.5 30.0211 0.01303 199.217 67.7436 -1839.75
  41 40.5 29.8468 0.0129543 356.877 127.98 -1908.7
  42 41.5 29.4979 0.0128029 664.341 646.203 -2244.77
  43 42.5 29.3087 0.0127208 1203.16 1064.46 -2345.3
  44 43.5 28.8148 0.0125064 1530.03 1448.68 -2509.89
  45 44.5 28.2608 0.012266 2088.81 1946.02 -2337.63
  46 45.5 27.5411 0.0119536 2430.42 2341.13 -2419.35
  47 46.5 26.672 0.0115764 2918.76 3048.08 -2079.59
  48 47.5 25.4764 0.0110575 3531.51 3347.51 -1891.47
  49 48.5 24.056 0.010441 3669.13 3643.19 -1330.76
  50 49.5 22.3588 0.00970434 3992.51 4135.37 -677.306
  51 50.5 20.3795 0.00884527 3864.29 3955.21 -120.783
  52 51.5 18.2581 0.00792453 3771.76 3718.34 458.842
  53 52.5 16.0163 0.00695153 3209.93 3369.31 1269.56
  54 53.5 13.7175 0.00595376 2746.47 2561.98 1936.07
  55 54.5 11.5068 0.00499425 1768.81 1616.17 2266.47
  56 55.5 9.51541 0.00412995 203.964 456.726 2318.57
  57 56.5 7.71816 0.0033499 -1060.6 -1139.04 2307.87
  58 57.5 6.21144 0.00269594 -2922.69 -2668.61 1622.7
  59 58.5 4.96783 0.00215618 -4790.59 -4687.57 544.651
  60 59.5 4.06411 0.00176394 -6640.29 -6675.68 -853.724
  61 60.5 3.33504 0.0014475 -8670.51 -8555.39 -2752.12
  62 61.5 2.8127 0.00122079 -10285.5 -10354.9 -4893.03
  63 62.5 2.44363 0.0010606 -11953.7 -12209.9 -7111.94
  64 63.5 2.16308 0.000938837 -13372.6 -13065.9 -9136.6
  65 64.5 2.00269 0.000869222 -13957.1 -14220 -10679.7
  66 65.5 1.88301 0.000817278 -14929.4 -14824.8 -11947.9
  67 66.5 1.78354 0.000774104 -15692.3 -15479.3 -13328.8
  68 67.5 1.69775 0.000736872 -15808.2 -15436.5 -14245.6
  69 68.5 1.65718 0.000719264 -15969.9 -15758.8 -14908.9
  70 69.5 1.62419 0.000704944 -16470.1 -16165.6 -15364.9
  71 70.5 1.5876 0.000689063 -16492.3 -16505.9 -15753.3
  72 71.5 1.58354 0.000687302 -16556.3 -16367.5 -16085
  73 72.5 1.56821 0.000680646 -16193 -16729.8 -16387.6
  74 73.5 1.53364 0.000665642 -16317.5 -16735.6 -16751
  75 74.5 1.5253 0.000662021 -16443.1 -16492.6 -16940
  76 75.5 1.53088 0.000664444 -16659.8 -16811.6 -16928.5
  77 76.5 1.55086 0.000673115 -16593.5 -16580.9 -16606
  78 77.5 1.5636 0.000678646 -16595.9 -16761.1 -16584.9
  79 78.5 1.53982 0.000668326 -16604.4 -16526.2 -16758.6
  80 79.5 1.55344 0.000674236 -16275.9 -16841.1 -16772.5
  81 80.5 1.54808 0.00067191 -16421.5 -16536.3 -16857.2
  82 81.5 1.55055 0.000672983 -16677.3 -16495.2 -16774.7
  83 82.5 1.56358 0.000678639 -16387.5 -16538.1 -16632.1
  84 83.5 1.5656 0.000679514 -16205.4 -16603.3 -16501.8
  85 84.5 1.55568 0.000675208 -15962.1 -16756.3 -16760.3
  86 85.5 1.57951 0.000685552 -16174.4 -16903.5 -16465.5
  87 86.5 1.56054 0.000677319 -16321.7 -16898.3 -16768.1
  88 87.5 1.57006 0.000681448 -16634.1 -16981.4 -16512
  89 88.5 1.54601 0.00067101 -16538.6 -16947.7 -16817.9
  90 89.5 1.55522 0.000675007 -16664.7 -16890.7 -16549.7
  91 90.5 1.5388 0.000667882 -16709.8 -16724.2 -17022
  92 91.5 1.53084 0.000664427 -16795.1 -16776.8 -17018.9
  93 92.5 1.5385 0.000667753 -16728 -16539.6 -16945.8
  94 93.5 1.5565 0.000675562 -17127.9 -16866.1 -16666.7
  95 94.5 1.55915 0.000676715 -16969.5 -16713.7 -16620
  96 95.5 1.54955 0.000672549 -16997.9 -17012.7 -16701.7
  97 96.5 1.54309 0.000669743 -16799.1 -17163.7 -16870.3
  98 97.5 1.55476 0.000674809 -16762.1 -16777.1 -16723.9
  99 98.5 1.54667 0.000671299 -16640.8 -17009.2 -16873.1
  100 99.5 1.54902 0.000672319 -16670.7 -16850.3 -16820.9
  101 100.5 1.55849 0.000676427 -16985 -16777.3 -16741.6
  102 101.5 1.58493 0.000687903 -16962 -16486.7 -16238.7
  103 102.5 1.57188 0.00068224 -17097.8 -17001.8 -16567.8
  104 103.5 1.568 0.000680556 -16792 -16700.4 -16603
  105 104.5 1.56067 0.000677375 -16850.8 -16576.9 -16745.2
  106 105.5 1.56664 0.000679965 -16826.5 -16722.2 -16547.5
  107 106.5 1.54902 0.000672319 -16889.2 -16820.5 -16729.6
  108 107.5 1.56275 0.000678278 -16860.2 -16853.6 -16642.6
  109 108.5 1.56742 0.000680306 -16774.7 -16844.2 -16514.9
  110 109.5 1.5599 0.000677038 -16679.5 -16959.1 -16742.4
  111 110.5 1.57293 0.000682694 -16741.5 -16748.7 -16605.1
  112 111.5 1.57014 0.000681483 -17117.6 -17085.8 -16599.7
  113 112.5 1.57589 0.000683979 -17031.7 -16589.2 -16517.7
  114 113.5 1.59203 0.000690986 -17031.7 -16692.7 -16325
  115 114.5 1.59846 0.000693778 -17396.8 -16470.7 -16253.1
  116 115.5 1.59381 0.000691757 -17027.6 -16377.7 -16288.1
  117 116.5 1.59948 0.000694219 -17004.9 -16395.1 -16216.9
  118 117.5 1.61022 0.000698882 -17008.8 -16583 -16242.4
  119 118.5 1.61234 0.000699799 -16895.8 -16579.7 -16210
  120 119.5 1.59756 0.000693385 -17015.9 -16480.9 -16349.7
  121 120.5 1.59998 0.000694437 -16969.2 -16428.7 -16136.9
  122 121.5 1.58974 0.000689993 -16992.3 -16502.1 -16402.7
  123 122.5 1.57602 0.000684038 -16749.6 -16503.2 -16516.8
  124 123.5 1.5643 0.000678948 -16824.3 -16600 -16659.8
  125 124.5 1.55938 0.000676816 -17257.1 -16655.1 -16607.5
  126 125.5 1.54838 0.000672038 -17262 -17054.9 -16947
  127 126.5 1.55001 0.000672747 -17008.9 -16752.7 -16665.2
  128 127.5 1.54994 0.000672715 -17136.5 -16828.8 -16748.5
  129 128.5 1.54789 0.000671826 -17267.7 -16928.5 -16861.8
  130 129.5 1.55118 0.000673253 -17371.6 -17065.9 -16747.4
  131 130.5 1.53762 0.000667368 -17170 -16914.1 -16974.4
  132 131.5 1.5515 0.000673396 -16964.5 -16967.1 -16706.3
  133 132.5 1.54545 0.000670767 -17089.8 -17068.3 -16845.6
  134 133.5 1.5425 0.000669486 -17056 -16916.1 -16895.6
  135 134.5 1.56003 0.000677097 -17091.1 -16880.8 -16657.2
  136 135.5 1.52763 0.000663035 -17044.2 -17089.4 -17063
  137 136.5 1.51957 0.000659535 -16764.3 -17437.4 -17109.9
  138 137.5 1.52602 0.000662333 -17001 -17040.1 -16948.5
  139 138.5 1.5259 0.000662281 -17051.5 -16887.8 -16998.9
  140 139.5 1.53914 0.000668031 -16970.6 -16765.8 -16957
  141 140.5 1.53653 0.000666896 -17080.6 -16584.5 -16946.4
  142 141.5 1.5293 0.00066376 -16993.1 -16932.8 -16971.1
  143 142.5 1.52698 0.00066275 -17166.1 -17064.5 -17074.6
  144 143.5 1.51468 0.000657413 -17153.9 -16595.8 -17231.7
  145 144.5 1.52074 0.000660045 -17408.3 -16768 -17103.9
  146 145.5 1.52066 0.00066001 -17003.9 -16790.9 -16971.7
  147 146.5 1.51593 0.000657955 -17509.9 -16705.3 -17268
  148 147.5 1.52253 0.000660819 -16930.1 -16935.4 -17134.9
  149 148.5 1.51281 0.000656601 -17013.4 -16930 -17000.5
  150 149.5 1.4982 0.00065026 -17611.4 -16889.1 -17446.1
  151 150.5 1.50348 0.000652552 -17293.2 -16639 -17388.3
  152 151.5 1.49652 0.000649531 -17216.8 -16802.9 -17327.5
  153 152.5 1.49639 0.000649476 -17282.8 -17397.3 -17465.1
  154 153.5 1.49867 0.000650465 -17104.2 -17523.1 -17296.6
  155 154.5 1.50864 0.000654792 -17080.3 -17471 -17191.4
  156 155.5 1.50826 0.000654625 -17568.2 -17361.3 -17280.1
  157 156.5 1.50885 0.000654882 -17087.4 -16863 -17185.7
  158 157.5 1.50622 0.000653743 -17295.4 -17106.6 -17257.4
  159 158.5 1.49966 0.000650892 -17485.3 -17218.9 -17393
  160 159.5 1.48358 0.000643917 -17169.5 -17158.5 -17468.2
  161 160.5 1.50194 0.000651882 -16796.7 -16982.5 -17271.2
  162 161.5 1.52495 0.000661872 -16881.5 -16728.5 -17039.9
  163 162.5 1.51342 0.000656868 -17007.9 -16981.1 -17193.9
  164 163.5 1.50423 0.000652878 -17258.7 -16979.6 -17385.2
  165 164.5 1.50934 0.000655094 -16946.4 -16685 -17117.9
  166 165.5 1.52469 0.000661757 -16962.6 -17043.5 -17115.5
  167 166.5 1.53668 0.000666962 -16919.7 -16856.1 -16836.3
  168 167.5 1.52746 0.000662962 -17014.9 -16809.7 -17110.7
  169 168.5 1.53318 0.000665444 -17057.7 -17166.3 -16907.8
  170 169.5 1.53742 0.000667285 -17168.7 -17253 -16967.5
  171 170.5 1.54901 0.000672312 -16768 -16939.6 -16827.5
  172 171.5 1.55758 0.000676031 -16758.6 -17001.5 -16626.6
  173 172.5 1.5401 0.000668448 -16779.6 -16764.8 -16895.2
  174 173.5 1.55138 0.00067334 -16893.4 -16879.3 -16826.2
  175 174.5 1.55978 0.000676986 -16670.3 -16667.6 -16707.9
  176 175.5 1.57084 0.000681788 -16456.9 -16563.8 -16549.9
  177 176.5 1.55847 0.00067642 -16506.2 -16469.8 -16602.8
  178 177.5 1.5547 0.000674781 -16332.2 -16810.1 -16863.7
  179 178.5 1.56728 0.000680243 -16641.8 -16805.6 -16625.2
  180 179.5 1.56857 0.000680802 -16742.2 -16981.6 -16410
  181 180.5 1.54557 0.000670819 -16812.9 -16897.5 -16856.1
  182 181.5 1.54451 0.000670361 -16629.7 -16595 -16989.2
  183 182.5 1.55482 0.000674833 -16506.8 -16882.9 -16679.8
  184 183.5 1.57208 0.000682326 -16643.1 -16974.9 -16555.4
  185 184.5 1.57323 0.000682826 -16912 -16643 -16485.8
  186 185.5 1.5699 0.000681382 -17054.1 -16339.7 -16593.9
  187 186.5 1.5637 0.000678688 -16931.8 -16777.3 -16784.6
  188 187.5 1.57402 0.000683167 -16763.5 -16510.7 -16472.7
  189 188.5 1.57574 0.000683913 -16833.6 -17057.5 -16413.6
  190 189.5 1.59027 0.000690222 -16727.1 -16998.8 -16350.7
  191 190.5 1.56674 0.000680007 -16665.5 -16841.2 -16548.7
  192 191.5 1.55764 0.000676059 -16999.2 -16694.4 -16747.5
  193 192.5 1.55733 0.000675924 -16808.5 -16924.9 -16792
  194 193.5 1.55188 0.000673559 -17183.7 -17219.3 -16762.8
  195 194.5 1.54738 0.000671604 -17230.6 -16899.6 -16629.4
  196 195.5 1.55354 0.000674281 -16676.4 -17173.1 -16685.8
  197 196.5 1.54618 0.000671083 -16839.3 -17106.5 -16843.4
  198 197.5 1.56091 0.000677479 -16553.3 -16909.3 -16612.1
  199 198.5 1.54444 0.00067033 -16891.5 -16749.7 -16840.7
  200 199.5 1.54686 0.000671382 -16780 -16745.8 -16597.6
  201 200.5 1.54186 0.000669208 -16842.9 -16510.2 -16765.3
  202 201.5 1.53995 0.000668382 -16867.8 -16841.5 -16839.1
  203 202.5 1.5703 0.000681552 -16888 -16540.2 -16068
  204 203.5 1.55974 0.000676972 -16679.2 -16648 -16322.4
  205 204.5 1.57316 0.000682795 -16411.8 -16368.7 -16137
  206 205.5 1.59277 0.000691306 -16385.9 -16497 -15670.2
  207 206.5 1.63064 0.000707743 -16336.2 -16083.5 -15104.6
  208 207.5 1.66181 0.000721271 -15634.3 -15906.6 -14533.1
  209 208.5 1.72708 0.000749601 -15623.6 -15235.3 -13667.2
  210 209.5 1.81455 0.000787566 -14713.8 -14870 -12468
  211 210.5 1.94989 0.000846306 -13949.7 -13837.8 -10827.2
  212 211.5 2.13695 0.000927497 -13270.4 -12885.4 -9243.06
  213 212.5 2.45861 0.0010671 -11920.9 -11619.1 -6623.42
  214 213.5 2.84291 0.0012339 -10313.6 -10179.6 -4453.57
  215 214.5 3.38994 0.00147133 -8459.12 -8681.46 -2325.52
  216 215.5 4.14323 0.00179828 -6601.04 -6428.11 -523.292
  217 216.5 5.17854 0.00224763 -4502.33 -4471.43 1150.28
  218 217.5 6.47882 0.00281199 -2628.4 -2414.37 2056.14
  219 218.5 8.14595 0.00353557 -611.553 -690.255 2866.15
  220 219.5 10.1023 0.00438469 841.143 955.647 2825.06
  221 220.5 12.2413 0.00531308 2172.78 2107.1 2611.01
  222 221.5 14.6031 0.00633817 2993.26 3199.43 2216.42
  223 222.5 17.0042 0.00738031 3744.76 3870.51 1654.95
  224 223.5 19.3548 0.00840051 4063.09 4365.64 877.377
  225 224.5 21.3942 0.00928566 4231.24 4534.51 940.717
  226 225.5 23.4114 0.0101612 4443.31 4549.22 1425.75
  227 226.5 25.2253 0.0109485 5085.23 4836.64 1643.14
  228 227.5 26.6356 0.0115606 7805.93 7381.34 3273.03
  229 228.5 28.3153 0.0122896 14601.6 14449 8794.16
  230 229.5 31.4313 0.0136421 22134.4 24277.9 14873.9
  231 230.5 35.6054 0.0154537 24468.7 31396.6 16074.1
  232 231.5 38.8215 0.0168496 20975.7 33525.4 9927.15
  233 232.5 40.7033 0.0176664 16951 35331.7 616.329
  234 233.5 41.8406 0.01816 15915.2 39697.2 -6654.3
  235 234.5 42.5046 0.0184482 18025.2 45816.2 -9724.49
  236 235.5 42.833 0.0185907 21138.4 51404.4 -9771.82
  237 236.5 43.0696 0.0186934 24024.5 55634.5 -8528.18
  238 237.5 43.2047 0.018752 25870.4 58718.3 -7207.82
  239 238.5 43.3268 0.018805 27213.8 60580.8 -5682.53
  240 239.5 43.3946 0.0188345 28032.2 61763 -4577.65
  241 240.5 43.4479 0.0188576 28605.9 62518.8 -3664.23
  242 241.5 43.4892 0.0188755 28826.2 62971.8 -3001.51
  243 242.5 43.4888 0.0188753 29167.5 63272.1 -2470.45
  244 243.5 43.5353 0.0188955 29361.1 63698.1 -1792.14
  245 244.5 43.5157 0.018887 29393 63882.8 -1634.39
  246 245.5 43.5284 0.0188926 29574.2 64078.3 -1377.15
  247 246.5 43.548 0.018901 29644.9 64313.8 -1149.68
  248 247.5 43.5436 0.0188991 29699.1 64381.7 -866.313
  249 248.5 43.5459 0.0189001 29739.2 64464.5 -861.171
  250 249.5 43.5471 0.0189006 29711.6 64555.3 -799.929
  251 250.5 43.5544 0.0189038 29790.1 64623 -586.341
  252 251.5 43.5418 0.0188984 29908.2 64534.6 -706.243
  253 252.5 43.5608 0.0189066 30006.2 64494.3 -626.095
  254 253.5 43.5557 0.0189044 29973.6 64670.7 -531.371
  255 254.5 43.5638 0.0189079 30059.2 64700.5 -585.399
  256 255.5 43.5625 0.0189073 29877.9 64658.3 -624.202
  257 256.5 43.5439 0.0188993 29917.1 64763 -534.333
  258 257.5 43.5611 0.0189067 30000.4 64738.3 -585.653
  259 258.5 43.5543 0.0189038 29950 64787.2 -603.457
  260 259.5 43.5598 0.0189062 29940.4 64757.6 -560.727
  261 260.5 43.5561 0.0189046 29900 64676.7 -554.398
  262 261.5 43.5383 0.0188968 29912.9 64662.4 -581.838
  263 262.5 43.575 0.0189128 30018.6 64656.1 -546.16
  264 263.5 43.5361 0.0188959 30035.7 64739.3 -540.849
  265 264.5 43.5709 0.018911 30000.7 64720.3 -614.271
  266 265.5 43.5455 0.0189 30100.1 64761.8 -571.82
  267 266.5 43.565 0.0189084 30073.2 64798.1 -516.536
  268 267.5 43.5574 0.0189051 29895.4 64731.1 -623.209
  269 268.5 43.5451 0.0188998 30065.2 64683.9 -619.626
  270 269.5 43.555 0.0189041 29930.1 64732.2 -432.993
  271 270.5 43.5598 0.0189061 29871.6 64709 -530.955
  272 271.5 43.5443 0.0188994 29787 64517.3 -782.183
  273 272.5 43.5628 0.0189075 29934.9 64708.3 -456.405
  274 273.5 43.5611 0.0189067 30091.5 64795 -463.324
  275 274.5 43.5508 0.0189022 29922.6 64628.6 -654.434
  276 275.5 43.5507 0.0189022 30034.6 64654 -583.653
  277 276.5 43.5618 0.0189071 30005.6 64689.7 -499.029
  278 277.5 43.542 0.0188984 29911 64691.5 -542.848
  279 278.5 43.5644 0.0189082 29930.2 64743 -587.636
  280 279.5 43.5508 0.0189022 29834.2 64653.9 -581.837
  281 280.5 43.5625 0.0189073 29875.7 64671 -510.006
  282 281.5 43.5488 0.0189014 29889.3 64726.7 -580.171
  283 282.5 43.5505 0.0189021 29817.7 64657.8 -636.689
  284 283.5 43.5654 0.0189086 29936.7 64753.1 -516.315
  285 284.5 43.5473 0.0189007 29917.2 64753.5 -561.965
  286 285.5 43.5499 0.0189019 29989.2 64781.6 -556.537
  287 286.5 43.5667 0.0189091 29896.7 64702.7 -613.387
  288 287.5 43.546 0.0189002 29968.5 64747.1 -496.983
  289 288.5 43.5623 0.0189073 29919.2 64664.3 -606.49
  290 289.5 43.5409 0.018898 29811.6 64667.4 -541.498
  291 290.5 43.5609 0.0189066 29757.5 64565.3 -689.241
  292 291.5 43.5529 0.0189032 29857.7 64609.4 -563.54
  293 292.5 43.5508 0.0189023 29911.9 64752.4 -461.641
  294 293.5 43.5588 0.0189057 29899.1 64621 -643.896
  295 294.5 43.5474 0.0189008 29931.4 64659.2 -500.021
  296 295.5 43.543 0.0188989 29793.5 64665.3 -543.08
  297 296.5 43.5547 0.018904 29775.3 64549.5 -621.351
  298 297.5 43.5588 0.0189057 29739.5 64636.7 -511.142
  299 298.5 43.5384 0.0188969 29710.6 64668 -639.702
  300 299.5 43.5465 0.0189004 29800.1 64512.9 -613.44
  301 300.5 43.5552 0.0189042 29798.2 64559.7 -471.926
  302 301.5 43.5493 0.0189016 29763.5 64496.8 -591.394
  303 302.5 43.5613 0.0189068 29747.9 64606.7 -569.606
  304 303.5 43.545 0.0188997 29627.1 64628.5 -513.613
  305 304.5 43.5479 0.018901 29791.8 64578.4 -618.765
  306 305.5 43.5466 0.0189004 29751.3 64632.1 -594.639
  307 306.5 43.544 0.0188993 29877.2 64631.4 -460.29
  308 307.5 43.5593 0.0189059 29666.9 64530 -602.129
  309 308.5 43.5478 0.018901 29782.9 64505.6 -654.549
  310 309.5 43.5485 0.0189013 29759.3 64599.1 -517.242
  311 310.5 43.5518 0.0189027 29756.4 64552.9 -519.53
  312 311.5 43.5535 0.0189034 29701.4 64666 -631.476
  313 312.5 43.5404 0.0188978 29802.2 64574.8 -587.752
  314 313.5 43.5601 0.0189063 29693.8 64565.1 -513.74
  315 314.5 43.5397 0.0188974 29734.9 64561.3 -547.531
  316 315.5 43.5499 0.0189019 29784.2 64608.4 -651.841
  317 316.5 43.5565 0.0189047 29769.4 64645.8 -583.427
  318 317.5 43.5506 0.0189022 29885.2 64611.7 -521.2
  319 318.5 43.5465 0.0189004 29682 64559.4 -629.764
  320 319.5 43.5572 0.018905 29681.8 64563.4 -508.887
  321 320.5 43.5544 0.0189038 29638.9 64524.3 -670.164
  322 321.5 43.5388 0.018897 29728.9 64510.2 -496.417
  323 322.5 43.5512 0.0189024 29750.8 64558 -580.709
  324 323.5 43.5573 0.0189051 29638.3 64668.4 -566.692
  325 324.5 43.5304 0.0188934 29797.9 64570.9 -572.222
  326 325.5 43.5611 0.0189067 29722.2 64622.6 -556.809
  327 326.5 43.5638 0.0189079 29835.6 64485.1 -521.956
  328 327.5 43.5338 0.0188949 29770.2 64549.2 -646.694
  329 328.5 43.5609 0.0189067 29824.9 64572.9 -530.078
  330 329.5 43.5432 0.018899 29881.1 64728.9 -609.787
  331 330.5 43.5509 0.0189023 29807.6 64657.5 -542.712
  332 331.5 43.5552 0.0189041 29869.2 64604.4 -552.817
  333 332.5 43.5409 0.018898 29831.3 64635.3 -494.704
  334 333.5 43.5651 0.0189085 29769.3 64693.5 -588.932
  335 334.5 43.5384 0.0188969 29772.6 64672.2 -699.898
  336 335.5 43.5519 0.0189027 29807.9 64698.2 -479.594
  337 336.5 43.5474 0.0189008 29809.4 64618.5 -627.063
  338 337.5 43.5554 0.0189042 29800.4 64544 -541.089
  339 338.5 43.5557 0.0189044 29753.7 64650.4 -606.122
  340 339.5 43.5657 0.0189087 29829.7 64695.7 -545.517
  341 340.5 43.5273 0.0188921 29790.2 64587.4 -565.583
  342 341.5 43.5613 0.0189068 29792 64593.7 -561.787
  343 342.5 43.5451 0.0188998 29865.9 64768.5 -554.896
  344 343.5 43.5602 0.0189063 29765.6 64671.2 -592.946
  345 344.5 43.5497 0.0189018 29754.9 64618.9 -627.944
  346 345.5 43.5392 0.0188972 29842.1 64715.2 -594.577
  347 346.5 43.5554 0.0189042 29756.5 64693.7 -555.814
  348 347.5 43.556 0.0189045 29874.7 64626.7 -534.435
  349 348.5 43.5382 0.0188968 29841.6 64468.1 -636.387
  350 349.5 43.5616 0.018907 29916.1 64640.4 -530.72
  351 350.5 43.5487 0.0189013 29871.2 64687.3 -594.636
  352 351.5 43.5569 0.0189049 30000.9 64667.8 -567.665
  353 352.5 43.5552 0.0189042 29951.1 64581.2 -573.554
  354 353.5 43.5546 0.0189039 29877.1 64674.2 -617.467
  355 354.5 43.5537 0.0189035 29960.6 64567 -616.07
  356 355.5 43.5567 0.0189048 29792 64628.3 -602.777
  357 356.5 43.5493 0.0189016 29913.8 64625.4 -678.853
  358 357.5 43.557 0.0189049 29777.6 64452.9 -689.105
  359 358.5 43.5547 0.0189039 29780.6 64444.1 -737.929
  360 359.5 43.5329 0.0188945 29806.2 64417.6 -1051.7
  361 360.5 43.5482 0.0189011 29728.3 64296.3 -1077.79
  362 361.5 43.546 0.0189002 29718.3 64246.8 -1248.31
  363 362.5 43.5328 0.0188944 29616.5 64101.1 -1491.42
  364 363.5 43.5268 0.0188919 29511.8 63938.5 -1838.08
  365 364.5 43.4825 0.0188726 29223.5 63530.4 -2365.63
  366 365.5 43.4971 0.0188789 28972.9 63123.3 -2784.84
  367 366.5 43.4649 0.018865 28695.1 62614.2 -3573.17
  368 367.5 43.3892 0.0188321 28178.8 61945.2 -4279.57
  369 368.5 43.3467 0.0188137 27360 60868.4 -5295.26
  370 369.5 43.2366 0.0187659 26051.4 59140.7 -6628.06
  371 370.5 43.0856 0.0187004 24305.6 56204.9 -8080.24
  372 371.5 42.8759 0.0186093 21792.2 52200.2 -8974.61
  373 372.5 42.5508 0.0184682 18745.3 46628.6 -8433.99
  374 373.5 41.9278 0.0181978 16294.4 40371.5 -5182.44
  375 374.5 40.9144 0.017758 16485 35452.3 1937.05
  376 375.5 39.1739 0.0170026 19087.1 32350.5 10988.4
  377 376.5 36.3035 0.0157567 20752.4 27882 16226
  378 377.5 32.9949 0.0143207 17175.5 19439.5 14780.3
  379 378.5 30.887 0.0134058 9763.86 9356.26 8472.78
  380 379.5 30.4731 0.0132262 3454.73 2729.83 3937.63
  381 380.5 30.5164 0.013245 659.621 235.439 2270.1
  382 381.5 30.3504 0.0131729 -360.922 -521.563 1403.86
  383 382.5 30.2902 0.0131468 -769.12 -905.331 -59.3553
  384 383.5 30.4438 0.0132135 -572.457 -657.347 -542.517
  385 384.5 30.5163 0.0132449 -780.733 -690.041 -579.217
  386 385.5 30.4876 0.0132325 -835.871 -708.499 -502.633
  387 386.5 30.4283 0.0132067 -1002.77 -915.935 -824.685
  388 387.5 30.5389 0.0132547 -892.925 -733.792 -839.645
  389 388.5 30.5078 0.0132413 -1011.49 -852.508 -849.422
  390 389.5 30.4939 0.0132352 -943.673 -847.152 -724.377
  391 390.5 30.551 0.01326 -923.796 -942.645 -922.751
  392 391.5 30.4648 0.0132226 -797.128 -918.112 -893.139
  393 392.5 30.5331 0.0132522 -682.973 -880.283 -760.589
  394 393.5 30.5775 0.0132715 -789.047 -786.349 -789.926
  395 394.5 30.5251 0.0132488 -792.621 -1025.87 -885.486
  396 395.5 30.4901 0.0132336 -690.02 -797.727 -775.216
  397 396.5 30.4378 0.0132109 -865.646 -830.789 -879.392
  398 397.5 30.5254 0.0132489 -893.734 -1114.39 -951.285
  399 398.5 30.5036 0.0132394 -936.407 -899.619 -862.166
  400 399.5 30.4576 0.0132194 -952.227 -1040.91 -809.479
  401 400.5 30.4501 0.0132162 -839.716 -961.106 -912.85
  402 401.5 30.5004 0.013238 -777.376 -807.877 -809.346
  403 402.5 30.4988 0.0132373 -937.602 -938.458 -757.826
  404 403.5 30.4525 0.0132172 -822.897 -708.907 -754.253
  405 404.5 30.4469 0.0132148 -975.884 -832.912 -1001.58
  406 405.5 30.4973 0.0132367 -937.365 -871.951 -749.476
  407 406.5 30.4673 0.0132237 -1011.76 -876.403 -826.099
  408 407.5 30.4751 0.013227 -783.442 -819.835 -807.079
  409 408.5 30.4614 0.0132211 -863.98 -919.991 -927.272
  410 409.5 30.4693 0.0132245 -793.546 -935.087 -896.851
  411 410.5 30.5226 0.0132476 -899.617 -987.404 -726.413
  412 411.5 30.5495 0.0132593 -766.289 -818.319 -857.115
  413 412.5 30.4374 0.0132107 -883.525 -865.7 -924.343
  414 413.5 30.4807 0.0132295 -820.916 -800.501 -803.081
  415 414.5 30.529 0.0132504 -874.486 -880.826 -870.413
  416 415.5 30.5193 0.0132462 -730.558 -872.44 -728.46
  417 416.5 30.4752 0.0132271 -920.636 -679.395 -845.164
  418 417.5 30.4687 0.0132243 -895.833 -849.533 -975.175
  419 418.5 30.4869 0.0132322 -922.358 -849.665 -784.282
  420 419.5 30.5332 0.0132523 -925.6 -866.529 -833.157
  421 420.5 30.5296 0.0132507 -1023.41 -935.417 -755.826
  422 421.5 30.4318 0.0132082 -931.196 -926.021 -953.508
  423 422.5 30.5504 0.0132597 -1045.73 -902.893 -894.702
  424 423.5 30.51 0.0132422 -765.879 -674.952 -686.197
  425 424.5 30.5612 0.0132644 -967.222 -867.052 -926.363
  426 425.5 30.4774 0.013228 -918.717 -921.351 -917.671
  427 426.5 30.4966 0.0132364 -864.361 -926.005 -734.537
  428 427.5 30.5217 0.0132473 -766.501 -848.746 -859.509
  429 428.5 30.5314 0.0132515 -825.382 -650.008 -853.193
  430 429.5 30.4601 0.0132205 -927.84 -691.3 -892.356
  431 430.5 30.4971 0.0132366 -638.337 -670.095 -730.282
  432 431.5 30.5086 0.0132416 -694.071 -846.312 -876.544
  433 432.5 30.4876 0.0132325 -785.254 -880.124 -895.339
  434 433.5 30.4506 0.0132164 -767.799 -861.947 -877.519
  435 434.5 30.5232 0.0132479 -807.417 -850.484 -734.626
  436 435.5 30.5247 0.0132486 -864.497 -899.446 -914.964
  437 436.5 30.469 0.0132244 -975.025 -885.945 -825.106
  438 437.5 30.5162 0.0132449 -863.507 -889.042 -839.203
  439 438.5 30.5521 0.0132604 -893.687 -774.058 -779.709
  440 439.5 30.4536 0.0132177 -774.106 -929.443 -905.579
  441 440.5 30.486 0.0132318 -853.027 -938.793 -818.345
  442 441.5 30.5338 0.0132525 -774.983 -811.995 -871.061
  443 442.5 30.5063 0.0132406 -842.058 -797.723 -864.438
  444 443.5 30.4819 0.01323 -668.799 -670.991 -744.164
  445 444.5 30.5188 0.013246 -695.167 -710.638 -895.496
  446 445.5 30.5319 0.0132517 -867.094 -906.186 -866.203
  447 446.5 30.4921 0.0132344 -758.796 -751.953 -847.204
  448 447.5 30.4779 0.0132283 -851.506 -835.025 -836.95
  449 448.5 30.5243 0.0132484 -824.719 -894.2 -896.946
  450 449.5 30.5199 0.0132465 -918.349 -756.272 -774.553
  451 450.5 30.4347 0.0132095 -871.528 -905.834 -858.562
  452 451.5 30.537 0.0132539 -826.922 -849.063 -833.525
  453 452.5 30.5314 0.0132515 -874.667 -983.335 -823.244
  454 453.5 30.4953 0.0132358 -843.868 -919.703 -897.206
  455 454.5 30.488 0.0132326 -819.036 -1126.65 -812.352
  456 455.5 30.563 0.0132652 -758.62 -915.654 -727.045
  457 456.5 30.4921 0.0132344 -1004.33 -985.855 -910.967
  458 457.5 30.4969 0.0132365 -912.643 -978.483 -956.911
  459 458.5 30.5162 0.0132449 -904.974 -946.341 -824.044
  460 459.5 30.5247 0.0132486 -862.653 -701.567 -806.667
  461 460.5 30.508 0.0132413 -825.994 -906.667 -877.699
  462 461.5 30.5314 0.0132515 -872.429 -870.2 -837.125
  463 462.5 30.5354 0.0132532 -893.495 -909.35 -783.354
  464 463.5 30.5416 0.0132559 -946.97 -813.201 -916.951
  465 464.5 30.5728 0.0132694 -1031.32 -898.455 -790.398
  466 465.5 30.5344 0.0132528 -922.814 -827.282 -823.235
  467 466.5 30.4734 0.0132263 -868.902 -820.179 -892.877
  468 467.5 30.4994 0.0132376 -888.59 -928.147 -955.178
  469 468.5 30.553 0.0132609 -924.68 -887.616 -725.705
  470 469.5 30.5066 0.0132407 -974.868 -882.174 -822.421
  471 470.5 30.5019 0.0132387 -688.103 -958.813 -877.53
  472 471.5 30.5007 0.0132382 -766.384 -961.397 -827.551
  473 472.5 30.5088 0.0132417 -854.713 -936.695 -880.7
  474 473.5 30.5128 0.0132434 -700.636 -848.831 -714.317
  475 474.5 30.5339 0.0132525 -928.286 -987.809 -897.775
  476 475.5 30.5304 0.013251 -1031.75 -892.237 -820.551
  477 476.5 30.5123 0.0132432 -737.425 -839.371 -888.584
  478 477.5 30.5339 0.0132526 -815.396 -752.787 -890.588
  479 478.5 30.5587 0.0132633 -793.934 -759.289 -880.77
  480 479.5 30.5649 0.013266 -625.588 -806.381 -768.866
67500000 480 11616.000000000005
  1 0.5 30.4636 0.013222 -907.32 -994.975 -910.892
  2 1.5 30.4333 0.0132089 -836.897 -903.414 -911.757
  3 2.5 30.4561 0.0132188 -1010.98 -814.545 -904.83
  4 3.5 30.4675 0.0132237 -1033.42 -837.478 -801.425
  5 4.5 30.4463 0.0132145 -961.674 -697.261 -893.273
  6 5.5 30.403 0.0131957 -1007.41 -780.594 -886.037
  7 6.5 30.4841 0.0132309 -791.968 -716.32 -797.061
  8 7.5 30.4065 0.0131973 -969.616 -753.455 -845.275
  9 8.5 30.4661 0.0132232 -986.196 -832.641 -1004.65
  10 9.5 30.467 0.0132235 -815.163 -629.674 -764.979
  11 10.5 30.403 0.0131958 -828.11 -594.475 -845.864
  12 11.5 30.4008 0.0131948 -831.128 -657.036 -901.267
  13 12.5 30.4734 0.0132263 -632.875 -810.324 -802.387
  14 13.5 30.3912 0.0131906 -820.595 -867.808 -914.748
  15 14.5 30.4126 0.0131999 -707.682 -865.589 -806.702
  16 15.5 30.4142 0.0132006 -766.459 -766.14 -855.176
  17 16.5 30.4154 0.0132011 -777.46 -860.306 -905.109
  18 17.5 30.4277 0.0132065 -789.749 -838.852 -930.054
  19 18.5 30.3565 0.0131755 -867.502 -863.519 -843.751
  20 19.5 30.4453 0.0132141 -774.363 -780.249 -807.027
  21 20.5 30.4065 0.0131972 -830.097 -944.461 -838.674
  22 21.5 30.3684 0.0131807 -963.535 -1007.07 -1022.5
  23 22.5 30.3617 0.0131778 -664.647 -787.435 -777.506
  24 23.5 30.4385 0.0132112 -729.035 -821.624 -894.897
  25 24.5 30.3986 0.0131938 -727.242 -815.72 -916.517
  26 25.5 30.3385 0.0131678 -653.41 -811.143 -951.091
  27 26.5 30.3238 0.0131614 -722.589 -624.15 -946.217
  28 27.5 30.39 0.0131901 -646.686 -600.095 -845.815
  29 28.5 30.3779 0.0131848 -739.348 -975.732 -979.517
  30 29.5 30.3034 0.0131525 -591.915 -892.754 -1014.13
  31 30.5 30.2665 0.0131365 -620.919 -655.58 -1205.88
  32 31.5 30.2904 0.0131469 -693.615 -665.616 -1052.43
  33 32.5 30.3066 0.0131539 -817.004 -588.562 -1014.44
  34 33.5 30.2511 0.0131298 -732.03 -818.06 -1389.53
  35 34.5 30.1478 0.013085 -471.193 -517.091 -1424.58
  36 35.5 30.0999 0.0130642 -327.382 -266.198 -1493.65
  37 36.5 30.0638 0.0130485 -198.607 -236.958 -1576.28
  38 37.5 29.955 0.0130013 -31.9308 179.329 -1666.71
  39 38.5 29.7378 0.012907 -82.6695 134.758 -1877.3
  40 39.5 29.5786 0.0128379 285.307 273.401 -2201.54
  41 40.5 29.3114 0.012722 850.992 646.87 -2058.92
  42 41.5 28.8828 0.0125359 1152.93 1035.83 -2253.51
  43 42.5 28.4051 0.0123286 1483.27 1376.49 -2441.68
  44 43.5 27.8242 0.0120765 1841.77 1980.96 -2252.47
  45 44.5 27.0472 0.0117392 2361.3 2433.52 -2302.51
  46 45.5 26.0507 0.0113067 3000.93 3004.25 -1972.82
  47 46.5 24.7766 0.0107537 3270.59 3232.04 -1720.65
  48 47.5 23.4244 0.0101668 3473.65 3553.63 -1354.21
  49 48.5 21.7418 0.00943656 3742.32 3757.06 -855.265
  50 49.5 19.8267 0.00860532 3826.44 3854.96 -203.451
  51 50.5 17.8039 0.00772739 3599.37 3811.15 360.017
  52 51.5 15.6711 0.00680169 3389.27 3397.77 1003.13
  53 52.5 13.5013 0.00585995 2560.81 2839.7 1720.44
  54 53.5 11.3648 0.00493262 1729.71 1560.21 2007.73
  55 54.5 9.43207 0.00409378 496.215 503.94 2019.62
  56 55.5 7.70174 0.00334277 -941.897 -987.325 1874.39
  57 56.5 6.25484 0.00271477 -2730.1 -2523.16 1315.72
  58 57.5 5.07506 0.00220272 -4446.69 -4241.92 518.576
  59 58.5 4.13402 0.00179428 -6389.87 -6557.29 -1048.79
  60 59.5 3.42268 0.00148554 -8264.81 -8562.24 -2774.05
  61 60.5 2.89562 0.00125678 -10186.6 -10240.7 -4786.19
  62 61.5 2.49422 0.00108256 -11817.7 -11761.5 -6936.33
  63 62.5 2.21247 0.000960274 -13062.2 -12800.3 -9005.15
  64 63.5 2.01026 0.00087251 -14392.3 -14175.6 -10856.1
  65 64.5 1.87522 0.000813896 -14914.5 -14910.5 -12411
  66 65.5 1.77925 0.000772243 -15626.7 -15632.7 -13291.8
  67 66.5 1.70793 0.000741288 -15843.4 -16129.3 -14483.2
  68 67.5 1.64157 0.000712486 -16117.1 -16405.9 -15261.6
  69 68.5 1.59779 0.000693486 -16271 -16519.7 -16073.5
  70 69.5 1.60016 0.000694514 -16551.8 -16522.9 -15961.7
  71 70.5 1.59606 0.000692733 -16810.8 -17122.6 -16296.3
  72 71.5 1.56427 0.000678937 -17041.2 -17034.8 -16736.9
  73 72.5 1.57304 0.000682743 -16852.8 -17221.7 -16591.4
  74 73.5 1.57141 0.000682035 -16840.2 -17008.3 -16757
  75 74.5 1.5584 0.000676389 -16709 -17201.5 -16802.3
  76 75.5 1.55515 0.000674979 -16663.6 -16918.4 -17015
  77 76.5 1.56518 0.000679333 -16701.8 -16675.5 -16892.7
  78 77.5 1.56505 0.000679274 -16615.9 -16753.1 -16854
  79 78.5 1.56351 0.000678608 -17030.9 -17173.4 -17019.2
  80 79.5 1.55628 0.000675469 -16763.8 -16985.4 -16983.5
  81 80.5 1.56344 0.000678576 -16536.9 -16723.6 -16868.3
  82 81.5 1.56201 0.000677955 -16370 -16811.6 -16912.5
  83 82.5 1.5564 0.000675521 -16388.3 -17014.5 -17090.8
  84 83.5 1.54982 0.000672667 -16853.6 -16954.3 -17070.2
  85 84.5 1.56118 0.000677597 -16555.4 -16687.6 -16922.8
  86 85.5 1.54822 0.000671969 -16512.9 -16638.6 -17018.6
  87 86.5 1.54576 0.000670903 -16655.7 -16856 -17225.7
  88 87.5 1.56182 0.000677875 -16560.5 -16555.8 -16914.4
  89 88.5 1.58112 0.00068625 -16791.4 -16436.7 -16760.8
  90 89.5 1.58274 0.000686951 -16576.8 -16370.4 -16736.7
  91 90.5 1.58089 0.000686149 -16560.9 -16495.9 -16813.8
  92 91.5 1.58408 0.000687535 -16651.9 -16681.1 -16735.6
  93 92.5 1.58217 0.000686705 -16655.6 -16149.4 -16687.6
  94 93.5 1.57968 0.000685625 -16533.7 -16617.8 -16760.7
  95 94.5 1.57694 0.000684438 -16589.9 -16669.5 -16854.3
  96 95.5 1.58858 0.000689486 -16716.9 -16343.3 -16752.8
  97 96.5 1.59461 0.000692104 -16364.3 -16725.9 -16521.3
  98 97.5 1.60002 0.000694455 -16780.7 -16582.2 -16569.9
  99 98.5 1.59572 0.000692587 -16902.4 -16576.9 -16493.7
  100 99.5 1.60051 0.000694667 -16590.6 -16462.7 -16670.6
  101 100.5 1.59869 0.000693875 -16708.7 -16514.8 -16580.2
  102 101.5 1.59088 0.000690486 -16949.7 -16570.7 -16703.7
  103 102.5 1.59917 0.000694083 -16531.8 -16561.1 -16505.4
  104 103.5 1.60174 0.000695198 -16718.5 -16837.1 -16599.6
  105 104.5 1.59858 0.00069383 -16371.3 -17002 -16501.4
  106 105.5 1.62081 0.000703476 -16158.8 -16843.4 -16222.4
  107 106.5 1.61802 0.000702267 -16175.4 -16566.9 -16415
  108 107.5 1.60755 0.000697722 -16474.8 -16521.1 -16528.8
  109 108.5 1.59392 0.000691806 -16293.7 -16669.1 -16657.4
  110 109.5 1.5864 0.000688542 -16530.6 -16772.4 -16700.6
  111 110.5 1.57333 0.000682868 -16741.2 -16752.4 -16878.1
  112 111.5 1.57651 0.00068425 -16468.4 -16371 -16789.8
  113 112.5 1.57441 0.000683337 -16264.4 -16496.6 -16745.1
  114 113.5 1.557 0.000675781 -16666.5 -16937.3 -16991.5
  115 114.5 1.56397 0.000678806 -16788 -16856.1 -16954.7
  116 115.5 1.57079 0.000681767 -16586.4 -17059.3 -16830.7
  117 116.5 1.58218 0.000686712 -16686.6 -16868.2 -16743.9
  118 117.5 1.5616 0.000677778 -16627 -16907.6 -16939.5
  119 118.5 1.56294 0.000678361 -16931.8 -16981.9 -16864
  120 119.5 1.55523 0.000675014 -17125.3 -16749.7 -17118.1
  121 120.5 1.55533 0.000675056 -17106.5 -17212.3 -17050.4
  122 121.5 1.57215 0.000682358 -16896.8 -17049.5 -16807.3
  123 122.5 1.55294 0.000674021 -16735.7 -16744.3 -17038
  124 123.5 1.56823 0.000680656 -16655.6 -17164.1 -16855.5
  125 124.5 1.56146 0.000677719 -17017.5 -17183.3 -16883.2
  126 125.5 1.56445 0.000679014 -16979.8 -17207.2 -16877.4
  127 126.5 1.5729 0.000682681 -16739.3 -17187.7 -16837.2
  128 127.5 1.5408 0.00066875 -17064.8 -17010 -17242.8
  129 128.5 1.55765 0.000676063 -17138 -17281.9 -16996.1
  130 129.5 1.55324 0.000674149 -17048.6 -17384.9 -17031.5
  131 130.5 1.55884 0.00067658 -16803.7 -17045.5 -16931.5
  132 131.5 1.55278 0.000673948 -16792.2 -17115.6 -17183.4
  133 132.5 1.57776 0.000684792 -17054.9 -17228.4 -16692.6
  134 133.5 1.58649 0.00068858 -16833.7 -17078.1 -16726.3
  135 134.5 1.58819 0.000689319 -17096.7 -17265.3 -16676.7
  136 135.5 1.58006 0.000685792 -17109 -17145.6 -16716.2
  137 136.5 1.57822 0.00068499 -17051.4 -16883.6 -16977
  138 137.5 1.55989 0.000677035 -16704.3 -16560.3 -16770.4
  139 138.5 1.56298 0.000678375 -17120.1 -16938.5 -16888.6
  140 139.5 1.55126 0.000673292 -17296.8 -16909.6 -17051.9
  141 140.5 1.54322 0.000669802 -17273.1 -16971.2 -17203
  142 141.5 1.5333 0.000665497 -17262.4 -17159.4 -17361.3
  143 142.5 1.55458 0.000674729 -17041.3 -17185.3 -16908.8
  144 143.5 1.56062 0.000677351 -16805.6 -17447.8 -16947.9
  145 144.5 1.55454 0.000674715 -17105.8 -17143.8 -17024.5
  146 145.5 1.5494 0.000672483 -16934.2 -17231.8 -17085.9
  147 146.5 1.55285 0.000673979 -17039.7 -16916.5 -17106.5
  148 147.5 1.56213 0.000678007 -17105.5 -17463.9 -16942.4
  149 148.5 1.54169 0.000669135 -17289.8 -17222.1 -17152.1
  150 149.5 1.53195 0.00066491 -17376.3 -16941.2 -17221.7
  151 150.5 1.53979 0.000668312 -17232.8 -17059.4 -17154
  152 151.5 1.53098 0.000664486 -16803.6 -16923 -17372.1
  153 152.5 1.52406 0.000661486 -17013.1 -17318 -17387.7
  154 153.5 1.54019 0.000668486 -17172.6 -16985.6 -17133.5
  155 154.5 1.53876 0.000667865 -17097.1 -16845 -17212.1
  156 155.5 1.5374 0.000667274 -16801.7 -16776 -17206.6
  157 156.5 1.54018 0.000668483 -16833.2 -17083.2 -17102.1
  158 157.5 1.53493 0.000666201 -16681.3 -16948 -17291.9
  159 158.5 1.54164 0.000669115 -17080.3 -17108.4 -17123.8
  160 159.5 1.56294 0.000678361 -16780 -17210.5 -16948.3
  161 160.5 1.57282 0.000682646 -16971.8 -16836.6 -16915.4
  162 161.5 1.57101 0.000681861 -16852.1 -16883.4 -16977.7
  163 162.5 1.58148 0.000686406 -16897.2 -16783.1 -16677.4
  164 163.5 1.56411 0.000678868 -16815.7 -17173.3 -16916
  165 164.5 1.55787 0.00067616 -16848.9 -16782.6 -16937.5
  166 165.5 1.56983 0.000681351 -17386.2 -16505.6 -16980.6
  167 166.5 1.55436 0.000674635 -17344.3 -16615.5 -17073.2
  168 167.5 1.53511 0.000666281 -17233.3 -16618.6 -17125.7
  169 168.5 1.54947 0.000672514 -16957.2 -16376.7 -16977.2
  170 169.5 1.54866 0.000672163 -17196.6 -17023.7 -17081.1
  171 170.5 1.54026 0.000668514 -16908.5 -16670.9 -17311.3
  172 171.5 1.54975 0.000672635 -16612 -16891.2 -17088.8
  173 172.5 1.55238 0.000673774 -16600.9 -16541.9 -16923.8
  174 173.5 1.54786 0.000671816 -16644.3 -16647.3 -17147.3
  175 174.5 1.55143 0.000673365 -16699.6 -16668.8 -17079.5
  176 175.5 1.55037 0.000672903 -16906.6 -16808.3 -17093.1
  177 176.5 1.56512 0.000679306 -16882.4 -16372 -16845.9
  178 177.5 1.56411 0.000678868 -17427.7 -16740.4 -16861.6
  179 178.5 1.5617 0.000677823 -16895.8 -16722.8 -16974.8
  180 179.5 1.56864 0.000680833 -16739.5 -16624.6 -16890
  181 180.5 1.57975 0.000685656 -16728.8 -17052.5 -16942.5
  182 181.5 1.57932 0.000685469 -16810.6 -17247.5 -16771.7
  183 182.5 1.59642 0.000692889 -16881.2 -16974.5 -16438.8
  184 183.5 1.59289 0.000691358 -16787.6 -16913.6 -16609
  185 184.5 1.57874 0.000685215 -17251.4 -17034.2 -16918.6
  186 185.5 1.57685 0.000684396 -16984.1 -16880.8 -16800.7
  187 186.5 1.57813 0.000684951 -16670.2 -16978.2 -16750.5
  188 187.5 1.58026 0.000685878 -16458.2 -16944.4 -16640.3
  189 188.5 1.60508 0.000696649 -16790.4 -16980.2 -16505.8
  190 189.5 1.59112 0.00069059 -16948.6 -17016.6 -16635.6
  191 190.5 1.59286 0.000691344 -16772.3 -16745.6 -16585.5
  192 191.5 1.5858 0.000688281 -16696.5 -16364.2 -16767.6
  193 192.5 1.59398 0.000691833 -16744.3 -16541.8 -16581.7
  194 193.5 1.60213 0.000695368 -16827.9 -16792.9 -16553.4
  195 194.5 1.60206 0.000695337 -16618.2 -16924.7 -16453.5
  196 195.5 1.60651 0.000697271 -16725.4 -16836.9 -16414.3
  197 196.5 1.59973 0.000694326 -16933.9 -16512.8 -16497.4
  198 197.5 1.59911 0.000694059 -16826.7 -16968.8 -16486.2
  199 198.5 1.60666 0.000697337 -17195.4 -16833.6 -16398
  200 199.5 1.61689 0.000701774 -17046.1 -16702.7 -16191.4
  201 200.5 1.60752 0.000697708 -16604.2 -16389.2 -16074.9
  202 201.5 1.64052 0.000712031 -16379.8 -16307.1 -15863.7
  203 202.5 1.65676 0.00071908 -16117.3 -16462.1 -15548.1
  204 203.5 1.68395 0.000730882 -16653.6 -16420.3 -15221.7
  205 204.5 1.707 0.000740885 -16127.9 -16364.7 -14829.2
  206 205.5 1.75387 0.000761229 -16241.4 -15931.8 -14208.8
  207 206.5 1.82592 0.0007925 -15520 -15405.8 -13134.2
  208 207.5 1.88334 0.00081742 -15329 -14973.2 -12513.1
  209 208.5 2.01411 0.000874181 -14232.3 -14125.3 -10871.8
  210 209.5 2.19061 0.000950785 -12960.7 -12894 -9267.23
  211 210.5 2.41924 0.00105002 -11908.9 -11968.3 -7710.08
  212 211.5 2.7661 0.00120057 -10590.5 -10443.9 -5565.06
  213 212.5 3.23309 0.00140325 -9153.06 -8861.79 -3636.05
  214 213.5 3.87197 0.00168054 -7031.75 -7040.73 -1537.81
  215 214.5 4.7225 0.0020497 -5350.96 -5278.29 -140.763
  216 215.5 5.79197 0.00251388 -3529.09 -3566.18 1014.43
  217 216.5 7.17198 0.00311284 -2065.94 -1951.37 1827.98
  218 217.5 8.7799 0.00381072 -228.802 -545.069 2268.41
  219 218.5 10.7729 0.00467574 1052.8 1019.56 2365.74
  220 219.5 12.9204 0.00560782 2221.84 2169.71 2153.99
  221 220.5 15.1304 0.00656702 3008.7 3231.53 1679.66
  222 221.5 17.4848 0.0075889 3752.25 3826.94 1339.56
  223 222.5 19.7844 0.00858698 4169.21 4108.04 601.152
  224 223.5 21.7023 0.0094194 4299.46 4264.49 -63.2305
  225 224.5 23.4355 0.0101717 4190.94 4104.76 501.478
  226 225.5 25.2298 0.0109504 4232.08 4249.46 1186.77
  227 226.5 26.6432 0.0115639 5343.36 4916.53 1641.64
  228 227.5 27.6687 0.012009 9493.23 8907.57 4737.49
  229 228.5 29.6771 0.0128807 17333.8 18081.6 11403
  230 229.5 33.4671 0.0145256 23400.9 27661.3 16288.8
  231 230.5 37.2359 0.0161614 23003.4 32369.9 14223.8
  232 231.5 39.7861 0.0172683 18650.1 33924 6175.17
  233 232.5 41.2649 0.0179101 15906.1 36757.7 -3002.4
  234 233.5 42.183 0.0183086 16428.8 42021.4 -8421.24
  235 234.5 42.659 0.0185152 19469 48287 -9746.51
  236 235.5 42.9607 0.0186461 22420.4 53295.2 -9234.49
  237 236.5 43.1266 0.0187181 24883.6 57039.6 -7965.19
  238 237.5 43.2778 0.0187838 26460.9 59546.4 -6373.37
  239 238.5 43.3491 0.0188147 27564.6 61005.5 -5159.19
  240 239.5 43.4276 0.0188488 28174.9 62073.5 -4141.23
  241 240.5 43.4623 0.0188638 28595.2 62656 -3387.06
  242 241.5 43.499 0.0188798 28851.5 62999.5 -2800.13
  243 242.5 43.4936 0.0188774 29108.4 63442.6 -2134.81
  244 243.5 43.5208 0.0188892 29277.6 63736.6 -1688.44
  245 244.5 43.5464 0.0189004 29405.7 63813.6 -1554.13
  246 245.5 43.5189 0.0188884 29495.2 64091.6 -1212.41
  247 246.5 43.5526 0.018903 29614.6 64266.9 -1029.55
  248 247.5 43.549 0.0189015 29624.5 64285.6 -812.695
  249 248.5 43.539 0.0188971 29565 64344.7 -888.921
  250 249.5 43.556 0.0189045 29580.8 64282.9 -673.019
  251 250.5 43.5353 0.0188955 29617.6 64382.7 -733.795
  252 251.5 43.5494 0.0189017 29778.9 64350.7 -621.517
  253 252.5 43.5584 0.0189056 29740.4 64480.1 -581.049
  254 253.5 43.5438 0.0188992 29687.2 64420.4 -616.814
  255 254.5 43.5515 0.0189026 29749.7 64511.9 -569.951
  256 255.5 43.5471 0.0189007 29690.2 64546 -603.491
  257 256.5 43.5519 0.0189027 29684.2 64523.1 -625.828
  258 257.5 43.5575 0.0189051 29720.1 64521 -589.926
  259 258.5 43.5489 0.0189014 29854.7 64528.7 -579.369
  260 259.5 43.545 0.0188997 29917 64619.8 -540.928
  261 260.5 43.5572 0.018905 29766.8 64601.5 -614.944
  262 261.5 43.5544 0.0189038 29821 64517.4 -515.039
  263 262.5 43.5371 0.0188963 29783.8 64581.6 -607.533
  264 263.5 43.5724 0.0189117 29853.4 64721 -626.53
  265 264.5 43.549 0.0189015 29884.6 64649.8 -545.191
  266 265.5 43.5493 0.0189016 29900.7 64630.2 -578.207
  267 266.5 43.5557 0.0189044 29879.5 64623.8 -614.872
  268 267.5 43.5689 0.0189101 29985.4 64681.6 -490.106
  269 268.5 43.5426 0.0188987 30005 64704.9 -572.093
  270 269.5 43.5581 0.0189054 30012.5 64713.1 -630.055
  271 270.5 43.5672 0.0189094 30012.8 64747.6 -570.783
  272 271.5 43.545 0.0188997 29939.5 64814 -538.638
  273 272.5 43.5524 0.0189029 29933.3 64733.6 -541.164
  274 273.5 43.5655 0.0189086 29947.2 64706.3 -646.122
  275 274.5 43.5503 0.0189021 29946.8 64778.9 -630.583
  276 275.5 43.554 0.0189036 30051.3 64812.8 -525.044
  277 276.5 43.5566 0.0189048 30042 64824.7 -619.904
  278 277.5 43.5699 0.0189105 30128.3 64820.4 -599.243
  279 278.5 43.5582 0.0189054 30009.4 64829.4 -522.411
  280 279.5 43.5421 0.0188985 30077.6 64900.4 -587.864
  281 280.5 43.5752 0.0189128 29977.2 64871.3 -616.376
  282 281.5 43.5622 0.0189072 30034.7 64821.5 -540.546
  283 282.5 43.5535 0.0189034 30063 64897.7 -542.463
  284 283.5 43.5597 0.0189061 30003.2 64774.7 -601.355
  285 284.5 43.5616 0.018907 30055.1 64772.8 -584.411
  286 285.5 43.5608 0.0189066 30006 64843 -602.938
  287 286.5 43.5458 0.0189001 30029.2 64904.5 -549.291
  288 287.5 43.544 0.0188993 30040.4 64705.6 -585.378
  289 288.5 43.5802 0.018915 30011.5 64902.3 -516.178
  290 289.5 43.541 0.018898 30062.5 64775.8 -604.343
  291 290.5 43.5542 0.0189038 30042 64740.7 -641.699
  292 291.5 43.577 0.0189136 29994.8 64739.8 -560.484
  293 292.5 43.5444 0.0188995 29979.1 64807.8 -499.149
  294 293.5 43.5689 0.0189101 29916.6 64878.7 -649.07
  295 294.5 43.5676 0.0189096 30046.1 64824.2 -569.984
  296 295.5 43.5497 0.0189018 30108.1 64830.7 -513.07
  297 296.5 43.5504 0.0189021 30060.3 64958 -600.822
  298 297.5 43.5609 0.0189067 30014.5 64991 -582.765
  299 298.5 43.5598 0.0189061 30057 64885.7 -525.062
  300 299.5 43.556 0.0189045 29961.5 64859.1 -629.834
  301 300.5 43.5632 0.0189076 30104.7 64877 -498.537
  302 301.5 43.5556 0.0189043 30070.6 64836.3 -633.984
  303 302.5 43.5725 0.0189117 30097.6 64955.1 -626.984
  304 303.5 43.5491 0.0189015 30139.4 64922.5 -521.696
  305 304.5 43.5532 0.0189033 30055.3 64877.2 -617.629
  306 305.5 43.5643 0.0189081 30060.4 64849 -647.81
  307 306.5 43.5708 0.018911 30233.7 65056.6 -469.583
  308 307.5 43.5528 0.0189031 30085.3 64903.6 -669.064
  309 308.5 43.5688 0.0189101 30166.8 65063.5 -574.149
  310 309.5 43.5425 0.0188986 30210.7 65007 -562.493
  311 310.5 43.5741 0.0189124 30293.7 64926.6 -534.15
  312 311.5 43.547 0.0189006 30124.4 64913.2 -644.104
  313 312.5 43.5675 0.0189095 30159.8 64942.4 -607.347
  314 313.5 43.5582 0.0189055 30199.5 64944.3 -586.223
  315 314.5 43.5582 0.0189055 30237.5 64990.6 -411.402
  316 315.5 43.5752 0.0189128 30097.8 64982 -707.77
  317 316.5 43.5461 0.0189002 30180 65029.8 -509.722
  318 317.5 43.5637 0.0189079 30142.2 64975.8 -683.468
  319 318.5 43.5691 0.0189102 30106.6 65010.7 -486.714
  320 319.5 43.5696 0.0189104 30105 64881.5 -573.079
  321 320.5 43.5488 0.0189014 30124.4 64913.4 -627.755
  322 321.5 43.562 0.0189071 30079.6 64921.1 -510.725
  323 322.5 43.5703 0.0189107 29991.7 64894 -533.607
  324 323.5 43.5505 0.0189021 30073.3 64852.7 -724.333
  325 324.5 43.5692 0.0189102 29914.2 64903.2 -525.078
  326 325.5 43.5673 0.0189094 30071.9 64966.5 -489.585
  327 326.5 43.5651 0.0189085 30214.8 64993.9 -634.856
  328 327.5 43.5547 0.0189039 30188.3 64999.2 -570.199
  329 328.5 43.549 0.0189015 30098.5 65006.7 -559.976
  330 329.5 43.5672 0.0189094 30168.8 64972.8 -580.268
  331 330.5 43.5712 0.0189111 30088.9 64909.4 -596.689
  332 331.5 43.5513 0.0189025 30200.9 64939.3 -596.057
  333 332.5 43.5597 0.0189061 30237 65027.6 -545.781
  334 333.5 43.5603 0.0189064 30242.6 64975.9 -562.347
  335 334.5 43.5717 0.0189113 30116.6 64951.9 -674.138
  336 335.5 43.5404 0.0188978 30187.4 65020.2 -470.07
  337 336.5 43.5755 0.018913 30000.4 64975.4 -467.798
  338 337.5 43.5539 0.0189036 29981.8 64784.6 -813.78
  339 338.5 43.5516 0.0189026 30086.4 64906.3 -579.175
  340 339.5 43.5654 0.0189086 30086.6 64909.2 -519.247
  341 340.5 43.5641 0.018908 30144.6 64901 -488.973
  342 341.5 43.5565 0.0189047 30061.3 64822.6 -735.409
  343 342.5 43.5681 0.0189097 30110.2 64929.3 -494.552
  344 343.5 43.566 0.0189089 30154.6 64897.7 -530.631
  345 344.5 43.547 0.0189006 30095.8 64891.1 -627.089
  346 345.5 43.5614 0.0189069 30098.8 64730.3 -669.849
  347 346.5 43.5651 0.0189085 30192.7 64906.2 -403.121
  348 347.5 43.5428 0.0188988 30076.6 64850.9 -657.669
  349 348.5 43.5784 0.0189142 30036.1 64725.3 -602.149
  350 349.5 43.5587 0.0189057 30083.4 64902.2 -544.871
  351 350.5 43.5612 0.0189068 30120.6 64991.1 -502.35
  352 351.5 43.5391 0.0188972 29974.7 64830.5 -723.486
  353 352.5 43.5615 0.0189069 29947.8 64838 -532.966
  354 353.5 43.5614 0.0189069 29930.3 64878.9 -545.679
  355 354.5 43.5523 0.0189029 29880.6 64687.1 -692.725
  356 355.5 43.5681 0.0189098 29959.6 64684.9 -588.121
  357 356.5 43.5535 0.0189034 29927.6 64607.9 -719.767
  358 357.5 43.5401 0.0188976 30011.7 64508.2 -795.209
  359 358.5 43.5558 0.0189044 29889.6 64558 -862.292
  360 359.5 43.5645 0.0189082 29821.6 64411 -931.504
  361 360.5 43.544 0.0188993 29736.6 64300.7 -1239.09
  362 361.5 43.5354 0.0188956 29627.4 64212 -1305.84
  363 362.5 43.5268 0.0188918 29511.4 64006.2 -1679.16
  364 363.5 43.5265 0.0188917 29389 63783.2 -2040.53
  365 364.5 43.5012 0.0188807 29223.2 63448.5 -2441.59
  366 365.5 43.4681 0.0188664 28956.9 63065.1 -3169.11
  367 366.5 43.4482 0.0188577 28667.9 62523.3 -3783.74
  368 367.5 43.3692 0.0188235 27967.7 61644.9 -4636.36
  369 368.5 43.3178 0.0188011 27058.1 60208.1 -5890.76
  370 369.5 43.188 0.0187448 25567.6 58281.8 -7285.28
  371 370.5 43.0091 0.0186671 23469.2 54791.9 -8385
  372 371.5 42.7708 0.0185637 20614.5 50094.3 -9083.01
  373 372.5 42.3448 0.0183788 17757.1 44530 -7827.36
  374 373.5 41.5603 0.0180383 16112.2 38394.6 -2936.91
  375 374.5 40.3165 0.0174985 17289.6 34196.8 5843.65
  376 375.5 38.3015 0.0166239 20160.8 31352.5 13977.2
  377 376.5 35.0171 0.0151984 20228.7 25869.1 16707.9
  378 377.5 31.7494 0.0137801 14441.8 15589.1 12546.1
  379 378.5 30.5835 0.0132741 6433.84 5524.79 5947.94
  380 379.5 30.5829 0.0132738 1783 1012.65 2922.03
  381 380.5 30.4871 0.0132322 96.5923 -195.601 1852.9
  382 381.5 30.2803 0.0131425 -556.107 -698.64 800.599
  383 382.5 30.2853 0.0131447 -647.638 -584.33 -438.724
  384 383.5 30.5848 0.0132747 -689.306 -560.024 -571.675
  385 384.5 30.4784 0.0132285 -684.735 -683.624 -560.728
  386 385.5 30.3813 0.0131863 -835.168 -741.42 -784.462
  387 386.5 30.4619 0.0132213 -716.766 -627.486 -795.776
  388 387.5 30.6157 0.0132881 -789.816 -637.827 -829.787
  389 388.5 30.4929 0.0132348 -882.005 -917.352 -661.92
  390 389.5 30.4358 0.01321 -1000.42 -901.229 -954.719
  391 390.5 30.5548 0.0132616 -965.897 -1141.23 -797.857
  392 391.5 30.5562 0.0132622 -941.261 -1010.81 -862.163
  393 392.5 30.4968 0.0132365 -972.139 -912.346 -847.668
  394 393.5 30.4656 0.0132229 -1023.48 -855.528 -866.65
  395 394.5 30.5124 0.0132432 -778.308 -784.335 -970.137
  396 395.5 30.5479 0.0132586 -840.746 -860.786 -875.503
  397 396.5 30.4983 0.0132371 -905.392 -957.408 -831.932
  398 397.5 30.5207 0.0132468 -671.87 -634.591 -696.853
  399 398.5 30.5212 0.0132471 -996.724 -837.474 -978.334
  400 399.5 30.5121 0.0132431 -832.358 -915.567 -875.548
  401 400.5 30.5207 0.0132468 -861.432 -741.418 -870.978
  402 401.5 30.5379 0.0132543 -758.288 -999.447 -823.523
  403 402.5 30.4979 0.013237 -853.937 -891.504 -932.175
  404 403.5 30.5303 0.013251 -781.781 -945.008 -678.539
  405 404.5 30.5298 0.0132508 -884.023 -1053.05 -867.853
  406 405.5 30.4824 0.0132302 -1016.99 -1135.52 -991.983
  407 406.5 30.4762 0.0132275 -1051.11 -865.622 -913.292
  408 407.5 30.5797 0.0132724 -867.671 -881.043 -749.296
  409 408.5 30.5002 0.013238 -919.79 -769.172 -741.797
  410 409.5 30.5367 0.0132538 -896.062 -978.587 -1005.41
  411 410.5 30.5657 0.0132664 -855.39 -930.011 -930.055
  412 411.5 30.563 0.0132652 -837.322 -846.827 -711.481
  413 412.5 30.5144 0.0132441 -871.696 -874.234 -787.115
  414 413.5 30.5809 0.013273 -859.261 -981.216 -951.773
  415 414.5 30.5384 0.0132545 -852.998 -861.028 -966.438
  416 415.5 30.5741 0.01327 -835.692 -918.233 -819.708
  417 416.5 30.5564 0.0132623 -803.379 -869.916 -724.374
  418 417.5 30.5944 0.0132788 -872.845 -872.246 -926.116
  419 418.5 30.4689 0.0132243 -1035.97 -862.66 -1060.82
  420 419.5 30.5265 0.0132494 -830.566 -745.529 -801.418
  421 420.5 30.6298 0.0132942 -661.367 -718.489 -662.609
  422 421.5 30.5117 0.0132429 -722.93 -749.773 -929.984
  423 422.5 30.4727 0.013226 -659.254 -720.162 -933.894
  424 423.5 30.5623 0.0132649 -728.754 -642.432 -872.845
  425 424.5 30.5809 0.013273 -853.218 -683.273 -804.708
  426 425.5 30.4949 0.0132356 -773.487 -829.697 -760.779
  427 426.5 30.526 0.0132491 -864.88 -1055.65 -977.806
  428 427.5 30.5456 0.0132577 -820.204 -887.345 -795.808
  429 428.5 30.5063 0.0132406 -806.595 -915.759 -823.149
  430 429.5 30.5387 0.0132546 -884.099 -772.566 -915.877
  431 430.5 30.5417 0.0132559 -818.265 -876.338 -899.123
  432 431.5 30.5318 0.0132516 -828.824 -768.628 -800.606
  433 432.5 30.5026 0.013239 -863.785 -948.614 -889.733
  434 433.5 30.5836 0.0132741 -880.203 -733.912 -882.431
  435 434.5 30.5256 0.013249 -787.435 -767.095 -827.407
  436 435.5 30.5032 0.0132392 -893.521 -725.108 -756.385
  437 436.5 30.5241 0.0132483 -947.837 -880.101 -926.408
  438 437.5 30.5073 0.013241 -922.515 -933.921 -968.403
  439 438.5 30.5337 0.0132525 -757.166 -637.796 -744.107
  440 439.5 30.5059 0.0132404 -720.182 -624.72 -847.053
  441 440.5 30.4956 0.0132359 -853.133 -825.664 -954.555
  442 441.5 30.4914 0.0132341 -876.65 -702.804 -770.397
  443 442.5 30.564 0.0132656 -1016.14 -721.896 -924.631
  444 443.5 30.5248 0.0132486 -1075.4 -890.316 -828.817
  445 444.5 30.5128 0.0132434 -958.193 -893.833 -857.881
  446 445.5 30.5362 0.0132536 -841.285 -737.562 -838.99
  447 446.5 30.5097 0.0132421 -848.061 -865.902 -935.708
  448 447.5 30.484 0.0132309 -874.662 -779.143 -775.781
  449 448.5 30.5212 0.013247 -777.16 -822.713 -840.854
  450 449.5 30.5509 0.01326 -839.241 -933.135 -949.299
  451 450.5 30.4767 0.0132278 -819.995 -931.754 -832.732
  452 451.5 30.4705 0.0132251 -819.968 -926.266 -849.19
  453 452.5 30.5374 0.0132541 -796.675 -865.438 -833.584
  454 453.5 30.4902 0.0132336 -891.87 -861.487 -914.383
  455 454.5 30.4272 0.0132062 -889.114 -861.467 -858.105
  456 455.5 30.5342 0.0132527 -763.871 -860.749 -888.898
  457 456.5 30.5165 0.013245 -646.847 -670.636 -772.791
  458 457.5 30.4505 0.0132164 -556.601 -861.873 -823.521
  459 458.5 30.4185 0.0132025 -801.323 -924.893 -1002.41
  460 459.5 30.526 0.0132491 -685.167 -856.532 -801.336
  461 460.5 30.5242 0.0132484 -847.522 -792.811 -874.463
  462 461.5 30.4221 0.013204 -781.445 -828.15 -837.985
  463 462.5 30.405 0.0131966 -829.626 -770.06 -843.967
  464 463.5 30.5245 0.0132485 -759.468 -827.499 -865.504
  465 464.5 30.4575 0.0132194 -890.646 -903.873 -871.364
  466 465.5 30.3877 0.0131891 -789.117 -932.827 -862.795
  467 466.5 30.4866 0.013232 -639.477 -767.634 -706.078
  468 467.5 30.4922 0.0132345 -823.148 -889.713 -972.764
  469 468.5 30.4881 0.0132327 -594.969 -719.827 -792.804
  470 469.5 30.3889 0.0131896 -821.707 -780.814 -854.467
  471 470.5 30.521 0.013247 -994.477 -1000.2 -865.85
  472 471.5 30.4986 0.0132372 -846.881 -938.791 -826.4
  473 472.5 30.4532 0.0132175 -890.824 -943.138 -874.072
  474 473.5 30.3896 0.0131899 -832.618 -929.552 -990.223
  475 474.5 30.4982 0.0132371 -879.763 -862.676 -853.572
  476 475.5 30.4467 0.0132147 -764.396 -702.297 -729.293
  477 476.5 30.4408 0.0132122 -931.77 -905.088 -923.051
  478 477.5 30.4624 0.0132215 -789.597 -925.523 -896.95
  479 478.5 30.5094 0.0132419 -857.579 -850.602 -835.963
  480 479.5 30.4512 0.0132167 -865.877 -813.716 -718.872
70000000 480 11616.000000000005
  1 0.5 30.5152 0.0132444 -899.125 -692.198 -790.672
  2 1.5 30.4476 0.0132151 -746.812 -722.247 -884.548
  3 2.5 30.4337 0.0132091 -681.131 -686.147 -813.978
  4 3.5 30.513 0.0132435 -639.906 -802.12 -873.267
  5 4.5 30.4533 0.0132176 -740.136 -782.99 -798.857
  6 5.5 30.4655 0.0132229 -828.577 -894.373 -826.136
  7 6.5 30.4708 0.0132252 -729.203 -921.264 -860.409
  8 7.5 30.4966 0.0132364 -802.377 -590.02 -827.493
  9 8.5 30.3995 0.0131942 -830.884 -762.932 -920.522
  10 9.5 30.4815 0.0132298 -839.195 -695.969 -744.905
  11 10.5 30.4809 0.0132295 -634.25 -840.368 -802.226
  12 11.5 30.464 0.0132222 -901.779 -971.523 -905.435
  13 12.5 30.431 0.0132079 -697.185 -631.355 -781.51
  14 13.5 30.5011 0.0132383 -754.473 -822.006 -899.941
  15 14.5 30.5072 0.013241 -982.65 -841.134 -836.2
  16 15.5 30.47 0.0132248 -743.125 -765.448 -781.229
  17 16.5 30.5005 0.0132381 -766.101 -784.372 -873.047
  18 17.5 30.4868 0.0132321 -627.923 -885.2 -890.794
  19 18.5 30.4891 0.0132331 -721.024 -750.665 -789.507
  20 19.5 30.4576 0.0132194 -827.638 -656.384 -907.1
  21 20.5 30.5579 0.013263 -799.162 -702.311 -887.729
  22 21.5 30.4906 0.0132338 -930.158 -732.173 -854.625
  23 22.5 30.5047 0.0132399 -814.294 -697.575 -791.698
  24 23.5 30.5351 0.0132531 -866.273 -877.677 -923.897
  25 24.5 30.5084 0.0132415 -788.412 -792.312 -979.047
  26 25.5 30.4384 0.0132111 -587.451 -828.102 -912.273
  27 26.5 30.4912 0.013234 -751.411 -678.252 -1003.23
  28 27.5 30.5047 0.0132399 -698.846 -690.646 -1001.99
  29 28.5 30.4805 0.0132294 -724.35 -700.6 -913.71
  30 29.5 30.4276 0.0132064 -840.602 -772.356 -1159.64
  31 30.5 30.4377 0.0132108 -737.83 -739.029 -1174.09
  32 31.5 30.3996 0.0131943 -634.625 -769.894 -1198.36
  33 32.5 30.3678 0.0131805 -575.636 -607.09 -1310.7
  34 33.5 30.2626 0.0131348 -431.058 -328.947 -1538.45
  35 34.5 30.206 0.0131102 -108.65 -169.74 -1642.15
  36 35.5 30.0574 0.0130457 -0.911661 -11.8644 -1597.05
  37 36.5 29.9128 0.012983 170.37 297.797 -1891.2
  38 37.5 29.7857 0.0129278 392.549 466.999 -2059.16
  39 38.5 29.3636 0.0127446 738.157 883.326 -2262.07
  40 39.5 29.0475 0.0126074 1316.39 1327.55 -2227.32
  41 40.5 28.6578 0.0124383 1789.69 1726.31 -2469.35
  42 41.5 28.0796 0.0121873 2381.42 2139.7 -2256.01
  43 42.5 27.1906 0.0118015 2766.93 2654.28 -2217.49
  44 43.5 26.2406 0.0113891 3068.87 3070.89 -2118.51
  45 44.5 25.0585 0.0108761 3521.58 3557.05 -1626.05
  46 45.5 23.5046 0.0102017 3786.94 3894.83 -1223.17
  47 46.5 21.7107 0.00942303 4014.24 4017.9 -699.165
  48 47.5 19.846 0.0086137 4080.25 3938.65 90.3357
  49 48.5 17.7103 0.00768677 3843.38 3711.75 642.093
  50 49.5 15.4738 0.00671604 3332.15 3242.82 1300.3
  51 50.5 13.2159 0.00573609 2526.96 2492.63 1656.71
  52 51.5 11.1455 0.00483745 1638.78 1422.31 2356.89
  53 52.5 9.19067 0.00398901 548.901 174.224 2133.26
  54 53.5 7.51349 0.00326106 -1030.82 -1195.82 2072.19
  55 54.5 6.05275 0.00262706 -2655.65 -2728.86 1316.76
  56 55.5 4.9226 0.00213655 -4684.54 -4799.36 201.722
  57 56.5 4.04026 0.00175359 -6410.09 -6339.95 -975.001
  58 57.5 3.35795 0.00145744 -8566.15 -8578.47 -2745.11
  59 58.5 2.84837 0.00123627 -10105.5 -10358.2 -4750.81
  60 59.5 2.4532 0.00106476 -11741.8 -11647.3 -7142.34
  61 60.5 2.21837 0.000962833 -13006.5 -12951.4 -8709.39
  62 61.5 2.01662 0.000875271 -13937.5 -13752.5 -10580.6
  63 62.5 1.88385 0.000817642 -14541.6 -14639.9 -11799.2
  64 63.5 1.76994 0.000768205 -15069.7 -15569.8 -13201.9
  65 64.5 1.71997 0.000746514 -15605.8 -15687.5 -13927.9
  66 65.5 1.64671 0.000714719 -15702.7 -16207 -14819.5
  67 66.5 1.60327 0.000695865 -16109.4 -16672.3 -15484.1
  68 67.5 1.58933 0.000689812 -16288.2 -16738.8 -15820.4
  69 68.5 1.56906 0.000681017 -15976.8 -16730.3 -15962.7
  70 69.5 1.55749 0.000675993 -16126.5 -16724.1 -16345.8
  71 70.5 1.53863 0.000667809 -16802.3 -16502.9 -16602.2
  72 71.5 1.52738 0.000662924 -16578.6 -16660.4 -16794.8
  73 72.5 1.51822 0.000658951 -16882.1 -17378.7 -16839.4
  74 73.5 1.50778 0.00065442 -16766.5 -17567.6 -16978.9
  75 74.5 1.50394 0.00065275 -16608.1 -17524.7 -17063.7
  76 75.5 1.50574 0.000653531 -16604.8 -17596.9 -17066.8
  77 76.5 1.49724 0.000649844 -16773.2 -17380 -17251
  78 77.5 1.4853 0.000644663 -17000 -16988.6 -17231.6
  79 78.5 1.49906 0.000650632 -16806 -16918.5 -17196.4
  80 79.5 1.51837 0.000659014 -16722.3 -16831.2 -16963.3
  81 80.5 1.52804 0.000663212 -16725.6 -16891.7 -16829.3
  82 81.5 1.54556 0.000670816 -16857.2 -16863.4 -16621.2
  83 82.5 1.5389 0.000667924 -16839.8 -16920.1 -16710.4
  84 83.5 1.53498 0.000666222 -16917 -17316.1 -16842.1
  85 84.5 1.53581 0.000666583 -16918.5 -16826.6 -16824.7
  86 85.5 1.53107 0.000664528 -16986.1 -16827.1 -16840.9
  87 86.5 1.54296 0.000669688 -16838.2 -16461.5 -16663.4
  88 87.5 1.54543 0.00067076 -16821.4 -16129.9 -16831.7
  89 88.5 1.53646 0.000666868 -17012.4 -16160.5 -16710.1
  90 89.5 1.54001 0.000668406 -16604 -16336.7 -16641.6
  91 90.5 1.53618 0.000666743 -16770.6 -16367.2 -16964.2
  92 91.5 1.5488 0.000672222 -16987.9 -16501 -16545.5
  93 92.5 1.54217 0.000669344 -17155.9 -16651.5 -16689.6
  94 93.5 1.55898 0.000676642 -16806.4 -16457.2 -16502.6
  95 94.5 1.54696 0.000671424 -16703.5 -16306.8 -16697.2
  96 95.5 1.55038 0.00067291 -16565 -16314.2 -16580.1
  97 96.5 1.55031 0.000672878 -16364.9 -16790.6 -16635.4
  98 97.5 1.55503 0.000674927 -16152 -17013 -16715
  99 98.5 1.54667 0.000671299 -16048.8 -16521 -16478.5
  100 99.5 1.55834 0.000676365 -16076.8 -16887.1 -16623.8
  101 100.5 1.56069 0.000677382 -16160.7 -16558.5 -16538.3
  102 101.5 1.54228 0.000669392 -16335.8 -16423 -16682.4
  103 102.5 1.55027 0.000672861 -16264.7 -16136.6 -16704.9
  104 103.5 1.55586 0.000675288 -16501.7 -16423.6 -16537.6
  105 104.5 1.55792 0.000676181 -16438.1 -16717.5 -16635.2
  106 105.5 1.57338 0.000682892 -16390.2 -16650.5 -16306.2
  107 106.5 1.55935 0.000676802 -16456.8 -16666.5 -16461.6
  108 107.5 1.55026 0.000672858 -16551.5 -16775.6 -16624.6
  109 108.5 1.54888 0.000672257 -16754.7 -16782.1 -16714
  110 109.5 1.5557 0.000675215 -16508.5 -16770.3 -16634.1
  111 110.5 1.57115 0.000681924 -16729.7 -16315.6 -16335.3
  112 111.5 1.57355 0.000682965 -16653.8 -16420.1 -16271.8
  113 112.5 1.57007 0.000681455 -16569.6 -16306.4 -16410.5
  114 113.5 1.57197 0.000682278 -16370.7 -16358.9 -16549.1
  115 114.5 1.55499 0.00067491 -16414.8 -16342.3 -16612.1
  116 115.5 1.57497 0.00068358 -16389.4 -16303.2 -16401.5
  117 116.5 1.56682 0.000680045 -16062 -16469.2 -16351.6
  118 117.5 1.56519 0.000679337 -16236.6 -16649.9 -16422.7
  119 118.5 1.56366 0.000678674 -16496.1 -16552.8 -16602
  120 119.5 1.55353 0.000674274 -17035.3 -16524.4 -16558.8
  121 120.5 1.55056 0.000672986 -16608 -16366.4 -16662.1
  122 121.5 1.5445 0.000670354 -16586.3 -16691.6 -16658.1
  123 122.5 1.54586 0.000670944 -16525.8 -16582.2 -16650.2
  124 123.5 1.55654 0.00067558 -16356 -16524.4 -16488.9
  125 124.5 1.55199 0.000673608 -16372.8 -16686.2 -16689
  126 125.5 1.54787 0.000671819 -15950.4 -16611.9 -16684
  127 126.5 1.56092 0.000677483 -16357.8 -16661.4 -16423.2
  128 127.5 1.57354 0.000682958 -16564.2 -16661.4 -16394.6
  129 128.5 1.57063 0.000681698 -15951.5 -16462.9 -16380.8
  130 129.5 1.55762 0.000676049 -16405 -16857.4 -16554
  131 130.5 1.57128 0.000681979 -16106.6 -16899.6 -16466.1
  132 131.5 1.57877 0.000685229 -16084.6 -16285.9 -16358
  133 132.5 1.59358 0.000691656 -16032.3 -16151.6 -16217.2
  134 133.5 1.58766 0.00068909 -16092.2 -16450.6 -16199
  135 134.5 1.57888 0.000685278 -16030.8 -16373.8 -16313.2
  136 135.5 1.56399 0.000678816 -16211.4 -16314.9 -16600.5
  137 136.5 1.56771 0.000680431 -15981.4 -16564 -16554.8
  138 137.5 1.56999 0.00068142 -16625.1 -16680.1 -16459.9
  139 138.5 1.5717 0.000682163 -16035 -16450.3 -16334.3
  140 139.5 1.57323 0.000682826 -16075.5 -16709.8 -16446.1
  141 140.5 1.56861 0.000680819 -16330 -16894.5 -16388
  142 141.5 1.56004 0.000677101 -16196.2 -16678.1 -16412.7
  143 142.5 1.55372 0.000674358 -15993.6 -16690.9 -16592.7
  144 143.5 1.55207 0.000673642 -16341.3 -16837 -16619.7
  145 144.5 1.54055 0.000668642 -16329.9 -16530.3 -16730.4
  146 145.5 1.55441 0.000674656 -16658 -16378.4 -16538
  147 146.5 1.55322 0.000674139 -16483.7 -16760.8 -16672.4
  148 147.5 1.54752 0.000671667 -16411.1 -16883.3 -16609.2
  149 148.5 1.54906 0.000672333 -16609.7 -16515.7 -16633.2
  150 149.5 1.53112 0.000664549 -16590.1 -16376.8 -16875.5
  151 150.5 1.53545 0.000666427 -16393.4 -16758.9 -16777
  152 151.5 1.53724 0.000667205 -15929.8 -16413.7 -16618
  153 152.5 1.54562 0.00067084 -16407.2 -16503.3 -16765.4
  154 153.5 1.53864 0.000667813 -16294.1 -16606.9 -16745.8
  155 154.5 1.5385 0.00066775 -16651.2 -16546.3 -16790.3
  156 155.5 1.55202 0.000673618 -16672 -16373.1 -16641.7
  157 156.5 1.56064 0.000677361 -16597.4 -16242.3 -16473.9
  158 157.5 1.56844 0.000680747 -16281.3 -16302.5 -16421.5
  159 158.5 1.58998 0.000690097 -16499.2 -16668.1 -16210.2
  160 159.5 1.58942 0.000689854 -16537.6 -16848.6 -16235
  161 160.5 1.58954 0.000689906 -16619.3 -16755.8 -16227.4
  162 161.5 1.59078 0.000690444 -16680.8 -16628.9 -16190.3
  163 162.5 1.58914 0.000689733 -16797.5 -16526 -16366.8
  164 163.5 1.56703 0.000680135 -16340 -16208.6 -16414
  165 164.5 1.57143 0.000682045 -16390.3 -15903.8 -16353.8
  166 165.5 1.56668 0.000679983 -16383.3 -16501.5 -16529.8
  167 166.5 1.5707 0.000681726 -16413.1 -16295.4 -16408.6
  168 167.5 1.56021 0.000677174 -16322.2 -15993.2 -16609.2
  169 168.5 1.56203 0.000677965 -16291.6 -16258.5 -16437.8
  170 169.5 1.56687 0.000680066 -15937.3 -16198.2 -16404.7
  171 170.5 1.58091 0.00068616 -16449.4 -16433 -16347
  172 171.5 1.5625 0.000678167 -16647.2 -16650 -16456
  173 172.5 1.55214 0.000673674 -16843.4 -16517.9 -16695.6
  174 173.5 1.55247 0.000673816 -16939.2 -16864.6 -16527
  175 174.5 1.54862 0.000672142 -16806.4 -16490.5 -16718.7
  176 175.5 1.53777 0.000667434 -16681.4 -16606.7 -16796
  177 176.5 1.53963 0.000668243 -16941 -16725.8 -16760.3
  178 177.5 1.53341 0.000665542 -16690.1 -16842.8 -16797
  179 178.5 1.53396 0.000665781 -16941.9 -17317 -16751.1
  180 179.5 1.53017 0.000664135 -16585.8 -16808 -16924
  181 180.5 1.51564 0.00065783 -16784.4 -16897.7 -16896.2
  182 181.5 1.51698 0.000658413 -16904.7 -16956.5 -16960.5
  183 182.5 1.51774 0.000658743 -16861.3 -16821.4 -17048
  184 183.5 1.52278 0.000660931 -16763.1 -17140.4 -16972.3
  185 184.5 1.50088 0.000651424 -16750.9 -17119 -17106.5
  186 185.5 1.51327 0.000656802 -16971.3 -16719.2 -16951
  187 186.5 1.51248 0.000656458 -16867.2 -16749.1 -17098.3
  188 187.5 1.52644 0.000662517 -17064.6 -16937.1 -16914.3
  189 188.5 1.53418 0.000665878 -16892.4 -16825.1 -16726.1
  190 189.5 1.52971 0.000663938 -17113.2 -17096.9 -16818.7
  191 190.5 1.52587 0.000662271 -16924.5 -16773.8 -16958.3
  192 191.5 1.53438 0.000665965 -16787.8 -16951.7 -16696.6
  193 192.5 1.53717 0.000667174 -16499.5 -16987.1 -16825.6
  194 193.5 1.53827 0.000667653 -16798.8 -17481.1 -16774.7
  195 194.5 1.5229 0.000660983 -16904.4 -16732.6 -16860.1
  196 195.5 1.5281 0.00066324 -17033.1 -16858.4 -16728.6
  197 196.5 1.5357 0.000666538 -16861 -16735.8 -16730.5
  198 197.5 1.54866 0.00067216 -16906 -16864.3 -16402.9
  199 198.5 1.54784 0.000671806 -16892.3 -16583.7 -16416.5
  200 199.5 1.56657 0.000679934 -16824.8 -16440.1 -16156.4
  201 200.5 1.57864 0.000685174 -16549 -16287.8 -15781
  202 201.5 1.61228 0.000699774 -16580.8 -16048.2 -15506.1
  203 202.5 1.65076 0.000716476 -16310.6 -16028.9 -15035.2
  204 203.5 1.68228 0.000730156 -15613.7 -15695.3 -14191.5
  205 204.5 1.73921 0.000754865 -15035.4 -15400.5 -13446.3
  206 205.5 1.81231 0.000786594 -14821.4 -14956.5 -12750.9
  207 206.5 1.92801 0.000836809 -13839.5 -14499.7 -11087.5
  208 207.5 2.10195 0.000912306 -13119.9 -13583.3 -9313.16
  209 208.5 2.35586 0.00102251 -12143.6 -12150.2 -7373.05
  210 209.5 2.71002 0.00117623 -10727.7 -10872.2 -5270.79
  211 210.5 3.18605 0.00138283 -9155.43 -9065.31 -3189.92
  212 211.5 3.88295 0.00168531 -6993.05 -7088.84 -1156.67
  213 212.5 4.78054 0.00207489 -5115.79 -5070.4 318.243
  214 213.5 5.96368 0.0025884 -3139.74 -2985.18 1682.87
  215 214.5 7.4085 0.0032155 -1412.52 -1289.18 2280.41
  216 215.5 9.17618 0.00398272 -32.5343 107.097 2417.94
  217 216.5 11.2442 0.0048803 1388.64 1562.8 2600.02
  218 217.5 13.4704 0.00584653 2566.4 2590.33 2210.94
  219 218.5 15.7818 0.00684973 3470.43 3390.2 1604.99
  220 219.5 18.1105 0.00786047 3803.22 4017.26 894.277
  221 220.5 20.3038 0.00881243 4230.72 4208.29 189.888
  222 221.5 22.3168 0.00968611 4008.11 4220.69 -269.67
  223 222.5 24.0823 0.0104524 4000.96 4248.54 -793.772
  224 223.5 25.3498 0.0110025 3591.59 3690.47 -859.451
  225 224.5 26.5562 0.0115261 3646.66 3416.28 152.086
  226 225.5 27.7607 0.0120489 4272.67 3846.39 1097.21
  227 226.5 28.5592 0.0123955 6848.74 6133.75 3029.73
  228 227.5 29.6741 0.0128794 13029.1 12750 8113.88
  229 228.5 32.4122 0.0140678 20330.4 22902.4 14554.2
  230 229.5 36.2014 0.0157124 22499.1 30083.3 15252.9
  231 230.5 39.1666 0.0169994 19912.2 33080.4 9489.82
  232 231.5 40.9108 0.0177564 16443 35439.1 617.317
  233 232.5 41.9354 0.0182011 16072.8 40375.3 -6564.04
  234 233.5 42.5476 0.0184668 18477.6 46470.2 -9410.67
  235 234.5 42.8797 0.018611 21737.4 52140.1 -9296.44
  236 235.5 43.0865 0.0187007 24425.3 56221.7 -8267.05
  237 236.5 43.2424 0.0187684 26132.8 59044 -6813.71
  238 237.5 43.3222 0.018803 27337.9 60778.7 -5488.57
  239 238.5 43.4257 0.018848 28185.4 62011.7 -4297.54
  240 239.5 43.4423 0.0188552 28560.3 62573.6 -3654.84
  241 240.5 43.4791 0.0188711 29032.3 63196.3 -2858.26
  242 241.5 43.5128 0.0188858 29179.5 63460.4 -2294.01
  243 242.5 43.5265 0.0188917 29403.7 63762 -1902.07
  244 243.5 43.5227 0.0188901 29681.7 64078 -1548.42
  245 244.5 43.5507 0.0189022 29628.9 64315.2 -1227.99
  246 245.5 43.5418 0.0188983 29727.3 64314.6 -1039.25
  247 246.5 43.5309 0.0188936 29781.2 64301.5 -992.253
  248 247.5 43.5592 0.0189059 29794.9 64561.2 -843.068
  249 248.5 43.547 0.0189006 29763.8 64520.4 -642.355
  250 249.5 43.5528 0.0189031 29794.2 64614.6 -596.482
  251 250.5 43.5618 0.018907 29713.8 64570.7 -685.404
  252 251.5 43.5447 0.0188996 29799.2 64500.6 -602.959
  253 252.5 43.5535 0.0189034 29652.5 64483.4 -585.998
  254 253.5 43.5466 0.0189004 29890.5 64578 -532.979
  255 254.5 43.5709 0.018911 29750.2 64576 -634.078
  256 255.5 43.546 0.0189002 29828.9 64651.5 -684.424
  257 256.5 43.5469 0.0189006 29870.7 64797.3 -506.763
  258 257.5 43.566 0.0189089 29918 64769 -523.326
  259 258.5 43.5558 0.0189044 30000 64786.7 -530.206
  260 259.5 43.5464 0.0189004 29976.4 64781.5 -656.699
  261 260.5 43.5623 0.0189073 29986 64811.2 -522.3
  262 261.5 43.5594 0.018906 29874.1 64777.3 -560.044
  263 262.5 43.5532 0.0189033 29870.2 64740.1 -605.48
  264 263.5 43.5451 0.0188998 29961.9 64746 -545.218
  265 264.5 43.5637 0.0189078 29838.4 64685.9 -614.49
  266 265.5 43.5493 0.0189016 29934.1 64781.1 -469.314
  267 266.5 43.5594 0.018906 29916.6 64781 -572.029
  268 267.5 43.5631 0.0189076 29956.9 64798.7 -572.363
  269 268.5 43.5513 0.0189025 29935.6 64754 -571.958
  270 269.5 43.5577 0.0189052 29891.2 64737.8 -597.618
  271 270.5 43.556 0.0189045 29958.5 64857 -424.931
  272 271.5 43.5615 0.0189069 29986 64840 -650.099
  273 272.5 43.549 0.0189015 30036.9 64859.1 -593.86
  274 273.5 43.5533 0.0189033 29874.8 64801.9 -569.956
  275 274.5 43.5532 0.0189033 29913.7 64789.2 -535.858
  276 275.5 43.5597 0.0189061 29841.2 64723.1 -544.314
  277 276.5 43.5482 0.0189011 29852.4 64713.8 -626.803
  278 277.5 43.5568 0.0189049 29865.2 64846.3 -548.434
  279 278.5 43.5554 0.0189043 30021.1 64699.8 -498.902
  280 279.5 43.5722 0.0189116 29989.7 64853.7 -610.822
  281 280.5 43.5599 0.0189062 29986.4 64771.5 -488.277
  282 281.5 43.5334 0.0188947 29958.2 64725.2 -522.646
  283 282.5 43.5653 0.0189086 29928 64687.2 -584.894
  284 283.5 43.5452 0.0188998 29820.8 64655 -581.597
  285 284.5 43.5612 0.0189068 29708.7 64704.2 -586.159
  286 285.5 43.5566 0.0189048 29854.3 64676.3 -551.773
  287 286.5 43.5451 0.0188998 29935.3 64769.8 -537.079
  288 287.5 43.5479 0.018901 29773.4 64675.1 -590.935
  289 288.5 43.5515 0.0189025 29843.3 64705.2 -503.299
  290 289.5 43.5628 0.0189075 29812 64743.9 -624.488
  291 290.5 43.5491 0.0189015 29734.3 64764.1 -540.434
  292 291.5 43.5502 0.018902 29818.5 64745.7 -585.704
  293 292.5 43.5502 0.018902 29997.8 64894 -524.443
  294 293.5 43.5613 0.0189068 29919.1 64732.5 -491.998
  295 294.5 43.5633 0.0189077 29889 64681.5 -584.493
  296 295.5 43.5546 0.0189039 29892.7 64729.2 -540.581
  297 296.5 43.5428 0.0188988 29812.7 64743 -611.214
  298 297.5 43.557 0.018905 29832 64639.9 -514.365
  299 298.5 43.5565 0.0189047 29750.2 64642.7 -575.208
  300 299.5 43.5506 0.0189022 29879.5 64653.2 -549.472
  301 300.5 43.5536 0.0189035 29836.5 64768.9 -531.577
  302 301.5 43.5577 0.0189053 29909.6 64618.2 -563.7
  303 302.5 43.55 0.0189019 29766.8 64697 -538.171
  304 303.5 43.5413 0.0188981 29760.9 64674.9 -568.919
  305 304.5 43.5654 0.0189086 29914.1 64646.4 -578.812
  306 305.5 43.5636 0.0189078 29906.4 64701.3 -554.011
  307 306.5 43.5514 0.0189025 29974.6 64596 -548.334
  308 307.5 43.5478 0.018901 29824.2 64636.8 -577.024
  309 308.5 43.558 0.0189054 29894.5 64672.3 -536.352
  310 309.5 43.5424 0.0188986 29902.9 64670.1 -610.898
  311 310.5 43.5643 0.0189081 29857.9 64724.4 -492.361
  312 311.5 43.5693 0.0189103 29828.9 64663.7 -600.675
  313 312.5 43.522 0.0188898 29996.6 64830 -557.476
  314 313.5 43.575 0.0189128 29874.7 64773.6 -516.813
  315 314.5 43.541 0.018898 29888.9 64746.9 -550.677
  316 315.5 43.5597 0.0189061 29835.1 64796.6 -668.404
  317 316.5 43.5474 0.0189008 29858.3 64772.6 -498.801
  318 317.5 43.5478 0.018901 29874.2 64756.6 -545.998
  319 318.5 43.5642 0.0189081 29866.8 64695.9 -559.207
  320 319.5 43.5642 0.0189081 29834.3 64671.8 -609.339
  321 320.5 43.5572 0.018905 29797.2 64715.9 -533.116
  322 321.5 43.547 0.0189006 29960.3 64893.1 -507.191
  323 322.5 43.5574 0.0189051 29899.7 64818.4 -545.67
  324 323.5 43.5516 0.0189026 30020 64752 -546.775
  325 324.5 43.5471 0.0189007 29891.4 64909.1 -559.235
  326 325.5 43.5517 0.0189026 29900 64717.4 -569.198
  327 326.5 43.564 0.018908 29895 64736.3 -664.356
  328 327.5 43.5465 0.0189004 29948.2 64949.4 -420.247
  329 328.5 43.5552 0.0189042 29933.4 64738.3 -599.852
  330 329.5 43.542 0.0188984 29922.7 64763.1 -683.765
  331 330.5 43.5648 0.0189083 29991.6 64866.2 -505.062
  332 331.5 43.5448 0.0188996 29893.4 64825.4 -518.808
  333 332.5 43.5591 0.0189059 29934 64708.7 -519.283
  334 333.5 43.5525 0.018903 29834.5 64712.8 -704.033
  335 334.5 43.572 0.0189114 29955.9 64852.2 -468.384
  336 335.5 43.5354 0.0188956 29882.2 64691.1 -546.538
  337 336.5 43.5698 0.0189105 29989.1 64822.9 -507.517
  338 337.5 43.5456 0.0189 29891.2 64759.4 -624.351
  339 338.5 43.5579 0.0189053 29905.7 64788.3 -560.305
  340 339.5 43.5495 0.0189017 29906 64726.1 -563.658
  341 340.5 43.5613 0.0189068 29913.4 64687.7 -587.243
  342 341.5 43.5462 0.0189003 29900.5 64793.5 -516.125
  343 342.5 43.5581 0.0189054 29904.8 64804.6 -613.746
  344 343.5 43.5572 0.018905 29932.5 64755.7 -489.314
  345 344.5 43.557 0.0189049 29963.6 64745.3 -556.308
  346 345.5 43.5523 0.0189029 29931.3 64700.4 -580.891
  347 346.5 43.5636 0.0189078 29795.6 64693.5 -596.429
  348 347.5 43.5348 0.0188953 29878.7 64643.9 -507.528
  349 348.5 43.5612 0.0189068 29785.8 64715.7 -560.286
  350 349.5 43.5399 0.0188975 29753.1 64470.4 -659.075
  351 350.5 43.5586 0.0189056 29782.1 64506.5 -503.36
  352 351.5 43.5608 0.0189066 29841.9 64661.6 -521.184
  353 352.5 43.5525 0.018903 29826 64568.8 -640.607
  354 353.5 43.5577 0.0189053 29648.9 64503.7 -584.996
  355 354.5 43.5467 0.0189005 29770.2 64501.6 -586.532
  356 355.5 43.5617 0.018907 29710 64364.4 -707.933
  357 356.5 43.5369 0.0188962 29786.6 64434.2 -732.941
  358 357.5 43.5638 0.0189079 29724.2 64416.7 -735.974
  359 358.5 43.5294 0.0188929 29779.8 64316.3 -1000.28
  360 359.5 43.5476 0.0189009 29551 64281.1 -1064.73
  361 360.5 43.5462 0.0189003 29590.6 64092.2 -1252.16
  362 361.5 43.5097 0.0188844 29350.7 63877.4 -1558.76
  363 362.5 43.5371 0.0188963 29196.4 63666.8 -1790.89
  364 363.5 43.5104 0.0188847 29053.2 63334.4 -2360.44
  365 364.5 43.4779 0.0188706 28924.4 63046.4 -2875.83
  366 365.5 43.4376 0.0188531 28523.3 62575.3 -3543.51
  367 366.5 43.4139 0.0188428 28115.9 61728.5 -4328.43
  368 367.5 43.3327 0.0188076 27231.9 60498 -5366.64
  369 368.5 43.2404 0.0187675 26046.5 58805.4 -6665.7
  370 369.5 43.0678 0.0186926 24236.8 55867.4 -8115.06
  371 370.5 42.8803 0.0186112 21435.3 51751.5 -9068.97
  372 371.5 42.5001 0.0184462 18399.1 46458 -8679.84
  373 372.5 41.9232 0.0181958 16060.5 40213.8 -5308.37
  374 373.5 40.8762 0.0177414 16384.7 35472.9 2567.72
  375 374.5 39.1046 0.0169725 19414 32654.4 11661.4
  376 375.5 36.1689 0.0156983 21056.2 28495.4 16539.9
  377 376.5 32.7317 0.0142064 17625.2 19906.7 15045.9
  378 377.5 30.6516 0.0133037 9250.45 8913.36 8259.27
  379 378.5 30.3691 0.013181 3035.59 2069.13 3534
  380 379.5 30.5017 0.0132386 265.172 -192.462 2019.8
  381 380.5 30.2385 0.0131244 -220.89 -393.152 1392.21
  382 381.5 30.1782 0.0130982 -526.814 -689.984 -37.3417
  383 382.5 30.3202 0.0131598 -596.862 -497.76 -698.571
  384 383.5 30.4694 0.0132246 -717.822 -757.761 -475.311
  385 384.5 30.3575 0.013176 -638.126 -749.827 -573.612
  386 385.5 30.3714 0.013182 -759.959 -791.888 -756.94
  387 386.5 30.442 0.0132127 -837.398 -912.034 -802.45
  388 387.5 30.4941 0.0132353 -899.844 -831.646 -762.25
  389 388.5 30.3953 0.0131924 -870.305 -777.834 -725.88
  390 389.5 30.3749 0.0131835 -727.234 -943.177 -862.242
  391 390.5 30.4859 0.0132317 -764.646 -864.828 -979.925
  392 391.5 30.4017 0.0131952 -769.376 -989.934 -811.158
  393 392.5 30.4392 0.0132114 -715.789 -775.962 -663.756
  394 393.5 30.4603 0.0132206 -908.852 -717.716 -958.911
  395 394.5 30.4593 0.0132202 -781.367 -785.147 -910.566
  396 395.5 30.4075 0.0131977 -896.828 -933.279 -746.789
  397 396.5 30.447 0.0132149 -859.186 -864.692 -840.87
  398 397.5 30.5156 0.0132446 -729.713 -928.752 -871.661
  399 398.5 30.4233 0.0132046 -817.622 -862.936 -957.918
  400 399.5 30.4173 0.0132019 -648.882 -865.596 -800.412
  401 400.5 30.5323 0.0132519 -698.498 -878.939 -795.263
  402 401.5 30.4811 0.0132296 -1022.78 -835.153 -787.302
  403 402.5 30.4553 0.0132184 -893.653 -857.549 -766.17
  404 403.5 30.5007 0.0132382 -953.037 -1005.02 -981.381
  405 404.5 30.4468 0.0132148 -710.531 -685.655 -818.122
  406 405.5 30.483 0.0132305 -922.017 -825.516 -761.465
  407 406.5 30.4565 0.013219 -843.994 -664.468 -884.792
  408 407.5 30.466 0.0132231 -829.642 -945.653 -834.077
  409 408.5 30.5463 0.0132579 -808.489 -1006.2 -862.65
  410 409.5 30.495 0.0132357 -686.793 -811.372 -789.681
  411 410.5 30.4976 0.0132368 -792.709 -749.145 -816.662
  412 411.5 30.5238 0.0132482 -711.613 -819.864 -819.951
  413 412.5 30.5083 0.0132414 -540.599 -628.539 -808.846
  414 413.5 30.5112 0.0132427 -824.068 -846.079 -874.789
  415 414.5 30.5143 0.0132441 -805.448 -780.675 -913.05
  416 415.5 30.5225 0.0132476 -831.949 -806.871 -857.315
  417 416.5 30.5494 0.0132593 -888.277 -900.877 -791.144
  418 417.5 30.5096 0.013242 -864.289 -898.937 -833.685
  419 418.5 30.5359 0.0132534 -717.794 -825.515 -868.506
  420 419.5 30.5303 0.013251 -602.624 -715.092 -805.216
  421 420.5 30.4849 0.0132313 -652.272 -706.272 -869.408
  422 421.5 30.5281 0.0132501 -833.001 -816.672 -852.051
  423 422.5 30.5871 0.0132756 -964.545 -855.921 -835.958
  424 423.5 30.4807 0.0132295 -861.964 -871.75 -750.528
  425 424.5 30.545 0.0132574 -814.844 -895.842 -890.94
  426 425.5 30.4623 0.0132215 -831.582 -978.216 -889.911
  427 426.5 30.5314 0.0132515 -756.653 -757.202 -796.093
  428 427.5 30.4886 0.0132329 -709.48 -791.397 -715.66
  429 428.5 30.459 0.0132201 -930.619 -882.01 -973.384
  430 429.5 30.4657 0.013223 -912.181 -893.456 -827.153
  431 430.5 30.5008 0.0132382 -852.138 -823.123 -736.352
  432 431.5 30.4703 0.013225 -857.853 -861.147 -825.779
  433 432.5 30.4598 0.0132204 -679.561 -753.243 -890.513
  434 433.5 30.4409 0.0132122 -880.349 -853.836 -842.006
  435 434.5 30.5334 0.0132523 -759.265 -842.93 -738.119
  436 435.5 30.5342 0.0132527 -916.853 -816.958 -840.698
  437 436.5 30.4249 0.0132053 -829.207 -719.901 -895.909
  438 437.5 30.4741 0.0132266 -865.224 -882.389 -848.866
  439 438.5 30.5466 0.0132581 -819.936 -1020.15 -800.734
  440 439.5 30.4886 0.0132329 -901.823 -872.838 -823.985
  441 440.5 30.4927 0.0132347 -850.315 -948.955 -879.391
  442 441.5 30.4423 0.0132128 -817.562 -803.879 -901.039
  443 442.5 30.5037 0.0132395 -918.575 -830.774 -923.84
  444 443.5 30.551 0.01326 -855.015 -829.682 -710.018
  445 444.5 30.4896 0.0132333 -920.173 -679.227 -639.928
  446 445.5 30.4318 0.0132082 -809.859 -608.328 -901.884
  447 446.5 30.4845 0.0132311 -978.539 -707.316 -1045.91
  448 447.5 30.454 0.0132179 -936.163 -791.804 -782.388
  449 448.5 30.5122 0.0132431 -926.524 -940.5 -740.35
  450 449.5 30.5006 0.0132381 -702.441 -763.4 -881.603
  451 450.5 30.5 0.0132378 -842.636 -797.304 -825.773
  452 451.5 30.4245 0.0132051 -881.335 -824.445 -881.341
  453 452.5 30.5384 0.0132545 -885.127 -750.235 -746.334
  454 453.5 30.4832 0.0132306 -894.055 -871.069 -921.94
  455 454.5 30.4598 0.0132204 -946.565 -820.104 -835.298
  456 455.5 30.4791 0.0132288 -698.829 -736.312 -727.396
  457 456.5 30.4291 0.0132071 -720.228 -689.866 -920.922
  458 457.5 30.4903 0.0132336 -758.571 -834.06 -817.652
  459 458.5 30.4733 0.0132263 -912.465 -913.763 -818.701
  460 459.5 30.4618 0.0132213 -805.784 -910.081 -847.874
  461 460.5 30.4706 0.0132251 -977.941 -877.719 -863.146
  462 461.5 30.49 0.0132335 -822.282 -929.991 -812.967
  463 462.5 30.4634 0.013222 -969.122 -875.09 -745.008
  464 463.5 30.4757 0.0132273 -1032.09 -1036.6 -919.455
  465 464.5 30.4913 0.0132341 -894.068 -951.348 -903.165
  466 465.5 30.5004 0.013238 -912.215 -976.566 -824.742
  467 466.5 30.4493 0.0132159 -993.123 -1044.72 -859.098
  468 467.5 30.487 0.0132322 -715.61 -957.105 -834.275
  469 468.5 30.4879 0.0132326 -724.201 -697.38 -723.874
  470 469.5 30.486 0.0132318 -822.169 -787.284 -900.773
  471 470.5 30.4574 0.0132193 -871.821 -812.608 -1005.96
  472 471.5 30.4962 0.0132362 -653.291 -762.851 -657.56
  473 472.5 30.489 0.0132331 -937.933 -946.156 -933.937
  474 473.5 30.4878 0.0132326 -853.859 -873.051 -748.872
  475 474.5 30.4859 0.0132317 -885.518 -926.405 -834.246
  476 475.5 30.4439 0.0132135 -815.421 -946.912 -832.572
  477 476.5 30.483 0.0132305 -866.556 -931.179 -896.049
  478 477.5 30.464 0.0132222 -729.085 -844.315 -868.455
  479 478.5 30.4211 0.0132036 -994.23 -923.117 -902.507
  480 479.5 30.5117 0.0132429 -773.788 -618.186 -739.528
72500000 480 11615.999999999998
  1 0.5 30.5716 0.0132689 -813.927 -893.46 -859.538
  2 1.5 30.557 0.0132626 -837.239 -879.864 -766.959
  3 2.5 30.4641 0.0132223 -735.911 -813.819 -793.901
  4 3.5 30.5365 0.0132537 -1039.99 -938.078 -1007.88
  5 4.5 30.5867 0.0132755 -980.819 -875.088 -865.374
  6 5.5 30.5323 0.0132519 -945.371 -799.421 -619.755
  7 6.5 30.4925 0.0132346 -1029.91 -830.009 -959.789
  8 7.5 30.5679 0.0132673 -850.461 -830.721 -938.679
  9 8.5 30.5292 0.0132505 -812.559 -762.557 -861.835
  10 9.5 30.477 0.0132278 -725.735 -870.88 -712.112
  11 10.5 30.5124 0.0132432 -872.895 -912.416 -927.886
  12 11.5 30.5682 0.0132674 -756.304 -942.269 -897.194
  13 12.5 30.4693 0.0132245 -703.36 -968.564 -826.921
  14 13.5 30.5077 0.0132412 -847.463 -884.853 -850.15
  15 14.5 30.5694 0.013268 -868.412 -833.035 -832.087
  16 15.5 30.5649 0.013266 -931.76 -890.461 -813.828
  17 16.5 30.4739 0.0132265 -833.594 -790.813 -901.68
  18 17.5 30.5122 0.0132431 -875.017 -823.888 -914.194
  19 18.5 30.5363 0.0132536 -845.656 -781.793 -840.013
  20 19.5 30.5408 0.0132556 -765.332 -872.75 -774.786
  21 20.5 30.4628 0.0132217 -869.082 -857.624 -999.038
  22 21.5 30.5276 0.0132498 -894.954 -938.014 -1005.88
  23 22.5 30.5407 0.0132555 -874.143 -984.979 -762.619
  24 23.5 30.4778 0.0132282 -839.93 -789.112 -948.188
  25 24.5 30.5055 0.0132402 -793.88 -731.549 -841.769
  26 25.5 30.4588 0.01322 -956.533 -861.629 -1078.35
  27 26.5 30.4989 0.0132374 -892.949 -820.777 -1022.9
  28 27.5 30.3925 0.0131912 -551.4 -655.519 -994.076
  29 28.5 30.4652 0.0132227 -567.078 -746.502 -1091.69
  30 29.5 30.3218 0.0131605 -603.157 -619.729 -1265.21
  31 30.5 30.3716 0.0131821 -483.464 -455.708 -1202.13
  32 31.5 30.3292 0.0131637 -349.332 -279.736 -1329.7
  33 32.5 30.1931 0.0131046 -410.031 -307.855 -1566.1
  34 33.5 30.181 0.0130994 -105.084 -129 -1574.14
  35 34.5 30.0641 0.0130487 85.5265 10.7208 -1803.27
  36 35.5 29.9017 0.0129782 194.446 105.273 -1976.72
  37 36.5 29.6381 0.0128638 419.287 421.781 -2193.92
  38 37.5 29.472 0.0127917 757.727 818.163 -2173.85
  39 38.5 29.1014 0.0126308 1293.47 1176.86 -2398.25
  40 39.5 28.5249 0.0123806 1675.55 1728.7 -2616.53
  41 40.5 27.8978 0.0121084 2290.5 2299.84 -2491.48
  42 41.5 27.1625 0.0117893 2903.36 2910.99 -2380.91
  43 42.5 26.1352 0.0113434 3360.2 3442.4 -1969.68
  44 43.5 24.7728 0.0107521 3741.88 3795.5 -1639.64
  45 44.5 23.1535 0.0100493 3957.81 4036.66 -1240.78
  46 45.5 21.391 0.00928431 4248.88 4016.83 -346.392
  47 46.5 19.2519 0.00835585 4170.76 4125.46 669.216
  48 47.5 16.9274 0.00734697 3706.56 3719.27 1258.35
  49 48.5 14.5097 0.0062976 3064.51 3079.7 1905.07
  50 49.5 12.1895 0.00529059 2044.42 2115.68 2368.78
  51 50.5 10.0309 0.0043537 683.193 788.5 2586.69
  52 51.5 8.10188 0.00351644 -861.688 -990.436 2417.78
  53 52.5 6.51849 0.0028292 -2733.98 -2882.89 1905.57
  54 53.5 5.24445 0.00227624 -4704.74 -4517.2 1062.08
  55 54.5 4.18643 0.00181703 -6561.47 -6408.01 -556.281
  56 55.5 3.42566 0.00148683 -8598.04 -8808.98 -2468.48
  57 56.5 2.86546 0.00124369 -10474.9 -10470 -4562.02
  58 57.5 2.47576 0.00107455 -11977.4 -11897.7 -6777.74
  59 58.5 2.19349 0.000952035 -13352.7 -13149.6 -8775.74
  60 59.5 1.99902 0.000867628 -14405.3 -13972.9 -10560
  61 60.5 1.84387 0.000800292 -15279.1 -14636.9 -12411.7
  62 61.5 1.7693 0.000767927 -15978.8 -15264.3 -13342.9
  63 62.5 1.69394 0.000735219 -16583.4 -15628.3 -14364
  64 63.5 1.65846 0.000719819 -16677.1 -16200.7 -14917.2
  65 64.5 1.6395 0.000711587 -16597.2 -15975.8 -15327.1
  66 65.5 1.60391 0.000696142 -16736.6 -16009.9 -15924.6
  67 66.5 1.58574 0.000688257 -17323.4 -16295.7 -16172.6
  68 67.5 1.57261 0.000682556 -16904.9 -16573 -16248.7
  69 68.5 1.57227 0.00068241 -17199.1 -16887.1 -16397
  70 69.5 1.55252 0.000673837 -17048.8 -16610.5 -16715.2
  71 70.5 1.57508 0.000683628 -16899.3 -16700 -16485.7
  72 71.5 1.56132 0.000677656 -16913.3 -16306.6 -16832.2
  73 72.5 1.55241 0.000673788 -16830.4 -16666.1 -16752.8
  74 73.5 1.5552 0.000675 -16740.3 -16555.1 -16820.6
  75 74.5 1.56905 0.00068101 -17139.8 -16531.2 -16566.3
  76 75.5 1.58201 0.000686635 -17389.9 -16583.4 -16478.7
  77 76.5 1.57606 0.000684056 -17699.8 -16612.9 -16706.9
  78 77.5 1.56152 0.000677743 -17288.5 -17099.4 -16693.6
  79 78.5 1.57497 0.00068358 -17075.3 -16520.7 -16553
  80 79.5 1.57536 0.00068375 -16638.5 -16667.5 -16621.2
  81 80.5 1.55874 0.000676535 -16761.4 -16495.8 -16782.9
  82 81.5 1.56488 0.000679201 -16895.8 -16448.7 -16721.5
  83 82.5 1.57374 0.000683045 -16956.7 -16495.2 -16650
  84 83.5 1.55793 0.000676184 -16643.6 -16363.1 -16808.3
  85 84.5 1.57257 0.000682538 -16871.1 -16399.3 -16570
  86 85.5 1.57631 0.000684163 -16926.2 -16222.1 -16603.8
  87 86.5 1.55894 0.000676625 -16858.4 -16083.6 -16753.2
  88 87.5 1.56011 0.000677132 -16969.4 -16148.2 -16821.6
  89 88.5 1.55679 0.000675691 -16778.2 -16275.7 -16737.2
  90 89.5 1.57613 0.000684083 -16829 -16435.8 -16668.8
  91 90.5 1.57107 0.000681889 -16688.7 -16722.4 -16630.5
  92 91.5 1.56215 0.000678017 -16376.6 -16653 -16852
  93 92.5 1.57097 0.000681844 -16455.8 -16516.8 -16605.6
  94 93.5 1.56239 0.000678122 -16501.9 -16525.3 -16620.1
  95 94.5 1.56917 0.000681063 -16645.4 -16564 -16711.9
  96 95.5 1.57015 0.00068149 -16564.9 -16566.2 -16628.3
  97 96.5 1.56034 0.000677233 -16654.3 -16683.7 -16819.7
  98 97.5 1.56949 0.000681201 -16575.7 -16527.4 -16623.4
  99 98.5 1.58175 0.000686524 -16391.3 -16406.4 -16574.6
  100 99.5 1.57856 0.000685139 -16156 -16659.5 -16539.4
  101 100.5 1.58067 0.000686056 -16532.1 -16723.3 -16679.5
  102 101.5 1.59791 0.000693538 -16208.7 -16341.4 -16309.8
  103 102.5 1.59667 0.000693 -16266 -16491.6 -16339.5
  104 103.5 1.59902 0.000694021 -16539.8 -16179.2 -16488.4
  105 104.5 1.60451 0.000696403 -16028.6 -16113.8 -16365.2
  106 105.5 1.60478 0.000696517 -16248.8 -15961.2 -16293.6
  107 106.5 1.59223 0.000691073 -16509.2 -16476.2 -16388.3
  108 107.5 1.57942 0.000685514 -16559.6 -16461.5 -16634
  109 108.5 1.58732 0.000688941 -16502 -16404.9 -16333.1
  110 109.5 1.56062 0.000677351 -16487.7 -16336 -16751.9
  111 110.5 1.55804 0.000676233 -16799.5 -16359.9 -16914.8
  112 111.5 1.55482 0.000674833 -16904.2 -16807.7 -16854.8
  113 112.5 1.5623 0.00067808 -16768.9 -16842.7 -16655.4
  114 113.5 1.55989 0.000677035 -16595.4 -16644.3 -16781.5
  115 114.5 1.55586 0.000675285 -16874.2 -16675.3 -16875.8
  116 115.5 1.56773 0.000680438 -16523 -16627 -16673.2
  117 116.5 1.55815 0.000676281 -16380.8 -16960.7 -16761
  118 117.5 1.55162 0.000673444 -16422.4 -16771.5 -16808.6
  119 118.5 1.56112 0.000677569 -16615.8 -16982.3 -16761.3
  120 119.5 1.5367 0.000666972 -16542.1 -16624.5 -17028.5
  121 120.5 1.54816 0.000671944 -16560.5 -16785 -16964
  122 121.5 1.56134 0.000677667 -16986.6 -16786.3 -16819.7
  123 122.5 1.54557 0.000670819 -16451.2 -16699.4 -16797.6
  124 123.5 1.5613 0.000677646 -16986.4 -16742.2 -16769
  125 124.5 1.56636 0.000679844 -16932.8 -16612.3 -16790.2
  126 125.5 1.54746 0.000671639 -16478.7 -16930.8 -16824.3
  127 126.5 1.5452 0.00067066 -16601.7 -16918.6 -17062.6
  128 127.5 1.54636 0.000671163 -16621.7 -16898.1 -16861.3
  129 128.5 1.53613 0.000666722 -16346.4 -16577.8 -17063.1
  130 129.5 1.54134 0.000668983 -16452.3 -16573.9 -16855.6
  131 130.5 1.54927 0.000672427 -16633.3 -16777.3 -16919.7
  132 131.5 1.55754 0.000676017 -16790.9 -17075.7 -16889
  133 132.5 1.55444 0.00067467 -16548.2 -16575.2 -16690.8
  134 133.5 1.5399 0.000668361 -16686.7 -16573.1 -17022.1
  135 134.5 1.52672 0.000662639 -16731.2 -16591.4 -17196.3
  136 135.5 1.5611 0.000677559 -16848 -16814.2 -16689
  137 136.5 1.57628 0.000684149 -16645.9 -16762.8 -16546.8
  138 137.5 1.55794 0.000676188 -16640.2 -16852.8 -16890.6
  139 138.5 1.56473 0.000679135 -16625 -16612.9 -16723.3
  140 139.5 1.56413 0.000678875 -16136.7 -16564.9 -16736.3
  141 140.5 1.56856 0.000680799 -16650.8 -16580.4 -16702.3
  142 141.5 1.58152 0.000686424 -16702.9 -16357.4 -16466.9
  143 142.5 1.5676 0.000680382 -16564.1 -16729.7 -16740
  144 143.5 1.58627 0.000688486 -16393.2 -16530.4 -16618.3
  145 144.5 1.5831 0.000687108 -16307.1 -16484.5 -16414.4
  146 145.5 1.60998 0.000698774 -16325.5 -16629.9 -16233.2
  147 146.5 1.60862 0.000698184 -16346.3 -16626.3 -16331.7
  148 147.5 1.59894 0.000693983 -16252.2 -16532.2 -16421
  149 148.5 1.59191 0.000690934 -16213.8 -16673.7 -16592
  150 149.5 1.59986 0.000694385 -16582.8 -16308.7 -16276.4
  151 150.5 1.59655 0.000692948 -16423.2 -16238.1 -16400.5
  152 151.5 1.59086 0.000690479 -16684.6 -16408 -16431
  153 152.5 1.57722 0.000684559 -16799.4 -16266.1 -16640.9
  154 153.5 1.57299 0.000682722 -17172 -16366.2 -16595.4
  155 154.5 1.58328 0.000687187 -16471.9 -16698 -16599.7
  156 155.5 1.57182 0.000682215 -16803.7 -17006.7 -16565.1
  157 156.5 1.56428 0.000678941 -16524.9 -16838.4 -16749.8
  158 157.5 1.56202 0.000677958 -16725.6 -16681.5 -16694.7
  159 158.5 1.57323 0.000682826 -16991.2 -16949.5 -16704.2
  160 159.5 1.56725 0.000680229 -16935.6 -16529.8 -16743.2
  161 160.5 1.57013 0.000681479 -16622 -16909.2 -16607.2
  162 161.5 1.56666 0.000679972 -16598.2 -16788.1 -16661.7
  163 162.5 1.55133 0.000673319 -16566.4 -16560.9 -16931.3
  164 163.5 1.555 0.000674913 -16620.1 -16738.7 -16959.9
  165 164.5 1.5456 0.000670833 -16566.8 -16777 -16879
  166 165.5 1.55086 0.000673115 -16588.4 -16787.8 -16704.4
  167 166.5 1.55434 0.000674625 -16611 -16932.1 -16950.7
  168 167.5 1.55872 0.000676528 -16636.9 -16999.7 -16841.2
  169 168.5 1.56034 0.000677229 -16605.3 -16855.5 -16718.5
  170 169.5 1.57271 0.000682601 -16550.5 -16780.1 -16644.1
  171 170.5 1.55852 0.000676441 -16642 -16623.6 -16848.2
  172 171.5 1.54072 0.000668715 -16157 -16324.9 -16982
  173 172.5 1.54987 0.000672687 -16235.4 -16574.6 -16988.4
  174 173.5 1.55667 0.000675639 -16558.6 -16816.4 -16742.9
  175 174.5 1.54836 0.000672031 -16621.1 -16893.1 -16885.3
  176 175.5 1.53828 0.000667656 -17027.2 -16778.3 -17068.7
  177 176.5 1.54866 0.000672163 -16923.8 -16977.6 -16754.7
  178 177.5 1.54553 0.000670802 -16796.6 -16818.8 -16960.7
  179 178.5 1.55014 0.000672802 -16719.3 -16490.2 -16917.7
  180 179.5 1.53492 0.000666198 -16742.2 -16198.3 -17102.7
  181 180.5 1.5567 0.000675649 -16729.9 -16767 -16855
  182 181.5 1.55442 0.000674663 -16851.4 -16805 -16806
  183 182.5 1.5357 0.000666538 -16804 -16899.6 -16984.9
  184 183.5 1.54126 0.000668951 -16704.6 -16768.4 -17027
  185 184.5 1.54125 0.000668944 -16856.8 -16836.2 -16959.4
  186 185.5 1.55464 0.000674757 -16837.1 -16930 -16796.4
  187 186.5 1.53878 0.000667875 -17024.4 -16980.6 -17066.4
  188 187.5 1.5297 0.000663931 -17139.3 -16907.1 -17044.9
  189 188.5 1.55007 0.000672774 -17097 -16871.6 -16826.6
  190 189.5 1.53086 0.000664434 -17164.3 -16953.8 -17050.1
  191 190.5 1.52188 0.000660538 -17270.5 -17161.7 -17207.2
  192 191.5 1.5321 0.000664976 -17185.1 -17344.1 -17003.3
  193 192.5 1.53585 0.000666601 -17214.8 -17405.3 -16941.9
  194 193.5 1.52303 0.000661038 -17134 -17246 -17295.5
  195 194.5 1.53608 0.000666701 -16918.1 -17058.6 -16843.3
  196 195.5 1.54013 0.000668458 -16939.9 -16808.1 -16883.7
  197 196.5 1.55962 0.00067692 -16416.3 -16721.9 -16519.9
  198 197.5 1.56876 0.000680885 -16358.2 -16839.6 -16482.3
  199 198.5 1.58294 0.000687038 -16726.1 -16847.4 -16260.6
  200 199.5 1.59109 0.000690576 -15861.1 -16742.3 -15989.9
  201 200.5 1.61334 0.000700236 -16076.5 -16398.1 -15594.8
  202 201.5 1.64015 0.000711872 -16005.4 -16174.2 -15267.6
  203 202.5 1.66705 0.000723545 -15790.4 -15650.1 -14697.3
  204 203.5 1.7394 0.000754948 -15352.7 -15586.3 -13695.3
  205 204.5 1.83866 0.000798028 -14839 -15310.7 -12443.6
  206 205.5 1.9631 0.000852038 -14370.2 -14379.2 -11110.6
  207 206.5 2.14329 0.000930247 -13232.9 -13306.4 -9332.21
  208 207.5 2.39431 0.0010392 -11995.4 -12197 -7348.57
  209 208.5 2.77262 0.0012034 -10613.2 -10605 -5237.99
  210 209.5 3.28038 0.00142377 -9000.26 -8978.6 -3112.82
  211 210.5 3.9601 0.00171879 -7231.35 -7295.82 -1174.51
  212 211.5 4.9109 0.00213147 -5116.66 -5291.04 635.379
  213 212.5 6.09266 0.00264439 -3331.38 -3052.05 1651.43
  214 213.5 7.63562 0.00331407 -1536.9 -1258.92 2357.64
  215 214.5 9.4767 0.00411315 147.343 220.353 2689.91
  216 215.5 11.5382 0.00500792 1670.61 1632.23 2658.41
  217 216.5 13.857 0.00601431 2583.68 2702.75 2072.52
  218 217.5 16.2554 0.00705529 3562.57 3578.21 1432.42
  219 218.5 18.5874 0.00806747 4039.86 4254.48 757.275
  220 219.5 20.7248 0.00899516 4248.34 4322.01 10.5197
  221 220.5 22.7048 0.0098545 4325.99 4327.4 -473.355
  222 221.5 24.393 0.0105872 4087.26 3930.62 -1083.81
  223 222.5 25.6206 0.0111201 3717.47 3717.59 -1666.54
  224 223.5 26.6232 0.0115552 3274.54 3254.92 -889.107
  225 224.5 27.7163 0.0120296 3304.45 3078.46 292.32
  226 225.5 28.5364 0.0123856 3965.99 3606.72 998.765
  227 226.5 29.0564 0.0126113 7817.86 7068.71 4159
  228 227.5 30.5246 0.0132485 15356.9 15707.1 10559.7
  229 228.5 33.697 0.0146254 21684.5 25892.3 15800.5
  230 229.5 37.4189 0.0162408 22019.2 31683.2 14487.2
  231 230.5 39.902 0.0173186 18448.8 33928 6736.67
  232 231.5 41.3155 0.0179321 15820.6 37078 -2087.36
  233 232.5 42.1786 0.0183067 16713.2 42590.1 -7891.29
  234 233.5 42.6767 0.0185229 19595.8 48543.3 -9487.11
  235 234.5 42.9607 0.0186461 22425.4 53519.3 -9102
  236 235.5 43.1415 0.0187246 24894.6 57100.1 -7766.66
  237 236.5 43.2946 0.0187911 26460 59655.8 -6290.48
  238 237.5 43.3654 0.0188218 27458.8 61111.6 -5071.91
  239 238.5 43.4076 0.0188401 28286.1 62060.4 -4122.21
  240 239.5 43.4885 0.0188752 28667.3 62746.2 -3258.22
  241 240.5 43.4745 0.0188691 28971.6 63159.4 -2659.58
  242 241.5 43.5015 0.0188809 29171.2 63467.5 -2222.33
  243 242.5 43.5268 0.0188918 29469.3 63921.4 -1642.29
  244 243.5 43.5316 0.0188939 29550.7 63954.8 -1480.65
  245 244.5 43.5397 0.0188974 29713.3 64122.9 -1144.38
  246 245.5 43.542 0.0188984 29677.8 64137 -1090.01
  247 246.5 43.5611 0.0189067 29669 64275 -840.678
  248 247.5 43.539 0.0188971 29635.5 64353.8 -839.06
  249 248.5 43.5418 0.0188983 29684.8 64250.2 -759.087
  250 249.5 43.5294 0.018893 29729.4 64440.2 -610.75
  251 250.5 43.5712 0.0189111 29756.3 64374.5 -585.926
  252 251.5 43.5367 0.0188961 29682 64506.3 -616.893
  253 252.5 43.5574 0.0189051 29846.6 64652.1 -554.732
  254 253.5 43.5463 0.0189003 29749.1 64584.2 -562.427
  255 254.5 43.5594 0.018906 29765.7 64495.3 -609.322
  256 255.5 43.5351 0.0188954 29716.3 64521.6 -597.143
  257 256.5 43.5632 0.0189076 29715.8 64523.1 -564.501
  258 257.5 43.545 0.0188998 29702.4 64560.3 -553.294
  259 258.5 43.5489 0.0189014 29740.5 64500.7 -609.046
  260 259.5 43.5562 0.0189046 29702.7 64610.9 -574.236
  261 260.5 43.5433 0.018899 29778 64471.5 -598.772
  262 261.5 43.5559 0.0189045 29833.3 64607.2 -506.976
  263 262.5 43.5471 0.0189007 29874.4 64633.2 -599.709
  264 263.5 43.5459 0.0189001 29718 64544.3 -649.721
  265 264.5 43.5633 0.0189077 29817.4 64590.6 -502.901
  266 265.5 43.5503 0.018902 29820.8 64615.8 -499.59
  267 266.5 43.5347 0.0188953 29816 64502.5 -650.083
  268 267.5 43.5565 0.0189047 29703.6 64512.4 -588.369
  269 268.5 43.5339 0.0188949 29927.5 64652.8 -543.434
  270 269.5 43.5572 0.018905 29743.8 64573.6 -595.595
  271 270.5 43.5564 0.0189047 29852.7 64634 -521.086
  272 271.5 43.5509 0.0189023 29760.5 64566.7 -600.687
  273 272.5 43.5495 0.0189017 29886.8 64687.5 -540.379
  274 273.5 43.5446 0.0188996 29764 64582.8 -534.531
  275 274.5 43.5602 0.0189064 29803.3 64457.1 -622.953
  276 275.5 43.5511 0.0189024 29763.9 64631 -533.081
  277 276.5 43.5388 0.018897 29878.9 64647.6 -545.268
  278 277.5 43.5556 0.0189044 29745.5 64537.4 -559.844
  279 278.5 43.5524 0.018903 29827.8 64649.7 -618.672
  280 279.5 43.5517 0.0189026 29735.8 64534.9 -585.529
  281 280.5 43.5545 0.0189039 29802.7 64670.2 -567.797
  282 281.5 43.5622 0.0189072 29799.1 64628.6 -492.888
  283 282.5 43.5386 0.018897 29804.3 64627.5 -583.337
  284 283.5 43.5432 0.018899 29747.4 64602.7 -577.954
  285 284.5 43.5708 0.018911 29782.7 64672.2 -557.225
  286 285.5 43.5481 0.0189011 29725.9 64623.8 -593.321
  287 286.5 43.539 0.0188971 29733.7 64686.1 -514.668
  288 287.5 43.553 0.0189032 29701.4 64719.3 -585.206
  289 288.5 43.5553 0.0189042 29801.3 64617.6 -570.42
  290 289.5 43.5333 0.0188947 29697.4 64536.3 -570.055
  291 290.5 43.5591 0.0189058 29869 64699.7 -536.168
  292 291.5 43.55 0.0189019 29831.8 64598.6 -570.903
  293 292.5 43.5514 0.0189025 29841.1 64575.3 -616.544
  294 293.5 43.5464 0.0189003 29818.8 64648.6 -548.664
  295 294.5 43.5574 0.0189051 29730 64578.8 -625.425
  296 295.5 43.56 0.0189062 29797.6 64661.1 -548.689
  297 296.5 43.5318 0.018894 29723.9 64619.7 -535.194
  298 297.5 43.5554 0.0189043 29832.5 64520.5 -565.381
  299 298.5 43.5505 0.0189021 29808.8 64578.1 -678.193
  300 299.5 43.542 0.0188985 29878.2 64655 -495.231
  301 300.5 43.5625 0.0189073 29715.3 64560 -621.951
  302 301.5 43.5556 0.0189043 29876.9 64703.3 -537.486
  303 302.5 43.5447 0.0188996 29919.8 64673.8 -626.386
  304 303.5 43.5525 0.018903 29850 64801.4 -615.632
  305 304.5 43.5665 0.0189091 29877.3 64798.3 -421.051
  306 305.5 43.544 0.0188993 29917.6 64692.8 -629.235
  307 306.5 43.5659 0.0189088 29935.7 64729.8 -528.809
  308 307.5 43.5441 0.0188993 29844.1 64599.6 -687.336
  309 308.5 43.5581 0.0189054 29966.2 64622.8 -529.022
  310 309.5 43.5477 0.0189009 29855.9 64679.9 -495.872
  311 310.5 43.5552 0.0189042 29962 64768.8 -609.682
  312 311.5 43.5665 0.0189091 29901.9 64662.4 -564.4
  313 312.5 43.5492 0.0189016 30002.9 64764.4 -597.078
  314 313.5 43.5531 0.0189032 30019.8 64810.2 -517.185
  315 314.5 43.5531 0.0189033 29963.2 64667.8 -521.477
  316 315.5 43.5497 0.0189018 29824.4 64687.8 -665.876
  317 316.5 43.5528 0.0189031 29877.9 64759.2 -469.069
  318 317.5 43.5546 0.0189039 29911.7 64728.7 -647.443
  319 318.5 43.5534 0.0189034 30032.3 64870.7 -601.12
  320 319.5 43.56 0.0189062 30068.5 64805.5 -472.76
  321 320.5 43.5545 0.0189039 29901.8 64663.2 -616.963
  322 321.5 43.5452 0.0188998 30064.7 64784.4 -571.305
  323 322.5 43.5645 0.0189082 29852.5 64643.5 -648.505
  324 323.5 43.5511 0.0189024 29962.8 64672.1 -467.308
  325 324.5 43.5599 0.0189062 29871.3 64747.8 -496.123
  326 325.5 43.5562 0.0189046 29924.4 64739.2 -642.511
  327 326.5 43.5557 0.0189044 29774.6 64654.6 -601.839
  328 327.5 43.5452 0.0188998 29902.2 64741 -494.106
  329 328.5 43.5461 0.0189002 29843.5 64702.8 -567.574
  330 329.5 43.5647 0.0189083 29732.4 64589.6 -654.613
  331 330.5 43.5531 0.0189032 29912.4 64645.4 -504.759
  332 331.5 43.5425 0.0188986 29948.3 64676.6 -543.127
  333 332.5 43.5598 0.0189061 29819.4 64582.3 -633.85
  334 333.5 43.5462 0.0189003 29936.3 64675.1 -587.013
  335 334.5 43.5541 0.0189037 29814.1 64597.7 -533.203
  336 335.5 43.5556 0.0189043 29890 64637.3 -578.249
  337 336.5 43.5508 0.0189023 29762.1 64682.3 -491.662
  338 337.5 43.5453 0.0188999 29739 64689.6 -677.461
  339 338.5 43.5565 0.0189047 29710.6 64631.2 -586.853
  340 339.5 43.5441 0.0188993 29878.2 64721.5 -495.156
  341 340.5 43.5628 0.0189075 29850.6 64662.2 -593.451
  342 341.5 43.5456 0.0189 29851.4 64670 -563.405
  343 342.5 43.548 0.018901 29867.4 64705.7 -589.736
  344 343.5 43.5672 0.0189094 30000.1 64704.6 -583.86
  345 344.5 43.5493 0.0189016 30008.5 64849.9 -538.94
  346 345.5 43.5529 0.0189032 29869 64720.5 -505.409
  347 346.5 43.563 0.0189075 29870.4 64722.7 -610.029
  348 347.5 43.5406 0.0188978 29939.6 64732.9 -593.124
  349 348.5 43.5652 0.0189085 29911.2 64645.6 -546.246
  350 349.5 43.5591 0.0189059 29799.6 64626 -523.544
  351 350.5 43.5413 0.0188981 29774.6 64539.6 -678.708
  352 351.5 43.5594 0.018906 29680.6 64647.8 -506.853
  353 352.5 43.5423 0.0188986 29788.3 64568.4 -599.728
  354 353.5 43.5498 0.0189018 29695.8 64474.1 -625.117
  355 354.5 43.5415 0.0188982 29671.4 64624.5 -663.351
  356 355.5 43.5653 0.0189085 29685.5 64501.6 -645.964
  357 356.5 43.5392 0.0188972 29622 64336.6 -788.367
  358 357.5 43.5545 0.0189038 29618.8 64324.2 -865.187
  359 358.5 43.5466 0.0189004 29677.4 64312.4 -942.308
  360 359.5 43.537 0.0188963 29577.1 64112.4 -1250.7
  361 360.5 43.5307 0.0188935 29597.7 64030.9 -1219.6
  362 361.5 43.523 0.0188902 29369.2 63724 -1720.07
  363 362.5 43.5182 0.0188881 29203.3 63577.7 -1998.69
  364 363.5 43.484 0.0188732 29019.6 63228.3 -2440.62
  365 364.5 43.4849 0.0188737 28698.9 62762.3 -3125.91
  366 365.5 43.4334 0.0188513 28365.9 62286.6 -3751.27
  367 366.5 43.3909 0.0188329 27734.6 61423.8 -4702.11
  368 367.5 43.3078 0.0187968 26961.7 60339.3 -5823.96
  369 368.5 43.1974 0.0187489 25644 58224.1 -7116.76
  370 369.5 43.0048 0.0186653 23636.3 54889.1 -8477.46
  371 370.5 42.7943 0.0185739 20660.8 50294.1 -9187.81
  372 371.5 42.3939 0.0184001 17663.5 44326.1 -8311.3
  373 372.5 41.6324 0.0180696 15812.8 38295.7 -3123.22
  374 373.5 40.4044 0.0175366 17253.7 34161.6 5613.28
  375 374.5 38.4177 0.0166744 20515.7 31498.4 14222.4
  376 375.5 35.0206 0.0151999 20731.1 25852.4 17073.6
  377 376.5 31.7847 0.0137954 14670.1 15616.5 12717.3
  378 377.5 30.4903 0.0132337 6590.47 5709.87 5945.48
  379 378.5 30.5901 0.013277 1726.24 860.906 2808.71
  380 379.5 30.4695 0.0132246 91.2913 -335.381 2009.33
  381 380.5 30.3031 0.0131524 -404.595 -518.018 856.252
  382 381.5 30.3242 0.0131615 -756.454 -669.693 -531.062
  383 382.5 30.5501 0.0132596 -764.998 -542.969 -517.749
  384 383.5 30.5112 0.0132427 -802.582 -641.851 -443.16
  385 384.5 30.4577 0.0132195 -891.52 -860.487 -716.333
  386 385.5 30.4662 0.0132232 -690.16 -865.784 -877.285
  387 386.5 30.5699 0.0132682 -906.558 -1072.39 -956.124
  388 387.5 30.518 0.0132456 -833.247 -910.79 -675.644
  389 388.5 30.5122 0.0132431 -996.256 -888.215 -829.369
  390 389.5 30.5631 0.0132652 -1172.33 -935.971 -871.956
  391 390.5 30.5171 0.0132453 -828.979 -959.371 -918.276
  392 391.5 30.5047 0.0132399 -842.247 -849.218 -686.845
  393 392.5 30.4739 0.0132265 -980.577 -945.115 -954.797
  394 393.5 30.5842 0.0132744 -869.672 -829.636 -864.115
  395 394.5 30.5498 0.0132595 -894.364 -690.986 -721.115
  396 395.5 30.4193 0.0132028 -880.981 -875.518 -1052.11
  397 396.5 30.5442 0.013257 -923.229 -834.667 -868.51
  398 397.5 30.601 0.0132817 -965.769 -1019.56 -730.252
  399 398.5 30.5078 0.0132412 -1059.98 -780.643 -856.57
  400 399.5 30.4924 0.0132346 -959.89 -867.393 -834.021
  401 400.5 30.5136 0.0132438 -981.377 -911.215 -920.671
  402 401.5 30.5352 0.0132531 -814.115 -789.05 -838.161
  403 402.5 30.4707 0.0132251 -838.113 -924.307 -810.286
  404 403.5 30.5397 0.0132551 -751.577 -814.698 -794.499
  405 404.5 30.47 0.0132248 -797.552 -731.28 -881.752
  406 405.5 30.5385 0.0132545 -777.572 -651.001 -827.959
  407 406.5 30.4854 0.0132315 -740.71 -857.524 -888.507
  408 407.5 30.5209 0.0132469 -751.356 -875.266 -834.397
  409 408.5 30.5259 0.0132491 -777.111 -946.963 -954.707
  410 409.5 30.5742 0.01327 -693.352 -726.913 -675.368
  411 410.5 30.5119 0.013243 -909.907 -889.741 -896.219
  412 411.5 30.5908 0.0132773 -917.184 -875.281 -796.048
  413 412.5 30.5191 0.0132461 -719.061 -648.079 -943.41
  414 413.5 30.5266 0.0132494 -748.132 -642.818 -854.726
  415 414.5 30.54 0.0132552 -734.058 -502.177 -762.002
  416 415.5 30.5693 0.0132679 -728.697 -663.522 -920.86
  417 416.5 30.5815 0.0132732 -865.187 -922.65 -846.911
  418 417.5 30.5089 0.0132417 -884.905 -729.886 -886.782
  419 418.5 30.5404 0.0132554 -909.391 -833.954 -825.087
  420 419.5 30.5815 0.0132732 -1002.1 -930.939 -910.828
  421 420.5 30.5875 0.0132758 -998.055 -880.349 -849.844
  422 421.5 30.5802 0.0132727 -989.245 -920.764 -880.862
  423 422.5 30.5508 0.0132599 -997.627 -903.916 -820.11
  424 423.5 30.5533 0.013261 -779.355 -876.031 -736.062
  425 424.5 30.5488 0.013259 -794.079 -936.047 -902.923
  426 425.5 30.492 0.0132344 -976.183 -876.154 -893.622
  427 426.5 30.4954 0.0132358 -1108.87 -1027.25 -858.959
  428 427.5 30.5171 0.0132453 -932.668 -1081.79 -818.564
  429 428.5 30.5577 0.0132629 -817.31 -961.264 -854.512
  430 429.5 30.4698 0.0132248 -912.22 -815.814 -875.921
  431 430.5 30.5167 0.0132451 -1133.61 -951.01 -840.084
  432 431.5 30.5551 0.0132617 -940.319 -826.776 -797.078
  433 432.5 30.4967 0.0132364 -913.518 -989.313 -854.822
  434 433.5 30.5459 0.0132578 -976.445 -849.506 -889.456
  435 434.5 30.4812 0.0132297 -904.498 -743.933 -822.095
  436 435.5 30.5249 0.0132487 -949.055 -792.703 -984.997
  437 436.5 30.5995 0.013281 -958.182 -791.21 -623.215
  438 437.5 30.5218 0.0132473 -817.91 -858.845 -841.214
  439 438.5 30.4961 0.0132362 -908.27 -854.492 -1050.48
  440 439.5 30.5106 0.0132425 -796.149 -890.599 -759.36
  441 440.5 30.552 0.0132604 -928.56 -821.917 -778.326
  442 441.5 30.5302 0.013251 -942.391 -952.391 -886.201
  443 442.5 30.4844 0.0132311 -885.628 -876.22 -826.076
  444 443.5 30.4651 0.0132227 -935.992 -969.649 -847.363
  445 444.5 30.5595 0.0132637 -1056.44 -1097.58 -921.705
  446 445.5 30.5202 0.0132466 -917.272 -869.769 -796.016
  447 446.5 30.4937 0.0132351 -1056.54 -863.454 -840.882
  448 447.5 30.5036 0.0132394 -895.509 -868.017 -868.69
  449 448.5 30.5771 0.0132713 -760.235 -861.461 -763.501
  450 449.5 30.5067 0.0132408 -939.737 -953.939 -878.129
  451 450.5 30.4831 0.0132305 -762.004 -843.164 -865.914
  452 451.5 30.5553 0.0132619 -913.456 -890.412 -823.668
  453 452.5 30.5505 0.0132598 -835.76 -895.969 -820.797
  454 453.5 30.5253 0.0132488 -863.682 -962.415 -869.969
  455 454.5 30.5058 0.0132403 -732.32 -841.441 -809.823
  456 455.5 30.5304 0.0132511 -938.314 -926.312 -888.064
  457 456.5 30.551 0.01326 -757.728 -713.162 -928.379
  458 457.5 30.5469 0.0132582 -897.134 -826.889 -715.016
  459 458.5 30.5712 0.0132688 -1032.47 -855.727 -881.068
  460 459.5 30.5205 0.0132467 -950.082 -970.895 -874.51
  461 460.5 30.5453 0.0132575 -823.106 -899.84 -931.01
  462 461.5 30.5608 0.0132642 -865.498 -693.437 -769.784
  463 462.5 30.5603 0.013264 -773.695 -704.949 -824.904
  464 463.5 30.5327 0.013252 -945.041 -840.425 -1006.17
  465 464.5 30.5732 0.0132696 -872.766 -860.386 -812.946
  466 465.5 30.6306 0.0132945 -665.321 -777.327 -690.45
  467 466.5 30.5443 0.0132571 -771.659 -849.853 -916.653
  468 467.5 30.5521 0.0132605 -994.232 -815.059 -1006.29
  469 468.5 30.6148 0.0132877 -775.574 -809.387 -764.103
  470 469.5 30.5704 0.0132684 -895.57 -638.063 -867.087
  471 470.5 30.5345 0.0132528 -815.178 -628.5 -857.146
  472 471.5 30.5568 0.0132625 -951.307 -843.422 -862.899
  473 472.5 30.6187 0.0132893 -785.428 -853.59 -827.721
  474 473.5 30.5234 0.013248 -893.984 -826.524 -901.888
  475 474.5 30.5525 0.0132606 -1003.33 -853.754 -828.149
  476 475.5 30.5303 0.013251 -974.073 -997.016 -862.731
  477 476.5 30.5872 0.0132757 -889.392 -811.383 -791.505
  478 477.5 30.5748 0.0132703 -837.206 -876.127 -807.13
  479 478.5 30.4914 0.0132341 -936.212 -1008.38 -908.879
  480 479.5 30.5154 0.0132445 -674.619 -865.275 -846.844
75000000 480 11616.000000000002
  1 0.5 30.4716 0.0132255 -883.23 -850.556 -875.601
  2 1.5 30.4823 0.0132302 -732.975 -790.131 -771.803
  3 2.5 30.5317 0.0132516 -758.944 -909.171 -867.346
  4 3.5 30.4606 0.0132207 -786.966 -722.542 -846.748
  5 4.5 30.5086 0.0132416 -691.682 -767.816 -859.109
  6 5.5 30.5443 0.0132571 -772.731 -693.944 -752.858
  7 6.5 30.404 0.0131962 -805.726 -631.973 -944.977
  8 7.5 30.4461 0.0132145 -738.766 -722.847 -904.946
  9 8.5 30.5548 0.0132616 -858.817 -682.101 -651.289
  10 9.5 30.5049 0.01324 -875.722 -739.826 -797.485
  11 10.5 30.4185 0.0132025 -890.207 -1021.91 -976.424
  12 11.5 30.425 0.0132053 -886.048 -894.76 -932.64
  13 12.5 30.5029 0.0132391 -784.798 -824.251 -690.363
  14 13.5 30.5415 0.0132558 -753.358 -846.474 -786.723
  15 14.5 30.4054 0.0131968 -778.468 -820.551 -939.008
  16 15.5 30.4267 0.013206 -1008.79 -733.355 -964.966
  17 16.5 30.5636 0.0132654 -707.094 -816.222 -674.764
  18 17.5 30.5015 0.0132385 -850.295 -735.704 -820.698
  19 18.5 30.4524 0.0132172 -1066.19 -950.702 -911.19
  20 19.5 30.4892 0.0132332 -883.146 -917.774 -893.419
  21 20.5 30.5113 0.0132427 -770.908 -869.889 -874.049
  22 21.5 30.5159 0.0132447 -786.082 -824.188 -958.001
  23 22.5 30.4867 0.0132321 -746.331 -633.599 -774.911
  24 23.5 30.4887 0.0132329 -709.751 -721.274 -1069.28
  25 24.5 30.524 0.0132483 -730.103 -501.828 -827.857
  26 25.5 30.4441 0.0132136 -584.439 -620.626 -999.708
  27 26.5 30.4715 0.0132255 -709.769 -774.378 -1070.77
  28 27.5 30.4584 0.0132198 -561.431 -785.791 -1120.45
  29 28.5 30.4102 0.0131989 -604.571 -736.326 -1128.65
  30 29.5 30.3992 0.0131941 -421.951 -639.905 -1137.66
  31 30.5 30.3741 0.0131832 -512.465 -487.03 -1274.68
  32 31.5 30.2753 0.0131403 -581.499 -402.98 -1436.1
  33 32.5 30.1563 0.0130887 -372.925 -382.432 -1582.1
  34 33.5 30.1527 0.0130871 -126.765 -74.4433 -1650.34
  35 34.5 29.9372 0.0129936 69.427 122.348 -1836.62
  36 35.5 29.7535 0.0129139 392.404 450.161 -1991.46
  37 36.5 29.5388 0.0128207 842.843 733.93 -2163.97
  38 37.5 29.2855 0.0127107 1109.32 1037.97 -2414.12
  39 38.5 28.8519 0.0125225 1533.17 1409.77 -2362.86
  40 39.5 28.253 0.0122626 2093.4 2039.16 -2440.65
  41 40.5 27.628 0.0119913 2513.53 2500.49 -2429.77
  42 41.5 26.6649 0.0115733 3025.4 3019.42 -2194.49
  43 42.5 25.5009 0.0110681 3560.88 3577.66 -1777.54
  44 43.5 24.1028 0.0104613 3836.95 3866.68 -1280.86
  45 44.5 22.4207 0.00973122 4284.21 4101.55 -938.617
  46 45.5 20.4381 0.00887071 4156.39 4102.39 -19.0944
  47 46.5 18.2757 0.00793217 4023.77 3993.95 677.428
  48 47.5 16.0269 0.00695613 3488.92 3349.7 1443.04
  49 48.5 13.6931 0.0059432 2836.78 2771.19 1798.23
  50 49.5 11.48 0.00498264 1922.71 1869.95 2314.91
  51 50.5 9.44286 0.00409846 446.182 413.192 2480.15
  52 51.5 7.67054 0.00332923 -951.078 -877.912 2171.04
  53 52.5 6.17678 0.00268089 -2596.41 -2406.69 1730.06
  54 53.5 4.96247 0.00215385 -4469.56 -4495.41 531.343
  55 54.5 4.01448 0.0017424 -6743.13 -6741.75 -1055.59
  56 55.5 3.32031 0.00144111 -8554.22 -8402.59 -2847.89
  57 56.5 2.8093 0.00121931 -10018.5 -10065.8 -4772.4
  58 57.5 2.43244 0.00105575 -11526.5 -11776.1 -6888.21
  59 58.5 2.1611 0.000937979 -12828.1 -13148.1 -9000.84
  60 59.5 1.95966 0.000850549 -14045.8 -14081.4 -10923.7
  61 60.5 1.8348 0.000796354 -14823.1 -14737.7 -12288.3
  62 61.5 1.74514 0.000757437 -15495.5 -15645.1 -13478.1
  63 62.5 1.70446 0.000739781 -15753.9 -15929.7 -14067.7
  64 63.5 1.65762 0.000719455 -15608.1 -16450.6 -14893.6
  65 64.5 1.61854 0.000702493 -15692.8 -16471.4 -15354.9
  66 65.5 1.60027 0.000694562 -16000.1 -16632.3 -15638.7
  67 66.5 1.5739 0.000683115 -16073.7 -16623.3 -16100.5
  68 67.5 1.57481 0.00068351 -16230 -16852.2 -16103.3
  69 68.5 1.57004 0.000681441 -16449.6 -16792.8 -16297.1
  70 69.5 1.58199 0.000686628 -16406.9 -16782.3 -16234.8
  71 70.5 1.57211 0.00068234 -16248.9 -17111.8 -16336.1
  72 71.5 1.58393 0.000687469 -16240.5 -16952.6 -16308.8
  73 72.5 1.58571 0.000688243 -16191.6 -16732.7 -16251.7
  74 73.5 1.57619 0.000684111 -16271.7 -16589.5 -16445
  75 74.5 1.59142 0.000690722 -16100 -16668.1 -16265.8
  76 75.5 1.5778 0.000684809 -16677 -16839.1 -16481.7
  77 76.5 1.58981 0.000690021 -16511.1 -16838 -16135.2
  78 77.5 1.60334 0.000695896 -16647.7 -16475.4 -16033.1
  79 78.5 1.5834 0.00068724 -16758.9 -16784.7 -16430.9
  80 79.5 1.57027 0.000681542 -16761.2 -16384.2 -16562.3
  81 80.5 1.56378 0.000678726 -16496.2 -16559.7 -16548.1
  82 81.5 1.58522 0.000688031 -16893.6 -16738.4 -16350.2
  83 82.5 1.56264 0.000678229 -16997.8 -16872.8 -16349
  84 83.5 1.54274 0.00066959 -16728 -16888.3 -16767.9
  85 84.5 1.52679 0.00066267 -16855.7 -16887.9 -16973.6
  86 85.5 1.52206 0.000660615 -16854.8 -16977.7 -17027.1
  87 86.5 1.53418 0.000665875 -16596.5 -16915.2 -16823.7
  88 87.5 1.52382 0.000661378 -16639.4 -17015.6 -16935
  89 88.5 1.52789 0.000663146 -16514.3 -16548.4 -17027
  90 89.5 1.52683 0.000662687 -16634.3 -16755.6 -16803.9
  91 90.5 1.52873 0.00066351 -16746.4 -17026.1 -16886.6
  92 91.5 1.55186 0.000673552 -17045.8 -16949.9 -16662.6
  93 92.5 1.55007 0.000672774 -16579.8 -16376.4 -16681.6
  94 93.5 1.55653 0.000675576 -16680 -16558 -16734.2
  95 94.5 1.5567 0.000675649 -16686.3 -16636.3 -16490
  96 95.5 1.54848 0.000672083 -16518.7 -17024.7 -16776.5
  97 96.5 1.54447 0.000670344 -16720.4 -16846.4 -16758.6
  98 97.5 1.5557 0.000675219 -16679 -16088.1 -16662.8
  99 98.5 1.53961 0.000668233 -16825 -16404.2 -16765.4
  100 99.5 1.55028 0.000672865 -16671.2 -16343.2 -16582.4
  101 100.5 1.55642 0.000675528 -16664.6 -16802.4 -16678.2
  102 101.5 1.55531 0.000675049 -16612.6 -16565.7 -16740.3
  103 102.5 1.54713 0.000671497 -16466 -16800.2 -16659.6
  104 103.5 1.55306 0.000674069 -16416.9 -16874 -16652.4
  105 104.5 1.55201 0.000673615 -16489.4 -16717.4 -16644.7
  106 105.5 1.55633 0.00067549 -16504.5 -16596.5 -16589.2
  107 106.5 1.57059 0.000681681 -16714.9 -16505.9 -16494.4
  108 107.5 1.56135 0.00067767 -16342.4 -16587.2 -16593.7
  109 108.5 1.56058 0.000677337 -16862.5 -16539.7 -16591.1
  110 109.5 1.56459 0.000679076 -16772.8 -16354.2 -16545.3
  111 110.5 1.56826 0.000680667 -16816.3 -16383.7 -16634.5
  112 111.5 1.5627 0.000678257 -16658.8 -16294.5 -16416.6
  113 112.5 1.56882 0.000680913 -16413.8 -16049.1 -16483.1
  114 113.5 1.55591 0.000675309 -16570.6 -16375.8 -16709.1
  115 114.5 1.55471 0.000674788 -16605.3 -16549.7 -16668.1
  116 115.5 1.54949 0.000672521 -16202.2 -16677.8 -16622.9
  117 116.5 1.57303 0.00068274 -16261.9 -16825.6 -16454.6
  118 117.5 1.56484 0.000679184 -16536.3 -16534.7 -16490.5
  119 118.5 1.54141 0.000669014 -16296.8 -16662.2 -16854.9
  120 119.5 1.56227 0.000678069 -16880.6 -16857.9 -16543.4
  121 120.5 1.56998 0.000681413 -16823.8 -16758.8 -16358.8
  122 121.5 1.56234 0.000678097 -16543.9 -16625 -16675.8
  123 122.5 1.56111 0.000677566 -16567.5 -16569.5 -16565.3
  124 123.5 1.55978 0.00067699 -16607 -17003.4 -16582.7
  125 124.5 1.54422 0.000670236 -16226.8 -16693.8 -16676.2
  126 125.5 1.53996 0.000668385 -16405.9 -16351.1 -16991.3
  127 126.5 1.54982 0.000672663 -16520.2 -16118.9 -16588.9
  128 127.5 1.54282 0.000669625 -16782.7 -16366.4 -16863.3
  129 128.5 1.54463 0.000670413 -17082.8 -16433.1 -16659.6
  130 129.5 1.53665 0.000666948 -16751.7 -16502.7 -16821.4
  131 130.5 1.54379 0.000670049 -17070.3 -17278.8 -16789
  132 131.5 1.5419 0.000669226 -17056.9 -17148.1 -16699.5
  133 132.5 1.53815 0.000667601 -16962.7 -17310.6 -16932.5
  134 133.5 1.5381 0.00066758 -16809.4 -17314.9 -16690.1
  135 134.5 1.5252 0.000661979 -17292.2 -16711.3 -16868.3
  136 135.5 1.52972 0.000663941 -16879.6 -16771.9 -16969
  137 136.5 1.5405 0.000668622 -16780.1 -16542.6 -16833.7
  138 137.5 1.54917 0.000672382 -16823.4 -16972.4 -16694.7
  139 138.5 1.54458 0.000670389 -16882.4 -16665.9 -16674.5
  140 139.5 1.55927 0.000676767 -16869.1 -16748.9 -16585.9
  141 140.5 1.56613 0.000679743 -16941.6 -17042.7 -16543.4
  142 141.5 1.55564 0.000675191 -16510.2 -16797.9 -16504.4
  143 142.5 1.54906 0.000672333 -16664.3 -17027.8 -16878.1
  144 143.5 1.56957 0.000681236 -16342.9 -16548.3 -16451.2
  145 144.5 1.56753 0.000680351 -16561.2 -16583.2 -16486.6
  146 145.5 1.57202 0.000682299 -16239 -16540.4 -16412
  147 146.5 1.55158 0.000673427 -16291.6 -16736.6 -16681
  148 147.5 1.54109 0.000668875 -16604.6 -16717.9 -16732.8
  149 148.5 1.53542 0.000666413 -17024.3 -16724.5 -17014.6
  150 149.5 1.54374 0.000670024 -16797.2 -16937 -16660
  151 150.5 1.54543 0.00067076 -16707.4 -16903.5 -16745.4
  152 151.5 1.5695 0.000681208 -16818.6 -16903.1 -16443.9
  153 152.5 1.55266 0.000673899 -16884.9 -16645 -16776.4
  154 153.5 1.54096 0.000668819 -16628.9 -16910.7 -16587.2
  155 154.5 1.54334 0.000669851 -17192.5 -16707.1 -16927
  156 155.5 1.54149 0.000669049 -16732 -16642.5 -16877.4
  157 156.5 1.55856 0.000676458 -16599.1 -16638.9 -16470.8
  158 157.5 1.56043 0.000677271 -17238.3 -16879.7 -16491
  159 158.5 1.52624 0.000662431 -17211.7 -16740.6 -16903.6
  160 159.5 1.51668 0.000658281 -17167.9 -16892.2 -17127.4
  161 160.5 1.51823 0.000658955 -17138.2 -17243.5 -17032.9
  162 161.5 1.52359 0.000661281 -17243.9 -16940.7 -17027.3
  163 162.5 1.53028 0.000664184 -16993.9 -16881.7 -16881.1
  164 163.5 1.53034 0.000664212 -16809.2 -16763.5 -16813.7
  165 164.5 1.52153 0.000660385 -16547.7 -16917.8 -17055.9
  166 165.5 1.51091 0.000655778 -16525.9 -16866.5 -17068.1
  167 166.5 1.5259 0.000662285 -16566.5 -17109.4 -16980.4
  168 167.5 1.5177 0.000658722 -17001.1 -17131 -17117.6
  169 168.5 1.51498 0.000657545 -16948.1 -16807.9 -17038.5
  170 169.5 1.53478 0.000666139 -16885.3 -16895.9 -16778.9
  171 170.5 1.53257 0.000665177 -16848.5 -17315.6 -16853.6
  172 171.5 1.52811 0.000663243 -16751.1 -16892.8 -16887.6
  173 172.5 1.53306 0.000665392 -16707.8 -16524.8 -16933.5
  174 173.5 1.5462 0.000671094 -16799.8 -16644.3 -16720.4
  175 174.5 1.53751 0.000667323 -16678.3 -16366.9 -16818.2
  176 175.5 1.50346 0.000652545 -17046.3 -16849.1 -17251.2
  177 176.5 1.51961 0.000659552 -16473.1 -16900.9 -17061.8
  178 177.5 1.5384 0.000667708 -16426 -16624.8 -16842.3
  179 178.5 1.53438 0.000665965 -16386.6 -16428.1 -16767.8
  180 179.5 1.52725 0.000662868 -16799.1 -16686.3 -16861.6
  181 180.5 1.52938 0.000663795 -16883.1 -16719.2 -16943
  182 181.5 1.51453 0.000657347 -16734.1 -16832.2 -17068.3
  183 182.5 1.51315 0.00065675 -16815.3 -17056.1 -17109.4
  184 183.5 1.52277 0.000660924 -16621.1 -17275.3 -16946.6
  185 184.5 1.52097 0.000660142 -16917 -17240.7 -17063.3
  186 185.5 1.52086 0.000660094 -16616.9 -16859.6 -16934
  187 186.5 1.54182 0.000669194 -16987.5 -16905.1 -16911.8
  188 187.5 1.54179 0.000669181 -16842.6 -16694.7 -16720.8
  189 188.5 1.52598 0.000662319 -16853 -16763.2 -16810.6
  190 189.5 1.54648 0.000671215 -17201.3 -16682.6 -16851.9
  191 190.5 1.53942 0.000668153 -17149.2 -16347.7 -16845.7
  192 191.5 1.54449 0.000670351 -16755.2 -16590.5 -16575.1
  193 192.5 1.54246 0.000669472 -16934.7 -16617.4 -16683.8
  194 193.5 1.53782 0.000667458 -16780.7 -16657.1 -16614.5
  195 194.5 1.53238 0.000665097 -16751.6 -16633 -16782.7
  196 195.5 1.54349 0.000669917 -16755.4 -16384 -16792.6
  197 196.5 1.5724 0.000682465 -16932.8 -16675.6 -16088.1
  198 197.5 1.57514 0.000683656 -16848.2 -16852.6 -16188.1
  199 198.5 1.55957 0.000676896 -16567.5 -16135.7 -16243.9
  200 199.5 1.58012 0.000685816 -16654.5 -16358.5 -15861
  201 200.5 1.60271 0.000695622 -16462.7 -16219.8 -15450.6
  202 201.5 1.63216 0.000708403 -16168.5 -15861.2 -14945.7
  203 202.5 1.69454 0.000735479 -15586.1 -15585.5 -13953.6
  204 203.5 1.77041 0.000768406 -15212.3 -15365.7 -12932.2
  205 204.5 1.89832 0.000823924 -14479.7 -14733.9 -11510.4
  206 205.5 2.05267 0.000890917 -13674.9 -13731.9 -9796.96
  207 206.5 2.27728 0.000988403 -12527.7 -12530.1 -7886.05
  208 207.5 2.6083 0.00113208 -10973.2 -10869.5 -5797.37
  209 208.5 3.07806 0.00133597 -9402.61 -9279.75 -3559.13
  210 209.5 3.76897 0.00163584 -7695.83 -7239.22 -1214.18
  211 210.5 4.65906 0.00202216 -5339.37 -5270.09 380.464
  212 211.5 5.80249 0.00251844 -3399.86 -3355.63 1578.38
  213 212.5 7.22716 0.00313679 -1589.99 -1257.1 2201.91
  214 213.5 8.96658 0.00389175 72.4091 78.6214 2538.04
  215 214.5 10.9329 0.00474516 1458.08 1671.82 2382.36
  216 215.5 13.1279 0.00569789 2486.87 2600.97 2106.59
  217 216.5 15.459 0.00670963 3500.62 3329.91 1577.81
  218 217.5 17.755 0.00770614 3925.34 3861.5 857.006
  219 218.5 19.8677 0.00862311 4078.23 3999.27 4.36708
  220 219.5 21.9271 0.00951699 4194.27 4276.97 -386.249
  221 220.5 23.7126 0.0102919 3965.63 3936.54 -844.969
  222 221.5 25.2418 0.0109556 3614.83 3616.08 -1447.48
  223 222.5 26.2749 0.011404 3051.9 3125.17 -1544.2
  224 223.5 27.1672 0.0117913 2743.99 2764.99 -649.007
  225 224.5 28.2364 0.0122554 2942.79 2674.13 293.126
  226 225.5 28.8783 0.012534 4354.97 3907.41 1636.7
  227 226.5 29.4005 0.0127606 9230.44 8638.45 5481
  228 227.5 31.2715 0.0135727 16837.6 17987.9 11978.5
  229 228.5 34.6006 0.0150176 21759.9 27129.5 15793.9
  230 229.5 37.9867 0.0164873 21004.7 31954.4 12801.6
  231 230.5 40.1785 0.0174386 17580.2 34345.7 4857.67
  232 231.5 41.5093 0.0180162 16020.3 38262 -3525.08
  233 232.5 42.3029 0.0183606 17554.4 44025.8 -8138.1
  234 233.5 42.7524 0.0185557 20274.3 49781.4 -9410.62
  235 234.5 43.0014 0.0186638 23241.5 54441.5 -8641.5
  236 235.5 43.1733 0.0187384 25422 57890.8 -7410.18
  237 236.5 43.2916 0.0187897 26935 60123.2 -6051.31
  238 237.5 43.3857 0.0188306 27930.7 61484 -4842.6
  239 238.5 43.4441 0.0188559 28437.5 62275 -3876.01
  240 239.5 43.4682 0.0188664 28838.5 62847.1 -3208.29
  241 240.5 43.5035 0.0188817 29047.6 63373.6 -2610.33
  242 241.5 43.5025 0.0188813 29348.8 63696 -2014.41
  243 242.5 43.5428 0.0188988 29499.4 63839.9 -1615.69
  244 243.5 43.5225 0.01889 29618.9 64047.8 -1406.31
  245 244.5 43.5504 0.0189021 29724.6 64240.3 -1183.32
  246 245.5 43.5413 0.0188981 29677.7 64416 -990.903
  247 246.5 43.5489 0.0189014 29797.2 64507.7 -840.503
  248 247.5 43.5466 0.0189004 29835.7 64442 -826.517
  249 248.5 43.5545 0.0189038 29852 64466.1 -625.799
  250 249.5 43.5554 0.0189043 29846.5 64418.5 -704.338
  251 250.5 43.5444 0.0188995 29899 64614.6 -591.494
  252 251.5 43.5553 0.0189042 29914.8 64763.9 -613.006
  253 252.5 43.5491 0.0189015 29844.7 64763.3 -600.085
  254 253.5 43.5504 0.0189021 29813.9 64671.1 -634.277
  255 254.5 43.5613 0.0189068 29945.8 64809.5 -508.004
  256 255.5 43.5525 0.018903 29951.2 64734.1 -591.089
  257 256.5 43.5626 0.0189074 29977.9 64741.3 -565.347
  258 257.5 43.5657 0.0189087 30004.4 64780.4 -619.066
  259 258.5 43.5494 0.0189017 29957.3 64872.8 -555.217
  260 259.5 43.5582 0.0189055 30000.9 64852.1 -553.762
  261 260.5 43.5541 0.0189037 30073.8 64829.9 -594.587
  262 261.5 43.5434 0.0188991 30033.4 64770 -584.358
  263 262.5 43.5542 0.0189037 29976.7 64727.9 -544.719
  264 263.5 43.5498 0.0189018 29977.7 64724 -589.014
  265 264.5 43.5639 0.018908 29904.7 64720.8 -624.969
  266 265.5 43.5438 0.0188992 30000.5 64680.5 -469.465
  267 266.5 43.5456 0.0189 29878.8 64667.5 -647.51
  268 267.5 43.5588 0.0189057 29921.9 64591 -547.38
  269 268.5 43.557 0.018905 29771.3 64648.9 -536.523
  270 269.5 43.5569 0.0189049 29716.7 64568.8 -593.368
  271 270.5 43.5513 0.0189025 29917.2 64666 -571.924
  272 271.5 43.5445 0.0188995 29871.1 64679.5 -591.739
  273 272.5 43.5578 0.0189053 30006.9 64779.3 -469.728
  274 273.5 43.5471 0.0189006 29868.7 64660.7 -568.834
  275 274.5 43.5518 0.0189027 29929.8 64559 -638.631
  276 275.5 43.5496 0.0189017 29947.7 64665.4 -529.093
  277 276.5 43.5567 0.0189048 29999.8 64665.6 -562.316
  278 277.5 43.5502 0.018902 29999.8 64616.6 -581.542
  279 278.5 43.5471 0.0189007 29959.1 64633.7 -501.576
  280 279.5 43.5559 0.0189045 29908.6 64672 -618.797
  281 280.5 43.5458 0.0189001 29874.4 64639.7 -645.982
  282 281.5 43.5566 0.0189048 29879.1 64591.1 -408.253
  283 282.5 43.5502 0.018902 29757 64606.6 -610.71
  284 283.5 43.5584 0.0189056 29994.1 64668.8 -586.588
  285 284.5 43.5538 0.0189036 29858.7 64690 -443.341
  286 285.5 43.5434 0.0188991 29938.1 64659.2 -656.336
  287 286.5 43.5564 0.0189047 29905.8 64740.1 -572.765
  288 287.5 43.5559 0.0189045 29898.7 64647.2 -539.181
  289 288.5 43.5596 0.0189061 29903.6 64677.8 -514.804
  290 289.5 43.5415 0.0188982 29755.4 64589.1 -616.042
  291 290.5 43.554 0.0189036 29844.1 64527.8 -683.695
  292 291.5 43.5598 0.0189061 29796.3 64576 -515.253
  293 292.5 43.5506 0.0189022 29878.1 64640.5 -521.793
  294 293.5 43.546 0.0189002 29757.1 64582.8 -622.569
  295 294.5 43.5575 0.0189052 29654.3 64624.5 -558.857
  296 295.5 43.5567 0.0189048 29829.2 64728.1 -505.766
  297 296.5 43.5474 0.0189008 29705.6 64636.5 -640.787
  298 297.5 43.5625 0.0189073 29768.4 64713.2 -585.663
  299 298.5 43.5494 0.0189017 29801.8 64663.5 -549.077
  300 299.5 43.5502 0.018902 29831.6 64677.8 -538.537
  301 300.5 43.5515 0.0189025 29858.6 64714 -543.09
  302 301.5 43.5602 0.0189063 29863.2 64694.6 -587.709
  303 302.5 43.5542 0.0189037 29902 64811.4 -483.66
  304 303.5 43.5576 0.0189052 29800 64613.2 -630.908
  305 304.5 43.5547 0.018904 29797.7 64601.9 -641.285
  306 305.5 43.5526 0.0189031 29731.9 64720.8 -461.979
  307 306.5 43.5445 0.0188995 29813.3 64699.7 -576.034
  308 307.5 43.5668 0.0189092 29841.9 64713.8 -612.842
  309 308.5 43.5421 0.0188985 29821.9 64668.9 -605.025
  310 309.5 43.551 0.0189024 29832.3 64757.2 -436.272
  311 310.5 43.5526 0.018903 29834.9 64707.4 -691.949
  312 311.5 43.554 0.0189037 29881.7 64719.8 -512.088
  313 312.5 43.5484 0.0189012 29884.8 64758.1 -595.834
  314 313.5 43.5603 0.0189064 29848.5 64644.9 -560.178
  315 314.5 43.5464 0.0189004 29776.1 64647.7 -547.29
  316 315.5 43.5579 0.0189053 29801 64597.9 -597.728
  317 316.5 43.5356 0.0188957 29922.5 64692 -484.188
  318 317.5 43.5721 0.0189115 29919 64778.1 -570.862
  319 318.5 43.5486 0.0189013 29850.1 64638.8 -660.984
  320 319.5 43.545 0.0188997 29865.8 64732.3 -533.534
  321 320.5 43.5577 0.0189052 30036.5 64678 -442.55
  322 321.5 43.5421 0.0188985 29929.4 64642.7 -670.296
  323 322.5 43.5614 0.0189069 29854 64568.8 -534.733
  324 323.5 43.5653 0.0189085 29780.7 64655.4 -537.946
  325 324.5 43.5334 0.0188947 29763.2 64510.7 -677.736
  326 325.5 43.5679 0.0189097 29814.4 64629.7 -462.826
  327 326.5 43.5474 0.0189008 29830.9 64672.9 -551.492
  328 327.5 43.5585 0.0189056 29801.5 64672.3 -612.28
  329 328.5 43.5373 0.0188964 29845.6 64613.7 -568.466
  330 329.5 43.5697 0.0189104 29758.5 64591.3 -520.325
  331 330.5 43.526 0.0188915 29880.1 64634.5 -552.648
  332 331.5 43.565 0.0189084 29851 64629 -616.628
  333 332.5 43.5596 0.0189061 29812 64671.2 -584.543
  334 333.5 43.5345 0.0188952 29817.8 64631 -523.598
  335 334.5 43.5561 0.0189045 29762 64563.3 -634.522
  336 335.5 43.5662 0.0189089 29745.9 64598.9 -465.21
  337 336.5 43.5248 0.018891 29746.6 64591.2 -670.717
  338 337.5 43.5796 0.0189147 29761.4 64597.9 -499.859
  339 338.5 43.5374 0.0188964 29663.5 64497.6 -639.861
  340 339.5 43.5629 0.0189075 29748.3 64551.1 -450.02
  341 340.5 43.5438 0.0188992 29723.6 64548.1 -611.407
  342 341.5 43.5599 0.0189062 29758.8 64682.6 -526.398
  343 342.5 43.5454 0.0188999 29793.9 64576.2 -592.992
  344 343.5 43.5512 0.0189024 29706.5 64450.9 -603.471
  345 344.5 43.5493 0.0189016 29745.5 64499.1 -615.166
  346 345.5 43.5662 0.0189089 29811.8 64693.1 -511.093
  347 346.5 43.5498 0.0189018 29735.2 64527 -554.702
  348 347.5 43.5435 0.0188991 29851.6 64520.5 -616.117
  349 348.5 43.5485 0.0189012 29818.9 64665 -548.679
  350 349.5 43.567 0.0189093 29779.1 64599.2 -522.287
  351 350.5 43.5321 0.0188941 29686.1 64507.7 -705.394
  352 351.5 43.5631 0.0189076 29732.7 64578.9 -522.572
  353 352.5 43.5544 0.0189038 29704.2 64473.9 -487.641
  354 353.5 43.5508 0.0189023 29673.7 64405.7 -704.695
  355 354.5 43.554 0.0189037 29733.4 64551.1 -586.172
  356 355.5 43.5301 0.0188933 29710.5 64454 -679.213
  357 356.5 43.5511 0.0189024 29670.1 64421.8 -834.616
  358 357.5 43.56 0.0189063 29805.8 64396.4 -827.077
  359 358.5 43.5511 0.0189024 29614.6 64166.3 -991.587
  360 359.5 43.5236 0.0188904 29733.1 64105.2 -1166.71
  361 360.5 43.5402 0.0188977 29473.7 63964.8 -1503.23
  362 361.5 43.523 0.0188902 29476.2 63918.6 -1681.09
  363 362.5 43.5113 0.0188851 29239.1 63583.7 -2048.82
  364 363.5 43.506 0.0188828 29050.8 63308.7 -2513.8
  365 364.5 43.4712 0.0188677 28748.5 62851.8 -3213.35
  366 365.5 43.4166 0.018844 28355.4 62285.8 -4056.84
  367 366.5 43.389 0.018832 27831.2 61540.1 -4693.39
  368 367.5 43.3004 0.0187936 26925.5 59906.4 -6107.94
  369 368.5 43.1558 0.0187308 25251.4 57570.5 -7476.51
  370 369.5 42.9753 0.0186525 23050.7 54021.6 -8607.34
  371 370.5 42.744 0.0185521 19873.2 49016.8 -9251.15
  372 371.5 42.2169 0.0183233 17073.5 43178.1 -7499.91
  373 372.5 41.4453 0.0179884 16156.8 37619.9 -1207.84
  374 373.5 40.039 0.0173781 18019.8 33958.7 7698.67
  375 374.5 37.7752 0.0163955 20919.6 30877.9 15080.1
  376 375.5 34.2016 0.0148444 19854.2 24208.2 16526.3
  377 376.5 31.3861 0.0136224 13042 13225.2 10966.3
  378 377.5 30.5388 0.0132547 5436.49 4460.35 5107.33
  379 378.5 30.6208 0.0132903 1429.24 833.703 2831.71
  380 379.5 30.3661 0.0131797 85.4781 -216.777 1879.59
  381 380.5 30.2598 0.0131336 -425.684 -493.632 337.485
  382 381.5 30.3741 0.0131832 -483.014 -330.136 -506.8
  383 382.5 30.5211 0.013247 -670.917 -634.098 -382.168
  384 383.5 30.4313 0.013208 -725.785 -749.512 -554.752
  385 384.5 30.4242 0.013205 -706.607 -938.958 -643.587
  386 385.5 30.4394 0.0132116 -753.346 -841.599 -1008.81
  387 386.5 30.5026 0.013239 -603.419 -760.819 -659.384
  388 387.5 30.4607 0.0132208 -871.169 -795.811 -819.842
  389 388.5 30.4093 0.0131985 -824.79 -817.791 -906.793
  390 389.5 30.5286 0.0132503 -798.332 -697.587 -735.438
  391 390.5 30.4603 0.0132206 -1021.98 -918.826 -851.233
  392 391.5 30.4529 0.0132174 -894.782 -915.179 -852.704
  393 392.5 30.4926 0.0132346 -998.215 -924.218 -784.416
  394 393.5 30.439 0.0132114 -638.992 -863.305 -992.527
  395 394.5 30.4105 0.013199 -810.725 -821.749 -751.581
  396 395.5 30.4639 0.0132222 -786.839 -782.851 -844.925
  397 396.5 30.4987 0.0132373 -694.009 -747.942 -800.508
  398 397.5 30.4413 0.0132124 -841.362 -673.277 -896.968
  399 398.5 30.4107 0.0131991 -854.478 -760.028 -857.145
  400 399.5 30.4524 0.0132172 -687.549 -601.071 -823.048
  401 400.5 30.5282 0.0132501 -844.983 -734.954 -830.343
  402 401.5 30.4515 0.0132168 -684.444 -784.304 -846.951
  403 402.5 30.4596 0.0132203 -618.364 -680.848 -854.115
  404 403.5 30.5042 0.0132397 -986.257 -821.491 -855.072
  405 404.5 30.5068 0.0132408 -750.459 -854.063 -806.875
  406 405.5 30.4321 0.0132084 -798.462 -659.785 -909.641
  407 406.5 30.4721 0.0132257 -719.166 -650.485 -853.096
  408 407.5 30.4654 0.0132228 -813.649 -850.833 -809.877
  409 408.5 30.5119 0.013243 -484.978 -765.861 -771.996
  410 409.5 30.4341 0.0132093 -700.427 -903.819 -921.068
  411 410.5 30.4295 0.0132072 -817.97 -952.559 -818.534
  412 411.5 30.5052 0.0132401 -825.331 -913.04 -788.338
  413 412.5 30.4535 0.0132177 -732.746 -933.426 -817.067
  414 413.5 30.3669 0.0131801 -769.018 -780.909 -869.144
  415 414.5 30.4233 0.0132046 -837.689 -797.186 -919.897
  416 415.5 30.5446 0.0132572 -865.054 -809.896 -808.903
  417 416.5 30.4187 0.0132026 -916.878 -813.109 -801.592
  418 417.5 30.4289 0.013207 -844.435 -805.049 -871.606
  419 418.5 30.5255 0.0132489 -961.124 -877.094 -878.719
  420 419.5 30.4866 0.013232 -861.715 -641.019 -753.957
  421 420.5 30.4617 0.0132212 -985.856 -806.51 -860.797
  422 421.5 30.4947 0.0132356 -891.938 -840.26 -842.808
  423 422.5 30.4597 0.0132203 -937.923 -757.589 -936.592
  424 423.5 30.44 0.0132118 -742.453 -659.587 -791.857
  425 424.5 30.4436 0.0132134 -856.354 -773.7 -808.244
  426 425.5 30.4506 0.0132164 -813.269 -759.502 -900.608
  427 426.5 30.437 0.0132105 -835.997 -720.022 -804.332
  428 427.5 30.4812 0.0132297 -811.894 -741.903 -796.958
  429 428.5 30.4277 0.0132065 -829.034 -838.856 -889.696
  430 429.5 30.4509 0.0132165 -858.82 -1123.19 -840.333
  431 430.5 30.499 0.0132374 -832.334 -817.809 -768.08
  432 431.5 30.4626 0.0132216 -863.322 -801.184 -843.804
  433 432.5 30.4647 0.0132225 -870.714 -782.6 -831.94
  434 433.5 30.4999 0.0132378 -869.155 -745.673 -910.52
  435 434.5 30.4183 0.0132024 -814.562 -814.303 -796.837
  436 435.5 30.517 0.0132452 -565.438 -600.447 -775.786
  437 436.5 30.4928 0.0132347 -684.978 -646.197 -933.476
  438 437.5 30.3993 0.0131941 -767.824 -688.841 -868.821
  439 438.5 30.4949 0.0132356 -761.395 -863.219 -798.98
  440 439.5 30.5907 0.0132772 -1031.84 -1006.08 -788.787
  441 440.5 30.4788 0.0132286 -865.522 -928.856 -837.264
  442 441.5 30.446 0.0132144 -761.02 -911.712 -893.226
  443 442.5 30.515 0.0132444 -746.989 -742.868 -829.296
  444 443.5 30.5683 0.0132675 -754.663 -830.844 -833.346
  445 444.5 30.4173 0.0132019 -811.436 -775.742 -798.812
  446 445.5 30.5134 0.0132437 -916.197 -785.075 -902.313
  447 446.5 30.4888 0.013233 -848.135 -772.563 -946.21
  448 447.5 30.526 0.0132491 -945.785 -930.817 -672.407
  449 448.5 30.4676 0.0132238 -768.43 -1014 -808.077
  450 449.5 30.4982 0.0132371 -771.14 -874.138 -974.237
  451 450.5 30.4577 0.0132195 -879.627 -885.483 -911.976
  452 451.5 30.4793 0.0132289 -864.973 -981.932 -682.731
  453 452.5 30.5961 0.0132795 -1110.11 -968.707 -791.016
  454 453.5 30.529 0.0132504 -888.098 -811.53 -999.259
  455 454.5 30.4888 0.013233 -669.148 -703.833 -785.714
  456 455.5 30.4745 0.0132268 -617.94 -589.568 -733.514
  457 456.5 30.5702 0.0132683 -815.598 -819.568 -949.462
  458 457.5 30.5333 0.0132523 -753.731 -830.887 -781.833
  459 458.5 30.4597 0.0132203 -748.144 -788.043 -867.007
  460 459.5 30.5137 0.0132438 -1010.82 -869.106 -972.931
  461 460.5 30.5769 0.0132712 -785.956 -615.114 -692.313
  462 461.5 30.4683 0.0132241 -711.085 -685.714 -849.991
  463 462.5 30.5192 0.0132462 -681.255 -735.08 -885.217
  464 463.5 30.4915 0.0132342 -784.515 -808.054 -928.713
  465 464.5 30.537 0.0132539 -870.844 -936.99 -731.401
  466 465.5 30.5147 0.0132442 -928.295 -745.832 -726.414
  467 466.5 30.468 0.013224 -920.995 -871.794 -1011.22
  468 467.5 30.475 0.013227 -762.892 -581.713 -845.329
  469 468.5 30.4811 0.0132297 -739.96 -852.889 -828.108
  470 469.5 30.5225 0.0132476 -607.27 -634.277 -747.841
  471 470.5 30.4686 0.0132242 -863.183 -851.099 -857.475
  472 471.5 30.5229 0.0132478 -763.103 -782.555 -933.824
  473 472.5 30.5201 0.0132466 -764.375 -845.131 -789.176
  474 473.5 30.4772 0.013228 -886.989 -963.334 -903.029
  475 474.5 30.5254 0.0132489 -876.459 -685.929 -815.586
  476 475.5 30.4927 0.0132347 -746.635 -779.338 -792.563
  477 476.5 30.5033 0.0132393 -792.696 -803.265 -844.705
  478 477.5 30.456 0.0132188 -851.205 -768.758 -821.512
  479 478.5 30.4963 0.0132363 -667.915 -817.995 -857.606
  480 479.5 30.4878 0.0132326 -848.072 -915.832 -875.402
