# Chunk-averaged data for fix tensor1 and group all
# Timestep Number-of-chunks Total-count
# Chunk Coord1 Ncount density/number c_press[1] c_press[2] c_press[3]
20000000 480 10373.000000000007
  1 0.5 21.2737 0.0092334 -773.186 -730.03 -2963.59
  2 1.5 22.0846 0.00958533 -734.759 -751.738 -2975.38
  3 2.5 22.887 0.0099336 -741.549 -760.866 -3042.53
  4 3.5 23.5556 0.0102238 -834.13 -859.043 -3048.62
  5 4.5 24.0876 0.0104547 -887.876 -901.567 -3020.49
  6 5.5 24.6026 0.0106782 -1070.07 -1027.86 -3010.09
  7 6.5 25.0372 0.0108668 -1078.78 -1156.35 -2913.72
  8 7.5 25.3551 0.0110048 -1245.36 -1266.64 -2947.04
  9 8.5 25.6411 0.0111289 -1310.92 -1347.35 -2819.26
  10 9.5 25.8943 0.0112388 -1416.46 -1444.33 -2793.95
  11 10.5 26.111 0.0113329 -1436.5 -1562.98 -2656.62
  12 11.5 26.2619 0.0113984 -1579.39 -1632.09 -2598.98
  13 12.5 26.421 0.0114674 -1682.22 -1652.95 -2603.77
  14 13.5 26.5297 0.0115146 -1682.96 -1779.58 -2449.31
  15 14.5 26.6251 0.011556 -1839.1 -1848.75 -2474.72
  16 15.5 26.6765 0.0115784 -1883.18 -1860.68 -2442.69
  17 16.5 26.8118 0.011637 -1897.83 -1940.51 -2279.92
  18 17.5 26.8474 0.0116525 -1894.8 -1904.23 -2290.62
  19 18.5 26.8762 0.011665 -1937.64 -1969.38 -2292.56
  20 19.5 26.9189 0.0116835 -2032.34 -1968.44 -2326.39
  21 20.5 26.9839 0.0117118 -2043.53 -2059.6 -2176.73
  22 21.5 27.0157 0.0117256 -1931.51 -2067.33 -2175.78
  23 22.5 26.9979 0.0117178 -2064.47 -2040.88 -2192.74
  24 23.5 27.0363 0.0117345 -2092.77 -2113.56 -2171.3
  25 24.5 27.0488 0.0117399 -2002.86 -2049.61 -2168.3
  26 25.5 27.0403 0.0117362 -2091.39 -2120.39 -2152.93
  27 26.5 27.0575 0.0117437 -2092.86 -2186.66 -2164.67
  28 27.5 27.1012 0.0117627 -2043.89 -2010.68 -2065.9
  29 28.5 27.064 0.0117465 -2085.4 -2004.92 -2100.06
  30 29.5 27.0841 0.0117552 -2038.74 -2139.98 -2150.37
  31 30.5 27.0962 0.0117605 -2084.61 -2110.41 -2114.13
  32 31.5 27.0838 0.0117551 -2138.59 -2117.44 -2135.84
  33 32.5 27.0968 0.0117608 -2028.31 -2095.97 -2083.61
  34 33.5 27.1119 0.0117673 -2007.5 -2084.55 -2047.76
  35 34.5 27.0964 0.0117606 -1989.39 -2191.28 -2109.15
  36 35.5 27.1215 0.0117715 -2001.23 -2060.89 -2106.18
  37 36.5 27.0855 0.0117559 -2020.9 -2029.14 -2126.43
  38 37.5 27.1342 0.011777 -2083.88 -2125.19 -2103.4
  39 38.5 27.1285 0.0117745 -2099.63 -2113.23 -2094.32
  40 39.5 27.1413 0.0117801 -2012.69 -2045.51 -2030.26
  41 40.5 27.1259 0.0117734 -2021.21 -2044.37 -2128.6
  42 41.5 27.1429 0.0117808 -2008.09 -2082.53 -2109.62
  43 42.5 27.1457 0.011782 -1995.92 -2061.82 -2070.12
  44 43.5 27.1512 0.0117844 -2171.28 -2144.88 -2094.53
  45 44.5 27.1707 0.0117928 -2036.27 -2052.06 -2088.53
  46 45.5 27.143 0.0117808 -2053.4 -2035.71 -2120.93
  47 46.5 27.1306 0.0117754 -2051.65 -1956.64 -2146.15
  48 47.5 27.167 0.0117912 -2049.15 -1997.63 -2040.15
  49 48.5 27.1785 0.0117962 -2091.72 -2012.25 -2069.89
  50 49.5 27.1631 0.0117895 -2049.86 -2074.05 -2109.49
  51 50.5 27.1334 0.0117766 -2093.6 -2001.47 -2081.41
  52 51.5 27.1391 0.0117791 -2096.94 -2112.53 -2136.45
  53 52.5 27.1713 0.0117931 -2039.26 -2132.46 -2054.78
  54 53.5 27.1442 0.0117814 -2147.66 -2163.08 -2121.57
  55 54.5 27.1423 0.0117805 -2079.38 -2144.22 -2070.28
  56 55.5 27.15 0.0117839 -2043.23 -2145 -2087.18
  57 56.5 27.1606 0.0117884 -2038.21 -2044.86 -2071.16
  58 57.5 27.132 0.0117761 -2058.46 -2068.23 -2045.2
  59 58.5 27.1418 0.0117803 -2166.81 -2145.59 -2102.52
  60 59.5 27.1404 0.0117797 -2072.55 -2063.83 -2122.17
  61 60.5 27.145 0.0117817 -2157.65 -2142.65 -2122.97
  62 61.5 27.1361 0.0117778 -2060.79 -2117.11 -2054.69
  63 62.5 27.1598 0.0117881 -2116.08 -2103.47 -2077.06
  64 63.5 27.158 0.0117873 -2092.24 -2069.85 -2048.9
  65 64.5 27.1216 0.0117715 -2107.28 -2092.11 -2189.22
  66 65.5 27.1387 0.011779 -2015.27 -2141.25 -2057.55
  67 66.5 27.153 0.0117852 -2079.53 -2155.68 -2059.19
  68 67.5 27.1309 0.0117756 -2038.49 -2084.48 -2087.22
  69 68.5 27.1153 0.0117688 -2106.37 -1997.31 -2067.12
  70 69.5 27.1302 0.0117753 -2113.05 -2068.78 -2171.84
  71 70.5 27.1228 0.011772 -2137 -2041.05 -2024.2
  72 71.5 27.1134 0.011768 -2091.32 -2087.91 -2053.29
  73 72.5 27.1263 0.0117736 -2158.01 -2159.11 -2142.8
  74 73.5 27.1461 0.0117822 -2149.77 -2158.1 -2078.43
  75 74.5 27.1386 0.0117789 -2054.75 -2076.67 -2062.96
  76 75.5 27.1271 0.0117739 -2103.64 -2154.84 -2092.13
  77 76.5 27.1234 0.0117723 -1992.67 -2057.73 -2101.45
  78 77.5 27.1584 0.0117875 -2044.91 -2047.51 -2063.39
  79 78.5 27.1353 0.0117775 -2082.04 -2087.37 -2059.36
  80 79.5 27.1409 0.0117799 -2103.47 -2089.16 -2120.58
  81 80.5 27.1221 0.0117718 -2160.35 -2103.48 -2129.96
  82 81.5 27.1304 0.0117754 -2171.72 -2024.44 -2121.99
  83 82.5 27.145 0.0117817 -2093.37 -2016.53 -2049.06
  84 83.5 27.1374 0.0117784 -2135.15 -2075.32 -2144.83
  85 84.5 27.1519 0.0117847 -2041.21 -2063.29 -1986.11
  86 85.5 27.1443 0.0117814 -2113.72 -2139.59 -2113.99
  87 86.5 27.138 0.0117786 -2069.51 -2154.62 -2154.55
  88 87.5 27.1398 0.0117794 -2135.08 -2183.71 -2134.53
  89 88.5 27.1527 0.011785 -1989.28 -2020.56 -2000.44
  90 89.5 27.1293 0.0117749 -2170.3 -2172.37 -2102.88
  91 90.5 27.1256 0.0117733 -2071.86 -2053.6 -2151.98
  92 91.5 27.1355 0.0117776 -2143.58 -2113.68 -2112.77
  93 92.5 27.145 0.0117817 -2074.13 -2006.21 -2017.04
  94 93.5 27.1346 0.0117772 -2082.87 -2121.27 -2137.5
  95 94.5 27.1107 0.0117668 -2068.94 -2155.68 -2063.7
  96 95.5 27.1055 0.0117645 -2125.82 -2169.57 -2139.09
  97 96.5 27.1296 0.011775 -2151.93 -2121.83 -2092.75
  98 97.5 27.1183 0.0117701 -2060.91 -2066.74 -2070.37
  99 98.5 27.0942 0.0117597 -2062.32 -2129.13 -2122.75
  100 99.5 27.1007 0.0117624 -2114.12 -2123.99 -2092.05
  101 100.5 27.0939 0.0117595 -2041.41 -2027.64 -2076.08
  102 101.5 27.0659 0.0117473 -2131.89 -2066.92 -2084.73
  103 102.5 27.0685 0.0117485 -2089.8 -2033.32 -2062.61
  104 103.5 27.0786 0.0117529 -2062.25 -2046.75 -2120.44
  105 104.5 27.0523 0.0117414 -2084.51 -2090.5 -2095.98
  106 105.5 27.056 0.0117431 -2151.85 -2146.37 -2137.87
  107 106.5 27.0441 0.0117379 -2104.35 -2123.49 -2091.39
  108 107.5 27.0938 0.0117595 -2110.45 -2092.86 -2016.14
  109 108.5 27.0285 0.0117311 -2197.72 -2142.71 -2131.39
  110 109.5 27.0517 0.0117412 -2123.62 -2130.1 -2126.74
  111 110.5 27.0283 0.011731 -2155.32 -2077.5 -2051.98
  112 111.5 27.0351 0.011734 -2121.15 -2046.26 -2079.17
  113 112.5 27.0361 0.0117344 -2140.09 -2170.1 -2108.37
  114 113.5 27.0259 0.01173 -2193.01 -2233.49 -2126.09
  115 114.5 27.0209 0.0117278 -2097.98 -2040.34 -2044.76
  116 115.5 27.0314 0.0117324 -2176.67 -2104.15 -2158.02
  117 116.5 27.0254 0.0117298 -2050.77 -2083.1 -2077.62
  118 117.5 27.0375 0.011735 -2058.63 -2066.65 -2049.91
  119 118.5 27.011 0.0117235 -2131.33 -2038.43 -2082.36
  120 119.5 27.0062 0.0117214 -2155.28 -2166.06 -2141.62
  121 120.5 27.0185 0.0117268 -2077.16 -2102.65 -2069.2
  122 121.5 27.0163 0.0117258 -2108.79 -2141.82 -2074.02
  123 122.5 27.0046 0.0117207 -2113.03 -2026.46 -2089.12
  124 123.5 27.0292 0.0117314 -2063.33 -2085.73 -2115.82
  125 124.5 27.0227 0.0117286 -2092.54 -2010.96 -2137.54
  126 125.5 27.0249 0.0117295 -2022.84 -2063.99 -2098.98
  127 126.5 27.0127 0.0117242 -2057.29 -2090.24 -2086.98
  128 127.5 27.0494 0.0117402 -2034.18 -2024.05 -2101.14
  129 128.5 27.0363 0.0117345 -2057.47 -2034.15 -2119.83
  130 129.5 27.0283 0.011731 -2085.1 -2059.24 -2133.88
  131 130.5 27.0536 0.011742 -2076.51 -2067.48 -2098.41
  132 131.5 27.0481 0.0117396 -2150.41 -2068.66 -2133.63
  133 132.5 27.0405 0.0117363 -2076.74 -2081.71 -2175.28
  134 133.5 27.0369 0.0117348 -2034.76 -1989.18 -2090.38
  135 134.5 27.0061 0.0117214 -2050.92 -2059.5 -2216.96
  136 135.5 26.9995 0.0117185 -2091.14 -2118.4 -2193.83
  137 136.5 26.9976 0.0117177 -2055.54 -1982.45 -2198.33
  138 137.5 27.0051 0.011721 -1969.39 -1964.89 -2148.5
  139 138.5 26.9407 0.011693 -2021.42 -1942.56 -2139.96
  140 139.5 26.8947 0.0116731 -2011.73 -1961.21 -2244.14
  141 140.5 26.8868 0.0116696 -1934.91 -1937.44 -2238.5
  142 141.5 26.8266 0.0116435 -1935.2 -1929.11 -2166.16
  143 142.5 26.773 0.0116202 -1936.3 -1970.48 -2200.12
  144 143.5 26.7109 0.0115933 -1945.07 -1933.36 -2191.15
  145 144.5 26.6674 0.0115744 -2002.11 -1971.08 -2168.97
  146 145.5 26.5704 0.0115323 -2032.13 -2044.53 -2117.77
  147 146.5 26.5177 0.0115094 -2063.81 -1969.42 -2054.05
  148 147.5 26.4596 0.0114842 -2021.54 -1996.76 -1991.37
  149 148.5 26.3438 0.0114339 -1936.82 -2022.6 -1885.4
  150 149.5 26.2964 0.0114134 -2022.63 -2058.05 -1742.26
  151 150.5 26.2581 0.0113967 -2084.66 -2036.03 -1664.77
  152 151.5 26.259 0.0113971 -2073.98 -2061.35 -1481.7
  153 152.5 26.3033 0.0114163 -2047.46 -2020.96 -1343.51
  154 153.5 26.4239 0.0114687 -1886.57 -1933.59 -1132.51
  155 154.5 26.5639 0.0115295 -1852.28 -1843.97 -1014.66
  156 155.5 26.8294 0.0116447 -1746.08 -1692.82 -982.148
  157 156.5 27.1566 0.0117867 -1507.85 -1452.3 -938.719
  158 157.5 27.5478 0.0119565 -1189.42 -1133.43 -973.472
  159 158.5 27.9558 0.0121336 -783.011 -705.468 -1005.01
  160 159.5 28.4552 0.0123504 -518.855 -446.136 -1200.65
  161 160.5 28.9705 0.012574 -273.555 -187.029 -1458.52
  162 161.5 29.4526 0.0127833 -19.5736 -87.2606 -1622.68
  163 162.5 29.8973 0.0129762 28.2069 0.695476 -1867.08
  164 163.5 30.3778 0.0131848 106.892 71.7171 -2053.16
  165 164.5 30.7822 0.0133603 140.384 106.921 -2206.25
  166 165.5 31.156 0.0135226 -47.1234 -46.4962 -2340.22
  167 166.5 31.4601 0.0136546 -170.096 -170.001 -2448.49
  168 167.5 31.7469 0.013779 -294.003 -383.461 -2461.13
  169 168.5 31.9313 0.0138591 -423.736 -448.849 -2511.48
  170 169.5 32.1283 0.0139446 -624.891 -617.249 -2458.83
  171 170.5 32.2784 0.0140097 -818.285 -752.075 -2373.14
  172 171.5 32.3943 0.01406 -1015.19 -944.242 -2434.07
  173 172.5 32.4829 0.0140985 -1127.03 -1037.8 -2196.69
  174 173.5 32.5503 0.0141277 -1292.32 -1220.51 -2250.36
  175 174.5 32.6285 0.0141617 -1471.29 -1431.85 -2225.4
  176 175.5 32.6706 0.01418 -1434.12 -1402.4 -2037.12
  177 176.5 32.7196 0.0142012 -1531.81 -1443.27 -1941.6
  178 177.5 32.7216 0.0142021 -1494.29 -1577.08 -2040.47
  179 178.5 32.7419 0.0142109 -1443.03 -1484.9 -1952.29
  180 179.5 32.7327 0.0142069 -1570.2 -1593.55 -1867.7
  181 180.5 32.8194 0.0142445 -1612.71 -1565.8 -1830.14
  182 181.5 32.7926 0.0142329 -1716.73 -1606.77 -1860.43
  183 182.5 32.7758 0.0142256 -1737.78 -1664.69 -1785.11
  184 183.5 32.7869 0.0142304 -1809.87 -1777.6 -1824.64
  185 184.5 32.8278 0.0142482 -1729.36 -1695.1 -1740.76
  186 185.5 32.7932 0.0142332 -1805.99 -1697.57 -1786.15
  187 186.5 32.7724 0.0142241 -1737.7 -1614.8 -1739.6
  188 187.5 32.8104 0.0142406 -1683.62 -1672.52 -1782.19
  189 188.5 32.7877 0.0142308 -1698.38 -1761.72 -1710.94
  190 189.5 32.8008 0.0142364 -1698.9 -1696.98 -1742.13
  191 190.5 32.7908 0.0142321 -1691.69 -1694.63 -1745.71
  192 191.5 32.7782 0.0142266 -1710.64 -1695.99 -1747.01
  193 192.5 32.8002 0.0142362 -1722.34 -1706.62 -1742.31
  194 193.5 32.7817 0.0142282 -1673.62 -1642.75 -1685.47
  195 194.5 32.7893 0.0142315 -1739.58 -1660.23 -1741.79
  196 195.5 32.7736 0.0142247 -1748.83 -1726.82 -1680.39
  197 196.5 32.7792 0.0142271 -1711.61 -1750.36 -1700.27
  198 197.5 32.7869 0.0142304 -1721.09 -1748.32 -1792.36
  199 198.5 32.7366 0.0142086 -1639.84 -1657.49 -1705.46
  200 199.5 32.7879 0.0142309 -1670.55 -1664.67 -1683.45
  201 200.5 32.786 0.0142301 -1771.7 -1680.49 -1698.2
  202 201.5 32.7662 0.0142214 -1766.36 -1708.52 -1720.56
  203 202.5 32.7855 0.0142298 -1685.5 -1713.21 -1754.27
  204 203.5 32.7762 0.0142258 -1660.21 -1606.9 -1738.29
  205 204.5 32.7726 0.0142242 -1618.44 -1706.4 -1679.89
  206 205.5 32.7627 0.0142199 -1702.13 -1699.09 -1729.17
  207 206.5 32.7908 0.0142321 -1813.43 -1762.87 -1766.58
  208 207.5 32.7875 0.0142307 -1686.41 -1730.26 -1640.6
  209 208.5 32.7779 0.0142265 -1657.27 -1722.8 -1720.28
  210 209.5 32.7605 0.014219 -1702.66 -1731.91 -1802.89
  211 210.5 32.7683 0.0142223 -1687.87 -1717.04 -1770.89
  212 211.5 32.8005 0.0142363 -1709.78 -1676.17 -1653.77
  213 212.5 32.7986 0.0142355 -1746.46 -1695 -1728.04
  214 213.5 32.7734 0.0142246 -1708.64 -1626.78 -1727.89
  215 214.5 32.7767 0.014226 -1782.83 -1731.96 -1747.3
  216 215.5 32.802 0.014237 -1721.53 -1793.31 -1676.22
  217 216.5 32.7771 0.0142262 -1761.17 -1650.29 -1732.19
  218 217.5 32.7611 0.0142192 -1729.85 -1661.42 -1828.66
  219 218.5 32.7937 0.0142334 -1648.3 -1723.1 -1667.93
  220 219.5 32.7593 0.0142185 -1701.76 -1628.1 -1740.69
  221 220.5 32.779 0.014227 -1655.71 -1654.94 -1710.76
  222 221.5 32.7595 0.0142185 -1670.15 -1692.12 -1715.07
  223 222.5 32.7775 0.0142264 -1797.18 -1759.63 -1691.62
  224 223.5 32.7346 0.0142077 -1746.19 -1782.75 -1754.38
  225 224.5 32.7748 0.0142252 -1690.35 -1764.42 -1787.04
  226 225.5 32.7072 0.0141958 -1707.52 -1705.66 -1744.3
  227 226.5 32.7841 0.0142292 -1705.46 -1661.08 -1663.82
  228 227.5 32.7783 0.0142267 -1781.5 -1751.78 -1707.36
  229 228.5 32.7333 0.0142072 -1838.68 -1720.95 -1687.81
  230 229.5 32.741 0.0142105 -1797.15 -1795.44 -1722.52
  231 230.5 32.7582 0.014218 -1679.08 -1686.96 -1797.03
  232 231.5 32.7313 0.0142063 -1735.9 -1782.64 -1722.15
  233 232.5 32.7486 0.0142138 -1690.29 -1786.96 -1652.8
  234 233.5 32.7743 0.014225 -1752.96 -1834.01 -1765.46
  235 234.5 32.7277 0.0142047 -1812.74 -1760.75 -1767.64
  236 235.5 32.7595 0.0142185 -1718.43 -1757.71 -1639.72
  237 236.5 32.7627 0.0142199 -1753.76 -1836.96 -1749.94
  238 237.5 32.759 0.0142183 -1766.74 -1769.5 -1671.55
  239 238.5 32.7262 0.0142041 -1713.1 -1666.46 -1774.18
  240 239.5 32.7554 0.0142168 -1724.63 -1667.15 -1776.59
  241 240.5 32.743 0.0142114 -1762.76 -1736.02 -1701.52
  242 241.5 32.7457 0.0142125 -1720.99 -1706.09 -1644.48
  243 242.5 32.7556 0.0142168 -1864.75 -1772.73 -1799.04
  244 243.5 32.7588 0.0142182 -1765.13 -1709.38 -1726.19
  245 244.5 32.7395 0.0142098 -1728.82 -1758.48 -1653.79
  246 245.5 32.74 0.0142101 -1690.42 -1776.9 -1735.51
  247 246.5 32.7697 0.014223 -1730.52 -1766.49 -1782.77
  248 247.5 32.7236 0.014203 -1754.41 -1683.9 -1676.07
  249 248.5 32.732 0.0142066 -1794.81 -1802 -1772.34
  250 249.5 32.7622 0.0142197 -1796.27 -1736.15 -1689.03
  251 250.5 32.7316 0.0142064 -1805.27 -1787.57 -1749.86
  252 251.5 32.7404 0.0142103 -1752.52 -1793.05 -1715.08
  253 252.5 32.7548 0.0142165 -1796.48 -1726.18 -1661.99
  254 253.5 32.7653 0.014221 -1759.21 -1714.46 -1717.76
  255 254.5 32.7418 0.0142109 -1787.09 -1753.56 -1811.01
  256 255.5 32.7348 0.0142078 -1717.81 -1646.72 -1737.33
  257 256.5 32.786 0.01423 -1638.56 -1660.09 -1683.18
  258 257.5 32.7459 0.0142126 -1798.59 -1682.61 -1743.55
  259 258.5 32.765 0.0142209 -1814.18 -1638.8 -1740.72
  260 259.5 32.7546 0.0142164 -1826.27 -1676.33 -1691.56
  261 260.5 32.7827 0.0142286 -1682.01 -1556.65 -1694.95
  262 261.5 32.7569 0.0142174 -1782.16 -1714.66 -1746.26
  263 262.5 32.7251 0.0142036 -1783.05 -1710.74 -1797.91
  264 263.5 32.7483 0.0142137 -1774.46 -1780.96 -1746.33
  265 264.5 32.7918 0.0142326 -1632.09 -1663.95 -1614.05
  266 265.5 32.7495 0.0142142 -1799.93 -1668.7 -1715.73
  267 266.5 32.7128 0.0141983 -1784.02 -1730.89 -1836.44
  268 267.5 32.7647 0.0142208 -1699.16 -1705.09 -1697.95
  269 268.5 32.756 0.014217 -1690.16 -1648.7 -1682.52
  270 269.5 32.7503 0.0142145 -1704.22 -1777.86 -1667.1
  271 270.5 32.7378 0.0142091 -1706.4 -1753.91 -1747.13
  272 271.5 32.7323 0.0142067 -1679.02 -1719.96 -1788.97
  273 272.5 32.7487 0.0142139 -1712.48 -1743.28 -1754.77
  274 273.5 32.7687 0.0142225 -1731.41 -1776.43 -1649.48
  275 274.5 32.7289 0.0142053 -1674.24 -1730.06 -1700.87
  276 275.5 32.7645 0.0142207 -1866.55 -1744.34 -1700.46
  277 276.5 32.7441 0.0142119 -1806.21 -1805.26 -1803.32
  278 277.5 32.7489 0.0142139 -1805.05 -1839.84 -1675.19
  279 278.5 32.7545 0.0142164 -1888.84 -1800.02 -1716.98
  280 279.5 32.7277 0.0142047 -1810.79 -1802.17 -1733.03
  281 280.5 32.7443 0.0142119 -1775.69 -1839.09 -1785.19
  282 281.5 32.7577 0.0142178 -1777.05 -1822.66 -1683.84
  283 282.5 32.7793 0.0142271 -1741.31 -1794.63 -1670.91
  284 283.5 32.7369 0.0142087 -1737.7 -1833.86 -1746.78
  285 284.5 32.7429 0.0142113 -1743.53 -1769.81 -1783.15
  286 285.5 32.7669 0.0142217 -1743.19 -1711.03 -1698.66
  287 286.5 32.7913 0.0142323 -1726.54 -1640.27 -1679.38
  288 287.5 32.7381 0.0142092 -1756.86 -1727.35 -1775.46
  289 288.5 32.7477 0.0142134 -1741.25 -1651.39 -1793.79
  290 289.5 32.7651 0.014221 -1736.14 -1743.05 -1798.47
  291 290.5 32.783 0.0142287 -1768.63 -1748.17 -1689.25
  292 291.5 32.7582 0.014218 -1644.41 -1739.03 -1709.74
  293 292.5 32.7234 0.0142029 -1673.26 -1704.19 -1825.72
  294 293.5 32.7379 0.0142092 -1692.93 -1702.8 -1829.95
  295 294.5 32.7507 0.0142147 -1759.55 -1699.73 -1807.55
  296 295.5 32.7303 0.0142058 -1730.3 -1647.03 -1961.38
  297 296.5 32.6989 0.0141922 -1580.78 -1577.53 -1798.37
  298 297.5 32.7229 0.0142027 -1545.86 -1641.76 -1910.56
  299 298.5 32.7011 0.0141932 -1624.61 -1579.66 -2049.15
  300 299.5 32.6361 0.014165 -1511.4 -1470.48 -2019.53
  301 300.5 32.6415 0.0141673 -1349.09 -1345.15 -2024.36
  302 301.5 32.5755 0.0141387 -1302.96 -1271.92 -2216.29
  303 302.5 32.5247 0.0141166 -1311.87 -1216.99 -2280.21
  304 303.5 32.4335 0.014077 -1061.03 -1109.35 -2359.88
  305 304.5 32.3809 0.0140542 -932.654 -834.627 -2362.33
  306 305.5 32.2268 0.0139873 -900.004 -805.528 -2601.67
  307 306.5 32.0787 0.0139231 -608.879 -556.943 -2608.53
  308 307.5 31.9103 0.01385 -437.415 -368.757 -2714.18
  309 308.5 31.6883 0.0137536 -130.835 -82.6684 -2747.22
  310 309.5 31.3849 0.0136219 134.147 115.717 -2778.31
  311 310.5 31.082 0.0134904 346.162 306.407 -2849.55
  312 311.5 30.655 0.0133051 543.057 475.014 -2684.91
  313 312.5 30.1726 0.0130957 658.176 656.808 -2635.77
  314 313.5 29.5996 0.012847 706.686 737.477 -2581.22
  315 314.5 28.9285 0.0125558 858.472 834.068 -2482.46
  316 315.5 28.1966 0.0122381 837.281 828.445 -2255.56
  317 316.5 27.3699 0.0118793 874.294 753.339 -2115.27
  318 317.5 26.4495 0.0114798 833.69 698.41 -2027.57
  319 318.5 25.446 0.0110443 611.215 510.685 -1871.88
  320 319.5 24.3425 0.0105653 374.282 404.938 -1852.54
  321 320.5 23.2007 0.0100698 166.194 153.513 -1752.41
  322 321.5 21.9886 0.00954367 -63.7171 -138.234 -1709.72
  323 322.5 20.6932 0.00898141 -360.694 -420.055 -1722.27
  324 323.5 19.3434 0.00839557 -785.281 -823.027 -1841.99
  325 324.5 17.9832 0.00780522 -1159.01 -1256.91 -1831.84
  326 325.5 16.6067 0.00720776 -1645.54 -1669.3 -2005.92
  327 326.5 15.2383 0.00661385 -2164.99 -2142.66 -2126.77
  328 327.5 13.9187 0.00604111 -2783.48 -2818.8 -2252.66
  329 328.5 12.6362 0.00548448 -3561.21 -3542.03 -2642.18
  330 329.5 11.4227 0.00495778 -4305.75 -4180.4 -3015.79
  331 330.5 10.3108 0.00447518 -5058.54 -5025.34 -3392.97
  332 331.5 9.3089 0.00404032 -6006.45 -6001.18 -3990
  333 332.5 8.40469 0.00364787 -6836.19 -6868.66 -4654.43
  334 333.5 7.60222 0.00329957 -7728.91 -7630.59 -5479.26
  335 334.5 6.9162 0.00300182 -8579.75 -8650.84 -6241.67
  336 335.5 6.32802 0.00274654 -9462.15 -9604.12 -7205.23
  337 336.5 5.8401 0.00253476 -10417 -10450.2 -8013.05
  338 337.5 5.43222 0.00235773 -11196.4 -11153.3 -8869.6
  339 338.5 5.09153 0.00220987 -11845.6 -11853.4 -9783.01
  340 339.5 4.80758 0.00208662 -12366 -12451 -10678.5
  341 340.5 4.59475 0.00199425 -13012.8 -13027.5 -11378.4
  342 341.5 4.42756 0.00192169 -13322.7 -13389.8 -11942
  343 342.5 4.28942 0.00186173 -13724.3 -13780.1 -12555.2
  344 343.5 4.1774 0.00181311 -14029.4 -13972 -12998.3
  345 344.5 4.06978 0.0017664 -14293.3 -14324.7 -13468.6
  346 345.5 4.00314 0.00173747 -14517.7 -14562.8 -13830.3
  347 346.5 3.94907 0.00171401 -14802.7 -14771.8 -14022.1
  348 347.5 3.90748 0.00169595 -14963.3 -14853.1 -14252.3
  349 348.5 3.86342 0.00167683 -15070.3 -14973.5 -14586.8
  350 349.5 3.83182 0.00166311 -15036.2 -15034 -14674.9
  351 350.5 3.80334 0.00165075 -15208.8 -15104.5 -14827.1
  352 351.5 3.77831 0.00163989 -15257.3 -15078.5 -14878.6
  353 352.5 3.75287 0.00162885 -15237.6 -15223.5 -15083
  354 353.5 3.74174 0.00162402 -15337.6 -15211.5 -15149.4
  355 354.5 3.73489 0.00162105 -15392.1 -15242.5 -15189.9
  356 355.5 3.72533 0.0016169 -15386 -15267.7 -15182.3
  357 356.5 3.71243 0.0016113 -15425 -15200.7 -15250.2
  358 357.5 3.70336 0.00160736 -15345.2 -15416 -15336.4
  359 358.5 3.71198 0.0016111 -15483 -15292.2 -15283.9
  360 359.5 3.70596 0.00160849 -15470.4 -15457.4 -15289.9
  361 360.5 3.70292 0.00160717 -15255.9 -15371.8 -15384.5
  362 361.5 3.70219 0.00160686 -15420.4 -15409.2 -15368.5
  363 362.5 3.70492 0.00160804 -15313.9 -15403.9 -15350.2
  364 363.5 3.71387 0.00161192 -15191.9 -15279.1 -15320.1
  365 364.5 3.709 0.00160981 -15217.6 -15286.1 -15312.7
  366 365.5 3.71298 0.00161154 -15238.1 -15178 -15325.8
  367 366.5 3.70872 0.00160969 -15247.4 -15100.9 -15366.1
  368 367.5 3.7134 0.00161172 -15286 -15180.6 -15310.2
  369 368.5 3.71589 0.0016128 -15330.8 -15197.9 -15302.5
  370 369.5 3.71556 0.00161266 -15406.5 -15209 -15396.6
  371 370.5 3.72101 0.00161502 -15302.5 -15179 -15297.2
  372 371.5 3.7355 0.00162131 -15417.9 -15217.5 -15190.3
  373 372.5 3.74019 0.00162335 -15311.7 -15168.2 -15209
  374 373.5 3.73247 0.00162 -15303.7 -15115.5 -15243.7
  375 374.5 3.72356 0.00161613 -15175.1 -15299.8 -15281.9
  376 375.5 3.73194 0.00161977 -15252.8 -15287.9 -15256.5
  377 376.5 3.72349 0.0016161 -15350.4 -15474.7 -15340.7
  378 377.5 3.71191 0.00161107 -15285.9 -15343.2 -15352.5
  379 378.5 3.70864 0.00160965 -15307.3 -15496.5 -15361.3
  380 379.5 3.7127 0.00161141 -15307.2 -15497.4 -15291.3
  381 380.5 3.72494 0.00161673 -15232.7 -15383.7 -15233.8
  382 381.5 3.70672 0.00160882 -15228.5 -15370.7 -15355
  383 382.5 3.70807 0.0016094 -15223.4 -15361 -15374.8
  384 383.5 3.69474 0.00160362 -15137.5 -15416.7 -15425.3
  385 384.5 3.71393 0.00161195 -15219.7 -15353.3 -15259.7
  386 385.5 3.71519 0.0016125 -15240 -15384.8 -15311.7
  387 386.5 3.70841 0.00160955 -15290.4 -15321.7 -15367.2
  388 387.5 3.70607 0.00160854 -15258.3 -15152.4 -15424
  389 388.5 3.71948 0.00161436 -15288 -15222.2 -15266.5
  390 389.5 3.71587 0.00161279 -15367.1 -15143.3 -15273.4
  391 390.5 3.71726 0.00161339 -15336.7 -15299.1 -15304
  392 391.5 3.71591 0.00161281 -15333.9 -15235.1 -15358.4
  393 392.5 3.70759 0.0016092 -15311.7 -15376.2 -15424.5
  394 393.5 3.71877 0.00161405 -15423.5 -15379.1 -15236.3
  395 394.5 3.71581 0.00161276 -15358.9 -15321.7 -15359.8
  396 395.5 3.72291 0.00161585 -15292.8 -15213.2 -15240.1
  397 396.5 3.7176 0.00161354 -15343.2 -15404.9 -15350.2
  398 397.5 3.72113 0.00161508 -15361.5 -15293 -15329.7
  399 398.5 3.72196 0.00161543 -15309.7 -15377.2 -15272.1
  400 399.5 3.72263 0.00161573 -15274.7 -15293.6 -15239.4
  401 400.5 3.71653 0.00161308 -15225.1 -15002.7 -15295.7
  402 401.5 3.71168 0.00161097 -15242.2 -15278.5 -15358.6
  403 402.5 3.7083 0.00160951 -15205.3 -15410.3 -15396.5
  404 403.5 3.71427 0.0016121 -15341.3 -15321.1 -15314
  405 404.5 3.71473 0.0016123 -15393.5 -15344.8 -15235.7
  406 405.5 3.70948 0.00161002 -15225.4 -15312.3 -15419.9
  407 406.5 3.70112 0.00160639 -15342.9 -15328.6 -15396
  408 407.5 3.70375 0.00160753 -15228.7 -15216.3 -15316.6
  409 408.5 3.70864 0.00160965 -15388.2 -15339.2 -15381.1
  410 409.5 3.71049 0.00161046 -15310.5 -15280.9 -15321.7
  411 410.5 3.69451 0.00160352 -15361.7 -15347.2 -15426.2
  412 411.5 3.69967 0.00160576 -15278.9 -15424.1 -15381.5
  413 412.5 3.6961 0.00160421 -15319.4 -15389.6 -15352.6
  414 413.5 3.68803 0.00160071 -15343.4 -15364.7 -15436.3
  415 414.5 3.68878 0.00160103 -15324.8 -15425.8 -15409.1
  416 415.5 3.69934 0.00160561 -15357.1 -15413.9 -15397.1
  417 416.5 3.70945 0.00161001 -15215.7 -15209.3 -15328.8
  418 417.5 3.69345 0.00160306 -15187.3 -15314.4 -15391.1
  419 418.5 3.69947 0.00160567 -15371.9 -15379.6 -15384.4
  420 419.5 3.71339 0.00161172 -15338.6 -15307.2 -15322.4
  421 420.5 3.70937 0.00160997 -15341.5 -15239.5 -15392.1
  422 421.5 3.71179 0.00161102 -15294.4 -15373.4 -15319.8
  423 422.5 3.71912 0.0016142 -15337.9 -15385.5 -15324.9
  424 423.5 3.72251 0.00161567 -15401.8 -15296.4 -15329.1
  425 424.5 3.71442 0.00161216 -15243.7 -15313.8 -15301.2
  426 425.5 3.71954 0.00161438 -15239.7 -15306.6 -15294.7
  427 426.5 3.70804 0.00160939 -15442.7 -15291.8 -15362.8
  428 427.5 3.69465 0.00160358 -15391 -15255.1 -15410.5
  429 428.5 3.70719 0.00160902 -15458.6 -15317.4 -15372.3
  430 429.5 3.70364 0.00160748 -15383.8 -15295.9 -15336
  431 430.5 3.69647 0.00160437 -15483.8 -15324.6 -15374.5
  432 431.5 3.69545 0.00160393 -15463.7 -15384 -15433.2
  433 432.5 3.70301 0.00160721 -15411 -15392 -15376.5
  434 433.5 3.70982 0.00161016 -15371.1 -15406.4 -15323.8
  435 434.5 3.70752 0.00160917 -15343.8 -15449.3 -15345.8
  436 435.5 3.70133 0.00160648 -15349.9 -15362.7 -15365.6
  437 436.5 3.70189 0.00160672 -15477.8 -15404.3 -15332.5
  438 437.5 3.70661 0.00160877 -15441.9 -15446.9 -15378.6
  439 438.5 3.70191 0.00160673 -15260.2 -15439.1 -15411.5
  440 439.5 3.6999 0.00160586 -15239.6 -15343.3 -15363.3
  441 440.5 3.71389 0.00161193 -15269.8 -15381.5 -15273.3
  442 441.5 3.71732 0.00161342 -15373.8 -15303.3 -15258.5
  443 442.5 3.70008 0.00160594 -15333.2 -15290 -15375.9
  444 443.5 3.68916 0.0016012 -15372.8 -15314.3 -15460
  445 444.5 3.69672 0.00160448 -15309.9 -15294 -15353.3
  446 445.5 3.71727 0.0016134 -15254.9 -15337.4 -15234
  447 446.5 3.71568 0.00161271 -15349.7 -15260.1 -15211.5
  448 447.5 3.72789 0.00161801 -15379.1 -15273.3 -15171.8
  449 448.5 3.73892 0.0016228 -15391.3 -15212.8 -15110
  450 449.5 3.7526 0.00162873 -15447.9 -15241.5 -15043.4
  451 450.5 3.77857 0.00164001 -15338.5 -15092.2 -14917.4
  452 451.5 3.79755 0.00164824 -15199.9 -15162.7 -14853.9
  453 452.5 3.82861 0.00166172 -15044.2 -15050.4 -14625.6
  454 453.5 3.86036 0.0016755 -14906.8 -15021.2 -14443.2
  455 454.5 3.90886 0.00169656 -14766.1 -14829.1 -14274.7
  456 455.5 3.95584 0.00171695 -14629.8 -14382 -13915
  457 456.5 4.02738 0.001748 -14318.7 -14275 -13642
  458 457.5 4.13458 0.00179452 -14277.9 -14065.6 -13159.3
  459 458.5 4.24346 0.00184178 -13793.6 -13760.4 -12678.1
  460 459.5 4.38103 0.00190149 -13417.7 -13454.4 -12114.7
  461 460.5 4.56593 0.00198174 -12931.2 -12930.6 -11409.9
  462 461.5 4.79367 0.00208059 -12506.4 -12447.8 -10737.3
  463 462.5 5.06334 0.00219763 -12034.4 -11866.6 -9963.99
  464 463.5 5.39964 0.00234359 -11337.3 -11164 -9053.58
  465 464.5 5.79312 0.00251437 -10563.2 -10505.7 -8168.93
  466 465.5 6.2572 0.0027158 -9794.31 -9747.05 -7369.59
  467 466.5 6.81809 0.00295924 -8995.12 -8830.99 -6552.81
  468 467.5 7.48723 0.00324967 -7922.14 -7855.19 -5679.71
  469 468.5 8.22905 0.00357164 -7038.26 -7015.17 -4977.57
  470 469.5 9.07198 0.00393749 -6145.75 -6168.9 -4367.38
  471 470.5 10.004 0.00434199 -5287.2 -5353.76 -3884.57
  472 471.5 11.0557 0.00479849 -4482.99 -4456.97 -3463.79
  473 472.5 12.1527 0.00527461 -3806.86 -3704.35 -3130.69
  474 473.5 13.3376 0.00578889 -3161 -3165.57 -2953.59
  475 474.5 14.5644 0.00632134 -2497.86 -2532.6 -2797.17
  476 475.5 15.7818 0.00684973 -2022.93 -2049.19 -2770.25
  477 476.5 16.9894 0.00737388 -1572.6 -1558.35 -2800.36
  478 477.5 18.1574 0.0078808 -1317.13 -1256 -2728.53
  479 478.5 19.2651 0.00836157 -1068.75 -1005.29 -2813.9
  480 479.5 20.3172 0.00881823 -844.09 -886.497 -2953.71
30000000 480 10373
  1 0.5 23.4162 0.0101633 -1076.24 -1030 -3052.58
  2 1.5 23.9577 0.0103983 -1125.67 -1147.26 -2986.42
  3 2.5 24.4438 0.0106093 -1183.5 -1161.87 -2939.92
  4 3.5 24.8517 0.0107863 -1309.75 -1230.32 -2989.08
  5 4.5 25.1654 0.0109225 -1357.71 -1391.47 -2931.11
  6 5.5 25.4954 0.0110657 -1463.07 -1456.68 -2761.45
  7 6.5 25.7318 0.0111683 -1446.13 -1482.8 -2708.33
  8 7.5 25.9425 0.0112598 -1571.37 -1624.59 -2705.9
  9 8.5 26.0896 0.0113236 -1594.78 -1618.17 -2674.2
  10 9.5 26.2582 0.0113968 -1715.97 -1686.24 -2602.88
  11 10.5 26.3854 0.011452 -1873.58 -1762.13 -2518.6
  12 11.5 26.4991 0.0115013 -1854.66 -1866.95 -2434.45
  13 12.5 26.5592 0.0115274 -1961.86 -1909.6 -2447.74
  14 13.5 26.6371 0.0115612 -1927.96 -1867.55 -2408.89
  15 14.5 26.6798 0.0115798 -1971.7 -1864.24 -2304.87
  16 15.5 26.7539 0.011612 -2059.8 -1963.64 -2263.51
  17 16.5 26.772 0.0116198 -2019.56 -1951.57 -2301.99
  18 17.5 26.7815 0.0116239 -2099.25 -1981.9 -2300.23
  19 18.5 26.8174 0.0116395 -2015.86 -2050.88 -2239.95
  20 19.5 26.8492 0.0116533 -2071.07 -2063.25 -2196.09
  21 20.5 26.8578 0.011657 -2117.11 -2135.75 -2213.73
  22 21.5 26.8505 0.0116539 -2110.84 -2110.69 -2199.08
  23 22.5 26.9031 0.0116767 -2113.25 -2094.09 -2152.08
  24 23.5 26.9237 0.0116856 -2043.32 -2115.45 -2179.2
  25 24.5 26.89 0.011671 -2134.87 -2150.36 -2141.95
  26 25.5 26.9083 0.011679 -2003.71 -2089.38 -2107.43
  27 26.5 26.9194 0.0116838 -1998 -2124.94 -2228.36
  28 27.5 26.9327 0.0116896 -2020.47 -2146.72 -2150.42
  29 28.5 26.8953 0.0116733 -2014.9 -2076.62 -2143.06
  30 29.5 26.9428 0.0116939 -2082.21 -2112.7 -2132.97
  31 30.5 26.9607 0.0117017 -2086.79 -2057.25 -2181.8
  32 31.5 26.9569 0.0117 -2086.41 -2126.1 -2122.39
  33 32.5 26.9323 0.0116893 -2100.24 -2070.84 -2138.46
  34 33.5 26.946 0.0116953 -2052.32 -2025.34 -2129.28
  35 34.5 26.9437 0.0116943 -2050.99 -2090.37 -2111.75
  36 35.5 26.9444 0.0116946 -2088.29 -2081.37 -2155.02
  37 36.5 26.9347 0.0116904 -2144.82 -2170.96 -2149.14
  38 37.5 26.9736 0.0117073 -2120.43 -2193.59 -2117.57
  39 38.5 26.9214 0.0116846 -2091.03 -2198.62 -2113.23
  40 39.5 26.9439 0.0116944 -2095.23 -2200.13 -2136.34
  41 40.5 26.9557 0.0116995 -2094.45 -2235.74 -2166.24
  42 41.5 26.9364 0.0116911 -2022.87 -2192.18 -2173.74
  43 42.5 26.9364 0.0116911 -2079.5 -2210.37 -2087.7
  44 43.5 26.9483 0.0116963 -2101.76 -2208.96 -2088.7
  45 44.5 26.932 0.0116892 -2135.1 -2128.9 -2121.17
  46 45.5 26.9228 0.0116852 -2215.61 -2191.32 -2192.14
  47 46.5 26.8907 0.0116713 -2094.21 -2131.72 -2120.9
  48 47.5 26.9203 0.0116842 -2133.05 -2128.8 -2115.18
  49 48.5 26.9038 0.011677 -2161.31 -2152.06 -2133.36
  50 49.5 26.8966 0.0116739 -2151.08 -2154.07 -2151.56
  51 50.5 26.8734 0.0116638 -2087.58 -2170.32 -2119.7
  52 51.5 26.8951 0.0116732 -2201.94 -2217.69 -2127.06
  53 52.5 26.8934 0.0116725 -2279.33 -2223.56 -2095.74
  54 53.5 26.8785 0.011666 -2167.51 -2191.04 -2143.48
  55 54.5 26.8808 0.011667 -2103.37 -2196.2 -2128.68
  56 55.5 26.8785 0.011666 -2210.18 -2150.47 -2115.41
  57 56.5 26.8574 0.0116569 -2172.37 -2198.98 -2147.7
  58 57.5 26.895 0.0116732 -2182.35 -2197.65 -2141.09
  59 58.5 26.8864 0.0116694 -2164.13 -2200.05 -2127.45
  60 59.5 26.8458 0.0116518 -2118.83 -2147.66 -2107.89
  61 60.5 26.8564 0.0116564 -2157.49 -2077.93 -2190.68
  62 61.5 26.8834 0.0116682 -2120.32 -2113.54 -2101.16
  63 62.5 26.8726 0.0116635 -2051.6 -2147.95 -2154.96
  64 63.5 26.868 0.0116615 -2065.42 -2178.49 -2086.73
  65 64.5 26.8487 0.0116531 -2084.64 -2088.15 -2122.8
  66 65.5 26.8637 0.0116596 -2119.28 -2131.02 -2135.15
  67 66.5 26.8496 0.0116535 -2108.83 -2071.94 -2159.71
  68 67.5 26.8268 0.0116436 -2164.9 -2163.79 -2160.04
  69 68.5 26.847 0.0116523 -2116.34 -2139.1 -2085.82
  70 69.5 26.8714 0.0116629 -2107.82 -2130.56 -2098.32
  71 70.5 26.8498 0.0116536 -2163.22 -2202.8 -2182.75
  72 71.5 26.8353 0.0116473 -2146.36 -2140.61 -2129.78
  73 72.5 26.8653 0.0116603 -2161.68 -2165.06 -2137.14
  74 73.5 26.8783 0.0116659 -2198.33 -2159.03 -2150.69
  75 74.5 26.8562 0.0116563 -2157.44 -2136.25 -2120.95
  76 75.5 26.8278 0.011644 -2128.93 -2214.21 -2127.66
  77 76.5 26.8526 0.0116548 -2129.97 -2164.85 -2118.95
  78 77.5 26.8361 0.0116476 -2143.24 -2228.91 -2169.68
  79 78.5 26.8172 0.0116394 -2135.99 -2130.81 -2141.69
  80 79.5 26.8601 0.011658 -2170.22 -2124.58 -2115.11
  81 80.5 26.839 0.0116489 -2152.94 -2155.27 -2120.36
  82 81.5 26.8194 0.0116404 -2112.25 -2151.9 -2113.42
  83 82.5 26.8267 0.0116435 -2095.22 -2208.74 -2120.1
  84 83.5 26.8538 0.0116553 -2133.05 -2188.73 -2170.69
  85 84.5 26.8442 0.0116511 -2180.83 -2146.53 -2127.66
  86 85.5 26.8307 0.0116453 -2101.05 -2123.01 -2102.02
  87 86.5 26.8348 0.011647 -2139.93 -2075.74 -2116.82
  88 87.5 26.8558 0.0116562 -2180.71 -2151.32 -2179.42
  89 88.5 26.8146 0.0116383 -2221.75 -2135.93 -2150.96
  90 89.5 26.8276 0.0116439 -2155.29 -2136.58 -2094.27
  91 90.5 26.8822 0.0116676 -2196.43 -2181.51 -2132.52
  92 91.5 26.8584 0.0116573 -2154.48 -2150.87 -2137.61
  93 92.5 26.8218 0.0116414 -2125.11 -2165.16 -2146.69
  94 93.5 26.8513 0.0116542 -2134.88 -2126.54 -2143.32
  95 94.5 26.8754 0.0116647 -2209.98 -2176.79 -2160.73
  96 95.5 26.8833 0.0116681 -2167.91 -2099.66 -2072.72
  97 96.5 26.8424 0.0116503 -2047.76 -2097.09 -2068.01
  98 97.5 26.8461 0.011652 -2138.79 -2163.05 -2227.41
  99 98.5 26.8488 0.0116531 -2134.76 -2134.9 -2144.61
  100 99.5 26.8535 0.0116552 -2147.04 -2139.72 -2084.87
  101 100.5 26.8532 0.011655 -2140.81 -2153.79 -2157.71
  102 101.5 26.8433 0.0116508 -2177.36 -2175.49 -2171.31
  103 102.5 26.868 0.0116615 -2090.1 -2084.18 -2055.12
  104 103.5 26.8872 0.0116698 -2058.16 -2051.81 -2098.24
  105 104.5 26.8726 0.0116635 -2080.74 -2149.75 -2198.18
  106 105.5 26.8395 0.0116491 -2014.72 -2094.9 -2140.05
  107 106.5 26.8741 0.0116641 -2142.74 -2212.73 -2144.4
  108 107.5 26.8936 0.0116726 -2214.36 -2278.64 -2131.31
  109 108.5 26.8685 0.0116617 -2109.65 -2152.65 -2080.54
  110 109.5 26.8807 0.011667 -2204.41 -2186.76 -2142.39
  111 110.5 26.8763 0.011665 -2119.93 -2185.29 -2197.69
  112 111.5 26.9034 0.0116768 -2161.01 -2077.45 -2089.52
  113 112.5 26.8831 0.011668 -2097.47 -2149.48 -2095.36
  114 113.5 26.8693 0.011662 -2148.59 -2129.65 -2152.24
  115 114.5 26.9054 0.0116777 -2187.32 -2160.18 -2180.69
  116 115.5 26.8901 0.0116711 -2142.99 -2169.88 -2043.46
  117 116.5 26.8729 0.0116636 -2123.69 -2088.59 -2112.37
  118 117.5 26.8834 0.0116682 -2094.84 -2127.36 -2242.41
  119 118.5 26.8857 0.0116691 -2114.59 -2117.17 -2081.52
  120 119.5 26.888 0.0116701 -2179.68 -2108.31 -2146.36
  121 120.5 26.9068 0.0116783 -2110.4 -2157.09 -2113.14
  122 121.5 26.9159 0.0116822 -2142.32 -2027.38 -2128.81
  123 122.5 26.8914 0.0116716 -2139 -2129.33 -2139.96
  124 123.5 26.9231 0.0116854 -2126.49 -2147.12 -2128.69
  125 124.5 26.9101 0.0116797 -2072.67 -2136.93 -2147.03
  126 125.5 26.9057 0.0116778 -2129.78 -2139.79 -2135.89
  127 126.5 26.9264 0.0116868 -2106.84 -2106.73 -2157.27
  128 127.5 26.9303 0.0116885 -2212.25 -2145.85 -2187.25
  129 128.5 26.9096 0.0116795 -2082.23 -2024.57 -2117.15
  130 129.5 26.93 0.0116884 -2136.67 -2120.19 -2195.98
  131 130.5 26.9134 0.0116811 -2125.68 -2062.96 -2202.67
  132 131.5 26.9158 0.0116822 -2097.02 -2126.64 -2136.24
  133 132.5 26.9056 0.0116778 -2194.82 -2194.98 -2162.26
  134 133.5 26.9054 0.0116777 -2108.74 -2130.44 -2230.21
  135 134.5 26.8649 0.0116601 -2074.62 -2084.03 -2210.01
  136 135.5 26.8356 0.0116474 -2063.42 -2086.5 -2226.79
  137 136.5 26.8304 0.0116452 -2085.84 -2048.35 -2188.92
  138 137.5 26.8188 0.0116401 -2042.32 -2028.54 -2190.1
  139 138.5 26.7358 0.0116041 -2058.75 -2008.65 -2278.95
  140 139.5 26.7013 0.0115891 -1959.26 -1952.47 -2221.97
  141 140.5 26.6952 0.0115865 -2017.06 -1966.71 -2229.34
  142 141.5 26.6458 0.011565 -2044.87 -2016.58 -2250.45
  143 142.5 26.5472 0.0115222 -1937.4 -1926.3 -2172.99
  144 143.5 26.5223 0.0115114 -1918.35 -1898.79 -2158.12
  145 144.5 26.4559 0.0114826 -2049.72 -1958.87 -2153.29
  146 145.5 26.3595 0.0114407 -2078.85 -1956.06 -2098.77
  147 146.5 26.2873 0.0114094 -2038.57 -1970.42 -1959.18
  148 147.5 26.2208 0.0113805 -2127.5 -2085.41 -1944.37
  149 148.5 26.1869 0.0113658 -2130.3 -2072.48 -1752.19
  150 149.5 26.1475 0.0113487 -2124.38 -2202.38 -1634.87
  151 150.5 26.173 0.0113598 -2246.59 -2291.18 -1456.82
  152 151.5 26.2224 0.0113812 -2188.45 -2185.48 -1222.8
  153 152.5 26.3673 0.0114441 -2109.9 -2228.48 -1140.38
  154 153.5 26.5383 0.0115184 -1986.06 -1999.18 -1041.74
  155 154.5 26.822 0.0116415 -1731.67 -1727.16 -875.365
  156 155.5 27.1971 0.0118043 -1369.64 -1351.46 -864.18
  157 156.5 27.6398 0.0119964 -1035.02 -1028.26 -914.021
  158 157.5 28.0981 0.0121954 -676.676 -651.325 -1071.07
  159 158.5 28.6267 0.0124248 -342.563 -262.158 -1268.11
  160 159.5 29.1881 0.0126685 -94.6137 -20.9511 -1443.98
  161 160.5 29.7009 0.012891 113.343 149.84 -1731.55
  162 161.5 30.1891 0.0131029 258.762 277.066 -1976.53
  163 162.5 30.6379 0.0132977 255.262 241.293 -2236.12
  164 163.5 31.0346 0.0134699 330.428 230.721 -2347.77
  165 164.5 31.3976 0.0136274 40.086 28.7017 -2467.64
  166 165.5 31.6646 0.0137433 -119.891 -154.246 -2540.57
  167 166.5 31.9107 0.0138501 -341.693 -284.84 -2535.2
  168 167.5 32.0988 0.0139318 -529.652 -603.947 -2594.03
  169 168.5 32.2593 0.0140014 -688.535 -769.516 -2483.9
  170 169.5 32.3968 0.0140611 -870.33 -872.113 -2428.81
  171 170.5 32.48 0.0140972 -1023.84 -987.883 -2335.41
  172 171.5 32.5607 0.0141323 -1042.52 -1095.7 -2303.6
  173 172.5 32.5968 0.0141479 -1277.73 -1330.93 -2195.36
  174 173.5 32.6805 0.0141843 -1388.96 -1418.76 -2095.22
  175 174.5 32.7206 0.0142016 -1476.11 -1514.69 -2077.66
  176 175.5 32.747 0.0142131 -1498.53 -1573.12 -1996.93
  177 176.5 32.7472 0.0142132 -1543.08 -1592.41 -1954.31
  178 177.5 32.7914 0.0142324 -1622.94 -1657.57 -1910.09
  179 178.5 32.8153 0.0142427 -1594.54 -1686.92 -1951.01
  180 179.5 32.8091 0.0142401 -1614.25 -1686.3 -1818.33
  181 180.5 32.8159 0.014243 -1567.21 -1660.71 -1787.49
  182 181.5 32.8392 0.0142531 -1674.36 -1666.89 -1819.77
  183 182.5 32.8288 0.0142486 -1689.86 -1766.84 -1843.24
  184 183.5 32.844 0.0142552 -1658.14 -1671.38 -1764.73
  185 184.5 32.864 0.0142639 -1713.38 -1726.42 -1714.94
  186 185.5 32.8412 0.014254 -1774.12 -1722.18 -1810.21
  187 186.5 32.8602 0.0142622 -1727.59 -1750.7 -1772.17
  188 187.5 32.8529 0.0142591 -1765.19 -1758.28 -1734.92
  189 188.5 32.8801 0.0142709 -1669.9 -1777.12 -1750.37
  190 189.5 32.843 0.0142548 -1717.26 -1793.16 -1728.16
  191 190.5 32.8666 0.014265 -1821.77 -1801.18 -1796.58
  192 191.5 32.8445 0.0142554 -1733.31 -1732.75 -1739
  193 192.5 32.8789 0.0142703 -1679.05 -1787.43 -1747.26
  194 193.5 32.8644 0.0142641 -1748.04 -1865.1 -1716.35
  195 194.5 32.8622 0.0142631 -1694.73 -1747.62 -1717.47
  196 195.5 32.8708 0.0142668 -1676.67 -1872.43 -1761.18
  197 196.5 32.873 0.0142678 -1707.87 -1715.45 -1733.64
  198 197.5 32.8566 0.0142607 -1631.22 -1759.88 -1740.9
  199 198.5 32.8779 0.0142699 -1670.93 -1671.07 -1791.51
  200 199.5 32.8829 0.0142721 -1688.82 -1649.41 -1728.78
  201 200.5 32.8702 0.0142666 -1658.26 -1784.59 -1689.45
  202 201.5 32.8555 0.0142602 -1590.14 -1709.43 -1727.78
  203 202.5 32.888 0.0142743 -1625.17 -1719.44 -1768.12
  204 203.5 32.884 0.0142726 -1637.03 -1654.46 -1706.65
  205 204.5 32.8358 0.0142516 -1669.27 -1687.01 -1769.83
  206 205.5 32.9004 0.0142797 -1763.16 -1673.44 -1724.1
  207 206.5 32.8789 0.0142704 -1866.78 -1786.16 -1787.14
  208 207.5 32.8569 0.0142608 -1837.97 -1794.06 -1738.83
  209 208.5 32.8572 0.0142609 -1779.59 -1737.38 -1729.18
  210 209.5 32.8878 0.0142742 -1747.7 -1732.06 -1786.91
  211 210.5 32.8623 0.0142632 -1743.71 -1757.16 -1680.33
  212 211.5 32.8664 0.0142649 -1759.92 -1838.15 -1654.97
  213 212.5 32.889 0.0142748 -1853.99 -1828.13 -1788.38
  214 213.5 32.8293 0.0142488 -1731.56 -1770.23 -1746.93
  215 214.5 32.8528 0.014259 -1788.55 -1829.31 -1802.03
  216 215.5 32.8759 0.0142691 -1660.3 -1701.78 -1681.9
  217 216.5 32.8528 0.014259 -1756.94 -1734.13 -1681.64
  218 217.5 32.8466 0.0142564 -1715.22 -1784.32 -1727.51
  219 218.5 32.8534 0.0142593 -1840.57 -1888.9 -1795.55
  220 219.5 32.8906 0.0142754 -1847.35 -1864.97 -1708.56
  221 220.5 32.8268 0.0142478 -1779.32 -1862.5 -1766.4
  222 221.5 32.8527 0.014259 -1753.19 -1755.28 -1736.83
  223 222.5 32.8777 0.0142699 -1670.34 -1765.49 -1652.28
  224 223.5 32.872 0.0142674 -1679.03 -1776.09 -1746.98
  225 224.5 32.8107 0.0142408 -1712.83 -1823.65 -1781.5
  226 225.5 32.8643 0.014264 -1666.32 -1796.54 -1765.54
  227 226.5 32.8852 0.0142731 -1649.96 -1731.23 -1650.57
  228 227.5 32.8479 0.0142569 -1755.46 -1793.23 -1792.05
  229 228.5 32.8453 0.0142558 -1701.4 -1750.9 -1732.53
  230 229.5 32.8704 0.0142667 -1872.26 -1778.83 -1753.53
  231 230.5 32.8962 0.0142779 -1881.5 -1660 -1652.95
  232 231.5 32.8484 0.0142571 -1842.11 -1709.31 -1737.51
  233 232.5 32.8617 0.0142629 -1905.05 -1768.41 -1803.68
  234 233.5 32.8539 0.0142595 -1812.7 -1849.21 -1788.08
  235 234.5 32.9012 0.01428 -1696.87 -1717.19 -1672.01
  236 235.5 32.856 0.0142604 -1730.78 -1707.86 -1697.58
  237 236.5 32.8561 0.0142605 -1632.78 -1744.54 -1795.68
  238 237.5 32.892 0.014276 -1651.52 -1648.86 -1705.22
  239 238.5 32.8812 0.0142713 -1725.25 -1724.13 -1777.97
  240 239.5 32.8584 0.0142615 -1692.42 -1649.7 -1740.68
  241 240.5 32.8995 0.0142793 -1706.08 -1709.13 -1727.65
  242 241.5 32.8815 0.0142715 -1741.39 -1699.62 -1726.19
  243 242.5 32.8911 0.0142757 -1714.63 -1694.54 -1787.86
  244 243.5 32.8664 0.0142649 -1704.4 -1641.72 -1752.56
  245 244.5 32.8758 0.014269 -1680.39 -1652.77 -1726.52
  246 245.5 32.9273 0.0142914 -1709.52 -1728.53 -1768.94
  247 246.5 32.8441 0.0142553 -1713.48 -1732.32 -1738.17
  248 247.5 32.869 0.0142661 -1648.11 -1734.27 -1683.1
  249 248.5 32.895 0.0142774 -1715.09 -1806.92 -1795.26
  250 249.5 32.8988 0.014279 -1749.47 -1757.06 -1721.48
  251 250.5 32.8273 0.014248 -1639.61 -1656.02 -1733
  252 251.5 32.8626 0.0142633 -1640.42 -1663.44 -1760.15
  253 252.5 32.8801 0.0142709 -1721.12 -1632.63 -1783.2
  254 253.5 32.8583 0.0142614 -1733.19 -1759.01 -1691.99
  255 254.5 32.8503 0.014258 -1775.27 -1840.16 -1734.05
  256 255.5 32.8925 0.0142762 -1831.69 -1767.58 -1734.09
  257 256.5 32.8559 0.0142604 -1788.56 -1788.27 -1791.19
  258 257.5 32.8418 0.0142542 -1748.63 -1712.15 -1768.16
  259 258.5 32.8696 0.0142663 -1705.86 -1652.87 -1654.64
  260 259.5 32.8589 0.0142617 -1702.66 -1767.1 -1729.94
  261 260.5 32.825 0.014247 -1719.73 -1770.41 -1754.83
  262 261.5 32.8397 0.0142533 -1670.46 -1693.19 -1679.89
  263 262.5 32.86 0.0142622 -1695.48 -1816.56 -1822.6
  264 263.5 32.8101 0.0142405 -1653.41 -1747.28 -1745.71
  265 264.5 32.8494 0.0142575 -1698.07 -1833.48 -1695.72
  266 265.5 32.8651 0.0142644 -1701.22 -1787.52 -1777.76
  267 266.5 32.8423 0.0142545 -1741.13 -1733.65 -1695.41
  268 267.5 32.8321 0.0142501 -1763.33 -1862.19 -1756.09
  269 268.5 32.8413 0.014254 -1666.23 -1791.88 -1706.88
  270 269.5 32.873 0.0142678 -1690.97 -1748.86 -1710.37
  271 270.5 32.8212 0.0142453 -1802.48 -1722.08 -1822.17
  272 271.5 32.8198 0.0142447 -1691.37 -1651.8 -1729.38
  273 272.5 32.8353 0.0142514 -1599.23 -1660.85 -1770.7
  274 273.5 32.8691 0.0142661 -1698.13 -1659.86 -1679.02
  275 274.5 32.7976 0.0142351 -1658.46 -1676.73 -1745.09
  276 275.5 32.8354 0.0142515 -1608.15 -1652.66 -1744.43
  277 276.5 32.8295 0.0142489 -1684.93 -1751.26 -1788.69
  278 277.5 32.8335 0.0142507 -1750.8 -1720.96 -1698.04
  279 278.5 32.8188 0.0142443 -1588.77 -1651.75 -1738.03
  280 279.5 32.8153 0.0142427 -1650.43 -1650.13 -1727.62
  281 280.5 32.8298 0.014249 -1672.51 -1671.1 -1806.22
  282 281.5 32.8054 0.0142384 -1725.99 -1628.03 -1715.4
  283 282.5 32.8212 0.0142453 -1670.27 -1635.6 -1720.99
  284 283.5 32.8075 0.0142394 -1770.71 -1634.02 -1804.27
  285 284.5 32.8075 0.0142394 -1774.98 -1678.55 -1793.76
  286 285.5 32.8137 0.0142421 -1793.4 -1709.21 -1733.64
  287 286.5 32.8065 0.0142389 -1729.91 -1788.03 -1731.19
  288 287.5 32.7737 0.0142247 -1762.52 -1687.33 -1824.27
  289 288.5 32.7998 0.014236 -1697.87 -1754.18 -1856.26
  290 289.5 32.7786 0.0142268 -1750.31 -1719.17 -1784.46
  291 290.5 32.747 0.0142131 -1717.52 -1644.86 -1845.68
  292 291.5 32.7378 0.0142091 -1701.19 -1632.7 -1878.79
  293 292.5 32.7586 0.0142181 -1648.32 -1633.19 -1935.83
  294 293.5 32.7167 0.0142 -1596.02 -1603.19 -1936.12
  295 294.5 32.6998 0.0141926 -1521.84 -1411.96 -1961.24
  296 295.5 32.6821 0.0141849 -1543.33 -1381.62 -1993.11
  297 296.5 32.6304 0.0141625 -1478.82 -1417.24 -2116.13
  298 297.5 32.5743 0.0141382 -1370.42 -1300.14 -2214.06
  299 298.5 32.5329 0.0141202 -1294.79 -1117.09 -2241.94
  300 299.5 32.4684 0.0140922 -1153.41 -1102.75 -2342.03
  301 300.5 32.3605 0.0140454 -993.047 -975.439 -2438.55
  302 301.5 32.2484 0.0139967 -824.72 -823.3 -2495.71
  303 302.5 32.0769 0.0139223 -715.254 -600.163 -2619.51
  304 303.5 31.9475 0.0138661 -470.655 -419.624 -2613.89
  305 304.5 31.6867 0.0137529 -339.821 -194.065 -2744.98
  306 305.5 31.3964 0.0136269 -74.0037 -35.1322 -2727.77
  307 306.5 31.0957 0.0134964 122.158 170.574 -2752.02
  308 307.5 30.6815 0.0133166 402.392 428.91 -2674.24
  309 308.5 30.2409 0.0131254 584.683 563.391 -2549.34
  310 309.5 29.6568 0.0128719 627.232 624.901 -2457.83
  311 310.5 29.0957 0.0126283 661.629 588.001 -2335.24
  312 311.5 28.4147 0.0123328 630.053 600.516 -2194.83
  313 312.5 27.6195 0.0119876 514.451 606.858 -2084.65
  314 313.5 26.7897 0.0116275 423.806 434.522 -1935.3
  315 314.5 25.9494 0.0112628 311.386 251.532 -1885.62
  316 315.5 25.0023 0.0108517 11.8959 -32.8313 -1837
  317 316.5 24.0022 0.0104176 -162.483 -241.071 -1842.16
  318 317.5 22.9303 0.0099524 -345.457 -417.107 -1932.04
  319 318.5 21.8567 0.00948643 -542.691 -528.803 -2005.13
  320 319.5 20.7258 0.00899556 -800.637 -810.888 -1950.96
  321 320.5 19.5164 0.00847064 -1067.38 -1117.71 -2118.12
  322 321.5 18.2577 0.00792436 -1347.24 -1461.64 -2181.58
  323 322.5 17.0229 0.00738841 -1658.51 -1792.03 -2316.29
  324 323.5 15.7546 0.00683792 -2142.24 -2175.16 -2471.88
  325 324.5 14.476 0.006283 -2641.03 -2620.8 -2515.01
  326 325.5 13.2317 0.00574291 -3278.13 -3286.73 -2794.03
  327 326.5 12.0768 0.00524165 -3999.81 -3928.86 -3041.83
  328 327.5 10.9444 0.00475015 -4741.32 -4707.93 -3530.51
  329 328.5 9.91409 0.00430299 -5433.26 -5417.38 -3977.95
  330 329.5 9.0087 0.00391003 -6338.95 -6299.43 -4476.87
  331 330.5 8.19683 0.00355765 -7203.17 -7188.95 -5145.56
  332 331.5 7.45837 0.00323714 -8085.76 -8007.62 -5836.66
  333 332.5 6.83655 0.00296725 -9006.34 -8938.18 -6587.26
  334 333.5 6.29512 0.00273226 -9665.53 -9680.08 -7554.34
  335 334.5 5.86197 0.00254426 -10311 -10444.1 -8269.48
  336 335.5 5.48488 0.00238059 -11011.4 -11136.1 -9024.44
  337 336.5 5.17345 0.00224542 -11683.8 -11795.7 -9860.28
  338 337.5 4.92614 0.00213808 -12229.5 -12275.4 -10637.4
  339 338.5 4.72007 0.00204864 -12805.9 -12818.6 -11244
  340 339.5 4.56519 0.00198142 -13205.9 -13177.6 -11795.6
  341 340.5 4.40513 0.00191195 -13520.2 -13590.7 -12377.2
  342 341.5 4.29409 0.00186376 -13813.7 -13985.7 -12826.4
  343 342.5 4.19815 0.00182211 -14040.9 -14184.2 -13215.7
  344 343.5 4.13983 0.0017968 -14296.1 -14407.5 -13469.8
  345 344.5 4.07208 0.00176739 -14452.6 -14477.6 -13746
  346 345.5 4.01892 0.00174432 -14532.2 -14456.7 -14017.2
  347 346.5 3.98907 0.00173137 -14657 -14632.8 -14262.2
  348 347.5 3.96239 0.00171979 -14745 -14690.2 -14325.3
  349 348.5 3.93401 0.00170747 -14848 -14717.4 -14445.6
  350 349.5 3.92709 0.00170447 -14831.6 -14641.8 -14501.6
  351 350.5 3.91559 0.00169947 -14884.4 -14795.3 -14608.1
  352 351.5 3.90067 0.001693 -14824 -14770.9 -14669.9
  353 352.5 3.89098 0.00168879 -14810.7 -14820.6 -14737.1
  354 353.5 3.87615 0.00168236 -14774.3 -14842.5 -14807.2
  355 354.5 3.87787 0.0016831 -14897.6 -14826.1 -14794.4
  356 355.5 3.87595 0.00168227 -14855.1 -14735.1 -14749.8
  357 356.5 3.86951 0.00167947 -14944.5 -14666.4 -14816.1
  358 357.5 3.85064 0.00167128 -14944.3 -14725.8 -15007.6
  359 358.5 3.8581 0.00167452 -14927.1 -14824.9 -14824.3
  360 359.5 3.85816 0.00167455 -14833.3 -14912.2 -14907
  361 360.5 3.86569 0.00167782 -14907.5 -14826.5 -14821.8
  362 361.5 3.86317 0.00167672 -14829.8 -14797.3 -14892.7
  363 362.5 3.86028 0.00167547 -14899.3 -14856.4 -14887.1
  364 363.5 3.86299 0.00167664 -14925.3 -14877.1 -14895.2
  365 364.5 3.86522 0.00167761 -14981.1 -14951.6 -14909.8
  366 365.5 3.86593 0.00167792 -14967.4 -15038.6 -14891.9
  367 366.5 3.86139 0.00167595 -14951.8 -15065 -14848.2
  368 367.5 3.86336 0.00167681 -14984.4 -15079.6 -14844.2
  369 368.5 3.85105 0.00167146 -15065.1 -15104.5 -14942
  370 369.5 3.85165 0.00167172 -15123.7 -15060.6 -14931.4
  371 370.5 3.85184 0.00167181 -15107.3 -15077 -14956.8
  372 371.5 3.83918 0.00166631 -15044.2 -15042.7 -14991.1
  373 372.5 3.84169 0.0016674 -15026.5 -15016.1 -14999
  374 373.5 3.85398 0.00167273 -14895.6 -14917.2 -14837.6
  375 374.5 3.85818 0.00167456 -14930.3 -14974.2 -14877.1
  376 375.5 3.84684 0.00166963 -14900.1 -14916.8 -14997.1
  377 376.5 3.84268 0.00166783 -15056.7 -14916.6 -14937.2
  378 377.5 3.85087 0.00167138 -15037 -14855.8 -14892.7
  379 378.5 3.83755 0.0016656 -14979.7 -14811 -15006.5
  380 379.5 3.83651 0.00166515 -14942.7 -14918.8 -14964.4
  381 380.5 3.82602 0.0016606 -15033.8 -14931.6 -15031.3
  382 381.5 3.82301 0.00165929 -14996.7 -14994 -15053.8
  383 382.5 3.82231 0.00165899 -15020.7 -14938.5 -15067.2
  384 383.5 3.83629 0.00166505 -15006 -14898.8 -15001.3
  385 384.5 3.86072 0.00167566 -15052.1 -14891.7 -14825.7
  386 385.5 3.84504 0.00166886 -14887.5 -14942.9 -14944.8
  387 386.5 3.83152 0.00166299 -15028.4 -15011.8 -14965.6
  388 387.5 3.83622 0.00166503 -15059.4 -14985.7 -15030.7
  389 388.5 3.83659 0.00166519 -15056.5 -15074.6 -15034.3
  390 389.5 3.83107 0.00166279 -15044.3 -14939.4 -15019.2
  391 390.5 3.83258 0.00166345 -15047.2 -15126.7 -14975.3
  392 391.5 3.82033 0.00165813 -15135.8 -15157.1 -15054.8
  393 392.5 3.82869 0.00166176 -15259.1 -15188.3 -15000.4
  394 393.5 3.81702 0.00165669 -15178.4 -15090.7 -15074.4
  395 394.5 3.80626 0.00165202 -15067.1 -14981.7 -15097.3
  396 395.5 3.82484 0.00166009 -15040.8 -14935.7 -15051.1
  397 396.5 3.82162 0.00165869 -15044.7 -14901.6 -14979.4
  398 397.5 3.81156 0.00165432 -14937.8 -15035.4 -15094.7
  399 398.5 3.80868 0.00165307 -14964.3 -15083.9 -15076.2
  400 399.5 3.82734 0.00166117 -14983.7 -15014.3 -15034.1
  401 400.5 3.82641 0.00166077 -15035.8 -14987.6 -15032
  402 401.5 3.83154 0.00166299 -15150.1 -14936.5 -15019.8
  403 402.5 3.84454 0.00166864 -15166.3 -15035.8 -14913.8
  404 403.5 3.84445 0.0016686 -15172.9 -15132 -14990.4
  405 404.5 3.84697 0.00166969 -15044.8 -15018.7 -14972
  406 405.5 3.84664 0.00166955 -14939.2 -15083 -14982.7
  407 406.5 3.84559 0.00166909 -14949.2 -15112.5 -14917.2
  408 407.5 3.84148 0.00166731 -15073.2 -15047.6 -15015.6
  409 408.5 3.83603 0.00166494 -15040.8 -15168.2 -14934.3
  410 409.5 3.81735 0.00165684 -15084 -15057.2 -15028.6
  411 410.5 3.82211 0.0016589 -15062.9 -15123.6 -15081.2
  412 411.5 3.8097 0.00165352 -15006.1 -15212.6 -15139
  413 412.5 3.82075 0.00165831 -15060 -15019.7 -15041.5
  414 413.5 3.81569 0.00165612 -15145.3 -14922.5 -15002
  415 414.5 3.82771 0.00166133 -15155.3 -15000 -15057.3
  416 415.5 3.82731 0.00166116 -15069.4 -15033.9 -15003.4
  417 416.5 3.81408 0.00165542 -15296.5 -15045.7 -15111.5
  418 417.5 3.82327 0.00165941 -15057.8 -14980.9 -15018
  419 418.5 3.82389 0.00165967 -15096.8 -15130.9 -15046
  420 419.5 3.82848 0.00166167 -15023.4 -15195.9 -14990.2
  421 420.5 3.82288 0.00165924 -15067.8 -15190.3 -14990.7
  422 421.5 3.82445 0.00165992 -15068.1 -15173.9 -15064.2
  423 422.5 3.82329 0.00165941 -15177.6 -15160.9 -15040.7
  424 423.5 3.81927 0.00165767 -15190.9 -15187 -15071.5
  425 424.5 3.82072 0.0016583 -15106.7 -15041.9 -15050.5
  426 425.5 3.83113 0.00166282 -15013.5 -15084.4 -14991.3
  427 426.5 3.84417 0.00166848 -15165 -15130.6 -14964.4
  428 427.5 3.82567 0.00166045 -15197.7 -15113.8 -15068
  429 428.5 3.81381 0.0016553 -15079.5 -15006.6 -15037.8
  430 429.5 3.82602 0.0016606 -15143.5 -15045.1 -15038.1
  431 430.5 3.82068 0.00165828 -15203.2 -14990.5 -15055.4
  432 431.5 3.82632 0.00166073 -15211.6 -15069.1 -15011.4
  433 432.5 3.81461 0.00165565 -15090.3 -15000.6 -15049.9
  434 433.5 3.82521 0.00166025 -15018.9 -15029 -15000.3
  435 434.5 3.82087 0.00165836 -15042.2 -15015.1 -15032
  436 435.5 3.81689 0.00165664 -15142.8 -14970.8 -15048.5
  437 436.5 3.80901 0.00165322 -15208.3 -15113.2 -15124.6
  438 437.5 3.81812 0.00165717 -14979 -15092.3 -15021.6
  439 438.5 3.83156 0.001663 -15076.2 -15037.6 -14957.5
  440 439.5 3.83483 0.00166442 -15082.1 -15003.6 -15022.2
  441 440.5 3.83872 0.00166611 -15003.3 -15039.6 -14892.9
  442 441.5 3.86892 0.00167922 -14998.9 -14990.2 -14815.9
  443 442.5 3.86232 0.00167635 -14930.6 -14872.3 -14794.9
  444 443.5 3.85471 0.00167305 -14903.6 -14876.5 -14871.4
  445 444.5 3.87296 0.00168097 -14829 -14889.7 -14753.2
  446 445.5 3.88921 0.00168803 -14985.1 -14751.1 -14644.8
  447 446.5 3.89811 0.00169189 -14743.4 -14706.4 -14577.4
  448 447.5 3.9259 0.00170395 -14651.1 -14755.5 -14474.7
  449 448.5 3.95557 0.00171683 -14523.3 -14510.4 -14317.5
  450 449.5 3.99103 0.00173222 -14583.1 -14481.8 -14145.7
  451 450.5 4.05525 0.00176009 -14491.2 -14146.4 -13810.2
  452 451.5 4.10471 0.00178156 -14257.3 -14065.2 -13625.5
  453 452.5 4.18843 0.00181789 -14038.4 -13909.1 -13256.4
  454 453.5 4.28915 0.00186161 -13769.5 -13840.5 -12844.5
  455 454.5 4.40976 0.00191396 -13445.1 -13449.6 -12410.4
  456 455.5 4.55521 0.00197709 -13002.5 -13101.4 -11746.7
  457 456.5 4.72187 0.00204942 -12702.4 -12721.7 -11299
  458 457.5 4.9243 0.00213728 -12150.1 -12306.2 -10644.6
  459 458.5 5.19376 0.00225423 -11639.7 -11747.9 -9860.93
  460 459.5 5.50285 0.00238839 -11110.7 -11126.4 -9063.41
  461 460.5 5.87495 0.00254989 -10378.2 -10364.3 -8317.44
  462 461.5 6.32676 0.00274599 -9599.95 -9630.05 -7543.52
  463 462.5 6.81795 0.00295918 -8838.27 -8877.09 -6832.8
  464 463.5 7.42108 0.00322095 -7979.19 -8154.6 -6007.84
  465 464.5 8.09992 0.00351559 -7137.57 -7301.66 -5388
  466 465.5 8.88058 0.00385442 -6435.42 -6499.34 -4719.01
  467 466.5 9.71184 0.00421521 -5698.49 -5725.94 -4256.14
  468 467.5 10.6626 0.00462789 -4805.53 -4943.5 -3835.95
  469 468.5 11.6572 0.00505955 -4210.15 -4235.96 -3570.72
  470 469.5 12.7284 0.00552447 -3523.47 -3532.61 -3241.5
  471 470.5 13.8755 0.00602236 -2936.86 -2980.98 -3035.75
  472 471.5 15.0174 0.00651797 -2465.65 -2531.65 -2939.64
  473 472.5 16.1789 0.00702211 -2019.06 -2132.9 -2882.98
  474 473.5 17.2745 0.00749763 -1686.81 -1696.9 -2918.97
  475 474.5 18.3856 0.00797985 -1487.36 -1475.19 -2907.97
  476 475.5 19.4101 0.00842454 -1255.19 -1259.68 -2943.58
  477 476.5 20.3963 0.00885257 -1038.12 -1054.2 -2917.7
  478 477.5 21.2717 0.00923249 -1054.28 -1017.31 -2999.59
  479 478.5 22.046 0.00956857 -948.868 -1050.33 -3101.22
  480 479.5 22.8081 0.00989936 -990.924 -1035.64 -2948.28
40000000 480 10373.000000000004
  1 0.5 20.7997 0.00902764 -1125.16 -1041.25 -2923.82
  2 1.5 21.6138 0.00938099 -1017.28 -998.212 -2944.9
  3 2.5 22.3442 0.00969801 -1100.31 -996.236 -2995.84
  4 3.5 23.0545 0.0100063 -1072.09 -1059.47 -2957.66
  5 4.5 23.6213 0.0102523 -1130.53 -1094.02 -2936.73
  6 5.5 24.1213 0.0104693 -1150.84 -1190.39 -2923.81
  7 6.5 24.5828 0.0106696 -1178.4 -1204.97 -2923.68
  8 7.5 24.9853 0.0108443 -1270.32 -1320.47 -2833.03
  9 8.5 25.3103 0.0109854 -1396.22 -1405.83 -2776.03
  10 9.5 25.5982 0.0111103 -1499 -1479.84 -2760.6
  11 10.5 25.8325 0.011212 -1421.5 -1482.75 -2681.6
  12 11.5 26.0245 0.0112954 -1568.41 -1632.34 -2667.41
  13 12.5 26.1819 0.0113637 -1710.47 -1652.29 -2604.65
  14 13.5 26.364 0.0114427 -1707.08 -1658.82 -2526.83
  15 14.5 26.4814 0.0114936 -1812.95 -1671.02 -2472.38
  16 15.5 26.5299 0.0115147 -1847.09 -1747.69 -2465.62
  17 16.5 26.6212 0.0115544 -1852.76 -1971.03 -2363.77
  18 17.5 26.7189 0.0115967 -1907.32 -1861.05 -2294.03
  19 18.5 26.7327 0.0116028 -1951.1 -1921.16 -2375.72
  20 19.5 26.8003 0.0116321 -1842.41 -1903.36 -2261.88
  21 20.5 26.8494 0.0116534 -1989.94 -2039.16 -2273.54
  22 21.5 26.8816 0.0116673 -2074.21 -1985.86 -2221.56
  23 22.5 26.9053 0.0116776 -2004.96 -1995.82 -2207.94
  24 23.5 26.9439 0.0116944 -1994.31 -1917.81 -2189.41
  25 24.5 26.9688 0.0117052 -2008.1 -1978.56 -2160.7
  26 25.5 26.9642 0.0117032 -2041.52 -2082.22 -2163.38
  27 26.5 26.9979 0.0117178 -2119.58 -2136.07 -2155.96
  28 27.5 27.0075 0.011722 -2032.6 -2161.41 -2158.91
  29 28.5 26.9875 0.0117133 -2055.98 -2060.79 -2177.59
  30 29.5 27.0255 0.0117298 -2084.52 -2135.88 -2151.72
  31 30.5 27.0304 0.0117319 -2181.26 -2146.36 -2121.82
  32 31.5 27.0184 0.0117267 -2046.92 -2084.5 -2128.21
  33 32.5 27.0303 0.0117319 -2059.35 -2093.2 -2137.33
  34 33.5 27.0374 0.011735 -2102.71 -2016.33 -2104.08
  35 34.5 27.0192 0.0117271 -2084.72 -2102.02 -2075.2
  36 35.5 27.032 0.0117327 -2038.46 -2025.01 -2090.2
  37 36.5 27.0368 0.0117347 -2098.88 -2155.89 -2106.74
  38 37.5 26.9975 0.0117177 -2107.9 -2185.73 -2201.53
  39 38.5 27.0385 0.0117355 -2112.43 -2068.15 -2107.6
  40 39.5 27.0565 0.0117433 -2036.14 -2031.72 -2085.48
  41 40.5 27.0495 0.0117402 -1976.67 -2050.75 -2086.87
  42 41.5 27.0413 0.0117367 -1999.6 -2110.91 -2091.97
  43 42.5 27.0391 0.0117357 -2118.3 -2124.59 -2086.29
  44 43.5 27.0754 0.0117515 -1991.97 -2120.28 -2058.02
  45 44.5 27.0393 0.0117358 -2077.44 -2101.97 -2138.13
  46 45.5 27.0206 0.0117277 -2055.31 -2037.74 -2174.93
  47 46.5 27.0772 0.0117523 -2105.67 -2069.13 -2088.44
  48 47.5 27.1014 0.0117628 -2137.15 -2021.1 -2072.4
  49 48.5 27.054 0.0117422 -2125.46 -2114.97 -2120.51
  50 49.5 27.0763 0.0117519 -2098.35 -2134.81 -2092.49
  51 50.5 27.0767 0.011752 -2097.05 -2083.18 -2113.76
  52 51.5 27.0693 0.0117488 -2056.42 -2009.41 -2108.4
  53 52.5 27.0832 0.0117549 -2102.5 -1978.28 -2062.32
  54 53.5 27.0543 0.0117423 -2170.45 -2006.75 -2122.94
  55 54.5 27.1006 0.0117624 -2166.57 -2133.89 -2114.26
  56 55.5 27.0688 0.0117486 -2185.96 -2146.88 -2068.14
  57 56.5 27.0729 0.0117504 -2210.11 -2118.14 -2114.14
  58 57.5 27.0807 0.0117538 -2158.63 -2116.5 -2130.11
  59 58.5 27.116 0.0117691 -2206.12 -2125.14 -2071.74
  60 59.5 27.0456 0.0117385 -2129 -2173.67 -2132.59
  61 60.5 27.0975 0.011761 -2172.39 -2162.97 -2087.02
  62 61.5 27.1049 0.0117643 -2216.45 -2220.22 -2105.99
  63 62.5 27.0881 0.011757 -2089.13 -2062.82 -2044.63
  64 63.5 27.0728 0.0117503 -2090.14 -2121.11 -2145.04
  65 64.5 27.1089 0.011766 -2111.57 -2080.88 -2139.13
  66 65.5 27.0725 0.0117502 -2090.41 -2072.49 -2118.66
  67 66.5 27.1296 0.011775 -2036.57 -2070.38 -2052.9
  68 67.5 27.0834 0.0117549 -2079.18 -2070.17 -2046.86
  69 68.5 27.117 0.0117695 -2067.32 -2058.48 -2153.85
  70 69.5 27.0968 0.0117607 -2049.47 -2048.71 -2139.19
  71 70.5 27.1282 0.0117744 -2013.07 -2071.56 -2048.12
  72 71.5 27.1073 0.0117653 -2029.42 -2052.24 -2103.7
  73 72.5 27.0771 0.0117522 -2144.81 -2135.13 -2119.36
  74 73.5 27.0989 0.0117617 -2063.42 -2089.79 -2112.35
  75 74.5 27.1289 0.0117747 -2035.13 -2015.9 -2070.09
  76 75.5 27.0958 0.0117603 -2206.31 -2083.28 -2153.09
  77 76.5 27.0807 0.0117538 -2107.62 -2009.75 -2075.73
  78 77.5 27.1189 0.0117703 -2070.19 -2096.92 -2090.08
  79 78.5 27.1126 0.0117676 -2050.52 -2106.92 -2136.59
  80 79.5 27.1075 0.0117654 -2060.76 -2094.01 -2093.24
  81 80.5 27.0926 0.0117589 -2075.75 -2026.97 -2087.71
  82 81.5 27.1311 0.0117757 -2129.9 -2122.52 -2087.94
  83 82.5 27.1317 0.0117759 -2065.27 -2145.4 -2111.66
  84 83.5 27.0814 0.0117541 -2041.69 -2125.06 -2128.67
  85 84.5 27.1158 0.011769 -2114.39 -2093.94 -2072.42
  86 85.5 27.1054 0.0117645 -2045.38 -2045.57 -2086.89
  87 86.5 27.0986 0.0117616 -2045.83 -2037.74 -2128.27
  88 87.5 27.0921 0.0117587 -2068.06 -2151.01 -2116.49
  89 88.5 27.1091 0.0117661 -2017.68 -2111.54 -2052.12
  90 89.5 27.0991 0.0117618 -2057.08 -2133.64 -2098.96
  91 90.5 27.1041 0.0117639 -2061.83 -2199.98 -2120.9
  92 91.5 27.051 0.0117409 -2100.84 -2153.2 -2133.68
  93 92.5 27.1015 0.0117628 -2040.8 -2102.91 -2081.77
  94 93.5 27.1023 0.0117632 -2082.43 -2130.78 -2102.82
  95 94.5 27.0828 0.0117547 -2078.92 -2076.79 -2091.14
  96 95.5 27.0711 0.0117496 -2088.12 -2075.32 -2103.36
  97 96.5 27.0883 0.0117571 -2130.31 -2073.22 -2081.95
  98 97.5 27.1078 0.0117655 -2083.17 -2119.64 -2093.7
  99 98.5 27.0596 0.0117446 -2015.67 -2054.61 -2115.37
  100 99.5 27.0725 0.0117502 -2047.11 -2056.81 -2095.88
  101 100.5 27.0869 0.0117565 -2109.28 -2080.29 -2114.75
  102 101.5 27.0672 0.0117479 -2086.56 -2031.93 -2082.94
  103 102.5 27.041 0.0117366 -2154.49 -2117.82 -2128.52
  104 103.5 27.0801 0.0117535 -2151.19 -2123.43 -2097.35
  105 104.5 27.0741 0.0117509 -2139.98 -2045.77 -2085.31
  106 105.5 27.0748 0.0117512 -2192.59 -2127.41 -2111.68
  107 106.5 27.0581 0.011744 -2090.44 -2093.64 -2148.82
  108 107.5 27.0938 0.0117594 -2059.72 -2099.96 -2065.3
  109 108.5 27.0947 0.0117599 -1994.95 -2084.33 -2070.3
  110 109.5 27.081 0.0117539 -2013.55 -2149.86 -2164.9
  111 110.5 27.0562 0.0117432 -2093.54 -2228.35 -2101.28
  112 111.5 27.0791 0.0117531 -2042.2 -2087.6 -2115.44
  113 112.5 27.081 0.0117539 -2040.29 -2067.44 -2055.31
  114 113.5 27.0497 0.0117403 -2002.67 -2073.83 -2129.31
  115 114.5 27.0121 0.011724 -2007.45 -2065.97 -2152.4
  116 115.5 27.0739 0.0117508 -2085.71 -2095.11 -2140.82
  117 116.5 27.0597 0.0117447 -2137.41 -2099.95 -2052.57
  118 117.5 27.029 0.0117313 -2059.98 -2066.7 -2061.89
  119 118.5 27.0576 0.0117438 -2090.88 -2150.49 -2170.93
  120 119.5 27.0511 0.0117409 -2022.45 -2141.96 -2090.13
  121 120.5 27.0507 0.0117408 -2145.01 -2117.09 -2135.15
  122 121.5 27.0293 0.0117315 -2158.14 -2096.49 -2096.57
  123 122.5 27.0765 0.011752 -2127.11 -2119.01 -2108.57
  124 123.5 27.0475 0.0117394 -1994.03 -2087.72 -2095.42
  125 124.5 27.0341 0.0117335 -2063.86 -2112.84 -2158.56
  126 125.5 27.0257 0.0117299 -2078.83 -2036.52 -2162.92
  127 126.5 27.0246 0.0117294 -2095.88 -2116.75 -2156.39
  128 127.5 27.042 0.011737 -2126.5 -2054.25 -2117.3
  129 128.5 27.0198 0.0117273 -2192.06 -2081.26 -2116.02
  130 129.5 26.9954 0.0117167 -2122.99 -2129.82 -2189.11
  131 130.5 26.9658 0.0117039 -1996.58 -2124.56 -2208.08
  132 131.5 26.9708 0.0117061 -2089.57 -2099.93 -2142.01
  133 132.5 26.9523 0.0116981 -2025.47 -2091.61 -2152.07
  134 133.5 26.9441 0.0116945 -2112.94 -2029.48 -2217.38
  135 134.5 26.8654 0.0116603 -2025.77 -2026.69 -2247.37
  136 135.5 26.856 0.0116563 -2060.13 -1941.88 -2133.64
  137 136.5 26.8264 0.0116434 -2033.41 -1975.46 -2235.93
  138 137.5 26.7779 0.0116223 -2016.09 -2030.56 -2195.4
  139 138.5 26.7418 0.0116067 -2016.76 -2010.64 -2203.05
  140 139.5 26.6518 0.0115676 -1943 -1910.97 -2191.92
  141 140.5 26.5933 0.0115422 -2017.46 -1966.66 -2210.2
  142 141.5 26.5288 0.0115142 -1995.45 -1994.1 -2195.95
  143 142.5 26.5104 0.0115063 -1924.36 -2023.93 -2049.74
  144 143.5 26.3979 0.0114574 -1961.05 -1992.45 -1963.89
  145 144.5 26.2969 0.0114136 -2031.35 -2023.37 -2025.75
  146 145.5 26.2795 0.011406 -2022.4 -2036.23 -1866.28
  147 146.5 26.203 0.0113728 -2051.39 -2099.59 -1718.96
  148 147.5 26.1989 0.011371 -2105.55 -2090.47 -1532.88
  149 148.5 26.2418 0.0113897 -2105.73 -2159.47 -1444.85
  150 149.5 26.3053 0.0114172 -2082.03 -2061.83 -1223.19
  151 150.5 26.4552 0.0114823 -2085.37 -2030.81 -1054.2
  152 151.5 26.6619 0.011572 -1897.54 -1856.58 -931.994
  153 152.5 26.9509 0.0116974 -1673.89 -1600.92 -947.834
  154 153.5 27.3251 0.0118599 -1253.94 -1275.9 -868.158
  155 154.5 27.7551 0.0120465 -942.428 -994.833 -968.437
  156 155.5 28.2432 0.0122583 -560.271 -521.714 -1088.02
  157 156.5 28.7484 0.0124776 -296.189 -280.453 -1335.73
  158 157.5 29.2817 0.0127091 -25.5068 -94.7462 -1505
  159 158.5 29.7651 0.0129189 206.733 230.331 -1749.87
  160 159.5 30.2566 0.0131322 219.399 269.768 -1963.44
  161 160.5 30.7158 0.0133315 143.436 218.383 -2257.88
  162 161.5 31.0679 0.0134843 13.6343 38.6994 -2368.68
  163 162.5 31.3987 0.0136279 -34.4231 -82.5415 -2391.79
  164 163.5 31.7224 0.0137684 -218.612 -229.476 -2507.14
  165 164.5 31.9297 0.0138584 -426.489 -366.613 -2507.1
  166 165.5 32.1207 0.0139413 -625.909 -615.505 -2528.54
  167 166.5 32.2679 0.0140052 -724.158 -672.583 -2471
  168 167.5 32.3952 0.0140604 -917.054 -950.79 -2413.9
  169 168.5 32.5097 0.0141101 -1112.71 -1061.11 -2276.52
  170 169.5 32.5892 0.0141446 -1308.58 -1198.36 -2229.26
  171 170.5 32.6422 0.0141676 -1449.22 -1347.01 -2238.17
  172 171.5 32.7041 0.0141945 -1404.01 -1326.7 -2175.47
  173 172.5 32.7249 0.0142035 -1414.02 -1417.69 -1958.32
  174 173.5 32.7577 0.0142177 -1495.72 -1455 -2023.87
  175 174.5 32.7887 0.0142312 -1465.47 -1471.92 -1959.05
  176 175.5 32.7967 0.0142347 -1543.64 -1509.13 -1865.64
  177 176.5 32.812 0.0142413 -1496.88 -1585.12 -1867.28
  178 177.5 32.8198 0.0142447 -1644.64 -1612.35 -1853.29
  179 178.5 32.7905 0.014232 -1635.07 -1645.33 -1843.34
  180 179.5 32.8495 0.0142576 -1595.76 -1616.4 -1806.36
  181 180.5 32.8356 0.0142516 -1663.96 -1657.31 -1819.59
  182 181.5 32.8285 0.0142485 -1757.57 -1708.9 -1743.29
  183 182.5 32.8315 0.0142498 -1744.82 -1679.35 -1742.69
  184 183.5 32.8209 0.0142452 -1815.76 -1790.14 -1748.5
  185 184.5 32.8413 0.014254 -1851.21 -1765.16 -1789.44
  186 185.5 32.8096 0.0142403 -1610.99 -1817.23 -1708.21
  187 186.5 32.8222 0.0142457 -1746.83 -1733.17 -1747.58
  188 187.5 32.8448 0.0142555 -1815.45 -1867.97 -1716.71
  189 188.5 32.8133 0.0142419 -1617.08 -1724.39 -1708.29
  190 189.5 32.8056 0.0142386 -1637.33 -1706.6 -1736.59
  191 190.5 32.8332 0.0142505 -1701.07 -1787.1 -1762.47
  192 191.5 32.8335 0.0142507 -1679.27 -1737.6 -1705.08
  193 192.5 32.806 0.0142387 -1792.28 -1625.58 -1701.12
  194 193.5 32.8344 0.014251 -1811.92 -1730.88 -1806.21
  195 194.5 32.8262 0.0142475 -1741.24 -1764.03 -1751.61
  196 195.5 32.8431 0.0142548 -1701.87 -1623.04 -1605.02
  197 196.5 32.8361 0.0142518 -1772.45 -1752.34 -1719.86
  198 197.5 32.8711 0.0142669 -1822.07 -1722.06 -1740.78
  199 198.5 32.8074 0.0142393 -1694.5 -1751.35 -1759.1
  200 199.5 32.8389 0.014253 -1817.21 -1807.27 -1755.15
  201 200.5 32.8664 0.0142649 -1770.47 -1711.83 -1742.36
  202 201.5 32.8715 0.0142671 -1757.91 -1790.65 -1659.8
  203 202.5 32.8136 0.014242 -1697.25 -1757.09 -1748.36
  204 203.5 32.8618 0.0142629 -1657.62 -1745.1 -1725.76
  205 204.5 32.8614 0.0142628 -1657.28 -1751.89 -1787.55
  206 205.5 32.8307 0.0142494 -1627.63 -1688.72 -1670.49
  207 206.5 32.859 0.0142617 -1751.93 -1686.45 -1742.59
  208 207.5 32.8628 0.0142634 -1749.56 -1749.84 -1748.78
  209 208.5 32.85 0.0142578 -1702.28 -1763.8 -1696.95
  210 209.5 32.8547 0.0142599 -1775.62 -1793.63 -1719
  211 210.5 32.8695 0.0142663 -1805.57 -1728.49 -1738.78
  212 211.5 32.8691 0.0142661 -1763.81 -1753.34 -1813.49
  213 212.5 32.834 0.0142509 -1802.6 -1742.18 -1720.3
  214 213.5 32.8406 0.0142537 -1658.58 -1735.56 -1674.29
  215 214.5 32.8923 0.0142762 -1755.38 -1725.77 -1751.68
  216 215.5 32.8498 0.0142577 -1700.31 -1697.55 -1728.18
  217 216.5 32.8064 0.0142389 -1759.65 -1752.92 -1771.9
  218 217.5 32.8483 0.0142571 -1854.76 -1622.69 -1715.41
  219 218.5 32.879 0.0142704 -1754.75 -1619.56 -1702.44
  220 219.5 32.8255 0.0142472 -1835.76 -1709.81 -1722.93
  221 220.5 32.8004 0.0142363 -1833.83 -1798.54 -1755.99
  222 221.5 32.8607 0.0142625 -1670.37 -1752.09 -1718.56
  223 222.5 32.8449 0.0142556 -1708.48 -1760.13 -1674.27
  224 223.5 32.8096 0.0142403 -1733.84 -1766.91 -1755.38
  225 224.5 32.8191 0.0142444 -1784.34 -1833.82 -1747.8
  226 225.5 32.8608 0.0142625 -1718.93 -1813.21 -1752.92
  227 226.5 32.8428 0.0142547 -1759.8 -1846.65 -1732.93
  228 227.5 32.8033 0.0142375 -1782.14 -1780.3 -1666.54
  229 228.5 32.8503 0.014258 -1767.95 -1748.84 -1704.89
  230 229.5 32.8402 0.0142536 -1798.61 -1809.89 -1758.13
  231 230.5 32.8229 0.0142461 -1740.3 -1759.94 -1774.39
  232 231.5 32.8217 0.0142455 -1730.14 -1816.43 -1701.99
  233 232.5 32.8225 0.0142459 -1705.26 -1742.88 -1706.19
  234 233.5 32.8645 0.0142641 -1728.66 -1752.1 -1739.83
  235 234.5 32.8375 0.0142524 -1739.67 -1811.51 -1732.28
  236 235.5 32.8153 0.0142427 -1743.97 -1802.21 -1707.01
  237 236.5 32.8583 0.0142614 -1792.03 -1793.66 -1759.78
  238 237.5 32.8416 0.0142541 -1678.61 -1677.2 -1698.65
  239 238.5 32.8237 0.0142464 -1776.06 -1725.9 -1753.2
  240 239.5 32.831 0.0142496 -1791.22 -1722.03 -1718.05
  241 240.5 32.8526 0.0142589 -1806.55 -1703.29 -1762.23
  242 241.5 32.8409 0.0142539 -1849.51 -1785.44 -1723.93
  243 242.5 32.8017 0.0142369 -1682.57 -1778.93 -1733.31
  244 243.5 32.8718 0.0142673 -1749.11 -1767.28 -1759.4
  245 244.5 32.8426 0.0142546 -1606.82 -1660.33 -1677.06
  246 245.5 32.8108 0.0142408 -1838.69 -1753.79 -1733.21
  247 246.5 32.8263 0.0142475 -1651.1 -1700.38 -1711.32
  248 247.5 32.8792 0.0142705 -1752.36 -1731.92 -1769.18
  249 248.5 32.8216 0.0142455 -1750.17 -1781.37 -1709.05
  250 249.5 32.8092 0.0142401 -1832.33 -1749.24 -1780.34
  251 250.5 32.864 0.0142639 -1700.84 -1761.34 -1681.75
  252 251.5 32.8636 0.0142637 -1747.26 -1738.26 -1713.55
  253 252.5 32.7903 0.0142319 -1726.31 -1710.37 -1774.41
  254 253.5 32.8202 0.0142449 -1744.7 -1703.86 -1768.88
  255 254.5 32.8674 0.0142654 -1723 -1734.4 -1692.21
  256 255.5 32.8551 0.01426 -1760.06 -1709.92 -1693.41
  257 256.5 32.7873 0.0142306 -1737.37 -1740.66 -1786.18
  258 257.5 32.8325 0.0142502 -1733.16 -1819.56 -1712.28
  259 258.5 32.8567 0.0142607 -1698.99 -1741.96 -1736.24
  260 259.5 32.8277 0.0142481 -1778.25 -1757.54 -1694.77
  261 260.5 32.788 0.0142309 -1846.88 -1737.54 -1803.44
  262 261.5 32.848 0.0142569 -1768.11 -1689.22 -1690.61
  263 262.5 32.8596 0.014262 -1761.23 -1729.08 -1706.66
  264 263.5 32.7925 0.0142329 -1794.66 -1723.93 -1726.97
  265 264.5 32.7878 0.0142308 -1705.76 -1691.22 -1760.25
  266 265.5 32.8365 0.014252 -1743.93 -1667.37 -1714.33
  267 266.5 32.8416 0.0142542 -1751.7 -1712.75 -1734.49
  268 267.5 32.7799 0.0142274 -1734.73 -1669.08 -1749.76
  269 268.5 32.8212 0.0142453 -1750.99 -1752.72 -1684.72
  270 269.5 32.8328 0.0142503 -1788.63 -1836.61 -1718.42
  271 270.5 32.8266 0.0142476 -1747.92 -1740.21 -1721.53
  272 271.5 32.7987 0.0142356 -1781.03 -1774.27 -1783.1
  273 272.5 32.8054 0.0142385 -1690.96 -1632.78 -1731.16
  274 273.5 32.8482 0.014257 -1675.59 -1728.25 -1679.16
  275 274.5 32.7885 0.0142311 -1768.8 -1797.5 -1857.73
  276 275.5 32.8183 0.0142441 -1726.87 -1745.09 -1599.84
  277 276.5 32.8401 0.0142535 -1662.69 -1609.11 -1773.52
  278 277.5 32.7902 0.0142318 -1558.35 -1763.74 -1734.94
  279 278.5 32.7895 0.0142316 -1679.59 -1645.35 -1720.93
  280 279.5 32.7988 0.0142356 -1744.54 -1755.64 -1797.05
  281 280.5 32.8254 0.0142471 -1740.96 -1649.02 -1739.57
  282 281.5 32.773 0.0142244 -1702.98 -1698.22 -1685.24
  283 282.5 32.7842 0.0142292 -1808.95 -1818.84 -1799.51
  284 283.5 32.8095 0.0142402 -1626.41 -1691.8 -1732.14
  285 284.5 32.7934 0.0142332 -1636.86 -1702.32 -1752.7
  286 285.5 32.7558 0.0142169 -1705.99 -1742.88 -1820.16
  287 286.5 32.8068 0.0142391 -1604.07 -1671.48 -1702.6
  288 287.5 32.7742 0.0142249 -1632.84 -1600.82 -1761.48
  289 288.5 32.7516 0.0142151 -1664.16 -1636.81 -1820.87
  290 289.5 32.7628 0.01422 -1656.16 -1625.2 -1756.79
  291 290.5 32.749 0.014214 -1715.26 -1674.9 -1858.06
  292 291.5 32.7401 0.0142101 -1641.04 -1637.75 -1878.88
  293 292.5 32.7009 0.0141931 -1603.69 -1593.14 -1857.45
  294 293.5 32.7126 0.0141982 -1615.9 -1731.84 -1905.54
  295 294.5 32.6759 0.0141822 -1573.1 -1674.13 -2092.94
  296 295.5 32.6512 0.0141715 -1483.93 -1561.29 -1970.02
  297 296.5 32.6776 0.014183 -1475.07 -1418.96 -1993.34
  298 297.5 32.5745 0.0141382 -1344.25 -1329.76 -2128.22
  299 298.5 32.5154 0.0141126 -1334.7 -1222.01 -2330.08
  300 299.5 32.4541 0.014086 -1129.7 -1144.29 -2319.87
  301 300.5 32.397 0.0140612 -998.559 -906.61 -2356.37
  302 301.5 32.2601 0.0140018 -887.078 -867.2 -2479.45
  303 302.5 32.1255 0.0139433 -867.269 -837.57 -2578.66
  304 303.5 31.9705 0.0138761 -536.161 -600.91 -2573.1
  305 304.5 31.7316 0.0137724 -331.441 -288.076 -2703.22
  306 305.5 31.4679 0.013658 -89.0417 -1.84102 -2694.87
  307 306.5 31.1558 0.0135225 170.934 162.604 -2652.83
  308 307.5 30.7783 0.0133586 363.838 328.424 -2568.84
  309 308.5 30.3218 0.0131605 392.644 472.871 -2502.63
  310 309.5 29.8118 0.0129392 424.83 488.439 -2392.26
  311 310.5 29.2357 0.0126891 503.241 540.682 -2207.61
  312 311.5 28.6014 0.0124138 437.165 391.454 -2067.21
  313 312.5 27.8677 0.0120953 275.864 334.328 -1905.16
  314 313.5 27.1481 0.011783 49.6487 83.2152 -1820.21
  315 314.5 26.3786 0.011449 -141.063 -54.3197 -1766.76
  316 315.5 25.5191 0.011076 -251.65 -256.466 -1721.63
  317 316.5 24.6592 0.0107028 -466.259 -477.8 -1749.61
  318 317.5 23.796 0.0103281 -653.588 -682.311 -1842.46
  319 318.5 22.857 0.00992058 -812.188 -842.294 -1922.45
  320 319.5 21.9287 0.00951768 -1105.74 -1072.02 -2039.93
  321 320.5 20.9291 0.0090838 -1177.27 -1224.06 -2212.61
  322 321.5 19.9056 0.00863957 -1356.73 -1403.94 -2304.41
  323 322.5 18.884 0.00819616 -1547.29 -1511.55 -2387.79
  324 323.5 17.8121 0.00773096 -1831.4 -1789.77 -2561.96
  325 324.5 16.6839 0.00724128 -2069.75 -2030.93 -2704.42
  326 325.5 15.6014 0.00677144 -2329.46 -2335.43 -2842.98
  327 326.5 14.5419 0.0063116 -2764.13 -2735.52 -3059.84
  328 327.5 13.4718 0.00584712 -3173.67 -3152.97 -3203.31
  329 328.5 12.4377 0.00539832 -3674.57 -3642.64 -3441.45
  330 329.5 11.4623 0.00497498 -4176.07 -4140.84 -3774.8
  331 330.5 10.5543 0.00458086 -4782.41 -4845.31 -4072.24
  332 331.5 9.67528 0.00419934 -5416.41 -5488.34 -4510
  333 332.5 8.8988 0.00386233 -6250.01 -6249.93 -4949.6
  334 333.5 8.17101 0.00354645 -6882.21 -6860.71 -5495.44
  335 334.5 7.54471 0.00327461 -7715.85 -7733.84 -6056.29
  336 335.5 6.95164 0.00301721 -8466.62 -8446.9 -6761.72
  337 336.5 6.4514 0.00280009 -9060.14 -9144.58 -7448.56
  338 337.5 6.02401 0.00261459 -9785.32 -9834.82 -8074.77
  339 338.5 5.64426 0.00244977 -10601.1 -10543.2 -8802.17
  340 339.5 5.31982 0.00230895 -11330.2 -11182.2 -9601.14
  341 340.5 5.04905 0.00219143 -11925 -11767 -10321.6
  342 341.5 4.80718 0.00208645 -12324.5 -12282.2 -10952.2
  343 342.5 4.62204 0.0020061 -12851.4 -12822.9 -11527.9
  344 343.5 4.47633 0.00194285 -13240 -13085.3 -11992.4
  345 344.5 4.3305 0.00187956 -13612 -13581.4 -12608.4
  346 345.5 4.22023 0.0018317 -13950.8 -13937.7 -13012.2
  347 346.5 4.13792 0.00179597 -14136.4 -14219.3 -13370.3
  348 347.5 4.06143 0.00176277 -14375.2 -14364.5 -13709.9
  349 348.5 3.98861 0.00173117 -14460.9 -14400.2 -14007.2
  350 349.5 3.94397 0.00171179 -14581.7 -14468.9 -14243.7
  351 350.5 3.92172 0.00170214 -14665 -14607.6 -14371.9
  352 351.5 3.9028 0.00169392 -14706.5 -14694.3 -14485.4
  353 352.5 3.87326 0.0016811 -14733.2 -14678.7 -14532.3
  354 353.5 3.85556 0.00167342 -14796.3 -14845.4 -14697.9
  355 354.5 3.84411 0.00166845 -15017.4 -14854.3 -14810.5
  356 355.5 3.84344 0.00166816 -15187.2 -14983.9 -14755.6
  357 356.5 3.83946 0.00166643 -15008.7 -14935.7 -14839.7
  358 357.5 3.81876 0.00165745 -14948.8 -15034.3 -14958.7
  359 358.5 3.81902 0.00165756 -14962.4 -14758 -14945
  360 359.5 3.82182 0.00165878 -14995.9 -14855.3 -14905.2
  361 360.5 3.83709 0.0016654 -15057.6 -15002.9 -14845.8
  362 361.5 3.82604 0.00166061 -15002 -14953.9 -14929.8
  363 362.5 3.81624 0.00165635 -15046 -15045.6 -14977.3
  364 363.5 3.81441 0.00165556 -15108.7 -15108.1 -14981.6
  365 364.5 3.81472 0.00165569 -15029.6 -15120.9 -14958.2
  366 365.5 3.8295 0.00166211 -14875 -14972.9 -14878.7
  367 366.5 3.81776 0.00165701 -14905.3 -15091.5 -15043.4
  368 367.5 3.82004 0.001658 -15006.4 -15085.2 -14925.1
  369 368.5 3.81106 0.00165411 -15002.8 -14982.2 -15010.6
  370 369.5 3.8091 0.00165326 -15042.7 -15089.9 -15031.7
  371 370.5 3.81218 0.00165459 -15001.3 -15027.3 -14996.3
  372 371.5 3.81041 0.00165382 -14878 -14989.8 -14976.9
  373 372.5 3.80816 0.00165285 -14906.9 -15006.2 -14994.8
  374 373.5 3.81685 0.00165662 -15027.4 -15025.3 -15057.2
  375 374.5 3.80879 0.00165312 -15108.9 -15043.6 -14994.7
  376 375.5 3.80653 0.00165214 -15119.2 -15042 -14966
  377 376.5 3.80831 0.00165291 -15005.4 -15029.1 -14987.3
  378 377.5 3.79425 0.00164681 -15190.2 -15040.2 -15099
  379 378.5 3.79047 0.00164517 -15183 -15060.4 -15069.7
  380 379.5 3.78576 0.00164312 -14981.3 -15016.2 -14971.9
  381 380.5 3.7836 0.00164219 -15025.7 -15142.8 -15175
  382 381.5 3.79355 0.00164651 -15057.2 -15044 -15038.8
  383 382.5 3.78437 0.00164252 -14999.7 -15015.1 -15081.3
  384 383.5 3.78783 0.00164402 -15012.9 -15049.6 -15062.7
  385 384.5 3.7958 0.00164748 -14948.1 -15080.7 -15091.2
  386 385.5 3.80538 0.00165164 -15052.1 -15157 -15011.1
  387 386.5 3.8279 0.00166141 -15016.4 -14999.6 -14946.2
  388 387.5 3.83741 0.00166554 -14960.2 -15091.1 -14832.9
  389 388.5 3.83809 0.00166584 -14952.4 -14987.5 -14926.6
  390 389.5 3.83782 0.00166572 -14942.6 -14979.4 -14880.1
  391 390.5 3.83135 0.00166291 -14984.9 -14831.7 -14930.1
  392 391.5 3.84395 0.00166838 -15082.7 -15074 -14928
  393 392.5 3.85605 0.00167363 -15189.5 -14888.1 -14813
  394 393.5 3.85821 0.00167457 -15152.2 -14976 -14840
  395 394.5 3.86657 0.0016782 -14908.2 -14881.1 -14763.9
  396 395.5 3.86363 0.00167692 -14927.6 -14856 -14795.3
  397 396.5 3.86556 0.00167776 -14971.1 -14852.8 -14796.8
  398 397.5 3.85893 0.00167488 -14844.6 -14902.5 -14793.9
  399 398.5 3.85297 0.00167229 -14707 -14845 -14890.6
  400 399.5 3.85205 0.00167189 -14763.7 -14905.8 -14865.9
  401 400.5 3.85053 0.00167124 -14808.2 -14895.4 -14814.6
  402 401.5 3.85267 0.00167217 -14889.2 -14982.9 -14847.5
  403 402.5 3.83729 0.00166549 -14879.8 -15065.3 -14866.1
  404 403.5 3.84056 0.00166691 -14779.3 -14973.2 -14918.5
  405 404.5 3.8525 0.00167209 -14907.8 -14925.3 -14796
  406 405.5 3.84885 0.00167051 -14848.3 -14972.3 -14835.4
  407 406.5 3.83406 0.00166409 -14832.4 -14942 -14890.6
  408 407.5 3.8485 0.00167036 -14916.4 -14963.6 -14857.7
  409 408.5 3.84518 0.00166891 -14871.2 -14790.4 -14904.7
  410 409.5 3.85648 0.00167382 -14819.4 -14699.6 -14773.1
  411 410.5 3.85524 0.00167328 -14823.9 -14756.7 -14864.1
  412 411.5 3.86489 0.00167747 -14694.7 -14857.3 -14782.4
  413 412.5 3.8711 0.00168016 -14769.5 -14791.4 -14719.4
  414 413.5 3.87621 0.00168238 -14760.8 -14718.7 -14773.4
  415 414.5 3.85214 0.00167193 -14662.2 -14755.3 -14900.1
  416 415.5 3.85576 0.00167351 -14700.8 -14869.7 -14802.1
  417 416.5 3.85635 0.00167376 -14890.5 -14877.4 -14821.2
  418 417.5 3.85721 0.00167414 -14826.8 -14973.3 -14883
  419 418.5 3.86732 0.00167852 -14802.4 -14908.5 -14766.3
  420 419.5 3.85775 0.00167437 -14847.9 -14955 -14834.8
  421 420.5 3.85214 0.00167194 -14928.3 -14906.9 -14814.1
  422 421.5 3.84352 0.0016682 -14936 -14959.5 -14886.5
  423 422.5 3.839 0.00166623 -14847.2 -14868.7 -14860.2
  424 423.5 3.81706 0.00165671 -15033 -14962.9 -14972.2
  425 424.5 3.82009 0.00165803 -14989.1 -14769.1 -14996.4
  426 425.5 3.82227 0.00165897 -14950.2 -14876.8 -14911.4
  427 426.5 3.81482 0.00165574 -15035.5 -15087.2 -14965.5
  428 427.5 3.80832 0.00165292 -15072.5 -15158.2 -15050.7
  429 428.5 3.81623 0.00165635 -15127.1 -15051.4 -14999.7
  430 429.5 3.81122 0.00165418 -15043.3 -15005.4 -14931.2
  431 430.5 3.80093 0.00164971 -14948.4 -15062.3 -15062.6
  432 431.5 3.79643 0.00164776 -14875.7 -14974.1 -15015.2
  433 432.5 3.78875 0.00164442 -15038.8 -15042.3 -15105.7
  434 433.5 3.78443 0.00164255 -14915.6 -14959.6 -15022.2
  435 434.5 3.78806 0.00164412 -15000.3 -15101 -15105.3
  436 435.5 3.78938 0.00164469 -15120.3 -15100.7 -15100.7
  437 436.5 3.80184 0.0016501 -15116.6 -15022.8 -15044.2
  438 437.5 3.81217 0.00165459 -15042.3 -14917.4 -14966.1
  439 438.5 3.80286 0.00165055 -15036.7 -15062.8 -15025.8
  440 439.5 3.80362 0.00165087 -15057 -15078.5 -15002.7
  441 440.5 3.8063 0.00165204 -14968.7 -15079.2 -15020.3
  442 441.5 3.80449 0.00165125 -14972.7 -15091.9 -14995.6
  443 442.5 3.81203 0.00165453 -14972.6 -15002 -14945.5
  444 443.5 3.81305 0.00165497 -14991.1 -15133.7 -14894.9
  445 444.5 3.81306 0.00165498 -14959.3 -15009.2 -14956.7
  446 445.5 3.81512 0.00165587 -14841.7 -14937.3 -14892.1
  447 446.5 3.83418 0.00166414 -15059.1 -14808.2 -14838.3
  448 447.5 3.82975 0.00166222 -14954.6 -14871.9 -14840.7
  449 448.5 3.85691 0.00167401 -14987 -14833.3 -14685.1
  450 449.5 3.87785 0.00168309 -14799.3 -14680 -14558.4
  451 450.5 3.89537 0.0016907 -14816.6 -14624.2 -14493.2
  452 451.5 3.93795 0.00170918 -14650.4 -14560.8 -14343.2
  453 452.5 3.98293 0.0017287 -14550.5 -14468.3 -14059.9
  454 453.5 4.02833 0.00174841 -14362 -14410.3 -13859.2
  455 454.5 4.08064 0.00177111 -14302.1 -14280.3 -13590.3
  456 455.5 4.16192 0.00180639 -14107.8 -14158.9 -13265
  457 456.5 4.24618 0.00184296 -13811.4 -13829.4 -12898.4
  458 457.5 4.36681 0.00189532 -13513 -13583 -12336.4
  459 458.5 4.48748 0.00194769 -13164.2 -13057 -11972.2
  460 459.5 4.662 0.00202344 -12738.7 -12722.7 -11318
  461 460.5 4.88252 0.00211915 -12306.7 -12395.6 -10637.5
  462 461.5 5.12306 0.00222355 -11568.6 -11685.9 -9905.3
  463 462.5 5.45525 0.00236773 -11016.2 -11076.1 -9105.53
  464 463.5 5.83563 0.00253283 -10376.1 -10436.3 -8277.84
  465 464.5 6.27387 0.00272304 -9534.77 -9482.72 -7558.07
  466 465.5 6.78303 0.00294402 -8724.18 -8656.76 -6733.17
  467 466.5 7.39555 0.00320987 -7788.4 -7750.01 -5992.36
  468 467.5 8.0801 0.00350699 -7146.51 -7017.11 -5399.14
  469 468.5 8.84645 0.00383961 -6244.61 -6242.75 -4751.99
  470 469.5 9.66687 0.00419569 -5477.27 -5435.85 -4371.83
  471 470.5 10.5753 0.00458998 -4790.8 -4661.06 -3933.92
  472 471.5 11.594 0.00503212 -4123.35 -4036.57 -3543.15
  473 472.5 12.5972 0.00546754 -3497.79 -3401.58 -3343.44
  474 473.5 13.6259 0.00591401 -2895.39 -2869.18 -3245.72
  475 474.5 14.7246 0.00639088 -2437.57 -2424.16 -3082.07
  476 475.5 15.7861 0.0068516 -2081.2 -2133.56 -3044.6
  477 476.5 16.9002 0.00733517 -1818.44 -1890.43 -2996.22
  478 477.5 17.9713 0.00780003 -1577.31 -1670.52 -2866.5
  479 478.5 18.9419 0.00822131 -1329.89 -1408.41 -2971.57
  480 479.5 19.8844 0.00863036 -1237.35 -1215.62 -3007.63
50000000 480 10372.999999999993
  1 0.5 23.2446 0.0100888 -867.137 -867.53 -2971.99
  2 1.5 23.8308 0.0103432 -1013.55 -943.202 -2960.16
  3 2.5 24.3545 0.0105705 -1119.97 -995.915 -2973.33
  4 3.5 24.7745 0.0107528 -1165.33 -1140.46 -2951.94
  5 4.5 25.1683 0.0109237 -1252.98 -1245.99 -2865.16
  6 5.5 25.4473 0.0110448 -1398.7 -1426.52 -2856.82
  7 6.5 25.7214 0.0111638 -1490.54 -1445.04 -2732.13
  8 7.5 25.9692 0.0112714 -1542.63 -1593.62 -2760.96
  9 8.5 26.1406 0.0113457 -1644.65 -1625.81 -2622.37
  10 9.5 26.2707 0.0114022 -1688.11 -1735.01 -2533.5
  11 10.5 26.4125 0.0114638 -1694.5 -1686 -2522.44
  12 11.5 26.5611 0.0115283 -1797.34 -1800.9 -2484.67
  13 12.5 26.614 0.0115512 -1843.14 -1839.73 -2380.84
  14 13.5 26.6732 0.0115769 -1976.88 -1928.14 -2380.8
  15 14.5 26.773 0.0116202 -1970.9 -2005.49 -2312.61
  16 15.5 26.8246 0.0116426 -1929.08 -1958.86 -2306.63
  17 16.5 26.8411 0.0116498 -1975.02 -2037.8 -2284.89
  18 17.5 26.8843 0.0116685 -1994.21 -2034.48 -2233.49
  19 18.5 26.9342 0.0116902 -2031.99 -2070.9 -2190.07
  20 19.5 26.9695 0.0117055 -1958.94 -1943.91 -2134.89
  21 20.5 26.9624 0.0117024 -1971.75 -2012.32 -2213.5
  22 21.5 26.9774 0.0117089 -2060.93 -2031.29 -2222
  23 22.5 27.0079 0.0117222 -2044.01 -1998.25 -2119.42
  24 23.5 27.0199 0.0117274 -2006.17 -1962.47 -2060.45
  25 24.5 27.0101 0.0117231 -2137.32 -2088.72 -2187.17
  26 25.5 27.032 0.0117326 -2121.95 -2106.86 -2142.1
  27 26.5 27.0518 0.0117412 -2078.67 -2113.35 -2115.89
  28 27.5 27.0327 0.0117329 -2103.11 -2098.16 -2102.86
  29 28.5 27.0438 0.0117378 -2158.48 -2084.73 -2148.1
  30 29.5 27.036 0.0117344 -2135.6 -2062.44 -2130.49
  31 30.5 27.0661 0.0117475 -2065.63 -2129.8 -2034.78
  32 31.5 27.0475 0.0117394 -2086.96 -2175.27 -2127.54
  33 32.5 27.025 0.0117296 -2020.74 -2033.9 -2108.84
  34 33.5 27.0231 0.0117288 -1958.2 -2066.33 -2121.01
  35 34.5 27.0662 0.0117475 -2001.59 -2114.9 -2037.73
  36 35.5 27.0404 0.0117363 -2151.22 -2161.44 -2073.92
  37 36.5 27.031 0.0117322 -2059.28 -2086.65 -2103.07
  38 37.5 27.0545 0.0117424 -2141.5 -2076.71 -2145.83
  39 38.5 27.0427 0.0117373 -2209.7 -2112.12 -2091.06
  40 39.5 27.0649 0.0117469 -2172.37 -2044.34 -2067.78
  41 40.5 27.0277 0.0117308 -2082.7 -2149.42 -2128.15
  42 41.5 27.0761 0.0117518 -2035.55 -1978.36 -2036.43
  43 42.5 27.0497 0.0117403 -1951.55 -2095.83 -2098.61
  44 43.5 27.067 0.0117478 -2069.58 -2111.37 -2099.14
  45 44.5 27.058 0.0117439 -2059.74 -2007.21 -2076.36
  46 45.5 27.0266 0.0117303 -2003.47 -2054.69 -2090.96
  47 46.5 27.04 0.0117361 -1890.83 -1974.61 -2065.3
  48 47.5 27.0458 0.0117386 -2064.35 -2045.62 -2123.64
  49 48.5 27.0448 0.0117382 -2044.05 -2048.5 -2109.23
  50 49.5 27.0513 0.011741 -2054.42 -2096.62 -2081.1
  51 50.5 27.0526 0.0117416 -2069.47 -2075.3 -2081.16
  52 51.5 27.0662 0.0117475 -2123.04 -2118.53 -2050.25
  53 52.5 27.0554 0.0117428 -2041.97 -2088.62 -2112.11
  54 53.5 27.0401 0.0117362 -2045.26 -2028.75 -2118.54
  55 54.5 27.0546 0.0117424 -2051.34 -2076.66 -2046.22
  56 55.5 27.0728 0.0117503 -2096.48 -2107.27 -2089.88
  57 56.5 27.0457 0.0117386 -2098.54 -2135.27 -2135.82
  58 57.5 27.0471 0.0117392 -2071.71 -2056.83 -2033.43
  59 58.5 27.0463 0.0117388 -2106.02 -2103.47 -2095.5
  60 59.5 27.0713 0.0117497 -2097.62 -2104.83 -2115.32
  61 60.5 27.0588 0.0117443 -2139.06 -2145.39 -2066.95
  62 61.5 27.0539 0.0117422 -2077.68 -2107.67 -2096.53
  63 62.5 27.0775 0.0117524 -2098.85 -2110.58 -2059.38
  64 63.5 27.0991 0.0117617 -1997.09 -2064.57 -2087.96
  65 64.5 27.0621 0.0117457 -2107.08 -2096.14 -2115.19
  66 65.5 27.0772 0.0117522 -2081.11 -2065.98 -2033.71
  67 66.5 27.092 0.0117587 -2044.3 -2082.34 -2128.34
  68 67.5 27.1276 0.0117741 -2080.88 -2132.56 -2107.28
  69 68.5 27.0849 0.0117556 -2095.03 -2174.61 -2067.04
  70 69.5 27.1155 0.0117689 -1985.59 -2105.54 -2096.12
  71 70.5 27.1271 0.0117739 -2027.13 -2070.3 -2049.67
  72 71.5 27.1037 0.0117638 -2167.69 -2140.12 -2134.49
  73 72.5 27.0958 0.0117603 -2218.48 -2137.9 -2117.19
  74 73.5 27.1228 0.011772 -2184.52 -2149.3 -2092.61
  75 74.5 27.1122 0.0117674 -2088.17 -2067.66 -2044.46
  76 75.5 27.0876 0.0117568 -2121.16 -2122.44 -2132.16
  77 76.5 27.1044 0.0117641 -2060.29 -2096.9 -2077.59
  78 77.5 27.1003 0.0117623 -2118.13 -2205.05 -2126.63
  79 78.5 27.1172 0.0117696 -2064.28 -1982.57 -2073.55
  80 79.5 27.0943 0.0117597 -1989.19 -2104.37 -2063.73
  81 80.5 27.0924 0.0117589 -2090.53 -2111.43 -2079.02
  82 81.5 27.1174 0.0117697 -2096.23 -2111.88 -2161.44
  83 82.5 27.0995 0.0117619 -2048.12 -2043.43 -2045.22
  84 83.5 27.076 0.0117517 -2090.83 -2085.66 -2063.8
  85 84.5 27.074 0.0117509 -2012.75 -2024.38 -2135.18
  86 85.5 27.0922 0.0117588 -2043.04 -2021.66 -2102.98
  87 86.5 27.0777 0.0117525 -2039.52 -2035.18 -2095.39
  88 87.5 27.0622 0.0117457 -2063.5 -2005.62 -2096.77
  89 88.5 27.0979 0.0117612 -2067.74 -2020.16 -2034.31
  90 89.5 27.0827 0.0117546 -2189.05 -2125.96 -2132.82
  91 90.5 27.0844 0.0117554 -1977.9 -2074.59 -2032.84
  92 91.5 27.0315 0.0117324 -2041.98 -2095.46 -2169.81
  93 92.5 27.0728 0.0117504 -1979.56 -2024.25 -2061.12
  94 93.5 27.0542 0.0117423 -2107.2 -2100.11 -2092.7
  95 94.5 27.0776 0.0117524 -2106.84 -2112.69 -2077.31
  96 95.5 27.0564 0.0117432 -2197.08 -2279.73 -2102.84
  97 96.5 27.0711 0.0117496 -2162.7 -2173.39 -2055.03
  98 97.5 27.0596 0.0117446 -2122.65 -2128.21 -2138.09
  99 98.5 27.0325 0.0117328 -2072.66 -2087.98 -2063.22
  100 99.5 27.0447 0.0117382 -2012.01 -2058.57 -2089.03
  101 100.5 27.0756 0.0117516 -2041.95 -2101.45 -2085.09
  102 101.5 27.0358 0.0117343 -2092.42 -2000.06 -2097.31
  103 102.5 27.0153 0.0117254 -2016.77 -2017.33 -2124.88
  104 103.5 27.0527 0.0117416 -2027.58 -1965.53 -2046.68
  105 104.5 27.05 0.0117405 -2139.36 -2036.91 -2089.87
  106 105.5 27.055 0.0117426 -2137.97 -2049.42 -2062.03
  107 106.5 27.0471 0.0117392 -2112.65 -2077.78 -2074.42
  108 107.5 27.0507 0.0117408 -2028.86 -2107.25 -2095.15
  109 108.5 27.0351 0.011734 -2066.14 -2100.16 -2115.82
  110 109.5 27.0341 0.0117336 -1997.88 -2095.21 -2072.07
  111 110.5 27.0563 0.0117432 -2143.34 -2148.6 -2121.81
  112 111.5 27.0259 0.01173 -2115.58 -2137.79 -2091.25
  113 112.5 27.0464 0.0117389 -2161.05 -2174.45 -2138.19
  114 113.5 27.0725 0.0117502 -1989.36 -2055.93 -2015.71
  115 114.5 27.0625 0.0117459 -1970.65 -2056.44 -2086.18
  116 115.5 27.0477 0.0117395 -2066.08 -2155.08 -2132.87
  117 116.5 27.0708 0.0117495 -2017.16 -2212.37 -2085.38
  118 117.5 27.0549 0.0117426 -2156.79 -2134.23 -2132.53
  119 118.5 27.0583 0.0117441 -2131.11 -2106.92 -2109.04
  120 119.5 27.0512 0.011741 -2124.95 -2065.52 -2089.7
  121 120.5 27.0434 0.0117376 -2055.07 -2021.8 -2078.03
  122 121.5 27.0824 0.0117545 -2038.27 -2078.15 -2109.68
  123 122.5 27.0503 0.0117406 -2092.9 -2126.84 -2131.47
  124 123.5 27.0082 0.0117223 -2049.94 -2102.17 -2075.46
  125 124.5 27.0372 0.0117349 -2018.05 -1988.88 -2103.2
  126 125.5 27.0096 0.0117229 -2061.41 -2065.41 -2152.64
  127 126.5 27.027 0.0117305 -2078.6 -2058.51 -2146.6
  128 127.5 27.025 0.0117296 -2035.03 -2022.2 -2067.92
  129 128.5 27.0177 0.0117264 -2056.94 -2024.53 -2100.86
  130 129.5 26.9913 0.011715 -2069.46 -2104.52 -2182.31
  131 130.5 26.9871 0.0117132 -2102.14 -2072.04 -2174.85
  132 131.5 26.9593 0.0117011 -2030.33 -1994.58 -2138.35
  133 132.5 26.9409 0.0116931 -2062.57 -2059.64 -2145.57
  134 133.5 26.9442 0.0116945 -2024.69 -2011.48 -2177.88
  135 134.5 26.9013 0.0116759 -2028.74 -1998.4 -2136.12
  136 135.5 26.8398 0.0116492 -2005.83 -2043.47 -2268.56
  137 136.5 26.8336 0.0116465 -1979.2 -1930.12 -2174.89
  138 137.5 26.8173 0.0116395 -1955.52 -1965.48 -2216.8
  139 138.5 26.7433 0.0116074 -1920.75 -1943.25 -2155.43
  140 139.5 26.6615 0.0115719 -1974.36 -2055.75 -2248.7
  141 140.5 26.6412 0.011563 -2012.06 -1898.73 -2181.3
  142 141.5 26.5875 0.0115397 -1945 -1951.71 -2178.2
  143 142.5 26.4571 0.0114831 -1953.09 -1932.43 -2082.8
  144 143.5 26.4067 0.0114613 -1924.96 -1900.25 -2065.61
  145 144.5 26.3521 0.0114376 -1953.66 -2021.33 -2003.6
  146 145.5 26.2341 0.0113863 -1980.92 -2017.98 -1934.98
  147 146.5 26.1838 0.0113645 -2169.42 -2161.9 -1810.5
  148 147.5 26.1497 0.0113497 -2013.1 -1990.54 -1632.63
  149 148.5 26.1454 0.0113478 -2096.17 -2106.19 -1513.6
  150 149.5 26.1746 0.0113605 -2134.51 -2141.15 -1331.24
  151 150.5 26.2638 0.0113992 -2090.48 -2049.58 -1089.79
  152 151.5 26.4396 0.0114755 -1972.49 -1956.8 -1058.54
  153 152.5 26.6746 0.0115775 -1892.38 -1795.34 -942.137
  154 153.5 26.9958 0.0117169 -1602.93 -1524.74 -820.724
  155 154.5 27.3901 0.0118881 -1216.43 -1209.15 -886.807
  156 155.5 27.8552 0.0120899 -878.732 -867.402 -1039.8
  157 156.5 28.3497 0.0123046 -575.258 -452.902 -1123.93
  158 157.5 28.8706 0.0125306 -179.077 -158.239 -1359.94
  159 158.5 29.4108 0.0127651 24.0487 104.194 -1626.45
  160 159.5 29.9103 0.0129819 159.535 199.956 -1821.29
  161 160.5 30.3801 0.0131858 182.219 236.361 -2108.88
  162 161.5 30.7818 0.0133601 139.674 177.19 -2197.45
  163 162.5 31.1379 0.0135147 53.7148 25.4897 -2407.28
  164 163.5 31.47 0.0136589 -169.538 -242.502 -2538.22
  165 164.5 31.7362 0.0137744 -340.46 -329.955 -2527.92
  166 165.5 31.9182 0.0138534 -460.203 -491.633 -2477.91
  167 166.5 32.1195 0.0139408 -635.239 -745.841 -2461.22
  168 167.5 32.269 0.0140057 -875.088 -881.93 -2451.24
  169 168.5 32.3841 0.0140556 -1002.29 -1019.73 -2347.76
  170 169.5 32.4532 0.0140856 -1123.19 -1194.11 -2266.06
  171 170.5 32.5487 0.014127 -1170.05 -1232.65 -2218.3
  172 171.5 32.6183 0.0141573 -1381.15 -1294.7 -2130.19
  173 172.5 32.626 0.0141606 -1469.39 -1458 -2021.81
  174 173.5 32.6905 0.0141886 -1563.69 -1398.86 -2037.7
  175 174.5 32.7126 0.0141982 -1545.86 -1544.28 -2024.08
  176 175.5 32.7429 0.0142113 -1608.84 -1618.31 -1862.89
  177 176.5 32.7202 0.0142015 -1636.85 -1603.97 -1901.34
  178 177.5 32.7654 0.0142211 -1514.2 -1604.89 -1792.89
  179 178.5 32.7815 0.0142281 -1607.99 -1559.97 -1821.12
  180 179.5 32.7828 0.0142286 -1704.84 -1701.51 -1823.22
  181 180.5 32.7582 0.014218 -1709.68 -1742.27 -1841.56
  182 181.5 32.8298 0.014249 -1700.03 -1747.43 -1719.86
  183 182.5 32.8211 0.0142453 -1672.56 -1786.09 -1742.96
  184 183.5 32.8012 0.0142366 -1731.27 -1703.65 -1757.35
  185 184.5 32.8074 0.0142393 -1718.31 -1691.76 -1728.38
  186 185.5 32.8491 0.0142574 -1716.44 -1727.16 -1706.01
  187 186.5 32.8266 0.0142477 -1687.89 -1687.29 -1800.97
  188 187.5 32.8009 0.0142365 -1768.51 -1705.68 -1731.97
  189 188.5 32.8521 0.0142587 -1710.25 -1640.13 -1694.21
  190 189.5 32.85 0.0142578 -1761.86 -1647.67 -1726.84
  191 190.5 32.8255 0.0142472 -1768.2 -1748.53 -1711.55
  192 191.5 32.8241 0.0142466 -1757.78 -1779.91 -1698.86
  193 192.5 32.8814 0.0142715 -1797.1 -1699.51 -1734.17
  194 193.5 32.8382 0.0142527 -1750.14 -1700.38 -1744.73
  195 194.5 32.82 0.0142448 -1773.12 -1779.86 -1676.93
  196 195.5 32.8385 0.0142528 -1777.19 -1831.21 -1778.73
  197 196.5 32.8799 0.0142708 -1739.24 -1734.12 -1659.04
  198 197.5 32.8499 0.0142578 -1822.61 -1697.73 -1744.78
  199 198.5 32.8238 0.0142464 -1778.6 -1787.29 -1785.18
  200 199.5 32.8635 0.0142637 -1669.9 -1695.03 -1650.51
  201 200.5 32.8759 0.0142691 -1627.38 -1748.15 -1719.46
  202 201.5 32.8388 0.0142529 -1676.05 -1696.23 -1735.17
  203 202.5 32.8384 0.0142528 -1651.75 -1651.45 -1699.11
  204 203.5 32.87 0.0142665 -1630.85 -1663.76 -1691.68
  205 204.5 32.8408 0.0142538 -1659.56 -1602.8 -1720.91
  206 205.5 32.8304 0.0142493 -1647.98 -1704.74 -1768.61
  207 206.5 32.8585 0.0142615 -1705.81 -1704.94 -1712.99
  208 207.5 32.8735 0.014268 -1728.58 -1770.06 -1726.42
  209 208.5 32.8488 0.0142573 -1699.84 -1713.96 -1688.83
  210 209.5 32.8599 0.0142621 -1758.66 -1819.96 -1775.17
  211 210.5 32.8616 0.0142628 -1579.72 -1702.99 -1638.88
  212 211.5 32.8563 0.0142606 -1688.21 -1670.23 -1779.2
  213 212.5 32.8486 0.0142572 -1690.81 -1623.18 -1657.43
  214 213.5 32.8487 0.0142573 -1597.68 -1593.6 -1724.21
  215 214.5 32.8379 0.0142526 -1700.87 -1678.07 -1737.55
  216 215.5 32.8525 0.0142589 -1728.74 -1761.42 -1756.95
  217 216.5 32.8665 0.014265 -1741.31 -1768.09 -1658.58
  218 217.5 32.8585 0.0142615 -1743.55 -1721.1 -1762.19
  219 218.5 32.8527 0.014259 -1789.17 -1689.39 -1724.07
  220 219.5 32.8667 0.0142651 -1657.38 -1608.58 -1718.03
  221 220.5 32.839 0.014253 -1657.35 -1751.26 -1692.23
  222 221.5 32.8598 0.0142621 -1752.74 -1768.85 -1724.01
  223 222.5 32.8662 0.0142648 -1744.52 -1832.95 -1665.36
  224 223.5 32.8536 0.0142594 -1792.27 -1813.79 -1765.39
  225 224.5 32.8341 0.0142509 -1855.6 -1775.12 -1732.43
  226 225.5 32.8448 0.0142556 -1705.07 -1708.91 -1737.62
  227 226.5 32.8685 0.0142659 -1583.24 -1729.97 -1632.5
  228 227.5 32.8471 0.0142566 -1699.59 -1733.08 -1666.75
  229 228.5 32.8365 0.0142519 -1678.11 -1760.73 -1710.32
  230 229.5 32.825 0.0142469 -1635.18 -1764.55 -1792.47
  231 230.5 32.8376 0.0142524 -1632.4 -1646.67 -1644.13
  232 231.5 32.864 0.0142639 -1684.96 -1757.89 -1739.78
  233 232.5 32.87 0.0142665 -1668.38 -1765.96 -1702.18
  234 233.5 32.8199 0.0142447 -1762.48 -1708.66 -1748.59
  235 234.5 32.8528 0.014259 -1763.99 -1799.71 -1723.23
  236 235.5 32.894 0.0142769 -1710.28 -1613.87 -1631.29
  237 236.5 32.8535 0.0142593 -1719.83 -1610.52 -1704.4
  238 237.5 32.8304 0.0142493 -1719.63 -1650.06 -1734.04
  239 238.5 32.8686 0.0142659 -1734.52 -1686.65 -1769.35
  240 239.5 32.8874 0.0142741 -1675.25 -1759.89 -1699.78
  241 240.5 32.8638 0.0142638 -1706.38 -1800.78 -1710.5
  242 241.5 32.8577 0.0142611 -1673.32 -1718.6 -1709.61
  243 242.5 32.8827 0.014272 -1731.53 -1699.05 -1746.37
  244 243.5 32.908 0.014283 -1690.96 -1744.19 -1693.68
  245 244.5 32.8551 0.01426 -1602.11 -1622.51 -1745.38
  246 245.5 32.8928 0.0142764 -1668.07 -1717.16 -1677.24
  247 246.5 32.9061 0.0142821 -1739.83 -1698.05 -1729.67
  248 247.5 32.9068 0.0142825 -1747.69 -1708.91 -1723.57
  249 248.5 32.8592 0.0142618 -1788.14 -1742.21 -1777.09
  250 249.5 32.915 0.014286 -1718.62 -1764.1 -1700.35
  251 250.5 32.8918 0.0142759 -1670.23 -1609.42 -1687.86
  252 251.5 32.869 0.0142661 -1649.03 -1724.37 -1739.48
  253 252.5 32.865 0.0142643 -1685.94 -1674.82 -1703.29
  254 253.5 32.9065 0.0142823 -1636.34 -1642.65 -1719.92
  255 254.5 32.8651 0.0142644 -1678.03 -1662.85 -1749.82
  256 255.5 32.8374 0.0142524 -1594.86 -1617.81 -1681.84
  257 256.5 32.8919 0.014276 -1714.37 -1705.74 -1746.9
  258 257.5 32.8681 0.0142657 -1742.3 -1616.03 -1733.74
  259 258.5 32.8717 0.0142672 -1613.72 -1668.82 -1680.9
  260 259.5 32.8726 0.0142676 -1716.57 -1761.56 -1696.96
  261 260.5 32.8861 0.0142735 -1713.76 -1744.15 -1744.08
  262 261.5 32.8495 0.0142576 -1688.07 -1744.01 -1738.61
  263 262.5 32.8514 0.0142584 -1795.98 -1761.07 -1713.17
  264 263.5 32.8824 0.0142719 -1764.14 -1731.73 -1684.91
  265 264.5 32.8578 0.0142612 -1763.18 -1679.34 -1671.23
  266 265.5 32.8273 0.0142479 -1862.53 -1774.69 -1774.99
  267 266.5 32.8762 0.0142692 -1720.33 -1770.9 -1655.07
  268 267.5 32.8585 0.0142615 -1692.96 -1796.63 -1746.11
  269 268.5 32.8471 0.0142565 -1826.26 -1769.08 -1708.81
  270 269.5 32.8282 0.0142484 -1747.94 -1723.29 -1739.04
  271 270.5 32.8854 0.0142732 -1710.12 -1808.49 -1672.63
  272 271.5 32.8566 0.0142607 -1695.95 -1806.98 -1719.72
  273 272.5 32.8178 0.0142439 -1634.4 -1660.11 -1680.26
  274 273.5 32.8377 0.0142525 -1649.21 -1604.84 -1721.34
  275 274.5 32.8491 0.0142574 -1707.03 -1625.82 -1802.65
  276 275.5 32.8443 0.0142553 -1616.5 -1588.82 -1690.95
  277 276.5 32.8572 0.0142609 -1656.97 -1679.78 -1639.62
  278 277.5 32.856 0.0142604 -1776.9 -1770.24 -1765.05
  279 278.5 32.8558 0.0142603 -1679.79 -1677.36 -1797.14
  280 279.5 32.8477 0.0142568 -1768.45 -1756.12 -1651.41
  281 280.5 32.8764 0.0142693 -1703.55 -1700.55 -1715.51
  282 281.5 32.8558 0.0142603 -1694.09 -1717.78 -1776.58
  283 282.5 32.8257 0.0142473 -1631.06 -1687.47 -1733.04
  284 283.5 32.8335 0.0142507 -1692.04 -1681.72 -1784.75
  285 284.5 32.8675 0.0142654 -1643.44 -1735.39 -1674.57
  286 285.5 32.835 0.0142513 -1643.55 -1716.11 -1728.02
  287 286.5 32.817 0.0142435 -1656.31 -1667.95 -1787.26
  288 287.5 32.8632 0.0142635 -1665.4 -1666.48 -1743.28
  289 288.5 32.839 0.014253 -1575.51 -1600.45 -1754.48
  290 289.5 32.795 0.0142339 -1637.21 -1616.21 -1772.92
  291 290.5 32.8184 0.0142441 -1646 -1643.32 -1842.24
  292 291.5 32.8011 0.0142366 -1699.92 -1576.35 -1895.22
  293 292.5 32.8126 0.0142416 -1576.53 -1486.11 -1827.6
  294 293.5 32.7741 0.0142249 -1563 -1595.51 -1903.5
  295 294.5 32.7524 0.0142155 -1619.08 -1597.34 -1932.62
  296 295.5 32.73 0.0142057 -1446.78 -1475.21 -2006.89
  297 296.5 32.7141 0.0141988 -1432.17 -1507.9 -2104.71
  298 297.5 32.6443 0.0141685 -1320.16 -1349.35 -2109.5
  299 298.5 32.6287 0.0141617 -1259.19 -1313.92 -2166.84
  300 299.5 32.574 0.014138 -1088.13 -1085.36 -2290.77
  301 300.5 32.4241 0.014073 -1001.65 -1010.5 -2486.01
  302 301.5 32.3511 0.0140413 -815.448 -748.423 -2455.87
  303 302.5 32.2625 0.0140028 -716.33 -643.066 -2542.91
  304 303.5 32.0521 0.0139115 -459.821 -545.127 -2768.59
  305 304.5 31.8351 0.0138173 -171.237 -235.552 -2765.79
  306 305.5 31.606 0.0137179 26.1123 -2.966 -2775.73
  307 306.5 31.3075 0.0135883 261.417 254.763 -2794.75
  308 307.5 30.8827 0.013404 548.877 503.261 -2754.7
  309 308.5 30.434 0.0132092 719.966 723.855 -2761.39
  310 309.5 29.929 0.01299 792.733 884.496 -2523.32
  311 310.5 29.2535 0.0126968 1016.14 999.301 -2388.2
  312 311.5 28.5736 0.0124017 883.17 964.14 -2177.7
  313 312.5 27.748 0.0120434 764.428 848.369 -2046.7
  314 313.5 26.8697 0.0116622 686.988 648.961 -1952.52
  315 314.5 25.9267 0.0112529 479.891 419.502 -1826.83
  316 315.5 24.9103 0.0108118 223.513 220.436 -1774.52
  317 316.5 23.8548 0.0103536 47.4867 30.2861 -1589.69
  318 317.5 22.6781 0.00984293 -257.894 -209.257 -1693.66
  319 318.5 21.4883 0.00932651 -611.333 -493.085 -1790.48
  320 319.5 20.24 0.00878472 -817.173 -749 -1880.13
  321 320.5 18.9609 0.00822956 -1114.64 -1085.65 -1884.06
  322 321.5 17.6478 0.00765965 -1450.44 -1489.85 -2018.69
  323 322.5 16.3297 0.00708753 -1860.12 -1921.52 -2181.4
  324 323.5 15.0093 0.00651445 -2425.51 -2413.85 -2329.16
  325 324.5 13.7544 0.0059698 -2983.92 -3029.48 -2492
  326 325.5 12.4968 0.00542396 -3675.48 -3616.09 -2889.53
  327 326.5 11.3504 0.00492637 -4296.06 -4343.38 -3250.8
  328 327.5 10.2666 0.00445599 -4969.92 -5024.09 -3599.4
  329 328.5 9.31228 0.00404179 -5904.85 -5909.35 -4101.09
  330 329.5 8.43227 0.00365984 -6867.8 -6821.3 -4836.43
  331 330.5 7.65558 0.00332273 -7765.81 -7703.33 -5431.39
  332 331.5 6.97339 0.00302665 -8588.63 -8662.23 -6247.51
  333 332.5 6.38174 0.00276985 -9316.9 -9485.93 -7152.59
  334 333.5 5.90065 0.00256105 -10337.9 -10308.1 -7985.31
  335 334.5 5.4918 0.0023836 -11039.8 -10949.6 -8806.7
  336 335.5 5.14758 0.00223419 -11699.7 -11662.5 -9693.71
  337 336.5 4.8667 0.00211228 -12160.9 -12247.9 -10475.2
  338 337.5 4.65362 0.0020198 -12756.7 -12756 -11207.4
  339 338.5 4.47651 0.00194293 -13238.8 -13281 -11758.9
  340 339.5 4.33354 0.00188087 -13605.1 -13577.6 -12373.7
  341 340.5 4.21834 0.00183088 -13956.5 -13777.7 -12800
  342 341.5 4.12463 0.0017902 -14220 -14100.8 -13281.4
  343 342.5 4.06278 0.00176336 -14421.4 -14257.1 -13572.3
  344 343.5 3.99436 0.00173366 -14570.7 -14377.7 -13831.8
  345 344.5 3.94578 0.00171258 -14639.6 -14478.3 -14090
  346 345.5 3.91468 0.00169908 -14757.6 -14644.1 -14315
  347 346.5 3.90287 0.00169396 -14783.6 -14734.3 -14379.4
  348 347.5 3.87472 0.00168174 -14725.1 -14664.6 -14400.6
  349 348.5 3.86195 0.00167619 -14963.6 -14857 -14585.5
  350 349.5 3.83989 0.00166662 -15025.6 -14982.1 -14747.7
  351 350.5 3.82853 0.00166169 -14985.8 -14860.4 -14771.2
  352 351.5 3.83374 0.00166395 -15032.2 -14889.8 -14734.9
  353 352.5 3.83699 0.00166536 -15035.5 -15011.8 -14771
  354 353.5 3.8182 0.0016572 -14958.7 -15037.7 -14831
  355 354.5 3.80206 0.0016502 -15051.5 -15030.4 -14921.9
  356 355.5 3.79916 0.00164894 -15058.4 -15059.3 -14897.1
  357 356.5 3.78566 0.00164308 -15100.1 -15147.7 -15014.7
  358 357.5 3.77503 0.00163847 -15052.7 -15003.4 -15050.5
  359 358.5 3.77949 0.0016404 -15001.5 -15023.8 -14986.4
  360 359.5 3.77343 0.00163777 -15053.8 -15051.7 -14994.2
  361 360.5 3.77793 0.00163973 -14914.3 -14946.3 -15034.8
  362 361.5 3.77814 0.00163982 -14907 -14978.1 -15000.8
  363 362.5 3.7862 0.00164331 -14921.9 -14968.7 -15031.6
  364 363.5 3.7808 0.00164097 -14942.2 -14988.2 -14989.2
  365 364.5 3.79049 0.00164518 -15007.1 -14990.3 -14983.4
  366 365.5 3.79739 0.00164817 -15030 -15097.7 -14948.7
  367 366.5 3.78644 0.00164342 -15086.8 -15026.8 -14994.6
  368 367.5 3.78937 0.00164469 -15021.3 -15073.1 -15013.3
  369 368.5 3.79396 0.00164668 -15092.7 -15100.6 -14980.1
  370 369.5 3.78909 0.00164457 -14952.9 -15009.7 -14972.1
  371 370.5 3.79173 0.00164572 -15053.6 -15028.3 -14927.1
  372 371.5 3.78608 0.00164326 -14999.7 -14985.3 -15001.8
  373 372.5 3.78935 0.00164468 -15027.3 -14958.3 -14973.3
  374 373.5 3.78943 0.00164472 -15057.1 -14889.1 -15001.1
  375 374.5 3.7818 0.00164141 -15080.4 -14849.1 -15056.4
  376 375.5 3.79054 0.0016452 -14866.9 -15000.1 -14928.8
  377 376.5 3.78509 0.00164284 -14869 -15010.7 -15029.7
  378 377.5 3.79605 0.00164759 -14843.9 -14838.6 -14952.8
  379 378.5 3.8018 0.00165009 -14807.7 -14888.3 -14913.7
  380 379.5 3.79976 0.0016492 -14966.1 -14799.3 -15025.4
  381 380.5 3.80085 0.00164968 -14912.2 -14822.9 -14932.3
  382 381.5 3.8023 0.00165031 -14786.2 -14802.1 -14901.7
  383 382.5 3.79033 0.00164511 -14883.4 -14817.5 -15010.3
  384 383.5 3.80623 0.00165201 -14914.7 -14807.7 -14921.1
  385 384.5 3.79291 0.00164623 -14946.3 -14842.7 -14968.4
  386 385.5 3.79325 0.00164638 -14906.4 -14791.3 -14975.9
  387 386.5 3.78706 0.00164369 -14927.8 -14944.1 -15015.9
  388 387.5 3.79072 0.00164528 -14918.6 -14931.2 -14964
  389 388.5 3.78787 0.00164404 -14880.5 -15010 -14971.8
  390 389.5 3.79367 0.00164656 -14987 -15100.3 -15004.7
  391 390.5 3.79465 0.00164699 -14912.5 -14968.3 -14936.4
  392 391.5 3.79195 0.00164581 -15009.6 -14953.4 -15070
  393 392.5 3.78869 0.0016444 -15068.2 -14986.5 -14925.9
  394 393.5 3.77959 0.00164045 -15035.2 -15134.4 -15026.4
  395 394.5 3.76386 0.00163362 -14973 -15015.4 -15065
  396 395.5 3.76478 0.00163402 -15214.6 -15045.8 -15122.7
  397 396.5 3.75954 0.00163175 -15123.5 -15074.7 -15070.9
  398 397.5 3.74868 0.00162703 -15130.5 -15023.6 -15171.2
  399 398.5 3.76123 0.00163248 -15142.3 -15041.3 -15136.1
  400 399.5 3.75146 0.00162824 -15085 -15080.2 -15122.3
  401 400.5 3.75206 0.0016285 -14973.3 -15092.2 -15080.8
  402 401.5 3.75041 0.00162778 -15055.8 -15060.9 -15104
  403 402.5 3.7474 0.00162647 -15119 -15001.9 -15137.4
  404 403.5 3.74649 0.00162608 -15155.4 -15112.1 -15206.1
  405 404.5 3.74971 0.00162748 -14999 -15140.4 -15104.2
  406 405.5 3.74444 0.00162519 -15010.5 -15030.4 -15147.6
  407 406.5 3.74695 0.00162628 -14990.8 -15026.3 -15140.5
  408 407.5 3.74392 0.00162497 -15039.8 -15012.6 -15137.4
  409 408.5 3.74053 0.00162349 -15196.5 -14951.4 -15224.7
  410 409.5 3.74693 0.00162627 -15130.2 -14980.2 -15184.2
  411 410.5 3.77063 0.00163656 -14994.7 -14932.3 -15036.8
  412 411.5 3.77172 0.00163703 -14972 -14864.6 -14999.1
  413 412.5 3.76488 0.00163406 -14947.8 -14907.2 -15113.1
  414 413.5 3.76851 0.00163564 -14981.1 -14936.9 -15124.7
  415 414.5 3.77795 0.00163973 -15048.4 -14865.4 -14978
  416 415.5 3.76852 0.00163564 -15049.4 -14993.5 -15037.9
  417 416.5 3.77477 0.00163836 -14976.9 -14964.2 -15127.2
  418 417.5 3.7666 0.00163481 -14950.5 -14867.8 -15025.4
  419 418.5 3.75382 0.00162926 -15120.9 -14955.4 -15162.7
  420 419.5 3.75636 0.00163036 -15078.4 -15072.1 -15145.4
  421 420.5 3.75754 0.00163088 -15006.8 -14891.8 -15080.7
  422 421.5 3.77332 0.00163773 -15121.3 -15005.9 -15013.8
  423 422.5 3.77752 0.00163955 -14997.5 -14966.8 -15036
  424 423.5 3.7744 0.00163819 -14928.5 -14960.1 -15039.6
  425 424.5 3.77567 0.00163874 -15022.6 -14914.7 -14989.5
  426 425.5 3.78133 0.0016412 -14952.3 -14959.2 -15094.5
  427 426.5 3.79447 0.00164691 -14943 -14856.4 -14900.9
  428 427.5 3.78973 0.00164485 -14989.3 -14954.2 -15017.4
  429 428.5 3.79168 0.0016457 -14859.1 -14862.8 -14976.7
  430 429.5 3.78625 0.00164334 -15021.9 -14841.6 -15023.5
  431 430.5 3.80014 0.00164936 -14994.1 -14827.2 -14928
  432 431.5 3.80269 0.00165047 -14953.4 -14819.4 -14900.8
  433 432.5 3.80222 0.00165027 -14998.8 -15009.5 -14906.9
  434 433.5 3.79384 0.00164663 -15047.9 -14887.1 -15015.2
  435 434.5 3.78813 0.00164415 -14977.1 -14929 -15005.1
  436 435.5 3.78268 0.00164179 -14925.8 -15072.5 -15064.5
  437 436.5 3.79892 0.00164884 -14854.4 -14920.5 -14903.2
  438 437.5 3.80145 0.00164994 -14825.8 -14985.4 -14934.6
  439 438.5 3.78769 0.00164396 -14922.5 -14930.9 -14967.6
  440 439.5 3.78483 0.00164272 -14841.7 -14904.1 -14981.2
  441 440.5 3.78564 0.00164307 -14950.9 -14835.3 -14942.8
  442 441.5 3.7827 0.0016418 -14972.6 -14925.2 -14967.2
  443 442.5 3.79101 0.00164541 -15006.2 -14851.4 -14923.8
  444 443.5 3.80008 0.00164934 -14909.9 -14863.1 -14856.1
  445 444.5 3.81505 0.00165584 -14789.4 -14843 -14800.7
  446 445.5 3.83128 0.00166288 -14683.4 -14610.8 -14710.4
  447 446.5 3.85044 0.0016712 -14650.8 -14630 -14564.8
  448 447.5 3.86957 0.0016795 -14592.6 -14652.8 -14574.8
  449 448.5 3.88833 0.00168764 -14564.4 -14727.1 -14448.9
  450 449.5 3.92898 0.00170529 -14610.5 -14669 -14204.8
  451 450.5 3.96813 0.00172228 -14574 -14483.9 -14025.5
  452 451.5 4.00961 0.00174028 -14509.7 -14430.8 -13824.2
  453 452.5 4.06076 0.00176248 -14263.5 -14271.5 -13534.5
  454 453.5 4.13621 0.00179523 -14093.8 -13945.6 -13280.5
  455 454.5 4.24301 0.00184159 -13818.6 -13747.5 -12718.4
  456 455.5 4.36734 0.00189555 -13597.2 -13600.7 -12306.9
  457 456.5 4.50003 0.00195314 -13120.7 -13191.4 -11744
  458 457.5 4.66794 0.00202602 -12618.2 -12678.9 -11254.1
  459 458.5 4.89897 0.00212629 -12146.5 -12209.7 -10416.7
  460 459.5 5.16258 0.0022407 -11425.2 -11620.6 -9690.55
  461 460.5 5.49199 0.00238368 -10850 -11011.6 -8937.95
  462 461.5 5.88441 0.002554 -10068.4 -10231 -8058.5
  463 462.5 6.34456 0.00275372 -9348.16 -9448.66 -7297.85
  464 463.5 6.89532 0.00299276 -8593.57 -8673.86 -6460.62
  465 464.5 7.54659 0.00327543 -7794.24 -7833.03 -5662.14
  466 465.5 8.27338 0.00359087 -6895.46 -6811.89 -5004.23
  467 466.5 9.09963 0.00394949 -6072.36 -5993.15 -4491.22
  468 467.5 10.0328 0.00435453 -5148.92 -5121.99 -3916.15
  469 468.5 11.0322 0.0047883 -4456.52 -4442.52 -3514.68
  470 469.5 12.1098 0.005256 -3839.87 -3810.52 -3241.41
  471 470.5 13.2424 0.00574756 -3142.93 -3097.75 -3024.85
  472 471.5 14.4193 0.00625838 -2550.46 -2544.98 -2952.56
  473 472.5 15.592 0.00676736 -2093.11 -2065.16 -2813.57
  474 473.5 16.7444 0.00726754 -1588.16 -1627.21 -2767.13
  475 474.5 17.8754 0.00775841 -1419.57 -1370.34 -2959.77
  476 475.5 19.0128 0.00825207 -1132.92 -1127.61 -2850.84
  477 476.5 20.0129 0.00868615 -1077.27 -1051.02 -2826.46
  478 477.5 20.9446 0.00909053 -880.136 -909.867 -2907.21
  479 478.5 21.7948 0.00945953 -863.706 -881.227 -3027.06
  480 479.5 22.5338 0.0097803 -834.921 -795.765 -3058.29
