# Chunk-averaged data for fix tensor3 and group c2
# Timestep Number-of-chunks Total-count
# Chunk Coord1 Ncount density/number
55000000 480 5736
  1 0.5 2.43309 0.00105603
  2 1.5 2.42256 0.00105146
  3 2.5 2.42111 0.00105083
  4 3.5 2.42922 0.00105435
  5 4.5 2.43669 0.00105759
  6 5.5 2.41738 0.00104921
  7 6.5 2.39362 0.0010389
  8 7.5 2.41845 0.00104967
  9 8.5 2.39323 0.00103873
  10 9.5 2.40996 0.00104599
  11 10.5 2.42647 0.00105316
  12 11.5 2.42308 0.00105168
  13 12.5 2.44903 0.00106295
  14 13.5 2.45398 0.0010651
  15 14.5 2.46925 0.00107172
  16 15.5 2.47503 0.00107423
  17 16.5 2.47169 0.00107278
  18 17.5 2.45102 0.00106381
  19 18.5 2.42274 0.00105154
  20 19.5 2.40574 0.00104416
  21 20.5 2.4497 0.00106324
  22 21.5 2.46438 0.00106961
  23 22.5 2.4453 0.00106133
  24 23.5 2.44943 0.00106312
  25 24.5 2.48046 0.00107659
  26 25.5 2.4387 0.00105846
  27 26.5 2.44219 0.00105998
  28 27.5 2.45338 0.00106484
  29 28.5 2.45637 0.00106613
  30 29.5 2.46819 0.00107126
  31 30.5 2.4627 0.00106888
  32 31.5 2.46261 0.00106884
  33 32.5 2.47742 0.00107527
  34 33.5 2.43942 0.00105878
  35 34.5 2.43296 0.00105597
  36 35.5 2.448 0.0010625
  37 36.5 2.42901 0.00105426
  38 37.5 2.4557 0.00106584
  39 38.5 2.45355 0.00106491
  40 39.5 2.47892 0.00107592
  41 40.5 2.50402 0.00108682
  42 41.5 2.48194 0.00107723
  43 42.5 2.49874 0.00108452
  44 43.5 2.51184 0.00109021
  45 44.5 2.50147 0.00108571
  46 45.5 2.48307 0.00107772
  47 46.5 2.48099 0.00107682
  48 47.5 2.47039 0.00107222
  49 48.5 2.44922 0.00106303
  50 49.5 2.44352 0.00106056
  51 50.5 2.42241 0.00105139
  52 51.5 2.44158 0.00105971
  53 52.5 2.48447 0.00107833
  54 53.5 2.50512 0.00108729
  55 54.5 2.55496 0.00110892
  56 55.5 2.56926 0.00111513
  57 56.5 2.5981 0.00112765
  58 57.5 2.57592 0.00111802
  59 58.5 2.59066 0.00112442
  60 59.5 2.61974 0.00113704
  61 60.5 2.65314 0.00115153
  62 61.5 2.64146 0.00114647
  63 62.5 2.65346 0.00115167
  64 63.5 2.69729 0.0011707
  65 64.5 2.72445 0.00118249
  66 65.5 2.766 0.00120052
  67 66.5 2.81746 0.00122286
  68 67.5 2.89706 0.0012574
  69 68.5 3.01094 0.00130683
  70 69.5 3.05926 0.0013278
  71 70.5 3.16419 0.00137335
  72 71.5 3.27965 0.00142346
  73 72.5 3.41995 0.00148435
  74 73.5 3.53026 0.00153223
  75 74.5 3.60114 0.00156299
  76 75.5 3.69677 0.0016045
  77 76.5 3.70012 0.00160595
  78 77.5 3.63477 0.00157759
  79 78.5 3.47302 0.00150739
  80 79.5 3.2011 0.00138936
  81 80.5 2.88996 0.00125432
  82 81.5 2.48579 0.0010789
  83 82.5 2.0819 0.000903601
  84 83.5 1.68277 0.000730368
  85 84.5 1.33587 0.000579806
  86 85.5 1.03875 0.000450847
  87 86.5 0.829472 0.000360014
  88 87.5 0.681056 0.000295597
  89 88.5 0.571064 0.000247858
  90 89.5 0.493296 0.000214104
  91 90.5 0.438192 0.000190188
  92 91.5 0.406976 0.000176639
  93 92.5 0.380008 0.000164934
  94 93.5 0.36268 0.000157413
  95 94.5 0.348232 0.000151142
  96 95.5 0.343232 0.000148972
  97 96.5 0.336264 0.000145948
  98 97.5 0.3406 0.00014783
  99 98.5 0.329768 0.000143128
  100 99.5 0.334016 0.000144972
  101 100.5 0.333424 0.000144715
  102 101.5 0.332 0.000144097
  103 102.5 0.32796 0.000142344
  104 103.5 0.327624 0.000142198
  105 104.5 0.310312 0.000134684
  106 105.5 0.312368 0.000135576
  107 106.5 0.31516 0.000136788
  108 107.5 0.320248 0.000138997
  109 108.5 0.321704 0.000139628
  110 109.5 0.31512 0.000136771
  111 110.5 0.310048 0.000134569
  112 111.5 0.308128 0.000133736
  113 112.5 0.316048 0.000137174
  114 113.5 0.30412 0.000131997
  115 114.5 0.305856 0.00013275
  116 115.5 0.311824 0.00013534
  117 116.5 0.307872 0.000133625
  118 117.5 0.30176 0.000130972
  119 118.5 0.305192 0.000132462
  120 119.5 0.310248 0.000134656
  121 120.5 0.320952 0.000139302
  122 121.5 0.321664 0.000139611
  123 122.5 0.31548 0.000136927
  124 123.5 0.31716 0.000137656
  125 124.5 0.312632 0.000135691
  126 125.5 0.305576 0.000132628
  127 126.5 0.312424 0.000135601
  128 127.5 0.317936 0.000137993
  129 128.5 0.315 0.000136719
  130 129.5 0.319136 0.000138514
  131 130.5 0.312224 0.000135514
  132 131.5 0.314808 0.000136635
  133 132.5 0.319816 0.000138809
  134 133.5 0.310856 0.00013492
  135 134.5 0.309192 0.000134198
  136 135.5 0.313336 0.000135997
  137 136.5 0.3206 0.000139149
  138 137.5 0.327312 0.000142062
  139 138.5 0.327144 0.00014199
  140 139.5 0.33016 0.000143299
  141 140.5 0.3202 0.000138976
  142 141.5 0.322712 0.000140066
  143 142.5 0.319544 0.000138691
  144 143.5 0.326072 0.000141524
  145 144.5 0.3258 0.000141406
  146 145.5 0.32848 0.000142569
  147 146.5 0.323064 0.000140219
  148 147.5 0.309984 0.000134542
  149 148.5 0.3202 0.000138976
  150 149.5 0.313376 0.000136014
  151 150.5 0.31664 0.000137431
  152 151.5 0.317432 0.000137774
  153 152.5 0.319448 0.000138649
  154 153.5 0.323864 0.000140566
  155 154.5 0.325784 0.000141399
  156 155.5 0.327104 0.000141972
  157 156.5 0.328432 0.000142549
  158 157.5 0.328224 0.000142458
  159 158.5 0.322416 0.000139937
  160 159.5 0.320136 0.000138948
  161 160.5 0.321248 0.000139431
  162 161.5 0.3184 0.000138194
  163 162.5 0.326136 0.000141552
  164 163.5 0.31916 0.000138524
  165 164.5 0.312616 0.000135684
  166 165.5 0.313472 0.000136056
  167 166.5 0.319984 0.000138882
  168 167.5 0.32256 0.00014
  169 168.5 0.314712 0.000136594
  170 169.5 0.320016 0.000138896
  171 170.5 0.318416 0.000138201
  172 171.5 0.324112 0.000140674
  173 172.5 0.323576 0.000140441
  174 173.5 0.333176 0.000144608
  175 174.5 0.328072 0.000142392
  176 175.5 0.32248 0.000139965
  177 176.5 0.33076 0.000143559
  178 177.5 0.32724 0.000142031
  179 178.5 0.326688 0.000141792
  180 179.5 0.327376 0.00014209
  181 180.5 0.330232 0.00014333
  182 181.5 0.32732 0.000142066
  183 182.5 0.324592 0.000140882
  184 183.5 0.31772 0.000137899
  185 184.5 0.320664 0.000139177
  186 185.5 0.323848 0.000140559
  187 186.5 0.338232 0.000146802
  188 187.5 0.328664 0.000142649
  189 188.5 0.3234 0.000140365
  190 189.5 0.320736 0.000139208
  191 190.5 0.325488 0.000141271
  192 191.5 0.319176 0.000138531
  193 192.5 0.315496 0.000136934
  194 193.5 0.312888 0.000135802
  195 194.5 0.307144 0.000133309
  196 195.5 0.31152 0.000135208
  197 196.5 0.314432 0.000136472
  198 197.5 0.312576 0.000135667
  199 198.5 0.320728 0.000139205
  200 199.5 0.320824 0.000139247
  201 200.5 0.317088 0.000137625
  202 201.5 0.311296 0.000135111
  203 202.5 0.313488 0.000136063
  204 203.5 0.320856 0.00013926
  205 204.5 0.32032 0.000139028
  206 205.5 0.322352 0.00013991
  207 206.5 0.321944 0.000139733
  208 207.5 0.321432 0.00013951
  209 208.5 0.3242 0.000140712
  210 209.5 0.31736 0.000137743
  211 210.5 0.31576 0.000137049
  212 211.5 0.315248 0.000136826
  213 212.5 0.318176 0.000138097
  214 213.5 0.321256 0.000139434
  215 214.5 0.323736 0.00014051
  216 215.5 0.322984 0.000140184
  217 216.5 0.324456 0.000140823
  218 217.5 0.326616 0.00014176
  219 218.5 0.32712 0.000141979
  220 219.5 0.327784 0.000142267
  221 220.5 0.34092 0.000147969
  222 221.5 0.346528 0.000150403
  223 222.5 0.362976 0.000157542
  224 223.5 0.376968 0.000163615
  225 224.5 0.415264 0.000180236
  226 225.5 0.471184 0.000204507
  227 226.5 0.558384 0.000242354
  228 227.5 0.675632 0.000293243
  229 228.5 0.87144 0.000378229
  230 229.5 1.18794 0.000515597
  231 230.5 1.61819 0.00070234
  232 231.5 2.26669 0.000983806
  233 232.5 3.21495 0.00139538
  234 233.5 4.44276 0.00192828
  235 234.5 6.08211 0.00263981
  236 235.5 8.01848 0.00348024
  237 236.5 10.2346 0.0044421
  238 237.5 12.6331 0.00548314
  239 238.5 15.1862 0.00659122
  240 239.5 17.7284 0.0076946
  241 240.5 20.2034 0.00876886
  242 241.5 22.5036 0.0097672
  243 242.5 24.4991 0.0106333
  244 243.5 26.1853 0.0113651
  245 244.5 27.6936 0.0120198
  246 245.5 28.9517 0.0125658
  247 246.5 29.7581 0.0129158
  248 247.5 30.5366 0.0132537
  249 248.5 31.1982 0.0135409
  250 249.5 31.6921 0.0137553
  251 250.5 31.8855 0.0138392
  252 251.5 32.1468 0.0139526
  253 252.5 32.4632 0.0140899
  254 253.5 32.5039 0.0141076
  255 254.5 32.4991 0.0141055
  256 255.5 32.6851 0.0141862
  257 256.5 32.7173 0.0142002
  258 257.5 32.6414 0.0141673
  259 258.5 32.7147 0.0141991
  260 259.5 32.7303 0.0142058
  261 260.5 32.755 0.0142166
  262 261.5 32.6949 0.0141905
  263 262.5 32.7291 0.0142054
  264 263.5 32.7829 0.0142287
  265 264.5 32.6924 0.0141894
  266 265.5 32.7971 0.0142349
  267 266.5 32.8232 0.0142462
  268 267.5 32.7737 0.0142247
  269 268.5 32.8447 0.0142555
  270 269.5 32.8644 0.0142641
  271 270.5 32.8702 0.0142666
  272 271.5 32.7884 0.0142311
  273 272.5 32.8076 0.0142394
  274 273.5 32.8499 0.0142578
  275 274.5 32.8026 0.0142372
  276 275.5 32.8167 0.0142434
  277 276.5 32.8453 0.0142558
  278 277.5 32.8704 0.0142667
  279 278.5 32.8491 0.0142574
  280 279.5 32.9891 0.0143182
  281 280.5 32.8705 0.0142667
  282 281.5 32.9177 0.0142872
  283 282.5 32.8925 0.0142762
  284 283.5 32.9069 0.0142825
  285 284.5 32.8611 0.0142626
  286 285.5 32.9055 0.0142819
  287 286.5 32.8959 0.0142777
  288 287.5 32.8161 0.0142431
  289 288.5 32.8803 0.014271
  290 289.5 32.8961 0.0142778
  291 290.5 32.7889 0.0142313
  292 291.5 32.8366 0.014252
  293 292.5 32.9146 0.0142859
  294 293.5 32.8397 0.0142533
  295 294.5 32.8435 0.014255
  296 295.5 32.8538 0.0142595
  297 296.5 32.8775 0.0142697
  298 297.5 32.7784 0.0142267
  299 298.5 32.8226 0.0142459
  300 299.5 32.7934 0.0142333
  301 300.5 32.9079 0.0142829
  302 301.5 32.7714 0.0142237
  303 302.5 32.8715 0.0142672
  304 303.5 32.82 0.0142448
  305 304.5 32.7963 0.0142345
  306 305.5 32.7892 0.0142314
  307 306.5 32.7865 0.0142302
  308 307.5 32.8083 0.0142397
  309 308.5 32.762 0.0142196
  310 309.5 32.7549 0.0142165
  311 310.5 32.6881 0.0141875
  312 311.5 32.732 0.0142066
  313 312.5 32.7981 0.0142353
  314 313.5 32.7266 0.0142042
  315 314.5 32.7978 0.0142351
  316 315.5 32.6682 0.0141789
  317 316.5 32.7859 0.01423
  318 317.5 32.802 0.014237
  319 318.5 32.8168 0.0142434
  320 319.5 32.7634 0.0142202
  321 320.5 32.8854 0.0142732
  322 321.5 32.8226 0.0142459
  323 322.5 32.7694 0.0142228
  324 323.5 32.8804 0.014271
  325 324.5 32.893 0.0142765
  326 325.5 32.7792 0.0142271
  327 326.5 32.8871 0.0142739
  328 327.5 32.967 0.0143086
  329 328.5 32.8212 0.0142453
  330 329.5 32.8608 0.0142625
  331 330.5 33.067 0.014352
  332 331.5 32.9419 0.0142977
  333 332.5 32.9086 0.0142832
  334 333.5 33.0315 0.0143366
  335 334.5 33.1189 0.0143745
  336 335.5 32.9518 0.014302
  337 336.5 33.0601 0.014349
  338 337.5 33.0827 0.0143588
  339 338.5 33.0548 0.0143467
  340 339.5 32.9541 0.014303
  341 340.5 33.0387 0.0143397
  342 341.5 33.0189 0.0143311
  343 342.5 32.9187 0.0142876
  344 343.5 33.0296 0.0143358
  345 344.5 33.0129 0.0143285
  346 345.5 32.9264 0.014291
  347 346.5 32.9394 0.0142966
  348 347.5 33.0287 0.0143354
  349 348.5 32.9975 0.0143218
  350 349.5 32.9065 0.0142823
  351 350.5 32.9322 0.0142935
  352 351.5 33.0475 0.0143435
  353 352.5 32.9344 0.0142944
  354 353.5 32.9439 0.0142986
  355 354.5 32.955 0.0143034
  356 355.5 33.0352 0.0143382
  357 356.5 32.9565 0.014304
  358 357.5 32.9716 0.0143106
  359 358.5 33.0492 0.0143443
  360 359.5 32.952 0.0143021
  361 360.5 32.9656 0.014308
  362 361.5 32.915 0.014286
  363 362.5 32.9716 0.0143106
  364 363.5 32.9463 0.0142996
  365 364.5 32.9458 0.0142994
  366 365.5 32.9635 0.0143071
  367 366.5 32.9424 0.0142979
  368 367.5 32.9808 0.0143146
  369 368.5 32.9496 0.014301
  370 369.5 32.9494 0.0143009
  371 370.5 32.9356 0.014295
  372 371.5 33.0409 0.0143407
  373 372.5 32.9724 0.014311
  374 373.5 33.0056 0.0143253
  375 374.5 32.9285 0.0142919
  376 375.5 33.0056 0.0143253
  377 376.5 32.9478 0.0143003
  378 377.5 32.9479 0.0143003
  379 378.5 32.9352 0.0142948
  380 379.5 32.8931 0.0142765
  381 380.5 32.8913 0.0142758
  382 381.5 32.9057 0.014282
  383 382.5 32.8456 0.0142559
  384 383.5 32.7347 0.0142078
  385 384.5 32.6553 0.0141733
  386 385.5 32.5283 0.0141182
  387 386.5 32.3754 0.0140518
  388 387.5 32.044 0.013908
  389 388.5 31.8452 0.0138217
  390 389.5 31.5823 0.0137076
  391 390.5 31.1152 0.0135049
  392 391.5 30.4822 0.0132301
  393 392.5 29.8205 0.0129429
  394 393.5 28.8657 0.0125285
  395 394.5 27.558 0.011961
  396 395.5 26.1414 0.0113461
  397 396.5 24.4074 0.0105935
  398 397.5 22.3328 0.00969305
  399 398.5 20.0145 0.00868687
  400 399.5 17.7146 0.00768864
  401 400.5 15.2564 0.00662169
  402 401.5 12.9399 0.00561626
  403 402.5 10.8738 0.00471953
  404 403.5 9.09834 0.00394893
  405 404.5 7.48714 0.00324963
  406 405.5 6.27506 0.00272355
  407 406.5 5.3163 0.00230742
  408 407.5 4.55652 0.00197766
  409 408.5 4.02157 0.00174547
  410 409.5 3.6542 0.00158602
  411 410.5 3.39766 0.00147468
  412 411.5 3.16402 0.00137327
  413 412.5 2.97882 0.00129289
  414 413.5 2.85792 0.00124042
  415 414.5 2.75661 0.00119644
  416 415.5 2.68819 0.00116675
  417 416.5 2.63496 0.00114365
  418 417.5 2.57646 0.00111826
  419 418.5 2.56158 0.0011118
  420 419.5 2.55202 0.00110765
  421 420.5 2.54574 0.00110492
  422 421.5 2.52874 0.00109755
  423 422.5 2.53259 0.00109922
  424 423.5 2.53386 0.00109976
  425 424.5 2.51954 0.00109355
  426 425.5 2.53258 0.00109921
  427 426.5 2.51085 0.00108978
  428 427.5 2.52305 0.00109507
  429 428.5 2.51074 0.00108973
  430 429.5 2.51926 0.00109343
  431 430.5 2.50272 0.00108625
  432 431.5 2.48734 0.00107958
  433 432.5 2.48165 0.0010771
  434 433.5 2.47288 0.0010733
  435 434.5 2.46122 0.00106824
  436 435.5 2.45083 0.00106373
  437 436.5 2.41294 0.00104728
  438 437.5 2.40413 0.00104346
  439 438.5 2.38257 0.0010341
  440 439.5 2.35656 0.00102281
  441 440.5 2.36516 0.00102655
  442 441.5 2.36009 0.00102434
  443 442.5 2.34855 0.00101934
  444 443.5 2.31474 0.00100466
  445 444.5 2.31337 0.00100407
  446 445.5 2.29546 0.000996295
  447 446.5 2.32626 0.00100966
  448 447.5 2.3091 0.00100222
  449 448.5 2.31058 0.00100285
  450 449.5 2.33148 0.00101193
  451 450.5 2.32658 0.0010098
  452 451.5 2.34422 0.00101746
  453 452.5 2.36995 0.00102863
  454 453.5 2.40894 0.00104555
  455 454.5 2.40359 0.00104323
  456 455.5 2.42371 0.00105196
  457 456.5 2.40914 0.00104564
  458 457.5 2.42146 0.00105098
  459 458.5 2.433 0.00105599
  460 459.5 2.43382 0.00105634
  461 460.5 2.46366 0.0010693
  462 461.5 2.48018 0.00107647
  463 462.5 2.4683 0.00107131
  464 463.5 2.49586 0.00108327
  465 464.5 2.469 0.00107161
  466 465.5 2.46618 0.00107039
  467 466.5 2.44038 0.00105919
  468 467.5 2.46594 0.00107028
  469 468.5 2.51515 0.00109165
  470 469.5 2.52282 0.00109498
  471 470.5 2.53415 0.00109989
  472 471.5 2.55654 0.00110961
  473 472.5 2.5725 0.00111653
  474 473.5 2.54954 0.00110657
  475 474.5 2.56002 0.00111112
  476 475.5 2.57582 0.00111798
  477 476.5 2.57611 0.0011181
  478 477.5 2.52295 0.00109503
  479 478.5 2.48879 0.0010802
  480 479.5 2.45846 0.00106704
57500000 480 5736
  1 0.5 2.4979 0.00108416
  2 1.5 2.50784 0.00108847
  3 2.5 2.50513 0.0010873
  4 3.5 2.4991 0.00108468
  5 4.5 2.51674 0.00109234
  6 5.5 2.51546 0.00109178
  7 6.5 2.50003 0.00108508
  8 7.5 2.49005 0.00108075
  9 8.5 2.47934 0.0010761
  10 9.5 2.48063 0.00107666
  11 10.5 2.47962 0.00107622
  12 11.5 2.4621 0.00106862
  13 12.5 2.45973 0.00106759
  14 13.5 2.49358 0.00108228
  15 14.5 2.52543 0.00109611
  16 15.5 2.52991 0.00109805
  17 16.5 2.53622 0.00110079
  18 17.5 2.51687 0.00109239
  19 18.5 2.50858 0.0010888
  20 19.5 2.49518 0.00108298
  21 20.5 2.49238 0.00108176
  22 21.5 2.46852 0.00107141
  23 22.5 2.45587 0.00106592
  24 23.5 2.44042 0.00105921
  25 24.5 2.44712 0.00106212
  26 25.5 2.41702 0.00104906
  27 26.5 2.40786 0.00104508
  28 27.5 2.37906 0.00103258
  29 28.5 2.33707 0.00101435
  30 29.5 2.30369 0.000999865
  31 30.5 2.28486 0.000991694
  32 31.5 2.27988 0.000989531
  33 32.5 2.24122 0.000972753
  34 33.5 2.21979 0.000963451
  35 34.5 2.20662 0.000957736
  36 35.5 2.19563 0.000952965
  37 36.5 2.17832 0.000945451
  38 37.5 2.1657 0.000939972
  39 38.5 2.1514 0.000933767
  40 39.5 2.14398 0.000930549
  41 40.5 2.15555 0.000935569
  42 41.5 2.1733 0.000943271
  43 42.5 2.18385 0.000947851
  44 43.5 2.18619 0.000948868
  45 44.5 2.23422 0.000969715
  46 45.5 2.26112 0.000981389
  47 46.5 2.24966 0.000976417
  48 47.5 2.2353 0.000970184
  49 48.5 2.2705 0.000985458
  50 49.5 2.28657 0.000992434
  51 50.5 2.31366 0.00100419
  52 51.5 2.31729 0.00100577
  53 52.5 2.33475 0.00101335
  54 53.5 2.32205 0.00100783
  55 54.5 2.32425 0.00100879
  56 55.5 2.33506 0.00101348
  57 56.5 2.31956 0.00100675
  58 57.5 2.32978 0.00101119
  59 58.5 2.35697 0.00102299
  60 59.5 2.38474 0.00103504
  61 60.5 2.4159 0.00104857
  62 61.5 2.40453 0.00104363
  63 62.5 2.36366 0.00102589
  64 63.5 2.36248 0.00102538
  65 64.5 2.36407 0.00102607
  66 65.5 2.36558 0.00102673
  67 66.5 2.39583 0.00103986
  68 67.5 2.43858 0.00105841
  69 68.5 2.52146 0.00109439
  70 69.5 2.56683 0.00111408
  71 70.5 2.60749 0.00113172
  72 71.5 2.65346 0.00115168
  73 72.5 2.74201 0.00119011
  74 73.5 2.83044 0.00122849
  75 74.5 2.89947 0.00125845
  76 75.5 2.99053 0.00129797
  77 76.5 3.0578 0.00132717
  78 77.5 3.114 0.00135156
  79 78.5 3.0911 0.00134162
  80 79.5 3.03889 0.00131896
  81 80.5 2.89382 0.001256
  82 81.5 2.63747 0.00114474
  83 82.5 2.31206 0.0010035
  84 83.5 1.96254 0.000851795
  85 84.5 1.58094 0.000686174
  86 85.5 1.25222 0.000543497
  87 86.5 0.99988 0.000433976
  88 87.5 0.787432 0.000341767
  89 88.5 0.632056 0.00027433
  90 89.5 0.51552 0.00022375
  91 90.5 0.43304 0.000187951
  92 91.5 0.390824 0.000169628
  93 92.5 0.351072 0.000152375
  94 93.5 0.33296 0.000144514
  95 94.5 0.319312 0.00013859
  96 95.5 0.306272 0.000132931
  97 96.5 0.308752 0.000134007
  98 97.5 0.304368 0.000132104
  99 98.5 0.294592 0.000127861
  100 99.5 0.297056 0.000128931
  101 100.5 0.29924 0.000129878
  102 101.5 0.304328 0.000132087
  103 102.5 0.304048 0.000131965
  104 103.5 0.306944 0.000133222
  105 104.5 0.306752 0.000133139
  106 105.5 0.314712 0.000136594
  107 106.5 0.310368 0.000134708
  108 107.5 0.306096 0.000132854
  109 108.5 0.311616 0.00013525
  110 109.5 0.29904 0.000129792
  111 110.5 0.299952 0.000130187
  112 111.5 0.30196 0.000131059
  113 112.5 0.297976 0.00012933
  114 113.5 0.298784 0.000129681
  115 114.5 0.306304 0.000132944
  116 115.5 0.302608 0.00013134
  117 116.5 0.31032 0.000134687
  118 117.5 0.30764 0.000133524
  119 118.5 0.311584 0.000135236
  120 119.5 0.309296 0.000134243
  121 120.5 0.309656 0.000134399
  122 121.5 0.305568 0.000132625
  123 122.5 0.295664 0.000128326
  124 123.5 0.296184 0.000128552
  125 124.5 0.294272 0.000127722
  126 125.5 0.299808 0.000130125
  127 126.5 0.292312 0.000126872
  128 127.5 0.296256 0.000128583
  129 128.5 0.293592 0.000127427
  130 129.5 0.28696 0.000124549
  131 130.5 0.292648 0.000127017
  132 131.5 0.300976 0.000130632
  133 132.5 0.294688 0.000127903
  134 133.5 0.28896 0.000125417
  135 134.5 0.283152 0.000122896
  136 135.5 0.2874 0.00012474
  137 136.5 0.286144 0.000124194
  138 137.5 0.286064 0.00012416
  139 138.5 0.287696 0.000124868
  140 139.5 0.287616 0.000124833
  141 140.5 0.294776 0.000127941
  142 141.5 0.290176 0.000125944
  143 142.5 0.289672 0.000125726
  144 143.5 0.293752 0.000127497
  145 144.5 0.2948 0.000127951
  146 145.5 0.297408 0.000129083
  147 146.5 0.29356 0.000127413
  148 147.5 0.286568 0.000124378
  149 148.5 0.290008 0.000125872
  150 149.5 0.289792 0.000125778
  151 150.5 0.2876 0.000124826
  152 151.5 0.292824 0.000127094
  153 152.5 0.300584 0.000130462
  154 153.5 0.298776 0.000129677
  155 154.5 0.304592 0.000132201
  156 155.5 0.305328 0.000132521
  157 156.5 0.305168 0.000132451
  158 157.5 0.306056 0.000132837
  159 158.5 0.296488 0.000128684
  160 159.5 0.309648 0.000134396
  161 160.5 0.313624 0.000136122
  162 161.5 0.309968 0.000134535
  163 162.5 0.29656 0.000128715
  164 163.5 0.307784 0.000133587
  165 164.5 0.311688 0.000135281
  166 165.5 0.310432 0.000134736
  167 166.5 0.311688 0.000135281
  168 167.5 0.31628 0.000137274
  169 168.5 0.308384 0.000133847
  170 169.5 0.315496 0.000136934
  171 170.5 0.314664 0.000136573
  172 171.5 0.313496 0.000136066
  173 172.5 0.30728 0.000133368
  174 173.5 0.306264 0.000132927
  175 174.5 0.316768 0.000137486
  176 175.5 0.317752 0.000137913
  177 176.5 0.311088 0.000135021
  178 177.5 0.308416 0.000133861
  179 178.5 0.307528 0.000133476
  180 179.5 0.302448 0.000131271
  181 180.5 0.300616 0.000130476
  182 181.5 0.299744 0.000130097
  183 182.5 0.298752 0.000129667
  184 183.5 0.300992 0.000130639
  185 184.5 0.302808 0.000131427
  186 185.5 0.298184 0.00012942
  187 186.5 0.296712 0.000128781
  188 187.5 0.302864 0.000131451
  189 188.5 0.303848 0.000131878
  190 189.5 0.3074 0.00013342
  191 190.5 0.307448 0.000133441
  192 191.5 0.312352 0.000135569
  193 192.5 0.313584 0.000136104
  194 193.5 0.317336 0.000137733
  195 194.5 0.306984 0.00013324
  196 195.5 0.300512 0.000130431
  197 196.5 0.303184 0.00013159
  198 197.5 0.302656 0.000131361
  199 198.5 0.300392 0.000130378
  200 199.5 0.30836 0.000133837
  201 200.5 0.310368 0.000134708
  202 201.5 0.306536 0.000133045
  203 202.5 0.312296 0.000135545
  204 203.5 0.31032 0.000134687
  205 204.5 0.308608 0.000133944
  206 205.5 0.311584 0.000135236
  207 206.5 0.31424 0.000136389
  208 207.5 0.310816 0.000134903
  209 208.5 0.307288 0.000133372
  210 209.5 0.308112 0.000133729
  211 210.5 0.314472 0.00013649
  212 211.5 0.310152 0.000134615
  213 212.5 0.31788 0.000137969
  214 213.5 0.314352 0.000136438
  215 214.5 0.311712 0.000135292
  216 215.5 0.312296 0.000135545
  217 216.5 0.319072 0.000138486
  218 217.5 0.325704 0.000141365
  219 218.5 0.322912 0.000140153
  220 219.5 0.321392 0.000139493
  221 220.5 0.32124 0.000139427
  222 221.5 0.333256 0.000144642
  223 222.5 0.338216 0.000146795
  224 223.5 0.341632 0.000148278
  225 224.5 0.355736 0.000154399
  226 225.5 0.388832 0.000168764
  227 226.5 0.440848 0.00019134
  228 227.5 0.497512 0.000215934
  229 228.5 0.594968 0.000258233
  230 229.5 0.761888 0.000330681
  231 230.5 0.997976 0.000433149
  232 231.5 1.36209 0.000591184
  233 232.5 1.93768 0.000841007
  234 233.5 2.72196 0.00118141
  235 234.5 3.80761 0.00165261
  236 235.5 5.25222 0.00227961
  237 236.5 7.09102 0.0030777
  238 237.5 9.2753 0.00402574
  239 238.5 11.7192 0.00508645
  240 239.5 14.3855 0.00624373
  241 240.5 17.1452 0.0074415
  242 241.5 19.8168 0.00860105
  243 242.5 22.164 0.00961981
  244 243.5 24.3819 0.0105824
  245 244.5 26.2611 0.011398
  246 245.5 27.7894 0.0120614
  247 246.5 28.9855 0.0125805
  248 247.5 29.8819 0.0129696
  249 248.5 30.6599 0.0133072
  250 249.5 31.1451 0.0135179
  251 250.5 31.5943 0.0137128
  252 251.5 31.9171 0.0138529
  253 252.5 32.2135 0.0139815
  254 253.5 32.3011 0.0140196
  255 254.5 32.4649 0.0140907
  256 255.5 32.6317 0.0141631
  257 256.5 32.6818 0.0141848
  258 257.5 32.68 0.014184
  259 258.5 32.7914 0.0142324
  260 259.5 32.8808 0.0142712
  261 260.5 32.8359 0.0142517
  262 261.5 32.7887 0.0142312
  263 262.5 32.872 0.0142674
  264 263.5 32.8658 0.0142647
  265 264.5 32.8475 0.0142567
  266 265.5 32.8298 0.0142491
  267 266.5 32.776 0.0142257
  268 267.5 32.8402 0.0142535
  269 268.5 32.8235 0.0142463
  270 269.5 32.8187 0.0142442
  271 270.5 32.8329 0.0142504
  272 271.5 32.804 0.0142378
  273 272.5 32.908 0.014283
  274 273.5 32.8094 0.0142402
  275 274.5 32.9073 0.0142827
  276 275.5 32.9123 0.0142849
  277 276.5 32.929 0.0142921
  278 277.5 32.9266 0.0142911
  279 278.5 32.963 0.0143069
  280 279.5 32.8235 0.0142463
  281 280.5 32.8826 0.014272
  282 281.5 32.8233 0.0142462
  283 282.5 32.7974 0.014235
  284 283.5 32.8132 0.0142418
  285 284.5 32.8283 0.0142484
  286 285.5 32.7672 0.0142219
  287 286.5 32.7168 0.0142
  288 287.5 32.7329 0.014207
  289 288.5 32.788 0.0142309
  290 289.5 32.8124 0.0142415
  291 290.5 32.7759 0.0142257
  292 291.5 32.8238 0.0142464
  293 292.5 32.8648 0.0142642
  294 293.5 32.9192 0.0142878
  295 294.5 32.8438 0.0142551
  296 295.5 32.9406 0.0142971
  297 296.5 33.0333 0.0143374
  298 297.5 32.9662 0.0143083
  299 298.5 32.8732 0.0142679
  300 299.5 33.0284 0.0143352
  301 300.5 33.0475 0.0143435
  302 301.5 32.9853 0.0143165
  303 302.5 33.0798 0.0143575
  304 303.5 33.084 0.0143594
  305 304.5 33.034 0.0143377
  306 305.5 33.1197 0.0143749
  307 306.5 33.1507 0.0143883
  308 307.5 33.1368 0.0143823
  309 308.5 33.0749 0.0143554
  310 309.5 33.2023 0.0144107
  311 310.5 33.216 0.0144167
  312 311.5 33.1771 0.0143998
  313 312.5 33.1324 0.0143804
  314 313.5 33.1839 0.0144027
  315 314.5 33.1641 0.0143941
  316 315.5 33.171 0.0143971
  317 316.5 33.1886 0.0144048
  318 317.5 33.2184 0.0144177
  319 318.5 33.2202 0.0144185
  320 319.5 33.2576 0.0144347
  321 320.5 33.2537 0.014433
  322 321.5 33.2408 0.0144274
  323 322.5 33.3086 0.0144568
  324 323.5 33.2681 0.0144393
  325 324.5 33.2427 0.0144282
  326 325.5 33.2207 0.0144187
  327 326.5 33.2279 0.0144218
  328 327.5 33.1631 0.0143937
  329 328.5 33.1866 0.0144039
  330 329.5 33.1625 0.0143934
  331 330.5 33.1477 0.014387
  332 331.5 33.1541 0.0143898
  333 332.5 33.1204 0.0143752
  334 333.5 33.1516 0.0143887
  335 334.5 33.1219 0.0143758
  336 335.5 33.1481 0.0143872
  337 336.5 33.1662 0.014395
  338 337.5 33.1274 0.0143782
  339 338.5 33.18 0.014401
  340 339.5 33.1982 0.0144089
  341 340.5 33.1709 0.0143971
  342 341.5 33.1736 0.0143983
  343 342.5 33.1709 0.0143971
  344 343.5 33.1925 0.0144065
  345 344.5 33.1592 0.014392
  346 345.5 33.2085 0.0144134
  347 346.5 33.1043 0.0143682
  348 347.5 33.1077 0.0143697
  349 348.5 33.1704 0.0143969
  350 349.5 33.0791 0.0143572
  351 350.5 33.0119 0.0143281
  352 351.5 32.9352 0.0142948
  353 352.5 32.9731 0.0143112
  354 353.5 33.0213 0.0143322
  355 354.5 33.0215 0.0143323
  356 355.5 32.9985 0.0143223
  357 356.5 33.0365 0.0143388
  358 357.5 33.0525 0.0143457
  359 358.5 33.0116 0.014328
  360 359.5 33.0108 0.0143276
  361 360.5 33.0532 0.014346
  362 361.5 33.1408 0.014384
  363 362.5 33.1205 0.0143752
  364 363.5 33.1975 0.0144086
  365 364.5 33.2028 0.014411
  366 365.5 33.1757 0.0143992
  367 366.5 33.1818 0.0144018
  368 367.5 33.2644 0.0144377
  369 368.5 33.2647 0.0144378
  370 369.5 33.2863 0.0144472
  371 370.5 33.2925 0.0144499
  372 371.5 33.3004 0.0144533
  373 372.5 33.2257 0.0144209
  374 373.5 33.2957 0.0144513
  375 374.5 33.2125 0.0144151
  376 375.5 33.1519 0.0143888
  377 376.5 33.1382 0.0143829
  378 377.5 33.0788 0.0143571
  379 378.5 32.9934 0.0143201
  380 379.5 33.0123 0.0143283
  381 380.5 32.9929 0.0143198
  382 381.5 32.8975 0.0142784
  383 382.5 32.8443 0.0142553
  384 383.5 32.7857 0.0142299
  385 384.5 32.7685 0.0142225
  386 385.5 32.5789 0.0141402
  387 386.5 32.5228 0.0141158
  388 387.5 32.3742 0.0140513
  389 388.5 32.2107 0.0139803
  390 389.5 31.8879 0.0138402
  391 390.5 31.5609 0.0136983
  392 391.5 31.1191 0.0135066
  393 392.5 30.5269 0.0132495
  394 393.5 29.6713 0.0128781
  395 394.5 28.7244 0.0124672
  396 395.5 27.4813 0.0119276
  397 396.5 25.8673 0.0112271
  398 397.5 23.9957 0.0104148
  399 398.5 21.9795 0.00953971
  400 399.5 19.7024 0.00855141
  401 400.5 17.3564 0.00753317
  402 401.5 14.9814 0.00650234
  403 402.5 12.7041 0.00551392
  404 403.5 10.677 0.00463414
  405 404.5 8.83285 0.0038337
  406 405.5 7.42148 0.00322113
  407 406.5 6.21542 0.00269767
  408 407.5 5.23574 0.00227245
  409 408.5 4.55686 0.0019778
  410 409.5 4.06072 0.00176247
  411 410.5 3.6203 0.00157131
  412 411.5 3.32548 0.00144335
  413 412.5 3.05506 0.00132598
  414 413.5 2.87634 0.00124841
  415 414.5 2.7645 0.00119987
  416 415.5 2.68 0.00116319
  417 416.5 2.64246 0.0011469
  418 417.5 2.61379 0.00113446
  419 418.5 2.6038 0.00113012
  420 419.5 2.57823 0.00111902
  421 420.5 2.60934 0.00113252
  422 421.5 2.5761 0.0011181
  423 422.5 2.57808 0.00111896
  424 423.5 2.58764 0.00112311
  425 424.5 2.58192 0.00112063
  426 425.5 2.59216 0.00112507
  427 426.5 2.57342 0.00111694
  428 427.5 2.58776 0.00112316
  429 428.5 2.60812 0.001132
  430 429.5 2.64496 0.00114799
  431 430.5 2.62123 0.00113769
  432 431.5 2.59785 0.00112754
  433 432.5 2.59893 0.00112801
  434 433.5 2.62402 0.0011389
  435 434.5 2.64026 0.00114594
  436 435.5 2.62448 0.0011391
  437 436.5 2.63161 0.00114219
  438 437.5 2.63742 0.00114472
  439 438.5 2.62106 0.00113761
  440 439.5 2.62809 0.00114066
  441 440.5 2.60241 0.00112952
  442 441.5 2.616 0.00113542
  443 442.5 2.6171 0.0011359
  444 443.5 2.64696 0.00114885
  445 444.5 2.66155 0.00115519
  446 445.5 2.67481 0.00116094
  447 446.5 2.66242 0.00115556
  448 447.5 2.64511 0.00114805
  449 448.5 2.63973 0.00114572
  450 449.5 2.63408 0.00114326
  451 450.5 2.66062 0.00115478
  452 451.5 2.67313 0.00116021
  453 452.5 2.67747 0.0011621
  454 453.5 2.68458 0.00116518
  455 454.5 2.68182 0.00116398
  456 455.5 2.67428 0.00116071
  457 456.5 2.69578 0.00117004
  458 457.5 2.73726 0.00118805
  459 458.5 2.74946 0.00119334
  460 459.5 2.70969 0.00117608
  461 460.5 2.7125 0.0011773
  462 461.5 2.69859 0.00117126
  463 462.5 2.67465 0.00116087
  464 463.5 2.68554 0.0011656
  465 464.5 2.66265 0.00115566
  466 465.5 2.64637 0.0011486
  467 466.5 2.63226 0.00114247
  468 467.5 2.61258 0.00113393
  469 468.5 2.56522 0.00111338
  470 469.5 2.56205 0.001112
  471 470.5 2.53828 0.00110168
  472 471.5 2.51028 0.00108953
  473 472.5 2.48831 0.00108
  474 473.5 2.46981 0.00107197
  475 474.5 2.47547 0.00107442
  476 475.5 2.4967 0.00108364
  477 476.5 2.51317 0.00109078
  478 477.5 2.51554 0.00109181
  479 478.5 2.53394 0.0010998
  480 479.5 2.51984 0.00109368
60000000 480 5736
  1 0.5 2.862 0.00124219
  2 1.5 2.85758 0.00124027
  3 2.5 2.87058 0.00124591
  4 3.5 2.8389 0.00123216
  5 4.5 2.82838 0.00122759
  6 5.5 2.83642 0.00123108
  7 6.5 2.81582 0.00122214
  8 7.5 2.82522 0.00122623
  9 8.5 2.8393 0.00123233
  10 9.5 2.83325 0.00122971
  11 10.5 2.85319 0.00123836
  12 11.5 2.89006 0.00125436
  13 12.5 2.90368 0.00126028
  14 13.5 2.9001 0.00125873
  15 14.5 2.86288 0.00124257
  16 15.5 2.86823 0.00124489
  17 16.5 2.86202 0.00124219
  18 17.5 2.87391 0.00124736
  19 18.5 2.86127 0.00124187
  20 19.5 2.85922 0.00124098
  21 20.5 2.83014 0.00122836
  22 21.5 2.82207 0.00122486
  23 22.5 2.78511 0.00120882
  24 23.5 2.75448 0.00119552
  25 24.5 2.72783 0.00118395
  26 25.5 2.71653 0.00117905
  27 26.5 2.70331 0.00117331
  28 27.5 2.65342 0.00115166
  29 28.5 2.61742 0.00113603
  30 29.5 2.58042 0.00111998
  31 30.5 2.55857 0.00111049
  32 31.5 2.51418 0.00109123
  33 32.5 2.4966 0.00108359
  34 33.5 2.44699 0.00106206
  35 34.5 2.41315 0.00104738
  36 35.5 2.40842 0.00104532
  37 36.5 2.38549 0.00103537
  38 37.5 2.40309 0.00104301
  39 38.5 2.40949 0.00104578
  40 39.5 2.40211 0.00104258
  41 40.5 2.37262 0.00102978
  42 41.5 2.38508 0.00103519
  43 42.5 2.38832 0.0010366
  44 43.5 2.38929 0.00103702
  45 44.5 2.39851 0.00104102
  46 45.5 2.3915 0.00103798
  47 46.5 2.33371 0.0010129
  48 47.5 2.31174 0.00100336
  49 48.5 2.31622 0.0010053
  50 49.5 2.28215 0.000990517
  51 50.5 2.31659 0.00100547
  52 51.5 2.31905 0.00100653
  53 52.5 2.29991 0.000998226
  54 53.5 2.32004 0.00100696
  55 54.5 2.33097 0.0010117
  56 55.5 2.33024 0.00101139
  57 56.5 2.3509 0.00102036
  58 57.5 2.36014 0.00102436
  59 58.5 2.34696 0.00101865
  60 59.5 2.30475 0.00100033
  61 60.5 2.28358 0.000991135
  62 61.5 2.27002 0.00098525
  63 62.5 2.30031 0.000998399
  64 63.5 2.30995 0.00100258
  65 64.5 2.32328 0.00100837
  66 65.5 2.36329 0.00102573
  67 66.5 2.40514 0.0010439
  68 67.5 2.46894 0.00107159
  69 68.5 2.51264 0.00109056
  70 69.5 2.56834 0.00111473
  71 70.5 2.64327 0.00114725
  72 71.5 2.7688 0.00120174
  73 72.5 2.86971 0.00124553
  74 73.5 2.99689 0.00130073
  75 74.5 3.1228 0.00135538
  76 75.5 3.27014 0.00141933
  77 76.5 3.3155 0.00143902
  78 77.5 3.30138 0.00143289
  79 78.5 3.27602 0.00142189
  80 79.5 3.12797 0.00135763
  81 80.5 2.8674 0.00124453
  82 81.5 2.51627 0.00109213
  83 82.5 2.1607 0.000937806
  84 83.5 1.80403 0.000783
  85 84.5 1.46418 0.000635497
  86 85.5 1.17024 0.000507917
  87 86.5 0.92828 0.000402899
  88 87.5 0.745544 0.000323587
  89 88.5 0.61132 0.00026533
  90 89.5 0.511736 0.000222108
  91 90.5 0.458664 0.000199073
  92 91.5 0.41568 0.000180417
  93 92.5 0.374336 0.000162472
  94 93.5 0.345496 0.000149955
  95 94.5 0.33724 0.000146372
  96 95.5 0.335352 0.000145552
  97 96.5 0.318736 0.00013834
  98 97.5 0.326392 0.000141663
  99 98.5 0.320232 0.00013899
  100 99.5 0.319088 0.000138493
  101 100.5 0.314088 0.000136323
  102 101.5 0.314544 0.000136521
  103 102.5 0.318888 0.000138406
  104 103.5 0.31396 0.000136267
  105 104.5 0.311672 0.000135274
  106 105.5 0.309232 0.000134215
  107 106.5 0.307672 0.000133538
  108 107.5 0.31028 0.00013467
  109 108.5 0.316216 0.000137247
  110 109.5 0.31856 0.000138264
  111 110.5 0.315648 0.000137
  112 111.5 0.318784 0.000138361
  113 112.5 0.319704 0.00013876
  114 113.5 0.315824 0.000137076
  115 114.5 0.305472 0.000132583
  116 115.5 0.308696 0.000133983
  117 116.5 0.306064 0.00013284
  118 117.5 0.3068 0.00013316
  119 118.5 0.304232 0.000132045
  120 119.5 0.3116 0.000135243
  121 120.5 0.31152 0.000135208
  122 121.5 0.3062 0.000132899
  123 122.5 0.305792 0.000132722
  124 123.5 0.309184 0.000134194
  125 124.5 0.307776 0.000133583
  126 125.5 0.319376 0.000138618
  127 126.5 0.315288 0.000136844
  128 127.5 0.322728 0.000140073
  129 128.5 0.318616 0.000138288
  130 129.5 0.324656 0.00014091
  131 130.5 0.320856 0.00013926
  132 131.5 0.324272 0.000140743
  133 132.5 0.326784 0.000141833
  134 133.5 0.322768 0.00014009
  135 134.5 0.323496 0.000140406
  136 135.5 0.322232 0.000139858
  137 136.5 0.326128 0.000141549
  138 137.5 0.32304 0.000140208
  139 138.5 0.330768 0.000143562
  140 139.5 0.333544 0.000144767
  141 140.5 0.32824 0.000142465
  142 141.5 0.328248 0.000142469
  143 142.5 0.321472 0.000139528
  144 143.5 0.320984 0.000139316
  145 144.5 0.320616 0.000139156
  146 145.5 0.302816 0.000131431
  147 146.5 0.304384 0.000132111
  148 147.5 0.309832 0.000134476
  149 148.5 0.317456 0.000137785
  150 149.5 0.3076 0.000133507
  151 150.5 0.310072 0.00013458
  152 151.5 0.311144 0.000135045
  153 152.5 0.304832 0.000132306
  154 153.5 0.301104 0.000130687
  155 154.5 0.303592 0.000131767
  156 155.5 0.309928 0.000134517
  157 156.5 0.312 0.000135417
  158 157.5 0.313256 0.000135962
  159 158.5 0.313288 0.000135976
  160 159.5 0.316384 0.000137319
  161 160.5 0.320808 0.00013924
  162 161.5 0.317152 0.000137653
  163 162.5 0.315016 0.000136726
  164 163.5 0.320512 0.000139111
  165 164.5 0.323872 0.000140569
  166 165.5 0.321256 0.000139434
  167 166.5 0.311888 0.000135368
  168 167.5 0.317064 0.000137615
  169 168.5 0.320216 0.000138983
  170 169.5 0.320232 0.00013899
  171 170.5 0.314064 0.000136313
  172 171.5 0.308424 0.000133865
  173 172.5 0.31212 0.000135469
  174 173.5 0.321656 0.000139608
  175 174.5 0.316952 0.000137566
  176 175.5 0.322256 0.000139868
  177 176.5 0.330912 0.000143625
  178 177.5 0.32464 0.000140903
  179 178.5 0.320144 0.000138951
  180 179.5 0.317664 0.000137875
  181 180.5 0.317168 0.00013766
  182 181.5 0.314944 0.000136694
  183 182.5 0.31732 0.000137726
  184 183.5 0.309512 0.000134337
  185 184.5 0.300864 0.000130583
  186 185.5 0.2988 0.000129688
  187 186.5 0.30576 0.000132708
  188 187.5 0.306064 0.00013284
  189 188.5 0.30704 0.000133264
  190 189.5 0.309288 0.00013424
  191 190.5 0.3098 0.000134462
  192 191.5 0.311184 0.000135063
  193 192.5 0.31108 0.000135017
  194 193.5 0.30656 0.000133056
  195 194.5 0.313016 0.000135858
  196 195.5 0.313008 0.000135854
  197 196.5 0.31432 0.000136424
  198 197.5 0.319664 0.000138743
  199 198.5 0.313936 0.000136257
  200 199.5 0.308192 0.000133764
  201 200.5 0.312488 0.000135628
  202 201.5 0.317696 0.000137889
  203 202.5 0.318608 0.000138285
  204 203.5 0.320384 0.000139056
  205 204.5 0.333408 0.000144708
  206 205.5 0.326488 0.000141705
  207 206.5 0.322544 0.000139993
  208 207.5 0.313408 0.000136028
  209 208.5 0.316376 0.000137316
  210 209.5 0.325272 0.000141177
  211 210.5 0.321944 0.000139733
  212 211.5 0.316104 0.000137198
  213 212.5 0.315344 0.000136868
  214 213.5 0.32104 0.00013934
  215 214.5 0.317136 0.000137646
  216 215.5 0.317752 0.000137913
  217 216.5 0.324312 0.00014076
  218 217.5 0.317568 0.000137833
  219 218.5 0.319056 0.000138479
  220 219.5 0.32468 0.00014092
  221 220.5 0.335912 0.000145795
  222 221.5 0.346816 0.000150528
  223 222.5 0.3584 0.000155556
  224 223.5 0.378104 0.000164108
  225 224.5 0.416736 0.000180875
  226 225.5 0.455952 0.000197896
  227 226.5 0.522216 0.000226656
  228 227.5 0.639288 0.000277469
  229 228.5 0.807048 0.000350281
  230 229.5 1.06372 0.000461684
  231 230.5 1.46642 0.000636469
  232 231.5 2.05461 0.000891757
  233 232.5 2.86959 0.00124548
  234 233.5 4.00667 0.00173901
  235 234.5 5.51274 0.00239268
  236 235.5 7.38384 0.00320479
  237 236.5 9.5079 0.00412669
  238 237.5 11.9562 0.00518933
  239 238.5 14.5496 0.00631492
  240 239.5 17.1571 0.00744667
  241 240.5 19.641 0.00852474
  242 241.5 22.0276 0.0095606
  243 242.5 24.1936 0.0105007
  244 243.5 25.9698 0.0112716
  245 244.5 27.4883 0.0119307
  246 245.5 28.7491 0.0124779
  247 246.5 29.6995 0.0128904
  248 247.5 30.4991 0.0132375
  249 248.5 31.047 0.0134752
  250 249.5 31.5669 0.0137009
  251 250.5 31.894 0.0138429
  252 251.5 32.0618 0.0139157
  253 252.5 32.3162 0.0140261
  254 253.5 32.3761 0.0140521
  255 254.5 32.4663 0.0140913
  256 255.5 32.5315 0.0141196
  257 256.5 32.6382 0.0141659
  258 257.5 32.6282 0.0141616
  259 258.5 32.6733 0.0141811
  260 259.5 32.6876 0.0141873
  261 260.5 32.7644 0.0142207
  262 261.5 32.6829 0.0141853
  263 262.5 32.6896 0.0141882
  264 263.5 32.6751 0.0141819
  265 264.5 32.6395 0.0141665
  266 265.5 32.7103 0.0141972
  267 266.5 32.7114 0.0141977
  268 267.5 32.5816 0.0141413
  269 268.5 32.5804 0.0141408
  270 269.5 32.7127 0.0141982
  271 270.5 32.5225 0.0141157
  272 271.5 32.3885 0.0140575
  273 272.5 32.5148 0.0141123
  274 273.5 32.5281 0.0141181
  275 274.5 32.3736 0.014051
  276 275.5 32.3617 0.0140459
  277 276.5 32.4949 0.0141037
  278 277.5 32.4889 0.0141011
  279 278.5 32.4683 0.0140921
  280 279.5 32.4135 0.0140684
  281 280.5 32.4773 0.014096
  282 281.5 32.4991 0.0141055
  283 282.5 32.4296 0.0140753
  284 283.5 32.4031 0.0140638
  285 284.5 32.4442 0.0140817
  286 285.5 32.4396 0.0140797
  287 286.5 32.4379 0.0140789
  288 287.5 32.3384 0.0140358
  289 288.5 32.4341 0.0140773
  290 289.5 32.4377 0.0140789
  291 290.5 32.4369 0.0140785
  292 291.5 32.339 0.014036
  293 292.5 32.4191 0.0140708
  294 293.5 32.3568 0.0140437
  295 294.5 32.2893 0.0140144
  296 295.5 32.3588 0.0140446
  297 296.5 32.3084 0.0140227
  298 297.5 32.2821 0.0140113
  299 298.5 32.2671 0.0140048
  300 299.5 32.2951 0.014017
  301 300.5 32.3144 0.0140254
  302 301.5 32.3771 0.0140526
  303 302.5 32.4347 0.0140775
  304 303.5 32.4167 0.0140697
  305 304.5 32.5246 0.0141166
  306 305.5 32.5216 0.0141153
  307 306.5 32.5468 0.0141262
  308 307.5 32.59 0.014145
  309 308.5 32.5381 0.0141224
  310 309.5 32.564 0.0141337
  311 310.5 32.6197 0.0141578
  312 311.5 32.5346 0.0141209
  313 312.5 32.5609 0.0141323
  314 313.5 32.4947 0.0141036
  315 314.5 32.6227 0.0141592
  316 315.5 32.5842 0.0141424
  317 316.5 32.5679 0.0141354
  318 317.5 32.6066 0.0141522
  319 318.5 32.6555 0.0141734
  320 319.5 32.5769 0.0141393
  321 320.5 32.6109 0.014154
  322 321.5 32.7263 0.0142041
  323 322.5 32.6394 0.0141664
  324 323.5 32.6589 0.0141749
  325 324.5 32.69 0.0141884
  326 325.5 32.6872 0.0141871
  327 326.5 32.6578 0.0141744
  328 327.5 32.7362 0.0142084
  329 328.5 32.7193 0.0142011
  330 329.5 32.7629 0.01422
  331 330.5 32.8006 0.0142364
  332 331.5 32.7466 0.0142129
  333 332.5 32.7912 0.0142323
  334 333.5 32.8339 0.0142508
  335 334.5 32.7998 0.014236
  336 335.5 32.7604 0.0142189
  337 336.5 32.7898 0.0142317
  338 337.5 32.7816 0.0142281
  339 338.5 32.7268 0.0142043
  340 339.5 32.7155 0.0141994
  341 340.5 32.8651 0.0142644
  342 341.5 32.7983 0.0142354
  343 342.5 32.7596 0.0142186
  344 343.5 32.8342 0.014251
  345 344.5 32.8811 0.0142713
  346 345.5 32.6906 0.0141886
  347 346.5 32.6408 0.014167
  348 347.5 32.7245 0.0142033
  349 348.5 32.6103 0.0141538
  350 349.5 32.4908 0.0141019
  351 350.5 32.5739 0.014138
  352 351.5 32.6513 0.0141716
  353 352.5 32.5561 0.0141303
  354 353.5 32.5046 0.0141079
  355 354.5 32.5865 0.0141434
  356 355.5 32.6166 0.0141565
  357 356.5 32.5148 0.0141123
  358 357.5 32.5845 0.0141426
  359 358.5 32.5877 0.014144
  360 359.5 32.5652 0.0141342
  361 360.5 32.5641 0.0141337
  362 361.5 32.602 0.0141502
  363 362.5 32.7012 0.0141932
  364 363.5 32.7051 0.0141949
  365 364.5 32.6539 0.0141727
  366 365.5 32.6869 0.014187
  367 366.5 32.7374 0.0142089
  368 367.5 32.6146 0.0141556
  369 368.5 32.6525 0.0141721
  370 369.5 32.7989 0.0142356
  371 370.5 32.7039 0.0141944
  372 371.5 32.7124 0.0141981
  373 372.5 32.7637 0.0142204
  374 373.5 32.7003 0.0141928
  375 374.5 32.6501 0.014171
  376 375.5 32.7677 0.0142221
  377 376.5 32.7352 0.014208
  378 377.5 32.6504 0.0141712
  379 378.5 32.5806 0.0141409
  380 379.5 32.6223 0.014159
  381 380.5 32.5954 0.0141473
  382 381.5 32.5148 0.0141123
  383 382.5 32.5229 0.0141158
  384 383.5 32.4595 0.0140883
  385 384.5 32.3758 0.014052
  386 385.5 32.2338 0.0139904
  387 386.5 32.137 0.0139484
  388 387.5 32.1651 0.0139605
  389 388.5 31.781 0.0137938
  390 389.5 31.6513 0.0137375
  391 390.5 31.3515 0.0136074
  392 391.5 30.8677 0.0133974
  393 392.5 30.2072 0.0131107
  394 393.5 29.4237 0.0127707
  395 394.5 28.4136 0.0123323
  396 395.5 27.2408 0.0118232
  397 396.5 25.757 0.0111792
  398 397.5 23.8817 0.0103653
  399 398.5 21.9393 0.00952228
  400 399.5 19.7574 0.00857525
  401 400.5 17.4604 0.00757831
  402 401.5 15.1615 0.00658051
  403 402.5 12.9741 0.00563112
  404 403.5 10.8874 0.00472544
  405 404.5 9.11158 0.00395468
  406 405.5 7.63246 0.0033127
  407 406.5 6.39506 0.00277563
  408 407.5 5.45443 0.00236737
  409 408.5 4.70931 0.00204397
  410 409.5 4.14976 0.00180111
  411 410.5 3.77072 0.0016366
  412 411.5 3.47936 0.00151014
  413 412.5 3.27981 0.00142353
  414 413.5 3.13438 0.00136041
  415 414.5 3.00246 0.00130315
  416 415.5 2.9269 0.00127036
  417 416.5 2.8703 0.00124579
  418 417.5 2.83898 0.00123219
  419 418.5 2.8544 0.00123889
  420 419.5 2.87186 0.00124647
  421 420.5 2.90272 0.00125986
  422 421.5 2.9027 0.00125985
  423 422.5 2.88908 0.00125394
  424 423.5 2.90293 0.00125995
  425 424.5 2.91175 0.00126378
  426 425.5 2.88783 0.0012534
  427 426.5 2.8391 0.00123225
  428 427.5 2.82462 0.00122597
  429 428.5 2.84658 0.0012355
  430 429.5 2.85374 0.0012386
  431 430.5 2.87125 0.0012462
  432 431.5 2.8498 0.00123689
  433 432.5 2.82084 0.00122432
  434 433.5 2.79621 0.00121363
  435 434.5 2.7998 0.00121519
  436 435.5 2.79869 0.00121471
  437 436.5 2.80545 0.00121764
  438 437.5 2.8196 0.00122378
  439 438.5 2.7919 0.00121176
  440 439.5 2.80832 0.00121889
  441 440.5 2.80014 0.00121534
  442 441.5 2.7825 0.00120768
  443 442.5 2.72666 0.00118345
  444 443.5 2.7237 0.00118216
  445 444.5 2.72468 0.00118259
  446 445.5 2.6718 0.00115964
  447 446.5 2.63474 0.00114355
  448 447.5 2.65428 0.00115203
  449 448.5 2.60494 0.00113062
  450 449.5 2.56589 0.00111367
  451 450.5 2.56511 0.00111333
  452 451.5 2.5826 0.00112092
  453 452.5 2.59387 0.00112581
  454 453.5 2.57745 0.00111868
  455 454.5 2.60842 0.00113213
  456 455.5 2.62125 0.00113769
  457 456.5 2.67323 0.00116026
  458 457.5 2.69559 0.00116996
  459 458.5 2.68223 0.00116416
  460 459.5 2.66499 0.00115668
  461 460.5 2.63879 0.00114531
  462 461.5 2.68454 0.00116517
  463 462.5 2.71865 0.00117997
  464 463.5 2.71984 0.00118049
  465 464.5 2.68912 0.00116715
  466 465.5 2.72942 0.00118464
  467 466.5 2.70466 0.0011739
  468 467.5 2.74664 0.00119212
  469 468.5 2.78473 0.00120865
  470 469.5 2.816 0.00122222
  471 470.5 2.79189 0.00121176
  472 471.5 2.78062 0.00120687
  473 472.5 2.82489 0.00122608
  474 473.5 2.81514 0.00122185
  475 474.5 2.80218 0.00121623
  476 475.5 2.8233 0.00122539
  477 476.5 2.82033 0.0012241
  478 477.5 2.8712 0.00124618
  479 478.5 2.86907 0.00124526
  480 479.5 2.84848 0.00123632
62500000 480 5736
  1 0.5 2.7677 0.00120126
  2 1.5 2.78034 0.00120675
  3 2.5 2.75271 0.00119475
  4 3.5 2.76012 0.00119797
  5 4.5 2.72593 0.00118313
  6 5.5 2.73083 0.00118526
  7 6.5 2.70434 0.00117376
  8 7.5 2.6955 0.00116992
  9 8.5 2.65882 0.001154
  10 9.5 2.66922 0.00115852
  11 10.5 2.66751 0.00115777
  12 11.5 2.65597 0.00115276
  13 12.5 2.61118 0.00113333
  14 13.5 2.65016 0.00115024
  15 14.5 2.64538 0.00114817
  16 15.5 2.64416 0.00114764
  17 16.5 2.65234 0.00115119
  18 17.5 2.61746 0.00113605
  19 18.5 2.6233 0.00113858
  20 19.5 2.58134 0.00112038
  21 20.5 2.58555 0.0011222
  22 21.5 2.6017 0.00112921
  23 22.5 2.58306 0.00112112
  24 23.5 2.58511 0.00112201
  25 24.5 2.57886 0.0011193
  26 25.5 2.62604 0.00113977
  27 26.5 2.62294 0.00113843
  28 27.5 2.59666 0.00112702
  29 28.5 2.61014 0.00113287
  30 29.5 2.64268 0.001147
  31 30.5 2.64792 0.00114927
  32 31.5 2.65664 0.00115306
  33 32.5 2.67019 0.00115894
  34 33.5 2.6639 0.00115621
  35 34.5 2.62054 0.00113739
  36 35.5 2.58794 0.00112324
  37 36.5 2.57863 0.0011192
  38 37.5 2.60004 0.00112849
  39 38.5 2.55388 0.00110845
  40 39.5 2.56216 0.00111205
  41 40.5 2.53407 0.00109986
  42 41.5 2.4971 0.00108381
  43 42.5 2.49674 0.00108366
  44 43.5 2.51395 0.00109113
  45 44.5 2.5409 0.00110282
  46 45.5 2.52599 0.00109635
  47 46.5 2.53856 0.00110181
  48 47.5 2.54807 0.00110593
  49 48.5 2.55396 0.00110849
  50 49.5 2.51267 0.00109057
  51 50.5 2.52218 0.0010947
  52 51.5 2.51941 0.00109349
  53 52.5 2.53398 0.00109982
  54 53.5 2.51632 0.00109215
  55 54.5 2.51654 0.00109225
  56 55.5 2.5322 0.00109905
  57 56.5 2.51768 0.00109274
  58 57.5 2.51706 0.00109247
  59 58.5 2.51662 0.00109228
  60 59.5 2.50811 0.00108859
  61 60.5 2.51085 0.00108978
  62 61.5 2.54197 0.00110328
  63 62.5 2.51904 0.00109333
  64 63.5 2.51762 0.00109272
  65 64.5 2.52154 0.00109442
  66 65.5 2.53635 0.00110085
  67 66.5 2.57242 0.0011165
  68 67.5 2.59775 0.0011275
  69 68.5 2.63378 0.00114313
  70 69.5 2.69687 0.00117052
  71 70.5 2.72535 0.00118288
  72 71.5 2.81553 0.00122202
  73 72.5 2.8965 0.00125716
  74 73.5 2.96966 0.00128891
  75 74.5 3.04012 0.0013195
  76 75.5 3.10519 0.00134774
  77 76.5 3.20697 0.00139191
  78 77.5 3.27957 0.00142342
  79 78.5 3.33644 0.00144811
  80 79.5 3.34352 0.00145118
  81 80.5 3.28219 0.00142456
  82 81.5 3.12826 0.00135775
  83 82.5 2.88986 0.00125428
  84 83.5 2.5818 0.00112057
  85 84.5 2.24078 0.000972563
  86 85.5 1.87382 0.000813288
  87 86.5 1.51605 0.000658007
  88 87.5 1.20056 0.000521076
  89 88.5 0.978616 0.000424747
  90 89.5 0.77896 0.00033809
  91 90.5 0.6326 0.000274566
  92 91.5 0.533088 0.000231375
  93 92.5 0.465832 0.000202184
  94 93.5 0.41336 0.00017941
  95 94.5 0.374456 0.000162524
  96 95.5 0.355664 0.000154368
  97 96.5 0.338664 0.00014699
  98 97.5 0.333624 0.000144802
  99 98.5 0.323144 0.000140253
  100 99.5 0.324368 0.000140785
  101 100.5 0.325112 0.000141108
  102 101.5 0.31424 0.000136389
  103 102.5 0.315832 0.00013708
  104 103.5 0.317448 0.000137781
  105 104.5 0.312008 0.00013542
  106 105.5 0.321728 0.000139639
  107 106.5 0.308624 0.000133951
  108 107.5 0.308488 0.000133892
  109 108.5 0.3078 0.000133594
  110 109.5 0.309064 0.000134142
  111 110.5 0.312768 0.00013575
  112 111.5 0.313616 0.000136118
  113 112.5 0.316176 0.000137229
  114 113.5 0.310016 0.000134556
  115 114.5 0.302288 0.000131201
  116 115.5 0.298272 0.000129458
  117 116.5 0.305584 0.000132632
  118 117.5 0.295424 0.000128222
  119 118.5 0.294392 0.000127774
  120 119.5 0.305 0.000132378
  121 120.5 0.308256 0.000133792
  122 121.5 0.303056 0.000131535
  123 122.5 0.310872 0.000134927
  124 123.5 0.302064 0.000131104
  125 124.5 0.297528 0.000129135
  126 125.5 0.305752 0.000132705
  127 126.5 0.303264 0.000131625
  128 127.5 0.309832 0.000134476
  129 128.5 0.30332 0.000131649
  130 129.5 0.305128 0.000132434
  131 130.5 0.297448 0.000129101
  132 131.5 0.303472 0.000131715
  133 132.5 0.295744 0.000128361
  134 133.5 0.29356 0.000127413
  135 134.5 0.303504 0.000131729
  136 135.5 0.304632 0.000132219
  137 136.5 0.314808 0.000136635
  138 137.5 0.3176 0.000137847
  139 138.5 0.300288 0.000130333
  140 139.5 0.307648 0.000133528
  141 140.5 0.31104 0.000135
  142 141.5 0.313368 0.00013601
  143 142.5 0.310032 0.000134562
  144 143.5 0.318128 0.000138076
  145 144.5 0.31476 0.000136615
  146 145.5 0.319232 0.000138556
  147 146.5 0.321584 0.000139576
  148 147.5 0.316992 0.000137583
  149 148.5 0.308272 0.000133799
  150 149.5 0.309424 0.000134299
  151 150.5 0.311896 0.000135372
  152 151.5 0.312144 0.000135479
  153 152.5 0.315904 0.000137111
  154 153.5 0.317392 0.000137757
  155 154.5 0.315152 0.000136785
  156 155.5 0.308984 0.000134108
  157 156.5 0.309048 0.000134135
  158 157.5 0.307344 0.000133396
  159 158.5 0.301968 0.000131062
  160 159.5 0.298712 0.000129649
  161 160.5 0.305432 0.000132566
  162 161.5 0.30644 0.000133003
  163 162.5 0.300592 0.000130465
  164 163.5 0.293584 0.000127424
  165 164.5 0.300872 0.000130587
  166 165.5 0.300184 0.000130288
  167 166.5 0.295096 0.00012808
  168 167.5 0.29752 0.000129132
  169 168.5 0.302608 0.00013134
  170 169.5 0.300256 0.000130319
  171 170.5 0.298968 0.00012976
  172 171.5 0.299816 0.000130128
  173 172.5 0.29276 0.000127066
  174 173.5 0.286752 0.000124458
  175 174.5 0.292048 0.000126757
  176 175.5 0.298872 0.000129719
  177 176.5 0.2934 0.000127344
  178 177.5 0.299976 0.000130198
  179 178.5 0.30328 0.000131632
  180 179.5 0.308016 0.000133688
  181 180.5 0.306728 0.000133128
  182 181.5 0.303384 0.000131677
  183 182.5 0.301856 0.000131014
  184 183.5 0.305432 0.000132566
  185 184.5 0.307832 0.000133608
  186 185.5 0.29748 0.000129115
  187 186.5 0.308504 0.000133899
  188 187.5 0.30856 0.000133924
  189 188.5 0.305464 0.00013258
  190 189.5 0.304144 0.000132007
  191 190.5 0.299848 0.000130142
  192 191.5 0.301896 0.000131031
  193 192.5 0.314864 0.00013666
  194 193.5 0.313608 0.000136115
  195 194.5 0.313448 0.000136045
  196 195.5 0.31052 0.000134774
  197 196.5 0.305984 0.000132806
  198 197.5 0.305656 0.000132663
  199 198.5 0.301096 0.000130684
  200 199.5 0.295512 0.00012826
  201 200.5 0.298392 0.00012951
  202 201.5 0.30612 0.000132865
  203 202.5 0.305248 0.000132486
  204 203.5 0.307704 0.000133552
  205 204.5 0.30996 0.000134531
  206 205.5 0.307944 0.000133656
  207 206.5 0.312704 0.000135722
  208 207.5 0.31264 0.000135694
  209 208.5 0.32164 0.000139601
  210 209.5 0.320384 0.000139056
  211 210.5 0.321216 0.000139417
  212 211.5 0.315224 0.000136816
  213 212.5 0.310144 0.000134611
  214 213.5 0.317432 0.000137774
  215 214.5 0.314344 0.000136434
  216 215.5 0.316248 0.00013726
  217 216.5 0.324344 0.000140774
  218 217.5 0.325144 0.000141122
  219 218.5 0.317784 0.000137927
  220 219.5 0.322752 0.000140083
  221 220.5 0.326816 0.000141847
  222 221.5 0.336712 0.000146142
  223 222.5 0.34776 0.000150938
  224 223.5 0.347064 0.000150635
  225 224.5 0.362824 0.000157476
  226 225.5 0.376904 0.000163587
  227 226.5 0.404208 0.000175438
  228 227.5 0.45744 0.000198542
  229 228.5 0.525 0.000227865
  230 229.5 0.631112 0.00027392
  231 230.5 0.809528 0.000351358
  232 231.5 1.04051 0.000451611
  233 232.5 1.41502 0.000614156
  234 233.5 1.95266 0.00084751
  235 234.5 2.7471 0.00119232
  236 235.5 3.7955 0.00164735
  237 236.5 5.1889 0.00225213
  238 237.5 6.97778 0.00302855
  239 238.5 9.12638 0.0039611
  240 239.5 11.5703 0.00502183
  241 240.5 14.2086 0.00616691
  242 241.5 16.9108 0.00733977
  243 242.5 19.616 0.0085139
  244 243.5 22.0413 0.00956655
  245 244.5 24.2118 0.0105086
  246 245.5 26.0768 0.0113181
  247 246.5 27.6639 0.0120069
  248 247.5 28.8805 0.012535
  249 248.5 29.8286 0.0129464
  250 249.5 30.5928 0.0132781
  251 250.5 31.3013 0.0135856
  252 251.5 31.7011 0.0137591
  253 252.5 31.9218 0.013855
  254 253.5 32.2648 0.0140038
  255 254.5 32.3608 0.0140455
  256 255.5 32.5269 0.0141176
  257 256.5 32.6227 0.0141592
  258 257.5 32.6769 0.0141827
  259 258.5 32.7989 0.0142356
  260 259.5 32.8134 0.0142419
  261 260.5 32.8161 0.0142431
  262 261.5 32.7841 0.0142292
  263 262.5 32.9007 0.0142798
  264 263.5 32.8844 0.0142727
  265 264.5 32.7953 0.0142341
  266 265.5 32.8748 0.0142686
  267 266.5 32.8919 0.014276
  268 267.5 32.7779 0.0142265
  269 268.5 32.8502 0.0142579
  270 269.5 32.9606 0.0143058
  271 270.5 32.9139 0.0142856
  272 271.5 32.93 0.0142925
  273 272.5 33.0445 0.0143422
  274 273.5 33.0174 0.0143305
  275 274.5 32.9923 0.0143196
  276 275.5 33.0479 0.0143437
  277 276.5 33.0763 0.014356
  278 277.5 33.0246 0.0143336
  279 278.5 33.0745 0.0143552
  280 279.5 33.1051 0.0143685
  281 280.5 33.1065 0.0143691
  282 281.5 33.0448 0.0143423
  283 282.5 33.0442 0.0143421
  284 283.5 33.0495 0.0143444
  285 284.5 33.0873 0.0143608
  286 285.5 33.0426 0.0143414
  287 286.5 33.066 0.0143516
  288 287.5 33.0561 0.0143472
  289 288.5 32.986 0.0143169
  290 289.5 33.016 0.0143299
  291 290.5 32.944 0.0142986
  292 291.5 32.9179 0.0142873
  293 292.5 32.9351 0.0142948
  294 293.5 32.8451 0.0142557
  295 294.5 32.7994 0.0142359
  296 295.5 32.7533 0.0142158
  297 296.5 32.6931 0.0141897
  298 297.5 32.7129 0.0141983
  299 298.5 32.6617 0.0141761
  300 299.5 32.6932 0.0141898
  301 300.5 32.7507 0.0142147
  302 301.5 32.6612 0.0141759
  303 302.5 32.6972 0.0141915
  304 303.5 32.6444 0.0141686
  305 304.5 32.636 0.0141649
  306 305.5 32.594 0.0141467
  307 306.5 32.6034 0.0141508
  308 307.5 32.5709 0.0141367
  309 308.5 32.5941 0.0141467
  310 309.5 32.6327 0.0141635
  311 310.5 32.6465 0.0141695
  312 311.5 32.6469 0.0141697
  313 312.5 32.6275 0.0141612
  314 313.5 32.6346 0.0141643
  315 314.5 32.6406 0.0141669
  316 315.5 32.6932 0.0141898
  317 316.5 32.6533 0.0141724
  318 317.5 32.6749 0.0141818
  319 318.5 32.7202 0.0142015
  320 319.5 32.7385 0.0142094
  321 320.5 32.6942 0.0141902
  322 321.5 32.7399 0.01421
  323 322.5 32.6952 0.0141906
  324 323.5 32.719 0.0142009
  325 324.5 32.7181 0.0142005
  326 325.5 32.7901 0.0142318
  327 326.5 32.7411 0.0142105
  328 327.5 32.818 0.0142439
  329 328.5 32.8923 0.0142762
  330 329.5 32.8284 0.0142484
  331 330.5 32.7945 0.0142337
  332 331.5 32.9135 0.0142854
  333 332.5 32.8626 0.0142633
  334 333.5 32.8676 0.0142655
  335 334.5 32.9149 0.014286
  336 335.5 32.964 0.0143073
  337 336.5 32.8414 0.0142541
  338 337.5 32.8686 0.0142659
  339 338.5 32.8678 0.0142655
  340 339.5 32.8317 0.0142499
  341 340.5 32.8059 0.0142387
  342 341.5 32.7436 0.0142116
  343 342.5 32.7596 0.0142186
  344 343.5 32.7029 0.014194
  345 344.5 32.6879 0.0141875
  346 345.5 32.6118 0.0141544
  347 346.5 32.6731 0.014181
  348 347.5 32.7089 0.0141966
  349 348.5 32.7101 0.0141971
  350 349.5 32.6648 0.0141774
  351 350.5 32.7392 0.0142097
  352 351.5 32.8297 0.014249
  353 352.5 32.7555 0.0142168
  354 353.5 32.7809 0.0142278
  355 354.5 32.783 0.0142287
  356 355.5 32.7914 0.0142324
  357 356.5 32.7403 0.0142102
  358 357.5 32.7297 0.0142056
  359 358.5 32.6442 0.0141685
  360 359.5 32.6536 0.0141726
  361 360.5 32.7079 0.0141961
  362 361.5 32.6106 0.0141539
  363 362.5 32.5652 0.0141342
  364 363.5 32.6526 0.0141721
  365 364.5 32.6234 0.0141595
  366 365.5 32.4706 0.0140931
  367 366.5 32.5668 0.0141349
  368 367.5 32.5718 0.0141371
  369 368.5 32.4987 0.0141053
  370 369.5 32.4222 0.0140721
  371 370.5 32.581 0.014141
  372 371.5 32.5652 0.0141342
  373 372.5 32.545 0.0141254
  374 373.5 32.6109 0.014154
  375 374.5 32.6467 0.0141696
  376 375.5 32.6403 0.0141668
  377 376.5 32.6946 0.0141904
  378 377.5 32.6661 0.014178
  379 378.5 32.6525 0.0141721
  380 379.5 32.7024 0.0141938
  381 380.5 32.6426 0.0141678
  382 381.5 32.6697 0.0141795
  383 382.5 32.7381 0.0142092
  384 383.5 32.6646 0.0141774
  385 384.5 32.5936 0.0141465
  386 385.5 32.5582 0.0141311
  387 386.5 32.4631 0.0140899
  388 387.5 32.3643 0.014047
  389 388.5 32.1699 0.0139626
  390 389.5 32.0093 0.0138929
  391 390.5 31.8567 0.0138267
  392 391.5 31.4381 0.013645
  393 392.5 31.0287 0.0134673
  394 393.5 30.5471 0.0132583
  395 394.5 29.8285 0.0129464
  396 395.5 28.8906 0.0125393
  397 396.5 27.7322 0.0120365
  398 397.5 26.3432 0.0114337
  399 398.5 24.658 0.0107023
  400 399.5 22.7398 0.00986968
  401 400.5 20.6578 0.00896605
  402 401.5 18.3537 0.007966
  403 402.5 15.9629 0.00692835
  404 403.5 13.6427 0.00592131
  405 404.5 11.5877 0.00502939
  406 405.5 9.72328 0.00422017
  407 406.5 8.10864 0.00351937
  408 407.5 6.74401 0.00292709
  409 408.5 5.70334 0.00247541
  410 409.5 4.8607 0.00210968
  411 410.5 4.26186 0.00184976
  412 411.5 3.84543 0.00166902
  413 412.5 3.47697 0.0015091
  414 413.5 3.19882 0.00138838
  415 414.5 3.0272 0.00131389
  416 415.5 2.8845 0.00125195
  417 416.5 2.77899 0.00120616
  418 417.5 2.71315 0.00117758
  419 418.5 2.65457 0.00115216
  420 419.5 2.61034 0.00113296
  421 420.5 2.59075 0.00112446
  422 421.5 2.55142 0.00110739
  423 422.5 2.55579 0.00110928
  424 423.5 2.58227 0.00112078
  425 424.5 2.57571 0.00111793
  426 425.5 2.58042 0.00111998
  427 426.5 2.5717 0.00111619
  428 427.5 2.59395 0.00112585
  429 428.5 2.62669 0.00114006
  430 429.5 2.61956 0.00113696
  431 430.5 2.59553 0.00112653
  432 431.5 2.60258 0.00112959
  433 432.5 2.62387 0.00113883
  434 433.5 2.58356 0.00112134
  435 434.5 2.60141 0.00112908
  436 435.5 2.59605 0.00112676
  437 436.5 2.58555 0.0011222
  438 437.5 2.56561 0.00111355
  439 438.5 2.59318 0.00112551
  440 439.5 2.6185 0.0011365
  441 440.5 2.61644 0.00113561
  442 441.5 2.66641 0.0011573
  443 442.5 2.66301 0.00115582
  444 443.5 2.68585 0.00116573
  445 444.5 2.63942 0.00114558
  446 445.5 2.62625 0.00113986
  447 446.5 2.63433 0.00114337
  448 447.5 2.67468 0.00116089
  449 448.5 2.67754 0.00116212
  450 449.5 2.68175 0.00116395
  451 450.5 2.68651 0.00116602
  452 451.5 2.65537 0.0011525
  453 452.5 2.6609 0.00115491
  454 453.5 2.6597 0.00115439
  455 454.5 2.66094 0.00115492
  456 455.5 2.64172 0.00114658
  457 456.5 2.60942 0.00113256
  458 457.5 2.61466 0.00113484
  459 458.5 2.63995 0.00114581
  460 459.5 2.64227 0.00114682
  461 460.5 2.70897 0.00117577
  462 461.5 2.72984 0.00118483
  463 462.5 2.74822 0.00119281
  464 463.5 2.73378 0.00118654
  465 464.5 2.76446 0.00119985
  466 465.5 2.76558 0.00120034
  467 466.5 2.76699 0.00120095
  468 467.5 2.7609 0.00119831
  469 468.5 2.75705 0.00119664
  470 469.5 2.79282 0.00121216
  471 470.5 2.79207 0.00121184
  472 471.5 2.80423 0.00121711
  473 472.5 2.83109 0.00122877
  474 473.5 2.8393 0.00123234
  475 474.5 2.83602 0.00123091
  476 475.5 2.80404 0.00121703
  477 476.5 2.79547 0.00121331
  478 477.5 2.7656 0.00120035
  479 478.5 2.72545 0.00118292
  480 479.5 2.7213 0.00118112
65000000 480 5736
  1 0.5 2.40606 0.0010443
  2 1.5 2.38622 0.00103568
  3 2.5 2.39946 0.00104143
  4 3.5 2.41986 0.00105029
  5 4.5 2.42666 0.00105324
  6 5.5 2.45382 0.00106502
  7 6.5 2.44515 0.00106126
  8 7.5 2.48195 0.00107724
  9 8.5 2.49758 0.00108402
  10 9.5 2.5315 0.00109874
  11 10.5 2.53776 0.00110146
  12 11.5 2.54178 0.0011032
  13 12.5 2.52934 0.00109781
  14 13.5 2.54843 0.00110609
  15 14.5 2.56972 0.00111533
  16 15.5 2.60409 0.00113025
  17 16.5 2.63762 0.0011448
  18 17.5 2.61116 0.00113332
  19 18.5 2.61162 0.00113352
  20 19.5 2.59222 0.0011251
  21 20.5 2.58788 0.00112321
  22 21.5 2.59471 0.00112618
  23 22.5 2.60732 0.00113165
  24 23.5 2.64534 0.00114815
  25 24.5 2.67338 0.00116032
  26 25.5 2.67982 0.00116312
  27 26.5 2.69962 0.00117171
  28 27.5 2.68714 0.00116629
  29 28.5 2.7026 0.001173
  30 29.5 2.7196 0.00118038
  31 30.5 2.70885 0.00117572
  32 31.5 2.70269 0.00117304
  33 32.5 2.67976 0.00116309
  34 33.5 2.68602 0.00116581
  35 34.5 2.66546 0.00115689
  36 35.5 2.60424 0.00113031
  37 36.5 2.56604 0.00111373
  38 37.5 2.59365 0.00112572
  39 38.5 2.53199 0.00109895
  40 39.5 2.48098 0.00107681
  41 40.5 2.46639 0.00107048
  42 41.5 2.4549 0.00106549
  43 42.5 2.40867 0.00104543
  44 43.5 2.41573 0.00104849
  45 44.5 2.3886 0.00103672
  46 45.5 2.41278 0.00104722
  47 46.5 2.41098 0.00104643
  48 47.5 2.39144 0.00103795
  49 48.5 2.37893 0.00103252
  50 49.5 2.3715 0.0010293
  51 50.5 2.37222 0.00102961
  52 51.5 2.35943 0.00102406
  53 52.5 2.34658 0.00101848
  54 53.5 2.33886 0.00101513
  55 54.5 2.37107 0.00102911
  56 55.5 2.3812 0.00103351
  57 56.5 2.41478 0.00104808
  58 57.5 2.3945 0.00103928
  59 58.5 2.40125 0.00104221
  60 59.5 2.39186 0.00103814
  61 60.5 2.40726 0.00104482
  62 61.5 2.41498 0.00104817
  63 62.5 2.41134 0.00104659
  64 63.5 2.41822 0.00104957
  65 64.5 2.4577 0.00106671
  66 65.5 2.52558 0.00109617
  67 66.5 2.55511 0.00110899
  68 67.5 2.60634 0.00113123
  69 68.5 2.68957 0.00116735
  70 69.5 2.77324 0.00120366
  71 70.5 2.87802 0.00124914
  72 71.5 2.96296 0.00128601
  73 72.5 3.06534 0.00133044
  74 73.5 3.17778 0.00137924
  75 74.5 3.28141 0.00142422
  76 75.5 3.35827 0.00145758
  77 76.5 3.41584 0.00148257
  78 77.5 3.41949 0.00148415
  79 78.5 3.31524 0.00143891
  80 79.5 3.15871 0.00137097
  81 80.5 2.86682 0.00124428
  82 81.5 2.5465 0.00110525
  83 82.5 2.14699 0.000931854
  84 83.5 1.76663 0.000766767
  85 84.5 1.44504 0.000627188
  86 85.5 1.15429 0.000500993
  87 86.5 0.921184 0.000399819
  88 87.5 0.743384 0.000322649
  89 88.5 0.602864 0.00026166
  90 89.5 0.504936 0.000219156
  91 90.5 0.42892 0.000186163
  92 91.5 0.390496 0.000169486
  93 92.5 0.358744 0.000155705
  94 93.5 0.337136 0.000146326
  95 94.5 0.329176 0.000142872
  96 95.5 0.328064 0.000142389
  97 96.5 0.316072 0.000137184
  98 97.5 0.318584 0.000138274
  99 98.5 0.319488 0.000138667
  100 99.5 0.319448 0.000138649
  101 100.5 0.316128 0.000137208
  102 101.5 0.312136 0.000135476
  103 102.5 0.314016 0.000136292
  104 103.5 0.310712 0.000134858
  105 104.5 0.311808 0.000135333
  106 105.5 0.31576 0.000137049
  107 106.5 0.315064 0.000136747
  108 107.5 0.312536 0.000135649
  109 108.5 0.30808 0.000133715
  110 109.5 0.312072 0.000135448
  111 110.5 0.317616 0.000137854
  112 111.5 0.322832 0.000140118
  113 112.5 0.319616 0.000138722
  114 113.5 0.320992 0.000139319
  115 114.5 0.307904 0.000133639
  116 115.5 0.307752 0.000133573
  117 116.5 0.309104 0.00013416
  118 117.5 0.325984 0.000141486
  119 118.5 0.320544 0.000139125
  120 119.5 0.317904 0.000137979
  121 120.5 0.316504 0.000137372
  122 121.5 0.308528 0.00013391
  123 122.5 0.309664 0.000134403
  124 123.5 0.306408 0.00013299
  125 124.5 0.306968 0.000133233
  126 125.5 0.309176 0.000134191
  127 126.5 0.308016 0.000133688
  128 127.5 0.307 0.000133247
  129 128.5 0.307216 0.00013334
  130 129.5 0.29304 0.000127188
  131 130.5 0.29176 0.000126632
  132 131.5 0.294616 0.000127872
  133 132.5 0.293512 0.000127392
  134 133.5 0.291448 0.000126497
  135 134.5 0.296096 0.000128514
  136 135.5 0.297112 0.000128955
  137 136.5 0.293848 0.000127538
  138 137.5 0.300296 0.000130337
  139 138.5 0.29388 0.000127552
  140 139.5 0.290696 0.00012617
  141 140.5 0.282272 0.000122514
  142 141.5 0.29776 0.000129236
  143 142.5 0.2932 0.000127257
  144 143.5 0.290712 0.000126177
  145 144.5 0.288912 0.000125396
  146 145.5 0.291904 0.000126694
  147 146.5 0.298992 0.000129771
  148 147.5 0.290264 0.000125983
  149 148.5 0.29272 0.000127049
  150 149.5 0.291512 0.000126524
  151 150.5 0.29164 0.00012658
  152 151.5 0.297352 0.000129059
  153 152.5 0.2956 0.000128299
  154 153.5 0.294528 0.000127833
  155 154.5 0.293088 0.000127208
  156 155.5 0.293344 0.000127319
  157 156.5 0.292744 0.000127059
  158 157.5 0.289672 0.000125726
  159 158.5 0.294848 0.000127972
  160 159.5 0.296472 0.000128677
  161 160.5 0.298696 0.000129642
  162 161.5 0.285272 0.000123816
  163 162.5 0.280696 0.00012183
  164 163.5 0.2898 0.000125781
  165 164.5 0.288928 0.000125403
  166 165.5 0.291288 0.000126427
  167 166.5 0.300312 0.000130344
  168 167.5 0.295296 0.000128167
  169 168.5 0.297856 0.000129278
  170 169.5 0.308912 0.000134076
  171 170.5 0.29632 0.000128611
  172 171.5 0.301232 0.000130743
  173 172.5 0.298352 0.000129493
  174 173.5 0.302336 0.000131222
  175 174.5 0.306768 0.000133146
  176 175.5 0.300616 0.000130476
  177 176.5 0.292104 0.000126781
  178 177.5 0.294184 0.000127684
  179 178.5 0.29556 0.000128281
  180 179.5 0.300096 0.00013025
  181 180.5 0.304152 0.00013201
  182 181.5 0.304528 0.000132174
  183 182.5 0.307456 0.000133444
  184 183.5 0.307728 0.000133563
  185 184.5 0.308032 0.000133694
  186 185.5 0.30248 0.000131285
  187 186.5 0.301544 0.000130878
  188 187.5 0.307024 0.000133257
  189 188.5 0.304952 0.000132358
  190 189.5 0.3092 0.000134201
  191 190.5 0.30408 0.000131979
  192 191.5 0.304536 0.000132177
  193 192.5 0.308592 0.000133937
  194 193.5 0.309256 0.000134226
  195 194.5 0.302616 0.000131344
  196 195.5 0.299552 0.000130014
  197 196.5 0.299088 0.000129813
  198 197.5 0.30144 0.000130833
  199 198.5 0.297608 0.00012917
  200 199.5 0.300096 0.00013025
  201 200.5 0.296568 0.000128719
  202 201.5 0.30412 0.000131997
  203 202.5 0.305304 0.00013251
  204 203.5 0.303216 0.000131604
  205 204.5 0.294176 0.000127681
  206 205.5 0.29648 0.000128681
  207 206.5 0.299328 0.000129917
  208 207.5 0.300296 0.000130337
  209 208.5 0.30204 0.000131094
  210 209.5 0.30672 0.000133125
  211 210.5 0.300032 0.000130222
  212 211.5 0.302792 0.00013142
  213 212.5 0.299224 0.000129872
  214 213.5 0.296456 0.00012867
  215 214.5 0.296936 0.000128878
  216 215.5 0.297328 0.000129049
  217 216.5 0.300984 0.000130635
  218 217.5 0.310096 0.00013459
  219 218.5 0.319312 0.00013859
  220 219.5 0.321784 0.000139663
  221 220.5 0.321224 0.00013942
  222 221.5 0.335736 0.000145719
  223 222.5 0.352456 0.000152976
  224 223.5 0.372584 0.000161712
  225 224.5 0.40468 0.000175642
  226 225.5 0.452736 0.0001965
  227 226.5 0.52628 0.00022842
  228 227.5 0.641784 0.000278552
  229 228.5 0.836896 0.000363236
  230 229.5 1.10006 0.000477455
  231 230.5 1.48602 0.000644972
  232 231.5 2.03775 0.000884441
  233 232.5 2.81625 0.00122233
  234 233.5 3.82971 0.0016622
  235 234.5 5.13054 0.0022268
  236 235.5 6.71489 0.00291445
  237 236.5 8.63004 0.00374568
  238 237.5 10.7732 0.00467588
  239 238.5 13.141 0.00570354
  240 239.5 15.5968 0.00676947
  241 240.5 18.0636 0.00784009
  242 241.5 20.4546 0.00887789
  243 242.5 22.6618 0.00983586
  244 243.5 24.6472 0.0106976
  245 244.5 26.3544 0.0114386
  246 245.5 27.8163 0.0120731
  247 246.5 29.0269 0.0125985
  248 247.5 30.0229 0.0130308
  249 248.5 30.6404 0.0132988
  250 249.5 31.2503 0.0135635
  251 250.5 31.7598 0.0137846
  252 251.5 31.9924 0.0138856
  253 252.5 32.1878 0.0139704
  254 253.5 32.4135 0.0140683
  255 254.5 32.5525 0.0141287
  256 255.5 32.5916 0.0141456
  257 256.5 32.6506 0.0141713
  258 257.5 32.7128 0.0141983
  259 258.5 32.6815 0.0141847
  260 259.5 32.7213 0.0142019
  261 260.5 32.7252 0.0142036
  262 261.5 32.8446 0.0142555
  263 262.5 32.7562 0.0142171
  264 263.5 32.7482 0.0142136
  265 264.5 32.8342 0.014251
  266 265.5 32.8832 0.0142722
  267 266.5 32.7648 0.0142208
  268 267.5 32.82 0.0142448
  269 268.5 32.8342 0.014251
  270 269.5 32.6769 0.0141827
  271 270.5 32.7196 0.0142012
  272 271.5 32.803 0.0142374
  273 272.5 32.6419 0.0141675
  274 273.5 32.65 0.014171
  275 274.5 32.7097 0.0141969
  276 275.5 32.5848 0.0141427
  277 276.5 32.52 0.0141146
  278 277.5 32.6182 0.0141572
  279 278.5 32.627 0.014161
  280 279.5 32.4942 0.0141034
  281 280.5 32.5742 0.0141381
  282 281.5 32.7357 0.0142082
  283 282.5 32.6361 0.014165
  284 283.5 32.568 0.0141354
  285 284.5 32.6395 0.0141664
  286 285.5 32.7025 0.0141938
  287 286.5 32.5952 0.0141472
  288 287.5 32.6843 0.0141859
  289 288.5 32.6523 0.014172
  290 289.5 32.7269 0.0142044
  291 290.5 32.7215 0.0142021
  292 291.5 32.6716 0.0141804
  293 292.5 32.6386 0.014166
  294 293.5 32.6535 0.0141725
  295 294.5 32.5866 0.0141435
  296 295.5 32.6058 0.0141518
  297 296.5 32.5759 0.0141388
  298 297.5 32.5973 0.0141481
  299 298.5 32.5893 0.0141447
  300 299.5 32.5409 0.0141236
  301 300.5 32.4709 0.0140933
  302 301.5 32.558 0.0141311
  303 302.5 32.5377 0.0141222
  304 303.5 32.5574 0.0141308
  305 304.5 32.4628 0.0140898
  306 305.5 32.598 0.0141484
  307 306.5 32.4765 0.0140957
  308 307.5 32.547 0.0141263
  309 308.5 32.4549 0.0140863
  310 309.5 32.51 0.0141103
  311 310.5 32.3917 0.0140589
  312 311.5 32.461 0.014089
  313 312.5 32.3905 0.0140584
  314 313.5 32.4284 0.0140748
  315 314.5 32.3756 0.0140519
  316 315.5 32.4037 0.0140641
  317 316.5 32.4035 0.014064
  318 317.5 32.4151 0.0140691
  319 318.5 32.3648 0.0140472
  320 319.5 32.3694 0.0140492
  321 320.5 32.3504 0.014041
  322 321.5 32.3317 0.0140329
  323 322.5 32.2614 0.0140024
  324 323.5 32.3552 0.0140431
  325 324.5 32.3449 0.0140386
  326 325.5 32.3237 0.0140294
  327 326.5 32.3011 0.0140196
  328 327.5 32.3033 0.0140205
  329 328.5 32.3178 0.0140268
  330 329.5 32.2825 0.0140115
  331 330.5 32.2957 0.0140172
  332 331.5 32.2771 0.0140092
  333 332.5 32.2952 0.014017
  334 333.5 32.2366 0.0139916
  335 334.5 32.2287 0.0139882
  336 335.5 32.263 0.0140031
  337 336.5 32.2827 0.0140116
  338 337.5 32.1765 0.0139655
  339 338.5 32.2786 0.0140098
  340 339.5 32.3227 0.014029
  341 340.5 32.2972 0.0140179
  342 341.5 32.2719 0.0140069
  343 342.5 32.3555 0.0140432
  344 343.5 32.4072 0.0140656
  345 344.5 32.3814 0.0140544
  346 345.5 32.3772 0.0140526
  347 346.5 32.4726 0.014094
  348 347.5 32.426 0.0140738
  349 348.5 32.3797 0.0140537
  350 349.5 32.4912 0.0141021
  351 350.5 32.5845 0.0141426
  352 351.5 32.5073 0.0141091
  353 352.5 32.448 0.0140833
  354 353.5 32.575 0.0141385
  355 354.5 32.5654 0.0141343
  356 355.5 32.5448 0.0141254
  357 356.5 32.6136 0.0141552
  358 357.5 32.6366 0.0141652
  359 358.5 32.7271 0.0142045
  360 359.5 32.6141 0.0141554
  361 360.5 32.7061 0.0141954
  362 361.5 32.7994 0.0142359
  363 362.5 32.7719 0.0142239
  364 363.5 32.7461 0.0142127
  365 364.5 32.8824 0.0142719
  366 365.5 32.9038 0.0142812
  367 366.5 32.8732 0.0142679
  368 367.5 32.8006 0.0142364
  369 368.5 32.8598 0.0142621
  370 369.5 32.8735 0.014268
  371 370.5 32.775 0.0142253
  372 371.5 32.7901 0.0142318
  373 372.5 32.8003 0.0142362
  374 373.5 32.6672 0.0141785
  375 374.5 32.5916 0.0141457
  376 375.5 32.7302 0.0142058
  377 376.5 32.6311 0.0141628
  378 377.5 32.504 0.0141076
  379 378.5 32.6597 0.0141752
  380 379.5 32.6636 0.0141769
  381 380.5 32.5294 0.0141187
  382 381.5 32.4734 0.0140944
  383 382.5 32.5554 0.0141299
  384 383.5 32.5212 0.0141151
  385 384.5 32.4361 0.0140782
  386 385.5 32.4052 0.0140647
  387 386.5 32.3579 0.0140442
  388 387.5 32.2171 0.0139831
  389 388.5 32.0744 0.0139212
  390 389.5 31.8554 0.0138261
  391 390.5 31.7133 0.0137645
  392 391.5 31.3436 0.013604
  393 392.5 30.8956 0.0134096
  394 393.5 30.3815 0.0131864
  395 394.5 29.5762 0.0128369
  396 395.5 28.6258 0.0124244
  397 396.5 27.4336 0.011907
  398 397.5 25.9992 0.0112844
  399 398.5 24.2318 0.0105173
  400 399.5 22.2533 0.00965856
  401 400.5 20.0677 0.00870995
  402 401.5 17.8223 0.00773538
  403 402.5 15.547 0.00674785
  404 403.5 13.4182 0.00582386
  405 404.5 11.4033 0.00494935
  406 405.5 9.62304 0.00417667
  407 406.5 8.06866 0.00350202
  408 407.5 6.83052 0.00296464
  409 408.5 5.80753 0.00252063
  410 409.5 5.04612 0.00219016
  411 410.5 4.42422 0.00192024
  412 411.5 3.9784 0.00172674
  413 412.5 3.67486 0.00159499
  414 413.5 3.44168 0.00149378
  415 414.5 3.24815 0.00140979
  416 415.5 3.12418 0.00135598
  417 416.5 3.04323 0.00132085
  418 417.5 2.9742 0.00129089
  419 418.5 2.89883 0.00125817
  420 419.5 2.82127 0.00122451
  421 420.5 2.74958 0.0011934
  422 421.5 2.69907 0.00117147
  423 422.5 2.65667 0.00115307
  424 423.5 2.63723 0.00114463
  425 424.5 2.60588 0.00113102
  426 425.5 2.59074 0.00112445
  427 426.5 2.56149 0.00111176
  428 427.5 2.54783 0.00110583
  429 428.5 2.50252 0.00108616
  430 429.5 2.46306 0.00106903
  431 430.5 2.43073 0.001055
  432 431.5 2.4332 0.00105608
  433 432.5 2.42645 0.00105315
  434 433.5 2.44818 0.00106258
  435 434.5 2.46097 0.00106813
  436 435.5 2.4528 0.00106458
  437 436.5 2.44619 0.00106172
  438 437.5 2.44267 0.00106019
  439 438.5 2.43442 0.00105661
  440 439.5 2.47023 0.00107215
  441 440.5 2.50729 0.00108823
  442 441.5 2.54338 0.0011039
  443 442.5 2.56278 0.00111232
  444 443.5 2.5937 0.00112574
  445 444.5 2.5784 0.0011191
  446 445.5 2.57663 0.00111833
  447 446.5 2.57792 0.00111889
  448 447.5 2.6045 0.00113043
  449 448.5 2.59 0.00112413
  450 449.5 2.58286 0.00112103
  451 450.5 2.57874 0.00111925
  452 451.5 2.63515 0.00114373
  453 452.5 2.62234 0.00113817
  454 453.5 2.6232 0.00113854
  455 454.5 2.59478 0.00112621
  456 455.5 2.62877 0.00114096
  457 456.5 2.64852 0.00114953
  458 457.5 2.64718 0.00114895
  459 458.5 2.68862 0.00116693
  460 459.5 2.67225 0.00115983
  461 460.5 2.62822 0.00114072
  462 461.5 2.60466 0.0011305
  463 462.5 2.55951 0.0011109
  464 463.5 2.5319 0.00109891
  465 464.5 2.51602 0.00109202
  466 465.5 2.50986 0.00108935
  467 466.5 2.5151 0.00109162
  468 467.5 2.51529 0.0010917
  469 468.5 2.50905 0.001089
  470 469.5 2.49778 0.0010841
  471 470.5 2.49974 0.00108495
  472 471.5 2.50675 0.001088
  473 472.5 2.50662 0.00108794
  474 473.5 2.51658 0.00109226
  475 474.5 2.51232 0.00109042
  476 475.5 2.5177 0.00109275
  477 476.5 2.50758 0.00108836
  478 477.5 2.49973 0.00108495
  479 478.5 2.48146 0.00107702
  480 479.5 2.44652 0.00106186
67500000 480 5736
  1 0.5 2.38564 0.00103543
  2 1.5 2.39467 0.00103935
  3 2.5 2.40582 0.00104419
  4 3.5 2.39607 0.00103996
  5 4.5 2.40357 0.00104322
  6 5.5 2.39477 0.0010394
  7 6.5 2.37198 0.00102951
  8 7.5 2.3794 0.00103273
  9 8.5 2.36345 0.0010258
  10 9.5 2.3383 0.00101489
  11 10.5 2.35158 0.00102065
  12 11.5 2.33951 0.00101541
  13 12.5 2.32222 0.00100791
  14 13.5 2.29409 0.000995698
  15 14.5 2.29804 0.000997413
  16 15.5 2.2503 0.000976691
  17 16.5 2.2489 0.000976083
  18 17.5 2.23939 0.000971958
  19 18.5 2.2344 0.000969792
  20 19.5 2.23504 0.000970069
  21 20.5 2.24765 0.000975542
  22 21.5 2.24061 0.000972486
  23 22.5 2.2523 0.000977563
  24 23.5 2.26558 0.000983326
  25 24.5 2.30028 0.000998385
  26 25.5 2.29962 0.000998097
  27 26.5 2.3098 0.00100252
  28 27.5 2.32813 0.00101047
  29 28.5 2.32504 0.00100913
  30 29.5 2.32812 0.00101047
  31 30.5 2.32228 0.00100793
  32 31.5 2.33727 0.00101444
  33 32.5 2.33785 0.00101469
  34 33.5 2.33995 0.0010156
  35 34.5 2.35422 0.0010218
  36 35.5 2.34766 0.00101895
  37 36.5 2.33253 0.00101238
  38 37.5 2.31603 0.00100522
  39 38.5 2.32339 0.00100842
  40 39.5 2.3417 0.00101636
  41 40.5 2.34799 0.00101909
  42 41.5 2.35717 0.00102308
  43 42.5 2.35089 0.00102035
  44 43.5 2.3149 0.00100473
  45 44.5 2.27825 0.000988823
  46 45.5 2.25167 0.000977288
  47 46.5 2.26313 0.00098226
  48 47.5 2.26121 0.000981427
  49 48.5 2.26004 0.00098092
  50 49.5 2.23585 0.00097042
  51 50.5 2.26102 0.000981347
  52 51.5 2.27908 0.000989184
  53 52.5 2.28486 0.000991694
  54 53.5 2.2873 0.00099275
  55 54.5 2.25821 0.000980125
  56 55.5 2.2617 0.000981639
  57 56.5 2.30554 0.00100067
  58 57.5 2.31722 0.00100574
  59 58.5 2.31955 0.00100675
  60 59.5 2.31258 0.00100372
  61 60.5 2.29585 0.000996462
  62 61.5 2.28704 0.000992639
  63 62.5 2.27155 0.000985917
  64 63.5 2.26676 0.000983837
  65 64.5 2.24285 0.000973458
  66 65.5 2.28018 0.00098966
  67 66.5 2.34034 0.00101577
  68 67.5 2.37846 0.00103232
  69 68.5 2.3988 0.00104115
  70 69.5 2.4629 0.00106897
  71 70.5 2.52514 0.00109598
  72 71.5 2.60428 0.00113033
  73 72.5 2.71774 0.00117957
  74 73.5 2.87782 0.00124905
  75 74.5 3.01841 0.00131007
  76 75.5 3.13233 0.00135952
  77 76.5 3.22161 0.00139827
  78 77.5 3.29577 0.00143045
  79 78.5 3.27806 0.00142277
  80 79.5 3.16838 0.00137517
  81 80.5 2.9863 0.00129614
  82 81.5 2.7512 0.0011941
  83 82.5 2.3884 0.00103663
  84 83.5 2.04234 0.000886434
  85 84.5 1.67529 0.000727122
  86 85.5 1.33994 0.000581573
  87 86.5 1.07217 0.000465351
  88 87.5 0.859504 0.000373049
  89 88.5 0.693152 0.000300847
  90 89.5 0.575064 0.000249594
  91 90.5 0.478816 0.000207819
  92 91.5 0.425272 0.00018458
  93 92.5 0.386912 0.000167931
  94 93.5 0.358816 0.000155736
  95 94.5 0.349336 0.000151622
  96 95.5 0.33936 0.000147292
  97 96.5 0.320712 0.000139198
  98 97.5 0.309792 0.000134458
  99 98.5 0.314704 0.00013659
  100 99.5 0.316208 0.000137243
  101 100.5 0.30976 0.000134444
  102 101.5 0.308312 0.000133816
  103 102.5 0.307464 0.000133448
  104 103.5 0.30584 0.000132743
  105 104.5 0.310728 0.000134865
  106 105.5 0.295304 0.00012817
  107 106.5 0.305064 0.000132406
  108 107.5 0.302248 0.000131184
  109 108.5 0.30012 0.00013026
  110 109.5 0.30564 0.000132656
  111 110.5 0.318024 0.000138031
  112 111.5 0.313744 0.000136174
  113 112.5 0.302296 0.000131205
  114 113.5 0.297464 0.000129108
  115 114.5 0.29016 0.000125937
  116 115.5 0.285464 0.000123899
  117 116.5 0.294288 0.000127729
  118 117.5 0.295464 0.00012824
  119 118.5 0.299672 0.000130066
  120 119.5 0.300272 0.000130326
  121 120.5 0.293944 0.00012758
  122 121.5 0.298832 0.000129701
  123 122.5 0.297656 0.000129191
  124 123.5 0.304112 0.000131993
  125 124.5 0.29176 0.000126632
  126 125.5 0.290408 0.000126045
  127 126.5 0.295808 0.000128389
  128 127.5 0.298784 0.000129681
  129 128.5 0.299656 0.000130059
  130 129.5 0.3024 0.00013125
  131 130.5 0.305416 0.000132559
  132 131.5 0.302688 0.000131375
  133 132.5 0.312184 0.000135497
  134 133.5 0.306424 0.000132997
  135 134.5 0.314856 0.000136656
  136 135.5 0.314024 0.000136295
  137 136.5 0.31224 0.000135521
  138 137.5 0.311368 0.000135142
  139 138.5 0.31348 0.000136059
  140 139.5 0.313032 0.000135865
  141 140.5 0.31472 0.000136597
  142 141.5 0.308272 0.000133799
  143 142.5 0.306192 0.000132896
  144 143.5 0.305496 0.000132594
  145 144.5 0.305064 0.000132406
  146 145.5 0.298344 0.00012949
  147 146.5 0.293024 0.000127181
  148 147.5 0.302608 0.00013134
  149 148.5 0.294584 0.000127858
  150 149.5 0.303696 0.000131813
  151 150.5 0.304504 0.000132163
  152 151.5 0.30548 0.000132587
  153 152.5 0.30876 0.00013401
  154 153.5 0.308264 0.000133795
  155 154.5 0.302616 0.000131344
  156 155.5 0.305712 0.000132687
  157 156.5 0.304952 0.000132358
  158 157.5 0.304128 0.000132
  159 158.5 0.30324 0.000131615
  160 159.5 0.30372 0.000131823
  161 160.5 0.3108 0.000134896
  162 161.5 0.30908 0.000134149
  163 162.5 0.310736 0.000134868
  164 163.5 0.3138 0.000136198
  165 164.5 0.307968 0.000133667
  166 165.5 0.305072 0.00013241
  167 166.5 0.31648 0.000137361
  168 167.5 0.311024 0.000134993
  169 168.5 0.308424 0.000133865
  170 169.5 0.30152 0.000130868
  171 170.5 0.29988 0.000130156
  172 171.5 0.299448 0.000129969
  173 172.5 0.300264 0.000130323
  174 173.5 0.30396 0.000131927
  175 174.5 0.303032 0.000131524
  176 175.5 0.301672 0.000130934
  177 176.5 0.302504 0.000131295
  178 177.5 0.298536 0.000129573
  179 178.5 0.3082 0.000133767
  180 179.5 0.303008 0.000131514
  181 180.5 0.2962 0.000128559
  182 181.5 0.299184 0.000129854
  183 182.5 0.302032 0.00013109
  184 183.5 0.309864 0.00013449
  185 184.5 0.316944 0.000137562
  186 185.5 0.3132 0.000135937
  187 186.5 0.31632 0.000137292
  188 187.5 0.313152 0.000135917
  189 188.5 0.31092 0.000134948
  190 189.5 0.302952 0.00013149
  191 190.5 0.305696 0.000132681
  192 191.5 0.30964 0.000134392
  193 192.5 0.30568 0.000132674
  194 193.5 0.302072 0.000131108
  195 194.5 0.315792 0.000137063
  196 195.5 0.31244 0.000135608
  197 196.5 0.307664 0.000133535
  198 197.5 0.304088 0.000131983
  199 198.5 0.310232 0.000134649
  200 199.5 0.307592 0.000133503
  201 200.5 0.311024 0.000134993
  202 201.5 0.296248 0.00012858
  203 202.5 0.298144 0.000129403
  204 203.5 0.3066 0.000133073
  205 204.5 0.307784 0.000133587
  206 205.5 0.300816 0.000130562
  207 206.5 0.296768 0.000128806
  208 207.5 0.290112 0.000125917
  209 208.5 0.301216 0.000130736
  210 209.5 0.299592 0.000130031
  211 210.5 0.307048 0.000133267
  212 211.5 0.31424 0.000136389
  213 212.5 0.309488 0.000134326
  214 213.5 0.309496 0.00013433
  215 214.5 0.305744 0.000132701
  216 215.5 0.304592 0.000132201
  217 216.5 0.306168 0.000132885
  218 217.5 0.318424 0.000138205
  219 218.5 0.315816 0.000137073
  220 219.5 0.32952 0.000143021
  221 220.5 0.33156 0.000143906
  222 221.5 0.337416 0.000146448
  223 222.5 0.348984 0.000151469
  224 223.5 0.357776 0.000155285
  225 224.5 0.3734 0.000162066
  226 225.5 0.417448 0.000181184
  227 226.5 0.475088 0.000206201
  228 227.5 0.565168 0.000245299
  229 228.5 0.699592 0.000303642
  230 229.5 0.898136 0.000389816
  231 230.5 1.19438 0.000518396
  232 231.5 1.617 0.000701823
  233 232.5 2.23615 0.000970552
  234 233.5 3.15583 0.00136972
  235 234.5 4.39434 0.00190726
  236 235.5 5.94823 0.0025817
  237 236.5 7.89845 0.00342815
  238 237.5 10.2091 0.00443105
  239 238.5 12.8151 0.00556211
  240 239.5 15.4961 0.00672574
  241 240.5 18.1991 0.00789893
  242 241.5 20.7792 0.00901875
  243 242.5 23.1278 0.0100381
  244 243.5 25.2094 0.0109416
  245 244.5 26.9733 0.0117072
  246 245.5 28.3817 0.0123185
  247 246.5 29.6343 0.0128621
  248 247.5 30.5224 0.0132476
  249 248.5 31.1331 0.0135126
  250 249.5 31.6367 0.0137312
  251 250.5 32.0277 0.0139009
  252 251.5 32.2684 0.0140054
  253 252.5 32.44 0.0140799
  254 253.5 32.665 0.0141775
  255 254.5 32.7411 0.0142105
  256 255.5 32.7352 0.014208
  257 256.5 32.8376 0.0142525
  258 257.5 32.8915 0.0142758
  259 258.5 32.8151 0.0142427
  260 259.5 32.8249 0.0142469
  261 260.5 32.8953 0.0142775
  262 261.5 32.8656 0.0142646
  263 262.5 32.7946 0.0142338
  264 263.5 32.8869 0.0142738
  265 264.5 32.8552 0.0142601
  266 265.5 32.8498 0.0142577
  267 266.5 32.8108 0.0142408
  268 267.5 32.8203 0.0142449
  269 268.5 32.8354 0.0142515
  270 269.5 32.8068 0.0142391
  271 270.5 32.7724 0.0142241
  272 271.5 32.7874 0.0142307
  273 272.5 32.7619 0.0142196
  274 273.5 32.8058 0.0142386
  275 274.5 32.7512 0.0142149
  276 275.5 32.7485 0.0142137
  277 276.5 32.765 0.0142209
  278 277.5 32.7435 0.0142116
  279 278.5 32.7602 0.0142188
  280 279.5 32.7094 0.0141968
  281 280.5 32.7249 0.0142035
  282 281.5 32.6603 0.0141755
  283 282.5 32.7667 0.0142216
  284 283.5 32.7225 0.0142025
  285 284.5 32.7396 0.0142099
  286 285.5 32.7317 0.0142065
  287 286.5 32.679 0.0141836
  288 287.5 32.759 0.0142183
  289 288.5 32.7262 0.0142041
  290 289.5 32.753 0.0142157
  291 290.5 32.6605 0.0141756
  292 291.5 32.7805 0.0142276
  293 292.5 32.7437 0.0142117
  294 293.5 32.7866 0.0142303
  295 294.5 32.7274 0.0142046
  296 295.5 32.7896 0.0142316
  297 296.5 32.8264 0.0142476
  298 297.5 32.8522 0.0142588
  299 298.5 32.7722 0.014224
  300 299.5 32.7994 0.0142359
  301 300.5 32.8568 0.0142608
  302 301.5 32.7539 0.0142161
  303 302.5 32.825 0.014247
  304 303.5 32.8832 0.0142722
  305 304.5 32.8908 0.0142755
  306 305.5 32.9086 0.0142833
  307 306.5 32.9705 0.0143101
  308 307.5 32.8879 0.0142743
  309 308.5 32.9042 0.0142814
  310 309.5 32.9079 0.0142829
  311 310.5 32.9189 0.0142877
  312 311.5 32.9165 0.0142867
  313 312.5 32.8463 0.0142562
  314 313.5 32.8687 0.0142659
  315 314.5 32.8938 0.0142768
  316 315.5 32.8894 0.0142749
  317 316.5 32.8711 0.014267
  318 317.5 32.9071 0.0142826
  319 318.5 32.9033 0.0142809
  320 319.5 32.7942 0.0142336
  321 320.5 32.8238 0.0142464
  322 321.5 32.8347 0.0142512
  323 322.5 32.7545 0.0142163
  324 323.5 32.69 0.0141883
  325 324.5 32.7911 0.0142322
  326 325.5 32.8037 0.0142377
  327 326.5 32.7242 0.0142032
  328 327.5 32.714 0.0141988
  329 328.5 32.7142 0.0141989
  330 329.5 32.6192 0.0141576
  331 330.5 32.6208 0.0141583
  332 331.5 32.5604 0.0141321
  333 332.5 32.5246 0.0141166
  334 333.5 32.4647 0.0140906
  335 334.5 32.4707 0.0140932
  336 335.5 32.5151 0.0141125
  337 336.5 32.5422 0.0141242
  338 337.5 32.4836 0.0140988
  339 338.5 32.5452 0.0141255
  340 339.5 32.5844 0.0141425
  341 340.5 32.5333 0.0141203
  342 341.5 32.5113 0.0141108
  343 342.5 32.5195 0.0141144
  344 343.5 32.5742 0.0141381
  345 344.5 32.528 0.0141181
  346 345.5 32.5866 0.0141435
  347 346.5 32.549 0.0141272
  348 347.5 32.4814 0.0140979
  349 348.5 32.5778 0.0141397
  350 349.5 32.6158 0.0141561
  351 350.5 32.5846 0.0141426
  352 351.5 32.6196 0.0141578
  353 352.5 32.5586 0.0141313
  354 353.5 32.7345 0.0142077
  355 354.5 32.7084 0.0141963
  356 355.5 32.6566 0.0141739
  357 356.5 32.6878 0.0141874
  358 357.5 32.6908 0.0141887
  359 358.5 32.69 0.0141884
  360 359.5 32.7133 0.0141985
  361 360.5 32.6218 0.0141588
  362 361.5 32.6716 0.0141804
  363 362.5 32.625 0.0141602
  364 363.5 32.6805 0.0141842
  365 364.5 32.689 0.0141879
  366 365.5 32.7161 0.0141997
  367 366.5 32.5917 0.0141457
  368 367.5 32.6361 0.014165
  369 368.5 32.6553 0.0141733
  370 369.5 32.596 0.0141476
  371 370.5 32.6006 0.0141496
  372 371.5 32.6069 0.0141523
  373 372.5 32.5229 0.0141158
  374 373.5 32.5828 0.0141418
  375 374.5 32.5358 0.0141214
  376 375.5 32.441 0.0140803
  377 376.5 32.3911 0.0140586
  378 377.5 32.5246 0.0141166
  379 378.5 32.4072 0.0140656
  380 379.5 32.3437 0.0140381
  381 380.5 32.3555 0.0140432
  382 381.5 32.3964 0.014061
  383 382.5 32.3378 0.0140355
  384 383.5 32.2565 0.0140002
  385 384.5 32.2912 0.0140153
  386 385.5 32.2329 0.01399
  387 386.5 32.1141 0.0139384
  388 387.5 31.9984 0.0138882
  389 388.5 31.9284 0.0138578
  390 389.5 31.7126 0.0137641
  391 390.5 31.4498 0.0136501
  392 391.5 31.0449 0.0134744
  393 392.5 30.5981 0.0132804
  394 393.5 29.984 0.0130139
  395 394.5 29.175 0.0126628
  396 395.5 28.1253 0.0122072
  397 396.5 26.8261 0.0116433
  398 397.5 25.365 0.0110091
  399 398.5 23.5384 0.0102163
  400 399.5 21.5131 0.00933729
  401 400.5 19.333 0.00839107
  402 401.5 17.0546 0.00740217
  403 402.5 14.7843 0.0064168
  404 403.5 12.6535 0.00549195
  405 404.5 10.7711 0.00467496
  406 405.5 9.03987 0.00392356
  407 406.5 7.55221 0.00327787
  408 407.5 6.42249 0.00278754
  409 408.5 5.46433 0.00237167
  410 409.5 4.7587 0.00206541
  411 410.5 4.27862 0.00185704
  412 411.5 3.90637 0.00169547
  413 412.5 3.60199 0.00156336
  414 413.5 3.4284 0.00148802
  415 414.5 3.28495 0.00142576
  416 415.5 3.15947 0.0013713
  417 416.5 3.10656 0.00134833
  418 417.5 3.11142 0.00135044
  419 418.5 3.06279 0.00132934
  420 419.5 3.05025 0.00132389
  421 420.5 3.05877 0.00132759
  422 421.5 2.99754 0.00130101
  423 422.5 3.01912 0.00131038
  424 423.5 3.0708 0.00133281
  425 424.5 3.04169 0.00132018
  426 425.5 3.01558 0.00130884
  427 426.5 3.02738 0.00131397
  428 427.5 3.06895 0.00133201
  429 428.5 3.08579 0.00133932
  430 429.5 3.0787 0.00133624
  431 430.5 3.05752 0.00132705
  432 431.5 3.01211 0.00130734
  433 432.5 3.01978 0.00131067
  434 433.5 3.02997 0.00131509
  435 434.5 2.99278 0.00129895
  436 435.5 2.95282 0.0012816
  437 436.5 2.98189 0.00129422
  438 437.5 2.9459 0.0012786
  439 438.5 2.92199 0.00126823
  440 439.5 2.91655 0.00126586
  441 440.5 2.89882 0.00125817
  442 441.5 2.8641 0.0012431
  443 442.5 2.85476 0.00123905
  444 443.5 2.83699 0.00123133
  445 444.5 2.78749 0.00120985
  446 445.5 2.76391 0.00119961
  447 446.5 2.7293 0.00118459
  448 447.5 2.67661 0.00116172
  449 448.5 2.62082 0.00113751
  450 449.5 2.60962 0.00113265
  451 450.5 2.56954 0.00111525
  452 451.5 2.55022 0.00110687
  453 452.5 2.56062 0.00111138
  454 453.5 2.56455 0.00111309
  455 454.5 2.55892 0.00111064
  456 455.5 2.5323 0.00109909
  457 456.5 2.52814 0.00109728
  458 457.5 2.52786 0.00109716
  459 458.5 2.48812 0.00107991
  460 459.5 2.47322 0.00107344
  461 460.5 2.4337 0.0010563
  462 461.5 2.39814 0.00104086
  463 462.5 2.3573 0.00102313
  464 463.5 2.33318 0.00101267
  465 464.5 2.29814 0.000997458
  466 465.5 2.28841 0.000993233
  467 466.5 2.29889 0.000997781
  468 467.5 2.29248 0.000995
  469 468.5 2.2959 0.000996483
  470 469.5 2.31338 0.00100407
  471 470.5 2.3347 0.00101333
  472 471.5 2.33318 0.00101267
  473 472.5 2.33707 0.00101435
  474 473.5 2.31335 0.00100406
  475 474.5 2.31662 0.00100548
  476 475.5 2.33493 0.00101342
  477 476.5 2.31788 0.00100602
  478 477.5 2.35462 0.00102197
  479 478.5 2.36611 0.00102696
  480 479.5 2.37331 0.00103008
70000000 480 5736
  1 0.5 2.52485 0.00109585
  2 1.5 2.5422 0.00110339
  3 2.5 2.59282 0.00112536
  4 3.5 2.64586 0.00114838
  5 4.5 2.66666 0.00115741
  6 5.5 2.6931 0.00116888
  7 6.5 2.77033 0.0012024
  8 7.5 2.79434 0.00121282
  9 8.5 2.80312 0.00121663
  10 9.5 2.83705 0.00123136
  11 10.5 2.8359 0.00123086
  12 11.5 2.8787 0.00124944
  13 12.5 2.90198 0.00125954
  14 13.5 2.89385 0.00125601
  15 14.5 2.84859 0.00123637
  16 15.5 2.80057 0.00121552
  17 16.5 2.7732 0.00120365
  18 17.5 2.78288 0.00120785
  19 18.5 2.80935 0.00121934
  20 19.5 2.77367 0.00120385
  21 20.5 2.77217 0.0012032
  22 21.5 2.81923 0.00122362
  23 22.5 2.81314 0.00122098
  24 23.5 2.8109 0.00122001
  25 24.5 2.76941 0.001202
  26 25.5 2.71975 0.00118045
  27 26.5 2.75942 0.00119767
  28 27.5 2.74065 0.00118952
  29 28.5 2.76089 0.0011983
  30 29.5 2.76526 0.0012002
  31 30.5 2.74723 0.00119237
  32 31.5 2.73793 0.00118834
  33 32.5 2.72966 0.00118475
  34 33.5 2.70877 0.00117568
  35 34.5 2.68084 0.00116356
  36 35.5 2.64365 0.00114742
  37 36.5 2.64248 0.00114691
  38 37.5 2.64384 0.0011475
  39 38.5 2.63363 0.00114307
  40 39.5 2.64906 0.00114977
  41 40.5 2.66474 0.00115657
  42 41.5 2.66968 0.00115872
  43 42.5 2.66965 0.0011587
  44 43.5 2.71115 0.00117672
  45 44.5 2.73974 0.00118913
  46 45.5 2.70014 0.00117193
  47 46.5 2.69257 0.00116865
  48 47.5 2.69122 0.00116806
  49 48.5 2.71278 0.00117742
  50 49.5 2.70312 0.00117323
  51 50.5 2.75203 0.00119446
  52 51.5 2.81694 0.00122263
  53 52.5 2.76982 0.00120218
  54 53.5 2.75977 0.00119782
  55 54.5 2.78163 0.00120731
  56 55.5 2.79694 0.00121395
  57 56.5 2.77154 0.00120292
  58 57.5 2.78866 0.00121035
  59 58.5 2.75828 0.00119717
  60 59.5 2.74908 0.00119318
  61 60.5 2.75298 0.00119487
  62 61.5 2.75274 0.00119476
  63 62.5 2.76326 0.00119933
  64 63.5 2.74757 0.00119252
  65 64.5 2.7653 0.00120022
  66 65.5 2.74947 0.00119335
  67 66.5 2.77054 0.00120249
  68 67.5 2.81275 0.00122081
  69 68.5 2.86688 0.00124431
  70 69.5 2.90388 0.00126036
  71 70.5 2.93989 0.00127599
  72 71.5 3.04199 0.00132031
  73 72.5 3.12791 0.0013576
  74 73.5 3.24698 0.00140928
  75 74.5 3.34294 0.00145093
  76 75.5 3.4513 0.00149796
  77 76.5 3.49241 0.0015158
  78 77.5 3.5144 0.00152535
  79 78.5 3.44598 0.00149565
  80 79.5 3.36765 0.00146165
  81 80.5 3.1491 0.0013668
  82 81.5 2.84412 0.00123443
  83 82.5 2.48166 0.00107711
  84 83.5 2.10954 0.000915601
  85 84.5 1.7512 0.000760069
  86 85.5 1.41255 0.000613087
  87 86.5 1.10522 0.000479694
  88 87.5 0.86028 0.000373385
  89 88.5 0.691944 0.000300323
  90 89.5 0.572032 0.000248278
  91 90.5 0.488 0.000211806
  92 91.5 0.429656 0.000186483
  93 92.5 0.3902 0.000169358
  94 93.5 0.361304 0.000156816
  95 94.5 0.344528 0.000149535
  96 95.5 0.328992 0.000142792
  97 96.5 0.327016 0.000141934
  98 97.5 0.325104 0.000141104
  99 98.5 0.326056 0.000141517
  100 99.5 0.320768 0.000139222
  101 100.5 0.317992 0.000138017
  102 101.5 0.323136 0.00014025
  103 102.5 0.309496 0.00013433
  104 103.5 0.31512 0.000136771
  105 104.5 0.311696 0.000135285
  106 105.5 0.302264 0.000131191
  107 106.5 0.294416 0.000127785
  108 107.5 0.297608 0.00012917
  109 108.5 0.300728 0.000130524
  110 109.5 0.299504 0.000129993
  111 110.5 0.301736 0.000130962
  112 111.5 0.309472 0.000134319
  113 112.5 0.315912 0.000137115
  114 113.5 0.318952 0.000138434
  115 114.5 0.319304 0.000138587
  116 115.5 0.320288 0.000139014
  117 116.5 0.310968 0.000134969
  118 117.5 0.309712 0.000134424
  119 118.5 0.315184 0.000136799
  120 119.5 0.313952 0.000136264
  121 120.5 0.315928 0.000137122
  122 121.5 0.311016 0.00013499
  123 122.5 0.314888 0.00013667
  124 123.5 0.307896 0.000133635
  125 124.5 0.311232 0.000135083
  126 125.5 0.310552 0.000134788
  127 126.5 0.306808 0.000133163
  128 127.5 0.303584 0.000131764
  129 128.5 0.31152 0.000135208
  130 129.5 0.307208 0.000133337
  131 130.5 0.305544 0.000132615
  132 131.5 0.304416 0.000132125
  133 132.5 0.303512 0.000131733
  134 133.5 0.301576 0.000130892
  135 134.5 0.303112 0.000131559
  136 135.5 0.304904 0.000132337
  137 136.5 0.299112 0.000129823
  138 137.5 0.310032 0.000134562
  139 138.5 0.31144 0.000135174
  140 139.5 0.31264 0.000135694
  141 140.5 0.308872 0.000134059
  142 141.5 0.300336 0.000130354
  143 142.5 0.299504 0.000129993
  144 143.5 0.300464 0.00013041
  145 144.5 0.305928 0.000132781
  146 145.5 0.30936 0.000134271
  147 146.5 0.311744 0.000135306
  148 147.5 0.30708 0.000133281
  149 148.5 0.306576 0.000133063
  150 149.5 0.3126 0.000135677
  151 150.5 0.312872 0.000135795
  152 151.5 0.308704 0.000133986
  153 152.5 0.3126 0.000135677
  154 153.5 0.305792 0.000132722
  155 154.5 0.300816 0.000130562
  156 155.5 0.302352 0.000131229
  157 156.5 0.298336 0.000129486
  158 157.5 0.30296 0.000131493
  159 158.5 0.31012 0.000134601
  160 159.5 0.307968 0.000133667
  161 160.5 0.302272 0.000131194
  162 161.5 0.311632 0.000135257
  163 162.5 0.311 0.000134983
  164 163.5 0.304504 0.000132163
  165 164.5 0.303968 0.000131931
  166 165.5 0.300072 0.00013024
  167 166.5 0.299872 0.000130153
  168 167.5 0.301648 0.000130924
  169 168.5 0.303912 0.000131906
  170 169.5 0.313264 0.000135965
  171 170.5 0.315488 0.000136931
  172 171.5 0.321048 0.000139344
  173 172.5 0.322528 0.000139986
  174 173.5 0.32508 0.000141094
  175 174.5 0.317968 0.000138007
  176 175.5 0.31508 0.000136753
  177 176.5 0.308024 0.000133691
  178 177.5 0.31336 0.000136007
  179 178.5 0.319712 0.000138764
  180 179.5 0.31724 0.000137691
  181 180.5 0.31936 0.000138611
  182 181.5 0.315168 0.000136792
  183 182.5 0.318728 0.000138337
  184 183.5 0.319776 0.000138792
  185 184.5 0.325032 0.000141073
  186 185.5 0.319584 0.000138708
  187 186.5 0.32348 0.000140399
  188 187.5 0.320144 0.000138951
  189 188.5 0.3144 0.000136458
  190 189.5 0.308584 0.000133934
  191 190.5 0.314384 0.000136451
  192 191.5 0.303528 0.00013174
  193 192.5 0.3064 0.000132986
  194 193.5 0.301304 0.000130774
  195 194.5 0.312528 0.000135646
  196 195.5 0.307696 0.000133549
  197 196.5 0.305536 0.000132611
  198 197.5 0.306112 0.000132861
  199 198.5 0.31136 0.000135139
  200 199.5 0.316688 0.000137451
  201 200.5 0.311264 0.000135097
  202 201.5 0.30916 0.000134184
  203 202.5 0.304112 0.000131993
  204 203.5 0.306088 0.000132851
  205 204.5 0.313576 0.000136101
  206 205.5 0.31176 0.000135312
  207 206.5 0.301192 0.000130726
  208 207.5 0.31008 0.000134583
  209 208.5 0.313152 0.000135917
  210 209.5 0.316488 0.000137365
  211 210.5 0.314872 0.000136663
  212 211.5 0.324296 0.000140753
  213 212.5 0.324728 0.000140941
  214 213.5 0.324744 0.000140948
  215 214.5 0.32104 0.00013934
  216 215.5 0.32732 0.000142066
  217 216.5 0.325728 0.000141375
  218 217.5 0.330408 0.000143406
  219 218.5 0.326192 0.000141576
  220 219.5 0.3358 0.000145747
  221 220.5 0.33604 0.000145851
  222 221.5 0.340512 0.000147792
  223 222.5 0.346616 0.000150441
  224 223.5 0.362912 0.000157514
  225 224.5 0.389232 0.000168938
  226 225.5 0.419912 0.000182253
  227 226.5 0.477752 0.000207358
  228 227.5 0.55012 0.000238767
  229 228.5 0.674816 0.000292889
  230 229.5 0.861576 0.000373948
  231 230.5 1.13339 0.000491924
  232 231.5 1.51626 0.000658101
  233 232.5 2.08414 0.000904573
  234 233.5 2.90638 0.00126145
  235 234.5 4.03822 0.0017527
  236 235.5 5.46387 0.00237147
  237 236.5 7.23994 0.00314234
  238 237.5 9.40542 0.00408221
  239 238.5 11.7684 0.0051078
  240 239.5 14.2577 0.00618824
  241 240.5 16.7963 0.00729008
  242 241.5 19.2561 0.00835766
  243 242.5 21.6021 0.00937592
  244 243.5 23.7624 0.0103135
  245 244.5 25.5101 0.0110721
  246 245.5 27.0763 0.0117519
  247 246.5 28.4465 0.0123466
  248 247.5 29.4771 0.0127939
  249 248.5 30.2223 0.0131173
  250 249.5 30.9464 0.0134316
  251 250.5 31.3772 0.0136186
  252 251.5 31.6756 0.0137481
  253 252.5 31.8594 0.0138279
  254 253.5 32.1487 0.0139534
  255 254.5 32.2662 0.0140044
  256 255.5 32.3541 0.0140426
  257 256.5 32.5223 0.0141156
  258 257.5 32.6022 0.0141503
  259 258.5 32.5493 0.0141273
  260 259.5 32.6469 0.0141697
  261 260.5 32.7627 0.0142199
  262 261.5 32.7031 0.0141941
  263 262.5 32.6611 0.0141758
  264 263.5 32.7766 0.014226
  265 264.5 32.7598 0.0142187
  266 265.5 32.7832 0.0142288
  267 266.5 32.8336 0.0142507
  268 267.5 32.8656 0.0142646
  269 268.5 32.8772 0.0142696
  270 269.5 32.8558 0.0142603
  271 270.5 32.8839 0.0142725
  272 271.5 32.8584 0.0142614
  273 272.5 32.8745 0.0142685
  274 273.5 32.8645 0.0142641
  275 274.5 32.8501 0.0142579
  276 275.5 32.8265 0.0142476
  277 276.5 32.8007 0.0142364
  278 277.5 32.7422 0.014211
  279 278.5 32.7614 0.0142194
  280 279.5 32.7339 0.0142074
  281 280.5 32.7181 0.0142005
  282 281.5 32.7238 0.014203
  283 282.5 32.7128 0.0141983
  284 283.5 32.6956 0.0141908
  285 284.5 32.8442 0.0142553
  286 285.5 32.8043 0.014238
  287 286.5 32.7361 0.0142084
  288 287.5 32.945 0.0142991
  289 288.5 32.9496 0.0143011
  290 289.5 32.8749 0.0142686
  291 290.5 33.0081 0.0143264
  292 291.5 33.01 0.0143272
  293 292.5 33.0352 0.0143382
  294 293.5 32.9895 0.0143184
  295 294.5 32.9792 0.0143139
  296 295.5 33.0434 0.0143418
  297 296.5 33.0561 0.0143473
  298 297.5 33.1205 0.0143752
  299 298.5 33.0959 0.0143645
  300 299.5 33.0918 0.0143627
  301 300.5 33.1039 0.014368
  302 301.5 33.0979 0.0143654
  303 302.5 33.1553 0.0143903
  304 303.5 33.0766 0.0143561
  305 304.5 33.1534 0.0143895
  306 305.5 33.0928 0.0143632
  307 306.5 33.0727 0.0143545
  308 307.5 33.1176 0.0143739
  309 308.5 33.0362 0.0143386
  310 309.5 33.0266 0.0143345
  311 310.5 32.9746 0.0143119
  312 311.5 33.0585 0.0143483
  313 312.5 32.9773 0.0143131
  314 313.5 32.9766 0.0143128
  315 314.5 33.0335 0.0143374
  316 315.5 33.051 0.014345
  317 316.5 33.0264 0.0143344
  318 317.5 32.9784 0.0143135
  319 318.5 33.0677 0.0143523
  320 319.5 33.0027 0.0143241
  321 320.5 32.9229 0.0142894
  322 321.5 32.9409 0.0142973
  323 322.5 32.8952 0.0142774
  324 323.5 32.7742 0.0142249
  325 324.5 32.8131 0.0142418
  326 325.5 32.8767 0.0142694
  327 326.5 32.7781 0.0142266
  328 327.5 32.7602 0.0142188
  329 328.5 32.7765 0.0142259
  330 329.5 32.8439 0.0142552
  331 330.5 32.7469 0.0142131
  332 331.5 32.8988 0.014279
  333 332.5 32.8481 0.014257
  334 333.5 32.8443 0.0142554
  335 334.5 32.8389 0.014253
  336 335.5 32.7537 0.014216
  337 336.5 32.7888 0.0142313
  338 337.5 32.7845 0.0142294
  339 338.5 32.7557 0.0142169
  340 339.5 32.7052 0.014195
  341 340.5 32.7208 0.0142017
  342 341.5 32.7107 0.0141974
  343 342.5 32.7119 0.0141979
  344 343.5 32.7394 0.0142098
  345 344.5 32.7695 0.0142229
  346 345.5 32.7752 0.0142253
  347 346.5 32.8058 0.0142386
  348 347.5 32.7402 0.0142102
  349 348.5 32.7072 0.0141958
  350 349.5 32.728 0.0142049
  351 350.5 32.7302 0.0142058
  352 351.5 32.6532 0.0141724
  353 352.5 32.7615 0.0142194
  354 353.5 32.8042 0.0142379
  355 354.5 32.7823 0.0142284
  356 355.5 32.7586 0.0142181
  357 356.5 32.8674 0.0142654
  358 357.5 32.8835 0.0142724
  359 358.5 32.8165 0.0142433
  360 359.5 32.8337 0.0142507
  361 360.5 32.8533 0.0142592
  362 361.5 32.8648 0.0142642
  363 362.5 32.8021 0.014237
  364 363.5 32.8273 0.014248
  365 364.5 32.8764 0.0142693
  366 365.5 32.7898 0.0142317
  367 366.5 32.7474 0.0142133
  368 367.5 32.8314 0.0142497
  369 368.5 32.745 0.0142122
  370 369.5 32.6703 0.0141798
  371 370.5 32.6802 0.0141841
  372 371.5 32.7725 0.0142242
  373 372.5 32.6374 0.0141655
  374 373.5 32.6024 0.0141504
  375 374.5 32.7107 0.0141974
  376 375.5 32.6494 0.0141707
  377 376.5 32.6262 0.0141607
  378 377.5 32.6327 0.0141635
  379 378.5 32.7537 0.014216
  380 379.5 32.7389 0.0142096
  381 380.5 32.6319 0.0141632
  382 381.5 32.7015 0.0141934
  383 382.5 32.6425 0.0141677
  384 383.5 32.5593 0.0141317
  385 384.5 32.4624 0.0140896
  386 385.5 32.4399 0.0140798
  387 386.5 32.3381 0.0140356
  388 387.5 32.2772 0.0140092
  389 388.5 32.101 0.0139327
  390 389.5 31.8692 0.0138321
  391 390.5 31.6239 0.0137256
  392 391.5 31.2164 0.0135488
  393 392.5 30.7552 0.0133486
  394 393.5 30.0165 0.013028
  395 394.5 29.1693 0.0126603
  396 395.5 28.009 0.0121567
  397 396.5 26.5623 0.0115288
  398 397.5 24.8663 0.0107927
  399 398.5 22.8567 0.00992044
  400 399.5 20.6911 0.00898052
  401 400.5 18.5062 0.0080322
  402 401.5 16.1094 0.00699193
  403 402.5 13.8596 0.00601545
  404 403.5 11.6919 0.0050746
  405 404.5 9.83915 0.00427047
  406 405.5 8.18726 0.0035535
  407 406.5 6.80203 0.00295227
  408 407.5 5.72152 0.0024833
  409 408.5 4.83878 0.00210016
  410 409.5 4.20406 0.00182468
  411 410.5 3.73668 0.00162182
  412 411.5 3.39167 0.00147208
  413 412.5 3.12211 0.00135508
  414 413.5 2.96094 0.00128513
  415 414.5 2.86051 0.00124154
  416 415.5 2.75161 0.00119427
  417 416.5 2.67842 0.00116251
  418 417.5 2.6279 0.00114058
  419 418.5 2.59776 0.0011275
  420 419.5 2.58118 0.00112031
  421 420.5 2.56382 0.00111277
  422 421.5 2.48876 0.00108019
  423 422.5 2.46907 0.00107165
  424 423.5 2.45182 0.00106416
  425 424.5 2.42949 0.00105447
  426 425.5 2.41641 0.00104879
  427 426.5 2.4179 0.00104943
  428 427.5 2.38348 0.0010345
  429 428.5 2.35693 0.00102297
  430 429.5 2.34238 0.00101666
  431 430.5 2.36005 0.00102433
  432 431.5 2.3341 0.00101307
  433 432.5 2.34869 0.0010194
  434 433.5 2.35421 0.00102179
  435 434.5 2.34221 0.00101658
  436 435.5 2.35306 0.00102129
  437 436.5 2.35383 0.00102163
  438 437.5 2.36585 0.00102684
  439 438.5 2.37418 0.00103046
  440 439.5 2.36626 0.00102702
  441 440.5 2.35642 0.00102275
  442 441.5 2.3709 0.00102903
  443 442.5 2.37912 0.0010326
  444 443.5 2.35791 0.0010234
  445 444.5 2.33539 0.00101362
  446 445.5 2.31853 0.00100631
  447 446.5 2.31078 0.00100294
  448 447.5 2.30431 0.00100014
  449 448.5 2.30872 0.00100205
  450 449.5 2.29276 0.000995122
  451 450.5 2.29893 0.000997799
  452 451.5 2.30814 0.0010018
  453 452.5 2.33087 0.00101166
  454 453.5 2.32674 0.00100987
  455 454.5 2.32462 0.00100895
  456 455.5 2.28582 0.000992111
  457 456.5 2.2587 0.00098034
  458 457.5 2.25076 0.000976892
  459 458.5 2.22456 0.000965521
  460 459.5 2.2357 0.000970354
  461 460.5 2.24991 0.000976524
  462 461.5 2.25128 0.000977118
  463 462.5 2.24836 0.000975851
  464 463.5 2.26723 0.000984042
  465 464.5 2.29766 0.000997247
  466 465.5 2.33208 0.00101219
  467 466.5 2.33949 0.0010154
  468 467.5 2.3803 0.00103312
  469 468.5 2.37666 0.00103154
  470 469.5 2.39325 0.00103874
  471 470.5 2.43375 0.00105632
  472 471.5 2.47517 0.00107429
  473 472.5 2.48546 0.00107876
  474 473.5 2.48007 0.00107642
  475 474.5 2.47909 0.00107599
  476 475.5 2.49657 0.00108358
  477 476.5 2.49393 0.00108243
  478 477.5 2.52713 0.00109684
  479 478.5 2.57614 0.00111811
  480 479.5 2.55686 0.00110975
72500000 480 5736
  1 0.5 2.88646 0.0012528
  2 1.5 2.8607 0.00124163
  3 2.5 2.86974 0.00124555
  4 3.5 2.84466 0.00123466
  5 4.5 2.86528 0.00124361
  6 5.5 2.82011 0.00122401
  7 6.5 2.82005 0.00122398
  8 7.5 2.77204 0.00120314
  9 8.5 2.70538 0.00117421
  10 9.5 2.65863 0.00115392
  11 10.5 2.61103 0.00113326
  12 11.5 2.59951 0.00112826
  13 12.5 2.62052 0.00113738
  14 13.5 2.64434 0.00114772
  15 14.5 2.63986 0.00114577
  16 15.5 2.70378 0.00117351
  17 16.5 2.67978 0.0011631
  18 17.5 2.63101 0.00114193
  19 18.5 2.61998 0.00113714
  20 19.5 2.6026 0.0011296
  21 20.5 2.56376 0.00111274
  22 21.5 2.55015 0.00110684
  23 22.5 2.57119 0.00111597
  24 23.5 2.5692 0.0011151
  25 24.5 2.57193 0.00111629
  26 25.5 2.56786 0.00111452
  27 26.5 2.55891 0.00111064
  28 27.5 2.54919 0.00110642
  29 28.5 2.52435 0.00109564
  30 29.5 2.53834 0.00110171
  31 30.5 2.51968 0.00109361
  32 31.5 2.49826 0.00108431
  33 32.5 2.46373 0.00106933
  34 33.5 2.48629 0.00107912
  35 34.5 2.51255 0.00109052
  36 35.5 2.52357 0.0010953
  37 36.5 2.5003 0.0010852
  38 37.5 2.47384 0.00107372
  39 38.5 2.4267 0.00105325
  40 39.5 2.42904 0.00105427
  41 40.5 2.41039 0.00104618
  42 41.5 2.39882 0.00104115
  43 42.5 2.4097 0.00104588
  44 43.5 2.47095 0.00107246
  45 44.5 2.48194 0.00107723
  46 45.5 2.48415 0.00107819
  47 46.5 2.46566 0.00107016
  48 47.5 2.45035 0.00106352
  49 48.5 2.48934 0.00108044
  50 49.5 2.49483 0.00108283
  51 50.5 2.52623 0.00109645
  52 51.5 2.57302 0.00111676
  53 52.5 2.61763 0.00113612
  54 53.5 2.68239 0.00116423
  55 54.5 2.71089 0.0011766
  56 55.5 2.74532 0.00119155
  57 56.5 2.79302 0.00121225
  58 57.5 2.77968 0.00120646
  59 58.5 2.74798 0.0011927
  60 59.5 2.78894 0.00121048
  61 60.5 2.75473 0.00119563
  62 61.5 2.78728 0.00120976
  63 62.5 2.79003 0.00121095
  64 63.5 2.80594 0.00121785
  65 64.5 2.87158 0.00124635
  66 65.5 2.91518 0.00126527
  67 66.5 2.94336 0.0012775
  68 67.5 3.01981 0.00131068
  69 68.5 3.10514 0.00134772
  70 69.5 3.1868 0.00138316
  71 70.5 3.29699 0.00143099
  72 71.5 3.43229 0.00148971
  73 72.5 3.53961 0.00153629
  74 73.5 3.6443 0.00158173
  75 74.5 3.74753 0.00162653
  76 75.5 3.82795 0.00166144
  77 76.5 3.82552 0.00166038
  78 77.5 3.73229 0.00161992
  79 78.5 3.58408 0.00155559
  80 79.5 3.34515 0.00145189
  81 80.5 3.01055 0.00130666
  82 81.5 2.6608 0.00115486
  83 82.5 2.2909 0.000994312
  84 83.5 1.90479 0.000826733
  85 84.5 1.54317 0.000669778
  86 85.5 1.23367 0.000535448
  87 86.5 0.989992 0.000429684
  88 87.5 0.8078 0.000350608
  89 88.5 0.671248 0.00029134
  90 89.5 0.566912 0.000246056
  91 90.5 0.495504 0.000215063
  92 91.5 0.447624 0.000194281
  93 92.5 0.413288 0.000179378
  94 93.5 0.388544 0.000168639
  95 94.5 0.374464 0.000162528
  96 95.5 0.3678 0.000159635
  97 96.5 0.363 0.000157552
  98 97.5 0.363864 0.000157927
  99 98.5 0.35724 0.000155052
  100 99.5 0.36132 0.000156823
  101 100.5 0.356776 0.000154851
  102 101.5 0.350184 0.00015199
  103 102.5 0.351728 0.00015266
  104 103.5 0.350976 0.000152333
  105 104.5 0.34988 0.000151858
  106 105.5 0.343008 0.000148875
  107 106.5 0.33872 0.000147014
  108 107.5 0.339104 0.000147181
  109 108.5 0.329696 0.000143097
  110 109.5 0.339056 0.00014716
  111 110.5 0.335048 0.00014542
  112 111.5 0.337968 0.000146688
  113 112.5 0.337384 0.000146434
  114 113.5 0.332808 0.000144448
  115 114.5 0.328176 0.000142438
  116 115.5 0.336984 0.00014626
  117 116.5 0.343616 0.000149139
  118 117.5 0.329112 0.000142844
  119 118.5 0.323824 0.000140549
  120 119.5 0.325152 0.000141125
  121 120.5 0.3268 0.00014184
  122 121.5 0.326392 0.000141663
  123 122.5 0.327784 0.000142267
  124 123.5 0.331576 0.000143913
  125 124.5 0.329304 0.000142927
  126 125.5 0.330888 0.000143615
  127 126.5 0.338312 0.000146837
  128 127.5 0.326448 0.000141687
  129 128.5 0.340088 0.000147608
  130 129.5 0.335952 0.000145813
  131 130.5 0.330136 0.000143288
  132 131.5 0.331896 0.000144052
  133 132.5 0.333968 0.000144951
  134 133.5 0.328632 0.000142635
  135 134.5 0.332992 0.000144528
  136 135.5 0.332896 0.000144486
  137 136.5 0.33808 0.000146736
  138 137.5 0.337048 0.000146288
  139 138.5 0.335952 0.000145813
  140 139.5 0.32928 0.000142917
  141 140.5 0.329768 0.000143128
  142 141.5 0.325928 0.000141462
  143 142.5 0.329016 0.000142802
  144 143.5 0.325552 0.000141299
  145 144.5 0.323392 0.000140361
  146 145.5 0.317968 0.000138007
  147 146.5 0.32112 0.000139375
  148 147.5 0.322664 0.000140045
  149 148.5 0.321936 0.000139729
  150 149.5 0.318216 0.000138115
  151 150.5 0.327816 0.000142281
  152 151.5 0.322992 0.000140188
  153 152.5 0.323512 0.000140413
  154 153.5 0.330816 0.000143583
  155 154.5 0.3312 0.00014375
  156 155.5 0.32832 0.0001425
  157 156.5 0.329544 0.000143031
  158 157.5 0.334304 0.000145097
  159 158.5 0.33684 0.000146198
  160 159.5 0.3254 0.000141233
  161 160.5 0.332168 0.00014417
  162 161.5 0.339384 0.000147302
  163 162.5 0.334688 0.000145264
  164 163.5 0.331928 0.000144066
  165 164.5 0.325736 0.000141378
  166 165.5 0.332464 0.000144299
  167 166.5 0.327192 0.00014201
  168 167.5 0.334592 0.000145222
  169 168.5 0.337496 0.000146483
  170 169.5 0.340576 0.000147819
  171 170.5 0.340168 0.000147642
  172 171.5 0.336368 0.000145993
  173 172.5 0.32732 0.000142066
  174 173.5 0.330952 0.000143642
  175 174.5 0.324672 0.000140917
  176 175.5 0.328488 0.000142573
  177 176.5 0.337544 0.000146503
  178 177.5 0.341176 0.00014808
  179 178.5 0.340832 0.000147931
  180 179.5 0.333448 0.000144726
  181 180.5 0.32768 0.000142222
  182 181.5 0.335608 0.000145663
  183 182.5 0.32568 0.000141354
  184 183.5 0.31672 0.000137465
  185 184.5 0.319032 0.000138469
  186 185.5 0.321136 0.000139382
  187 186.5 0.321568 0.000139569
  188 187.5 0.323224 0.000140288
  189 188.5 0.320376 0.000139052
  190 189.5 0.319376 0.000138618
  191 190.5 0.32216 0.000139826
  192 191.5 0.317112 0.000137635
  193 192.5 0.31384 0.000136215
  194 193.5 0.320288 0.000139014
  195 194.5 0.313736 0.00013617
  196 195.5 0.3238 0.000140538
  197 196.5 0.32988 0.000143177
  198 197.5 0.32812 0.000142413
  199 198.5 0.327216 0.000142021
  200 199.5 0.326992 0.000141924
  201 200.5 0.3244 0.000140799
  202 201.5 0.32496 0.000141042
  203 202.5 0.328496 0.000142576
  204 203.5 0.326208 0.000141583
  205 204.5 0.324736 0.000140944
  206 205.5 0.331136 0.000143722
  207 206.5 0.31996 0.000138872
  208 207.5 0.321384 0.00013949
  209 208.5 0.319592 0.000138712
  210 209.5 0.322096 0.000139799
  211 210.5 0.319624 0.000138726
  212 211.5 0.313896 0.00013624
  213 212.5 0.324648 0.000140906
  214 213.5 0.3312 0.00014375
  215 214.5 0.330064 0.000143257
  216 215.5 0.33824 0.000146806
  217 216.5 0.325096 0.000141101
  218 217.5 0.332728 0.000144413
  219 218.5 0.331336 0.000143809
  220 219.5 0.33276 0.000144427
  221 220.5 0.347496 0.000150823
  222 221.5 0.357336 0.000155094
  223 222.5 0.384616 0.000166934
  224 223.5 0.41192 0.000178785
  225 224.5 0.448568 0.000194691
  226 225.5 0.502312 0.000218017
  227 226.5 0.603408 0.000261896
  228 227.5 0.741184 0.000321694
  229 228.5 0.950296 0.000412455
  230 229.5 1.2511 0.00054301
  231 230.5 1.68641 0.000731948
  232 231.5 2.32118 0.00100746
  233 232.5 3.16303 0.00137284
  234 233.5 4.30409 0.00186809
  235 234.5 5.70649 0.00247677
  236 235.5 7.4173 0.00321931
  237 236.5 9.44662 0.0041001
  238 237.5 11.7171 0.00508555
  239 238.5 14.2043 0.00616507
  240 239.5 16.7703 0.00727878
  241 240.5 19.2219 0.00834283
  242 241.5 21.5607 0.00935795
  243 242.5 23.7552 0.0103104
  244 243.5 25.6211 0.0111203
  245 244.5 27.1487 0.0117833
  246 245.5 28.4149 0.0123328
  247 246.5 29.4652 0.0127887
  248 247.5 30.2237 0.0131179
  249 248.5 30.8987 0.0134109
  250 249.5 31.4544 0.0136521
  251 250.5 31.659 0.0137409
  252 251.5 31.9904 0.0138847
  253 252.5 32.272 0.0140069
  254 253.5 32.2918 0.0140155
  255 254.5 32.4219 0.014072
  256 255.5 32.5639 0.0141336
  257 256.5 32.6575 0.0141743
  258 257.5 32.6886 0.0141878
  259 258.5 32.709 0.0141966
  260 259.5 32.7348 0.0142078
  261 260.5 32.7868 0.0142304
  262 261.5 32.7592 0.0142184
  263 262.5 32.6879 0.0141874
  264 263.5 32.7822 0.0142284
  265 264.5 32.8044 0.014238
  266 265.5 32.7099 0.014197
  267 266.5 32.7399 0.01421
  268 267.5 32.8535 0.0142593
  269 268.5 32.7597 0.0142186
  270 269.5 32.7939 0.0142335
  271 270.5 32.87 0.0142665
  272 271.5 32.9318 0.0142933
  273 272.5 32.8591 0.0142618
  274 273.5 32.8941 0.0142769
  275 274.5 32.9824 0.0143153
  276 275.5 32.9007 0.0142798
  277 276.5 32.9422 0.0142978
  278 277.5 32.9405 0.0142971
  279 278.5 32.9879 0.0143177
  280 279.5 32.8534 0.0142593
  281 280.5 32.8509 0.0142582
  282 281.5 32.8718 0.0142673
  283 282.5 32.8676 0.0142655
  284 283.5 32.7452 0.0142123
  285 284.5 32.8724 0.0142675
  286 285.5 32.8753 0.0142688
  287 286.5 32.8439 0.0142551
  288 287.5 32.8506 0.0142581
  289 288.5 32.9876 0.0143175
  290 289.5 32.9847 0.0143163
  291 290.5 32.9126 0.014285
  292 291.5 32.9822 0.0143152
  293 292.5 33.0495 0.0143444
  294 293.5 32.9262 0.0142909
  295 294.5 32.8086 0.0142398
  296 295.5 32.8434 0.014255
  297 296.5 32.9064 0.0142823
  298 297.5 32.7394 0.0142098
  299 298.5 32.7346 0.0142077
  300 299.5 32.8322 0.0142501
  301 300.5 32.769 0.0142227
  302 301.5 32.7634 0.0142202
  303 302.5 32.7939 0.0142335
  304 303.5 32.7387 0.0142095
  305 304.5 32.7988 0.0142356
  306 305.5 32.8529 0.0142591
  307 306.5 32.7846 0.0142294
  308 307.5 32.8545 0.0142598
  309 308.5 32.8518 0.0142586
  310 309.5 32.7496 0.0142143
  311 310.5 32.7751 0.0142253
  312 311.5 32.8021 0.014237
  313 312.5 32.763 0.01422
  314 313.5 32.698 0.0141918
  315 314.5 32.7202 0.0142015
  316 315.5 32.7172 0.0142002
  317 316.5 32.7156 0.0141995
  318 317.5 32.7245 0.0142033
  319 318.5 32.8141 0.0142422
  320 319.5 32.8106 0.0142407
  321 320.5 32.7079 0.0141961
  322 321.5 32.7886 0.0142311
  323 322.5 32.7397 0.01421
  324 323.5 32.6958 0.0141909
  325 324.5 32.7551 0.0142166
  326 325.5 32.7953 0.0142341
  327 326.5 32.7595 0.0142185
  328 327.5 32.759 0.0142183
  329 328.5 32.7853 0.0142297
  330 329.5 32.7991 0.0142357
  331 330.5 32.7462 0.0142127
  332 331.5 32.8226 0.0142459
  333 332.5 32.862 0.014263
  334 333.5 32.8322 0.0142501
  335 334.5 32.8157 0.0142429
  336 335.5 32.8644 0.0142641
  337 336.5 32.8982 0.0142787
  338 337.5 32.8228 0.014246
  339 338.5 32.8786 0.0142702
  340 339.5 32.8027 0.0142373
  341 340.5 32.8558 0.0142603
  342 341.5 32.8536 0.0142594
  343 342.5 32.8222 0.0142457
  344 343.5 32.7408 0.0142104
  345 344.5 32.7785 0.0142268
  346 345.5 32.7867 0.0142303
  347 346.5 32.8127 0.0142416
  348 347.5 32.8258 0.0142473
  349 348.5 32.7497 0.0142143
  350 349.5 32.8032 0.0142375
  351 350.5 32.814 0.0142422
  352 351.5 32.8952 0.0142774
  353 352.5 32.8105 0.0142407
  354 353.5 32.8035 0.0142376
  355 354.5 32.9171 0.0142869
  356 355.5 32.8629 0.0142634
  357 356.5 32.8565 0.0142606
  358 357.5 32.8917 0.0142759
  359 358.5 32.832 0.01425
  360 359.5 32.8382 0.0142527
  361 360.5 32.8205 0.014245
  362 361.5 32.8422 0.0142544
  363 362.5 32.8568 0.0142608
  364 363.5 32.812 0.0142413
  365 364.5 32.8095 0.0142402
  366 365.5 32.7272 0.0142045
  367 366.5 32.8075 0.0142394
  368 367.5 32.6702 0.0141798
  369 368.5 32.6587 0.0141748
  370 369.5 32.6908 0.0141887
  371 370.5 32.7496 0.0142142
  372 371.5 32.6221 0.0141589
  373 372.5 32.5744 0.0141382
  374 373.5 32.726 0.014204
  375 374.5 32.5826 0.0141418
  376 375.5 32.5825 0.0141417
  377 376.5 32.5963 0.0141477
  378 377.5 32.6771 0.0141828
  379 378.5 32.5186 0.014114
  380 379.5 32.4868 0.0141002
  381 380.5 32.5336 0.0141205
  382 381.5 32.5971 0.014148
  383 382.5 32.4449 0.014082
  384 383.5 32.4332 0.0140769
  385 384.5 32.3905 0.0140584
  386 385.5 32.2678 0.0140051
  387 386.5 31.9972 0.0138877
  388 387.5 31.9636 0.0138731
  389 388.5 31.6286 0.0137277
  390 389.5 31.2205 0.0135505
  391 390.5 30.8718 0.0133992
  392 391.5 30.262 0.0131346
  393 392.5 29.48 0.0127951
  394 393.5 28.5179 0.0123776
  395 394.5 27.2909 0.011845
  396 395.5 25.7219 0.011164
  397 396.5 23.8681 0.0103594
  398 397.5 21.7822 0.00945407
  399 398.5 19.5399 0.00848086
  400 399.5 17.1094 0.00742595
  401 400.5 14.8271 0.00643538
  402 401.5 12.5618 0.00545216
  403 402.5 10.5868 0.00459495
  404 403.5 8.79067 0.0038154
  405 404.5 7.3599 0.0031944
  406 405.5 6.208 0.00269444
  407 406.5 5.32349 0.00231054
  408 407.5 4.59101 0.00199263
  409 408.5 4.07778 0.00176987
  410 409.5 3.69908 0.0016055
  411 410.5 3.45063 0.00149767
  412 411.5 3.21191 0.00139406
  413 412.5 3.03179 0.00131588
  414 413.5 2.91895 0.00126691
  415 414.5 2.84604 0.00123526
  416 415.5 2.80953 0.00121941
  417 416.5 2.75462 0.00119558
  418 417.5 2.68488 0.00116531
  419 418.5 2.64895 0.00114972
  420 419.5 2.64211 0.00114675
  421 420.5 2.65722 0.00115331
  422 421.5 2.65852 0.00115387
  423 422.5 2.65658 0.00115303
  424 423.5 2.65037 0.00115033
  425 424.5 2.66761 0.00115782
  426 425.5 2.64159 0.00114652
  427 426.5 2.65577 0.00115268
  428 427.5 2.65534 0.00115249
  429 428.5 2.60253 0.00112957
  430 429.5 2.57448 0.0011174
  431 430.5 2.56546 0.00111348
  432 431.5 2.56668 0.00111401
  433 432.5 2.57221 0.00111641
  434 433.5 2.57397 0.00111717
  435 434.5 2.60659 0.00113133
  436 435.5 2.62269 0.00113832
  437 436.5 2.61929 0.00113684
  438 437.5 2.6505 0.00115039
  439 438.5 2.66885 0.00115835
  440 439.5 2.65566 0.00115263
  441 440.5 2.66729 0.00115768
  442 441.5 2.68625 0.00116591
  443 442.5 2.67115 0.00115935
  444 443.5 2.65902 0.00115409
  445 444.5 2.67914 0.00116282
  446 445.5 2.67901 0.00116276
  447 446.5 2.6812 0.00116372
  448 447.5 2.67074 0.00115918
  449 448.5 2.67638 0.00116163
  450 449.5 2.72922 0.00118456
  451 450.5 2.72776 0.00118392
  452 451.5 2.74058 0.00118949
  453 452.5 2.77216 0.00120319
  454 453.5 2.76426 0.00119976
  455 454.5 2.76356 0.00119946
  456 455.5 2.75329 0.001195
  457 456.5 2.69871 0.00117132
  458 457.5 2.69266 0.00116869
  459 458.5 2.68329 0.00116462
  460 459.5 2.6939 0.00116923
  461 460.5 2.67014 0.00115891
  462 461.5 2.65928 0.0011542
  463 462.5 2.67646 0.00116166
  464 463.5 2.66574 0.00115701
  465 464.5 2.66133 0.00115509
  466 465.5 2.67442 0.00116077
  467 466.5 2.66813 0.00115804
  468 467.5 2.67345 0.00116035
  469 468.5 2.70201 0.00117275
  470 469.5 2.72673 0.00118348
  471 470.5 2.78674 0.00120952
  472 471.5 2.81898 0.00122351
  473 472.5 2.82276 0.00122516
  474 473.5 2.80643 0.00121807
  475 474.5 2.81382 0.00122128
  476 475.5 2.8252 0.00122622
  477 476.5 2.83746 0.00123153
  478 477.5 2.86023 0.00124142
  479 478.5 2.8727 0.00124683
  480 479.5 2.87014 0.00124572
75000000 480 5736
  1 0.5 2.50983 0.00108934
  2 1.5 2.52411 0.00109553
  3 2.5 2.52119 0.00109427
  4 3.5 2.497 0.00108377
  5 4.5 2.51491 0.00109154
  6 5.5 2.55806 0.00111027
  7 6.5 2.55752 0.00111003
  8 7.5 2.56276 0.00111231
  9 8.5 2.51975 0.00109364
  10 9.5 2.51943 0.0010935
  11 10.5 2.52727 0.00109691
  12 11.5 2.47232 0.00107306
  13 12.5 2.4439 0.00106072
  14 13.5 2.44477 0.0010611
  15 14.5 2.45614 0.00106603
  16 15.5 2.47236 0.00107307
  17 16.5 2.50134 0.00108565
  18 17.5 2.4787 0.00107583
  19 18.5 2.48139 0.00107699
  20 19.5 2.46935 0.00107177
  21 20.5 2.47802 0.00107553
  22 21.5 2.49003 0.00108074
  23 22.5 2.51707 0.00109248
  24 23.5 2.5441 0.00110421
  25 24.5 2.56879 0.00111493
  26 25.5 2.52873 0.00109754
  27 26.5 2.52572 0.00109623
  28 27.5 2.50926 0.00108909
  29 28.5 2.48283 0.00107762
  30 29.5 2.45382 0.00106503
  31 30.5 2.47166 0.00107277
  32 31.5 2.48882 0.00108022
  33 32.5 2.4844 0.0010783
  34 33.5 2.47399 0.00107378
  35 34.5 2.45596 0.00106595
  36 35.5 2.49215 0.00108166
  37 36.5 2.51646 0.00109222
  38 37.5 2.52446 0.00109569
  39 38.5 2.55387 0.00110845
  40 39.5 2.55853 0.00111047
  41 40.5 2.5557 0.00110924
  42 41.5 2.5865 0.00112261
  43 42.5 2.62802 0.00114064
  44 43.5 2.65558 0.0011526
  45 44.5 2.67756 0.00116214
  46 45.5 2.74866 0.00119299
  47 46.5 2.7163 0.00117895
  48 47.5 2.71709 0.00117929
  49 48.5 2.72413 0.00118235
  50 49.5 2.76818 0.00120147
  51 50.5 2.7596 0.00119774
  52 51.5 2.71756 0.0011795
  53 52.5 2.74971 0.00119345
  54 53.5 2.80426 0.00121713
  55 54.5 2.78907 0.00121053
  56 55.5 2.75864 0.00119733
  57 56.5 2.75543 0.00119593
  58 57.5 2.74589 0.00119179
  59 58.5 2.73485 0.001187
  60 59.5 2.73314 0.00118626
  61 60.5 2.72866 0.00118431
  62 61.5 2.77309 0.0012036
  63 62.5 2.75501 0.00119575
  64 63.5 2.78197 0.00120745
  65 64.5 2.81125 0.00122016
  66 65.5 2.81945 0.00122372
  67 66.5 2.86532 0.00124363
  68 67.5 2.98318 0.00129478
  69 68.5 3.11347 0.00135133
  70 69.5 3.23731 0.00140508
  71 70.5 3.37541 0.00146502
  72 71.5 3.55802 0.00154428
  73 72.5 3.66225 0.00158952
  74 73.5 3.77206 0.00163718
  75 74.5 3.83987 0.00166661
  76 75.5 3.86284 0.00167658
  77 76.5 3.77747 0.00163953
  78 77.5 3.58483 0.00155592
  79 78.5 3.28802 0.00142709
  80 79.5 2.86366 0.00124291
  81 80.5 2.44382 0.00106068
  82 81.5 1.98055 0.000859615
  83 82.5 1.57855 0.000685135
  84 83.5 1.24481 0.000540281
  85 84.5 0.977864 0.00042442
  86 85.5 0.778968 0.000338094
  87 86.5 0.64056 0.000278021
  88 87.5 0.553664 0.000240306
  89 88.5 0.476792 0.000206941
  90 89.5 0.4282 0.000185851
  91 90.5 0.395576 0.000171691
  92 91.5 0.36808 0.000159757
  93 92.5 0.35924 0.00015592
  94 93.5 0.352704 0.000153083
  95 94.5 0.350968 0.00015233
  96 95.5 0.345888 0.000150125
  97 96.5 0.343744 0.000149194
  98 97.5 0.34084 0.000147934
  99 98.5 0.336352 0.000145986
  100 99.5 0.329072 0.000142826
  101 100.5 0.324512 0.000140847
  102 101.5 0.329072 0.000142826
  103 102.5 0.321768 0.000139656
  104 103.5 0.334424 0.000145149
  105 104.5 0.33556 0.000145642
  106 105.5 0.337504 0.000146486
  107 106.5 0.333136 0.00014459
  108 107.5 0.330176 0.000143306
  109 108.5 0.329008 0.000142799
  110 109.5 0.333656 0.000144816
  111 110.5 0.319704 0.00013876
  112 111.5 0.32332 0.00014033
  113 112.5 0.329904 0.000143187
  114 113.5 0.330096 0.000143271
  115 114.5 0.327816 0.000142281
  116 115.5 0.317712 0.000137896
  117 116.5 0.322128 0.000139813
  118 117.5 0.32796 0.000142344
  119 118.5 0.322656 0.000140042
  120 119.5 0.326536 0.000141726
  121 120.5 0.335024 0.00014541
  122 121.5 0.327784 0.000142267
  123 122.5 0.32308 0.000140226
  124 123.5 0.328456 0.000142559
  125 124.5 0.328808 0.000142712
  126 125.5 0.324648 0.000140906
  127 126.5 0.323184 0.000140271
  128 127.5 0.314512 0.000136507
  129 128.5 0.317864 0.000137962
  130 129.5 0.317976 0.00013801
  131 130.5 0.318256 0.000138132
  132 131.5 0.311304 0.000135115
  133 132.5 0.305328 0.000132521
  134 133.5 0.315928 0.000137122
  135 134.5 0.313344 0.000136
  136 135.5 0.319816 0.000138809
  137 136.5 0.318512 0.000138243
  138 137.5 0.319192 0.000138538
  139 138.5 0.312832 0.000135778
  140 139.5 0.312184 0.000135497
  141 140.5 0.313736 0.00013617
  142 141.5 0.31576 0.000137049
  143 142.5 0.315696 0.000137021
  144 143.5 0.319192 0.000138538
  145 144.5 0.326712 0.000141802
  146 145.5 0.325672 0.000141351
  147 146.5 0.319248 0.000138562
  148 147.5 0.311096 0.000135024
  149 148.5 0.31628 0.000137274
  150 149.5 0.320032 0.000138903
  151 150.5 0.318928 0.000138424
  152 151.5 0.314624 0.000136556
  153 152.5 0.316208 0.000137243
  154 153.5 0.309168 0.000134188
  155 154.5 0.311472 0.000135187
  156 155.5 0.321736 0.000139642
  157 156.5 0.314544 0.000136521
  158 157.5 0.307968 0.000133667
  159 158.5 0.305856 0.00013275
  160 159.5 0.309184 0.000134194
  161 160.5 0.305496 0.000132594
  162 161.5 0.301 0.000130642
  163 162.5 0.301984 0.000131069
  164 163.5 0.299056 0.000129799
  165 164.5 0.298672 0.000129632
  166 165.5 0.3012 0.000130729
  167 166.5 0.300688 0.000130507
  168 167.5 0.30524 0.000132483
  169 168.5 0.304048 0.000131965
  170 169.5 0.305568 0.000132625
  171 170.5 0.304192 0.000132028
  172 171.5 0.302232 0.000131177
  173 172.5 0.303568 0.000131757
  174 173.5 0.300192 0.000130292
  175 174.5 0.29368 0.000127465
  176 175.5 0.301608 0.000130906
  177 176.5 0.300768 0.000130542
  178 177.5 0.303536 0.000131743
  179 178.5 0.305704 0.000132684
  180 179.5 0.310384 0.000134715
  181 180.5 0.310344 0.000134698
  182 181.5 0.2964 0.000128646
  183 182.5 0.297712 0.000129215
  184 183.5 0.303016 0.000131517
  185 184.5 0.30652 0.000133038
  186 185.5 0.306608 0.000133076
  187 186.5 0.313784 0.000136191
  188 187.5 0.30628 0.000132934
  189 188.5 0.306568 0.000133059
  190 189.5 0.3122 0.000135503
  191 190.5 0.312816 0.000135771
  192 191.5 0.304696 0.000132247
  193 192.5 0.305616 0.000132646
  194 193.5 0.304664 0.000132233
  195 194.5 0.303608 0.000131774
  196 195.5 0.311528 0.000135212
  197 196.5 0.305304 0.00013251
  198 197.5 0.308464 0.000133882
  199 198.5 0.308848 0.000134049
  200 199.5 0.312984 0.000135844
  201 200.5 0.314752 0.000136611
  202 201.5 0.313976 0.000136274
  203 202.5 0.321056 0.000139347
  204 203.5 0.315032 0.000136733
  205 204.5 0.311008 0.000134986
  206 205.5 0.315128 0.000136774
  207 206.5 0.313464 0.000136052
  208 207.5 0.316328 0.000137295
  209 208.5 0.315344 0.000136868
  210 209.5 0.315248 0.000136826
  211 210.5 0.311056 0.000135007
  212 211.5 0.306128 0.000132868
  213 212.5 0.31772 0.000137899
  214 213.5 0.311176 0.000135059
  215 214.5 0.316672 0.000137444
  216 215.5 0.32316 0.00014026
  217 216.5 0.316888 0.000137538
  218 217.5 0.312648 0.000135698
  219 218.5 0.325328 0.000141201
  220 219.5 0.336576 0.000146083
  221 220.5 0.345064 0.000149767
  222 221.5 0.372768 0.000161792
  223 222.5 0.40088 0.000173993
  224 223.5 0.450072 0.000195344
  225 224.5 0.51976 0.00022559
  226 225.5 0.620424 0.000269281
  227 226.5 0.767256 0.00033301
  228 227.5 1.00306 0.000435358
  229 228.5 1.34724 0.00058474
  230 229.5 1.87146 0.000812267
  231 230.5 2.60152 0.00112913
  232 231.5 3.57244 0.00155054
  233 232.5 4.88265 0.0021192
  234 233.5 6.51145 0.00282615
  235 234.5 8.51183 0.00369437
  236 235.5 10.7817 0.00467955
  237 236.5 13.2514 0.00575145
  238 237.5 15.7389 0.0068311
  239 238.5 18.2772 0.00793283
  240 239.5 20.6531 0.008964
  241 240.5 22.9091 0.00994317
  242 241.5 24.8377 0.0107803
  243 242.5 26.4934 0.0114989
  244 243.5 27.9002 0.0121095
  245 244.5 29.0813 0.0126221
  246 245.5 29.9419 0.0129956
  247 246.5 30.6705 0.0133118
  248 247.5 31.1828 0.0135342
  249 248.5 31.6162 0.0137223
  250 249.5 31.9167 0.0138527
  251 250.5 32.1287 0.0139448
  252 251.5 32.2413 0.0139936
  253 252.5 32.3514 0.0140414
  254 253.5 32.4477 0.0140832
  255 254.5 32.5283 0.0141182
  256 255.5 32.5026 0.0141071
  257 256.5 32.5873 0.0141438
  258 257.5 32.6763 0.0141824
  259 258.5 32.6416 0.0141673
  260 259.5 32.5217 0.0141153
  261 260.5 32.6677 0.0141787
  262 261.5 32.5657 0.0141344
  263 262.5 32.4802 0.0140973
  264 263.5 32.541 0.0141237
  265 264.5 32.5588 0.0141314
  266 265.5 32.4594 0.0140883
  267 266.5 32.5278 0.014118
  268 267.5 32.4466 0.0140827
  269 268.5 32.5191 0.0141142
  270 269.5 32.5629 0.0141332
  271 270.5 32.4545 0.0140862
  272 271.5 32.5174 0.0141135
  273 272.5 32.6053 0.0141516
  274 273.5 32.4898 0.0141015
  275 274.5 32.5678 0.0141354
  276 275.5 32.5854 0.014143
  277 276.5 32.5149 0.0141124
  278 277.5 32.4147 0.0140689
  279 278.5 32.6009 0.0141497
  280 279.5 32.4368 0.0140785
  281 280.5 32.4094 0.0140666
  282 281.5 32.4985 0.0141053
  283 282.5 32.5039 0.0141076
  284 283.5 32.4944 0.0141035
  285 284.5 32.4834 0.0140987
  286 285.5 32.5485 0.014127
  287 286.5 32.5409 0.0141237
  288 287.5 32.449 0.0140837
  289 288.5 32.6216 0.0141587
  290 289.5 32.5762 0.014139
  291 290.5 32.5975 0.0141482
  292 291.5 32.5695 0.014136
  293 292.5 32.6811 0.0141845
  294 293.5 32.6422 0.0141676
  295 294.5 32.6284 0.0141616
  296 295.5 32.7407 0.0142104
  297 296.5 32.6774 0.0141829
  298 297.5 32.5909 0.0141454
  299 298.5 32.6383 0.0141659
  300 299.5 32.5712 0.0141368
  301 300.5 32.5292 0.0141186
  302 301.5 32.5277 0.0141179
  303 302.5 32.6018 0.0141501
  304 303.5 32.489 0.0141011
  305 304.5 32.5321 0.0141198
  306 305.5 32.5726 0.0141374
  307 306.5 32.5139 0.0141119
  308 307.5 32.5577 0.014131
  309 308.5 32.5411 0.0141237
  310 309.5 32.5765 0.0141391
  311 310.5 32.6434 0.0141681
  312 311.5 32.6649 0.0141775
  313 312.5 32.7377 0.0142091
  314 313.5 32.7353 0.014208
  315 314.5 32.7629 0.01422
  316 315.5 32.7411 0.0142105
  317 316.5 32.7736 0.0142246
  318 317.5 32.7373 0.0142089
  319 318.5 32.7623 0.0142197
  320 319.5 32.7902 0.0142319
  321 320.5 32.7868 0.0142304
  322 321.5 32.7408 0.0142104
  323 322.5 32.8237 0.0142464
  324 323.5 32.787 0.0142305
  325 324.5 32.8362 0.0142518
  326 325.5 32.7668 0.0142217
  327 326.5 32.8865 0.0142737
  328 327.5 32.8288 0.0142486
  329 328.5 32.8792 0.0142705
  330 329.5 32.8378 0.0142525
  331 330.5 33.0039 0.0143246
  332 331.5 32.989 0.0143181
  333 332.5 32.9051 0.0142817
  334 333.5 32.9736 0.0143115
  335 334.5 33.0454 0.0143426
  336 335.5 32.9565 0.0143041
  337 336.5 32.9439 0.0142986
  338 337.5 32.923 0.0142895
  339 338.5 32.9536 0.0143028
  340 339.5 32.8682 0.0142657
  341 340.5 32.8321 0.01425
  342 341.5 32.7893 0.0142315
  343 342.5 32.7352 0.014208
  344 343.5 32.6711 0.0141802
  345 344.5 32.655 0.0141732
  346 345.5 32.6132 0.014155
  347 346.5 32.5218 0.0141153
  348 347.5 32.577 0.0141393
  349 348.5 32.605 0.0141515
  350 349.5 32.4735 0.0140944
  351 350.5 32.4782 0.0140964
  352 351.5 32.473 0.0140942
  353 352.5 32.5461 0.0141259
  354 353.5 32.4609 0.0140889
  355 354.5 32.5452 0.0141255
  356 355.5 32.6082 0.0141529
  357 356.5 32.4847 0.0140993
  358 357.5 32.4811 0.0140977
  359 358.5 32.5331 0.0141203
  360 359.5 32.5533 0.014129
  361 360.5 32.4578 0.0140876
  362 361.5 32.4481 0.0140834
  363 362.5 32.5517 0.0141283
  364 363.5 32.6047 0.0141513
  365 364.5 32.5571 0.0141307
  366 365.5 32.578 0.0141397
  367 366.5 32.5304 0.0141191
  368 367.5 32.5828 0.0141419
  369 368.5 32.5766 0.0141391
  370 369.5 32.6409 0.0141671
  371 370.5 32.6069 0.0141523
  372 371.5 32.666 0.014178
  373 372.5 32.6583 0.0141746
  374 373.5 32.7122 0.014198
  375 374.5 32.6629 0.0141766
  376 375.5 32.6227 0.0141592
  377 376.5 32.6659 0.0141779
  378 377.5 32.6843 0.0141859
  379 378.5 32.634 0.0141641
  380 379.5 32.5781 0.0141398
  381 380.5 32.6487 0.0141704
  382 381.5 32.5922 0.0141459
  383 382.5 32.4785 0.0140966
  384 383.5 32.5159 0.0141128
  385 384.5 32.4592 0.0140882
  386 385.5 32.2687 0.0140055
  387 386.5 32.1135 0.0139382
  388 387.5 31.9158 0.0138524
  389 388.5 31.5782 0.0137058
  390 389.5 31.1474 0.0135189
  391 390.5 30.6672 0.0133104
  392 391.5 29.9034 0.0129789
  393 392.5 28.9966 0.0125854
  394 393.5 27.8569 0.0120907
  395 394.5 26.4791 0.0114926
  396 395.5 24.7504 0.0107423
  397 396.5 22.8282 0.00990806
  398 397.5 20.5895 0.00893642
  399 398.5 18.3197 0.00795128
  400 399.5 15.9434 0.00691989
  401 400.5 13.6914 0.00594246
  402 401.5 11.655 0.00505859
  403 402.5 9.80398 0.0042552
  404 403.5 8.20306 0.00356036
  405 404.5 6.95826 0.00302008
  406 405.5 5.88382 0.00255374
  407 406.5 5.08598 0.00220746
  408 407.5 4.47886 0.00194395
  409 408.5 4.00824 0.00173969
  410 409.5 3.67902 0.0015968
  411 410.5 3.4598 0.00150165
  412 411.5 3.25318 0.00141197
  413 412.5 3.15209 0.00136809
  414 413.5 3.06929 0.00133216
  415 414.5 2.95462 0.00128239
  416 415.5 2.89783 0.00125774
  417 416.5 2.87066 0.00124595
  418 417.5 2.81522 0.00122188
  419 418.5 2.75382 0.00119523
  420 419.5 2.71608 0.00117885
  421 420.5 2.71972 0.00118043
  422 421.5 2.71629 0.00117894
  423 422.5 2.72535 0.00118288
  424 423.5 2.7018 0.00117266
  425 424.5 2.67854 0.00116256
  426 425.5 2.69368 0.00116913
  427 426.5 2.70038 0.00117204
  428 427.5 2.7358 0.00118741
  429 428.5 2.73602 0.00118751
  430 429.5 2.71869 0.00117999
  431 430.5 2.68966 0.00116739
  432 431.5 2.69681 0.00117049
  433 432.5 2.70766 0.0011752
  434 433.5 2.70754 0.00117515
  435 434.5 2.71096 0.00117663
  436 435.5 2.71678 0.00117916
  437 436.5 2.69222 0.0011685
  438 437.5 2.66921 0.00115851
  439 438.5 2.64145 0.00114646
  440 439.5 2.66379 0.00115616
  441 440.5 2.68601 0.0011658
  442 441.5 2.68075 0.00116352
  443 442.5 2.64097 0.00114625
  444 443.5 2.61231 0.00113382
  445 444.5 2.59626 0.00112685
  446 445.5 2.55324 0.00110818
  447 446.5 2.53275 0.00109928
  448 447.5 2.53643 0.00110088
  449 448.5 2.54918 0.00110641
  450 449.5 2.4993 0.00108476
  451 450.5 2.48221 0.00107735
  452 451.5 2.45626 0.00106608
  453 452.5 2.432 0.00105556
  454 453.5 2.44595 0.00106161
  455 454.5 2.4512 0.00106389
  456 455.5 2.43691 0.00105769
  457 456.5 2.40905 0.00104559
  458 457.5 2.43788 0.00105811
  459 458.5 2.42663 0.00105323
  460 459.5 2.40465 0.00104368
  461 460.5 2.40671 0.00104458
  462 461.5 2.39442 0.00103924
  463 462.5 2.37986 0.00103292
  464 463.5 2.36478 0.00102638
  465 464.5 2.38321 0.00103438
  466 465.5 2.39762 0.00104063
  467 466.5 2.40806 0.00104516
  468 467.5 2.4129 0.00104727
  469 468.5 2.41897 0.0010499
  470 469.5 2.40288 0.00104292
  471 470.5 2.4326 0.00105582
  472 471.5 2.46392 0.00106941
  473 472.5 2.49951 0.00108486
  474 473.5 2.49938 0.0010848
  475 474.5 2.56954 0.00111525
  476 475.5 2.53668 0.00110099
  477 476.5 2.54425 0.00110427
  478 477.5 2.54923 0.00110644
  479 478.5 2.5316 0.00109878
  480 479.5 2.52089 0.00109414
