# Chunk-averaged data for fix tensor1 and group all
# Timestep Number-of-chunks Total-count
# Chunk Coord1 Ncount density/number c_press[1] c_press[2] c_press[3]
20000000 480 10888.999999999996
  1 0.5 31.4001 0.0136285 -750.631 -676.195 -759.212
  2 1.5 31.4081 0.013632 -758.328 -767.346 -770.726
  3 2.5 31.447 0.0136489 -743.27 -653.169 -693.673
  4 3.5 31.399 0.0136281 -760.176 -748.818 -796.654
  5 4.5 31.3864 0.0136226 -786.861 -818.781 -724.536
  6 5.5 31.4253 0.0136394 -796.52 -763.441 -810.55
  7 6.5 31.4249 0.0136393 -725.815 -792.844 -717.42
  8 7.5 31.3996 0.0136283 -685.228 -747.024 -770.365
  9 8.5 31.4116 0.0136335 -736.374 -668.6 -734.529
  10 9.5 31.4231 0.0136385 -738.309 -775.694 -823.017
  11 10.5 31.4254 0.0136395 -740.456 -743.315 -724.273
  12 11.5 31.4175 0.0136361 -744.383 -679.112 -709.243
  13 12.5 31.451 0.0136506 -753.408 -714.137 -775.09
  14 13.5 31.3997 0.0136284 -784.671 -754.401 -818.075
  15 14.5 31.4265 0.01364 -789.714 -802.968 -750.017
  16 15.5 31.4483 0.0136494 -710.751 -685.732 -679.631
  17 16.5 31.415 0.013635 -718.811 -719.846 -821.422
  18 17.5 31.4132 0.0136342 -766.996 -711.789 -750.924
  19 18.5 31.4304 0.0136416 -741.306 -829.804 -791.806
  20 19.5 31.4631 0.0136558 -726.317 -790.189 -734.846
  21 20.5 31.4017 0.0136292 -770.617 -770.628 -737.504
  22 21.5 31.4029 0.0136297 -751.009 -754.111 -808.142
  23 22.5 31.4489 0.0136497 -790.921 -691.267 -713.994
  24 23.5 31.4269 0.0136402 -745.168 -718.006 -747.567
  25 24.5 31.3909 0.0136245 -778.228 -752.303 -806.973
  26 25.5 31.4026 0.0136296 -743.463 -750.95 -767.526
  27 26.5 31.4405 0.0136461 -743.63 -721.336 -748.834
  28 27.5 31.4211 0.0136376 -690.764 -701.87 -745.344
  29 28.5 31.4088 0.0136323 -646.807 -727.264 -771.228
  30 29.5 31.4004 0.0136287 -640.043 -676.223 -779.828
  31 30.5 31.4357 0.013644 -653.127 -729.665 -726.361
  32 31.5 31.4375 0.0136448 -704.694 -690.601 -745.718
  33 32.5 31.394 0.0136259 -727.368 -756.785 -788.378
  34 33.5 31.4381 0.013645 -739.201 -821.026 -806.442
  35 34.5 31.4275 0.0136404 -781.96 -723.639 -735.49
  36 35.5 31.4247 0.0136392 -688.497 -714.697 -684.725
  37 36.5 31.4197 0.013637 -706.744 -721.917 -815.629
  38 37.5 31.4064 0.0136313 -819.475 -725.27 -777.558
  39 38.5 31.3793 0.0136195 -784.636 -697.948 -758.839
  40 39.5 31.4236 0.0136387 -752.445 -795.638 -739.513
  41 40.5 31.407 0.0136315 -739.613 -729.81 -793.524
  42 41.5 31.4037 0.0136301 -683.536 -751.916 -790.907
  43 42.5 31.3737 0.0136171 -672.522 -690.017 -735.49
  44 43.5 31.4191 0.0136368 -648.238 -676.281 -754.183
  45 44.5 31.4088 0.0136323 -699.726 -755.564 -796.101
  46 45.5 31.3865 0.0136226 -711.526 -699.535 -721.307
  47 46.5 31.3938 0.0136258 -748.504 -790.586 -765.4
  48 47.5 31.4005 0.0136287 -739.327 -768.489 -843.487
  49 48.5 31.4014 0.0136291 -786.998 -737.395 -770.664
  50 49.5 31.3565 0.0136096 -757.368 -845.422 -833.02
  51 50.5 31.3973 0.0136273 -740.552 -871.465 -834.09
  52 51.5 31.4134 0.0136343 -770.953 -708.117 -821.96
  53 52.5 31.3708 0.0136158 -756.318 -700.801 -874.573
  54 53.5 31.3555 0.0136091 -700.227 -618.941 -910.569
  55 54.5 31.3631 0.0136124 -610.992 -648.209 -980.159
  56 55.5 31.337 0.0136011 -548.848 -574.781 -971.373
  57 56.5 31.274 0.0135738 -501.974 -560.441 -1036.43
  58 57.5 31.2878 0.0135798 -464.164 -483.544 -1183.59
  59 58.5 31.243 0.0135603 -350.947 -401.054 -1222.09
  60 59.5 31.1284 0.0135106 -358.559 -349.196 -1361.41
  61 60.5 31.0707 0.0134855 -177.701 -166.064 -1501.35
  62 61.5 31.0044 0.0134568 69.9763 -17.4821 -1601.92
  63 62.5 30.8429 0.0133867 281.951 289.07 -1710.17
  64 63.5 30.6191 0.0132895 533.709 468.52 -1929.21
  65 64.5 30.3939 0.0131918 822.255 837.18 -2048.96
  66 65.5 30.0987 0.0130637 1173.67 1294.91 -2123.84
  67 66.5 29.6647 0.0128753 1556.43 1557.42 -2261.02
  68 67.5 29.0778 0.0126206 2120.94 1956.29 -2245.92
  69 68.5 28.3612 0.0123096 2556.99 2521.54 -2116.52
  70 69.5 27.4212 0.0119016 3041.31 2946.94 -1933.02
  71 70.5 26.2477 0.0113922 3500.14 3407.23 -1600.57
  72 71.5 24.7855 0.0107576 3771.95 3691.94 -1164.84
  73 72.5 23.1197 0.0100346 3982.63 4016.99 -651.115
  74 73.5 21.1932 0.00919844 4068.27 3982.35 -76.7301
  75 74.5 19.0381 0.00826305 3821.1 3929.48 378.062
  76 75.5 16.849 0.00731295 3582.41 3620.97 995.179
  77 76.5 14.6444 0.00635609 3078.14 3193.07 1540.04
  78 77.5 12.4485 0.00540299 2482.66 2511.35 1906.57
  79 78.5 10.3907 0.00450983 1558.28 1698.96 2140.76
  80 79.5 8.55242 0.00371199 324.628 407.112 2071.72
  81 80.5 6.99516 0.0030361 -1205.47 -978.035 1890.58
  82 81.5 5.63852 0.00244727 -2530.44 -2465.8 1325.74
  83 82.5 4.55867 0.00197859 -4379.58 -4392.61 164.164
  84 83.5 3.71947 0.00161436 -6329.4 -6330.82 -1344.41
  85 84.5 3.07874 0.00133626 -8251.28 -8298.36 -3180.28
  86 85.5 2.61758 0.0011361 -10152.6 -9960.12 -5094.24
  87 86.5 2.28927 0.000993608 -11619.3 -11446.8 -7209.08
  88 87.5 2.05125 0.0008903 -12823.9 -12563.6 -9055
  89 88.5 1.87377 0.00081327 -13580.5 -13570.2 -10751.7
  90 89.5 1.76571 0.000766367 -14277.6 -14354.7 -12079.4
  91 90.5 1.68971 0.000733382 -14723.8 -14899.6 -13020.6
  92 91.5 1.62764 0.000706439 -15096.5 -15366.5 -13921.7
  93 92.5 1.5882 0.000689323 -15357.7 -15694.8 -14540.7
  94 93.5 1.56576 0.000679584 -15465.8 -15833.6 -14909.7
  95 94.5 1.5507 0.000673049 -15806.6 -15851.2 -15226.5
  96 95.5 1.53017 0.000664135 -15766 -15757 -15462.7
  97 96.5 1.52522 0.00066199 -16013.3 -15982.7 -15625.5
  98 97.5 1.52025 0.000659831 -15821.8 -15941.5 -15684.7
  99 98.5 1.52167 0.000660446 -15937.9 -16089.5 -15753.1
  100 99.5 1.50931 0.000655083 -16076.5 -16088.4 -15886.1
  101 100.5 1.5076 0.000654342 -16085.6 -16153.3 -15998.7
  102 101.5 1.50689 0.000654032 -16049.9 -16050.3 -15926.9
  103 102.5 1.50276 0.000652239 -16199.5 -16070.6 -16029.5
  104 103.5 1.50193 0.000651879 -16250.9 -16170.9 -16023.8
  105 104.5 1.5026 0.000652172 -15982.9 -16192.8 -16061
  106 105.5 1.50545 0.000653409 -16165.1 -16037.6 -15934.8
  107 106.5 1.50593 0.000653615 -16142.1 -16158.2 -16023.7
  108 107.5 1.50112 0.000651528 -16042 -16055.1 -16060.2
  109 108.5 1.50801 0.000654519 -16141.5 -16119.6 -16018.7
  110 109.5 1.51142 0.000655998 -15989.7 -16090.7 -15943.6
  111 110.5 1.51581 0.000657904 -15999.5 -16027.2 -15931.6
  112 111.5 1.51149 0.00065603 -16040.4 -16025.2 -15992.5
  113 112.5 1.50393 0.000652747 -15972 -15939.9 -16028.2
  114 113.5 1.51324 0.000656788 -16075.8 -15799 -15915.6
  115 114.5 1.50817 0.000654587 -16082.8 -15796.5 -16008.4
  116 115.5 1.50669 0.000653947 -16210.3 -15768.2 -15998.3
  117 116.5 1.50031 0.000651177 -16163.6 -15731.2 -16095.6
  118 117.5 1.50237 0.000652071 -16170.8 -15744.4 -16003.4
  119 118.5 1.4946 0.0006487 -16221.1 -15948.1 -16222.3
  120 119.5 1.50267 0.000652199 -16226.6 -15886.8 -16028.3
  121 120.5 1.50292 0.000652307 -15978.1 -15901.2 -16042.3
  122 121.5 1.49588 0.000649255 -16067.3 -15930.6 -16127.4
  123 122.5 1.49323 0.000648103 -16279.3 -16079.5 -16120.9
  124 123.5 1.507 0.000654079 -16298 -16151.5 -16010.5
  125 124.5 1.50106 0.000651501 -16016.3 -15894.7 -16012.4
  126 125.5 1.50095 0.000651456 -16151.4 -15823.6 -16067.4
  127 126.5 1.50027 0.000651159 -16101.3 -16028 -16130.4
  128 127.5 1.50175 0.000651799 -15968.4 -16010.1 -16086.1
  129 128.5 1.49889 0.000650562 -15861.5 -15911.8 -16102.5
  130 129.5 1.50536 0.000653368 -15935.1 -15922.8 -16047.2
  131 130.5 1.49711 0.000649789 -15872.1 -15934.2 -16069.4
  132 131.5 1.4944 0.000648609 -16031.6 -15945.7 -16159.3
  133 132.5 1.4887 0.000646138 -16032.5 -16169.3 -16190.3
  134 133.5 1.4913 0.000647264 -16194.9 -16014.9 -16159.7
  135 134.5 1.48826 0.000645947 -16147.7 -16049.6 -16212.7
  136 135.5 1.48992 0.000646668 -16269.8 -16012.2 -16213.6
  137 136.5 1.49792 0.000650138 -16172.4 -15937.6 -16033.1
  138 137.5 1.49349 0.000648216 -16039.5 -15969.1 -16144.7
  139 138.5 1.48401 0.000644102 -16144.4 -15965.3 -16251.9
  140 139.5 1.49494 0.000648844 -16007 -15964.8 -16164.3
  141 140.5 1.50384 0.00065271 -15990.2 -16047.4 -16070.3
  142 141.5 1.5043 0.00065291 -16040 -16007.1 -16006.4
  143 142.5 1.49672 0.000649618 -15900.8 -15931.7 -16112.9
  144 143.5 1.49608 0.000649339 -15817.3 -15982.5 -16139.4
  145 144.5 1.49904 0.000650623 -16224.3 -16068 -16147.9
  146 145.5 1.50326 0.000652458 -16162.2 -16030.6 -15990.8
  147 146.5 1.50823 0.000654612 -16197.7 -16217.5 -15963.6
  148 147.5 1.5049 0.000653167 -16146.7 -16005.7 -16042.5
  149 148.5 1.49778 0.000650079 -16112.1 -16104 -16081.2
  150 149.5 1.49923 0.000650708 -16131.8 -16075.7 -16137.3
  151 150.5 1.49839 0.000650342 -16131.6 -16177 -16098.8
  152 151.5 1.50044 0.000651232 -16041.3 -16249.7 -16069.8
  153 152.5 1.49484 0.000648802 -16116.4 -16247.1 -16114.7
  154 153.5 1.5053 0.00065334 -15963.8 -16116.2 -16012.7
  155 154.5 1.51347 0.000656887 -16090.9 -16077.6 -15988.1
  156 155.5 1.50298 0.000652335 -16168.5 -16088 -16054.1
  157 156.5 1.50204 0.000651925 -16147 -16133.9 -16105.9
  158 157.5 1.4933 0.000648134 -16078.8 -15998.9 -16118.5
  159 158.5 1.49459 0.000648692 -16159.9 -16128.6 -16135.7
  160 159.5 1.49526 0.000648984 -16185.4 -16103.3 -16085.7
  161 160.5 1.50296 0.000652325 -16157.8 -15945.2 -16011.8
  162 161.5 1.49428 0.00064856 -16153.6 -15978.1 -16119.8
  163 162.5 1.4822 0.000643317 -16064.7 -15996.4 -16319.2
  164 163.5 1.48798 0.000645826 -16213.3 -15960.7 -16237.5
  165 164.5 1.48976 0.000646599 -16131.9 -16060.6 -16151.3
  166 165.5 1.49106 0.000647161 -16100.9 -16241.7 -16202.5
  167 166.5 1.49404 0.000648453 -16048 -16136.4 -16137.9
  168 167.5 1.50149 0.00065169 -16228.4 -16156.5 -16047
  169 168.5 1.49558 0.000649122 -16173.4 -15988.1 -16149.9
  170 169.5 1.49465 0.000648721 -15989.1 -16053.7 -16114.8
  171 170.5 1.4927 0.000647872 -16020.4 -15991.9 -16170
  172 171.5 1.49221 0.00064766 -16054.8 -16195.4 -16210.2
  173 172.5 1.49314 0.000648062 -16128.8 -16359.5 -16114.9
  174 173.5 1.49772 0.000650052 -16081 -16417.6 -16057
  175 174.5 1.49443 0.000648623 -16018.4 -16518 -16139.2
  176 175.5 1.4885 0.000646052 -16053.7 -16515.4 -16274.4
  177 176.5 1.48689 0.00064535 -15962.3 -16340 -16214.4
  178 177.5 1.4934 0.000648176 -16060.8 -16248.1 -16087.5
  179 178.5 1.48879 0.000646174 -15990.6 -16299.2 -16219.1
  180 179.5 1.47755 0.000641299 -16144.2 -16333.9 -16314.5
  181 180.5 1.47825 0.0006416 -16236.5 -16475.5 -16303.7
  182 181.5 1.48258 0.000643481 -16172.3 -16412.7 -16298.4
  183 182.5 1.48262 0.000643498 -16120 -16426.4 -16272.2
  184 183.5 1.47764 0.000641339 -16110.4 -16373.9 -16347.5
  185 184.5 1.47977 0.000642261 -16264.5 -16273.2 -16249.4
  186 185.5 1.48106 0.000642822 -16157.1 -16328 -16285.1
  187 186.5 1.47126 0.000638566 -16174.5 -16222.7 -16405.6
  188 187.5 1.46128 0.000634237 -16282.5 -16300.4 -16506.5
  189 188.5 1.47134 0.000638604 -16097.4 -16310.9 -16452
  190 189.5 1.4726 0.000639149 -16139.9 -16300.7 -16321
  191 190.5 1.49323 0.000648105 -16253.7 -16213.4 -16121.1
  192 191.5 1.48719 0.000645481 -16281.1 -16165.5 -16227.2
  193 192.5 1.4822 0.000643318 -16239.8 -16331.1 -16273.5
  194 193.5 1.48164 0.000643074 -16119.8 -16329.3 -16241.7
  195 194.5 1.48515 0.000644595 -16186.4 -16448.5 -16276.1
  196 195.5 1.48051 0.000642582 -16073 -16293.1 -16304.4
  197 196.5 1.48014 0.000642422 -16073.8 -16366 -16283.5
  198 197.5 1.48619 0.000645047 -16091.5 -16394.4 -16249.5
  199 198.5 1.48243 0.000643418 -16083.5 -16322.9 -16304
  200 199.5 1.486 0.000644964 -16085.7 -16254.7 -16170.4
  201 200.5 1.49043 0.000646888 -16080.4 -16127.1 -16178.7
  202 201.5 1.50005 0.000651063 -16166.7 -16238.9 -16051.7
  203 202.5 1.49327 0.000648122 -16443 -16162.6 -16141.1
  204 203.5 1.48039 0.000642531 -16247.1 -16212.4 -16242.7
  205 204.5 1.48369 0.000643963 -16332.8 -16385.9 -16224.6
  206 205.5 1.49668 0.000649601 -16269.8 -16412 -16060.6
  207 206.5 1.49384 0.000648366 -16276.1 -16228.2 -16055.9
  208 207.5 1.50196 0.000651893 -16256.2 -16214.1 -15846.3
  209 208.5 1.50705 0.000654102 -15998.5 -15954 -15871.5
  210 209.5 1.50793 0.000654482 -15939.7 -15953.6 -15803.8
  211 210.5 1.52359 0.000661281 -16153.2 -15957.9 -15478
  212 211.5 1.54246 0.000669472 -15759 -15994.9 -15228.8
  213 212.5 1.55348 0.000674255 -15804.7 -15946.1 -14971.2
  214 213.5 1.58598 0.000688361 -15545.5 -15649.2 -14474
  215 214.5 1.63823 0.000711038 -15268 -15200 -13706.9
  216 215.5 1.69749 0.000736756 -14859.2 -14799.3 -12834.9
  217 216.5 1.79657 0.000779763 -14337.4 -14125.2 -11665.8
  218 217.5 1.92019 0.000833418 -13663.6 -13372.7 -10289.6
  219 218.5 2.11089 0.000916185 -12500.9 -12540.7 -8487.05
  220 219.5 2.391 0.00103776 -11148.7 -11229.1 -6381.63
  221 220.5 2.77827 0.00120585 -9564.3 -9652.82 -4239.7
  222 221.5 3.33279 0.00144652 -7751.28 -7913.65 -2052.7
  223 222.5 4.07981 0.00177075 -5790.2 -5790.79 -325.712
  224 223.5 5.09864 0.00221295 -3766.35 -3765.87 1205.16
  225 224.5 6.38902 0.00277301 -1805.51 -1786.12 2180.47
  226 225.5 7.98484 0.00346564 -179.393 -142.354 2778.21
  227 226.5 9.85563 0.00427762 1399.86 1350.24 2996.87
  228 227.5 12.0044 0.00521025 2551.45 2554.45 2882.35
  229 228.5 14.2932 0.00620363 3555.25 3544.68 2475.08
  230 229.5 16.6483 0.00722584 4252.54 4226.72 2007.65
  231 230.5 19.0329 0.00826079 4735.74 4749.6 1489.52
  232 231.5 21.3122 0.00925007 5014.52 5022.64 881.846
  233 232.5 23.4314 0.0101699 5113.05 5019.82 217.198
  234 233.5 25.3594 0.0110067 4961.49 4943.48 -303.925
  235 234.5 27.0316 0.0117325 4819.58 4742.68 -873.529
  236 235.5 28.4872 0.0123643 4420.64 4416.58 -1304.58
  237 236.5 29.6799 0.0128819 4071.65 4037.34 -1642.03
  238 237.5 30.682 0.0133168 3599.37 3609.36 -1864.15
  239 238.5 31.4559 0.0136527 3094.3 3138.03 -2206.41
  240 239.5 32.0987 0.0139317 2648.32 2557.13 -2160.98
  241 240.5 32.5632 0.0141333 2135.2 2110.06 -2257.87
  242 241.5 33.0139 0.014329 1686.92 1673.97 -2192.27
  243 242.5 33.2926 0.0144499 1247.8 1252.61 -2058.61
  244 243.5 33.508 0.0145434 930.304 898.991 -1955.74
  245 244.5 33.6959 0.014625 623.33 621.776 -1868.45
  246 245.5 33.8509 0.0146922 393.229 372.432 -1636.84
  247 246.5 33.9417 0.0147316 122.418 76.7201 -1561.82
  248 247.5 34.0325 0.0147711 -71.2362 -20.8829 -1357.62
  249 248.5 34.1088 0.0148042 -209.234 -139.474 -1270.79
  250 249.5 34.1359 0.0148159 -370.485 -265.686 -1218.2
  251 250.5 34.1588 0.0148259 -453.52 -425.129 -1112.18
  252 251.5 34.2206 0.0148527 -508.903 -520.718 -986.448
  253 252.5 34.2408 0.0148615 -513.583 -624.283 -946.171
  254 253.5 34.2069 0.0148468 -616.555 -697.418 -871.756
  255 254.5 34.2699 0.0148741 -704.932 -707.339 -810.736
  256 255.5 34.2714 0.0148747 -767.991 -772.782 -831.562
  257 256.5 34.2605 0.01487 -706.823 -733.004 -773.651
  258 257.5 34.2638 0.0148714 -675.055 -698.937 -763.912
  259 258.5 34.2879 0.0148819 -738.3 -667.798 -788.993
  260 259.5 34.2678 0.0148732 -619.253 -742.368 -716.922
  261 260.5 34.2753 0.0148765 -601.119 -661.676 -688.297
  262 261.5 34.2963 0.0148856 -556.883 -668.261 -688.084
  263 262.5 34.2891 0.0148824 -693.003 -612.124 -778.08
  264 263.5 34.2579 0.0148689 -674.087 -690.014 -651.634
  265 264.5 34.3095 0.0148913 -706.195 -714.904 -723.447
  266 265.5 34.2875 0.0148817 -671.235 -677.85 -669.825
  267 266.5 34.2694 0.0148739 -679.792 -708.134 -689.09
  268 267.5 34.254 0.0148672 -729.49 -788.51 -805.775
  269 268.5 34.3372 0.0149033 -694.741 -640.099 -631.108
  270 269.5 34.2691 0.0148737 -756.319 -661.941 -691.706
  271 270.5 34.2429 0.0148624 -709.375 -634.05 -677.608
  272 271.5 34.3092 0.0148911 -624.004 -653.691 -672.613
  273 272.5 34.3135 0.014893 -641.773 -729.621 -712.374
  274 273.5 34.2365 0.0148596 -779.446 -827.014 -758.113
  275 274.5 34.31 0.0148915 -660.484 -765.239 -628.519
  276 275.5 34.2902 0.0148829 -756.303 -745.257 -698.001
  277 276.5 34.2948 0.0148849 -662.55 -694.853 -661.903
  278 277.5 34.2569 0.0148684 -733.16 -681.069 -711.054
  279 278.5 34.2996 0.014887 -719.985 -685.502 -725.265
  280 279.5 34.2844 0.0148804 -745.979 -741.257 -663.149
  281 280.5 34.2944 0.0148847 -630.153 -729.825 -638.682
  282 281.5 34.3081 0.0148906 -633.927 -723.411 -732.531
  283 282.5 34.2512 0.014866 -738.936 -721.086 -742.29
  284 283.5 34.3194 0.0148956 -689.336 -758.015 -581.135
  285 284.5 34.3242 0.0148977 -775.546 -790.574 -720.922
  286 285.5 34.2563 0.0148682 -731.218 -718.185 -726.715
  287 286.5 34.2753 0.0148764 -656.886 -606.21 -698.016
  288 287.5 34.3259 0.0148984 -648.296 -660.155 -654.081
  289 288.5 34.3143 0.0148934 -591.813 -589.645 -662.886
  290 289.5 34.2585 0.0148691 -729.847 -743.895 -772.681
  291 290.5 34.3071 0.0148903 -612.643 -656.87 -701.663
  292 291.5 34.3245 0.0148978 -703.815 -672.646 -602.283
  293 292.5 34.3235 0.0148973 -701.631 -692.446 -697.531
  294 293.5 34.2941 0.0148846 -709.047 -738.42 -789.728
  295 294.5 34.3105 0.0148917 -610.599 -651.341 -736.367
  296 295.5 34.3007 0.0148874 -559.072 -640.086 -629.513
  297 296.5 34.345 0.0149067 -577.936 -685.67 -679.402
  298 297.5 34.2989 0.0148867 -580.923 -631.448 -682.604
  299 298.5 34.2998 0.0148871 -673.036 -732.609 -705.931
  300 299.5 34.3265 0.0148987 -688.508 -744.707 -739.163
  301 300.5 34.3184 0.0148951 -698.061 -676.485 -699.666
  302 301.5 34.3001 0.0148872 -678.192 -688.172 -657.357
  303 302.5 34.29 0.0148828 -675.125 -697.994 -697.147
  304 303.5 34.3301 0.0149002 -654.027 -649.976 -696.465
  305 304.5 34.3047 0.0148892 -726.034 -689.564 -639.11
  306 305.5 34.2769 0.0148771 -728.952 -680.774 -703.584
  307 306.5 34.3052 0.0148894 -675.39 -673.228 -729.163
  308 307.5 34.3047 0.0148892 -696.242 -635.607 -686.01
  309 308.5 34.2838 0.0148801 -669.015 -549.062 -650.602
  310 309.5 34.2955 0.0148852 -703.817 -639.058 -713.949
  311 310.5 34.2955 0.0148852 -703.779 -584.01 -710.307
  312 311.5 34.3144 0.0148934 -655.191 -710.837 -656.545
  313 312.5 34.3143 0.0148933 -732.747 -725.905 -669.877
  314 313.5 34.3095 0.0148913 -765.105 -832.398 -719.624
  315 314.5 34.2851 0.0148807 -751.154 -647.026 -686.085
  316 315.5 34.3016 0.0148878 -706.524 -680.2 -642.06
  317 316.5 34.3356 0.0149026 -818.731 -847.128 -741.325
  318 317.5 34.3076 0.0148904 -723.55 -766.362 -667.279
  319 318.5 34.2735 0.0148757 -742.093 -744.245 -697.883
  320 319.5 34.2966 0.0148857 -668.052 -704.233 -655.48
  321 320.5 34.3658 0.0149157 -691.515 -667.12 -695.029
  322 321.5 34.2746 0.0148761 -754.766 -784.174 -692.581
  323 322.5 34.3064 0.0148899 -780.542 -767.88 -685.897
  324 323.5 34.3625 0.0149143 -691.986 -821.663 -715.851
  325 324.5 34.3251 0.014898 -752.115 -823.887 -711.219
  326 325.5 34.2853 0.0148808 -752.93 -759.18 -665.28
  327 326.5 34.3633 0.0149146 -713.719 -643.06 -687.2
  328 327.5 34.3436 0.0149061 -532.124 -653.292 -693.826
  329 328.5 34.3332 0.0149016 -673.32 -712.732 -709.411
  330 329.5 34.3295 0.0149 -673.155 -635.894 -673.281
  331 330.5 34.3716 0.0149182 -627.112 -638.811 -686.155
  332 331.5 34.3205 0.0148961 -699.508 -684.835 -719.77
  333 332.5 34.3489 0.0149084 -729.743 -712.185 -704.078
  334 333.5 34.33 0.0149002 -835.231 -771.682 -714.793
  335 334.5 34.3796 0.0149217 -774.515 -706.083 -669.816
  336 335.5 34.3405 0.0149047 -744.788 -766.578 -703.411
  337 336.5 34.3425 0.0149056 -798.028 -754.642 -653.829
  338 337.5 34.3778 0.0149209 -708.745 -689.611 -708.168
  339 338.5 34.3366 0.014903 -751.88 -737.847 -738.533
  340 339.5 34.3385 0.0149039 -654.849 -704.662 -676.533
  341 340.5 34.3714 0.0149181 -686.043 -748.918 -661.032
  342 341.5 34.3746 0.0149195 -738.683 -794.468 -650.321
  343 342.5 34.3438 0.0149062 -735.855 -743.143 -708.704
  344 343.5 34.3605 0.0149134 -763.491 -704.294 -719.433
  345 344.5 34.3476 0.0149078 -725.667 -764.073 -673.948
  346 345.5 34.3483 0.0149081 -678.145 -725.901 -678.051
  347 346.5 34.3755 0.0149199 -699.375 -740.951 -688.925
  348 347.5 34.3459 0.0149071 -719.48 -714.058 -740.542
  349 348.5 34.3491 0.0149084 -694.227 -657.898 -649.399
  350 349.5 34.4006 0.0149308 -660.644 -643.378 -682.434
  351 350.5 34.3539 0.0149105 -634.158 -601.306 -688.151
  352 351.5 34.3624 0.0149142 -713.122 -681.742 -701.616
  353 352.5 34.3683 0.0149168 -717.048 -744.7 -726.495
  354 353.5 34.4234 0.0149407 -604.367 -641.533 -651.698
  355 354.5 34.3397 0.0149044 -654.39 -664.148 -706.337
  356 355.5 34.3494 0.0149086 -611.345 -621.599 -686.866
  357 356.5 34.4063 0.0149333 -637.318 -658.709 -721.939
  358 357.5 34.3578 0.0149122 -655.715 -686.993 -703.369
  359 358.5 34.3487 0.0149083 -700.068 -665.701 -648.642
  360 359.5 34.4095 0.0149347 -672.462 -702.509 -710.427
  361 360.5 34.3585 0.0149125 -590.087 -682.674 -766.225
  362 361.5 34.3701 0.0149176 -675.317 -626.769 -687.11
  363 362.5 34.3608 0.0149135 -743.631 -652.778 -716.315
  364 363.5 34.4221 0.0149401 -629.111 -638.754 -649.468
  365 364.5 34.3463 0.0149072 -613.134 -617.12 -738.363
  366 365.5 34.3152 0.0148938 -554.2 -601.396 -757.404
  367 366.5 34.3984 0.0149299 -641.731 -575.715 -700.025
  368 367.5 34.3993 0.0149303 -644.657 -652.671 -714.824
  369 368.5 34.3106 0.0148917 -726.289 -590.256 -784.745
  370 369.5 34.3009 0.0148876 -624.027 -623.637 -756.95
  371 370.5 34.4145 0.0149368 -705.059 -617.479 -757.639
  372 371.5 34.2963 0.0148855 -636.369 -621.602 -767.333
  373 372.5 34.2936 0.0148844 -602.742 -554.729 -864.175
  374 373.5 34.2748 0.0148762 -487.923 -559.103 -926.107
  375 374.5 34.3425 0.0149056 -444.893 -539.273 -889.998
  376 375.5 34.239 0.0148607 -445.64 -530.37 -867.366
  377 376.5 34.2206 0.0148527 -377.644 -463.635 -1034.63
  378 377.5 34.21 0.0148481 -292.138 -325.559 -1009.5
  379 378.5 34.1745 0.0148327 -240.08 -306.517 -1131.39
  380 379.5 34.0852 0.0147939 -168.568 -102.404 -1214.71
  381 380.5 34.0289 0.0147695 -8.06237 -55.5184 -1309.98
  382 381.5 33.9315 0.0147272 91.445 74.3687 -1299.13
  383 382.5 33.808 0.0146736 352.225 260.491 -1313.86
  384 383.5 33.6547 0.0146071 529.639 489.893 -1367.85
  385 384.5 33.465 0.0145247 685.622 728.612 -1299.61
  386 385.5 33.2442 0.0144289 838.01 900.82 -1207.85
  387 386.5 32.997 0.0143216 1003.38 1092.22 -1062.94
  388 387.5 32.6514 0.0141716 1110.2 1129.47 -909.635
  389 388.5 32.3141 0.0140252 1198.08 1176.79 -594.94
  390 389.5 31.9774 0.0138791 1177.23 1159.75 -322.104
  391 390.5 31.6068 0.0137182 1114.25 1045.81 -76.9668
  392 391.5 31.2588 0.0135672 973.105 870.755 188.532
  393 392.5 30.9417 0.0134295 639.649 575.512 293.994
  394 393.5 30.7058 0.0133272 398.93 344.498 381.929
  395 394.5 30.5267 0.0132494 204.682 162.514 445.409
  396 395.5 30.4047 0.0131965 17.7395 -38.2515 279.197
  397 396.5 30.3455 0.0131708 -66.6427 -57.3357 158.957
  398 397.5 30.3418 0.0131692 -117.466 -124.043 2.95705
  399 398.5 30.4551 0.0132184 -124.447 -148.982 -183.709
  400 399.5 30.5237 0.0132481 -179.518 -177.42 -426.991
  401 400.5 30.6214 0.0132905 -145.122 -84.2256 -561.417
  402 401.5 30.7335 0.0133392 -140.876 -80.6288 -707.798
  403 402.5 30.8714 0.013399 -198.086 -207.598 -773.074
  404 403.5 30.9651 0.0134397 -248.047 -217.809 -887.779
  405 404.5 31.0154 0.0134615 -366.482 -348.859 -986.883
  406 405.5 31.1612 0.0135248 -388.725 -344.076 -937.776
  407 406.5 31.1935 0.0135388 -443.981 -345.872 -950.769
  408 407.5 31.2345 0.0135567 -481.112 -426.902 -953.166
  409 408.5 31.2754 0.0135744 -534.962 -530.633 -940.78
  410 409.5 31.319 0.0135933 -637.447 -560.667 -958.788
  411 410.5 31.3657 0.0136136 -567.859 -618.753 -862.81
  412 411.5 31.3541 0.0136085 -731.921 -673.095 -921.945
  413 412.5 31.3915 0.0136248 -634.646 -650.818 -825.217
  414 413.5 31.3819 0.0136206 -630.213 -707.942 -927.192
  415 414.5 31.4115 0.0136334 -695.416 -696.715 -793.751
  416 415.5 31.4063 0.0136312 -696.632 -707.054 -777.684
  417 416.5 31.4355 0.0136439 -735.637 -713.361 -786.817
  418 417.5 31.4163 0.0136355 -753.776 -701.274 -816.661
  419 418.5 31.4083 0.0136321 -774.435 -731.068 -838.849
  420 419.5 31.436 0.0136441 -783.857 -733.742 -746.872
  421 420.5 31.4214 0.0136378 -784.62 -691.517 -786.998
  422 421.5 31.4329 0.0136427 -783.161 -654.574 -786.485
  423 422.5 31.4118 0.0136336 -762.676 -750.496 -774.749
  424 423.5 31.4509 0.0136506 -746.359 -782.12 -741.692
  425 424.5 31.4443 0.0136477 -792.582 -852.405 -732.277
  426 425.5 31.4287 0.0136409 -744.687 -710.594 -782.008
  427 426.5 31.433 0.0136428 -637.239 -764.329 -772.168
  428 427.5 31.4339 0.0136432 -723.577 -735.182 -786.634
  429 428.5 31.4511 0.0136507 -712.987 -677.462 -732.027
  430 429.5 31.4299 0.0136414 -764.871 -622.723 -716.918
  431 430.5 31.4429 0.0136471 -733.731 -745.273 -818.043
  432 431.5 31.4296 0.0136413 -756.389 -737.495 -774.915
  433 432.5 31.4091 0.0136324 -680.955 -644.092 -707.871
  434 433.5 31.4543 0.013652 -809.601 -795.935 -818.925
  435 434.5 31.4333 0.0136429 -695.223 -787.964 -734.65
  436 435.5 31.4234 0.0136386 -759.576 -695.12 -778.343
  437 436.5 31.4511 0.0136507 -702.364 -761.047 -753.221
  438 437.5 31.4385 0.0136452 -685.037 -679.4 -774.516
  439 438.5 31.446 0.0136484 -714.781 -723.862 -715.024
  440 439.5 31.4098 0.0136327 -680.2 -715.87 -804.549
  441 440.5 31.4634 0.013656 -792.239 -773.769 -758.805
  442 441.5 31.4465 0.0136487 -804.298 -761.792 -759.858
  443 442.5 31.4369 0.0136445 -842.04 -796.978 -685.032
  444 443.5 31.426 0.0136398 -842.748 -784.974 -816.895
  445 444.5 31.4244 0.013639 -775.264 -782.091 -789.311
  446 445.5 31.4212 0.0136377 -818.985 -794.879 -765.03
  447 446.5 31.4279 0.0136406 -751.79 -791.527 -709.02
  448 447.5 31.41 0.0136328 -770.748 -726.261 -796.403
  449 448.5 31.4194 0.0136369 -704.715 -707.468 -733.073
  450 449.5 31.4225 0.0136382 -780.27 -753.455 -745.695
  451 450.5 31.3999 0.0136284 -779.65 -715.149 -736.3
  452 451.5 31.3924 0.0136252 -760.736 -727.023 -812.047
  453 452.5 31.4125 0.0136339 -766.928 -852.517 -762.018
  454 453.5 31.4379 0.0136449 -796.254 -814.443 -726.041
  455 454.5 31.446 0.0136484 -827.199 -849.632 -747.915
  456 455.5 31.4065 0.0136313 -775.997 -745.108 -742.283
  457 456.5 31.4337 0.0136431 -755.628 -785.246 -783.541
  458 457.5 31.4401 0.0136459 -829.945 -794.94 -741.426
  459 458.5 31.4085 0.0136322 -787.638 -764.616 -748.62
  460 459.5 31.4027 0.0136297 -834.397 -837.034 -749.565
  461 460.5 31.4584 0.0136538 -767.942 -822.527 -807.944
  462 461.5 31.4368 0.0136444 -826.332 -802.586 -755.994
  463 462.5 31.3834 0.0136212 -743.991 -751.327 -779.563
  464 463.5 31.4415 0.0136465 -803.525 -794.761 -753.361
  465 464.5 31.4683 0.0136581 -832.779 -798.003 -711.085
  466 465.5 31.4326 0.0136426 -822.275 -779.338 -785.438
  467 466.5 31.3905 0.0136243 -764.997 -726.615 -787.238
  468 467.5 31.4357 0.013644 -773.899 -742.397 -752.897
  469 468.5 31.4407 0.0136461 -730.826 -678.146 -712.146
  470 469.5 31.4095 0.0136326 -698.617 -716.532 -763.697
  471 470.5 31.3928 0.0136253 -758.612 -818.859 -778.247
  472 471.5 31.4393 0.0136455 -755.457 -778.942 -770.532
  473 472.5 31.4074 0.0136317 -772.839 -733.544 -761.486
  474 473.5 31.4235 0.0136387 -769.602 -757.841 -751.629
  475 474.5 31.4056 0.0136309 -811.123 -712.025 -738.696
  476 475.5 31.4382 0.013645 -759.041 -745.926 -748.742
  477 476.5 31.4186 0.0136366 -786.092 -779.722 -779.154
  478 477.5 31.3853 0.0136221 -837.549 -800.612 -801.453
  479 478.5 31.447 0.0136489 -830.549 -723.899 -669.87
  480 479.5 31.4323 0.0136425 -826.399 -842.046 -822.633
30000000 480 10889.00000000001
  1 0.5 31.4591 0.0136541 -840.339 -830.762 -828.765
  2 1.5 31.4943 0.0136694 -705.457 -750.389 -777.799
  3 2.5 31.4516 0.0136508 -765.732 -806.864 -782.238
  4 3.5 31.4681 0.013658 -671.294 -791.449 -731.383
  5 4.5 31.4951 0.0136698 -810.328 -824.005 -773.885
  6 5.5 31.4568 0.0136531 -627.353 -776.056 -759.882
  7 6.5 31.4545 0.0136521 -807.319 -793.233 -771.417
  8 7.5 31.4633 0.013656 -758.131 -713.413 -777.624
  9 8.5 31.4556 0.0136526 -790.896 -707.142 -703.412
  10 9.5 31.4779 0.0136623 -786.103 -771.565 -756.353
  11 10.5 31.44 0.0136458 -812.476 -812.431 -763.818
  12 11.5 31.4387 0.0136453 -818.867 -830.97 -790.982
  13 12.5 31.4728 0.0136601 -780.436 -804.74 -722.046
  14 13.5 31.4892 0.0136672 -737.824 -768.159 -769.842
  15 14.5 31.4161 0.0136355 -715.134 -831.771 -784.328
  16 15.5 31.4757 0.0136613 -784.033 -840.213 -727.065
  17 16.5 31.466 0.0136571 -624.224 -750.493 -756.053
  18 17.5 31.4462 0.0136485 -729.043 -808.049 -809.317
  19 18.5 31.4314 0.0136421 -699.56 -817.23 -794.89
  20 19.5 31.4878 0.0136666 -742.823 -685.057 -708.67
  21 20.5 31.464 0.0136563 -793.052 -733.51 -751.418
  22 21.5 31.467 0.0136575 -707.227 -736.008 -751.36
  23 22.5 31.4517 0.0136509 -691.998 -741.607 -802.063
  24 23.5 31.4679 0.0136579 -722.857 -740.259 -767.7
  25 24.5 31.4691 0.0136585 -784.386 -725.672 -740.788
  26 25.5 31.4354 0.0136439 -751.523 -781.081 -801.431
  27 26.5 31.4682 0.0136581 -743.078 -682.207 -721.037
  28 27.5 31.4559 0.0136527 -793.281 -744.19 -797.116
  29 28.5 31.4381 0.013645 -685.669 -684.869 -752.46
  30 29.5 31.4447 0.0136479 -745.358 -776.164 -732.346
  31 30.5 31.4353 0.0136438 -821.449 -817.326 -796.244
  32 31.5 31.4737 0.0136605 -742.092 -753.365 -705.376
  33 32.5 31.431 0.0136419 -755.701 -745.897 -790.273
  34 33.5 31.4255 0.0136395 -770.711 -702.247 -754.453
  35 34.5 31.4534 0.0136516 -810.053 -795.154 -789.902
  36 35.5 31.4738 0.0136605 -707.808 -696.261 -730.503
  37 36.5 31.4522 0.0136511 -824.173 -754.963 -766.768
  38 37.5 31.4367 0.0136444 -765.835 -746.036 -774.277
  39 38.5 31.4697 0.0136587 -830.493 -729.844 -740.322
  40 39.5 31.4693 0.0136585 -782.517 -756.544 -758.865
  41 40.5 31.442 0.0136467 -863.203 -845.756 -802.442
  42 41.5 31.4483 0.0136494 -746.925 -760.115 -761.85
  43 42.5 31.4349 0.0136436 -826.633 -796.938 -801.406
  44 43.5 31.4656 0.0136569 -756.665 -769.327 -697.053
  45 44.5 31.449 0.0136498 -799.891 -785.389 -743.644
  46 45.5 31.4755 0.0136613 -755.614 -879.323 -786.638
  47 46.5 31.4505 0.0136504 -843.508 -804.601 -819.305
  48 47.5 31.4497 0.01365 -770.49 -718.115 -755.88
  49 48.5 31.4619 0.0136553 -727.794 -720.966 -760.76
  50 49.5 31.4756 0.0136613 -789.393 -821.026 -780.715
  51 50.5 31.4269 0.0136402 -787.993 -727.028 -803.86
  52 51.5 31.4548 0.0136523 -817.09 -780.683 -836.06
  53 52.5 31.4165 0.0136356 -814.492 -677.408 -780.822
  54 53.5 31.4363 0.0136442 -788.867 -767.237 -817.899
  55 54.5 31.4432 0.0136472 -759.253 -707.893 -802.466
  56 55.5 31.4256 0.0136396 -709.873 -747.653 -855.515
  57 56.5 31.3858 0.0136223 -790.701 -672.494 -849.883
  58 57.5 31.3942 0.0136259 -756.524 -708.802 -939.121
  59 58.5 31.3961 0.0136268 -731.252 -672.211 -940.249
  60 59.5 31.3476 0.0136057 -710.857 -626.758 -1008.11
  61 60.5 31.3074 0.0135883 -580.353 -533.956 -1090.6
  62 61.5 31.2854 0.0135787 -533.209 -480.06 -1122.78
  63 62.5 31.2317 0.0135554 -473.531 -393.624 -1217.2
  64 63.5 31.1595 0.0135241 -370.648 -308.046 -1338.44
  65 64.5 31.0977 0.0134973 -234.663 -164.287 -1446.84
  66 65.5 30.9872 0.0134493 -91.4342 -58.8166 -1588.96
  67 66.5 30.8301 0.0133811 190.509 172.339 -1774.25
  68 67.5 30.6665 0.0133101 425.466 476.921 -1923.45
  69 68.5 30.4308 0.0132078 737.294 750.237 -2147.1
  70 69.5 30.1311 0.0130778 1035.75 1130.83 -2269.53
  71 70.5 29.7435 0.0129095 1514.14 1509.77 -2294.66
  72 71.5 29.213 0.0126793 1987.18 2074.57 -2373.34
  73 72.5 28.5447 0.0123892 2533.77 2583.16 -2301.48
  74 73.5 27.5897 0.0119747 3125.48 3191.55 -2206.76
  75 74.5 26.4901 0.0114974 3681.2 3720.9 -1762.48
  76 75.5 25.0713 0.0108817 4109.64 4157.74 -1257.36
  77 76.5 23.3264 0.0101243 4403.05 4416.8 -579.768
  78 77.5 21.2733 0.00923319 4360.09 4404.8 71.7278
  79 78.5 19.0456 0.00826634 4195.39 4231.38 920.144
  80 79.5 16.5955 0.00720293 3768.12 3729.59 1667.68
  81 80.5 14.1207 0.00612876 2996.94 3006.28 2356.28
  82 81.5 11.731 0.00509157 1854.85 1961.18 2839.72
  83 82.5 9.51913 0.00413157 536.028 581.337 2897.01
  84 83.5 7.61772 0.0033063 -1155.41 -1052.54 2690.63
  85 84.5 6.05005 0.00262589 -2802.52 -2813.28 2022.56
  86 85.5 4.80484 0.00208543 -4759.77 -4679.09 915.505
  87 86.5 3.84187 0.00166748 -6681.84 -6703.12 -799.299
  88 87.5 3.14668 0.00136575 -8518.24 -8606.39 -2906.91
  89 88.5 2.6557 0.00115265 -10261.6 -10153.7 -5007.24
  90 89.5 2.30474 0.00100032 -11666.3 -11695.6 -7058.69
  91 90.5 2.05865 0.000893513 -12746.8 -12811.3 -9143.67
  92 91.5 1.89786 0.000823725 -13607.7 -13786.6 -10567.6
  93 92.5 1.78302 0.000773878 -14236.7 -14429.6 -12023.5
  94 93.5 1.70321 0.000739242 -14824.8 -14925 -12963.5
  95 94.5 1.63567 0.000709924 -15229.5 -15187 -13931.4
  96 95.5 1.59784 0.000693506 -15544.2 -15411.9 -14538.4
  97 96.5 1.57913 0.000685387 -15648.8 -15428.7 -14825.5
  98 97.5 1.5604 0.000677259 -15896.9 -15712.4 -15194.5
  99 98.5 1.55593 0.000675318 -15820.3 -15733.1 -15236.1
  100 99.5 1.53932 0.000668106 -15850 -15845.5 -15523.9
  101 100.5 1.5315 0.000664714 -16093.2 -15910.9 -15753
  102 101.5 1.52565 0.000662174 -16013.1 -15940.2 -15817.1
  103 102.5 1.52625 0.000662433 -16180 -16211.7 -15822.5
  104 103.5 1.52383 0.000661384 -15919.7 -16054.1 -15813.6
  105 104.5 1.5108 0.00065573 -16004.7 -16074.8 -16048.4
  106 105.5 1.51667 0.000658278 -15843.9 -16049.8 -15928
  107 106.5 1.51653 0.000658214 -15849.4 -16242.2 -15997.7
  108 107.5 1.51154 0.000656051 -16089.2 -16311.8 -16092.7
  109 108.5 1.51678 0.000658323 -15843.5 -16207.2 -15946.5
  110 109.5 1.51202 0.000656257 -15853.5 -16328.9 -16014.6
  111 110.5 1.50709 0.000654119 -15946.8 -16096 -16136.3
  112 111.5 1.51094 0.000655792 -15898.2 -16204.9 -16046.7
  113 112.5 1.51432 0.000657256 -16004.2 -16059.3 -16039.7
  114 113.5 1.51181 0.000656167 -15905.3 -15929.1 -16020.2
  115 114.5 1.51313 0.00065674 -15897.5 -16121 -16018.4
  116 115.5 1.5064 0.000653818 -15904.4 -16204.9 -16129.6
  117 116.5 1.50375 0.000652671 -15941 -16030.1 -16159.7
  118 117.5 1.50486 0.000653149 -16069.8 -16222.5 -16122.6
  119 118.5 1.50424 0.000652884 -15948.2 -16205.9 -16124.6
  120 119.5 1.51194 0.000656222 -15747.8 -16087.5 -16006.3
  121 120.5 1.50872 0.000654827 -15962.5 -16082.8 -16079.9
  122 121.5 1.51355 0.000656922 -15795.7 -15969.1 -15989.4
  123 122.5 1.50651 0.000653866 -15894.1 -16004.2 -16137.6
  124 123.5 1.50381 0.000652694 -15988.4 -15963.9 -16190.7
  125 124.5 1.51379 0.000657026 -15972.4 -15882.7 -16031.1
  126 125.5 1.5164 0.000658159 -15857.1 -15820.5 -15980.3
  127 126.5 1.51325 0.000656792 -15947.3 -15885.2 -16103.5
  128 127.5 1.52322 0.000661118 -15872.1 -15926.1 -15855.4
  129 128.5 1.51772 0.000658731 -15830.3 -15994.2 -15977.4
  130 129.5 1.51405 0.000657141 -15878.5 -16002.9 -16057.1
  131 130.5 1.51773 0.000658735 -15987.9 -16086.2 -15994.6
  132 131.5 1.51266 0.000656536 -15883.8 -16095.2 -16049.1
  133 132.5 1.51867 0.000659144 -15901.2 -16003.2 -15946.8
  134 133.5 1.51515 0.000657619 -15931.9 -16057.6 -16057.1
  135 134.5 1.51535 0.000657704 -16047.1 -15862.5 -15960.8
  136 135.5 1.50553 0.000653441 -15987.1 -16048.7 -16155.5
  137 136.5 1.51275 0.000656575 -15976.4 -16104.3 -16056.4
  138 137.5 1.5173 0.000658549 -16063.4 -16111 -15946.4
  139 138.5 1.51198 0.00065624 -15801 -15962 -15991.3
  140 139.5 1.5131 0.000656728 -15987 -16129.8 -16072
  141 140.5 1.51628 0.000658109 -16004.9 -16054.2 -16056.7
  142 141.5 1.51193 0.000656219 -16072.1 -16036.9 -16005.7
  143 142.5 1.52317 0.000661098 -16191.6 -16189.4 -15983.3
  144 143.5 1.52566 0.000662181 -15975.6 -16174.4 -15903.5
  145 144.5 1.51059 0.000655638 -15986 -16209.3 -16097.2
  146 145.5 1.52723 0.000662861 -16097.3 -16168.6 -15841.3
  147 146.5 1.51898 0.00065928 -16153.5 -16085.9 -15930.3
  148 147.5 1.52064 0.00066 -16170.2 -16120.5 -15984.8
  149 148.5 1.52395 0.000661437 -16250.8 -16161.3 -15939.4
  150 149.5 1.51139 0.000655985 -16159.8 -16104.2 -16105
  151 150.5 1.5098 0.000655295 -15967.3 -16196 -16025.9
  152 151.5 1.50232 0.000652048 -15922.3 -16228.1 -16163
  153 152.5 1.50876 0.000654843 -16112.4 -16249.1 -16047.1
  154 153.5 1.50849 0.000654725 -16115.9 -16158.9 -16096.6
  155 154.5 1.51622 0.000658082 -16188.6 -16075.4 -15959.5
  156 155.5 1.5129 0.000656641 -16196.9 -16039.6 -16084.5
  157 156.5 1.52012 0.000659775 -15946.7 -16168 -15953
  158 157.5 1.51969 0.000659589 -15913.8 -16152.4 -16022.2
  159 158.5 1.51236 0.000656406 -16100.6 -16005 -16056.8
  160 159.5 1.51028 0.000655503 -16086.7 -16075.4 -16076
  161 160.5 1.51232 0.000656388 -16028.6 -16159.5 -16031.9
  162 161.5 1.51054 0.000655617 -16021 -16206.7 -16006.5
  163 162.5 1.50731 0.000654215 -16041.6 -16286.1 -16045.6
  164 163.5 1.5038 0.000652692 -16081.6 -16063.1 -16153.5
  165 164.5 1.50365 0.000652624 -16165.8 -16179 -16150.2
  166 165.5 1.49779 0.000650083 -16263.6 -16126.7 -16225.2
  167 166.5 1.50132 0.000651616 -16297.8 -16130.9 -16157.1
  168 167.5 1.49724 0.000649845 -16234.3 -16103.1 -16198.4
  169 168.5 1.50001 0.000651047 -16406.6 -16038.9 -16143.3
  170 169.5 1.50268 0.000652205 -16333.6 -16184.1 -16211.9
  171 170.5 1.5061 0.000653689 -16174 -16180.1 -16049.7
  172 171.5 1.51621 0.000658078 -16209.3 -16187.5 -16041.5
  173 172.5 1.51168 0.000656109 -16078.3 -16051.9 -15996.3
  174 173.5 1.51449 0.000657329 -16048.3 -15961 -16010.1
  175 174.5 1.5085 0.000654732 -16050.5 -16064.2 -16116.8
  176 175.5 1.50548 0.000653422 -16137.4 -16052.4 -16146.8
  177 176.5 1.49507 0.000648902 -16139 -16089.4 -16254.7
  178 177.5 1.50132 0.000651615 -16166.5 -15956.5 -16135.1
  179 178.5 1.50798 0.000654505 -15970.4 -15981.1 -16102.3
  180 179.5 1.50842 0.000654698 -16108 -15995.7 -16035
  181 180.5 1.50399 0.000652773 -16165.1 -15985.9 -16129.1
  182 181.5 1.49045 0.000646898 -16147.9 -16001.2 -16340.3
  183 182.5 1.50105 0.000651497 -16091.3 -16091.9 -16144.9
  184 183.5 1.50294 0.000652319 -16061.3 -15930.3 -16096.4
  185 184.5 1.50793 0.000654483 -16084.9 -15950.9 -16111.6
  186 185.5 1.51063 0.000655655 -16171.7 -16002.2 -16032.5
  187 186.5 1.51037 0.000655544 -16062.5 -15981.9 -16084.5
  188 187.5 1.50861 0.000654778 -16209.3 -15927.4 -16080.9
  189 188.5 1.50754 0.000654313 -16106.5 -16096.7 -16093.4
  190 189.5 1.50491 0.000653173 -16174 -16238.6 -16150.5
  191 190.5 1.5102 0.000655467 -16048.7 -16048.9 -16018.3
  192 191.5 1.50888 0.000654898 -16044.1 -16152.6 -16139.5
  193 192.5 1.50703 0.000654094 -15989.9 -16049.5 -16122.6
  194 193.5 1.51583 0.000657911 -15879.8 -16206.4 -15970.4
  195 194.5 1.51506 0.000657577 -15884.7 -16016.5 -15988.6
  196 195.5 1.51452 0.000657344 -15987.8 -15906.8 -16039.5
  197 196.5 1.50756 0.000654322 -15955.1 -16040.6 -16108.2
  198 197.5 1.50141 0.000651655 -16111.8 -16159.8 -16167
  199 198.5 1.50397 0.000652766 -16250.3 -16160.6 -16147.4
  200 199.5 1.5101 0.000655427 -16294 -16111 -16043
  201 200.5 1.51567 0.000657845 -16296 -15983.9 -15988.7
  202 201.5 1.51344 0.000656873 -16194.9 -15935.6 -16038.1
  203 202.5 1.51442 0.000657299 -16080.9 -15948.7 -15988.9
  204 203.5 1.51934 0.000659435 -16050.2 -15992.2 -15967.7
  205 204.5 1.51587 0.00065793 -15946.8 -15959.3 -16080.2
  206 205.5 1.51865 0.000659135 -16061.3 -16035.9 -16003.5
  207 206.5 1.51549 0.000657765 -16043 -15885.9 -15921.5
  208 207.5 1.51866 0.000659141 -16138.9 -15950.7 -15922
  209 208.5 1.52515 0.000661958 -16111.5 -16112.6 -15847.7
  210 209.5 1.52229 0.000660716 -15955.6 -16045.8 -15866
  211 210.5 1.52418 0.000661538 -15899.9 -16134.1 -15824.9
  212 211.5 1.5231 0.000661069 -16050.6 -16028 -15834.5
  213 212.5 1.52993 0.00066403 -15878.8 -15748.1 -15733.7
  214 213.5 1.54439 0.00067031 -15980.7 -15640 -15525.8
  215 214.5 1.55236 0.000673768 -15730.6 -15702.5 -15345.1
  216 215.5 1.56145 0.000677713 -15753 -15621 -15187.4
  217 216.5 1.57753 0.000684692 -15612.6 -15523.7 -14886.2
  218 217.5 1.60663 0.00069732 -15582 -15509.9 -14451.8
  219 218.5 1.6469 0.000714799 -15235.1 -15221.3 -13813.8
  220 219.5 1.70015 0.000737912 -14878.7 -15090.4 -13064.2
  221 220.5 1.76756 0.000767169 -14526.7 -14509.5 -12202.1
  222 221.5 1.88089 0.000816359 -13855.9 -13898.7 -10880.5
  223 222.5 2.03587 0.000883624 -12941.7 -12940.4 -9325.01
  224 223.5 2.2496 0.000976387 -11991.4 -11799.9 -7514.47
  225 224.5 2.5742 0.00111727 -10594.7 -10621.7 -5481.74
  226 225.5 3.04989 0.00132374 -8950.26 -9071.84 -3248.77
  227 226.5 3.69551 0.00160395 -6978.15 -7149.34 -1095.12
  228 227.5 4.5961 0.00199483 -5280.65 -5299.95 517.261
  229 228.5 5.77993 0.00250865 -3239.95 -3355.97 1981.13
  230 229.5 7.28645 0.00316252 -1390.2 -1406.06 2761.49
  231 230.5 9.13973 0.0039669 358.677 337.869 3237.09
  232 231.5 11.3376 0.00492083 1812.27 1818.04 3312.97
  233 232.5 13.785 0.00598307 3097 3071.95 3101.33
  234 233.5 16.3683 0.00710428 4040.52 4090.32 2617.27
  235 234.5 19.0218 0.00825598 4682.74 4737.6 2044.58
  236 235.5 21.5511 0.00935378 5097.99 5172.45 1384.69
  237 236.5 23.8541 0.0103533 5377.4 5418.68 638.374
  238 237.5 25.9011 0.0112418 5420.63 5395.54 -105.697
  239 238.5 27.6322 0.0119932 5118.66 5115.84 -845.29
  240 239.5 29.0103 0.0125913 4804.58 4853.82 -1346.18
  241 240.5 30.1514 0.0130866 4344.75 4342.92 -1791.6
  242 241.5 31.1199 0.0135069 3729.91 3716.7 -2135.41
  243 242.5 31.8293 0.0138148 3185.78 3194.99 -2348.29
  244 243.5 32.3602 0.0140452 2608.85 2610.57 -2420.65
  245 244.5 32.798 0.0142352 2058.35 2114.88 -2451.52
  246 245.5 33.1975 0.0144086 1640.45 1569.13 -2312.38
  247 246.5 33.4391 0.0145135 1237.07 1233.2 -2157.55
  248 247.5 33.6143 0.0145895 876.75 823.445 -2023.27
  249 248.5 33.7979 0.0146692 618.947 598.568 -1856.4
  250 249.5 33.9205 0.0147225 220.599 288.307 -1704.44
  251 250.5 34.0226 0.0147668 75.4057 36.7656 -1456.84
  252 251.5 34.0728 0.0147885 -112.008 -113.995 -1404.01
  253 252.5 34.1171 0.0148077 -226.809 -239.476 -1303.17
  254 253.5 34.1539 0.0148237 -389.072 -427.896 -1188.87
  255 254.5 34.222 0.0148533 -398.347 -453.553 -983.054
  256 255.5 34.2567 0.0148684 -518.283 -597.752 -929.664
  257 256.5 34.2027 0.0148449 -650.435 -648.282 -981.132
  258 257.5 34.2328 0.014858 -533.335 -550.495 -873.151
  259 258.5 34.2757 0.0148766 -602.868 -610.702 -857.792
  260 259.5 34.2498 0.0148654 -627.943 -599.456 -732.148
  261 260.5 34.2723 0.0148751 -680.169 -744.604 -781.473
  262 261.5 34.27 0.0148741 -716.726 -721.667 -816.854
  263 262.5 34.2985 0.0148865 -653.564 -643.537 -680.997
  264 263.5 34.2736 0.0148757 -608.509 -604.903 -763.326
  265 264.5 34.2537 0.0148671 -663.989 -702.277 -753.449
  266 265.5 34.2998 0.0148871 -744.96 -812.959 -666.372
  267 266.5 34.2727 0.0148753 -927.36 -837.319 -701.755
  268 267.5 34.3129 0.0148928 -817.086 -722.57 -762.261
  269 268.5 34.2466 0.014864 -772.507 -782.335 -707.355
  270 269.5 34.2685 0.0148735 -672.862 -704.454 -678.4
  271 270.5 34.3072 0.0148903 -746.901 -742.091 -658.578
  272 271.5 34.2803 0.0148786 -717.382 -735.243 -714.501
  273 272.5 34.22 0.0148524 -662.568 -706.561 -749.692
  274 273.5 34.2712 0.0148746 -716.619 -698.369 -690.925
  275 274.5 34.2952 0.0148851 -647.156 -573.536 -571.579
  276 275.5 34.2422 0.0148621 -746.824 -690.457 -745.017
  277 276.5 34.1932 0.0148408 -648.85 -693.778 -783.921
  278 277.5 34.2998 0.0148871 -674.546 -687.975 -662.056
  279 278.5 34.3014 0.0148878 -698.188 -677.98 -651.087
  280 279.5 34.1971 0.0148425 -647.416 -713.047 -673.143
  281 280.5 34.2266 0.0148553 -649.339 -692.296 -786.993
  282 281.5 34.335 0.0149023 -695.526 -657.093 -657.783
  283 282.5 34.2448 0.0148632 -686.219 -718.519 -647.389
  284 283.5 34.2211 0.0148529 -753.141 -668.78 -746.133
  285 284.5 34.2697 0.014874 -630.195 -587.834 -699.488
  286 285.5 34.3015 0.0148878 -756.003 -660.652 -643.947
  287 286.5 34.2231 0.0148538 -785.725 -649.959 -702.115
  288 287.5 34.2549 0.0148676 -811.025 -668.067 -739.027
  289 288.5 34.2611 0.0148703 -689.527 -675.626 -679.197
  290 289.5 34.2778 0.0148775 -695.344 -707.167 -718.09
  291 290.5 34.2396 0.014861 -618.984 -690.97 -678.722
  292 291.5 34.2484 0.0148647 -626.412 -738.713 -698.597
  293 292.5 34.277 0.0148772 -697.158 -682.188 -731.418
  294 293.5 34.2824 0.0148795 -609.661 -703.463 -657.37
  295 294.5 34.232 0.0148576 -584.02 -710.601 -734.366
  296 295.5 34.2791 0.0148781 -709.284 -600.597 -676.62
  297 296.5 34.2802 0.0148786 -704.921 -669.333 -708.735
  298 297.5 34.2681 0.0148733 -636.873 -624.541 -677.169
  299 298.5 34.2671 0.0148729 -671.003 -711.615 -741.126
  300 299.5 34.2503 0.0148656 -650.723 -523.772 -669.572
  301 300.5 34.2769 0.0148771 -590.839 -619.337 -621.268
  302 301.5 34.275 0.0148763 -721.161 -658.911 -738.262
  303 302.5 34.278 0.0148776 -621.064 -682.111 -762.747
  304 303.5 34.2807 0.0148788 -566.242 -557.325 -590.135
  305 304.5 34.2732 0.0148755 -706.824 -727.291 -762.404
  306 305.5 34.2901 0.0148828 -665.065 -703.465 -696.863
  307 306.5 34.2786 0.0148779 -695.416 -661.057 -701.241
  308 307.5 34.277 0.0148772 -707.819 -643.381 -701.197
  309 308.5 34.2895 0.0148826 -773.258 -675.237 -667.662
  310 309.5 34.2781 0.0148776 -795.099 -733.686 -760.293
  311 310.5 34.2952 0.0148851 -749.626 -648.452 -660.662
  312 311.5 34.2717 0.0148749 -672.424 -686.478 -696.752
  313 312.5 34.2946 0.0148848 -680.027 -691.978 -690.215
  314 313.5 34.2993 0.0148868 -690.906 -622.126 -698.062
  315 314.5 34.2606 0.0148701 -766.762 -737.849 -742.982
  316 315.5 34.2811 0.0148789 -713.467 -723.457 -699.361
  317 316.5 34.3048 0.0148892 -714.728 -730.061 -649.034
  318 317.5 34.2846 0.0148805 -728.117 -744.41 -685.158
  319 318.5 34.2907 0.0148831 -794.433 -786.593 -693.495
  320 319.5 34.2918 0.0148836 -778.715 -793.294 -736.367
  321 320.5 34.3087 0.0148909 -725.273 -693.77 -729.834
  322 321.5 34.2707 0.0148744 -604.917 -644.065 -654.869
  323 322.5 34.3031 0.0148885 -702.547 -700.487 -703.073
  324 323.5 34.2915 0.0148835 -783.111 -754.393 -695.172
  325 324.5 34.2954 0.0148851 -682.975 -625.077 -674.123
  326 325.5 34.2849 0.0148806 -698.486 -668.883 -745.736
  327 326.5 34.2643 0.0148717 -748.679 -785.478 -751.155
  328 327.5 34.2719 0.014875 -740.35 -714.075 -638.256
  329 328.5 34.2982 0.0148864 -695.129 -713.588 -656.609
  330 329.5 34.271 0.0148746 -723.546 -724.88 -749.333
  331 330.5 34.2762 0.0148768 -746.714 -744.872 -701.516
  332 331.5 34.2753 0.0148764 -658.354 -663.607 -649.175
  333 332.5 34.2664 0.0148726 -667.18 -686.49 -676.283
  334 333.5 34.2799 0.0148784 -774.533 -685.688 -750.312
  335 334.5 34.2629 0.014871 -683.315 -653.021 -672.302
  336 335.5 34.2658 0.0148723 -748.486 -650.937 -694.621
  337 336.5 34.2789 0.014878 -764.057 -700.389 -687.894
  338 337.5 34.2659 0.0148724 -734.22 -686.139 -679.962
  339 338.5 34.2644 0.0148717 -716.726 -688.685 -654.573
  340 339.5 34.2654 0.0148721 -744.243 -737.538 -721.716
  341 340.5 34.2682 0.0148734 -702.027 -715.606 -718.725
  342 341.5 34.2614 0.0148704 -635.662 -675.618 -665.037
  343 342.5 34.2761 0.0148768 -749.927 -735.965 -662.105
  344 343.5 34.2451 0.0148633 -847.263 -824.9 -727.468
  345 344.5 34.2975 0.0148861 -783.75 -818.979 -720.93
  346 345.5 34.2693 0.0148738 -729.944 -741.332 -733.674
  347 346.5 34.267 0.0148728 -667.251 -641.01 -642.803
  348 347.5 34.289 0.0148824 -660.71 -633.47 -641.712
  349 348.5 34.2565 0.0148683 -716.352 -675.478 -730.491
  350 349.5 34.2877 0.0148818 -675.4 -696.891 -728.862
  351 350.5 34.2751 0.0148764 -701.684 -646.875 -690.448
  352 351.5 34.2843 0.0148803 -723.778 -718.971 -669.744
  353 352.5 34.2866 0.0148813 -709.782 -808.427 -742.905
  354 353.5 34.259 0.0148694 -756.265 -697.069 -675.266
  355 354.5 34.2672 0.0148729 -767.237 -775.248 -720.701
  356 355.5 34.2916 0.0148835 -700.163 -873.467 -707.731
  357 356.5 34.2833 0.0148799 -656.94 -695.034 -683.506
  358 357.5 34.2528 0.0148667 -674.69 -686.709 -689.408
  359 358.5 34.2833 0.0148799 -758.717 -643.364 -723.467
  360 359.5 34.2838 0.0148801 -693.601 -580.525 -683.585
  361 360.5 34.2671 0.0148729 -723.262 -701.066 -704.267
  362 361.5 34.2766 0.014877 -765.77 -693.138 -738.824
  363 362.5 34.2935 0.0148843 -724.154 -737.28 -659.448
  364 363.5 34.276 0.0148767 -623.882 -715.514 -643.965
  365 364.5 34.2478 0.0148645 -718.598 -786.516 -797.295
  366 365.5 34.3075 0.0148904 -669.448 -735.716 -675.921
  367 366.5 34.2544 0.0148674 -641.776 -663.716 -698.693
  368 367.5 34.2794 0.0148782 -644.977 -719.336 -675.043
  369 368.5 34.2585 0.0148691 -602.315 -646.849 -743.68
  370 369.5 34.2654 0.0148721 -660.371 -686.934 -739.407
  371 370.5 34.2684 0.0148734 -639.867 -709.185 -683.34
  372 371.5 34.2677 0.0148731 -628.17 -724.76 -719.129
  373 372.5 34.2731 0.0148755 -715.186 -749.428 -681.794
  374 373.5 34.2768 0.0148771 -603.525 -585.203 -744.176
  375 374.5 34.2276 0.0148557 -713.078 -623.374 -787.126
  376 375.5 34.2576 0.0148687 -611.771 -583.024 -799.797
  377 376.5 34.2667 0.0148727 -590.407 -604.198 -736.431
  378 377.5 34.2475 0.0148644 -591.764 -621.993 -795.573
  379 378.5 34.2224 0.0148535 -612.212 -600.387 -865.53
  380 379.5 34.2309 0.0148572 -570.916 -609.769 -942.032
  381 380.5 34.2087 0.0148475 -555.097 -571.879 -934.236
  382 381.5 34.2016 0.0148444 -462.767 -482.912 -991.786
  383 382.5 34.1433 0.0148191 -418.148 -411.075 -1083.51
  384 383.5 34.1299 0.0148133 -243.631 -215.131 -1080.96
  385 384.5 34.0718 0.0147881 -320.682 -200.387 -1265.86
  386 385.5 34.0215 0.0147663 -61.0568 -125.412 -1187.38
  387 386.5 33.9181 0.0147214 130.717 129.706 -1386.53
  388 387.5 33.7905 0.014666 286.044 420.173 -1353.57
  389 388.5 33.6798 0.014618 474.737 570.386 -1400.15
  390 389.5 33.4826 0.0145324 735.877 716.985 -1306.63
  391 390.5 33.2789 0.014444 953.295 925.275 -1300.99
  392 391.5 33.0137 0.0143288 1123.11 1114.23 -1086.36
  393 392.5 32.7207 0.0142017 1284.67 1306.77 -917.364
  394 393.5 32.3735 0.014051 1279.36 1251.82 -666.498
  395 394.5 32.0129 0.0138945 1248.95 1254.39 -424.214
  396 395.5 31.6496 0.0137368 1053.93 1077.13 -44.2933
  397 396.5 31.2928 0.013582 834.782 794.264 149.053
  398 397.5 30.9392 0.0134285 688.544 629.226 348.278
  399 398.5 30.6817 0.0133167 478.706 480.212 451.431
  400 399.5 30.5261 0.0132492 245.639 252.605 507.266
  401 400.5 30.3643 0.013179 4.0957 49.5784 387.12
  402 401.5 30.3356 0.0131665 -56.0638 -154.155 208.396
  403 402.5 30.359 0.0131767 -128.877 -211.776 -2.32598
  404 403.5 30.4418 0.0132126 -132.606 -250.919 -223.117
  405 404.5 30.554 0.0132613 -195.111 -227.726 -393.15
  406 405.5 30.683 0.0133173 -172.424 -150.744 -560.397
  407 406.5 30.7792 0.013359 -233.874 -146.163 -749.132
  408 407.5 30.9124 0.0134168 -235.887 -305.159 -892.149
  409 408.5 31.0244 0.0134654 -358.34 -338.507 -895.646
  410 409.5 31.1307 0.0135116 -336.08 -288.329 -920.741
  411 410.5 31.1763 0.0135314 -407.498 -441.523 -993.289
  412 411.5 31.2392 0.0135587 -475.527 -452.727 -995.804
  413 412.5 31.2799 0.0135763 -474.85 -458.205 -978.909
  414 413.5 31.3832 0.0136212 -468.716 -452.914 -921.586
  415 414.5 31.3885 0.0136235 -566.627 -480.442 -909.748
  416 415.5 31.3742 0.0136173 -621.213 -536.677 -926.838
  417 416.5 31.4339 0.0136432 -558.665 -609.472 -907.009
  418 417.5 31.485 0.0136654 -649.168 -628.634 -853.93
  419 418.5 31.4314 0.0136421 -671.775 -657.163 -796.312
  420 419.5 31.4498 0.0136501 -718.639 -756.167 -856.448
  421 420.5 31.5053 0.0136742 -713.493 -684.909 -853.925
  422 421.5 31.5095 0.013676 -741.076 -809.725 -852.792
  423 422.5 31.4702 0.013659 -712.007 -706.276 -712.962
  424 423.5 31.4822 0.0136641 -664.73 -828.85 -807.563
  425 424.5 31.5193 0.0136802 -667.943 -729.458 -821.139
  426 425.5 31.508 0.0136753 -684.111 -621.384 -758.634
  427 426.5 31.4934 0.013669 -646.34 -684.365 -723.98
  428 427.5 31.4958 0.01367 -707.002 -759.415 -850.815
  429 428.5 31.515 0.0136784 -733.749 -665.046 -732.593
  430 429.5 31.5035 0.0136734 -809.019 -806.181 -797.978
  431 430.5 31.5094 0.0136759 -773.267 -819.53 -801.314
  432 431.5 31.5135 0.0136777 -743.238 -759.264 -715.773
  433 432.5 31.5057 0.0136743 -760.111 -797.364 -733.963
  434 433.5 31.5022 0.0136728 -811.052 -794.891 -833.936
  435 434.5 31.483 0.0136645 -823.359 -723.953 -757.971
  436 435.5 31.4962 0.0136702 -735.346 -704.989 -763.992
  437 436.5 31.5083 0.0136755 -801.017 -742.332 -762.005
  438 437.5 31.5152 0.0136785 -820.276 -830.757 -817.946
  439 438.5 31.5067 0.0136748 -751.76 -682.178 -682.575
  440 439.5 31.4854 0.0136655 -769.494 -726.73 -745.777
  441 440.5 31.5004 0.0136721 -762.533 -736.467 -798.209
  442 441.5 31.4913 0.0136681 -745.253 -827.176 -793.344
  443 442.5 31.4802 0.0136633 -690.162 -706.627 -734.407
  444 443.5 31.494 0.0136693 -851.546 -803.52 -759.208
  445 444.5 31.4866 0.0136661 -829.629 -755.844 -791.31
  446 445.5 31.4795 0.013663 -720.083 -642.287 -728.211
  447 446.5 31.4876 0.0136665 -745.992 -739.281 -762.13
  448 447.5 31.4865 0.013666 -701.445 -804.504 -741.574
  449 448.5 31.4905 0.0136678 -719.633 -735.398 -758.783
  450 449.5 31.4781 0.0136624 -822.058 -793.98 -770.178
  451 450.5 31.5081 0.0136754 -792.145 -732.584 -747.218
  452 451.5 31.4859 0.0136658 -772.156 -774.874 -745.503
  453 452.5 31.4856 0.0136656 -832.201 -809.533 -792.509
  454 453.5 31.487 0.0136662 -755.94 -775.155 -745.901
  455 454.5 31.4977 0.0136709 -734.834 -817.923 -740.509
  456 455.5 31.4853 0.0136655 -803.705 -773.689 -808.224
  457 456.5 31.4814 0.0136638 -719.199 -745.548 -739.362
  458 457.5 31.4886 0.0136669 -750.279 -693.486 -736.888
  459 458.5 31.4871 0.0136663 -731.134 -740.191 -803.38
  460 459.5 31.5073 0.013675 -759.692 -757.025 -736.665
  461 460.5 31.4758 0.0136614 -735.708 -734.227 -736.335
  462 461.5 31.5035 0.0136734 -755.655 -747.147 -772.425
  463 462.5 31.5137 0.0136778 -799.102 -711.111 -795.507
  464 463.5 31.4912 0.0136681 -776.351 -797.924 -749.49
  465 464.5 31.4959 0.0136701 -732.959 -669.7 -723.959
  466 465.5 31.5009 0.0136723 -854.683 -784.29 -845.41
  467 466.5 31.49 0.0136675 -811.807 -730.009 -714.539
  468 467.5 31.4694 0.0136586 -779.974 -691.306 -755.837
  469 468.5 31.5433 0.0136907 -762.838 -742.428 -779.52
  470 469.5 31.4756 0.0136613 -774.75 -711.182 -753.798
  471 470.5 31.4519 0.013651 -768.205 -686.453 -780.407
  472 471.5 31.5269 0.0136836 -739.46 -694.603 -809.046
  473 472.5 31.5113 0.0136768 -761.961 -710.96 -669.66
  474 473.5 31.4715 0.0136595 -740.155 -785.522 -779.206
  475 474.5 31.5012 0.0136724 -818.564 -806.116 -836.839
  476 475.5 31.5053 0.0136742 -771.101 -792.475 -774.76
  477 476.5 31.4743 0.0136607 -726.016 -701.963 -718.903
  478 477.5 31.4907 0.0136678 -770.082 -726.482 -757.651
  479 478.5 31.501 0.0136723 -794.337 -766.043 -777.256
  480 479.5 31.4878 0.0136666 -739.23 -753.53 -686.578
40000000 480 10888.999999999996
  1 0.5 31.5116 0.0136769 -810.133 -767.482 -773.637
  2 1.5 31.4835 0.0136647 -847.66 -836.768 -737.227
  3 2.5 31.5293 0.0136846 -775.302 -780.109 -777.289
  4 3.5 31.5443 0.0136911 -789.552 -834.305 -751.543
  5 4.5 31.4505 0.0136504 -836.911 -738.421 -738.663
  6 5.5 31.5008 0.0136722 -785.607 -795.617 -775.105
  7 6.5 31.5311 0.0136854 -745.483 -752.993 -778.76
  8 7.5 31.502 0.0136727 -818.35 -787.24 -721.009
  9 8.5 31.4808 0.0136635 -796.255 -789.155 -760.486
  10 9.5 31.4962 0.0136702 -832.91 -789.811 -764.427
  11 10.5 31.5303 0.013685 -827.632 -746.542 -803.666
  12 11.5 31.4691 0.0136585 -750.292 -759.284 -698.568
  13 12.5 31.4982 0.0136711 -698.123 -740.414 -792.682
  14 13.5 31.4999 0.0136718 -743.583 -688.093 -759.915
  15 14.5 31.5129 0.0136775 -746.317 -719.102 -712.556
  16 15.5 31.488 0.0136667 -739.985 -746.001 -786.101
  17 16.5 31.4999 0.0136718 -822.532 -856.478 -755.194
  18 17.5 31.5078 0.0136752 -770.522 -757.849 -786.889
  19 18.5 31.5296 0.0136847 -703.553 -806.69 -648.614
  20 19.5 31.5064 0.0136747 -808.689 -831.736 -831.954
  21 20.5 31.4681 0.013658 -742.173 -813.589 -779.889
  22 21.5 31.4961 0.0136702 -743.065 -819.137 -790.402
  23 22.5 31.5146 0.0136782 -823.733 -781.637 -678.241
  24 23.5 31.5056 0.0136743 -730.463 -763.081 -757.612
  25 24.5 31.4459 0.0136484 -824.212 -799.8 -823.407
  26 25.5 31.4894 0.0136673 -675.013 -731.568 -740.478
  27 26.5 31.536 0.0136875 -737.455 -748.48 -718.107
  28 27.5 31.4821 0.0136641 -771.728 -778.909 -708.935
  29 28.5 31.4423 0.0136468 -742.488 -726.611 -863.71
  30 29.5 31.4763 0.0136616 -754.847 -866.07 -790.475
  31 30.5 31.5121 0.0136771 -759.365 -741.266 -707.772
  32 31.5 31.4906 0.0136678 -753.966 -779.253 -724.364
  33 32.5 31.4642 0.0136563 -740.931 -825.514 -752.726
  34 33.5 31.4595 0.0136543 -797.755 -857.279 -823.91
  35 34.5 31.4835 0.0136647 -826.086 -838.456 -769.023
  36 35.5 31.4769 0.0136619 -760.693 -741.747 -683.984
  37 36.5 31.4545 0.0136521 -810.286 -749.151 -774.214
  38 37.5 31.4918 0.0136683 -818.111 -755.691 -798.578
  39 38.5 31.4681 0.013658 -735.737 -770.052 -727.943
  40 39.5 31.4567 0.0136531 -751.053 -800.84 -750.285
  41 40.5 31.456 0.0136528 -706.697 -755.194 -744.057
  42 41.5 31.4536 0.0136517 -794.683 -764.702 -814.125
  43 42.5 31.4576 0.0136535 -819.621 -760.424 -771.034
  44 43.5 31.4412 0.0136463 -830.034 -757.671 -703.693
  45 44.5 31.4803 0.0136633 -770.97 -744.533 -734.691
  46 45.5 31.4581 0.0136537 -732.565 -701.974 -808.811
  47 46.5 31.3956 0.0136266 -771.765 -684.867 -783.531
  48 47.5 31.4335 0.013643 -705.964 -702.837 -734.235
  49 48.5 31.5055 0.0136743 -739.604 -715.131 -763.985
  50 49.5 31.4254 0.0136395 -809.871 -759.017 -832.861
  51 50.5 31.4204 0.0136373 -779.265 -776.714 -718.56
  52 51.5 31.4794 0.0136629 -804.387 -725.326 -783.052
  53 52.5 31.4524 0.0136512 -836.644 -686.763 -810.989
  54 53.5 31.4176 0.0136361 -836.216 -723.678 -765.562
  55 54.5 31.4443 0.0136477 -732.831 -808.192 -839.289
  56 55.5 31.4376 0.0136448 -743.154 -722.611 -856.617
  57 56.5 31.4122 0.0136338 -738.276 -766.747 -890.464
  58 57.5 31.4094 0.0136326 -642.301 -650.899 -899.377
  59 58.5 31.3928 0.0136254 -644.272 -624.883 -880.197
  60 59.5 31.3887 0.0136236 -575.139 -617.27 -1004.12
  61 60.5 31.3562 0.0136094 -568.306 -507.108 -1055.14
  62 61.5 31.2991 0.0135847 -504.541 -529.51 -1080.66
  63 62.5 31.3149 0.0135915 -379.466 -463.632 -1202.61
  64 63.5 31.2054 0.013544 -376.957 -412.107 -1359.78
  65 64.5 31.1175 0.0135059 -149.288 -190.256 -1383.43
  66 65.5 31.0661 0.0134835 -91.3077 -94.6218 -1579.77
  67 66.5 30.9412 0.0134294 202.378 107.003 -1671.52
  68 67.5 30.7087 0.0133284 325.237 374.255 -1920.04
  69 68.5 30.5144 0.0132441 697.686 742.158 -1994.49
  70 69.5 30.2389 0.0131245 1048.5 1006.8 -2185.22
  71 70.5 29.8417 0.0129521 1491.6 1518.84 -2156.67
  72 71.5 29.3176 0.0127246 2017.14 1963.31 -2289.61
  73 72.5 28.6361 0.0124289 2464.04 2413.4 -2330.08
  74 73.5 27.7972 0.0120648 2992.79 2918.22 -1998.53
  75 74.5 26.7361 0.0116042 3443.15 3316.3 -1764.15
  76 75.5 25.3911 0.0110204 3773.67 3782.83 -1375.37
  77 76.5 23.7431 0.0103052 4074.48 4035.1 -838.011
  78 77.5 21.8816 0.00949724 4131.44 4174.34 -226.182
  79 78.5 19.7918 0.0085902 4160.13 4177.78 419.431
  80 79.5 17.5034 0.00759697 3866.16 3785.05 1002.75
  81 80.5 15.2127 0.00660275 3416.74 3350.21 1604.69
  82 81.5 12.9511 0.00562115 2592.55 2598.47 2053.99
  83 82.5 10.8115 0.00469251 1623.63 1656.63 2337.13
  84 83.5 8.84719 0.00383992 380.787 387.974 2346.14
  85 84.5 7.19191 0.00312149 -1039.43 -1083.32 2037.11
  86 85.5 5.80259 0.00251849 -2687.71 -2742.76 1442.21
  87 86.5 4.68967 0.00203545 -4519.81 -4453.72 410.972
  88 87.5 3.80347 0.00165081 -6414.55 -6341.56 -1165.71
  89 88.5 3.12596 0.00135675 -8171.35 -8088.99 -3024.43
  90 89.5 2.6653 0.00115682 -9918.85 -9850.75 -4947.45
  91 90.5 2.32664 0.00100983 -11365.1 -11444 -6956.22
  92 91.5 2.06969 0.000898301 -12685 -12633 -8820.91
  93 92.5 1.90414 0.00082645 -13613.3 -13564.5 -10463.8
  94 93.5 1.77056 0.000768471 -14323.3 -14237.9 -12066.8
  95 94.5 1.6966 0.000736373 -14829.9 -14861.6 -12999.2
  96 95.5 1.63934 0.000711517 -15314.7 -15279.5 -13846.4
  97 96.5 1.6029 0.000695701 -15563.4 -15527.1 -14317.8
  98 97.5 1.58199 0.000686628 -15670.9 -15669.6 -14731.2
  99 98.5 1.5631 0.000678429 -15807.4 -15790.7 -15088.3
  100 99.5 1.54794 0.00067185 -16005.6 -15920.5 -15267.4
  101 100.5 1.53045 0.00066426 -15882.3 -16026.3 -15575
  102 101.5 1.5253 0.000662023 -16022.5 -15870.7 -15667.5
  103 102.5 1.52925 0.000663735 -15965 -16075.4 -15631.4
  104 103.5 1.52801 0.000663197 -16038.2 -16026.7 -15729.4
  105 104.5 1.52395 0.000661435 -16095.4 -15850.9 -15787.4
  106 105.5 1.52592 0.000662293 -16052 -15815 -15772.8
  107 106.5 1.52454 0.000661694 -15891.8 -15839.6 -15805
  108 107.5 1.52675 0.000662653 -15917.4 -15782.9 -15740
  109 108.5 1.52218 0.000660669 -15761.7 -15720.3 -15843.9
  110 109.5 1.52405 0.000661481 -15921.2 -15770 -15814
  111 110.5 1.51996 0.000659705 -15928.3 -15800.6 -15939.7
  112 111.5 1.52433 0.000661602 -15888.5 -15723.8 -15792
  113 112.5 1.51895 0.000659268 -16106 -15799.9 -15925.2
  114 113.5 1.51649 0.000658199 -15822.5 -15797.7 -15831.9
  115 114.5 1.50735 0.000654231 -15868.3 -15845.7 -15997.8
  116 115.5 1.51012 0.000655433 -15824.6 -15711.3 -15995.2
  117 116.5 1.50626 0.00065376 -15883.9 -15748.1 -15999.6
  118 117.5 1.50978 0.000655286 -16040.3 -15926.7 -15917.9
  119 118.5 1.51405 0.000657141 -15791.8 -15850.7 -16004.2
  120 119.5 1.51626 0.000658098 -15880.4 -15761.7 -15919.9
  121 120.5 1.52362 0.000661294 -15825.4 -15821.6 -15792.5
  122 121.5 1.5256 0.000662152 -15979.8 -15940.4 -15803.9
  123 122.5 1.52005 0.000659745 -15887.4 -15895.6 -15843.1
  124 123.5 1.5245 0.000661674 -15964.7 -15750.7 -15888.4
  125 124.5 1.52432 0.000661596 -16125.1 -15800.1 -15814.2
  126 125.5 1.51443 0.000657306 -16089.4 -15844.1 -15941.6
  127 126.5 1.51767 0.000658712 -15957.8 -15931.2 -15896.5
  128 127.5 1.51867 0.000659145 -15987.4 -15843 -15907.6
  129 128.5 1.52184 0.000660522 -15935.3 -15856.6 -15822.5
  130 129.5 1.52249 0.000660803 -15989.6 -15743.2 -15829.1
  131 130.5 1.52282 0.000660944 -15868.5 -15807.3 -15812
  132 131.5 1.52458 0.00066171 -16093.2 -15856.5 -15868
  133 132.5 1.52836 0.000663349 -15986.3 -15823.3 -15748
  134 133.5 1.53978 0.000668308 -16109.2 -15884.4 -15632.2
  135 134.5 1.53798 0.000667524 -16083 -15872.6 -15720.1
  136 135.5 1.53896 0.000667951 -15799.8 -15766.8 -15711.7
  137 136.5 1.53593 0.000666635 -15773.1 -15581.7 -15669.4
  138 137.5 1.53689 0.000667051 -15812.8 -15652.8 -15751.4
  139 138.5 1.53231 0.000665063 -15699.2 -15692.1 -15724.7
  140 139.5 1.53646 0.000666865 -15984.9 -15800.9 -15678.7
  141 140.5 1.53944 0.000668158 -15874.2 -15880.6 -15696.3
  142 141.5 1.53969 0.00066827 -16013.2 -15927.3 -15674.9
  143 142.5 1.53873 0.000667852 -15687 -15898 -15659
  144 143.5 1.53697 0.000667086 -15667.3 -15901.3 -15691.8
  145 144.5 1.53318 0.000665441 -15696.9 -15735.5 -15709
  146 145.5 1.52557 0.00066214 -15861.8 -15817 -15891
  147 146.5 1.53421 0.000665891 -15537.7 -15854 -15729.7
  148 147.5 1.53231 0.000665064 -15626.4 -15700.7 -15714.4
  149 148.5 1.5326 0.000665191 -15592.6 -15796.8 -15763.6
  150 149.5 1.53381 0.000665716 -15606.3 -15683.4 -15719.9
  151 150.5 1.53007 0.000664093 -15656.4 -15601 -15692.4
  152 151.5 1.52578 0.00066223 -15722 -15591.8 -15870.3
  153 152.5 1.52828 0.000663314 -15672.5 -15791.1 -15753.7
  154 153.5 1.52182 0.000660511 -15660.4 -15767.2 -15850.1
  155 154.5 1.51956 0.000659532 -15872.1 -15740.1 -15866.1
  156 155.5 1.52298 0.000661014 -15971 -15753.7 -15845.8
  157 156.5 1.52718 0.000662839 -15987.8 -15711.7 -15773.2
  158 157.5 1.52161 0.000660419 -15989.6 -15771.5 -15847.6
  159 158.5 1.52107 0.000660185 -15987.7 -15812.9 -15910.6
  160 159.5 1.52668 0.000662621 -15900.5 -15801 -15791.6
  161 160.5 1.52279 0.000660935 -15829.2 -15751.6 -15827.5
  162 161.5 1.52819 0.000663279 -15802.1 -15874 -15742.6
  163 162.5 1.52569 0.00066219 -15848.1 -15948.5 -15862.2
  164 163.5 1.51475 0.000657444 -15801 -15794.8 -15875.1
  165 164.5 1.51436 0.000657273 -15855.9 -15973.3 -15917.7
  166 165.5 1.5276 0.000663022 -15781.6 -15583.1 -15810
  167 166.5 1.53046 0.000664263 -15763.5 -15572.9 -15775.7
  168 167.5 1.53062 0.000664331 -15855.3 -15677.5 -15740.5
  169 168.5 1.53179 0.000664838 -15953.3 -15661.7 -15752.7
  170 169.5 1.53406 0.000665826 -15951.1 -15755.3 -15773.1
  171 170.5 1.52745 0.000662954 -15857.8 -15865.7 -15780.6
  172 171.5 1.5244 0.000661631 -16100.4 -15805.9 -15774.5
  173 172.5 1.52452 0.000661685 -15972.6 -15854.5 -15843.7
  174 173.5 1.52473 0.000661774 -15939.1 -15759.5 -15821.5
  175 174.5 1.53241 0.00066511 -15972.6 -15917 -15799.8
  176 175.5 1.53404 0.000665814 -15769.6 -15765 -15702.7
  177 176.5 1.53787 0.000667477 -15916.7 -15811.4 -15656.7
  178 177.5 1.53486 0.00066617 -16003.2 -15714 -15756
  179 178.5 1.53572 0.000666543 -15778.3 -15838.1 -15732.7
  180 179.5 1.52936 0.000663783 -15850.2 -15875.6 -15777.7
  181 180.5 1.52498 0.000661883 -15801.8 -15846.9 -15841.6
  182 181.5 1.52266 0.000660875 -16018.1 -16054.1 -15824
  183 182.5 1.52607 0.000662357 -16015 -15906.8 -15776
  184 183.5 1.51547 0.000657754 -15949.5 -15816.4 -15925.7
  185 184.5 1.51723 0.000658521 -15889.4 -15795.8 -15892
  186 185.5 1.51176 0.000656148 -15808.7 -15917.9 -15983.8
  187 186.5 1.5152 0.000657638 -16040.5 -16015.7 -15963.7
  188 187.5 1.50757 0.000654327 -15958.6 -16060.7 -15978.7
  189 188.5 1.50807 0.000654543 -16014.5 -16118.4 -15969.2
  190 189.5 1.50903 0.000654963 -16264.6 -16014.3 -15953.7
  191 190.5 1.49391 0.000648399 -16172.3 -15902.9 -16145.4
  192 191.5 1.49809 0.000650212 -16284.6 -15923.7 -16085
  193 192.5 1.49538 0.000649035 -16070.4 -15778.1 -16163.7
  194 193.5 1.49426 0.00064855 -16121.8 -15805.7 -16146
  195 194.5 1.49625 0.000649412 -16263.6 -15737.3 -16097.4
  196 195.5 1.49838 0.000650337 -16223.5 -15708.2 -16067.3
  197 196.5 1.49118 0.000647215 -16163 -15881.2 -16214.4
  198 197.5 1.493 0.000648002 -16034.5 -16036.3 -16152.8
  199 198.5 1.48821 0.000645924 -15959.8 -15742.4 -16230.3
  200 199.5 1.50427 0.000652894 -15923.3 -15678.3 -15988.7
  201 200.5 1.51118 0.000655894 -16076.4 -15571.5 -15936.7
  202 201.5 1.50451 0.000652999 -16123 -15746.2 -16053.2
  203 202.5 1.50146 0.000651677 -16083.1 -15695.5 -16066.4
  204 203.5 1.50844 0.000654706 -16150 -15769.8 -15974
  205 204.5 1.50739 0.000654251 -16047.2 -15953.2 -15980.3
  206 205.5 1.50882 0.000654868 -16188.5 -15755.1 -16009.5
  207 206.5 1.52526 0.000662007 -16070.1 -15868 -15823
  208 207.5 1.52713 0.000662816 -15919.6 -16075.6 -15727.8
  209 208.5 1.53037 0.000664223 -15919 -16036.8 -15740.8
  210 209.5 1.53568 0.000666526 -15896.5 -16012.6 -15638.2
  211 210.5 1.53195 0.000664907 -15761.3 -15921.4 -15719.8
  212 211.5 1.5351 0.000666277 -15881.6 -15723.5 -15559.6
  213 212.5 1.54468 0.000670434 -15904.8 -15707.5 -15510.1
  214 213.5 1.55108 0.000673211 -15852.5 -15506 -15393.4
  215 214.5 1.558 0.000676214 -15972.7 -15573.5 -15246.5
  216 215.5 1.56269 0.00067825 -15966.3 -15498.4 -15083.7
  217 216.5 1.58025 0.000685874 -15816.4 -15355.1 -14817.7
  218 217.5 1.60918 0.000698429 -15437.9 -15158.2 -14413.9
  219 218.5 1.63963 0.000711645 -15318.8 -15118 -13924.3
  220 219.5 1.68886 0.000733014 -14993.2 -14833.9 -13200.1
  221 220.5 1.75937 0.000763615 -14559.1 -14454.9 -12336.4
  222 221.5 1.86231 0.000808296 -14013.2 -13799.6 -11065.4
  223 222.5 1.99119 0.00086423 -13180.3 -12962.2 -9771.16
  224 223.5 2.19659 0.000953381 -12353.3 -11903.5 -7971.11
  225 224.5 2.48962 0.00108056 -10839.6 -10558.5 -6002.57
  226 225.5 2.90594 0.00126126 -9101.21 -9121.64 -3882.75
  227 226.5 3.47659 0.00150894 -7403.46 -7309.6 -1914.68
  228 227.5 4.25622 0.00184732 -5554.48 -5515.42 -316.601
  229 228.5 5.28444 0.0022936 -3593.26 -3615.18 1179.54
  230 229.5 6.59357 0.00286179 -1902.36 -1951.04 1977.11
  231 230.5 8.18596 0.00355293 -299.957 -286.644 2553.3
  232 231.5 10.0919 0.00438018 1172.81 1187.34 2757.04
  233 232.5 12.2226 0.00530496 2246.73 2225.94 2573.36
  234 233.5 14.519 0.00630164 3214.28 3150.79 2372.44
  235 234.5 16.9427 0.00735359 3866.12 3913.56 1973.88
  236 235.5 19.3693 0.00840684 4503.98 4520.06 1527.04
  237 236.5 21.6526 0.00939782 4776.72 4784.4 965.146
  238 237.5 23.8215 0.0103392 4860.17 4888.27 363.53
  239 238.5 25.7727 0.0111861 4910.05 4886.96 -172.262
  240 239.5 27.4165 0.0118995 4707.09 4723.87 -736.719
  241 240.5 28.7996 0.0124998 4385.59 4506.23 -1238.31
  242 241.5 29.9728 0.013009 4046.38 4188.33 -1597.94
  243 242.5 30.929 0.013424 3650.61 3776.16 -1873.2
  244 243.5 31.6569 0.01374 3165.1 3190.45 -2223.01
  245 244.5 32.2534 0.0139989 2655.13 2620.78 -2278.12
  246 245.5 32.7553 0.0142167 2160.42 2217.69 -2261.46
  247 246.5 33.1173 0.0143738 1673.64 1681.81 -2176.91
  248 247.5 33.3877 0.0144912 1245.67 1225.57 -2143.03
  249 248.5 33.6091 0.0145873 892.415 825.34 -1970.67
  250 249.5 33.7972 0.0146689 593.434 518.355 -1899.35
  251 250.5 33.9508 0.0147356 311.902 367.728 -1636.93
  252 251.5 33.9936 0.0147542 153.927 85.7879 -1576.52
  253 252.5 34.134 0.0148151 -34.7348 -89.5135 -1417.93
  254 253.5 34.1781 0.0148342 -214.931 -117.282 -1186.46
  255 254.5 34.2154 0.0148504 -301.221 -268.502 -1094.94
  256 255.5 34.2308 0.0148571 -441.979 -548.541 -1221.56
  257 256.5 34.3074 0.0148904 -553.567 -552.473 -1002.49
  258 257.5 34.2868 0.0148814 -537.3 -546.031 -840.907
  259 258.5 34.316 0.0148941 -644.609 -645.597 -943.899
  260 259.5 34.3289 0.0148997 -562.681 -627.918 -875.996
  261 260.5 34.3337 0.0149018 -629.178 -658.886 -735.5
  262 261.5 34.3433 0.014906 -648.111 -744.314 -799.048
  263 262.5 34.3742 0.0149193 -685.827 -685.599 -757.098
  264 263.5 34.3323 0.0149012 -704.526 -701.186 -807.761
  265 264.5 34.3033 0.0148886 -702.387 -704.225 -700.021
  266 265.5 34.4003 0.0149307 -608.23 -619.252 -751.092
  267 266.5 34.3396 0.0149044 -677.118 -715.04 -732.97
  268 267.5 34.3264 0.0148986 -645.974 -713.329 -645.014
  269 268.5 34.3625 0.0149143 -688.897 -691.685 -751.927
  270 269.5 34.3818 0.0149226 -726.735 -651.385 -730.241
  271 270.5 34.309 0.0148911 -664.015 -659.141 -672.494
  272 271.5 34.3431 0.0149059 -759.371 -706.182 -654.522
  273 272.5 34.3707 0.0149178 -658.694 -724.651 -763
  274 273.5 34.3217 0.0148966 -671.771 -697.192 -677.79
  275 274.5 34.3141 0.0148933 -622.394 -684.24 -686.842
  276 275.5 34.3535 0.0149104 -658.19 -629.39 -610.712
  277 276.5 34.3272 0.0148989 -709.965 -775.705 -739.573
  278 277.5 34.3012 0.0148877 -706.762 -634.544 -754.481
  279 278.5 34.314 0.0148932 -695.384 -756.602 -698.462
  280 279.5 34.356 0.0149115 -639.719 -655.356 -585.85
  281 280.5 34.326 0.0148984 -678.872 -678.925 -730.525
  282 281.5 34.3082 0.0148907 -680.42 -742.214 -707.388
  283 282.5 34.3234 0.0148973 -688.998 -663.681 -688.54
  284 283.5 34.3197 0.0148957 -727.442 -691.864 -697.251
  285 284.5 34.3244 0.0148977 -647.898 -678.797 -633.779
  286 285.5 34.3079 0.0148906 -694.288 -727.188 -716.92
  287 286.5 34.3145 0.0148935 -709.032 -683.201 -713.731
  288 287.5 34.3124 0.0148925 -694.972 -682.317 -674.933
  289 288.5 34.308 0.0148906 -683.541 -619.034 -646.046
  290 289.5 34.2912 0.0148834 -689.05 -623.652 -735.358
  291 290.5 34.3208 0.0148962 -697.502 -679.603 -747.753
  292 291.5 34.2861 0.0148811 -689.927 -695.288 -648.729
  293 292.5 34.3482 0.0149081 -663.737 -809.158 -680.543
  294 293.5 34.3158 0.014894 -644.236 -737.235 -693.303
  295 294.5 34.2737 0.0148757 -548.711 -702.332 -692.388
  296 295.5 34.3213 0.0148964 -692.654 -711.188 -704.302
  297 296.5 34.3127 0.0148927 -677.871 -659.491 -717.365
  298 297.5 34.3014 0.0148878 -670.121 -665.989 -643.754
  299 298.5 34.2772 0.0148773 -623.295 -654.094 -697.914
  300 299.5 34.3293 0.0148999 -654.156 -663.544 -716.961
  301 300.5 34.3113 0.014892 -699.345 -636.063 -683.396
  302 301.5 34.2604 0.01487 -658.439 -759.994 -666.203
  303 302.5 34.3048 0.0148892 -711.943 -677.82 -681.377
  304 303.5 34.3138 0.0148931 -706.478 -701.973 -704.005
  305 304.5 34.2932 0.0148842 -746.007 -743.885 -686.206
  306 305.5 34.2665 0.0148726 -626.145 -673.21 -707.158
  307 306.5 34.2897 0.0148827 -775.382 -807.914 -745.557
  308 307.5 34.3159 0.014894 -713.841 -622.667 -607.175
  309 308.5 34.2923 0.0148838 -818.559 -692.373 -679.285
  310 309.5 34.2745 0.0148761 -694.701 -615.21 -757.934
  311 310.5 34.3073 0.0148903 -662.22 -583.238 -652.562
  312 311.5 34.3104 0.0148917 -702.861 -712.739 -677.213
  313 312.5 34.3017 0.0148879 -655.079 -657.864 -645.081
  314 313.5 34.2949 0.0148849 -663.435 -702.194 -738.955
  315 314.5 34.3214 0.0148964 -653.941 -724.383 -704.354
  316 315.5 34.3015 0.0148878 -817.907 -814.918 -701.317
  317 316.5 34.3158 0.014894 -735.976 -855.106 -670.809
  318 317.5 34.3187 0.0148953 -714.633 -746.503 -725.025
  319 318.5 34.3172 0.0148946 -654.416 -759.254 -675.414
  320 319.5 34.3261 0.0148985 -683.333 -711.85 -651.047
  321 320.5 34.3029 0.0148884 -714.753 -707.008 -694.266
  322 321.5 34.3193 0.0148955 -684.386 -665.536 -698.272
  323 322.5 34.3271 0.0148989 -581.981 -694.046 -715.237
  324 323.5 34.2893 0.0148825 -690.302 -691.756 -664.885
  325 324.5 34.3483 0.0149081 -756.195 -767.248 -692.989
  326 325.5 34.3457 0.014907 -719.516 -669.333 -641.906
  327 326.5 34.322 0.0148967 -760.948 -714.573 -728.516
  328 327.5 34.3209 0.0148962 -782.246 -842.171 -715.699
  329 328.5 34.3447 0.0149066 -724.516 -768.452 -740.258
  330 329.5 34.3469 0.0149075 -635.192 -634.632 -630.693
  331 330.5 34.3051 0.0148894 -618.651 -622.344 -687.577
  332 331.5 34.3326 0.0149013 -664.275 -673.877 -719.616
  333 332.5 34.3284 0.0148995 -648.072 -708.651 -710.937
  334 333.5 34.334 0.0149019 -564.134 -668.815 -666.385
  335 334.5 34.346 0.0149071 -713.893 -728.36 -716.824
  336 335.5 34.3191 0.0148954 -701.702 -766.759 -680.242
  337 336.5 34.3489 0.0149084 -648.514 -537.613 -656.314
  338 337.5 34.3213 0.0148964 -800.176 -666.354 -714.081
  339 338.5 34.3479 0.0149079 -757.931 -660.198 -679.003
  340 339.5 34.3257 0.0148983 -826.243 -674.276 -730.548
  341 340.5 34.3412 0.014905 -775.396 -739.594 -731.682
  342 341.5 34.31 0.0148915 -711.096 -758.625 -643.807
  343 342.5 34.3388 0.014904 -730.733 -719.155 -647.583
  344 343.5 34.3555 0.0149112 -699.286 -584.394 -703.602
  345 344.5 34.3114 0.0148921 -672.22 -662.61 -707.116
  346 345.5 34.2982 0.0148864 -713.453 -727.708 -689.203
  347 346.5 34.354 0.0149106 -670.984 -712.793 -701.434
  348 347.5 34.317 0.0148945 -710.777 -755.696 -702.82
  349 348.5 34.316 0.0148941 -624.648 -696.075 -677.338
  350 349.5 34.3362 0.0149029 -662.476 -717.025 -704.733
  351 350.5 34.3227 0.014897 -729.524 -697.242 -635.459
  352 351.5 34.3097 0.0148914 -765.461 -779.303 -717.332
  353 352.5 34.3462 0.0149072 -756.75 -714.788 -706.434
  354 353.5 34.3204 0.014896 -775.79 -706.358 -732.517
  355 354.5 34.3107 0.0148918 -763.56 -683.162 -618.324
  356 355.5 34.3231 0.0148972 -800.453 -718.176 -694.175
  357 356.5 34.3526 0.01491 -744.832 -700.928 -733.458
  358 357.5 34.2964 0.0148856 -686.239 -613.952 -684.689
  359 358.5 34.3065 0.01489 -768.518 -704.356 -700.944
  360 359.5 34.3216 0.0148965 -684.441 -653.605 -648.366
  361 360.5 34.3458 0.014907 -687.609 -713.953 -642.144
  362 361.5 34.2888 0.0148823 -798.066 -772.386 -740.736
  363 362.5 34.3014 0.0148878 -669.461 -754.691 -677.035
  364 363.5 34.3399 0.0149045 -681.483 -661.985 -723.137
  365 364.5 34.2917 0.0148836 -753.615 -754.396 -699.964
  366 365.5 34.3183 0.0148951 -637.831 -692.755 -658.049
  367 366.5 34.3268 0.0148988 -708.068 -688.819 -675.994
  368 367.5 34.3231 0.0148972 -672.548 -653.376 -679.064
  369 368.5 34.2696 0.0148739 -646.558 -626 -722.33
  370 369.5 34.3321 0.0149011 -700.578 -651.886 -687.966
  371 370.5 34.3234 0.0148973 -729.617 -777.872 -728.505
  372 371.5 34.3018 0.0148879 -650.631 -766.474 -690.633
  373 372.5 34.2973 0.014886 -619.991 -773.517 -748.951
  374 373.5 34.3316 0.0149009 -645.13 -680.498 -740.293
  375 374.5 34.3199 0.0148958 -576.076 -685.833 -692.146
  376 375.5 34.3084 0.0148908 -643.279 -702.915 -749.81
  377 376.5 34.3079 0.0148906 -610.871 -661.408 -804.548
  378 377.5 34.2998 0.0148871 -553.062 -600.852 -783.68
  379 378.5 34.2939 0.0148845 -592.807 -624.571 -787.835
  380 379.5 34.2874 0.0148817 -616.488 -651.009 -905.276
  381 380.5 34.2571 0.0148686 -443.896 -581.357 -863.034
  382 381.5 34.2606 0.0148701 -369.839 -508.517 -957.27
  383 382.5 34.2008 0.0148441 -368.637 -449.091 -981.309
  384 383.5 34.209 0.0148477 -341.037 -434.998 -1019.38
  385 384.5 34.1613 0.014827 -316.508 -382.146 -1163.68
  386 385.5 34.1115 0.0148053 -178.786 -207.019 -1200.28
  387 386.5 34.0339 0.0147717 -27.7694 -76.3686 -1246.74
  388 387.5 33.9383 0.0147302 178.149 201.816 -1376.46
  389 388.5 33.8368 0.0146861 401.693 393.587 -1263.57
  390 389.5 33.7154 0.0146334 494.49 567.415 -1373.69
  391 390.5 33.5041 0.0145417 685.853 636.716 -1474.37
  392 391.5 33.279 0.014444 923.571 944.427 -1312.32
  393 392.5 33.0677 0.0143523 1128.01 1163.85 -1093.58
  394 393.5 32.8066 0.014239 1267.48 1320.48 -922.83
  395 394.5 32.3891 0.0140578 1380.57 1393.48 -649.333
  396 395.5 31.9859 0.0138828 1406.8 1321.92 -394.982
  397 396.5 31.6732 0.013747 1202.25 1165.19 -41.8753
  398 397.5 31.2994 0.0135848 861.865 926.585 207.256
  399 398.5 30.9278 0.0134235 665.333 653.216 390.429
  400 399.5 30.6564 0.0133057 357.042 427.787 519.61
  401 400.5 30.4738 0.0132265 147.589 166.021 545.292
  402 401.5 30.3469 0.0131714 0.360595 56.2149 365.73
  403 402.5 30.3181 0.0131589 -89.0468 -16.786 296.094
  404 403.5 30.3207 0.01316 -179.967 -73.063 -9.07743
  405 404.5 30.433 0.0132088 -228.663 -153.965 -185.625
  406 405.5 30.565 0.013266 -220.623 -136.051 -352.6
  407 406.5 30.6649 0.0133094 -122.817 -74.1095 -596.213
  408 407.5 30.7386 0.0133414 -156.931 -216.295 -807.989
  409 408.5 30.8938 0.0134088 -213.57 -227.108 -824.081
  410 409.5 31.0273 0.0134667 -286.987 -173.085 -833.415
  411 410.5 31.1057 0.0135007 -313.833 -354.892 -993.732
  412 411.5 31.1174 0.0135058 -423.093 -393.929 -1044.89
  413 412.5 31.245 0.0135612 -434.78 -458.963 -947.425
  414 413.5 31.3505 0.013607 -478.481 -549.884 -960.452
  415 414.5 31.3111 0.0135899 -583.487 -524.37 -909.091
  416 415.5 31.3496 0.0136066 -602.301 -635.467 -959.701
  417 416.5 31.416 0.0136354 -668.85 -665.374 -929.117
  418 417.5 31.4578 0.0136535 -624.171 -599.403 -869.36
  419 418.5 31.4212 0.0136377 -638.573 -650.653 -845.035
  420 419.5 31.4267 0.0136401 -627.067 -665.232 -856.144
  421 420.5 31.4844 0.0136651 -613.948 -683.42 -886.025
  422 421.5 31.5021 0.0136728 -709.463 -743.533 -756.807
  423 422.5 31.449 0.0136497 -719.647 -677.303 -767.94
  424 423.5 31.505 0.013674 -850.634 -744.548 -873.792
  425 424.5 31.4999 0.0136718 -705.39 -710.717 -780.797
  426 425.5 31.4674 0.0136577 -757.668 -794.795 -818.332
  427 426.5 31.4902 0.0136676 -760.519 -731.582 -774.945
  428 427.5 31.4924 0.0136686 -689.108 -591.621 -760.103
  429 428.5 31.5015 0.0136725 -714.91 -594.173 -737.971
  430 429.5 31.4748 0.0136609 -763.625 -706.759 -791.05
  431 430.5 31.4829 0.0136644 -736.905 -698.654 -762.185
  432 431.5 31.4962 0.0136702 -717.236 -689.757 -740.997
  433 432.5 31.49 0.0136675 -753.591 -701.944 -764.916
  434 433.5 31.4614 0.0136551 -708.516 -731.606 -787.621
  435 434.5 31.5014 0.0136725 -795.605 -778.236 -744.014
  436 435.5 31.4858 0.0136657 -823.863 -816.57 -749.227
  437 436.5 31.5107 0.0136765 -700.416 -700.105 -738.519
  438 437.5 31.4631 0.0136559 -755.572 -736.202 -797.72
  439 438.5 31.4713 0.0136594 -754.623 -644.427 -721.87
  440 439.5 31.4956 0.01367 -737.035 -703.844 -778.026
  441 440.5 31.5107 0.0136765 -739.412 -745.667 -792.251
  442 441.5 31.4451 0.0136481 -690.205 -682.309 -738.437
  443 442.5 31.4864 0.013666 -628.553 -664.417 -748.116
  444 443.5 31.4734 0.0136603 -691.953 -714.932 -705.612
  445 444.5 31.4865 0.013666 -802.373 -732.13 -820.496
  446 445.5 31.4588 0.013654 -804.094 -880.298 -750.305
  447 446.5 31.4628 0.0136557 -764.202 -817.664 -738.78
  448 447.5 31.468 0.013658 -812.446 -881.199 -786.705
  449 448.5 31.4841 0.013665 -730.195 -786.562 -721.524
  450 449.5 31.4386 0.0136452 -768.725 -739.495 -776.116
  451 450.5 31.4636 0.0136561 -737.787 -814.11 -744.67
  452 451.5 31.486 0.0136658 -768.726 -835.883 -734.804
  453 452.5 31.479 0.0136628 -749.966 -719.671 -729.67
  454 453.5 31.4466 0.0136487 -891.15 -770.021 -773.189
  455 454.5 31.4902 0.0136676 -830.468 -787.177 -763.088
  456 455.5 31.4865 0.013666 -795.321 -816.302 -739.898
  457 456.5 31.4679 0.013658 -733.256 -792.624 -763.572
  458 457.5 31.479 0.0136627 -704.169 -743.599 -755.413
  459 458.5 31.5022 0.0136728 -705.763 -751.852 -727.429
  460 459.5 31.4628 0.0136557 -734.427 -791.914 -825.675
  461 460.5 31.5012 0.0136724 -697.839 -744.745 -715.956
  462 461.5 31.5202 0.0136806 -780.971 -837.12 -752.088
  463 462.5 31.5199 0.0136805 -773.348 -774.149 -781.955
  464 463.5 31.5101 0.0136763 -803.58 -775.196 -726.128
  465 464.5 31.4984 0.0136712 -840.957 -830.726 -799.898
  466 465.5 31.5497 0.0136934 -815.685 -741.572 -742.095
  467 466.5 31.522 0.0136814 -655.054 -678.307 -794.009
  468 467.5 31.4821 0.0136641 -687.492 -732.712 -766.506
  469 468.5 31.5135 0.0136777 -781.76 -724.35 -735.541
  470 469.5 31.5395 0.013689 -711.876 -779.695 -762.267
  471 470.5 31.5146 0.0136782 -718.893 -760.931 -774.324
  472 471.5 31.4863 0.0136659 -675.76 -783.058 -771.509
  473 472.5 31.5301 0.013685 -735.614 -724.046 -732.159
  474 473.5 31.5168 0.0136792 -697.705 -727.171 -760.545
  475 474.5 31.497 0.0136706 -826.996 -832.831 -756.513
  476 475.5 31.513 0.0136775 -767.711 -813.313 -761.951
  477 476.5 31.5285 0.0136842 -669.087 -768.228 -778.233
  478 477.5 31.489 0.0136671 -780.154 -734.287 -756.78
  479 478.5 31.5065 0.0136747 -752.204 -726.163 -739.324
  480 479.5 31.5549 0.0136957 -764.352 -707.477 -729.604
50000000 480 10888.999999999995
  1 0.5 31.4797 0.0136631 -711.152 -754.324 -739.881
  2 1.5 31.4564 0.013653 -823.674 -747.257 -772.447
  3 2.5 31.4047 0.0136305 -798.64 -733.02 -766.038
  4 3.5 31.4685 0.0136582 -758.135 -772.08 -776.186
  5 4.5 31.4813 0.0136637 -700.521 -859.26 -710.09
  6 5.5 31.4565 0.013653 -791.251 -806.305 -762.267
  7 6.5 31.4136 0.0136344 -735.775 -783.942 -755.467
  8 7.5 31.478 0.0136623 -725.153 -748.006 -746.355
  9 8.5 31.4773 0.013662 -746.26 -745.303 -736.909
  10 9.5 31.4327 0.0136427 -867.017 -804.273 -745.379
  11 10.5 31.4458 0.0136484 -778.147 -744.988 -782.847
  12 11.5 31.4918 0.0136683 -759.532 -786.915 -795.808
  13 12.5 31.4585 0.0136538 -734.824 -789.813 -711.724
  14 13.5 31.4302 0.0136416 -714.731 -749.717 -689.592
  15 14.5 31.4713 0.0136594 -793.749 -805.755 -824.189
  16 15.5 31.4258 0.0136397 -787.337 -822.736 -784.508
  17 16.5 31.4466 0.0136487 -715.71 -824.848 -708.425
  18 17.5 31.4597 0.0136544 -807.815 -767.951 -783.547
  19 18.5 31.4609 0.0136549 -831.669 -811.497 -769.135
  20 19.5 31.4233 0.0136386 -842.868 -831.367 -719.428
  21 20.5 31.4665 0.0136574 -846.824 -763.649 -783.238
  22 21.5 31.4497 0.01365 -808.731 -789.201 -772.861
  23 22.5 31.4507 0.0136505 -720.701 -839.218 -691.403
  24 23.5 31.4361 0.0136442 -733.757 -868.718 -783.283
  25 24.5 31.4804 0.0136634 -789.254 -804.202 -736.29
  26 25.5 31.4344 0.0136434 -792.884 -792.141 -754.345
  27 26.5 31.4388 0.0136453 -824.067 -755.477 -788.211
  28 27.5 31.4478 0.0136492 -837.546 -719.896 -757.006
  29 28.5 31.4753 0.0136612 -767.267 -726.773 -741.288
  30 29.5 31.4534 0.0136517 -755.208 -787.768 -700.671
  31 30.5 31.4294 0.0136412 -795.247 -740.382 -741.843
  32 31.5 31.4497 0.0136501 -813.014 -848.88 -798.466
  33 32.5 31.4781 0.0136624 -772.733 -704.006 -761.647
  34 33.5 31.4302 0.0136416 -728.12 -710.195 -744.917
  35 34.5 31.4456 0.0136482 -742.178 -666.946 -724.892
  36 35.5 31.4705 0.0136591 -823.097 -702.771 -808.323
  37 36.5 31.4681 0.013658 -762.094 -648.074 -690.203
  38 37.5 31.4492 0.0136498 -684.039 -789.722 -729.783
  39 38.5 31.4784 0.0136625 -762.286 -798.839 -816.55
  40 39.5 31.4754 0.0136612 -648.76 -772.617 -760.26
  41 40.5 31.4735 0.0136604 -757.299 -690.982 -729.936
  42 41.5 31.4658 0.013657 -834.405 -748.816 -766.102
  43 42.5 31.495 0.0136697 -774.451 -716.895 -753.372
  44 43.5 31.4697 0.0136587 -800.829 -810.071 -787.795
  45 44.5 31.4736 0.0136604 -707.927 -714.362 -706.707
  46 45.5 31.4774 0.0136621 -701.621 -735.203 -751.89
  47 46.5 31.4589 0.013654 -707.645 -666.922 -796.439
  48 47.5 31.4891 0.0136672 -756.263 -755.439 -772.125
  49 48.5 31.4568 0.0136531 -798.64 -706.662 -752.731
  50 49.5 31.4683 0.0136581 -858.047 -736.828 -747.271
  51 50.5 31.4915 0.0136682 -778.114 -737.131 -765.794
  52 51.5 31.458 0.0136536 -796.212 -696.905 -806.947
  53 52.5 31.4813 0.0136637 -811.188 -763.268 -761.018
  54 53.5 31.4856 0.0136656 -761.936 -693.907 -764.285
  55 54.5 31.4668 0.0136575 -675.608 -745.447 -759.19
  56 55.5 31.4376 0.0136448 -729.268 -714.561 -884.904
  57 56.5 31.4629 0.0136558 -740.73 -716.616 -764.065
  58 57.5 31.4664 0.0136573 -709.368 -612.359 -815.165
  59 58.5 31.4293 0.0136412 -720.819 -680.363 -886.002
  60 59.5 31.4165 0.0136356 -673.305 -612.9 -883.171
  61 60.5 31.4247 0.0136392 -566.742 -566.701 -919.85
  62 61.5 31.4036 0.01363 -588.276 -562.749 -987.284
  63 62.5 31.3684 0.0136148 -529.832 -582.012 -1036.41
  64 63.5 31.3611 0.0136116 -477.016 -552.12 -1149.53
  65 64.5 31.293 0.013582 -440.304 -385.577 -1197.43
  66 65.5 31.2268 0.0135533 -289.716 -343.007 -1339.08
  67 66.5 31.1819 0.0135338 -228.951 -218.809 -1459.05
  68 67.5 31.0795 0.0134894 -52.4791 3.81675 -1547.61
  69 68.5 30.9201 0.0134202 203.182 188.806 -1754.44
  70 69.5 30.7552 0.0133486 395.857 401.079 -1896.87
  71 70.5 30.5544 0.0132614 652.867 705.823 -2116.33
  72 71.5 30.2723 0.013139 1075.05 1049.62 -2271.38
  73 72.5 29.8379 0.0129505 1593.54 1541.82 -2345.61
  74 73.5 29.3496 0.0127385 2059.74 2012.92 -2388.48
  75 74.5 28.6931 0.0124536 2629.87 2590.04 -2353.25
  76 75.5 27.7741 0.0120547 3161.96 3201.74 -2182.3
  77 76.5 26.6906 0.0115845 3729.49 3775.03 -1825.04
  78 77.5 25.2781 0.0109714 4176.17 4170.03 -1313.14
  79 78.5 23.5643 0.0102276 4538.19 4429.79 -605.97
  80 79.5 21.5248 0.00934235 4570.21 4579.75 109.784
  81 80.5 19.2454 0.00835302 4419.18 4471.26 933.102
  82 81.5 16.7916 0.00728804 3912.19 3935.69 1678.16
  83 82.5 14.2748 0.00619566 3126.28 3171.36 2352.61
  84 83.5 11.8812 0.00515677 2120.35 2108.68 2839.03
  85 84.5 9.65029 0.00418849 769.969 780.853 3047.42
  86 85.5 7.72771 0.00335404 -757.678 -772.455 2835.88
  87 86.5 6.12492 0.00265839 -2511.75 -2655.51 2231.61
  88 87.5 4.85049 0.00210525 -4610.47 -4578.07 974.562
  89 88.5 3.88775 0.00168739 -6539 -6522.43 -561.373
  90 89.5 3.16638 0.0013743 -8431.61 -8497.86 -2566.85
  91 90.5 2.6682 0.00115807 -10202.8 -10359.5 -4701.68
  92 91.5 2.2998 0.000998179 -11689.9 -11820.4 -6897.17
  93 92.5 2.04362 0.000886987 -12776.8 -13154.3 -8995.86
  94 93.5 1.8732 0.000813023 -13667 -13923.1 -10682
  95 94.5 1.76177 0.000764659 -14334.9 -14464.5 -11855.4
  96 95.5 1.68351 0.000730691 -14844.4 -15162.9 -13054.9
  97 96.5 1.62229 0.000704118 -15159.8 -15307.5 -13772.7
  98 97.5 1.58105 0.000686221 -15391.4 -15545.6 -14413.4
  99 98.5 1.56048 0.000677291 -15657.9 -15693.5 -14872.6
  100 99.5 1.54522 0.00067067 -15776.9 -15823.4 -15125.1
  101 100.5 1.53084 0.000664429 -15757.4 -15846 -15407.4
  102 101.5 1.51625 0.000658095 -15885.1 -16059.6 -15604.2
  103 102.5 1.50198 0.0006519 -16008.3 -15837.4 -15845
  104 103.5 1.49565 0.000649155 -15960 -15767.4 -15881
  105 104.5 1.50332 0.000652482 -16024.2 -15829.5 -15895.8
  106 105.5 1.49606 0.000649331 -16025.6 -16027 -15977.8
  107 106.5 1.50333 0.000652488 -15853.8 -15776.4 -15914.5
  108 107.5 1.50877 0.000654846 -15979.5 -15798 -15861.9
  109 108.5 1.49789 0.000650128 -15874.8 -15833 -16020.3
  110 109.5 1.50136 0.00065163 -16026.4 -15875.1 -15984
  111 110.5 1.50989 0.000655333 -15923.7 -15708.1 -15802.7
  112 111.5 1.50004 0.000651058 -15974.1 -15722.2 -16035.6
  113 112.5 1.49624 0.000649411 -15986.4 -15830.6 -16073.7
  114 113.5 1.48984 0.00064663 -15912.8 -16017 -16135.3
  115 114.5 1.50017 0.000651114 -16001.3 -16007.1 -15964.5
  116 115.5 1.49755 0.000649977 -16011.5 -16045 -16021.4
  117 116.5 1.49171 0.000647443 -15847.2 -15923.3 -16083.7
  118 117.5 1.49207 0.0006476 -16005.1 -16027.5 -16077.4
  119 118.5 1.4878 0.000645748 -15989.7 -15963 -16079.3
  120 119.5 1.49544 0.000649062 -15873.6 -15837.7 -16024.6
  121 120.5 1.49875 0.000650499 -15826.7 -15948.8 -16063.8
  122 121.5 1.48813 0.000645891 -15744.6 -15897.8 -16112.5
  123 122.5 1.49255 0.000647808 -15874.8 -16076.6 -16047.3
  124 123.5 1.48608 0.000644998 -16098.2 -16110.3 -16126.4
  125 124.5 1.49987 0.000650985 -16062.3 -16060.1 -15954.5
  126 125.5 1.49055 0.000646939 -16052 -16125.6 -16158.4
  127 126.5 1.49615 0.000649372 -16074.3 -15959.4 -16084.3
  128 127.5 1.49973 0.000650926 -16011.9 -15989.1 -15994.5
  129 128.5 1.49736 0.000649896 -15937.6 -16134.2 -16021.1
  130 129.5 1.50474 0.000653097 -15961.9 -15932.6 -15930.2
  131 130.5 1.50013 0.0006511 -16025.9 -16127.2 -15946.5
  132 131.5 1.49453 0.000648667 -15957.3 -15977.5 -16094.4
  133 132.5 1.49727 0.000649859 -15986.2 -15823 -16015.4
  134 133.5 1.49934 0.000650757 -16016.2 -15813.4 -16020
  135 134.5 1.50186 0.00065185 -15827.4 -15823.1 -15992.5
  136 135.5 1.4999 0.000650998 -15868.6 -15771.6 -15990.8
  137 136.5 1.49802 0.000650181 -15948.8 -15788.7 -16033.1
  138 137.5 1.49231 0.000647705 -15864.5 -15981.6 -16050.3
  139 138.5 1.49044 0.000646893 -15871.7 -15940.3 -16070.6
  140 139.5 1.49805 0.000650196 -15779.5 -15892.2 -16010.2
  141 140.5 1.48888 0.000646215 -15879.1 -16005.6 -16150.9
  142 141.5 1.49576 0.000649201 -16050.3 -15913.2 -16032.7
  143 142.5 1.5009 0.000651433 -15856.1 -15968.1 -16012.5
  144 143.5 1.50496 0.000653194 -15783 -15876.2 -15980.7
  145 144.5 1.49758 0.00064999 -15987.3 -15606.2 -15980.1
  146 145.5 1.49951 0.00065083 -15819.8 -15671.1 -15964.2
  147 146.5 1.4904 0.000646877 -15909.1 -15854.6 -16068.9
  148 147.5 1.49562 0.000649141 -15744.5 -15915.5 -16090.9
  149 148.5 1.50256 0.000652155 -15738.5 -15797.8 -15966.8
  150 149.5 1.50171 0.000651783 -15807.4 -15751.2 -15969.1
  151 150.5 1.49837 0.000650332 -15869.9 -15871.7 -16040.4
  152 151.5 1.5008 0.000651388 -16020.9 -15906.8 -15930.2
  153 152.5 1.48964 0.000646544 -15827.8 -15958.8 -16100.8
  154 153.5 1.49211 0.000647617 -15944.7 -15994.1 -16122.4
  155 154.5 1.49635 0.000649457 -15928.5 -15853.4 -16029.1
  156 155.5 1.49614 0.000649368 -15968.1 -15658.1 -16044.6
  157 156.5 1.49915 0.000650674 -16020.2 -15712.7 -16010.4
  158 157.5 1.50524 0.000653316 -15862.8 -15669.1 -15944.6
  159 158.5 1.50628 0.000653766 -15793.5 -15766.8 -15918.6
  160 159.5 1.50699 0.000654076 -15701.9 -15831.7 -15912.3
  161 160.5 1.50187 0.000651852 -15744.4 -15722.9 -15961.5
  162 161.5 1.50698 0.000654072 -15715.6 -15862.4 -15920
  163 162.5 1.50748 0.000654289 -15690 -15956.6 -15958.5
  164 163.5 1.49841 0.000650352 -15876 -15828.8 -16032.4
  165 164.5 1.50466 0.000653066 -16021.1 -15701.2 -15939.4
  166 165.5 1.5075 0.000654295 -16006.3 -15863.3 -15901.7
  167 166.5 1.50823 0.000654613 -15949.3 -15842.8 -15894.4
  168 167.5 1.50346 0.000652543 -15858.7 -15844.7 -15972
  169 168.5 1.49835 0.000650327 -15832.1 -15723.6 -16017
  170 169.5 1.50546 0.00065341 -15770.9 -15781.8 -15901.1
  171 170.5 1.50448 0.000652988 -15944.6 -15776.9 -15956.1
  172 171.5 1.50524 0.000653318 -15935.9 -15919.1 -15937.1
  173 172.5 1.50637 0.000653807 -15872.2 -15962.6 -15984.7
  174 173.5 1.50408 0.000652812 -15952.2 -15939.9 -15981.1
  175 174.5 1.50343 0.000652529 -15987.9 -15982.4 -15880.9
  176 175.5 1.49994 0.000651017 -15989.6 -15839.8 -16042
  177 176.5 1.50727 0.000654197 -15974.2 -15672.7 -15860.5
  178 177.5 1.51386 0.000657056 -15829.3 -15807 -15825.5
  179 178.5 1.5075 0.000654299 -15638.9 -15884.5 -15930.7
  180 179.5 1.50329 0.00065247 -15890.6 -15930.6 -15968.9
  181 180.5 1.51231 0.000656383 -15931.1 -15885.6 -15872.8
  182 181.5 1.50473 0.000653095 -15992.1 -15920.9 -15968.8
  183 182.5 1.506 0.000653644 -15974.2 -15988.4 -15867.9
  184 183.5 1.50422 0.000652874 -15931.9 -16040.3 -16000.4
  185 184.5 1.49803 0.000650187 -15862.3 -16012.9 -16040
  186 185.5 1.49713 0.000649794 -15865.7 -15859.6 -16023.8
  187 186.5 1.50076 0.00065137 -15906.6 -15975.6 -15959.8
  188 187.5 1.49575 0.000649195 -15914.9 -15986.7 -16002.5
  189 188.5 1.50718 0.000654159 -15947.4 -15955.6 -15952.1
  190 189.5 1.50707 0.00065411 -15966.2 -15897.7 -15959.6
  191 190.5 1.51045 0.000655576 -15952.1 -15873.8 -15839.9
  192 191.5 1.49968 0.000650905 -16087.7 -16031 -15971.7
  193 192.5 1.49298 0.000647993 -16042.7 -15948 -16066.5
  194 193.5 1.49413 0.000648495 -15972.4 -16038.1 -16145.8
  195 194.5 1.49676 0.000649635 -15979.2 -16153.3 -15984
  196 195.5 1.49777 0.000650073 -16031.9 -16096.5 -16012
  197 196.5 1.50545 0.000653409 -16003.4 -16138.5 -15944.6
  198 197.5 1.5004 0.000651214 -16039.6 -16027.6 -15944.2
  199 198.5 1.50689 0.000654033 -16159.9 -16032.1 -15926.8
  200 199.5 1.50414 0.000652839 -16172 -16140.3 -16016.6
  201 200.5 1.51008 0.000655415 -16082.6 -16119.3 -15898.9
  202 201.5 1.50256 0.000652155 -16047.1 -16001.6 -15954
  203 202.5 1.50031 0.000651174 -15889 -15892.5 -15944.9
  204 203.5 1.49098 0.000647127 -16016.7 -16188.4 -16122.1
  205 204.5 1.50039 0.000651211 -16078.5 -16136.1 -15964.3
  206 205.5 1.50056 0.000651286 -16018 -16253.5 -16011.4
  207 206.5 1.48347 0.000643867 -15907.7 -16045.7 -16134.7
  208 207.5 1.48335 0.000643814 -15881.6 -16195.8 -16201.9
  209 208.5 1.4869 0.000645356 -15822 -16160.3 -16087
  210 209.5 1.49136 0.00064729 -15871.7 -16181.6 -16097.9
  211 210.5 1.49375 0.000648328 -15760.8 -16197.3 -15950.3
  212 211.5 1.49516 0.000648942 -15812.8 -16200.7 -16024
  213 212.5 1.49407 0.00064847 -15816.3 -16260.4 -15974.2
  214 213.5 1.50028 0.000651165 -15983.6 -16116.7 -15925.2
  215 214.5 1.50583 0.000653574 -15884.3 -16250.1 -15763.1
  216 215.5 1.51007 0.000655411 -15886.7 -16211.8 -15664.9
  217 216.5 1.51431 0.000657252 -15907.1 -16070.7 -15624.1
  218 217.5 1.52581 0.000662244 -15632.1 -15788.8 -15373.1
  219 218.5 1.5441 0.000670181 -15694.1 -15791.9 -15084.8
  220 219.5 1.56531 0.000679389 -15513.2 -15588.7 -14669.3
  221 220.5 1.60089 0.000694832 -15456 -15449.9 -14145.7
  222 221.5 1.64614 0.00071447 -15095.5 -15125.2 -13401.4
  223 222.5 1.71999 0.000746523 -14806.1 -14642.1 -12434.3
  224 223.5 1.81554 0.000787994 -14083.6 -14082.4 -11306.1
  225 224.5 1.97334 0.000856483 -13322.4 -13209.2 -9577.09
  226 225.5 2.18653 0.000949016 -12281.7 -12070.8 -7747.39
  227 226.5 2.50402 0.00108681 -10928.7 -10921.9 -5592.32
  228 227.5 2.93638 0.00127447 -9343.12 -9220.97 -3487.97
  229 228.5 3.55298 0.00154209 -7484.25 -7318.3 -1306.48
  230 229.5 4.4192 0.00191806 -5473.07 -5304.71 594.907
  231 230.5 5.57764 0.00242085 -3526.96 -3371.12 2013.1
  232 231.5 7.05602 0.00306251 -1571.37 -1518.86 2952.24
  233 232.5 8.92178 0.0038723 275.811 248.22 3502.2
  234 233.5 11.1575 0.00484268 1901.19 1899.12 3647.23
  235 234.5 13.6637 0.00593041 3146.4 3178.65 3431.55
  236 235.5 16.3289 0.00708718 4193.21 4232.14 2957.23
  237 236.5 19.0263 0.00825793 4993.47 4967.94 2212.95
  238 237.5 21.6244 0.00938559 5432.74 5449.53 1486.63
  239 238.5 23.8857 0.0103671 5619.39 5597.7 559.918
  240 239.5 25.9582 0.0112666 5593.49 5606.06 -174.447
  241 240.5 27.7418 0.0120407 5363.23 5291.66 -856.397
  242 241.5 29.1322 0.0126442 4920.44 4907.75 -1445.92
  243 242.5 30.2785 0.0131417 4448.37 4484.06 -1880.85
  244 243.5 31.1727 0.0135298 3811.06 3774.54 -2295.91
  245 244.5 31.8736 0.013834 3199.22 3299.05 -2406.57
  246 245.5 32.4783 0.0140965 2559.19 2599.24 -2408.38
  247 246.5 32.8967 0.0142781 2089.53 2098.24 -2390.26
  248 247.5 33.2109 0.0144144 1594.49 1595.61 -2299.27
  249 248.5 33.4685 0.0145263 1145.31 1152.72 -2201.25
  250 249.5 33.7103 0.0146312 792.54 754.197 -2031.18
  251 250.5 33.8079 0.0146736 556.133 471.749 -1801.88
  252 251.5 33.9518 0.014736 180.098 121.946 -1675.23
  253 252.5 34.0332 0.0147714 -82.4393 -20.0349 -1492.32
  254 253.5 34.1107 0.014805 -194.275 -193.767 -1344.88
  255 254.5 34.1903 0.0148395 -332.572 -282.626 -1241.37
  256 255.5 34.1911 0.0148399 -363.518 -438.813 -1158.58
  257 256.5 34.2077 0.0148471 -405.885 -515.504 -960.481
  258 257.5 34.2604 0.0148699 -536.872 -534.801 -1028.69
  259 258.5 34.2968 0.0148858 -511.74 -496.639 -943.003
  260 259.5 34.247 0.0148642 -565.337 -534.719 -786.749
  261 260.5 34.2871 0.0148815 -568.653 -564.098 -826.827
  262 261.5 34.3246 0.0148978 -558.421 -616.186 -772.324
  263 262.5 34.2769 0.0148771 -668.521 -718.506 -806.575
  264 263.5 34.2959 0.0148854 -736.8 -709.396 -780.617
  265 264.5 34.3191 0.0148954 -665.386 -660.55 -670.54
  266 265.5 34.3106 0.0148918 -606.72 -628.715 -668.697
  267 266.5 34.2897 0.0148827 -663.353 -666.18 -796.173
  268 267.5 34.3122 0.0148924 -628.244 -746.521 -714.939
  269 268.5 34.3229 0.0148971 -606.633 -703.246 -644.558
  270 269.5 34.3137 0.0148931 -694.643 -685.235 -718.886
  271 270.5 34.3061 0.0148898 -640.825 -672.853 -744.907
  272 271.5 34.3005 0.0148874 -599.971 -750.51 -648.739
  273 272.5 34.3405 0.0149047 -660.682 -684.222 -709.695
  274 273.5 34.2911 0.0148833 -570.143 -656.2 -693.359
  275 274.5 34.3088 0.014891 -621.899 -698.713 -662.719
  276 275.5 34.3098 0.0148914 -655.668 -705.756 -689.032
  277 276.5 34.3156 0.0148939 -588.463 -650.296 -692.939
  278 277.5 34.301 0.0148876 -624.549 -660.04 -676.202
  279 278.5 34.3179 0.0148949 -702.31 -716.96 -704.063
  280 279.5 34.2852 0.0148807 -719.803 -696.332 -695.873
  281 280.5 34.3162 0.0148942 -765.703 -796.288 -716.584
  282 281.5 34.2995 0.0148869 -698.864 -699.389 -658.902
  283 282.5 34.3197 0.0148957 -649.073 -688.834 -675.16
  284 283.5 34.2833 0.0148799 -676.43 -683.808 -715.588
  285 284.5 34.3113 0.0148921 -784.059 -786.959 -675.047
  286 285.5 34.3219 0.0148966 -688.829 -756.994 -654.212
  287 286.5 34.2959 0.0148854 -737.177 -677.589 -638.178
  288 287.5 34.2885 0.0148822 -726.099 -631.521 -735.992
  289 288.5 34.3025 0.0148882 -802.299 -749.121 -732.221
  290 289.5 34.3272 0.014899 -754.136 -726.793 -675.051
  291 290.5 34.2526 0.0148666 -758.635 -783.586 -703.868
  292 291.5 34.3352 0.0149024 -795.546 -784.791 -655.158
  293 292.5 34.3136 0.014893 -794.952 -752.69 -717.059
  294 293.5 34.2949 0.0148849 -692.949 -705.99 -696.815
  295 294.5 34.2985 0.0148865 -642.493 -701.179 -688.164
  296 295.5 34.3192 0.0148955 -599.569 -663.587 -602.444
  297 296.5 34.2884 0.0148821 -604.495 -663.119 -720.029
  298 297.5 34.32 0.0148959 -618.042 -684.752 -711.817
  299 298.5 34.32 0.0148958 -681.585 -684.493 -684.212
  300 299.5 34.2876 0.0148818 -747.858 -720.467 -676.201
  301 300.5 34.3153 0.0148938 -672.408 -708.674 -732.265
  302 301.5 34.3417 0.0149052 -709.376 -661.963 -643.328
  303 302.5 34.3184 0.0148951 -749.126 -682.905 -675.476
  304 303.5 34.2883 0.0148821 -700.525 -587.322 -714.312
  305 304.5 34.3021 0.014888 -685.702 -682.056 -727.465
  306 305.5 34.296 0.0148854 -684.639 -633.741 -671.726
  307 306.5 34.3413 0.0149051 -677.577 -763.553 -656.677
  308 307.5 34.2618 0.0148706 -678.603 -691.469 -678.06
  309 308.5 34.3158 0.014894 -600.198 -682.499 -713.041
  310 309.5 34.2836 0.01488 -648.44 -668.673 -675.095
  311 310.5 34.2875 0.0148817 -758.846 -686.344 -675.134
  312 311.5 34.3183 0.0148951 -736.143 -633.685 -705.727
  313 312.5 34.3141 0.0148933 -634.112 -600.554 -691.701
  314 313.5 34.2827 0.0148796 -647.389 -631.272 -627.578
  315 314.5 34.3139 0.0148932 -706.262 -615.962 -718.559
  316 315.5 34.3213 0.0148964 -600.747 -565.851 -731.831
  317 316.5 34.2898 0.0148827 -657.194 -642.57 -621.821
  318 317.5 34.3009 0.0148875 -635.358 -610.819 -712.735
  319 318.5 34.318 0.0148949 -594.803 -636.684 -657.194
  320 319.5 34.286 0.0148811 -670.917 -725.197 -734.255
  321 320.5 34.2824 0.0148795 -695.973 -650.378 -673.304
  322 321.5 34.3439 0.0149062 -693.041 -720.158 -681.423
  323 322.5 34.2914 0.0148834 -716.6 -606.766 -662.449
  324 323.5 34.3049 0.0148893 -720.656 -635.55 -686.643
  325 324.5 34.3271 0.0148989 -773.19 -653.264 -677.472
  326 325.5 34.3028 0.0148883 -729.862 -672.376 -759.908
  327 326.5 34.2987 0.0148866 -688.541 -664.206 -682.635
  328 327.5 34.3207 0.0148961 -683.43 -610.552 -682.342
  329 328.5 34.3323 0.0149012 -710.3 -646.638 -688.95
  330 329.5 34.3228 0.0148971 -682.017 -600.522 -691.833
  331 330.5 34.2944 0.0148847 -752.724 -723.788 -680.584
  332 331.5 34.3357 0.0149027 -660.389 -664.392 -683.627
  333 332.5 34.3031 0.0148885 -661.31 -620.442 -728.047
  334 333.5 34.3109 0.0148919 -702.216 -560.28 -664.34
  335 334.5 34.2919 0.0148837 -690.48 -584.2 -670.814
  336 335.5 34.3267 0.0148987 -695.494 -682.061 -740.773
  337 336.5 34.2815 0.0148791 -603.771 -680.193 -703.079
  338 337.5 34.2999 0.0148871 -597.358 -704.81 -643.947
  339 338.5 34.3146 0.0148935 -647.043 -655.345 -689.882
  340 339.5 34.2886 0.0148822 -801.652 -664.545 -704.197
  341 340.5 34.2756 0.0148766 -693.421 -672.628 -675.349
  342 341.5 34.3018 0.0148879 -748.072 -645.491 -697.077
  343 342.5 34.3208 0.0148962 -748.827 -732.337 -704.18
  344 343.5 34.2394 0.0148609 -654.018 -702.402 -627.193
  345 344.5 34.2888 0.0148823 -800.211 -787.808 -723.989
  346 345.5 34.2933 0.0148843 -767.893 -756.674 -736.504
  347 346.5 34.2866 0.0148813 -766.253 -754.965 -639.358
  348 347.5 34.2637 0.0148714 -735.107 -685.879 -670.189
  349 348.5 34.2968 0.0148858 -609.104 -647.953 -694.627
  350 349.5 34.2675 0.014873 -633.841 -638.576 -677.45
  351 350.5 34.2789 0.014878 -664.578 -683.144 -623.821
  352 351.5 34.2838 0.0148801 -665.168 -717.625 -750.376
  353 352.5 34.2771 0.0148772 -716.827 -642.257 -691.178
  354 353.5 34.2557 0.0148679 -758.585 -701.613 -668.118
  355 354.5 34.2845 0.0148804 -747.738 -748.06 -682.378
  356 355.5 34.2844 0.0148804 -733.892 -733.762 -683.898
  357 356.5 34.2679 0.0148732 -827.118 -774.828 -775.638
  358 357.5 34.269 0.0148737 -667.795 -630.385 -618.701
  359 358.5 34.3108 0.0148918 -727.547 -654.065 -642.752
  360 359.5 34.3105 0.0148917 -758.802 -705.591 -699.59
  361 360.5 34.2656 0.0148722 -630.902 -716.854 -706.911
  362 361.5 34.2626 0.0148709 -660.622 -684.098 -706.24
  363 362.5 34.3142 0.0148933 -671.996 -796.616 -717
  364 363.5 34.2909 0.0148832 -697.769 -671.685 -687.566
  365 364.5 34.2418 0.0148619 -665.468 -696.383 -663.47
  366 365.5 34.3013 0.0148877 -681.012 -693.772 -695.013
  367 366.5 34.2838 0.0148801 -661.927 -763.621 -688.024
  368 367.5 34.2916 0.0148835 -672.526 -755.291 -724.889
  369 368.5 34.2702 0.0148742 -737.706 -661.168 -717.378
  370 369.5 34.2773 0.0148773 -763.041 -720.9 -658.69
  371 370.5 34.2976 0.0148861 -723.578 -716.697 -649.123
  372 371.5 34.3 0.0148872 -734.042 -743.404 -800.585
  373 372.5 34.2566 0.0148683 -709.161 -711.198 -697.481
  374 373.5 34.2808 0.0148788 -672.904 -762.835 -703.722
  375 374.5 34.278 0.0148776 -662.434 -606.28 -744.64
  376 375.5 34.2805 0.0148787 -678.895 -682.108 -792.476
  377 376.5 34.229 0.0148563 -606.378 -583.774 -692.229
  378 377.5 34.2792 0.0148781 -654.354 -649.942 -785.122
  379 378.5 34.2853 0.0148808 -648.344 -694.451 -827.704
  380 379.5 34.2332 0.0148581 -639.708 -621.608 -798.991
  381 380.5 34.2253 0.0148547 -598.351 -632.557 -885.844
  382 381.5 34.2313 0.0148574 -537.775 -524.579 -955.886
  383 382.5 34.2018 0.0148446 -416.265 -490.237 -973.989
  384 383.5 34.1514 0.0148226 -370.147 -426.154 -1006.58
  385 384.5 34.1521 0.014823 -349.067 -298.258 -1052.25
  386 385.5 34.0847 0.0147937 -240.014 -270.801 -1227.46
  387 386.5 34.0274 0.0147688 -13.4055 -52.6513 -1239.65
  388 387.5 33.9422 0.0147319 59.233 58.9598 -1310.29
  389 388.5 33.8422 0.0146884 204.225 217.134 -1410.14
  390 389.5 33.736 0.0146424 418.597 422.551 -1344.89
  391 390.5 33.5557 0.0145641 731.483 690.072 -1382.3
  392 391.5 33.3235 0.0144633 865.668 886.973 -1344.5
  393 392.5 33.087 0.0143607 1082.82 1060.06 -1254.46
  394 393.5 32.7943 0.0142336 1249.09 1266.28 -959.206
  395 394.5 32.5117 0.014111 1390.35 1398.83 -698.606
  396 395.5 32.0841 0.0139254 1286.85 1291.31 -455.114
  397 396.5 31.6869 0.013753 1104.87 1192.27 -114.258
  398 397.5 31.3429 0.0136037 942.843 953.702 183.444
  399 398.5 30.9644 0.0134394 673.736 734.442 345.95
  400 399.5 30.6519 0.0133038 417.515 394.87 535.541
  401 400.5 30.4536 0.0132177 151.775 156.444 528.211
  402 401.5 30.325 0.0131619 35.5582 -10.9528 456.998
  403 402.5 30.2419 0.0131258 -81.7721 -111.837 323.05
  404 403.5 30.2894 0.0131465 -60.4028 -138.678 127.842
  405 404.5 30.3801 0.0131858 -112.662 -132.161 -135.159
  406 405.5 30.4595 0.0132203 -73.9112 -132.644 -380.86
  407 406.5 30.6058 0.0132838 -49.4572 -102.185 -556.38
  408 407.5 30.7557 0.0133488 -189.668 -153.365 -674.765
  409 408.5 30.8949 0.0134092 -154.409 -170.841 -843.415
  410 409.5 30.9587 0.0134369 -215.779 -271.395 -878.164
  411 410.5 31.1056 0.0135007 -364.426 -325.819 -977.092
  412 411.5 31.1613 0.0135249 -348.735 -377.304 -1010.7
  413 412.5 31.2224 0.0135514 -345.172 -366.709 -954.797
  414 413.5 31.2916 0.0135814 -452.233 -495.493 -968.136
  415 414.5 31.3431 0.0136038 -470.082 -500.056 -968.682
  416 415.5 31.3607 0.0136114 -552.89 -587.452 -946.439
  417 416.5 31.3737 0.0136171 -574.236 -618.231 -903.113
  418 417.5 31.423 0.0136385 -663.153 -593.216 -871.856
  419 418.5 31.4436 0.0136474 -679.896 -645.148 -870.045
  420 419.5 31.4423 0.0136468 -546.525 -665.503 -832.496
  421 420.5 31.4267 0.0136401 -687.191 -653.018 -869.439
  422 421.5 31.4756 0.0136613 -709.156 -712.731 -775.249
  423 422.5 31.4614 0.0136551 -686.923 -691.423 -822.735
  424 423.5 31.4463 0.0136485 -796.346 -812.164 -806.765
  425 424.5 31.4655 0.0136569 -696.783 -860.961 -806.596
  426 425.5 31.4804 0.0136634 -765.944 -686.126 -771.253
  427 426.5 31.504 0.0136736 -790.007 -792.041 -739.255
  428 427.5 31.4789 0.0136627 -815.997 -794.933 -742.825
  429 428.5 31.4757 0.0136613 -813.748 -861.987 -877.57
  430 429.5 31.4869 0.0136662 -757.283 -795.808 -710.483
  431 430.5 31.48 0.0136632 -808.025 -768.902 -697.804
  432 431.5 31.4633 0.013656 -736.729 -724.032 -768.166
  433 432.5 31.4838 0.0136648 -703.351 -715.295 -832.729
  434 433.5 31.4574 0.0136534 -656.734 -693.327 -780.911
  435 434.5 31.4767 0.0136618 -635.894 -679.635 -660.28
  436 435.5 31.4887 0.013667 -770.633 -786.696 -797.952
  437 436.5 31.4608 0.0136549 -697.488 -726.827 -776.456
  438 437.5 31.4707 0.0136592 -742.341 -837.238 -724.374
  439 438.5 31.4939 0.0136692 -723.215 -739.525 -741.025
  440 439.5 31.4799 0.0136632 -706.494 -794.973 -767.571
  441 440.5 31.455 0.0136524 -681.609 -700.142 -720.517
  442 441.5 31.4523 0.0136512 -736.283 -717.932 -816.45
  443 442.5 31.4981 0.0136711 -789.244 -789.541 -725.118
  444 443.5 31.4585 0.0136539 -800.443 -827.48 -775.228
  445 444.5 31.4582 0.0136537 -810.102 -764.341 -752.479
  446 445.5 31.4604 0.0136547 -845.131 -847.922 -779.481
  447 446.5 31.479 0.0136628 -863.657 -787.493 -728.384
  448 447.5 31.466 0.0136571 -868.925 -830.667 -751.903
  449 448.5 31.443 0.0136471 -728.989 -772.988 -746.378
  450 449.5 31.46 0.0136545 -792.537 -768.288 -758.775
  451 450.5 31.468 0.013658 -787.578 -731.496 -709.256
  452 451.5 31.4562 0.0136529 -790.283 -739.241 -786.985
  453 452.5 31.4691 0.0136585 -807.907 -782.544 -759.332
  454 453.5 31.449 0.0136497 -750.768 -790.222 -737.854
  455 454.5 31.4772 0.013662 -759.941 -786.042 -736.399
  456 455.5 31.4569 0.0136532 -700.153 -723.097 -768.049
  457 456.5 31.4407 0.0136461 -747.872 -861.275 -757.581
  458 457.5 31.4724 0.0136599 -730.551 -804.812 -728.898
  459 458.5 31.4769 0.0136618 -687.346 -714.267 -756.582
  460 459.5 31.4375 0.0136447 -742.942 -760.186 -807.955
  461 460.5 31.4638 0.0136562 -725.048 -689.96 -696.196
  462 461.5 31.5122 0.0136772 -699.982 -711.683 -753.481
  463 462.5 31.4602 0.0136546 -725.992 -710.827 -755.026
  464 463.5 31.4276 0.0136404 -690.168 -730.166 -805.557
  465 464.5 31.4497 0.01365 -680.292 -714.01 -748.558
  466 465.5 31.485 0.0136654 -734.447 -729.391 -699.494
  467 466.5 31.4709 0.0136592 -734.802 -757.281 -764.446
  468 467.5 31.4546 0.0136522 -791.303 -798.99 -820.28
  469 468.5 31.4528 0.0136514 -737.011 -762.349 -684.179
  470 469.5 31.4965 0.0136703 -822.323 -777.348 -767.621
  471 470.5 31.4757 0.0136613 -718.285 -746.044 -809.392
  472 471.5 31.4402 0.0136459 -727.61 -671.037 -696.506
  473 472.5 31.4647 0.0136566 -772.328 -656.575 -780.059
  474 473.5 31.468 0.013658 -758.841 -782.208 -764.499
  475 474.5 31.4616 0.0136552 -715.889 -789.299 -731.739
  476 475.5 31.4457 0.0136483 -726.713 -836.445 -818.378
  477 476.5 31.458 0.0136537 -846.943 -914.195 -730.597
  478 477.5 31.4835 0.0136647 -756.247 -746.193 -763.316
  479 478.5 31.4198 0.013637 -775.394 -823.379 -741.65
  480 479.5 31.4653 0.0136568 -795.874 -817.157 -733.063
