# Chunk-averaged data for fix tensor1 and group all
# Timestep Number-of-chunks Total-count
# Chunk Coord1 Ncount density/number c_press[1] c_press[2] c_press[3]
20000000 480 10726.000000000004
  1 0.5 26.2312 0.0113851 -2166.53 -2177.24 -2202.39
  2 1.5 26.2407 0.0113892 -2075.22 -2182.48 -2203.48
  3 2.5 26.2649 0.0113997 -2178.63 -2154.57 -2238.42
  4 3.5 26.2749 0.011404 -2187.89 -2165.66 -2199.11
  5 4.5 26.2206 0.0113804 -2151.56 -2175.15 -2153.31
  6 5.5 26.2365 0.0113874 -2237.79 -2161.64 -2233.85
  7 6.5 26.2538 0.0113949 -2299.97 -2185.68 -2222.54
  8 7.5 26.2246 0.0113822 -2215.73 -2084.31 -2173.49
  9 8.5 26.2095 0.0113756 -2208.71 -2194.2 -2223.96
  10 9.5 26.1952 0.0113694 -2112.07 -2091.02 -2200.82
  11 10.5 26.1624 0.0113552 -2210.79 -2114.43 -2297.32
  12 11.5 26.1925 0.0113683 -2165.51 -2197.99 -2195.05
  13 12.5 26.1621 0.0113551 -2229.6 -2126.43 -2202.4
  14 13.5 26.1628 0.0113554 -2215.15 -2229.17 -2307.52
  15 14.5 26.1306 0.0113414 -2207.66 -2124.63 -2217.32
  16 15.5 26.1109 0.0113329 -2149.11 -2102 -2285.18
  17 16.5 26.1106 0.0113327 -2085.86 -2024.37 -2262.79
  18 17.5 26.0871 0.0113225 -2155.88 -2096.37 -2339.67
  19 18.5 26.0284 0.0112971 -1977.32 -1973.87 -2356.05
  20 19.5 26.0192 0.0112931 -1915.85 -1899.63 -2301.62
  21 20.5 25.9958 0.0112829 -2033.2 -1980.51 -2365.27
  22 21.5 25.9127 0.0112468 -2100.22 -2000.06 -2476.44
  23 22.5 25.8377 0.0112143 -2051.01 -1969.66 -2551.34
  24 23.5 25.8131 0.0112036 -1935.83 -1915.38 -2450.68
  25 24.5 25.7249 0.0111653 -1882.84 -1874.26 -2486.11
  26 25.5 25.6127 0.0111166 -1795.96 -1842.5 -2633.13
  27 26.5 25.4357 0.0110398 -1765.24 -1771.27 -2741.39
  28 27.5 25.2886 0.0109759 -1675.18 -1636.6 -2699.31
  29 28.5 25.1366 0.01091 -1671.55 -1574.26 -2721.05
  30 29.5 24.8847 0.0108006 -1552.78 -1582.91 -2851.58
  31 30.5 24.5977 0.0106761 -1439.8 -1469.7 -2849.63
  32 31.5 24.273 0.0105351 -1434.3 -1492.06 -2992.86
  33 32.5 23.9306 0.0103866 -1428.18 -1372.81 -2986.45
  34 33.5 23.5017 0.0102004 -1270.64 -1298.57 -2971.12
  35 34.5 22.9976 0.0099816 -1255.34 -1212.59 -3095.44
  36 35.5 22.4058 0.00972475 -1194.48 -1183.97 -3070.03
  37 36.5 21.7748 0.00945089 -1201.94 -1192.32 -3100.49
  38 37.5 21.0991 0.00915758 -1208.68 -1274.2 -3104.21
  39 38.5 20.3366 0.00882663 -1298.85 -1238.55 -3100.95
  40 39.5 19.4845 0.0084568 -1310.61 -1306.27 -3066.85
  41 40.5 18.5638 0.00805722 -1569.5 -1492.12 -3118.49
  42 41.5 17.5897 0.00763443 -1640.76 -1741.34 -3101.38
  43 42.5 16.6185 0.0072129 -1927.41 -1894.29 -3156.79
  44 43.5 15.568 0.00675695 -2194.14 -2141.39 -3192.96
  45 44.5 14.5066 0.00629626 -2663.24 -2518 -3220.13
  46 45.5 13.479 0.00585025 -3132.36 -3006.37 -3416.84
  47 46.5 12.4713 0.00541291 -3565.97 -3491.39 -3484.66
  48 47.5 11.4576 0.00497293 -4187.9 -4171.78 -3781.25
  49 48.5 10.5095 0.00456143 -4781.12 -4713.67 -4084.18
  50 49.5 9.61424 0.00417285 -5477.3 -5503.16 -4463.08
  51 50.5 8.80751 0.0038227 -6295.79 -6244.9 -4901.2
  52 51.5 8.06074 0.00349859 -7151.05 -7024.77 -5476.61
  53 52.5 7.37509 0.00320099 -7948.34 -7828.52 -6129.34
  54 53.5 6.78747 0.00294595 -8811.53 -8650.04 -6857.22
  55 54.5 6.27286 0.0027226 -9604.68 -9527.18 -7660.18
  56 55.5 5.82362 0.00252761 -10382.5 -10311.2 -8345.06
  57 56.5 5.44949 0.00236523 -11147.4 -11080.4 -9216.58
  58 57.5 5.10727 0.0022167 -11780.4 -11794.7 -10063.8
  59 58.5 4.85484 0.00210713 -12501.7 -12559.7 -10721.9
  60 59.5 4.6347 0.00201159 -12992.2 -12970.2 -11434.2
  61 60.5 4.44426 0.00192893 -13313.6 -13449.9 -12090.8
  62 61.5 4.28676 0.00186057 -13805.9 -13874.9 -12791.4
  63 62.5 4.1695 0.00180968 -14135.7 -14107.1 -13204.7
  64 63.5 4.07114 0.00176699 -14389.2 -14563.7 -13632.2
  65 64.5 3.99465 0.00173379 -14766.9 -14805.7 -14025.6
  66 65.5 3.92802 0.00170487 -14864.8 -14837.6 -14333.3
  67 66.5 3.87191 0.00168051 -14961.3 -14952 -14650.8
  68 67.5 3.83486 0.00166443 -15147.6 -15260.5 -14767.4
  69 68.5 3.81773 0.001657 -15314.9 -15148.9 -14955.2
  70 69.5 3.78038 0.00164079 -15283.5 -15414.6 -15165.3
  71 70.5 3.75451 0.00162956 -15357.6 -15507.7 -15236.1
  72 71.5 3.73232 0.00161993 -15479.5 -15665.7 -15387.8
  73 72.5 3.72337 0.00161605 -15512.3 -15683.9 -15453.1
  74 73.5 3.71222 0.00161121 -15658.4 -15676.8 -15489.4
  75 74.5 3.69961 0.00160573 -15660.4 -15519 -15569.9
  76 75.5 3.68287 0.00159847 -15634.2 -15589.8 -15679.6
  77 76.5 3.66651 0.00159137 -15744.2 -15806.4 -15700.6
  78 77.5 3.66743 0.00159177 -15761.8 -15743.4 -15713.2
  79 78.5 3.67035 0.00159304 -15902.6 -15697 -15721.5
  80 79.5 3.66054 0.00158878 -15888.5 -15761.4 -15818.2
  81 80.5 3.6558 0.00158672 -15937.3 -15806.1 -15770.2
  82 81.5 3.64149 0.00158051 -15918.5 -15663.5 -15881.8
  83 82.5 3.62812 0.00157471 -15915.6 -15838.9 -15926.7
  84 83.5 3.62731 0.00157435 -16009.4 -15915.1 -15890.3
  85 84.5 3.62831 0.00157479 -15915.4 -16026.9 -15930.2
  86 85.5 3.64031 0.00158 -15882.4 -15985.8 -15827.2
  87 86.5 3.63145 0.00157615 -15939.6 -15872.9 -15902.1
  88 87.5 3.63466 0.00157754 -15984.4 -15950.7 -15939.1
  89 88.5 3.61517 0.00156908 -15931.4 -16035.9 -15973.3
  90 89.5 3.62099 0.00157161 -15911.1 -16096.2 -15969
  91 90.5 3.62232 0.00157219 -15910.8 -15865.1 -15900
  92 91.5 3.62497 0.00157334 -15984.9 -15925 -15962.1
  93 92.5 3.60923 0.00156651 -16100.3 -16072.2 -16057.8
  94 93.5 3.60415 0.0015643 -16126.2 -16066.6 -15983.3
  95 94.5 3.60991 0.0015668 -16040.7 -16017.3 -15986.8
  96 95.5 3.60272 0.00156368 -16062.4 -16047 -16014.8
  97 96.5 3.6042 0.00156432 -16087.4 -16191.5 -16061.7
  98 97.5 3.59653 0.00156099 -16087.5 -16131.9 -16081.2
  99 98.5 3.60438 0.0015644 -16083.9 -16078.7 -16033.5
  100 99.5 3.595 0.00156033 -16058.8 -16172.9 -16048.4
  101 100.5 3.59159 0.00155885 -16079.5 -16170.2 -16071.1
  102 101.5 3.59512 0.00156038 -15931.4 -16004.2 -16053
  103 102.5 3.6037 0.00156411 -15896.9 -15937.6 -16026.6
  104 103.5 3.59799 0.00156163 -16021.6 -15854.4 -16085.9
  105 104.5 3.59888 0.00156201 -15865.9 -15752.9 -16063.7
  106 105.5 3.61522 0.00156911 -16076.6 -15835.4 -16004.1
  107 106.5 3.62088 0.00157156 -16070.4 -15979.9 -15943.1
  108 107.5 3.62138 0.00157178 -15987.7 -15882.6 -15906.7
  109 108.5 3.61448 0.00156878 -15969.8 -16037.4 -15978.5
  110 109.5 3.61181 0.00156763 -15852 -15915.9 -16011.3
  111 110.5 3.62063 0.00157146 -15930.8 -15949.1 -15986.7
  112 111.5 3.61723 0.00156998 -16108.3 -15883.2 -15953.9
  113 112.5 3.61893 0.00157072 -16147.5 -15926 -16019.8
  114 113.5 3.63996 0.00157985 -15975.8 -15798.2 -15831.9
  115 114.5 3.61929 0.00157087 -16162 -15951.3 -15968.8
  116 115.5 3.62542 0.00157353 -16031.4 -16022.6 -15939.4
  117 116.5 3.62181 0.00157197 -15952.1 -15951.4 -15985.7
  118 117.5 3.62949 0.0015753 -15924.9 -15890.2 -15921
  119 118.5 3.63678 0.00157846 -16008 -15927.3 -15889.5
  120 119.5 3.64217 0.0015808 -15979.3 -15847.3 -15845.4
  121 120.5 3.64239 0.0015809 -15825.5 -15769.8 -15880.4
  122 121.5 3.63626 0.00157824 -15769 -15853.6 -15938.3
  123 122.5 3.63712 0.00157861 -15762.8 -15699.6 -15926.3
  124 123.5 3.64736 0.00158306 -15829.7 -15728.8 -15774.2
  125 124.5 3.63628 0.00157825 -15744.9 -15820.2 -15957.7
  126 125.5 3.63452 0.00157748 -15910.2 -15927.2 -15883.1
  127 126.5 3.62959 0.00157534 -16060.4 -15923.8 -15956.9
  128 127.5 3.64344 0.00158136 -15988.1 -15903.5 -15857.2
  129 128.5 3.63805 0.00157901 -15885.5 -15920 -15899.8
  130 129.5 3.63817 0.00157907 -15800.6 -15684.2 -15825
  131 130.5 3.62993 0.00157549 -15742.8 -15822.6 -15929.8
  132 131.5 3.63054 0.00157576 -15932.7 -15924.9 -15991.9
  133 132.5 3.62832 0.00157479 -15915.1 -15944.2 -15905.1
  134 133.5 3.61281 0.00156806 -15947.4 -15895.8 -15987.5
  135 134.5 3.61166 0.00156756 -15918.5 -15898.9 -15937.9
  136 135.5 3.6374 0.00157873 -15951.7 -15962.1 -15887.1
  137 136.5 3.6359 0.00157808 -16033.7 -15986.9 -15893.9
  138 137.5 3.63561 0.00157796 -16004.5 -15984.6 -15945.4
  139 138.5 3.63999 0.00157986 -16012 -16009.7 -15851.4
  140 139.5 3.63352 0.00157705 -16064.3 -15972.8 -15868.5
  141 140.5 3.63417 0.00157733 -15963.5 -15844.8 -15896.5
  142 141.5 3.63468 0.00157755 -15974.6 -15786.2 -15910.8
  143 142.5 3.63313 0.00157688 -15987.1 -15891.7 -15922.7
  144 143.5 3.63561 0.00157796 -15976.5 -15888.7 -15866.2
  145 144.5 3.63526 0.00157781 -15929.1 -15941.1 -15902.8
  146 145.5 3.63133 0.0015761 -15810.5 -15877.1 -15948
  147 146.5 3.64372 0.00158147 -15958.3 -15928.5 -15799.4
  148 147.5 3.6446 0.00158186 -15880.6 -16059.6 -15913.1
  149 148.5 3.64052 0.00158009 -15787.3 -15981.9 -15900.9
  150 149.5 3.64927 0.00158389 -15813 -15972.8 -15834.9
  151 150.5 3.6743 0.00159475 -15959.7 -15981.9 -15662.6
  152 151.5 3.66738 0.00159175 -15676.2 -15970.4 -15776.9
  153 152.5 3.66714 0.00159164 -15801.3 -15975.3 -15760.4
  154 153.5 3.68051 0.00159744 -15866.8 -16036 -15647.1
  155 154.5 3.67187 0.00159369 -15848.2 -15935.2 -15830.7
  156 155.5 3.68705 0.00160028 -15830.1 -15684.8 -15617.9
  157 156.5 3.68706 0.00160029 -15737 -15717.6 -15636.1
  158 157.5 3.6916 0.00160226 -15847.6 -15742.9 -15590.1
  159 158.5 3.69014 0.00160162 -15767.7 -15749.6 -15567.1
  160 159.5 3.69343 0.00160305 -15693.3 -15796.2 -15592.8
  161 160.5 3.69519 0.00160382 -15652.5 -15656.3 -15614.9
  162 161.5 3.70905 0.00160983 -15715.5 -15690.6 -15487.4
  163 162.5 3.73386 0.0016206 -15604.1 -15603.4 -15324.8
  164 163.5 3.75241 0.00162865 -15472.8 -15449.3 -15287.9
  165 164.5 3.77697 0.00163931 -15505.4 -15420.6 -15075.5
  166 165.5 3.80558 0.00165173 -15515.4 -15404.4 -14986.2
  167 166.5 3.83277 0.00166353 -15327.3 -15212.2 -14682.5
  168 167.5 3.87832 0.0016833 -15174.9 -15144.5 -14609.9
  169 168.5 3.93812 0.00170926 -14978.5 -15032.5 -14297
  170 169.5 4.01506 0.00174265 -14644.9 -14891.9 -13833.7
  171 170.5 4.10627 0.00178224 -14502.9 -14597.1 -13451.1
  172 171.5 4.22305 0.00183292 -14040.5 -14124.6 -12971.4
  173 172.5 4.35144 0.00188865 -13700.4 -13658.4 -12433.6
  174 173.5 4.51936 0.00196153 -13240.2 -13274.1 -11829.3
  175 174.5 4.73744 0.00205618 -12744.3 -12819.5 -11054.4
  176 175.5 4.9812 0.00216198 -12067.4 -12214.9 -10315
  177 176.5 5.29341 0.00229749 -11360.2 -11455 -9440.58
  178 177.5 5.65645 0.00245506 -10685.8 -10817.4 -8687.53
  179 178.5 6.08851 0.00264258 -9863.19 -9894.31 -7821.48
  180 179.5 6.5812 0.00285642 -9036 -8991.85 -7018.22
  181 180.5 7.17024 0.00311208 -8285.78 -8294.01 -6237.78
  182 181.5 7.84707 0.00340585 -7353.41 -7368.68 -5476.23
  183 182.5 8.58406 0.00372572 -6493.57 -6501.54 -4954.49
  184 183.5 9.44597 0.00409981 -5668.58 -5602.6 -4381.37
  185 184.5 10.3622 0.00449747 -5000.54 -4966.84 -3944.32
  186 185.5 11.3698 0.0049348 -4167.24 -4143.75 -3519
  187 186.5 12.4173 0.00538944 -3540 -3559.56 -3277.43
  188 187.5 13.5182 0.00586728 -3038.85 -3035.82 -3129.13
  189 188.5 14.6626 0.00636399 -2590.04 -2455.75 -2891.86
  190 189.5 15.8149 0.00686412 -2064.6 -2033.54 -2791.66
  191 190.5 16.9343 0.00734996 -1740.61 -1697.94 -2779.85
  192 191.5 18.0381 0.00782904 -1487.43 -1526.24 -2741.61
  193 192.5 19.1327 0.00830413 -1221.62 -1282.32 -2709.39
  194 193.5 20.1379 0.00874039 -1138.5 -1096.97 -2641.44
  195 194.5 21.1047 0.00916003 -1048.9 -1095.3 -2639.8
  196 195.5 22.0122 0.00955392 -1060.26 -1205.91 -2546.82
  197 196.5 22.8666 0.00992475 -1031.98 -1193.11 -2341.21
  198 197.5 23.6337 0.0102577 -1176.28 -1271.08 -2269.45
  199 198.5 24.3218 0.0105563 -1359.03 -1240.99 -2129.97
  200 199.5 25.023 0.0108607 -1236.53 -1257.15 -1907.75
  201 200.5 25.7167 0.0111618 -1234.92 -1251.05 -1645.44
  202 201.5 26.3937 0.0114556 -1102.12 -1169.05 -1445.18
  203 202.5 27.0739 0.0117508 -774.999 -859.073 -1219.8
  204 203.5 27.7736 0.0120545 -505.822 -491.659 -1100.1
  205 204.5 28.5129 0.0123754 58.5036 32.2602 -984.931
  206 205.5 29.2858 0.0127108 564.981 550.576 -989.023
  207 206.5 29.9919 0.0130173 1089.17 1011.66 -1210.85
  208 207.5 30.7003 0.0133248 1464.96 1468.97 -1361.31
  209 208.5 31.4148 0.0136349 1691.4 1831.87 -1642.06
  210 209.5 32.0543 0.0139124 1874.5 1931.14 -2035.8
  211 210.5 32.5887 0.0141444 1927.27 1855.66 -2316.67
  212 211.5 33.0818 0.0143584 1802.24 1786.15 -2619.4
  213 212.5 33.4859 0.0145338 1488.24 1410.2 -2743.66
  214 213.5 33.8704 0.0147007 1088.13 1159.53 -2824.43
  215 214.5 34.1518 0.0148228 746.487 754.661 -2908.56
  216 215.5 34.3079 0.0148906 375.497 401.81 -2921.56
  217 216.5 34.5462 0.014994 15.0419 36.2961 -2742.29
  218 217.5 34.6525 0.0150402 -417.608 -283.953 -2767.35
  219 218.5 34.7634 0.0150883 -615.601 -656.243 -2605.19
  220 219.5 34.8187 0.0151123 -939.594 -917.719 -2452.93
  221 220.5 34.9233 0.0151577 -1037.29 -959.983 -2310.5
  222 221.5 34.9562 0.015172 -1148.32 -1102.81 -2222.65
  223 222.5 34.9627 0.0151748 -1200.86 -1313.59 -2125.97
  224 223.5 35.004 0.0151927 -1324.56 -1337.66 -2007.79
  225 224.5 35.0393 0.015208 -1470.1 -1301.08 -1885.82
  226 225.5 35.0489 0.0152122 -1454.72 -1332.66 -1898.06
  227 226.5 35.037 0.015207 -1501.82 -1368.11 -1845.85
  228 227.5 35.0528 0.0152139 -1451.46 -1385.33 -1758.92
  229 228.5 35.0855 0.0152281 -1507.11 -1518.35 -1797.02
  230 229.5 35.0819 0.0152265 -1578.29 -1604.21 -1733.2
  231 230.5 35.0533 0.0152141 -1671.97 -1637.25 -1656.74
  232 231.5 35.1113 0.0152393 -1537.9 -1526.01 -1649.28
  233 232.5 35.0885 0.0152294 -1694.76 -1701.47 -1743.96
  234 233.5 35.069 0.0152209 -1670.23 -1669.15 -1625.79
  235 234.5 35.0983 0.0152336 -1640.89 -1679.83 -1596.6
  236 235.5 35.1141 0.0152405 -1573.91 -1631.9 -1710.7
  237 236.5 35.071 0.0152218 -1648.69 -1679.53 -1665.15
  238 237.5 35.0707 0.0152217 -1698.24 -1734.27 -1593.97
  239 238.5 35.1388 0.0152512 -1700.24 -1789.84 -1663.74
  240 239.5 35.0926 0.0152312 -1640.94 -1666.66 -1598.67
  241 240.5 35.0446 0.0152104 -1565.15 -1650.7 -1656.93
  242 241.5 35.0982 0.0152336 -1653.11 -1716.02 -1588.65
  243 242.5 35.1203 0.0152432 -1647.34 -1696.48 -1681.58
  244 243.5 35.0617 0.0152177 -1704.17 -1630.38 -1580.09
  245 244.5 35.0382 0.0152076 -1773.81 -1632.01 -1680.95
  246 245.5 35.1324 0.0152484 -1728.67 -1680.69 -1626.05
  247 246.5 35.0926 0.0152312 -1688.29 -1594.19 -1613.91
  248 247.5 35.0585 0.0152164 -1626.49 -1675.47 -1596.87
  249 248.5 35.0663 0.0152197 -1598.18 -1666.76 -1662.78
  250 249.5 35.1385 0.0152511 -1599.08 -1694.36 -1617.64
  251 250.5 35.0635 0.0152185 -1720.26 -1740.05 -1592.24
  252 251.5 35.0625 0.0152181 -1644.89 -1687.46 -1647.89
  253 252.5 35.1013 0.0152349 -1676.38 -1594.28 -1670.08
  254 253.5 35.1139 0.0152404 -1620.99 -1588.2 -1533.98
  255 254.5 35.0418 0.0152091 -1652.53 -1581.62 -1682.95
  256 255.5 35.0912 0.0152306 -1589.14 -1555 -1638.96
  257 256.5 35.1012 0.0152349 -1615.94 -1509.01 -1608.93
  258 257.5 35.0931 0.0152314 -1621.27 -1600.02 -1630.49
  259 258.5 35.07 0.0152213 -1546.84 -1583.96 -1680.15
  260 259.5 35.0958 0.0152326 -1623.25 -1536.89 -1611.75
  261 260.5 35.076 0.015224 -1695.56 -1618.68 -1581.57
  262 261.5 35.0958 0.0152326 -1742.98 -1780.36 -1676.51
  263 262.5 35.0786 0.0152251 -1629.44 -1617.3 -1618.16
  264 263.5 35.0938 0.0152317 -1608.04 -1709.81 -1674.15
  265 264.5 35.0559 0.0152152 -1529.5 -1600.49 -1613.95
  266 265.5 35.1252 0.0152453 -1663.6 -1587.24 -1555.55
  267 266.5 35.0807 0.015226 -1691.12 -1755.62 -1700.49
  268 267.5 35.0721 0.0152223 -1611.79 -1610.14 -1680.22
  269 268.5 35.0864 0.0152285 -1553.01 -1517.47 -1594.82
  270 269.5 35.1047 0.0152364 -1513.11 -1643.72 -1566.9
  271 270.5 35.0956 0.0152325 -1530.55 -1576.6 -1638.71
  272 271.5 35.0621 0.0152179 -1586.6 -1578.4 -1657.31
  273 272.5 35.0962 0.0152327 -1510.77 -1527.34 -1634.27
  274 273.5 35.0961 0.0152327 -1541.99 -1478.82 -1575.55
  275 274.5 35.0761 0.015224 -1579.99 -1502.79 -1640.21
  276 275.5 35.0597 0.0152169 -1638.46 -1670.68 -1737.27
  277 276.5 35.102 0.0152353 -1549.83 -1539.65 -1605.88
  278 277.5 35.095 0.0152322 -1577.41 -1550.57 -1553.41
  279 278.5 35.0878 0.0152291 -1634.99 -1662.13 -1647.68
  280 279.5 35.0698 0.0152213 -1733.79 -1581.45 -1739.96
  281 280.5 35.0698 0.0152213 -1577.03 -1613.65 -1582.54
  282 281.5 35.1081 0.0152379 -1535.71 -1469.58 -1584.88
  283 282.5 35.0937 0.0152316 -1599.25 -1490.33 -1602.45
  284 283.5 35.0188 0.0151991 -1640.23 -1678.81 -1741.21
  285 284.5 35.1225 0.0152442 -1710.04 -1685.9 -1562.62
  286 285.5 35.1023 0.0152354 -1700.56 -1695.71 -1626.21
  287 286.5 35.0277 0.015203 -1636.17 -1562.83 -1641.97
  288 287.5 35.0775 0.0152246 -1628.94 -1546.75 -1639.66
  289 288.5 35.0909 0.0152304 -1626.5 -1593.21 -1633.71
  290 289.5 35.0835 0.0152272 -1567.45 -1667.35 -1530.71
  291 290.5 35.0638 0.0152187 -1655.64 -1618.91 -1687.33
  292 291.5 35.0582 0.0152162 -1596.59 -1639.98 -1682.94
  293 292.5 35.0969 0.015233 -1586.43 -1669.97 -1565.46
  294 293.5 35.0745 0.0152233 -1714.01 -1638.52 -1589.19
  295 294.5 35.0547 0.0152147 -1613.22 -1673.55 -1661.96
  296 295.5 35.05 0.0152127 -1689.95 -1674.48 -1626.17
  297 296.5 35.1161 0.0152413 -1688.31 -1722.69 -1645.59
  298 297.5 35.068 0.0152205 -1638.89 -1756.61 -1587.53
  299 298.5 35.0473 0.0152115 -1656.9 -1751.32 -1643.45
  300 299.5 35.0804 0.0152259 -1688.16 -1711.56 -1662.51
  301 300.5 35.0902 0.0152301 -1749.08 -1727.45 -1621.88
  302 301.5 35.0684 0.0152207 -1724.78 -1757.87 -1576.56
  303 302.5 35.1019 0.0152352 -1686.06 -1750.39 -1671.02
  304 303.5 35.088 0.0152292 -1693.24 -1660.02 -1666.14
  305 304.5 35.0786 0.0152251 -1660.97 -1630.32 -1578.86
  306 305.5 35.0841 0.0152275 -1688.33 -1615.74 -1641.04
  307 306.5 35.1204 0.0152432 -1616.4 -1572.21 -1673.76
  308 307.5 35.0599 0.015217 -1641.44 -1610.98 -1585.11
  309 308.5 35.0977 0.0152334 -1773.54 -1680 -1627.07
  310 309.5 35.1113 0.0152393 -1756.01 -1760.51 -1625.06
  311 310.5 35.0831 0.015227 -1588.7 -1591.94 -1625.4
  312 311.5 35.0981 0.0152336 -1696.55 -1707.93 -1696.05
  313 312.5 35.0853 0.015228 -1604.42 -1639.08 -1616.95
  314 313.5 35.118 0.0152422 -1694.93 -1641.02 -1567.03
  315 314.5 35.1079 0.0152378 -1659.59 -1559.56 -1603.26
  316 315.5 35.0932 0.0152314 -1750.35 -1653.41 -1726.73
  317 316.5 35.1124 0.0152397 -1707.22 -1692.23 -1629.15
  318 317.5 35.1156 0.0152412 -1712.42 -1626.23 -1566.89
  319 318.5 35.1405 0.015252 -1741.06 -1693.61 -1615.4
  320 319.5 35.1011 0.0152349 -1741.41 -1789.57 -1686.94
  321 320.5 35.1104 0.0152389 -1711.45 -1670.2 -1661.4
  322 321.5 35.1372 0.0152505 -1801.2 -1741.37 -1595.75
  323 322.5 35.1238 0.0152447 -1672.3 -1668.79 -1636.35
  324 323.5 35.1031 0.0152357 -1542.82 -1534.72 -1615.92
  325 324.5 35.1171 0.0152418 -1669.49 -1592 -1660.3
  326 325.5 35.1147 0.0152408 -1682.94 -1680.73 -1668.33
  327 326.5 35.1222 0.015244 -1716.42 -1700.48 -1598.15
  328 327.5 35.1083 0.015238 -1637.97 -1631.13 -1591.51
  329 328.5 35.125 0.0152452 -1675.96 -1811.73 -1659.92
  330 329.5 35.1014 0.015235 -1653.17 -1637.53 -1622
  331 330.5 35.1324 0.0152484 -1513.11 -1649.93 -1587.44
  332 331.5 35.1086 0.0152381 -1555.63 -1579.63 -1677.61
  333 332.5 35.0959 0.0152326 -1592.1 -1572.43 -1681.71
  334 333.5 35.1057 0.0152369 -1633.41 -1579.75 -1586.23
  335 334.5 35.1265 0.0152459 -1542.68 -1590.13 -1654.91
  336 335.5 35.1236 0.0152446 -1465.3 -1654.96 -1583.76
  337 336.5 35.1033 0.0152358 -1536.89 -1598.17 -1687.4
  338 337.5 35.1072 0.0152375 -1478.2 -1614.35 -1646.84
  339 338.5 35.1343 0.0152493 -1570.77 -1527.35 -1629.98
  340 339.5 35.1037 0.015236 -1706.64 -1561.03 -1642.34
  341 340.5 35.0884 0.0152293 -1674.45 -1573.6 -1701.01
  342 341.5 35.1403 0.0152518 -1576.42 -1595.01 -1678.31
  343 342.5 35.0768 0.0152243 -1607.68 -1605.38 -1721.42
  344 343.5 35.102 0.0152353 -1544.13 -1544.6 -1772.59
  345 344.5 35.0767 0.0152243 -1483.17 -1401.7 -1690.2
  346 345.5 35.094 0.0152318 -1467.82 -1470.93 -1813.66
  347 346.5 35.0692 0.015221 -1380.73 -1314.03 -1858.66
  348 347.5 35.0388 0.0152078 -1449.49 -1421.32 -1961.54
  349 348.5 35.0603 0.0152172 -1313.92 -1247.68 -1915.9
  350 349.5 35.022 0.0152005 -1411.69 -1388.18 -2118.19
  351 350.5 34.987 0.0151853 -1281.94 -1293.17 -2187.47
  352 351.5 34.9443 0.0151668 -1023.11 -1045.61 -2262.61
  353 352.5 34.8923 0.0151442 -842.452 -857.712 -2415.86
  354 353.5 34.8174 0.0151117 -598.986 -698.218 -2473.67
  355 354.5 34.7161 0.0150678 -432.163 -436.072 -2680.47
  356 355.5 34.5998 0.0150173 -202.683 -283.634 -2796.29
  357 356.5 34.4394 0.0149477 163.112 95.1999 -2845.83
  358 357.5 34.2227 0.0148536 539.58 542.135 -2822.59
  359 358.5 33.9803 0.0147484 908.12 933.774 -2852.03
  360 359.5 33.6509 0.0146054 1301.91 1237.4 -2630.1
  361 360.5 33.2772 0.0144432 1532.65 1557.66 -2447.47
  362 361.5 32.8286 0.0142485 1711.58 1675.24 -2187.55
  363 362.5 32.2737 0.0140077 1675.23 1748.24 -1862.35
  364 363.5 31.7405 0.0137763 1521.74 1483.2 -1428.85
  365 364.5 31.0953 0.0134962 1098.68 1051.88 -1100.57
  366 365.5 30.4382 0.013211 612.123 704.578 -766.708
  367 366.5 29.8262 0.0129454 50.5903 19.8255 -602.371
  368 367.5 29.1964 0.012672 -650.801 -602.35 -529.279
  369 368.5 28.6478 0.0124339 -1277.94 -1208.39 -447.496
  370 369.5 28.1404 0.0122137 -1719.35 -1751.16 -678.278
  371 370.5 27.7343 0.0120375 -2083.92 -2067.47 -781.808
  372 371.5 27.3942 0.0118899 -2286.27 -2374.1 -978.02
  373 372.5 27.1388 0.011779 -2503.51 -2490.61 -1156.31
  374 373.5 26.935 0.0116905 -2510.29 -2551.99 -1344.68
  375 374.5 26.7539 0.011612 -2480.06 -2558.54 -1458.84
  376 375.5 26.663 0.0115725 -2505.39 -2505.19 -1566.33
  377 376.5 26.5458 0.0115216 -2532.01 -2416.65 -1834.28
  378 377.5 26.4774 0.0114919 -2418.19 -2364.61 -1822.11
  379 378.5 26.4066 0.0114612 -2330.34 -2379.06 -1913.64
  380 379.5 26.3867 0.0114526 -2331.85 -2326.53 -1962.46
  381 380.5 26.3556 0.0114391 -2224.38 -2222.13 -1941.45
  382 381.5 26.3253 0.0114259 -2179.74 -2198.66 -2058.3
  383 382.5 26.2966 0.0114135 -2261.6 -2263.75 -2111.45
  384 383.5 26.2647 0.0113996 -2242.65 -2154.02 -2124.52
  385 384.5 26.2868 0.0114092 -2238.62 -2193.85 -2107.72
  386 385.5 26.2896 0.0114104 -2270.28 -2216.45 -2118.27
  387 386.5 26.2444 0.0113908 -2184.55 -2171.75 -2149.46
  388 387.5 26.2605 0.0113978 -2209.46 -2192.46 -2142.4
  389 388.5 26.2849 0.0114084 -2239.34 -2161.17 -2217.41
  390 389.5 26.2654 0.0113999 -2171.93 -2240.37 -2165.34
  391 390.5 26.2241 0.011382 -2221.73 -2198.87 -2166.19
  392 391.5 26.2615 0.0113982 -2219.94 -2252.81 -2191.05
  393 392.5 26.2928 0.0114118 -2246.5 -2186.77 -2170.97
  394 393.5 26.2267 0.0113831 -2237.65 -2194.97 -2151.99
  395 394.5 26.2351 0.0113868 -2220.31 -2246.29 -2198.29
  396 395.5 26.2626 0.0113987 -2279.05 -2213.89 -2234.57
  397 396.5 26.2632 0.011399 -2174.78 -2184.4 -2141.78
  398 397.5 26.212 0.0113768 -2161.33 -2211.17 -2221.45
  399 398.5 26.2323 0.0113856 -2262.64 -2150.14 -2168.95
  400 399.5 26.2515 0.0113939 -2119.88 -2163.39 -2224.91
  401 400.5 26.2525 0.0113943 -2248.31 -2166.25 -2182.98
  402 401.5 26.2225 0.0113813 -2198.84 -2141.33 -2189.16
  403 402.5 26.2623 0.0113986 -2183.57 -2165.76 -2178.6
  404 403.5 26.2625 0.0113986 -2081.5 -2150.14 -2128.43
  405 404.5 26.2399 0.0113889 -2162.1 -2089.14 -2220.23
  406 405.5 26.2409 0.0113893 -2305.84 -2180.81 -2234.7
  407 406.5 26.2616 0.0113983 -2290.77 -2247 -2181.29
  408 407.5 26.2651 0.0113998 -2219.74 -2241.66 -2150.53
  409 408.5 26.27 0.0114019 -2236.11 -2148.65 -2171.47
  410 409.5 26.2448 0.011391 -2173.65 -2264.75 -2254.24
  411 410.5 26.2739 0.0114036 -2194.71 -2168.35 -2233.06
  412 411.5 26.2822 0.0114072 -2141.97 -2138.46 -2105.68
  413 412.5 26.273 0.0114032 -2197.63 -2163.46 -2253.86
  414 413.5 26.2577 0.0113966 -2158.38 -2194.54 -2200.85
  415 414.5 26.2804 0.0114064 -2181.95 -2080.45 -2168.45
  416 415.5 26.2941 0.0114124 -2138.95 -2195.58 -2185.52
  417 416.5 26.2741 0.0114037 -2103.26 -2186.68 -2207.88
  418 417.5 26.2428 0.0113901 -2134.63 -2198.93 -2235.53
  419 418.5 26.292 0.0114114 -2215.69 -2146.4 -2183.87
  420 419.5 26.2799 0.0114062 -2161.45 -2135.39 -2140.5
  421 420.5 26.279 0.0114058 -2237.04 -2228.7 -2265.04
  422 421.5 26.2746 0.0114039 -2191.4 -2251.04 -2182.92
  423 422.5 26.2946 0.0114126 -2166.29 -2206.99 -2161.09
  424 423.5 26.246 0.0113915 -2215.68 -2119.91 -2196.36
  425 424.5 26.2665 0.0114004 -2197.5 -2235.19 -2222.67
  426 425.5 26.2761 0.0114045 -2272.29 -2142.89 -2168.96
  427 426.5 26.2472 0.011392 -2089.37 -2158.5 -2206.04
  428 427.5 26.1995 0.0113713 -2080.65 -2192.91 -2176.08
  429 428.5 26.2599 0.0113975 -2269.81 -2242.66 -2191.52
  430 429.5 26.2932 0.011412 -2216.3 -2174.92 -2165.36
  431 430.5 26.2342 0.0113864 -2260.97 -2189.54 -2194.43
  432 431.5 26.2333 0.011386 -2260.2 -2237.95 -2225.44
  433 432.5 26.2728 0.0114031 -2281.69 -2178.07 -2166.3
  434 433.5 26.2779 0.0114053 -2233.13 -2182.66 -2189.98
  435 434.5 26.2436 0.0113904 -2146.29 -2183.95 -2193.58
  436 435.5 26.2629 0.0113988 -2148.17 -2150.46 -2165.65
  437 436.5 26.2643 0.0113994 -2203.31 -2202.02 -2242.32
  438 437.5 26.2907 0.0114109 -2243.94 -2243.58 -2169.5
  439 438.5 26.2552 0.0113955 -2159.92 -2186.08 -2143.77
  440 439.5 26.2618 0.0113984 -2222.38 -2229.61 -2226.97
  441 440.5 26.2608 0.0113979 -2198.38 -2243.61 -2216.83
  442 441.5 26.263 0.0113989 -2199.66 -2192.94 -2193.47
  443 442.5 26.2627 0.0113987 -2179.91 -2174.7 -2160.19
  444 443.5 26.2643 0.0113994 -2232.93 -2177.94 -2241.6
  445 444.5 26.2672 0.0114007 -2211.09 -2120.04 -2165.45
  446 445.5 26.2719 0.0114027 -2207.92 -2229.61 -2172.64
  447 446.5 26.2886 0.01141 -2205.34 -2249.93 -2192.35
  448 447.5 26.2614 0.0113982 -2192.78 -2173.41 -2234.95
  449 448.5 26.266 0.0114002 -2199.92 -2143.4 -2184.98
  450 449.5 26.2896 0.0114104 -2208.1 -2176.55 -2127.93
  451 450.5 26.2425 0.01139 -2124.63 -2202.11 -2172.75
  452 451.5 26.2595 0.0113973 -2224.18 -2221.81 -2254.65
  453 452.5 26.2621 0.0113985 -2214.9 -2240.27 -2249.37
  454 453.5 26.2488 0.0113927 -2160.71 -2211.23 -2105.62
  455 454.5 26.2856 0.0114087 -2242.11 -2129.61 -2195.9
  456 455.5 26.2596 0.0113974 -2214.49 -2101.74 -2231.96
  457 456.5 26.2628 0.0113988 -2099.75 -2153.03 -2185.55
  458 457.5 26.2702 0.011402 -2129.2 -2114.49 -2133.05
  459 458.5 26.293 0.0114119 -2164.21 -2116.6 -2209.98
  460 459.5 26.2988 0.0114144 -2129.23 -2250.11 -2198.43
  461 460.5 26.2637 0.0113992 -2177.34 -2216.75 -2176.61
  462 461.5 26.2832 0.0114076 -2167.69 -2257.23 -2206.34
  463 462.5 26.3152 0.0114215 -2135.1 -2179.74 -2158.52
  464 463.5 26.2859 0.0114088 -2128.91 -2182.98 -2205.03
  465 464.5 26.2783 0.0114055 -2226.65 -2283.87 -2196
  466 465.5 26.2737 0.0114035 -2266.29 -2224.71 -2205.75
  467 466.5 26.2822 0.0114072 -2188.51 -2201.75 -2188.99
  468 467.5 26.2729 0.0114032 -2267.88 -2211.78 -2180.29
  469 468.5 26.2567 0.0113962 -2256.32 -2183.41 -2189.41
  470 469.5 26.2641 0.0113993 -2242.06 -2315.27 -2219.2
  471 470.5 26.2986 0.0114143 -2193.31 -2272.12 -2203.76
  472 471.5 26.2493 0.0113929 -2215.51 -2250.21 -2179.08
  473 472.5 26.2458 0.0113914 -2239.55 -2204.02 -2181.58
  474 473.5 26.3225 0.0114247 -2214.73 -2192.4 -2167.38
  475 474.5 26.2843 0.0114081 -2199.28 -2201.47 -2197.98
  476 475.5 26.2247 0.0113823 -2137.59 -2139.47 -2167.94
  477 476.5 26.2501 0.0113933 -2179.7 -2186.53 -2282.14
  478 477.5 26.275 0.0114041 -2148.36 -2200.41 -2203.29
  479 478.5 26.2392 0.0113885 -2168.54 -2156.21 -2147.01
  480 479.5 26.2842 0.0114081 -2151.32 -2094.29 -2198.42
30000000 480 10726.000000000007
  1 0.5 26.2349 0.0113867 -2229.57 -2197.56 -2182.94
  2 1.5 26.2168 0.0113788 -2258.88 -2211.55 -2182.45
  3 2.5 26.2495 0.011393 -2242.25 -2239.57 -2255.32
  4 3.5 26.2261 0.0113829 -2198.56 -2172.75 -2182.39
  5 4.5 26.217 0.0113789 -2196.11 -2214.29 -2165.75
  6 5.5 26.181 0.0113633 -2218.17 -2204.27 -2274.44
  7 6.5 26.218 0.0113793 -2267.05 -2183.05 -2210.37
  8 7.5 26.2025 0.0113726 -2228.11 -2182.52 -2190.7
  9 8.5 26.2024 0.0113726 -2156.46 -2180.43 -2263.71
  10 9.5 26.1861 0.0113655 -2158.41 -2174.97 -2227.94
  11 10.5 26.1862 0.0113655 -2189.6 -2132.01 -2234.45
  12 11.5 26.1833 0.0113643 -2127.11 -2097.4 -2273.54
  13 12.5 26.1675 0.0113574 -2133.81 -2092.27 -2274.28
  14 13.5 26.1334 0.0113426 -2105.84 -2114.62 -2249.92
  15 14.5 26.1315 0.0113418 -2177.61 -2199.02 -2376.62
  16 15.5 26.1263 0.0113395 -2067.89 -2066.39 -2306.31
  17 16.5 26.058 0.0113099 -2067.64 -2069.09 -2384.16
  18 17.5 26.0258 0.0112959 -1997.36 -1992.31 -2341.76
  19 18.5 25.9643 0.0112692 -1991.83 -2071.89 -2442.07
  20 19.5 25.8976 0.0112403 -1905.66 -2005.93 -2519.18
  21 20.5 25.8266 0.0112094 -1850.49 -1913.18 -2459.04
  22 21.5 25.7497 0.0111761 -1969.72 -1960.92 -2591.31
  23 22.5 25.6308 0.0111245 -1866.14 -1866.73 -2640.79
  24 23.5 25.5079 0.0110711 -1743.12 -1795.7 -2698.56
  25 24.5 25.3883 0.0110192 -1632.78 -1617.4 -2683.22
  26 25.5 25.1734 0.010926 -1562.26 -1684.27 -2791.5
  27 26.5 24.9438 0.0108263 -1494.89 -1558.55 -2930.04
  28 27.5 24.6954 0.0107185 -1425.62 -1473.74 -2920.96
  29 28.5 24.3728 0.0105785 -1347.8 -1256.22 -2986.96
  30 29.5 23.9984 0.010416 -1285.58 -1257.71 -3040.97
  31 30.5 23.5598 0.0102256 -1229.65 -1205.4 -3097.56
  32 31.5 23.0156 0.0099894 -1089.21 -1069 -3131.96
  33 32.5 22.4662 0.00975096 -1119.94 -1159.88 -3128.14
  34 33.5 21.7798 0.00945305 -1003.26 -974.041 -3094.99
  35 34.5 21.0101 0.00911897 -1035.55 -1049.41 -3105.82
  36 35.5 20.1837 0.00876029 -1160.51 -1210.77 -3085.81
  37 36.5 19.2484 0.00835433 -1209.44 -1245 -3039.5
  38 37.5 18.2548 0.0079231 -1430.94 -1467.9 -3009.22
  39 38.5 17.216 0.00747222 -1640.1 -1657.78 -3085.09
  40 39.5 16.1174 0.00699538 -1883.32 -1944.95 -3068.19
  41 40.5 15.0581 0.00653564 -2334.52 -2318.7 -3057.96
  42 41.5 13.9295 0.00604578 -2819.98 -2893.6 -3108.09
  43 42.5 12.815 0.00556206 -3383.68 -3378.67 -3365.78
  44 43.5 11.763 0.00510545 -4045.69 -4065.91 -3586.71
  45 44.5 10.7585 0.00466951 -4677.63 -4739.18 -3825.14
  46 45.5 9.81545 0.00426018 -5512.69 -5470.81 -4213.72
  47 46.5 8.94752 0.00388347 -6327.34 -6247.09 -4672.85
  48 47.5 8.14722 0.00353612 -7060.4 -7082.96 -5280.88
  49 48.5 7.44388 0.00323085 -8068.45 -7957.18 -6000.32
  50 49.5 6.83261 0.00296554 -8821.03 -8753.04 -6677.13
  51 50.5 6.30082 0.00273473 -9717.42 -9595.17 -7507.31
  52 51.5 5.8553 0.00254136 -10402.3 -10439 -8368.92
  53 52.5 5.48042 0.00237866 -11208.2 -11049.5 -9140.56
  54 53.5 5.17307 0.00224526 -11785.7 -11739.8 -9877.8
  55 54.5 4.90831 0.00213034 -12523.7 -12477.3 -10588.7
  56 55.5 4.69246 0.00203666 -13047.2 -12981.7 -11250.9
  57 56.5 4.50574 0.00195562 -13534.1 -13542.3 -12011.6
  58 57.5 4.35878 0.00189183 -13695.2 -13808.1 -12511.2
  59 58.5 4.23704 0.00183899 -13983.7 -14135.8 -13072.5
  60 59.5 4.14391 0.00179857 -14286.7 -14308.5 -13425.6
  61 60.5 4.05856 0.00176153 -14491.9 -14534.8 -13839.7
  62 61.5 3.98815 0.00173097 -14666.8 -14572.2 -14088.9
  63 62.5 3.9417 0.00171081 -14788.5 -14815.1 -14360.9
  64 63.5 3.89969 0.00169257 -14955.4 -14918.7 -14562.2
  65 64.5 3.87703 0.00168274 -15090.4 -15104 -14727.6
  66 65.5 3.84291 0.00166793 -15258.8 -15148.6 -14897.4
  67 66.5 3.81951 0.00165777 -15234.2 -15212.7 -14952.4
  68 67.5 3.79961 0.00164914 -15456.5 -15267.6 -15082.4
  69 68.5 3.78842 0.00164428 -15353 -15353.4 -15208.3
  70 69.5 3.77586 0.00163883 -15353.8 -15377.6 -15250
  71 70.5 3.76394 0.00163365 -15381.5 -15367.6 -15258.1
  72 71.5 3.75176 0.00162837 -15451.6 -15404.5 -15324.6
  73 72.5 3.74312 0.00162462 -15504.3 -15431.1 -15451.4
  74 73.5 3.7314 0.00161953 -15514.5 -15563.9 -15544.3
  75 74.5 3.72807 0.00161809 -15534 -15377.3 -15475.7
  76 75.5 3.72269 0.00161575 -15504.6 -15441.3 -15475
  77 76.5 3.72998 0.00161892 -15626.2 -15559.6 -15455
  78 77.5 3.72495 0.00161673 -15361.4 -15722.9 -15442.2
  79 78.5 3.7249 0.00161671 -15523 -15666.5 -15531
  80 79.5 3.7191 0.00161419 -15649.6 -15684.4 -15551.7
  81 80.5 3.71384 0.00161191 -15603.7 -15774 -15570
  82 81.5 3.71751 0.0016135 -15787.9 -15750.6 -15524.3
  83 82.5 3.71443 0.00161216 -15564.5 -15664.5 -15505.7
  84 83.5 3.70966 0.0016101 -15631.7 -15777 -15614.6
  85 84.5 3.70814 0.00160944 -15532.9 -15621.5 -15581.6
  86 85.5 3.71688 0.00161323 -15540.3 -15612 -15524.7
  87 86.5 3.70868 0.00160967 -15580.3 -15611.8 -15575.2
  88 87.5 3.71294 0.00161152 -15440.2 -15613.2 -15566.8
  89 88.5 3.71045 0.00161044 -15377.1 -15565.9 -15613.8
  90 89.5 3.70708 0.00160898 -15540.6 -15690.2 -15585.5
  91 90.5 3.70986 0.00161018 -15702.2 -15627.5 -15563.4
  92 91.5 3.70767 0.00160923 -15681.3 -15615 -15602.7
  93 92.5 3.7029 0.00160716 -15587.4 -15622.4 -15648.4
  94 93.5 3.7201 0.00161463 -15665.5 -15722.6 -15534.7
  95 94.5 3.71581 0.00161276 -15513 -15603.3 -15533.7
  96 95.5 3.69828 0.00160516 -15536.5 -15614.4 -15649.6
  97 96.5 3.70328 0.00160733 -15499.6 -15760.4 -15580.8
  98 97.5 3.69234 0.00160258 -15537.2 -15818.5 -15720.6
  99 98.5 3.68478 0.0015993 -15637.5 -15680.1 -15687.7
  100 99.5 3.68158 0.00159791 -15677.3 -15768 -15649.3
  101 100.5 3.68721 0.00160035 -15750.2 -15760.2 -15676.8
  102 101.5 3.67936 0.00159695 -15745.2 -15700.6 -15754.1
  103 102.5 3.67728 0.00159604 -15705.1 -15701.7 -15671.9
  104 103.5 3.67244 0.00159394 -15700.8 -15646.2 -15716.3
  105 104.5 3.65633 0.00158695 -15625.8 -15595 -15842.5
  106 105.5 3.6643 0.00159041 -15763.7 -15767.6 -15787.7
  107 106.5 3.66371 0.00159015 -15740.5 -15756.9 -15786.9
  108 107.5 3.65354 0.00158574 -15551.8 -15673.9 -15797.1
  109 108.5 3.66385 0.00159021 -15623.7 -15777.9 -15768.2
  110 109.5 3.66656 0.00159139 -15688.6 -15802.7 -15725.3
  111 110.5 3.66222 0.00158951 -15627.1 -15831.6 -15810
  112 111.5 3.65787 0.00158762 -15741.2 -15795.1 -15772.1
  113 112.5 3.6649 0.00159067 -15930.2 -15798 -15793.1
  114 113.5 3.6768 0.00159583 -15979.9 -15742.9 -15716.9
  115 114.5 3.671 0.00159332 -15974.2 -15823.8 -15742.5
  116 115.5 3.6633 0.00158997 -15824.9 -15736.5 -15738.9
  117 116.5 3.66817 0.00159209 -15874.5 -15828.8 -15791.4
  118 117.5 3.66832 0.00159215 -15723.8 -15702.2 -15680.4
  119 118.5 3.67159 0.00159357 -15752.4 -15876.7 -15808.6
  120 119.5 3.67358 0.00159444 -15637.7 -15853.1 -15746.3
  121 120.5 3.68539 0.00159956 -15720 -15895.6 -15652.1
  122 121.5 3.6666 0.00159141 -15758.4 -15881.7 -15730.3
  123 122.5 3.67003 0.00159289 -15723 -15841 -15717.5
  124 123.5 3.67056 0.00159312 -15869 -15727 -15745.2
  125 124.5 3.68001 0.00159723 -15880.5 -15724.8 -15737.9
  126 125.5 3.68422 0.00159905 -15632.3 -15792.6 -15716.2
  127 126.5 3.68911 0.00160118 -15691.1 -15775.2 -15619.6
  128 127.5 3.69236 0.00160259 -15820.7 -15833.9 -15656.9
  129 128.5 3.69222 0.00160253 -15669.5 -15722.1 -15719.9
  130 129.5 3.6911 0.00160204 -15589.9 -15727.9 -15626.5
  131 130.5 3.69591 0.00160413 -15636.1 -15635.9 -15628.2
  132 131.5 3.6868 0.00160017 -15538.5 -15646.6 -15687.9
  133 132.5 3.68555 0.00159963 -15560.9 -15590.1 -15716.3
  134 133.5 3.68416 0.00159903 -15789.7 -15593.3 -15732.4
  135 134.5 3.68251 0.00159831 -15745.3 -15702.2 -15662.7
  136 135.5 3.67565 0.00159534 -15700.2 -15729.4 -15697.3
  137 136.5 3.66346 0.00159005 -15773.4 -15613.2 -15813
  138 137.5 3.65803 0.00158769 -15846.1 -15809.6 -15808.1
  139 138.5 3.67805 0.00159637 -15855.1 -15682.8 -15667.8
  140 139.5 3.676 0.00159549 -15807.5 -15732 -15678.2
  141 140.5 3.67443 0.00159481 -15699.4 -15873.4 -15703.4
  142 141.5 3.66598 0.00159114 -15697.4 -15798.7 -15813.5
  143 142.5 3.68204 0.00159811 -15800.7 -15716.8 -15720.3
  144 143.5 3.67335 0.00159434 -15611.6 -15779.4 -15750.5
  145 144.5 3.67895 0.00159677 -15778.4 -15715.5 -15677
  146 145.5 3.67612 0.00159554 -15772.4 -15904.9 -15661.7
  147 146.5 3.67548 0.00159526 -15700.2 -15822.4 -15777
  148 147.5 3.6749 0.00159501 -15617.2 -15820 -15732.3
  149 148.5 3.66945 0.00159264 -15700.7 -15731 -15772.3
  150 149.5 3.66869 0.00159231 -15870 -15739.6 -15734
  151 150.5 3.66597 0.00159113 -15860 -15682.4 -15773.7
  152 151.5 3.6671 0.00159162 -15904.1 -15744.3 -15763.5
  153 152.5 3.66676 0.00159148 -15733.5 -15843.5 -15701.6
  154 153.5 3.6649 0.00159067 -15797.6 -15815.2 -15775.3
  155 154.5 3.66405 0.0015903 -15861.9 -15961.3 -15725
  156 155.5 3.67001 0.00159288 -15795.4 -15928.9 -15655
  157 156.5 3.6669 0.00159154 -15957.5 -15808.5 -15723.3
  158 157.5 3.66769 0.00159188 -15860.9 -15767.7 -15691.9
  159 158.5 3.68003 0.00159723 -15771.2 -15837.4 -15570.6
  160 159.5 3.69244 0.00160262 -15741.8 -15924.1 -15540.5
  161 160.5 3.70029 0.00160603 -15739.2 -15829.1 -15508.1
  162 161.5 3.72605 0.00161721 -15661.2 -15649.9 -15313.9
  163 162.5 3.75066 0.00162789 -15582.4 -15543.7 -15217.8
  164 163.5 3.79557 0.00164738 -15466.9 -15470.3 -14891.2
  165 164.5 3.82811 0.00166151 -15227.2 -15378.1 -14797.4
  166 165.5 3.86837 0.00167898 -15059.9 -15149.4 -14461.1
  167 166.5 3.93526 0.00170801 -15017.9 -14971.7 -14234.4
  168 167.5 4.01984 0.00174472 -14915.6 -14750.7 -13835.3
  169 168.5 4.1205 0.00178841 -14513 -14368 -13297.4
  170 169.5 4.24997 0.00184461 -14226.7 -14050.5 -12736.6
  171 170.5 4.40492 0.00191186 -13696.9 -13786.5 -12197.8
  172 171.5 4.60591 0.00199909 -13306.3 -13191.3 -11369.8
  173 172.5 4.83855 0.00210006 -12581.7 -12571.4 -10663.5
  174 173.5 5.12466 0.00222425 -11942.9 -11862.1 -9823.8
  175 174.5 5.4861 0.00238112 -11211.8 -11063.5 -8899.2
  176 175.5 5.90698 0.00256379 -10444.8 -10377 -8099.94
  177 176.5 6.41894 0.002786 -9470.23 -9457.42 -7115.82
  178 177.5 6.99537 0.00303619 -8591.57 -8589.09 -6347.71
  179 178.5 7.67921 0.00333299 -7706.01 -7661.75 -5616.93
  180 179.5 8.47641 0.003679 -6749.31 -6820.4 -4790.11
  181 180.5 9.34488 0.00405594 -5841.19 -5916.63 -4242.92
  182 181.5 10.3163 0.00447758 -5137.16 -5101.56 -3791.36
  183 182.5 11.376 0.00493751 -4398.5 -4360.86 -3358.13
  184 183.5 12.4741 0.00541409 -3534.47 -3562.25 -3145.03
  185 184.5 13.6412 0.00592067 -3054 -3006.2 -2971.35
  186 185.5 14.823 0.00643359 -2390.88 -2363.69 -2803.36
  187 186.5 16.0562 0.00696885 -1956.73 -1930.19 -2695.51
  188 187.5 17.2601 0.00749138 -1642.13 -1647.89 -2662.35
  189 188.5 18.4139 0.00799216 -1378.38 -1372.52 -2612.56
  190 189.5 19.4969 0.00846221 -1221.24 -1221.86 -2648.37
  191 190.5 20.5542 0.00892109 -1010.54 -1034.94 -2658.47
  192 191.5 21.538 0.0093481 -928.349 -1020.37 -2630.22
  193 192.5 22.4544 0.00974582 -1023.31 -1022.58 -2501.41
  194 193.5 23.2258 0.0100806 -1011.42 -1003.75 -2430.28
  195 194.5 24.0247 0.0104274 -1088.11 -1088.8 -2283.38
  196 195.5 24.728 0.0107327 -1142.25 -1144.12 -2136.24
  197 196.5 25.387 0.0110187 -1188.22 -1097.23 -1864.3
  198 197.5 26.0283 0.011297 -1152.67 -1141.21 -1718.52
  199 198.5 26.701 0.011589 -1009.7 -1024.61 -1487.68
  200 199.5 27.3657 0.0118775 -815.802 -664.655 -1239.73
  201 200.5 28.0254 0.0121638 -420.587 -368.139 -1189.52
  202 201.5 28.7294 0.0124694 64.5031 8.33064 -1041.12
  203 202.5 29.4382 0.012777 555.651 450.432 -1071.34
  204 203.5 30.1433 0.013083 1078.98 953.079 -1267.28
  205 204.5 30.8203 0.0133769 1433.66 1365.18 -1540.46
  206 205.5 31.5062 0.0136745 1718.54 1693.47 -1649.17
  207 206.5 32.1029 0.0139336 1864.45 1780.76 -1937.93
  208 207.5 32.6667 0.0141783 1779.94 1689.25 -2330.04
  209 208.5 33.1414 0.0143843 1679 1629.6 -2537.05
  210 209.5 33.5331 0.0145543 1343.6 1283.97 -2706.59
  211 210.5 33.8725 0.0147016 1021.79 1011.95 -2841.01
  212 211.5 34.1534 0.0148235 565.212 545.657 -2855.61
  213 212.5 34.3751 0.0149197 253.884 189.521 -2881.06
  214 213.5 34.5615 0.0150006 -214.593 -203.519 -2756.73
  215 214.5 34.6453 0.015037 -488.474 -430.86 -2755.2
  216 215.5 34.7827 0.0150966 -551.222 -607.339 -2526.93
  217 216.5 34.8818 0.0151397 -801.923 -750.502 -2417.89
  218 217.5 34.8908 0.0151436 -1085.59 -1005.41 -2377.24
  219 218.5 34.9611 0.0151741 -1166.37 -1082.88 -2215.08
  220 219.5 35.0094 0.0151951 -1267.93 -1240.65 -2032.77
  221 220.5 35.0232 0.015201 -1365.88 -1366.94 -1996.03
  222 221.5 35.0669 0.01522 -1498.33 -1440.04 -1977.43
  223 222.5 35.0326 0.0152051 -1518.11 -1621.32 -1941.49
  224 223.5 35.0564 0.0152154 -1438.99 -1588.69 -1776.76
  225 224.5 35.1284 0.0152467 -1455 -1509.57 -1785.69
  226 225.5 35.0622 0.015218 -1492.59 -1526.73 -1767.93
  227 226.5 35.0273 0.0152028 -1447.8 -1428.98 -1614.46
  228 227.5 35.1133 0.0152401 -1628.18 -1662.36 -1778.6
  229 228.5 35.1302 0.0152475 -1504.97 -1538.21 -1675.05
  230 229.5 35.0252 0.0152019 -1556.01 -1539.32 -1667.53
  231 230.5 35.0806 0.015226 -1616.69 -1516.33 -1714.24
  232 231.5 35.1416 0.0152524 -1614.64 -1552.16 -1672.53
  233 232.5 35.0855 0.0152281 -1559.26 -1592.11 -1577.03
  234 233.5 35.0457 0.0152108 -1532.08 -1612.58 -1579.14
  235 234.5 35.1356 0.0152498 -1574.72 -1571.07 -1665.26
  236 235.5 35.1066 0.0152373 -1505.06 -1559.72 -1647.11
  237 236.5 35.0569 0.0152157 -1633.08 -1741.73 -1671.9
  238 237.5 35.0725 0.0152224 -1638.11 -1651.3 -1639.7
  239 238.5 35.1453 0.0152541 -1575.97 -1617.55 -1596.39
  240 239.5 35.0757 0.0152238 -1558.26 -1551.71 -1636.54
  241 240.5 35.0478 0.0152117 -1697.05 -1569.52 -1665.16
  242 241.5 35.1025 0.0152355 -1643.56 -1627.27 -1598.29
  243 242.5 35.1308 0.0152477 -1578.22 -1522.96 -1599.46
  244 243.5 35.0626 0.0152182 -1647.54 -1575.05 -1608.77
  245 244.5 35.0551 0.0152149 -1554.75 -1594.09 -1715.72
  246 245.5 35.1121 0.0152396 -1542.34 -1518.73 -1643.13
  247 246.5 35.0818 0.0152265 -1522.87 -1490.37 -1571.65
  248 247.5 35.0806 0.0152259 -1444.58 -1569.42 -1530.39
  249 248.5 35.0647 0.0152191 -1604.55 -1714.73 -1757.39
  250 249.5 35.1118 0.0152395 -1564.81 -1526.54 -1560.57
  251 250.5 35.0756 0.0152238 -1629.25 -1623.23 -1672.37
  252 251.5 35.0877 0.015229 -1662.66 -1544.71 -1621.46
  253 252.5 35.102 0.0152352 -1588.97 -1638.36 -1650.53
  254 253.5 35.0843 0.0152275 -1701.54 -1648.43 -1637.27
  255 254.5 35.1142 0.0152406 -1689.73 -1663.18 -1624.93
  256 255.5 35.0863 0.0152284 -1678.9 -1621.89 -1573.8
  257 256.5 35.1165 0.0152415 -1614.89 -1524.76 -1577.05
  258 257.5 35.0982 0.0152336 -1627.48 -1507.91 -1681.97
  259 258.5 35.0654 0.0152194 -1576.81 -1509.68 -1692.96
  260 259.5 35.0915 0.0152307 -1513.93 -1561.25 -1570.31
  261 260.5 35.1254 0.0152454 -1638.34 -1677.41 -1628.83
  262 261.5 35.1125 0.0152398 -1527.09 -1647.04 -1658.36
  263 262.5 35.0716 0.015222 -1550.55 -1490.24 -1559.08
  264 263.5 35.1097 0.0152386 -1638.09 -1591.43 -1638.6
  265 264.5 35.1099 0.0152387 -1715.9 -1650.46 -1693.29
  266 265.5 35.0847 0.0152278 -1639.19 -1580.58 -1583.22
  267 266.5 35.0902 0.0152301 -1678.13 -1724.68 -1600.4
  268 267.5 35.118 0.0152422 -1611.73 -1614.11 -1534.15
  269 268.5 35.0934 0.0152315 -1599.88 -1522.67 -1672.34
  270 269.5 35.0571 0.0152157 -1579.14 -1596.59 -1643.88
  271 270.5 35.104 0.0152361 -1680.74 -1718.2 -1645.55
  272 271.5 35.1326 0.0152485 -1688.1 -1713.32 -1570.1
  273 272.5 35.1038 0.015236 -1687.21 -1846.83 -1648.1
  274 273.5 35.0931 0.0152314 -1745.17 -1706.25 -1610.19
  275 274.5 35.145 0.0152539 -1661.38 -1683.98 -1654.95
  276 275.5 35.1331 0.0152488 -1683.46 -1689.2 -1588.59
  277 276.5 35.0953 0.0152323 -1771.64 -1588.01 -1670.23
  278 277.5 35.1305 0.0152476 -1647 -1535.84 -1614.3
  279 278.5 35.1569 0.0152591 -1622.69 -1550.33 -1602.73
  280 279.5 35.1212 0.0152436 -1637.14 -1634.5 -1648.98
  281 280.5 35.1197 0.0152429 -1681 -1647.85 -1681.33
  282 281.5 35.1327 0.0152486 -1730.13 -1735.17 -1651.78
  283 282.5 35.1756 0.0152672 -1629.29 -1698.35 -1591.05
  284 283.5 35.1208 0.0152434 -1723.67 -1741.68 -1734.25
  285 284.5 35.1408 0.0152521 -1600.26 -1651.91 -1608.09
  286 285.5 35.1662 0.0152631 -1615.52 -1648.75 -1606.66
  287 286.5 35.1624 0.0152614 -1582.75 -1567.88 -1572.38
  288 287.5 35.1248 0.0152452 -1650.51 -1620.15 -1678.97
  289 288.5 35.1196 0.0152429 -1652.04 -1605.18 -1701.32
  290 289.5 35.1926 0.0152746 -1641.78 -1603.65 -1572.05
  291 290.5 35.1245 0.015245 -1636.32 -1561.17 -1626.82
  292 291.5 35.123 0.0152444 -1571.13 -1708.68 -1672.19
  293 292.5 35.1548 0.0152582 -1644.67 -1825.77 -1654.4
  294 293.5 35.1617 0.0152612 -1646.47 -1755.67 -1522.95
  295 294.5 35.1333 0.0152488 -1654.32 -1637.25 -1654.25
  296 295.5 35.0944 0.015232 -1564.97 -1637.94 -1710.32
  297 296.5 35.1524 0.0152571 -1641.99 -1499.67 -1551.31
  298 297.5 35.1611 0.0152609 -1645.1 -1668.63 -1614.2
  299 298.5 35.1159 0.0152413 -1625.88 -1599.05 -1630.03
  300 299.5 35.1207 0.0152434 -1545.23 -1608.32 -1630.79
  301 300.5 35.1498 0.015256 -1690.04 -1676.45 -1647.74
  302 301.5 35.1484 0.0152554 -1678.55 -1636.1 -1620.84
  303 302.5 35.1106 0.015239 -1594.02 -1664.85 -1628.54
  304 303.5 35.1359 0.01525 -1646.81 -1592.6 -1637.73
  305 304.5 35.1306 0.0152477 -1654.79 -1678.89 -1585.64
  306 305.5 35.1191 0.0152427 -1728.38 -1778.2 -1615.45
  307 306.5 35.1341 0.0152492 -1778.33 -1729.58 -1675.19
  308 307.5 35.1281 0.0152466 -1703.2 -1684.67 -1650.54
  309 308.5 35.1325 0.0152485 -1658.31 -1753.48 -1618.98
  310 309.5 35.116 0.0152413 -1486.42 -1652.74 -1616.34
  311 310.5 35.1217 0.0152438 -1591.81 -1605.18 -1636.07
  312 311.5 35.1318 0.0152482 -1564.24 -1624.82 -1615.17
  313 312.5 35.1194 0.0152428 -1584.59 -1648.32 -1634.56
  314 313.5 35.1292 0.0152471 -1609.68 -1711.35 -1650.95
  315 314.5 35.1295 0.0152472 -1698.05 -1552.89 -1570.65
  316 315.5 35.1 0.0152344 -1634.03 -1560.05 -1623.17
  317 316.5 35.1435 0.0152533 -1703 -1532.86 -1596.12
  318 317.5 35.1064 0.0152371 -1718.63 -1649.43 -1743.72
  319 318.5 35.1331 0.0152487 -1733.92 -1629.59 -1600.64
  320 319.5 35.1322 0.0152484 -1710.39 -1545.08 -1658.34
  321 320.5 35.137 0.0152504 -1594.27 -1635.01 -1568.96
  322 321.5 35.1222 0.015244 -1649.49 -1635.11 -1593.58
  323 322.5 35.105 0.0152366 -1614.05 -1670.01 -1718.55
  324 323.5 35.1462 0.0152544 -1592.12 -1521.47 -1536.34
  325 324.5 35.1031 0.0152357 -1586.01 -1649.84 -1624.5
  326 325.5 35.1032 0.0152358 -1605.16 -1562.58 -1694.66
  327 326.5 35.1214 0.0152437 -1643.07 -1568.11 -1626.63
  328 327.5 35.1463 0.0152545 -1771.47 -1638 -1504.72
  329 328.5 35.1137 0.0152403 -1745.39 -1601.77 -1642.16
  330 329.5 35.1042 0.0152362 -1769.14 -1808.29 -1760.2
  331 330.5 35.1138 0.0152404 -1677.39 -1692.8 -1614.89
  332 331.5 35.1244 0.0152449 -1674.28 -1748.77 -1661.55
  333 332.5 35.1591 0.01526 -1626.48 -1579.15 -1568.68
  334 333.5 35.0762 0.0152241 -1612.88 -1651 -1697.16
  335 334.5 35.1466 0.0152546 -1605.99 -1606.78 -1682.94
  336 335.5 35.1378 0.0152508 -1526.63 -1658.24 -1655.68
  337 336.5 35.1258 0.0152456 -1522.14 -1607.8 -1646.62
  338 337.5 35.0918 0.0152308 -1694.2 -1648.41 -1675.32
  339 338.5 35.1532 0.0152575 -1635.59 -1733.87 -1773.35
  340 339.5 35.1122 0.0152397 -1663.51 -1574.91 -1750.15
  341 340.5 35.0768 0.0152243 -1668.1 -1574.44 -1781.1
  342 341.5 35.0742 0.0152232 -1602.35 -1383.81 -1803.03
  343 342.5 35.0906 0.0152303 -1478.66 -1396.3 -1806.27
  344 343.5 35.0454 0.0152107 -1567.09 -1499.13 -1834.8
  345 344.5 35.0209 0.0152 -1456.47 -1413.7 -1914.41
  346 345.5 35.0085 0.0151947 -1370.51 -1326.4 -2076.65
  347 346.5 34.9782 0.0151815 -1144.11 -1160.73 -2062.31
  348 347.5 34.9185 0.0151556 -1203.39 -1117.61 -2181.05
  349 348.5 34.8749 0.0151367 -989.511 -912.279 -2316.41
  350 349.5 34.8119 0.0151093 -823.395 -785.14 -2392
  351 350.5 34.7171 0.0150682 -672.478 -637.544 -2549.78
  352 351.5 34.6209 0.0150264 -380.694 -369.454 -2588.29
  353 352.5 34.4845 0.0149672 12.3999 -1.31259 -2580.64
  354 353.5 34.283 0.0148798 177.166 238.404 -2758.05
  355 354.5 34.064 0.0147847 491.048 431.211 -2741.44
  356 355.5 33.8205 0.0146791 830.564 767.193 -2559.64
  357 356.5 33.4567 0.0145211 981.88 954.118 -2451.8
  358 357.5 33.0522 0.0143456 1175.86 1235.09 -2298.36
  359 358.5 32.6037 0.0141509 1298.43 1356.66 -2128.43
  360 359.5 32.1558 0.0139565 1309.48 1316.73 -1645.48
  361 360.5 31.5763 0.013705 1046.08 1039.78 -1459.01
  362 361.5 30.9688 0.0134413 762.654 697.639 -1276.84
  363 362.5 30.4151 0.013201 361.048 435.824 -1086.34
  364 363.5 29.8602 0.0129602 -134.469 -2.99691 -898.968
  365 364.5 29.2858 0.0127108 -564.572 -492.728 -785.636
  366 365.5 28.7724 0.012488 -1042.14 -953.15 -762.131
  367 366.5 28.3277 0.012295 -1462.94 -1407.26 -746.892
  368 367.5 27.916 0.0121163 -1764.93 -1819.63 -904.153
  369 368.5 27.5433 0.0119546 -2066.91 -2091.05 -1005.86
  370 369.5 27.2504 0.0118274 -2151.71 -2178.38 -1130.78
  371 370.5 27.0273 0.0117306 -2379.27 -2426.82 -1320.49
  372 371.5 26.8324 0.011646 -2347.2 -2389.31 -1362.74
  373 372.5 26.6737 0.0115771 -2414.02 -2471.44 -1537.16
  374 373.5 26.5697 0.011532 -2416.12 -2452.46 -1690.72
  375 374.5 26.475 0.0114909 -2413.15 -2397.18 -1820.24
  376 375.5 26.4156 0.0114651 -2305.74 -2396.5 -1824.21
  377 376.5 26.3525 0.0114377 -2394.39 -2390.09 -1968.24
  378 377.5 26.3681 0.0114445 -2311.63 -2375.47 -1985.24
  379 378.5 26.3318 0.0114287 -2258.2 -2258.8 -1978.44
  380 379.5 26.2941 0.0114124 -2303.6 -2255.11 -2058.33
  381 380.5 26.2656 0.0114 -2308.32 -2282.69 -2114.18
  382 381.5 26.2994 0.0114147 -2284.12 -2244.53 -2124.92
  383 382.5 26.2784 0.0114056 -2315.4 -2212.87 -2103.58
  384 383.5 26.2551 0.0113955 -2344.19 -2226.85 -2136.87
  385 384.5 26.2382 0.0113881 -2288.46 -2255.68 -2175.15
  386 385.5 26.2694 0.0114017 -2275.02 -2262.93 -2208.3
  387 386.5 26.2638 0.0113992 -2263.32 -2258.24 -2152.85
  388 387.5 26.2218 0.011381 -2238.83 -2202.94 -2186.76
  389 388.5 26.2722 0.0114029 -2172.61 -2233.71 -2159.19
  390 389.5 26.2437 0.0113905 -2196.01 -2266.19 -2217.35
  391 390.5 26.2496 0.011393 -2199.23 -2214.68 -2186.39
  392 391.5 26.2671 0.0114006 -2211.44 -2223 -2153.26
  393 392.5 26.2355 0.011387 -2191.73 -2227.12 -2200.88
  394 393.5 26.2373 0.0113877 -2210.25 -2204.42 -2160.25
  395 394.5 26.2529 0.0113945 -2206.07 -2179.67 -2220.05
  396 395.5 26.2205 0.0113804 -2146.1 -2226.88 -2217.24
  397 396.5 26.2257 0.0113827 -2281.23 -2258.62 -2220.93
  398 397.5 26.2493 0.0113929 -2273.52 -2243.64 -2168.51
  399 398.5 26.2369 0.0113875 -2190.29 -2205.81 -2144.95
  400 399.5 26.2115 0.0113765 -2239.45 -2153.76 -2234.58
  401 400.5 26.2439 0.0113906 -2299.11 -2238.04 -2208.84
  402 401.5 26.2311 0.011385 -2221.83 -2263.92 -2184.11
  403 402.5 26.2281 0.0113837 -2214.03 -2170.43 -2141.35
  404 403.5 26.2558 0.0113958 -2208.54 -2335.38 -2256.2
  405 404.5 26.2565 0.0113961 -2286.81 -2223.53 -2168.41
  406 405.5 26.2546 0.0113952 -2219.84 -2214.57 -2150.53
  407 406.5 26.2269 0.0113832 -2227.26 -2156.66 -2241.63
  408 407.5 26.2403 0.011389 -2165.57 -2199.43 -2206.49
  409 408.5 26.2613 0.0113981 -2112.49 -2212.55 -2154.38
  410 409.5 26.2504 0.0113934 -2241.41 -2210.91 -2160.8
  411 410.5 26.2275 0.0113835 -2278.63 -2240.46 -2216.42
  412 411.5 26.2468 0.0113918 -2256.36 -2323.53 -2277.57
  413 412.5 26.2442 0.0113907 -2150.72 -2205.53 -2183.84
  414 413.5 26.2449 0.011391 -2139.03 -2171.12 -2180.1
  415 414.5 26.2612 0.0113981 -2152.38 -2164 -2158.38
  416 415.5 26.2478 0.0113923 -2184.04 -2315.52 -2212.32
  417 416.5 26.2556 0.0113956 -2252.75 -2163.5 -2161.48
  418 417.5 26.2492 0.0113929 -2173.82 -2210.23 -2188.98
  419 418.5 26.2298 0.0113845 -2104.17 -2174.32 -2234.57
  420 419.5 26.2661 0.0114002 -2170.05 -2143.03 -2216.28
  421 420.5 26.2292 0.0113842 -2139.3 -2074.87 -2151.01
  422 421.5 26.2371 0.0113876 -2177.16 -2119.79 -2188.04
  423 422.5 26.216 0.0113785 -2204.99 -2199.33 -2260.54
  424 423.5 26.2598 0.0113975 -2160.43 -2154.79 -2143.33
  425 424.5 26.2654 0.0113999 -2158.5 -2204.49 -2129.76
  426 425.5 26.2504 0.0113934 -2271.54 -2203.95 -2247.93
  427 426.5 26.2323 0.0113856 -2154.62 -2158.78 -2209.76
  428 427.5 26.2628 0.0113988 -2197.03 -2210.06 -2155.04
  429 428.5 26.2662 0.0114003 -2245.5 -2261.25 -2204.46
  430 429.5 26.262 0.0113984 -2226.71 -2214.95 -2241.7
  431 430.5 26.2465 0.0113917 -2206.98 -2272.1 -2154.46
  432 431.5 26.2934 0.0114121 -2238.86 -2181.95 -2198.19
  433 432.5 26.2538 0.0113949 -2239.54 -2184.94 -2182.03
  434 433.5 26.2591 0.0113972 -2233.75 -2189.35 -2192.63
  435 434.5 26.2367 0.0113875 -2197.95 -2169.13 -2220.22
  436 435.5 26.2623 0.0113986 -2122.97 -2149.73 -2194.39
  437 436.5 26.2737 0.0114035 -2183.8 -2124.26 -2209.03
  438 437.5 26.2675 0.0114008 -2139.87 -2190.97 -2193.5
  439 438.5 26.2688 0.0114014 -2215.15 -2193.06 -2182.23
  440 439.5 26.308 0.0114184 -2224.21 -2186.69 -2171.55
  441 440.5 26.2572 0.0113964 -2222.99 -2217.45 -2215.04
  442 441.5 26.2949 0.0114127 -2283.68 -2232 -2170.41
  443 442.5 26.2693 0.0114016 -2251.85 -2209.56 -2225.19
  444 443.5 26.2522 0.0113942 -2155.36 -2270.76 -2230.88
  445 444.5 26.2702 0.011402 -2142.71 -2152.13 -2164.4
  446 445.5 26.2548 0.0113953 -2116.34 -2154.45 -2208.27
  447 446.5 26.2383 0.0113881 -2155.8 -2185.27 -2175.7
  448 447.5 26.2229 0.0113815 -2216.93 -2288.54 -2207.66
  449 448.5 26.2437 0.0113905 -2170.89 -2169.62 -2160.82
  450 449.5 26.2414 0.0113895 -2167.06 -2123.48 -2188.96
  451 450.5 26.2204 0.0113804 -2217.94 -2128.55 -2204.11
  452 451.5 26.2148 0.011378 -2178.65 -2188.22 -2147.9
  453 452.5 26.2412 0.0113894 -2160.08 -2172.05 -2247.07
  454 453.5 26.2111 0.0113763 -2152.13 -2146.63 -2185.47
  455 454.5 26.2038 0.0113732 -2199.92 -2174.33 -2233.87
  456 455.5 26.2335 0.0113861 -2181.75 -2072.91 -2120.67
  457 456.5 26.2426 0.01139 -2157.22 -2119.99 -2170.78
  458 457.5 26.2077 0.0113749 -2168.05 -2186.46 -2217.64
  459 458.5 26.2327 0.0113857 -2218.65 -2169.78 -2204.28
  460 459.5 26.2593 0.0113973 -2238.46 -2215.94 -2190.69
  461 460.5 26.2425 0.01139 -2233.2 -2141.29 -2206.61
  462 461.5 26.235 0.0113867 -2138.15 -2201.94 -2131.33
  463 462.5 26.2455 0.0113913 -2208.74 -2267.83 -2246.88
  464 463.5 26.2517 0.011394 -2206.49 -2258.39 -2190.45
  465 464.5 26.2607 0.0113979 -2180 -2260.65 -2188.55
  466 465.5 26.2581 0.0113967 -2129.6 -2180.84 -2172.36
  467 466.5 26.2512 0.0113938 -2126.71 -2183.33 -2209.76
  468 467.5 26.2427 0.0113901 -2154.51 -2151.24 -2264.19
  469 468.5 26.2558 0.0113958 -2123.02 -2148.24 -2135.04
  470 469.5 26.2731 0.0114033 -2172.26 -2159.16 -2187.8
  471 470.5 26.2464 0.0113917 -2318.85 -2205.93 -2202.96
  472 471.5 26.2292 0.0113842 -2216.52 -2225.26 -2218.86
  473 472.5 26.2531 0.0113946 -2215.33 -2197.01 -2222.1
  474 473.5 26.2691 0.0114015 -2209.43 -2253.67 -2196.93
  475 474.5 26.2422 0.0113898 -2119.39 -2149.08 -2154.73
  476 475.5 26.2419 0.0113897 -2101.67 -2138.39 -2176.64
  477 476.5 26.255 0.0113954 -2186.66 -2145.48 -2222.26
  478 477.5 26.2222 0.0113812 -2144.26 -2142.72 -2223.97
  479 478.5 26.2428 0.0113901 -2186.81 -2279.17 -2182.67
  480 479.5 26.247 0.0113919 -2235.08 -2219.15 -2207.97
40000000 480 10725.999999999998
  1 0.5 26.2502 0.0113933 -2158.42 -2154.44 -2222.78
  2 1.5 26.217 0.0113789 -2147.97 -2174.21 -2247.84
  3 2.5 26.2838 0.0114079 -2185.04 -2165.61 -2193.7
  4 3.5 26.2659 0.0114002 -2181.81 -2176.97 -2272.17
  5 4.5 26.2141 0.0113776 -2117.79 -2122.63 -2229.53
  6 5.5 26.2108 0.0113762 -2141.24 -2092.05 -2301.05
  7 6.5 26.2364 0.0113873 -2161.31 -2126.08 -2275.89
  8 7.5 26.2188 0.0113797 -2122.56 -2081.39 -2264.61
  9 8.5 26.1586 0.0113535 -2145.92 -2079.64 -2331.13
  10 9.5 26.1551 0.0113521 -2110.9 -1967.49 -2344.95
  11 10.5 26.1558 0.0113523 -2014.38 -2027.42 -2338.65
  12 11.5 26.1009 0.0113285 -2043.49 -2019.68 -2385.89
  13 12.5 26.0108 0.0112894 -2006.2 -2012.54 -2411.44
  14 13.5 25.9891 0.01128 -1893.84 -1947.95 -2469.68
  15 14.5 25.9395 0.0112585 -1915.5 -1857.76 -2457.48
  16 15.5 25.8254 0.0112089 -1814.58 -1856.24 -2588
  17 16.5 25.7082 0.0111581 -1788.82 -1823.48 -2613.19
  18 17.5 25.6334 0.0111256 -1767.63 -1765.24 -2722.48
  19 18.5 25.4637 0.0110519 -1713.1 -1708.31 -2705.88
  20 19.5 25.2811 0.0109727 -1548.06 -1628.07 -2727.28
  21 20.5 25.0776 0.0108844 -1568.94 -1536.36 -2892.55
  22 21.5 24.8297 0.0107768 -1577 -1441.34 -2918.66
  23 22.5 24.5006 0.0106339 -1419.19 -1340.77 -2956.05
  24 23.5 24.1599 0.0104861 -1251.15 -1304.43 -3001.94
  25 24.5 23.7065 0.0102893 -1143.69 -1168.71 -3000.05
  26 25.5 23.2051 0.0100717 -1144.69 -1182.57 -3151.25
  27 26.5 22.6487 0.00983016 -1115.4 -1101.18 -3109.32
  28 27.5 22.0026 0.00954973 -1094.05 -1101.04 -3106.16
  29 28.5 21.2702 0.00923185 -1071.54 -1187.76 -3053.23
  30 29.5 20.4876 0.00889219 -1189.33 -1171.39 -3146.9
  31 30.5 19.6088 0.00851077 -1148.44 -1264.19 -3104.66
  32 31.5 18.6442 0.00809211 -1449.38 -1340.12 -3084.94
  33 32.5 17.6664 0.0076677 -1541.3 -1475.4 -3004.82
  34 33.5 16.6063 0.00720759 -1781.75 -1895.07 -3083.57
  35 34.5 15.5351 0.00674265 -2227.62 -2233.95 -3091.19
  36 35.5 14.4312 0.00626352 -2605.12 -2643.63 -3187.48
  37 36.5 13.3338 0.00578722 -3087.06 -3253.59 -3279.27
  38 37.5 12.2563 0.00531957 -3667.85 -3857.77 -3388.15
  39 38.5 11.2128 0.00486665 -4331.16 -4299.24 -3728.12
  40 39.5 10.2253 0.00443804 -5132 -5054.59 -4136.95
  41 40.5 9.32824 0.00404872 -5812.44 -5813.93 -4534.91
  42 41.5 8.50741 0.00369245 -6655.7 -6694.97 -5132.48
  43 42.5 7.77495 0.00337455 -7540.44 -7508.52 -5591.4
  44 43.5 7.1254 0.00309262 -8368.07 -8404.96 -6344.51
  45 44.5 6.54188 0.00283936 -9234.75 -9224.36 -7285.52
  46 45.5 6.06099 0.00263064 -10026.1 -10007.7 -7964.05
  47 46.5 5.6403 0.00244805 -10776.3 -10795.9 -8722.08
  48 47.5 5.2627 0.00228416 -11558.5 -11571.8 -9612.33
  49 48.5 4.9641 0.00215456 -12225.2 -12335.7 -10451
  50 49.5 4.72886 0.00205246 -12719.1 -12913.9 -11147.9
  51 50.5 4.51694 0.00196048 -13174.8 -13351.4 -11812.4
  52 51.5 4.34697 0.00188671 -13800.5 -13706 -12469.5
  53 52.5 4.21161 0.00182795 -14108.3 -13997.8 -13098.9
  54 53.5 4.10498 0.00178168 -14605.8 -14319 -13552.1
  55 54.5 4.02723 0.00174793 -14830.8 -14721.4 -13838.6
  56 55.5 3.94404 0.00171182 -14993.2 -15049.2 -14279.6
  57 56.5 3.88542 0.00168638 -15131.3 -15098.1 -14552.3
  58 57.5 3.84387 0.00166835 -15343 -15177.8 -14815.3
  59 58.5 3.80762 0.00165261 -15331 -15363.2 -14974.2
  60 59.5 3.77703 0.00163934 -15467 -15433.2 -15144.7
  61 60.5 3.77396 0.00163801 -15444.4 -15480.1 -15163.6
  62 61.5 3.74719 0.00162638 -15566.3 -15525.2 -15323.4
  63 62.5 3.72683 0.00161755 -15543.8 -15553.9 -15516
  64 63.5 3.73139 0.00161953 -15606.5 -15701 -15497.5
  65 64.5 3.73291 0.00162019 -15553.3 -15746.7 -15420.1
  66 65.5 3.73143 0.00161954 -15470.7 -15652.2 -15485
  67 66.5 3.72152 0.00161524 -15525.1 -15590.5 -15502.8
  68 67.5 3.7044 0.00160781 -15615.3 -15288.3 -15643.3
  69 68.5 3.69809 0.00160507 -15569.7 -15412.5 -15677.6
  70 69.5 3.69748 0.00160481 -15711.3 -15570.3 -15645
  71 70.5 3.69503 0.00160375 -15480.2 -15548.4 -15613.3
  72 71.5 3.69617 0.00160424 -15695.5 -15554.5 -15737.7
  73 72.5 3.70101 0.00160634 -15794.1 -15654 -15649.9
  74 73.5 3.6974 0.00160478 -15928.6 -15642.6 -15680
  75 74.5 3.70074 0.00160623 -15759.8 -15679.4 -15622.2
  76 75.5 3.68503 0.00159941 -15778.7 -15628.7 -15685.4
  77 76.5 3.69195 0.00160241 -15690.8 -15674.8 -15729.8
  78 77.5 3.68837 0.00160086 -15824.9 -15586.4 -15666.7
  79 78.5 3.68777 0.0016006 -15631.2 -15678.5 -15739.8
  80 79.5 3.68735 0.00160041 -15778.5 -15646.1 -15737.5
  81 80.5 3.68369 0.00159883 -15723.9 -15626.7 -15754.4
  82 81.5 3.70051 0.00160613 -15800.3 -15536.1 -15584
  83 82.5 3.69263 0.0016027 -15882.4 -15627.6 -15779.5
  84 83.5 3.69746 0.0016048 -15812.6 -15562.4 -15648.4
  85 84.5 3.70087 0.00160628 -15752.4 -15483.3 -15625
  86 85.5 3.7041 0.00160768 -15703.3 -15574.8 -15651
  87 86.5 3.69823 0.00160513 -15664.6 -15614.1 -15689.3
  88 87.5 3.70477 0.00160797 -15618.8 -15630.4 -15633.7
  89 88.5 3.69591 0.00160413 -15600.7 -15767.7 -15728.1
  90 89.5 3.69524 0.00160384 -15538.4 -15918.1 -15651.3
  91 90.5 3.69788 0.00160498 -15584 -15840.8 -15661.8
  92 91.5 3.68114 0.00159772 -15646.7 -15863.7 -15794.4
  93 92.5 3.68539 0.00159956 -15572.1 -15783.2 -15660.6
  94 93.5 3.69063 0.00160184 -15749.5 -15791.8 -15722.6
  95 94.5 3.69884 0.0016054 -15619.2 -15644.1 -15679.9
  96 95.5 3.70488 0.00160802 -15520 -15592.9 -15672.1
  97 96.5 3.7012 0.00160642 -15694.7 -15745.8 -15645
  98 97.5 3.70691 0.0016089 -15639.9 -15845.7 -15595.8
  99 98.5 3.70901 0.00160981 -15864.8 -15731.1 -15639.4
  100 99.5 3.70445 0.00160783 -15705.8 -15718.2 -15582.4
  101 100.5 3.71224 0.00161121 -15789.4 -15769.5 -15672.2
  102 101.5 3.70499 0.00160807 -15654.3 -15771.7 -15671.4
  103 102.5 3.69554 0.00160397 -15728.3 -15692.2 -15716.5
  104 103.5 3.68291 0.00159848 -15635.8 -15577.5 -15676.8
  105 104.5 3.7081 0.00160942 -15715.4 -15739.5 -15655.3
  106 105.5 3.70393 0.00160761 -15727.3 -15649.3 -15638.3
  107 106.5 3.7016 0.0016066 -15772.9 -15575.6 -15629.1
  108 107.5 3.68921 0.00160122 -15751 -15727.3 -15747.1
  109 108.5 3.70099 0.00160633 -15717.5 -15645.8 -15631.7
  110 109.5 3.69651 0.00160439 -15682.7 -15677.8 -15680.9
  111 110.5 3.70169 0.00160664 -15694.5 -15592.1 -15656.6
  112 111.5 3.70536 0.00160823 -15703 -15557.8 -15644.1
  113 112.5 3.69929 0.0016056 -15607.5 -15489 -15648.4
  114 113.5 3.69363 0.00160314 -15636.5 -15695 -15736.4
  115 114.5 3.70903 0.00160982 -15538.8 -15593.5 -15623.2
  116 115.5 3.70061 0.00160617 -15602.5 -15618.6 -15654.6
  117 116.5 3.70256 0.00160701 -15683.8 -15656.5 -15627.9
  118 117.5 3.70885 0.00160974 -15698.4 -15607.5 -15605.3
  119 118.5 3.70861 0.00160964 -15636.6 -15732.7 -15669.1
  120 119.5 3.7075 0.00160916 -15785.6 -15598.7 -15627.9
  121 120.5 3.71728 0.0016134 -15704.7 -15610.3 -15607.5
  122 121.5 3.70834 0.00160952 -15771.5 -15535 -15626.6
  123 122.5 3.709 0.00160981 -15775.4 -15728.2 -15607
  124 123.5 3.70658 0.00160876 -15727.3 -15684.2 -15630.7
  125 124.5 3.70323 0.00160731 -15715.1 -15693.1 -15700.3
  126 125.5 3.70453 0.00160787 -15823.2 -15622.1 -15659.5
  127 126.5 3.70659 0.00160876 -15692.8 -15598.2 -15622
  128 127.5 3.71098 0.00161067 -15851.3 -15578.6 -15652.9
  129 128.5 3.71156 0.00161092 -15796.8 -15557.4 -15592.1
  130 129.5 3.70783 0.0016093 -15890.9 -15522.6 -15618.8
  131 130.5 3.69119 0.00160208 -15743.4 -15502.6 -15674.5
  132 131.5 3.69322 0.00160296 -15734.5 -15552.6 -15652.7
  133 132.5 3.69439 0.00160347 -15765.5 -15775.4 -15758.6
  134 133.5 3.68102 0.00159767 -15672.2 -15765.8 -15742.9
  135 134.5 3.68864 0.00160097 -15718.6 -15596.9 -15682.2
  136 135.5 3.69159 0.00160225 -15621.5 -15557.1 -15696.3
  137 136.5 3.68874 0.00160101 -15732.4 -15622.1 -15711.7
  138 137.5 3.69579 0.00160407 -15647.8 -15648.5 -15659.5
  139 138.5 3.69277 0.00160276 -15781.2 -15720.9 -15703.6
  140 139.5 3.69511 0.00160378 -15737 -15590 -15702.6
  141 140.5 3.68244 0.00159828 -15684.7 -15622 -15706.1
  142 141.5 3.7024 0.00160695 -15807.2 -15725.3 -15635
  143 142.5 3.6985 0.00160525 -15673.2 -15700.1 -15602.6
  144 143.5 3.6997 0.00160577 -15826.9 -15770.4 -15703.1
  145 144.5 3.70029 0.00160603 -15809.9 -15869.2 -15693.4
  146 145.5 3.70288 0.00160715 -15717 -15698.7 -15585
  147 146.5 3.69741 0.00160478 -15717.9 -15659.3 -15660.8
  148 147.5 3.70315 0.00160727 -15795.2 -15749.4 -15637.3
  149 148.5 3.71428 0.0016121 -15647.8 -15611.8 -15507.6
  150 149.5 3.70761 0.00160921 -15586.4 -15644.1 -15589.2
  151 150.5 3.72245 0.00161564 -15691.5 -15669.6 -15590.6
  152 151.5 3.73235 0.00161994 -15620.5 -15646.6 -15378.5
  153 152.5 3.76056 0.00163219 -15653 -15480.9 -15284.1
  154 153.5 3.76477 0.00163402 -15580 -15338.2 -15259.6
  155 154.5 3.77834 0.0016399 -15404.2 -15278 -15142.3
  156 155.5 3.79248 0.00164604 -15401 -15318 -15149.4
  157 156.5 3.82452 0.00165995 -15250.8 -15216.7 -14903.6
  158 157.5 3.86933 0.0016794 -15171.6 -15086.3 -14682.3
  159 158.5 3.92392 0.00170309 -15024.1 -14942.2 -14476.3
  160 159.5 3.97114 0.00172359 -14789.5 -14860.6 -14135
  161 160.5 4.04368 0.00175507 -14644 -14653.6 -13799.4
  162 161.5 4.13591 0.0017951 -14385.6 -14333 -13369.5
  163 162.5 4.25213 0.00184554 -14240.1 -13934.2 -12930
  164 163.5 4.3874 0.00190425 -13696 -13573.9 -12345.1
  165 164.5 4.54855 0.0019742 -13229.9 -13251.7 -11789
  166 165.5 4.77354 0.00207185 -12693.8 -12554.8 -10957.3
  167 166.5 5.02786 0.00218223 -12191.5 -12087.4 -10229.2
  168 167.5 5.3456 0.00232014 -11587.1 -11409.6 -9381.45
  169 168.5 5.72396 0.00248436 -10834.7 -10663.4 -8552.93
  170 169.5 6.15376 0.0026709 -10066.2 -9863.74 -7694.65
  171 170.5 6.67892 0.00289884 -9278.08 -9095.84 -6947.62
  172 171.5 7.291 0.00316449 -8294.47 -8222.08 -6133.62
  173 172.5 7.98797 0.003467 -7361.33 -7129.85 -5344.61
  174 173.5 8.76769 0.00380542 -6477.49 -6396.98 -4830.19
  175 174.5 9.65013 0.00418842 -5648.28 -5588.44 -4207.66
  176 175.5 10.6091 0.00460466 -4905.57 -4723.05 -3856.9
  177 176.5 11.6152 0.00504131 -4236.45 -4093.59 -3470.6
  178 177.5 12.6963 0.00551054 -3485.84 -3511.34 -3251.13
  179 178.5 13.8295 0.00600237 -2855.41 -2903.92 -3051.77
  180 179.5 14.9854 0.00650407 -2384.15 -2382.74 -2909.33
  181 180.5 16.1168 0.00699513 -2002.34 -2008.36 -2899.23
  182 181.5 17.2764 0.00749845 -1637.59 -1682.01 -2871.12
  183 182.5 18.3645 0.00797068 -1436.7 -1438.78 -2837.14
  184 183.5 19.3796 0.00841128 -1248.54 -1243.46 -2824.32
  185 184.5 20.3727 0.00884232 -1118.1 -1114.66 -2784.78
  186 185.5 21.2924 0.00924148 -1080.49 -1094.32 -2808.03
  187 186.5 22.0862 0.00958601 -1149.96 -1099.74 -2767.75
  188 187.5 22.8558 0.00992005 -1113.4 -1137.9 -2741.39
  189 188.5 23.5513 0.0102219 -1222.65 -1176.43 -2578.9
  190 189.5 24.1821 0.0104957 -1431.85 -1394.46 -2466.87
  191 190.5 24.73 0.0107335 -1477.41 -1515.86 -2299.07
  192 191.5 25.2985 0.0109802 -1580.39 -1604.35 -2108.18
  193 192.5 25.8148 0.0112043 -1581.91 -1552.2 -1866.19
  194 193.5 26.3285 0.0114273 -1516.63 -1530.3 -1639.52
  195 194.5 26.8891 0.0116706 -1423.74 -1390.34 -1304.84
  196 195.5 27.485 0.0119292 -1111.75 -1089.35 -1156.56
  197 196.5 28.0714 0.0121838 -791.206 -840.519 -1023.63
  198 197.5 28.6917 0.012453 -257.939 -251.972 -904.791
  199 198.5 29.3989 0.0127599 228.426 268.893 -942.681
  200 199.5 30.122 0.0130738 786.821 838.654 -1023.78
  201 200.5 30.7684 0.0133544 1193.93 1254.18 -1270.99
  202 201.5 31.4297 0.0136414 1509.41 1555.59 -1549
  203 202.5 32.0461 0.0139089 1740.84 1739.88 -1967.78
  204 203.5 32.6124 0.0141547 1791.89 1807.76 -2202.17
  205 204.5 33.084 0.0143594 1673.21 1623.7 -2506.63
  206 205.5 33.4789 0.0145308 1410.24 1353.99 -2728.1
  207 206.5 33.816 0.0146771 1060.41 1079.75 -2772.04
  208 207.5 34.1468 0.0148206 699.552 610.301 -2959.37
  209 208.5 34.3249 0.014898 359.011 254.69 -2867.19
  210 209.5 34.4733 0.0149624 -12.5757 -108.985 -2788.28
  211 210.5 34.6632 0.0150448 -327.395 -448.871 -2663.95
  212 211.5 34.7569 0.0150855 -621.911 -594.831 -2554.93
  213 212.5 34.7722 0.0150921 -860.514 -814.561 -2504.55
  214 213.5 34.8724 0.0151356 -951.427 -976.307 -2357.35
  215 214.5 34.9701 0.015178 -1142.67 -1040.65 -2212.74
  216 215.5 34.9407 0.0151652 -1253.02 -1220.04 -2018.87
  217 216.5 34.9595 0.0151734 -1361.47 -1336.11 -2025.26
  218 217.5 35.0307 0.0152043 -1473.16 -1444.3 -2016.68
  219 218.5 35.0174 0.0151985 -1460.09 -1506.84 -1897.86
  220 219.5 35.0102 0.0151954 -1423.6 -1451.67 -1774.24
  221 220.5 35.0303 0.0152041 -1528.14 -1662.06 -1855.41
  222 221.5 35.0782 0.0152249 -1503.53 -1666.26 -1735.65
  223 222.5 35.0205 0.0151999 -1598.19 -1670.82 -1703.57
  224 223.5 35.0484 0.015212 -1574.37 -1764.01 -1718.54
  225 224.5 35.039 0.0152079 -1489.81 -1549.96 -1628.61
  226 225.5 35.0768 0.0152243 -1561.11 -1551.19 -1716.9
  227 226.5 35.0085 0.0151947 -1675.2 -1499.73 -1610.29
  228 227.5 35.0358 0.0152065 -1590.25 -1529.75 -1734.65
  229 228.5 35.0832 0.0152271 -1521.8 -1563.14 -1602.15
  230 229.5 35.0418 0.0152091 -1568.54 -1612.51 -1651.89
  231 230.5 35.0302 0.0152041 -1609.96 -1685.54 -1612.5
  232 231.5 35.0736 0.0152229 -1660.1 -1676.33 -1652.56
  233 232.5 35.0734 0.0152228 -1554.07 -1648.37 -1707.04
  234 233.5 35.0488 0.0152122 -1691.83 -1636.15 -1545.48
  235 234.5 35.0402 0.0152084 -1675.96 -1645.64 -1650.4
  236 235.5 35.093 0.0152313 -1701.93 -1755.02 -1707.03
  237 236.5 35.0513 0.0152132 -1716.23 -1604.12 -1591.1
  238 237.5 35.0342 0.0152058 -1678.2 -1686.61 -1672.37
  239 238.5 35.0777 0.0152247 -1667.98 -1583.49 -1606.24
  240 239.5 35.0737 0.0152229 -1626.22 -1674.97 -1652.18
  241 240.5 35.0451 0.0152105 -1536.9 -1592.06 -1625.65
  242 241.5 35.0288 0.0152035 -1542.62 -1681.32 -1663.33
  243 242.5 35.0816 0.0152264 -1511.31 -1698.11 -1591.67
  244 243.5 35.0776 0.0152247 -1710.05 -1732.6 -1592.73
  245 244.5 35.0311 0.0152045 -1759 -1775.29 -1674.47
  246 245.5 35.0646 0.015219 -1749.33 -1768.34 -1658.33
  247 246.5 35.09 0.01523 -1779.38 -1732.66 -1594.81
  248 247.5 35.0727 0.0152225 -1673.59 -1588.92 -1570.67
  249 248.5 35.0434 0.0152098 -1684.14 -1676.85 -1725.24
  250 249.5 35.0779 0.0152248 -1569.87 -1638.12 -1639.54
  251 250.5 35.0731 0.0152227 -1598.11 -1677.39 -1615.34
  252 251.5 35.0776 0.0152247 -1551.48 -1689.49 -1608.6
  253 252.5 35.0684 0.0152207 -1583.25 -1568.32 -1637.03
  254 253.5 35.0526 0.0152138 -1556.65 -1569.7 -1621.1
  255 254.5 35.1087 0.0152382 -1509.72 -1504.17 -1679.26
  256 255.5 35.054 0.0152144 -1520.39 -1547.37 -1668.92
  257 256.5 35.0685 0.0152207 -1674.31 -1495.41 -1630.53
  258 257.5 35.0763 0.0152241 -1684.49 -1589.39 -1582.36
  259 258.5 35.1118 0.0152395 -1686.87 -1713.2 -1677.36
  260 259.5 35.0764 0.0152242 -1567.94 -1744.44 -1672.68
  261 260.5 35.0257 0.0152021 -1683.86 -1669.1 -1675.17
  262 261.5 35.1304 0.0152476 -1654.85 -1756.67 -1653.56
  263 262.5 35.1091 0.0152383 -1644.87 -1670.53 -1635.71
  264 263.5 35.0483 0.0152119 -1676.33 -1606.48 -1618.1
  265 264.5 35.0779 0.0152248 -1677.76 -1664.42 -1682.09
  266 265.5 35.1049 0.0152365 -1537.19 -1511.23 -1572.3
  267 266.5 35.0952 0.0152323 -1490.25 -1526.81 -1557.41
  268 267.5 35.0357 0.0152065 -1584.62 -1598.97 -1755.1
  269 268.5 35.1067 0.0152373 -1592.91 -1571.94 -1628.08
  270 269.5 35.0829 0.015227 -1667.26 -1654.11 -1612.65
  271 270.5 35.0749 0.0152235 -1587.74 -1550.16 -1591.38
  272 271.5 35.0782 0.0152249 -1620.64 -1562.14 -1691.86
  273 272.5 35.0666 0.0152199 -1638.75 -1636.65 -1674.84
  274 273.5 35.0901 0.0152301 -1597.76 -1484.37 -1569.25
  275 274.5 35.0932 0.0152314 -1589.4 -1639.28 -1599.91
  276 275.5 35.0689 0.0152209 -1589.66 -1570.92 -1598.5
  277 276.5 35.0674 0.0152202 -1535.28 -1648.47 -1756.87
  278 277.5 35.0872 0.0152288 -1584.73 -1648.19 -1640.65
  279 278.5 35.0746 0.0152234 -1385.27 -1574.19 -1563.56
  280 279.5 35.0973 0.0152332 -1561.55 -1624.55 -1605.15
  281 280.5 35.0661 0.0152197 -1635.87 -1596.02 -1631
  282 281.5 35.0948 0.0152321 -1714.64 -1585.91 -1731.57
  283 282.5 35.0968 0.015233 -1658.44 -1577.32 -1602.6
  284 283.5 35.0932 0.0152314 -1535.28 -1581.56 -1563.72
  285 284.5 35.0674 0.0152202 -1692.76 -1748.53 -1717.64
  286 285.5 35.1078 0.0152378 -1644.12 -1657.75 -1582.38
  287 286.5 35.0636 0.0152186 -1663.27 -1677.03 -1681.78
  288 287.5 35.0755 0.0152238 -1606.79 -1661.6 -1647.14
  289 288.5 35.0834 0.0152272 -1555.98 -1630.48 -1594.12
  290 289.5 35.089 0.0152296 -1610.73 -1714.82 -1664.73
  291 290.5 35.0733 0.0152228 -1589.34 -1635.56 -1606.65
  292 291.5 35.0823 0.0152267 -1639.84 -1651.13 -1663.85
  293 292.5 35.094 0.0152318 -1646.65 -1687.6 -1627.46
  294 293.5 35.1062 0.0152371 -1620.82 -1648.79 -1693.8
  295 294.5 35.0812 0.0152262 -1709.61 -1693.96 -1587.38
  296 295.5 35.096 0.0152326 -1650.32 -1701.81 -1588.05
  297 296.5 35.0974 0.0152333 -1652.81 -1736.56 -1689.62
  298 297.5 35.083 0.015227 -1651.91 -1834.27 -1682.45
  299 298.5 35.0758 0.0152239 -1698.53 -1685.51 -1561.67
  300 299.5 35.1218 0.0152438 -1618.04 -1717.95 -1652.91
  301 300.5 35.0772 0.0152245 -1657.36 -1595.96 -1683.78
  302 301.5 35.0642 0.0152189 -1546.68 -1604.74 -1624.26
  303 302.5 35.0748 0.0152234 -1654.9 -1669.49 -1634.82
  304 303.5 35.1369 0.0152504 -1575.21 -1563.72 -1589.34
  305 304.5 35.0741 0.0152231 -1620.35 -1592 -1587.24
  306 305.5 35.0743 0.0152232 -1695.91 -1677.94 -1627.3
  307 306.5 35.0936 0.0152316 -1708.87 -1689.31 -1700.81
  308 307.5 35.1277 0.0152464 -1593.87 -1595.44 -1563.48
  309 308.5 35.0591 0.0152166 -1651.28 -1634.09 -1664.29
  310 309.5 35.1106 0.015239 -1585.31 -1593.76 -1600.55
  311 310.5 35.0982 0.0152336 -1581.65 -1555.81 -1623.43
  312 311.5 35.0908 0.0152304 -1684.03 -1533.43 -1640.44
  313 312.5 35.0644 0.0152189 -1669.71 -1637.75 -1669.53
  314 313.5 35.1412 0.0152523 -1593.94 -1641 -1564.91
  315 314.5 35.0847 0.0152277 -1588.9 -1565.36 -1658.16
  316 315.5 35.0766 0.0152242 -1598.42 -1693.75 -1690.17
  317 316.5 35.0992 0.015234 -1635.5 -1652.15 -1647.47
  318 317.5 35.1244 0.015245 -1681.68 -1650.23 -1599.95
  319 318.5 35.0895 0.0152298 -1683.13 -1580.62 -1561.06
  320 319.5 35.0879 0.0152291 -1600.03 -1542.43 -1652.79
  321 320.5 35.1184 0.0152424 -1687.91 -1569.91 -1705.98
  322 321.5 35.1055 0.0152368 -1552.37 -1586.7 -1573.16
  323 322.5 35.0704 0.0152215 -1563.9 -1614.21 -1634.25
  324 323.5 35.1416 0.0152524 -1594.9 -1723.25 -1638.45
  325 324.5 35.0879 0.0152291 -1628.52 -1660.44 -1665.76
  326 325.5 35.1155 0.0152411 -1648.98 -1701.72 -1632.65
  327 326.5 35.0765 0.0152242 -1632.58 -1614.44 -1696.16
  328 327.5 35.1551 0.0152583 -1603.48 -1660.62 -1620.67
  329 328.5 35.069 0.0152209 -1643.29 -1699.82 -1599.58
  330 329.5 35.0962 0.0152327 -1650.15 -1653.49 -1725.57
  331 330.5 35.1228 0.0152443 -1583.72 -1683.5 -1621.43
  332 331.5 35.1035 0.0152359 -1549.79 -1586.42 -1616.31
  333 332.5 35.0631 0.0152183 -1604.3 -1583.06 -1730.34
  334 333.5 35.098 0.0152335 -1459.85 -1477.99 -1659.68
  335 334.5 35.105 0.0152365 -1592.63 -1527.78 -1705.66
  336 335.5 35.0712 0.0152219 -1530.63 -1434.04 -1706.37
  337 336.5 35.0891 0.0152297 -1528.14 -1515.95 -1723.95
  338 337.5 35.0892 0.0152297 -1502.18 -1443.47 -1775.36
  339 338.5 35.0812 0.0152262 -1527.93 -1395.64 -1797.03
  340 339.5 35.0294 0.0152037 -1476.74 -1436.74 -1883.71
  341 340.5 35.0443 0.0152102 -1385.65 -1393.96 -1945.18
  342 341.5 35.0607 0.0152173 -1205.44 -1303.31 -1913.65
  343 342.5 35.0057 0.0151935 -1253.38 -1324.77 -2061.84
  344 343.5 34.9212 0.0151568 -1198.03 -1261.97 -2243.22
  345 344.5 34.9408 0.0151653 -1112.27 -1182.53 -2344.83
  346 345.5 34.9078 0.015151 -892.436 -983.41 -2409.6
  347 346.5 34.7764 0.0150939 -699.25 -839.066 -2503.35
  348 347.5 34.6917 0.0150572 -516.124 -458.791 -2694.49
  349 348.5 34.6155 0.0150241 -179.488 -149.432 -2765.72
  350 349.5 34.438 0.014947 193.45 178.044 -2867.3
  351 350.5 34.1939 0.0148411 610.396 567.484 -2874.47
  352 351.5 33.9421 0.0147318 793.191 850.228 -2891.52
  353 352.5 33.6719 0.0146145 1333.98 1240.97 -2647.04
  354 353.5 33.2291 0.0144224 1543.35 1502.23 -2431.42
  355 354.5 32.7569 0.0142174 1736.83 1721.7 -2109.85
  356 355.5 32.2333 0.0139902 1653.38 1653.65 -1820.82
  357 356.5 31.6709 0.013746 1486.26 1478.54 -1404.58
  358 357.5 30.9954 0.0134529 1065.33 1036.4 -1038.81
  359 358.5 30.3314 0.0131647 591.944 594.804 -790.487
  360 359.5 29.7048 0.0128927 -15.6884 25.5978 -582.99
  361 360.5 29.1419 0.0126484 -652.748 -560.585 -413.263
  362 361.5 28.5251 0.0123807 -1303.41 -1308.04 -525.968
  363 362.5 28.0433 0.0121716 -1744.39 -1778.16 -675.307
  364 363.5 27.6741 0.0120113 -2172.01 -2116.78 -846.853
  365 364.5 27.3298 0.0118619 -2345.96 -2289.8 -990.913
  366 365.5 27.0788 0.0117529 -2578.18 -2497.92 -1128.5
  367 366.5 26.8432 0.0116507 -2552.85 -2564.15 -1404.58
  368 367.5 26.727 0.0116002 -2481.58 -2500.57 -1485.42
  369 368.5 26.597 0.0115438 -2464.12 -2598.07 -1698.95
  370 369.5 26.4854 0.0114954 -2480.53 -2513.82 -1785.52
  371 370.5 26.4195 0.0114668 -2413.33 -2355.06 -1794.05
  372 371.5 26.3796 0.0114495 -2387.19 -2339.94 -1981.92
  373 372.5 26.306 0.0114175 -2325.62 -2296.49 -1977.11
  374 373.5 26.2513 0.0113938 -2291.03 -2300.73 -2027.27
  375 374.5 26.2725 0.011403 -2344.08 -2311.67 -2061.16
  376 375.5 26.2465 0.0113917 -2266.63 -2271.46 -2149.27
  377 376.5 26.178 0.011362 -2229.57 -2263.69 -2044.4
  378 377.5 26.177 0.0113615 -2261.22 -2197.12 -2135.94
  379 378.5 26.1699 0.0113585 -2224.91 -2265.31 -2191.92
  380 379.5 26.1721 0.0113594 -2311.9 -2302.94 -2158.23
  381 380.5 26.1437 0.0113471 -2186.14 -2207.58 -2176.83
  382 381.5 26.1593 0.0113539 -2209.76 -2260.38 -2148.08
  383 382.5 26.1585 0.0113535 -2253.7 -2278.76 -2186.45
  384 383.5 26.1708 0.0113588 -2282.71 -2191.59 -2205.47
  385 384.5 26.1211 0.0113373 -2311.02 -2196.35 -2206.67
  386 385.5 26.1545 0.0113518 -2244.02 -2242.75 -2180.5
  387 386.5 26.1517 0.0113505 -2240.89 -2295.05 -2228.06
  388 387.5 26.1672 0.0113573 -2223.52 -2217.04 -2195.92
  389 388.5 26.1434 0.011347 -2242.63 -2168.3 -2222.65
  390 389.5 26.1567 0.0113528 -2176.05 -2185.15 -2201.72
  391 390.5 26.1642 0.011356 -2095.61 -2110.36 -2195.25
  392 391.5 26.1599 0.0113541 -2169.88 -2175.45 -2176.99
  393 392.5 26.1284 0.0113405 -2184.2 -2135.69 -2222.16
  394 393.5 26.152 0.0113507 -2193.8 -2230.96 -2256.81
  395 394.5 26.1362 0.0113438 -2154.09 -2263.19 -2212.81
  396 395.5 26.1244 0.0113387 -2229.29 -2227.87 -2228.89
  397 396.5 26.1144 0.0113344 -2210.01 -2200.94 -2192.93
  398 397.5 26.1481 0.011349 -2210.06 -2250.13 -2161.09
  399 398.5 26.1307 0.0113414 -2250.91 -2214.37 -2238.54
  400 399.5 26.0815 0.0113201 -2249.51 -2198.93 -2247.96
  401 400.5 26.1163 0.0113352 -2241.24 -2175.66 -2166.09
  402 401.5 26.1202 0.0113369 -2197.33 -2072.06 -2212.36
  403 402.5 26.1253 0.0113391 -2151.82 -2144.56 -2214.55
  404 403.5 26.1141 0.0113342 -2303.4 -2202.62 -2200.3
  405 404.5 26.1169 0.0113354 -2339.81 -2122.7 -2205.67
  406 405.5 26.1176 0.0113358 -2174.05 -2148.57 -2206.38
  407 406.5 26.1241 0.0113386 -2264.01 -2191.26 -2240.01
  408 407.5 26.0942 0.0113256 -2251.36 -2322.37 -2194.94
  409 408.5 26.1145 0.0113344 -2255.86 -2276.15 -2161.95
  410 409.5 26.1237 0.0113384 -2230.57 -2259.65 -2231.64
  411 410.5 26.0866 0.0113223 -2230.45 -2256.72 -2263.98
  412 411.5 26.0972 0.0113269 -2233 -2232.25 -2177.68
  413 412.5 26.0985 0.0113275 -2182.64 -2250.66 -2177.5
  414 413.5 26.1508 0.0113502 -2196.42 -2250.54 -2180.94
  415 414.5 26.1048 0.0113302 -2168.4 -2228.25 -2261.54
  416 415.5 26.0983 0.0113274 -2169.28 -2164.82 -2189.92
  417 416.5 26.1653 0.0113565 -2179.95 -2231.92 -2158.52
  418 417.5 26.1362 0.0113438 -2278.89 -2243.79 -2270.26
  419 418.5 26.1339 0.0113428 -2271.8 -2243.58 -2207.52
  420 419.5 26.1474 0.0113487 -2241.57 -2231.48 -2185.82
  421 420.5 26.1564 0.0113526 -2150.47 -2176.4 -2230.25
  422 421.5 26.15 0.0113498 -2191.23 -2292.94 -2220.52
  423 422.5 26.1727 0.0113597 -2062.98 -2189.68 -2175.81
  424 423.5 26.1846 0.0113648 -2190.25 -2134.45 -2211.2
  425 424.5 26.1483 0.0113491 -2196.24 -2188.59 -2203.24
  426 425.5 26.1802 0.0113629 -2198.84 -2162.48 -2171.33
  427 426.5 26.1942 0.011369 -2258.31 -2243.18 -2207.14
  428 427.5 26.1901 0.0113672 -2199.73 -2232.11 -2262.4
  429 428.5 26.1786 0.0113622 -2160.45 -2233.12 -2194.44
  430 429.5 26.205 0.0113737 -2146.72 -2174.71 -2181.11
  431 430.5 26.2472 0.011392 -2177.18 -2196.81 -2185.34
  432 431.5 26.1941 0.011369 -2287.87 -2268.76 -2254.37
  433 432.5 26.2172 0.011379 -2185.19 -2209.07 -2229.22
  434 433.5 26.2335 0.0113861 -2211.18 -2216.05 -2195.56
  435 434.5 26.2183 0.0113795 -2148.45 -2226.83 -2196.81
  436 435.5 26.2138 0.0113775 -2259.19 -2213.66 -2191.05
  437 436.5 26.2151 0.0113781 -2264.65 -2303.65 -2250.21
  438 437.5 26.2341 0.0113863 -2173.79 -2247.19 -2170.36
  439 438.5 26.2289 0.0113841 -2204.19 -2253.12 -2246.37
  440 439.5 26.1854 0.0113652 -2141.91 -2232.79 -2182.92
  441 440.5 26.2273 0.0113834 -2142.46 -2205.36 -2190.25
  442 441.5 26.2472 0.011392 -2152.86 -2233.98 -2206.73
  443 442.5 26.2175 0.0113791 -2139.59 -2192.17 -2178.35
  444 443.5 26.2096 0.0113757 -2130.48 -2304.46 -2206.15
  445 444.5 26.2282 0.0113838 -2190.16 -2198.81 -2183.11
  446 445.5 26.2241 0.011382 -2141.59 -2304.64 -2231
  447 446.5 26.2321 0.0113855 -2194.93 -2263.41 -2190.48
  448 447.5 26.2375 0.0113878 -2198.5 -2271.14 -2202.59
  449 448.5 26.2308 0.0113849 -2188.88 -2205.46 -2229.76
  450 449.5 26.2421 0.0113898 -2162.45 -2222.81 -2168.04
  451 450.5 26.2557 0.0113957 -2055.95 -2232.92 -2206.64
  452 451.5 26.2493 0.0113929 -2176.36 -2176.54 -2215.94
  453 452.5 26.2656 0.0114 -2154.45 -2164.32 -2180.05
  454 453.5 26.2277 0.0113836 -2224.57 -2226.29 -2196.13
  455 454.5 26.2342 0.0113864 -2210.37 -2147.48 -2217.48
  456 455.5 26.2589 0.0113971 -2145.55 -2121.85 -2235.8
  457 456.5 26.2492 0.0113929 -2101.23 -2141.61 -2182.46
  458 457.5 26.2458 0.0113914 -2182.31 -2251.57 -2179.65
  459 458.5 26.2312 0.0113851 -2269.03 -2228.35 -2242.67
  460 459.5 26.2504 0.0113934 -2188.65 -2190.24 -2199.89
  461 460.5 26.2538 0.0113949 -2185.55 -2232.92 -2150.57
  462 461.5 26.2166 0.0113787 -2223.42 -2125.55 -2211.19
  463 462.5 26.2203 0.0113803 -2293.15 -2253.9 -2253.11
  464 463.5 26.2294 0.0113843 -2234.11 -2175.18 -2177.67
  465 464.5 26.2391 0.0113885 -2215.21 -2196.56 -2170.3
  466 465.5 26.2214 0.0113808 -2262.25 -2227.91 -2200.47
  467 466.5 26.1943 0.0113691 -2154.83 -2205.97 -2224.83
  468 467.5 26.234 0.0113863 -2234.74 -2220.19 -2232.54
  469 468.5 26.2583 0.0113968 -2161 -2161.19 -2173.95
  470 469.5 26.2081 0.0113751 -2192.25 -2197.29 -2137.26
  471 470.5 26.2516 0.0113939 -2182.04 -2199.88 -2225.81
  472 471.5 26.2652 0.0113998 -2178.51 -2224.37 -2230.44
  473 472.5 26.2429 0.0113901 -2174.48 -2156.09 -2219.82
  474 473.5 26.2516 0.0113939 -2111.84 -2164.5 -2166.37
  475 474.5 26.2528 0.0113945 -2254.66 -2163.34 -2244.8
  476 475.5 26.2825 0.0114073 -2162.37 -2141.54 -2186.64
  477 476.5 26.2694 0.0114016 -2160.32 -2107.9 -2173.7
  478 477.5 26.2265 0.011383 -2177.86 -2215.67 -2307.09
  479 478.5 26.2804 0.0114064 -2213.35 -2206.56 -2151.3
  480 479.5 26.3044 0.0114168 -2120.29 -2269.27 -2232.27
50000000 480 10726.000000000011
  1 0.5 26.1198 0.0113367 -2257.6 -2269.78 -2308.29
  2 1.5 26.0956 0.0113262 -2178.03 -2222.23 -2313
  3 2.5 26.0968 0.0113267 -2268.23 -2185.72 -2246.44
  4 3.5 26.1012 0.0113287 -2056.36 -2182.7 -2299.56
  5 4.5 26.0608 0.0113111 -2172.52 -2194.42 -2348.61
  6 5.5 26.0474 0.0113053 -2203 -2187.66 -2392.15
  7 6.5 26.0182 0.0112926 -2075.83 -2046.97 -2352.66
  8 7.5 25.9802 0.0112761 -2147.29 -2108.94 -2421.98
  9 8.5 25.9419 0.0112595 -2032.39 -2083.81 -2416.39
  10 9.5 25.8622 0.0112249 -2067.01 -2019.94 -2530.08
  11 10.5 25.809 0.0112018 -2090.11 -2057.68 -2565.24
  12 11.5 25.735 0.0111697 -1939.7 -1953.13 -2548.22
  13 12.5 25.6502 0.0111329 -1828.49 -1936.15 -2579.57
  14 13.5 25.5128 0.0110732 -1869.5 -1844.23 -2640.52
  15 14.5 25.3557 0.0110051 -1702.17 -1737.32 -2786.06
  16 15.5 25.1906 0.0109334 -1656.15 -1707.4 -2846.31
  17 16.5 24.9738 0.0108393 -1467.97 -1565.59 -2751.81
  18 17.5 24.7458 0.0107404 -1531.33 -1480.36 -2901.7
  19 18.5 24.4538 0.0106136 -1520.11 -1502.06 -3058.04
  20 19.5 24.0838 0.010453 -1363.92 -1418.11 -3001.94
  21 20.5 23.7124 0.0102918 -1380.71 -1323.37 -3026.14
  22 21.5 23.2249 0.0100803 -1261.89 -1247.16 -3169.51
  23 22.5 22.6783 0.009843 -1245.87 -1214.94 -3102.64
  24 23.5 22.0625 0.00957572 -1204.3 -1163.65 -3127.18
  25 24.5 21.3823 0.0092805 -1218.83 -1261.4 -3203.49
  26 25.5 20.615 0.00894747 -1241.3 -1159.23 -3153.53
  27 26.5 19.7435 0.00856924 -1342.57 -1243.11 -3125.29
  28 27.5 18.8465 0.0081799 -1413.19 -1334.22 -3054.84
  29 28.5 17.8458 0.00774559 -1658.82 -1531.69 -3183.86
  30 29.5 16.8379 0.00730811 -1881.08 -1891.31 -3131.64
  31 30.5 15.7398 0.00683151 -2122.45 -2085.29 -3130.75
  32 31.5 14.6907 0.00637616 -2442.47 -2578.89 -3160.13
  33 32.5 13.5674 0.00588863 -3041.82 -3096.95 -3335.93
  34 33.5 12.5048 0.00542741 -3577.2 -3574.87 -3480.89
  35 34.5 11.4888 0.00498648 -4225.2 -4239.89 -3741.8
  36 35.5 10.5131 0.00456297 -4836.13 -4882.95 -3986.69
  37 36.5 9.57151 0.0041543 -5561.53 -5716.4 -4473.26
  38 37.5 8.74322 0.0037948 -6451.85 -6565.43 -5020.34
  39 38.5 7.988 0.00346701 -7346.12 -7415.28 -5549.43
  40 39.5 7.31546 0.00317511 -8114.12 -8242.29 -6212.23
  41 40.5 6.71039 0.0029125 -9096.68 -9144.96 -7013.59
  42 41.5 6.21011 0.00269536 -9836.24 -9932.34 -7800.33
  43 42.5 5.76684 0.00250297 -10769.4 -10762 -8652.35
  44 43.5 5.40656 0.0023466 -11468.8 -11518 -9378.51
  45 44.5 5.08731 0.00220803 -12143.3 -12175.2 -10209.9
  46 45.5 4.83451 0.00209831 -12595.5 -12623.7 -11013
  47 46.5 4.63226 0.00201053 -13126 -13096.4 -11653.4
  48 47.5 4.44896 0.00193097 -13627.7 -13505.5 -12305
  49 48.5 4.31138 0.00187126 -13899.5 -13953.3 -12791.5
  50 49.5 4.2059 0.00182548 -14255.1 -14393.6 -13321.4
  51 50.5 4.11311 0.0017852 -14524 -14593.6 -13686.2
  52 51.5 4.02874 0.00174859 -14665 -14672.7 -14087.8
  53 52.5 3.96412 0.00172054 -14909.7 -15031.4 -14385.3
  54 53.5 3.91213 0.00169797 -15073.5 -15118.9 -14636.3
  55 54.5 3.882 0.0016849 -15276 -15129.7 -14809.5
  56 55.5 3.8619 0.00167617 -15391.1 -15241.9 -14929.1
  57 56.5 3.83187 0.00166314 -15342.9 -15384 -15115.3
  58 57.5 3.82069 0.00165829 -15459.1 -15324.2 -15167.3
  59 58.5 3.80715 0.00165241 -15394.1 -15513.6 -15334
  60 59.5 3.81026 0.00165376 -15484 -15567.5 -15199.9
  61 60.5 3.79628 0.00164769 -15448.6 -15429.2 -15330.5
  62 61.5 3.77658 0.00163914 -15425 -15381.6 -15440.3
  63 62.5 3.77441 0.0016382 -15473.5 -15568.9 -15516.9
  64 63.5 3.74519 0.00162552 -15501 -15455.2 -15587.2
  65 64.5 3.74445 0.00162519 -15595.7 -15551.4 -15514.9
  66 65.5 3.73826 0.00162251 -15554.7 -15534.5 -15628.4
  67 66.5 3.73405 0.00162068 -15659.9 -15524.5 -15619.6
  68 67.5 3.71483 0.00161234 -15571.8 -15583.2 -15680
  69 68.5 3.7157 0.00161272 -15519.3 -15718.5 -15752.6
  70 69.5 3.71817 0.00161379 -15660.8 -15773.2 -15749
  71 70.5 3.72216 0.00161552 -15750.4 -15748.3 -15656.4
  72 71.5 3.73647 0.00162173 -15614.7 -15625.9 -15625.1
  73 72.5 3.73898 0.00162282 -15588.1 -15651.3 -15595.4
  74 73.5 3.72841 0.00161823 -15604.6 -15577.1 -15628.3
  75 74.5 3.73058 0.00161918 -15555.2 -15587.2 -15723.4
  76 75.5 3.73979 0.00162317 -15544.7 -15486.8 -15700.7
  77 76.5 3.74953 0.0016274 -15519.9 -15405 -15536.7
  78 77.5 3.75416 0.00162941 -15579.4 -15552.4 -15574.5
  79 78.5 3.74911 0.00162722 -15535.9 -15591.7 -15586.2
  80 79.5 3.75291 0.00162887 -15432 -15635.7 -15561.6
  81 80.5 3.75171 0.00162835 -15488.6 -15827.3 -15650.6
  82 81.5 3.76139 0.00163255 -15496.4 -15677.8 -15558
  83 82.5 3.76126 0.00163249 -15537.9 -15632.6 -15537.7
  84 83.5 3.75145 0.00162823 -15669.4 -15665.1 -15590.9
  85 84.5 3.73845 0.00162259 -15607.9 -15733.7 -15635
  86 85.5 3.74847 0.00162694 -15526.5 -15683.8 -15638.8
  87 86.5 3.74644 0.00162606 -15449.3 -15576.2 -15571.8
  88 87.5 3.74271 0.00162444 -15459.4 -15758.4 -15605.9
  89 88.5 3.73377 0.00162056 -15741.6 -15749.8 -15690.8
  90 89.5 3.73468 0.00162096 -15799.5 -15764.9 -15643
  91 90.5 3.73711 0.00162201 -15661.2 -15755.1 -15654.5
  92 91.5 3.73214 0.00161985 -15666.4 -15765.9 -15628.1
  93 92.5 3.73149 0.00161957 -15814 -15805.1 -15641.7
  94 93.5 3.73114 0.00161942 -15578.7 -15727.2 -15682.5
  95 94.5 3.72552 0.00161698 -15679.4 -15917.2 -15707.2
  96 95.5 3.71155 0.00161092 -15748 -15762 -15773.8
  97 96.5 3.72702 0.00161763 -15654.4 -15674.2 -15681.4
  98 97.5 3.71331 0.00161168 -15690.7 -15691.3 -15668.8
  99 98.5 3.70275 0.0016071 -15730.2 -15784.9 -15783.6
  100 99.5 3.72244 0.00161564 -15692.7 -15689.3 -15731
  101 100.5 3.72435 0.00161647 -15780.9 -15715.4 -15717
  102 101.5 3.72062 0.00161485 -15516.7 -15564.5 -15647.4
  103 102.5 3.72839 0.00161822 -15566.8 -15644.1 -15736.6
  104 103.5 3.71689 0.00161323 -15702.7 -15540.1 -15751.9
  105 104.5 3.72983 0.00161885 -15664.2 -15533.9 -15603.6
  106 105.5 3.72028 0.00161471 -15701.5 -15603.5 -15714.7
  107 106.5 3.72932 0.00161863 -15428.9 -15545.8 -15671.8
  108 107.5 3.73792 0.00162236 -15476 -15592.6 -15640.7
  109 108.5 3.73089 0.00161931 -15577.9 -15588.9 -15649.4
  110 109.5 3.71435 0.00161213 -15531.6 -15583 -15764
  111 110.5 3.73998 0.00162326 -15538.8 -15480.6 -15646.3
  112 111.5 3.73173 0.00161967 -15434.2 -15429.6 -15698.5
  113 112.5 3.74173 0.00162401 -15245.6 -15522.6 -15624
  114 113.5 3.74597 0.00162586 -15351.4 -15503.5 -15578.3
  115 114.5 3.75305 0.00162893 -15386.4 -15417.1 -15584.1
  116 115.5 3.74437 0.00162516 -15387.2 -15442.6 -15617.2
  117 116.5 3.74684 0.00162623 -15419.5 -15521.5 -15633
  118 117.5 3.74841 0.00162691 -15467.3 -15480.1 -15589
  119 118.5 3.76771 0.00163529 -15473.2 -15681.3 -15495.9
  120 119.5 3.7506 0.00162786 -15568.6 -15615.9 -15566.6
  121 120.5 3.75811 0.00163112 -15553.8 -15593.9 -15579.3
  122 121.5 3.76475 0.00163401 -15578.1 -15486.1 -15546.9
  123 122.5 3.75688 0.00163059 -15589.7 -15481.2 -15544.2
  124 123.5 3.76302 0.00163325 -15617 -15602 -15563.6
  125 124.5 3.76636 0.0016347 -15635.4 -15527.4 -15521.4
  126 125.5 3.76321 0.00163334 -15567.6 -15287.2 -15539.9
  127 126.5 3.77799 0.00163975 -15390.2 -15349.4 -15429.5
  128 127.5 3.76648 0.00163476 -15558.5 -15443.4 -15603.7
  129 128.5 3.77699 0.00163932 -15617.1 -15654.5 -15517.6
  130 129.5 3.77388 0.00163797 -15579 -15472 -15450.9
  131 130.5 3.76169 0.00163268 -15592.3 -15477.8 -15582
  132 131.5 3.77308 0.00163762 -15502.3 -15514.9 -15509.2
  133 132.5 3.76694 0.00163496 -15533.5 -15522.8 -15468.6
  134 133.5 3.75373 0.00162922 -15470.1 -15413.8 -15534.1
  135 134.5 3.75763 0.00163091 -15576.8 -15402.5 -15625.9
  136 135.5 3.75589 0.00163016 -15582.6 -15569.5 -15602.1
  137 136.5 3.75927 0.00163163 -15596.2 -15558.4 -15519.8
  138 137.5 3.75978 0.00163185 -15522.1 -15525.1 -15509.3
  139 138.5 3.75973 0.00163183 -15481.3 -15565.7 -15506.9
  140 139.5 3.75617 0.00163028 -15503.6 -15479.8 -15574.1
  141 140.5 3.76813 0.00163547 -15559.8 -15494.8 -15483.1
  142 141.5 3.76824 0.00163552 -15512.8 -15527.1 -15501.5
  143 142.5 3.77429 0.00163815 -15418.9 -15558.6 -15493.3
  144 143.5 3.77851 0.00163998 -15515.4 -15559.1 -15460.9
  145 144.5 3.79823 0.00164854 -15523.1 -15457.8 -15361.8
  146 145.5 3.80546 0.00165168 -15627.4 -15490 -15302.2
  147 146.5 3.80095 0.00164972 -15505.7 -15507.8 -15287.7
  148 147.5 3.80608 0.00165195 -15465.2 -15419.6 -15278.6
  149 148.5 3.79788 0.00164838 -15325.7 -15445.3 -15328.2
  150 149.5 3.80506 0.0016515 -15313.4 -15329.9 -15266
  151 150.5 3.82892 0.00166186 -15402 -15188 -15086.8
  152 151.5 3.84403 0.00166842 -15175.2 -15085 -15017.9
  153 152.5 3.87524 0.00168196 -14986.9 -15186.1 -14802.5
  154 153.5 3.92235 0.00170241 -15012.6 -15032.3 -14614.2
  155 154.5 3.97663 0.00172597 -14967.5 -14981.6 -14348
  156 155.5 4.0332 0.00175052 -14711.6 -14732.7 -14067.2
  157 156.5 4.10644 0.00178231 -14508.7 -14581.8 -13681.6
  158 157.5 4.2106 0.00182752 -14249.2 -14290.5 -13220.5
  159 158.5 4.30295 0.0018676 -13997.7 -14101.4 -12943.7
  160 159.5 4.4548 0.00193351 -13627.8 -13741 -12262.1
  161 160.5 4.63478 0.00201162 -13120.3 -13235.9 -11601.7
  162 161.5 4.87394 0.00211543 -12675 -12779 -10812.7
  163 162.5 5.10328 0.00221496 -12241.7 -12201.4 -10237.8
  164 163.5 5.41068 0.00234839 -11563.4 -11534.7 -9387.25
  165 164.5 5.7991 0.00251697 -10798.9 -10685.9 -8494.19
  166 165.5 6.2358 0.00270651 -9826.99 -9833.8 -7698.53
  167 166.5 6.73478 0.00292308 -9039.41 -8988.83 -6985.72
  168 167.5 7.33823 0.00318499 -8225.64 -8255.25 -6211.76
  169 168.5 8.01186 0.00347737 -7368.82 -7343.31 -5519.15
  170 169.5 8.77479 0.0038085 -6593.65 -6486.05 -4941.39
  171 170.5 9.6301 0.00417973 -5697.55 -5594.18 -4345.55
  172 171.5 10.5503 0.0045791 -4868.03 -4900.61 -3938.82
  173 172.5 11.5607 0.00501768 -4172.22 -4261.83 -3702.74
  174 173.5 12.5952 0.00546666 -3519.64 -3547.74 -3444.88
  175 174.5 13.6674 0.00593205 -3041.44 -3024.64 -3241.81
  176 175.5 14.7819 0.00641575 -2535.72 -2525.93 -3099.39
  177 176.5 15.9035 0.00690254 -2181.36 -2132.16 -3073.49
  178 177.5 16.991 0.00737459 -1724.56 -1797.72 -3015.24
  179 178.5 18.0474 0.00783309 -1471.07 -1520.25 -2942.66
  180 179.5 19.0314 0.00826018 -1347.06 -1303.99 -2968.89
  181 180.5 19.9886 0.0086756 -1238.67 -1218.19 -3047.29
  182 181.5 20.8952 0.00906909 -1234.21 -1189.02 -2956.63
  183 182.5 21.6633 0.00940247 -1142.05 -1175.71 -2947.36
  184 183.5 22.3793 0.00971326 -1221.4 -1281.44 -2969.42
  185 184.5 23.0827 0.0100185 -1204.52 -1162.56 -2814.28
  186 185.5 23.6548 0.0102668 -1394.21 -1414.8 -2797.8
  187 186.5 24.1547 0.0104838 -1439.56 -1388.21 -2710.22
  188 187.5 24.6041 0.0106788 -1607.41 -1524.53 -2602.13
  189 188.5 25.0576 0.0108757 -1692.7 -1644.91 -2366.27
  190 189.5 25.461 0.0110508 -1743.13 -1733.15 -2216.82
  191 190.5 25.8307 0.0112113 -1862.8 -1834.32 -2027.89
  192 191.5 26.2164 0.0113787 -1963.08 -1920.8 -1806.94
  193 192.5 26.6353 0.0115605 -1928.18 -1893.55 -1566.99
  194 193.5 27.0883 0.0117571 -1775.9 -1812.23 -1289.71
  195 194.5 27.5553 0.0119598 -1541.77 -1517.92 -1099.32
  196 195.5 28.083 0.0121888 -1162.07 -1163.26 -955.124
  197 196.5 28.6791 0.0124475 -616.712 -670.982 -823.349
  198 197.5 29.3183 0.012725 -144.094 -159.466 -799.604
  199 198.5 29.9557 0.0130016 313.487 299.939 -1003.73
  200 199.5 30.6125 0.0132867 985.62 873.371 -1103.72
  201 200.5 31.2787 0.0135758 1401.43 1317.87 -1419.24
  202 201.5 31.8905 0.0138414 1602.47 1569.02 -1751.02
  203 202.5 32.4464 0.0140827 1673.93 1669.91 -1961.12
  204 203.5 32.9629 0.0143068 1707.84 1556.42 -2306.08
  205 204.5 33.3955 0.0144946 1373.61 1389.33 -2670.9
  206 205.5 33.7126 0.0146322 1081.4 1078.21 -2793.66
  207 206.5 34.0459 0.0147769 747.514 657.115 -2795.25
  208 207.5 34.3145 0.0148934 371.676 362.149 -2899.89
  209 208.5 34.4558 0.0149548 -156.781 -135.798 -2858.32
  210 209.5 34.5892 0.0150127 -471.946 -309.929 -2707.95
  211 210.5 34.7769 0.0150942 -683.371 -690.887 -2571.07
  212 211.5 34.8229 0.0151141 -821.931 -786.324 -2524.33
  213 212.5 34.8487 0.0151253 -974.046 -1078.11 -2360.83
  214 213.5 34.9504 0.0151694 -1061.93 -1165 -2273.11
  215 214.5 35.029 0.0152035 -1281.91 -1279.68 -2193.94
  216 215.5 34.9854 0.0151846 -1340.04 -1209.93 -2030.35
  217 216.5 35.0015 0.0151916 -1366.94 -1396.1 -1972.37
  218 217.5 35.0994 0.0152341 -1396.17 -1397.64 -1956.06
  219 218.5 35.0821 0.0152266 -1418.22 -1542.46 -1831.32
  220 219.5 35.0618 0.0152178 -1544.52 -1486.58 -1765.43
  221 220.5 35.0905 0.0152302 -1465.18 -1577.89 -1790.83
  222 221.5 35.114 0.0152404 -1521.8 -1583.22 -1849.86
  223 222.5 35.1144 0.0152406 -1519.21 -1449.48 -1644.98
  224 223.5 35.0905 0.0152302 -1581.66 -1631.99 -1690.13
  225 224.5 35.1122 0.0152397 -1690.67 -1639.55 -1769.88
  226 225.5 35.1396 0.0152516 -1525.08 -1533.56 -1643.83
  227 226.5 35.0906 0.0152303 -1458.06 -1469.31 -1644.47
  228 227.5 35.1058 0.0152369 -1621.08 -1493.34 -1721.17
  229 228.5 35.1142 0.0152405 -1597.58 -1552.82 -1663.3
  230 229.5 35.118 0.0152422 -1726.21 -1641.82 -1661.36
  231 230.5 35.1122 0.0152397 -1619.62 -1538.2 -1599.78
  232 231.5 35.0781 0.0152249 -1578.16 -1586.42 -1695.16
  233 232.5 35.1342 0.0152492 -1613.65 -1662.21 -1683.39
  234 233.5 35.1063 0.0152371 -1594.51 -1651.59 -1616.59
  235 234.5 35.1089 0.0152382 -1695.56 -1690.51 -1638.32
  236 235.5 35.1134 0.0152402 -1645.4 -1700.3 -1624.05
  237 236.5 35.1284 0.0152467 -1561.94 -1670.06 -1689.16
  238 237.5 35.0946 0.015232 -1617.4 -1550.56 -1616.3
  239 238.5 35.1193 0.0152428 -1617.61 -1641.51 -1634.43
  240 239.5 35.1075 0.0152376 -1673.35 -1665.26 -1701.01
  241 240.5 35.1304 0.0152476 -1628.76 -1610.03 -1588.86
  242 241.5 35.0938 0.0152317 -1624.96 -1687.53 -1624.32
  243 242.5 35.1198 0.015243 -1637.76 -1760.08 -1676.04
  244 243.5 35.1235 0.0152446 -1645.48 -1609.19 -1639.11
  245 244.5 35.1035 0.0152359 -1638.58 -1512.6 -1646.97
  246 245.5 35.1119 0.0152395 -1632.47 -1692.53 -1763.66
  247 246.5 35.111 0.0152392 -1650.51 -1709.55 -1597.48
  248 247.5 35.1328 0.0152486 -1541.24 -1652.53 -1545.26
  249 248.5 35.106 0.015237 -1650.69 -1724.66 -1716.73
  250 249.5 35.1067 0.0152373 -1542.18 -1615.7 -1727.3
  251 250.5 35.0942 0.0152319 -1534.53 -1602.24 -1571.51
  252 251.5 35.1272 0.0152462 -1603.13 -1644.64 -1583.58
  253 252.5 35.11 0.0152387 -1619.39 -1595.66 -1711.26
  254 253.5 35.0857 0.0152282 -1591.37 -1656.41 -1717.79
  255 254.5 35.0866 0.0152286 -1595.41 -1624.56 -1580.66
  256 255.5 35.1198 0.015243 -1671.94 -1698.41 -1612.49
  257 256.5 35.1143 0.0152406 -1556.44 -1626.23 -1642.42
  258 257.5 35.0807 0.015226 -1620.86 -1697.98 -1649
  259 258.5 35.0761 0.015224 -1647.49 -1616 -1621.65
  260 259.5 35.1289 0.0152469 -1619.99 -1630.36 -1670.65
  261 260.5 35.0638 0.0152187 -1675.5 -1660.17 -1664.31
  262 261.5 35.1077 0.0152377 -1685.94 -1647.84 -1651.53
  263 262.5 35.0883 0.0152293 -1683.19 -1681.45 -1587.44
  264 263.5 35.1338 0.015249 -1605.23 -1691.16 -1637.92
  265 264.5 35.0826 0.0152268 -1645.63 -1685.55 -1677.57
  266 265.5 35.1163 0.0152415 -1720.11 -1587.74 -1681.8
  267 266.5 35.1089 0.0152382 -1604.64 -1601.56 -1557.84
  268 267.5 35.1196 0.0152429 -1616.31 -1576.42 -1663.07
  269 268.5 35.0988 0.0152339 -1624.55 -1590.14 -1666.39
  270 269.5 35.1224 0.0152441 -1623.02 -1621.18 -1697.42
  271 270.5 35.1133 0.0152401 -1659.38 -1687.96 -1634.38
  272 271.5 35.117 0.0152417 -1602.49 -1625.16 -1605.69
  273 272.5 35.1179 0.0152421 -1579.86 -1587.92 -1674.06
  274 273.5 35.1182 0.0152423 -1756.23 -1611.18 -1645.57
  275 274.5 35.1167 0.0152416 -1737.32 -1670.48 -1647
  276 275.5 35.1273 0.0152462 -1694.64 -1658.05 -1682.84
  277 276.5 35.1106 0.015239 -1613.28 -1659.15 -1713.62
  278 277.5 35.1171 0.0152418 -1633.57 -1583.57 -1542.21
  279 278.5 35.1416 0.0152524 -1729.97 -1696.08 -1658.19
  280 279.5 35.1419 0.0152526 -1720.81 -1676.95 -1674.25
  281 280.5 35.0933 0.0152315 -1729.98 -1643.45 -1665.72
  282 281.5 35.1178 0.0152421 -1642.16 -1554.41 -1586.11
  283 282.5 35.1434 0.0152532 -1627.97 -1598.63 -1655.3
  284 283.5 35.1086 0.0152381 -1724.04 -1625.87 -1671.57
  285 284.5 35.091 0.0152305 -1613.56 -1556.68 -1652.7
  286 285.5 35.1157 0.0152412 -1611.36 -1629.06 -1617.36
  287 286.5 35.1324 0.0152484 -1681.14 -1725.07 -1657.56
  288 287.5 35.1006 0.0152347 -1656.96 -1753.41 -1663.77
  289 288.5 35.1062 0.0152371 -1607.3 -1630.21 -1599.92
  290 289.5 35.1152 0.015241 -1644.68 -1720.26 -1651.95
  291 290.5 35.115 0.0152409 -1613.18 -1542.46 -1658.13
  292 291.5 35.1163 0.0152414 -1653.48 -1611.31 -1594.05
  293 292.5 35.1167 0.0152416 -1604.28 -1628.43 -1687.95
  294 293.5 35.1133 0.0152402 -1585.16 -1656.3 -1599.01
  295 294.5 35.1556 0.0152585 -1622.58 -1701.67 -1646.53
  296 295.5 35.0976 0.0152333 -1694.8 -1574.73 -1615.66
  297 296.5 35.1274 0.0152463 -1807.59 -1635.08 -1650.77
  298 297.5 35.1313 0.015248 -1755.13 -1677.32 -1731.33
  299 298.5 35.143 0.015253 -1641.36 -1575.86 -1508.36
  300 299.5 35.1462 0.0152544 -1752.02 -1825.39 -1682.84
  301 300.5 35.1219 0.0152439 -1627.59 -1707.12 -1653.61
  302 301.5 35.1359 0.01525 -1672.23 -1641.69 -1726.41
  303 302.5 35.1465 0.0152546 -1662.1 -1697.07 -1594.78
  304 303.5 35.1399 0.0152517 -1636.53 -1637.89 -1548.08
  305 304.5 35.1445 0.0152537 -1696.99 -1659.41 -1750.13
  306 305.5 35.1334 0.0152489 -1797.47 -1693.43 -1736.32
  307 306.5 35.1539 0.0152578 -1628.17 -1655 -1551.3
  308 307.5 35.1666 0.0152633 -1699.07 -1687.83 -1626.42
  309 308.5 35.1271 0.0152461 -1616.99 -1586.65 -1751.64
  310 309.5 35.1264 0.0152458 -1529.74 -1632.98 -1641.98
  311 310.5 35.1897 0.0152733 -1697.85 -1700.97 -1601.28
  312 311.5 35.1579 0.0152595 -1636.08 -1708.37 -1702.2
  313 312.5 35.1376 0.0152507 -1666.55 -1678.32 -1691.64
  314 313.5 35.1503 0.0152562 -1533.21 -1676.6 -1621.91
  315 314.5 35.1721 0.0152657 -1581.75 -1694.44 -1636.66
  316 315.5 35.1638 0.0152621 -1531.63 -1630.35 -1598.67
  317 316.5 35.1213 0.0152436 -1602.67 -1648.2 -1710.85
  318 317.5 35.1667 0.0152633 -1624.54 -1644.37 -1678.91
  319 318.5 35.1654 0.0152628 -1622.62 -1709.78 -1618.29
  320 319.5 35.1348 0.0152495 -1661.69 -1655.79 -1609.6
  321 320.5 35.1622 0.0152614 -1644.94 -1581.82 -1677.65
  322 321.5 35.1305 0.0152476 -1633.94 -1555.73 -1674.53
  323 322.5 35.1386 0.0152511 -1630.88 -1617.77 -1646.49
  324 323.5 35.1598 0.0152603 -1646.18 -1617.19 -1593.78
  325 324.5 35.1578 0.0152595 -1627.16 -1588.9 -1702.16
  326 325.5 35.1312 0.0152479 -1522.08 -1627.91 -1682.5
  327 326.5 35.1232 0.0152445 -1578.56 -1641.37 -1656.49
  328 327.5 35.1504 0.0152562 -1577.37 -1593.67 -1605.64
  329 328.5 35.1595 0.0152602 -1594.61 -1586.08 -1685.8
  330 329.5 35.1041 0.0152361 -1601.8 -1480.11 -1680.73
  331 330.5 35.1245 0.015245 -1619.14 -1581.12 -1712.59
  332 331.5 35.1632 0.0152618 -1688.76 -1593.93 -1662.72
  333 332.5 35.1167 0.0152416 -1572.89 -1531.28 -1676.7
  334 333.5 35.0913 0.0152306 -1575.73 -1626.89 -1731.43
  335 334.5 35.132 0.0152483 -1538.51 -1504.84 -1763.33
  336 335.5 35.1229 0.0152443 -1620.44 -1602.49 -1759.56
  337 336.5 35.1067 0.0152373 -1639.87 -1659.27 -1788.29
  338 337.5 35.0644 0.0152189 -1567.01 -1586.61 -1890.21
  339 338.5 35.1317 0.0152481 -1418.41 -1466.39 -1882.02
  340 339.5 35.0559 0.0152152 -1428.22 -1383.92 -1976.75
  341 340.5 35.0165 0.0151981 -1317.91 -1322.29 -2083.27
  342 341.5 35.0222 0.0152006 -1256.67 -1312.79 -2104.13
  343 342.5 35.0149 0.0151974 -1095.49 -1183.75 -2276.71
  344 343.5 34.8938 0.0151449 -954.154 -951.514 -2413.78
  345 344.5 34.8404 0.0151217 -750.298 -723.011 -2477.57
  346 345.5 34.8071 0.0151072 -595.521 -530.341 -2592.38
  347 346.5 34.6464 0.0150375 -259.133 -338.406 -2725.79
  348 347.5 34.4888 0.0149691 -30.5432 -6.24077 -2905.86
  349 348.5 34.3255 0.0148982 389.257 322.129 -2856.3
  350 349.5 34.108 0.0148038 750.91 739.161 -2862.15
  351 350.5 33.777 0.0146601 1084.48 1005.4 -2742.08
  352 351.5 33.4198 0.0145051 1355.84 1393.45 -2619.53
  353 352.5 33.0341 0.0143377 1593.53 1623.77 -2304.23
  354 353.5 32.4948 0.0141037 1641.99 1765.19 -1986.21
  355 354.5 31.9131 0.0138512 1596.49 1797.82 -1553.72
  356 355.5 31.3028 0.0135863 1438.38 1371.39 -1182.37
  357 356.5 30.6754 0.013314 837.041 774.171 -962.176
  358 357.5 30.001 0.0130213 276.788 301.47 -621.02
  359 358.5 29.3595 0.0127428 -356.845 -401.862 -582.933
  360 359.5 28.813 0.0125056 -906.311 -993.92 -436.374
  361 360.5 28.3202 0.0122918 -1614.8 -1637.39 -592.996
  362 361.5 27.856 0.0120903 -1977.08 -2009 -686.929
  363 362.5 27.4609 0.0119188 -2380.32 -2314.96 -987.066
  364 363.5 27.2338 0.0118202 -2593.07 -2523.73 -1078.69
  365 364.5 26.9907 0.0117147 -2578.19 -2541.88 -1303.02
  366 365.5 26.8111 0.0116368 -2653.27 -2626.92 -1471.36
  367 366.5 26.6693 0.0115752 -2540.87 -2497.75 -1636.78
  368 367.5 26.5671 0.0115309 -2517.25 -2495.88 -1737.29
  369 368.5 26.5048 0.0115038 -2473.28 -2382.27 -1759.91
  370 369.5 26.4513 0.0114806 -2398.85 -2429.21 -1962.81
  371 370.5 26.3751 0.0114475 -2352.51 -2364.88 -2037.56
  372 371.5 26.3628 0.0114422 -2381.35 -2264.4 -1946.41
  373 372.5 26.336 0.0114306 -2336.55 -2301.55 -2066.36
  374 373.5 26.3096 0.0114191 -2393.29 -2330.51 -2137.59
  375 374.5 26.2956 0.011413 -2233.4 -2257.43 -2123.85
  376 375.5 26.2795 0.011406 -2271.46 -2267.48 -2140.34
  377 376.5 26.2654 0.0113999 -2196.67 -2200.5 -2121.1
  378 377.5 26.2686 0.0114013 -2251.34 -2227.09 -2201.72
  379 378.5 26.2365 0.0113874 -2260.09 -2282.45 -2192.38
  380 379.5 26.2562 0.0113959 -2233.7 -2217.79 -2166.5
  381 380.5 26.2843 0.0114081 -2189.8 -2219.43 -2176.21
  382 381.5 26.2295 0.0113843 -2298.98 -2282.87 -2229.03
  383 382.5 26.208 0.011375 -2240.35 -2286.69 -2216.14
  384 383.5 26.2504 0.0113934 -2275.52 -2166.58 -2221.48
  385 384.5 26.2454 0.0113912 -2156 -2246.89 -2188.57
  386 385.5 26.2282 0.0113838 -2227.21 -2228.44 -2228.5
  387 386.5 26.2072 0.0113746 -2210.94 -2210.5 -2210
  388 387.5 26.2277 0.0113836 -2158.09 -2154.96 -2261.59
  389 388.5 26.2201 0.0113803 -2128.6 -2166.93 -2193.92
  390 389.5 26.2163 0.0113786 -2286.23 -2265.07 -2204.07
  391 390.5 26.2166 0.0113787 -2285.51 -2245.65 -2206.9
  392 391.5 26.2013 0.0113721 -2313.17 -2141.96 -2250.56
  393 392.5 26.1821 0.0113637 -2258.6 -2215.58 -2273.34
  394 393.5 26.2112 0.0113764 -2223.96 -2208.38 -2216.29
  395 394.5 26.1968 0.0113702 -2162.86 -2124.85 -2148.92
  396 395.5 26.1869 0.0113659 -2260.96 -2252.91 -2252.2
  397 396.5 26.1677 0.0113575 -2279.96 -2260.8 -2238.37
  398 397.5 26.207 0.0113746 -2204.83 -2201.41 -2243.21
  399 398.5 26.1489 0.0113494 -2369.12 -2190.47 -2243.36
  400 399.5 26.1631 0.0113555 -2227.25 -2158.79 -2149.86
  401 400.5 26.1833 0.0113643 -2288.64 -2292 -2292.55
  402 401.5 26.1678 0.0113576 -2219.33 -2235.55 -2208.83
  403 402.5 26.1472 0.0113486 -2155.8 -2172.23 -2154.4
  404 403.5 26.1675 0.0113574 -2258.93 -2232.33 -2248.24
  405 404.5 26.174 0.0113602 -2187.58 -2264.18 -2225.55
  406 405.5 26.1357 0.0113436 -2232.79 -2274.71 -2245.45
  407 406.5 26.1552 0.0113521 -2273.13 -2335.95 -2233.53
  408 407.5 26.1606 0.0113544 -2215.31 -2286.17 -2228.2
  409 408.5 26.1717 0.0113592 -2188.08 -2198.53 -2221.44
  410 409.5 26.1435 0.011347 -2242.26 -2207.07 -2246.62
  411 410.5 26.1534 0.0113513 -2273.57 -2207.39 -2210.4
  412 411.5 26.1567 0.0113527 -2210.12 -2226.62 -2187.6
  413 412.5 26.1689 0.011358 -2244.77 -2175.02 -2240.2
  414 413.5 26.1231 0.0113382 -2289.77 -2242.75 -2276.54
  415 414.5 26.1322 0.0113421 -2343.98 -2269.01 -2217.67
  416 415.5 26.1426 0.0113466 -2366.15 -2215.23 -2242.95
  417 416.5 26.1736 0.0113601 -2304.4 -2280.11 -2236.7
  418 417.5 26.14 0.0113455 -2288.82 -2266.28 -2181.46
  419 418.5 26.1313 0.0113417 -2300.47 -2197.32 -2236.64
  420 419.5 26.1398 0.0113454 -2292.26 -2229.24 -2227.21
  421 420.5 26.1544 0.0113517 -2219.52 -2236.4 -2243.78
  422 421.5 26.1382 0.0113447 -2126.59 -2238.4 -2207.46
  423 422.5 26.1015 0.0113288 -2309.58 -2334.95 -2254.37
  424 423.5 26.1574 0.011353 -2223.92 -2240.8 -2182.97
  425 424.5 26.136 0.0113438 -2244.13 -2281.44 -2228.01
  426 425.5 26.1286 0.0113406 -2255.97 -2328.54 -2305.28
  427 426.5 26.1365 0.011344 -2141.66 -2213.5 -2167.09
  428 427.5 26.1661 0.0113568 -2265.25 -2251.58 -2246.77
  429 428.5 26.154 0.0113516 -2257.45 -2260.58 -2211.47
  430 429.5 26.1597 0.011354 -2308.06 -2311.26 -2225.09
  431 430.5 26.1464 0.0113483 -2287.97 -2197.12 -2220.21
  432 431.5 26.1603 0.0113543 -2225.05 -2167.53 -2219.28
  433 432.5 26.1441 0.0113473 -2318.32 -2175.92 -2275.55
  434 433.5 26.15 0.0113498 -2280.44 -2245.86 -2172.61
  435 434.5 26.1602 0.0113542 -2221.73 -2306.24 -2264.87
  436 435.5 26.1479 0.0113489 -2275.54 -2207.71 -2227.83
  437 436.5 26.1475 0.0113487 -2281.59 -2241.03 -2187.72
  438 437.5 26.1434 0.011347 -2249.69 -2227.96 -2312.75
  439 438.5 26.1509 0.0113502 -2239.5 -2285.11 -2212.82
  440 439.5 26.1438 0.0113471 -2138.35 -2133.71 -2156.32
  441 440.5 26.1657 0.0113566 -2208.99 -2226.05 -2265.56
  442 441.5 26.1639 0.0113559 -2261.75 -2229.79 -2202.74
  443 442.5 26.1229 0.011338 -2336.98 -2230.56 -2225.97
  444 443.5 26.1587 0.0113536 -2295.12 -2224.89 -2259.08
  445 444.5 26.1536 0.0113514 -2209.51 -2216.23 -2250.98
  446 445.5 26.133 0.0113425 -2269.35 -2220.56 -2195
  447 446.5 26.1335 0.0113427 -2161.05 -2193.56 -2237.74
  448 447.5 26.1494 0.0113496 -2161.74 -2273.09 -2197
  449 448.5 26.1607 0.0113545 -2100.38 -2204.7 -2234.21
  450 449.5 26.1363 0.0113439 -2211.57 -2260.61 -2221.24
  451 450.5 26.1653 0.0113565 -2163.2 -2165.78 -2236.13
  452 451.5 26.1748 0.0113606 -2224.47 -2254.29 -2192.28
  453 452.5 26.1781 0.011362 -2152.02 -2215.97 -2233.02
  454 453.5 26.1745 0.0113604 -2198.26 -2192.42 -2259.09
  455 454.5 26.1937 0.0113688 -2285.11 -2149.41 -2215.62
  456 455.5 26.1733 0.0113599 -2142.83 -2163.67 -2200.72
  457 456.5 26.1736 0.0113601 -2298.25 -2251.69 -2255.78
  458 457.5 26.1771 0.0113616 -2193.87 -2228.66 -2254.18
  459 458.5 26.1807 0.0113631 -2167.91 -2131.98 -2201.97
  460 459.5 26.1959 0.0113698 -2219.89 -2226.69 -2232.65
  461 460.5 26.1755 0.0113609 -2238.26 -2235.2 -2205.04
  462 461.5 26.1692 0.0113582 -2270.31 -2267.02 -2246.82
  463 462.5 26.1822 0.0113638 -2186.86 -2201.56 -2195.74
  464 463.5 26.1815 0.0113635 -2159.5 -2293.04 -2212.01
  465 464.5 26.1532 0.0113512 -2180.9 -2178.97 -2294.29
  466 465.5 26.1713 0.0113591 -2179.39 -2131.71 -2233.03
  467 466.5 26.1776 0.0113618 -2180.13 -2217.77 -2189.42
  468 467.5 26.1919 0.011368 -2109.46 -2183.47 -2199.21
  469 468.5 26.2129 0.0113771 -2211.27 -2211.05 -2278.73
  470 469.5 26.1802 0.0113629 -2123.56 -2256.29 -2235.69
  471 470.5 26.1778 0.0113619 -2204.69 -2195.71 -2226.18
  472 471.5 26.1966 0.0113701 -2204.88 -2269.86 -2249.34
  473 472.5 26.1656 0.0113566 -2237.56 -2228.27 -2226.53
  474 473.5 26.1637 0.0113558 -2266.63 -2273.75 -2215.14
  475 474.5 26.1589 0.0113537 -2215.36 -2208.62 -2219.91
  476 475.5 26.138 0.0113446 -2272.61 -2190.81 -2323.12
  477 476.5 26.1454 0.0113478 -2180.9 -2210.78 -2203.42
  478 477.5 26.134 0.0113429 -2205.06 -2249.85 -2285.06
  479 478.5 26.131 0.0113416 -2097.09 -2217.88 -2210.15
  480 479.5 26.1295 0.0113409 -2224.1 -2280.93 -2244.46
