# Chunk-averaged data for fix tensor1 and group all
# Timestep Number-of-chunks Total-count
# Chunk Coord1 Ncount density/number c_press[1] c_press[2] c_press[3]
142500000 624 13244.999999999995
  1 0.5 25.8171 0.0112054 -1873.27 -1796.63 -2739.83
  2 1.5 26.0301 0.0112978 -1858.61 -1788.51 -2559.68
  3 2.5 26.1944 0.0113691 -1930.97 -1822.67 -2527.86
  4 3.5 26.3229 0.0114249 -1863.08 -2034.69 -2529.54
  5 4.5 26.4085 0.011462 -1979.7 -2059.16 -2439.43
  6 5.5 26.5735 0.0115336 -1892.68 -1840.62 -2392.18
  7 6.5 26.5934 0.0115423 -1999 -2019.19 -2498.45
  8 7.5 26.7373 0.0116047 -1852.95 -1876.34 -2166.74
  9 8.5 26.7036 0.0115901 -1789.17 -2093.95 -2351.89
  10 9.5 26.857 0.0116567 -1908.47 -1906.69 -2265.24
  11 10.5 26.8948 0.0116731 -2064.78 -2132.01 -2298.92
  12 11.5 26.9378 0.0116917 -2126.11 -1975.75 -2202.9
  13 12.5 26.9942 0.0117162 -2045.4 -1975.33 -2177.32
  14 13.5 27.0556 0.0117429 -1982 -1922.51 -2192.33
  15 14.5 27.0791 0.0117531 -2233.32 -1946.6 -2175.55
  16 15.5 27.1572 0.011787 -2108.47 -2008.3 -2216.94
  17 16.5 27.1858 0.0117994 -2118.51 -1993.78 -2118.05
  18 17.5 27.1815 0.0117975 -1990.34 -1926.6 -2144.25
  19 18.5 27.2639 0.0118333 -2172.87 -2253.39 -2237.97
  20 19.5 27.2629 0.0118328 -2154.71 -2073.27 -2153.45
  21 20.5 27.3359 0.0118645 -2159.84 -2233.81 -2127.62
  22 21.5 27.2947 0.0118467 -2135.98 -2156.03 -2213.97
  23 22.5 27.3841 0.0118855 -2034.46 -2015.36 -2059.18
  24 23.5 27.4162 0.0118994 -2080.14 -1968.28 -2121.35
  25 24.5 27.3474 0.0118695 -2188.99 -2052.94 -2245.71
  26 25.5 27.4105 0.0118969 -2081.47 -2232.18 -2079.5
  27 26.5 27.4938 0.0119331 -2147.37 -1962.51 -2119.39
  28 27.5 27.4771 0.0119258 -2107.87 -2216.48 -2123.19
  29 28.5 27.4437 0.0119113 -1848.74 -2002.88 -2099.39
  30 29.5 27.5166 0.011943 -1974.45 -2110.06 -2072.91
  31 30.5 27.4877 0.0119304 -2017.59 -2019.25 -2111.14
  32 31.5 27.4542 0.0119159 -2036.32 -1828.44 -2214.62
  33 32.5 27.5343 0.0119506 -2021.32 -1906.29 -2063.85
  34 33.5 27.5546 0.0119594 -2100.04 -1980.84 -2114.42
  35 34.5 27.5606 0.0119621 -2084.73 -2093.1 -2188.24
  36 35.5 27.5948 0.0119769 -2097.97 -2026.56 -1985.9
  37 36.5 27.5852 0.0119728 -2111.37 -2130.56 -2183.39
  38 37.5 27.6515 0.0120015 -2125.21 -2085.13 -2035.99
  39 38.5 27.5926 0.011976 -1897.14 -1908.34 -2160.66
  40 39.5 27.5833 0.0119719 -1925.1 -2019.66 -2162.25
  41 40.5 27.6274 0.011991 -2001.09 -1973.31 -2139.11
  42 41.5 27.6248 0.0119899 -2124.78 -2165.59 -2131.17
  43 42.5 27.6149 0.0119856 -2014.31 -2055.93 -2052.06
  44 43.5 27.5603 0.0119619 -2026.13 -2061.85 -2112.44
  45 44.5 27.6182 0.0119871 -2014.06 -2074.54 -2046.39
  46 45.5 27.6211 0.0119883 -2023.86 -2024.4 -2134.35
  47 46.5 27.5659 0.0119644 -2043.48 -2125.95 -2060.62
  48 47.5 27.5938 0.0119765 -2029.94 -1997.23 -2163
  49 48.5 27.5686 0.0119656 -1876.77 -2084.27 -2082.57
  50 49.5 27.5853 0.0119728 -2177.98 -2038.77 -2119.01
  51 50.5 27.6346 0.0119942 -2115.36 -2028.28 -2016.5
  52 51.5 27.5988 0.0119786 -1989.35 -2084.2 -2064.03
  53 52.5 27.6097 0.0119834 -2050.37 -2082.76 -2203.77
  54 53.5 27.6032 0.0119806 -2033.88 -1976.32 -2133.66
  55 54.5 27.6363 0.0119949 -1928.93 -1826.01 -1937.24
  56 55.5 27.6694 0.0120093 -2146.93 -1999.47 -2174.68
  57 56.5 27.594 0.0119766 -2077.57 -2073.33 -2068.66
  58 57.5 27.6157 0.011986 -2135.52 -2150.47 -2112.36
  59 58.5 27.6528 0.0120021 -2080.89 -2071.8 -2143.48
  60 59.5 27.6121 0.0119844 -2105.29 -2109.96 -2070.7
  61 60.5 27.6294 0.0119919 -1983.15 -1966.56 -2035.82
  62 61.5 27.596 0.0119774 -2010.73 -1965.3 -2193.12
  63 62.5 27.6043 0.011981 -2067.23 -2113.73 -2120.15
  64 63.5 27.5715 0.0119668 -2033.07 -2092.36 -2173.26
  65 64.5 27.5737 0.0119678 -1888.47 -1986.25 -2052.02
  66 65.5 27.618 0.011987 -2005.74 -2067.06 -2018.54
  67 66.5 27.589 0.0119744 -2027.36 -2134.28 -2186.61
  68 67.5 27.6144 0.0119854 -2033.53 -2208.17 -2038.44
  69 68.5 27.5478 0.0119565 -2111.82 -2046.83 -2152.36
  70 69.5 27.547 0.0119562 -2108 -2197.79 -2159.9
  71 70.5 27.5509 0.0119578 -2077.12 -2099.47 -2091.16
  72 71.5 27.5134 0.0119416 -2232.96 -2087.66 -2038.66
  73 72.5 27.485 0.0119292 -2131.15 -2118.35 -2123.88
  74 73.5 27.4606 0.0119187 -2093.24 -2174.47 -2109.17
  75 74.5 27.4362 0.0119081 -2181.14 -2282.66 -2064.87
  76 75.5 27.454 0.0119158 -2157.07 -2165.28 -2095.86
  77 76.5 27.3931 0.0118893 -2287.42 -2182.29 -2221.59
  78 77.5 27.3634 0.0118765 -2019 -2055.19 -1999.56
  79 78.5 27.4325 0.0119065 -2065.9 -2211.39 -2095.04
  80 79.5 27.3364 0.0118648 -2131.08 -2163.96 -2154.68
  81 80.5 27.3786 0.0118831 -1977.62 -2105.16 -2020.3
  82 81.5 27.3861 0.0118863 -2162.45 -2234.53 -2181.61
  83 82.5 27.2988 0.0118484 -2151.76 -2128.59 -2085.88
  84 83.5 27.3395 0.0118661 -2111.89 -1974.83 -2038.03
  85 84.5 27.3097 0.0118532 -2077.61 -2082.49 -2245.15
  86 85.5 27.2864 0.0118431 -1950.78 -1938.04 -2050.56
  87 86.5 27.2303 0.0118187 -2147.05 -2139.41 -2146.3
  88 87.5 27.2737 0.0118375 -2053.69 -2099.03 -2070.96
  89 88.5 27.2643 0.0118335 -2227.33 -2346.11 -2163.08
  90 89.5 27.241 0.0118234 -2136.97 -2279.58 -2096.97
  91 90.5 27.2297 0.0118185 -2235.02 -2128.98 -2130.92
  92 91.5 27.19 0.0118012 -2277.39 -2133.05 -2087.53
  93 92.5 27.1803 0.011797 -2093.15 -2063.52 -1994.72
  94 93.5 27.1559 0.0117864 -2269.42 -2198.01 -2135.91
  95 94.5 27.1332 0.0117766 -2209.58 -2083.87 -2314.2
  96 95.5 27.1009 0.0117626 -2117.14 -2134.96 -2111.92
  97 96.5 27.1949 0.0118033 -1949.05 -1892.3 -1904.65
  98 97.5 27.1474 0.0117827 -2183.75 -2036.91 -2058.33
  99 98.5 27.1275 0.0117741 -2046.57 -2109.9 -2158.59
  100 99.5 27.119 0.0117704 -2299.9 -2142.14 -2218.22
  101 100.5 27.1011 0.0117626 -2144.71 -2046.42 -2060.67
  102 101.5 27.1178 0.0117699 -2134.13 -2213.14 -2072.74
  103 102.5 27.0852 0.0117557 -2070.51 -2123.03 -2227.3
  104 103.5 27.1187 0.0117703 -2056.6 -2086.5 -2151.17
  105 104.5 27.1321 0.0117761 -2070.68 -2169.49 -2074.11
  106 105.5 27.0772 0.0117523 -2259.9 -2188.79 -2103.56
  107 106.5 27.1047 0.0117642 -2083.79 -2113.58 -2089.54
  108 107.5 27.0858 0.011756 -2066.53 -2189.1 -2222.22
  109 108.5 27.1209 0.0117712 -1927.58 -2084.28 -2106.88
  110 109.5 27.071 0.0117496 -2002.09 -2101.77 -2136.48
  111 110.5 27.0464 0.0117389 -1978.58 -2077.45 -2152.25
  112 111.5 27.0977 0.0117612 -1951.07 -2096.41 -2167.85
  113 112.5 27.13 0.0117752 -2035.91 -2021.78 -2066.44
  114 113.5 27.0194 0.0117272 -2124.2 -2174.16 -2149.9
  115 114.5 27.0341 0.0117335 -2072.53 -2164.39 -2102.11
  116 115.5 27.0493 0.0117401 -2018.7 -2096.72 -2139.71
  117 116.5 27.034 0.0117335 -2123.73 -2261.56 -2207.96
  118 117.5 26.9666 0.0117042 -2334.84 -2199.71 -2104.46
  119 118.5 26.9747 0.0117078 -2173.79 -2055.82 -2077.33
  120 119.5 26.9687 0.0117052 -2258.59 -2114.63 -2128.22
  121 120.5 26.9502 0.0116971 -2103.64 -2200.59 -2095.68
  122 121.5 26.939 0.0116923 -2250.64 -2312.65 -2117.39
  123 122.5 26.948 0.0116962 -2169.79 -2044.88 -2163.34
  124 123.5 26.9695 0.0117055 -2146.02 -2035.14 -2103
  125 124.5 26.8813 0.0116672 -2241.48 -2172.04 -2087.04
  126 125.5 26.9995 0.0117185 -2159.31 -2148.9 -2060.6
  127 126.5 26.9743 0.0117076 -2080 -2207.56 -2163.14
  128 127.5 26.9148 0.0116818 -1999.43 -2057 -2159.2
  129 128.5 26.9724 0.0117068 -1892.72 -2029.93 -2018.73
  130 129.5 26.9958 0.0117169 -2079.72 -2205.76 -2073.83
  131 130.5 26.9938 0.0117161 -2147 -2102.48 -2232.52
  132 131.5 26.9624 0.0117025 -2202.02 -2337.78 -2109.7
  133 132.5 27.0084 0.0117224 -2005.3 -2153.86 -2141.48
  134 133.5 27.0685 0.0117485 -2198.26 -2167.63 -2067.77
  135 134.5 27.072 0.01175 -2277.64 -2183.98 -2062.3
  136 135.5 26.9818 0.0117108 -2337.32 -2165.59 -2245.33
  137 136.5 27.0512 0.011741 -2309.07 -2258.26 -2158.78
  138 137.5 27.1408 0.0117799 -2171.47 -1995.8 -2002.86
  139 138.5 27.13 0.0117752 -2208.4 -2120.9 -2151.41
  140 139.5 27.0822 0.0117544 -2202.47 -2029.55 -2190.16
  141 140.5 27.1239 0.0117725 -2108.3 -1946.72 -2117.76
  142 141.5 27.1992 0.0118052 -2136.83 -2047.38 -2187.31
  143 142.5 27.1887 0.0118007 -2003.34 -2072.71 -2040.01
  144 143.5 27.1493 0.0117836 -2139.38 -2099.86 -2210.66
  145 144.5 27.2628 0.0118328 -2016.17 -1942.95 -2136.74
  146 145.5 27.1964 0.011804 -2149.56 -2124.43 -2169.86
  147 146.5 27.2019 0.0118064 -1933.8 -1771.62 -1906.76
  148 147.5 27.2258 0.0118168 -2252.55 -2172.43 -2307.34
  149 148.5 27.2643 0.0118334 -2136.47 -2090.37 -2247.87
  150 149.5 27.1875 0.0118001 -2060.58 -1985.8 -2062.28
  151 150.5 27.2409 0.0118233 -2257.72 -1997.69 -2058.6
  152 151.5 27.3171 0.0118564 -2171.88 -2072.31 -2033.81
  153 152.5 27.2298 0.0118185 -2150.33 -2155.24 -2139.68
  154 153.5 27.2008 0.0118059 -2222.21 -2393.4 -2305.62
  155 154.5 27.2913 0.0118452 -2096.14 -2135.2 -2012.38
  156 155.5 27.2781 0.0118394 -2075.79 -1975.12 -2114.03
  157 156.5 27.2674 0.0118348 -2116.26 -2041.18 -2052.45
  158 157.5 27.2313 0.0118191 -2094.98 -2066.87 -2228.33
  159 158.5 27.27 0.0118359 -1961.12 -2024.56 -2183.57
  160 159.5 27.3149 0.0118554 -1922.75 -2128.86 -2029.54
  161 160.5 27.3186 0.011857 -2013.3 -2058.72 -2106.67
  162 161.5 27.3419 0.0118671 -2092.89 -1977.72 -2091.58
  163 162.5 27.2947 0.0118467 -2145.08 -2144.87 -2228.68
  164 163.5 27.3128 0.0118545 -2054.97 -2070.91 -2137.72
  165 164.5 27.332 0.0118629 -1983.23 -1930.46 -2084.24
  166 165.5 27.2981 0.0118481 -2055.63 -2072.91 -2078.27
  167 166.5 27.2419 0.0118238 -2141.21 -1977.57 -2138.43
  168 167.5 27.3002 0.0118491 -2181.64 -2014.16 -2133.92
  169 168.5 27.382 0.0118846 -2069.46 -1920.62 -2079.61
  170 169.5 27.2236 0.0118158 -2064.66 -1935.31 -2072.14
  171 170.5 27.2806 0.0118405 -2162.24 -2070.63 -2139.5
  172 171.5 27.2718 0.0118367 -2058.2 -2057.87 -2286.21
  173 172.5 27.2607 0.0118319 -2052.28 -2088.97 -2083.65
  174 173.5 27.2334 0.01182 -2150.59 -2168.01 -2108.08
  175 174.5 27.3677 0.0118784 -2112.97 -2214.34 -2075.1
  176 175.5 27.2262 0.0118169 -2047.47 -2098.89 -2223.2
  177 176.5 27.2249 0.0118164 -2152.93 -2171.54 -2187.92
  178 177.5 27.304 0.0118507 -2103.92 -2092.54 -2164.2
  179 178.5 27.268 0.0118351 -2280.76 -2156.47 -2159.05
  180 179.5 27.2699 0.0118359 -2131.36 -1991.11 -2158.47
  181 180.5 27.2218 0.011815 -1861.76 -2089.04 -2122.98
  182 181.5 27.2007 0.0118059 -1994.15 -1994 -2362.5
  183 182.5 27.2229 0.0118155 -2035.02 -2225.33 -2162.26
  184 183.5 27.1953 0.0118035 -1979.28 -1984.09 -2141.94
  185 184.5 27.099 0.0117617 -1851.99 -1921.09 -2236.25
  186 185.5 27.0623 0.0117458 -1917.73 -1775.55 -2129.82
  187 186.5 26.9757 0.0117082 -2021.26 -2023.93 -2351.58
  188 187.5 26.9626 0.0117025 -2115.25 -1929.24 -2245.99
  189 188.5 26.859 0.0116575 -2152.4 -1806.54 -2123.21
  190 189.5 26.8952 0.0116733 -2160.5 -1949.41 -2175.61
  191 190.5 26.769 0.0116185 -2087.66 -2058.12 -2219.05
  192 191.5 26.6359 0.0115607 -2229.6 -2127.87 -2283.97
  193 192.5 26.643 0.0115638 -1931.53 -1850.08 -2027.37
  194 193.5 26.6001 0.0115452 -2015.17 -1931.55 -2059.38
  195 194.5 26.4016 0.011459 -1987.69 -1953.86 -2096.16
  196 195.5 26.356 0.0114392 -2079.6 -2041.04 -2169.44
  197 196.5 26.4111 0.0114632 -2110.55 -2161.81 -1955.12
  198 197.5 26.2795 0.011406 -2196.26 -2246.71 -2007.33
  199 198.5 26.2093 0.0113756 -2221.02 -2245.74 -2008.41
  200 199.5 26.2545 0.0113952 -2086.33 -2153.21 -1915.14
  201 200.5 26.3027 0.0114161 -1966.85 -2137.25 -1795.57
  202 201.5 26.2283 0.0113838 -2109.32 -2185.1 -1899.01
  203 202.5 26.2556 0.0113957 -2061.46 -2190.87 -1852.82
  204 203.5 26.3771 0.0114484 -2089.54 -2292.62 -1774.54
  205 204.5 26.4429 0.0114769 -1995.68 -2058.55 -1773.25
  206 205.5 26.5349 0.0115169 -1945.56 -2200.43 -1789.42
  207 206.5 26.6385 0.0115618 -2083.13 -1927 -1827.35
  208 207.5 26.8699 0.0116623 -1936.84 -1860.38 -1718.74
  209 208.5 26.9971 0.0117175 -1904.43 -1922.49 -1815.11
  210 209.5 27.1949 0.0118033 -1744.94 -1794.58 -1879.36
  211 210.5 27.3961 0.0118907 -1855.63 -1757.01 -1929.6
  212 211.5 27.7023 0.0120236 -1680.9 -1752.55 -1977
  213 212.5 27.9352 0.0121246 -1691.5 -1743.1 -1956.01
  214 213.5 28.1212 0.0122054 -1372.57 -1489.74 -1980.28
  215 214.5 28.2897 0.0122785 -1369.47 -1349.63 -2099.69
  216 215.5 28.5725 0.0124013 -1635.43 -1545.41 -2235.52
  217 216.5 28.7344 0.0124715 -1478.76 -1435.8 -2017.44
  218 217.5 28.8803 0.0125349 -1567.74 -1669.7 -2272.02
  219 218.5 29.0862 0.0126242 -1585.19 -1498.18 -2245.23
  220 219.5 29.2456 0.0126934 -1632.66 -1467.53 -2156.68
  221 220.5 29.3692 0.012747 -1556.45 -1439.15 -2223.8
  222 221.5 29.4402 0.0127779 -1634.8 -1629.79 -2284.39
  223 222.5 29.5633 0.0128313 -1633.28 -1548.65 -2154.31
  224 223.5 29.6778 0.012881 -1649.71 -1652.01 -2130.34
  225 224.5 29.7298 0.0129036 -1520.48 -1592.96 -2236.46
  226 225.5 29.7878 0.0129287 -1464.43 -1694.95 -2097.88
  227 226.5 29.779 0.0129249 -1657.77 -1492.8 -2066.48
  228 227.5 29.8463 0.0129541 -1555.31 -1590.57 -2206.3
  229 228.5 29.9184 0.0129854 -1640.53 -1562.09 -2053.73
  230 229.5 29.8867 0.0129717 -1853.39 -1714.61 -2071.3
  231 230.5 29.9249 0.0129882 -1831.69 -1761.26 -1979.86
  232 231.5 30.0079 0.0130243 -1947.8 -1822.68 -2026.7
  233 232.5 29.9147 0.0129838 -2057.79 -1912.44 -2162.76
  234 233.5 29.9624 0.0130045 -2063.98 -1822.9 -2029.29
  235 234.5 29.9682 0.013007 -1943.16 -1935.35 -1977.84
  236 235.5 29.9837 0.0130138 -1852.77 -2003.98 -1957.76
  237 236.5 29.9852 0.0130144 -1945.63 -2045.69 -1975.63
  238 237.5 29.8882 0.0129723 -1857.47 -1921.35 -2040.97
  239 238.5 29.946 0.0129974 -1895.47 -1934.84 -1812.52
  240 239.5 29.9699 0.0130078 -2007.09 -2013.85 -2042.86
  241 240.5 29.856 0.0129584 -1967.76 -2072.4 -1966.83
  242 241.5 29.8387 0.0129508 -1617.09 -2003.33 -1920.18
  243 242.5 29.8905 0.0129733 -1991.88 -1855.66 -1992.24
  244 243.5 29.8776 0.0129677 -1860.95 -1827.53 -1944.86
  245 244.5 29.8552 0.012958 -1812.9 -1822.72 -1856.44
  246 245.5 29.8514 0.0129563 -1937.52 -1997.64 -1965.29
  247 246.5 29.8521 0.0129566 -1987.51 -1993.01 -1895.55
  248 247.5 29.853 0.012957 -1921.94 -2081.94 -1966.77
  249 248.5 29.7896 0.0129295 -2047.09 -1955.21 -2009.19
  250 249.5 29.8384 0.0129507 -1785.65 -1990.86 -1885.49
  251 250.5 29.805 0.0129362 -1813.71 -1868.96 -1824.82
  252 251.5 29.7527 0.0129135 -1850.87 -1832.22 -1970.04
  253 252.5 29.7819 0.0129262 -1812.64 -1800.22 -1979.95
  254 253.5 29.7887 0.0129291 -2091.98 -2042.61 -1924.04
  255 254.5 29.7218 0.0129001 -1998.1 -2158.25 -1910.48
  256 255.5 29.759 0.0129162 -2089.96 -2035.45 -1868.85
  257 256.5 29.7469 0.012911 -1945.56 -2102.37 -2019.39
  258 257.5 29.7048 0.0128927 -2086.1 -2156.7 -1835.52
  259 258.5 29.7085 0.0128943 -2103.12 -2158.85 -1935.39
  260 259.5 29.7184 0.0128986 -2160.27 -2199.37 -1973.83
  261 260.5 29.6887 0.0128857 -1969.4 -1975.96 -1873.17
  262 261.5 29.6865 0.0128848 -1973.68 -1876.41 -1841.26
  263 262.5 29.711 0.0128954 -2074.83 -1993.86 -1907.51
  264 263.5 29.7044 0.0128925 -1924.73 -1967.39 -1836.91
  265 264.5 29.7112 0.0128955 -1920.37 -1854.49 -1888.37
  266 265.5 29.7159 0.0128975 -2072.17 -2153.99 -2054.4
  267 266.5 29.781 0.0129258 -2014.69 -1959.34 -1894.04
  268 267.5 29.7424 0.012909 -2221.01 -2140.17 -1968.06
  269 268.5 29.7541 0.0129141 -1892.98 -1946.22 -1922.61
  270 269.5 29.7912 0.0129302 -2068.62 -1963.44 -1916.41
  271 270.5 29.8347 0.0129491 -1762.86 -1767.61 -1804.97
  272 271.5 29.7808 0.0129257 -1837.15 -1819.45 -1983.04
  273 272.5 29.8324 0.0129481 -1682.32 -1880.7 -1986.85
  274 273.5 29.8443 0.0129532 -1750.34 -1834.01 -2062.35
  275 274.5 29.8244 0.0129446 -1681.61 -1787.8 -1879.87
  276 275.5 29.9269 0.0129891 -1877.63 -1955.44 -1886.36
  277 276.5 29.89 0.0129731 -1734.64 -1839.77 -1963.62
  278 277.5 29.8596 0.0129599 -1818.42 -1935.02 -1996.26
  279 278.5 29.9163 0.0129845 -1904.21 -1848.33 -2005.85
  280 279.5 29.918 0.0129853 -1835.51 -1763.98 -1875.06
  281 280.5 29.8917 0.0129738 -1719.29 -1783.55 -1983.81
  282 281.5 29.9524 0.0130002 -2021.72 -1979.77 -1892.34
  283 282.5 29.944 0.0129965 -2020.58 -1881.18 -1986.81
  284 283.5 29.8863 0.0129715 -1953.44 -2030.08 -1922.44
  285 284.5 29.9298 0.0129904 -1878.75 -1994.22 -2037
  286 285.5 29.9674 0.0130067 -1849.66 -1949.88 -1931.31
  287 286.5 29.8851 0.012971 -1956.71 -1948.06 -1996.23
  288 287.5 29.9156 0.0129842 -1872.5 -1945.32 -1912.01
  289 288.5 29.9554 0.0130015 -1805 -1719.17 -1923.99
  290 289.5 29.8577 0.0129591 -1878.02 -1626.94 -1917.48
  291 290.5 29.9302 0.0129905 -1959.91 -1876.18 -1831.41
  292 291.5 29.8744 0.0129663 -1972.04 -2034.42 -2107.49
  293 292.5 29.799 0.0129336 -1793.59 -1993.93 -2011.77
  294 293.5 29.8855 0.0129711 -1783.62 -2001.71 -1915.23
  295 294.5 29.8542 0.0129576 -1937.94 -1822.71 -1912.76
  296 295.5 29.8218 0.0129435 -1862.36 -1891.69 -1835.93
  297 296.5 29.7886 0.0129291 -1761.28 -1847.34 -2017.33
  298 297.5 29.7935 0.0129312 -1768.28 -1765.03 -2027.51
  299 298.5 29.7797 0.0129252 -1782.56 -1945.42 -1855.14
  300 299.5 29.7661 0.0129193 -1800.84 -1908.14 -1864.74
  301 300.5 29.7405 0.0129082 -1919.29 -2091.1 -2033.21
  302 301.5 29.7197 0.0128992 -2029.22 -1934.08 -1886.41
  303 302.5 29.6972 0.0128894 -1984.66 -1997.66 -1808.77
  304 303.5 29.7302 0.0129037 -1953.47 -2128.69 -2114.16
  305 304.5 29.6748 0.0128797 -2026.95 -1937.65 -1853.04
  306 305.5 29.6256 0.0128583 -2092.49 -1859.86 -1931.54
  307 306.5 29.6725 0.0128787 -2004.74 -1844.06 -1873.5
  308 307.5 29.6774 0.0128808 -2178.03 -1766.11 -2024.7
  309 308.5 29.6166 0.0128544 -1991.82 -1891.9 -1878.34
  310 309.5 29.6468 0.0128675 -1942.71 -1872.96 -1839
  311 310.5 29.6567 0.0128718 -1989.63 -2003.05 -2022.03
  312 311.5 29.6355 0.0128626 -1873.04 -1996.85 -1976.14
  313 312.5 29.6096 0.0128514 -1872.99 -1931.36 -1842.78
  314 313.5 29.648 0.0128681 -1970.98 -1971.05 -1909.35
  315 314.5 29.6287 0.0128597 -1912.35 -1953.54 -1891.31
  316 315.5 29.5453 0.0128235 -2018.4 -2058.32 -2026.71
  317 316.5 29.6523 0.0128699 -2020.11 -2108.21 -1978.39
  318 317.5 29.6503 0.0128691 -1875.56 -1949.72 -1822.33
  319 318.5 29.5454 0.0128235 -2107.99 -2012.57 -1920.98
  320 319.5 29.5613 0.0128304 -1902.64 -1994.59 -1981.81
  321 320.5 29.6542 0.0128707 -2015.62 -2039.27 -1925.9
  322 321.5 29.5951 0.0128451 -1854.85 -2071.23 -1894.26
  323 322.5 29.5653 0.0128321 -1964.62 -2161.54 -2059.76
  324 323.5 29.6292 0.0128599 -1939.52 -1908.36 -1874.28
  325 324.5 29.6452 0.0128669 -1813.31 -1904.13 -1952.42
  326 325.5 29.6323 0.0128612 -1908.38 -1909.8 -1979.33
  327 326.5 29.5644 0.0128318 -1887.01 -1833.28 -1815.33
  328 327.5 29.681 0.0128824 -1995.19 -1947.84 -2068.56
  329 328.5 29.6209 0.0128563 -1822.08 -1852.16 -1875.53
  330 329.5 29.6367 0.0128631 -1882.51 -1949.63 -1866.13
  331 330.5 29.6175 0.0128548 -2136.09 -1943.12 -2030.1
  332 331.5 29.6494 0.0128687 -2063.11 -1959.69 -2026.85
  333 332.5 29.615 0.0128537 -1900.79 -1967.17 -1892.59
  334 333.5 29.6627 0.0128745 -2012.17 -1835.61 -1818.99
  335 334.5 29.6473 0.0128677 -2024.31 -2073.21 -2068.77
  336 335.5 29.636 0.0128628 -2034.31 -1969.6 -1916.08
  337 336.5 29.5948 0.0128449 -2088.43 -2047.43 -1951.42
  338 337.5 29.6772 0.0128807 -2172.46 -2043.9 -1984.63
  339 338.5 29.6845 0.0128839 -2019.89 -1900.71 -1858.68
  340 339.5 29.5865 0.0128414 -1964.69 -1994.14 -2048.68
  341 340.5 29.6564 0.0128717 -1938.63 -1886.66 -1894.49
  342 341.5 29.654 0.0128706 -2066.75 -1974.92 -1976.06
  343 342.5 29.6811 0.0128824 -1907.19 -1939.66 -2015.29
  344 343.5 29.6798 0.0128819 -1833.63 -1968.14 -1858.02
  345 344.5 29.6692 0.0128772 -1940.8 -2014.07 -1901.45
  346 345.5 29.6605 0.0128735 -1891.88 -1974.1 -2023.68
  347 346.5 29.6698 0.0128775 -1972.52 -1907.59 -1970.04
  348 347.5 29.6403 0.0128647 -1944.01 -2030.44 -1879.2
  349 348.5 29.7011 0.0128911 -2070.81 -1941.69 -1961.3
  350 349.5 29.6817 0.0128827 -1954.66 -1910.88 -1947.17
  351 350.5 29.6358 0.0128628 -1995.84 -1939.03 -1943.88
  352 351.5 29.6612 0.0128738 -1827.62 -1940.07 -1844.32
  353 352.5 29.7035 0.0128921 -2019.01 -1866.92 -1977.43
  354 353.5 29.6429 0.0128658 -2198.94 -2007.27 -1993.17
  355 354.5 29.6404 0.0128647 -1988.48 -2000.03 -2003.51
  356 355.5 29.7136 0.0128965 -2108.54 -1884.22 -1908.08
  357 356.5 29.7229 0.0129006 -1897.2 -1789.94 -1856.36
  358 357.5 29.6651 0.0128755 -2007.85 -1821.95 -1834.55
  359 358.5 29.7461 0.0129106 -1810.68 -1844.03 -1960.67
  360 359.5 29.6998 0.0128905 -1920.29 -1960.32 -2092.49
  361 360.5 29.735 0.0129058 -1707.7 -1896.99 -1880.11
  362 361.5 29.7479 0.0129114 -1985.32 -1935.62 -1898.79
  363 362.5 29.7696 0.0129208 -1982.89 -1980.22 -1945.97
  364 363.5 29.755 0.0129145 -2037.18 -1862.6 -1926.81
  365 364.5 29.7722 0.012922 -1792.5 -1768.04 -1922.18
  366 365.5 29.7888 0.0129292 -2086.42 -2026.73 -1997.69
  367 366.5 29.8323 0.012948 -2086.06 -1952.12 -1970.35
  368 367.5 29.7932 0.0129311 -1948.12 -1946.53 -1869.62
  369 368.5 29.7721 0.0129219 -2045.02 -2167.66 -2062.17
  370 369.5 29.8312 0.0129476 -1862.67 -1865.26 -1820.4
  371 370.5 29.8208 0.012943 -1802.95 -1951.17 -1984.64
  372 371.5 29.7474 0.0129112 -1851.59 -1852.97 -1974.19
  373 372.5 29.7936 0.0129312 -1934.13 -1920.94 -1935.1
  374 373.5 29.8548 0.0129578 -1945.44 -1922.36 -1924.28
  375 374.5 29.796 0.0129323 -1834.57 -1771.04 -1962.27
  376 375.5 29.8097 0.0129382 -1895.24 -1862.13 -1941.17
  377 376.5 29.8556 0.0129581 -1875.97 -1952.13 -1892.46
  378 377.5 29.8758 0.0129669 -1992.15 -1909.14 -2014.94
  379 378.5 29.7737 0.0129226 -2001.32 -2068.25 -1865.35
  380 379.5 29.8275 0.012946 -1973.67 -1805.29 -2042.61
  381 380.5 29.8656 0.0129625 -1872.72 -1950.82 -1993.7
  382 381.5 29.8152 0.0129406 -1905.7 -1714.68 -1941.78
  383 382.5 29.8175 0.0129416 -1736.7 -1820.16 -1967.27
  384 383.5 29.786 0.0129279 -1831.79 -1754.61 -1980.45
  385 384.5 29.8641 0.0129618 -1871.41 -1937.97 -2010.61
  386 385.5 29.8256 0.0129451 -1781.07 -1845.34 -1920.47
  387 386.5 29.7072 0.0128938 -1960.25 -1820.34 -2139.88
  388 387.5 29.7582 0.0129159 -1725.74 -1731.25 -2019.01
  389 388.5 29.7959 0.0129322 -1881.03 -1780.76 -2040.01
  390 389.5 29.7263 0.012902 -1692.99 -1813.92 -1977.71
  391 390.5 29.658 0.0128724 -1676.39 -1599.09 -2024.81
  392 391.5 29.6696 0.0128774 -1645.49 -1679.4 -2209.78
  393 392.5 29.7152 0.0128972 -1464.07 -1566.73 -2068.04
  394 393.5 29.5236 0.012814 -1620.91 -1695.22 -2113.1
  395 394.5 29.51 0.0128081 -1442.93 -1817.41 -2107
  396 395.5 29.5167 0.0128111 -1634.84 -1644.76 -2227.33
  397 396.5 29.3887 0.0127555 -1485.27 -1624.92 -2027.44
  398 397.5 29.2724 0.012705 -1634.44 -1749.62 -2364.07
  399 398.5 29.246 0.0126936 -1516.98 -1702.36 -2175.68
  400 399.5 29.0508 0.0126088 -1636.92 -1507.49 -2236.07
  401 400.5 28.9934 0.012584 -1650.72 -1727.6 -2255.89
  402 401.5 28.8319 0.0125138 -1485.9 -1553.25 -2261.66
  403 402.5 28.6401 0.0124306 -1451.3 -1668.76 -2289.6
  404 403.5 28.474 0.0123585 -1542.25 -1527.17 -2323.37
  405 404.5 28.2082 0.0122431 -1560.56 -1415.01 -2382.25
  406 405.5 28.0909 0.0121922 -1522.87 -1340.34 -2330.18
  407 406.5 27.779 0.0120569 -1318.97 -1338.99 -2199.16
  408 407.5 27.4957 0.0119339 -1440.79 -1319.59 -2434.27
  409 408.5 27.1786 0.0117963 -1470.89 -1298.13 -2382.49
  410 409.5 26.9704 0.0117059 -1460.57 -1492 -2371.73
  411 410.5 26.5662 0.0115305 -1396.75 -1428.69 -2322.56
  412 411.5 26.1618 0.0113549 -1426.35 -1349.77 -2574.03
  413 412.5 25.8368 0.0112139 -1384.91 -1195 -2461.71
  414 413.5 25.3426 0.0109994 -1387.21 -1207.59 -2548.57
  415 414.5 24.9078 0.0108107 -1431.89 -1185.15 -2643.96
  416 415.5 24.3776 0.0105806 -1224.52 -1304.67 -2596.25
  417 416.5 23.8001 0.0103299 -1132.25 -1277.77 -2619.67
  418 417.5 23.1458 0.0100459 -1132.74 -1391.71 -2841.86
  419 418.5 22.4707 0.00975289 -1262.47 -1285.28 -2711.75
  420 419.5 21.7444 0.00943769 -1447.01 -1508.46 -2740.26
  421 420.5 20.9404 0.00908871 -1376.16 -1328.27 -2674.32
  422 421.5 20.0642 0.00870844 -1675.74 -1407.94 -2834.77
  423 422.5 19.0604 0.00827275 -1700.5 -1671.49 -2927.37
  424 423.5 18.1519 0.00787842 -1880.9 -1859.86 -2777.77
  425 424.5 17.1566 0.00744643 -2078.66 -1994.71 -2907.5
  426 425.5 16.0625 0.00697158 -2358.81 -2533.23 -3038.74
  427 426.5 15.0225 0.00652019 -2649.8 -2707.72 -3285.77
  428 427.5 14.0147 0.00608276 -3003.72 -3165.06 -3238.95
  429 428.5 13.0494 0.00566378 -3597.16 -3664.68 -3287.89
  430 429.5 12.0365 0.00522416 -4182.62 -4020.31 -3739.07
  431 430.5 11.1053 0.00481999 -4540.33 -4525.25 -4027.07
  432 431.5 10.2713 0.00445802 -5189.05 -5231.35 -4321.64
  433 432.5 9.4707 0.00411055 -6162.62 -5971.98 -4791.62
  434 433.5 8.71171 0.00378113 -6812.54 -6581.11 -5236.75
  435 434.5 8.04877 0.00349339 -7366.11 -7252.13 -5741.63
  436 435.5 7.45494 0.00323565 -8119.2 -8122.83 -6464.91
  437 436.5 6.88565 0.00298856 -8934.43 -8941.11 -7201.09
  438 437.5 6.4644 0.00280573 -9446.91 -9281.63 -7641.93
  439 438.5 6.0348 0.00261927 -10020.7 -9977.09 -8490.86
  440 439.5 5.71496 0.00248045 -10589.5 -10473 -9034.86
  441 440.5 5.41757 0.00235138 -11293.5 -10938.1 -9753.86
  442 441.5 5.19118 0.00225311 -11626 -11869.2 -10409.5
  443 442.5 5.0341 0.00218494 -11960.7 -12029.4 -10785.1
  444 443.5 4.87202 0.00211459 -12574.1 -12289.3 -11078.9
  445 444.5 4.70774 0.00204329 -12883.2 -12521.2 -11671.4
  446 445.5 4.59397 0.00199391 -13047.5 -13010.7 -12205.6
  447 446.5 4.47694 0.00194311 -13326.7 -13079.8 -12559.8
  448 447.5 4.38605 0.00190367 -13230.5 -13266.3 -12822
  449 448.5 4.32509 0.00187721 -13496.6 -13442.1 -13150.5
  450 449.5 4.29744 0.00186521 -13807.8 -13493.9 -13262.5
  451 450.5 4.26422 0.00185079 -14023.9 -13639.7 -13440.4
  452 451.5 4.24466 0.0018423 -13900.8 -13661.6 -13414.7
  453 452.5 4.21998 0.00183159 -13734.8 -13650 -13598.2
  454 453.5 4.21265 0.00182841 -13853.7 -13815.6 -13660.7
  455 454.5 4.19371 0.00182019 -13801.9 -13887.1 -13639.3
  456 455.5 4.15978 0.00180546 -13968.3 -13716 -13961.9
  457 456.5 4.1631 0.0018069 -14052.2 -13553.1 -13779
  458 457.5 4.17005 0.00180992 -14355.7 -13850.8 -13916.3
  459 458.5 4.11843 0.00178751 -14316.6 -13867.7 -14014.8
  460 459.5 4.1719 0.00181072 -14113.7 -13847 -13768.6
  461 460.5 4.15058 0.00180147 -14165.2 -14004.4 -14018.1
  462 461.5 4.14214 0.0017978 -14205.7 -13977.9 -13932.1
  463 462.5 4.13089 0.00179292 -14273.4 -13909.9 -14041.5
  464 463.5 4.12905 0.00179212 -14035.2 -13758.8 -14115.7
  465 464.5 4.17177 0.00181066 -13964.6 -14001 -13871.3
  466 465.5 4.1939 0.00182027 -13877.9 -14021.6 -13761.6
  467 466.5 4.1639 0.00180725 -13959.1 -14036.8 -13905.3
  468 467.5 4.1415 0.00179753 -14035.6 -14008.9 -14070.5
  469 468.5 4.14783 0.00180027 -13940.8 -13934.5 -13913.2
  470 469.5 4.12206 0.00178909 -13836 -13923 -14056.4
  471 470.5 4.12616 0.00179087 -14173.7 -14152.3 -14046.7
  472 471.5 4.09799 0.00177864 -13990.1 -14240.4 -14149.6
  473 472.5 4.13094 0.00179294 -14086.5 -13972 -13966.8
  474 473.5 4.13534 0.00179485 -14171.6 -14047.6 -14056
  475 474.5 4.1235 0.00178972 -14263.1 -14370.6 -14033
  476 475.5 4.14708 0.00179995 -14007.2 -14131.5 -13948.6
  477 476.5 4.14583 0.00179941 -13798.1 -14246.7 -14000.9
  478 477.5 4.15141 0.00180183 -14021 -14093.8 -13908.3
  479 478.5 4.15816 0.00180476 -14102.1 -14252 -13841.9
  480 479.5 4.16919 0.00180955 -13937.3 -14215.3 -13963.6
  481 480.5 4.15454 0.00180319 -13999 -14080.6 -14088.9
  482 481.5 4.14881 0.0018007 -13906 -14177.1 -13858.9
  483 482.5 4.15546 0.00180359 -14005.1 -14203.7 -13971.9
  484 483.5 4.1553 0.00180351 -13925.4 -14194.2 -13985.5
  485 484.5 4.1265 0.00179102 -14178 -14170.6 -13989.2
  486 485.5 4.13484 0.00179464 -14204.6 -14356.9 -14063.7
  487 486.5 4.12276 0.00178939 -13925.6 -14339.5 -14138.4
  488 487.5 4.13052 0.00179276 -13946.4 -14205.1 -13909.1
  489 488.5 4.12668 0.00179109 -13799.6 -14286.2 -14041.7
  490 489.5 4.15888 0.00180507 -13777 -14074 -13820.8
  491 490.5 4.16614 0.00180822 -14037.2 -13891.7 -13926.1
  492 491.5 4.16542 0.00180791 -13967.9 -13967.2 -14051.3
  493 492.5 4.15474 0.00180327 -13874.8 -13819.9 -13939.8
  494 493.5 4.16581 0.00180808 -13962 -13966.6 -13834.7
  495 494.5 4.16917 0.00180953 -13927.7 -14285 -13926.5
  496 495.5 4.21696 0.00183028 -13895.4 -14182.9 -13802.4
  497 496.5 4.20526 0.0018252 -13892.1 -14122.3 -13705.9
  498 497.5 4.19286 0.00181982 -14230.1 -14070.4 -13844.1
  499 498.5 4.1882 0.0018178 -14109.4 -14139.4 -13898.9
  500 499.5 4.20921 0.00182691 -14119.1 -14056.3 -13723.5
  501 500.5 4.23051 0.00183616 -13967.8 -14001 -13698.2
  502 501.5 4.25905 0.00184855 -13707.9 -13799 -13536.8
  503 502.5 4.24322 0.00184167 -13663 -13974.1 -13705
  504 503.5 4.24668 0.00184318 -13800.4 -13947.1 -13605.9
  505 504.5 4.26301 0.00185026 -13708.2 -14120.8 -13643.8
  506 505.5 4.25218 0.00184557 -13817.2 -14206.7 -13644.3
  507 506.5 4.25746 0.00184786 -13746.6 -13909.2 -13650.2
  508 507.5 4.267 0.001852 -13638.7 -13741.2 -13594
  509 508.5 4.24862 0.00184402 -13894.5 -13808.8 -13692.8
  510 509.5 4.26029 0.00184908 -13642.8 -13463.9 -13485.5
  511 510.5 4.23494 0.00183808 -13863.1 -13792.2 -13773.8
  512 511.5 4.25107 0.00184508 -13826.4 -13956.5 -13686.6
  513 512.5 4.2444 0.00184219 -13949.7 -13898.3 -13732.5
  514 513.5 4.22342 0.00183308 -13706.7 -14002.7 -13661.2
  515 514.5 4.21469 0.00182929 -13635.8 -13989.5 -13750.5
  516 515.5 4.22308 0.00183293 -13902.4 -14025 -13768.2
  517 516.5 4.22099 0.00183203 -13614.3 -13821.8 -13641.3
  518 517.5 4.21243 0.00182831 -13815.5 -13817.5 -13785.5
  519 518.5 4.20398 0.00182464 -13642.3 -13648.3 -13805.3
  520 519.5 4.21314 0.00182862 -13897.2 -13823.4 -13698.1
  521 520.5 4.1981 0.00182209 -14064.9 -13666.6 -13738.5
  522 521.5 4.20282 0.00182414 -13935.8 -13694 -13764.8
  523 522.5 4.20606 0.00182555 -14112.2 -13845 -13901.8
  524 523.5 4.20878 0.00182673 -13849.1 -13610.7 -13687
  525 524.5 4.19475 0.00182064 -13528.7 -13665.8 -13831.4
  526 525.5 4.21238 0.00182829 -13542.3 -13646.8 -13745.9
  527 526.5 4.24008 0.00184031 -13571.5 -13531.5 -13603.5
  528 527.5 4.24248 0.00184135 -13558.6 -13508.8 -13711.9
  529 528.5 4.25699 0.00184765 -13574.1 -13410.7 -13633.4
  530 529.5 4.2869 0.00186063 -13787.1 -13425.4 -13544.3
  531 530.5 4.30882 0.00187015 -13657.3 -13560 -13445.9
  532 531.5 4.30215 0.00186725 -13519.6 -13517.7 -13509.8
  533 532.5 4.29431 0.00186385 -13591.3 -13542.7 -13525.7
  534 533.5 4.31299 0.00187196 -13649.7 -13447.1 -13395.7
  535 534.5 4.28924 0.00186165 -13738.2 -13678.5 -13633.5
  536 535.5 4.28626 0.00186035 -13673.8 -13438.1 -13636
  537 536.5 4.31658 0.00187352 -13409.3 -13496 -13294.7
  538 537.5 4.29081 0.00186233 -13810.4 -13694.9 -13530.7
  539 538.5 4.29483 0.00186408 -13692.6 -13694.1 -13564.2
  540 539.5 4.27637 0.00185606 -13551.8 -13541.6 -13635.5
  541 540.5 4.28285 0.00185888 -13406.3 -13330.9 -13504
  542 541.5 4.2833 0.00185907 -13469.1 -13610.5 -13533
  543 542.5 4.27226 0.00185428 -13730.9 -13422.9 -13505.3
  544 543.5 4.29712 0.00186507 -13829.3 -13505.3 -13481.8
  545 544.5 4.24202 0.00184116 -13532.8 -13541.1 -13681.5
  546 545.5 4.18099 0.00181467 -13770.2 -13662.5 -13902.4
  547 546.5 4.21559 0.00182968 -14040.7 -13647.5 -13867.6
  548 547.5 4.22027 0.00183172 -14031.7 -13599.1 -13602.5
  549 548.5 4.19195 0.00181942 -14109 -13582.1 -13788.5
  550 549.5 4.16872 0.00180934 -13845.7 -13778.9 -13989.5
  551 550.5 4.17701 0.00181294 -13767.5 -13802.9 -13927.6
  552 551.5 4.18714 0.00181733 -13645.1 -13879.5 -13667
  553 552.5 4.18847 0.00181791 -13548.5 -13870.9 -13831.2
  554 553.5 4.19569 0.00182105 -13677.9 -13969.4 -13870.1
  555 554.5 4.18884 0.00181807 -13888.7 -13747.2 -13865.1
  556 555.5 4.18538 0.00181657 -13915 -13704.9 -13758.6
  557 556.5 4.15034 0.00180136 -13885.4 -13896.7 -14071.2
  558 557.5 4.16047 0.00180576 -13884 -13606.9 -14007.7
  559 558.5 4.15656 0.00180406 -13826.4 -13823.4 -13965.3
  560 559.5 4.17318 0.00181128 -13818.1 -13667.8 -13806.4
  561 560.5 4.19264 0.00181972 -14011.7 -13801 -13844
  562 561.5 4.16412 0.00180734 -14169.4 -13946.2 -13916.8
  563 562.5 4.14272 0.00179806 -14150.9 -14020.9 -14044.3
  564 563.5 4.12046 0.0017884 -14183.5 -14081.1 -13986.9
  565 564.5 4.13561 0.00179497 -14188.1 -14137 -13995.3
  566 565.5 4.11016 0.00178392 -14157.4 -14208.7 -14132.9
  567 566.5 4.10967 0.00178371 -14046.8 -14127.3 -14103.1
  568 567.5 4.11651 0.00178668 -13867.1 -13851.1 -14055.6
  569 568.5 4.10549 0.0017819 -13952.6 -14107.1 -14101.1
  570 569.5 4.1015 0.00178017 -14061.5 -14124.7 -14091.9
  571 570.5 4.10425 0.00178136 -14150.7 -14244.1 -14088.7
  572 571.5 4.1211 0.00178867 -13907 -14047.2 -13979
  573 572.5 4.10944 0.00178361 -13793.1 -13911.1 -14134.5
  574 573.5 4.11983 0.00178812 -13687.9 -13864.5 -14086.5
  575 574.5 4.10345 0.00178101 -13737.9 -13943.4 -14201.2
  576 575.5 4.12213 0.00178912 -13823.6 -14009.3 -13942.2
  577 576.5 4.14608 0.00179951 -13703.2 -13969.7 -13925.8
  578 577.5 4.13426 0.00179439 -13786.8 -14008.4 -13970.2
  579 578.5 4.14876 0.00180068 -13997.6 -14084 -13969.1
  580 579.5 4.14795 0.00180033 -13774.6 -14094.8 -13750.4
  581 580.5 4.15153 0.00180188 -13592.4 -13855.5 -13953.4
  582 581.5 4.18891 0.0018181 -13623.1 -13945 -13773
  583 582.5 4.22967 0.0018358 -13549.6 -13672.4 -13507.6
  584 583.5 4.24813 0.00184381 -13898.5 -13439.2 -13408.7
  585 584.5 4.28685 0.00186061 -13684 -13634.3 -13311.9
  586 585.5 4.32954 0.00187914 -13627.9 -13507.3 -13255.5
  587 586.5 4.37164 0.00189741 -13300 -13373.6 -12950
  588 587.5 4.4625 0.00193685 -13197.2 -13325.1 -12657.3
  589 588.5 4.55238 0.00197586 -12970.5 -13020.2 -12214.5
  590 589.5 4.64421 0.00201572 -12967.2 -12726.9 -11992.9
  591 590.5 4.77145 0.00207094 -12610.4 -12708.4 -11526.8
  592 591.5 4.90562 0.00212918 -12347.2 -12355.3 -11225.8
  593 592.5 5.06005 0.0021962 -11831.7 -11950.8 -10632.5
  594 593.5 5.28294 0.00229294 -11374 -11371.8 -10037.3
  595 594.5 5.50814 0.00239068 -10981.7 -10963.3 -9402.99
  596 595.5 5.77367 0.00250593 -10248.7 -10540.6 -8929.38
  597 596.5 6.1173 0.00265508 -9887.25 -9863.88 -8479.86
  598 597.5 6.53744 0.00283743 -9296.78 -9240.64 -7520.32
  599 598.5 7.0571 0.00306298 -8428.83 -8424.79 -6746.58
  600 599.5 7.59027 0.00329439 -7841.78 -7780.84 -6206.58
  601 600.5 8.21954 0.00356751 -7172.66 -7265.2 -5606.87
  602 601.5 8.96285 0.00389012 -6415.48 -6467.16 -4990.85
  603 602.5 9.75864 0.00423552 -5656.37 -5505.79 -4503.86
  604 603.5 10.5558 0.00458149 -5031.99 -4951.78 -4181.98
  605 604.5 11.4942 0.00498878 -4335.63 -4265.41 -3810.45
  606 605.5 12.5291 0.00543798 -3830.07 -3857.34 -3672.53
  607 606.5 13.5698 0.00588969 -3435.51 -3345.55 -3165.25
  608 607.5 14.5852 0.00633039 -3084.91 -2872.32 -3140.48
  609 608.5 15.6719 0.00680205 -2519.84 -2513.34 -3148.97
  610 609.5 16.733 0.0072626 -2194.56 -2087.2 -2986
  611 610.5 17.7718 0.00771344 -1817.18 -1759.63 -2881.36
  612 611.5 18.7389 0.0081332 -1525.65 -1546.56 -3047.29
  613 612.5 19.6606 0.00853326 -1278.7 -1412.11 -3038.98
  614 613.5 20.6333 0.00895541 -1313.37 -1256.56 -2859.42
  615 614.5 21.3875 0.00928276 -1229.93 -1262.52 -3000.17
  616 615.5 22.164 0.00961981 -1171.35 -1092 -2824.67
  617 616.5 22.7993 0.00989552 -1063.18 -1227.14 -3123.38
  618 617.5 23.4018 0.010157 -1056.86 -1082.03 -2868.34
  619 618.5 23.883 0.0103659 -1423.77 -1241.89 -3048
  620 619.5 24.3863 0.0105843 -1401.03 -1370.58 -2801.51
  621 620.5 24.8082 0.0107674 -1553.05 -1433.71 -2824.63
  622 621.5 25.0983 0.0108934 -1463.3 -1532.42 -2844.67
  623 622.5 25.3705 0.0110115 -1694.96 -1568.45 -2728.51
  624 623.5 25.6387 0.0111279 -1648.78 -1614.58 -2660.37
145000000 624 13244.999999999985
  1 0.5 25.8329 0.0112122 -1754.04 -1626.23 -2674.88
  2 1.5 26.0708 0.0113154 -1746.7 -1662.55 -2644.99
  3 2.5 26.2999 0.0114149 -1665.37 -1678.02 -2402.39
  4 3.5 26.4629 0.0114856 -1663.88 -1754.34 -2503.06
  5 4.5 26.5158 0.0115086 -1899.99 -1858.7 -2523.94
  6 5.5 26.7098 0.0115928 -1840.73 -1934.98 -2424.42
  7 6.5 26.789 0.0116272 -1844.82 -1783.71 -2365.63
  8 7.5 26.8582 0.0116572 -1872.36 -1856.45 -2323.98
  9 8.5 26.9759 0.0117083 -1963.67 -2052.12 -2302.26
  10 9.5 27.0247 0.0117295 -2019.3 -1992.91 -2322.57
  11 10.5 27.0914 0.0117584 -2106.29 -1993.89 -2302.74
  12 11.5 27.1328 0.0117764 -1963.98 -1985.97 -2116.89
  13 12.5 27.1551 0.0117861 -2031.5 -2083.94 -2341.79
  14 13.5 27.1563 0.0117866 -2020.64 -2198.82 -2091.61
  15 14.5 27.2057 0.011808 -2090.62 -2019.15 -2167.56
  16 15.5 27.2386 0.0118223 -2074.95 -2142.52 -2272.81
  17 16.5 27.2156 0.0118123 -1999.12 -2033.43 -2212.92
  18 17.5 27.2584 0.0118309 -1910.43 -1884.58 -2018.79
  19 18.5 27.2633 0.011833 -1950.79 -2118.4 -2150.85
  20 19.5 27.2736 0.0118375 -1993.38 -1955.07 -2095.72
  21 20.5 27.2676 0.0118349 -1952.46 -2012.13 -2158.12
  22 21.5 27.2571 0.0118303 -2211.79 -2115.08 -2138.07
  23 22.5 27.33 0.011862 -2047.16 -1931.66 -2006.76
  24 23.5 27.2927 0.0118458 -1951.57 -2121.39 -2119.46
  25 24.5 27.3411 0.0118668 -2122.7 -2099.41 -2138.99
  26 25.5 27.3263 0.0118604 -2006.81 -2127.37 -2073.73
  27 26.5 27.3846 0.0118857 -1957.08 -1924.22 -2087.17
  28 27.5 27.317 0.0118563 -1921.64 -2022.83 -2130.47
  29 28.5 27.3406 0.0118666 -1982.19 -1962.83 -2066.84
  30 29.5 27.3729 0.0118806 -2123.81 -2000.31 -2054.69
  31 30.5 27.2944 0.0118465 -2100.14 -1990.53 -2168.33
  32 31.5 27.366 0.0118776 -2047.09 -2110.53 -2056.14
  33 32.5 27.325 0.0118598 -2086.67 -2162.44 -2258.32
  34 33.5 27.2951 0.0118468 -1881.39 -2047.8 -1969.48
  35 34.5 27.2624 0.0118327 -2020.66 -1945.91 -2110.16
  36 35.5 27.2985 0.0118483 -1950.38 -1967.59 -2121.3
  37 36.5 27.3592 0.0118747 -2005.32 -2000.56 -2062.04
  38 37.5 27.2667 0.0118345 -2200.16 -2038.23 -2073.69
  39 38.5 27.2564 0.01183 -2073.37 -2060.94 -2111.08
  40 39.5 27.2812 0.0118408 -2023.64 -1942.8 -2233.37
  41 40.5 27.274 0.0118377 -1847.75 -1846.29 -1938.59
  42 41.5 27.2098 0.0118098 -2114.31 -2063.6 -2131.74
  43 42.5 27.261 0.011832 -1917.53 -2120.03 -2109.96
  44 43.5 27.2446 0.0118249 -2071.28 -2117.57 -2085.84
  45 44.5 27.1496 0.0117837 -2083.9 -2073.65 -2070.46
  46 45.5 27.1344 0.0117771 -1997.9 -2072.12 -2178.88
  47 46.5 27.2134 0.0118114 -2049.14 -2085.67 -2245.91
  48 47.5 27.2 0.0118055 -1955.83 -2001.78 -1954.7
  49 48.5 27.1133 0.0117679 -2187.98 -2020.14 -1994.48
  50 49.5 27.0976 0.0117611 -2054.04 -2067.2 -2150.29
  51 50.5 27.1564 0.0117866 -2126.13 -2141.1 -2126.71
  52 51.5 27.1069 0.0117652 -2107.15 -2160.34 -2154.8
  53 52.5 27.0763 0.0117519 -2053.52 -2086.1 -2117.64
  54 53.5 27.1134 0.011768 -1893.36 -2166.01 -2062.51
  55 54.5 27.0261 0.0117301 -2042.39 -1990.29 -2125.56
  56 55.5 27.0582 0.011744 -2131.08 -2104.28 -2118.65
  57 56.5 27.0542 0.0117423 -2186.82 -2079.87 -2083.25
  58 57.5 26.9698 0.0117056 -2135.25 -2075.27 -2144.14
  59 58.5 26.9569 0.0117 -1979.98 -1986.56 -1985.73
  60 59.5 26.9598 0.0117013 -1972.56 -2035.74 -2172.64
  61 60.5 26.95 0.0116971 -2047.65 -1975.94 -2085.07
  62 61.5 26.8579 0.0116571 -2138.02 -2003.44 -2027.5
  63 62.5 26.9163 0.0116824 -2180.07 -2154.71 -2117.67
  64 63.5 26.9141 0.0116815 -2086.31 -2053.97 -2104.67
  65 64.5 26.8365 0.0116478 -2162.2 -2117.81 -2121.04
  66 65.5 26.8513 0.0116542 -2229.95 -2191.52 -2183.14
  67 66.5 26.8677 0.0116613 -1924.98 -1991.42 -2055.7
  68 67.5 26.9038 0.011677 -2128.83 -1909.79 -2052.76
  69 68.5 26.9109 0.0116801 -1899.85 -2075.86 -2123.22
  70 69.5 26.8139 0.011638 -2139.32 -2082.78 -2104.6
  71 70.5 26.8961 0.0116736 -2299.86 -2279.32 -2118.33
  72 71.5 26.8569 0.0116567 -2213.6 -2211.87 -2148.75
  73 72.5 26.8648 0.0116601 -2058.61 -2126.14 -2051.22
  74 73.5 26.7991 0.0116316 -2037.82 -2173.19 -2177.26
  75 74.5 26.8261 0.0116433 -2008.86 -2142.65 -2137.91
  76 75.5 26.8406 0.0116496 -2256.4 -2239.36 -2089.92
  77 76.5 26.8367 0.0116479 -2278.15 -2290.2 -2018.84
  78 77.5 26.7638 0.0116163 -2285.26 -2101.17 -2161.69
  79 78.5 26.779 0.0116228 -2191.13 -2159.76 -2129.03
  80 79.5 26.7801 0.0116233 -2006.24 -2146.84 -2120.85
  81 80.5 26.7807 0.0116236 -1930.27 -2054.55 -2134.53
  82 81.5 26.7631 0.0116159 -1914.95 -1917.22 -2073.84
  83 82.5 26.8237 0.0116422 -1956.71 -1926.49 -2029.28
  84 83.5 26.8015 0.0116326 -2061.32 -2076.57 -2154.14
  85 84.5 26.7955 0.01163 -2002.26 -2046.85 -2131.48
  86 85.5 26.7989 0.0116315 -2168.25 -2087.17 -2135.51
  87 86.5 26.7986 0.0116313 -2059.2 -2114.52 -2067.4
  88 87.5 26.8391 0.0116489 -2039.37 -2038.37 -2227.37
  89 88.5 26.8617 0.0116587 -2156.78 -2076.52 -2222.42
  90 89.5 26.8264 0.0116434 -2296.92 -2096.27 -2012.3
  91 90.5 26.8788 0.0116661 -2081.23 -2081.98 -2097.6
  92 91.5 26.8381 0.0116485 -2089.69 -2120.91 -2248.52
  93 92.5 26.8542 0.0116555 -2108.9 -2044.32 -2086.39
  94 93.5 26.8304 0.0116451 -1933.24 -2136.35 -2120.27
  95 94.5 26.8644 0.0116599 -2196.8 -2144.57 -2204.98
  96 95.5 26.8717 0.011663 -2046.5 -2074.19 -2064.16
  97 96.5 26.8546 0.0116556 -2160.56 -2170.01 -2150.16
  98 97.5 26.851 0.0116541 -2193.8 -2082.18 -2231.2
  99 98.5 26.8434 0.0116508 -2239.98 -2134.77 -2195.47
  100 99.5 26.8314 0.0116456 -2130.96 -2046.62 -2095.16
  101 100.5 26.8372 0.0116481 -2051.76 -1983.31 -2059.9
  102 101.5 26.8401 0.0116494 -2128.57 -1991.05 -2193.27
  103 102.5 26.7832 0.0116246 -2213.9 -2406.89 -2168.53
  104 103.5 26.7457 0.0116084 -2295.19 -2292.64 -2107.16
  105 104.5 26.7882 0.0116268 -2175.95 -2174.86 -2148.59
  106 105.5 26.7573 0.0116134 -2220.26 -2247.19 -2069.2
  107 106.5 26.6649 0.0115733 -2252.56 -2173.37 -2109.04
  108 107.5 26.6824 0.0115809 -2176.26 -2088.11 -2226.48
  109 108.5 26.6824 0.0115809 -2057.44 -2061.4 -2144.49
  110 109.5 26.7043 0.0115904 -2099.88 -2030.66 -2036.77
  111 110.5 26.6483 0.0115661 -2004.19 -2140.26 -2082.82
  112 111.5 26.6803 0.01158 -2055.1 -2082.9 -2091.17
  113 112.5 26.617 0.0115525 -2085.26 -2102.4 -2245.83
  114 113.5 26.6536 0.0115684 -2022.91 -2116.32 -2099.4
  115 114.5 26.6412 0.011563 -2170.74 -2094.5 -2077.77
  116 115.5 26.6528 0.011568 -2166.71 -2120.98 -2119.66
  117 116.5 26.6619 0.011572 -2117.84 -2185.89 -2115.65
  118 117.5 26.6213 0.0115544 -2179.83 -2203.71 -2202.1
  119 118.5 26.5858 0.011539 -2105.91 -2068.31 -2137.97
  120 119.5 26.6653 0.0115735 -2282.31 -2248.82 -2138.11
  121 120.5 26.6285 0.0115575 -2207.02 -2338.76 -2122.35
  122 121.5 26.584 0.0115382 -2306.98 -2211.66 -2156.31
  123 122.5 26.6081 0.0115487 -2226.37 -2128.32 -2138.42
  124 123.5 26.5763 0.0115349 -2105.42 -2192.05 -2107.64
  125 124.5 26.6335 0.0115597 -2269.07 -2138.11 -2043.27
  126 125.5 26.5675 0.011531 -2159.11 -2169.73 -2205.41
  127 126.5 26.5832 0.0115379 -2118.66 -1998 -2073.16
  128 127.5 26.586 0.0115391 -2133.98 -2015.63 -2099.74
  129 128.5 26.5582 0.011527 -2107.02 -2197.42 -2262.01
  130 129.5 26.5494 0.0115232 -2147.14 -2117.1 -2081.82
  131 130.5 26.6187 0.0115532 -2107.09 -2096.99 -2007.62
  132 131.5 26.6505 0.011567 -2170.37 -2279.92 -2283.48
  133 132.5 26.5478 0.0115225 -2013.81 -2224.9 -2067.48
  134 133.5 26.5936 0.0115424 -2052.35 -2147.41 -2041.84
  135 134.5 26.6505 0.0115671 -2043.07 -2120 -2123.07
  136 135.5 26.611 0.0115499 -2061.22 -2012 -2153.09
  137 136.5 26.6109 0.0115499 -2110.32 -2222.21 -2044.69
  138 137.5 26.6578 0.0115702 -2161.11 -2066.94 -2112.87
  139 138.5 26.7239 0.0115989 -2186.59 -2094.84 -2160.96
  140 139.5 26.6861 0.0115825 -1957.74 -2081.18 -2069.95
  141 140.5 26.652 0.0115677 -2032.91 -2096.29 -2118.02
  142 141.5 26.7502 0.0116103 -2088.93 -2167.55 -2150.84
  143 142.5 26.8247 0.0116427 -1947.61 -2217.07 -2114.66
  144 143.5 26.7642 0.0116164 -2275.79 -2214.12 -2114.57
  145 144.5 26.8115 0.0116369 -2040.99 -2077.58 -2131.48
  146 145.5 26.8846 0.0116687 -2096.97 -2068.12 -2106.95
  147 146.5 26.8348 0.011647 -2075.53 -2241.88 -2087.97
  148 147.5 26.848 0.0116528 -2158.07 -2234.22 -2173.21
  149 148.5 26.9035 0.0116769 -2157.99 -2192.75 -2126.71
  150 149.5 26.9233 0.0116854 -2212.67 -2210.09 -2197.43
  151 150.5 26.9359 0.0116909 -2119.38 -2229.07 -2091.15
  152 151.5 26.9484 0.0116963 -1960.38 -2072.12 -2099.41
  153 152.5 27.0125 0.0117242 -2003.14 -2124.34 -2201.89
  154 153.5 27.041 0.0117366 -1781.91 -2093.62 -1928.63
  155 154.5 26.9821 0.011711 -2080.96 -1964.89 -2121.38
  156 155.5 27.0084 0.0117224 -1962.52 -2141.38 -2143.85
  157 156.5 27.0369 0.0117348 -2351.89 -2329.78 -2213.78
  158 157.5 27.1061 0.0117648 -2246.89 -2228.71 -2083.36
  159 158.5 27.0649 0.0117469 -2207.51 -2270.3 -2223.38
  160 159.5 27.0709 0.0117495 -2115.46 -2022.49 -2005.21
  161 160.5 27.1541 0.0117856 -2121.1 -1959.34 -2030.93
  162 161.5 27.1349 0.0117773 -1984.5 -2067.39 -2121.51
  163 162.5 27.0668 0.0117477 -1984.51 -2037.36 -2209.12
  164 163.5 27.1214 0.0117715 -2002.1 -2087.61 -2087.53
  165 164.5 27.1457 0.011782 -1790.52 -1925.11 -2035.08
  166 165.5 27.1743 0.0117944 -2002.94 -1997.95 -2137.78
  167 166.5 27.1192 0.0117705 -2014.49 -2129.82 -2122.69
  168 167.5 27.1724 0.0117936 -2064.22 -2256.05 -2092.08
  169 168.5 27.2221 0.0118152 -2015.79 -2187.11 -2050.8
  170 169.5 27.2284 0.0118179 -2049.36 -2091.84 -2076.72
  171 170.5 27.1613 0.0117888 -2258.77 -2254.2 -2158.15
  172 171.5 27.2246 0.0118163 -2107.36 -2122.68 -2139.61
  173 172.5 27.2483 0.0118265 -2274.19 -2147.26 -2099.59
  174 173.5 27.1929 0.0118025 -1949.42 -2085 -2046.73
  175 174.5 27.2058 0.0118081 -2157.27 -2164.47 -2147.6
  176 175.5 27.238 0.0118221 -2148.86 -2143.02 -2098.14
  177 176.5 27.2153 0.0118122 -2070.19 -2044.94 -2188.97
  178 177.5 27.1939 0.0118029 -2117.15 -2190.33 -2110.88
  179 178.5 27.2532 0.0118287 -2120.15 -2228.29 -2142.11
  180 179.5 27.2577 0.0118306 -2017.44 -2045.23 -1979.1
  181 180.5 27.1916 0.0118019 -2049.6 -2070.21 -2182.81
  182 181.5 27.1874 0.0118001 -2059.42 -2102.79 -2236.51
  183 182.5 27.2012 0.0118061 -2034.32 -2077.35 -2025.82
  184 183.5 27.1538 0.0117855 -2254.5 -2023.24 -2175.02
  185 184.5 27.1655 0.0117906 -2213.49 -1982.4 -2135.9
  186 185.5 27.1578 0.0117872 -2156.83 -1838.86 -2097.15
  187 186.5 27.0697 0.011749 -2092.66 -1928.55 -2204.53
  188 187.5 27.0822 0.0117544 -1985.57 -1958.15 -2140.12
  189 188.5 27.0591 0.0117444 -2027.21 -1956.42 -2163.82
  190 189.5 27.0425 0.0117372 -2156.47 -1997.52 -2190.36
  191 190.5 27.0171 0.0117262 -2092.62 -2050.04 -2124.36
  192 191.5 26.9636 0.0117029 -1956.84 -2030.77 -2097.83
  193 192.5 26.8942 0.0116728 -1978.56 -2033.58 -2191.63
  194 193.5 26.8957 0.0116735 -1964.18 -2023.2 -2167.97
  195 194.5 26.8533 0.0116551 -2158.4 -1929.16 -2133.71
  196 195.5 26.7364 0.0116043 -1970.74 -2024.9 -2138.95
  197 196.5 26.669 0.0115751 -2172.55 -2094.26 -2334.14
  198 197.5 26.6697 0.0115754 -2131.64 -2042.02 -2173.18
  199 198.5 26.5794 0.0115362 -2243.02 -2099.72 -2188.83
  200 199.5 26.5285 0.0115141 -2069.82 -1964.57 -2011.59
  201 200.5 26.4189 0.0114665 -2015.11 -2002.4 -2193.55
  202 201.5 26.4182 0.0114662 -1985.45 -1975.36 -2146.82
  203 202.5 26.3281 0.0114271 -1903.24 -1964.36 -2049.31
  204 203.5 26.2912 0.0114111 -1970.51 -2069.2 -1990.86
  205 204.5 26.1622 0.0113551 -1880.46 -2093.93 -2085.55
  206 205.5 26.1645 0.0113561 -1979.77 -1958.63 -1860.65
  207 206.5 26.0523 0.0113074 -1987.21 -2052.22 -2060.55
  208 207.5 26.0816 0.0113201 -2247.39 -2018.79 -2010.33
  209 208.5 26.0947 0.0113258 -2175.48 -2142.9 -1840.51
  210 209.5 26.1442 0.0113473 -2150.42 -2200.59 -1646.83
  211 210.5 26.1604 0.0113543 -2323.97 -2339.22 -1719.05
  212 211.5 26.1921 0.0113681 -2176.28 -2134.06 -1811.79
  213 212.5 26.2944 0.0114125 -2090.55 -2057.78 -1716.62
  214 213.5 26.4292 0.011471 -2041.72 -2095.74 -1819.81
  215 214.5 26.5924 0.0115418 -2182.01 -2028.81 -1576.09
  216 215.5 26.8115 0.0116369 -2054.04 -1833.12 -1766.18
  217 216.5 26.9577 0.0117004 -2005.83 -1848.17 -1886.62
  218 217.5 27.196 0.0118038 -1763.71 -1706.37 -1842.47
  219 218.5 27.4106 0.011897 -1771.86 -1761 -1905.59
  220 219.5 27.7497 0.0120441 -1582.05 -1564.01 -1853.87
  221 220.5 27.9197 0.0121179 -1588.03 -1486.49 -1934.26
  222 221.5 28.1445 0.0122155 -1598.27 -1499.19 -2110
  223 222.5 28.3649 0.0123111 -1620.61 -1697.72 -2117.29
  224 223.5 28.6285 0.0124256 -1557.56 -1669.08 -2020.13
  225 224.5 28.8187 0.0125081 -1540.51 -1543.61 -2036.23
  226 225.5 28.9651 0.0125717 -1614.14 -1502.69 -2214.02
  227 226.5 29.1584 0.0126555 -1693.77 -1681.49 -2177.91
  228 227.5 29.3383 0.0127337 -1742.29 -1683.01 -2206.3
  229 228.5 29.44 0.0127778 -1848.05 -1643.33 -2119.19
  230 229.5 29.5469 0.0128242 -1775.94 -1687 -2075.13
  231 230.5 29.6929 0.0128875 -1597.35 -1632.6 -2174.26
  232 231.5 29.7719 0.0129218 -1702.92 -1734.21 -2135.56
  233 232.5 29.8733 0.0129658 -1733.57 -1779.58 -2061.58
  234 233.5 29.9075 0.0129807 -1674.34 -1619.1 -2129.88
  235 234.5 30.0421 0.0130391 -1678.83 -1539.63 -2051.2
  236 235.5 30.05 0.0130425 -1619.64 -1584.18 -2091.15
  237 236.5 30.0874 0.0130588 -1659.01 -1624.93 -2017.56
  238 237.5 30.1476 0.0130849 -1694.99 -1548.45 -2010.24
  239 238.5 30.211 0.0131124 -1775.66 -1717.45 -2023.58
  240 239.5 30.2398 0.0131249 -1632.13 -1660.88 -1924.16
  241 240.5 30.2041 0.0131094 -1794.62 -1774.64 -2059.95
  242 241.5 30.314 0.0131571 -1833.19 -1621.71 -1983.7
  243 242.5 30.2365 0.0131235 -1645.65 -1562.95 -1986.53
  244 243.5 30.286 0.013145 -1748.49 -1775.34 -1938.38
  245 244.5 30.3511 0.0131732 -1823.19 -1799 -1829.48
  246 245.5 30.2997 0.0131509 -1818.13 -1916.84 -1999.41
  247 246.5 30.3119 0.0131562 -1878.78 -1869.61 -1936.91
  248 247.5 30.3231 0.0131611 -1768.93 -1818.62 -1900.03
  249 248.5 30.3025 0.0131521 -1954.38 -1951.03 -1931.5
  250 249.5 30.3049 0.0131532 -1839.34 -1835.48 -1942.62
  251 250.5 30.272 0.0131389 -1773.55 -1842.92 -1812.57
  252 251.5 30.2962 0.0131494 -2020.45 -1952.93 -1952.86
  253 252.5 30.3144 0.0131573 -1766.71 -1722.62 -1868.97
  254 253.5 30.2947 0.0131487 -1846.53 -1883.2 -1847.06
  255 254.5 30.2471 0.0131281 -1813.59 -1894.39 -1942.06
  256 255.5 30.3162 0.0131581 -1819.38 -1728.66 -1827.69
  257 256.5 30.2526 0.0131305 -1868.41 -1932.08 -1977.05
  258 257.5 30.256 0.013132 -1798.91 -1715.22 -1816.46
  259 258.5 30.193 0.0131046 -1631.7 -1861.27 -1861.08
  260 259.5 30.2498 0.0131292 -1771.42 -1719.95 -1898.07
  261 260.5 30.2374 0.0131239 -1892.01 -1705.52 -1900.64
  262 261.5 30.2373 0.0131238 -1843.81 -1692.36 -1755.26
  263 262.5 30.2601 0.0131337 -1997.2 -1895.75 -1825.36
  264 263.5 30.1822 0.0130999 -2024.71 -1877.37 -1974.22
  265 264.5 30.2153 0.0131143 -1904.21 -1852.18 -1842.02
  266 265.5 30.2695 0.0131378 -1956.25 -1868.81 -1923.31
  267 266.5 30.2306 0.0131209 -1937.85 -1867.09 -1821.08
  268 267.5 30.1721 0.0130955 -1908.72 -1942.61 -1899.33
  269 268.5 30.2587 0.0131331 -1917.64 -2025.02 -1733.04
  270 269.5 30.2695 0.0131378 -1996.8 -2122.81 -2009.26
  271 270.5 30.1812 0.0130995 -1981.72 -2005.17 -1928.79
  272 271.5 30.2379 0.0131241 -1868.05 -1936.75 -1835.15
  273 272.5 30.2346 0.0131226 -1937.56 -1756.82 -1896.41
  274 273.5 30.2097 0.0131119 -1910.73 -1946.49 -2012.93
  275 274.5 30.1869 0.013102 -1864.78 -1836.06 -1873.36
  276 275.5 30.2583 0.0131329 -1733.53 -1840.21 -1845.87
  277 276.5 30.1836 0.0131005 -1862.17 -1903.3 -1804.24
  278 277.5 30.1888 0.0131028 -1876.13 -2015.16 -1862.44
  279 278.5 30.1278 0.0130763 -1938.13 -2034.61 -1971.82
  280 279.5 30.1875 0.0131022 -1935.35 -1896.92 -1864.3
  281 280.5 30.1578 0.0130893 -1856.37 -1947.87 -1923.78
  282 281.5 30.1572 0.013089 -1897.74 -1844.57 -1838.98
  283 282.5 30.1011 0.0130647 -1990.89 -2019.21 -1968.58
  284 283.5 30.1424 0.0130826 -1924.43 -1898.5 -1839.75
  285 284.5 30.1377 0.0130806 -1935.56 -2012.4 -1873.25
  286 285.5 30.1232 0.0130743 -1756.48 -1831.53 -1876.2
  287 286.5 30.0865 0.0130584 -1811.1 -2056.41 -1980.4
  288 287.5 30.1198 0.0130728 -1646.72 -2040.01 -1893.11
  289 288.5 30.1113 0.0130691 -1610.05 -1902.26 -1731.07
  290 289.5 30.0393 0.0130379 -1899.79 -1860.53 -1990.23
  291 290.5 30.0806 0.0130558 -1914.78 -1933.93 -2023.87
  292 291.5 30.0458 0.0130407 -1941.22 -1884.92 -1818.87
  293 292.5 30.0895 0.0130597 -1836.74 -2156.6 -1750.22
  294 293.5 30.0718 0.013052 -1945.5 -1977.98 -1857.12
  295 294.5 29.9905 0.0130167 -1782.16 -1919.56 -2023.51
  296 295.5 29.9787 0.0130116 -1953.58 -2008.87 -1973.57
  297 296.5 30.0368 0.0130368 -1826.63 -1918.56 -1830.03
  298 297.5 29.9668 0.0130064 -1739.01 -1802.02 -1851.96
  299 298.5 29.9669 0.0130064 -1850.45 -1816.38 -1913.2
  300 299.5 30.0082 0.0130244 -1992.73 -2020.14 -1826.8
  301 300.5 29.974 0.0130096 -1868.24 -1913.07 -1788.29
  302 301.5 29.9771 0.0130109 -1896.51 -1907.92 -1913.93
  303 302.5 29.9128 0.012983 -1976.69 -1860.9 -1838.24
  304 303.5 29.987 0.0130152 -1954.69 -2020.56 -1914.84
  305 304.5 29.9566 0.013002 -2053.67 -1992.08 -1931.37
  306 305.5 29.9543 0.013001 -2019.69 -1959.24 -1858.39
  307 306.5 29.9543 0.013001 -2087.56 -2012.19 -1921.62
  308 307.5 29.931 0.0129909 -1867.98 -1822.12 -1841.38
  309 308.5 29.9974 0.0130197 -2029.99 -1771.73 -1836.77
  310 309.5 30.0243 0.0130314 -2140.79 -1901.83 -1944.33
  311 310.5 29.9495 0.0129989 -1913.46 -1782.24 -1855.86
  312 311.5 30.0467 0.0130411 -2050.63 -1725 -1790.37
  313 312.5 30.0124 0.0130262 -2004.76 -1788.62 -1937.99
  314 313.5 30.0513 0.0130431 -1941.04 -1826.51 -1934.73
  315 314.5 29.9869 0.0130152 -1928.65 -2002.02 -1926.88
  316 315.5 30.0128 0.0130264 -1989.04 -1917.93 -1894.37
  317 316.5 30.0761 0.0130539 -2055 -1933.78 -1961.76
  318 317.5 30.0798 0.0130555 -1671.69 -1769.28 -1726.73
  319 318.5 29.9805 0.0130124 -1675.93 -1716.64 -1941.05
  320 319.5 30.0522 0.0130435 -1713.61 -1793.95 -2038.46
  321 320.5 30.0975 0.0130632 -1741.63 -1603.08 -1887.73
  322 321.5 30.0394 0.0130379 -1774.06 -1654.39 -1811.54
  323 322.5 30.0397 0.0130381 -1819.37 -1667.46 -1939.22
  324 323.5 30.0834 0.013057 -1753.98 -1666.2 -1839.9
  325 324.5 30.0434 0.0130397 -1844.52 -1721.52 -1950.56
  326 325.5 30.0627 0.0130481 -1938.34 -1847.03 -1960.26
  327 326.5 30.059 0.0130464 -1981.51 -1952.47 -1873.1
  328 327.5 30.0692 0.0130509 -2070.87 -2041.91 -1711.97
  329 328.5 30.0751 0.0130534 -2066.87 -1935.37 -1972.77
  330 329.5 30.039 0.0130378 -1860.09 -1961.84 -1878.46
  331 330.5 30.0375 0.0130371 -2054.66 -1949.03 -1998.75
  332 331.5 30.0642 0.0130487 -1923.59 -2044.55 -1878.06
  333 332.5 30.0585 0.0130462 -1944.92 -2034.43 -1898.72
  334 333.5 30.0733 0.0130526 -2010.42 -1874.56 -1898.99
  335 334.5 30.0458 0.0130407 -1847.63 -1866.25 -1805.5
  336 335.5 30.0441 0.01304 -1879 -1998.04 -1948.8
  337 336.5 30.0315 0.0130345 -1903.77 -1939.44 -1906.35
  338 337.5 30.0147 0.0130272 -1882.5 -1724.45 -1820.26
  339 338.5 30.0429 0.0130394 -1921.22 -1783.55 -1910.84
  340 339.5 29.9718 0.0130086 -1908.65 -1849.83 -1891.43
  341 340.5 30.0622 0.0130478 -1828.47 -1871.83 -1863.67
  342 341.5 30.0362 0.0130365 -1912.4 -1971.09 -1912.65
  343 342.5 29.9847 0.0130142 -1863.07 -1959.9 -1919.8
  344 343.5 30.0113 0.0130257 -1958 -1757.8 -1889.54
  345 344.5 30.0347 0.0130359 -1966.41 -1870.88 -1876.81
  346 345.5 30.0718 0.013052 -1945.89 -1888.51 -1791.95
  347 346.5 30.0145 0.0130271 -2064.76 -1927.12 -1976.36
  348 347.5 30.039 0.0130378 -1865.55 -1928.68 -1927.55
  349 348.5 30.0746 0.0130532 -1957.96 -1853.6 -1877.1
  350 349.5 30.0769 0.0130542 -1904.01 -1966.29 -1919.24
  351 350.5 30.068 0.0130504 -2023.85 -1757.95 -1818.5
  352 351.5 30.0491 0.0130421 -1913.93 -1879.73 -1926.8
  353 352.5 30.1053 0.0130665 -1787.83 -1705.47 -1949.07
  354 353.5 30.057 0.0130456 -1918.33 -1872.4 -1883.25
  355 354.5 30.0096 0.013025 -1899.1 -1664.75 -1856.83
  356 355.5 30.1407 0.0130819 -1917.18 -1837.23 -1859.51
  357 356.5 30.0323 0.0130349 -1845.05 -1863.6 -2074.57
  358 357.5 30.0664 0.0130497 -2008.24 -1993.95 -1800.66
  359 358.5 30.0119 0.013026 -1917.15 -1841.15 -1928.28
  360 359.5 30.1108 0.0130689 -1784.49 -1933.77 -1934.54
  361 360.5 30.09 0.0130599 -1885.8 -1945.61 -1842.9
  362 361.5 30.0485 0.0130419 -1844.29 -1662.83 -1869.61
  363 362.5 30.0028 0.013022 -1945.41 -1825.65 -1893.83
  364 363.5 30.1376 0.0130805 -2044.13 -1981.9 -1937.93
  365 364.5 30.0499 0.0130425 -1916.33 -1822.89 -1824.13
  366 365.5 29.9944 0.0130184 -1908.74 -2094.47 -1918.43
  367 366.5 30.0862 0.0130583 -1920.84 -1914.51 -1972.87
  368 367.5 30.0284 0.0130332 -1933.35 -1913.94 -1942.75
  369 368.5 30.0593 0.0130466 -1886.3 -1777.28 -1847.13
  370 369.5 30.0828 0.0130568 -2046.34 -1943.69 -1851.31
  371 370.5 30.0204 0.0130297 -1881.31 -1863.3 -1913.81
  372 371.5 30.0673 0.0130501 -1793.72 -1888.83 -1893.84
  373 372.5 30.0419 0.013039 -1823.93 -1933.48 -1973.21
  374 373.5 30.0129 0.0130264 -1779.83 -1873.26 -1866.69
  375 374.5 29.9942 0.0130183 -1913.56 -2009.99 -1896.53
  376 375.5 30.0613 0.0130474 -1851.59 -1925.23 -1894.7
  377 376.5 30.0374 0.0130371 -1813.87 -1785.28 -1877.24
  378 377.5 29.9467 0.0129977 -1775.82 -1846.44 -1954.68
  379 378.5 29.9688 0.0130073 -1891.62 -1964.8 -1922.69
  380 379.5 29.9989 0.0130203 -2031.03 -2021.43 -1923.52
  381 380.5 30.0636 0.0130484 -1944.5 -2064.69 -1851.41
  382 381.5 29.9122 0.0129827 -2075.95 -1995.19 -1968.43
  383 382.5 29.8788 0.0129682 -1896.81 -2033.39 -1972.03
  384 383.5 30.0367 0.0130368 -1849.2 -1908.03 -1966.15
  385 384.5 29.934 0.0129922 -1784.56 -1810.85 -1906.86
  386 385.5 29.863 0.0129614 -1939.35 -1752.64 -1931.51
  387 386.5 29.9322 0.0129914 -1749.93 -1771.42 -1959.71
  388 387.5 29.8936 0.0129746 -1799.28 -1739.62 -2036.07
  389 388.5 29.827 0.0129457 -1793.09 -1889.51 -2066.37
  390 389.5 29.7773 0.0129242 -1793.52 -1831.41 -2009.56
  391 390.5 29.854 0.0129575 -1712.38 -1806.56 -2049.15
  392 391.5 29.7583 0.0129159 -1688.61 -1624.75 -1898.26
  393 392.5 29.7193 0.012899 -1616.65 -1684.39 -2016.04
  394 393.5 29.7065 0.0128934 -1447.62 -1580.83 -2219.58
  395 394.5 29.5612 0.0128304 -1607.16 -1621.65 -2119.46
  396 395.5 29.4785 0.0127945 -1516.63 -1718.15 -2053.3
  397 396.5 29.5045 0.0128058 -1643.49 -1668.31 -2107.32
  398 397.5 29.395 0.0127583 -1661.77 -1622.17 -2216.15
  399 398.5 29.1726 0.0126617 -1528.42 -1483.13 -2038.28
  400 399.5 29.1258 0.0126414 -1690.67 -1626.2 -2311.72
  401 400.5 29.0256 0.0125979 -1689.64 -1815.12 -2158.85
  402 401.5 28.9453 0.012563 -1736.28 -1773.04 -2133.94
  403 402.5 28.6706 0.0124438 -1801.72 -1694.37 -2214.51
  404 403.5 28.5401 0.0123872 -1456.43 -1586.81 -2220.4
  405 404.5 28.4187 0.0123345 -1605.82 -1677.65 -2201.35
  406 405.5 28.1881 0.0122344 -1412.03 -1482.22 -2154.3
  407 406.5 27.9139 0.0121154 -1414.57 -1447.35 -2192.03
  408 407.5 27.6841 0.0120157 -1600.56 -1450.96 -2186.47
  409 408.5 27.4913 0.011932 -1597.16 -1554.12 -2201.4
  410 409.5 27.2365 0.0118214 -1591.95 -1648.49 -2152.37
  411 410.5 26.9074 0.0116786 -1545.49 -1625.33 -2265.92
  412 411.5 26.5863 0.0115392 -1715.44 -1662.7 -2372.93
  413 412.5 26.3811 0.0114501 -1546.13 -1608.63 -2397.22
  414 413.5 26.1036 0.0113297 -1660.3 -1487.4 -2283.98
  415 414.5 25.706 0.0111571 -1442.09 -1495.18 -2449.42
  416 415.5 25.3592 0.0110066 -1633.74 -1544.34 -2446.11
  417 416.5 25.0162 0.0108577 -1566.07 -1588.16 -2606.09
  418 417.5 24.6276 0.0106891 -1336.75 -1420.7 -2572.74
  419 418.5 24.1427 0.0104786 -1387.66 -1344.63 -2722.81
  420 419.5 23.5344 0.0102146 -1227.16 -1416 -2804.8
  421 420.5 23.0289 0.0099952 -1197.81 -1292.91 -2891.57
  422 421.5 22.4425 0.00974066 -1176.24 -1357.06 -2791.48
  423 422.5 21.679 0.0094093 -1407.03 -1299.28 -2899.27
  424 423.5 20.8342 0.0090426 -1256.78 -1225.1 -2865.14
  425 424.5 19.9807 0.00867217 -1391.35 -1376.51 -2940.33
  426 425.5 19.0417 0.00826462 -1627.71 -1587.49 -2895.73
  427 426.5 18.0603 0.00783867 -1791.38 -1689.77 -2930.55
  428 427.5 16.9674 0.00736434 -1834.59 -1920.41 -2942.45
  429 428.5 15.9974 0.0069433 -2165.85 -2259.96 -3008.85
  430 429.5 14.8729 0.00645525 -2691.97 -2700.46 -3049.55
  431 430.5 13.7558 0.00597039 -3052.61 -3084.35 -3147.47
  432 431.5 12.6946 0.00550982 -3614.64 -3735.87 -3402.24
  433 432.5 11.6713 0.00506568 -4375.7 -4308.45 -3692.38
  434 433.5 10.7055 0.00464648 -5078.73 -4887.83 -3907.5
  435 434.5 9.77542 0.00424281 -5736.47 -5692.82 -4458.02
  436 435.5 8.95638 0.00388732 -6294.88 -6371.93 -4850.07
  437 436.5 8.1856 0.00355278 -7016.36 -7247.05 -5428.21
  438 437.5 7.51377 0.00326118 -7984.14 -8110.32 -6136.3
  439 438.5 6.95714 0.00301959 -8641.44 -8667.84 -6788.86
  440 439.5 6.41895 0.002786 -9512.73 -9286.64 -7594.55
  441 440.5 5.99854 0.00260353 -10149.5 -9973.95 -8148.34
  442 441.5 5.62694 0.00244225 -10523 -10577.5 -8941.6
  443 442.5 5.34454 0.00231968 -11198 -11197.6 -9666.29
  444 443.5 5.06208 0.00219708 -11746.8 -11497.8 -10368.3
  445 444.5 4.85738 0.00210824 -12062 -12171.1 -10894.2
  446 445.5 4.69549 0.00203797 -12733 -12665.5 -11456.7
  447 446.5 4.5265 0.00196462 -12913.6 -12780.5 -12010.4
  448 447.5 4.3998 0.00190964 -13079.8 -13363 -12462.4
  449 448.5 4.34258 0.0018848 -12986.5 -13199.5 -12754.8
  450 449.5 4.2665 0.00185178 -13542.1 -13710.3 -13022
  451 450.5 4.17041 0.00181007 -13854.8 -13863.3 -13437.4
  452 451.5 4.11086 0.00178423 -14154.9 -13908.8 -13720.8
  453 452.5 4.06596 0.00176474 -14252.8 -13871.6 -13850.9
  454 453.5 4.0597 0.00176202 -14283.4 -13824.9 -13740.3
  455 454.5 4.01557 0.00174287 -14274.5 -14140.8 -14199.3
  456 455.5 4.01397 0.00174217 -14390.8 -14543.8 -14216.9
  457 456.5 4.01437 0.00174235 -14399.8 -14356.3 -14140.7
  458 457.5 3.98066 0.00172772 -14294.7 -14237.3 -14225.3
  459 458.5 3.9964 0.00173455 -14250.3 -14241.8 -14200.5
  460 459.5 3.98127 0.00172798 -14219.2 -14173.8 -14381
  461 460.5 3.9459 0.00171263 -14222.5 -14336 -14436.5
  462 461.5 3.93884 0.00170957 -14466.7 -14280.5 -14508
  463 462.5 3.97286 0.00172433 -14529.8 -14254.5 -14336.3
  464 463.5 3.96182 0.00171954 -14697.7 -14388.9 -14352.8
  465 464.5 3.96036 0.00171891 -14644.1 -14520.3 -14469.5
  466 465.5 3.98058 0.00172768 -14764.2 -14545.2 -14366.6
  467 466.5 3.96221 0.00171971 -14806 -14543.9 -14472.1
  468 467.5 3.97642 0.00172588 -14509.7 -14464.6 -14295.3
  469 468.5 3.98796 0.00173089 -14544.1 -14533.7 -14274.9
  470 469.5 3.98137 0.00172802 -14320.7 -14370.1 -14377.3
  471 470.5 3.9892 0.00173142 -14471.2 -14505.4 -14304.9
  472 471.5 4.00818 0.00173966 -14402.1 -14306.3 -14249.8
  473 472.5 3.99224 0.00173274 -14487.3 -14222.6 -14420.5
  474 473.5 4.00032 0.00173625 -14285 -14124.5 -14268.9
  475 474.5 3.97601 0.0017257 -14338.4 -14073.1 -14472.3
  476 475.5 4.00805 0.0017396 -14166 -14184.4 -14251.7
  477 476.5 4.00457 0.00173809 -14229.7 -14002.8 -14210.6
  478 477.5 4.00519 0.00173836 -14181.2 -14229.4 -14326.3
  479 478.5 4.01234 0.00174147 -14196 -14382.8 -14262.8
  480 479.5 4.04571 0.00175595 -14288.7 -14329.5 -14139
  481 480.5 4.05744 0.00176104 -14355.6 -14266.2 -14054.4
  482 481.5 4.06045 0.00176235 -14249.6 -14264.3 -14108.8
  483 482.5 4.04612 0.00175613 -14178.2 -14275.7 -14159.3
  484 483.5 4.06114 0.00176265 -14175 -13949.1 -14095.2
  485 484.5 4.06491 0.00176428 -14001.1 -14054 -13998.1
  486 485.5 4.06382 0.00176381 -14175.1 -13974.7 -14099.1
  487 486.5 4.07264 0.00176764 -14155.9 -13754.6 -14057.5
  488 487.5 4.08962 0.00177501 -14116.8 -13829.3 -13995.1
  489 488.5 4.08846 0.0017745 -13953.4 -13701.7 -14021.3
  490 489.5 4.11826 0.00178744 -13876.6 -13772.2 -13777
  491 490.5 4.08227 0.00177182 -14053.1 -13867.7 -14026.1
  492 491.5 4.08805 0.00177433 -14133.8 -13884.8 -14086.5
  493 492.5 4.08726 0.00177399 -13731.2 -13952.1 -13958
  494 493.5 4.10758 0.0017828 -13943 -13860.2 -13896.5
  495 494.5 4.131 0.00179297 -13975.3 -14050.9 -13916.3
  496 495.5 4.11863 0.0017876 -13888.8 -14034.7 -13894.2
  497 496.5 4.10991 0.00178382 -13996.8 -13911.3 -14015.4
  498 497.5 4.11494 0.001786 -13915.9 -13883.4 -13940.2
  499 498.5 4.12076 0.00178852 -13605.5 -13642.6 -13780.2
  500 499.5 4.10764 0.00178283 -13795.6 -13958.1 -13955
  501 500.5 4.13672 0.00179545 -13784.3 -13845.4 -13786.8
  502 501.5 4.12504 0.00179038 -13648.1 -13830.6 -13945.1
  503 502.5 4.12614 0.00179086 -13748.1 -13650.1 -13905.1
  504 503.5 4.08004 0.00177085 -13681.8 -13974.5 -14064.8
  505 504.5 4.10434 0.0017814 -13734.4 -13913.4 -13929.4
  506 505.5 4.09666 0.00177806 -14150.6 -13517.4 -13874.9
  507 506.5 4.0627 0.00176332 -13893.4 -13621.5 -13964.3
  508 507.5 4.05228 0.0017588 -14143.3 -13991.8 -14144.2
  509 508.5 4.0709 0.00176688 -13867 -13984.4 -14111.1
  510 509.5 4.08226 0.00177182 -13741 -13998.5 -14055
  511 510.5 4.08843 0.00177449 -13837.6 -13876.7 -13925.1
  512 511.5 4.08394 0.00177255 -13983.7 -14117.1 -13994.4
  513 512.5 4.07686 0.00176947 -14042.6 -14223.3 -14049.4
  514 513.5 4.08169 0.00177157 -13983.6 -13821 -13940.7
  515 514.5 4.06934 0.00176621 -13930.8 -13769.8 -14023.1
  516 515.5 4.0558 0.00176033 -14031.4 -13807.2 -14117.1
  517 516.5 4.03513 0.00175136 -13906.7 -13758.5 -14248
  518 517.5 4.03253 0.00175023 -14063.8 -13723.8 -14152.8
  519 518.5 4.05757 0.0017611 -14338.1 -14001.4 -14070.5
  520 519.5 4.03466 0.00175115 -14421.6 -14046.5 -14157.4
  521 520.5 4.0677 0.0017655 -14230.1 -14063.7 -14112
  522 521.5 4.05199 0.00175868 -13959.5 -13900.9 -14126.4
  523 522.5 4.04226 0.00175445 -13833.8 -14139.2 -14034.8
  524 523.5 4.05849 0.0017615 -13949 -14198.1 -14146.9
  525 524.5 4.06518 0.0017644 -13997 -14242.2 -14019.3
  526 525.5 4.05021 0.0017579 -13928 -14181.4 -14110.4
  527 526.5 4.06237 0.00176318 -14077.9 -13829.8 -14156.9
  528 527.5 4.05283 0.00175904 -13765.9 -14046 -14127.3
  529 528.5 4.05734 0.001761 -14101 -13992.3 -14049.8
  530 529.5 4.05795 0.00176126 -14243.5 -14329.8 -14103.7
  531 530.5 4.06776 0.00176552 -14137.6 -14160.1 -14010.5
  532 531.5 4.04875 0.00175727 -14205.2 -14129.4 -14043.8
  533 532.5 4.04314 0.00175484 -14086 -14127.7 -14141.4
  534 533.5 4.06979 0.0017664 -14275 -14066.3 -14164.4
  535 534.5 4.04312 0.00175483 -14074.9 -13909.4 -14129
  536 535.5 4.07323 0.0017679 -14008.8 -13810.9 -13925.5
  537 536.5 4.08688 0.00177382 -14074.4 -13777.5 -14042
  538 537.5 4.07282 0.00176772 -13894.5 -13846.7 -14057.1
  539 538.5 4.0867 0.00177374 -13828.8 -13904.8 -13960.4
  540 539.5 4.0934 0.00177665 -13838.3 -13661 -14013.7
  541 540.5 4.10062 0.00177978 -13920 -13965.6 -13896.3
  542 541.5 4.08475 0.0017729 -13999.4 -13776.7 -14061.6
  543 542.5 4.07571 0.00176897 -14224.6 -13731.4 -14084.8
  544 543.5 4.09517 0.00177742 -14047 -13874.7 -13998.9
  545 544.5 4.08865 0.00177459 -14047.2 -13709.3 -13910.9
  546 545.5 4.06146 0.00176279 -13915.1 -13782 -14066.4
  547 546.5 4.05728 0.00176097 -14034.7 -13908.5 -14134.4
  548 547.5 4.05147 0.00175845 -13877.4 -14068.2 -14127
  549 548.5 4.05048 0.00175802 -13801.4 -13935.5 -14098.9
  550 549.5 4.07518 0.00176874 -14138.7 -13908.1 -13944.3
  551 550.5 4.05585 0.00176035 -13946.3 -14290.1 -14177.2
  552 551.5 4.06301 0.00176346 -13895.3 -14200.7 -14063.9
  553 552.5 4.0718 0.00176727 -14006.4 -13881.1 -13983.9
  554 553.5 4.09508 0.00177738 -14030.1 -14134.1 -13911.1
  555 554.5 4.09866 0.00177893 -13937.1 -14101.6 -14025.8
  556 555.5 4.10641 0.0017823 -13721.3 -13878.4 -13864.6
  557 556.5 4.10531 0.00178182 -14028.8 -13921.8 -13910.2
  558 557.5 4.0845 0.00177279 -14191 -14097.4 -14045.2
  559 558.5 4.08922 0.00177484 -14031 -13850.8 -13983.2
  560 559.5 4.10555 0.00178192 -14075.3 -13925.1 -13882.8
  561 560.5 4.11397 0.00178558 -14103.4 -13901.2 -14035.3
  562 561.5 4.13417 0.00179434 -13935.3 -13733 -13844.9
  563 562.5 4.11683 0.00178682 -13772.4 -13726 -13768.6
  564 563.5 4.12608 0.00179083 -13978.3 -13838.3 -13912.7
  565 564.5 4.13562 0.00179497 -13913.6 -13754.2 -13830.2
  566 565.5 4.12677 0.00179113 -13821.8 -13971.6 -13817.9
  567 566.5 4.15964 0.0018054 -13960.9 -13998.8 -13768.7
  568 567.5 4.14566 0.00179933 -14011.7 -14004.8 -13816.8
  569 568.5 4.13721 0.00179566 -13753.6 -13699.6 -13770.2
  570 569.5 4.16572 0.00180804 -13738.4 -13824.3 -13758.3
  571 570.5 4.15339 0.00180269 -13878.6 -13875 -13790.1
  572 571.5 4.14892 0.00180075 -13760.7 -13607 -13815.3
  573 572.5 4.13886 0.00179638 -13773.2 -13737.4 -13798.1
  574 573.5 4.15682 0.00180418 -14128.4 -13722.3 -13770.5
  575 574.5 4.1573 0.00180439 -14097.2 -13797 -13718.8
  576 575.5 4.17142 0.00181051 -13926.4 -13931 -13637.5
  577 576.5 4.16827 0.00180915 -14091.5 -13972.2 -13668.5
  578 577.5 4.14463 0.00179889 -13838.5 -14040.8 -13836.5
  579 578.5 4.1593 0.00180525 -13745.3 -13778.8 -13661.4
  580 579.5 4.18355 0.00181578 -13656.3 -13625.1 -13630.3
  581 580.5 4.19019 0.00181866 -13751 -13525.3 -13588.9
  582 581.5 4.21486 0.00182937 -13769.6 -13532.3 -13446.3
  583 582.5 4.20648 0.00182573 -13688.1 -13701.4 -13401.2
  584 583.5 4.22485 0.0018337 -13542.8 -13417.2 -13378.4
  585 584.5 4.23245 0.001837 -13417.5 -13456.2 -13366.7
  586 585.5 4.29754 0.00186525 -13412.5 -13472.2 -13023.4
  587 586.5 4.3603 0.00189249 -13319.9 -13477 -12894
  588 587.5 4.41458 0.00191605 -13326.8 -13369.1 -12690.4
  589 588.5 4.46064 0.00193604 -13191.6 -12698.5 -12430.6
  590 589.5 4.57618 0.00198619 -12950.5 -12505.2 -12031.9
  591 590.5 4.67536 0.00202924 -12563.5 -12369.3 -11805.7
  592 591.5 4.79067 0.00207928 -12249 -12220.6 -11221.8
  593 592.5 4.9168 0.00213403 -12010.2 -11903.5 -10889
  594 593.5 5.10218 0.00221449 -11912.6 -11745.1 -10409.9
  595 594.5 5.28729 0.00229483 -11303.5 -11198.5 -9922.31
  596 595.5 5.54462 0.00240652 -10687.4 -10762.5 -9276.17
  597 596.5 5.86866 0.00254716 -10210.4 -10156.3 -8455.53
  598 597.5 6.24382 0.00270999 -9531.55 -9717.28 -7901.13
  599 598.5 6.68788 0.00290273 -8874.55 -8799.82 -7199.89
  600 599.5 7.17538 0.00311431 -8458.73 -8085.19 -6547.85
  601 600.5 7.7828 0.00337795 -7589.24 -7560.88 -5884.88
  602 601.5 8.4554 0.00366988 -7017.21 -6843.96 -5310.28
  603 602.5 9.18811 0.0039879 -6103.9 -6296.57 -4618.88
  604 603.5 9.99898 0.00433984 -5359.27 -5634.68 -4326.06
  605 604.5 10.8766 0.00472077 -4919.44 -4805.82 -4018.27
  606 605.5 11.8076 0.00512482 -4149.12 -4096.48 -3627.63
  607 606.5 12.8585 0.00558093 -3349.14 -3408.51 -3183.51
  608 607.5 13.8839 0.006026 -2847.16 -3059.92 -3228.36
  609 608.5 14.983 0.00650305 -2580.37 -2685.05 -3061.85
  610 609.5 16.0665 0.0069733 -2173.87 -2270.73 -2907.77
  611 610.5 17.1514 0.00744418 -1845.59 -1944.39 -2970.67
  612 611.5 18.1761 0.00788891 -1735.81 -1635.41 -2937.03
  613 612.5 19.1769 0.00832331 -1395.34 -1390.13 -2815.54
  614 613.5 20.0933 0.00872105 -1394.77 -1349.44 -2804.65
  615 614.5 20.9181 0.00907905 -1280.89 -1308.36 -3010.84
  616 615.5 21.7546 0.0094421 -1235.58 -1163.45 -2988.49
  617 616.5 22.4252 0.00973314 -1057.74 -1115.63 -2788.13
  618 617.5 23.0593 0.0100084 -1133.72 -1181.28 -2915.39
  619 618.5 23.7122 0.0102918 -1124.14 -1313.46 -2897.7
  620 619.5 24.1979 0.0105026 -1371.77 -1311.07 -2869.08
  621 620.5 24.6162 0.0106841 -1302.28 -1228.37 -2781.48
  622 621.5 25.0035 0.0108522 -1471.03 -1209.18 -2775.26
  623 622.5 25.349 0.0110022 -1487.27 -1536.71 -2743.75
  624 623.5 25.6205 0.01112 -1701.1 -1616.96 -2711.58
147500000 624 13245.000000000004
  1 0.5 26.0256 0.0112959 -1567.77 -1454.9 -2719.21
  2 1.5 26.2586 0.0113969 -1572.5 -1512.18 -2540.96
  3 2.5 26.3791 0.0114492 -1547.52 -1456.35 -2497.19
  4 3.5 26.5862 0.0115391 -1635.04 -1640.75 -2530.08
  5 4.5 26.7374 0.0116048 -1735.37 -1709.65 -2494.86
  6 5.5 26.8145 0.0116382 -1806.4 -1778.08 -2359.56
  7 6.5 26.8965 0.0116738 -1654.83 -1698.94 -2244.23
  8 7.5 26.9138 0.0116813 -1559.75 -1855.62 -2322.16
  9 8.5 27.0148 0.0117252 -1786.12 -1770.89 -2335.24
  10 9.5 27.0478 0.0117395 -1838.21 -1795.79 -2256.46
  11 10.5 27.0239 0.0117291 -1981.37 -1844.13 -2254.77
  12 11.5 27.0415 0.0117368 -1945.08 -1904.08 -2220.19
  13 12.5 27.1417 0.0117803 -1873.88 -2029.9 -2140.93
  14 13.5 27.1562 0.0117865 -1991.73 -2080.52 -2084.87
  15 14.5 27.0895 0.0117576 -2051.11 -2094.43 -2257.54
  16 15.5 27.1354 0.0117775 -2160.8 -2078.64 -2132.83
  17 16.5 27.1888 0.0118007 -2125.02 -1985.47 -2085.71
  18 17.5 27.1755 0.0117949 -2156.46 -1979.5 -2154.42
  19 18.5 27.1 0.0117621 -2143.19 -2002.13 -2079.76
  20 19.5 27.0807 0.0117538 -2123.37 -2226.57 -2099.42
  21 20.5 27.1777 0.0117959 -2227.21 -2151.27 -2171.54
  22 21.5 27.0942 0.0117596 -2073.87 -2209.24 -2047.34
  23 22.5 27.1045 0.0117641 -2056.1 -2258.81 -1932.34
  24 23.5 27.0168 0.011726 -2167.02 -2247.76 -2112.45
  25 24.5 27.0964 0.0117606 -2206.68 -2213.43 -2078.94
  26 25.5 27.0735 0.0117506 -2003.08 -2054.08 -2115.47
  27 26.5 27.0418 0.0117369 -2054.43 -1994.91 -2053.6
  28 27.5 27.039 0.0117357 -2056.58 -1926.72 -1965.61
  29 28.5 27.1106 0.0117668 -1972.21 -2019.29 -2043.61
  30 29.5 27.1333 0.0117766 -1893.71 -1894.37 -2052.6
  31 30.5 27.1398 0.0117794 -2023.21 -1979.23 -1977.78
  32 31.5 27.0685 0.0117485 -2092.54 -1967.68 -2128.41
  33 32.5 27.1347 0.0117772 -2044.56 -2002.56 -2042.83
  34 33.5 27.1821 0.0117978 -2042.91 -2043.1 -2058.2
  35 34.5 27.1975 0.0118045 -2084.19 -2068.62 -2071.99
  36 35.5 27.2019 0.0118064 -2019.29 -1925.46 -1967.53
  37 36.5 27.255 0.0118294 -2146.78 -2000.49 -2179.19
  38 37.5 27.2523 0.0118283 -2032.9 -2041.8 -2018.45
  39 38.5 27.2358 0.0118211 -1928.94 -1892.01 -2036.46
  40 39.5 27.3176 0.0118566 -2311.11 -2078.98 -2150.78
  41 40.5 27.3105 0.0118535 -2124.7 -2032.16 -2009.72
  42 41.5 27.2796 0.0118401 -2208.66 -2077.54 -1959.83
  43 42.5 27.3456 0.0118688 -2121.63 -1990.84 -2157.14
  44 43.5 27.3164 0.0118561 -2046.56 -2025.18 -1971.85
  45 44.5 27.3278 0.011861 -2046.68 -2039.72 -2216.82
  46 45.5 27.3701 0.0118794 -2093.55 -2074.31 -2093.24
  47 46.5 27.3876 0.011887 -2016.5 -2089.44 -1880.43
  48 47.5 27.3566 0.0118735 -1819.47 -1968.19 -2129.04
  49 48.5 27.4267 0.0119039 -1934.11 -1917.55 -2054.37
  50 49.5 27.4453 0.011912 -1948.2 -2068.68 -2089.06
  51 50.5 27.396 0.0118906 -2145.5 -2116.69 -1995.69
  52 51.5 27.3962 0.0118907 -1992.82 -1990.75 -2003.81
  53 52.5 27.4195 0.0119008 -2083.34 -2247.01 -2250.55
  54 53.5 27.4303 0.0119055 -1964.07 -2051.44 -2061.97
  55 54.5 27.4652 0.0119207 -1943.53 -2153.72 -1991.11
  56 55.5 27.4614 0.011919 -2045.08 -2158.22 -2035.76
  57 56.5 27.4535 0.0119156 -1992.76 -2021.41 -2056.55
  58 57.5 27.4552 0.0119163 -2063.21 -1996.36 -2079.77
  59 58.5 27.4728 0.011924 -2110.58 -2087.44 -2086.66
  60 59.5 27.4593 0.0119181 -1977.88 -1993.91 -1995.43
  61 60.5 27.4517 0.0119148 -2105.13 -1959.59 -2101.49
  62 61.5 27.4357 0.0119079 -1888.75 -2104.33 -2062.82
  63 62.5 27.469 0.0119223 -1908.48 -1866.46 -2040.82
  64 63.5 27.4941 0.0119332 -1906.41 -2112.79 -2083
  65 64.5 27.4526 0.0119152 -2005.56 -2077.76 -2011.35
  66 65.5 27.4723 0.0119237 -1979.16 -2066.02 -2019.93
  67 66.5 27.4956 0.0119339 -1954.51 -2056.52 -2026.28
  68 67.5 27.4527 0.0119152 -2078.29 -2071.75 -2156.82
  69 68.5 27.4055 0.0118948 -2032.31 -2135.86 -2141.15
  70 69.5 27.4737 0.0119243 -2125.45 -2098.79 -2045.81
  71 70.5 27.5152 0.0119423 -2035.87 -2100.38 -1866.72
  72 71.5 27.4293 0.0119051 -2012.31 -1938.48 -2097.59
  73 72.5 27.383 0.011885 -2170.73 -2015.84 -2174.07
  74 73.5 27.3661 0.0118776 -1914.88 -2029.96 -2092.31
  75 74.5 27.4709 0.0119232 -2133.56 -2118.59 -1944.18
  76 75.5 27.4099 0.0118967 -1952.89 -1953.27 -2045.43
  77 76.5 27.3384 0.0118656 -1984.45 -1994.76 -2144.33
  78 77.5 27.3474 0.0118695 -2015.05 -1848.23 -2063.2
  79 78.5 27.374 0.0118811 -2165.36 -2113.07 -1974
  80 79.5 27.3786 0.0118831 -1982.35 -1945.61 -1943.31
  81 80.5 27.3113 0.0118539 -2162.79 -2001.68 -2142.62
  82 81.5 27.3065 0.0118518 -2178.67 -2152.02 -2115.09
  83 82.5 27.2979 0.011848 -2167.38 -2121.57 -2073.44
  84 83.5 27.3215 0.0118583 -2126.04 -2060.03 -1969.41
  85 84.5 27.2789 0.0118398 -2180.03 -2054.21 -1939.68
  86 85.5 27.2857 0.0118427 -2239.68 -2049.66 -2081.02
  87 86.5 27.3031 0.0118503 -1971.46 -2093.31 -2096.16
  88 87.5 27.2577 0.0118306 -2078.76 -2010.48 -2113.14
  89 88.5 27.2988 0.0118484 -1983.13 -2078.25 -1982.09
  90 89.5 27.2942 0.0118465 -2109.28 -2033.82 -2051.67
  91 90.5 27.2973 0.0118478 -1969.97 -1867.92 -2095.32
  92 91.5 27.2838 0.0118419 -2030.35 -1945.33 -2034.82
  93 92.5 27.3352 0.0118642 -1889.97 -1977.24 -2035.87
  94 93.5 27.3038 0.0118506 -1953.66 -2057.46 -2044.79
  95 94.5 27.3156 0.0118557 -1880.31 -2000.85 -2059.65
  96 95.5 27.2968 0.0118476 -2008.65 -2077.79 -2133.75
  97 96.5 27.3236 0.0118592 -2027.15 -1981.76 -1973.86
  98 97.5 27.3663 0.0118777 -2128.55 -2089.27 -1990.13
  99 98.5 27.3162 0.011856 -2004.61 -2094.82 -2122.61
  100 99.5 27.3418 0.0118671 -1986.82 -2072.39 -2127.78
  101 100.5 27.3083 0.0118526 -2044.2 -2063.19 -2192.26
  102 101.5 27.3106 0.0118536 -1962.7 -2109.35 -1831.75
  103 102.5 27.3981 0.0118915 -2049.03 -2031.23 -2099.31
  104 103.5 27.3959 0.0118906 -2222.73 -2029.08 -2029.81
  105 104.5 27.3426 0.0118675 -2043.39 -1923.55 -1985.86
  106 105.5 27.3648 0.0118771 -2092.06 -2140.13 -2200.51
  107 106.5 27.3647 0.011877 -2144.81 -2073.9 -2119.78
  108 107.5 27.3669 0.011878 -2124.97 -1975.21 -1866.82
  109 108.5 27.3565 0.0118735 -2043.34 -1983 -2099.28
  110 109.5 27.3793 0.0118834 -2066.01 -2090.26 -2084.19
  111 110.5 27.3294 0.0118617 -1941.4 -2021.16 -2158.19
  112 111.5 27.3333 0.0118634 -1990.46 -2071.61 -2069.49
  113 112.5 27.4275 0.0119043 -2038.85 -2196.1 -2008.99
  114 113.5 27.383 0.011885 -2064.61 -1818.43 -2044.89
  115 114.5 27.333 0.0118633 -1884.78 -1941.45 -2110.66
  116 115.5 27.323 0.011859 -1946.46 -1953.77 -2060.12
  117 116.5 27.4101 0.0118968 -1779.12 -1951.54 -1950.88
  118 117.5 27.3781 0.0118829 -1933.62 -2105.96 -2119.07
  119 118.5 27.2827 0.0118414 -2050.01 -2147.68 -2113.51
  120 119.5 27.2556 0.0118297 -2119.84 -2003.07 -2102.4
  121 120.5 27.3524 0.0118717 -1962.86 -2037.08 -1998.26
  122 121.5 27.3061 0.0118516 -2092.77 -2053.75 -2115.28
  123 122.5 27.2917 0.0118453 -2105.9 -2081.54 -1996.33
  124 123.5 27.2742 0.0118378 -2148.32 -2023.57 -2092.57
  125 124.5 27.2295 0.0118184 -2157.88 -1992.21 -2017.46
  126 125.5 27.2723 0.0118369 -2070.86 -2051.08 -2127.62
  127 126.5 27.3152 0.0118555 -2138 -2063.2 -1998.27
  128 127.5 27.2024 0.0118066 -2036.25 -1997.49 -2049.83
  129 128.5 27.2522 0.0118282 -2075.95 -2132.11 -2107.53
  130 129.5 27.2438 0.0118246 -2059.3 -2065.84 -2031.4
  131 130.5 27.2457 0.0118254 -2254.25 -2006.33 -2018.67
  132 131.5 27.2197 0.0118141 -2089.07 -2118.42 -2027.78
  133 132.5 27.1549 0.011786 -2250.21 -2088.92 -2118.64
  134 133.5 27.1581 0.0117874 -2118.53 -1977.8 -1984.76
  135 134.5 27.2242 0.0118161 -1975.78 -2166 -2148.88
  136 135.5 27.1131 0.0117678 -1925.58 -2028.22 -2054.39
  137 136.5 27.1244 0.0117728 -1890.64 -2044.47 -1978.7
  138 137.5 27.187 0.0117999 -2118.23 -2073.15 -2172.59
  139 138.5 27.1569 0.0117868 -2091.38 -1856.92 -2010.89
  140 139.5 27.1692 0.0117922 -2086.42 -2039 -2040.22
  141 140.5 27.2271 0.0118173 -2196.25 -2231.52 -2005.92
  142 141.5 27.1206 0.0117711 -2141.56 -2018.43 -2069.31
  143 142.5 27.1651 0.0117904 -2049.24 -2033.83 -2109.82
  144 143.5 27.1664 0.011791 -1956.48 -2110.25 -2113.93
  145 144.5 27.1311 0.0117757 -2034.2 -2072.28 -2104.28
  146 145.5 27.1399 0.0117795 -2083.29 -2066.89 -2117.95
  147 146.5 27.1101 0.0117665 -2040.85 -2034.95 -2103.4
  148 147.5 27.2145 0.0118119 -2155.6 -1944.06 -1984.74
  149 148.5 27.2134 0.0118114 -2174.73 -2002.46 -1951.1
  150 149.5 27.107 0.0117652 -2367.91 -2173.22 -2088.44
  151 150.5 27.1113 0.0117671 -2281.19 -2041.69 -2132.17
  152 151.5 27.1772 0.0117957 -2256.93 -2183.91 -2142.61
  153 152.5 27.1398 0.0117794 -2078.49 -2061.92 -1902.4
  154 153.5 27.0727 0.0117503 -2232.31 -2085.2 -2166.11
  155 154.5 27.1521 0.0117848 -2253.88 -2142.37 -2189.05
  156 155.5 27.1528 0.0117851 -2125.25 -2244.73 -1963.52
  157 156.5 27.1333 0.0117766 -2125.23 -2284.15 -2014.82
  158 157.5 27.1048 0.0117643 -2145.73 -2158.75 -2109.88
  159 158.5 27.1544 0.0117857 -2187.27 -2191.17 -2073.25
  160 159.5 27.1225 0.0117719 -2224.77 -2058.6 -2096.24
  161 160.5 27.09 0.0117578 -1962.55 -1982.94 -2047.51
  162 161.5 27.1042 0.011764 -2039.69 -1992.94 -2009.52
  163 162.5 27.1324 0.0117762 -2094.78 -2124.88 -2210.42
  164 163.5 27.1172 0.0117696 -2134.53 -2161.72 -2124.15
  165 164.5 27.136 0.0117778 -2075.78 -1855.54 -1893.94
  166 165.5 27.1423 0.0117805 -2048.37 -2022.68 -2119.69
  167 166.5 27.1065 0.011765 -2155.16 -2220.31 -2143.65
  168 167.5 27.0837 0.0117551 -2022.15 -1999.42 -2147.59
  169 168.5 27.173 0.0117938 -1955.98 -2063.8 -1978.78
  170 169.5 27.1332 0.0117766 -1987.75 -2016.57 -2008.47
  171 170.5 27.1174 0.0117697 -2080.48 -1965.56 -2126.95
  172 171.5 27.1532 0.0117853 -1909.77 -1821.66 -2152.33
  173 172.5 27.1463 0.0117822 -1802.74 -1815.79 -1976.39
  174 173.5 27.0887 0.0117573 -1749.77 -1946.78 -2138.66
  175 174.5 27.0958 0.0117603 -1946.3 -1920.81 -2161.88
  176 175.5 27.1579 0.0117873 -2013.27 -1864.97 -2062.64
  177 176.5 27.1787 0.0117963 -1908.42 -1774.28 -2101.74
  178 177.5 27.0901 0.0117579 -2046.65 -1898.14 -2049.52
  179 178.5 27.105 0.0117643 -1968.61 -1843.81 -2113.44
  180 179.5 27.17 0.0117925 -2003.15 -1992.47 -2227.86
  181 180.5 27.1413 0.0117801 -1968.49 -1940.75 -2082.4
  182 181.5 27.0299 0.0117317 -2047.48 -2064.98 -2136.56
  183 182.5 27.089 0.0117574 -2079.23 -1920.26 -2159.14
  184 183.5 27.0902 0.0117579 -1887.32 -1956.49 -2120.74
  185 184.5 27.0232 0.0117288 -2064.05 -2040.13 -2255.66
  186 185.5 26.9938 0.0117161 -1962.24 -2019.84 -2116.67
  187 186.5 26.9306 0.0116886 -2063.85 -1986.22 -2148.28
  188 187.5 26.8577 0.011657 -1932.47 -2118.16 -2246.6
  189 188.5 26.8688 0.0116618 -1841.62 -2151.55 -2029.51
  190 189.5 26.7752 0.0116212 -2042.2 -2027.68 -2275.57
  191 190.5 26.6804 0.01158 -2109.15 -1998.77 -2112.11
  192 191.5 26.6316 0.0115589 -2032.36 -1936.87 -2292.88
  193 192.5 26.6282 0.0115574 -1965.91 -1868.24 -2075.66
  194 193.5 26.4584 0.0114837 -1980.03 -2084.03 -2155.11
  195 194.5 26.4738 0.0114904 -2025.07 -1908.67 -2116.21
  196 195.5 26.3728 0.0114465 -1977.37 -1989.08 -2129.48
  197 196.5 26.2585 0.0113969 -2059.27 -2072.63 -2086.51
  198 197.5 26.1154 0.0113348 -2195.71 -2080.59 -2051.59
  199 198.5 26.1629 0.0113554 -2167.81 -2197.79 -2046.58
  200 199.5 26.0478 0.0113055 -2268.81 -2085.42 -1977.41
  201 200.5 25.9553 0.0112653 -2194.26 -2185.49 -1880.8
  202 201.5 25.9671 0.0112704 -2098.14 -2132.6 -1915.31
  203 202.5 25.95 0.011263 -2393.74 -2281.65 -1901.4
  204 203.5 25.8846 0.0112346 -2313.03 -2203.69 -1716.95
  205 204.5 25.9929 0.0112816 -2244.18 -2271.97 -1765.17
  206 205.5 25.998 0.0112839 -2232.9 -2303.12 -1831.01
  207 206.5 26.063 0.0113121 -2034.38 -2024.44 -1647.24
  208 207.5 26.1475 0.0113487 -2122.69 -2166.57 -1842.71
  209 208.5 26.3468 0.0114352 -1888.44 -2130.06 -1699.47
  210 209.5 26.4654 0.0114867 -2119.48 -2238.31 -1750.53
  211 210.5 26.6273 0.011557 -2131.7 -2098.89 -1816.68
  212 211.5 26.8626 0.0116591 -1739.44 -1665.35 -1778.91
  213 212.5 27.0345 0.0117337 -1807.53 -1714.51 -1916.57
  214 213.5 27.2296 0.0118184 -1855.98 -1689.2 -1914.79
  215 214.5 27.4805 0.0119273 -1852.09 -1643.71 -2030.03
  216 215.5 27.6915 0.0120189 -1642.03 -1616.57 -2010.47
  217 216.5 27.895 0.0121072 -1513.54 -1629.7 -1987.15
  218 217.5 28.0963 0.0121946 -1649.37 -1608.38 -2109.2
  219 218.5 28.2665 0.0122684 -1589.68 -1663.56 -2055.41
  220 219.5 28.4564 0.0123509 -1405.87 -1690.72 -2220.8
  221 220.5 28.5867 0.0124074 -1564.32 -1508.91 -2165.4
  222 221.5 28.7355 0.012472 -1504.18 -1525.73 -2164.11
  223 222.5 28.9429 0.012562 -1460.23 -1430.46 -2054.01
  224 223.5 29.0579 0.0126119 -1563.51 -1474.76 -2117.14
  225 224.5 29.1186 0.0126383 -1590.41 -1618.89 -2168.02
  226 225.5 29.2131 0.0126793 -1598.18 -1494.33 -2131.52
  227 226.5 29.3782 0.012751 -1671.79 -1578.99 -2146.53
  228 227.5 29.4243 0.012771 -1767.33 -1573.92 -2025.8
  229 228.5 29.4296 0.0127733 -1651.84 -1590.6 -1986.72
  230 229.5 29.5354 0.0128192 -1756.47 -1722.25 -2142.58
  231 230.5 29.6416 0.0128653 -1737.97 -1774.19 -2195.39
  232 231.5 29.6158 0.0128541 -1698.26 -1613.42 -1900.2
  233 232.5 29.6762 0.0128803 -1828.1 -1737.15 -1997.05
  234 233.5 29.7528 0.0129135 -1649.71 -1597.29 -1961.1
  235 234.5 29.7244 0.0129012 -1660.66 -1793.76 -2032.08
  236 235.5 29.6971 0.0128894 -1790.42 -1821.31 -1988.82
  237 236.5 29.8374 0.0129503 -1862.75 -1838.62 -1883.8
  238 237.5 29.8492 0.0129554 -1932.68 -1897.3 -1862.35
  239 238.5 29.7198 0.0128992 -1863.24 -1842.32 -2049.49
  240 239.5 29.8584 0.0129594 -1879.07 -1822.35 -1979.5
  241 240.5 29.8243 0.0129446 -1745.62 -1661.99 -1829.21
  242 241.5 29.8268 0.0129456 -1800.51 -1839.85 -1834.7
  243 242.5 29.8457 0.0129539 -1795.8 -1996.14 -1956.32
  244 243.5 29.844 0.0129531 -1738.01 -1808.96 -1918.03
  245 244.5 29.8378 0.0129504 -1726.77 -1908.33 -1942.04
  246 245.5 29.8993 0.0129771 -1695.73 -1861.35 -1800.77
  247 246.5 29.8909 0.0129735 -1841.55 -1843.37 -2013.51
  248 247.5 29.9375 0.0129937 -1907.65 -1953.49 -1794.5
  249 248.5 29.9458 0.0129973 -1726 -1911.34 -1829.41
  250 249.5 29.8767 0.0129673 -1710.18 -1908.78 -2024.65
  251 250.5 29.9628 0.0130047 -1789.05 -1830.84 -1895.36
  252 251.5 29.9806 0.0130124 -1785.37 -1798.28 -1998.78
  253 252.5 29.9425 0.0129959 -1943.34 -2011.6 -1855.18
  254 253.5 29.9547 0.0130012 -1755.2 -1973.58 -1843.37
  255 254.5 30.0305 0.0130341 -1821.65 -1990.98 -1857.55
  256 255.5 29.9572 0.0130022 -1890.56 -2048.99 -1976.54
  257 256.5 29.8511 0.0129562 -1914.02 -1981.93 -1943.02
  258 257.5 29.973 0.0130091 -1876.19 -1895.74 -1846.32
  259 258.5 29.9688 0.0130073 -2150.27 -2014.49 -1889.14
  260 259.5 29.9272 0.0129893 -2009.59 -1953.41 -1893.84
  261 260.5 29.8659 0.0129626 -1992.33 -1984.79 -1857.61
  262 261.5 29.9302 0.0129905 -2012.86 -1928.25 -1949.08
  263 262.5 29.8875 0.012972 -1971.74 -1938.2 -1964.21
  264 263.5 29.8402 0.0129515 -1733.33 -1803.7 -1776.8
  265 264.5 29.8345 0.012949 -1927.75 -2032.13 -1902.55
  266 265.5 29.907 0.0129804 -1801.74 -1824.87 -1884.82
  267 266.5 29.8019 0.0129349 -1784.88 -1848.87 -1792.37
  268 267.5 29.8112 0.0129389 -1963.3 -1903.89 -1851.49
  269 268.5 29.8402 0.0129515 -1951.12 -1947.65 -1868.54
  270 269.5 29.8086 0.0129378 -1949.41 -1879.81 -1955.98
  271 270.5 29.8129 0.0129396 -2023.84 -1888.2 -1864.3
  272 271.5 29.7706 0.0129212 -1766 -1759.5 -1799.62
  273 272.5 29.8861 0.0129714 -1886.8 -1923.77 -1914.44
  274 273.5 29.8005 0.0129342 -2012.91 -1860.53 -1903.75
  275 274.5 29.8335 0.0129486 -1942.92 -1909.97 -1737.32
  276 275.5 29.7594 0.0129164 -1906.79 -1957.36 -2020.84
  277 276.5 29.8088 0.0129378 -1961.84 -2175.2 -1975.96
  278 277.5 29.8353 0.0129494 -1796.98 -2013.35 -1745.73
  279 278.5 29.8173 0.0129415 -1989.18 -2090.39 -1881.31
  280 279.5 29.7501 0.0129124 -2066.54 -2050.95 -1911.33
  281 280.5 29.8263 0.0129454 -2069.12 -1999.59 -1946.86
  282 281.5 29.8588 0.0129596 -1893.09 -1951.73 -1793.14
  283 282.5 29.7464 0.0129108 -1841.69 -1961.56 -1886.19
  284 283.5 29.7776 0.0129243 -1791.23 -1881.38 -1946.29
  285 284.5 29.7548 0.0129144 -1756.86 -1742.12 -1942.02
  286 285.5 29.8364 0.0129498 -1886.89 -1639.52 -1841.11
  287 286.5 29.7891 0.0129293 -1860.73 -1713.77 -1739.11
  288 287.5 29.8091 0.012938 -1984.5 -1878.16 -1899.58
  289 288.5 29.7903 0.0129298 -1924.05 -1815.21 -1855.32
  290 289.5 29.8016 0.0129347 -2017.72 -1925.72 -1957.01
  291 290.5 29.7852 0.0129276 -1828.42 -1823.79 -1797.71
  292 291.5 29.7837 0.012927 -1827.59 -1893.71 -1866.05
  293 292.5 29.8232 0.0129441 -1813.55 -1848.33 -2005.46
  294 293.5 29.764 0.0129184 -1943.24 -1958.56 -1910.64
  295 294.5 29.7808 0.0129257 -1954.44 -2007.16 -1847.42
  296 295.5 29.8725 0.0129655 -2053.06 -1915.97 -1795.54
  297 296.5 29.8449 0.0129535 -1916.31 -1933.47 -1954.77
  298 297.5 29.809 0.0129379 -1867.55 -1866.35 -1844.19
  299 298.5 29.7712 0.0129215 -1739.34 -1855.71 -1946.13
  300 299.5 29.8711 0.0129649 -1797.28 -1875.03 -1858.18
  301 300.5 29.7963 0.0129324 -2006.57 -1902.08 -1929.27
  302 301.5 29.8097 0.0129383 -1964.86 -1896.19 -1900.67
  303 302.5 29.8255 0.0129451 -1871.91 -1665.06 -1855.57
  304 303.5 29.8216 0.0129434 -2079.07 -2080.4 -1887.61
  305 304.5 29.8172 0.0129415 -1967.18 -1865.88 -1838.8
  306 305.5 29.8639 0.0129617 -1896.66 -1814.28 -1847.23
  307 306.5 29.8393 0.0129511 -1859.99 -1817.06 -1949.15
  308 307.5 29.7792 0.012925 -1975.94 -1867.39 -1800.13
  309 308.5 29.7806 0.0129256 -2021.49 -1905.32 -1887.79
  310 309.5 29.8003 0.0129342 -1858.77 -1806.02 -2061.48
  311 310.5 29.8334 0.0129485 -1738.78 -1773.28 -1757.01
  312 311.5 29.7593 0.0129164 -1747.1 -1896.37 -1852.62
  313 312.5 29.8428 0.0129526 -2061.32 -1886.27 -1910.94
  314 313.5 29.8319 0.0129479 -2083.26 -2001.31 -1943.58
  315 314.5 29.8212 0.0129432 -2023.19 -1879.66 -1775.38
  316 315.5 29.8811 0.0129692 -1909.73 -1918.33 -1957.62
  317 316.5 29.7932 0.0129311 -1842.59 -1987.35 -1903.82
  318 317.5 29.773 0.0129223 -1957.99 -1913.05 -1928.08
  319 318.5 29.8602 0.0129602 -1947.91 -1726.69 -1839.35
  320 319.5 29.8676 0.0129634 -1898.79 -1800.7 -1793.21
  321 320.5 29.8374 0.0129502 -1929.17 -1907.33 -1934.27
  322 321.5 29.7747 0.012923 -1951.59 -1801.23 -1915.9
  323 322.5 29.852 0.0129566 -1698.8 -1710.82 -1849.33
  324 323.5 29.8379 0.0129505 -1907.25 -1895.26 -2013.13
  325 324.5 29.8233 0.0129441 -1907.96 -1832.68 -1864.7
  326 325.5 29.7443 0.0129098 -1879.61 -1891.36 -1885.18
  327 326.5 29.8539 0.0129574 -1878.79 -1886.27 -1862.84
  328 327.5 29.8494 0.0129555 -1897.99 -1869.14 -1785.83
  329 328.5 29.7616 0.0129174 -1939.79 -1884.45 -1924.76
  330 329.5 29.7165 0.0128978 -2003.19 -1820.12 -1896.64
  331 330.5 29.8268 0.0129457 -2056.38 -1921.77 -1938.75
  332 331.5 29.7941 0.0129315 -1950.5 -1977.83 -1816.98
  333 332.5 29.6924 0.0128873 -1877.45 -1838.61 -1889.38
  334 333.5 29.7553 0.0129146 -1869.56 -1861.46 -1893.01
  335 334.5 29.8076 0.0129373 -1863.38 -2024.36 -1888.11
  336 335.5 29.7763 0.0129238 -1979.21 -2004.45 -1770.25
  337 336.5 29.773 0.0129223 -2001.76 -1968.42 -1939.9
  338 337.5 29.7802 0.0129254 -1973.84 -1953.09 -1868.86
  339 338.5 29.7488 0.0129118 -1745.78 -1725.1 -1881.78
  340 339.5 29.749 0.0129119 -1698.03 -1798.49 -1968.08
  341 340.5 29.8125 0.0129395 -1727.61 -1639.19 -1838.38
  342 341.5 29.7775 0.0129242 -1826.49 -1760.7 -1896.59
  343 342.5 29.7755 0.0129234 -1935.74 -1821.65 -1953.57
  344 343.5 29.7825 0.0129265 -1648.29 -1592.78 -1722.84
  345 344.5 29.8365 0.0129499 -1787.72 -1834.57 -1854.92
  346 345.5 29.7449 0.0129101 -1682.37 -1853.2 -2080
  347 346.5 29.7292 0.0129033 -1773.01 -1887.47 -1858.69
  348 347.5 29.7957 0.0129322 -1676.92 -1769.65 -1769.5
  349 348.5 29.7865 0.0129282 -1853.65 -1865.25 -1827.26
  350 349.5 29.7272 0.0129024 -1922.97 -2165.9 -2098.93
  351 350.5 29.7738 0.0129227 -1882.92 -1881.2 -1897.12
  352 351.5 29.7798 0.0129253 -1885.29 -2041.45 -1792.58
  353 352.5 29.7921 0.0129306 -2087.99 -2056.06 -1881.75
  354 353.5 29.7959 0.0129323 -1903.24 -1911.45 -1837.46
  355 354.5 29.7905 0.0129299 -1777.95 -1751.24 -1966.61
  356 355.5 29.7938 0.0129313 -1780.36 -1830.17 -1829.17
  357 356.5 29.7582 0.0129159 -1850.04 -1949.77 -1955.42
  358 357.5 29.8061 0.0129367 -1838.6 -1891.12 -1900.53
  359 358.5 29.8318 0.0129478 -1901.15 -1789.22 -1820.99
  360 359.5 29.8392 0.0129511 -2010.96 -1955.37 -1924.49
  361 360.5 29.765 0.0129188 -1841.29 -1900.4 -1822.13
  362 361.5 29.7607 0.012917 -1899.42 -1902.01 -1962.06
  363 362.5 29.86 0.0129601 -1944.53 -2069.6 -1845.95
  364 363.5 29.7452 0.0129102 -1891.69 -1984.94 -1923.28
  365 364.5 29.7732 0.0129224 -1912.54 -1932.67 -1764.42
  366 365.5 29.8247 0.0129448 -1934.24 -2018.5 -1959.9
  367 366.5 29.7732 0.0129224 -1932.41 -1925.31 -1936.67
  368 367.5 29.766 0.0129193 -2055.05 -2044.66 -1903.93
  369 368.5 29.8277 0.012946 -1867.58 -1871.46 -1879.24
  370 369.5 29.792 0.0129306 -1802.91 -1744.57 -1868.32
  371 370.5 29.7618 0.0129174 -1799.21 -1633.32 -1852.85
  372 371.5 29.8236 0.0129443 -1856.52 -1916.33 -1834.39
  373 372.5 29.7926 0.0129308 -1887.17 -1813.72 -1975.74
  374 373.5 29.7924 0.0129307 -1808.12 -1768.2 -1858.32
  375 374.5 29.7669 0.0129196 -1755.21 -1572.12 -1927.92
  376 375.5 29.7907 0.01293 -1738.39 -1589.77 -1947.68
  377 376.5 29.783 0.0129266 -1809.33 -1767.86 -1941.09
  378 377.5 29.8057 0.0129365 -1779.71 -1850.34 -1882.92
  379 378.5 29.8129 0.0129396 -1761.08 -1801.29 -1899.09
  380 379.5 29.8081 0.0129375 -1703.27 -1838.31 -1784.11
  381 380.5 29.7942 0.0129315 -1848.86 -1796.78 -1957.21
  382 381.5 29.8032 0.0129354 -1962.3 -1681.87 -1868.98
  383 382.5 29.7489 0.0129119 -1773.71 -1645.25 -1851.13
  384 383.5 29.7397 0.0129079 -1753.97 -1729.18 -1897.88
  385 384.5 29.7857 0.0129278 -1815.83 -1759.05 -2011.96
  386 385.5 29.7296 0.0129035 -1855.05 -1970.3 -1913.73
  387 386.5 29.7488 0.0129118 -2032.77 -2005.42 -1838.02
  388 387.5 29.678 0.0128811 -2010.69 -1929.14 -1976.62
  389 388.5 29.7492 0.012912 -1883.47 -1837.68 -1910.44
  390 389.5 29.6866 0.0128848 -1911.54 -2039.9 -1977.47
  391 390.5 29.6667 0.0128762 -1868.63 -1898.39 -2005.19
  392 391.5 29.6959 0.0128888 -1771.12 -1778.21 -1970.75
  393 392.5 29.6323 0.0128612 -1691.51 -1803.3 -1946.49
  394 393.5 29.6311 0.0128607 -1831.54 -1784.54 -1951.76
  395 394.5 29.6153 0.0128538 -1534.37 -1734.23 -2010.74
  396 395.5 29.5961 0.0128455 -1636.95 -1722.73 -2254.16
  397 396.5 29.5075 0.0128071 -1657.59 -1679.98 -2005.75
  398 397.5 29.4465 0.0127806 -1631.69 -1638.86 -1988.53
  399 398.5 29.4612 0.012787 -1496.46 -1588.04 -2228.44
  400 399.5 29.3474 0.0127376 -1488.43 -1527.01 -2081.24
  401 400.5 29.2009 0.012674 -1438.46 -1558.82 -2167
  402 401.5 29.1542 0.0126538 -1402.84 -1470.26 -2298.87
  403 402.5 29.0742 0.012619 -1527.58 -1502.63 -2224.01
  404 403.5 28.8551 0.0125239 -1465.17 -1558.45 -2225.52
  405 404.5 28.7609 0.012483 -1412.66 -1583.24 -2330.83
  406 405.5 28.6207 0.0124222 -1306.71 -1430.2 -2233.09
  407 406.5 28.3897 0.0123219 -1179.48 -1262.54 -2243.66
  408 407.5 28.1678 0.0122256 -1235.46 -1450.09 -2276.63
  409 408.5 27.8992 0.012109 -1319.24 -1310.61 -2386.94
  410 409.5 27.7248 0.0120333 -1431.72 -1468.09 -2297.67
  411 410.5 27.3848 0.0118858 -1291.38 -1395.95 -2351.76
  412 411.5 27.0076 0.011722 -1179.45 -1553.33 -2372.34
  413 412.5 26.6899 0.0115842 -1274.7 -1378.72 -2380.53
  414 413.5 26.3517 0.0114374 -1288.85 -1566.35 -2497.8
  415 414.5 25.9751 0.0112739 -1249.87 -1407.09 -2345.76
  416 415.5 25.4864 0.0110618 -1160.53 -1373.94 -2561.02
  417 416.5 25.0271 0.0108625 -1299.13 -1426.06 -2596.97
  418 417.5 24.485 0.0106272 -1105.03 -1047.65 -2544.36
  419 418.5 23.9083 0.0103769 -1240.55 -1320.51 -2625.84
  420 419.5 23.2913 0.0101091 -1188.14 -1114.66 -2692.58
  421 420.5 22.5164 0.00977272 -1269.9 -1209.06 -2674.06
  422 421.5 21.7283 0.00943067 -1275.22 -1252.33 -2694.83
  423 422.5 20.8812 0.009063 -1231.99 -1253.92 -2746.75
  424 423.5 19.9028 0.00863837 -1316.29 -1313.91 -2781.36
  425 424.5 18.9169 0.00821048 -1632.41 -1348.19 -2689.81
  426 425.5 17.8857 0.00776288 -1656.97 -1705.29 -2707.94
  427 426.5 16.7439 0.00726733 -1992.93 -1961.19 -2773.48
  428 427.5 15.6325 0.00678495 -2348.85 -2392.8 -2875.45
  429 428.5 14.5127 0.00629893 -2746.91 -2797.86 -2965.3
  430 429.5 13.4419 0.00583416 -3371.6 -3175.95 -3184.06
  431 430.5 12.3726 0.00537004 -3898.78 -3984.11 -3375.93
  432 431.5 11.3599 0.00493053 -4511.63 -4468.8 -3532.9
  433 432.5 10.3506 0.00449245 -5143.82 -5132.35 -4009.44
  434 433.5 9.5081 0.00412678 -5800.6 -5867.87 -4459.31
  435 434.5 8.71882 0.00378421 -6620.89 -6498.95 -4868.07
  436 435.5 8.00066 0.00347251 -7300.24 -7424.8 -5407.01
  437 436.5 7.32426 0.00317893 -8086.15 -7984.89 -6078.52
  438 437.5 6.74706 0.00292841 -8757.61 -8762.94 -6954.65
  439 438.5 6.28538 0.00272803 -9581.57 -9462.6 -7725.77
  440 439.5 5.89877 0.00256023 -10188.9 -10382.6 -8178.42
  441 440.5 5.56548 0.00241557 -10862.5 -10825.6 -8902.69
  442 441.5 5.26226 0.00228397 -11210 -11688.6 -9836.88
  443 442.5 5.02116 0.00217932 -11897.1 -11893.8 -10338.5
  444 443.5 4.82552 0.00209441 -12114.6 -12428.6 -10918.6
  445 444.5 4.68167 0.00203198 -12476.9 -12653.8 -11253.2
  446 445.5 4.53762 0.00196945 -12684.9 -12681 -11728.6
  447 446.5 4.40102 0.00191016 -13114.5 -13086.1 -12383.8
  448 447.5 4.31761 0.00187396 -13094.9 -13418.7 -12760
  449 448.5 4.27051 0.00185352 -13323.9 -13642.3 -12705.1
  450 449.5 4.21958 0.00183142 -13552.6 -13668.4 -12980.1
  451 450.5 4.14898 0.00180077 -13763.8 -13839.7 -13419.9
  452 451.5 4.12596 0.00179078 -13533.8 -13705 -13470.5
  453 452.5 4.10906 0.00178344 -13589.1 -13760.7 -13692.5
  454 453.5 4.09951 0.0017793 -13554.6 -13727.4 -13454.7
  455 454.5 4.08826 0.00177442 -13644.8 -13948.8 -13701
  456 455.5 4.0933 0.00177661 -13774.5 -14016.8 -13625.7
  457 456.5 4.07046 0.00176669 -13686.2 -13874.3 -13775.9
  458 457.5 4.05084 0.00175818 -13676.3 -13772.7 -13957.4
  459 458.5 4.06654 0.00176499 -13651.8 -13895.4 -13778.4
  460 459.5 4.05866 0.00176157 -13966.8 -13837.7 -13879.9
  461 460.5 4.07927 0.00177052 -13958.2 -14002.1 -13850.2
  462 461.5 4.0869 0.00177383 -13631.7 -13581.2 -13623.8
  463 462.5 4.09454 0.00177715 -13754.3 -13385.8 -13708.4
  464 463.5 4.13044 0.00179273 -13619.8 -13445.3 -13688.9
  465 464.5 4.13003 0.00179255 -13899.5 -13599.2 -13759.8
  466 465.5 4.12672 0.00179111 -13696.4 -13416.4 -13576.4
  467 466.5 4.13461 0.00179453 -13655.4 -13581.3 -13747
  468 467.5 4.15229 0.00180221 -13341.8 -13466.6 -13604.5
  469 468.5 4.16314 0.00180692 -13321.1 -13276.1 -13462.8
  470 469.5 4.1749 0.00181202 -13652.5 -13335.7 -13428
  471 470.5 4.13358 0.00179409 -13595.4 -13518.7 -13741.6
  472 471.5 4.14678 0.00179982 -13599.2 -13570.1 -13701
  473 472.5 4.15166 0.00180194 -13450.4 -13744.6 -13468.7
  474 473.5 4.14417 0.00179868 -13625 -13923.8 -13608.1
  475 474.5 4.13818 0.00179609 -13657.8 -13821.6 -13585.6
  476 475.5 4.14564 0.00179932 -13607.7 -13599.5 -13491
  477 476.5 4.15003 0.00180123 -14013.9 -13397.7 -13664.2
  478 477.5 4.15574 0.00180371 -13713.3 -13484.6 -13644.1
  479 478.5 4.14618 0.00179956 -13663.9 -13446.3 -13608
  480 479.5 4.18506 0.00181643 -13836.5 -13375.7 -13399.8
  481 480.5 4.17734 0.00181308 -13864.1 -13451.9 -13462.3
  482 481.5 4.14782 0.00180027 -13703 -13612.2 -13548.1
  483 482.5 4.12472 0.00179024 -13811.8 -13609.5 -13802.4
  484 483.5 4.13804 0.00179602 -13523.7 -13581.9 -13655.6
  485 484.5 4.16706 0.00180862 -13341.7 -13526.1 -13409.6
  486 485.5 4.18063 0.00181451 -13572.9 -13476.3 -13535.4
  487 486.5 4.14302 0.00179819 -13513.6 -13481.8 -13679.7
  488 487.5 4.14445 0.00179881 -13488.4 -13552.6 -13626.9
  489 488.5 4.14431 0.00179875 -13552.5 -13436.5 -13586.8
  490 489.5 4.16385 0.00180723 -13569 -13635.6 -13471
  491 490.5 4.17681 0.00181285 -13542.6 -13559.2 -13433.8
  492 491.5 4.18271 0.00181541 -13490.4 -13751.9 -13540.8
  493 492.5 4.14902 0.00180079 -13465.2 -13596.8 -13522.6
  494 493.5 4.14146 0.00179751 -13632.1 -13767.4 -13658.6
  495 494.5 4.13934 0.00179659 -13536.8 -13633.8 -13589.6
  496 495.5 4.1523 0.00180221 -13657.8 -13673 -13659.4
  497 496.5 4.15031 0.00180135 -13624.6 -13548.3 -13628.2
  498 497.5 4.13921 0.00179653 -13635.8 -13522.5 -13636.7
  499 498.5 4.17994 0.00181421 -13796.3 -13463 -13368.6
  500 499.5 4.19299 0.00181988 -13390.7 -13294.9 -13381.5
  501 500.5 4.19673 0.0018215 -13423.1 -13462.6 -13485.2
  502 501.5 4.18735 0.00181743 -13367.9 -13215.3 -13406.4
  503 502.5 4.20016 0.00182299 -13475.7 -13372.1 -13479
  504 503.5 4.19222 0.00181954 -13191.4 -13468 -13608.4
  505 504.5 4.21368 0.00182885 -13197.2 -13338.3 -13468.4
  506 505.5 4.22258 0.00183272 -13288.6 -13259.2 -13333.8
  507 506.5 4.20606 0.00182555 -13475.7 -13211.3 -13376.8
  508 507.5 4.2393 0.00183998 -13347 -13390.3 -13243.8
  509 508.5 4.18385 0.00181591 -13142.4 -13412.5 -13521.9
  510 509.5 4.16723 0.00180869 -13345.7 -13528.4 -13585.1
  511 510.5 4.15818 0.00180476 -13042 -13552.4 -13545.8
  512 511.5 4.1264 0.00179097 -13548.4 -13733.6 -13671.1
  513 512.5 4.13041 0.00179271 -13400.7 -13715.1 -13558.5
  514 513.5 4.13717 0.00179565 -13347.9 -13715.4 -13618.4
  515 514.5 4.12358 0.00178975 -13412.1 -13626.4 -13633.5
  516 515.5 4.10133 0.00178009 -13348.2 -13641.5 -13795.5
  517 516.5 4.10305 0.00178084 -13284.8 -13843.4 -13707.2
  518 517.5 4.1485 0.00180057 -13332.1 -13624.3 -13508.3
  519 518.5 4.1534 0.00180269 -13332 -13523.8 -13546.6
  520 519.5 4.13164 0.00179325 -13325.6 -13424.3 -13524.4
  521 520.5 4.15208 0.00180212 -13661.5 -13595.3 -13610.6
  522 521.5 4.1507 0.00180152 -13397.3 -13172.2 -13734.4
  523 522.5 4.15282 0.00180244 -13437.7 -13230.7 -13589.7
  524 523.5 4.18507 0.00181644 -13675.1 -13393.5 -13464.9
  525 524.5 4.18685 0.00181721 -13341.8 -13313.9 -13454.3
  526 525.5 4.17626 0.00181261 -13417.1 -13171.5 -13494.3
  527 526.5 4.19116 0.00181908 -13521 -13446.3 -13316.9
  528 527.5 4.19502 0.00182076 -13472.3 -13490.9 -13518.8
  529 528.5 4.1781 0.00181341 -13341.5 -13555.7 -13619.4
  530 529.5 4.181 0.00181467 -13640.4 -13479.1 -13590.3
  531 530.5 4.18534 0.00181656 -13692 -13809.3 -13396.3
  532 531.5 4.18867 0.001818 -13596.2 -13643.6 -13425.1
  533 532.5 4.15934 0.00180527 -13642.4 -13546.9 -13612.7
  534 533.5 4.16977 0.0018098 -13702.7 -13549.8 -13553.6
  535 534.5 4.18466 0.00181626 -13541.5 -13703.6 -13429.8
  536 535.5 4.17278 0.0018111 -13540.7 -13756.4 -13572.6
  537 536.5 4.15628 0.00180394 -13665 -13662.1 -13668.2
  538 537.5 4.17191 0.00181073 -13722 -13640.6 -13403.3
  539 538.5 4.16978 0.0018098 -13641.2 -13834.9 -13666
  540 539.5 4.1672 0.00180868 -13618 -13972.3 -13465.1
  541 540.5 4.14949 0.00180099 -13342.7 -13837.2 -13524.9
  542 541.5 4.10934 0.00178357 -13545.1 -13829.2 -13755.4
  543 542.5 4.12983 0.00179246 -13380 -13265.3 -13577.4
  544 543.5 4.09942 0.00177926 -13452 -13647 -13769.4
  545 544.5 4.0854 0.00177318 -13696.2 -13822 -13798.3
  546 545.5 4.08452 0.0017728 -13703.1 -13737.1 -13694.3
  547 546.5 4.0715 0.00176714 -13766.1 -14026.1 -13936.2
  548 547.5 4.0894 0.00177491 -13816.5 -13988.5 -13784.4
  549 548.5 4.04762 0.00175678 -13488.6 -13709.8 -13859.6
  550 549.5 4.07341 0.00176797 -13695.6 -13773.4 -13741.1
  551 550.5 4.07033 0.00176664 -13885.3 -13691.5 -13932.5
  552 551.5 4.09862 0.00177892 -13567.4 -13948 -13700.5
  553 552.5 4.12112 0.00178868 -13732.6 -13857.4 -13626.4
  554 553.5 4.1057 0.00178199 -13700.4 -14079.1 -13702.9
  555 554.5 4.12305 0.00178952 -13921.8 -13846 -13698.8
  556 555.5 4.14023 0.00179698 -13767.1 -13617.9 -13637.7
  557 556.5 4.13927 0.00179656 -13605.1 -13693.6 -13696.3
  558 557.5 4.17278 0.0018111 -13485.7 -13670.1 -13507.6
  559 558.5 4.16008 0.00180559 -13489.2 -13659.7 -13682.3
  560 559.5 4.17501 0.00181207 -13663.7 -13806 -13547.1
  561 560.5 4.15007 0.00180125 -13549.5 -13799.1 -13649.8
  562 561.5 4.17058 0.00181015 -13681.1 -13827 -13450.9
  563 562.5 4.13078 0.00179287 -13589.4 -13798.3 -13715.2
  564 563.5 4.11598 0.00178645 -13659.8 -13928.2 -13783
  565 564.5 4.09312 0.00177653 -13662.8 -13906.7 -13758.5
  566 565.5 4.10873 0.0017833 -13609.1 -13819.2 -13642.4
  567 566.5 4.06978 0.0017664 -13841.7 -13734.3 -13925.6
  568 567.5 4.04806 0.00175697 -13983.7 -13843.5 -13941.8
  569 568.5 4.06267 0.00176331 -14198.9 -13983.1 -13807.5
  570 569.5 4.05362 0.00175938 -13942.9 -13971.3 -13840.9
  571 570.5 4.02483 0.00174689 -14139.2 -13997.7 -14018
  572 571.5 4.02044 0.00174498 -14140 -14054.9 -14110.5
  573 572.5 4.03171 0.00174987 -14260.9 -13952.7 -13859.5
  574 573.5 4.05867 0.00176158 -14024.8 -13852.9 -13765.7
  575 574.5 4.05805 0.00176131 -13823.3 -13738.4 -13898
  576 575.5 4.06364 0.00176373 -14122 -13893.3 -13893.9
  577 576.5 4.05845 0.00176148 -13963.2 -13717.5 -13811.6
  578 577.5 4.05715 0.00176092 -13928.3 -13907.3 -13851.4
  579 578.5 4.06882 0.00176598 -13868.4 -14019.6 -14003.6
  580 579.5 4.06219 0.0017631 -13633.2 -13969.1 -13717.7
  581 580.5 4.07171 0.00176724 -13877.5 -13980.8 -13683.7
  582 581.5 4.08829 0.00177443 -13827.3 -13724 -13689.1
  583 582.5 4.0833 0.00177226 -13673.8 -13887.3 -13789.8
  584 583.5 4.10709 0.00178259 -13841.5 -13869.9 -13528.6
  585 584.5 4.10523 0.00178178 -13831.8 -13419.5 -13501.5
  586 585.5 4.18314 0.0018156 -13736.7 -13277.4 -13356.1
  587 586.5 4.23614 0.0018386 -13435.7 -13472.1 -12966.3
  588 587.5 4.25974 0.00184885 -13466.7 -13421.7 -12973.7
  589 588.5 4.2991 0.00186593 -13303.5 -13270.6 -12789.7
  590 589.5 4.41192 0.0019149 -13171.5 -12911.6 -12420.8
  591 590.5 4.51583 0.00196 -12764.2 -12923.7 -11851.7
  592 591.5 4.61545 0.00200323 -12598.5 -12429.9 -11582.7
  593 592.5 4.72119 0.00204913 -12189.8 -12355.5 -11359.2
  594 593.5 4.90627 0.00212946 -11792 -12001.1 -10752.8
  595 594.5 5.12191 0.00222305 -11474.3 -11170 -10050.6
  596 595.5 5.36465 0.00232841 -11015.4 -10970.1 -9418.84
  597 596.5 5.67372 0.00246255 -10493.5 -10323.6 -8741.2
  598 597.5 6.00303 0.00260548 -9924.69 -9610.95 -8108.21
  599 598.5 6.42442 0.00278838 -9298.42 -9276.84 -7368.42
  600 599.5 6.90836 0.00299842 -8688.8 -8595.81 -6756.98
  601 600.5 7.48818 0.00325008 -7918.55 -7944.57 -5999.14
  602 601.5 8.15802 0.00354081 -7068.73 -7082.22 -5272.43
  603 602.5 8.8977 0.00386185 -6265.71 -6442.77 -4763.15
  604 603.5 9.70846 0.00421374 -5706.56 -5491.88 -4236.92
  605 604.5 10.6245 0.00461133 -5043.18 -5015 -3936.15
  606 605.5 11.5758 0.0050242 -4182.5 -4201.82 -3539.79
  607 606.5 12.6171 0.00547618 -3622.91 -3802.53 -3284.82
  608 607.5 13.7114 0.00595111 -3005.6 -3289.53 -2981.24
  609 608.5 14.8487 0.00644474 -2654.29 -2700.73 -2911.65
  610 609.5 15.9899 0.00694008 -2243.19 -2256.06 -2912.07
  611 610.5 17.0754 0.0074112 -1722.44 -1910.84 -2814.15
  612 611.5 18.2543 0.00792289 -1441.35 -1511.05 -2729.75
  613 612.5 19.2613 0.00835995 -1315.82 -1372.89 -2805.72
  614 613.5 20.1788 0.00875816 -1136.6 -1135.58 -2866.87
  615 614.5 21.088 0.00915277 -1088.45 -1124.66 -2900.95
  616 615.5 21.9808 0.0095403 -1078.86 -1078.37 -2799.13
  617 616.5 22.711 0.00985719 -906.72 -1048.79 -2897.64
  618 617.5 23.3198 0.0101214 -1029.07 -1142.83 -2947.06
  619 618.5 23.9195 0.0103817 -1075.58 -1044.21 -2873.16
  620 619.5 24.4229 0.0106002 -1174.37 -1015.23 -2874.8
  621 620.5 24.8641 0.0107917 -1265.81 -1352.77 -2801.05
  622 621.5 25.2333 0.010952 -1273.31 -1406.17 -2803.82
  623 622.5 25.5099 0.011072 -1314.94 -1345.32 -2760.29
  624 623.5 25.8438 0.0112169 -1438.26 -1495.3 -2644.12
150000000 624 13245
  1 0.5 24.9073 0.0108105 -1563.05 -1490.93 -2851.27
  2 1.5 25.2002 0.0109376 -1504.57 -1615.89 -2735.99
  3 2.5 25.4617 0.0110511 -1509.29 -1655.77 -2654.35
  4 3.5 25.6452 0.0111307 -1564.45 -1729.99 -2745.99
  5 4.5 25.8594 0.0112237 -1523.87 -1623.06 -2493.85
  6 5.5 26.0608 0.0113111 -1627.34 -1797.3 -2554.51
  7 6.5 26.2 0.0113715 -1816.05 -1701.02 -2426.95
  8 7.5 26.3277 0.0114269 -1761.63 -1862.53 -2391
  9 8.5 26.4241 0.0114688 -1916.66 -1916.52 -2362.64
  10 9.5 26.5422 0.01152 -1950.83 -1814.92 -2351.59
  11 10.5 26.6272 0.011557 -1816.43 -1931.24 -2319.24
  12 11.5 26.6885 0.0115836 -1832.44 -2060.29 -2354.21
  13 12.5 26.7648 0.0116166 -1753.9 -2019.18 -2187.9
  14 13.5 26.8044 0.0116339 -1932.72 -2070.86 -2250.51
  15 14.5 26.8984 0.0116746 -1883.12 -1998.91 -2181.81
  16 15.5 26.9342 0.0116902 -1940.05 -1993.41 -2115.9
  17 16.5 26.9648 0.0117035 -1978.47 -2241.38 -2204.28
  18 17.5 26.9707 0.011706 -1974.61 -1978.36 -2269.72
  19 18.5 26.9866 0.0117129 -2084.34 -1980.84 -2191.83
  20 19.5 27.0455 0.0117385 -1952.24 -2070.69 -2148.42
  21 20.5 27.1469 0.0117825 -2056.48 -2147.98 -1994.27
  22 21.5 27.1023 0.0117631 -1947.77 -2044.63 -2070.68
  23 22.5 27.1785 0.0117962 -2203.52 -1968.82 -2208.81
  24 23.5 27.0787 0.0117529 -2086.1 -1951.5 -2179.97
  25 24.5 27.1745 0.0117945 -2188.14 -2039.44 -2100.23
  26 25.5 27.2514 0.0118278 -2062.37 -2037.98 -2225.84
  27 26.5 27.261 0.011832 -1982 -2106.02 -2001.56
  28 27.5 27.1985 0.0118049 -1908.04 -1909.38 -2004.82
  29 28.5 27.2456 0.0118254 -1989.5 -2210.69 -2198.27
  30 29.5 27.2594 0.0118313 -2028.75 -2152.31 -2182.21
  31 30.5 27.2368 0.0118215 -1865.2 -2070.76 -2026.23
  32 31.5 27.2489 0.0118268 -2032.13 -2074.38 -2056.3
  33 32.5 27.2608 0.0118319 -2140.42 -2115.1 -2155.82
  34 33.5 27.2904 0.0118448 -1973.33 -2084.59 -2137.4
  35 34.5 27.2065 0.0118084 -2127.82 -2020.75 -2142.04
  36 35.5 27.3153 0.0118556 -1926.25 -1947.61 -1938.32
  37 36.5 27.2653 0.0118339 -1815.62 -1939.13 -2206.84
  38 37.5 27.2293 0.0118183 -1938.82 -1897.82 -2047.12
  39 38.5 27.2566 0.0118301 -1908.07 -1849.65 -2019.2
  40 39.5 27.3436 0.0118679 -2129.58 -2027.35 -2124.07
  41 40.5 27.246 0.0118255 -2021.28 -2016.81 -2116.22
  42 41.5 27.2368 0.0118215 -2175.17 -2166.48 -2027.12
  43 42.5 27.2635 0.0118331 -2112.61 -2254.59 -2078.27
  44 43.5 27.3212 0.0118582 -2080.5 -2074.47 -2035.55
  45 44.5 27.2156 0.0118123 -2234.98 -2094.31 -2036.4
  46 45.5 27.191 0.0118016 -2182.15 -2148.7 -2165.2
  47 46.5 27.277 0.011839 -2181.05 -2082.92 -2124.35
  48 47.5 27.3424 0.0118674 -2183.41 -2175.69 -1948.37
  49 48.5 27.2174 0.0118131 -2232.17 -2171.19 -2162.95
  50 49.5 27.2242 0.0118161 -2091.42 -2010.79 -2101.22
  51 50.5 27.3003 0.0118491 -1957.29 -2047.71 -2031.9
  52 51.5 27.2683 0.0118352 -1986.84 -2227.96 -2040.13
  53 52.5 27.2222 0.0118152 -2111.39 -2115.41 -2102.3
  54 53.5 27.2835 0.0118418 -2045.24 -2235.16 -2116.81
  55 54.5 27.2878 0.0118437 -2060.85 -2141.21 -1948.31
  56 55.5 27.2892 0.0118443 -2145.29 -2232.79 -2097.14
  57 56.5 27.2308 0.0118189 -2094.2 -2034.37 -2054.37
  58 57.5 27.2781 0.0118395 -2075.69 -1973.36 -2097.42
  59 58.5 27.2631 0.011833 -2169.47 -2131.65 -2083.15
  60 59.5 27.2972 0.0118477 -2031.08 -2052.98 -2137.65
  61 60.5 27.3117 0.011854 -1959.67 -2033.21 -1988.15
  62 61.5 27.2897 0.0118445 -2140.91 -2007.52 -1888.51
  63 62.5 27.3157 0.0118558 -2200.89 -2023.12 -2275.1
  64 63.5 27.3575 0.0118739 -1932.22 -1896.53 -2085.67
  65 64.5 27.2816 0.011841 -2080.93 -2224.11 -2059.96
  66 65.5 27.3883 0.0118873 -2165.52 -2194.51 -2075.64
  67 66.5 27.4135 0.0118982 -2117.66 -2163.95 -2014.11
  68 67.5 27.3795 0.0118835 -1995.85 -2081.33 -2050.81
  69 68.5 27.3755 0.0118817 -2060.18 -2085.47 -2056.03
  70 69.5 27.4349 0.0119075 -2106.34 -2066.85 -2053.03
  71 70.5 27.3796 0.0118835 -2094.68 -2029.08 -2176.27
  72 71.5 27.4039 0.0118941 -1900.37 -1815.99 -1951.87
  73 72.5 27.3884 0.0118873 -2009.36 -2006.55 -2178.31
  74 73.5 27.3952 0.0118903 -1935.54 -1941.87 -2086.29
  75 74.5 27.4995 0.0119356 -1990.11 -1882.57 -1908.44
  76 75.5 27.4141 0.0118985 -2050.62 -2012.81 -2107.33
  77 76.5 27.478 0.0119262 -1988.34 -1955.85 -2069.32
  78 77.5 27.4701 0.0119228 -2209.79 -2151.55 -2031.03
  79 78.5 27.488 0.0119306 -2145.97 -2209.76 -2146.37
  80 79.5 27.5265 0.0119473 -2100.87 -1971.34 -2001.94
  81 80.5 27.4806 0.0119273 -2134.28 -2094.28 -2087.27
  82 81.5 27.4837 0.0119287 -1985.61 -2058.92 -2129.26
  83 82.5 27.5505 0.0119577 -1934.72 -1970.34 -2071.57
  84 83.5 27.6106 0.0119838 -2028.21 -1955.23 -2045.02
  85 84.5 27.5334 0.0119502 -1926.13 -2011 -1979.99
  86 85.5 27.5745 0.0119681 -2107.15 -1942.27 -2150.68
  87 86.5 27.6244 0.0119897 -2008.74 -1883.49 -2088.86
  88 87.5 27.5707 0.0119664 -1931.46 -1786.35 -2023.24
  89 88.5 27.5877 0.0119738 -2111.57 -1836.7 -2087.76
  90 89.5 27.5991 0.0119788 -2063.85 -2091.51 -2175.27
  91 90.5 27.5733 0.0119676 -1891.76 -1883.98 -2002.7
  92 91.5 27.6025 0.0119803 -2011.3 -1993.88 -2036.29
  93 92.5 27.5801 0.0119705 -2080 -2017.99 -2113.95
  94 93.5 27.5923 0.0119758 -2042.9 -2066.42 -2045.56
  95 94.5 27.576 0.0119688 -1935.96 -1992.39 -2054.4
  96 95.5 27.556 0.0119601 -2014.44 -2019.5 -2073.21
  97 96.5 27.526 0.011947 -2045.17 -2026.71 -1978.27
  98 97.5 27.5122 0.0119411 -2127.82 -2230.6 -2229.33
  99 98.5 27.5701 0.0119662 -2066.53 -2038.49 -1925.2
  100 99.5 27.5706 0.0119664 -2139.35 -2028.01 -2012.64
  101 100.5 27.4666 0.0119213 -2043.54 -2080.24 -2193.21
  102 101.5 27.502 0.0119366 -2141.38 -1970.78 -2064.62
  103 102.5 27.5935 0.0119763 -2072.48 -2038.05 -2085.41
  104 103.5 27.5264 0.0119472 -2142.52 -2107.44 -1939.2
  105 104.5 27.442 0.0119106 -1997.31 -2053.24 -2096.83
  106 105.5 27.4516 0.0119148 -2124.09 -2000.66 -2149.08
  107 106.5 27.5142 0.0119419 -1919.91 -1940.71 -2007.88
  108 107.5 27.4603 0.0119185 -2188.07 -2067.86 -2018.3
  109 108.5 27.4515 0.0119147 -2023.79 -2067.24 -2097.29
  110 109.5 27.3962 0.0118907 -1961.74 -1935.23 -2063.4
  111 110.5 27.4003 0.0118925 -1941.02 -2025.26 -2094.42
  112 111.5 27.418 0.0119002 -1935.4 -1880.46 -2007.57
  113 112.5 27.4462 0.0119124 -1977.15 -1923.81 -1977.69
  114 113.5 27.3935 0.0118895 -1984 -1817.86 -2041.35
  115 114.5 27.3498 0.0118706 -1946.35 -1849.99 -2243.13
  116 115.5 27.3865 0.0118865 -2060.91 -1887.14 -1953.41
  117 116.5 27.4411 0.0119102 -2071.83 -2019.95 -2022.21
  118 117.5 27.3881 0.0118872 -2003.96 -1959.69 -2082.05
  119 118.5 27.3303 0.0118621 -1958.6 -1919.25 -2041.66
  120 119.5 27.3833 0.0118851 -1854.41 -1997.78 -2048.97
  121 120.5 27.3933 0.0118895 -2075.96 -1996.9 -2099.52
  122 121.5 27.3875 0.0118869 -2017.35 -2089.03 -2066.06
  123 122.5 27.3528 0.0118719 -1935.14 -1960.09 -2075.02
  124 123.5 27.425 0.0119032 -2084.94 -1862.04 -1958.06
  125 124.5 27.3735 0.0118808 -1954.9 -2067.85 -2098.35
  126 125.5 27.378 0.0118828 -2046.4 -1935.88 -2093.43
  127 126.5 27.4226 0.0119022 -2092.78 -2055.82 -2014.74
  128 127.5 27.4326 0.0119065 -2043.94 -1955.07 -2040.19
  129 128.5 27.3518 0.0118715 -2173.01 -2020.3 -2170.03
  130 129.5 27.392 0.0118889 -2071.7 -2066.52 -2077.61
  131 130.5 27.422 0.0119019 -2111.83 -2114.5 -2129.76
  132 131.5 27.4941 0.0119332 -2087.4 -2127.24 -1954.3
  133 132.5 27.3429 0.0118676 -2193.74 -1936.84 -2093.31
  134 133.5 27.4072 0.0118955 -2037.06 -1949.72 -2078.91
  135 134.5 27.4134 0.0118982 -2060.19 -1865.19 -2065.07
  136 135.5 27.4018 0.0118932 -2203.96 -2170.52 -2025.03
  137 136.5 27.3626 0.0118761 -2081.79 -2123.25 -2187.77
  138 137.5 27.3654 0.0118774 -1924.59 -1980.29 -2096.58
  139 138.5 27.4651 0.0119206 -2065.12 -1948.58 -1979.35
  140 139.5 27.4056 0.0118948 -2135.1 -2032.89 -2037.3
  141 140.5 27.3539 0.0118724 -2074.69 -1867.58 -2131.81
  142 141.5 27.3568 0.0118736 -1998.38 -2123.51 -2123.43
  143 142.5 27.3897 0.0118879 -2071.17 -1907.39 -2021.57
  144 143.5 27.3774 0.0118825 -2074.69 -2090.77 -2110.33
  145 144.5 27.3367 0.0118649 -2039.87 -2129.55 -2006.07
  146 145.5 27.3713 0.0118799 -2068.32 -1899.06 -2023.03
  147 146.5 27.3493 0.0118704 -2037.96 -2130.22 -2161.77
  148 147.5 27.2604 0.0118318 -2066.62 -2088.42 -2187.09
  149 148.5 27.3373 0.0118652 -2075.79 -2136.88 -1969.53
  150 149.5 27.422 0.0119019 -2187.76 -2078.92 -2014.79
  151 150.5 27.2918 0.0118454 -2225.72 -2052.09 -2191.02
  152 151.5 27.1881 0.0118004 -2045.96 -2101.82 -2109.58
  153 152.5 27.3928 0.0118893 -2188.86 -1977.21 -2113.92
  154 153.5 27.4219 0.0119019 -1984.62 -2016.97 -1935.35
  155 154.5 27.2601 0.0118316 -2031.08 -1894.31 -1998.69
  156 155.5 27.2503 0.0118274 -2014.16 -2025.53 -2179.78
  157 156.5 27.332 0.0118629 -1904.15 -2005.39 -2189.7
  158 157.5 27.2937 0.0118462 -1957.03 -1907.92 -1927.05
  159 158.5 27.2708 0.0118363 -2058.86 -2126.12 -2050.18
  160 159.5 27.2555 0.0118296 -2111.74 -2093.41 -2134.89
  161 160.5 27.31 0.0118533 -2175.2 -2139.39 -2171.65
  162 161.5 27.2702 0.011836 -2047.38 -2111.16 -1960.79
  163 162.5 27.2232 0.0118156 -2168.53 -2037.43 -2047.67
  164 163.5 27.2059 0.0118081 -2232.12 -2186.31 -2157.59
  165 164.5 27.2263 0.011817 -2296.08 -1899.92 -2085.24
  166 165.5 27.2506 0.0118275 -2072.29 -2019.27 -2032.09
  167 166.5 27.2237 0.0118159 -2195.57 -1907.33 -2080.17
  168 167.5 27.1831 0.0117982 -2210 -2235.5 -2129.5
  169 168.5 27.2169 0.0118129 -2295.48 -2277.34 -2023.41
  170 169.5 27.26 0.0118316 -2245.39 -2055.28 -2114.28
  171 170.5 27.2133 0.0118113 -2292.31 -2163.34 -2116.18
  172 171.5 27.1569 0.0117869 -2011 -2106.38 -2076.7
  173 172.5 27.1674 0.0117914 -2024.36 -2048.32 -2083.55
  174 173.5 27.2238 0.0118159 -2113.94 -2155.55 -2186.8
  175 174.5 27.1275 0.0117741 -1775.79 -1984.82 -2054.77
  176 175.5 27.1249 0.011773 -1776.37 -1884.62 -2167.82
  177 176.5 27.1695 0.0117923 -1861.4 -1880.91 -2044.39
  178 177.5 27.1539 0.0117856 -1894.98 -1969.76 -2026.13
  179 178.5 27.0982 0.0117614 -1947.31 -2002.11 -2254.78
  180 179.5 27.048 0.0117396 -2100.85 -2019.14 -2167.76
  181 180.5 27.0887 0.0117572 -1953.49 -2054.38 -2042.49
  182 181.5 27.1335 0.0117767 -2232.99 -2055.82 -2122.58
  183 182.5 27.0314 0.0117324 -2054.74 -2073.62 -2208.08
  184 183.5 27.0217 0.0117282 -2080.7 -2022.99 -2173.9
  185 184.5 27.0179 0.0117265 -2104.61 -1797.58 -2108.78
  186 185.5 26.9366 0.0116912 -2028.52 -1945.07 -2314.58
  187 186.5 26.9111 0.0116802 -1870.83 -1917.91 -2032.19
  188 187.5 26.8446 0.0116513 -2078.19 -1966.42 -2262.4
  189 188.5 26.891 0.0116714 -2009.79 -1820.41 -2065.57
  190 189.5 26.8037 0.0116336 -2080.48 -1874.23 -2198.28
  191 190.5 26.7012 0.0115891 -2059.55 -1955.36 -2234.69
  192 191.5 26.6151 0.0115517 -1970.58 -1966.7 -2251.28
  193 192.5 26.6386 0.0115619 -1874.72 -1980.73 -2101.3
  194 193.5 26.5999 0.0115451 -2069.09 -2108.87 -2106.04
  195 194.5 26.4261 0.0114697 -1854.85 -2156.89 -2140.48
  196 195.5 26.4196 0.0114669 -1995.18 -2143.37 -2078.31
  197 196.5 26.404 0.0114601 -2167.16 -2232.83 -2068.99
  198 197.5 26.2391 0.0113885 -2190.97 -2188.02 -2043.52
  199 198.5 26.1504 0.01135 -2144.33 -2106.87 -1980.44
  200 199.5 26.1334 0.0113426 -2141.18 -2032.29 -2031.6
  201 200.5 26.0847 0.0113215 -2099.47 -2145.22 -1977
  202 201.5 26.0153 0.0112914 -2186.11 -2097.36 -1881.81
  203 202.5 26.0338 0.0112994 -1973.34 -1989.12 -1864.13
  204 203.5 26.0551 0.0113086 -2077.63 -1934.77 -1769.85
  205 204.5 26.1012 0.0113287 -2130.23 -2017.14 -1839.83
  206 205.5 26.1094 0.0113322 -2179.99 -2136.72 -1905.1
  207 206.5 26.2052 0.0113738 -2105.22 -2196.52 -1870.7
  208 207.5 26.3644 0.0114429 -2152.39 -2103.45 -1677.86
  209 208.5 26.4986 0.0115011 -2188.28 -2076.32 -1854.83
  210 209.5 26.5447 0.0115211 -1978.5 -1977.23 -1798.44
  211 210.5 26.688 0.0115833 -1814.91 -1921.88 -1898.13
  212 211.5 26.9142 0.0116815 -1931.65 -1912.24 -2002.17
  213 212.5 27.0858 0.011756 -1715.19 -1886.14 -1925.85
  214 213.5 27.2316 0.0118193 -1535.16 -1631.03 -1896.96
  215 214.5 27.462 0.0119193 -1725.5 -1665.09 -2041.2
  216 215.5 27.6817 0.0120146 -1749.69 -1622.12 -2053.33
  217 216.5 27.8014 0.0120666 -1749.06 -1584.04 -2061.2
  218 217.5 28.0217 0.0121622 -1751.25 -1515.27 -2064.97
  219 218.5 28.199 0.0122391 -1653.28 -1543.83 -2149.27
  220 219.5 28.3277 0.012295 -1445.07 -1615.6 -1997.78
  221 220.5 28.4732 0.0123582 -1626.58 -1686.9 -2196.8
  222 221.5 28.585 0.0124067 -1558.18 -1689.06 -2072.04
  223 222.5 28.713 0.0124622 -1661.01 -1704.7 -2295.01
  224 223.5 28.8922 0.01254 -1763.9 -1827.08 -2063.72
  225 224.5 29.0001 0.0125869 -1487.36 -1765.22 -1998.77
  226 225.5 28.9894 0.0125822 -1820.05 -1859.56 -2227.84
  227 226.5 29.1939 0.012671 -1741.37 -1780.76 -2088.07
  228 227.5 29.2615 0.0127003 -1662.86 -1815.4 -2109.02
  229 228.5 29.2619 0.0127005 -1632.25 -1745.76 -2037.58
  230 229.5 29.3501 0.0127388 -1856.86 -2019.49 -2151.38
  231 230.5 29.4714 0.0127914 -1835.02 -1700.1 -1898.99
  232 231.5 29.5182 0.0128117 -1761.05 -1695.76 -2059.48
  233 232.5 29.48 0.0127951 -1808.35 -1818.59 -2084.58
  234 233.5 29.5067 0.0128067 -1907.11 -1807.53 -2036.87
  235 234.5 29.6506 0.0128692 -1883.94 -1834.95 -2014.7
  236 235.5 29.6222 0.0128569 -1819.85 -1911.81 -2015.16
  237 236.5 29.5751 0.0128364 -1865 -1708.28 -1991.74
  238 237.5 29.639 0.0128641 -1888.91 -1779.7 -1954.73
  239 238.5 29.7061 0.0128933 -1818.95 -1800.14 -2079.84
  240 239.5 29.677 0.0128807 -1647.56 -1607.73 -1913.4
  241 240.5 29.6422 0.0128656 -1786.67 -1678.23 -1889.49
  242 241.5 29.6998 0.0128906 -1772.97 -1728 -2020.1
  243 242.5 29.6909 0.0128867 -1906.33 -1961.28 -1971.94
  244 243.5 29.6729 0.0128788 -1937.3 -2039.42 -1921.12
  245 244.5 29.6983 0.0128899 -1773.09 -1997.76 -1839.35
  246 245.5 29.7006 0.0128909 -1884.02 -1949.26 -1977.47
  247 246.5 29.6438 0.0128663 -1917.55 -1815.2 -1992.25
  248 247.5 29.7027 0.0128918 -1816 -1860.41 -1867.03
  249 248.5 29.6432 0.012866 -1792.24 -1856.79 -1953.14
  250 249.5 29.7043 0.0128925 -1945.19 -1817.92 -1913.07
  251 250.5 29.6849 0.0128841 -1902.98 -1644.72 -1989.99
  252 251.5 29.739 0.0129075 -1938.01 -1789.46 -1769.88
  253 252.5 29.6163 0.0128543 -1823.96 -1961.59 -1972.83
  254 253.5 29.6938 0.0128879 -1870.16 -1856.25 -2005.57
  255 254.5 29.7056 0.012893 -1895.97 -1913.17 -1836.59
  256 255.5 29.627 0.0128589 -1971.77 -1838.02 -1845.6
  257 256.5 29.5906 0.0128431 -1932.78 -1905.68 -1996.77
  258 257.5 29.6188 0.0128554 -2003.23 -1996.77 -1974.24
  259 258.5 29.6753 0.0128799 -1942.75 -2113.86 -1817.22
  260 259.5 29.5672 0.012833 -2018.13 -2088.66 -1874.63
  261 260.5 29.624 0.0128577 -1974.53 -2150.74 -1993.35
  262 261.5 29.6416 0.0128653 -1831.75 -1939.13 -1891.49
  263 262.5 29.6355 0.0128626 -2028.16 -2045.42 -1883.02
  264 263.5 29.5611 0.0128303 -1875.94 -2050.46 -1872.49
  265 264.5 29.6223 0.0128569 -2144.77 -2197.27 -2034.54
  266 265.5 29.634 0.012862 -2040.9 -2023.79 -1905.41
  267 266.5 29.5985 0.0128466 -2092.53 -2037.1 -1973.82
  268 267.5 29.581 0.012839 -2096.32 -2017.21 -1773.96
  269 268.5 29.614 0.0128533 -1935.75 -1895.89 -1822.62
  270 269.5 29.6184 0.0128552 -2035.37 -1894.01 -1965.76
  271 270.5 29.5558 0.012828 -1870.65 -1852.36 -1907.71
  272 271.5 29.5462 0.0128239 -1853.62 -1863.66 -1873.35
  273 272.5 29.5539 0.0128272 -1937.56 -1852.49 -1949.14
  274 273.5 29.5652 0.0128321 -2023.77 -1832.7 -1890.57
  275 274.5 29.5627 0.012831 -1875.04 -1864.5 -1814.87
  276 275.5 29.5834 0.01284 -2076.97 -1971.39 -1897.63
  277 276.5 29.6417 0.0128653 -2035.61 -1965.64 -1897.09
  278 277.5 29.5514 0.0128261 -1826.38 -1936.05 -1892.68
  279 278.5 29.5624 0.0128309 -1991.6 -2010.32 -1913.52
  280 279.5 29.6408 0.012865 -1770.04 -1788.56 -1918.18
  281 280.5 29.6366 0.0128631 -1669.38 -1538.9 -1926.93
  282 281.5 29.6252 0.0128582 -1670.96 -1585.22 -1847.99
  283 282.5 29.5855 0.0128409 -1724.27 -1686.78 -1932.77
  284 283.5 29.7051 0.0128928 -1922.44 -2017.81 -2034.87
  285 284.5 29.6706 0.0128779 -2012.8 -1950.7 -1800.96
  286 285.5 29.6589 0.0128728 -1956.61 -2006.32 -1978.42
  287 286.5 29.7145 0.0128969 -1866.56 -1851.25 -1813.45
  288 287.5 29.7172 0.0128981 -1917.94 -2032.14 -1974.3
  289 288.5 29.6482 0.0128681 -1880.71 -2058.98 -1954.75
  290 289.5 29.6861 0.0128846 -1930.56 -1915.99 -1874.49
  291 290.5 29.7684 0.0129203 -1855.8 -1983.57 -1925.11
  292 291.5 29.6654 0.0128756 -1908.57 -2042.82 -1897.48
  293 292.5 29.6544 0.0128708 -2048.04 -2049.73 -1915.78
  294 293.5 29.6715 0.0128782 -2029.52 -2145.05 -1956.96
  295 294.5 29.7238 0.0129009 -2134.11 -2123.33 -1857.66
  296 295.5 29.7043 0.0128925 -2096.99 -2094.8 -1842.6
  297 296.5 29.6166 0.0128544 -1966.45 -1919.08 -1942.63
  298 297.5 29.6895 0.0128861 -1828.72 -1977.09 -1945.07
  299 298.5 29.7106 0.0128952 -1830.13 -1978.48 -1941.33
  300 299.5 29.7168 0.0128979 -2045.27 -1985.19 -1824.88
  301 300.5 29.6803 0.0128821 -1902.38 -2046.36 -1774.07
  302 301.5 29.7788 0.0129248 -1913.74 -1964.94 -1985.26
  303 302.5 29.7164 0.0128977 -1935.3 -2088.6 -1983.52
  304 303.5 29.7179 0.0128984 -2014.78 -1999.75 -1898.22
  305 304.5 29.7862 0.012928 -1899.79 -2092.66 -1951.89
  306 305.5 29.725 0.0129015 -2025.92 -2032.71 -1908.83
  307 306.5 29.7445 0.0129099 -1977.24 -1910.63 -1836.61
  308 307.5 29.7873 0.0129285 -1988.69 -2030.12 -2015.54
  309 308.5 29.7545 0.0129143 -1871.63 -2015.91 -1861.21
  310 309.5 29.6991 0.0128902 -2103.39 -2107.53 -2072.13
  311 310.5 29.7473 0.0129111 -1840.89 -1709.36 -1842.59
  312 311.5 29.8028 0.0129353 -1996.98 -1906.11 -1810.69
  313 312.5 29.7063 0.0128933 -2156.89 -2005.6 -1921.17
  314 313.5 29.6843 0.0128838 -2112.07 -1952.06 -2103.97
  315 314.5 29.7575 0.0129156 -1780.91 -1923.66 -1886.77
  316 315.5 29.7192 0.012899 -1913.04 -1924.12 -1760.74
  317 316.5 29.7384 0.0129073 -2103.4 -1745.16 -1968.42
  318 317.5 29.6765 0.0128804 -1980.08 -1809.42 -2001.37
  319 318.5 29.7205 0.0128995 -1877.1 -1837.25 -1801.13
  320 319.5 29.6404 0.0128647 -1901.94 -1850.26 -1959.15
  321 320.5 29.6732 0.012879 -1964.4 -1953.89 -1904.98
  322 321.5 29.6307 0.0128606 -1961.95 -1850.27 -1854.68
  323 322.5 29.6719 0.0128784 -1839.58 -1806.14 -1836.97
  324 323.5 29.6291 0.0128598 -1771.53 -1945.63 -2004.04
  325 324.5 29.6061 0.0128499 -1959.23 -2073.64 -1836.79
  326 325.5 29.5953 0.0128452 -1974.49 -2003.47 -1965.64
  327 326.5 29.676 0.0128802 -1848.35 -2100.23 -1938.15
  328 327.5 29.6132 0.0128529 -2048.09 -1989.05 -1918.38
  329 328.5 29.6038 0.0128489 -1790.34 -1839.97 -1713.68
  330 329.5 29.626 0.0128585 -1932.56 -2064.82 -1993.33
  331 330.5 29.6553 0.0128712 -1816.04 -1958.19 -1919.95
  332 331.5 29.546 0.0128238 -1858.07 -2048.05 -1950.53
  333 332.5 29.6339 0.0128619 -2031.33 -2174.55 -1832.04
  334 333.5 29.5797 0.0128384 -1917.94 -2044.41 -1919.82
  335 334.5 29.6576 0.0128722 -1664.58 -1983.15 -1878.81
  336 335.5 29.507 0.0128068 -1893.93 -1914.13 -1978.81
  337 336.5 29.5821 0.0128395 -1996.57 -1960.16 -1911.99
  338 337.5 29.6605 0.0128735 -2003.9 -2145.2 -1916.73
  339 338.5 29.6372 0.0128633 -1921.24 -1930.77 -1752.93
  340 339.5 29.4992 0.0128035 -1927.41 -1967.16 -1969.07
  341 340.5 29.6223 0.0128569 -1937.4 -1896.93 -2008.31
  342 341.5 29.6608 0.0128736 -1720.88 -1779.03 -1810.95
  343 342.5 29.5683 0.0128335 -1930.1 -1964.3 -1883.11
  344 343.5 29.5658 0.0128324 -1934.99 -1912.77 -2029.41
  345 344.5 29.6485 0.0128683 -1791.9 -1907.28 -1899.38
  346 345.5 29.6308 0.0128606 -1787.81 -1714.92 -1794.71
  347 346.5 29.5629 0.0128311 -1692.22 -1892.91 -1963.61
  348 347.5 29.6225 0.012857 -1778.09 -2010.9 -1947.92
  349 348.5 29.6317 0.012861 -1785.51 -1918.86 -1892.29
  350 349.5 29.6156 0.012854 -1867.94 -1912.34 -1771.98
  351 350.5 29.6116 0.0128523 -2008.17 -1822.5 -1997.33
  352 351.5 29.6406 0.0128648 -1896.34 -1885.65 -1901.89
  353 352.5 29.6283 0.0128595 -2053.58 -1897.04 -1900.74
  354 353.5 29.6834 0.0128834 -2090.83 -1861.76 -1859.02
  355 354.5 29.5622 0.0128308 -2021.74 -1900 -1972.44
  356 355.5 29.6373 0.0128634 -1907.39 -1767.99 -1926.46
  357 356.5 29.6719 0.0128784 -1771.67 -1830.56 -1839.33
  358 357.5 29.6215 0.0128566 -1957.32 -2118.59 -1833.33
  359 358.5 29.6471 0.0128677 -2130.86 -2064.11 -1969.59
  360 359.5 29.6449 0.0128667 -1889.07 -1897.55 -1933.29
  361 360.5 29.6042 0.012849 -1859.24 -1880.42 -1876.69
  362 361.5 29.6381 0.0128638 -1949.4 -1904.93 -1851.04
  363 362.5 29.6816 0.0128827 -1933.05 -1910.06 -1805.93
  364 363.5 29.5918 0.0128437 -1904.12 -1956.49 -1974.59
  365 364.5 29.6063 0.01285 -1896.73 -1888.99 -1917.17
  366 365.5 29.7173 0.0128981 -1918.15 -1968.26 -1953.6
  367 366.5 29.6131 0.0128529 -1909.92 -2178.53 -1812.35
  368 367.5 29.6425 0.0128657 -1713.28 -1969.49 -1788.71
  369 368.5 29.6883 0.0128855 -1741.94 -1831.63 -1920.4
  370 369.5 29.6884 0.0128856 -1819.73 -2049.3 -1958.5
  371 370.5 29.6769 0.0128806 -1813.45 -1881.34 -1865.31
  372 371.5 29.7306 0.0129039 -1991.56 -1913.17 -1884.27
  373 372.5 29.7359 0.0129062 -1905.51 -1819.73 -1954.06
  374 373.5 29.7323 0.0129046 -1797.32 -1761.8 -1887.6
  375 374.5 29.782 0.0129262 -1740.02 -1990.02 -1782.97
  376 375.5 29.7873 0.0129285 -1741.54 -1863.79 -1911.45
  377 376.5 29.7467 0.0129109 -1847.75 -1935.24 -1982.32
  378 377.5 29.7949 0.0129318 -1827.4 -1855.23 -1896.34
  379 378.5 29.8014 0.0129346 -1818.28 -1712.24 -1912.35
  380 379.5 29.8499 0.0129557 -1718.66 -1655.95 -1876.42
  381 380.5 29.8224 0.0129438 -1979.09 -1855.61 -2015.35
  382 381.5 29.8805 0.012969 -1871.34 -1842.53 -1884.76
  383 382.5 29.8538 0.0129574 -1895.66 -1803.58 -1833.4
  384 383.5 29.8741 0.0129662 -1914.53 -1910.99 -1925.43
  385 384.5 29.8802 0.0129688 -1915.55 -1873.9 -1972.23
  386 385.5 29.8947 0.0129751 -1983.99 -1847.75 -1935.41
  387 386.5 29.8767 0.0129673 -1904.58 -1759.78 -1919.4
  388 387.5 29.9236 0.0129877 -2099.17 -1952.31 -2016.16
  389 388.5 29.9337 0.0129921 -1775.25 -1694.5 -1849.79
  390 389.5 29.9514 0.0129998 -1696.53 -1802.62 -1917.8
  391 390.5 29.8862 0.0129715 -1815.96 -1908.47 -2047.77
  392 391.5 29.937 0.0129935 -1664.02 -1689.66 -1926.74
  393 392.5 29.966 0.0130061 -1617.27 -1756.84 -1930.81
  394 393.5 29.9052 0.0129797 -1644.94 -1771.82 -2003.97
  395 394.5 29.9216 0.0129868 -1755.35 -1761.66 -2061.68
  396 395.5 29.9086 0.0129812 -1794.17 -1751.19 -1945.56
  397 396.5 29.8754 0.0129667 -1731.33 -1681.5 -2118.88
  398 397.5 29.8377 0.0129504 -1556.82 -1632.63 -1989.03
  399 398.5 29.7685 0.0129204 -1596.71 -1642.13 -2133.15
  400 399.5 29.7429 0.0129093 -1622.9 -1604.37 -2134.58
  401 400.5 29.7139 0.0128967 -1755.82 -1783.61 -2088.75
  402 401.5 29.6319 0.0128611 -1776.72 -1771.61 -2018.61
  403 402.5 29.5433 0.0128226 -1477.18 -1722.8 -2219.43
  404 403.5 29.371 0.0127478 -1482.07 -1628.1 -2136.83
  405 404.5 29.3631 0.0127444 -1448.22 -1603.75 -2140.57
  406 405.5 29.2162 0.0126807 -1662.23 -1791 -2278.55
  407 406.5 29.0112 0.0125917 -1620.75 -1519.56 -2096.03
  408 407.5 28.9156 0.0125502 -1621.39 -1493.98 -2235.35
  409 408.5 28.7492 0.012478 -1621.46 -1448.6 -2324.92
  410 409.5 28.5214 0.0123791 -1655.78 -1613.34 -2211.57
  411 410.5 28.3155 0.0122897 -1496.57 -1626.11 -2199.79
  412 411.5 28.14 0.0122136 -1392.21 -1391.96 -2209.04
  413 412.5 27.8444 0.0120853 -1517.92 -1492.83 -2263.78
  414 413.5 27.5834 0.0119719 -1573.28 -1564.3 -2404.34
  415 414.5 27.3752 0.0118816 -1321.31 -1480.83 -2264.3
  416 415.5 27.0408 0.0117364 -1443.95 -1465.81 -2358.73
  417 416.5 26.7316 0.0116023 -1337.25 -1391.76 -2318.33
  418 417.5 26.3756 0.0114477 -1469.4 -1432.16 -2472.37
  419 418.5 26.0277 0.0112968 -1527.49 -1414.66 -2474.56
  420 419.5 25.5882 0.011106 -1294.09 -1342.77 -2508.57
  421 420.5 25.1278 0.0109062 -1229.82 -1155.36 -2604.32
  422 421.5 24.599 0.0106766 -1115.05 -1218.11 -2696.8
  423 422.5 24.0803 0.0104515 -1330.14 -1318.23 -2581.86
  424 423.5 23.5058 0.0102022 -1231.53 -1267 -2790.59
  425 424.5 22.8128 0.0099014 -1114.94 -1081.59 -2637.89
  426 425.5 22.024 0.00955901 -1120.91 -1190.37 -2788.3
  427 426.5 21.2335 0.00921594 -1088.54 -1263.37 -2792.02
  428 427.5 20.3344 0.00882569 -1326.59 -1166.3 -2748.21
  429 428.5 19.3225 0.00838648 -1303.43 -1303.15 -2798.58
  430 429.5 18.2772 0.00793283 -1637.69 -1723.81 -2776.37
  431 430.5 17.2409 0.00748304 -1865.76 -1934.67 -2812.81
  432 431.5 16.097 0.00698654 -2132.28 -2259.97 -2824.96
  433 432.5 14.9393 0.00648406 -2584.64 -2608.28 -2743.13
  434 433.5 13.7269 0.00595786 -2980.59 -3157.15 -3104.16
  435 434.5 12.6154 0.00547544 -3594.13 -3922.96 -3360.4
  436 435.5 11.5614 0.00501796 -4358.2 -4596.7 -3552.57
  437 436.5 10.5228 0.00456718 -5105.83 -5166.81 -3820.65
  438 437.5 9.60591 0.00416923 -5876.72 -5820.09 -4387.7
  439 438.5 8.76067 0.00380238 -6266.79 -6370.68 -4690.04
  440 439.5 7.96364 0.00345644 -7151.16 -7241.31 -5510.74
  441 440.5 7.28071 0.00316003 -8182.67 -8182.3 -6322.97
  442 441.5 6.70638 0.00291075 -8756.18 -8848.53 -6966.79
  443 442.5 6.22846 0.00270333 -9497.3 -9742.29 -7657.04
  444 443.5 5.80006 0.00251739 -10198.7 -10209.8 -8399.2
  445 444.5 5.47213 0.00237506 -10972.9 -10858.8 -9180.56
  446 445.5 5.19298 0.0022539 -11438.6 -11441.6 -9736.53
  447 446.5 4.95498 0.0021506 -11929.8 -12102.4 -10534.8
  448 447.5 4.72957 0.00205276 -12544.7 -12329.6 -11162.1
  449 448.5 4.59219 0.00199314 -13102.2 -13029 -11619.8
  450 449.5 4.4665 0.00193858 -13302.7 -13353.1 -12152.2
  451 450.5 4.336 0.00188194 -13475.8 -13562.4 -12632.9
  452 451.5 4.26664 0.00185184 -13601 -13446.7 -12865.2
  453 452.5 4.21628 0.00182998 -13871.1 -13752.6 -13126.4
  454 453.5 4.16331 0.00180699 -14268.6 -14234.4 -13427.5
  455 454.5 4.12889 0.00179205 -14231.9 -14248.1 -13572.6
  456 455.5 4.06602 0.00176476 -14541.6 -14112.9 -13779
  457 456.5 4.07398 0.00176822 -14499.2 -14335.8 -13635.2
  458 457.5 4.03662 0.00175201 -14446.3 -14510.9 -13933
  459 458.5 3.97722 0.00172622 -14498.4 -14481.3 -14201
  460 459.5 3.96526 0.00172103 -14589.4 -14781 -14280
  461 460.5 3.97575 0.00172559 -14616.1 -14658.4 -14274.5
  462 461.5 3.95675 0.00171734 -14610.6 -14684.3 -14198.4
  463 462.5 3.95297 0.0017157 -14512.3 -14911.3 -14325
  464 463.5 3.94831 0.00171368 -14525 -14695.9 -14391.4
  465 464.5 3.96953 0.00172289 -14521 -14559.4 -14255.3
  466 465.5 3.9571 0.00171749 -14300.1 -14654.3 -14331.5
  467 466.5 3.95773 0.00171776 -14382.1 -14449.2 -14290.2
  468 467.5 3.97134 0.00172367 -14499.8 -14434.6 -14331.7
  469 468.5 3.97149 0.00172374 -14565.5 -14251.3 -14331.6
  470 469.5 3.98254 0.00172853 -14387.5 -14285.1 -14178.4
  471 470.5 3.98576 0.00172993 -14214.7 -14295.3 -14225.2
  472 471.5 3.96658 0.00172161 -14490 -14506 -14330.9
  473 472.5 3.95806 0.00171791 -14426.1 -14431.5 -14426.7
  474 473.5 3.95832 0.00171802 -14572.7 -14638.8 -14419.4
  475 474.5 3.97775 0.00172645 -14339.8 -14323.4 -14256
  476 475.5 3.99876 0.00173557 -14373.8 -14291.4 -14059.6
  477 476.5 4.01574 0.00174294 -14554.6 -14441.2 -14144.3
  478 477.5 3.98447 0.00172937 -14436.7 -14194.1 -14369.6
  479 478.5 3.98508 0.00172964 -14296.8 -14301.5 -14269.4
  480 479.5 3.97683 0.00172606 -14387.2 -14701.6 -14231.1
  481 480.5 3.9559 0.00171697 -14263.1 -14525.2 -14377.4
  482 481.5 3.96573 0.00172124 -14169.5 -14480.9 -14332.6
  483 482.5 3.97807 0.00172659 -14404.6 -14634.3 -14319.3
  484 483.5 3.9415 0.00171072 -14391.4 -14534.2 -14343.4
  485 484.5 3.94078 0.00171041 -14318.5 -14354.8 -14394.9
  486 485.5 3.96928 0.00172278 -14308.2 -14368.5 -14423.5
  487 486.5 3.98373 0.00172905 -14229.9 -14339.1 -14095.2
  488 487.5 3.97294 0.00172437 -14213.9 -14086.4 -14243
  489 488.5 3.98802 0.00173091 -14001.4 -14032.4 -14284.7
  490 489.5 3.98891 0.0017313 -14056.5 -13980.6 -14315.5
  491 490.5 3.98078 0.00172777 -14285.7 -14072.3 -14361.7
  492 491.5 3.99878 0.00173558 -14236.6 -14178.4 -14030.8
  493 492.5 4.00466 0.00173814 -14148.1 -14205.5 -14238.5
  494 493.5 4.00441 0.00173802 -13937.3 -14099 -14242.3
  495 494.5 3.98967 0.00173163 -14197.9 -14072.2 -14356.7
  496 495.5 4.01871 0.00174423 -14030.9 -13992.4 -14043.8
  497 496.5 4.0263 0.00174752 -13970.7 -14130.7 -14082.9
  498 497.5 4.01578 0.00174296 -14318 -14490.7 -14124.9
  499 498.5 4.0307 0.00174944 -14198.3 -14062.6 -14110.4
  500 499.5 4.04191 0.0017543 -14233.9 -14043.5 -14072.7
  501 500.5 4.03342 0.00175062 -14095 -14047.4 -14152.5
  502 501.5 3.98513 0.00172966 -14121.9 -14281.5 -14271.3
  503 502.5 3.98062 0.0017277 -14067.1 -14369 -14294.8
  504 503.5 3.99277 0.00173297 -14036 -14235.3 -14157.4
  505 504.5 3.99038 0.00173194 -14139.9 -14464.1 -14198.1
  506 505.5 3.97291 0.00172435 -14006.1 -14283.1 -14242.9
  507 506.5 3.93846 0.0017094 -14236.5 -14343.6 -14481.4
  508 507.5 3.92957 0.00170554 -14326.9 -14370 -14509.9
  509 508.5 3.93463 0.00170774 -14340.4 -14188.2 -14384.7
  510 509.5 3.95618 0.00171709 -14196.2 -14303.3 -14352.9
  511 510.5 3.95253 0.00171551 -14065.6 -14286.5 -14278.8
  512 511.5 3.97589 0.00172565 -14527.8 -14292.3 -14342.6
  513 512.5 3.9933 0.0017332 -14353.8 -14285.4 -14089.1
  514 513.5 3.95234 0.00171543 -14172 -14111.1 -14373.3
  515 514.5 3.97554 0.0017255 -14052.8 -14156.5 -14421.9
  516 515.5 3.98162 0.00172813 -13948.4 -14024.7 -14219.3
  517 516.5 3.97964 0.00172727 -14150.7 -14194.2 -14361
  518 517.5 3.9655 0.00172114 -14004.6 -14287.5 -14249.2
  519 518.5 3.9543 0.00171628 -14120.4 -14169.3 -14325.6
  520 519.5 3.96617 0.00172143 -14309.6 -14368.1 -14438.2
  521 520.5 3.97594 0.00172567 -14019.4 -14171.1 -14286.9
  522 521.5 3.96466 0.00172077 -14125.6 -14183.5 -14275.8
  523 522.5 3.9615 0.0017194 -14146.3 -14300.6 -14313.5
  524 523.5 3.95662 0.00171728 -14094.9 -14050 -14341.3
  525 524.5 3.96106 0.00171921 -14269.9 -14126.2 -14290.9
  526 525.5 3.94442 0.00171199 -14735.8 -14186.7 -14418.2
  527 526.5 3.95479 0.00171649 -14488.9 -14168.6 -14370.4
  528 527.5 3.96544 0.00172111 -14427.4 -14446 -14397.3
  529 528.5 3.95214 0.00171534 -14544.9 -14304 -14344.8
  530 529.5 3.95642 0.00171719 -14501.5 -14201.6 -14389.4
  531 530.5 3.98064 0.00172771 -14683.4 -14415 -14298.7
  532 531.5 3.97866 0.00172685 -14604.6 -14176.2 -14202.2
  533 532.5 4.00281 0.00173733 -14801.5 -14509.8 -14220.3
  534 533.5 3.98798 0.0017309 -14723.4 -14395.4 -14287.4
  535 534.5 3.97798 0.00172656 -14546.3 -14361.3 -14420.2
  536 535.5 3.94785 0.00171348 -14650.7 -14356.6 -14311.2
  537 536.5 3.92502 0.00170357 -14703.7 -14479.3 -14471
  538 537.5 3.91929 0.00170108 -14585.5 -14346.8 -14470.3
  539 538.5 3.89878 0.00169218 -14822.2 -14392.7 -14557.9
  540 539.5 3.87302 0.001681 -14771.3 -14363.7 -14637.9
  541 540.5 3.85892 0.00167488 -14683.6 -14680.1 -14736.3
  542 541.5 3.84373 0.00166828 -14858.8 -14538.3 -14790.7
  543 542.5 3.83664 0.00166521 -14913.5 -14688.2 -14650.6
  544 543.5 3.83014 0.00166239 -14764.8 -14913.3 -14875.3
  545 544.5 3.81986 0.00165792 -14861.4 -14608.2 -14917.1
  546 545.5 3.83646 0.00166513 -14552.5 -14588.2 -14632.8
  547 546.5 3.82877 0.00166179 -14782.3 -14693.8 -14808.2
  548 547.5 3.80598 0.0016519 -14977.2 -14934.9 -14887.7
  549 548.5 3.81117 0.00165415 -14834 -14714 -14992.4
  550 549.5 3.84185 0.00166747 -14913.5 -14638 -14727
  551 550.5 3.84449 0.00166861 -14723.9 -14578.1 -14763.4
  552 551.5 3.85501 0.00167318 -14713.3 -14399.2 -14613.8
  553 552.5 3.86546 0.00167772 -14527.1 -14535.7 -14608
  554 553.5 3.86084 0.00167571 -14597.7 -14350.8 -14700.9
  555 554.5 3.86984 0.00167962 -14531.2 -14409.7 -14687.2
  556 555.5 3.86817 0.00167889 -14476.3 -14643.5 -14802.1
  557 556.5 3.87923 0.00168369 -14675.4 -14546.4 -14624.4
  558 557.5 3.89607 0.001691 -14817 -14610.7 -14442.2
  559 558.5 3.89705 0.00169143 -14640.4 -14561.6 -14557.7
  560 559.5 3.92642 0.00170418 -14636 -14384.7 -14474.3
  561 560.5 3.93151 0.00170639 -14431.6 -14270 -14513.5
  562 561.5 3.91981 0.00170131 -14296.2 -14243.8 -14503.9
  563 562.5 3.92663 0.00170427 -14265.9 -14328.7 -14419.7
  564 563.5 3.94641 0.00171285 -14317 -14357.4 -14399.8
  565 564.5 3.93101 0.00170617 -14455.1 -14336.2 -14473.8
  566 565.5 3.92685 0.00170436 -14426.3 -14268.8 -14541.6
  567 566.5 3.95634 0.00171716 -14226.4 -14351.8 -14317.6
  568 567.5 3.9559 0.00171697 -14210 -14321.2 -14327.7
  569 568.5 3.94275 0.00171126 -14139.1 -14351.1 -14376.3
  570 569.5 3.96969 0.00172295 -14153.2 -14155.8 -14208.9
  571 570.5 3.977 0.00172613 -14363.6 -14187.7 -14381.9
  572 571.5 3.981 0.00172786 -14491.4 -14141.8 -14258.7
  573 572.5 3.99148 0.00173241 -14068.8 -14166.1 -14233.6
  574 573.5 4.00837 0.00173974 -14411.4 -14278.1 -14111.4
  575 574.5 3.98554 0.00172983 -14313 -14194.3 -14106.7
  576 575.5 3.96882 0.00172258 -14395.7 -14106.4 -14412.3
  577 576.5 3.94312 0.00171142 -14230.3 -14165.3 -14570
  578 577.5 3.97031 0.00172323 -14306.7 -14013.4 -14268.3
  579 578.5 4.0113 0.00174102 -14161.6 -13953.1 -14066.4
  580 579.5 4.03175 0.00174989 -14290.1 -13874.2 -13977.1
  581 580.5 4.02451 0.00174675 -14212.9 -13843.8 -13994.7
  582 581.5 4.00048 0.00173632 -14319.4 -13963.3 -14236.4
  583 582.5 3.99716 0.00173488 -14257.6 -13918.2 -14124.3
  584 583.5 4.01314 0.00174182 -13943.7 -13917 -14019.2
  585 584.5 4.03692 0.00175214 -14174 -13737.1 -14039.2
  586 585.5 4.02714 0.00174789 -14113.8 -14112.3 -13958.3
  587 586.5 4.03394 0.00175084 -14154.7 -14039.4 -13987.4
  588 587.5 4.09725 0.00177832 -14121.9 -13939.8 -13687.8
  589 588.5 4.12347 0.0017897 -14067.5 -14153.3 -13506.5
  590 589.5 4.16844 0.00180922 -14107.2 -13799.8 -13270.1
  591 590.5 4.20726 0.00182607 -13844.7 -13684.5 -13243.8
  592 591.5 4.28528 0.00185993 -13804.5 -13569.1 -12791.2
  593 592.5 4.3375 0.00188259 -13403.1 -13296.6 -12691.7
  594 593.5 4.44046 0.00192728 -13041.8 -12854.7 -12199
  595 594.5 4.55832 0.00197844 -12457.8 -12547.4 -11920.7
  596 595.5 4.7241 0.00205039 -12324.5 -12297.3 -11257
  597 596.5 4.91461 0.00213308 -11966.9 -11720.5 -10704.2
  598 597.5 5.1113 0.00221845 -11441.6 -11393.4 -10166.3
  599 598.5 5.38355 0.00233661 -10800.1 -10942.6 -9573.35
  600 599.5 5.68504 0.00246747 -10173.3 -10429.9 -8840.37
  601 600.5 6.03945 0.00262129 -9797.09 -10003.7 -8073.57
  602 601.5 6.46332 0.00280526 -9159.93 -9323.66 -7286.26
  603 602.5 6.9649 0.00302296 -8739.44 -8653.28 -6816.62
  604 603.5 7.50426 0.00325706 -7804.57 -7737.12 -6122.34
  605 604.5 8.15911 0.00354128 -7029.45 -7072.02 -5428.32
  606 605.5 8.94032 0.00388035 -6214.31 -6326.51 -4645.72
  607 606.5 9.78915 0.00424876 -5717.25 -5719.07 -4266.74
  608 607.5 10.6774 0.0046343 -5133.82 -5119.83 -4036.61
  609 608.5 11.6488 0.00505589 -4346.01 -4279.39 -3528.36
  610 609.5 12.6486 0.00548983 -3527.67 -3844.18 -3481.4
  611 610.5 13.7532 0.00596925 -3042.2 -3181.92 -3020.16
  612 611.5 14.834 0.00643838 -2597.86 -2825.74 -3109.53
  613 612.5 15.9426 0.00691952 -2182.31 -2360.11 -2887.51
  614 613.5 17.037 0.00739455 -1931.46 -2152.16 -3010.96
  615 614.5 18.1291 0.00786855 -1620.22 -1652.02 -2750.15
  616 615.5 19.1051 0.00829212 -1465.19 -1347.5 -2961.64
  617 616.5 20.0753 0.00871324 -1284.15 -1269.81 -2894.92
  618 617.5 20.9365 0.00908702 -1237.27 -1035.28 -2938.94
  619 618.5 21.7818 0.0094539 -1125.63 -1121.96 -2900.92
  620 619.5 22.4395 0.00973938 -1124.85 -1120.54 -2990.78
  621 620.5 23.1072 0.0100292 -1157.57 -1081.27 -2958.7
  622 621.5 23.6613 0.0102697 -1080.96 -973.884 -2904.26
  623 622.5 24.1506 0.010482 -1362.82 -1285.87 -2818.46
  624 623.5 24.5253 0.0106447 -1337.9 -1342.86 -2885.36
152500000 624 13245.000000000016
  1 0.5 24.8932 0.0108043 -1703.77 -1597.71 -2633.85
  2 1.5 25.0432 0.0108694 -1781.13 -1657.06 -2759.06
  3 2.5 25.3614 0.0110076 -1776.03 -1585.28 -2706.34
  4 3.5 25.6427 0.0111296 -1833.84 -1668.17 -2542.49
  5 4.5 25.8268 0.0112095 -1887.94 -1836.04 -2385.93
  6 5.5 25.9198 0.0112499 -1924.34 -2026.64 -2595.93
  7 6.5 26.1471 0.0113486 -1988.18 -2028.13 -2501.41
  8 7.5 26.2956 0.011413 -2072.48 -1985.05 -2342.01
  9 8.5 26.3839 0.0114514 -2118.89 -1968.51 -2307.67
  10 9.5 26.5097 0.011506 -1761.52 -1959.94 -2332.1
  11 10.5 26.5987 0.0115446 -2001.65 -2068.52 -2456.36
  12 11.5 26.7675 0.0116178 -1935.01 -1935.12 -2136.94
  13 12.5 26.8389 0.0116488 -2122.85 -2082.98 -2152.54
  14 13.5 26.8698 0.0116622 -2100.59 -2091.87 -2333.33
  15 14.5 26.896 0.0116736 -2164.85 -2038.48 -2272.88
  16 15.5 27.0466 0.011739 -2021.19 -1900.26 -2155.98
  17 16.5 27.1152 0.0117688 -2014.83 -2028.38 -2179.61
  18 17.5 27.0551 0.0117427 -2072.7 -1824.33 -2186.74
  19 18.5 27.152 0.0117847 -1969.41 -1917.25 -2174
  20 19.5 27.271 0.0118364 -2113.82 -2036.95 -2086.88
  21 20.5 27.2636 0.0118332 -1902.25 -1965.65 -2168.15
  22 21.5 27.2562 0.0118299 -1921.92 -2035.66 -2093.84
  23 22.5 27.2572 0.0118304 -1777.68 -1950.77 -2219.75
  24 23.5 27.3935 0.0118896 -1767.38 -1908.83 -2092.67
  25 24.5 27.3633 0.0118764 -1838.21 -1840.24 -2076.02
  26 25.5 27.364 0.0118768 -2071.13 -2001.34 -2062.33
  27 26.5 27.4353 0.0119077 -2000.54 -2079.25 -2083.38
  28 27.5 27.4842 0.0119289 -2042.82 -2125.08 -2167.43
  29 28.5 27.4504 0.0119142 -2027.79 -2146.59 -2138.96
  30 29.5 27.4612 0.0119189 -1983.8 -2052.63 -2092.12
  31 30.5 27.5209 0.0119448 -2043.68 -1937.85 -2010.49
  32 31.5 27.5206 0.0119447 -2040.49 -1889.62 -2186.6
  33 32.5 27.5188 0.0119439 -1982.4 -1935.19 -2121.43
  34 33.5 27.5035 0.0119373 -1917.2 -2009.69 -2036.35
  35 34.5 27.539 0.0119527 -2123.27 -2237.84 -2209.7
  36 35.5 27.6358 0.0119947 -1977.36 -1935.35 -1935.85
  37 36.5 27.5642 0.0119636 -2007.46 -2091.7 -2051.26
  38 37.5 27.4825 0.0119282 -2043.16 -2079.49 -2144.33
  39 38.5 27.6069 0.0119822 -2021.34 -2034.19 -2065.2
  40 39.5 27.5648 0.0119639 -2023.42 -2201.44 -2145.51
  41 40.5 27.5417 0.0119539 -1941.58 -1969.61 -1967.76
  42 41.5 27.5203 0.0119446 -2011.97 -1983.23 -2123.81
  43 42.5 27.5877 0.0119738 -2039.53 -1998.86 -2064.34
  44 43.5 27.5168 0.0119431 -2018.57 -1993.6 -2032.28
  45 44.5 27.552 0.0119584 -2144.65 -2104.05 -2008.22
  46 45.5 27.5135 0.0119416 -2161.21 -2103.13 -1965.23
  47 46.5 27.5765 0.011969 -2045.07 -2112.09 -2221.26
  48 47.5 27.5329 0.0119501 -2141.7 -2089.48 -2110.92
  49 48.5 27.5435 0.0119546 -2111.13 -2013.31 -1965.47
  50 49.5 27.5715 0.0119668 -2008.03 -2124.7 -1959.8
  51 50.5 27.6068 0.0119821 -2120.37 -2076.02 -2114.09
  52 51.5 27.5587 0.0119612 -2189.55 -2141.13 -2155.01
  53 52.5 27.592 0.0119757 -1996.34 -2038.12 -1980.79
  54 53.5 27.6198 0.0119878 -1975.56 -1865.02 -2018.59
  55 54.5 27.6311 0.0119927 -1875.87 -1917.11 -2026.46
  56 55.5 27.5815 0.0119711 -1946.17 -2151.49 -2076.18
  57 56.5 27.5876 0.0119738 -2117.95 -2139.13 -2136.28
  58 57.5 27.5945 0.0119768 -2053.32 -2043.69 -2066.27
  59 58.5 27.6573 0.012004 -2076.47 -1846.48 -2003.54
  60 59.5 27.5776 0.0119694 -2090.47 -1874.84 -2078.14
  61 60.5 27.5618 0.0119626 -2058.04 -1873.17 -2025.46
  62 61.5 27.5472 0.0119563 -2003.56 -2052.57 -2093.07
  63 62.5 27.6119 0.0119844 -2097.29 -2153.69 -2156.39
  64 63.5 27.5855 0.0119729 -2010.33 -2068.63 -1964.57
  65 64.5 27.5525 0.0119586 -2154.32 -2017.52 -2022.6
  66 65.5 27.5877 0.0119738 -2182.63 -2048.19 -2151.15
  67 66.5 27.5803 0.0119706 -2035.64 -2163.45 -2124.64
  68 67.5 27.5363 0.0119515 -2070.07 -1966.94 -2070.73
  69 68.5 27.5927 0.011976 -2084.16 -1972.11 -1978.6
  70 69.5 27.5863 0.0119732 -2039.37 -1969.49 -2034.89
  71 70.5 27.5217 0.0119452 -2034.57 -2004.2 -1990.86
  72 71.5 27.5144 0.011942 -2063.24 -1966.24 -2157.57
  73 72.5 27.5211 0.0119449 -2097.83 -1898.47 -2046.51
  74 73.5 27.5046 0.0119378 -1973.63 -2120.35 -2063.6
  75 74.5 27.5809 0.0119709 -2032.93 -2084.7 -2036.9
  76 75.5 27.4715 0.0119234 -2140.42 -2104 -2116.4
  77 76.5 27.4803 0.0119272 -2107.93 -2016.21 -2130.35
  78 77.5 27.617 0.0119866 -2125.19 -2113.97 -1971.32
  79 78.5 27.5344 0.0119507 -2164.81 -2116.86 -2023.37
  80 79.5 27.5055 0.0119382 -2204.84 -2087.32 -2074.82
  81 80.5 27.4995 0.0119355 -1935.2 -1804.89 -1964.37
  82 81.5 27.5179 0.0119435 -2031.46 -2058.8 -2238.53
  83 82.5 27.5282 0.011948 -2142.95 -2001.3 -1940.28
  84 83.5 27.4683 0.011922 -2100.4 -2201.37 -2115.69
  85 84.5 27.5048 0.0119379 -2034.62 -2075.58 -2070.6
  86 85.5 27.4673 0.0119216 -2068.18 -2088.75 -1923.14
  87 86.5 27.5104 0.0119403 -1951.45 -2139.96 -2123.66
  88 87.5 27.4974 0.0119346 -2080.41 -2129.58 -2034.16
  89 88.5 27.4499 0.011914 -2026.87 -2036.17 -2090.19
  90 89.5 27.4483 0.0119133 -2243.86 -2178.83 -2099.2
  91 90.5 27.5029 0.011937 -1889.78 -1982.01 -1934.21
  92 91.5 27.5183 0.0119437 -2178.79 -2054.99 -2074.36
  93 92.5 27.4759 0.0119253 -2186.38 -2045.11 -2025.91
  94 93.5 27.4779 0.0119262 -2312.66 -2265.81 -2095.7
  95 94.5 27.6188 0.0119873 -2219.43 -2188.2 -2046.24
  96 95.5 27.571 0.0119666 -2159.31 -2025.19 -1989.8
  97 96.5 27.4878 0.0119305 -2127.59 -2190.23 -2110.72
  98 97.5 27.5769 0.0119691 -1944.75 -1914.85 -2057.21
  99 98.5 27.6497 0.0120008 -2085.88 -1912.3 -2059.56
  100 99.5 27.5772 0.0119693 -2139.4 -2068.44 -2085.17
  101 100.5 27.5319 0.0119496 -2198.19 -2005.86 -2115.46
  102 101.5 27.6216 0.0119885 -2139.29 -1941.65 -2005.22
  103 102.5 27.6686 0.012009 -2091.78 -1973.4 -1917.39
  104 103.5 27.6126 0.0119846 -2051.31 -2159.24 -2170.18
  105 104.5 27.5739 0.0119678 -1944.03 -2081.87 -2100.48
  106 105.5 27.6176 0.0119868 -2168.14 -2155.19 -2122.83
  107 106.5 27.6658 0.0120077 -2099.48 -2114.63 -1898.1
  108 107.5 27.6294 0.0119919 -2009.26 -2068.17 -2076.98
  109 108.5 27.5904 0.011975 -2128.74 -2022.02 -2167.92
  110 109.5 27.6762 0.0120122 -2079.41 -2108.12 -1980.27
  111 110.5 27.6382 0.0119958 -2000.35 -2126.32 -2055.85
  112 111.5 27.6512 0.0120014 -2045.35 -1999.43 -2091.34
  113 112.5 27.6685 0.0120089 -1844.63 -1977.17 -2147.02
  114 113.5 27.7047 0.0120246 -1882.78 -2048.95 -1955.54
  115 114.5 27.6839 0.0120156 -1889.54 -2035.6 -2022.94
  116 115.5 27.6951 0.0120204 -2075.22 -1997.77 -2063.01
  117 116.5 27.6789 0.0120134 -2170.51 -2124.61 -2052.45
  118 117.5 27.6749 0.0120117 -2035.99 -2019.83 -2096.83
  119 118.5 27.6125 0.0119846 -2149.79 -2143.38 -2101.64
  120 119.5 27.6952 0.0120205 -2012.9 -2055.68 -2021.79
  121 120.5 27.7085 0.0120263 -2175.41 -2116.48 -1961.47
  122 121.5 27.6459 0.0119991 -2190.38 -2108.17 -2120.99
  123 122.5 27.6544 0.0120028 -2058.47 -1992.37 -2039.2
  124 123.5 27.675 0.0120117 -2098.59 -2229.94 -2121.47
  125 124.5 27.7237 0.0120329 -2120.9 -2082.53 -2002.44
  126 125.5 27.6816 0.0120146 -2005.51 -2034.63 -2031.11
  127 126.5 27.6437 0.0119981 -2001.5 -2130.04 -2031.22
  128 127.5 27.6964 0.012021 -2027.45 -2018.64 -2164.39
  129 128.5 27.7175 0.0120302 -2036.94 -2009.32 -2107.46
  130 129.5 27.682 0.0120148 -1859.37 -1866.78 -1951.72
  131 130.5 27.6956 0.0120206 -2173.93 -2135.57 -2111.26
  132 131.5 27.711 0.0120274 -2021 -1994.65 -2038.15
  133 132.5 27.6699 0.0120095 -1827.4 -2118.21 -2109.58
  134 133.5 27.728 0.0120347 -1998.96 -2043.23 -2075.39
  135 134.5 27.7145 0.0120289 -1930.79 -1931.14 -2066.42
  136 135.5 27.6887 0.0120177 -1943.44 -1931.03 -2072.84
  137 136.5 27.7237 0.0120328 -1813.07 -1755.5 -2010.81
  138 137.5 27.6656 0.0120076 -2014.4 -1943.27 -2109.35
  139 138.5 27.6298 0.0119921 -2073.51 -1910.54 -2029.62
  140 139.5 27.638 0.0119956 -2031.96 -1946.42 -2137.2
  141 140.5 27.6352 0.0119945 -2203.43 -1952.7 -2031.98
  142 141.5 27.5895 0.0119746 -2270.64 -2058.17 -2072.66
  143 142.5 27.5987 0.0119786 -2173.04 -2037.18 -2087.89
  144 143.5 27.5916 0.0119755 -2065.94 -2155.31 -2045.31
  145 144.5 27.5576 0.0119607 -2188.06 -2000.5 -2041.19
  146 145.5 27.5094 0.0119398 -2067.03 -2170.99 -2076.03
  147 146.5 27.5376 0.0119521 -2119.67 -2159.96 -2051.5
  148 147.5 27.5407 0.0119534 -2009.77 -2129.91 -2053.76
  149 148.5 27.4659 0.011921 -1965.94 -2173.33 -2086.06
  150 149.5 27.4856 0.0119295 -1852.39 -2061.49 -2030.3
  151 150.5 27.5089 0.0119396 -2061.02 -2040.77 -2062.25
  152 151.5 27.4781 0.0119262 -2095.65 -2123.23 -2014.27
  153 152.5 27.4405 0.0119099 -1966.69 -2143.87 -2091.12
  154 153.5 27.3946 0.01189 -1905.01 -2144.18 -2119.46
  155 154.5 27.4381 0.0119089 -2039.02 -2136.69 -2093.91
  156 155.5 27.42 0.011901 -2023.93 -2083.03 -1942.01
  157 156.5 27.3906 0.0118883 -2223.01 -2174.81 -2061.2
  158 157.5 27.3962 0.0118907 -2193.49 -2067.04 -2162.06
  159 158.5 27.3482 0.0118699 -2139.26 -2061.36 -2049.64
  160 159.5 27.3814 0.0118843 -2089.06 -2044.54 -2012.91
  161 160.5 27.311 0.0118537 -2128.92 -1943.34 -2018.89
  162 161.5 27.3207 0.011858 -2056.69 -2008.07 -2066.23
  163 162.5 27.2921 0.0118455 -2190.72 -2103.15 -2225.6
  164 163.5 27.2751 0.0118382 -1963.19 -2014.91 -2045.69
  165 164.5 27.3101 0.0118533 -1944.66 -2043.1 -2031.31
  166 165.5 27.3067 0.0118519 -1879.5 -2130.88 -1970.64
  167 166.5 27.2928 0.0118458 -2058.53 -2314.51 -2074.85
  168 167.5 27.2523 0.0118283 -2032.94 -2177.58 -2145.99
  169 168.5 27.3154 0.0118556 -2016.06 -2158.26 -2013
  170 169.5 27.2755 0.0118383 -2091.94 -2298.62 -2165.27
  171 170.5 27.2665 0.0118344 -2151.14 -2282.06 -2216.87
  172 171.5 27.2578 0.0118306 -1957.72 -2069.52 -2018.17
  173 172.5 27.3456 0.0118687 -2149 -2125.69 -2061.77
  174 173.5 27.2732 0.0118373 -2088.13 -2165.33 -2024.06
  175 174.5 27.2538 0.0118289 -2150.28 -2167.9 -2179.07
  176 175.5 27.2168 0.0118129 -2112.93 -2319.18 -2156.69
  177 176.5 27.2913 0.0118452 -2159.97 -2269.07 -2113.5
  178 177.5 27.1942 0.011803 -2215.04 -2207.35 -2103.69
  179 178.5 27.2349 0.0118207 -2106.08 -1980.48 -2025.67
  180 179.5 27.1457 0.011782 -2202.35 -2067.77 -2241.08
  181 180.5 27.085 0.0117556 -2042.16 -1884.5 -2150.94
  182 181.5 27.1616 0.0117889 -2178.17 -2165 -2188.5
  183 182.5 27.1079 0.0117656 -1923.65 -2098.41 -2115.07
  184 183.5 27.0282 0.011731 -2071.15 -2044.92 -2163.65
  185 184.5 27.09 0.0117578 -1919.39 -2050.2 -2076.36
  186 185.5 27.0649 0.0117469 -1882.27 -1958.39 -2236.37
  187 186.5 26.927 0.011687 -1845.02 -1898.6 -2147.27
  188 187.5 26.9025 0.0116764 -1950.88 -1841.34 -2236.77
  189 188.5 26.8805 0.0116669 -2025 -1818.55 -2126.65
  190 189.5 26.7929 0.0116289 -2000.03 -1842.91 -2184.56
  191 190.5 26.7548 0.0116123 -2052.15 -2041.76 -2182.6
  192 191.5 26.7071 0.0115916 -1885.55 -1976.33 -2093.01
  193 192.5 26.6496 0.0115667 -1922.94 -2171.56 -2177.98
  194 193.5 26.5373 0.0115179 -2117.4 -2088.43 -2188
  195 194.5 26.5113 0.0115066 -1961.46 -2139.69 -2048.01
  196 195.5 26.3305 0.0114282 -2174.87 -2251.06 -2221.4
  197 196.5 26.3414 0.0114329 -2103.5 -2099.55 -1962.79
  198 197.5 26.3052 0.0114172 -2145.42 -2116.62 -2074.98
  199 198.5 26.2256 0.0113827 -2164.23 -2274.89 -1877.46
  200 199.5 26.1102 0.0113326 -2098.67 -2164.91 -1898.47
  201 200.5 26.1264 0.0113396 -2153.67 -2230.14 -1987.14
  202 201.5 26.0767 0.011318 -2141.49 -2164.74 -1950.38
  203 202.5 26.0771 0.0113182 -2170.77 -2237.26 -1741.61
  204 203.5 26.1204 0.011337 -2339.69 -2177.36 -1831.61
  205 204.5 26.2217 0.011381 -2129.7 -2148.74 -1785.19
  206 205.5 26.2875 0.0114095 -2043.11 -2164.11 -1772.37
  207 206.5 26.3547 0.0114387 -2147.25 -2122.5 -1797.04
  208 207.5 26.5404 0.0115193 -1981.54 -1842.66 -1706.29
  209 208.5 26.6675 0.0115744 -2010.72 -1944.35 -1846.37
  210 209.5 26.7956 0.01163 -2141.88 -1946.61 -1963.61
  211 210.5 26.9839 0.0117117 -1768.45 -1811.28 -1797.43
  212 211.5 27.2589 0.0118311 -1870.16 -1719.47 -1886.77
  213 212.5 27.4005 0.0118926 -1645.34 -1645.59 -1957.43
  214 213.5 27.5726 0.0119673 -1598.49 -1623.41 -1909.75
  215 214.5 27.8268 0.0120776 -1435.08 -1625.2 -2065.7
  216 215.5 28.0244 0.0121634 -1498.09 -1614.86 -2085.4
  217 216.5 28.1816 0.0122316 -1563 -1527.49 -2078.63
  218 217.5 28.3732 0.0123147 -1586.04 -1589.59 -2024.83
  219 218.5 28.5732 0.0124016 -1572.05 -1543.53 -2042.5
  220 219.5 28.6749 0.0124457 -1543.03 -1448.26 -2201.2
  221 220.5 28.822 0.0125095 -1640.45 -1584.82 -2125.41
  222 221.5 28.9346 0.0125584 -1639.15 -1638.35 -2089.01
  223 222.5 29.1403 0.0126477 -1553.05 -1657.45 -2196.27
  224 223.5 29.2669 0.0127026 -1445.44 -1560.75 -2066.21
  225 224.5 29.3202 0.0127258 -1607.67 -1739.18 -2173.14
  226 225.5 29.4722 0.0127918 -1620.82 -1602.89 -2037.83
  227 226.5 29.5509 0.0128259 -1742.92 -1655.65 -2038.81
  228 227.5 29.5655 0.0128323 -1723.66 -1667.5 -2208.86
  229 228.5 29.6709 0.012878 -1579.2 -1766.01 -2074.93
  230 229.5 29.7626 0.0129178 -1510.69 -1680.19 -1993.46
  231 230.5 29.7681 0.0129202 -1694.07 -1676.72 -2048.32
  232 231.5 29.8303 0.0129472 -1634.91 -1688.22 -1959.31
  233 232.5 29.8274 0.0129459 -1865.93 -1797.25 -2051.34
  234 233.5 29.9289 0.01299 -1930.8 -1709.97 -2044.58
  235 234.5 29.9417 0.0129955 -2054.7 -1937.93 -2030.26
  236 235.5 29.9681 0.013007 -1806.28 -1754.41 -1850.61
  237 236.5 29.9194 0.0129859 -1796.75 -1853.47 -1931.85
  238 237.5 29.9664 0.0130063 -1855.54 -1732.93 -2123.31
  239 238.5 30.0228 0.0130307 -1745.59 -1595.76 -1910.25
  240 239.5 30.051 0.013043 -1770.63 -1724.63 -1864.8
  241 240.5 29.9976 0.0130198 -1907.93 -1885.42 -1966.24
  242 241.5 30.0507 0.0130429 -1777.35 -1833.53 -1935.95
  243 242.5 30.0436 0.0130397 -1721.19 -1775.13 -1960.55
  244 243.5 30.062 0.0130478 -1745.47 -1738.15 -1914.66
  245 244.5 30.0084 0.0130245 -1815.58 -1909.39 -1855.81
  246 245.5 29.9923 0.0130175 -1998.25 -1917.74 -2031.98
  247 246.5 29.995 0.0130187 -1903.91 -1836.55 -1860.76
  248 247.5 30.0686 0.0130506 -1853.39 -1953.67 -1869.88
  249 248.5 30.0048 0.0130229 -1802 -1693.98 -1894.91
  250 249.5 29.9669 0.0130065 -1890.83 -1792.99 -1775.23
  251 250.5 30.0228 0.0130307 -1790.7 -1802.78 -1895.19
  252 251.5 30.0782 0.0130548 -1925.19 -1982.72 -1993.02
  253 252.5 29.911 0.0129822 -1863.66 -1816.07 -1778.8
  254 253.5 29.9618 0.0130043 -1803.97 -1929.84 -1875.73
  255 254.5 30.1207 0.0130732 -1786.07 -2001.65 -1814.63
  256 255.5 30.0143 0.013027 -2017.76 -2044.31 -1921.11
  257 256.5 29.9611 0.013004 -2047.11 -2090.01 -1809.2
  258 257.5 30.0901 0.0130599 -1876.25 -1784.38 -1876
  259 258.5 30.0404 0.0130384 -1989.33 -1953.92 -1934.05
  260 259.5 30.054 0.0130443 -1881.57 -1993.74 -1815.9
  261 260.5 30.0908 0.0130602 -1880.72 -1805.77 -1912.98
  262 261.5 30.0636 0.0130484 -1869.97 -1792.78 -1965.51
  263 262.5 30.1106 0.0130688 -1700.73 -1553.04 -1890.36
  264 263.5 30.091 0.0130603 -1796.04 -1757 -1840.77
  265 264.5 30.1223 0.0130739 -1863.54 -1669.15 -1888.2
  266 265.5 30.1491 0.0130855 -1767.81 -1815.61 -1947.94
  267 266.5 30.0923 0.0130609 -1842.27 -1721.08 -1883.58
  268 267.5 30.1101 0.0130686 -1848.69 -1896.86 -1919.55
  269 268.5 30.1777 0.013098 -1883.36 -1762.4 -1900.03
  270 269.5 30.1058 0.0130668 -1943.23 -1929.36 -2027.69
  271 270.5 30.1152 0.0130708 -1829.57 -1872.25 -1744.81
  272 271.5 30.1579 0.0130894 -1867.92 -1816.87 -1917.39
  273 272.5 30.1606 0.0130906 -1957.09 -1855.22 -1919.2
  274 273.5 30.0284 0.0130332 -1993.32 -1884.6 -1844.95
  275 274.5 30.1264 0.0130757 -1860.7 -1886.19 -1889.22
  276 275.5 30.1358 0.0130798 -1873.5 -1885.93 -1974.85
  277 276.5 30.0434 0.0130397 -1909 -1933.35 -1846.72
  278 277.5 30.0465 0.013041 -1932.23 -2044.18 -1885
  279 278.5 30.1391 0.0130812 -1863.18 -1978.61 -1827.2
  280 279.5 30.0791 0.0130552 -1946.48 -1603.29 -1910.17
  281 280.5 30.0409 0.0130386 -1791.12 -1829.43 -1851.33
  282 281.5 30.0743 0.0130531 -1949.54 -1942.18 -1978.85
  283 282.5 30.1315 0.0130779 -2084.32 -1941.44 -1760.99
  284 283.5 30.0853 0.0130578 -2032.35 -1949.35 -1905.69
  285 284.5 30.0961 0.0130625 -1880.45 -2003.86 -1837.89
  286 285.5 30.0935 0.0130614 -1827.36 -2029.76 -2005.26
  287 286.5 30.0675 0.0130501 -1767.61 -1860.59 -1889.15
  288 287.5 30.1086 0.0130679 -1914.43 -1858.95 -1918.65
  289 288.5 30.0544 0.0130445 -1925.33 -1849.34 -1905.45
  290 289.5 30.1277 0.0130763 -1756.96 -1981.43 -1891.33
  291 290.5 30.0647 0.0130489 -2024.47 -1927.16 -1994.31
  292 291.5 30.1264 0.0130757 -2008.82 -1912.9 -1850.4
  293 292.5 30.0715 0.0130519 -1807.9 -1949.87 -1796.94
  294 293.5 30.024 0.0130313 -1874.74 -1734.64 -1911.93
  295 294.5 30.0182 0.0130287 -1829.52 -1868.79 -1922.58
  296 295.5 29.9823 0.0130131 -1999.43 -2042.28 -1978.61
  297 296.5 29.999 0.0130204 -1962.18 -2009.64 -1886.29
  298 297.5 30.0196 0.0130293 -1805.33 -2040.01 -1873.94
  299 298.5 29.9897 0.0130164 -1820.75 -1976.79 -1831.76
  300 299.5 29.9558 0.0130016 -1812.37 -1897.26 -1963.07
  301 300.5 29.9989 0.0130204 -1866.37 -1824.71 -1884.33
  302 301.5 29.9771 0.0130109 -1910.03 -1890.17 -1798.27
  303 302.5 29.917 0.0129848 -1973.22 -1984.18 -1854.96
  304 303.5 29.9435 0.0129963 -2153.32 -2085.84 -1939.97
  305 304.5 29.9795 0.0130119 -2087.4 -2080.71 -2038.91
  306 305.5 29.9616 0.0130041 -1888.87 -1968.42 -1684.72
  307 306.5 29.8999 0.0129774 -1879.84 -1820.11 -1950.71
  308 307.5 29.9051 0.0129797 -1979.62 -1939.97 -1906.46
  309 308.5 29.8758 0.0129669 -1948.78 -1917.8 -1959.36
  310 309.5 29.9472 0.0129979 -1754.09 -1924.21 -1784.47
  311 310.5 29.8989 0.0129769 -1829.61 -1785.5 -1875.19
  312 311.5 29.8299 0.012947 -1922.05 -1886.53 -1963.75
  313 312.5 29.8749 0.0129665 -2190.84 -1894.2 -1835.36
  314 313.5 29.9171 0.0129848 -1783.7 -1822.84 -1852.19
  315 314.5 29.8215 0.0129434 -1867.46 -1830.9 -1933.39
  316 315.5 29.7601 0.0129167 -1802.47 -1963.6 -1904.05
  317 316.5 29.8548 0.0129578 -2019.68 -1883.07 -1982.98
  318 317.5 29.9162 0.0129845 -1924.57 -1870.72 -1758.48
  319 318.5 29.7801 0.0129254 -1982.75 -1895.18 -1952.01
  320 319.5 29.8024 0.0129351 -1795.71 -1728.32 -1842.85
  321 320.5 29.8952 0.0129753 -1816.53 -1749.54 -1951.14
  322 321.5 29.8595 0.0129598 -1822.73 -1752.42 -1830.76
  323 322.5 29.8238 0.0129444 -1736.95 -1660.99 -1792.55
  324 323.5 29.8006 0.0129343 -1912.74 -1862.78 -2025.65
  325 324.5 29.8603 0.0129602 -1754.28 -1776.76 -1913.43
  326 325.5 29.8465 0.0129542 -1654.94 -1665.62 -1789.04
  327 326.5 29.7704 0.0129212 -1820.72 -1774.96 -1969.67
  328 327.5 29.8099 0.0129383 -1806.87 -1657.57 -1946.12
  329 328.5 29.905 0.0129796 -1679.41 -1806.61 -1891.27
  330 329.5 29.843 0.0129527 -1796.56 -1672.62 -1910.74
  331 330.5 29.8622 0.012961 -1960 -1912.29 -1985.77
  332 331.5 29.9057 0.0129799 -1775.2 -1756.81 -1741.3
  333 332.5 29.843 0.0129527 -2000.21 -2016.59 -2123.55
  334 333.5 29.8262 0.0129454 -1920.23 -1846.22 -1994.33
  335 334.5 29.8008 0.0129344 -1703.5 -1600.11 -1866.05
  336 335.5 29.8396 0.0129512 -1820.54 -1751.98 -1906.23
  337 336.5 29.8009 0.0129344 -1738.81 -1886.6 -1886.05
  338 337.5 29.8153 0.0129407 -1872.79 -1770.71 -1971.36
  339 338.5 29.7219 0.0129001 -1924.54 -1903.65 -1939.69
  340 339.5 29.711 0.0128954 -1758.18 -1860.33 -1896.71
  341 340.5 29.7457 0.0129105 -1830.59 -1905.28 -1970.69
  342 341.5 29.6727 0.0128788 -1918.1 -1982.56 -1979.85
  343 342.5 29.5942 0.0128447 -1846.52 -1887.21 -1817.47
  344 343.5 29.6634 0.0128748 -2119.37 -1852.62 -2012.77
  345 344.5 29.6045 0.0128492 -2033.76 -2026.11 -1924.27
  346 345.5 29.5511 0.012826 -1862.01 -1930.77 -1817.83
  347 346.5 29.4977 0.0128028 -1970.86 -1934.37 -1943.1
  348 347.5 29.4726 0.0127919 -1981.16 -1893.23 -1880.33
  349 348.5 29.4597 0.0127863 -2002.96 -2053.84 -2029.89
  350 349.5 29.4323 0.0127744 -1766.68 -1846.61 -1759.58
  351 350.5 29.4351 0.0127757 -1978.89 -2018.9 -1911.73
  352 351.5 29.4082 0.012764 -1908.63 -2060.91 -1924.55
  353 352.5 29.3983 0.0127597 -2048.83 -1953.06 -1901.82
  354 353.5 29.3867 0.0127547 -2045.94 -2015.03 -1870.4
  355 354.5 29.344 0.0127361 -2007.99 -1950.49 -1870.12
  356 355.5 29.3634 0.0127445 -1946.56 -1939.26 -1900.4
  357 356.5 29.3421 0.0127353 -1908.58 -1947.91 -2004.58
  358 357.5 29.3308 0.0127304 -1972.8 -2035.13 -1904.77
  359 358.5 29.2982 0.0127162 -1854.36 -2033.97 -1740.78
  360 359.5 29.3403 0.0127345 -1746.72 -1943.46 -1909.47
  361 360.5 29.272 0.0127049 -1737.87 -1954.03 -1898.13
  362 361.5 29.2435 0.0126925 -1729.7 -1803.68 -1966.71
  363 362.5 29.2829 0.0127096 -1915.2 -1925.92 -1858.68
  364 363.5 29.3456 0.0127368 -1987.94 -1926.14 -1786.24
  365 364.5 29.2638 0.0127013 -2117.42 -2129.31 -1868.69
  366 365.5 29.2981 0.0127162 -2114.61 -2182.46 -1956.8
  367 366.5 29.2487 0.0126947 -2041.61 -2047.86 -1958.87
  368 367.5 29.337 0.0127331 -1991.9 -1964.96 -1894.86
  369 368.5 29.385 0.0127539 -1891.78 -1910.16 -1717.37
  370 369.5 29.2993 0.0127167 -1906.16 -1946.6 -1986.68
  371 370.5 29.391 0.0127565 -1875.37 -1921.15 -1942.15
  372 371.5 29.4665 0.0127893 -1843.96 -1849.96 -1803.7
  373 372.5 29.4699 0.0127908 -1902.44 -1798.57 -1856.85
  374 373.5 29.4473 0.012781 -1921.62 -1915.08 -1950.42
  375 374.5 29.5381 0.0128203 -2049.27 -2040.43 -1958.81
  376 375.5 29.5644 0.0128318 -2072.98 -2110.41 -1831.33
  377 376.5 29.5646 0.0128319 -2197.36 -2066.61 -1910.15
  378 377.5 29.6008 0.0128475 -1995.55 -2110.1 -2016.85
  379 378.5 29.5978 0.0128463 -1918.42 -1939.11 -1841.01
  380 379.5 29.6808 0.0128823 -1882.19 -1860.39 -1946.87
  381 380.5 29.6568 0.0128719 -1941.66 -1901.49 -1952.77
  382 381.5 29.6018 0.012848 -1984.43 -1931.89 -1990.49
  383 382.5 29.7151 0.0128972 -1898.8 -1856.6 -1894.98
  384 383.5 29.8254 0.0129451 -1734.5 -1588.12 -1874.62
  385 384.5 29.7255 0.0129017 -1792.8 -1742.66 -1984.76
  386 385.5 29.7537 0.0129139 -1750.44 -1826.48 -1947.38
  387 386.5 29.8011 0.0129345 -1925.5 -1862.94 -1949.27
  388 387.5 29.9085 0.0129811 -1902.36 -1966.93 -1949.29
  389 388.5 29.8188 0.0129422 -1975.43 -1792.47 -1964.53
  390 389.5 29.7567 0.0129152 -1975.96 -1939.18 -2054.69
  391 390.5 29.8521 0.0129566 -1792.1 -1848.82 -2008.47
  392 391.5 29.8596 0.0129599 -2066.87 -2099.05 -2090.51
  393 392.5 29.7916 0.0129304 -1917.82 -1941.8 -1944.22
  394 393.5 29.7472 0.0129111 -1826.58 -1619.55 -2065.58
  395 394.5 29.7817 0.0129261 -1883.43 -1873.71 -2083.19
  396 395.5 29.7233 0.0129007 -1809.89 -1693.59 -2141.95
  397 396.5 29.7237 0.0129009 -1758.91 -1527.57 -2036.24
  398 397.5 29.7067 0.0128935 -1685.43 -1613.14 -1955.17
  399 398.5 29.5484 0.0128248 -1648.94 -1694.61 -2171.44
  400 399.5 29.562 0.0128307 -1810.59 -1761.77 -2150.39
  401 400.5 29.4257 0.0127716 -1644.24 -1711.87 -2275.75
  402 401.5 29.3559 0.0127413 -1604.48 -1644.35 -2118.06
  403 402.5 29.2372 0.0126897 -1655.45 -1631.05 -2231.8
  404 403.5 29.1893 0.012669 -1489.06 -1408.01 -2143.02
  405 404.5 28.9593 0.0125691 -1373.92 -1299.84 -2208.41
  406 405.5 28.8216 0.0125094 -1387.02 -1553.82 -2353.35
  407 406.5 28.7233 0.0124667 -1428.34 -1483.12 -2219.78
  408 407.5 28.522 0.0123793 -1378.48 -1478.37 -2203.57
  409 408.5 28.2929 0.0122799 -1418.12 -1429.26 -2413.55
  410 409.5 28.0213 0.012162 -1338.17 -1297.52 -2378.37
  411 410.5 27.8571 0.0120908 -1350.49 -1194.97 -2254.83
  412 411.5 27.5252 0.0119467 -1206.5 -1171.88 -2285.56
  413 412.5 27.221 0.0118147 -1339.99 -1257.42 -2389.88
  414 413.5 26.8786 0.011666 -1390.75 -1385.45 -2562.79
  415 414.5 26.5397 0.011519 -1359.49 -1383.39 -2505.32
  416 415.5 26.1786 0.0113623 -1308.32 -1297.14 -2464.34
  417 416.5 25.6272 0.0111229 -1394.91 -1472.51 -2536.36
  418 417.5 25.2115 0.0109425 -1298.1 -1289.37 -2693.91
  419 418.5 24.6702 0.0107075 -1214.02 -1027.55 -2498.28
  420 419.5 24.0574 0.0104416 -1296.28 -1089.46 -2632.31
  421 420.5 23.3855 0.01015 -1078.83 -1146.9 -2836.07
  422 421.5 22.6904 0.00984827 -1104.51 -974.018 -2757.28
  423 422.5 21.9036 0.00950678 -1034.19 -1069.52 -2627.82
  424 423.5 21.046 0.00913456 -1138.19 -1146.69 -2669.85
  425 424.5 20.0771 0.00871403 -1152.57 -1191.7 -2867.48
  426 425.5 19.0821 0.00828215 -1200.23 -1113.14 -2712.55
  427 426.5 18.0828 0.00784845 -1678.12 -1617.63 -2828.32
  428 427.5 16.983 0.00737111 -1924.25 -1914.53 -2736.66
  429 428.5 15.8303 0.00687079 -2256.92 -2265.82 -2897.23
  430 429.5 14.735 0.0063954 -2625.44 -2529.45 -2887.98
  431 430.5 13.5793 0.00589377 -3069.63 -2946.65 -2962.77
  432 431.5 12.4576 0.00540694 -3750.53 -3589.3 -3259.01
  433 432.5 11.3912 0.0049441 -4373.65 -4497.21 -3641.31
  434 433.5 10.409 0.00451779 -5131.02 -5147.53 -3910.91
  435 434.5 9.45598 0.00410416 -5832.2 -5773.19 -4512.57
  436 435.5 8.68833 0.00377098 -6754.27 -6337.35 -4780.23
  437 436.5 7.92562 0.00343994 -7359.25 -7197.98 -5396.01
  438 437.5 7.24353 0.00314389 -8299.59 -8311.36 -6303.43
  439 438.5 6.69484 0.00290575 -9206.68 -9130.85 -6924.3
  440 439.5 6.17414 0.00267975 -9860.58 -9618.03 -7637.26
  441 440.5 5.7488 0.00249514 -10615.1 -10311.5 -8650.92
  442 441.5 5.42766 0.00235576 -11088.8 -11171.9 -9299.79
  443 442.5 5.15354 0.00223678 -11781.7 -11499.5 -9929.05
  444 443.5 4.87746 0.00211695 -12401.5 -12251 -10841.6
  445 444.5 4.68177 0.00203202 -12637.9 -12661.8 -11273.7
  446 445.5 4.49978 0.00195303 -12940.3 -13064.2 -11952.6
  447 446.5 4.38199 0.00190191 -13420.8 -13367.7 -12384.4
  448 447.5 4.28433 0.00185952 -13592 -13576.3 -12681.4
  449 448.5 4.19886 0.00182242 -13845.1 -13915.5 -13156.9
  450 449.5 4.1187 0.00178763 -14056.1 -14073.1 -13474.5
  451 450.5 4.07864 0.00177024 -14046 -14405.6 -13678
  452 451.5 4.04401 0.00175521 -14177.6 -14379.8 -13788.9
  453 452.5 3.99711 0.00173486 -14259.3 -14102.2 -13954.5
  454 453.5 3.95247 0.00171548 -14420.1 -14221.6 -14314.6
  455 454.5 3.93706 0.00170879 -14124.8 -14352 -14302.4
  456 455.5 3.9439 0.00171176 -14414 -14592.9 -14238.7
  457 456.5 3.91655 0.00169989 -14543.4 -14715.3 -14526.4
  458 457.5 3.90206 0.0016936 -14588.6 -14714.9 -14464.9
  459 458.5 3.91981 0.00170131 -14399.2 -14635.3 -14442.3
  460 459.5 3.91941 0.00170113 -14432.1 -14467.2 -14530.9
  461 460.5 3.92164 0.0017021 -14277.9 -14507.8 -14360.6
  462 461.5 3.89187 0.00168918 -14213.5 -14507 -14585.8
  463 462.5 3.9328 0.00170694 -14556.3 -14438.7 -14570
  464 463.5 3.93551 0.00170812 -14485.3 -14215.8 -14456.1
  465 464.5 3.93842 0.00170938 -14420.2 -14610 -14398.4
  466 465.5 3.95181 0.00171519 -14224.5 -14732.1 -14412.9
  467 466.5 3.95549 0.00171679 -14307.4 -14205.3 -14315.3
  468 467.5 3.93059 0.00170599 -14379.4 -14300.5 -14499.7
  469 468.5 3.93934 0.00170978 -14341.5 -14283.2 -14472.7
  470 469.5 3.94222 0.00171103 -14214.2 -14164 -14420.8
  471 470.5 3.9753 0.00172539 -14457.2 -14348.9 -14305.2
  472 471.5 3.95845 0.00171808 -14141.4 -14135.7 -14365.3
  473 472.5 3.96248 0.00171983 -14452.2 -14241 -14445.3
  474 473.5 3.99818 0.00173532 -14184.4 -14106.2 -14201.2
  475 474.5 3.97183 0.00172389 -14214.4 -14087.7 -14313.6
  476 475.5 3.96269 0.00171992 -14169.4 -13972.1 -14370.5
  477 476.5 3.97631 0.00172583 -14301.4 -14098.7 -14264.5
  478 477.5 3.98279 0.00172864 -14158.2 -14087 -14429.7
  479 478.5 3.99405 0.00173353 -14285.9 -14106.3 -14252.7
  480 479.5 3.99281 0.00173299 -14120.5 -14126.5 -14244.4
  481 480.5 4.01355 0.00174199 -13897.1 -14319.7 -14122.6
  482 481.5 3.99949 0.00173589 -14213.5 -14184.1 -14130.1
  483 482.5 3.97486 0.0017252 -14340.2 -14178.8 -14382.4
  484 483.5 3.99926 0.00173579 -14029.6 -14091.6 -14212.3
  485 484.5 3.99102 0.00173222 -14102.3 -14241.2 -14412.6
  486 485.5 3.9711 0.00172357 -14067.3 -14246.6 -14311.5
  487 486.5 3.98846 0.0017311 -13942.6 -14206 -14171.7
  488 487.5 3.98262 0.00172857 -14096.3 -14502.5 -14313.2
  489 488.5 3.99806 0.00173527 -14159.6 -14512.6 -14108.9
  490 489.5 4.01847 0.00174413 -14290.4 -14516 -14287.2
  491 490.5 4.00913 0.00174007 -14164.4 -14539.5 -14225.8
  492 491.5 4.04611 0.00175613 -14302.1 -14323.9 -14016.7
  493 492.5 4.09421 0.001777 -14255.8 -14379.5 -13903.4
  494 493.5 4.0552 0.00176007 -14015 -14240.4 -14049.6
  495 494.5 4.06806 0.00176565 -14258 -14326.9 -14061.9
  496 495.5 4.06177 0.00176292 -14081 -14267 -13969.7
  497 496.5 4.07309 0.00176783 -14192.9 -14267.9 -13941.3
  498 497.5 4.05522 0.00176008 -14157.6 -14139.9 -14074
  499 498.5 4.05174 0.00175857 -14371.5 -14144.9 -14063.3
  500 499.5 4.05686 0.00176079 -14449.2 -14023.7 -14048.8
  501 500.5 4.03823 0.0017527 -14134.5 -14075.7 -14105.2
  502 501.5 4.0455 0.00175586 -14340.9 -13977.4 -14125.3
  503 502.5 4.02839 0.00174843 -14006.7 -14176.8 -14083.1
  504 503.5 4.02166 0.00174551 -14177 -14184.3 -14198.5
  505 504.5 4.01203 0.00174133 -14056.1 -14162.5 -14187.6
  506 505.5 4.01509 0.00174266 -14063.8 -13994.5 -14035.2
  507 506.5 4.02821 0.00174835 -14047.1 -14058.2 -14162.6
  508 507.5 4.00952 0.00174024 -14072.6 -14185.3 -14291.2
  509 508.5 4.04242 0.00175452 -13895 -13919.5 -14071.1
  510 509.5 4.07346 0.001768 -13976.1 -13997.3 -13934.9
  511 510.5 4.05882 0.00176164 -13993.4 -14323.2 -14120.7
  512 511.5 4.07738 0.00176969 -14376.6 -14119 -13866.8
  513 512.5 4.05491 0.00175994 -14355.1 -14143.4 -13965.2
  514 513.5 4.07415 0.0017683 -14410.2 -13801.5 -14037.6
  515 514.5 4.07313 0.00176785 -14189.7 -13814.7 -14013.1
  516 515.5 4.06994 0.00176647 -14017.6 -13875.4 -14055.8
  517 516.5 4.08064 0.00177111 -14110 -14194.1 -13904.2
  518 517.5 4.07632 0.00176924 -14057.3 -14284.4 -14075.7
  519 518.5 4.07504 0.00176868 -13899.6 -14284.9 -13944.7
  520 519.5 4.08484 0.00177293 -13953.5 -14147.1 -13907
  521 520.5 4.06519 0.00176441 -14116.7 -14109.1 -14064.8
  522 521.5 4.06298 0.00176344 -14034.7 -14274.2 -14027.1
  523 522.5 4.04292 0.00175474 -14333.3 -14382.5 -14157.4
  524 523.5 4.05942 0.0017619 -14183.7 -14309.1 -13972.9
  525 524.5 4.05546 0.00176018 -14194.8 -14063.9 -13997.6
  526 525.5 4.03554 0.00175153 -14098.9 -14199.4 -14096.4
  527 526.5 4.05494 0.00175995 -14080.2 -13980.3 -14059.5
  528 527.5 4.03547 0.00175151 -14096.2 -14181.9 -14174.8
  529 528.5 4.02854 0.0017485 -14005.5 -14055.4 -14150.3
  530 529.5 4.04227 0.00175446 -14049.1 -14251.6 -14080.3
  531 530.5 4.04382 0.00175513 -14043.6 -14225.9 -14048.9
  532 531.5 4.02595 0.00174738 -14013.9 -14243.2 -14199.4
  533 532.5 4.02893 0.00174867 -14217 -14197.6 -14070.8
  534 533.5 4.05586 0.00176035 -14506.9 -14295.8 -14078
  535 534.5 4.03366 0.00175072 -14241.5 -14203.4 -14074.3
  536 535.5 4.01821 0.00174401 -14332.6 -14031.8 -14238.6
  537 536.5 4.00135 0.0017367 -14382.3 -14167.3 -14243.4
  538 537.5 4.00014 0.00173617 -14283.2 -14358 -14189.3
  539 538.5 4.011 0.00174089 -14243.4 -14274.1 -14205.6
  540 539.5 4.03281 0.00175035 -14032.8 -14123 -14023.6
  541 540.5 4.01551 0.00174284 -13903.7 -14065.8 -14244.6
  542 541.5 4.00617 0.00173879 -14051 -14321.2 -14294.7
  543 542.5 4.00769 0.00173945 -13993.7 -14346.7 -14106.6
  544 543.5 4.01546 0.00174282 -13866.9 -14281.8 -14216.7
  545 544.5 4.01475 0.00174251 -14104.8 -14434.8 -14256.2
  546 545.5 4.01318 0.00174183 -13952.7 -14369.6 -14105.9
  547 546.5 3.9915 0.00173242 -14071.7 -14294.4 -14350.9
  548 547.5 4.00127 0.00173666 -14068 -13848.7 -14211.5
  549 548.5 3.98286 0.00172867 -14145.8 -14130.1 -14272.6
  550 549.5 3.96294 0.00172003 -14188.4 -14558.2 -14459.3
  551 550.5 3.94798 0.00171353 -14490.1 -14371.8 -14350
  552 551.5 3.93 0.00170573 -14196.4 -14218.9 -14470
  553 552.5 3.93002 0.00170574 -14248.7 -14277.7 -14489.2
  554 553.5 3.95324 0.00171582 -14219.9 -14373.1 -14505.1
  555 554.5 3.9404 0.00171024 -14275.7 -14254.4 -14320
  556 555.5 3.93259 0.00170685 -14476.6 -14202.9 -14536.2
  557 556.5 3.94152 0.00171073 -14428.9 -14495.5 -14382.8
  558 557.5 3.92546 0.00170376 -14184.5 -14329.3 -14565.2
  559 558.5 3.9191 0.001701 -14450.1 -14308.1 -14493.3
  560 559.5 3.91706 0.00170011 -14340 -14501.1 -14528
  561 560.5 3.92321 0.00170278 -14477.2 -14524.2 -14549.3
  562 561.5 3.94845 0.00171374 -14570.6 -14515.4 -14349.1
  563 562.5 3.9321 0.00170664 -14656.9 -14658.8 -14500
  564 563.5 3.94388 0.00171175 -14350.2 -14423 -14376
  565 564.5 3.94438 0.00171197 -14260.7 -14350.8 -14407
  566 565.5 3.91775 0.00170041 -14434.4 -14405.6 -14752.7
  567 566.5 3.93785 0.00170914 -14217.9 -14287.7 -14408.1
  568 567.5 3.9509 0.0017148 -14226.9 -14099.9 -14378
  569 568.5 3.95782 0.00171781 -14526.2 -14168.7 -14356.6
  570 569.5 3.94554 0.00171247 -14573.8 -14129.8 -14376.6
  571 570.5 3.9539 0.0017161 -14435.9 -14150.9 -14407.9
  572 571.5 3.96037 0.00171891 -14597.8 -14095.2 -14460.6
  573 572.5 3.94659 0.00171293 -14408.3 -14430.3 -14348.3
  574 573.5 3.97601 0.0017257 -14547.9 -14271.2 -14250.7
  575 574.5 3.95402 0.00171616 -14289.6 -14266.7 -14436
  576 575.5 3.94398 0.0017118 -14336.9 -14180 -14351.9
  577 576.5 3.94865 0.00171382 -14216.3 -14139.6 -14402.1
  578 577.5 3.94827 0.00171366 -14420.3 -14206.6 -14387.5
  579 578.5 3.97227 0.00172408 -14269.1 -14114.7 -14349.1
  580 579.5 3.97978 0.00172734 -14033.8 -13922.1 -14344
  581 580.5 4.04188 0.00175429 -14099.8 -14111.5 -13986.7
  582 581.5 4.04185 0.00175427 -14062.6 -14079.6 -13998.8
  583 582.5 4.05739 0.00176102 -13857.6 -14056 -13882.9
  584 583.5 4.07641 0.00176927 -13868.8 -13653.7 -13878.4
  585 584.5 4.06747 0.0017654 -13887.5 -14154.5 -13810.7
  586 585.5 4.09936 0.00177924 -13965 -13807.4 -13852.6
  587 586.5 4.13493 0.00179467 -13600.2 -13886.4 -13641.7
  588 587.5 4.17694 0.00181291 -13697.5 -13662.2 -13427.4
  589 588.5 4.21018 0.00182734 -13604.3 -13661 -13298.2
  590 589.5 4.30122 0.00186685 -13353.4 -13404.9 -12925.8
  591 590.5 4.36126 0.00189291 -13070.8 -13195.3 -12714
  592 591.5 4.43113 0.00192323 -12968.4 -12730.6 -12407.6
  593 592.5 4.54628 0.00197321 -12985.6 -12592.4 -11950.1
  594 593.5 4.66264 0.00202372 -12479.6 -12416.7 -11685.1
  595 594.5 4.82308 0.00209335 -11991.2 -12066.5 -11088
  596 595.5 4.96834 0.0021564 -11852.6 -11837.6 -10713.4
  597 596.5 5.15377 0.00223688 -11319.5 -11436.7 -10263.3
  598 597.5 5.41452 0.00235005 -10893 -10859.8 -9499.48
  599 598.5 5.70204 0.00247484 -10251.3 -10252.3 -8840.82
  600 599.5 6.05534 0.00262819 -9737.28 -9862.16 -8184.16
  601 600.5 6.48972 0.00281672 -9178.79 -9364.06 -7595.35
  602 601.5 6.93143 0.00300843 -8600.86 -8691.7 -6917.74
  603 602.5 7.47569 0.00324466 -8024.63 -7850.54 -6170.66
  604 603.5 8.07826 0.00350619 -7273.58 -7381.23 -5618.24
  605 604.5 8.82855 0.00383184 -6420.66 -6669.24 -4926.05
  606 605.5 9.51722 0.00413074 -5910.07 -6073.23 -4751.19
  607 606.5 10.3623 0.00449752 -5221.91 -5178.13 -4327.98
  608 607.5 11.3144 0.00491077 -4713.97 -4644.08 -3641.31
  609 608.5 12.2509 0.00531725 -4151.19 -4135.25 -3499.12
  610 609.5 13.2424 0.00574755 -3371.02 -3537.97 -3423.64
  611 610.5 14.2861 0.00620055 -2926.32 -2877.07 -3156.69
  612 611.5 15.3718 0.0066718 -2656.4 -2528.56 -2965.06
  613 612.5 16.4401 0.00713544 -2161.42 -2152.14 -2993.11
  614 613.5 17.5159 0.00760241 -1875.91 -1778.05 -2883.46
  615 614.5 18.4728 0.00801769 -1689.21 -1637.03 -2865.89
  616 615.5 19.4386 0.00843691 -1526.72 -1431.18 -2991.86
  617 616.5 20.3911 0.0088503 -1324.05 -1422.99 -2941.1
  618 617.5 21.1089 0.00916184 -1192.43 -1160.94 -3043.78
  619 618.5 21.9203 0.00951401 -1238.83 -1258.19 -2923.99
  620 619.5 22.5875 0.00980362 -1276.74 -1309.51 -2846.5
  621 620.5 23.2095 0.0100736 -1352.77 -1327.28 -2892.09
  622 621.5 23.6412 0.010261 -1561.05 -1431.64 -2987.63
  623 622.5 24.0578 0.0104418 -1569.71 -1453.46 -2872.7
  624 623.5 24.5228 0.0106436 -1719.52 -1748.38 -2831.63
155000000 624 13245.000000000013
  1 0.5 26.0425 0.0113032 -1356.16 -1410 -2640.81
  2 1.5 26.2437 0.0113905 -1501.29 -1479.39 -2676.47
  3 2.5 26.4653 0.0114867 -1520 -1550.7 -2538.51
  4 3.5 26.6992 0.0115882 -1538.16 -1606.64 -2449.96
  5 4.5 26.7528 0.0116115 -1679.32 -1485.87 -2565.32
  6 5.5 26.8881 0.0116702 -1696.38 -1602.49 -2426.47
  7 6.5 26.993 0.0117157 -1846.38 -1957.53 -2350.59
  8 7.5 27.165 0.0117904 -2066.81 -2028.01 -2308.78
  9 8.5 27.1817 0.0117976 -2012.23 -2055.47 -2332.25
  10 9.5 27.1508 0.0117842 -1906.89 -2032.13 -2334.27
  11 10.5 27.2623 0.0118326 -1846.6 -1948.64 -2166.61
  12 11.5 27.3261 0.0118603 -2024.03 -2007.76 -2177.95
  13 12.5 27.3846 0.0118857 -2051.11 -1881.38 -2122.46
  14 13.5 27.3488 0.0118701 -1953.43 -1897.04 -2283.87
  15 14.5 27.4047 0.0118944 -2125.36 -2058.56 -2187.44
  16 15.5 27.4312 0.0119059 -2095.52 -2118.14 -2100.73
  17 16.5 27.5355 0.0119512 -2134.85 -2154.47 -2081.57
  18 17.5 27.4952 0.0119337 -2064.1 -2090.13 -2039.74
  19 18.5 27.4526 0.0119152 -2140.33 -1910.27 -2165.11
  20 19.5 27.4786 0.0119265 -2179.67 -2011.92 -2228.11
  21 20.5 27.5331 0.0119501 -2035.75 -2003.74 -1975.3
  22 21.5 27.5146 0.0119421 -2034.48 -2102.88 -2006.02
  23 22.5 27.5217 0.0119452 -2027.99 -2227.82 -2170.44
  24 23.5 27.5523 0.0119585 -2215.24 -2150.38 -2135.48
  25 24.5 27.514 0.0119418 -2186.24 -2133.94 -1991.39
  26 25.5 27.5453 0.0119554 -2096.71 -2098.04 -2094.02
  27 26.5 27.5243 0.0119463 -2083.08 -1971.99 -2084.12
  28 27.5 27.5234 0.0119459 -1961.34 -1799.77 -2036.98
  29 28.5 27.4874 0.0119303 -1913.34 -1975.51 -2116.5
  30 29.5 27.5312 0.0119493 -1704.93 -1910.63 -2056.46
  31 30.5 27.505 0.0119379 -1738.96 -1952.5 -2075.04
  32 31.5 27.5686 0.0119655 -1787.54 -1973.13 -2039.18
  33 32.5 27.5623 0.0119628 -1946.39 -1910.35 -1957.39
  34 33.5 27.5093 0.0119398 -1988 -2080.56 -2097.4
  35 34.5 27.5738 0.0119678 -1983.89 -2061 -2114.81
  36 35.5 27.5486 0.0119569 -2115.21 -2206.49 -2053.82
  37 36.5 27.5364 0.0119516 -2066.24 -1875.03 -1893.76
  38 37.5 27.5773 0.0119693 -1958.76 -2088.45 -2109.27
  39 38.5 27.522 0.0119453 -2045.7 -2066.65 -2142.23
  40 39.5 27.5204 0.0119446 -2154.57 -2087.3 -2015.5
  41 40.5 27.6324 0.0119932 -2218.93 -2077.66 -2060.8
  42 41.5 27.5811 0.011971 -1965.89 -1973.36 -1983.11
  43 42.5 27.5345 0.0119507 -2172.95 -2187.63 -2041.19
  44 43.5 27.5617 0.0119625 -2180.14 -2166.99 -2008.01
  45 44.5 27.6213 0.0119884 -2204.16 -2151.53 -2123.51
  46 45.5 27.5685 0.0119655 -2035.54 -2084.91 -2088.01
  47 46.5 27.5198 0.0119444 -1835.36 -1864.63 -1972.14
  48 47.5 27.606 0.0119818 -1819.91 -1835.81 -2046.83
  49 48.5 27.6234 0.0119893 -1925.32 -1996.45 -2076.87
  50 49.5 27.5804 0.0119706 -2238.38 -2096.55 -2059.22
  51 50.5 27.5959 0.0119774 -1981.74 -1900.7 -2059.85
  52 51.5 27.5958 0.0119773 -2102.31 -1933.43 -2095.74
  53 52.5 27.6269 0.0119909 -1996.79 -1904.91 -1915.8
  54 53.5 27.57 0.0119661 -1973.35 -1834.04 -2185.41
  55 54.5 27.6062 0.0119819 -2015.91 -1954.44 -2113.77
  56 55.5 27.6518 0.0120017 -1953.53 -2162.34 -1989.7
  57 56.5 27.5964 0.0119776 -2060.14 -2122.26 -2071.2
  58 57.5 27.6481 0.012 -1924.21 -2017.62 -2062.01
  59 58.5 27.6344 0.0119941 -1859.46 -1982.61 -2010.31
  60 59.5 27.6015 0.0119798 -2046.64 -1997.45 -2133.35
  61 60.5 27.648 0.012 -1997.96 -1961.28 -2099.91
  62 61.5 27.5978 0.0119782 -2032.76 -1973.17 -2070.36
  63 62.5 27.6278 0.0119912 -2048.23 -1949.54 -2014.88
  64 63.5 27.5842 0.0119723 -2070.13 -1962.81 -1989.96
  65 64.5 27.5881 0.011974 -2195.66 -2067.33 -2158.21
  66 65.5 27.5452 0.0119554 -2072.64 -1947.16 -2104.7
  67 66.5 27.5679 0.0119652 -1984.42 -2072.86 -2083.5
  68 67.5 27.5322 0.0119497 -1992.1 -2017.59 -1968.69
  69 68.5 27.5416 0.0119538 -1920.94 -1995.03 -2121.77
  70 69.5 27.5425 0.0119542 -1933.71 -2027.61 -1913.29
  71 70.5 27.5104 0.0119403 -1885.6 -1951.96 -2065.14
  72 71.5 27.464 0.0119201 -2048 -2022.42 -2040.95
  73 72.5 27.5213 0.011945 -1971.53 -2038.38 -2110.42
  74 73.5 27.4985 0.0119351 -2120.52 -2130.18 -2060.87
  75 74.5 27.4718 0.0119235 -2071.67 -2098.69 -2080.63
  76 75.5 27.4952 0.0119337 -2189.56 -2076 -2149.55
  77 76.5 27.4889 0.0119309 -2185.65 -2017.16 -1919.82
  78 77.5 27.4827 0.0119282 -2096.29 -2108.72 -2097.97
  79 78.5 27.4435 0.0119113 -2253.73 -2027.86 -2080.21
  80 79.5 27.433 0.0119067 -2128.8 -2078.84 -2084.96
  81 80.5 27.4507 0.0119144 -2054.63 -2066.63 -1985.98
  82 81.5 27.4286 0.0119048 -2051.16 -2178 -2144.27
  83 82.5 27.3517 0.0118714 -1962.07 -1940.84 -1999.97
  84 83.5 27.4096 0.0118965 -2126.64 -2183.38 -2134.54
  85 84.5 27.4531 0.0119154 -2085.08 -1922.92 -1937.1
  86 85.5 27.3668 0.011878 -2015.73 -2026.19 -2003.15
  87 86.5 27.3736 0.0118809 -2201 -2148.04 -2248.21
  88 87.5 27.3641 0.0118768 -2017.55 -2098.5 -2119.18
  89 88.5 27.4037 0.011894 -1818.24 -1955.09 -1903.63
  90 89.5 27.3433 0.0118678 -2074.07 -2140.6 -2086.17
  91 90.5 27.3845 0.0118856 -1998.72 -1974.9 -2055.09
  92 91.5 27.3933 0.0118895 -1966.79 -1956.01 -1932.94
  93 92.5 27.3224 0.0118587 -2090.42 -2160.33 -2126.61
  94 93.5 27.342 0.0118672 -2148.85 -2073.59 -2050.01
  95 94.5 27.3207 0.0118579 -2277.81 -2060.6 -2116.88
  96 95.5 27.3054 0.0118513 -2067.17 -2030.21 -2044.85
  97 96.5 27.3348 0.0118641 -2145.71 -2183.92 -2064.56
  98 97.5 27.2968 0.0118476 -1979.12 -2111.16 -2101.15
  99 98.5 27.3006 0.0118492 -2031.91 -1998.86 -2053.34
  100 99.5 27.3919 0.0118888 -2064.08 -2128.96 -1976.98
  101 100.5 27.3648 0.0118771 -2059.73 -2066.03 -2016.37
  102 101.5 27.3442 0.0118682 -2037.26 -2010.26 -2157.64
  103 102.5 27.368 0.0118785 -2095.53 -2047.82 -1990.42
  104 103.5 27.356 0.0118733 -2188.09 -1972.31 -2123.17
  105 104.5 27.3865 0.0118865 -2109.65 -2213.94 -2097.06
  106 105.5 27.3538 0.0118723 -2288.35 -2041.31 -2037.04
  107 106.5 27.3622 0.0118759 -2112.45 -2021.53 -2074.08
  108 107.5 27.3718 0.0118801 -2092.66 -2134.05 -2023.27
  109 108.5 27.3413 0.0118669 -1985.6 -1998 -1999.61
  110 109.5 27.3784 0.011883 -2071.39 -2266.47 -2166.9
  111 110.5 27.4052 0.0118946 -1991.52 -2128.68 -1999.57
  112 111.5 27.3587 0.0118744 -2141.97 -2112.69 -2137.81
  113 112.5 27.3963 0.0118907 -1943.68 -2106.35 -1936.03
  114 113.5 27.3888 0.0118875 -2069.15 -1997.94 -2170.87
  115 114.5 27.3748 0.0118814 -2015.91 -2018.22 -1991.74
  116 115.5 27.4133 0.0118981 -2068.04 -2105.3 -2067.72
  117 116.5 27.454 0.0119158 -2134.05 -2100.59 -2043.53
  118 117.5 27.4318 0.0119062 -2091.75 -2084.84 -2075.76
  119 118.5 27.418 0.0119002 -2116.26 -2043.95 -2095.8
  120 119.5 27.4323 0.0119064 -2088.55 -1970.9 -2201.55
  121 120.5 27.4677 0.0119218 -1983.74 -1854.75 -2039.2
  122 121.5 27.501 0.0119362 -1986.43 -1960.14 -1877.13
  123 122.5 27.4157 0.0118992 -2113.48 -1979.59 -2152.22
  124 123.5 27.4461 0.0119124 -2222.73 -2139.81 -2204.72
  125 124.5 27.4369 0.0119084 -2054.59 -2058.43 -2055.53
  126 125.5 27.4338 0.011907 -2110.66 -1998.61 -2067.94
  127 126.5 27.3813 0.0118842 -2013.18 -2068.37 -2022.27
  128 127.5 27.3717 0.0118801 -2103.58 -2013.88 -2102.26
  129 128.5 27.3853 0.011886 -2040.37 -1942.19 -2150.16
  130 129.5 27.4265 0.0119039 -2031.89 -2048.69 -1944.69
  131 130.5 27.365 0.0118771 -2079.02 -2177.69 -2039.35
  132 131.5 27.3682 0.0118786 -2075.75 -2232.85 -2136
  133 132.5 27.3653 0.0118773 -2022.08 -2152.29 -2145.32
  134 133.5 27.3948 0.0118901 -1983.69 -1935.54 -1805.49
  135 134.5 27.3857 0.0118862 -2114.63 -2156.59 -2134.07
  136 135.5 27.3473 0.0118695 -2138.9 -2231.98 -2195.53
  137 136.5 27.3783 0.0118829 -1938.3 -2090.07 -2055.71
  138 137.5 27.3947 0.01189 -2042.4 -2011.29 -1943.49
  139 138.5 27.41 0.0118967 -2137.88 -2207.59 -2133.23
  140 139.5 27.3609 0.0118754 -2106.19 -2055.29 -2109.45
  141 140.5 27.3115 0.0118539 -1927.68 -1933.5 -2083.47
  142 141.5 27.4087 0.0118961 -2049.13 -2088.07 -2042.63
  143 142.5 27.3749 0.0118815 -2053.09 -2084.47 -1989.46
  144 143.5 27.3288 0.0118615 -2260.75 -2142.41 -2147.11
  145 144.5 27.3596 0.0118748 -2101.88 -2023.81 -1996.69
  146 145.5 27.3324 0.011863 -2069.11 -2076.33 -2162.05
  147 146.5 27.2964 0.0118474 -1996.66 -2118.58 -2081.75
  148 147.5 27.3839 0.0118854 -1978.17 -2019.69 -1999.11
  149 148.5 27.3316 0.0118627 -1944.98 -2005.79 -2021.11
  150 149.5 27.3157 0.0118558 -1988.31 -1971.55 -2116.04
  151 150.5 27.361 0.0118754 -2007.22 -2092.66 -2010.26
  152 151.5 27.3567 0.0118736 -2188.02 -2115.98 -2107.26
  153 152.5 27.2808 0.0118406 -2095.44 -2177.4 -2112.49
  154 153.5 27.3554 0.011873 -1963.93 -1933.18 -2045.93
  155 154.5 27.3709 0.0118797 -1995.59 -2062.58 -1974.74
  156 155.5 27.2927 0.0118458 -2127.75 -2001.27 -2044.85
  157 156.5 27.3526 0.0118718 -1930.06 -2009.23 -2117.3
  158 157.5 27.3687 0.0118788 -1872.1 -2009.92 -2025.29
  159 158.5 27.2858 0.0118428 -2052.18 -2072.24 -2076.4
  160 159.5 27.2837 0.0118419 -1900.37 -1984.64 -2168.75
  161 160.5 27.359 0.0118746 -2016.44 -2056.54 -1988.65
  162 161.5 27.3374 0.0118652 -2093.06 -2151.76 -2025.52
  163 162.5 27.3294 0.0118617 -2126.79 -2150.92 -2067.78
  164 163.5 27.3714 0.01188 -2219.52 -2133.98 -2229.41
  165 164.5 27.3585 0.0118744 -2145.07 -2073.32 -2158.32
  166 165.5 27.3773 0.0118825 -2107.02 -1939.16 -1940.51
  167 166.5 27.4063 0.0118951 -2065.89 -2137.3 -2051.25
  168 167.5 27.3888 0.0118875 -2209.83 -2171.31 -2130.55
  169 168.5 27.376 0.0118819 -2095.91 -2184.86 -2068.77
  170 169.5 27.3749 0.0118815 -2129.62 -2081.25 -2254.13
  171 170.5 27.3757 0.0118818 -2109.74 -1964.09 -2015.7
  172 171.5 27.3316 0.0118627 -2084.38 -2118.69 -2130.75
  173 172.5 27.3758 0.0118818 -2058.81 -1903.62 -2067.21
  174 173.5 27.3078 0.0118523 -2208.81 -2142.21 -2112.49
  175 174.5 27.2622 0.0118326 -2071.04 -2062.19 -2251.09
  176 175.5 27.2999 0.0118489 -1982.95 -1943.91 -2065.77
  177 176.5 27.267 0.0118346 -2089.4 -1929.73 -2070.89
  178 177.5 27.2201 0.0118143 -1911.62 -1888.78 -2061.06
  179 178.5 27.2117 0.0118106 -1915.57 -1927.86 -2191.75
  180 179.5 27.1448 0.0117816 -1907.73 -1914.65 -2105.69
  181 180.5 27.1253 0.0117732 -1915.65 -1969.18 -2075.87
  182 181.5 27.0795 0.0117533 -2054.27 -1904.78 -2277.49
  183 182.5 27.0542 0.0117423 -1928.82 -1997.67 -2057.89
  184 183.5 26.9737 0.0117073 -1995.92 -1841.29 -2127.97
  185 184.5 26.9697 0.0117056 -2164.76 -2059.6 -2102.1
  186 185.5 26.859 0.0116575 -2083.07 -1986.61 -2332.15
  187 186.5 26.8251 0.0116428 -2084.21 -2167.93 -2117.36
  188 187.5 26.8221 0.0116415 -1937.62 -2085.11 -2138.36
  189 188.5 26.8286 0.0116444 -1790.96 -1992.37 -2177.33
  190 189.5 26.6899 0.0115841 -1789.67 -1920.9 -2083.14
  191 190.5 26.6449 0.0115646 -1913.62 -2061.99 -2174.87
  192 191.5 26.6076 0.0115484 -1925.97 -1968.66 -2168.74
  193 192.5 26.4928 0.0114986 -1911.7 -2023.92 -2112.8
  194 193.5 26.4152 0.0114649 -1861.91 -1971.69 -2123.23
  195 194.5 26.3437 0.0114339 -1943.52 -2083.01 -2273.35
  196 195.5 26.2727 0.0114031 -1936.52 -2067.64 -2051.45
  197 196.5 26.1767 0.0113614 -1982.09 -2123.8 -1954.74
  198 197.5 26.0744 0.011317 -2174.08 -2406.05 -2148.93
  199 198.5 26.1114 0.0113331 -2088.58 -2190.11 -1932.6
  200 199.5 26.025 0.0112956 -2105.03 -2266.12 -1952.87
  201 200.5 25.962 0.0112682 -2028.86 -2181.59 -1991.45
  202 201.5 25.9872 0.0112791 -2092.85 -2142.66 -1901.76
  203 202.5 25.9758 0.0112742 -2178.69 -2017.27 -1897.13
  204 203.5 25.9561 0.0112657 -2186.8 -2171.76 -1785.98
  205 204.5 26.0258 0.0112959 -2346.67 -2274.15 -1884.98
  206 205.5 26.1093 0.0113322 -2339.24 -2502.42 -1884.25
  207 206.5 26.1926 0.0113683 -2241.91 -2200.29 -1715.59
  208 207.5 26.3244 0.0114255 -2181.38 -2137.94 -1756.82
  209 208.5 26.3471 0.0114354 -2115.43 -1939.98 -1923.28
  210 209.5 26.4988 0.0115012 -2024.73 -1919.38 -1809.01
  211 210.5 26.7514 0.0116109 -1925.55 -2007.94 -1876.91
  212 211.5 26.9046 0.0116774 -1745.76 -1936.41 -1951.07
  213 212.5 27.0613 0.0117453 -1805.98 -1680.82 -1750.21
  214 213.5 27.2655 0.011834 -1832.1 -1890.67 -2037.18
  215 214.5 27.5273 0.0119476 -1812.99 -1622.48 -2007.47
  216 215.5 27.7244 0.0120332 -1763.08 -1714.29 -2023.97
  217 216.5 27.8355 0.0120814 -1729.7 -1743.22 -2066.12
  218 217.5 28.0505 0.0121747 -1624.28 -1674.72 -2034.05
  219 218.5 28.3123 0.0122883 -1606.77 -1661.32 -2161.32
  220 219.5 28.4361 0.0123421 -1658.16 -1723.72 -2172.89
  221 220.5 28.5433 0.0123886 -1575.37 -1531 -2088.88
  222 221.5 28.7203 0.0124654 -1604.38 -1450.57 -2060.08
  223 222.5 28.9014 0.012544 -1448.78 -1541.22 -2146.54
  224 223.5 28.9118 0.0125485 -1526.94 -1564.96 -2195.23
  225 224.5 29.0068 0.0125898 -1511.29 -1520.49 -2133.8
  226 225.5 29.145 0.0126497 -1501.61 -1575.32 -2022.77
  227 226.5 29.2614 0.0127003 -1687.52 -1515.18 -2105.03
  228 227.5 29.2962 0.0127154 -1546.34 -1599.18 -2012.4
  229 228.5 29.362 0.0127439 -1789.79 -1680.04 -2209.73
  230 229.5 29.4228 0.0127703 -1651.5 -1661.85 -1994.14
  231 230.5 29.5245 0.0128145 -1612.75 -1747.12 -2093.03
  232 231.5 29.4846 0.0127971 -1626.98 -1758.46 -2007.69
  233 232.5 29.5771 0.0128373 -1647.91 -1880.42 -2054.59
  234 233.5 29.6648 0.0128754 -1578.75 -1786.65 -1958.22
  235 234.5 29.6317 0.012861 -1826.26 -1872.61 -2037.35
  236 235.5 29.6605 0.0128735 -1661.82 -1831.42 -1932.19
  237 236.5 29.6525 0.01287 -1752.38 -1790.74 -2102.66
  238 237.5 29.7384 0.0129073 -1639.74 -1715.53 -1781.88
  239 238.5 29.7119 0.0128958 -1891.03 -1880.46 -2041.17
  240 239.5 29.7331 0.012905 -1784.92 -2111.74 -1960.84
  241 240.5 29.7389 0.0129075 -1983.92 -1939.69 -1892.55
  242 241.5 29.7665 0.0129195 -2054.42 -1890.44 -1976.86
  243 242.5 29.815 0.0129405 -1899.26 -1819.82 -1772.11
  244 243.5 29.7293 0.0129033 -1994.21 -1961.71 -2013.32
  245 244.5 29.7653 0.012919 -2030.9 -2049.31 -1955.6
  246 245.5 29.8389 0.0129509 -1871.05 -1869.17 -1891.2
  247 246.5 29.811 0.0129388 -1924.73 -2072.55 -1834.4
  248 247.5 29.7931 0.012931 -1821.86 -1875.69 -1854.42
  249 248.5 29.8959 0.0129757 -1780.42 -1806.88 -1947.02
  250 249.5 29.8344 0.012949 -1892.17 -1901.54 -2019.89
  251 250.5 29.8924 0.0129741 -1847.24 -2051.21 -1708.43
  252 251.5 29.8884 0.0129724 -1935.51 -2069.71 -1952.92
  253 252.5 29.9623 0.0130045 -1910.22 -1917.68 -1896.36
  254 253.5 29.8678 0.0129635 -1969.02 -1841.13 -1956.98
  255 254.5 29.9311 0.0129909 -1964.09 -2047.07 -1862.96
  256 255.5 29.9877 0.0130155 -1941.73 -1922 -1893.89
  257 256.5 29.972 0.0130087 -1814.98 -1853.12 -1867.9
  258 257.5 29.9332 0.0129919 -1953.9 -1858.77 -1924.55
  259 258.5 29.8984 0.0129767 -1929.97 -2098.58 -2059.5
  260 259.5 30.0341 0.0130356 -1910.14 -1987.03 -1825.33
  261 260.5 29.9745 0.0130098 -1947.1 -2023.15 -1898.81
  262 261.5 29.9496 0.012999 -1888.72 -2014.33 -1806.23
  263 262.5 29.8601 0.0129601 -1923.15 -1879.72 -2000.7
  264 263.5 30.0177 0.0130285 -2067.01 -1917.8 -1867.73
  265 264.5 29.9726 0.013009 -1825.72 -1873.04 -1902.4
  266 265.5 29.8845 0.0129707 -1812.12 -1820.87 -1820.83
  267 266.5 29.9479 0.0129982 -2003.68 -1821.38 -1909.29
  268 267.5 29.9723 0.0130088 -1939.57 -1923.54 -1919.22
  269 268.5 29.9951 0.0130187 -1938.35 -1875.5 -1734.6
  270 269.5 29.9571 0.0130022 -1877.12 -1823.99 -1972.89
  271 270.5 29.9408 0.0129951 -1880.77 -1820.82 -1882.96
  272 271.5 29.9937 0.0130181 -1831.51 -1731.49 -1811.95
  273 272.5 29.9903 0.0130166 -1958.85 -1891.67 -2004.92
  274 273.5 30.0187 0.013029 -1718.93 -1915.19 -1795.88
  275 274.5 30.0191 0.0130291 -1916.86 -1823.46 -1849.81
  276 275.5 30.0428 0.0130394 -1964.78 -2002.97 -1921.24
  277 276.5 30.047 0.0130412 -1845.46 -1926.77 -1866.45
  278 277.5 29.9675 0.0130067 -1940.94 -1996.32 -1939.63
  279 278.5 30.0599 0.0130468 -1811.69 -1934.96 -1842.38
  280 279.5 30.0328 0.0130351 -1751.92 -2021.67 -1845.24
  281 280.5 30.0104 0.0130253 -1936.51 -2025.5 -1896.19
  282 281.5 30.0765 0.013054 -1980.86 -2088.56 -1840.4
  283 282.5 30.0659 0.0130494 -1924.72 -2012.89 -1977.25
  284 283.5 30.0473 0.0130414 -1889.29 -1703.11 -1767.53
  285 284.5 30.0324 0.0130349 -1992.29 -1926.47 -1942.91
  286 285.5 30.0909 0.0130603 -1905.66 -1782.37 -1789.35
  287 286.5 30.0623 0.0130479 -1870.93 -1929.02 -1896.48
  288 287.5 30.0416 0.0130389 -1898.6 -1884.59 -1964.51
  289 288.5 30.1106 0.0130689 -1961.96 -1916.15 -1928.56
  290 289.5 30.1617 0.013091 -1882.88 -1793.67 -1726
  291 290.5 30.1446 0.0130836 -1894.81 -1850.15 -1854.55
  292 291.5 30.0738 0.0130529 -1931.46 -1993.18 -2033.71
  293 292.5 30.088 0.013059 -1885.23 -1823.55 -1921.78
  294 293.5 30.1506 0.0130862 -1931.82 -1838.55 -1774.35
  295 294.5 30.1986 0.013107 -1991.44 -2008.18 -1938.11
  296 295.5 30.1067 0.0130672 -1843.72 -1954.12 -1815.04
  297 296.5 30.0567 0.0130454 -1869.94 -1862.58 -1957.96
  298 297.5 30.1669 0.0130933 -1825.88 -1877.15 -1812.81
  299 298.5 30.1374 0.0130805 -2137.56 -1979.04 -1956.12
  300 299.5 30.0747 0.0130533 -1901.45 -1839.62 -1809.39
  301 300.5 30.1275 0.0130762 -1819.7 -1764.56 -1857.05
  302 301.5 30.1602 0.0130904 -1880.06 -1817.06 -1928.31
  303 302.5 30.1416 0.0130823 -1710.6 -1811.72 -1880.91
  304 303.5 30.1327 0.0130784 -1754.69 -1832.9 -1804.08
  305 304.5 30.1863 0.0131017 -2009.02 -1837.2 -1945.4
  306 305.5 30.1172 0.0130717 -1741.6 -1842.43 -1879.95
  307 306.5 30.195 0.0131055 -1781.77 -1849.43 -1802.49
  308 307.5 30.1395 0.0130814 -1829.48 -1676.9 -1974.49
  309 308.5 30.1353 0.0130795 -1778.67 -1720.37 -1886.25
  310 309.5 30.1914 0.0131039 -1646.76 -1751.47 -1788.86
  311 310.5 30.2281 0.0131198 -1658.21 -1707.65 -1893.97
  312 311.5 30.1548 0.013088 -1746.86 -1674.9 -1828.02
  313 312.5 30.1669 0.0130933 -1815.72 -1931.83 -1927.92
  314 313.5 30.1809 0.0130994 -1939.36 -1998.9 -1977.07
  315 314.5 30.2266 0.0131192 -1796.28 -1766.64 -1758.65
  316 315.5 30.2085 0.0131113 -1832.35 -1801.49 -1957.19
  317 316.5 30.208 0.0131111 -1858.29 -1667.44 -1786.63
  318 317.5 30.1857 0.0131014 -1899.03 -1766.73 -1949.56
  319 318.5 30.2543 0.0131312 -1872.45 -1795.07 -1844.74
  320 319.5 30.2489 0.0131289 -1930.07 -1964.2 -1917.3
  321 320.5 30.1821 0.0130999 -1703.33 -1771.72 -1746.49
  322 321.5 30.2462 0.0131277 -1763.09 -1799.64 -1853.88
  323 322.5 30.2646 0.0131357 -1942.94 -1942.51 -1971.15
  324 323.5 30.1767 0.0130975 -1956.17 -1810.05 -1881.96
  325 324.5 30.1774 0.0130978 -1988.82 -1925.57 -1791.51
  326 325.5 30.2446 0.013127 -1820.41 -1989.18 -1847.72
  327 326.5 30.186 0.0131016 -1995.33 -1915.42 -2047.87
  328 327.5 30.1431 0.0130829 -1944.26 -1838.72 -1826.35
  329 328.5 30.267 0.0131367 -1943.61 -1894.8 -1788.42
  330 329.5 30.251 0.0131298 -2046.23 -1770.23 -1892.82
  331 330.5 30.179 0.0130985 -2035.53 -1875.09 -1897.36
  332 331.5 30.2455 0.0131274 -1814.84 -1588.81 -1831.57
  333 332.5 30.2388 0.0131245 -1759.62 -1660.44 -1912.81
  334 333.5 30.2568 0.0131323 -1897.68 -1642.7 -1896.5
  335 334.5 30.2652 0.013136 -1753.72 -1724.84 -1817.47
  336 335.5 30.2599 0.0131336 -1806.89 -1695.83 -1827.99
  337 336.5 30.2473 0.0131282 -1700.62 -1679.75 -1974.92
  338 337.5 30.2169 0.013115 -1785.21 -1692.27 -1903.02
  339 338.5 30.2293 0.0131203 -1763.93 -1896.95 -1891.99
  340 339.5 30.2712 0.0131385 -1802.81 -1772.47 -1793.57
  341 340.5 30.1989 0.0131072 -1780.44 -1802.4 -1979.93
  342 341.5 30.1792 0.0130986 -1866.64 -1883.38 -1842.37
  343 342.5 30.1582 0.0130895 -1754.71 -1843.99 -1833.85
  344 343.5 30.2378 0.0131241 -2005.28 -1838.94 -1882.7
  345 344.5 30.1067 0.0130671 -2085.62 -1979 -2049.56
  346 345.5 30.1937 0.0131049 -1888.29 -1978.51 -1781.36
  347 346.5 30.1783 0.0130982 -1971.53 -1786.01 -1780.54
  348 347.5 30.2037 0.0131092 -1981.09 -1976.73 -1786.53
  349 348.5 30.0859 0.0130581 -2011.38 -1993.71 -1961.69
  350 349.5 30.1356 0.0130797 -1917.71 -1965.76 -1873.25
  351 350.5 30.1588 0.0130897 -1881.6 -2017.38 -1958.04
  352 351.5 30.1326 0.0130784 -1773.05 -1934.92 -1784.98
  353 352.5 30.1012 0.0130648 -1879.21 -2025.9 -1868.77
  354 353.5 30.1272 0.013076 -1996.31 -1850.66 -1912.15
  355 354.5 30.1746 0.0130966 -2004.35 -2150.6 -1918.25
  356 355.5 30.1373 0.0130804 -1744.31 -1997.02 -1768.33
  357 356.5 30.1741 0.0130964 -1812.82 -1951.16 -1785.75
  358 357.5 30.0961 0.0130625 -2024.09 -1975.9 -2041.21
  359 358.5 30.1473 0.0130848 -1817.2 -1985.99 -1959.25
  360 359.5 30.1588 0.0130898 -1905.4 -1679.73 -1815.92
  361 360.5 30.2 0.0131076 -2025.97 -1879.58 -1814.27
  362 361.5 30.2022 0.0131086 -1937.5 -1933.37 -1816.84
  363 362.5 30.1034 0.0130657 -1877.41 -1968.33 -1949.01
  364 363.5 30.1638 0.0130919 -1982.46 -1921.98 -1923.02
  365 364.5 30.2153 0.0131143 -1850.75 -1968.68 -1876.6
  366 365.5 30.1542 0.0130878 -2001.73 -1875.42 -1909
  367 366.5 30.1443 0.0130835 -1955.35 -1906.31 -1901.53
  368 367.5 30.1923 0.0131043 -1885.13 -1721.62 -1782.93
  369 368.5 30.1546 0.0130879 -1878.02 -1766.9 -1933.21
  370 369.5 30.0729 0.0130525 -1836.83 -1811.52 -1826.28
  371 370.5 30.1129 0.0130698 -1963.37 -1910.61 -1998.88
  372 371.5 30.1961 0.0131059 -1891.25 -1909.29 -1731.22
  373 372.5 30.0948 0.013062 -1966.13 -1799.21 -1873.61
  374 373.5 30.117 0.0130716 -2039.35 -2016.41 -1946.63
  375 374.5 30.1338 0.0130789 -1980.62 -1966.67 -1955.25
  376 375.5 30.155 0.0130881 -1978.51 -1959.61 -1873.41
  377 376.5 30.1311 0.0130777 -1953.83 -1708.58 -1851.95
  378 377.5 30.1197 0.0130728 -1911.55 -1753.61 -1860.36
  379 378.5 30.154 0.0130877 -1818.83 -1808.7 -1838.18
  380 379.5 30.1312 0.0130778 -1751.26 -1979.94 -1975.16
  381 380.5 30.1116 0.0130693 -1827.33 -1867.23 -1909.69
  382 381.5 30.0605 0.0130471 -1811.26 -1850.57 -1959.02
  383 382.5 30.1184 0.0130722 -1800.73 -1871.62 -1925.13
  384 383.5 30.124 0.0130746 -1828.75 -1797.49 -1929.34
  385 384.5 30.1231 0.0130743 -1831.81 -1768.28 -1842.17
  386 385.5 30.0194 0.0130292 -1837.53 -1799.05 -2145.26
  387 386.5 30.0916 0.0130606 -1903.85 -1866.03 -1888.73
  388 387.5 30.0038 0.0130225 -1660.05 -1854.21 -1853.92
  389 388.5 30.0205 0.0130297 -1892.52 -1938.79 -2155.55
  390 389.5 30.0256 0.0130319 -1861.15 -1851.88 -2064.85
  391 390.5 29.9041 0.0129792 -1624.63 -1588.49 -1820.17
  392 391.5 29.9726 0.0130089 -1900.77 -1951.3 -2023.21
  393 392.5 29.8426 0.0129525 -1709.98 -1840.57 -2127.57
  394 393.5 29.7917 0.0129304 -1631.14 -1639.52 -2064.57
  395 394.5 29.7917 0.0129304 -1627.32 -1685.92 -2064.98
  396 395.5 29.7125 0.012896 -1636.43 -1833.59 -2160.97
  397 396.5 29.6168 0.0128545 -1601.98 -1417.7 -2120.46
  398 397.5 29.4827 0.0127963 -1533.61 -1567.84 -2190.47
  399 398.5 29.4516 0.0127828 -1535.19 -1421.68 -2152.77
  400 399.5 29.3265 0.0127285 -1515.04 -1455 -2165.27
  401 400.5 29.1426 0.0126487 -1508.37 -1483.06 -2227.84
  402 401.5 28.9773 0.0125769 -1400.23 -1461.97 -2188.64
  403 402.5 28.8683 0.0125296 -1531.15 -1483.75 -2304.06
  404 403.5 28.6287 0.0124256 -1436.57 -1426.73 -2314.93
  405 404.5 28.4029 0.0123276 -1400.44 -1312.73 -2144.42
  406 405.5 28.1961 0.0122379 -1398.98 -1452.71 -2385.08
  407 406.5 27.9992 0.0121524 -1440.16 -1495.78 -2200.24
  408 407.5 27.662 0.0120061 -1313.7 -1518.07 -2334.12
  409 408.5 27.3963 0.0118908 -1502.31 -1329.55 -2224.99
  410 409.5 27.0387 0.0117356 -1340.88 -1434.89 -2387.12
  411 410.5 26.7224 0.0115983 -1283.84 -1412.62 -2319.3
  412 411.5 26.3874 0.0114528 -1558.9 -1301.46 -2518.21
  413 412.5 26.0022 0.0112857 -1380.39 -1294.13 -2305.1
  414 413.5 25.5935 0.0111083 -1355 -1362 -2416.9
  415 414.5 25.0602 0.0108768 -1129.29 -1470 -2613.26
  416 415.5 24.6254 0.0106881 -1267.83 -1243.95 -2455.09
  417 416.5 24.0535 0.0104399 -1284.89 -1316.76 -2693.59
  418 417.5 23.3872 0.0101507 -1105.95 -1204.97 -2672.84
  419 418.5 22.7594 0.00987823 -1304.81 -1276.71 -2766.01
  420 419.5 22.0075 0.00955188 -1139.7 -1178.47 -2715.83
  421 420.5 21.2179 0.00920916 -1310.3 -1181.36 -2788.76
  422 421.5 20.3768 0.00884412 -1274.45 -1258.77 -2668.67
  423 422.5 19.3725 0.00840822 -1397.05 -1463.5 -2854.81
  424 423.5 18.3721 0.00797399 -1642.06 -1664.67 -2888.71
  425 424.5 17.3401 0.0075261 -1805.97 -1786.39 -2698.95
  426 425.5 16.2755 0.00706403 -2249.64 -2138.83 -2848.59
  427 426.5 15.1628 0.0065811 -2532.13 -2664.82 -2963.61
  428 427.5 13.9996 0.0060762 -2979.21 -3010.32 -3135.07
  429 428.5 12.9472 0.00561945 -3566.18 -3413.46 -3252.39
  430 429.5 11.8958 0.00516311 -4169.81 -4131.26 -3520.39
  431 430.5 10.922 0.00474047 -4708.23 -4689.71 -3667.06
  432 431.5 10.0029 0.00434154 -5275.9 -5497.34 -4316.46
  433 432.5 9.16059 0.00397595 -6021.88 -6184.79 -4806.29
  434 433.5 8.40725 0.00364898 -6990.7 -6991.08 -5319.75
  435 434.5 7.7481 0.00336289 -7695.8 -7622.58 -5798.85
  436 435.5 7.18665 0.0031192 -8227.22 -8291.79 -6426
  437 436.5 6.66402 0.00289237 -8981.96 -9011.87 -7232.25
  438 437.5 6.26234 0.00271803 -9664.57 -9780.84 -7878.03
  439 438.5 5.89284 0.00255766 -10279.9 -10380.1 -8507.29
  440 439.5 5.60158 0.00243124 -10644 -10800.9 -9004.77
  441 440.5 5.32993 0.00231334 -11339.8 -11619.7 -9796.23
  442 441.5 5.09522 0.00221147 -11668.4 -11596.4 -10273.3
  443 442.5 4.90618 0.00212942 -12067.5 -12152.7 -10944.6
  444 443.5 4.75217 0.00206257 -12380.3 -12276.8 -11304.1
  445 444.5 4.64144 0.00201451 -12561 -12667.1 -11713.7
  446 445.5 4.51211 0.00195838 -13062.8 -12905.5 -12226
  447 446.5 4.45515 0.00193366 -13153.1 -13161.4 -12369.5
  448 447.5 4.39164 0.00190609 -13198.4 -13391.5 -12593.4
  449 448.5 4.34183 0.00188448 -13386 -13387.7 -12772.1
  450 449.5 4.27693 0.00185631 -13698.4 -13534 -13149.8
  451 450.5 4.26198 0.00184982 -13945.7 -13595.6 -13221.9
  452 451.5 4.20712 0.00182601 -13929.3 -13747.6 -13374.5
  453 452.5 4.16264 0.0018067 -13874.9 -13660.1 -13472.1
  454 453.5 4.11118 0.00178436 -13817.8 -13700.7 -13768.3
  455 454.5 4.13068 0.00179283 -13832.2 -13893.6 -13746.3
  456 455.5 4.12072 0.00178851 -13965.8 -13945.5 -13654
  457 456.5 4.12144 0.00178882 -13967.9 -14069.8 -13684.3
  458 457.5 4.09877 0.00177898 -14008 -14048.8 -13836.3
  459 458.5 4.04015 0.00175354 -14083.4 -14046 -14051.6
  460 459.5 4.04514 0.0017557 -14065.2 -14229.7 -14098
  461 460.5 4.06325 0.00176356 -13891.4 -13944.5 -14030.8
  462 461.5 4.04648 0.00175628 -14223.1 -14029 -13896.6
  463 462.5 4.05449 0.00175976 -13994.1 -14231.3 -14037
  464 463.5 4.0635 0.00176367 -14027.4 -14020.3 -13983.3
  465 464.5 4.04227 0.00175446 -13935.4 -13974.4 -14102.4
  466 465.5 4.05479 0.00175989 -13901.3 -13956.3 -14025.5
  467 466.5 4.04932 0.00175752 -13890.9 -13860.5 -14002.5
  468 467.5 4.07167 0.00176722 -14105.3 -13984.9 -13858.8
  469 468.5 4.03794 0.00175258 -14036.9 -13869 -14154.1
  470 469.5 4.07267 0.00176765 -13769 -13866.8 -13960.2
  471 470.5 4.08701 0.00177388 -13840.2 -14114.8 -13972.6
  472 471.5 4.06424 0.00176399 -13845.9 -14304.3 -13942.9
  473 472.5 4.06516 0.00176439 -13858.9 -14114.1 -13956.6
  474 473.5 4.05485 0.00175992 -14122.6 -14022.1 -14115
  475 474.5 4.04999 0.00175781 -14208.9 -14138.3 -14098
  476 475.5 4.0642 0.00176398 -14117.7 -14204.5 -13959.4
  477 476.5 4.03352 0.00175066 -13959.9 -13817.6 -14080.2
  478 477.5 4.06732 0.00176533 -13901.1 -14087.1 -14029.1
  479 478.5 4.06289 0.00176341 -13855.4 -14141.5 -13981.8
  480 479.5 4.06397 0.00176388 -14234.6 -14239.9 -13905.3
  481 480.5 4.05889 0.00176167 -14161.5 -14346 -14061.5
  482 481.5 4.03837 0.00175276 -14141 -14043.9 -14061
  483 482.5 4.01806 0.00174395 -14251.6 -13927.9 -14237.5
  484 483.5 4.02004 0.00174481 -14545 -14221.7 -14223.2
  485 484.5 4.00516 0.00173835 -14272.9 -14093.6 -14177.4
  486 485.5 3.99777 0.00173514 -14518.4 -14151.4 -14181.9
  487 486.5 4.01442 0.00174237 -14499.7 -14029.3 -14068.9
  488 487.5 3.99066 0.00173206 -14413.8 -14089.6 -14333.9
  489 488.5 3.9757 0.00172556 -14305.3 -14091.1 -14109.7
  490 489.5 3.99854 0.00173548 -14289.6 -14474.7 -14301.9
  491 490.5 3.9818 0.00172821 -14150.8 -14455.8 -14265.3
  492 491.5 3.98646 0.00173023 -14182.5 -14253.6 -14410.5
  493 492.5 3.9635 0.00172027 -14311.8 -14476 -14299.8
  494 493.5 4.00073 0.00173643 -14321.2 -14091.1 -14211.1
  495 494.5 3.9809 0.00172782 -14290.3 -14312.6 -14264.9
  496 495.5 3.9799 0.00172739 -14166.9 -14301.8 -14312.8
  497 496.5 3.96097 0.00171917 -14205.3 -14393.5 -14342.2
  498 497.5 3.95706 0.00171748 -14190.4 -14225 -14405.5
  499 498.5 3.95914 0.00171838 -14110 -14268.8 -14322.8
  500 499.5 3.94645 0.00171287 -14187.5 -14097.4 -14436.6
  501 500.5 3.92638 0.00170416 -14369 -14016.8 -14429.3
  502 501.5 3.90621 0.0016954 -14419 -14306 -14626.3
  503 502.5 3.90841 0.00169636 -14401.4 -14090.2 -14431.6
  504 503.5 3.91869 0.00170082 -14595.5 -14433.3 -14617.5
  505 504.5 3.92741 0.0017046 -14836.6 -14663.7 -14508.7
  506 505.5 3.89864 0.00169212 -14407.3 -14609.7 -14537.6
  507 506.5 3.88635 0.00168678 -14572.8 -14790.9 -14544.4
  508 507.5 3.87264 0.00168083 -14804.5 -14393.2 -14667.1
  509 508.5 3.8849 0.00168616 -14746.6 -14611.9 -14682.3
  510 509.5 3.8905 0.00168858 -14343.6 -14370.4 -14626.5
  511 510.5 3.88984 0.0016883 -14433 -14380.1 -14574.6
  512 511.5 3.91722 0.00170018 -14570.4 -14636.9 -14410.1
  513 512.5 3.92482 0.00170348 -14439 -14686.5 -14412.7
  514 513.5 3.91376 0.00169868 -14407.9 -14585.2 -14647.6
  515 514.5 3.91667 0.00169994 -14320.5 -14533.4 -14584.7
  516 515.5 3.94224 0.00171104 -14395.6 -14388.7 -14351.2
  517 516.5 3.93457 0.00170771 -14234.6 -14644.6 -14437.7
  518 517.5 3.91746 0.00170028 -14415.2 -14539.6 -14574.8
  519 518.5 3.91743 0.00170027 -14076.9 -14320 -14438.4
  520 519.5 3.9394 0.00170981 -14227.7 -14537 -14372.7
  521 520.5 3.93638 0.0017085 -14222.1 -14419 -14453.3
  522 521.5 3.89209 0.00168927 -14521.1 -14499.4 -14663.6
  523 522.5 3.89418 0.00169018 -14452 -14255.6 -14525.8
  524 523.5 3.92178 0.00170216 -14606.7 -14294.2 -14615.2
  525 524.5 3.92438 0.00170329 -14635.7 -14332.9 -14466.5
  526 525.5 3.91599 0.00169965 -14513.9 -14554.4 -14646.9
  527 526.5 3.92676 0.00170432 -14566.3 -14432.4 -14380.1
  528 527.5 3.92741 0.0017046 -14565.1 -14371.3 -14434.2
  529 528.5 3.91166 0.00169777 -14679.8 -14394.9 -14605.2
  530 529.5 3.9109 0.00169744 -14362.4 -14517.4 -14444.2
  531 530.5 3.91228 0.00169804 -14571.4 -14717.6 -14574.6
  532 531.5 3.91177 0.00169782 -14737.1 -14262.5 -14446.8
  533 532.5 3.89888 0.00169222 -14539.2 -14634.5 -14626.3
  534 533.5 3.87905 0.00168361 -14648.8 -14601.3 -14783
  535 534.5 3.88558 0.00168645 -14486.3 -14381.9 -14610.5
  536 535.5 3.87826 0.00168327 -14387.6 -14402 -14572.1
  537 536.5 3.91038 0.00169721 -14567.2 -14644.3 -14485.2
  538 537.5 3.89573 0.00169085 -14605.2 -14457.3 -14617.3
  539 538.5 3.8826 0.00168516 -14512.7 -14721.8 -14630.1
  540 539.5 3.89837 0.001692 -14492.1 -14606.2 -14557.9
  541 540.5 3.91326 0.00169846 -14364.9 -14380.9 -14572.7
  542 541.5 3.91541 0.0016994 -14453.9 -14665.9 -14545
  543 542.5 3.9125 0.00169813 -14724.9 -14377.6 -14466.7
  544 543.5 3.90011 0.00169276 -14473.5 -14586 -14529.7
  545 544.5 3.86694 0.00167836 -14314.2 -14419.2 -14703.5
  546 545.5 3.88946 0.00168813 -14352.9 -14444.4 -14627
  547 546.5 3.88833 0.00168764 -14292.8 -14373.1 -14546.1
  548 547.5 3.89386 0.00169005 -14308.4 -14366.5 -14515
  549 548.5 3.88514 0.00168626 -14584 -14409.7 -14589
  550 549.5 3.91962 0.00170122 -14465.8 -14796.2 -14629.5
  551 550.5 3.94398 0.0017118 -14357.2 -14818.8 -14389.8
  552 551.5 3.95508 0.00171661 -14236.5 -14362.6 -14362.8
  553 552.5 3.97498 0.00172525 -14313.8 -14590.4 -14341.3
  554 553.5 3.97814 0.00172663 -13967.3 -14523.5 -14207.4
  555 554.5 3.98934 0.00173149 -14201.1 -14287.6 -14160.7
  556 555.5 4.00221 0.00173707 -14299 -14250.1 -14241.5
  557 556.5 4.00102 0.00173655 -14301.4 -14222.9 -14190.8
  558 557.5 4.01158 0.00174114 -14382.4 -13990.5 -14197.1
  559 558.5 4.04085 0.00175384 -14283.9 -14201 -14170.1
  560 559.5 4.04617 0.00175615 -14334 -14239.7 -14014.5
  561 560.5 4.05654 0.00176065 -13873.3 -14113 -13924.2
  562 561.5 4.04573 0.00175596 -14341.6 -14145.7 -14120.3
  563 562.5 4.04742 0.00175669 -13858.7 -14143.1 -14183.9
  564 563.5 4.08879 0.00177465 -13952.9 -14181.1 -13916.2
  565 564.5 4.08672 0.00177375 -13913.1 -14181.1 -13912.6
  566 565.5 4.11274 0.00178504 -14123.1 -14068.4 -13759.7
  567 566.5 4.14759 0.00180017 -14051.4 -13733.5 -13659
  568 567.5 4.09962 0.00177935 -13989.5 -14041.7 -13847
  569 568.5 4.0997 0.00177938 -13978.1 -13926.8 -13980.3
  570 569.5 4.09149 0.00177582 -13957.6 -13862.8 -13918.4
  571 570.5 4.09356 0.00177672 -14155.2 -13846.8 -13842.8
  572 571.5 4.09915 0.00177915 -14007.3 -13896.8 -13885.3
  573 572.5 4.06436 0.00176405 -14105.1 -14018.1 -14012.5
  574 573.5 4.08476 0.0017729 -13990.2 -14231.4 -13793.7
  575 574.5 4.09514 0.00177741 -13864.5 -14074.9 -13916.2
  576 575.5 4.12229 0.00178919 -13858.4 -13717.1 -13796
  577 576.5 4.13158 0.00179322 -14053.8 -13772.9 -13757.9
  578 577.5 4.13634 0.00179529 -14057.5 -13706.2 -13718
  579 578.5 4.13815 0.00179607 -13711.2 -13627.2 -13689.1
  580 579.5 4.14286 0.00179812 -13983 -13714.1 -13650.9
  581 580.5 4.12221 0.00178915 -13909.7 -13883.4 -13829.4
  582 581.5 4.159 0.00180512 -13775.4 -13568.8 -13548.4
  583 582.5 4.1582 0.00180477 -13918.5 -13665.2 -13557.2
  584 583.5 4.16959 0.00180972 -13941.9 -13735.8 -13559.4
  585 584.5 4.18465 0.00181625 -13668.2 -13605.8 -13391.6
  586 585.5 4.19834 0.00182219 -13664.1 -13382.4 -13465.5
  587 586.5 4.2562 0.00184731 -13711.9 -13648.6 -13080.5
  588 587.5 4.29026 0.00186209 -13698.8 -13663.5 -13048.9
  589 588.5 4.32891 0.00187887 -13445.7 -13353.4 -12952.4
  590 589.5 4.3891 0.00190499 -13237.2 -13326.9 -12620.9
  591 590.5 4.47603 0.00194272 -13097.4 -13170.3 -12183
  592 591.5 4.55924 0.00197884 -13056.5 -12874.4 -11889.5
  593 592.5 4.62752 0.00200847 -12834.1 -12490 -11775.3
  594 593.5 4.76809 0.00206948 -12309.4 -12157.4 -11256.6
  595 594.5 4.92416 0.00213722 -11961.9 -11940 -10728.1
  596 595.5 5.1216 0.00222292 -11553 -11534.6 -10057.4
  597 596.5 5.40124 0.00234429 -11097.6 -11239.3 -9527.53
  598 597.5 5.63082 0.00244393 -10481.9 -10693.4 -8928.6
  599 598.5 6.00316 0.00260554 -10173.9 -9820.58 -8030.71
  600 599.5 6.43486 0.00279291 -9522.81 -9443.95 -7367.65
  601 600.5 6.92244 0.00300453 -8556.96 -8679.28 -6715.41
  602 601.5 7.51388 0.00326123 -7858.47 -7850.59 -5982.42
  603 602.5 8.17529 0.0035483 -7042 -7000.23 -5317.32
  604 603.5 8.89315 0.00385988 -6369.21 -6460.19 -4801.67
  605 604.5 9.78202 0.00424567 -5640.23 -5600.46 -4241.75
  606 605.5 10.7408 0.00466182 -4905.14 -4848.34 -3696.76
  607 606.5 11.7049 0.00508024 -4238.13 -4270.71 -3508.71
  608 607.5 12.8204 0.00556439 -3474.1 -3502.6 -3164.12
  609 608.5 13.8942 0.00603047 -2841.73 -3047.07 -3122.71
  610 609.5 15.0541 0.00653389 -2601.65 -2610.75 -2941.46
  611 610.5 16.2242 0.00704175 -2123.65 -2147.85 -2775.02
  612 611.5 17.3105 0.00751325 -1874.39 -1889.72 -2795.62
  613 612.5 18.4058 0.00798865 -1641.86 -1726.87 -2762.62
  614 613.5 19.4749 0.00845264 -1288.61 -1433.62 -2840.33
  615 614.5 20.4447 0.00887359 -1097.28 -1238.8 -2847.58
  616 615.5 21.3395 0.00926194 -1120.41 -1104.94 -2797.04
  617 616.5 22.1747 0.00962445 -1037.32 -895.408 -2941.44
  618 617.5 22.9111 0.00994405 -910.963 -913.035 -2867.54
  619 618.5 23.5395 0.0102168 -976.094 -1003.87 -2934.92
  620 619.5 24.1188 0.0104682 -929.399 -1069.85 -2887.93
  621 620.5 24.6524 0.0106998 -1056.45 -1098.11 -2823.66
  622 621.5 25.0798 0.0108853 -1124.02 -1235.38 -2798.33
  623 622.5 25.4056 0.0110267 -1311.79 -1283.3 -2766.3
  624 623.5 25.7614 0.0111811 -1339.28 -1227 -2840
157500000 624 13244.999999999985
  1 0.5 26.8727 0.0116635 -1874 -1765.43 -2297.93
  2 1.5 26.9088 0.0116792 -2058.46 -2077.39 -2392.64
  3 2.5 27.0234 0.0117289 -1972.07 -2007.07 -2216.73
  4 3.5 27.122 0.0117717 -1836.89 -1950.91 -2195.45
  5 4.5 27.163 0.0117895 -2151.48 -2121.06 -2186.93
  6 5.5 27.1652 0.0117905 -1963.18 -1969.09 -2132.95
  7 6.5 27.2466 0.0118258 -1959.51 -2010.65 -2219.83
  8 7.5 27.3278 0.011861 -2004.96 -2050.99 -2234.22
  9 8.5 27.2886 0.011844 -1999.96 -1927.12 -2202.28
  10 9.5 27.3828 0.0118849 -2102.89 -1890.42 -2050.68
  11 10.5 27.4073 0.0118955 -2043.1 -2038.78 -2157.85
  12 11.5 27.4353 0.0119077 -2138.85 -2126.48 -2164.08
  13 12.5 27.3356 0.0118644 -2030.58 -1950.98 -2119.28
  14 13.5 27.4481 0.0119132 -1943.72 -1819.98 -2092.63
  15 14.5 27.4601 0.0119184 -2068.9 -2122.71 -2234.04
  16 15.5 27.3341 0.0118638 -1906.91 -1993.67 -2082.84
  17 16.5 27.4602 0.0119185 -2007.27 -2068.49 -1999.09
  18 17.5 27.4487 0.0119135 -2167.51 -2046.93 -2194.6
  19 18.5 27.4507 0.0119144 -2030.52 -2099.35 -2013.82
  20 19.5 27.3947 0.0118901 -2110.06 -2120.1 -2127.13
  21 20.5 27.4231 0.0119024 -2162.97 -2138.48 -2056.28
  22 21.5 27.4062 0.011895 -2126.53 -2224.43 -2125.52
  23 22.5 27.4091 0.0118963 -2210.26 -2203.69 -2149.45
  24 23.5 27.384 0.0118854 -2182.39 -2128.39 -1964.58
  25 24.5 27.3124 0.0118543 -2107.34 -2082.82 -2102.32
  26 25.5 27.3902 0.0118881 -2071.91 -2121.09 -2194.66
  27 26.5 27.3637 0.0118766 -2174.7 -2274.53 -2023.58
  28 27.5 27.3052 0.0118512 -2087 -2371.81 -2027.33
  29 28.5 27.3562 0.0118733 -2127.86 -2285.66 -2048.03
  30 29.5 27.3317 0.0118627 -2253.6 -2285.23 -2118.28
  31 30.5 27.2424 0.0118239 -2202.38 -2326.57 -2067.98
  32 31.5 27.287 0.0118433 -2169 -2177.91 -2054.96
  33 32.5 27.2494 0.011827 -2053.8 -2059.1 -2089.85
  34 33.5 27.2723 0.0118369 -2148.87 -2038.09 -2033.8
  35 34.5 27.2263 0.011817 -2179.61 -2017.23 -2048.88
  36 35.5 27.221 0.0118147 -2349.73 -2079.36 -2153.65
  37 36.5 27.2159 0.0118125 -2073.35 -2071.33 -2077.16
  38 37.5 27.2091 0.0118095 -2104.5 -1998.25 -2033.52
  39 38.5 27.2159 0.0118125 -2015.24 -2041.07 -2074.16
  40 39.5 27.2323 0.0118196 -2029.16 -2069 -2052.26
  41 40.5 27.181 0.0117973 -2061.09 -1943.84 -2050.95
  42 41.5 27.1974 0.0118044 -2115.76 -2341.3 -2133.94
  43 42.5 27.2071 0.0118086 -2044.28 -2118.15 -2053.64
  44 43.5 27.2182 0.0118134 -1959.06 -1974.67 -2135.31
  45 44.5 27.2356 0.011821 -1982.26 -2077.59 -2055.22
  46 45.5 27.2325 0.0118197 -2126.4 -2164.21 -2101.47
  47 46.5 27.1806 0.0117971 -2088.71 -2186.32 -2029.95
  48 47.5 27.2085 0.0118092 -1831.37 -2040.92 -2146.98
  49 48.5 27.18 0.0117969 -2019.18 -2085.3 -2059.89
  50 49.5 27.192 0.0118021 -2062.25 -2124.84 -2044.47
  51 50.5 27.188 0.0118003 -2147.68 -2247.76 -2129.67
  52 51.5 27.1773 0.0117957 -2106.68 -2146.82 -2028.04
  53 52.5 27.1298 0.0117751 -2112.21 -2115.68 -2122.46
  54 53.5 27.128 0.0117743 -2125.67 -2179.02 -2185.07
  55 54.5 27.1961 0.0118039 -1886.86 -2138.82 -1976.27
  56 55.5 27.1699 0.0117925 -1851.94 -1974.22 -2046.21
  57 56.5 27.1253 0.0117731 -2017 -2151.99 -2118.07
  58 57.5 27.1627 0.0117894 -2112.22 -1971.07 -2046.29
  59 58.5 27.143 0.0117808 -2073.26 -2069.52 -2104.71
  60 59.5 27.1343 0.011777 -1991.37 -1967.62 -2090.73
  61 60.5 27.166 0.0117908 -2181.44 -2168.54 -2041.49
  62 61.5 27.1722 0.0117935 -2224.32 -2139.39 -2139.37
  63 62.5 27.1411 0.01178 -1979.01 -2015.04 -2047.06
  64 63.5 27.1495 0.0117836 -2121.91 -2105.92 -2013.97
  65 64.5 27.1414 0.0117801 -2092.16 -2080.25 -2090.52
  66 65.5 27.1678 0.0117916 -2262.34 -2189.15 -2083.52
  67 66.5 27.1587 0.0117876 -2113.63 -2115.25 -2087.04
  68 67.5 27.204 0.0118073 -2102.52 -2285.62 -2036.71
  69 68.5 27.1387 0.0117789 -2164.71 -2237 -2175.55
  70 69.5 27.1998 0.0118055 -2051.76 -2205.01 -2018.42
  71 70.5 27.2355 0.011821 -2022.86 -2230.25 -2082.78
  72 71.5 27.2056 0.011808 -2120.09 -2220.47 -2103.72
  73 72.5 27.1897 0.0118011 -2017.33 -1955.26 -2062.68
  74 73.5 27.248 0.0118264 -2146.37 -2192.56 -2202.57
  75 74.5 27.2738 0.0118376 -2156.34 -2215.53 -1951.65
  76 75.5 27.2579 0.0118307 -2222.92 -2267.59 -2081.02
  77 76.5 27.2748 0.011838 -2040.76 -2049.68 -2041.83
  78 77.5 27.2367 0.0118215 -2064.68 -2072.09 -2196.81
  79 78.5 27.289 0.0118442 -2185.81 -1984.73 -2157.8
  80 79.5 27.2576 0.0118306 -2126.35 -2159.1 -1916.21
  81 80.5 27.288 0.0118437 -2055.86 -2120.6 -2116.03
  82 81.5 27.2641 0.0118334 -1921.84 -2114.84 -2107.03
  83 82.5 27.255 0.0118294 -2164.65 -2195.75 -2129.69
  84 83.5 27.2806 0.0118406 -2192.27 -2107.46 -2035.53
  85 84.5 27.2996 0.0118488 -2120.07 -2093.08 -2061.45
  86 85.5 27.248 0.0118264 -2144.8 -2237.51 -2102.26
  87 86.5 27.2484 0.0118266 -2116.97 -2164.11 -2070.24
  88 87.5 27.2997 0.0118488 -2008.97 -2183.56 -1960.14
  89 88.5 27.319 0.0118572 -2176.66 -2215.75 -2185.79
  90 89.5 27.26 0.0118316 -1965.7 -1931.74 -2022.08
  91 90.5 27.2715 0.0118366 -2132.22 -2136.39 -1999.36
  92 91.5 27.3115 0.011854 -2110.68 -2124.05 -2113.64
  93 92.5 27.2746 0.0118379 -2030.1 -2102.85 -2156.4
  94 93.5 27.3439 0.011868 -2063.82 -1897.85 -1989.1
  95 94.5 27.3148 0.0118554 -2189.07 -1896.7 -2006.16
  96 95.5 27.3884 0.0118873 -2100.69 -2061.99 -2083.62
  97 96.5 27.361 0.0118754 -2254.73 -2022.76 -2097.6
  98 97.5 27.3234 0.0118591 -2092.51 -2055.28 -2068.96
  99 98.5 27.372 0.0118802 -2070.21 -2080.55 -2110.23
  100 99.5 27.4222 0.011902 -2027.21 -2127.56 -2025.36
  101 100.5 27.4587 0.0119178 -2062.34 -2166.62 -2071.58
  102 101.5 27.3952 0.0118903 -2054.44 -2198.76 -2039.19
  103 102.5 27.384 0.0118854 -2038.19 -1942.27 -2179.71
  104 103.5 27.4911 0.0119319 -2107.87 -2165.1 -2049.97
  105 104.5 27.4961 0.0119341 -2022.08 -2062.55 -2051.82
  106 105.5 27.4258 0.0119036 -2046.61 -2085.09 -2023.22
  107 106.5 27.4601 0.0119184 -2051.6 -2039.48 -2130.66
  108 107.5 27.4909 0.0119318 -2078.82 -1908.56 -2105.8
  109 108.5 27.4831 0.0119284 -2063.27 -1936.61 -2009.05
  110 109.5 27.4699 0.0119227 -2001.64 -2079.7 -2055.46
  111 110.5 27.5011 0.0119363 -1995.07 -2115.41 -2003.47
  112 111.5 27.4971 0.0119345 -2123.48 -2213.38 -2177.91
  113 112.5 27.4694 0.0119225 -2034.29 -2051.1 -2111.72
  114 113.5 27.4687 0.0119222 -2049.86 -1938.56 -2011.33
  115 114.5 27.5497 0.0119574 -2017.63 -1911.49 -2114.37
  116 115.5 27.509 0.0119397 -2069.93 -2007.01 -2062.35
  117 116.5 27.5324 0.0119498 -1959.54 -2005.61 -2037.97
  118 117.5 27.5236 0.011946 -1951.71 -2111.39 -2025.92
  119 118.5 27.4586 0.0119178 -1999.19 -1961.89 -2145.12
  120 119.5 27.525 0.0119466 -1996.11 -1942.85 -2008.42
  121 120.5 27.46 0.0119184 -2154.46 -2002.64 -2267.63
  122 121.5 27.4796 0.0119269 -1918.11 -1907.34 -2019.61
  123 122.5 27.5022 0.0119367 -1989.89 -2144.6 -2036.86
  124 123.5 27.466 0.011921 -2061.89 -2307.1 -2138.75
  125 124.5 27.518 0.0119436 -2128.4 -2121.11 -2000.01
  126 125.5 27.4919 0.0119323 -1986.58 -1950.74 -2024.21
  127 126.5 27.4578 0.0119174 -1986.76 -2081.96 -2188.78
  128 127.5 27.4191 0.0119007 -2078.32 -2073.74 -2174.82
  129 128.5 27.4228 0.0119022 -1909.11 -2047.35 -1963.57
  130 129.5 27.4698 0.0119227 -1959.24 -2054.94 -2039.58
  131 130.5 27.3826 0.0118848 -2187.4 -2147.57 -2176.39
  132 131.5 27.2741 0.0118377 -2087.81 -2072.05 -2088.81
  133 132.5 27.4101 0.0118967 -2209.61 -2107.78 -2013.75
  134 133.5 27.4505 0.0119143 -2197.33 -2184.16 -2012.64
  135 134.5 27.2226 0.0118154 -2185 -2095.39 -2116.36
  136 135.5 27.214 0.0118116 -2190.52 -2109.87 -2128.61
  137 136.5 27.2999 0.0118489 -2136.33 -2193.83 -2050.98
  138 137.5 27.2753 0.0118383 -1945 -2147.93 -2010.57
  139 138.5 27.1638 0.0117898 -2090.91 -2038.6 -2086.21
  140 139.5 27.1839 0.0117986 -2068.56 -1979.69 -2071.93
  141 140.5 27.2125 0.011811 -2085.42 -1999.21 -1959.62
  142 141.5 27.1808 0.0117972 -2076.79 -2050.5 -2133.03
  143 142.5 27.0974 0.011761 -2141.22 -2130.54 -2047.05
  144 143.5 27.2366 0.0118215 -2030.9 -2105.47 -2000.46
  145 144.5 27.1788 0.0117963 -2127.51 -2285.23 -2129.57
  146 145.5 27.1782 0.0117961 -2230.84 -2198.19 -2066.96
  147 146.5 27.1799 0.0117968 -2083.76 -2161.63 -2064.01
  148 147.5 27.2595 0.0118314 -2084.87 -1934.55 -2012.99
  149 148.5 27.2166 0.0118128 -2063.92 -2049.26 -2060.8
  150 149.5 27.1646 0.0117902 -2015.23 -2075.43 -2124.81
  151 150.5 27.2213 0.0118148 -1930.74 -2165.65 -2166.21
  152 151.5 27.2946 0.0118466 -2040.51 -2214.76 -2076.67
  153 152.5 27.1722 0.0117935 -2100.31 -2184.9 -2027.25
  154 153.5 27.1771 0.0117956 -2170.98 -2213.8 -2093.59
  155 154.5 27.2386 0.0118223 -2047.85 -2014.77 -2084.73
  156 155.5 27.2109 0.0118103 -2100.99 -2154.52 -2132.83
  157 156.5 27.1048 0.0117642 -2175.65 -1957.16 -2063.96
  158 157.5 27.235 0.0118208 -2252.02 -2029.99 -2117.14
  159 158.5 27.2124 0.0118109 -2116.86 -2062.46 -2077.08
  160 159.5 27.1589 0.0117877 -2269.09 -2289.82 -2047.42
  161 160.5 27.174 0.0117943 -2204.33 -2144.14 -2118.93
  162 161.5 27.1555 0.0117863 -2134.89 -2097.14 -2166.23
  163 162.5 27.1601 0.0117883 -2105.9 -2202.42 -2091.4
  164 163.5 27.1527 0.011785 -2075.39 -2051.54 -2041.88
  165 164.5 27.1128 0.0117677 -2196.38 -2034.35 -2071.43
  166 165.5 27.1434 0.011781 -2006.46 -2248.35 -2079.23
  167 166.5 27.1283 0.0117744 -1995.09 -2256.19 -2116.91
  168 167.5 27.1091 0.0117661 -2092.9 -2160.55 -2147.51
  169 168.5 27.0453 0.0117384 -2125.14 -2196.02 -2126.39
  170 169.5 27.0953 0.0117601 -1947.69 -2115.88 -2153.69
  171 170.5 27.1465 0.0117823 -1874.84 -2012.57 -1990.14
  172 171.5 27.0643 0.0117466 -1879.44 -1859.48 -2173.2
  173 172.5 27.0542 0.0117423 -2042.93 -2005.16 -2188.25
  174 173.5 27.0745 0.0117511 -1999.89 -2113.84 -2126.5
  175 174.5 27.1216 0.0117715 -2046.94 -2055.31 -2036.03
  176 175.5 27.066 0.0117474 -2099.22 -2103.13 -2038.1
  177 176.5 27.0002 0.0117189 -2052.77 -2065.02 -2197.33
  178 177.5 26.9733 0.0117072 -1891.33 -1952.91 -2073.54
  179 178.5 27.0189 0.0117269 -2152.93 -2088.75 -2253.74
  180 179.5 26.9202 0.0116841 -2107.82 -2049.76 -2132.53
  181 180.5 26.9118 0.0116805 -1904.22 -1950.2 -2114.14
  182 181.5 26.8628 0.0116592 -1975.62 -2116.29 -2194.45
  183 182.5 26.8641 0.0116598 -1901.25 -2199.78 -2081.78
  184 183.5 26.883 0.011668 -1981.06 -2097.89 -2033.04
  185 184.5 26.7583 0.0116139 -2084.51 -2093.59 -2192.79
  186 185.5 26.7266 0.0116001 -1970.12 -1883.47 -2147.93
  187 186.5 26.7158 0.0115954 -2115.22 -2164.89 -2294.35
  188 187.5 26.6626 0.0115723 -2119.98 -2030.25 -2029.47
  189 188.5 26.6463 0.0115652 -2240.31 -2083.62 -2123.39
  190 189.5 26.5807 0.0115368 -2020.87 -1812.71 -2166.62
  191 190.5 26.5169 0.0115091 -2049.26 -2063.68 -2197.73
  192 191.5 26.4591 0.011484 -2082.98 -1953.68 -2192.18
  193 192.5 26.5244 0.0115123 -1959.03 -1930.38 -2065.96
  194 193.5 26.3693 0.011445 -2085.77 -2049.71 -2131.29
  195 194.5 26.3152 0.0114215 -2286.94 -2048.7 -2158.77
  196 195.5 26.4122 0.0114636 -2091.27 -2014.69 -2069.76
  197 196.5 26.2645 0.0113995 -2114.58 -2033.32 -2128.67
  198 197.5 26.1842 0.0113646 -2021.36 -2101.36 -1928.65
  199 198.5 26.2422 0.0113898 -2114.69 -2110.67 -2010.08
  200 199.5 26.2184 0.0113795 -2194.7 -2238.38 -2185.96
  201 200.5 26.1628 0.0113554 -2049.6 -2049.8 -1865.76
  202 201.5 26.1418 0.0113463 -2094.79 -2325.5 -1879.44
  203 202.5 26.2169 0.0113789 -2141.03 -2278.66 -1892.56
  204 203.5 26.2222 0.0113812 -2162.41 -2375.53 -1931.54
  205 204.5 26.2194 0.01138 -2231.87 -2313.51 -1809.5
  206 205.5 26.3506 0.0114369 -2285.75 -2372.62 -1804.54
  207 206.5 26.4141 0.0114645 -2173.14 -2238.7 -1941.99
  208 207.5 26.4695 0.0114885 -2153.35 -2035.65 -1703.3
  209 208.5 26.6323 0.0115592 -2101.22 -2087.81 -1825.84
  210 209.5 26.8147 0.0116383 -1979.65 -1952.73 -1872.3
  211 210.5 26.9777 0.0117091 -1783.95 -1911.87 -1804.69
  212 211.5 27.0927 0.011759 -1907.09 -2049.34 -1930.33
  213 212.5 27.2909 0.011845 -1780.04 -1944.74 -1864.88
  214 213.5 27.5215 0.0119451 -1853.26 -1990.58 -1971.5
  215 214.5 27.6641 0.012007 -1817.7 -1882.86 -1962.81
  216 215.5 27.8034 0.0120674 -1820.56 -1853.99 -2057.26
  217 216.5 28.1044 0.0121981 -1643.16 -1646.29 -1972.08
  218 217.5 28.2673 0.0122688 -1402.58 -1587.61 -2064.8
  219 218.5 28.4191 0.0123347 -1560.27 -1495.24 -2037.5
  220 219.5 28.5934 0.0124103 -1744.71 -1632.75 -2132.72
  221 220.5 28.8309 0.0125134 -1664.47 -1573.32 -1946.97
  222 221.5 28.8775 0.0125336 -1823.56 -1627.33 -2260.52
  223 222.5 29.025 0.0125976 -1531.73 -1400.73 -2092.04
  224 223.5 29.1383 0.0126468 -1511.91 -1368.06 -2167.97
  225 224.5 29.333 0.0127314 -1685.46 -1560.11 -2139.69
  226 225.5 29.3329 0.0127313 -1568.53 -1588.66 -2082.16
  227 226.5 29.4228 0.0127703 -1618.17 -1586.91 -2076.01
  228 227.5 29.5672 0.012833 -1711.48 -1685.22 -2149.35
  229 228.5 29.6606 0.0128735 -1585.11 -1582.31 -2044.24
  230 229.5 29.6399 0.0128646 -1813.67 -1746.23 -2096.66
  231 230.5 29.7509 0.0129127 -1781.99 -1874.17 -1961.46
  232 231.5 29.7641 0.0129185 -1603.04 -1766.03 -2131.52
  233 232.5 29.8128 0.0129396 -1935.39 -1726.48 -1980.98
  234 233.5 29.8456 0.0129538 -1936.19 -1731.28 -2032.22
  235 234.5 29.8769 0.0129674 -1931.44 -1648.56 -1935.94
  236 235.5 29.8604 0.0129602 -1848.86 -1754.04 -1956.5
  237 236.5 29.8836 0.0129703 -1922.02 -1722.09 -1980.72
  238 237.5 29.8971 0.0129762 -1771.06 -1808.18 -2054.49
  239 238.5 29.9043 0.0129793 -1713.67 -1782.79 -1872.33
  240 239.5 29.9587 0.0130029 -1819.05 -1694.82 -1815.74
  241 240.5 29.937 0.0129935 -1898.86 -1826.57 -2011.04
  242 241.5 29.8503 0.0129559 -1832.26 -1687.46 -1911.41
  243 242.5 29.8975 0.0129763 -1759.66 -1753.56 -1928.1
  244 243.5 29.9475 0.012998 -1767.38 -1672.61 -1860.48
  245 244.5 29.9047 0.0129795 -1993.55 -1775.55 -1858.07
  246 245.5 29.9164 0.0129846 -1914.02 -1822.71 -1928.57
  247 246.5 29.9424 0.0129958 -1799.86 -1831.07 -1937.78
  248 247.5 29.9184 0.0129854 -1838.62 -1886.57 -1934.4
  249 248.5 29.8907 0.0129734 -1724.44 -1679.78 -1719.65
  250 249.5 29.9299 0.0129904 -1886.41 -1890.29 -1921.51
  251 250.5 29.9122 0.0129827 -1987.51 -1822.83 -1965.48
  252 251.5 29.9225 0.0129872 -1918.29 -1729.18 -1984.94
  253 252.5 29.941 0.0129952 -2013.45 -1720.6 -1693.89
  254 253.5 29.964 0.0130052 -1914.8 -1853.42 -1912.45
  255 254.5 30.0033 0.0130223 -2085.89 -1883.58 -1929.46
  256 255.5 29.9541 0.0130009 -1876.55 -1821.01 -1965.16
  257 256.5 29.9773 0.013011 -1834.4 -1724.13 -1765.22
  258 257.5 30.01 0.0130252 -1849.09 -1888.61 -1844.39
  259 258.5 30.0328 0.0130351 -1973.19 -1975.2 -1902.56
  260 259.5 29.9588 0.0130029 -1880.66 -1934.51 -1892.45
  261 260.5 29.9275 0.0129894 -1850.35 -1827.95 -2007.31
  262 261.5 30.0831 0.0130569 -1973.62 -1802.53 -1790.11
  263 262.5 30.038 0.0130373 -1724.47 -1926.06 -1816.55
  264 263.5 29.9383 0.0129941 -1783.14 -1903.4 -1887.22
  265 264.5 30.0122 0.0130261 -1856.24 -1874.76 -1920.94
  266 265.5 30.0798 0.0130555 -1823.37 -1925.04 -1961.8
  267 266.5 30.025 0.0130317 -1941.53 -1895.37 -1868.84
  268 267.5 30.054 0.0130443 -1815.67 -1820.32 -1817.16
  269 268.5 30.1003 0.0130644 -1999.41 -1924.11 -1950.46
  270 269.5 30.0352 0.0130361 -1867.5 -1691.64 -1946.25
  271 270.5 30.0797 0.0130554 -1730.2 -1782.63 -1849.47
  272 271.5 30.1308 0.0130776 -1675.13 -1848.67 -1875.21
  273 272.5 30.0758 0.0130537 -1823.68 -1808.73 -1910.73
  274 273.5 30.033 0.0130352 -1958.07 -1809.03 -1969.39
  275 274.5 30.1602 0.0130904 -1950.88 -1894.48 -1833.37
  276 275.5 30.1217 0.0130737 -1871.3 -1784.77 -1847.77
  277 276.5 30.043 0.0130395 -1903.43 -1855.63 -1876.73
  278 277.5 30.0246 0.0130315 -1948.28 -2038.71 -2008.19
  279 278.5 30.152 0.0130868 -1995.14 -1884.54 -1853.57
  280 279.5 30.0009 0.0130212 -1952.86 -1946.13 -1872.27
  281 280.5 30.0213 0.0130301 -2038.72 -1849.83 -1913.54
  282 281.5 30.0322 0.0130348 -2051.28 -1915.01 -1884.25
  283 282.5 30.0305 0.0130341 -1914.07 -1883.41 -1812.82
  284 283.5 29.9885 0.0130158 -1915.96 -1953.1 -1919.89
  285 284.5 30.0166 0.0130281 -2078.53 -2045.52 -1812.28
  286 285.5 29.9805 0.0130124 -2093.41 -1965.56 -1930.29
  287 286.5 30.0366 0.0130367 -1964.95 -2021.2 -1799.03
  288 287.5 30.0153 0.0130275 -1892.31 -2001.45 -1784.76
  289 288.5 29.9845 0.0130141 -1899.69 -1823.85 -1957.26
  290 289.5 29.9924 0.0130175 -1813.77 -1894.49 -1913.41
  291 290.5 30.0127 0.0130263 -1931.27 -1932.05 -1720.6
  292 291.5 30.0029 0.0130221 -2030.53 -1915.51 -1884.16
  293 292.5 30.0547 0.0130446 -1973 -2142.5 -1878.61
  294 293.5 30.0185 0.0130289 -1889.16 -1953.57 -1856.47
  295 294.5 30.0759 0.0130538 -2005.91 -1979.78 -1890.9
  296 295.5 30.0656 0.0130493 -1965.86 -1958.4 -1840.01
  297 296.5 30.0685 0.0130505 -1964.42 -1909.73 -1940.52
  298 297.5 30.1368 0.0130802 -1892.23 -1877.57 -1851.48
  299 298.5 30.0833 0.013057 -1796.25 -1612.65 -1811.06
  300 299.5 30.1278 0.0130763 -1763.5 -1843.51 -1921.98
  301 300.5 30.1337 0.0130789 -1794.02 -1848.06 -1886.93
  302 301.5 30.1862 0.0131016 -1749.54 -1983.21 -1956.88
  303 302.5 30.1331 0.0130786 -1722.67 -1735.92 -1801.84
  304 303.5 30.1256 0.0130753 -1733.44 -1855.69 -1916.43
  305 304.5 30.1701 0.0130946 -1899.05 -2003.45 -1820.33
  306 305.5 30.2362 0.0131234 -1873.94 -1984.86 -1902.26
  307 306.5 30.1435 0.0130831 -1905.19 -1924.21 -1860.84
  308 307.5 30.1359 0.0130798 -1751.34 -1634.01 -1936.51
  309 308.5 30.2388 0.0131245 -1967.8 -1723.11 -1834.14
  310 309.5 30.226 0.0131189 -1930.93 -1736.87 -1777.27
  311 310.5 30.1831 0.0131003 -2023.88 -1883.71 -1956.65
  312 311.5 30.1991 0.0131073 -1867.55 -1951.98 -1944.28
  313 312.5 30.3435 0.0131699 -1862.01 -1833.35 -1804.4
  314 313.5 30.2234 0.0131178 -1888.04 -1994.23 -1754.14
  315 314.5 30.2596 0.0131335 -1872.36 -1812.16 -2015.4
  316 315.5 30.3081 0.0131546 -1912.58 -2007.1 -1896.28
  317 316.5 30.3603 0.0131772 -1924.33 -1906.3 -1803.87
  318 317.5 30.2881 0.0131459 -1869.56 -1889.71 -1912.14
  319 318.5 30.278 0.0131415 -1870.54 -1840.39 -1938.95
  320 319.5 30.3512 0.0131733 -1844.9 -2072.45 -1930.99
  321 320.5 30.3581 0.0131762 -1850.95 -1871.17 -1873.68
  322 321.5 30.3522 0.0131737 -1886.35 -1916.77 -1769.95
  323 322.5 30.2967 0.0131496 -2069.27 -1924.05 -1947.23
  324 323.5 30.3555 0.0131751 -1805.77 -1877.91 -1926.05
  325 324.5 30.2966 0.0131496 -1978.24 -1751.78 -1916.29
  326 325.5 30.3203 0.0131598 -1835.45 -1814.79 -1842.78
  327 326.5 30.3044 0.013153 -1789.6 -1826.4 -1794.68
  328 327.5 30.3269 0.0131627 -1837.66 -2022.36 -2004.16
  329 328.5 30.259 0.0131333 -1905.04 -1845.6 -1869.02
  330 329.5 30.2988 0.0131505 -1832.69 -1843.71 -1756.51
  331 330.5 30.345 0.0131706 -2050.37 -1923.98 -1879.52
  332 331.5 30.3129 0.0131566 -2050.17 -2008.41 -1893.51
  333 332.5 30.1812 0.0130995 -1841.8 -1956.95 -1884.65
  334 333.5 30.2949 0.0131488 -1979.35 -1903.07 -1908.27
  335 334.5 30.3137 0.013157 -1864.07 -1856.9 -1830.66
  336 335.5 30.307 0.0131541 -1907.52 -1955.77 -1806.88
  337 336.5 30.1817 0.0130997 -1733.61 -1770.67 -1932.62
  338 337.5 30.2601 0.0131337 -1734.57 -1708.34 -1863.2
  339 338.5 30.2565 0.0131322 -1692.98 -1763.48 -1911.61
  340 339.5 30.2639 0.0131354 -1683.77 -1804.64 -1783.06
  341 340.5 30.1514 0.0130865 -1800.27 -1931.07 -1811.48
  342 341.5 30.2074 0.0131109 -1896.8 -2025.83 -1999.28
  343 342.5 30.2311 0.0131212 -1868.9 -1828.01 -1835.74
  344 343.5 30.2111 0.0131124 -1877.55 -1757.5 -1872.58
  345 344.5 30.118 0.0130721 -1781.18 -1813.42 -1891.95
  346 345.5 30.2013 0.0131082 -1775.32 -1697.13 -1807.61
  347 346.5 30.213 0.0131133 -1910.97 -1830.41 -1826.51
  348 347.5 30.131 0.0130777 -1793.53 -1878.84 -1873.05
  349 348.5 30.0868 0.0130585 -1641.95 -1590.44 -1769.52
  350 349.5 30.1634 0.0130917 -1874.83 -1833 -2010.83
  351 350.5 30.1983 0.0131069 -1870.25 -1848.65 -1674.15
  352 351.5 30.1234 0.0130744 -2033.5 -2049.82 -1941.42
  353 352.5 30.1614 0.0130909 -2064.47 -2090.11 -1933.21
  354 353.5 30.1694 0.0130944 -1893.01 -1915.9 -1763.63
  355 354.5 30.2077 0.013111 -1921.12 -2065.3 -1904
  356 355.5 30.1611 0.0130907 -1722.39 -1900.86 -1745.62
  357 356.5 30.1115 0.0130692 -1941.71 -1936.95 -2049.27
  358 357.5 30.2148 0.013114 -1738.03 -1858.75 -1798.14
  359 358.5 30.2265 0.0131192 -1662.97 -1841.06 -1789.16
  360 359.5 30.2276 0.0131196 -1668.36 -1831.57 -1787.43
  361 360.5 30.1837 0.0131006 -1610.83 -1745.03 -2016.94
  362 361.5 30.1995 0.0131074 -1631.41 -1538.61 -1879.31
  363 362.5 30.1959 0.0131058 -1765.47 -1803.97 -1764.32
  364 363.5 30.2428 0.0131262 -1852.04 -1780.17 -1892.7
  365 364.5 30.2211 0.0131168 -1721.7 -1817.57 -1952.76
  366 365.5 30.2253 0.0131186 -1839.89 -1867.06 -1777.3
  367 366.5 30.2021 0.0131085 -1869.38 -1766.97 -1896.9
  368 367.5 30.256 0.0131319 -1956.32 -1855 -1956.11
  369 368.5 30.2413 0.0131255 -1899.67 -1938.13 -1947.93
  370 369.5 30.203 0.0131089 -1890.95 -1833.4 -1762.4
  371 370.5 30.2313 0.0131212 -2044.83 -2077.34 -1965.56
  372 371.5 30.2645 0.0131356 -1981.55 -1841.42 -1869.9
  373 372.5 30.2102 0.0131121 -1896.76 -1838.23 -1879.66
  374 373.5 30.2134 0.0131134 -1798.18 -1816.2 -1846.03
  375 374.5 30.1654 0.0130926 -1832.05 -1880.7 -1925.19
  376 375.5 30.1974 0.0131065 -1830.01 -1813.81 -1944.66
  377 376.5 30.1689 0.0130941 -1803.95 -1881.81 -1855.33
  378 377.5 30.1751 0.0130968 -1819.89 -1713.24 -1902.19
  379 378.5 30.1297 0.0130771 -1996.29 -1671.64 -1931.06
  380 379.5 30.1659 0.0130928 -2087.77 -1873.79 -1862.04
  381 380.5 30.1257 0.0130754 -2021.5 -1898.98 -1890.05
  382 381.5 30.0969 0.0130629 -1974.04 -1786.88 -2010.74
  383 382.5 30.0875 0.0130588 -1902.03 -1784.42 -1899.09
  384 383.5 30.0428 0.0130394 -1805.24 -1727.33 -1935.66
  385 384.5 30.0557 0.013045 -1953.34 -1735.76 -2037.4
  386 385.5 30.0163 0.0130279 -1754.92 -1665.15 -1863.76
  387 386.5 30.0119 0.013026 -1825.49 -1799.24 -1936.61
  388 387.5 29.9683 0.0130071 -1817.66 -1768.8 -1991.21
  389 388.5 29.9351 0.0129927 -1901.92 -1933.69 -2185.7
  390 389.5 29.8852 0.012971 -1643.15 -1761.36 -2039.71
  391 390.5 29.8388 0.0129509 -1564.24 -1665.37 -1999.15
  392 391.5 29.8336 0.0129486 -1456.71 -1589.38 -1976.38
  393 392.5 29.7223 0.0129003 -1582.06 -1782.21 -2208.13
  394 393.5 29.6351 0.0128625 -1745.87 -1748.64 -2164.88
  395 394.5 29.5896 0.0128427 -1663.68 -1645.39 -2232.72
  396 395.5 29.5376 0.0128201 -1413.01 -1598.18 -2202.14
  397 396.5 29.2958 0.0127152 -1297.77 -1448.47 -2208.41
  398 397.5 29.1826 0.0126661 -1362.64 -1291.89 -2328.7
  399 398.5 29.1387 0.012647 -1214.03 -1292.66 -2394.63
  400 399.5 28.8905 0.0125393 -1314.38 -1418.48 -2424.26
  401 400.5 28.6389 0.0124301 -1344.92 -1403.77 -2307.17
  402 401.5 28.4111 0.0123312 -1225.16 -1178.91 -2494.46
  403 402.5 28.2247 0.0122503 -1196.18 -1029.52 -2479.09
  404 403.5 27.86 0.012092 -1093.6 -1074.61 -2570.76
  405 404.5 27.4598 0.0119183 -995.547 -1073.79 -2390.87
  406 405.5 27.135 0.0117774 -1090.55 -961.782 -2697.24
  407 406.5 26.6477 0.0115659 -913.642 -862.303 -2469.51
  408 407.5 26.1728 0.0113597 -953.211 -1023.33 -2491.3
  409 408.5 25.6337 0.0111257 -981.641 -905.684 -2577.89
  410 409.5 25.0013 0.0108513 -759.608 -741.003 -2656.14
  411 410.5 24.2908 0.0105429 -825.468 -620.497 -2514.24
  412 411.5 23.5954 0.010241 -727.858 -804.962 -2489.92
  413 412.5 22.7056 0.00985487 -1012.65 -919.793 -2567.44
  414 413.5 21.7966 0.00946032 -914.466 -889.502 -2582.21
  415 414.5 20.7944 0.00902535 -923.925 -995.662 -2652.84
  416 415.5 19.8124 0.00859912 -1225.08 -1230.54 -2488.04
  417 416.5 18.6881 0.00811114 -1616.22 -1590.43 -2532.27
  418 417.5 17.5995 0.00763868 -1605.09 -1835.23 -2601.41
  419 418.5 16.4195 0.00712653 -1971.7 -2079.61 -2744.24
  420 419.5 15.2754 0.00662994 -2440.76 -2457.91 -2750.47
  421 420.5 14.1485 0.00614083 -2845.03 -2750.69 -2896.63
  422 421.5 13.0619 0.00566925 -3442.78 -3387.34 -3060.36
  423 422.5 11.9567 0.00518954 -4023.91 -3958.24 -3448.46
  424 423.5 10.9286 0.0047433 -4549.91 -4490.56 -3638.44
  425 424.5 9.99842 0.00433959 -5440.12 -5364.89 -4207.58
  426 425.5 9.14169 0.00396775 -6228.5 -5937.63 -4676.21
  427 426.5 8.34827 0.00362338 -6680.95 -6640.28 -5116.33
  428 427.5 7.64986 0.00332025 -7561.81 -7669.77 -5785.36
  429 428.5 7.05826 0.00306348 -8214.77 -8087.93 -6429.91
  430 429.5 6.48643 0.00281529 -8967.84 -9008.07 -7285.87
  431 430.5 6.06807 0.00263371 -9565.76 -9734.61 -7798.66
  432 431.5 5.66388 0.00245828 -10570.4 -10556 -8810.83
  433 432.5 5.30675 0.00230328 -11185.7 -11206.8 -9516.41
  434 433.5 5.09211 0.00221012 -11719.7 -11592.8 -10067.3
  435 434.5 4.86714 0.00211248 -12322.7 -12007.2 -10905.1
  436 435.5 4.68791 0.00203468 -12500.1 -12285.4 -11342.8
  437 436.5 4.54326 0.0019719 -12887.8 -12726.6 -11804.6
  438 437.5 4.43634 0.00192549 -12929.6 -13112.9 -12185.1
  439 438.5 4.33195 0.00188019 -13357.4 -13297.1 -12691
  440 439.5 4.26616 0.00185163 -13228.9 -13423.7 -12894
  441 440.5 4.18911 0.00181819 -13536.6 -13636.9 -13347.9
  442 441.5 4.15771 0.00180456 -13507.8 -13693.5 -13417.3
  443 442.5 4.13714 0.00179563 -13925.3 -13824.1 -13587.6
  444 443.5 4.11639 0.00178663 -13969.5 -14173.1 -13615.1
  445 444.5 4.08858 0.00177456 -13829 -14037.2 -13608.1
  446 445.5 4.01774 0.00174381 -14076.8 -14179.9 -14043.2
  447 446.5 4.01949 0.00174457 -14106.9 -14217.4 -13971
  448 447.5 3.98772 0.00173078 -14229.2 -14059.2 -14288.2
  449 448.5 4.00923 0.00174012 -14376.9 -14137.6 -14148.9
  450 449.5 4.022 0.00174566 -14306.3 -14004.4 -13887.8
  451 450.5 3.9963 0.00173451 -14471.1 -14115.8 -14341.5
  452 451.5 3.98247 0.0017285 -14310.6 -14302.7 -14180.6
  453 452.5 3.98197 0.00172828 -14312.8 -14274.8 -14194
  454 453.5 3.9639 0.00172044 -14424.5 -14466.1 -14284.6
  455 454.5 3.92249 0.00170247 -14543.4 -14445 -14553.7
  456 455.5 3.92443 0.00170331 -14431.3 -14449.7 -14514.1
  457 456.5 3.9442 0.00171189 -14373.2 -14685.7 -14334.2
  458 457.5 3.95083 0.00171477 -14555.4 -14421.9 -14238.4
  459 458.5 3.93626 0.00170844 -14530.6 -14452.9 -14451.3
  460 459.5 3.91451 0.00169901 -14570.9 -14623.9 -14631.8
  461 460.5 3.94266 0.00171123 -14494.7 -14287.9 -14355.5
  462 461.5 3.95056 0.00171465 -14500.8 -14427.5 -14295.9
  463 462.5 3.9238 0.00170304 -14685.1 -14498.3 -14463.4
  464 463.5 3.92974 0.00170562 -14761.1 -14530 -14595.3
  465 464.5 3.9298 0.00170564 -14681.2 -14578.5 -14470
  466 465.5 3.95618 0.00171709 -14351.3 -14342.4 -14245.5
  467 466.5 3.93451 0.00170769 -14316.3 -14258.6 -14419.1
  468 467.5 3.89614 0.00169103 -14199 -14263.2 -14755.3
  469 468.5 3.89826 0.00169195 -14131 -14284.1 -14465.4
  470 469.5 3.91294 0.00169832 -14290.5 -14081.1 -14510.4
  471 470.5 3.90692 0.00169571 -14337.9 -14295.1 -14464.7
  472 471.5 3.89976 0.0016926 -14535.4 -14296.5 -14504.6
  473 472.5 3.90074 0.00169303 -14352.3 -14447.2 -14637.7
  474 473.5 3.89034 0.00168852 -14244.8 -14543.7 -14639.5
  475 474.5 3.88051 0.00168425 -14343.2 -14196.9 -14657.3
  476 475.5 3.89083 0.00168873 -14416.5 -14503.5 -14564.1
  477 476.5 3.86497 0.0016775 -14730 -14745.9 -14757.2
  478 477.5 3.8763 0.00168242 -14901.4 -14752.6 -14576.4
  479 478.5 3.87914 0.00168365 -14700.5 -14741.8 -14652.7
  480 479.5 3.84617 0.00166934 -14592.1 -14889.6 -14784
  481 480.5 3.83486 0.00166443 -14738.8 -14604.6 -14766.1
  482 481.5 3.82829 0.00166158 -14780.7 -14721.4 -14799.8
  483 482.5 3.84437 0.00166856 -14809 -14717.5 -14766.8
  484 483.5 3.82034 0.00165814 -14967.3 -14767.2 -14995.2
  485 484.5 3.86188 0.00167616 -14587 -14693.1 -14574.5
  486 485.5 3.87855 0.0016834 -14575.2 -14806.2 -14721.8
  487 486.5 3.88589 0.00168658 -14585.1 -14611 -14456.4
  488 487.5 3.87738 0.00168289 -14502.5 -14659.9 -14636.6
  489 488.5 3.86942 0.00167943 -14689.3 -14781 -14671.6
  490 489.5 3.85978 0.00167525 -14682.5 -14811.2 -14868.1
  491 490.5 3.85998 0.00167534 -14400.9 -14593.5 -14686.1
  492 491.5 3.89245 0.00168943 -14257.1 -14615.8 -14432.9
  493 492.5 3.9036 0.00169427 -14940.3 -14623.1 -14612.2
  494 493.5 3.9035 0.00169423 -14684.9 -14430.8 -14564.6
  495 494.5 3.93266 0.00170689 -14745.7 -14612.6 -14450.5
  496 495.5 3.91232 0.00169806 -14574.8 -14550.3 -14565.5
  497 496.5 3.92019 0.00170147 -14435.9 -14555.6 -14375.2
  498 497.5 3.90937 0.00169677 -14819 -14457.4 -14620.6
  499 498.5 3.94775 0.00171343 -14664.7 -14443.2 -14321
  500 499.5 3.91603 0.00169967 -14716.1 -14585.6 -14561
  501 500.5 3.93892 0.0017096 -14674 -14600.9 -14423.6
  502 501.5 3.9655 0.00172114 -14450.6 -14455 -14293.8
  503 502.5 3.99746 0.00173501 -14548.2 -14598.8 -14277.9
  504 503.5 4.00414 0.00173791 -14457.6 -14464.3 -14161.8
  505 504.5 4.00018 0.00173619 -14511.7 -14562.6 -14286.2
  506 505.5 3.98041 0.00172761 -14647.6 -14491.5 -14335.9
  507 506.5 3.98872 0.00173122 -14562.4 -14337.1 -14139.4
  508 507.5 3.98098 0.00172785 -14746.7 -14332.2 -14292.6
  509 508.5 3.9635 0.00172027 -14666.9 -14405.5 -14412.5
  510 509.5 3.94657 0.00171292 -14399.4 -14385.4 -14338.4
  511 510.5 3.94335 0.00171152 -14531.6 -14134.2 -14401.1
  512 511.5 3.95278 0.00171561 -14667.9 -14328.5 -14433.1
  513 512.5 3.92745 0.00170462 -14568.6 -14406.1 -14471
  514 513.5 3.94065 0.00171035 -14313.9 -14187.5 -14388.7
  515 514.5 3.96285 0.00171999 -14420.8 -14587.2 -14418.1
  516 515.5 3.9513 0.00171497 -14201.5 -14242.4 -14277.9
  517 516.5 3.92457 0.00170337 -14770.9 -14472.5 -14550.6
  518 517.5 3.92456 0.00170337 -14754 -14809 -14470.9
  519 518.5 3.92878 0.0017052 -14683.9 -14497.2 -14406.9
  520 519.5 3.91795 0.0017005 -14538.6 -14571.7 -14401.9
  521 520.5 3.89442 0.00169028 -14507.4 -14632.3 -14644.2
  522 521.5 3.88501 0.0016862 -14573.9 -14265.6 -14628
  523 522.5 3.8709 0.00168008 -14735.9 -14645.6 -14813.6
  524 523.5 3.87239 0.00168073 -14373.1 -14610.6 -14614
  525 524.5 3.88634 0.00168678 -14127.2 -14706.4 -14608.6
  526 525.5 3.90742 0.00169593 -14345.4 -14729.3 -14415.6
  527 526.5 3.8697 0.00167956 -14609 -14704.3 -14817.6
  528 527.5 3.90814 0.00169624 -14618.5 -14638.6 -14503.7
  529 528.5 3.919 0.00170095 -14413.7 -14641.5 -14372.2
  530 529.5 3.89071 0.00168868 -14450.5 -14572.3 -14557.2
  531 530.5 3.88855 0.00168774 -14530 -14754.8 -14700.6
  532 531.5 3.87629 0.00168242 -14319.6 -14840.7 -14731.9
  533 532.5 3.88443 0.00168595 -14569 -14733.1 -14574.8
  534 533.5 3.87707 0.00168276 -14765.5 -15007 -14620.7
  535 534.5 3.90493 0.00169485 -14353.4 -14611.5 -14478.3
  536 535.5 3.89838 0.001692 -14468.6 -14697.3 -14715.6
  537 536.5 3.89319 0.00168975 -14428.9 -14655.8 -14626
  538 537.5 3.90314 0.00169407 -14536.2 -14592.8 -14513.8
  539 538.5 3.91181 0.00169783 -14616.6 -14875 -14494.6
  540 539.5 3.9417 0.00171081 -14698.5 -14567.1 -14395.6
  541 540.5 3.93532 0.00170804 -14646.9 -14871 -14419.7
  542 541.5 3.89745 0.0016916 -14727.8 -14694.3 -14548.1
  543 542.5 3.8862 0.00168672 -14887.5 -14555.7 -14615.6
  544 543.5 3.9112 0.00169757 -14950 -14773.4 -14630.5
  545 544.5 3.91073 0.00169736 -14471.4 -14538 -14478.2
  546 545.5 3.92298 0.00170268 -14491.9 -14351 -14511.5
  547 546.5 3.92563 0.00170383 -14413 -14432.1 -14487.4
  548 547.5 3.9512 0.00171493 -14496.5 -14489.8 -14371.4
  549 548.5 3.92242 0.00170244 -14522.1 -14343 -14457.1
  550 549.5 3.94318 0.00171145 -14426 -14324.6 -14313.3
  551 550.5 3.94567 0.00171253 -14228.8 -14453.6 -14430.1
  552 551.5 3.94698 0.0017131 -14218.2 -14462.7 -14501.5
  553 552.5 3.94518 0.00171232 -14325.6 -14470.5 -14417.2
  554 553.5 3.95239 0.00171545 -14571 -14320.1 -14336.9
  555 554.5 3.9375 0.00170898 -14411.1 -14292.3 -14380.2
  556 555.5 3.97312 0.00172444 -14252.2 -14505.4 -14258.6
  557 556.5 3.95475 0.00171647 -14323.6 -14496.1 -14379.5
  558 557.5 3.96794 0.00172219 -14290.6 -14419.5 -14368.2
  559 558.5 3.94779 0.00171345 -14548.7 -14474.8 -14369.5
  560 559.5 3.95234 0.00171543 -14621.6 -14728.2 -14472.1
  561 560.5 3.94676 0.001713 -14539.9 -14636.7 -14452.5
  562 561.5 3.99474 0.00173383 -14277.5 -14150.8 -14073.2
  563 562.5 3.96555 0.00172116 -14240 -14432 -14332.8
  564 563.5 3.93778 0.0017091 -14288 -14402.4 -14387.7
  565 564.5 3.95295 0.00171569 -14314 -14185.8 -14314.7
  566 565.5 3.99186 0.00173258 -14180.2 -14221.9 -14257.5
  567 566.5 4.00776 0.00173948 -13996.8 -14493.7 -14300.3
  568 567.5 3.99938 0.00173584 -14260.9 -14310.3 -14149.5
  569 568.5 3.99442 0.00173369 -14225.8 -14121.6 -14172.1
  570 569.5 4.02692 0.0017478 -14424.7 -14148 -14110.3
  571 570.5 4.03786 0.00175254 -14149.1 -14152.4 -14026.1
  572 571.5 4.02808 0.0017483 -14110.9 -14252.8 -14078.6
  573 572.5 4.05383 0.00175948 -14306 -14245.6 -13950.7
  574 573.5 4.04795 0.00175692 -14344.7 -14255.4 -14029.9
  575 574.5 4.09171 0.00177592 -14177.5 -14094.6 -13675
  576 575.5 4.09683 0.00177814 -14176.4 -13971.3 -13759.5
  577 576.5 4.14647 0.00179968 -13819.1 -13767.3 -13489.3
  578 577.5 4.16737 0.00180875 -13944.7 -13586.8 -13559.4
  579 578.5 4.15982 0.00180548 -13695 -13785.9 -13420.1
  580 579.5 4.22238 0.00183263 -13620.7 -13763.6 -13064.7
  581 580.5 4.24481 0.00184236 -13517.4 -13847.4 -13129.3
  582 581.5 4.33496 0.00188149 -13474.4 -13711.9 -12832.7
  583 582.5 4.40401 0.00191146 -13202.2 -13409.9 -12358.6
  584 583.5 4.52722 0.00196494 -12834.5 -13114 -11922.3
  585 584.5 4.63978 0.00201379 -12703.4 -12803.3 -11784
  586 585.5 4.78724 0.0020778 -12175.6 -11953.2 -11059.5
  587 586.5 4.98992 0.00216576 -11780.1 -11665.8 -10558.8
  588 587.5 5.22333 0.00226707 -11287 -11338.1 -9880.41
  589 588.5 5.47061 0.0023744 -10659.2 -10941.1 -9134.29
  590 589.5 5.81273 0.00252289 -10256.5 -10252.1 -8613.22
  591 590.5 6.17782 0.00268134 -9508.38 -9734.53 -7900.04
  592 591.5 6.62222 0.00287423 -9007.88 -8984.28 -7163.58
  593 592.5 7.14563 0.0031014 -8416.71 -8331.41 -6383.44
  594 593.5 7.75235 0.00336474 -7428.94 -7620.72 -5800.48
  595 594.5 8.44598 0.00366579 -6970.23 -6865.78 -5198.84
  596 595.5 9.24819 0.00401397 -6145.2 -6012.43 -4472.91
  597 596.5 10.1175 0.00439128 -5324.67 -5376.91 -4158.68
  598 597.5 11.1014 0.00481831 -4594.38 -4460.88 -3650.46
  599 598.5 12.1115 0.00525673 -4049.66 -4083.87 -3390.42
  600 599.5 13.2439 0.00574824 -3392.44 -3396.48 -3107.02
  601 600.5 14.2969 0.00620526 -2725.08 -2835.61 -3108.11
  602 601.5 15.3924 0.00668073 -2436.61 -2515.59 -3126.01
  603 602.5 16.5071 0.00716455 -1962.49 -1967.62 -2886.73
  604 603.5 17.6099 0.0076432 -1632.98 -1819.57 -2923.49
  605 604.5 18.6762 0.008106 -1423.81 -1449.62 -2810.18
  606 605.5 19.5627 0.00849076 -1228.75 -1284.76 -2905.48
  607 606.5 20.4606 0.00888045 -1213.06 -1253.15 -3014.46
  608 607.5 21.2965 0.00924326 -1352.44 -1209.44 -2975.78
  609 608.5 22.0446 0.00956795 -1123.33 -1075.31 -2916.7
  610 609.5 22.7605 0.00987868 -1197.46 -1028.4 -2880.67
  611 610.5 23.3288 0.0101254 -1111.41 -1188.08 -2949.75
  612 611.5 23.8805 0.0103648 -1193.91 -1188.68 -2886.13
  613 612.5 24.3682 0.0105765 -1359.45 -1227.16 -2768.84
  614 613.5 24.7912 0.01076 -1413.11 -1566.67 -2783.7
  615 614.5 25.1206 0.0109031 -1355.87 -1621.77 -2837.91
  616 615.5 25.4279 0.0110364 -1408.39 -1330.09 -2585.65
  617 616.5 25.6743 0.0111434 -1695.37 -1486.38 -2695.99
  618 617.5 25.9051 0.0112435 -1744.55 -1713.53 -2654.56
  619 618.5 26.1285 0.0113405 -1524.11 -1724.84 -2471.52
  620 619.5 26.2573 0.0113964 -1762.74 -1936.42 -2536.64
  621 620.5 26.4145 0.0114646 -1615.03 -1757.05 -2409.9
  622 621.5 26.5122 0.011507 -1728.77 -1807.87 -2446.08
  623 622.5 26.6912 0.0115847 -1705.69 -1905.09 -2323.91
  624 623.5 26.8013 0.0116325 -1856.1 -1871.76 -2208.05
160000000 624 13245.000000000004
  1 0.5 27.0343 0.0117336 -1923.55 -1820.4 -2319.14
  2 1.5 27.1525 0.0117849 -1713.07 -1672.39 -2265.18
  3 2.5 27.2153 0.0118122 -1892.25 -1998.78 -2190.56
  4 3.5 27.2124 0.0118109 -2005.87 -1960.73 -2327.4
  5 4.5 27.289 0.0118442 -1955.84 -1912.77 -2144.92
  6 5.5 27.335 0.0118642 -2163.47 -2108.57 -2112.45
  7 6.5 27.3673 0.0118781 -2078.18 -2028.38 -2211.63
  8 7.5 27.4039 0.011894 -2029.22 -2107.13 -2127.89
  9 8.5 27.4005 0.0118926 -1953.55 -1975.96 -2118.26
  10 9.5 27.4746 0.0119248 -1626.22 -1853.06 -2067.37
  11 10.5 27.4429 0.011911 -1956.95 -1870.71 -2110.28
  12 11.5 27.5127 0.0119413 -1913.47 -1882.06 -2074.95
  13 12.5 27.4951 0.0119337 -1903.85 -2002.83 -2120.49
  14 13.5 27.4998 0.0119357 -1784.43 -2070.48 -2074.06
  15 14.5 27.5723 0.0119671 -1797.48 -1937.88 -2052.03
  16 15.5 27.569 0.0119657 -2057.9 -1965.5 -1993.69
  17 16.5 27.5175 0.0119434 -2004.24 -1893.49 -1994.61
  18 17.5 27.5779 0.0119696 -2132.26 -1917.16 -2243.08
  19 18.5 27.5795 0.0119703 -1866.86 -2049.29 -2158.28
  20 19.5 27.5183 0.0119437 -1849.89 -1919.09 -1969.94
  21 20.5 27.5866 0.0119734 -2023.13 -2026.9 -1917.48
  22 21.5 27.6162 0.0119862 -2107.18 -2027.61 -2180.34
  23 22.5 27.4872 0.0119302 -1989.49 -2048.29 -2027.1
  24 23.5 27.4519 0.0119149 -2090.33 -1982.14 -2097.77
  25 24.5 27.4938 0.0119331 -1920.27 -1918.98 -2050.1
  26 25.5 27.5584 0.0119611 -1958.99 -1904.79 -2030.93
  27 26.5 27.4356 0.0119078 -1911.04 -2099.69 -2113.14
  28 27.5 27.464 0.0119201 -1869.02 -1882.37 -1945.08
  29 28.5 27.514 0.0119418 -1904.65 -2045.93 -1934.82
  30 29.5 27.4457 0.0119122 -2077.66 -2043.87 -2190.41
  31 30.5 27.3931 0.0118894 -2086.28 -2117.73 -2088.13
  32 31.5 27.39 0.011888 -1940.86 -2060.08 -1962.99
  33 32.5 27.48 0.0119271 -2172.42 -2139.8 -1980.44
  34 33.5 27.3679 0.0118784 -1972.86 -2167.57 -2123.76
  35 34.5 27.3476 0.0118696 -1954.26 -2104.75 -2054.48
  36 35.5 27.3993 0.0118921 -2228.7 -2147.56 -2151.62
  37 36.5 27.3976 0.0118913 -2006.97 -2058.38 -1907.11
  38 37.5 27.3776 0.0118827 -1982.65 -2028.74 -2158.19
  39 38.5 27.3741 0.0118811 -1998.88 -2033.34 -2094.88
  40 39.5 27.3088 0.0118528 -2009.31 -2032.28 -2014.28
  41 40.5 27.3246 0.0118596 -2027.36 -2021.34 -1998.31
  42 41.5 27.2939 0.0118463 -2111.34 -2012.71 -2185.97
  43 42.5 27.2022 0.0118065 -2173.37 -1910.49 -2068.72
  44 43.5 27.2146 0.0118119 -2100.61 -2012.51 -1911.83
  45 44.5 27.1219 0.0117716 -2000.18 -2040.48 -2160.84
  46 45.5 27.0939 0.0117595 -2052.54 -2056.4 -2175.73
  47 46.5 27.1048 0.0117642 -1986.13 -1993.88 -1921.57
  48 47.5 27.0787 0.0117529 -2094.13 -2078.05 -2109.69
  49 48.5 27.0054 0.0117211 -2135.52 -2103.46 -2037.89
  50 49.5 27.0304 0.0117319 -2219.14 -2155.11 -2078.13
  51 50.5 27.0414 0.0117367 -1977.66 -2063.51 -2050.79
  52 51.5 26.9213 0.0116846 -2140.12 -2102.77 -2061.63
  53 52.5 26.8968 0.011674 -2160.18 -2135.05 -2052.64
  54 53.5 26.9697 0.0117056 -2092.86 -2254.19 -2147.65
  55 54.5 26.9417 0.0116935 -2119.34 -2182.25 -1943.25
  56 55.5 26.8307 0.0116453 -1987.53 -1988.44 -1973.35
  57 56.5 26.8482 0.0116529 -2103.71 -2050.73 -2131.36
  58 57.5 26.8288 0.0116444 -2149.02 -2089.23 -2103.3
  59 58.5 26.7919 0.0116284 -1998.06 -2178.66 -2004.49
  60 59.5 26.8326 0.0116461 -2030.4 -2167.28 -2119.11
  61 60.5 26.7666 0.0116175 -2083.18 -2149.33 -2058.21
  62 61.5 26.7471 0.011609 -2117.54 -2108.8 -2116.54
  63 62.5 26.8074 0.0116352 -2043.28 -2029.38 -1983.28
  64 63.5 26.7906 0.0116279 -1924.11 -1866.08 -2009.95
  65 64.5 26.7328 0.0116028 -2068.49 -1985.43 -2108.94
  66 65.5 26.7426 0.011607 -2014.52 -2052.38 -2123.86
  67 66.5 26.7343 0.0116034 -2068.01 -1863.71 -2080.18
  68 67.5 26.7478 0.0116093 -2051.14 -2018.09 -1957.28
  69 68.5 26.7238 0.0115989 -2061.19 -1984.44 -2105.87
  70 69.5 26.7584 0.0116139 -2193.35 -2267.49 -2057.66
  71 70.5 26.6995 0.0115883 -2115.17 -2137.42 -2085.91
  72 71.5 26.7027 0.0115897 -2190.1 -2224.33 -2148.65
  73 72.5 26.7658 0.0116171 -2108.1 -2087.49 -1983.88
  74 73.5 26.7292 0.0116012 -2179.24 -2135.29 -2001.09
  75 74.5 26.7632 0.011616 -2078 -2020.28 -2065.12
  76 75.5 26.6864 0.0115826 -2201.13 -2241.43 -2064.57
  77 76.5 26.7388 0.0116054 -2000.32 -2103.75 -2005.38
  78 77.5 26.7242 0.011599 -2267 -2296.37 -2142.48
  79 78.5 26.7937 0.0116292 -2185.73 -2299.26 -2065.65
  80 79.5 26.804 0.0116337 -1977.19 -2020.17 -2025.63
  81 80.5 26.7441 0.0116077 -1994.87 -1959.81 -2068.18
  82 81.5 26.8037 0.0116335 -1890.02 -1824.45 -2006.64
  83 82.5 26.8485 0.011653 -1932.94 -2145.3 -2208.13
  84 83.5 26.8657 0.0116604 -1994.41 -2032.79 -2094.73
  85 84.5 26.9093 0.0116794 -1930.1 -1774.36 -1936.75
  86 85.5 26.9366 0.0116912 -1945.46 -2046.2 -2129.27
  87 86.5 26.9197 0.0116839 -2164.42 -1984.4 -2138.04
  88 87.5 26.9125 0.0116808 -1946.95 -2106.85 -2030.5
  89 88.5 27.0416 0.0117368 -2158.19 -2231.37 -2144.8
  90 89.5 27.0048 0.0117209 -1940.83 -2188.19 -2016.35
  91 90.5 26.9818 0.0117109 -2158.7 -2252.61 -2134.7
  92 91.5 27.0074 0.011722 -2158.05 -2166.58 -2087.65
  93 92.5 27.0672 0.0117479 -2188.56 -1935.5 -2081.44
  94 93.5 27.0502 0.0117405 -2089.52 -2023.13 -2066.34
  95 94.5 27.0367 0.0117347 -2226.54 -1891.26 -2024.45
  96 95.5 27.0512 0.011741 -2148.87 -2103.24 -2035.4
  97 96.5 27.0842 0.0117553 -2037.89 -1978.78 -2132.45
  98 97.5 27.0943 0.0117597 -1959.12 -2294.85 -2112.04
  99 98.5 27.0806 0.0117537 -2055.34 -2140.83 -1992.81
  100 99.5 27.1178 0.0117699 -2049.13 -2258.05 -2024.58
  101 100.5 27.1743 0.0117944 -2104.77 -2157.54 -2077.25
  102 101.5 27.1748 0.0117946 -2065.02 -2040.68 -2020.24
  103 102.5 27.1445 0.0117815 -2054.46 -2000.66 -2124.64
  104 103.5 27.227 0.0118173 -2043.13 -2066.21 -2018.51
  105 104.5 27.1811 0.0117973 -2012.99 -2059 -2035.31
  106 105.5 27.2592 0.0118313 -2035.88 -1935.45 -2079.15
  107 106.5 27.2653 0.0118339 -2048.11 -2090.05 -2078.94
  108 107.5 27.2626 0.0118327 -2064.21 -2036.17 -2058.62
  109 108.5 27.3196 0.0118575 -2125.23 -2129.12 -2020.21
  110 109.5 27.319 0.0118572 -2042.98 -2073.11 -2093.95
  111 110.5 27.3382 0.0118656 -2079.22 -1999.64 -2131.44
  112 111.5 27.3442 0.0118682 -1908.5 -1999.95 -1951.43
  113 112.5 27.3569 0.0118736 -2089.57 -2060.42 -2077.16
  114 113.5 27.437 0.0119084 -1894.17 -2077.39 -2079.69
  115 114.5 27.3589 0.0118745 -2036.5 -1982.89 -2098.14
  116 115.5 27.389 0.0118876 -1913.4 -2064.67 -2019.72
  117 116.5 27.4054 0.0118947 -2010.43 -1979.88 -2122.96
  118 117.5 27.4013 0.0118929 -1849.03 -1989.92 -1997.2
  119 118.5 27.4016 0.0118931 -2024.19 -1904.44 -1980.19
  120 119.5 27.4146 0.0118987 -2126 -2037.5 -2125.6
  121 120.5 27.3786 0.0118831 -1994.11 -2001.96 -2146.78
  122 121.5 27.4246 0.011903 -2135.24 -2031.94 -2014.58
  123 122.5 27.3964 0.0118908 -2159.31 -2157.17 -1998.92
  124 123.5 27.4186 0.0119004 -2053.18 -2040.52 -1990.27
  125 124.5 27.3993 0.011892 -1933 -1939.49 -1993.36
  126 125.5 27.3912 0.0118886 -2191.08 -2071.78 -2173.03
  127 126.5 27.4108 0.011897 -2199.74 -2090.21 -2083.66
  128 127.5 27.4282 0.0119046 -2072.3 -1953.14 -1888.49
  129 128.5 27.442 0.0119106 -2202.87 -2028.28 -2037.97
  130 129.5 27.4489 0.0119136 -2044.13 -2064.09 -2107.45
  131 130.5 27.4077 0.0118957 -2120.38 -2143.86 -2013.55
  132 131.5 27.4031 0.0118937 -2115.89 -2144.78 -1978.22
  133 132.5 27.4403 0.0119099 -2157.77 -2160.4 -2036.62
  134 133.5 27.4877 0.0119304 -2271.87 -2141.81 -2128.68
  135 134.5 27.4641 0.0119202 -2172.26 -1972.92 -2090.3
  136 135.5 27.445 0.0119119 -2109.88 -2046.26 -1989.13
  137 136.5 27.4799 0.011927 -1991.46 -2113.81 -2057.4
  138 137.5 27.4605 0.0119186 -2076.66 -2049.63 -2099.51
  139 138.5 27.5116 0.0119408 -2009.88 -2046.37 -1945.1
  140 139.5 27.4689 0.0119223 -2077.01 -2030.86 -2094.06
  141 140.5 27.4582 0.0119176 -2017.24 -1928.91 -2077.51
  142 141.5 27.4953 0.0119337 -1920.67 -1933.33 -1961.96
  143 142.5 27.4944 0.0119333 -2127.61 -1944.42 -2091.98
  144 143.5 27.4814 0.0119277 -1872.64 -2142.13 -2018.27
  145 144.5 27.4153 0.011899 -2007.07 -2100.7 -2147.27
  146 145.5 27.4989 0.0119353 -2132.5 -2009.56 -1972.67
  147 146.5 27.4999 0.0119357 -1952.44 -1858.16 -1988.58
  148 147.5 27.435 0.0119075 -2080.97 -1977.13 -2092.46
  149 148.5 27.4105 0.0118969 -2039.45 -2116.89 -2133.77
  150 149.5 27.4665 0.0119212 -2169.03 -2084.57 -2070.71
  151 150.5 27.4499 0.011914 -1872.59 -1878.68 -1876.46
  152 151.5 27.4174 0.0118999 -1902.91 -1973.77 -2056.24
  153 152.5 27.3577 0.011874 -1993.93 -2091.77 -2068.36
  154 153.5 27.4314 0.011906 -1924.15 -1978.15 -2031.01
  155 154.5 27.364 0.0118767 -1896.55 -1984.42 -2034.29
  156 155.5 27.3906 0.0118883 -2071.84 -1836.39 -2062.17
  157 156.5 27.3636 0.0118766 -2039.86 -1998.06 -1995.87
  158 157.5 27.3934 0.0118895 -2077.58 -1967.91 -2105.3
  159 158.5 27.4373 0.0119085 -1899.76 -2000.99 -1978.76
  160 159.5 27.3526 0.0118718 -1966.33 -2064.53 -2046.24
  161 160.5 27.3898 0.0118879 -2084.87 -2118.64 -2047.95
  162 161.5 27.4309 0.0119058 -2003.36 -1959.94 -2041.08
  163 162.5 27.4122 0.0118976 -1925.34 -2076.41 -2010.03
  164 163.5 27.369 0.0118789 -1920.57 -1968.71 -2008.31
  165 164.5 27.3833 0.0118851 -2059.83 -2181.43 -2088.91
  166 165.5 27.4309 0.0119058 -2054.57 -2100.4 -2124.45
  167 166.5 27.3333 0.0118634 -1952.78 -1946.18 -2030.26
  168 167.5 27.382 0.0118845 -1941.05 -1957.78 -1990.04
  169 168.5 27.401 0.0118928 -2039.84 -2135.53 -2187.54
  170 169.5 27.3712 0.0118799 -2110.92 -2057.53 -2052.96
  171 170.5 27.3899 0.011888 -1918.22 -1889.11 -2052.19
  172 171.5 27.3943 0.0118899 -1978.76 -1861.42 -2035.1
  173 172.5 27.3922 0.011889 -2000.04 -1879.46 -1996.9
  174 173.5 27.3489 0.0118702 -2062.3 -1984.27 -2150.45
  175 174.5 27.3745 0.0118813 -2035.51 -2066 -2207.1
  176 175.5 27.3568 0.0118736 -2072.07 -1915.13 -2014.49
  177 176.5 27.3098 0.0118532 -2012.3 -1861.48 -2042.68
  178 177.5 27.3316 0.0118627 -1933.29 -1894.21 -2079.54
  179 178.5 27.251 0.0118277 -2094.75 -1986.03 -2217.04
  180 179.5 27.29 0.0118446 -1953.15 -2142.42 -1943.66
  181 180.5 27.1885 0.0118006 -2084.5 -2033.16 -2131.65
  182 181.5 27.2305 0.0118188 -2203.38 -2126.07 -2133.03
  183 182.5 27.1361 0.0117778 -2025.49 -1938.98 -2140.74
  184 183.5 27.1121 0.0117674 -1974.99 -2038.02 -2176.66
  185 184.5 27.1369 0.0117782 -1833.06 -1875.86 -2082.6
  186 185.5 27.0919 0.0117586 -1888.57 -1940.36 -2061.99
  187 186.5 27.0512 0.011741 -1981.78 -1991.28 -2108.33
  188 187.5 27.0063 0.0117215 -1943.43 -1970.1 -2172.98
  189 188.5 26.9373 0.0116915 -1929.22 -1930.24 -2230.75
  190 189.5 26.8843 0.0116685 -1969.96 -1984.65 -2063.26
  191 190.5 26.8478 0.0116527 -1986.19 -2076.9 -2116.66
  192 191.5 26.7244 0.0115991 -2089.2 -2018.32 -2191.76
  193 192.5 26.6745 0.0115775 -2084.51 -2067.43 -2259.65
  194 193.5 26.6062 0.0115478 -1956.74 -1961.47 -2070.62
  195 194.5 26.529 0.0115143 -2051.53 -2041.98 -2002.9
  196 195.5 26.4564 0.0114828 -2121.21 -2259.61 -2091.57
  197 196.5 26.3726 0.0114464 -2133.74 -2125.25 -2205.44
  198 197.5 26.255 0.0113954 -2188.43 -2297.61 -2078.1
  199 198.5 26.2185 0.0113795 -1972.97 -2143.24 -1920.1
  200 199.5 26.1859 0.0113654 -2237.36 -2235.04 -1959.92
  201 200.5 26.0619 0.0113116 -2132.98 -2163.48 -1949.57
  202 201.5 26.0082 0.0112883 -2171.54 -2119.54 -1915.19
  203 202.5 26.0085 0.0112884 -2129.07 -2196.18 -1934.63
  204 203.5 26.0142 0.0112909 -2293.62 -2184.52 -1733.3
  205 204.5 26.0078 0.0112881 -2444.9 -2397.59 -1794.88
  206 205.5 26.0121 0.01129 -2412.84 -2288.82 -1734.52
  207 206.5 26.1262 0.0113395 -2376.42 -2376.69 -1700.85
  208 207.5 26.1742 0.0113604 -2157.65 -2270.37 -1861.32
  209 208.5 26.2896 0.0114104 -2091.82 -2246.41 -1746.92
  210 209.5 26.4734 0.0114902 -1906.14 -1972.33 -1622.96
  211 210.5 26.643 0.0115638 -2052.37 -2031.06 -1790.04
  212 211.5 26.8554 0.011656 -1728.25 -1780.58 -1762.45
  213 212.5 26.9871 0.0117132 -1783.85 -1869.11 -1902.98
  214 213.5 27.1863 0.0117996 -1706.94 -1673.58 -1844.54
  215 214.5 27.4532 0.0119155 -1824.44 -1835.04 -2057.83
  216 215.5 27.711 0.0120273 -1734.35 -1805.41 -1867.51
  217 216.5 27.8196 0.0120745 -1815.83 -1685.61 -2075.03
  218 217.5 28.0252 0.0121637 -1723.53 -1702.37 -2168.09
  219 218.5 28.3415 0.012301 -1692.02 -1691.48 -2000.4
  220 219.5 28.5271 0.0123815 -1843.68 -1712.07 -2047.49
  221 220.5 28.5797 0.0124044 -1642.93 -1579.57 -2078.57
  222 221.5 28.7889 0.0124952 -1648.56 -1659.31 -2234.52
  223 222.5 29.0041 0.0125886 -1491.01 -1515.81 -2080.03
  224 223.5 29.0585 0.0126122 -1555.94 -1506.18 -2099.05
  225 224.5 29.1536 0.0126535 -1669.46 -1665.98 -2078.67
  226 225.5 29.3273 0.0127289 -1823.04 -1645.03 -2192.66
  227 226.5 29.3945 0.012758 -1689.44 -1600.07 -2111.47
  228 227.5 29.4151 0.012767 -1536.14 -1659.91 -2033.06
  229 228.5 29.5616 0.0128306 -1586.79 -1644.7 -2064.84
  230 229.5 29.5777 0.0128376 -1718.41 -1677.32 -2153.4
  231 230.5 29.6777 0.012881 -1727.26 -1601.95 -1923.74
  232 231.5 29.6958 0.0128888 -1708.35 -1452.52 -2004.99
  233 232.5 29.7516 0.012913 -1515.56 -1561.22 -2059.68
  234 233.5 29.7703 0.0129211 -1620.67 -1430.53 -1977.93
  235 234.5 29.8322 0.012948 -1609.59 -1663.39 -1933.42
  236 235.5 29.8306 0.0129473 -1698.11 -1787.32 -2000.78
  237 236.5 29.8711 0.0129649 -1867.95 -1730.23 -1881.86
  238 237.5 29.8566 0.0129586 -1803.02 -1742.65 -2008.7
  239 238.5 29.9033 0.0129789 -1761.6 -1936.7 -1976.46
  240 239.5 29.9408 0.0129951 -1812.21 -1893.39 -1825.71
  241 240.5 29.9134 0.0129832 -1780.86 -1920.55 -1985.46
  242 241.5 29.9118 0.0129825 -1899.83 -1964.31 -2011.57
  243 242.5 29.9766 0.0130107 -1696.96 -1789.9 -1847.43
  244 243.5 29.907 0.0129805 -1874.07 -1887.53 -1804.53
  245 244.5 29.9181 0.0129853 -1771.46 -1995.56 -1886.16
  246 245.5 29.9459 0.0129973 -1878.67 -1909.96 -1940.91
  247 246.5 29.9195 0.0129859 -1840.06 -1868.75 -1874.36
  248 247.5 29.9177 0.0129851 -1942.28 -1881.07 -1886.72
  249 248.5 29.9522 0.0130001 -1916.43 -1984.88 -1893.68
  250 249.5 29.9314 0.012991 -1954.67 -1900.7 -1847.57
  251 250.5 29.9349 0.0129926 -1773.65 -1809.48 -1829.82
  252 251.5 29.9428 0.012996 -1748.66 -1741.83 -1899
  253 252.5 29.971 0.0130082 -1772.05 -1789.46 -1809.38
  254 253.5 29.9404 0.012995 -1960.28 -1821.49 -1967.28
  255 254.5 29.9414 0.0129954 -1801.46 -1853.71 -1790.11
  256 255.5 29.9778 0.0130112 -1839.71 -1827.4 -1894.02
  257 256.5 30.0302 0.013034 -1921.54 -1848.26 -1825.9
  258 257.5 29.9544 0.013001 -1856.12 -1959.83 -1895.8
  259 258.5 29.9169 0.0129848 -1690.59 -1660.05 -1836.61
  260 259.5 30.0167 0.0130281 -1828.78 -1815.41 -1877.31
  261 260.5 30.0111 0.0130256 -1961.88 -1876.79 -1986.45
  262 261.5 29.9549 0.0130013 -1782.03 -1790.39 -1857.52
  263 262.5 29.9877 0.0130155 -1846.91 -1821.73 -1855.02
  264 263.5 30.0555 0.0130449 -1896.11 -1886.13 -1881.49
  265 264.5 30.0247 0.0130316 -1994.08 -1999.78 -1929.54
  266 265.5 30.0366 0.0130367 -1856.77 -1879.47 -1808.64
  267 266.5 30.0499 0.0130425 -1881.45 -1812.1 -1804.55
  268 267.5 30.0104 0.0130253 -2023.23 -1892.71 -2039.41
  269 268.5 30.0184 0.0130288 -1794.86 -1759.95 -1847.98
  270 269.5 30.0009 0.0130212 -1941.76 -1766.97 -1821.51
  271 270.5 30.0102 0.0130253 -1826.93 -1837.57 -1849.3
  272 271.5 30.0069 0.0130238 -1842.64 -1713.57 -1907.39
  273 272.5 29.9224 0.0129871 -1770.98 -1743.81 -1821.34
  274 273.5 29.9414 0.0129954 -1783.34 -1752.36 -1916.94
  275 274.5 29.9729 0.0130091 -1730.03 -1656.36 -1860.84
  276 275.5 30.0003 0.013021 -1685.72 -1934.01 -1743.27
  277 276.5 29.96 0.0130035 -1857.68 -1972.85 -1898.67
  278 277.5 29.9125 0.0129829 -1940.06 -1866.03 -1904.22
  279 278.5 29.9405 0.012995 -1844.13 -1960.08 -1879.07
  280 279.5 29.9484 0.0129984 -1983.93 -1872.54 -1803.16
  281 280.5 29.9529 0.0130004 -1885.12 -1872.9 -1870.48
  282 281.5 29.9657 0.0130059 -2019.46 -1913.24 -1804.41
  283 282.5 29.9346 0.0129925 -1775.19 -1871.03 -1900.26
  284 283.5 29.9842 0.013014 -1983.71 -1818.02 -1722.8
  285 284.5 29.9431 0.0129961 -2025.37 -1933.82 -2019.86
  286 285.5 29.9418 0.0129956 -1892.04 -1852.11 -1865.08
  287 286.5 30.0063 0.0130235 -1810.75 -1833.61 -1783.34
  288 287.5 29.9892 0.0130162 -1654.31 -1715.18 -1929.8
  289 288.5 29.9454 0.0129971 -1626.36 -1616.97 -1879.59
  290 289.5 29.9694 0.0130076 -1548.25 -1699.64 -1742.16
  291 290.5 30.0305 0.0130341 -1567.14 -1618.59 -1845.42
  292 291.5 30.0042 0.0130227 -1643.77 -1632.84 -1909.73
  293 292.5 29.975 0.01301 -1918.41 -1778.25 -1968.28
  294 293.5 29.9762 0.0130105 -1966.69 -1821.77 -1931.85
  295 294.5 30.0787 0.013055 -1812.15 -1843.79 -1878.43
  296 295.5 29.9592 0.0130031 -1753.42 -1846.91 -1870.48
  297 296.5 30.0527 0.0130437 -1872.32 -1822.17 -1767.84
  298 297.5 30.0228 0.0130307 -1891.55 -1899.71 -1899.79
  299 298.5 30.0169 0.0130282 -1792.02 -1834.49 -1881.62
  300 299.5 29.9519 0.0129999 -1854.27 -1791.14 -1819.42
  301 300.5 29.9837 0.0130138 -1735.37 -1875.98 -1963.01
  302 301.5 29.9763 0.0130105 -1815.87 -1899.09 -1880.72
  303 302.5 30.0195 0.0130293 -1814.63 -1779.9 -1801.34
  304 303.5 30.0029 0.0130221 -2022.58 -2011.24 -1908.79
  305 304.5 29.9918 0.0130173 -1757.24 -1618.58 -1858.31
  306 305.5 29.9634 0.013005 -1774.52 -1642.35 -1795.53
  307 306.5 30.0004 0.013021 -1892.29 -1749.64 -1906.84
  308 307.5 30.0029 0.0130221 -1888.36 -1952.24 -1934.46
  309 308.5 29.9248 0.0129882 -1821.32 -1855.54 -1745.85
  310 309.5 29.9589 0.013003 -2025.44 -1969.92 -1846.43
  311 310.5 30.0091 0.0130248 -1902.67 -2021.44 -1940.39
  312 311.5 29.976 0.0130104 -2015.87 -2080.13 -1936.33
  313 312.5 29.8786 0.0129682 -2113.13 -1978.72 -1823.85
  314 313.5 29.9742 0.0130096 -2031.49 -1828.44 -1868.57
  315 314.5 30.0154 0.0130275 -1932.13 -1831.96 -1910.08
  316 315.5 29.9049 0.0129796 -2031.4 -1869.55 -1884.12
  317 316.5 29.9099 0.0129817 -1911.5 -1801.51 -1895.76
  318 317.5 29.9554 0.0130015 -1741.71 -1732.09 -1912.33
  319 318.5 29.9628 0.0130047 -1901.07 -1850.96 -1731.51
  320 319.5 29.8848 0.0129708 -1993.71 -1830.97 -1937.46
  321 320.5 29.8712 0.0129649 -1889.86 -1952.64 -1800.1
  322 321.5 29.8899 0.012973 -2008.65 -1823.71 -1999.13
  323 322.5 29.8783 0.012968 -2047.21 -1928.72 -1847.91
  324 323.5 29.8478 0.0129548 -1848.96 -1784.37 -1724
  325 324.5 29.8099 0.0129383 -1885.28 -1838.71 -2015.3
  326 325.5 29.8426 0.0129525 -1888.99 -1804.48 -1845.56
  327 326.5 29.7988 0.0129335 -1849.31 -1879.52 -1886.73
  328 327.5 29.8668 0.012963 -1918.69 -1856.01 -1799.76
  329 328.5 29.7482 0.0129115 -2030.83 -1891.07 -1830.29
  330 329.5 29.8359 0.0129496 -1927.32 -1929.4 -1927.5
  331 330.5 29.8347 0.0129491 -1795.85 -1829.5 -1840.43
  332 331.5 29.7889 0.0129292 -1940.49 -1964.37 -1913.98
  333 332.5 29.7496 0.0129122 -1926 -1795.31 -1842.24
  334 333.5 29.7844 0.0129273 -1852.05 -1848.09 -1753.03
  335 334.5 29.8186 0.0129421 -1939.54 -1870.33 -1913.19
  336 335.5 29.7056 0.0128931 -1948.35 -1823.01 -1979.16
  337 336.5 29.7692 0.0129207 -1956.7 -1653.54 -1763.11
  338 337.5 29.8156 0.0129408 -1822.2 -1745.28 -1842.26
  339 338.5 29.7872 0.0129285 -1974.39 -1840.26 -1901.61
  340 339.5 29.7741 0.0129228 -1968.39 -1694.59 -1809.09
  341 340.5 29.8185 0.0129421 -1994.96 -1887.76 -1894.54
  342 341.5 29.8523 0.0129567 -1778.19 -1804.34 -1772.72
  343 342.5 29.7497 0.0129122 -1856.4 -1852.59 -1858.69
  344 343.5 29.8227 0.0129439 -1999.27 -1784.68 -1969.77
  345 344.5 29.8349 0.0129492 -1916.04 -1677.69 -1819.76
  346 345.5 29.8327 0.0129482 -1717.94 -1600.49 -1824.47
  347 346.5 29.7535 0.0129139 -1793.69 -1995 -2030.76
  348 347.5 29.8193 0.0129424 -1754.58 -1843.33 -1877.84
  349 348.5 29.885 0.0129709 -1825.52 -1845.72 -1762.57
  350 349.5 29.8234 0.0129442 -1973.94 -1966.41 -1990.08
  351 350.5 29.8082 0.0129376 -1757.88 -1764.31 -1849.95
  352 351.5 29.9027 0.0129786 -1825.84 -1925.94 -1889.07
  353 352.5 29.8552 0.012958 -1872.82 -1693.04 -1752.8
  354 353.5 29.7782 0.0129246 -1969.82 -1803.8 -2033.92
  355 354.5 29.8116 0.0129391 -1752.71 -1783.68 -1971.46
  356 355.5 29.8379 0.0129505 -1957.3 -1878.44 -1871.4
  357 356.5 29.8353 0.0129494 -1747.12 -1875.77 -1718.94
  358 357.5 29.8077 0.0129374 -1735.58 -1830.29 -1843.99
  359 358.5 29.7323 0.0129047 -1959.49 -1636.81 -2002.76
  360 359.5 29.7805 0.0129256 -1653.86 -1798.2 -1820.1
  361 360.5 29.7905 0.0129299 -1771.59 -1895.63 -1829.98
  362 361.5 29.732 0.0129045 -1824.98 -1928.11 -1835.93
  363 362.5 29.7688 0.0129205 -1648.36 -1793.61 -1832.18
  364 363.5 29.8107 0.0129387 -1831.55 -1864.01 -1920.91
  365 364.5 29.7883 0.0129289 -1819.69 -1919.03 -1895.41
  366 365.5 29.7807 0.0129256 -1948.31 -1919.97 -1868.03
  367 366.5 29.835 0.0129492 -1890.99 -1797.54 -1887.75
  368 367.5 29.8289 0.0129466 -1875.12 -2053.15 -1766.84
  369 368.5 29.8177 0.0129417 -1795.06 -2039.17 -1827.43
  370 369.5 29.8725 0.0129655 -1817.61 -1832.87 -2001.92
  371 370.5 29.8124 0.0129394 -1834.93 -1861 -1888.79
  372 371.5 29.7911 0.0129302 -1954.88 -1865.76 -1813.43
  373 372.5 29.9131 0.0129831 -2081.05 -1984.39 -1950.48
  374 373.5 29.9235 0.0129876 -1706.69 -1666.36 -1803.8
  375 374.5 29.7666 0.0129195 -1793.4 -1793.5 -1958.19
  376 375.5 29.8213 0.0129433 -1806.85 -1835.2 -1909.48
  377 376.5 29.8937 0.0129747 -1770.29 -1842.44 -1828.4
  378 377.5 29.9137 0.0129834 -1876.53 -1911.93 -1779.18
  379 378.5 29.8192 0.0129424 -1784.32 -1976.07 -1999.02
  380 379.5 29.8443 0.0129533 -1764.93 -1774.16 -1921.19
  381 380.5 29.9224 0.0129871 -1763.3 -1743.54 -1891.9
  382 381.5 29.8669 0.0129631 -1706.07 -1543.74 -1724.62
  383 382.5 29.8358 0.0129496 -1695.82 -1651.11 -1994.24
  384 383.5 29.8453 0.0129537 -1593.6 -1631.47 -1971.32
  385 384.5 29.8798 0.0129687 -1640.96 -1727.98 -1882.43
  386 385.5 29.9268 0.012989 -1692.88 -1704.35 -1880.93
  387 386.5 29.8927 0.0129743 -1928.64 -1777.6 -1984.91
  388 387.5 29.7949 0.0129318 -1757.81 -1808.05 -1923.86
  389 388.5 29.8661 0.0129627 -1839.23 -1882.39 -2065.23
  390 389.5 29.9041 0.0129792 -1719.7 -1784.25 -1873.98
  391 390.5 29.7175 0.0128982 -1888.61 -1867.3 -2013.49
  392 391.5 29.7438 0.0129096 -1879.13 -1882.51 -2185.21
  393 392.5 29.8043 0.0129359 -1590.66 -1552.71 -1937.69
  394 393.5 29.6561 0.0128716 -1547.27 -1575.61 -2024.74
  395 394.5 29.5557 0.012828 -1685.95 -1670.79 -2115.16
  396 395.5 29.5975 0.0128461 -1615.53 -1544.39 -2237.43
  397 396.5 29.457 0.0127851 -1544.02 -1554.27 -2181.65
  398 397.5 29.398 0.0127596 -1565.64 -1420.96 -2138.81
  399 398.5 29.2341 0.0126884 -1520.33 -1406.97 -2289.74
  400 399.5 29.183 0.0126663 -1470.73 -1475.49 -2246.2
  401 400.5 28.9975 0.0125857 -1360.63 -1340.5 -2383.3
  402 401.5 28.8066 0.0125029 -1300.96 -1154.2 -2192.2
  403 402.5 28.6214 0.0124225 -1396.47 -1401.31 -2548.79
  404 403.5 28.397 0.0123251 -1306.72 -1279.51 -2368.57
  405 404.5 28.1921 0.0122362 -1136.17 -1201.28 -2343.39
  406 405.5 27.862 0.0120929 -1081.38 -1144.55 -2473.01
  407 406.5 27.5361 0.0119515 -999.529 -1082.34 -2435.04
  408 407.5 27.1436 0.0117811 -1237.09 -1023.73 -2638.6
  409 408.5 26.7704 0.0116191 -904.158 -825.167 -2381.15
  410 409.5 26.3383 0.0114316 -970.99 -985.538 -2592.84
  411 410.5 25.8321 0.0112119 -783.153 -820.127 -2495.45
  412 411.5 25.1881 0.0109323 -789.146 -772.382 -2632.11
  413 412.5 24.6784 0.0107111 -796.083 -972.357 -2646.61
  414 413.5 23.9193 0.0103816 -857.06 -968.671 -2672.3
  415 414.5 23.1994 0.0100692 -759.451 -827.701 -2454
  416 415.5 22.3133 0.00968459 -797.345 -871.759 -2609.9
  417 416.5 21.4319 0.00930203 -875.263 -945.977 -2461.79
  418 417.5 20.3726 0.00884226 -869.244 -950.152 -2637.22
  419 418.5 19.3437 0.00839572 -1198.19 -1218.5 -2505.49
  420 419.5 18.2074 0.0079025 -1393.38 -1459.98 -2591.07
  421 420.5 17.0753 0.00741114 -1892.35 -1819.64 -2559.11
  422 421.5 15.9202 0.00690983 -2228.52 -2236.68 -2614.51
  423 422.5 14.7084 0.00638387 -2608.28 -2494.3 -2722.47
  424 423.5 13.561 0.00588584 -3059.43 -3280.9 -2836.26
  425 424.5 12.4064 0.00538472 -3781.21 -3733.81 -3123.34
  426 425.5 11.341 0.00492233 -4386.67 -4443.17 -3408.82
  427 426.5 10.3186 0.00447855 -5173.53 -5072.78 -3872.41
  428 427.5 9.42677 0.00409148 -5852.09 -6055.09 -4288.27
  429 428.5 8.60359 0.0037342 -6463.1 -6835.68 -4806.95
  430 429.5 7.89506 0.00342668 -7451.21 -7523.52 -5528.37
  431 430.5 7.23079 0.00313836 -8160.06 -7988.34 -6128.36
  432 431.5 6.68382 0.00290096 -8782.76 -8672.08 -6926.15
  433 432.5 6.20945 0.00269507 -9605.16 -9398.89 -7590.61
  434 433.5 5.81357 0.00252325 -10383 -10260.5 -8338.24
  435 434.5 5.48127 0.00237902 -10641 -11002.3 -9052.96
  436 435.5 5.20226 0.00225792 -11422.6 -11486.5 -9671.87
  437 436.5 4.93687 0.00214274 -11824.8 -11956.1 -10527.3
  438 437.5 4.76642 0.00206876 -12346.4 -12296.4 -10896
  439 438.5 4.5926 0.00199332 -12755.4 -12801.9 -11511.2
  440 439.5 4.46755 0.00193904 -13030.2 -12981.1 -12061.6
  441 440.5 4.36134 0.00189294 -13377.5 -13457.4 -12345.7
  442 441.5 4.2751 0.00185551 -13388.2 -13520.9 -12608.8
  443 442.5 4.24515 0.00184251 -13520.3 -13471.3 -12857.5
  444 443.5 4.19466 0.0018206 -13889.2 -13667.1 -13086.3
  445 444.5 4.13194 0.00179338 -13757.1 -13726.6 -13413
  446 445.5 4.10364 0.00178109 -13668.3 -13598.9 -13511.5
  447 446.5 4.11593 0.00178643 -13881.6 -13887.8 -13409.5
  448 447.5 4.10589 0.00178207 -13950 -13980 -13532.8
  449 448.5 4.09037 0.00177533 -13869 -13924.8 -13621.7
  450 449.5 4.05021 0.0017579 -13840.1 -13907.8 -13773.4
  451 450.5 4.02285 0.00174603 -14129.4 -13780.1 -13948.4
  452 451.5 4.03396 0.00175085 -14203.3 -13738 -13695.1
  453 452.5 4.01078 0.00174079 -13978.6 -13921.2 -13996.9
  454 453.5 3.99148 0.00173241 -13866 -13927.7 -14106.6
  455 454.5 4.01654 0.00174329 -13854 -13911.4 -13966.5
  456 455.5 4.02562 0.00174723 -13613.1 -14018 -13818.5
  457 456.5 4.01655 0.0017433 -13639.7 -14357.3 -13975.4
  458 457.5 3.98679 0.00173038 -13921.4 -14340.6 -14165.2
  459 458.5 3.98313 0.00172879 -13958.1 -14386.9 -14005.2
  460 459.5 4.00373 0.00173773 -14144.5 -14158.9 -13882.3
  461 460.5 3.97522 0.00172535 -14303.8 -14461 -14263.7
  462 461.5 3.9822 0.00172839 -14367.8 -14242.6 -13960.3
  463 462.5 3.96362 0.00172032 -14273.7 -14089.2 -14091.8
  464 463.5 3.95853 0.00171811 -14486.9 -14294.2 -14184.3
  465 464.5 3.96883 0.00172258 -14506.9 -14418.6 -14081.8
  466 465.5 3.97129 0.00172365 -14216.5 -14288.7 -14042.2
  467 466.5 3.9364 0.00170851 -14330 -14216 -14427.1
  468 467.5 3.96502 0.00172093 -14115 -14429.4 -14151.2
  469 468.5 3.9945 0.00173373 -14069.2 -14251.5 -13947.9
  470 469.5 3.98506 0.00172963 -14212.2 -14265.6 -14003.7
  471 470.5 3.9821 0.00172834 -14117.2 -14535.8 -14191.7
  472 471.5 3.97854 0.0017268 -14056.5 -14295.7 -14061.8
  473 472.5 3.9919 0.0017326 -14110.7 -14182.1 -14079.2
  474 473.5 4.01292 0.00174172 -14316.8 -14181.5 -13928.7
  475 474.5 4.01654 0.00174329 -14293.5 -14171 -13954.8
  476 475.5 4.01863 0.0017442 -14148.4 -14028.7 -13925.7
  477 476.5 4.02047 0.001745 -14157.5 -13948.6 -14029.6
  478 477.5 4.00925 0.00174012 -13838.6 -14082.1 -14017.3
  479 478.5 4.02768 0.00174812 -13927 -13983.6 -13911.9
  480 479.5 4.0267 0.0017477 -13935.8 -13919.9 -13944.7
  481 480.5 3.9884 0.00173108 -14166.2 -14015 -14144.4
  482 481.5 3.9933 0.0017332 -13940.2 -14002.3 -13919.8
  483 482.5 4.01473 0.0017425 -14085.5 -13952.2 -13983.6
  484 483.5 4.01948 0.00174457 -14229 -13722.8 -13966.8
  485 484.5 3.99613 0.00173443 -13988.2 -13910.3 -14025.3
  486 485.5 3.9691 0.0017227 -14022.4 -13982.7 -14087.5
  487 486.5 3.99532 0.00173408 -14147.3 -13858.8 -14007.4
  488 487.5 3.96211 0.00171967 -14177.7 -13822 -14160.7
  489 488.5 3.98666 0.00173032 -14294.9 -14275.4 -14093
  490 489.5 3.98887 0.00173128 -13908.5 -14163.1 -14143.5
  491 490.5 3.98122 0.00172796 -14277.2 -14357.5 -13969.3
  492 491.5 3.96667 0.00172165 -14191.2 -14354.9 -14140
  493 492.5 3.98182 0.00172822 -14040 -14251.2 -14059.8
  494 493.5 3.99693 0.00173478 -13911.8 -14047.4 -14051.8
  495 494.5 3.99842 0.00173542 -14056.4 -14017.5 -14104.7
  496 495.5 4.00042 0.00173629 -14087 -13971 -13978.5
  497 496.5 4.03766 0.00175245 -14052.5 -14217.9 -13931.6
  498 497.5 4.03679 0.00175208 -13992.8 -14076.7 -13862.2
  499 498.5 4.03033 0.00174927 -13676.8 -13839.9 -13928.7
  500 499.5 4.03122 0.00174966 -13898.6 -13539.5 -13920.9
  501 500.5 4.04406 0.00175524 -13947.4 -13779.9 -13919.4
  502 501.5 4.03247 0.0017502 -14164.3 -13932.4 -13898.9
  503 502.5 4.0242 0.00174661 -14066.6 -14047.3 -13993.7
  504 503.5 3.98795 0.00173088 -14256.2 -14033.3 -14086.2
  505 504.5 4.00098 0.00173654 -14175.4 -13941.4 -13959.4
  506 505.5 3.98114 0.00172792 -14148.7 -13921 -14021.1
  507 506.5 3.98783 0.00173083 -14307.7 -14020.6 -14203.3
  508 507.5 3.97322 0.00172449 -14196.8 -14118.9 -14133.7
  509 508.5 3.96998 0.00172308 -14097.5 -14016.9 -14049.2
  510 509.5 3.96212 0.00171967 -14263.3 -14214.1 -14149.1
  511 510.5 3.94686 0.00171305 -14329.4 -13925.2 -14236
  512 511.5 3.96562 0.00172119 -14184.3 -13919.4 -14102.2
  513 512.5 3.95269 0.00171558 -14221.2 -14044.4 -14250
  514 513.5 3.96978 0.00172299 -14014.4 -13944.8 -13999.4
  515 514.5 3.94213 0.00171099 -14063 -13941.5 -14277.2
  516 515.5 3.93772 0.00170908 -14283.7 -14219.1 -14304
  517 516.5 3.97568 0.00172556 -14353.3 -14035.3 -13978.7
  518 517.5 3.93164 0.00170644 -14263.9 -14052.8 -14323.7
  519 518.5 3.95803 0.0017179 -14283.7 -14346 -14217.4
  520 519.5 3.95231 0.00171541 -14193 -13844.1 -14156.4
  521 520.5 3.92723 0.00170453 -14290.1 -13941 -14379
  522 521.5 3.93822 0.0017093 -14101.2 -13834 -14129.8
  523 522.5 3.95228 0.0017154 -14025.7 -13969 -14192
  524 523.5 3.95245 0.00171547 -14050.7 -13725.8 -14233
  525 524.5 3.95813 0.00171794 -14154.8 -13877.8 -14145.6
  526 525.5 3.96523 0.00172102 -14012.4 -13803.3 -14087.6
  527 526.5 3.94381 0.00171172 -14019.3 -14114.2 -14317.1
  528 527.5 3.97258 0.00172421 -13910.1 -13925.4 -14138.2
  529 528.5 3.96583 0.00172128 -13917.7 -13945 -14120.9
  530 529.5 3.9611 0.00171923 -14334.3 -13919.4 -14112.9
  531 530.5 3.95526 0.00171669 -14454.9 -13885.3 -14154.7
  532 531.5 3.9387 0.0017095 -14528.5 -14156.6 -14305.9
  533 532.5 3.94755 0.00171335 -14472.7 -14216 -14162
  534 533.5 3.94346 0.00171157 -14535.5 -14117.3 -14221.3
  535 534.5 3.95564 0.00171686 -14295.7 -14263.6 -14147.3
  536 535.5 3.95095 0.00171482 -14404 -14298.6 -14153.5
  537 536.5 3.93458 0.00170772 -14219.5 -14097.9 -14249.2
  538 537.5 3.96622 0.00172145 -14294.2 -14175.5 -14184.5
  539 538.5 3.94864 0.00171382 -14128.8 -14048 -14213.6
  540 539.5 3.97301 0.0017244 -14229 -13943.4 -14062.6
  541 540.5 3.96214 0.00171968 -14339.6 -13927.1 -14165.4
  542 541.5 3.96148 0.00171939 -14405 -14190.3 -14247.7
  543 542.5 3.99114 0.00173226 -14116.3 -13866.1 -14004.4
  544 543.5 3.9941 0.00173355 -14066.8 -14017.7 -14040.8
  545 544.5 3.9878 0.00173082 -14420.6 -14265.2 -14058.4
  546 545.5 4.00093 0.00173651 -14266 -14225.2 -14051.1
  547 546.5 3.98347 0.00172894 -14197.3 -14200.7 -14152.2
  548 547.5 3.98595 0.00173001 -14082.1 -14271.1 -14012.6
  549 548.5 3.99774 0.00173513 -14296.9 -14326.1 -14032.3
  550 549.5 4.00831 0.00173972 -14416.9 -14473.5 -14012.9
  551 550.5 3.97455 0.00172507 -14488.3 -14318 -14085.1
  552 551.5 3.97094 0.0017235 -14434.9 -14443.6 -14159.4
  553 552.5 3.95486 0.00171652 -14394.7 -14548.3 -14141.7
  554 553.5 3.95444 0.00171634 -14502.4 -14351.8 -14266.1
  555 554.5 3.95175 0.00171517 -14508.7 -14542.5 -14200.6
  556 555.5 3.94702 0.00171311 -14696.7 -14430.2 -14129.9
  557 556.5 3.94559 0.0017125 -14525.7 -14302.3 -14294.7
  558 557.5 3.92993 0.0017057 -14374.9 -14323.2 -14263.5
  559 558.5 3.91669 0.00169995 -14380.3 -14452.4 -14296.9
  560 559.5 3.94624 0.00171278 -14664.4 -14405.6 -14243
  561 560.5 3.93454 0.0017077 -14306 -14033 -14156.1
  562 561.5 3.93029 0.00170585 -14251.7 -14198.4 -14313.1
  563 562.5 3.94079 0.00171041 -14181 -14308.5 -14136.9
  564 563.5 3.9609 0.00171914 -14475.8 -14244.7 -14294.8
  565 564.5 3.93371 0.00170734 -14450.6 -14409.8 -14236.1
  566 565.5 3.92962 0.00170557 -14393.6 -14423.6 -14192.2
  567 566.5 3.9571 0.00171749 -14444.3 -14474.1 -14085.4
  568 567.5 3.95514 0.00171664 -14342 -14400 -14274.7
  569 568.5 3.94738 0.00171327 -14396.4 -14309.1 -14120.7
  570 569.5 3.93841 0.00170938 -14462.5 -14244.8 -14236.3
  571 570.5 3.94394 0.00171178 -14350.9 -14060.7 -14162
  572 571.5 3.96827 0.00172234 -14505.5 -14086 -14207.9
  573 572.5 3.94947 0.00171418 -14219.1 -14192.7 -14222.1
  574 573.5 3.94201 0.00171094 -14020.3 -13868.5 -14024.5
  575 574.5 3.96122 0.00171928 -14075.5 -14085.4 -14118.5
  576 575.5 3.98162 0.00172814 -14178.9 -14241.2 -14013.7
  577 576.5 3.95858 0.00171814 -13918.7 -13984.9 -14072.2
  578 577.5 3.9793 0.00172712 -14109.2 -14061.6 -13897
  579 578.5 4.02754 0.00174806 -14036.7 -14123.9 -13781.4
  580 579.5 4.0517 0.00175855 -13892.9 -13913.6 -13584.6
  581 580.5 4.10395 0.00178123 -13855.6 -13828.1 -13364.9
  582 581.5 4.1483 0.00180048 -13861.3 -13756 -13281.7
  583 582.5 4.21284 0.00182849 -13592.9 -13710.4 -12922.7
  584 583.5 4.25252 0.00184571 -13417.4 -13579 -12670.2
  585 584.5 4.32844 0.00187866 -13103.4 -13408.5 -12518.9
  586 585.5 4.47467 0.00194213 -12830.9 -12828.8 -11802.2
  587 586.5 4.61267 0.00200203 -12759.4 -12767 -11356
  588 587.5 4.76692 0.00206898 -12271.5 -12269.9 -10926.7
  589 588.5 4.98692 0.00216446 -11937.5 -11799.2 -10334.2
  590 589.5 5.25298 0.00227994 -11203.7 -11220.1 -9428.4
  591 590.5 5.55926 0.00241288 -10597.5 -10603.7 -8778.3
  592 591.5 5.90211 0.00256168 -9870.25 -10100.9 -8214.92
  593 592.5 6.3281 0.00274657 -9295.85 -9378.09 -7471.31
  594 593.5 6.82424 0.00296191 -8587.82 -8726.8 -6546.55
  595 594.5 7.44178 0.00322994 -7782.36 -7695.4 -5882.11
  596 595.5 8.11926 0.00352398 -6858.52 -6959.02 -5324.14
  597 596.5 8.8951 0.00386072 -6070.3 -6111.71 -4694.85
  598 597.5 9.75031 0.00423191 -5451.28 -5510.55 -4108.94
  599 598.5 10.7446 0.00466348 -4614.33 -4727.72 -3766.87
  600 599.5 11.7279 0.00509022 -3917.07 -4054.43 -3291.11
  601 600.5 12.7479 0.00553295 -3539.56 -3496.34 -3252.98
  602 601.5 13.8968 0.0060316 -2935.07 -2954.24 -3027.96
  603 602.5 15.0066 0.00651328 -2386.42 -2737.69 -3055.71
  604 603.5 16.1908 0.00702728 -1889.34 -2086.45 -2724.98
  605 604.5 17.3301 0.00752174 -1741.53 -1903.52 -2718.9
  606 605.5 18.4167 0.00799335 -1497.09 -1542.84 -2767.49
  607 606.5 19.4517 0.00844259 -1291.8 -1329.05 -2858.72
  608 607.5 20.4168 0.00886147 -1228.8 -1086.91 -2803.58
  609 608.5 21.314 0.00925088 -1023.7 -1039.87 -2872
  610 609.5 22.1501 0.00961375 -990.069 -1025.01 -2844.04
  611 610.5 22.8561 0.00992019 -978.92 -1004.07 -2852.97
  612 611.5 23.5334 0.0102142 -1021.29 -1067.39 -2842.56
  613 612.5 24.0692 0.0104467 -1093.32 -973.132 -2943.02
  614 613.5 24.6095 0.0106812 -1113.24 -1213.77 -2884.78
  615 614.5 25.0637 0.0108783 -1207.86 -1086.68 -2739.17
  616 615.5 25.4508 0.0110464 -1420.69 -1194.37 -2698.85
  617 616.5 25.7442 0.0111737 -1579.46 -1414.15 -2742.59
  618 617.5 26.0081 0.0112882 -1575.13 -1467.3 -2664.85
  619 618.5 26.2567 0.0113961 -1679.63 -1608 -2514.25
  620 619.5 26.4608 0.0114847 -1816.82 -1785.89 -2618.19
  621 620.5 26.6115 0.0115501 -1728.89 -1683.22 -2549.83
  622 621.5 26.7275 0.0116005 -1650.68 -1907.29 -2362.26
  623 622.5 26.902 0.0116762 -1853.71 -1761.16 -2388.6
  624 623.5 26.9332 0.0116897 -1685.04 -1767.57 -2339.44
162500000 624 13244.999999999998
  1 0.5 26.438 0.0114748 -1880.73 -1805.3 -2698.75
  2 1.5 26.528 0.0115139 -1787.49 -1702.87 -2414.79
  3 2.5 26.663 0.0115725 -1934.7 -1827.11 -2469.23
  4 3.5 26.7787 0.0116227 -1926.95 -1843.43 -2356.85
  5 4.5 26.8044 0.0116339 -1849.98 -1761.75 -2419.67
  6 5.5 26.8232 0.011642 -1847.61 -1654.84 -2343.59
  7 6.5 26.9734 0.0117072 -1995.79 -2014.08 -2257.99
  8 7.5 27.041 0.0117366 -1886.61 -2007.48 -2271.2
  9 8.5 26.9634 0.0117029 -2022.08 -2123.98 -2137.11
  10 9.5 26.9899 0.0117144 -2032.27 -2112.14 -2395.14
  11 10.5 27.1208 0.0117712 -2010.61 -1994.9 -2138.68
  12 11.5 27.0916 0.0117585 -2074.85 -1980.14 -2146.23
  13 12.5 27.128 0.0117743 -2094.36 -2020.3 -2074.14
  14 13.5 27.0533 0.0117419 -2000.82 -2067.99 -2230.79
  15 14.5 27.1334 0.0117767 -2076.81 -2041.39 -2085.77
  16 15.5 27.0805 0.0117537 -2175.82 -2174.03 -2163.38
  17 16.5 27.1522 0.0117848 -2000.65 -2108.18 -2065.06
  18 17.5 27.1308 0.0117755 -2006.14 -2069.54 -2160.44
  19 18.5 27.0898 0.0117577 -2159.89 -2084.78 -2097.71
  20 19.5 27.1331 0.0117765 -2201.74 -2120.06 -2093.6
  21 20.5 27.1901 0.0118013 -2232.07 -2067.55 -2103.93
  22 21.5 27.1328 0.0117764 -2232.08 -2234.04 -2112.99
  23 22.5 27.1976 0.0118045 -2290.69 -2253.11 -2123.29
  24 23.5 27.199 0.0118051 -2079.03 -2172.29 -2009.73
  25 24.5 27.1988 0.011805 -2279.47 -2148.19 -2097.36
  26 25.5 27.2155 0.0118123 -2140.7 -2173.45 -2109.84
  27 26.5 27.2409 0.0118233 -2008.35 -2197.99 -2072.72
  28 27.5 27.1797 0.0117967 -2218.12 -2189.49 -2201.93
  29 28.5 27.2227 0.0118154 -2149.45 -2158.27 -2043.1
  30 29.5 27.2525 0.0118284 -2151.18 -2095.66 -2100.23
  31 30.5 27.2793 0.01184 -1907.17 -2039.04 -2009.89
  32 31.5 27.176 0.0117951 -2088.15 -2052 -2087.56
  33 32.5 27.2551 0.0118295 -2072.88 -2078.33 -2147.22
  34 33.5 27.3361 0.0118646 -2045.83 -2053.97 -2088.57
  35 34.5 27.2525 0.0118284 -2050.2 -2092.29 -2005.68
  36 35.5 27.2178 0.0118133 -2073.66 -2120.63 -2163.22
  37 36.5 27.2937 0.0118462 -2058.74 -2048.52 -2095.72
  38 37.5 27.2667 0.0118345 -1911.92 -2015.74 -2083.33
  39 38.5 27.2833 0.0118417 -2251.6 -2106.52 -2080.01
  40 39.5 27.2976 0.0118479 -2018.88 -1937.76 -2152.95
  41 40.5 27.333 0.0118633 -2101.6 -2054.43 -2012.99
  42 41.5 27.2762 0.0118386 -2108.26 -2078.75 -2029.9
  43 42.5 27.2841 0.011842 -1960.53 -1957.99 -2165.02
  44 43.5 27.368 0.0118785 -1952.78 -1908.01 -2024.1
  45 44.5 27.3468 0.0118693 -2048.01 -1906.27 -2143.24
  46 45.5 27.2576 0.0118306 -2088.2 -2071.57 -2106.96
  47 46.5 27.3025 0.0118501 -2105.76 -2016.64 -2015.04
  48 47.5 27.3326 0.0118631 -1996.93 -2001.22 -2146.78
  49 48.5 27.3253 0.01186 -2076.38 -2141.55 -2093.18
  50 49.5 27.266 0.0118342 -2119.88 -2115.29 -1989.73
  51 50.5 27.3273 0.0118608 -1944.95 -2143.04 -2127.91
  52 51.5 27.2713 0.0118365 -2049.03 -2154.02 -2085.42
  53 52.5 27.3232 0.011859 -2074.41 -2097.05 -2011.45
  54 53.5 27.3001 0.011849 -2116.59 -2194.6 -2118.85
  55 54.5 27.2874 0.0118435 -2137.12 -2180.36 -2026.61
  56 55.5 27.3275 0.0118609 -2268.29 -2263.22 -2141.73
  57 56.5 27.3308 0.0118623 -2176.52 -2073.31 -1996.3
  58 57.5 27.3028 0.0118502 -2208.54 -2215.38 -2147.5
  59 58.5 27.2788 0.0118398 -2066.17 -2100.17 -2007.92
  60 59.5 27.3151 0.0118555 -2062.89 -2201.31 -2114.08
  61 60.5 27.3275 0.0118609 -2061.82 -2207.43 -2075.92
  62 61.5 27.3283 0.0118612 -2142.99 -2235.87 -2082.22
  63 62.5 27.2854 0.0118426 -2221.04 -2247.55 -2094.97
  64 63.5 27.3314 0.0118626 -2064.21 -2114.65 -2061.52
  65 64.5 27.3955 0.0118904 -2035.97 -2247.32 -2082.21
  66 65.5 27.3663 0.0118777 -2114.14 -2213.09 -2140.86
  67 66.5 27.2865 0.0118431 -1911.53 -2097.15 -2030.09
  68 67.5 27.3313 0.0118626 -1949.95 -2021.64 -2063.33
  69 68.5 27.4165 0.0118995 -2105.79 -2070.22 -2105.9
  70 69.5 27.3602 0.0118751 -1846.62 -2070.06 -1998.2
  71 70.5 27.323 0.011859 -2081.39 -2090.82 -2173.08
  72 71.5 27.3081 0.0118525 -2053.88 -2273.12 -2155.43
  73 72.5 27.3747 0.0118814 -2004.31 -2112 -2107.97
  74 73.5 27.3434 0.0118678 -2053.32 -1900.47 -2051.27
  75 74.5 27.2875 0.0118435 -2135.99 -1956.86 -2096.07
  76 75.5 27.3303 0.0118621 -2038.22 -2060.12 -2059.08
  77 76.5 27.3736 0.0118809 -2093.27 -2147.01 -2024.65
  78 77.5 27.3374 0.0118652 -1975 -1984.13 -2068.44
  79 78.5 27.2066 0.0118084 -2178.45 -2106.13 -2310.37
  80 79.5 27.2942 0.0118464 -1985.33 -1881.49 -2012.2
  81 80.5 27.322 0.0118585 -2089.21 -2008.06 -1987.04
  82 81.5 27.2975 0.0118479 -2168.31 -2133.22 -2160.12
  83 82.5 27.2915 0.0118453 -2064.32 -2103.4 -2119.83
  84 83.5 27.293 0.0118459 -2075.63 -2110.41 -1975
  85 84.5 27.2102 0.01181 -2038.75 -2081.83 -2235.67
  86 85.5 27.2921 0.0118455 -2136.98 -2061.02 -2019.15
  87 86.5 27.2543 0.0118291 -2055.29 -2061.22 -2031.81
  88 87.5 27.1678 0.0117916 -1994.87 -1900.42 -2048.11
  89 88.5 27.2197 0.0118141 -2198.79 -2105.02 -2203.2
  90 89.5 27.2302 0.0118187 -2218.92 -2022.45 -2147.56
  91 90.5 27.2074 0.0118088 -1991.48 -2153.97 -1910.5
  92 91.5 27.2215 0.0118149 -1969.05 -2108.11 -2076.17
  93 92.5 27.1906 0.0118015 -1980.78 -2002.07 -2194.3
  94 93.5 27.1494 0.0117836 -2134.65 -2235.05 -2122.37
  95 94.5 27.1872 0.0118 -2188.8 -2251.82 -2127.75
  96 95.5 27.1952 0.0118035 -2105.32 -2194.47 -2032.86
  97 96.5 27.2309 0.011819 -2110.51 -2081.15 -1946.22
  98 97.5 27.1282 0.0117744 -2062.38 -2067.03 -2149.12
  99 98.5 27.1239 0.0117725 -2154.24 -2023.99 -2140.44
  100 99.5 27.1193 0.0117705 -2191.49 -1919.92 -2133.92
  101 100.5 27.1383 0.0117788 -1994.34 -2132.71 -2034.83
  102 101.5 27.1381 0.0117787 -2094.3 -2028 -1988
  103 102.5 27.1155 0.0117689 -2306.66 -2301.16 -2097.59
  104 103.5 27.1113 0.0117671 -2283.44 -2204.99 -2078.45
  105 104.5 27.0832 0.0117549 -2231.89 -2239.56 -2150.69
  106 105.5 27.1085 0.0117658 -2160.03 -2022.42 -2031.73
  107 106.5 27.1701 0.0117926 -2090 -2034.4 -2048.69
  108 107.5 27.0686 0.0117485 -2102.25 -2075.65 -2102.93
  109 108.5 27.0724 0.0117502 -2009.34 -2030.14 -2082.51
  110 109.5 27.1597 0.0117881 -2151.95 -1953.87 -2063.49
  111 110.5 27.1104 0.0117667 -2095.33 -2011.37 -2091.82
  112 111.5 27.0457 0.0117386 -1999.74 -2116.21 -2075.86
  113 112.5 27.0641 0.0117466 -2388.14 -2133.94 -2238.56
  114 113.5 27.159 0.0117878 -2054.77 -1962.28 -2007.79
  115 114.5 27.1448 0.0117816 -2036.08 -2003.26 -2080.29
  116 115.5 27.0657 0.0117473 -2171.68 -2121.21 -2084.67
  117 116.5 27.0762 0.0117518 -2051.17 -2164.22 -2067.78
  118 117.5 27.1731 0.0117939 -2005.74 -2108.93 -2048.26
  119 118.5 27.1361 0.0117778 -2151.57 -2052.3 -2093.6
  120 119.5 27.0333 0.0117332 -2110.3 -2032.87 -2177.19
  121 120.5 27.0929 0.0117591 -1965 -2066.25 -2036.5
  122 121.5 27.1507 0.0117841 -2029.84 -2045.53 -2154.47
  123 122.5 27.1355 0.0117776 -1974.36 -1945.62 -2100.87
  124 123.5 27.1075 0.0117654 -2071.51 -2103.05 -2055.48
  125 124.5 27.1439 0.0117812 -1827.06 -2088.96 -1929.37
  126 125.5 27.1025 0.0117633 -1883.26 -2020.14 -2246.52
  127 126.5 27.1009 0.0117625 -1862.01 -2009.26 -2084.73
  128 127.5 27.1176 0.0117698 -1956.61 -2044.6 -2036.21
  129 128.5 27.1277 0.0117742 -2055.12 -2204.57 -2202.35
  130 129.5 27.1672 0.0117913 -1934.18 -2113.49 -2060.73
  131 130.5 27.1468 0.0117825 -2130.8 -2130.04 -2007.79
  132 131.5 27.2215 0.0118149 -2142.69 -2096.33 -2092.35
  133 132.5 27.1631 0.0117896 -2084.5 -2166.82 -2129.8
  134 133.5 27.1661 0.0117908 -2093.48 -2132.44 -2131.43
  135 134.5 27.1919 0.011802 -2009.34 -2061.9 -2058.23
  136 135.5 27.1929 0.0118025 -1947.47 -2136.37 -2016.17
  137 136.5 27.193 0.0118025 -1909.35 -2097.72 -2081.82
  138 137.5 27.1722 0.0117935 -2005.22 -1977.11 -2124.48
  139 138.5 27.1592 0.0117879 -1990.16 -1909.86 -2133.27
  140 139.5 27.1771 0.0117956 -2190.15 -2140.48 -2067.31
  141 140.5 27.1958 0.0118037 -1999.81 -1972.31 -1989.68
  142 141.5 27.2244 0.0118162 -2187.45 -2168.67 -2111.25
  143 142.5 27.1689 0.0117921 -2123.39 -2207.94 -2134.93
  144 143.5 27.1587 0.0117876 -2139.44 -2173.89 -2053.25
  145 144.5 27.2355 0.011821 -1969.16 -2007.59 -2107.77
  146 145.5 27.1598 0.0117881 -1996.14 -2066.05 -1968.39
  147 146.5 27.2185 0.0118136 -2056.55 -2204.27 -2102.84
  148 147.5 27.1962 0.0118039 -2185.07 -2085.9 -2135.98
  149 148.5 27.2412 0.0118235 -2185.11 -2071.8 -2105.4
  150 149.5 27.2772 0.011839 -2074.67 -1952.64 -1972.89
  151 150.5 27.2217 0.011815 -2183 -2128.7 -2156.1
  152 151.5 27.3055 0.0118513 -2129.68 -1935.27 -2058.37
  153 152.5 27.3567 0.0118736 -2104.85 -1992.97 -2007.02
  154 153.5 27.2786 0.0118397 -2062.47 -2141.51 -2022.37
  155 154.5 27.281 0.0118407 -2009.4 -2067.68 -2247.62
  156 155.5 27.3464 0.0118691 -1966.68 -1902.36 -2113.09
  157 156.5 27.3641 0.0118768 -2172.5 -2065.55 -1958.66
  158 157.5 27.4043 0.0118942 -2187.34 -2151.98 -2115.42
  159 158.5 27.3928 0.0118892 -2151.52 -2061.78 -2081.15
  160 159.5 27.3333 0.0118634 -2067.41 -2003.54 -2156.76
  161 160.5 27.4301 0.0119054 -2143.19 -1990.18 -2103.82
  162 161.5 27.3933 0.0118895 -1908.28 -1995.13 -2041.3
  163 162.5 27.4085 0.011896 -2052.19 -2052.18 -2017.84
  164 163.5 27.3833 0.0118851 -2014.56 -2167.22 -2121.28
  165 164.5 27.4071 0.0118954 -1880.57 -2037.11 -2028.76
  166 165.5 27.3959 0.0118906 -2074.83 -2016.15 -2121.48
  167 166.5 27.348 0.0118698 -2026.84 -2046.75 -2149.09
  168 167.5 27.4597 0.0119183 -1960.67 -2152.13 -2092.57
  169 168.5 27.4206 0.0119013 -1990.91 -2070.27 -1943.32
  170 169.5 27.3934 0.0118895 -1917.45 -2075.65 -2102.26
  171 170.5 27.3717 0.0118801 -2015.81 -2055.01 -2102.91
  172 171.5 27.4133 0.0118981 -1993.59 -2197.57 -2204.64
  173 172.5 27.4092 0.0118964 -2102.56 -2231.95 -2050.57
  174 173.5 27.3932 0.0118894 -2012.91 -2135.59 -1982.79
  175 174.5 27.3694 0.0118791 -1923.33 -1918.79 -2151.86
  176 175.5 27.4246 0.011903 -2069.09 -2018.75 -2149.61
  177 176.5 27.3568 0.0118736 -2079.19 -2114.7 -2078.24
  178 177.5 27.3694 0.0118791 -2057.25 -1935.91 -2147.05
  179 178.5 27.3697 0.0118792 -1942.79 -2057.12 -2109.44
  180 179.5 27.3748 0.0118814 -2057.4 -1761.51 -2207.24
  181 180.5 27.2722 0.0118369 -1809.55 -1866.42 -2162.3
  182 181.5 27.3021 0.0118499 -1925.79 -1962.99 -2137.45
  183 182.5 27.3485 0.01187 -1944.44 -1864.1 -2082.03
  184 183.5 27.2456 0.0118253 -1993.15 -1895.14 -2137.28
  185 184.5 27.1607 0.0117885 -1946.04 -2108.77 -2305.64
  186 185.5 27.0858 0.011756 -2032.88 -2066.3 -2212.54
  187 186.5 27.1578 0.0117872 -1839.52 -2005.14 -2142.29
  188 187.5 27.0621 0.0117457 -1932.2 -1989.9 -2093.13
  189 188.5 26.9408 0.0116931 -1882.83 -1954.54 -2276.02
  190 189.5 26.9433 0.0116941 -2026.55 -1915.48 -2187.67
  191 190.5 26.8275 0.0116439 -2058.22 -1981.9 -2116.03
  192 191.5 26.775 0.0116211 -1977.85 -1825.64 -2104.87
  193 192.5 26.6399 0.0115625 -1994.72 -1988.72 -2209.98
  194 193.5 26.5692 0.0115318 -2044.32 -2098.95 -2172.84
  195 194.5 26.5389 0.0115186 -1947.11 -1850.54 -1969.02
  196 195.5 26.4294 0.0114711 -1985.27 -1917.47 -2024.36
  197 196.5 26.3049 0.0114171 -2052.63 -1981.65 -1980.79
  198 197.5 26.2787 0.0114057 -2105.03 -2136.63 -2086.21
  199 198.5 26.2321 0.0113855 -2132.47 -2161.25 -1801.34
  200 199.5 26.1741 0.0113603 -2150.68 -2120.78 -1752.11
  201 200.5 26.1294 0.0113409 -2160.84 -2257.11 -1964.2
  202 201.5 26.1828 0.0113641 -2219.45 -2213.54 -1653.51
  203 202.5 26.1828 0.011364 -2220.36 -2320.97 -1742.74
  204 203.5 26.2088 0.0113753 -2322.47 -2341.61 -1824.97
  205 204.5 26.3683 0.0114446 -2220.2 -2111.38 -1740.18
  206 205.5 26.4645 0.0114863 -2145.16 -2122.77 -1617.92
  207 206.5 26.6428 0.0115637 -2173.75 -1981.18 -1814.39
  208 207.5 26.7351 0.0116038 -2152.89 -2021.53 -1725.95
  209 208.5 27.0559 0.011743 -1789.28 -1932.95 -1750.52
  210 209.5 27.2162 0.0118126 -1847.64 -1767.95 -1849.81
  211 210.5 27.426 0.0119036 -1561.79 -1632.18 -1750.83
  212 211.5 27.6752 0.0120118 -1650.21 -1685.11 -1938.67
  213 212.5 27.9053 0.0121117 -1502.81 -1489.53 -1975.68
  214 213.5 28.1039 0.0121979 -1505.68 -1580.66 -2162.63
  215 214.5 28.3216 0.0122924 -1661.15 -1470.05 -2029.91
  216 215.5 28.6244 0.0124238 -1562.32 -1459.13 -2059.25
  217 216.5 28.7596 0.0124825 -1462.94 -1507.55 -2096.24
  218 217.5 28.9048 0.0125455 -1459.27 -1300.66 -2301.56
  219 218.5 29.1182 0.0126381 -1396.94 -1406.64 -2178.38
  220 219.5 29.3239 0.0127274 -1517.38 -1334.09 -1951.6
  221 220.5 29.4316 0.0127741 -1556.62 -1308.49 -2244.52
  222 221.5 29.5399 0.0128211 -1572.09 -1599.1 -2200.36
  223 222.5 29.6338 0.0128619 -1523.06 -1509.16 -2262.37
  224 223.5 29.7009 0.012891 -1622.34 -1754.87 -2112.78
  225 224.5 29.817 0.0129414 -1631.93 -1558.51 -2128.3
  226 225.5 29.872 0.0129653 -1749.27 -1651.44 -2127.74
  227 226.5 29.8352 0.0129493 -1596.88 -1386.56 -2043.66
  228 227.5 29.9094 0.0129815 -1812.46 -1617.87 -2209.81
  229 228.5 29.9894 0.0130162 -1699.5 -1810.22 -1983.42
  230 229.5 30.0014 0.0130214 -1802.77 -1853 -1962.84
  231 230.5 29.9376 0.0129938 -1888.04 -1864.2 -2192
  232 231.5 29.998 0.0130199 -1813.14 -1930.67 -2005.23
  233 232.5 30.0236 0.0130311 -1775.87 -1768.65 -1922.95
  234 233.5 30.013 0.0130265 -1750.81 -1783.28 -1841.71
  235 234.5 29.9633 0.0130049 -1521.36 -1677.3 -2048.7
  236 235.5 29.9583 0.0130027 -1697.94 -1760.46 -2014.84
  237 236.5 30.0159 0.0130277 -1917.29 -1904.81 -1929.46
  238 237.5 30.0039 0.0130225 -1940.96 -1876.62 -1787.66
  239 238.5 29.9265 0.0129889 -1659.21 -1709.76 -2015.06
  240 239.5 29.9205 0.0129863 -1874.78 -1935.04 -1857.77
  241 240.5 29.9562 0.0130018 -1758.34 -1815.25 -1911.04
  242 241.5 29.9506 0.0129994 -1859.26 -1802.76 -1921.43
  243 242.5 29.8595 0.0129599 -2015.8 -1912.89 -1926.59
  244 243.5 29.8926 0.0129742 -1799.11 -1778.65 -1823.81
  245 244.5 29.9237 0.0129877 -1853.43 -1677.51 -1895.12
  246 245.5 29.8642 0.0129619 -1914.19 -1832.37 -1895.09
  247 246.5 29.8444 0.0129533 -1766.78 -1800.82 -1748.78
  248 247.5 29.8564 0.0129585 -1814.79 -1925.18 -1992.96
  249 248.5 29.8738 0.0129661 -1834.34 -1844.93 -1835.56
  250 249.5 29.8607 0.0129604 -1904.4 -2010.16 -1811.81
  251 250.5 29.8205 0.0129429 -2091.24 -1876.01 -1918.14
  252 251.5 29.835 0.0129492 -1811.75 -1950.19 -1947.61
  253 252.5 29.86 0.0129601 -2004.33 -1836.53 -1815.2
  254 253.5 29.8288 0.0129465 -1982.76 -2036.57 -1860.5
  255 254.5 29.84 0.0129514 -2069.27 -2139.91 -1863.68
  256 255.5 29.8348 0.0129491 -1996.06 -1796.08 -1903.46
  257 256.5 29.8435 0.0129529 -1979.47 -1976.85 -1898.54
  258 257.5 29.8733 0.0129658 -1968 -1848.75 -1818.61
  259 258.5 29.8273 0.0129459 -1828.06 -1787.33 -1786.19
  260 259.5 29.83 0.0129471 -2030.28 -2063.8 -1933.26
  261 260.5 29.9105 0.012982 -1904.12 -1947.15 -1939.25
  262 261.5 29.9395 0.0129946 -1859.38 -1986.35 -1804.71
  263 262.5 29.8772 0.0129675 -1931.69 -1906.45 -1894.23
  264 263.5 29.8891 0.0129727 -1865.73 -1889.36 -1938.24
  265 264.5 29.9741 0.0130096 -1819.21 -1771.29 -1892.65
  266 265.5 29.9336 0.012992 -1953.04 -1931.11 -1882.4
  267 266.5 29.9479 0.0129982 -1823.87 -1860.57 -1819.61
  268 267.5 29.9889 0.013016 -2023.78 -1852.08 -1932.26
  269 268.5 30.0136 0.0130267 -1845.97 -1640.35 -1876.85
  270 269.5 30.0304 0.013034 -1888.55 -1933.49 -1871.86
  271 270.5 29.9493 0.0129988 -1782.37 -1722.47 -1903.59
  272 271.5 29.9986 0.0130202 -1873.01 -1839.22 -1954.59
  273 272.5 30.0468 0.0130411 -1719.91 -1737.36 -1811.4
  274 273.5 30.0067 0.0130238 -1997.31 -2116.96 -2019.57
  275 274.5 30.0766 0.0130541 -1890.28 -1882.24 -1850.77
  276 275.5 30.0191 0.0130291 -1808.84 -1759.45 -1909.14
  277 276.5 30.052 0.0130434 -1751.24 -1680.58 -1890.62
  278 277.5 30.0474 0.0130414 -1786.39 -1718.1 -1883.72
  279 278.5 30.1124 0.0130696 -1772.39 -1949.38 -1775.49
  280 279.5 30.0752 0.0130535 -1824.14 -1954.72 -1995.5
  281 280.5 29.9988 0.0130203 -1774.11 -1835.47 -2065.91
  282 281.5 30.0389 0.0130377 -1852.45 -1853.19 -1836.81
  283 282.5 30.1456 0.013084 -1948.55 -1914.09 -1857.09
  284 283.5 30.0959 0.0130625 -1905.01 -1941.11 -1799.09
  285 284.5 29.9952 0.0130188 -2069.91 -2026.11 -1956.97
  286 285.5 30.055 0.0130447 -1840.87 -1840.83 -1909.95
  287 286.5 30.0491 0.0130422 -1752.71 -1868.27 -1980.08
  288 287.5 30.0624 0.0130479 -1591.33 -1788.2 -1711.08
  289 288.5 29.9567 0.013002 -1715.78 -1733.83 -1945.67
  290 289.5 30.0601 0.0130469 -1749.47 -1778.54 -1862.06
  291 290.5 30.0883 0.0130592 -1786 -1736.54 -1946.96
  292 291.5 30.0082 0.0130244 -1930.97 -1858.11 -1819.91
  293 292.5 29.9692 0.0130075 -2014.05 -1890.4 -2036.31
  294 293.5 30.0734 0.0130527 -1710.57 -1790.97 -1758.51
  295 294.5 30.1164 0.0130714 -1719.93 -1883.59 -1781.56
  296 295.5 29.9195 0.0129859 -1766.71 -1835.62 -1981.9
  297 296.5 30.0301 0.0130339 -1882.43 -1833.84 -1930.53
  298 297.5 30.1002 0.0130643 -1954.26 -1906.44 -1860
  299 298.5 30.0279 0.0130329 -1936.09 -1761.71 -1843.08
  300 299.5 29.9885 0.0130158 -2089.98 -1867.93 -1931.32
  301 300.5 30.0137 0.0130268 -1972.16 -1926.02 -1901.78
  302 301.5 30.0408 0.0130385 -2036.77 -1952.43 -1892.11
  303 302.5 29.9772 0.0130109 -2126.75 -2026.61 -1936.98
  304 303.5 30.0575 0.0130458 -1911.24 -1895.61 -1810.07
  305 304.5 29.9796 0.013012 -2049.42 -1983.31 -1930.85
  306 305.5 30.048 0.0130416 -1977.5 -1941.8 -1855.96
  307 306.5 29.99 0.0130165 -1790.61 -1846.91 -1946.49
  308 307.5 30.0131 0.0130265 -1860.18 -1678.94 -1758.98
  309 308.5 29.9889 0.013016 -1844.61 -1962.54 -1881.94
  310 309.5 30.0098 0.0130251 -1955.78 -1979.67 -1952.86
  311 310.5 29.9255 0.0129885 -1938.72 -1937.03 -1894.92
  312 311.5 30.0096 0.013025 -1786.77 -1860.33 -1848.35
  313 312.5 29.9539 0.0130008 -2025.83 -1892.49 -1975.52
  314 313.5 29.9802 0.0130122 -1917.02 -1908.01 -1852.2
  315 314.5 29.9812 0.0130127 -2047.61 -1831.01 -1788.26
  316 315.5 29.9742 0.0130096 -2053.48 -1738.19 -1924.17
  317 316.5 29.953 0.0130004 -1899.87 -1696.18 -1918.7
  318 317.5 30.019 0.0130291 -1880.86 -1814.17 -1963.1
  319 318.5 29.9839 0.0130138 -1997.02 -1849.47 -1833.56
  320 319.5 29.9786 0.0130116 -1972.67 -1803.79 -1779.9
  321 320.5 29.993 0.0130178 -1943.55 -2100.91 -2051.96
  322 321.5 29.9897 0.0130164 -1944.01 -2017.57 -1923.63
  323 322.5 30.0033 0.0130223 -1843.29 -1981.35 -1819.17
  324 323.5 29.9631 0.0130048 -1891.36 -1996.33 -1966.6
  325 324.5 30.0058 0.0130234 -1962.06 -1981.95 -1916.16
  326 325.5 29.9512 0.0129996 -1876.29 -1880.73 -1820.23
  327 326.5 29.9534 0.0130006 -2016.38 -1939.26 -1960.28
  328 327.5 29.9856 0.0130146 -1925.11 -1764.34 -1870.27
  329 328.5 29.8672 0.0129632 -1817.87 -1876.27 -2033.81
  330 329.5 29.9748 0.0130099 -1847.03 -1820.89 -1789.88
  331 330.5 29.8895 0.0129729 -1876.97 -1887.23 -1792.87
  332 331.5 29.8584 0.0129594 -1995.83 -2031.44 -2006.27
  333 332.5 29.8701 0.0129644 -1924.58 -1969.27 -1912.38
  334 333.5 29.8812 0.0129693 -1934.62 -1979.07 -1893.54
  335 334.5 29.8078 0.0129374 -1893.45 -1804.23 -1849.9
  336 335.5 29.8433 0.0129528 -1899.08 -1791.23 -1865.61
  337 336.5 29.8735 0.0129659 -1891.64 -2008.67 -1808.18
  338 337.5 29.8048 0.0129361 -1984.39 -2127.98 -1981.64
  339 338.5 29.8058 0.0129365 -1999.94 -2130.19 -1864.49
  340 339.5 29.8682 0.0129636 -1978.95 -2001.73 -1836.29
  341 340.5 29.8574 0.0129589 -1950.66 -2092.25 -1983.63
  342 341.5 29.8493 0.0129554 -1773.79 -2003.57 -1883.08
  343 342.5 29.8329 0.0129483 -1714.48 -1948.09 -1769.68
  344 343.5 29.8829 0.01297 -1840.59 -2069.45 -1920.67
  345 344.5 29.8795 0.0129686 -1926.03 -1885.23 -1863.21
  346 345.5 29.826 0.0129453 -1951.93 -1947.44 -2032.35
  347 346.5 29.8109 0.0129388 -2075.19 -1753.42 -1826.37
  348 347.5 29.8859 0.0129713 -1997.61 -1734.53 -1821.82
  349 348.5 29.8722 0.0129654 -2066.48 -1787.23 -1912.28
  350 349.5 29.8254 0.0129451 -1923.29 -1976.43 -1873.94
  351 350.5 29.8034 0.0129355 -1943.47 -2013.26 -1953.91
  352 351.5 29.8821 0.0129697 -1691.74 -1914.1 -1791.9
  353 352.5 29.8861 0.0129714 -2014.92 -2122.85 -1875
  354 353.5 29.8229 0.012944 -1967.11 -1929.32 -1846.49
  355 354.5 29.9278 0.0129895 -2013.29 -1987.7 -1937.8
  356 355.5 29.8571 0.0129588 -2089.63 -2054.57 -2052.44
  357 356.5 29.8706 0.0129647 -1919.57 -1869.24 -1749.25
  358 357.5 29.9218 0.0129869 -2035.05 -1895.17 -1855.77
  359 358.5 29.982 0.013013 -2009.19 -1960.28 -2014.04
  360 359.5 29.8839 0.0129704 -1889.14 -1854.77 -1877.17
  361 360.5 29.9184 0.0129854 -1825.65 -1808.93 -1889.21
  362 361.5 30.0003 0.013021 -1889.03 -1804.35 -1883.64
  363 362.5 29.9893 0.0130162 -2069.31 -1969.29 -1916.56
  364 363.5 29.9301 0.0129905 -2056.2 -1806.79 -1841.94
  365 364.5 29.971 0.0130082 -1837.11 -1831.1 -1940.24
  366 365.5 30.0082 0.0130244 -1969.2 -1963.46 -1995.16
  367 366.5 30.0011 0.0130213 -2079.44 -1931.05 -1766.69
  368 367.5 29.9356 0.0129929 -1921.72 -1899.04 -2011.42
  369 368.5 30.0169 0.0130282 -1825.63 -1716.71 -1896.48
  370 369.5 29.9769 0.0130108 -1984.82 -1862.38 -1977.76
  371 370.5 30.0137 0.0130268 -1921.83 -1804.45 -1687.38
  372 371.5 29.9846 0.0130141 -1979.58 -1998.52 -2008.41
  373 372.5 30.0058 0.0130234 -1981.28 -2023.2 -1939.46
  374 373.5 29.9915 0.0130172 -2041.06 -1888.34 -1833.51
  375 374.5 30.0326 0.013035 -1942.85 -1996.85 -1970.47
  376 375.5 29.9372 0.0129936 -1792.28 -1854.44 -1900.75
  377 376.5 29.9699 0.0130078 -1836.15 -1877.52 -1960.52
  378 377.5 30.0106 0.0130254 -1789.17 -1754.04 -1876.2
  379 378.5 29.9925 0.0130176 -1638.34 -1824.92 -1784.9
  380 379.5 29.9831 0.0130135 -1813.1 -1880.43 -1984.43
  381 380.5 29.9447 0.0129968 -1796.34 -1893.63 -1948.82
  382 381.5 29.972 0.0130087 -1806.61 -1737.44 -1933.86
  383 382.5 29.9738 0.0130095 -1849.12 -1802.71 -1922.1
  384 383.5 29.9425 0.0129959 -1873.42 -1820.7 -1908.63
  385 384.5 29.9207 0.0129864 -2019.11 -1849.27 -1930.86
  386 385.5 29.9208 0.0129865 -1861.96 -1898.21 -1886.15
  387 386.5 29.9686 0.0130072 -1885.27 -1794.33 -1914.44
  388 387.5 29.9448 0.0129969 -1927.58 -1846.12 -1916.51
  389 388.5 29.8542 0.0129575 -1840.75 -1847.57 -1929.22
  390 389.5 29.852 0.0129566 -1764.02 -1662.06 -2116.76
  391 390.5 29.8756 0.0129668 -1701.08 -1698.76 -1978.4
  392 391.5 29.856 0.0129583 -1685.61 -1857.88 -1836.22
  393 392.5 29.7671 0.0129197 -1873.97 -1926.22 -2079.59
  394 393.5 29.7285 0.012903 -1736.13 -1963.58 -2208.58
  395 394.5 29.8049 0.0129361 -1833.78 -1779.88 -1985.73
  396 395.5 29.731 0.0129041 -1722.85 -1598.42 -1980.99
  397 396.5 29.6243 0.0128578 -1677.75 -1730.49 -2103.24
  398 397.5 29.5045 0.0128058 -1617.56 -1658.95 -2207.98
  399 398.5 29.5702 0.0128343 -1560.78 -1753.3 -2288.83
  400 399.5 29.427 0.0127721 -1521.11 -1593.73 -2118.25
  401 400.5 29.3045 0.012719 -1579.65 -1560.61 -2139.45
  402 401.5 29.2182 0.0126815 -1647.44 -1570.55 -2310.81
  403 402.5 29.1092 0.0126342 -1561.99 -1663.68 -2330.94
  404 403.5 28.8789 0.0125342 -1488.74 -1515.61 -2271.23
  405 404.5 28.7472 0.0124771 -1497.98 -1404.48 -2309.77
  406 405.5 28.5807 0.0124048 -1375.75 -1494.61 -2442.75
  407 406.5 28.348 0.0123038 -1347.49 -1320.11 -2447.4
  408 407.5 28.0697 0.012183 -1202.03 -1201.28 -2352.81
  409 408.5 27.8089 0.0120698 -1079.03 -1247.78 -2428.71
  410 409.5 27.4917 0.0119322 -1203.14 -1074.28 -2671.76
  411 410.5 27.1429 0.0117808 -1260.03 -1171.26 -2552.61
  412 411.5 26.7526 0.0116114 -887.897 -967.014 -2494.62
  413 412.5 26.3155 0.0114216 -905.113 -1052.93 -2653.19
  414 413.5 25.8105 0.0112025 -807.189 -773.527 -2765.01
  415 414.5 25.2282 0.0109497 -759.607 -713.116 -2666.83
  416 415.5 24.6436 0.010696 -714.52 -794.314 -2762.93
  417 416.5 23.9461 0.0103933 -816.573 -529.646 -2594.17
  418 417.5 23.1642 0.0100539 -747.29 -804.247 -2680.53
  419 418.5 22.2456 0.00965521 -828.99 -973.046 -2663.67
  420 419.5 21.3452 0.00926443 -956.288 -776.816 -2551.84
  421 420.5 20.2546 0.00879105 -986.131 -974.538 -2629.53
  422 421.5 19.1602 0.00831606 -1134.11 -1133.45 -2587.92
  423 422.5 17.9646 0.00779713 -1359.36 -1538.51 -2615.41
  424 423.5 16.7636 0.00727585 -1818.66 -1831.23 -2457.55
  425 424.5 15.546 0.0067474 -2336.29 -2260.75 -2503.03
  426 425.5 14.2484 0.00618419 -2901.5 -2785.96 -2683.07
  427 426.5 13.0234 0.00565253 -3599.22 -3511.75 -3044.77
  428 427.5 11.9064 0.00516772 -4243.74 -4232.82 -3132.46
  429 428.5 10.8017 0.00468823 -5033.43 -5026.23 -3462.33
  430 429.5 9.75768 0.0042351 -5946.82 -5828.7 -4131.35
  431 430.5 8.88428 0.00385602 -6477.51 -6643.86 -4520.57
  432 431.5 8.102 0.00351649 -7602.7 -7340.77 -5334.54
  433 432.5 7.4437 0.00323077 -8119.66 -8299.02 -6052.32
  434 433.5 6.85153 0.00297375 -8810.78 -8859.96 -6638.52
  435 434.5 6.35466 0.0027581 -9713.78 -9780.27 -7511.58
  436 435.5 5.9225 0.00257053 -10478.7 -10547.6 -8220.93
  437 436.5 5.55418 0.00241067 -10965.7 -10873.5 -8976.07
  438 437.5 5.25598 0.00228124 -11435.4 -11456.9 -9964.95
  439 438.5 5.01523 0.00217675 -11946.8 -11865 -10411.5
  440 439.5 4.82038 0.00209218 -12275.2 -12300.8 -10959.4
  441 440.5 4.67442 0.00202883 -12607.2 -12680.4 -11451.4
  442 441.5 4.56143 0.00197979 -13082.7 -12896.2 -11987.9
  443 442.5 4.45271 0.0019326 -13218.6 -13298.7 -12301.4
  444 443.5 4.36979 0.00189661 -13499.5 -13620.6 -12615.6
  445 444.5 4.31866 0.00187442 -13651 -13709.1 -12924.8
  446 445.5 4.21949 0.00183138 -13660 -13867.6 -13220.8
  447 446.5 4.17229 0.00181089 -13593.1 -13786.1 -13311
  448 447.5 4.11057 0.0017841 -14007.5 -13745.1 -13751.5
  449 448.5 4.10338 0.00178098 -13745.4 -13925.8 -13646.4
  450 449.5 4.05754 0.00176108 -14028.6 -14204.5 -13953.9
  451 450.5 4.04966 0.00175766 -14075.2 -14339.7 -14015.3
  452 451.5 4.04558 0.0017559 -14178.4 -14232 -14060.9
  453 452.5 4.03778 0.00175251 -14248.9 -14494.7 -14053.2
  454 453.5 4.01808 0.00174396 -14389 -14616.7 -14087.9
  455 454.5 4.0364 0.00175191 -14480.4 -14457.5 -14031.9
  456 455.5 4.00549 0.00173849 -14472.7 -14263.9 -14218.1
  457 456.5 4.00874 0.00173991 -14568.3 -14425.2 -14226
  458 457.5 3.98869 0.0017312 -14465.8 -14408.2 -14278.8
  459 458.5 3.99518 0.00173402 -14713.8 -14353.9 -14216.3
  460 459.5 3.97174 0.00172385 -14651.5 -14533.5 -14432.3
  461 460.5 3.98614 0.00173009 -14297.7 -14643.6 -14203.3
  462 461.5 3.96427 0.0017206 -14365.1 -14608.1 -14372.3
  463 462.5 3.95523 0.00171668 -14563 -14697.4 -14498.1
  464 463.5 3.93908 0.00170967 -14675.3 -14790.9 -14458.5
  465 464.5 3.94399 0.0017118 -14575.1 -14762.9 -14406.3
  466 465.5 3.95898 0.00171831 -14812.2 -14561.5 -14308.9
  467 466.5 3.92916 0.00170536 -14678.5 -14456.3 -14584.5
  468 467.5 3.90636 0.00169547 -14476.3 -14447 -14473.5
  469 468.5 3.88457 0.00168601 -14261.5 -14572.3 -14758.8
  470 469.5 3.94594 0.00171265 -14270.7 -14245.9 -14464.3
  471 470.5 3.9413 0.00171063 -14145.1 -14169.5 -14395.7
  472 471.5 3.95403 0.00171616 -14207.1 -14462.4 -14386
  473 472.5 3.90898 0.0016966 -14186 -14175.9 -14622.1
  474 473.5 3.92493 0.00170353 -14350.9 -14358.9 -14596.1
  475 474.5 3.93612 0.00170839 -14439.5 -14317.7 -14469
  476 475.5 3.93161 0.00170643 -14254.8 -13845.7 -14433.7
  477 476.5 3.93021 0.00170582 -14494.6 -14353.9 -14601.4
  478 477.5 3.95877 0.00171822 -14472.2 -14667 -14233.9
  479 478.5 3.93704 0.00170878 -14365.4 -14360 -14427.6
  480 479.5 3.96068 0.00171905 -14653.4 -14446.5 -14539
  481 480.5 3.95002 0.00171442 -14519.1 -14622.6 -14460
  482 481.5 3.95386 0.00171608 -14349.7 -14692.4 -14379
  483 482.5 3.96182 0.00171954 -14344.8 -14700.3 -14346.1
  484 483.5 3.96121 0.00171927 -14691 -14690.6 -14513.9
  485 484.5 3.97055 0.00172333 -14615.5 -14453.6 -14344.3
  486 485.5 3.96666 0.00172164 -14462.8 -14335.7 -14288.1
  487 486.5 3.94087 0.00171045 -14485.8 -14507.3 -14491
  488 487.5 3.93594 0.00170831 -14727 -14325.5 -14475.2
  489 488.5 3.93322 0.00170713 -14292.4 -14390.1 -14519
  490 489.5 3.94616 0.00171274 -14350.9 -14416.7 -14433.2
  491 490.5 3.94608 0.00171271 -14342.9 -14444 -14566.2
  492 491.5 3.92752 0.00170465 -14451.7 -14423.2 -14468.1
  493 492.5 3.95483 0.00171651 -14627.4 -14723.6 -14279.1
  494 493.5 3.94297 0.00171136 -14825.7 -14768.2 -14378.6
  495 494.5 3.95254 0.00171551 -14649.7 -14731 -14513.9
  496 495.5 3.96861 0.00172249 -14592.9 -14457.9 -14349.5
  497 496.5 3.94535 0.00171239 -14613.6 -14509.4 -14500.9
  498 497.5 3.96174 0.00171951 -14390.2 -14625.8 -14346.7
  499 498.5 3.98231 0.00172843 -14499.2 -14717.7 -14355.7
  500 499.5 3.9432 0.00171146 -14508.8 -14493.2 -14466.3
  501 500.5 3.9621 0.00171966 -14597.3 -14300.5 -14366
  502 501.5 3.96624 0.00172146 -14603.8 -14394.2 -14373.8
  503 502.5 3.93407 0.0017075 -14653 -14525.4 -14594.8
  504 503.5 3.93544 0.00170809 -14430.5 -14496.6 -14557.1
  505 504.5 3.96495 0.0017209 -14114.3 -14310.9 -14211.5
  506 505.5 3.95609 0.00171705 -14015.6 -14267 -14346
  507 506.5 3.95233 0.00171542 -14080.5 -14381 -14432.8
  508 507.5 3.95446 0.00171635 -14180.8 -14190.5 -14507.8
  509 508.5 3.94861 0.00171381 -14431.1 -14217.3 -14418.6
  510 509.5 3.91777 0.00170042 -14292.8 -14368.2 -14582.5
  511 510.5 3.94175 0.00171083 -14196.4 -14264.7 -14341.7
  512 511.5 3.94358 0.00171163 -14075.5 -14394.6 -14389.9
  513 512.5 3.94446 0.00171201 -14062.7 -14380.9 -14474.6
  514 513.5 3.95173 0.00171516 -14186.4 -14364.4 -14477.5
  515 514.5 3.9992 0.00173576 -14127.7 -14376.9 -14247.5
  516 515.5 4.00309 0.00173745 -13835.8 -14390.4 -14139.5
  517 516.5 4.00238 0.00173714 -13874.7 -14198.2 -14305.1
  518 517.5 4.02359 0.00174635 -14066.3 -14103 -14210.7
  519 518.5 4.01838 0.00174409 -13751.7 -14150.8 -14096.3
  520 519.5 4.01591 0.00174302 -13867.3 -14361.2 -14253.6
  521 520.5 4.0357 0.0017516 -13898 -14083.3 -14049.4
  522 521.5 4.03742 0.00175235 -13850 -13808.9 -14105.2
  523 522.5 4.04539 0.00175581 -13832.6 -13906.2 -14180.3
  524 523.5 4.08698 0.00177386 -13812.1 -14072.8 -13957
  525 524.5 4.05984 0.00176208 -13960.3 -14115.7 -14004.5
  526 525.5 4.08958 0.00177499 -13794.5 -13741.4 -13924.5
  527 526.5 4.0897 0.00177505 -13802.8 -13697.4 -13979.2
  528 527.5 4.10405 0.00178127 -13967.2 -13956.8 -13915.4
  529 528.5 4.11189 0.00178467 -13948.5 -13951.2 -13887.2
  530 529.5 4.10149 0.00178016 -13979.4 -13948 -13895.4
  531 530.5 4.09333 0.00177662 -14007.6 -13855.2 -13936.4
  532 531.5 4.11141 0.00178447 -14153.8 -13890.7 -13933.8
  533 532.5 4.08921 0.00177483 -14065.2 -13965.2 -13891.3
  534 533.5 4.07189 0.00176731 -14073.6 -13988.8 -13967.9
  535 534.5 4.06669 0.00176506 -14134 -13856.3 -14027.5
  536 535.5 4.04921 0.00175747 -14059.9 -13770.3 -14151.7
  537 536.5 4.09651 0.001778 -14121.2 -13885.5 -13879.2
  538 537.5 4.05971 0.00176203 -13881 -13806.2 -13898.7
  539 538.5 4.06034 0.0017623 -13996.9 -13985.1 -13981.4
  540 539.5 4.0607 0.00176245 -13860.7 -13914.2 -14107.8
  541 540.5 4.05825 0.00176139 -13831.4 -13805.8 -13913.8
  542 541.5 4.06582 0.00176468 -13772.8 -13778.3 -14186
  543 542.5 4.08515 0.00177307 -13669.4 -13729.2 -13926
  544 543.5 4.0885 0.00177452 -13948.3 -13796.1 -13987.2
  545 544.5 4.06269 0.00176332 -14036.8 -13914.2 -14053.5
  546 545.5 4.09896 0.00177906 -14129.3 -13702.6 -13925.8
  547 546.5 4.10495 0.00178166 -14131.7 -13873.6 -13911.6
  548 547.5 4.10483 0.00178161 -13900.5 -13846.6 -13728.5
  549 548.5 4.08203 0.00177172 -13917.2 -13973.6 -14051.3
  550 549.5 4.08926 0.00177485 -14130.6 -14074.4 -14033.1
  551 550.5 4.07901 0.0017704 -13860.7 -13944.8 -13928.5
  552 551.5 4.04025 0.00175358 -13953.1 -13924 -14147.9
  553 552.5 4.04656 0.00175632 -14106.4 -13899.1 -14063.6
  554 553.5 4.03642 0.00175192 -13947.1 -13672.3 -14155
  555 554.5 4.04363 0.00175505 -13962 -13924.5 -14084.6
  556 555.5 4.0006 0.00173637 -13963.5 -14172.7 -14297.7
  557 556.5 3.99634 0.00173452 -14208.9 -14135.7 -14282.4
  558 557.5 3.99785 0.00173518 -14008.3 -14122.2 -14173.8
  559 558.5 3.9509 0.0017148 -14231.2 -14421.2 -14386
  560 559.5 3.93138 0.00170633 -14203.3 -14563 -14445.5
  561 560.5 3.94578 0.00171258 -14122.4 -14495.5 -14410.6
  562 561.5 3.94356 0.00171161 -14406.2 -14501.4 -14537.8
  563 562.5 3.93819 0.00170928 -14430.1 -14336.7 -14465.6
  564 563.5 3.9519 0.00171524 -14353.1 -14253.5 -14350.5
  565 564.5 3.9697 0.00172296 -14468 -14510.2 -14333.6
  566 565.5 3.96306 0.00172008 -14461.1 -14344.9 -14363.3
  567 566.5 3.97404 0.00172484 -14398.4 -14316.3 -14317
  568 567.5 3.97997 0.00172742 -14582.6 -14394 -14303.1
  569 568.5 3.94326 0.00171149 -14509.6 -14369.1 -14531.1
  570 569.5 3.95116 0.00171491 -14431.3 -14524.1 -14292.9
  571 570.5 3.95122 0.00171494 -14329.4 -14586.5 -14560.8
  572 571.5 3.94369 0.00171167 -14389.9 -14450.9 -14412.2
  573 572.5 3.91552 0.00169944 -14421 -14292 -14521.6
  574 573.5 3.92063 0.00170166 -14636.1 -14411.8 -14523.9
  575 574.5 3.93047 0.00170593 -14361.8 -14227.6 -14448.7
  576 575.5 3.91557 0.00169947 -14214 -14073.6 -14485.5
  577 576.5 3.93779 0.00170911 -13978.6 -14308.8 -14481.1
  578 577.5 3.95937 0.00171848 -14061.4 -14441.1 -14208.3
  579 578.5 3.98244 0.00172849 -14124.5 -14313.5 -14335.7
  580 579.5 3.95285 0.00171565 -14207.7 -14314.6 -14303.4
  581 580.5 3.9937 0.00173338 -14122.2 -14240 -14100.5
  582 581.5 4.02481 0.00174688 -14063.7 -14230.4 -14025.5
  583 582.5 4.03243 0.00175019 -13793.4 -13854.1 -13982.6
  584 583.5 4.07073 0.00176681 -14007 -14059.3 -13731.8
  585 584.5 4.11281 0.00178507 -13836.9 -13780 -13712.5
  586 585.5 4.14848 0.00180056 -13514.4 -13616.7 -13427
  587 586.5 4.21354 0.0018288 -13576.6 -13620.8 -13194.4
  588 587.5 4.27718 0.00185642 -13482.3 -13464.3 -12856.4
  589 588.5 4.3669 0.00189536 -13247.6 -13207.3 -12574.8
  590 589.5 4.52506 0.001964 -12964.7 -12921.4 -12035.2
  591 590.5 4.62106 0.00200567 -12837.2 -12708.9 -11541.8
  592 591.5 4.77206 0.00207121 -12771.7 -12639.4 -11181.7
  593 592.5 4.9933 0.00216723 -11914.2 -12163 -10438.1
  594 593.5 5.23975 0.0022742 -11349.8 -11637.2 -9802.83
  595 594.5 5.50034 0.0023873 -10867.1 -10970.1 -9230.52
  596 595.5 5.88654 0.00255492 -10309.9 -10537.1 -8292.88
  597 596.5 6.28017 0.00272577 -9847.71 -9727.11 -7600.76
  598 597.5 6.8115 0.00295638 -8999.84 -8917.77 -6751.22
  599 598.5 7.38849 0.00320681 -8190.23 -8156.18 -6063.3
  600 599.5 8.01703 0.00347961 -7307.09 -7558.34 -5494.42
  601 600.5 8.79765 0.00381842 -6400.44 -6386.61 -4802.68
  602 601.5 9.63442 0.0041816 -5519.95 -5634.42 -4320.69
  603 602.5 10.5676 0.00458663 -4871.18 -4905.97 -3841.08
  604 603.5 11.5505 0.00501325 -4296.15 -4095.17 -3492.93
  605 604.5 12.604 0.00547048 -3595.24 -3655.38 -3333.21
  606 605.5 13.7597 0.00597211 -3093.49 -3172.12 -3003
  607 606.5 14.8841 0.00646012 -2654.91 -2643.74 -2942.94
  608 607.5 16.0348 0.00695956 -2308.25 -2236.11 -2906.7
  609 608.5 17.1407 0.00743956 -1936.81 -1863.71 -2870.43
  610 609.5 18.2019 0.00790013 -1570.53 -1585.8 -2845.97
  611 610.5 19.2983 0.00837598 -1415.66 -1234.19 -2864.69
  612 611.5 20.2988 0.00881026 -1144.26 -1287.04 -2769.66
  613 612.5 21.1433 0.00917677 -1111.15 -1086.11 -2924.21
  614 613.5 21.9984 0.00954791 -1075.6 -1069.85 -3056.72
  615 614.5 22.7143 0.00985866 -1062.07 -820.67 -2916
  616 615.5 23.3531 0.0101359 -1062.01 -926.742 -2979.64
  617 616.5 23.9437 0.0103922 -1064.02 -1015.83 -2982.42
  618 617.5 24.5091 0.0106376 -1307.23 -1199.37 -2873.37
  619 618.5 24.9128 0.0108128 -1223.04 -1008.59 -2716.47
  620 619.5 25.2502 0.0109593 -1277.63 -1201.45 -2866.26
  621 620.5 25.6169 0.0111185 -1371.06 -1285.53 -2778.11
  622 621.5 25.7844 0.0111911 -1633.24 -1656.9 -2889.28
  623 622.5 26.0696 0.0113149 -1633.79 -1547.12 -2558.92
  624 623.5 26.3317 0.0114287 -1693.59 -1679.8 -2517.25
165000000 624 13244.999999999989
  1 0.5 26.3467 0.0114352 -1814.11 -1558.44 -2485.16
  2 1.5 26.3934 0.0114555 -1752.69 -1661.74 -2423.15
  3 2.5 26.5645 0.0115297 -1755.28 -1761.24 -2542.37
  4 3.5 26.7088 0.0115924 -1811.46 -1815.06 -2340.89
  5 4.5 26.7419 0.0116067 -1717.86 -1911.6 -2300.06
  6 5.5 26.8831 0.011668 -1831.12 -1875.22 -2256.6
  7 6.5 26.9872 0.0117132 -1950.39 -1945.39 -2353.9
  8 7.5 26.9726 0.0117069 -1977.47 -1752.29 -2169.46
  9 8.5 27.0301 0.0117318 -2023.76 -1962.75 -2238.36
  10 9.5 27.1541 0.0117856 -2054.44 -1914.79 -2230.24
  11 10.5 27.1298 0.0117751 -2083.3 -1954.49 -2226.09
  12 11.5 27.1556 0.0117863 -2184.45 -2101.71 -2070.68
  13 12.5 27.206 0.0118081 -2101.4 -2153.57 -2198.15
  14 13.5 27.2316 0.0118193 -2151.09 -2099.18 -2306.43
  15 14.5 27.2532 0.0118286 -1994.37 -2015.78 -2084.22
  16 15.5 27.2822 0.0118412 -2035.83 -1975.8 -2008.59
  17 16.5 27.3249 0.0118598 -1963.08 -2067.68 -2137.24
  18 17.5 27.3074 0.0118522 -1864.12 -1829.57 -2210.59
  19 18.5 27.3144 0.0118552 -1904.3 -1945.21 -2162.27
  20 19.5 27.3731 0.0118807 -1974.24 -1782.03 -2062.29
  21 20.5 27.4454 0.0119121 -1990.77 -1973.92 -2027.97
  22 21.5 27.3855 0.0118861 -2139.44 -1971.95 -2166.84
  23 22.5 27.4101 0.0118967 -2026.02 -1945.2 -2092.97
  24 23.5 27.4693 0.0119224 -2019.8 -2041.46 -2103.94
  25 24.5 27.4677 0.0119218 -1983.08 -2019.21 -2032.1
  26 25.5 27.3688 0.0118788 -2043.52 -1918.85 -2077.57
  27 26.5 27.4182 0.0119002 -2184.21 -2054.32 -2112.26
  28 27.5 27.4506 0.0119143 -2117.06 -2107.98 -2122.71
  29 28.5 27.4753 0.011925 -2085.74 -2253.94 -2036.79
  30 29.5 27.4048 0.0118945 -2085.15 -2256.71 -2049.66
  31 30.5 27.4371 0.0119085 -2051.28 -2114.16 -2100.89
  32 31.5 27.5058 0.0119383 -2003.05 -1846.57 -2094.43
  33 32.5 27.463 0.0119197 -1918.45 -1951.44 -2070.84
  34 33.5 27.4719 0.0119236 -2067.73 -1961.55 -1987.75
  35 34.5 27.5074 0.011939 -2164.06 -2190.13 -2169.43
  36 35.5 27.5447 0.0119552 -1951.43 -1967.74 -1977.44
  37 36.5 27.4403 0.0119099 -2037.49 -2155.28 -2187.25
  38 37.5 27.5504 0.0119576 -2055.8 -2000.75 -2018.4
  39 38.5 27.52 0.0119444 -1983.6 -2142.36 -2062.25
  40 39.5 27.5115 0.0119408 -2024.97 -2110.35 -2062.77
  41 40.5 27.4396 0.0119096 -1894.31 -2121.4 -2127.75
  42 41.5 27.5134 0.0119416 -1902.66 -2000.76 -2091.22
  43 42.5 27.4583 0.0119177 -2017.2 -2082.24 -2004.97
  44 43.5 27.494 0.0119331 -1961.71 -2067.68 -2068.56
  45 44.5 27.4976 0.0119347 -2027.12 -2033.15 -2101.91
  46 45.5 27.4614 0.011919 -2099.55 -1982.17 -2129.46
  47 46.5 27.4986 0.0119351 -2090.42 -2132.75 -1991.5
  48 47.5 27.4331 0.0119067 -2052.91 -2044.43 -2134.72
  49 48.5 27.4735 0.0119242 -1979.5 -1848.21 -2037.97
  50 49.5 27.5004 0.011936 -1986.68 -1900.08 -2094.54
  51 50.5 27.3828 0.0118849 -1942.52 -1935.46 -2148.39
  52 51.5 27.4265 0.0119039 -1969.21 -1941.03 -2008.54
  53 52.5 27.4761 0.0119254 -2168.76 -2118.99 -2106.36
  54 53.5 27.4489 0.0119136 -2008.44 -2075.75 -1980.86
  55 54.5 27.4174 0.0118999 -1987.07 -1994.07 -2105.21
  56 55.5 27.3537 0.0118723 -2321.46 -1932.12 -2092.32
  57 56.5 27.3569 0.0118736 -2112.1 -2065.17 -2071.18
  58 57.5 27.4765 0.0119256 -2159.44 -2092.78 -1974.93
  59 58.5 27.3793 0.0118834 -2152.75 -2134.5 -2107.65
  60 59.5 27.2742 0.0118377 -2110.16 -2085.01 -2162.79
  61 60.5 27.391 0.0118885 -2074.2 -2125.13 -2058.78
  62 61.5 27.4101 0.0118968 -2130.77 -2175.52 -1946.75
  63 62.5 27.3294 0.0118617 -2294.45 -2204.53 -2118.68
  64 63.5 27.3003 0.0118491 -2079.96 -2137.26 -2151.31
  65 64.5 27.3746 0.0118814 -2072.59 -2091.65 -1999.66
  66 65.5 27.3268 0.0118606 -2170 -2181.35 -2037.79
  67 66.5 27.3277 0.011861 -2078.46 -2081.52 -2091.81
  68 67.5 27.3118 0.0118541 -1928.49 -2197.97 -2030.18
  69 68.5 27.3355 0.0118644 -1990.36 -2150.51 -2115.31
  70 69.5 27.2934 0.0118461 -2080.26 -2109.82 -2047.82
  71 70.5 27.2896 0.0118445 -2116.34 -2156.82 -2093.51
  72 71.5 27.3383 0.0118656 -2162.63 -2075.57 -1995.22
  73 72.5 27.2948 0.0118467 -2120.83 -2056.08 -2131.94
  74 73.5 27.2855 0.0118427 -2152.87 -1991.78 -2154.81
  75 74.5 27.3453 0.0118686 -1989.24 -1960.72 -1919.43
  76 75.5 27.3075 0.0118522 -2105.01 -2077.26 -2041.13
  77 76.5 27.2992 0.0118486 -2036.51 -2017.13 -2086.74
  78 77.5 27.3095 0.0118531 -2078.53 -2123 -2146.67
  79 78.5 27.3061 0.0118516 -1871.97 -2014.01 -2074.01
  80 79.5 27.3484 0.01187 -1906.97 -2018.98 -1955.63
  81 80.5 27.3464 0.0118691 -1979.71 -1948.46 -2057.46
  82 81.5 27.3421 0.0118672 -2078.49 -2034.56 -2193.35
  83 82.5 27.3838 0.0118853 -1921.14 -1809.26 -2005.02
  84 83.5 27.3739 0.011881 -2052 -1982.07 -2116.53
  85 84.5 27.3983 0.0118916 -2010.63 -2022 -1953.72
  86 85.5 27.3999 0.0118923 -2088.14 -2121.2 -2207.33
  87 86.5 27.4104 0.0118969 -2092.51 -2098 -2060.96
  88 87.5 27.4035 0.0118939 -2179.7 -2069.73 -2078.71
  89 88.5 27.4516 0.0119148 -2099.17 -1927.65 -2006.91
  90 89.5 27.468 0.0119219 -2084.14 -2041.18 -2181.17
  91 90.5 27.4767 0.0119256 -2084.4 -1978.68 -2058.19
  92 91.5 27.4995 0.0119356 -1987.86 -2096.57 -2076.66
  93 92.5 27.4788 0.0119265 -2076.43 -2116.31 -2176.55
  94 93.5 27.5063 0.0119385 -2006.69 -2073.08 -2070.65
  95 94.5 27.5324 0.0119498 -2117.52 -1964.27 -2051.38
  96 95.5 27.5247 0.0119465 -1915.34 -2065.51 -2064.97
  97 96.5 27.4315 0.011906 -2056.7 -2172.84 -2098.1
  98 97.5 27.4453 0.011912 -2052.1 -2105.57 -2098.51
  99 98.5 27.5316 0.0119495 -2163.19 -2080.02 -2039.73
  100 99.5 27.4705 0.011923 -2115.6 -1987.41 -2068.05
  101 100.5 27.4119 0.0118975 -2179 -2104.32 -2013.05
  102 101.5 27.4245 0.011903 -2214.25 -2118.95 -2163.94
  103 102.5 27.404 0.0118941 -2168.24 -2010.32 -2075.95
  104 103.5 27.4546 0.011916 -1970.51 -2091.77 -1937.79
  105 104.5 27.3425 0.0118674 -2006.02 -1952.06 -2096.17
  106 105.5 27.4431 0.0119111 -1930.23 -2141.41 -2074.59
  107 106.5 27.3668 0.0118779 -2111.86 -2199.91 -2095.02
  108 107.5 27.4265 0.0119038 -2033.19 -2106.12 -2020.67
  109 108.5 27.4342 0.0119072 -2060.34 -1953.12 -2097.23
  110 109.5 27.4403 0.0119099 -2014.83 -1963.25 -1964.48
  111 110.5 27.453 0.0119154 -1958.68 -2214.6 -2062.88
  112 111.5 27.4728 0.0119239 -2280.72 -2321.77 -2044.72
  113 112.5 27.3981 0.0118915 -2191.03 -2206.01 -2170.36
  114 113.5 27.4662 0.0119211 -2085.76 -2202.95 -2104.04
  115 114.5 27.4932 0.0119328 -2149.28 -2153.72 -2089.31
  116 115.5 27.4856 0.0119295 -1988.33 -2012.84 -1983.15
  117 116.5 27.4409 0.0119101 -2040.57 -2021.67 -2103.94
  118 117.5 27.4866 0.01193 -2086.45 -1932.21 -2028.15
  119 118.5 27.5009 0.0119362 -1972.37 -1999.58 -2041.3
  120 119.5 27.4682 0.011922 -2066.12 -1912.21 -2098.27
  121 120.5 27.4573 0.0119172 -1951.8 -2196.61 -2181.51
  122 121.5 27.5085 0.0119395 -1909.14 -1945.34 -2044.54
  123 122.5 27.4853 0.0119294 -2006.91 -2080.9 -2141.93
  124 123.5 27.4514 0.0119147 -1976.15 -2008.77 -1902.02
  125 124.5 27.5136 0.0119416 -2104.28 -2179.64 -2111.96
  126 125.5 27.4769 0.0119257 -2081.75 -2030.07 -2117.89
  127 126.5 27.4414 0.0119103 -2119.54 -2068.33 -2108.76
  128 127.5 27.4486 0.0119135 -1891.89 -2060.51 -2013.75
  129 128.5 27.4869 0.0119301 -2016.15 -2035.74 -2130.38
  130 129.5 27.4964 0.0119342 -1897.34 -1940.9 -2059.16
  131 130.5 27.4058 0.0118949 -1851.81 -1950.31 -2047.41
  132 131.5 27.4122 0.0118977 -1900.84 -1943.45 -2147.62
  133 132.5 27.4995 0.0119355 -1892.72 -1944.19 -2066.02
  134 133.5 27.444 0.0119114 -2074.77 -1922.56 -1914.76
  135 134.5 27.4363 0.0119081 -1985.26 -1964.93 -2000.12
  136 135.5 27.408 0.0118958 -2078.21 -2084.2 -2228.03
  137 136.5 27.4174 0.0118999 -1892.29 -2136.95 -2033.15
  138 137.5 27.4404 0.0119099 -1980.84 -2104.03 -2007.78
  139 138.5 27.4389 0.0119092 -2011.66 -2195.96 -2128.07
  140 139.5 27.423 0.0119023 -1983.98 -2109.22 -2090.55
  141 140.5 27.444 0.0119114 -2019.64 -2065.24 -1966.94
  142 141.5 27.484 0.0119288 -2115.84 -2110.33 -2073.11
  143 142.5 27.4431 0.0119111 -2031.67 -2106.44 -2136.05
  144 143.5 27.4134 0.0118982 -2166.2 -2129.02 -2153.9
  145 144.5 27.494 0.0119332 -1978.25 -2156.85 -1968.25
  146 145.5 27.4688 0.0119222 -1923.82 -2047.72 -2003.06
  147 146.5 27.4673 0.0119216 -2067.73 -2226.17 -2097.71
  148 147.5 27.4461 0.0119124 -2015.36 -1955.16 -2070.87
  149 148.5 27.4553 0.0119164 -2154.17 -2124.44 -2155.24
  150 149.5 27.5224 0.0119455 -2098.87 -2064.45 -2068.06
  151 150.5 27.4686 0.0119222 -2088.65 -2085.84 -2016.93
  152 151.5 27.455 0.0119162 -2111.46 -2162.42 -2112.28
  153 152.5 27.5248 0.0119465 -2115.58 -2222.94 -2046.81
  154 153.5 27.4414 0.0119103 -2106.96 -2166.46 -2141.44
  155 154.5 27.458 0.0119175 -2139.44 -2070.58 -2053.59
  156 155.5 27.4112 0.0118972 -2069.7 -2190.57 -1989.09
  157 156.5 27.4415 0.0119104 -2156.38 -2054.48 -2073.39
  158 157.5 27.3589 0.0118745 -2156.26 -2256.76 -2303.24
  159 158.5 27.3554 0.011873 -2190.57 -2228.12 -1989.12
  160 159.5 27.4212 0.0119015 -2097.36 -2154.85 -1916.43
  161 160.5 27.4104 0.0118969 -2134.04 -2132.77 -2046.79
  162 161.5 27.3041 0.0118508 -2099.02 -2175.81 -2288.11
  163 162.5 27.3297 0.0118618 -2029.89 -2011.81 -1929.83
  164 163.5 27.3756 0.0118818 -2084.85 -2105.8 -2043.46
  165 164.5 27.3659 0.0118776 -2095.48 -2040.28 -2071.6
  166 165.5 27.3096 0.0118531 -2145.94 -2075.62 -2077.12
  167 166.5 27.3131 0.0118546 -2235.57 -2062.49 -2044.83
  168 167.5 27.339 0.0118659 -2062.84 -2083.18 -2121.68
  169 168.5 27.3132 0.0118547 -1953.79 -1858.63 -2134.03
  170 169.5 27.2954 0.011847 -2051.5 -1937.85 -2093.18
  171 170.5 27.3745 0.0118813 -2010.83 -1781.64 -2010.02
  172 171.5 27.3302 0.0118621 -1890.8 -1890.88 -2066.11
  173 172.5 27.3184 0.0118569 -2023.33 -2025.19 -2153.54
  174 173.5 27.3589 0.0118745 -2100.24 -2014.35 -2080
  175 174.5 27.3748 0.0118814 -2026.02 -1961.21 -2064.4
  176 175.5 27.3434 0.0118678 -1913.8 -1979.52 -2082.47
  177 176.5 27.2684 0.0118352 -2063.33 -1964.12 -2255.53
  178 177.5 27.3156 0.0118557 -1953.97 -2096.02 -2173.68
  179 178.5 27.3751 0.0118816 -1974.93 -1936.07 -2062.8
  180 179.5 27.3857 0.0118862 -1998.17 -1932.54 -1964.42
  181 180.5 27.1997 0.0118054 -2042.04 -2188.53 -2302.03
  182 181.5 27.297 0.0118477 -1928.65 -2043.38 -2204.66
  183 182.5 27.2656 0.011834 -1866.23 -2079.22 -2094.97
  184 183.5 27.2027 0.0118067 -2174.34 -2260.34 -2175.71
  185 184.5 27.178 0.011796 -2103.09 -2037.02 -2151.05
  186 185.5 27.1242 0.0117727 -2020.87 -1965.04 -2179.76
  187 186.5 27.0569 0.0117434 -1900.94 -1872.19 -2208.33
  188 187.5 26.9826 0.0117112 -1894.56 -1869.4 -2126.78
  189 188.5 26.9557 0.0116995 -1929.66 -1824.04 -2178.95
  190 189.5 26.8469 0.0116523 -2007.4 -1883.79 -2251.46
  191 190.5 26.863 0.0116593 -2018.84 -1867.54 -2019.58
  192 191.5 26.7687 0.0116184 -1878.63 -2000.97 -2183.6
  193 192.5 26.6785 0.0115792 -1798.11 -1988.21 -2203.51
  194 193.5 26.572 0.011533 -1994.85 -1768.79 -2179.17
  195 194.5 26.5576 0.0115267 -2028.04 -1919.52 -2042.11
  196 195.5 26.5117 0.0115068 -1889.9 -1863.38 -2033.86
  197 196.5 26.4024 0.0114594 -1989.54 -1905.2 -1978.37
  198 197.5 26.3648 0.0114431 -2013.72 -2023.48 -2000.77
  199 198.5 26.2689 0.0114014 -2039.44 -1999.24 -1991.33
  200 199.5 26.2073 0.0113747 -2161.86 -2034.89 -1841.51
  201 200.5 26.1397 0.0113454 -2092.61 -2039.59 -1907.58
  202 201.5 26.1697 0.0113584 -2126.09 -2177.79 -1850.21
  203 202.5 26.2402 0.011389 -2263.52 -2304.55 -1696.97
  204 203.5 26.2503 0.0113933 -2212.7 -2082.72 -1758.53
  205 204.5 26.3357 0.0114304 -2325.32 -2249.29 -1772.75
  206 205.5 26.3764 0.0114481 -2197.18 -2071.4 -1728.46
  207 206.5 26.5609 0.0115282 -2217.5 -2071.66 -1715.4
  208 207.5 26.725 0.0115994 -2011.21 -1864.32 -1642.9
  209 208.5 26.9103 0.0116798 -2051.82 -2010.18 -1950.24
  210 209.5 27.0216 0.0117281 -1731.32 -1784.9 -1782.08
  211 210.5 27.2511 0.0118277 -1653.97 -1779.31 -1882.9
  212 211.5 27.496 0.011934 -1842.25 -1707.46 -1921.41
  213 212.5 27.8 0.012066 -1457.15 -1515.39 -1839.08
  214 213.5 27.9193 0.0121178 -1499.88 -1574.29 -2119.8
  215 214.5 28.1483 0.0122172 -1418.54 -1194.58 -2024.66
  216 215.5 28.34 0.0123003 -1638.97 -1368.7 -2072.85
  217 216.5 28.6237 0.0124235 -1603.64 -1517.39 -2184.65
  218 217.5 28.7131 0.0124623 -1546.97 -1620.16 -2191.19
  219 218.5 28.8703 0.0125305 -1700.57 -1676.72 -2153.12
  220 219.5 29.066 0.0126155 -1520.51 -1541.86 -2083.88
  221 220.5 29.1389 0.0126471 -1504.66 -1471.95 -2238.32
  222 221.5 29.2202 0.0126824 -1455.61 -1502.47 -2151.63
  223 222.5 29.3545 0.0127407 -1456.39 -1665.04 -2137.28
  224 223.5 29.4796 0.012795 -1534.12 -1715.92 -2088.26
  225 224.5 29.4967 0.0128024 -1870.64 -1874.48 -2143.06
  226 225.5 29.6029 0.0128485 -1708.83 -1694.16 -2091.26
  227 226.5 29.656 0.0128715 -1683.26 -1444.69 -2050.52
  228 227.5 29.7138 0.0128966 -1661.91 -1736.24 -2067.76
  229 228.5 29.7204 0.0128995 -1567.14 -1696.68 -2027.8
  230 229.5 29.7505 0.0129125 -1681.32 -1724.86 -2071.85
  231 230.5 29.8378 0.0129505 -1746.64 -1733.8 -2016.3
  232 231.5 29.8173 0.0129416 -1755.94 -1786.24 -1913.15
  233 232.5 29.8234 0.0129442 -1978.99 -1837.7 -2051.85
  234 233.5 29.9491 0.0129988 -1842.3 -1797.4 -1958.66
  235 234.5 29.8547 0.0129578 -1965.23 -1824 -2011.93
  236 235.5 29.8464 0.0129542 -1688.51 -1754.39 -1814.96
  237 236.5 29.9629 0.0130047 -1909.13 -1997.83 -1977.35
  238 237.5 30.0139 0.0130269 -1870.37 -1963.05 -1837.63
  239 238.5 29.8794 0.0129685 -1948.75 -2006.8 -2078.05
  240 239.5 29.8515 0.0129564 -1785.29 -1803.09 -1879.86
  241 240.5 29.9976 0.0130198 -1798.84 -1737.83 -1920.64
  242 241.5 30.0139 0.0130269 -1908.97 -1698.88 -1837.77
  243 242.5 29.9175 0.012985 -1838.61 -1783.94 -1751.27
  244 243.5 29.9618 0.0130043 -1923.42 -1788.87 -1925.48
  245 244.5 30.0283 0.0130331 -2045.93 -1985.4 -1983.29
  246 245.5 30.0262 0.0130322 -1994.12 -1935.15 -1818.79
  247 246.5 29.977 0.0130109 -2032.79 -2149.16 -1917.38
  248 247.5 30.047 0.0130413 -2035.77 -1907.55 -1928.77
  249 248.5 30.0567 0.0130454 -1839.52 -1897.94 -1862.2
  250 249.5 30.1042 0.0130661 -1786.7 -1708.42 -1802.39
  251 250.5 30.0298 0.0130338 -1870.36 -1732.75 -1949.5
  252 251.5 30.1182 0.0130721 -1827.47 -1720.19 -1873.52
  253 252.5 30.1591 0.0130899 -1849.32 -1959.74 -1981.82
  254 253.5 30.1135 0.0130701 -1866.76 -1946.27 -1845.38
  255 254.5 30.147 0.0130846 -1901.5 -1802.64 -1835.57
  256 255.5 30.2101 0.013112 -1768.19 -1868.15 -1906.52
  257 256.5 30.1479 0.013085 -1871.81 -1994.38 -1973.93
  258 257.5 30.1617 0.013091 -1664.06 -1948.19 -1872.34
  259 258.5 30.197 0.0131063 -1779.86 -1794.07 -1926.82
  260 259.5 30.1972 0.0131064 -1832.25 -1779.16 -1922.61
  261 260.5 30.1481 0.0130851 -1662.39 -1675.85 -1806.69
  262 261.5 30.2202 0.0131164 -1910.4 -1636.57 -1957.05
  263 262.5 30.1986 0.013107 -1845.9 -1650.07 -1914.93
  264 263.5 30.2344 0.0131226 -1806.88 -1667.51 -1842.74
  265 264.5 30.2068 0.0131106 -1879.08 -1681.94 -1742.33
  266 265.5 30.28 0.0131423 -1770.4 -2036.05 -1904.09
  267 266.5 30.1675 0.0130936 -1895.74 -1812.15 -1960.05
  268 267.5 30.2238 0.013118 -1926.57 -1861.18 -1948.69
  269 268.5 30.2879 0.0131458 -1946.01 -1867.3 -1814.74
  270 269.5 30.291 0.0131471 -1885.27 -1827.88 -1898.14
  271 270.5 30.1772 0.0130978 -1987.26 -1957.78 -1922.19
  272 271.5 30.2318 0.0131215 -1792.88 -1824.07 -1871.75
  273 272.5 30.3514 0.0131734 -1859.13 -1912.59 -1870.82
  274 273.5 30.2645 0.0131356 -1893.91 -1958.71 -1927.58
  275 274.5 30.2579 0.0131328 -1847.54 -1872.08 -1931.8
  276 275.5 30.276 0.0131406 -1750.41 -1824.23 -1846.45
  277 276.5 30.3407 0.0131687 -1803.96 -1876.72 -1810.33
  278 277.5 30.2302 0.0131208 -1907.85 -1852.13 -1890.18
  279 278.5 30.2522 0.0131303 -1977.04 -1928.06 -1971.93
  280 279.5 30.2297 0.0131205 -1791.94 -1677.98 -1862.48
  281 280.5 30.2498 0.0131292 -1943.94 -1837.57 -1912.78
  282 281.5 30.1954 0.0131057 -1745.02 -1622.4 -1903.4
  283 282.5 30.1918 0.0131041 -1944.14 -1973.28 -1869.48
  284 283.5 30.2298 0.0131206 -1866.57 -1864.29 -1873.17
  285 284.5 30.2476 0.0131283 -1692.63 -1900.43 -1811.82
  286 285.5 30.1702 0.0130947 -1762.96 -1724.5 -1822.25
  287 286.5 30.1554 0.0130883 -2075.55 -1801.85 -1939.19
  288 287.5 30.2069 0.0131106 -2030.33 -1743.77 -1943.64
  289 288.5 30.2169 0.013115 -1950.7 -1875.84 -1804.4
  290 289.5 30.1699 0.0130946 -1980.12 -1904.26 -1797.32
  291 290.5 30.1479 0.013085 -1873.54 -1905.58 -2035.08
  292 291.5 30.1348 0.0130794 -1974.22 -1849.02 -1901.34
  293 292.5 30.1714 0.0130952 -1925.06 -1996.11 -1814.06
  294 293.5 30.1726 0.0130957 -2008.99 -2165.58 -1943.5
  295 294.5 30.2301 0.0131207 -1894.62 -1995.25 -1759.37
  296 295.5 30.1174 0.0130718 -1941.93 -1917.83 -1874.86
  297 296.5 30.1382 0.0130808 -1842.48 -1911.09 -2000.97
  298 297.5 30.1743 0.0130965 -1906.98 -1955.36 -1959.47
  299 298.5 30.097 0.0130629 -1742.41 -1843 -1854.8
  300 299.5 30.1695 0.0130944 -1854.52 -1851.11 -1777.52
  301 300.5 30.1123 0.0130696 -1676.64 -1815.67 -1929.77
  302 301.5 30.0725 0.0130523 -1884.81 -1848.95 -1863.98
  303 302.5 30.0764 0.013054 -1826.1 -1764.66 -1898.89
  304 303.5 30.1022 0.0130652 -1823.73 -1753.86 -1909.25
  305 304.5 30.0557 0.013045 -1753.14 -1866.35 -1810.99
  306 305.5 30.0381 0.0130374 -1805.52 -1783.03 -1933.95
  307 306.5 30.0486 0.0130419 -1781.69 -1701.68 -1899.46
  308 307.5 30.095 0.0130621 -2010.63 -2008.22 -1868.53
  309 308.5 30.0567 0.0130454 -1941.59 -1894 -1819.9
  310 309.5 30.0927 0.0130611 -1911.72 -1911.84 -1927.31
  311 310.5 30.027 0.0130326 -1898.24 -1886.21 -1905.13
  312 311.5 30.0279 0.0130329 -1873.99 -1837.9 -1940.38
  313 312.5 30.1166 0.0130714 -1680.99 -1745.32 -1812.62
  314 313.5 30.0262 0.0130322 -1995.36 -1865.21 -1968.17
  315 314.5 30.0137 0.0130268 -2024.92 -1822.03 -1888.52
  316 315.5 30.1028 0.0130655 -2123.34 -1930.46 -1851.47
  317 316.5 30.09 0.0130599 -2012.25 -1791.09 -1838.68
  318 317.5 30.0282 0.0130331 -1924.37 -1895.15 -1954.14
  319 318.5 29.9911 0.013017 -1930.59 -1841.82 -2015.17
  320 319.5 30.0501 0.0130426 -1880.05 -1702.42 -1904.64
  321 320.5 30.0282 0.0130331 -1864.05 -1788.27 -1788.74
  322 321.5 30.0111 0.0130256 -1856.96 -2026.8 -1998.78
  323 322.5 29.9594 0.0130032 -1903.41 -1934.06 -1829.64
  324 323.5 30.0043 0.0130227 -1808.84 -1826.07 -1798.03
  325 324.5 29.9914 0.0130171 -1994.44 -1904.21 -2014.05
  326 325.5 29.9081 0.012981 -2042.36 -1929.11 -2031.08
  327 326.5 29.9235 0.0129876 -1950.31 -1870.02 -1955.52
  328 327.5 30.0236 0.0130311 -1729.63 -1866.1 -1659.47
  329 328.5 29.9644 0.0130054 -1974.77 -1870.75 -1880.41
  330 329.5 29.7889 0.0129292 -1883.55 -1771.69 -1964.82
  331 330.5 29.8729 0.0129657 -1684.95 -1807.89 -1970.25
  332 331.5 29.994 0.0130182 -1863.42 -1808.03 -1775.57
  333 332.5 29.7847 0.0129274 -1891.16 -1967.38 -1898.86
  334 333.5 29.7642 0.0129185 -1837.27 -1712.44 -1842.07
  335 334.5 29.8299 0.012947 -1998.06 -1971.95 -2017.65
  336 335.5 29.9124 0.0129828 -1952.11 -2056.63 -1902.93
  337 336.5 29.7407 0.0129083 -1965.33 -1940.48 -1766.48
  338 337.5 29.8232 0.0129441 -2035.42 -1945.4 -1937.71
  339 338.5 29.817 0.0129414 -1867.52 -1982.28 -1950.31
  340 339.5 29.8071 0.0129371 -1874.92 -1800.35 -1828.64
  341 340.5 29.8162 0.0129411 -1865.72 -1927.02 -1955.36
  342 341.5 29.8082 0.0129376 -1621.29 -1785.64 -1892.03
  343 342.5 29.7485 0.0129117 -1794.64 -1776.2 -1897.32
  344 343.5 29.7764 0.0129238 -1825.5 -1788.08 -1953.6
  345 344.5 29.8116 0.012939 -1922.02 -1795.78 -1936.38
  346 345.5 29.7253 0.0129016 -1978.05 -1781.61 -1793.58
  347 346.5 29.7829 0.0129266 -1870.65 -1804.67 -1864.17
  348 347.5 29.7456 0.0129104 -1882.1 -1900.58 -2068.72
  349 348.5 29.7205 0.0128995 -1956.76 -1917.5 -1819.14
  350 349.5 29.7247 0.0129014 -2085.57 -1824.63 -1931.83
  351 350.5 29.7472 0.0129111 -2067.33 -1781.28 -1854.93
  352 351.5 29.6919 0.0128871 -1885.85 -1879.37 -1843.46
  353 352.5 29.6413 0.0128652 -2059.7 -1909.09 -2064.83
  354 353.5 29.7225 0.0129004 -1865.55 -1892.47 -1840.76
  355 354.5 29.7009 0.012891 -1892.48 -1821.24 -1774.08
  356 355.5 29.662 0.0128741 -2046.27 -1811.5 -1944.6
  357 356.5 29.664 0.012875 -2006.63 -2075.81 -1905.48
  358 357.5 29.7046 0.0128926 -1951.58 -2039.92 -1913.05
  359 358.5 29.6852 0.0128842 -1923.03 -1986.78 -1887.25
  360 359.5 29.722 0.0129002 -2032.97 -1972.09 -1833.05
  361 360.5 29.6724 0.0128787 -1982.37 -1923.3 -1912.72
  362 361.5 29.7371 0.0129067 -1949.25 -1595.57 -1792.26
  363 362.5 29.7731 0.0129224 -2189.91 -1967.44 -1963.66
  364 363.5 29.6862 0.0128846 -1923.45 -1959.68 -1820.52
  365 364.5 29.7165 0.0128978 -2011.29 -2043.8 -2025.23
  366 365.5 29.7427 0.0129092 -2145.84 -2145.5 -1921.61
  367 366.5 29.846 0.012954 -1973.79 -2028.12 -1782.72
  368 367.5 29.7782 0.0129246 -2092.24 -2010.88 -1847.25
  369 368.5 29.7791 0.0129249 -1921.5 -1823.92 -1951.49
  370 369.5 29.788 0.0129288 -1883.2 -1923.01 -1912.23
  371 370.5 29.8845 0.0129707 -1841.24 -1820.36 -1867.56
  372 371.5 29.8577 0.0129591 -1775.59 -1834.69 -1894.49
  373 372.5 29.7658 0.0129192 -1926.89 -1673.55 -1897.26
  374 373.5 29.8926 0.0129742 -2044.19 -1973.78 -1959.53
  375 374.5 29.9208 0.0129865 -1982.87 -1852.77 -1831.13
  376 375.5 29.9137 0.0129834 -1913.24 -1847.13 -1909.77
  377 376.5 29.8163 0.0129411 -2078.89 -1935.39 -2075.95
  378 377.5 29.9073 0.0129806 -2014.44 -1855.2 -1887.01
  379 378.5 30.0078 0.0130242 -1976.06 -1916.47 -1885.73
  380 379.5 29.9655 0.0130058 -1982.59 -1727.54 -1829.83
  381 380.5 29.8703 0.0129646 -2010.23 -1911.5 -2100.12
  382 381.5 29.9712 0.0130083 -1801.06 -1656.83 -1804.19
  383 382.5 29.9994 0.0130206 -1818.53 -1973.34 -1919.63
  384 383.5 29.9413 0.0129953 -1937.02 -1991.33 -1924.85
  385 384.5 29.9329 0.0129917 -1931.25 -1947.71 -2057.1
  386 385.5 29.9478 0.0129982 -1802.4 -1827.74 -1886.66
  387 386.5 29.9198 0.012986 -1716.43 -1791.21 -1963.52
  388 387.5 29.9359 0.012993 -1923.68 -1777.22 -1980.63
  389 388.5 29.9471 0.0129979 -1736.44 -1784.46 -1928.5
  390 389.5 29.9276 0.0129894 -1903.23 -1660.14 -1960.24
  391 390.5 29.9282 0.0129896 -1921.2 -1888.17 -2064.23
  392 391.5 29.8683 0.0129637 -1795.76 -1605.11 -2012.28
  393 392.5 29.8771 0.0129675 -1826.41 -1882.94 -2107.36
  394 393.5 29.8451 0.0129536 -1543.61 -1646.46 -2093.89
  395 394.5 29.8002 0.0129341 -1681.93 -1672.2 -2085
  396 395.5 29.7292 0.0129033 -1717.24 -1680.87 -2201.43
  397 396.5 29.7145 0.0128969 -1743.34 -1660.07 -2212.65
  398 397.5 29.6451 0.0128668 -1628.03 -1635.94 -2128.82
  399 398.5 29.5261 0.0128152 -1608.42 -1612.84 -2064.31
  400 399.5 29.4 0.0127604 -1526.92 -1498.07 -2344.65
  401 400.5 29.3031 0.0127184 -1392.39 -1427.97 -2344.37
  402 401.5 29.101 0.0126306 -1407.54 -1227.6 -2231.24
  403 402.5 29.0135 0.0125927 -1393.23 -1448.58 -2268.88
  404 403.5 28.8234 0.0125102 -1350.79 -1430.23 -2385.71
  405 404.5 28.5766 0.012403 -1372.09 -1367.52 -2424.43
  406 405.5 28.3682 0.0123126 -1184.76 -1386.45 -2352.92
  407 406.5 28.1609 0.0122226 -1143.89 -1388.83 -2481.05
  408 407.5 27.8671 0.0120951 -1082.05 -1221.97 -2395.4
  409 408.5 27.4555 0.0119164 -1192.62 -1191.13 -2570.1
  410 409.5 27.1648 0.0117903 -1232.24 -1050.52 -2562.17
  411 410.5 26.7215 0.0115979 -1179.75 -1158.19 -2591.54
  412 411.5 26.3108 0.0114196 -1111.27 -921.993 -2611.08
  413 412.5 25.8129 0.0112035 -928.44 -769.605 -2563.05
  414 413.5 25.227 0.0109492 -926.988 -912.881 -2616.6
  415 414.5 24.5598 0.0106596 -681 -860.777 -2550.19
  416 415.5 23.9446 0.0103926 -681.819 -862.158 -2658.22
  417 416.5 23.0694 0.0100128 -679.623 -826.89 -2622.13
  418 417.5 22.2197 0.00964397 -822.935 -891.561 -2592.44
  419 418.5 21.2871 0.00923919 -925.438 -923.619 -2565.41
  420 419.5 20.2675 0.00879665 -1058.08 -1112.25 -2652.47
  421 420.5 19.1418 0.00830809 -1294.45 -1173.87 -2471.25
  422 421.5 18.0037 0.00781412 -1456.81 -1536.33 -2595.27
  423 422.5 16.8459 0.00731158 -1783.74 -1952.11 -2591.68
  424 423.5 15.5981 0.00677001 -2174.92 -2267.03 -2684.92
  425 424.5 14.4193 0.00625837 -2711.79 -2772.88 -2774.09
  426 425.5 13.2486 0.00575026 -3622.32 -3508.61 -3162.69
  427 426.5 12.1564 0.00527623 -4064.65 -4041.55 -3246.81
  428 427.5 11.0753 0.00480699 -4860.25 -4705.43 -3528.4
  429 428.5 10.0819 0.00437582 -5355.16 -5248.67 -3920.23
  430 429.5 9.21014 0.00399745 -6285.89 -6096.8 -4534.13
  431 430.5 8.3769 0.00363581 -7017.59 -6977.45 -5070.44
  432 431.5 7.63111 0.00331211 -8027.8 -7845.05 -5798.37
  433 432.5 6.99091 0.00303425 -8619.8 -8527.57 -6522.73
  434 433.5 6.46049 0.00280403 -9274.41 -9380.15 -7333.7
  435 434.5 5.99122 0.00260036 -9951.15 -10057.4 -8038.9
  436 435.5 5.61103 0.00243534 -10884.2 -10980.8 -8953.13
  437 436.5 5.30986 0.00230463 -11170.8 -11442.8 -9661.9
  438 437.5 5.07846 0.00220419 -11664.3 -12259.1 -10201.2
  439 438.5 4.8433 0.00210212 -12066.3 -12520.4 -10852.4
  440 439.5 4.6975 0.00203884 -12527.6 -12769 -11393.2
  441 440.5 4.51081 0.00195782 -13012.8 -13183 -11940.4
  442 441.5 4.38866 0.0019048 -13318.7 -13691.6 -12401.3
  443 442.5 4.29822 0.00186555 -13497.2 -13776.8 -12677.5
  444 443.5 4.18026 0.00181435 -13522.9 -14119.1 -13233.9
  445 444.5 4.13391 0.00179423 -13851.5 -14181.8 -13569.7
  446 445.5 4.06968 0.00176635 -14098.2 -14134.1 -13809.7
  447 446.5 4.0675 0.00176541 -13885 -14236.1 -13807.8
  448 447.5 4.03893 0.00175301 -14259.9 -14521.4 -13899.2
  449 448.5 4.02911 0.00174875 -14260.2 -14528.2 -13968.6
  450 449.5 3.99718 0.00173489 -14407.9 -14440.7 -14174.3
  451 450.5 3.98089 0.00172782 -14376.4 -14272.4 -14076.6
  452 451.5 3.97307 0.00172442 -14352.1 -14497.6 -14365
  453 452.5 3.99208 0.00173267 -14249.6 -14362.4 -14208.1
  454 453.5 3.96038 0.00171892 -14404.8 -14149.6 -14420.7
  455 454.5 3.95637 0.00171717 -14407.6 -14214.8 -14398.4
  456 455.5 3.96816 0.00172229 -14461.1 -14393.6 -14315.4
  457 456.5 3.93441 0.00170764 -14657.4 -14337.8 -14439.1
  458 457.5 3.91854 0.00170075 -15013.9 -14426.4 -14682.9
  459 458.5 3.87835 0.00168331 -14708.4 -14507.4 -14639.1
  460 459.5 3.89279 0.00168958 -14659.8 -14557.1 -14546
  461 460.5 3.862 0.00167622 -14826.5 -14763.7 -14809.1
  462 461.5 3.8423 0.00166767 -14781.1 -14639.6 -14709.4
  463 462.5 3.83035 0.00166248 -14846 -14740.5 -14727.7
  464 463.5 3.8129 0.00165491 -14679.6 -14673.9 -14990.1
  465 464.5 3.81198 0.0016545 -14950.1 -14899.3 -14987.1
  466 465.5 3.80013 0.00164936 -14794.6 -14814.9 -14999.9
  467 466.5 3.7742 0.00163811 -14673 -14913.9 -15019.7
  468 467.5 3.82043 0.00165817 -14793.6 -14964.7 -14826.5
  469 468.5 3.78285 0.00164186 -14818.3 -15035.6 -15089.3
  470 469.5 3.80122 0.00164983 -14999.7 -15058 -14906.2
  471 470.5 3.79798 0.00164843 -14895.9 -15131.4 -15024.8
  472 471.5 3.78963 0.00164481 -15089.6 -14785.7 -15044.3
  473 472.5 3.83094 0.00166273 -15065.4 -14661.5 -14815
  474 473.5 3.82049 0.0016582 -14829.2 -14549.3 -14990.1
  475 474.5 3.81934 0.0016577 -14988.4 -14385.4 -14826.5
  476 475.5 3.79742 0.00164819 -14993.9 -14686.1 -15068.8
  477 476.5 3.82512 0.00166021 -15000.5 -14983.1 -14908.7
  478 477.5 3.82166 0.00165871 -15099.5 -14966.4 -14865.7
  479 478.5 3.8046 0.0016513 -14884.7 -14959 -14967.8
  480 479.5 3.7995 0.00164909 -15185.7 -14553.5 -14961.7
  481 480.5 3.81448 0.00165559 -15337.6 -14991.5 -15000.3
  482 481.5 3.83092 0.00166273 -15263.6 -15000.4 -14859.5
  483 482.5 3.81213 0.00165457 -14947 -15074.3 -14892.8
  484 483.5 3.81629 0.00165638 -14701.9 -15112.3 -14817.4
  485 484.5 3.79471 0.00164701 -14822.9 -15011.7 -15066.3
  486 485.5 3.79073 0.00164528 -14951.4 -15010.4 -15086.2
  487 486.5 3.80387 0.00165099 -14694.5 -15068 -14939.7
  488 487.5 3.79976 0.0016492 -14949.2 -14967.3 -14926.8
  489 488.5 3.80874 0.0016531 -14855.2 -14957.2 -14919.6
  490 489.5 3.77523 0.00163856 -14998.6 -14652.2 -15050.4
  491 490.5 3.79568 0.00164743 -14852.4 -14637.9 -15029.7
  492 491.5 3.80494 0.00165145 -14972.4 -14603.5 -14972.3
  493 492.5 3.84053 0.0016669 -14749.5 -14494 -14786.9
  494 493.5 3.82869 0.00166176 -14851.4 -14720 -15014
  495 494.5 3.86547 0.00167772 -14727.6 -14628.1 -14659.9
  496 495.5 3.88792 0.00168747 -14864.4 -14881.6 -14582.4
  497 496.5 3.87814 0.00168322 -14551.3 -14814.6 -14681.5
  498 497.5 3.86326 0.00167676 -14435.9 -14536.5 -14635.5
  499 498.5 3.86682 0.00167831 -14519.9 -14575.2 -14891.5
  500 499.5 3.87732 0.00168286 -14420.6 -14735.9 -14764.8
  501 500.5 3.88568 0.00168649 -14533.1 -14878 -14535.1
  502 501.5 3.90596 0.0016953 -14659.5 -14580.5 -14575.2
  503 502.5 3.89071 0.00168868 -14529 -14625.5 -14660.2
  504 503.5 3.87662 0.00168256 -14774.1 -14602 -14800.6
  505 504.5 3.88954 0.00168817 -14390.7 -14553.9 -14692.8
  506 505.5 3.89781 0.00169176 -14366 -14346.2 -14518.2
  507 506.5 3.90233 0.00169372 -14407.4 -14407 -14471.2
  508 507.5 3.8647 0.00167739 -14519.5 -14662 -14910
  509 508.5 3.85734 0.00167419 -14556.4 -14913.7 -14820.5
  510 509.5 3.87571 0.00168217 -14465.1 -14895.2 -14704
  511 510.5 3.87515 0.00168192 -14462.9 -14856.2 -14575.7
  512 511.5 3.86587 0.0016779 -14812.5 -14737 -14751.8
  513 512.5 3.87585 0.00168223 -14747.2 -14902.8 -14757.7
  514 513.5 3.88108 0.0016845 -14652.5 -14810.5 -14659.7
  515 514.5 3.8762 0.00168238 -14404.7 -14853.4 -14649
  516 515.5 3.85651 0.00167383 -14556.8 -14595.3 -14730.4
  517 516.5 3.83115 0.00166283 -14698.4 -14625.5 -14848.5
  518 517.5 3.85536 0.00167333 -14940.9 -14830.6 -14927.6
  519 518.5 3.85493 0.00167315 -14819.7 -14651.6 -14720.6
  520 519.5 3.83257 0.00166344 -14578.6 -14555.2 -14851.1
  521 520.5 3.82706 0.00166105 -14706.3 -14644.8 -14838.5
  522 521.5 3.83726 0.00166548 -14634.7 -14561.8 -14873.7
  523 522.5 3.84966 0.00167086 -14769.5 -14665.9 -14765.7
  524 523.5 3.83933 0.00166638 -14886.6 -14706.7 -14774.3
  525 524.5 3.83142 0.00166294 -14864.3 -14740.4 -14815.9
  526 525.5 3.86047 0.00167555 -14710.2 -14776.9 -14809.9
  527 526.5 3.85202 0.00167189 -14729 -14732.9 -14686.6
  528 527.5 3.88221 0.00168499 -14807 -14699.6 -14690.3
  529 528.5 3.87634 0.00168244 -14513.3 -14696.3 -14640.8
  530 529.5 3.88031 0.00168416 -14705.1 -14729.5 -14763.2
  531 530.5 3.87961 0.00168386 -14747.7 -14802.6 -14718.5
  532 531.5 3.91385 0.00169872 -14735.5 -14771.7 -14486.5
  533 532.5 3.92598 0.00170398 -14755.8 -14863.6 -14526.8
  534 533.5 3.92338 0.00170285 -14788 -14826.7 -14503.6
  535 534.5 3.92331 0.00170283 -14608.1 -14610.4 -14512.6
  536 535.5 3.93045 0.00170592 -14674.9 -14761.8 -14601.5
  537 536.5 3.9587 0.00171818 -14509.5 -14513.7 -14154.6
  538 537.5 3.96195 0.0017196 -14677.5 -14523.4 -14505.1
  539 538.5 3.95133 0.00171499 -14587.1 -14629.6 -14449.4
  540 539.5 3.96736 0.00172194 -14529.6 -14498.3 -14387
  541 540.5 3.95082 0.00171477 -14619.3 -14656.3 -14379.8
  542 541.5 3.94513 0.0017123 -14570.6 -14588.8 -14455.2
  543 542.5 3.92303 0.0017027 -14675.7 -14566.4 -14614.4
  544 543.5 3.92413 0.00170318 -14509.3 -14629.2 -14519.2
  545 544.5 3.96166 0.00171947 -14623.4 -14585.1 -14387.5
  546 545.5 3.9813 0.00172799 -14540.7 -14405.3 -14225.6
  547 546.5 3.94066 0.00171036 -14349.5 -14380 -14419.1
  548 547.5 3.9365 0.00170855 -14181.6 -14512.1 -14432.2
  549 548.5 3.93404 0.00170748 -14302.8 -14621 -14555.4
  550 549.5 3.9212 0.00170191 -14457.9 -14470.1 -14571.3
  551 550.5 3.9009 0.0016931 -14398.4 -14493 -14642.7
  552 551.5 3.90557 0.00169513 -14274.4 -14254.1 -14503.8
  553 552.5 3.92245 0.00170245 -14594 -14579.2 -14577.9
  554 553.5 3.90096 0.00169312 -14579.3 -14465.3 -14581.5
  555 554.5 3.90282 0.00169393 -14252.8 -14454.3 -14553.1
  556 555.5 3.93002 0.00170574 -14921.2 -14606.9 -14435.8
  557 556.5 3.9064 0.00169549 -14886.4 -14543.9 -14603.3
  558 557.5 3.91273 0.00169823 -14580.8 -14251.5 -14549.1
  559 558.5 3.91002 0.00169706 -14368.3 -14325.2 -14480.4
  560 559.5 3.92094 0.0017018 -14570 -14756.9 -14620.5
  561 560.5 3.94259 0.00171119 -14718.4 -14270.2 -14413.2
  562 561.5 3.9559 0.00171697 -14719.6 -14412.1 -14436.1
  563 562.5 3.94104 0.00171052 -14572.4 -14302.7 -14397.7
  564 563.5 3.94339 0.00171154 -14562.5 -14377.3 -14429.2
  565 564.5 3.90774 0.00169607 -14599 -14296.6 -14734.2
  566 565.5 3.93681 0.00170868 -14239.6 -14412.6 -14387.8
  567 566.5 3.94158 0.00171075 -14524.8 -14550 -14443.2
  568 567.5 3.93123 0.00170626 -14256.5 -14527.5 -14397.8
  569 568.5 3.91262 0.00169818 -14426.7 -14301.1 -14549.5
  570 569.5 3.91477 0.00169912 -14597.4 -14429.4 -14603
  571 570.5 3.93583 0.00170826 -14431.8 -14540.3 -14413.4
  572 571.5 3.95441 0.00171632 -14720.4 -14648.7 -14389
  573 572.5 3.96618 0.00172143 -14650.3 -14530.3 -14332.5
  574 573.5 3.93946 0.00170984 -14608.5 -14287.9 -14545.3
  575 574.5 3.95291 0.00171567 -14452.9 -14280.1 -14284.7
  576 575.5 3.9807 0.00172774 -14646 -14337.7 -14258.1
  577 576.5 3.97738 0.0017263 -14630.6 -14273.7 -14263.4
  578 577.5 3.95189 0.00171523 -14340.1 -14177 -14385.7
  579 578.5 3.99258 0.00173289 -14232.4 -14232.5 -14145.7
  580 579.5 4.0112 0.00174097 -14298.7 -14345.8 -14111
  581 580.5 4.02562 0.00174723 -14330.3 -14300.2 -14078.5
  582 581.5 4.08324 0.00177224 -14139.3 -14162.2 -13772.4
  583 582.5 4.12856 0.00179191 -14151.5 -13913.6 -13536.4
  584 583.5 4.13286 0.00179378 -14052.1 -13693.3 -13589.1
  585 584.5 4.13462 0.00179454 -13906.5 -13672.4 -13556.7
  586 585.5 4.21661 0.00183012 -13429.3 -13491.9 -13211.5
  587 586.5 4.28207 0.00185854 -13177 -13586.6 -12952.4
  588 587.5 4.3441 0.00188546 -13264.4 -13381.9 -12719.1
  589 588.5 4.44938 0.00193116 -12859.2 -13212.1 -12148.1
  590 589.5 4.5379 0.00196957 -12890.9 -12972.6 -11893.1
  591 590.5 4.69265 0.00203674 -12653.5 -12881.8 -11482.2
  592 591.5 4.88705 0.00212111 -11977 -11953.8 -10714.6
  593 592.5 5.10358 0.0022151 -11668.3 -11596.8 -10121.9
  594 593.5 5.3407 0.00231801 -11202.4 -11096.7 -9660.63
  595 594.5 5.6787 0.00246471 -10437.4 -10580.7 -8638.6
  596 595.5 6.10246 0.00264864 -9701.66 -10050.9 -7927.07
  597 596.5 6.51619 0.00282821 -8908.35 -9257.17 -7267.22
  598 597.5 7.004 0.00303993 -8326.75 -8499.09 -6684.03
  599 598.5 7.6113 0.00330352 -7612.7 -7835.41 -6000.5
  600 599.5 8.35562 0.00362657 -7059.3 -7023.03 -5095.04
  601 600.5 9.14452 0.00396898 -6347.33 -6303.54 -4658.02
  602 601.5 10.0006 0.00434056 -5736.69 -5530.83 -4201.75
  603 602.5 10.9502 0.00475267 -4931.92 -4815.27 -3703.21
  604 603.5 11.9911 0.00520447 -4193.74 -4117.21 -3386.44
  605 604.5 13.0381 0.0056589 -3444.47 -3442.74 -3267.16
  606 605.5 14.1181 0.00612767 -2884.73 -2978.6 -3110.09
  607 606.5 15.2999 0.00664057 -2288.4 -2622.42 -2888.85
  608 607.5 16.4427 0.00713658 -2026.6 -2161.84 -2893.43
  609 608.5 17.5515 0.00761782 -1766.95 -1707.43 -2922.57
  610 609.5 18.6568 0.00809758 -1494.13 -1560.11 -2721.89
  611 610.5 19.647 0.00852735 -1479.88 -1463.4 -2912.16
  612 611.5 20.5099 0.00890187 -1118.31 -1212.28 -2967.43
  613 612.5 21.3772 0.00927832 -1194.76 -1204.84 -2979.88
  614 613.5 22.157 0.00961677 -1214.98 -1064.76 -2850.83
  615 614.5 22.8578 0.0099209 -1243.99 -1202.89 -2984.45
  616 615.5 23.4401 0.0101737 -1235.77 -1116.42 -2942.73
  617 616.5 23.9292 0.0103859 -1350.8 -1189.5 -2895
  618 617.5 24.4692 0.0106203 -1234.19 -1220.24 -2863.55
  619 618.5 24.8442 0.0107831 -1450.36 -1412.87 -2844.21
  620 619.5 25.1731 0.0109258 -1539.14 -1420.89 -2760.8
  621 620.5 25.459 0.0110499 -1509.25 -1563.22 -2737.58
  622 621.5 25.6736 0.0111431 -1652.24 -1664.01 -2819
  623 622.5 25.9449 0.0112608 -1578.78 -1541.74 -2491.89
  624 623.5 26.1512 0.0113503 -1609.68 -1620.12 -2500.44
