# Chunk-averaged data for fix tensor and group all
# Timestep Number-of-chunks Total-count
# Chunk Coord1 Ncount density/number c_press[1] c_press[2] c_press[3]
40000000 624 13588
  1 0.5 25.2025 0.0109386 1517.53 1535.57 -1942.43
  2 1.5 26.131 0.0113416 1326.89 1305.99 -2028.04
  3 2.5 26.8789 0.0116662 1044.36 1068.39 -2123.3
  4 3.5 27.485 0.0119293 796.186 777.171 -2136.99
  5 4.5 27.9938 0.0121501 524.911 492.684 -2103.83
  6 5.5 28.4131 0.0123321 245.757 287.664 -2040.39
  7 6.5 28.7312 0.0124702 90.1301 94.6456 -1948.96
  8 7.5 28.9612 0.01257 -107.544 -140.615 -1877.05
  9 8.5 29.2047 0.0126756 -227.473 -292.741 -1767.02
  10 9.5 29.3696 0.0127472 -410.754 -348.39 -1658.57
  11 10.5 29.4805 0.0127954 -449.796 -504.616 -1546.02
  12 11.5 29.5869 0.0128416 -583.075 -576.997 -1551.38
  13 12.5 29.683 0.0128832 -704.12 -630.324 -1429.23
  14 13.5 29.7629 0.0129179 -794.685 -726.869 -1331.76
  15 14.5 29.8074 0.0129372 -814.573 -802.168 -1313.68
  16 15.5 29.8381 0.0129505 -888.831 -867.227 -1339.83
  17 16.5 29.8929 0.0129743 -894.98 -884.978 -1193.57
  18 17.5 29.9482 0.0129984 -872.895 -884.886 -1172.14
  19 18.5 29.948 0.0129983 -964.134 -902.971 -1149.48
  20 19.5 29.97 0.0130078 -934.365 -953.276 -1170.02
  21 20.5 30.0053 0.0130232 -956.848 -992.333 -1133.96
  22 21.5 30.0072 0.013024 -972.474 -937.716 -1090.09
  23 22.5 30.0222 0.0130305 -1025.3 -1017.74 -1131.86
  24 23.5 30.0375 0.0130371 -998.479 -1009.78 -1060.03
  25 24.5 30.0416 0.0130389 -1041.64 -1004.86 -1080.1
  26 25.5 30.0615 0.0130475 -1077.4 -1059.63 -1098.29
  27 26.5 30.069 0.0130508 -1001.83 -1018.8 -1077.19
  28 27.5 30.0541 0.0130443 -972.595 -1018.69 -1055.34
  29 28.5 30.0845 0.0130575 -956.685 -979.356 -1034.31
  30 29.5 30.0735 0.0130527 -1005.2 -942.786 -1076.45
  31 30.5 30.0983 0.0130635 -1040.42 -920.3 -1008.48
  32 31.5 30.0756 0.0130537 -1036.52 -983.188 -1077.61
  33 32.5 30.0794 0.0130553 -1024.75 -1034.2 -1044.99
  34 33.5 30.0925 0.013061 -1026.99 -1068.02 -1054.81
  35 34.5 30.0863 0.0130583 -1032.26 -1055.6 -1036.6
  36 35.5 30.0827 0.0130567 -1082.37 -1009.61 -1108.21
  37 36.5 30.0783 0.0130548 -1049.96 -1050.49 -1014.57
  38 37.5 30.0986 0.0130636 -1031.87 -1016.56 -1012.8
  39 38.5 30.0964 0.0130627 -1051.34 -1066.32 -1044.73
  40 39.5 30.0655 0.0130493 -1067.42 -1066.88 -1073.47
  41 40.5 30.0955 0.0130623 -1064.59 -1081.01 -1053.54
  42 41.5 30.1117 0.0130693 -1080.29 -1107.39 -1050.2
  43 42.5 30.0874 0.0130588 -1025.92 -1025.96 -1026.47
  44 43.5 30.0918 0.0130607 -1057.62 -1055.48 -1044.51
  45 44.5 30.0995 0.013064 -990.988 -1056.74 -1037.47
  46 45.5 30.1088 0.0130681 -1028.61 -1081.67 -1027.13
  47 46.5 30.0745 0.0130532 -1039.83 -1093.82 -1056.61
  48 47.5 30.0751 0.0130534 -1086.03 -1065.44 -1076.65
  49 48.5 30.0906 0.0130602 -1074.08 -1061.42 -1054.38
  50 49.5 30.097 0.0130629 -1009.06 -1057.83 -987.533
  51 50.5 30.0799 0.0130555 -1045.77 -1031.03 -1000.09
  52 51.5 30.0665 0.0130497 -1085.26 -1098.05 -1095.72
  53 52.5 30.0576 0.0130458 -1032.25 -1065.67 -1025.49
  54 53.5 30.0556 0.013045 -1057.92 -1091.02 -1047.42
  55 54.5 30.085 0.0130577 -1075.45 -1051.07 -1035.59
  56 55.5 30.0632 0.0130483 -1079.27 -1057.02 -1000.9
  57 56.5 30.0615 0.0130475 -1052.17 -1084.14 -1033.16
  58 57.5 30.0601 0.0130469 -1021.6 -1077.43 -1078.55
  59 58.5 30.0858 0.0130581 -1062.4 -1087.7 -975.509
  60 59.5 30.0658 0.0130494 -1077.64 -1089.38 -1055.46
  61 60.5 30.0726 0.0130523 -1087.6 -1102.74 -1066.11
  62 61.5 30.0838 0.0130572 -1058.13 -1057.67 -1052.06
  63 62.5 30.0701 0.0130512 -996.068 -1043.15 -1007.72
  64 63.5 30.0994 0.013064 -1046.72 -1001.63 -1043.49
  65 64.5 30.0893 0.0130596 -1035.13 -1017.16 -1028.92
  66 65.5 30.0711 0.0130517 -1081.94 -999.837 -1052.34
  67 66.5 30.0786 0.0130549 -1002.39 -1044.43 -1021.38
  68 67.5 30.0975 0.0130631 -1042.24 -1022.18 -1048.88
  69 68.5 30.0862 0.0130583 -993.165 -1052.28 -1053.67
  70 69.5 30.0659 0.0130494 -1011.27 -1044.25 -1006.91
  71 70.5 30.0952 0.0130622 -1068.62 -1051.83 -1083.06
  72 71.5 30.089 0.0130595 -1034.87 -994.524 -999.776
  73 72.5 30.0678 0.0130503 -1038.11 -1066.26 -1100.64
  74 73.5 30.1003 0.0130644 -1037.76 -1022.19 -1000.7
  75 74.5 30.095 0.013062 -1013.31 -1004.06 -1062.09
  76 75.5 30.0892 0.0130595 -1056.32 -1067.68 -1015.5
  77 76.5 30.0963 0.0130626 -1011.31 -1036.2 -1072.59
  78 77.5 30.0853 0.0130578 -1062.95 -1022.08 -1041.96
  79 78.5 30.0772 0.0130544 -1039.47 -1028.8 -1033.04
  80 79.5 30.0964 0.0130627 -1014.52 -1024.3 -1026.04
  81 80.5 30.0973 0.0130631 -1003.64 -991.158 -1029.48
  82 81.5 30.0727 0.0130524 -1084.91 -1050.26 -1042.63
  83 82.5 30.0887 0.0130593 -1051.57 -1018.51 -1035.33
  84 83.5 30.0845 0.0130575 -1039.61 -1041.27 -1050.51
  85 84.5 30.0837 0.0130572 -1039.2 -1004.05 -1032.7
  86 85.5 30.0883 0.0130591 -1054.01 -1024.13 -1042.36
  87 86.5 30.1056 0.0130667 -1028.97 -1003.85 -1029.9
  88 87.5 30.0969 0.0130629 -1026.33 -958.453 -1016.68
  89 88.5 30.1006 0.0130645 -1061.51 -996.947 -1060.83
  90 89.5 30.1071 0.0130673 -1073.45 -1053.04 -1028.36
  91 90.5 30.1027 0.0130654 -1053.66 -1011.94 -1059.03
  92 91.5 30.0985 0.0130636 -1036.53 -997.24 -1045.62
  93 92.5 30.1017 0.013065 -994.016 -1023.49 -1019.42
  94 93.5 30.0997 0.0130641 -1080.46 -1068.62 -1029.76
  95 94.5 30.1069 0.0130672 -1090.82 -1062.25 -1052.58
  96 95.5 30.0778 0.0130546 -1096.08 -1061.2 -1053.39
  97 96.5 30.097 0.013063 -1034.6 -1067.75 -1025.18
  98 97.5 30.1302 0.0130773 -1058.79 -1129.5 -1022.44
  99 98.5 30.0938 0.0130615 -1069.33 -1087.19 -1058.81
  100 99.5 30.097 0.0130629 -1043.11 -1075.17 -1039.13
  101 100.5 30.1 0.0130642 -1025.83 -1009.67 -1039.28
  102 101.5 30.1111 0.0130691 -1001.58 -992.44 -1010.91
  103 102.5 30.0999 0.0130642 -1038.75 -1046.61 -1049.16
  104 103.5 30.0875 0.0130588 -1067.54 -1069.44 -1071.46
  105 104.5 30.1137 0.0130702 -1000.28 -1005.72 -1002.97
  106 105.5 30.1225 0.013074 -1071.51 -1076.91 -1019.78
  107 106.5 30.0843 0.0130574 -1098.68 -1139.53 -1080.59
  108 107.5 30.1112 0.0130691 -1060.72 -1057.32 -1052.24
  109 108.5 30.1295 0.013077 -1087.14 -1080.2 -1026.17
  110 109.5 30.0982 0.0130635 -990.036 -1063.79 -1029.31
  111 110.5 30.1236 0.0130745 -1001.09 -1030.04 -1029.43
  112 111.5 30.0945 0.0130618 -981.094 -1031.21 -1055.18
  113 112.5 30.1185 0.0130723 -1021.96 -1025.83 -1031.86
  114 113.5 30.1132 0.0130699 -1058.49 -1016.86 -1023.7
  115 114.5 30.1234 0.0130744 -1067.76 -1019.58 -1048.06
  116 115.5 30.1275 0.0130762 -1011.26 -1048.07 -1027.68
  117 116.5 30.0925 0.013061 -1058.35 -1056.98 -1067.03
  118 117.5 30.128 0.0130764 -993.987 -1022.88 -1030.57
  119 118.5 30.1378 0.0130807 -1026.16 -1038.69 -1020.06
  120 119.5 30.1201 0.0130729 -1041.58 -993.551 -1063.71
  121 120.5 30.108 0.0130677 -1030.19 -979.074 -1008.59
  122 121.5 30.1328 0.0130785 -1037.78 -981.041 -1033.09
  123 122.5 30.1269 0.0130759 -1050.29 -1039.81 -1041.18
  124 123.5 30.1068 0.0130672 -1013.81 -1061.71 -1066.43
  125 124.5 30.1313 0.0130778 -1006.23 -971.168 -1013.3
  126 125.5 30.1467 0.0130845 -988.222 -1040.61 -998.094
  127 126.5 30.1255 0.0130753 -1022.33 -1061.06 -1058.96
  128 127.5 30.1095 0.0130684 -1066.73 -1068.05 -1082.35
  129 128.5 30.151 0.0130864 -1037.34 -999.075 -1041.55
  130 129.5 30.1501 0.013086 -1065.01 -1079.75 -987.575
  131 130.5 30.14 0.0130816 -1040.67 -1052.76 -1073.26
  132 131.5 30.1376 0.0130806 -975.607 -1058.35 -1033.65
  133 132.5 30.1468 0.0130845 -1052.45 -1033.92 -1018.94
  134 133.5 30.1441 0.0130834 -1016.41 -997.113 -1067.09
  135 134.5 30.1275 0.0130762 -1020.65 -1026.24 -1022.47
  136 135.5 30.1481 0.0130851 -1023.68 -1034.76 -1093.57
  137 136.5 30.1448 0.0130837 -1044.64 -1044.39 -1033.86
  138 137.5 30.1456 0.013084 -1048.01 -1004.44 -998.76
  139 138.5 30.1318 0.0130781 -1042.03 -988.319 -1068.71
  140 139.5 30.1361 0.0130799 -1015.84 -1041.49 -1057.19
  141 140.5 30.116 0.0130712 -999.635 -1046.56 -1018.83
  142 141.5 30.1667 0.0130932 -986.487 -1047.18 -1038.43
  143 142.5 30.1204 0.0130731 -1033.1 -1014.87 -1050.84
  144 143.5 30.1052 0.0130665 -1014.37 -1012.02 -1017.98
  145 144.5 30.1225 0.013074 -1037.84 -1042.71 -1055.68
  146 145.5 30.1494 0.0130857 -1031.13 -1018.66 -1039.48
  147 146.5 30.0765 0.013054 -975.836 -1063.11 -1032.49
  148 147.5 30.141 0.013082 -1019.02 -1037.09 -1004.36
  149 148.5 30.1274 0.0130761 -988.493 -979.948 -1065.45
  150 149.5 30.1019 0.013065 -1024 -1085 -1049.61
  151 150.5 30.1072 0.0130674 -1049.2 -1048.42 -1053.36
  152 151.5 30.149 0.0130855 -1024.86 -1003.1 -1018.3
  153 152.5 30.1041 0.013066 -1013.04 -1026.37 -1019.47
  154 153.5 30.1048 0.0130663 -1046.48 -1039.47 -1047.42
  155 154.5 30.124 0.0130747 -1059.36 -1043.55 -1033.3
  156 155.5 30.103 0.0130655 -1068.74 -1061.74 -1091.41
  157 156.5 30.0992 0.0130639 -1094.52 -1045.05 -1031.22
  158 157.5 30.1015 0.0130649 -1088.28 -1055.94 -1023.06
  159 158.5 30.1123 0.0130696 -1022.74 -994.211 -1026.52
  160 159.5 30.0758 0.0130537 -1071.94 -1026.66 -1081.16
  161 160.5 30.065 0.0130491 -1045.98 -1021.66 -1053.76
  162 161.5 30.0947 0.013062 -1022.43 -968.563 -1006.12
  163 162.5 30.0702 0.0130513 -1089.47 -1035.15 -1057.01
  164 163.5 30.0717 0.0130519 -1053.92 -966.825 -1021.68
  165 164.5 30.0641 0.0130487 -1023.97 -1017.29 -1037
  166 165.5 30.0662 0.0130495 -1069.25 -1078.22 -1057.69
  167 166.5 30.0525 0.0130436 -1058.67 -1040.19 -1047.8
  168 167.5 30.0567 0.0130454 -1033.61 -1030.69 -1021.86
  169 168.5 30.0601 0.0130469 -1024.31 -1008.17 -1044.88
  170 169.5 30.0317 0.0130346 -1057.2 -1051.51 -1028.39
  171 170.5 30.0464 0.013041 -1082.52 -1085.17 -1058
  172 171.5 30.0395 0.013038 -1020.42 -1055.7 -1058.73
  173 172.5 30.0238 0.0130311 -1004.58 -1020.95 -1031.35
  174 173.5 30.0319 0.0130347 -1026.91 -1004.44 -1017.71
  175 174.5 30.0312 0.0130344 -1051.97 -1044.33 -1036.21
  176 175.5 30.0307 0.0130342 -1095.99 -1053.4 -1082.85
  177 176.5 30.0032 0.0130222 -1053.44 -1058.57 -1033.1
  178 177.5 30.0183 0.0130288 -1082.97 -1038.85 -1048.84
  179 178.5 29.9877 0.0130155 -1088.37 -1008.5 -1073.69
  180 179.5 30.0302 0.0130339 -1031.21 -1019.98 -1046.13
  181 180.5 29.9931 0.0130178 -1063.38 -1045.93 -1053.84
  182 181.5 29.9877 0.0130155 -1026.74 -1040.56 -1076.66
  183 182.5 30.0025 0.0130219 -1035.26 -1012.87 -1057.77
  184 183.5 29.9943 0.0130184 -1001.84 -963.678 -1033.32
  185 184.5 29.9499 0.0129991 -976.256 -949.911 -1106.76
  186 185.5 29.9467 0.0129977 -963.691 -987.503 -1067.28
  187 186.5 29.95 0.0129991 -945.21 -930.988 -1087.32
  188 187.5 29.9245 0.0129881 -972.405 -931.796 -1093.15
  189 188.5 29.8884 0.0129724 -908.718 -984.13 -1056.39
  190 189.5 29.8804 0.0129689 -1004.27 -948.501 -1124.67
  191 190.5 29.8832 0.0129701 -979.981 -985.562 -1107.5
  192 191.5 29.8549 0.0129579 -948.443 -965.346 -1054.24
  193 192.5 29.8052 0.0129363 -975.167 -990.438 -1094.44
  194 193.5 29.8083 0.0129376 -947.092 -937.613 -1084.58
  195 194.5 29.7693 0.0129207 -1002.78 -971.201 -1094.22
  196 195.5 29.7341 0.0129054 -942.482 -917.986 -1101.71
  197 196.5 29.7 0.0128906 -929.69 -925.108 -1020.71
  198 197.5 29.6413 0.0128651 -920.083 -878.579 -1084.23
  199 198.5 29.6239 0.0128576 -940.652 -911.772 -1049.17
  200 199.5 29.5714 0.0128348 -938.842 -977.862 -1035.66
  201 200.5 29.5391 0.0128208 -971.002 -933.503 -951.438
  202 201.5 29.515 0.0128103 -997.121 -1009.36 -1095.07
  203 202.5 29.478 0.0127943 -979.898 -1021.76 -1005.53
  204 203.5 29.4444 0.0127797 -1026.95 -1068.1 -932.686
  205 204.5 29.4183 0.0127683 -1023.93 -1017.32 -951.429
  206 205.5 29.4368 0.0127764 -965.505 -1015.5 -917.252
  207 206.5 29.3925 0.0127571 -1058.57 -1002.7 -904.759
  208 207.5 29.3732 0.0127488 -1042.16 -1070.66 -969.956
  209 208.5 29.4193 0.0127688 -1012.41 -1053.1 -907.153
  210 209.5 29.4358 0.012776 -941.529 -1022.08 -880.302
  211 210.5 29.4327 0.0127746 -1045.34 -1082.47 -902.447
  212 211.5 29.4985 0.0128032 -1023.66 -987.527 -877.128
  213 212.5 29.5115 0.0128088 -1040 -976.85 -908.316
  214 213.5 29.5798 0.0128384 -978.01 -974.129 -911.684
  215 214.5 29.6532 0.0128703 -913.593 -974.649 -925.531
  216 215.5 29.708 0.0128941 -913.636 -940.15 -909.249
  217 216.5 29.7713 0.0129216 -912.226 -914.321 -934.503
  218 217.5 29.866 0.0129627 -907.88 -872.269 -998.536
  219 218.5 29.9563 0.0130019 -872.499 -894.562 -968.335
  220 219.5 30.0127 0.0130263 -859.395 -882.021 -999.717
  221 220.5 30.103 0.0130655 -832.97 -847.621 -1058.86
  222 221.5 30.2069 0.0131106 -865.673 -843.876 -1032.28
  223 222.5 30.3051 0.0131533 -837.94 -813.749 -973.02
  224 223.5 30.3366 0.0131669 -865.053 -880.224 -1117.9
  225 224.5 30.4056 0.0131969 -877.44 -850.307 -1131.94
  226 225.5 30.5373 0.013254 -840.843 -869.618 -1063.18
  227 226.5 30.6001 0.0132813 -834.581 -873.757 -1044.89
  228 227.5 30.6187 0.0132893 -875.777 -860.527 -1117.99
  229 228.5 30.6949 0.0133224 -798.287 -817.505 -1096.25
  230 229.5 30.7877 0.0133627 -818.336 -857.64 -1081.52
  231 230.5 30.809 0.013372 -894.936 -869.029 -1112.41
  232 231.5 30.8296 0.0133809 -864.65 -848.318 -1072.52
  233 232.5 30.8932 0.0134085 -868.449 -881.263 -1092.07
  234 233.5 30.9455 0.0134312 -864.759 -895.665 -1076.73
  235 234.5 30.9553 0.0134355 -939.774 -956.521 -1095.2
  236 235.5 30.9736 0.0134434 -930.334 -870.505 -1075.95
  237 236.5 31.0539 0.0134783 -943.328 -906.705 -1038.83
  238 237.5 31.0522 0.0134775 -970.184 -897.749 -1075.6
  239 238.5 31.0737 0.0134868 -957.941 -964.07 -1046.97
  240 239.5 31.102 0.0134991 -953.124 -932.919 -1072.64
  241 240.5 31.1382 0.0135148 -955.932 -966.448 -1040.11
  242 241.5 31.162 0.0135252 -938.231 -912.371 -1029.3
  243 242.5 31.1496 0.0135198 -938.408 -944.987 -1073.9
  244 243.5 31.155 0.0135221 -958.417 -947.493 -1034.59
  245 244.5 31.1997 0.0135416 -948.383 -961.262 -1032.65
  246 245.5 31.202 0.0135425 -947.21 -1001.89 -1048.36
  247 246.5 31.1994 0.0135414 -975.344 -989.781 -1020.74
  248 247.5 31.2123 0.013547 -1002.31 -1019.18 -1058.24
  249 248.5 31.2136 0.0135476 -961.979 -894.629 -994.123
  250 249.5 31.2403 0.0135592 -950.318 -930.331 -1032.63
  251 250.5 31.2131 0.0135473 -888.306 -933.523 -1003.71
  252 251.5 31.2456 0.0135614 -940.293 -978.705 -1048.94
  253 252.5 31.2344 0.0135566 -929.907 -972.221 -993.755
  254 253.5 31.24 0.013559 -933.712 -1005.32 -1017.26
  255 254.5 31.2398 0.0135589 -940.137 -958.685 -1045.78
  256 255.5 31.258 0.0135668 -971.972 -1008.83 -1012.32
  257 256.5 31.2424 0.0135601 -970.362 -1034.95 -957.233
  258 257.5 31.234 0.0135564 -954.557 -1036.96 -973.671
  259 258.5 31.2539 0.0135651 -975.641 -1054.12 -1072.55
  260 259.5 31.2315 0.0135554 -1045.08 -1032 -996.162
  261 260.5 31.2639 0.0135694 -1053.77 -1059.09 -952.975
  262 261.5 31.2436 0.0135606 -1046.16 -977.822 -998.99
  263 262.5 31.2347 0.0135567 -1046.87 -1029.44 -1032.01
  264 263.5 31.2358 0.0135572 -1006.61 -1027.12 -998.607
  265 264.5 31.2549 0.0135655 -1037.27 -987.93 -949.96
  266 265.5 31.2378 0.0135581 -964.679 -958.153 -1007.99
  267 266.5 31.2367 0.0135576 -1008.69 -959.05 -1033.37
  268 267.5 31.2607 0.013568 -1027.18 -1011.71 -994.722
  269 268.5 31.2575 0.0135666 -977.167 -978.73 -956.324
  270 269.5 31.2587 0.0135672 -977.196 -1019.98 -1015.44
  271 270.5 31.2621 0.0135686 -1033.7 -1027.36 -1034.37
  272 271.5 31.2645 0.0135697 -966.615 -1017.29 -958.361
  273 272.5 31.2645 0.0135697 -968.758 -982.103 -980.617
  274 273.5 31.2668 0.0135707 -994.952 -986.071 -1036.97
  275 274.5 31.2636 0.0135693 -972.307 -950.833 -981.018
  276 275.5 31.273 0.0135733 -1005.03 -951.599 -1009.42
  277 276.5 31.2955 0.0135831 -1036.37 -923.876 -977.836
  278 277.5 31.2852 0.0135786 -1023.7 -987.873 -1021.27
  279 278.5 31.2679 0.0135711 -988.971 -937.578 -1015.58
  280 279.5 31.2991 0.0135847 -990.096 -942.089 -970.886
  281 280.5 31.2934 0.0135822 -988.096 -992.479 -990.018
  282 281.5 31.3055 0.0135875 -987.704 -958.977 -1006.57
  283 282.5 31.2935 0.0135822 -1037.01 -944.676 -1003.82
  284 283.5 31.2913 0.0135813 -977.38 -1007.99 -1002.19
  285 284.5 31.2983 0.0135843 -973.712 -964.805 -985.694
  286 285.5 31.3009 0.0135855 -1050.03 -1027.15 -1023.89
  287 286.5 31.3031 0.0135864 -1028.09 -1026.07 -990.495
  288 287.5 31.3067 0.013588 -1019.44 -999.756 -995.659
  289 288.5 31.3 0.0135851 -983.893 -1007.44 -1006.4
  290 289.5 31.3217 0.0135945 -976.044 -970.711 -984.961
  291 290.5 31.3021 0.013586 -1007.54 -1023.62 -1021.9
  292 291.5 31.31 0.0135894 -995.703 -1038.84 -999.685
  293 292.5 31.3047 0.0135871 -1003.43 -970.538 -981.197
  294 293.5 31.3329 0.0135993 -982.547 -1006.05 -1012.4
  295 294.5 31.3289 0.0135976 -1013 -997.429 -996.787
  296 295.5 31.2855 0.0135788 -951.159 -957.447 -990.653
  297 296.5 31.3218 0.0135945 -997.57 -1031.63 -1027.57
  298 297.5 31.3414 0.013603 -978.036 -1034.69 -968.325
  299 298.5 31.2932 0.0135821 -1001.55 -1031.4 -1014.02
  300 299.5 31.3243 0.0135956 -930.582 -1016.88 -963.708
  301 300.5 31.3538 0.0136084 -989.578 -1018.81 -1021.38
  302 301.5 31.3008 0.0135854 -1008.16 -1033.87 -1027.39
  303 302.5 31.3218 0.0135945 -953.473 -991.613 -987.129
  304 303.5 31.3593 0.0136108 -970.183 -984.891 -994.955
  305 304.5 31.3293 0.0135978 -976.972 -997.096 -1021.15
  306 305.5 31.3051 0.0135873 -965.352 -988.415 -976.423
  307 306.5 31.3438 0.0136041 -952.31 -934.356 -1004.19
  308 307.5 31.3655 0.0136135 -978.384 -951.891 -989.686
  309 308.5 31.2865 0.0135792 -937.06 -933.775 -1017.98
  310 309.5 31.3246 0.0135957 -1024.75 -1008.69 -1049.94
  311 310.5 31.3529 0.013608 -936.837 -976.086 -927.354
  312 311.5 31.3326 0.0135992 -1000.38 -1021.61 -1008.55
  313 312.5 31.2837 0.013578 -974.949 -1068.31 -1031.51
  314 313.5 31.3149 0.0135915 -994.808 -968.469 -999.81
  315 314.5 31.3206 0.013594 -1007.28 -1030.84 -987.517
  316 315.5 31.3145 0.0135913 -1065.14 -1063.3 -999.458
  317 316.5 31.2759 0.0135746 -1068.63 -1051.93 -1006.03
  318 317.5 31.3255 0.0135961 -992.776 -976.554 -1034.22
  319 318.5 31.2906 0.013581 -952.25 -990.639 -977.449
  320 319.5 31.2852 0.0135786 -971.277 -983.45 -965.971
  321 320.5 31.2766 0.0135749 -990.834 -957.682 -1038.85
  322 321.5 31.3038 0.0135867 -968.459 -1038.82 -1013.42
  323 322.5 31.283 0.0135777 -956.937 -1033.47 -946.262
  324 323.5 31.265 0.0135699 -967.713 -1050.39 -1007.43
  325 324.5 31.2902 0.0135808 -991.463 -1047.44 -1029.67
  326 325.5 31.2606 0.013568 -989.318 -1020.8 -984.223
  327 326.5 31.2558 0.0135659 -1060.1 -1010.79 -996.279
  328 327.5 31.2667 0.0135706 -986.631 -1006.79 -996.807
  329 328.5 31.247 0.0135621 -996.886 -1006.8 -1023.43
  330 329.5 31.2452 0.0135613 -990.796 -1072.25 -956.247
  331 330.5 31.2467 0.0135619 -962.302 -1008.14 -1001.51
  332 331.5 31.2572 0.0135665 -1025.14 -1065.67 -1008.14
  333 332.5 31.2467 0.0135619 -1068.4 -1039.54 -1007.85
  334 333.5 31.2253 0.0135526 -1045.02 -1047.66 -996.865
  335 334.5 31.2489 0.0135629 -1051.7 -990.421 -928.029
  336 335.5 31.2355 0.0135571 -1033.6 -1038.8 -1022.33
  337 336.5 31.1929 0.0135386 -995.022 -1065.77 -1015.03
  338 337.5 31.2381 0.0135582 -1044.38 -985.486 -1012.28
  339 338.5 31.2245 0.0135523 -1029.19 -1016.51 -950.669
  340 339.5 31.2261 0.013553 -998.855 -1038.76 -1001.77
  341 340.5 31.2261 0.013553 -957.061 -994.206 -962.938
  342 341.5 31.2267 0.0135533 -1005.15 -995.288 -983.901
  343 342.5 31.2257 0.0135528 -1028.85 -1024.03 -1043.07
  344 343.5 31.2276 0.0135536 -1022.2 -952.989 -950.626
  345 344.5 31.2463 0.0135618 -1014.57 -996.248 -975.863
  346 345.5 31.2597 0.0135676 -1053.85 -1027.21 -1021.56
  347 346.5 31.2311 0.0135551 -1014.47 -1000.23 -1008.47
  348 347.5 31.2551 0.0135656 -985.598 -922.047 -1009.1
  349 348.5 31.2642 0.0135695 -974.757 -936.747 -965.721
  350 349.5 31.2738 0.0135737 -999.488 -1007.46 -1013.71
  351 350.5 31.2789 0.0135759 -998.823 -973.142 -973.918
  352 351.5 31.2751 0.0135742 -955.788 -1021.17 -1019.4
  353 352.5 31.2845 0.0135784 -951.936 -951.6 -1019.3
  354 353.5 31.2776 0.0135754 -967.616 -961.832 -1016.19
  355 354.5 31.2758 0.0135746 -937.657 -991.808 -990.981
  356 355.5 31.291 0.0135812 -887.87 -971.273 -981.886
  357 356.5 31.2825 0.0135775 -935.871 -946.19 -1024.53
  358 357.5 31.2982 0.0135843 -969.718 -1012.53 -1025.92
  359 358.5 31.2734 0.0135735 -1021.23 -1030.27 -981.873
  360 359.5 31.3025 0.0135862 -1014.23 -1087.91 -984.653
  361 360.5 31.3006 0.0135853 -1004.77 -1042.9 -1027.24
  362 361.5 31.2892 0.0135804 -1054.21 -1022.21 -991.989
  363 362.5 31.3067 0.013588 -1050.06 -1021.3 -997.045
  364 363.5 31.2842 0.0135782 -1042.94 -1008.97 -1003.44
  365 364.5 31.3154 0.0135917 -1047.32 -992.544 -1032.09
  366 365.5 31.2804 0.0135766 -987.469 -972.301 -952.665
  367 366.5 31.2755 0.0135744 -1036.42 -1018.56 -1047.22
  368 367.5 31.3039 0.0135868 -982.861 -934.807 -990.199
  369 368.5 31.2885 0.0135801 -999.205 -1014.77 -1022.26
  370 369.5 31.2782 0.0135756 -1020.49 -1057.94 -977.111
  371 370.5 31.2885 0.0135801 -1031.17 -1011.09 -1023.9
  372 371.5 31.3082 0.0135886 -1013.74 -1001.03 -972.415
  373 372.5 31.2745 0.013574 -974.165 -994.102 -976.753
  374 373.5 31.2672 0.0135708 -1031.09 -1065.89 -1028.52
  375 374.5 31.2812 0.0135769 -989.01 -1073.96 -1007.16
  376 375.5 31.2702 0.0135721 -1014.04 -1056.04 -1017.48
  377 376.5 31.2689 0.0135716 -958.751 -1047.11 -1004.83
  378 377.5 31.2701 0.0135721 -985.546 -1000.05 -983.635
  379 378.5 31.2637 0.0135693 -966.035 -949.503 -992.603
  380 379.5 31.2717 0.0135728 -964.972 -986.618 -986.472
  381 380.5 31.2505 0.0135636 -977.12 -944.157 -1000.7
  382 381.5 31.2587 0.0135672 -986.336 -997.359 -1037.46
  383 382.5 31.2549 0.0135655 -958.578 -980.251 -1042.52
  384 383.5 31.2651 0.0135699 -930.291 -994.704 -947.259
  385 384.5 31.2616 0.0135684 -1018.01 -1035.04 -1038.73
  386 385.5 31.2679 0.0135711 -955.924 -1000.89 -1036.3
  387 386.5 31.2381 0.0135582 -959.211 -952.076 -1048.55
  388 387.5 31.2608 0.0135681 -948.803 -960.413 -990.164
  389 388.5 31.2627 0.0135689 -928.855 -933.046 -1013.76
  390 389.5 31.235 0.0135568 -954.79 -965.658 -1077.42
  391 390.5 31.2058 0.0135442 -963.433 -938.973 -1036.19
  392 391.5 31.2217 0.0135511 -903.432 -956.85 -1059.02
  393 392.5 31.231 0.0135551 -889.425 -899.559 -1037.5
  394 393.5 31.1802 0.0135331 -965.36 -957.259 -1038.53
  395 394.5 31.1734 0.0135301 -983.003 -949.695 -1096.22
  396 395.5 31.1593 0.013524 -917.998 -909.899 -1111.26
  397 396.5 31.1318 0.0135121 -876.418 -918.953 -1092.66
  398 397.5 31.0916 0.0134946 -970.67 -923.781 -1103.82
  399 398.5 31.0745 0.0134872 -899.946 -886.679 -1100.77
  400 399.5 31.0379 0.0134713 -856.989 -843.212 -1111.93
  401 400.5 30.9835 0.0134477 -874.144 -792.743 -1175.61
  402 401.5 30.921 0.0134206 -876.744 -807.674 -1183.35
  403 402.5 30.8838 0.0134044 -744.336 -805.148 -1161.21
  404 403.5 30.8331 0.0133824 -701.306 -713.679 -1180.19
  405 404.5 30.7172 0.0133321 -737.702 -637.992 -1264.36
  406 405.5 30.6548 0.013305 -692.988 -707.117 -1326.8
  407 406.5 30.5782 0.0132718 -595.357 -645.836 -1301.3
  408 407.5 30.4758 0.0132273 -518.063 -557.44 -1329.69
  409 408.5 30.3266 0.0131626 -484.818 -524.841 -1436
  410 409.5 30.1845 0.0131009 -490.76 -531.685 -1477.2
  411 410.5 30.0755 0.0130536 -397.004 -366.686 -1561.78
  412 411.5 29.875 0.0129666 -285.138 -299.317 -1599.53
  413 412.5 29.6438 0.0128662 -163.19 -117.52 -1667.24
  414 413.5 29.3706 0.0127477 -57.1934 3.49908 -1858.66
  415 414.5 29.0994 0.01263 210.07 162.828 -1837.22
  416 415.5 28.7273 0.0124684 354.98 390.56 -1913.12
  417 416.5 28.2712 0.0122705 572.872 583.054 -1988.53
  418 417.5 27.7168 0.0120298 867.857 866.481 -2008.1
  419 418.5 27.0701 0.0117492 1135.6 1124.37 -2004.49
  420 419.5 26.2983 0.0114142 1344.6 1320.74 -1916.66
  421 420.5 25.3499 0.0110025 1577.06 1598.71 -1770.75
  422 421.5 24.2194 0.0105119 1782.66 1793.02 -1645.75
  423 422.5 22.963 0.00996657 1842.83 1857.72 -1466.32
  424 423.5 21.526 0.00934287 1941.77 1883.59 -1189.32
  425 424.5 19.9322 0.00865115 1893.2 1905.82 -939.556
  426 425.5 18.2673 0.00792852 1703.21 1726.21 -685.753
  427 426.5 16.5176 0.00716909 1494.13 1541.88 -375.842
  428 427.5 14.7249 0.006391 1044.08 1074.68 -179.076
  429 428.5 12.9666 0.00562786 493.035 539.139 -36.5927
  430 429.5 11.2957 0.00490265 -223.055 -151.773 39.7831
  431 430.5 9.74299 0.00422873 -1072.4 -1106.06 -11.3252
  432 431.5 8.31728 0.00360993 -2061.87 -2077.4 -292.418
  433 432.5 7.05149 0.00306054 -3316.38 -3245.73 -784.167
  434 433.5 5.97879 0.00259496 -4692.27 -4641.46 -1549.39
  435 434.5 5.10405 0.0022153 -6072.74 -6049.24 -2569.17
  436 435.5 4.38082 0.0019014 -7504.13 -7453.19 -3733.97
  437 436.5 3.80929 0.00165334 -8755.01 -8828.52 -5119.73
  438 437.5 3.37016 0.00146274 -10080.3 -10090.3 -6531
  439 438.5 3.0256 0.0013132 -11170.2 -11222.7 -8000.74
  440 439.5 2.77038 0.00120242 -12126.3 -12168.9 -9323.45
  441 440.5 2.58109 0.00112027 -12937.3 -12948.1 -10631.7
  442 441.5 2.43942 0.00105877 -13451.7 -13519 -11595.6
  443 442.5 2.33994 0.0010156 -13933.3 -13933.4 -12444.3
  444 443.5 2.26465 0.000982921 -14329.5 -14241.2 -13112.9
  445 444.5 2.20875 0.000958659 -14478.2 -14562 -13584.5
  446 445.5 2.16976 0.000941734 -14794.1 -14824.4 -14082.4
  447 446.5 2.13349 0.000925995 -14947.2 -14864.8 -14404.2
  448 447.5 2.11183 0.000916591 -14969 -15089.5 -14640.9
  449 448.5 2.09649 0.000909934 -15073.9 -15122.2 -14821.5
  450 449.5 2.09106 0.000907579 -15106.1 -15248.1 -14926
  451 450.5 2.07785 0.000901845 -15165.2 -15285.8 -15045
  452 451.5 2.07839 0.000902081 -15213 -15204.9 -15044.1
  453 452.5 2.08094 0.000903188 -15236 -15253.2 -15069.2
  454 453.5 2.08342 0.00090426 -15257.6 -15153 -15044.1
  455 454.5 2.07924 0.00090245 -15309.9 -15136.8 -15113.8
  456 455.5 2.06975 0.000898327 -15261 -15174.4 -15206.3
  457 456.5 2.06623 0.0008968 -15258.7 -15177.1 -15265.1
  458 457.5 2.07159 0.000899128 -15328 -15137 -15213.1
  459 458.5 2.07409 0.000900212 -15374.8 -15145.2 -15149.3
  460 459.5 2.0756 0.000900869 -15328.6 -15279.1 -15168.4
  461 460.5 2.07444 0.000900366 -15230 -15314.2 -15177.8
  462 461.5 2.06836 0.000897724 -15300 -15227.2 -15246.1
  463 462.5 2.06938 0.000898169 -15268.3 -15271.3 -15194.9
  464 463.5 2.07477 0.00090051 -15328.4 -15251.2 -15151.1
  465 464.5 2.07057 0.000898684 -15364.1 -15216.1 -15241.4
  466 465.5 2.06463 0.000896106 -15224.2 -15175.9 -15306.5
  467 466.5 2.07069 0.000898739 -15312.6 -15166.5 -15206.7
  468 467.5 2.06611 0.000896748 -15261.6 -15220.4 -15226.4
  469 468.5 2.06523 0.000896369 -15430.2 -15236.9 -15275.4
  470 469.5 2.06257 0.000895214 -15323 -15279.5 -15252.5
  471 470.5 2.06895 0.000897984 -15346 -15243.8 -15214.1
  472 471.5 2.06722 0.000897232 -15438.4 -15198.4 -15219.7
  473 472.5 2.05928 0.000893786 -15446.8 -15259 -15344.9
  474 473.5 2.0595 0.00089388 -15386.8 -15168.1 -15284
  475 474.5 2.05914 0.000893725 -15385.4 -15173.3 -15274.2
  476 475.5 2.05355 0.000891297 -15488.5 -15312.6 -15393.5
  477 476.5 2.05015 0.000889822 -15419.1 -15407.9 -15378.1
  478 477.5 2.04963 0.000889598 -15566.4 -15374.1 -15353.6
  479 478.5 2.04095 0.000885829 -15497 -15316.9 -15455.9
  480 479.5 2.04418 0.000887229 -15421.6 -15354.1 -15369.8
  481 480.5 2.04763 0.00088873 -15457.5 -15402 -15365.1
  482 481.5 2.04476 0.000887484 -15397.7 -15385.6 -15376.9
  483 482.5 2.04653 0.000888252 -15293.3 -15290.7 -15395.4
  484 483.5 2.04993 0.000889726 -15251.9 -15345.5 -15360.3
  485 484.5 2.04424 0.000887258 -15414.1 -15412.5 -15443.7
  486 485.5 2.04341 0.000886897 -15467.5 -15545.4 -15419.2
  487 486.5 2.05187 0.000890571 -15479.8 -15451.8 -15344.6
  488 487.5 2.04711 0.000888504 -15502.5 -15472.3 -15404.9
  489 488.5 2.04577 0.000887921 -15524.2 -15478.1 -15380.6
  490 489.5 2.04422 0.000887249 -15477.6 -15486.1 -15405.4
  491 490.5 2.04618 0.000888101 -15489.9 -15411 -15392.7
  492 491.5 2.0403 0.000885546 -15426.8 -15444.1 -15425
  493 492.5 2.04747 0.000888658 -15434.4 -15465.6 -15407.9
  494 493.5 2.04706 0.000888482 -15360.8 -15310.7 -15366.2
  495 494.5 2.04323 0.000886818 -15325.5 -15200.5 -15405.7
  496 495.5 2.04538 0.000887752 -15290.9 -15167.8 -15437.3
  497 496.5 2.05028 0.000889878 -15255.8 -15155.8 -15309.9
  498 497.5 2.04622 0.000888118 -15249.9 -15074.9 -15439.5
  499 498.5 2.04482 0.000887508 -15194.2 -15106.9 -15415
  500 499.5 2.04774 0.000888775 -15242.9 -15128.9 -15345.9
  501 500.5 2.04689 0.000888406 -15275.6 -15166.1 -15375.2
  502 501.5 2.04549 0.000887797 -15264.8 -15309.3 -15460.4
  503 502.5 2.04691 0.000888418 -15301.5 -15315.5 -15353.2
  504 503.5 2.05059 0.000890012 -15325.8 -15301.8 -15372.5
  505 504.5 2.05367 0.000891348 -15363.5 -15263.7 -15343.5
  506 505.5 2.0603 0.000894228 -15336.4 -15287.2 -15239.3
  507 506.5 2.06363 0.000895674 -15423.2 -15269.6 -15280.6
  508 507.5 2.06167 0.000894821 -15309.9 -15135 -15281.9
  509 508.5 2.06192 0.000894929 -15190.2 -15206.5 -15263.2
  510 509.5 2.06851 0.000897792 -15181.6 -15272.9 -15212.2
  511 510.5 2.06565 0.00089655 -15245.5 -15165.9 -15298.1
  512 511.5 2.06536 0.000896425 -15248.9 -15151 -15241
  513 512.5 2.06379 0.000895744 -15245.1 -15163.6 -15269.1
  514 513.5 2.0721 0.000899349 -15291 -15176 -15232.5
  515 514.5 2.06624 0.000896808 -15321.6 -15132.5 -15242.1
  516 515.5 2.0658 0.000896615 -15181.2 -15215.9 -15241.9
  517 516.5 2.06966 0.000898288 -15158.4 -14959.3 -15218.9
  518 517.5 2.07143 0.000899058 -15121.7 -14972 -15216.2
  519 518.5 2.06657 0.00089695 -15095.1 -15078.9 -15246
  520 519.5 2.07133 0.000899016 -15190.4 -15050.6 -15241.9
  521 520.5 2.06999 0.000898432 -15163.1 -15131.8 -15226.4
  522 521.5 2.06944 0.000898194 -15298.1 -15282.4 -15236.2
  523 522.5 2.07304 0.000899757 -15288.5 -15286.2 -15172.7
  524 523.5 2.07229 0.00089943 -15259 -15117 -15175.7
  525 524.5 2.07156 0.000899116 -15289.2 -15156.9 -15224.5
  526 525.5 2.07301 0.000899745 -15261.3 -15236.9 -15196.2
  527 526.5 2.06923 0.000898104 -15221.4 -15190.4 -15221.7
  528 527.5 2.07166 0.000899158 -15295.1 -15150.4 -15156
  529 528.5 2.06773 0.000897454 -15326.6 -15163.2 -15298.6
  530 529.5 2.06326 0.00089551 -15371.1 -15254.7 -15278.1
  531 530.5 2.06781 0.000897487 -15234.7 -15290.7 -15223.3
  532 531.5 2.06842 0.000897753 -15224.3 -15342.3 -15228.2
  533 532.5 2.07144 0.000899062 -15119 -15323.3 -15172.4
  534 533.5 2.06406 0.000895858 -15192.8 -15271.5 -15282.3
  535 534.5 2.06034 0.000894247 -15168.2 -15165.3 -15326
  536 535.5 2.06309 0.000895437 -15099 -15235.3 -15218.4
  537 536.5 2.06254 0.000895197 -15243.5 -15225.9 -15287.3
  538 537.5 2.06381 0.000895752 -15279.2 -15243.3 -15269.7
  539 538.5 2.06811 0.000897615 -15273.4 -15264.1 -15240.2
  540 539.5 2.05832 0.000893368 -15228.2 -15187.6 -15257.7
  541 540.5 2.06075 0.000894422 -15278 -15186.2 -15303.1
  542 541.5 2.06832 0.000897707 -15281.5 -15239.2 -15241.4
  543 542.5 2.06613 0.000896758 -15191.7 -15148 -15243.8
  544 543.5 2.08032 0.000902918 -15156.4 -15071.5 -15129.6
  545 544.5 2.07774 0.000901795 -15127.3 -15176.6 -15179.2
  546 545.5 2.07788 0.000901857 -15105.5 -15172.7 -15172.6
  547 546.5 2.0722 0.000899395 -15157.4 -15218.9 -15190.9
  548 547.5 2.07869 0.00090221 -15141.1 -15238.3 -15176.4
  549 548.5 2.06898 0.000897996 -15131.7 -15147 -15218.3
  550 549.5 2.0743 0.000900305 -15171.1 -15204.1 -15227.1
  551 550.5 2.07464 0.000900453 -15106.8 -15175.9 -15158.3
  552 551.5 2.07032 0.000898575 -15200.9 -15243 -15213.2
  553 552.5 2.07302 0.000899749 -15131.1 -15252.9 -15189.6
  554 553.5 2.07612 0.000901093 -15053.5 -15264.5 -15191.9
  555 554.5 2.07105 0.000898894 -15171.2 -15272.2 -15213.6
  556 555.5 2.0713 0.000899003 -15119.6 -15325.3 -15205.4
  557 556.5 2.07296 0.00089972 -15092.5 -15313.1 -15216.8
  558 557.5 2.07486 0.000900547 -15159.7 -15296.2 -15154.4
  559 558.5 2.07009 0.000898476 -15140.1 -15293.5 -15220.2
  560 559.5 2.06679 0.000897043 -15125.1 -15353.6 -15229.5
  561 560.5 2.06624 0.000896806 -15106.1 -15237.6 -15261.2
  562 561.5 2.07156 0.000899114 -15157.3 -15215.5 -15201.5
  563 562.5 2.07166 0.000899159 -15210.3 -15285 -15229
  564 563.5 2.0672 0.000897222 -15349.8 -15241 -15220
  565 564.5 2.07099 0.000898865 -15337.1 -15262.4 -15206.7
  566 565.5 2.06451 0.000896055 -15287.3 -15322.1 -15268.1
  567 566.5 2.06224 0.000895069 -15208.2 -15246.3 -15253.8
  568 567.5 2.06012 0.000894151 -15223.9 -15227.9 -15283.7
  569 568.5 2.05692 0.00089276 -15201.6 -15381.7 -15363.5
  570 569.5 2.05884 0.000893594 -15272.7 -15401.2 -15277.5
  571 570.5 2.06483 0.000896194 -15238.2 -15315.2 -15246.3
  572 571.5 2.06578 0.000896607 -15351.3 -15295.1 -15252.1
  573 572.5 2.06703 0.000897147 -15332.8 -15366.8 -15244.8
  574 573.5 2.06927 0.000898122 -15269.8 -15316.5 -15220.4
  575 574.5 2.06586 0.000896641 -15139.3 -15246.4 -15274.2
  576 575.5 2.05631 0.000892496 -15284.8 -15210.6 -15337.8
  577 576.5 2.05771 0.000893103 -15293.2 -15251.3 -15309.5
  578 577.5 2.05209 0.000890665 -15226.9 -15438.8 -15353.7
  579 578.5 2.04997 0.000889746 -15240.7 -15175 -15342.1
  580 579.5 2.04947 0.000889527 -15231.4 -15230.5 -15364.9
  581 580.5 2.04921 0.000889416 -15267.7 -15301.2 -15391.8
  582 581.5 2.0515 0.000890407 -15214.9 -15258 -15351.1
  583 582.5 2.05138 0.000890355 -15263.7 -15178.9 -15355.7
  584 583.5 2.05943 0.000893848 -15274.6 -15123.8 -15244.6
  585 584.5 2.05065 0.00089004 -15365 -15225.3 -15379.3
  586 585.5 2.04339 0.000886888 -15324.7 -15251 -15389
  587 586.5 2.04266 0.000886571 -15332.1 -15311.6 -15428.4
  588 587.5 2.05102 0.000890201 -15368.6 -15306.2 -15331.7
  589 588.5 2.04434 0.0008873 -15309.1 -15324.8 -15426.8
  590 589.5 2.05283 0.000890987 -15340.2 -15291.5 -15291.5
  591 590.5 2.05592 0.000892326 -15357.8 -15358.8 -15301.5
  592 591.5 2.05591 0.00089232 -15335.1 -15329.6 -15270.5
  593 592.5 2.06573 0.000896583 -15290.9 -15346.2 -15178.8
  594 593.5 2.06024 0.0008942 -15262.2 -15259.1 -15204.5
  595 594.5 2.06856 0.000897813 -15235.3 -15168.9 -15130.3
  596 595.5 2.08488 0.000904897 -15214.1 -15240.9 -14935.6
  597 596.5 2.09822 0.000910684 -15194.8 -15145.4 -14831.8
  598 597.5 2.10811 0.000914977 -15157.4 -15070.1 -14632.2
  599 598.5 2.12908 0.000924078 -15086.1 -15012.8 -14462.9
  600 599.5 2.15431 0.000935033 -14906.2 -14881.5 -14178.2
  601 600.5 2.19965 0.000954708 -14671.1 -14672.1 -13714.8
  602 601.5 2.24882 0.000976051 -14450.9 -14430.9 -13226.7
  603 602.5 2.32531 0.00100925 -14160.8 -14117.6 -12534.3
  604 603.5 2.42813 0.00105388 -13596.3 -13632.5 -11691.3
  605 604.5 2.56297 0.0011124 -13110.2 -13021.7 -10700.5
  606 605.5 2.75081 0.00119393 -12313.1 -12340.7 -9514.36
  607 606.5 3.00123 0.00130262 -11245.8 -11457.2 -8130.55
  608 607.5 3.32254 0.00144207 -10136.9 -10241.8 -6687.65
  609 608.5 3.76014 0.001632 -8872.34 -8968.01 -5269.97
  610 609.5 4.32543 0.00187736 -7558.05 -7579.46 -3840.91
  611 610.5 5.0288 0.00218264 -6110.03 -6175.21 -2579.16
  612 611.5 5.91023 0.00256521 -4839.34 -4845.26 -1597.38
  613 612.5 6.95678 0.00301944 -3520.88 -3492.53 -889.502
  614 613.5 8.19904 0.00355861 -2283.72 -2342.81 -312.072
  615 614.5 9.60959 0.00417083 -1233.34 -1196.51 -22.9792
  616 615.5 11.1779 0.0048515 -322.969 -301.755 24.1979
  617 616.5 12.8661 0.00558425 444.14 476.91 20.0567
  618 617.5 14.6399 0.00635412 1039.13 1065.3 -128.335
  619 618.5 16.442 0.0071363 1455.52 1506.95 -414.941
  620 619.5 18.204 0.00790106 1773.78 1789.9 -699.987
  621 620.5 19.879 0.00862804 2006.07 1990.98 -932.7
  622 621.5 21.4423 0.00930655 1941.36 1933.99 -1353.51
  623 622.5 22.8642 0.00992372 1894.04 1881.9 -1598.19
  624 623.5 24.1248 0.0104708 1807.63 1758.71 -1711.52
60000000 624 13588
  1 0.5 23.0645 0.0100106 1850.53 1825.18 -1626.49
  2 1.5 24.2787 0.0105376 1693.66 1735.24 -1793.49
  3 2.5 25.344 0.011 1464.75 1520.23 -1921.52
  4 3.5 26.2566 0.0113961 1197.26 1214.7 -2031.5
  5 4.5 26.9605 0.0117016 975.922 1029.19 -2138.37
  6 5.5 27.5561 0.0119601 696.01 696.813 -2123.72
  7 6.5 28.0564 0.0121773 470.159 494 -2069.36
  8 7.5 28.456 0.0123507 259.918 214.38 -2041.82
  9 8.5 28.7355 0.012472 27.958 63.8805 -1969.63
  10 9.5 29.0171 0.0125942 -166.087 -159.173 -1858.24
  11 10.5 29.2033 0.012675 -322.042 -323.608 -1736.28
  12 11.5 29.3704 0.0127476 -451.779 -415.787 -1640.39
  13 12.5 29.4779 0.0127942 -573.46 -589.114 -1600.55
  14 13.5 29.6143 0.0128535 -699.041 -671.387 -1488.86
  15 14.5 29.6907 0.0128866 -743.356 -715.208 -1389.01
  16 15.5 29.7352 0.0129059 -831.999 -831.227 -1381.41
  17 16.5 29.775 0.0129232 -825.003 -869.491 -1365.85
  18 17.5 29.8764 0.0129672 -855.059 -874.697 -1235.79
  19 18.5 29.8891 0.0129727 -889.514 -928.156 -1239.19
  20 19.5 29.9156 0.0129842 -882.557 -951.488 -1144.32
  21 20.5 29.9397 0.0129947 -968.954 -945.337 -1228.76
  22 21.5 29.9808 0.0130125 -938.91 -904.888 -1121.12
  23 22.5 29.9673 0.0130066 -968.854 -909.718 -1119.06
  24 23.5 30.0126 0.0130263 -988.089 -965.133 -1143.46
  25 24.5 30.0093 0.0130249 -993.163 -957.55 -1094.65
  26 25.5 30.0406 0.0130385 -1062 -969.745 -1061.14
  27 26.5 30.0405 0.0130384 -985.623 -992.655 -1100.99
  28 27.5 30.0343 0.0130357 -969.754 -1031.85 -1064.43
  29 28.5 30.0467 0.0130411 -997.753 -1033.74 -1084.23
  30 29.5 30.0602 0.0130469 -1091.99 -1044.7 -1092.66
  31 30.5 30.0644 0.0130488 -1050.81 -1038.09 -1036.93
  32 31.5 30.0475 0.0130415 -1011.66 -991.378 -1065.3
  33 32.5 30.0494 0.0130423 -1021.22 -996.011 -1077.61
  34 33.5 30.0791 0.0130552 -1024.74 -1010.2 -1038.62
  35 34.5 30.0657 0.0130493 -1056.68 -1059.84 -1029.33
  36 35.5 30.0677 0.0130502 -1079.91 -1017.94 -1028.09
  37 36.5 30.0501 0.0130426 -1034.84 -1086.52 -1085
  38 37.5 30.0659 0.0130494 -1052.49 -1071.56 -1060.9
  39 38.5 30.0802 0.0130557 -1049.83 -1043.72 -1039.95
  40 39.5 30.0667 0.0130498 -1088.78 -1061.22 -1050.5
  41 40.5 30.0713 0.0130518 -1102.45 -1073.44 -1016.51
  42 41.5 30.0772 0.0130543 -1086.01 -1101.44 -1047.49
  43 42.5 30.0827 0.0130567 -1051.35 -1039.23 -1081.92
  44 43.5 30.0764 0.013054 -1056.7 -1020.39 -1011.85
  45 44.5 30.0736 0.0130528 -1083.12 -1066.25 -1025.66
  46 45.5 30.0904 0.0130601 -1077.83 -1068.67 -1070.74
  47 46.5 30.0765 0.0130541 -1064.55 -1060.63 -1075.75
  48 47.5 30.0779 0.0130546 -1023.18 -1078.3 -986.085
  49 48.5 30.0955 0.0130623 -1059.57 -1067.8 -1044.17
  50 49.5 30.0875 0.0130588 -1010.37 -1007.16 -1049.67
  51 50.5 30.0713 0.0130518 -1021.66 -1035.48 -1083.39
  52 51.5 30.0706 0.0130515 -1002.37 -1007.1 -1042.19
  53 52.5 30.1065 0.0130671 -984.099 -1025.93 -997.784
  54 53.5 30.1063 0.013067 -1016.33 -1033.43 -1055.36
  55 54.5 30.0818 0.0130563 -1020.16 -1041.95 -1050.98
  56 55.5 30.1043 0.0130661 -1057.59 -1060.66 -1028.25
  57 56.5 30.1298 0.0130771 -1050.52 -1066.26 -1054.33
  58 57.5 30.0959 0.0130625 -1068.38 -1055.38 -1057.32
  59 58.5 30.0883 0.0130592 -1023.55 -1021.34 -1030.33
  60 59.5 30.1225 0.013074 -1047.73 -1086.33 -1070.18
  61 60.5 30.1311 0.0130777 -1006.91 -1058.92 -1034.54
  62 61.5 30.1053 0.0130665 -1071.81 -1084.5 -1057.6
  63 62.5 30.108 0.0130677 -1047.81 -1054.22 -1042.46
  64 63.5 30.1368 0.0130802 -1023.91 -1033.83 -996.151
  65 64.5 30.1539 0.0130876 -1037.58 -1034.05 -1047.16
  66 65.5 30.1238 0.0130746 -983.081 -992.181 -1056.43
  67 66.5 30.1259 0.0130755 -995.339 -1009.6 -1030.59
  68 67.5 30.1376 0.0130806 -978.288 -1000.39 -1084.24
  69 68.5 30.1487 0.0130854 -1058.32 -1054.75 -1031.87
  70 69.5 30.1292 0.0130769 -1096.6 -1061.39 -1047.97
  71 70.5 30.1682 0.0130938 -1026.53 -999.61 -996.356
  72 71.5 30.1197 0.0130728 -1054.97 -1081.59 -1131.49
  73 72.5 30.1387 0.0130811 -1069.14 -1060.13 -1011.6
  74 73.5 30.1719 0.0130955 -1061.22 -1067.59 -1019.92
  75 74.5 30.1511 0.0130864 -1131.49 -1067.67 -1047.16
  76 75.5 30.1249 0.0130751 -1017.34 -1033.52 -1036.1
  77 76.5 30.1357 0.0130797 -1051.73 -1029.3 -1099.86
  78 77.5 30.1431 0.0130829 -1014.14 -1027.13 -1021.7
  79 78.5 30.1426 0.0130827 -1018.12 -975.604 -989.139
  80 79.5 30.1338 0.0130789 -999.077 -1070.78 -1070.74
  81 80.5 30.1531 0.0130873 -1011.63 -1053.2 -1031.68
  82 81.5 30.1062 0.0130669 -1058.38 -1100.41 -1069.52
  83 82.5 30.1423 0.0130826 -1024.83 -1079.33 -1053.4
  84 83.5 30.1522 0.0130869 -1041.79 -1061.91 -1057.98
  85 84.5 30.1254 0.0130753 -988.116 -1025.54 -984.194
  86 85.5 30.1418 0.0130824 -1012.28 -1045.17 -1032.96
  87 86.5 30.1606 0.0130906 -1003.56 -1020.3 -1070.7
  88 87.5 30.1244 0.0130748 -1039.67 -1041.14 -1047.32
  89 88.5 30.1507 0.0130862 -1031.34 -1050.14 -994.391
  90 89.5 30.1714 0.0130952 -1090.27 -1087.74 -1053.22
  91 90.5 30.1458 0.0130841 -1020.89 -1019.96 -1048.51
  92 91.5 30.1369 0.0130803 -1082.9 -1109.78 -1058.9
  93 92.5 30.1466 0.0130844 -1064.81 -1105.83 -1073.64
  94 93.5 30.1814 0.0130995 -1057.01 -1097.28 -988.471
  95 94.5 30.1532 0.0130873 -1026.49 -1107.63 -1019.97
  96 95.5 30.1551 0.0130882 -1062.41 -1063.34 -1064.62
  97 96.5 30.1702 0.0130947 -1049.02 -1042.85 -1047.66
  98 97.5 30.155 0.0130881 -1054.9 -996.641 -1050.51
  99 98.5 30.1768 0.0130976 -1039.75 -986.018 -1030.9
  100 99.5 30.1584 0.0130896 -1088.47 -1017.01 -1025.38
  101 100.5 30.18 0.013099 -1025.4 -1042.49 -1033.36
  102 101.5 30.1794 0.0130987 -1077.51 -1050.66 -1069.11
  103 102.5 30.2001 0.0131077 -1075.64 -1121.4 -1027.13
  104 103.5 30.1651 0.0130925 -1046.33 -1093.39 -1043.33
  105 104.5 30.1839 0.0131007 -1051.64 -1098 -1048.92
  106 105.5 30.1961 0.0131059 -1024.62 -1099.36 -1036.37
  107 106.5 30.1727 0.0130958 -1008.83 -1041.71 -1039.13
  108 107.5 30.1775 0.0130979 -1058.86 -1065.77 -1018.84
  109 108.5 30.2006 0.0131079 -1050.84 -1045.58 -1048.52
  110 109.5 30.1895 0.0131031 -992.633 -1124.58 -1055.23
  111 110.5 30.1839 0.0131006 -1052.67 -1009.12 -1055.11
  112 111.5 30.2089 0.0131115 -1045.5 -1055.33 -1007.43
  113 112.5 30.1869 0.013102 -1036.82 -991.41 -1023.25
  114 113.5 30.1954 0.0131056 -1065.7 -1005.47 -1067.7
  115 114.5 30.1857 0.0131014 -1058.36 -998.047 -1042.57
  116 115.5 30.226 0.0131189 -972.24 -1006.93 -1034.69
  117 116.5 30.1989 0.0131072 -1067.87 -1014.27 -1021.43
  118 117.5 30.1962 0.013106 -1096.55 -1057.77 -1058.76
  119 118.5 30.2292 0.0131203 -1052.59 -999.58 -1050.46
  120 119.5 30.2287 0.0131201 -1061.95 -1040.49 -1024.43
  121 120.5 30.2144 0.0131139 -1058.25 -1058.95 -1020.17
  122 121.5 30.2211 0.0131168 -1044.82 -1089.74 -1041.16
  123 122.5 30.2254 0.0131187 -1024.27 -1034.26 -1060.09
  124 123.5 30.2259 0.0131189 -986.603 -1008.75 -1006.72
  125 124.5 30.2223 0.0131173 -1032.11 -1089 -1065.71
  126 125.5 30.2333 0.0131221 -1063.08 -1014.03 -1040.58
  127 126.5 30.2308 0.013121 -1046.52 -1075.23 -1017.03
  128 127.5 30.2159 0.0131145 -1071.73 -1043.35 -1064.2
  129 128.5 30.2385 0.0131244 -1111.64 -1053 -1063.62
  130 129.5 30.2449 0.0131271 -1044.45 -1074.8 -1001.17
  131 130.5 30.23 0.0131207 -1075.71 -1061.06 -1035.43
  132 131.5 30.247 0.013128 -1040.59 -1018.96 -1061.12
  133 132.5 30.217 0.013115 -1079.64 -1041.11 -1069.21
  134 133.5 30.2607 0.013134 -1033.22 -1079.99 -973.047
  135 134.5 30.2599 0.0131337 -1110.68 -1109.31 -1040.96
  136 135.5 30.2405 0.0131252 -1133.47 -1090.98 -1075.73
  137 136.5 30.2376 0.013124 -1072.2 -1034.95 -1037.78
  138 137.5 30.2765 0.0131408 -1076.39 -1074.26 -1027.84
  139 138.5 30.2561 0.013132 -1038.04 -1060.8 -1027.98
  140 139.5 30.2671 0.0131368 -1048.75 -1029.85 -1070.27
  141 140.5 30.2557 0.0131318 -993.054 -1054.79 -1058.58
  142 141.5 30.2737 0.0131396 -1045.06 -1061.18 -998.079
  143 142.5 30.2539 0.0131311 -932.127 -999.188 -1023.49
  144 143.5 30.2656 0.0131361 -1036.13 -1026.23 -1106.49
  145 144.5 30.2473 0.0131282 -1031.59 -1052.32 -1058.07
  146 145.5 30.2665 0.0131365 -1027.51 -1041.21 -979.01
  147 146.5 30.2756 0.0131404 -1041.66 -1005.33 -1048.28
  148 147.5 30.2573 0.0131325 -1037.17 -1038.6 -1093.1
  149 148.5 30.2593 0.0131334 -1000.69 -1002.87 -1026.72
  150 149.5 30.286 0.0131449 -1006.1 -1029.37 -1014.22
  151 150.5 30.2823 0.0131434 -1042.75 -1035.85 -1064.07
  152 151.5 30.2489 0.0131289 -1002.75 -1026.41 -1037.27
  153 152.5 30.2494 0.0131291 -986.576 -1013.06 -1057.09
  154 153.5 30.2794 0.0131421 -1018.54 -981.41 -1054.61
  155 154.5 30.2554 0.0131317 -1065.93 -1003.74 -1032.37
  156 155.5 30.2408 0.0131254 -1027.75 -1015.15 -1047.35
  157 156.5 30.2582 0.0131329 -1008.18 -1010.49 -1043.86
  158 157.5 30.2392 0.0131247 -970.636 -1030.2 -1036.32
  159 158.5 30.2248 0.0131184 -1048.76 -1041.12 -1025.68
  160 159.5 30.2173 0.0131152 -1033.42 -1026.07 -1077.61
  161 160.5 30.2483 0.0131286 -1017.93 -1008.51 -1006.64
  162 161.5 30.2165 0.0131148 -1029.81 -1008.11 -1026.79
  163 162.5 30.2012 0.0131082 -1089.16 -1109.89 -1103.51
  164 163.5 30.211 0.0131124 -1027.32 -1048.13 -1019.02
  165 164.5 30.1998 0.0131075 -1044.45 -1020.3 -1006.24
  166 165.5 30.2076 0.0131109 -1064.59 -1082.16 -1052.57
  167 166.5 30.1966 0.0131062 -1044.47 -1056.89 -1057.32
  168 167.5 30.185 0.0131011 -1038.03 -1003.27 -1057.94
  169 168.5 30.2029 0.0131089 -1062.13 -993.402 -1015.74
  170 169.5 30.1968 0.0131063 -1093.45 -1088.25 -1031.28
  171 170.5 30.1735 0.0130961 -1037.3 -1046.81 -1056.6
  172 171.5 30.1799 0.0130989 -1036.28 -1101.03 -1052.36
  173 172.5 30.1805 0.0130992 -1055.23 -1084.46 -1014.75
  174 173.5 30.1651 0.0130925 -1057.55 -1053.22 -1075.15
  175 174.5 30.1532 0.0130873 -1075.28 -1057.83 -1039.58
  176 175.5 30.1452 0.0130839 -1082.82 -1056.5 -1056.16
  177 176.5 30.1447 0.0130836 -1057.07 -1030.5 -1082.78
  178 177.5 30.152 0.0130868 -1048.06 -989.292 -1009.92
  179 178.5 30.1099 0.0130685 -987.237 -983.442 -1077.51
  180 179.5 30.1491 0.0130855 -972.955 -984.363 -1075.35
  181 180.5 30.1166 0.0130715 -979.952 -905.864 -1052.49
  182 181.5 30.1198 0.0130728 -965.022 -990.172 -1052.96
  183 182.5 30.1047 0.0130663 -989.561 -1006.31 -1059.67
  184 183.5 30.0878 0.013059 -1065.86 -1050.29 -1095.87
  185 184.5 30.0882 0.0130591 -1033.17 -1052.87 -1102.95
  186 185.5 30.0801 0.0130556 -978.007 -991.19 -1054.59
  187 186.5 30.0331 0.0130352 -945.604 -986.871 -1081.87
  188 187.5 30.0392 0.0130378 -1010.46 -981.569 -1086.47
  189 188.5 30.0047 0.0130229 -984.685 -987.981 -1110.85
  190 189.5 29.9843 0.013014 -986.148 -993.477 -1113.39
  191 190.5 29.9586 0.0130029 -941.262 -917.305 -1103.59
  192 191.5 29.9472 0.0129979 -925.621 -968.518 -1062.64
  193 192.5 29.9148 0.0129839 -955.859 -982.187 -1082.42
  194 193.5 29.8627 0.0129613 -923.108 -936.195 -1105.97
  195 194.5 29.8451 0.0129536 -901.605 -956.633 -1123.36
  196 195.5 29.7922 0.0129306 -936.171 -960.987 -1092.68
  197 196.5 29.7459 0.0129105 -956.089 -968.717 -1039.75
  198 197.5 29.7272 0.0129025 -940.354 -919.341 -1067.14
  199 198.5 29.6608 0.0128736 -981.894 -927.533 -1051.86
  200 199.5 29.5912 0.0128434 -916.871 -931.177 -1018.39
  201 200.5 29.5993 0.0128469 -952.489 -954.66 -1019.1
  202 201.5 29.5408 0.0128215 -965.913 -935.142 -963.708
  203 202.5 29.4831 0.0127965 -1039.29 -970.915 -995.678
  204 203.5 29.4757 0.0127933 -1011.05 -994.645 -909.931
  205 204.5 29.4523 0.0127831 -939.525 -944.465 -900.182
  206 205.5 29.4161 0.0127674 -1024.47 -986.061 -929.669
  207 206.5 29.4183 0.0127684 -993.288 -984.507 -877.206
  208 207.5 29.4308 0.0127738 -973.276 -984.949 -804.626
  209 208.5 29.4471 0.0127809 -967.268 -962.245 -865.954
  210 209.5 29.4884 0.0127988 -1002.63 -982.06 -868.377
  211 210.5 29.5329 0.0128181 -951.612 -978.606 -853.501
  212 211.5 29.5871 0.0128416 -908.521 -949.734 -836.693
  213 212.5 29.6633 0.0128747 -908.023 -900.275 -853.262
  214 213.5 29.7185 0.0128987 -890.194 -959.022 -903.849
  215 214.5 29.8165 0.0129412 -931.356 -911.498 -955.763
  216 215.5 29.9238 0.0129877 -900.665 -824.227 -949.906
  217 216.5 30.0011 0.0130213 -882.201 -826.883 -995.316
  218 217.5 30.0972 0.013063 -809.054 -764.951 -1007.26
  219 218.5 30.2176 0.0131153 -804.632 -814.753 -1000.98
  220 219.5 30.2915 0.0131473 -817.151 -803.485 -1070.3
  221 220.5 30.373 0.0131827 -795.409 -778.756 -1101.16
  222 221.5 30.4731 0.0132262 -800.513 -788.72 -1061.87
  223 222.5 30.5548 0.0132616 -802.241 -754.893 -1122.17
  224 223.5 30.617 0.0132886 -801.942 -834.102 -1097.14
  225 224.5 30.6829 0.0133172 -783.555 -812.293 -1118.85
  226 225.5 30.7881 0.0133629 -896.193 -849.604 -1136.74
  227 226.5 30.8322 0.013382 -831.117 -821.553 -1104.12
  228 227.5 30.8561 0.0133924 -841.52 -848.124 -1083.17
  229 228.5 30.9196 0.0134199 -851.891 -809.057 -1122.93
  230 229.5 31.003 0.0134561 -865.032 -892.114 -1121.1
  231 230.5 31.0022 0.0134558 -923.003 -872.623 -1088.87
  232 231.5 31.0397 0.0134721 -892.944 -894.041 -1080.24
  233 232.5 31.0985 0.0134976 -903.227 -883.669 -1098.42
  234 233.5 31.1181 0.0135061 -863.427 -879.26 -1048.77
  235 234.5 31.1296 0.0135111 -927.664 -905.25 -1063.24
  236 235.5 31.1824 0.013534 -968.912 -977.032 -1109.61
  237 236.5 31.1917 0.0135381 -964.525 -945.693 -1043.14
  238 237.5 31.1956 0.0135398 -948.921 -967.9 -1030.71
  239 238.5 31.2329 0.0135559 -1019.75 -1003.02 -1030.43
  240 239.5 31.2512 0.0135639 -1036.31 -1032.89 -1062.72
  241 240.5 31.2512 0.0135639 -1007.3 -974.024 -1066.44
  242 241.5 31.2583 0.013567 -998.775 -994.701 -1049.8
  243 242.5 31.2602 0.0135678 -976.689 -998.621 -1027.18
  244 243.5 31.2929 0.013582 -952.649 -980.37 -1021.8
  245 244.5 31.3042 0.0135869 -940.768 -944.358 -1000.99
  246 245.5 31.2835 0.0135779 -961.794 -968.132 -1025.73
  247 246.5 31.2934 0.0135822 -946.823 -932.374 -1029.73
  248 247.5 31.3385 0.0136018 -954 -974.778 -1000.19
  249 248.5 31.3039 0.0135868 -947.029 -964.606 -1027.79
  250 249.5 31.2978 0.0135841 -990.21 -940.383 -1051.14
  251 250.5 31.3271 0.0135968 -944.681 -924.771 -1014.28
  252 251.5 31.3418 0.0136032 -953.881 -943.861 -982.548
  253 252.5 31.3253 0.013596 -1030.8 -945.999 -1029.7
  254 253.5 31.2927 0.0135819 -986.889 -1011.53 -1039.85
  255 254.5 31.3422 0.0136034 -929.179 -937.547 -1002.16
  256 255.5 31.355 0.013609 -962.823 -952.519 -983.943
  257 256.5 31.3109 0.0135898 -988.991 -955.616 -1039.22
  258 257.5 31.3162 0.0135921 -941.573 -973.044 -1033.77
  259 258.5 31.351 0.0136072 -972.199 -1003.29 -1024.99
  260 259.5 31.3358 0.0136006 -993.489 -1067.77 -1010.73
  261 260.5 31.3311 0.0135986 -958.532 -1016.69 -943.07
  262 261.5 31.3268 0.0135967 -998.187 -1007.39 -1063.58
  263 262.5 31.309 0.013589 -971.691 -984.366 -1052.56
  264 263.5 31.3109 0.0135898 -941.378 -941.262 -918.692
  265 264.5 31.3063 0.0135878 -1033.97 -990.755 -1036.61
  266 265.5 31.2962 0.0135834 -929.404 -915.724 -990.996
  267 266.5 31.2832 0.0135778 -1002.23 -977.375 -1013.66
  268 267.5 31.2913 0.0135813 -1021.81 -1054.14 -994.769
  269 268.5 31.3094 0.0135891 -1046.8 -1060.05 -989.404
  270 269.5 31.2672 0.0135708 -1004.8 -1002.36 -976.695
  271 270.5 31.2753 0.0135743 -1034.86 -1018.14 -1046.75
  272 271.5 31.2828 0.0135776 -964.685 -944.025 -997.127
  273 272.5 31.2797 0.0135763 -959.96 -983.094 -1004.73
  274 273.5 31.2766 0.0135749 -983.613 -1006.08 -972.432
  275 274.5 31.2637 0.0135693 -998.606 -988.28 -1032.25
  276 275.5 31.3003 0.0135852 -982.58 -1031.08 -947.998
  277 276.5 31.2657 0.0135702 -1023.31 -1031.43 -1024.47
  278 277.5 31.2451 0.0135613 -1009.54 -1012.08 -1017.27
  279 278.5 31.2637 0.0135693 -1008.29 -1015.63 -1035.84
  280 279.5 31.2925 0.0135818 -971.829 -994.819 -960.454
  281 280.5 31.2837 0.013578 -972.973 -1000.16 -981.338
  282 281.5 31.2317 0.0135554 -993.722 -1024.21 -1035.12
  283 282.5 31.259 0.0135673 -970.988 -1031.7 -982.804
  284 283.5 31.2858 0.0135789 -973.135 -1001.26 -1016.14
  285 284.5 31.2761 0.0135747 -971.465 -979.979 -958.472
  286 285.5 31.2349 0.0135568 -989.068 -1065.86 -1038.85
  287 286.5 31.2761 0.0135747 -1008.93 -1008.2 -1013.06
  288 287.5 31.2739 0.0135737 -991.98 -1029.7 -1012.09
  289 288.5 31.2566 0.0135662 -949.961 -937.368 -931.17
  290 289.5 31.2718 0.0135728 -1025.94 -991.974 -1040.12
  291 290.5 31.2519 0.0135642 -992.07 -1050.02 -1038.25
  292 291.5 31.2812 0.0135769 -1056.97 -1021.42 -998.542
  293 292.5 31.2761 0.0135747 -963.622 -1013.08 -952.794
  294 293.5 31.2602 0.0135678 -998.394 -1009.59 -1049.35
  295 294.5 31.2615 0.0135684 -952.816 -950.042 -1024.16
  296 295.5 31.2546 0.0135654 -962.966 -907.892 -952.26
  297 296.5 31.2802 0.0135765 -1011.55 -944.213 -1015.8
  298 297.5 31.2641 0.0135695 -991.348 -910.706 -1000.68
  299 298.5 31.2542 0.0135652 -955.601 -958.998 -1052.99
  300 299.5 31.26 0.0135677 -949.762 -999.411 -997.475
  301 300.5 31.2737 0.0135737 -1001.38 -1052.58 -997.079
  302 301.5 31.2754 0.0135744 -996.684 -1025.26 -999.819
  303 302.5 31.2583 0.013567 -963.565 -1049.45 -994.404
  304 303.5 31.2571 0.0135664 -924.13 -989.042 -1037.37
  305 304.5 31.2623 0.0135687 -967.691 -1000.02 -1029.35
  306 305.5 31.2492 0.013563 -950.235 -1007.51 -1003.39
  307 306.5 31.2506 0.0135636 -1034.7 -1039.65 -981.411
  308 307.5 31.2535 0.0135649 -1001.44 -1109.86 -1050.94
  309 308.5 31.2327 0.0135559 -994.625 -1001.37 -972.514
  310 309.5 31.2387 0.0135585 -1075.62 -1050.5 -1013.45
  311 310.5 31.2587 0.0135671 -1034.73 -1035.12 -1021.18
  312 311.5 31.2436 0.0135606 -1042.37 -1031.76 -1011.63
  313 312.5 31.2122 0.013547 -1009.25 -1018.32 -980.713
  314 313.5 31.2405 0.0135592 -1067.05 -1014.51 -1041.91
  315 314.5 31.2473 0.0135622 -1022.8 -974.149 -963.805
  316 315.5 31.2092 0.0135456 -1045.7 -1047.37 -1002.9
  317 316.5 31.2214 0.013551 -998.715 -1044.47 -1008.64
  318 317.5 31.2288 0.0135542 -1006.09 -1072.43 -1009.39
  319 318.5 31.2428 0.0135602 -1010.5 -1100.18 -991.153
  320 319.5 31.2068 0.0135446 -1015.45 -1056.09 -1003.12
  321 320.5 31.2225 0.0135514 -1034.33 -984.409 -999.307
  322 321.5 31.2271 0.0135534 -1029.12 -982.786 -1014.58
  323 322.5 31.2151 0.0135482 -958.519 -978.82 -985.67
  324 323.5 31.2001 0.0135417 -1035.42 -1009.02 -993.804
  325 324.5 31.2315 0.0135553 -993.763 -1100.24 -1006.07
  326 325.5 31.2343 0.0135566 -974.63 -1054.85 -989.845
  327 326.5 31.1956 0.0135397 -1027.93 -1056.44 -1012.8
  328 327.5 31.2245 0.0135523 -953.403 -1016.82 -977.718
  329 328.5 31.2303 0.0135548 -1023.71 -1045.6 -1002.4
  330 329.5 31.2356 0.0135571 -997.734 -1063.12 -1012.94
  331 330.5 31.1881 0.0135365 -961.224 -1023.74 -996.844
  332 331.5 31.2257 0.0135528 -996.515 -1070.59 -994.628
  333 332.5 31.2533 0.0135648 -1010.21 -971.17 -981.403
  334 333.5 31.2143 0.0135479 -1030.24 -1027.9 -1035.85
  335 334.5 31.208 0.0135451 -971.487 -1012.68 -973.618
  336 335.5 31.2461 0.0135617 -982.237 -1005.63 -990.856
  337 336.5 31.2561 0.013566 -997.036 -1013.15 -1013.66
  338 337.5 31.214 0.0135477 -1018.49 -1019.98 -1029.84
  339 338.5 31.231 0.0135551 -979.726 -1047.86 -985.729
  340 339.5 31.2758 0.0135746 -1004.65 -957.753 -996.159
  341 340.5 31.2629 0.0135689 -982.612 -972.536 -976.764
  342 341.5 31.233 0.013556 -1059.16 -1036.16 -991.168
  343 342.5 31.266 0.0135703 -972.693 -971.82 -1049.61
  344 343.5 31.2913 0.0135813 -1051.87 -1014.6 -1013.98
  345 344.5 31.2586 0.0135671 -1004.09 -1011.13 -999.694
  346 345.5 31.2675 0.013571 -1030.32 -1004.77 -976.736
  347 346.5 31.2962 0.0135834 -941.182 -1002.63 -1033.77
  348 347.5 31.2761 0.0135747 -962.23 -1030.77 -1066.92
  349 348.5 31.2575 0.0135666 -949.219 -965.397 -951.53
  350 349.5 31.2881 0.0135799 -930.739 -953.767 -1013.46
  351 350.5 31.2855 0.0135788 -972.493 -981.371 -1027.05
  352 351.5 31.2964 0.0135835 -966.984 -989.825 -965.717
  353 352.5 31.2687 0.0135715 -1042.88 -1044.98 -1034.96
  354 353.5 31.3014 0.0135857 -1059.77 -1106.72 -1014.74
  355 354.5 31.292 0.0135816 -1003.88 -998.155 -1002.6
  356 355.5 31.2769 0.013575 -1053.96 -1008.49 -971.839
  357 356.5 31.2742 0.0135739 -1060.14 -979.858 -1032.81
  358 357.5 31.2906 0.013581 -1019.58 -1018.94 -1040.27
  359 358.5 31.2819 0.0135772 -982.011 -955.951 -960.83
  360 359.5 31.2552 0.0135656 -973.035 -962.909 -984.014
  361 360.5 31.2741 0.0135738 -992.6 -1001.34 -1054.47
  362 361.5 31.3 0.0135851 -1006.97 -937.371 -949.225
  363 362.5 31.2517 0.0135641 -1017.11 -998.365 -990.663
  364 363.5 31.2601 0.0135677 -948.277 -983.795 -994.455
  365 364.5 31.2934 0.0135822 -1004.99 -1003.73 -1008.59
  366 365.5 31.2758 0.0135746 -1025.18 -981.206 -994.831
  367 366.5 31.2573 0.0135665 -1082.83 -1035.71 -1025.38
  368 367.5 31.2791 0.013576 -990.411 -995.886 -997.683
  369 368.5 31.285 0.0135785 -940.157 -988.07 -976.256
  370 369.5 31.2692 0.0135717 -973.258 -980.361 -960.225
  371 370.5 31.2774 0.0135753 -1005.9 -994.065 -1071.22
  372 371.5 31.2829 0.0135776 -999.179 -940.652 -986.131
  373 372.5 31.2916 0.0135814 -978.984 -981.54 -967.297
  374 373.5 31.3059 0.0135876 -981.432 -1005.08 -992.521
  375 374.5 31.2884 0.01358 -1004.81 -976.598 -1019.7
  376 375.5 31.2898 0.0135806 -992.111 -934.71 -1005.12
  377 376.5 31.3193 0.0135934 -1036.75 -957.768 -1026.84
  378 377.5 31.321 0.0135942 -1023.7 -965.783 -971.699
  379 378.5 31.2936 0.0135823 -985.873 -982.554 -1048.86
  380 379.5 31.3159 0.013592 -1072.19 -945.206 -1003.48
  381 380.5 31.3377 0.0136014 -1005.79 -953.132 -1001.27
  382 381.5 31.3122 0.0135904 -1058.49 -1059.95 -1017.45
  383 382.5 31.3243 0.0135956 -999.176 -1089.05 -1030.84
  384 383.5 31.3065 0.0135879 -1033.36 -1002.93 -1044.13
  385 384.5 31.3338 0.0135997 -1009.44 -1044.75 -994.164
  386 385.5 31.3107 0.0135897 -984.718 -935.002 -1010.95
  387 386.5 31.2981 0.0135842 -946.692 -974.782 -1066.74
  388 387.5 31.3043 0.0135869 -1002.94 -941.627 -1059.9
  389 388.5 31.2885 0.0135801 -921.08 -950.844 -982.902
  390 389.5 31.2838 0.013578 -954.663 -977.021 -1023.68
  391 390.5 31.2701 0.0135721 -923.485 -992.203 -1083.02
  392 391.5 31.2683 0.0135713 -914.234 -1002.26 -1018.03
  393 392.5 31.2339 0.0135564 -906.86 -902.751 -1055.06
  394 393.5 31.2271 0.0135534 -882.344 -895.486 -1064.5
  395 394.5 31.2154 0.0135483 -882.322 -884.022 -1066.37
  396 395.5 31.1989 0.0135412 -933.84 -919.788 -1046.73
  397 396.5 31.1755 0.0135311 -864.859 -924.418 -1065.83
  398 397.5 31.1415 0.0135163 -891.492 -984.113 -1125.88
  399 398.5 31.128 0.0135104 -885.712 -906.202 -1116.88
  400 399.5 31.0651 0.0134831 -863.568 -889.213 -1123.61
  401 400.5 31.0714 0.0134858 -857.017 -944.58 -1116.45
  402 401.5 31.0243 0.0134654 -822.663 -836.094 -1132.96
  403 402.5 30.9503 0.0134333 -788.875 -835.614 -1195.06
  404 403.5 30.9106 0.013416 -833.45 -796.178 -1237.35
  405 404.5 30.871 0.0133989 -755.631 -742.137 -1181.19
  406 405.5 30.7927 0.0133649 -796.512 -763.988 -1236.32
  407 406.5 30.6824 0.013317 -710.029 -702.96 -1289.62
  408 407.5 30.6148 0.0132877 -665.175 -691.514 -1369.29
  409 408.5 30.5212 0.0132471 -595.642 -647.54 -1379.02
  410 409.5 30.3923 0.0131911 -535.865 -594.265 -1395.62
  411 410.5 30.2298 0.0131206 -534.185 -520.809 -1513.59
  412 411.5 30.0838 0.0130572 -399.337 -420.604 -1586.5
  413 412.5 29.9126 0.0129829 -342.739 -324.688 -1610.13
  414 413.5 29.676 0.0128802 -187.731 -120.428 -1704.74
  415 414.5 29.3789 0.0127512 -18.7075 24.4277 -1776.47
  416 415.5 29.0982 0.0126294 134.329 136.615 -1871.59
  417 416.5 28.7213 0.0124658 353.063 361.638 -1945.57
  418 417.5 28.2339 0.0122543 573.701 625.998 -1986.75
  419 418.5 27.6942 0.0120201 867.579 852.122 -1974.93
  420 419.5 27.0272 0.0117306 1089.29 1091.76 -1974.38
  421 420.5 26.2273 0.0113834 1291.31 1318.47 -1907.76
  422 421.5 25.254 0.0109609 1591.27 1570.69 -1810.43
  423 422.5 24.1511 0.0104823 1739.45 1798.84 -1691.99
  424 423.5 22.8917 0.00993564 1886.11 1938.77 -1481.01
  425 424.5 21.4723 0.00931957 1946.4 1975.82 -1217.14
  426 425.5 19.9021 0.00863808 1862.44 1923.69 -918.161
  427 426.5 18.22 0.00790798 1772.74 1780.63 -667.861
  428 427.5 16.4628 0.00714533 1492.81 1484.44 -394.489
  429 428.5 14.6917 0.00637661 1073.18 1076.83 -160.207
  430 429.5 12.9264 0.0056104 512.752 459.692 47.1089
  431 430.5 11.2375 0.00487737 -251.914 -230.092 70.1166
  432 431.5 9.66205 0.0041936 -1192.41 -1127.71 -47.6618
  433 432.5 8.24774 0.00357975 -2217.38 -2246.49 -360.557
  434 433.5 7.01938 0.00304661 -3446.09 -3436.5 -808.006
  435 434.5 5.9612 0.00258733 -4702.65 -4812.37 -1555.76
  436 435.5 5.05811 0.00219536 -6069.02 -6037.12 -2624.08
  437 436.5 4.35386 0.0018897 -7502.31 -7463.79 -3815.73
  438 437.5 3.79253 0.00164607 -8836.09 -8863.6 -5187.8
  439 438.5 3.35439 0.0014559 -10204.7 -10054.5 -6660.56
  440 439.5 3.02496 0.00131292 -11373.3 -11313.9 -8085.2
  441 440.5 2.76695 0.00120093 -12336.1 -12177.4 -9490.16
  442 441.5 2.58372 0.00112141 -12988.6 -12947.3 -10677
  443 442.5 2.45062 0.00106364 -13448.4 -13547.2 -11592
  444 443.5 2.3503 0.0010201 -13909.5 -13878.7 -12459.6
  445 444.5 2.27228 0.000986232 -14197.5 -14253.8 -13144.5
  446 445.5 2.21701 0.000962242 -14491.4 -14519.7 -13694.2
  447 446.5 2.1834 0.000947655 -14661.7 -14695.5 -14061.5
  448 447.5 2.15255 0.000934266 -14856.7 -14912.5 -14341.6
  449 448.5 2.13212 0.000925398 -14940.8 -14975.5 -14577.4
  450 449.5 2.11683 0.000918765 -14937.1 -15114 -14723.8
  451 450.5 2.10568 0.000913924 -15035.4 -15112.5 -14874
  452 451.5 2.08855 0.000906488 -15139.8 -15208.1 -15012.8
  453 452.5 2.08744 0.000906007 -15131.2 -15160.1 -15075.3
  454 453.5 2.08369 0.00090438 -15153.7 -15287.6 -15175.5
  455 454.5 2.06872 0.000897883 -15260.6 -15262.7 -15247.8
  456 455.5 2.07579 0.000900948 -15222.2 -15211.7 -15186.9
  457 456.5 2.08174 0.000903532 -15288.3 -15176.4 -15161.2
  458 457.5 2.07283 0.000899666 -15328.9 -15376.6 -15242.4
  459 458.5 2.06974 0.000898324 -15306 -15442.5 -15280.4
  460 459.5 2.07257 0.000899552 -15184.4 -15385.4 -15278.3
  461 460.5 2.06934 0.000898153 -15200.9 -15370.7 -15292.8
  462 461.5 2.07027 0.000898555 -15250.1 -15336.5 -15262
  463 462.5 2.07716 0.000901544 -15271.3 -15288.9 -15219.8
  464 463.5 2.06813 0.000897628 -15260.4 -15294.6 -15312.5
  465 464.5 2.05811 0.000893277 -15367.5 -15329.6 -15353.3
  466 465.5 2.0628 0.000895314 -15343.4 -15449.9 -15309
  467 466.5 2.06863 0.000897844 -15330.8 -15402.5 -15361
  468 467.5 2.0652 0.000896355 -15342.4 -15424.7 -15314.6
  469 468.5 2.07295 0.000899716 -15505.6 -15346.1 -15193.3
  470 469.5 2.0632 0.000895488 -15435.6 -15400.9 -15323.3
  471 470.5 2.06713 0.000897194 -15336.7 -15350.8 -15350.2
  472 471.5 2.06775 0.000897462 -15232.3 -15283.9 -15335.2
  473 472.5 2.0752 0.000900693 -15281.8 -15175.9 -15226.8
  474 473.5 2.07686 0.000901414 -15299.4 -15235.9 -15259.8
  475 474.5 2.0784 0.000902083 -15293 -15226.4 -15246.1
  476 475.5 2.07251 0.000899525 -15232.7 -15310.7 -15298.3
  477 476.5 2.07357 0.000899987 -15213.7 -15313.1 -15272.9
  478 477.5 2.07594 0.000901018 -15241.3 -15317.5 -15223.5
  479 478.5 2.06812 0.000897622 -15275.7 -15277.1 -15242.7
  480 479.5 2.06783 0.000897497 -15227.3 -15272.3 -15309.9
  481 480.5 2.06072 0.000894408 -15279.7 -15297.4 -15377.7
  482 481.5 2.05721 0.000892884 -15267.3 -15360.6 -15375.9
  483 482.5 2.06205 0.000894989 -15456 -15433.7 -15347.3
  484 483.5 2.05482 0.000891847 -15411 -15384.4 -15424.8
  485 484.5 2.0631 0.000895443 -15284.9 -15360.6 -15288.1
  486 485.5 2.06626 0.000896813 -15253.1 -15252.2 -15336.3
  487 486.5 2.06282 0.000895321 -15262.8 -15305.5 -15327.1
  488 487.5 2.06945 0.000898197 -15207.1 -15324.7 -15284.4
  489 488.5 2.06833 0.000897714 -15294.5 -15379.4 -15326.8
  490 489.5 2.07495 0.000900584 -15306.3 -15365.1 -15264.8
  491 490.5 2.07493 0.000900577 -15277.9 -15339.7 -15239.1
  492 491.5 2.07812 0.000901961 -15369.6 -15317.1 -15200.8
  493 492.5 2.07496 0.000900589 -15499.2 -15394 -15289.6
  494 493.5 2.0688 0.000897916 -15341.4 -15330.1 -15295.3
  495 494.5 2.06735 0.000897288 -15464.7 -15390.3 -15277.2
  496 495.5 2.06568 0.000896563 -15441.5 -15431.7 -15359.1
  497 496.5 2.06352 0.000895623 -15333.9 -15274.3 -15370.9
  498 497.5 2.06401 0.000895838 -15290.6 -15397.4 -15318.7
  499 498.5 2.06492 0.000896234 -15367 -15564.6 -15306.6
  500 499.5 2.06329 0.000895525 -15503.6 -15508.2 -15333.3
  501 500.5 2.06102 0.00089454 -15433.6 -15435.3 -15361.2
  502 501.5 2.05729 0.000892922 -15426.2 -15398.3 -15343.8
  503 502.5 2.06046 0.000894297 -15391.7 -15383.8 -15382
  504 503.5 2.06266 0.000895252 -15389.1 -15313.6 -15338.3
  505 504.5 2.06494 0.000896241 -15427.5 -15350.4 -15319.3
  506 505.5 2.06222 0.000895059 -15435 -15267.8 -15328.9
  507 506.5 2.06403 0.000895845 -15381.5 -15263.2 -15324.4
  508 507.5 2.06094 0.000894504 -15340 -15280.5 -15347.5
  509 508.5 2.06641 0.000896881 -15327.2 -15308.5 -15327.9
  510 509.5 2.06681 0.000897054 -15292.8 -15274.7 -15330.2
  511 510.5 2.06319 0.000895481 -15206.7 -15314.2 -15331.3
  512 511.5 2.06446 0.000896034 -15273 -15326.1 -15319.7
  513 512.5 2.06691 0.000897095 -15311.2 -15293.8 -15337.5
  514 513.5 2.07307 0.000899771 -15203.5 -15278.6 -15270.3
  515 514.5 2.07241 0.000899484 -15150.7 -15311.2 -15256.5
  516 515.5 2.07936 0.000902498 -15054.8 -15285 -15165.7
  517 516.5 2.07078 0.000898775 -15166.3 -15258.2 -15293.4
  518 517.5 2.07513 0.000900664 -15235 -15264.9 -15277.1
  519 518.5 2.07357 0.000899987 -15215.5 -15241.8 -15301.6
  520 519.5 2.07972 0.000902654 -15199.5 -15220.5 -15214.3
  521 520.5 2.08472 0.000904828 -15424.9 -15367.9 -15182.7
  522 521.5 2.08058 0.000903028 -15305.4 -15300.6 -15186.1
  523 522.5 2.08029 0.000902905 -15337.5 -15243.9 -15222.9
  524 523.5 2.07826 0.000902022 -15261.8 -15336.1 -15247.5
  525 524.5 2.07607 0.000901071 -15384.4 -15412.8 -15243.3
  526 525.5 2.07969 0.000902644 -15300.9 -15423.9 -15232.8
  527 526.5 2.08095 0.000903189 -15212.3 -15408.7 -15193.6
  528 527.5 2.07745 0.000901672 -15273.1 -15453.7 -15228.6
  529 528.5 2.08169 0.00090351 -15205.1 -15363.2 -15191.7
  530 529.5 2.07607 0.000901072 -15171.3 -15317.3 -15242.7
  531 530.5 2.07035 0.00089859 -15191.5 -15340.1 -15320.9
  532 531.5 2.06826 0.000897683 -15199.5 -15352.4 -15295.1
  533 532.5 2.06618 0.00089678 -15216.7 -15348.4 -15311.3
  534 533.5 2.07079 0.000898779 -15261.4 -15379.8 -15286.1
  535 534.5 2.06828 0.000897691 -15295 -15287.8 -15291.7
  536 535.5 2.06626 0.000896813 -15323.7 -15291.5 -15301.6
  537 536.5 2.06781 0.000897487 -15419.2 -15234.8 -15319.4
  538 537.5 2.06944 0.000898196 -15368.9 -15267 -15281.6
  539 538.5 2.06252 0.000895189 -15477.9 -15407.1 -15336.3
  540 539.5 2.05799 0.000893227 -15373.2 -15375.8 -15377.9
  541 540.5 2.0624 0.000895139 -15325.4 -15296.5 -15328.3
  542 541.5 2.06964 0.000898283 -15320.2 -15268.2 -15300.4
  543 542.5 2.06047 0.0008943 -15279.4 -15136.6 -15341
  544 543.5 2.0642 0.000895919 -15396.4 -15353.6 -15372.3
  545 544.5 2.06498 0.00089626 -15362.7 -15291.1 -15333.6
  546 545.5 2.06898 0.000897993 -15412.3 -15326.2 -15302.2
  547 546.5 2.06906 0.000898031 -15437.5 -15294.9 -15268
  548 547.5 2.06799 0.000897563 -15352.5 -15412.8 -15304.1
  549 548.5 2.06293 0.00089537 -15296.1 -15471 -15333.9
  550 549.5 2.06602 0.000896708 -15356 -15379.9 -15322
  551 550.5 2.06049 0.00089431 -15332.3 -15477.8 -15345.3
  552 551.5 2.05071 0.000890067 -15479.9 -15463 -15460.4
  553 552.5 2.05823 0.000893328 -15552.6 -15412.5 -15372.7
  554 553.5 2.05925 0.00089377 -15411.7 -15412.6 -15357
  555 554.5 2.06042 0.000894279 -15358 -15376.1 -15349.5
  556 555.5 2.06081 0.000894448 -15391.5 -15431.2 -15383
  557 556.5 2.0626 0.000895225 -15373.2 -15332.7 -15329.8
  558 557.5 2.06705 0.000897159 -15311 -15317.7 -15306.2
  559 558.5 2.0695 0.000898221 -15335.8 -15392.8 -15293.2
  560 559.5 2.06686 0.000897076 -15284.9 -15402.3 -15300.8
  561 560.5 2.06222 0.00089506 -15304.8 -15450.3 -15361.6
  562 561.5 2.06096 0.000894514 -15328.6 -15359 -15389.7
  563 562.5 2.06625 0.00089681 -15342.1 -15438.6 -15261.8
  564 563.5 2.06501 0.000896273 -15394 -15357.8 -15269.6
  565 564.5 2.06045 0.000894292 -15420 -15449 -15416.1
  566 565.5 2.06564 0.000896547 -15405.4 -15409.3 -15329.1
  567 566.5 2.06837 0.00089773 -15370.8 -15362.4 -15320.3
  568 567.5 2.07438 0.000900338 -15402.8 -15313 -15238.8
  569 568.5 2.07329 0.000899866 -15288.7 -15265.8 -15215.2
  570 569.5 2.067 0.000897138 -15305.2 -15353.8 -15331.1
  571 570.5 2.07176 0.000899201 -15333.2 -15313.8 -15309
  572 571.5 2.07598 0.000901033 -15260.8 -15279.7 -15246.2
  573 572.5 2.07741 0.000901652 -15333.2 -15327.9 -15214
  574 573.5 2.07501 0.000900611 -15283 -15341.7 -15285.6
  575 574.5 2.08175 0.000903539 -15277.1 -15376.8 -15208.7
  576 575.5 2.08465 0.000904797 -15154.5 -15230.4 -15153.4
  577 576.5 2.08322 0.000904174 -15249.9 -15265.5 -15187.5
  578 577.5 2.07954 0.000902576 -15344.5 -15256.2 -15210
  579 578.5 2.08292 0.000904044 -15380.2 -15224 -15212.3
  580 579.5 2.08175 0.000903538 -15355.1 -15272 -15191.1
  581 580.5 2.07704 0.000901493 -15386 -15278.8 -15237.4
  582 581.5 2.07286 0.000899678 -15253.9 -15220.4 -15290.6
  583 582.5 2.08218 0.000903725 -15315.9 -15307.2 -15187.8
  584 583.5 2.08339 0.00090425 -15329.1 -15381 -15179.9
  585 584.5 2.07789 0.00090186 -15276.4 -15376.4 -15218
  586 585.5 2.0854 0.000905121 -15294.3 -15214 -15161.2
  587 586.5 2.09253 0.000908215 -15256.1 -15222.8 -15108.1
  588 587.5 2.08946 0.000906882 -15237.4 -15124.1 -15157.4
  589 588.5 2.08739 0.000905984 -15206.6 -15174.6 -15138.4
  590 589.5 2.09604 0.00090974 -15333.4 -15171.4 -15144.9
  591 590.5 2.09941 0.000911201 -15342.8 -15199.1 -15053.2
  592 591.5 2.10337 0.000912921 -15294.9 -15245.5 -14973.9
  593 592.5 2.10611 0.00091411 -15295.8 -15299.2 -14970.6
  594 593.5 2.1072 0.000914583 -15249.3 -15229.5 -14960.7
  595 594.5 2.10866 0.000915217 -15174.8 -15189.8 -14953.7
  596 595.5 2.10374 0.000913083 -15065.7 -15173.7 -14950.6
  597 596.5 2.11651 0.000918624 -15018.4 -15107.8 -14847.4
  598 597.5 2.12006 0.000920166 -14989.2 -15081.8 -14798.2
  599 598.5 2.13147 0.000925119 -14850.1 -14939.4 -14573.5
  600 599.5 2.1544 0.000935069 -14938.5 -14914.8 -14429.5
  601 600.5 2.17209 0.000942745 -14781.3 -14731.1 -14159.8
  602 601.5 2.1999 0.000954819 -14697.6 -14679.5 -13905.5
  603 602.5 2.23575 0.000970379 -14501.4 -14440.3 -13539.3
  604 603.5 2.29776 0.00099729 -14313.3 -14192.5 -12937.4
  605 604.5 2.37577 0.00103115 -13915 -13874.8 -12238.1
  606 605.5 2.48439 0.0010783 -13262.9 -13391.9 -11392.9
  607 606.5 2.63132 0.00114206 -12741.5 -12769.1 -10359.3
  608 607.5 2.83714 0.0012314 -11983.1 -11872.9 -9098.4
  609 608.5 3.09556 0.00134356 -10941.5 -10872.9 -7779.63
  610 609.5 3.45715 0.0015005 -9885.42 -9765.66 -6302.93
  611 610.5 3.92323 0.00170279 -8546.58 -8521.74 -4898.12
  612 611.5 4.5157 0.00195994 -7229.41 -7144.63 -3538.22
  613 612.5 5.25744 0.00228187 -5818.39 -5846.3 -2356.95
  614 613.5 6.17279 0.00267916 -4453.12 -4383.93 -1403.96
  615 614.5 7.25273 0.00314789 -3190.9 -3155.3 -859.228
  616 615.5 8.51154 0.00369424 -1967.4 -1977.1 -361.061
  617 616.5 9.93952 0.00431403 -960.332 -981.264 -78.9631
  618 617.5 11.5261 0.00500263 -146.243 -146.439 26.6814
  619 618.5 13.2311 0.00574267 561.903 567.672 -85.4291
  620 619.5 14.9717 0.00649815 1125.44 1124.97 -252.325
  621 620.5 16.7438 0.00726725 1502.25 1502.82 -509.823
  622 621.5 18.4931 0.00802654 1818.68 1820.24 -744.724
  623 622.5 20.1526 0.00874677 1920.87 1934.6 -1021.72
  624 623.5 21.6946 0.00941607 1891.88 1901.33 -1358.95
80000000 624 13588
  1 0.5 19.6322 0.00852091 1920.03 1916.1 -999.482
  2 1.5 21.2106 0.00920599 1992.33 1932.53 -1306.57
  3 2.5 22.6355 0.00982445 1850.6 1920.76 -1533.27
  4 3.5 23.8919 0.0103698 1727.4 1722.83 -1779.81
  5 4.5 24.9909 0.0108468 1574.51 1577.87 -1918.69
  6 5.5 25.9428 0.0112599 1341.66 1329.75 -2020.94
  7 6.5 26.7236 0.0115988 1063.13 1064.26 -2113.42
  8 7.5 27.3528 0.0118719 833.722 820.641 -2138.48
  9 8.5 27.9102 0.0121138 569.254 558.284 -2062.65
  10 9.5 28.3374 0.0122992 301.213 316.998 -2036.24
  11 10.5 28.6831 0.0124493 51.6437 53.8374 -1981.95
  12 11.5 28.9482 0.0125643 -90.4627 -75.184 -1856.49
  13 12.5 29.211 0.0126784 -231.761 -282.627 -1776.36
  14 13.5 29.3669 0.012746 -389.754 -383.127 -1687.69
  15 14.5 29.5235 0.012814 -464.04 -502.762 -1594.15
  16 15.5 29.6268 0.0128588 -635.316 -619.895 -1574.81
  17 16.5 29.7326 0.0129048 -677.727 -697.639 -1408.32
  18 17.5 29.8163 0.0129411 -804.393 -784.773 -1369.86
  19 18.5 29.8775 0.0129676 -833.765 -815.534 -1340.36
  20 19.5 29.909 0.0129813 -866.467 -881.615 -1305.11
  21 20.5 29.9691 0.0130074 -910.75 -892.779 -1232.24
  22 21.5 30.03 0.0130339 -945.956 -883.885 -1163.21
  23 22.5 30.0252 0.0130318 -929.245 -918.356 -1177.44
  24 23.5 30.0423 0.0130392 -978.386 -966.707 -1196.07
  25 24.5 30.0786 0.013055 -988.95 -1001.39 -1139.94
  26 25.5 30.111 0.013069 -992.768 -953.094 -1052.62
  27 26.5 30.117 0.0130716 -1076.92 -1030.84 -1113.64
  28 27.5 30.1322 0.0130782 -1062.22 -997.839 -1098.72
  29 28.5 30.1368 0.0130802 -1051.95 -990.933 -1057.19
  30 29.5 30.179 0.0130985 -1088.4 -1018.22 -1085.88
  31 30.5 30.1745 0.0130966 -1070.78 -1082.92 -1071.88
  32 31.5 30.1839 0.0131006 -1064.34 -1039 -1076.47
  33 32.5 30.1878 0.0131023 -1062.39 -1031.59 -1057.08
  34 33.5 30.2287 0.0131201 -1030.99 -1033.73 -1020.29
  35 34.5 30.2299 0.0131206 -1019.21 -1009.69 -1051.15
  36 35.5 30.219 0.0131159 -1021.68 -1030.58 -1057.55
  37 36.5 30.2294 0.0131204 -947.623 -1001.89 -1048.17
  38 37.5 30.2572 0.0131325 -1036.84 -1078.73 -1094.2
  39 38.5 30.265 0.0131358 -1087.06 -981.135 -993.144
  40 39.5 30.2454 0.0131274 -1017.56 -1005.35 -1079.8
  41 40.5 30.2721 0.0131389 -1013.58 -1050.4 -1066.21
  42 41.5 30.2864 0.0131452 -1028.2 -1027.53 -1012.32
  43 42.5 30.2859 0.0131449 -1040.12 -1048.54 -1032.84
  44 43.5 30.29 0.0131467 -1038.63 -1092.14 -1106.26
  45 44.5 30.2971 0.0131498 -1009.1 -1032.55 -1040.91
  46 45.5 30.2737 0.0131396 -1034.33 -1064.33 -1009.9
  47 46.5 30.3342 0.0131659 -1062.1 -1095.19 -1086.49
  48 47.5 30.3021 0.013152 -1052.9 -1065.02 -1069.6
  49 48.5 30.2725 0.0131391 -1041.39 -1020.1 -1015.65
  50 49.5 30.3264 0.0131625 -1023.43 -967.243 -1049.09
  51 50.5 30.3248 0.0131618 -976.316 -1022.73 -1024.66
  52 51.5 30.2722 0.013139 -1026.73 -1017.24 -1112.02
  53 52.5 30.2746 0.01314 -1006.03 -1009.78 -1043.1
  54 53.5 30.3194 0.0131595 -979.551 -1029.48 -1034.51
  55 54.5 30.2855 0.0131448 -1025.63 -1027.39 -1025.46
  56 55.5 30.2758 0.0131405 -1020.18 -1000.01 -1038.28
  57 56.5 30.2703 0.0131382 -1026.55 -1002.16 -1070.99
  58 57.5 30.3055 0.0131534 -989.804 -997.422 -1004.9
  59 58.5 30.2582 0.0131329 -1040.9 -1007.48 -1042.64
  60 59.5 30.2728 0.0131392 -1016.96 -1039.12 -1071.42
  61 60.5 30.2688 0.0131375 -1016.91 -1029.4 -1013.6
  62 61.5 30.2811 0.0131428 -1067.91 -1079.44 -1031.48
  63 62.5 30.2546 0.0131313 -1055.36 -1041.74 -1047.37
  64 63.5 30.2445 0.013127 -1024.08 -1015.53 -1021.12
  65 64.5 30.2755 0.0131404 -1033.95 -1049.75 -1061.76
  66 65.5 30.2539 0.013131 -1067.29 -1041.07 -1041.25
  67 66.5 30.2445 0.013127 -1046.58 -1047.9 -1019.83
  68 67.5 30.2508 0.0131297 -1035.2 -1014.27 -1022.55
  69 68.5 30.2422 0.013126 -1034.29 -1097.59 -1091.79
  70 69.5 30.2377 0.013124 -1062.69 -1032.65 -1011.61
  71 70.5 30.2578 0.0131327 -1081.09 -1053.24 -1026.22
  72 71.5 30.23 0.0131207 -1021.22 -1006.26 -1028.97
  73 72.5 30.2173 0.0131151 -1037.14 -1051.03 -1054.08
  74 73.5 30.2204 0.0131165 -1086.73 -1014.65 -1041.25
  75 74.5 30.2112 0.0131125 -1059.98 -949.875 -1049.03
  76 75.5 30.258 0.0131328 -1015.29 -1015.29 -1027.36
  77 76.5 30.1916 0.013104 -1079.07 -1004.81 -1043.27
  78 77.5 30.2472 0.0131281 -1067.78 -1072.44 -1030.31
  79 78.5 30.2182 0.0131155 -1093.69 -1073.45 -1045.13
  80 79.5 30.2141 0.0131138 -1080.08 -1074.38 -1041.14
  81 80.5 30.204 0.0131094 -1061.01 -1056.87 -1032.42
  82 81.5 30.2182 0.0131156 -1089.02 -1020.18 -1066.02
  83 82.5 30.2144 0.0131139 -1107.68 -1029.83 -1027.54
  84 83.5 30.2088 0.0131114 -1029.39 -1049.56 -1025.65
  85 84.5 30.1894 0.013103 -1023.09 -998.75 -1052.87
  86 85.5 30.1894 0.0131031 -934.096 -1049.29 -1063.55
  87 86.5 30.1933 0.0131047 -960.411 -1033.34 -989.239
  88 87.5 30.2039 0.0131093 -1041.06 -1026.37 -1035.01
  89 88.5 30.1816 0.0130997 -1033.17 -1027.26 -1071.37
  90 89.5 30.1803 0.0130991 -1082 -1077.8 -1060.82
  91 90.5 30.2127 0.0131132 -1087.48 -1010.71 -1008.96
  92 91.5 30.2042 0.0131095 -1052.21 -1025.59 -1043.01
  93 92.5 30.1849 0.0131011 -1059.44 -1021.02 -1048.06
  94 93.5 30.1858 0.0131015 -1034.12 -1032.17 -1014.82
  95 94.5 30.1866 0.0131018 -1065.55 -1007.69 -1062.14
  96 95.5 30.188 0.0131024 -1054.74 -1010.16 -1083.96
  97 96.5 30.2085 0.0131113 -984.229 -928.723 -990.14
  98 97.5 30.1744 0.0130965 -1097.15 -996.905 -1036.16
  99 98.5 30.1721 0.0130955 -1017.82 -1040.3 -1061.36
  100 99.5 30.1929 0.0131046 -996.175 -1036.88 -1062.46
  101 100.5 30.1837 0.0131006 -1009.51 -1022.36 -1037.57
  102 101.5 30.1559 0.0130885 -1006.06 -1009.88 -1047.76
  103 102.5 30.1984 0.013107 -1115.22 -1052.53 -1028.24
  104 103.5 30.1957 0.0131058 -1069.63 -1021.04 -1045.76
  105 104.5 30.1686 0.013094 -1084.39 -1081.71 -1075.32
  106 105.5 30.1648 0.0130924 -1051.46 -1035.62 -1037.41
  107 106.5 30.1802 0.013099 -1040.59 -1049.25 -1016.22
  108 107.5 30.1618 0.0130911 -1060.02 -1041.49 -1047.02
  109 108.5 30.1498 0.0130859 -1011 -1089.79 -1070.43
  110 109.5 30.1565 0.0130887 -1042.15 -1007.31 -1012.75
  111 110.5 30.1497 0.0130858 -1129.71 -1083.87 -1066.52
  112 111.5 30.1637 0.0130919 -1046.69 -1055.96 -1051.67
  113 112.5 30.1462 0.0130843 -1088.1 -1063.62 -1029.62
  114 113.5 30.1309 0.0130776 -1083.61 -1025.47 -1058.75
  115 114.5 30.1592 0.0130899 -1022.8 -1043.2 -1016.58
  116 115.5 30.1302 0.0130773 -1047.68 -1020.39 -1062.54
  117 116.5 30.1241 0.0130747 -1030.12 -996.307 -1049.92
  118 117.5 30.1183 0.0130722 -1008.3 -1022.03 -1022.5
  119 118.5 30.1482 0.0130852 -997.156 -1039.99 -1019.8
  120 119.5 30.1128 0.0130698 -1033.27 -1081.93 -1058.45
  121 120.5 30.125 0.0130751 -1094.32 -1020.25 -1019.28
  122 121.5 30.1236 0.0130745 -1131.85 -1098.06 -1071.48
  123 122.5 30.1351 0.0130795 -1092.94 -1072.87 -1032.95
  124 123.5 30.0823 0.0130566 -1030.77 -1018.59 -1026.15
  125 124.5 30.1244 0.0130748 -1067.01 -1073.87 -1072.33
  126 125.5 30.1266 0.0130758 -1013.48 -1059.03 -1034.8
  127 126.5 30.1066 0.0130671 -1078.18 -1082.54 -1034.76
  128 127.5 30.1121 0.0130695 -1044.18 -1009.75 -1018.04
  129 128.5 30.1042 0.0130661 -1083.74 -1004.11 -1042.61
  130 129.5 30.117 0.0130716 -1133.83 -1022.88 -1049.04
  131 130.5 30.1253 0.0130752 -1046.17 -1083.38 -1048.12
  132 131.5 30.1054 0.0130666 -1021.96 -1045.8 -1025.65
  133 132.5 30.1146 0.0130706 -1080.41 -1060.6 -1047.13
  134 133.5 30.1197 0.0130728 -1021.02 -977.893 -1031.24
  135 134.5 30.1144 0.0130705 -1031.54 -1015.66 -1033.3
  136 135.5 30.1073 0.0130674 -1034.28 -1044.35 -1058
  137 136.5 30.0923 0.0130609 -1074.91 -1060.22 -1046.94
  138 137.5 30.111 0.013069 -1042.28 -1047.5 -1024.88
  139 138.5 30.1263 0.0130757 -1035.61 -1021.33 -1024.92
  140 139.5 30.1161 0.0130712 -1054.74 -1030.12 -1067.16
  141 140.5 30.0797 0.0130554 -1059.66 -1057.53 -1079.57
  142 141.5 30.1279 0.0130764 -1044.24 -1018.69 -982.422
  143 142.5 30.14 0.0130816 -1095.31 -1070.73 -1050.18
  144 143.5 30.1122 0.0130695 -1015.76 -1062.02 -1045.84
  145 144.5 30.0822 0.0130565 -1027.92 -1019.84 -1076.3
  146 145.5 30.1159 0.0130711 -963.052 -1017.22 -1052.01
  147 146.5 30.1168 0.0130715 -1027.07 -1034.17 -1041.72
  148 147.5 30.1069 0.0130672 -1038.92 -1037.06 -1020.45
  149 148.5 30.1022 0.0130652 -1085.49 -954.73 -1072.7
  150 149.5 30.1288 0.0130767 -1084.29 -1045.96 -1024.99
  151 150.5 30.1119 0.0130694 -1086 -1043.98 -1038.19
  152 151.5 30.1089 0.0130681 -1102.11 -1030.29 -1035.41
  153 152.5 30.1095 0.0130684 -1073.76 -1046.24 -1052.49
  154 153.5 30.1064 0.013067 -1013.11 -969.036 -1069.02
  155 154.5 30.105 0.0130664 -961.67 -966.926 -1026.99
  156 155.5 30.1037 0.0130658 -1015.62 -1064.76 -1022.41
  157 156.5 30.1181 0.0130721 -975.057 -976.338 -1013.43
  158 157.5 30.1103 0.0130687 -1068.21 -1088.62 -1074.34
  159 158.5 30.0943 0.0130617 -1065.44 -1049.55 -1050.99
  160 159.5 30.1159 0.0130711 -1068.92 -1076.79 -1027.83
  161 160.5 30.1114 0.0130692 -1062.04 -1092.94 -1032.61
  162 161.5 30.1072 0.0130674 -1056.53 -1070.18 -1035.74
  163 162.5 30.1215 0.0130735 -990.198 -1037.37 -1052.85
  164 163.5 30.1258 0.0130754 -1050.81 -1024.44 -1025.29
  165 164.5 30.1014 0.0130648 -1041.14 -1058.73 -1085.88
  166 165.5 30.1282 0.0130765 -1035.92 -992.555 -1040.38
  167 166.5 30.1332 0.0130786 -1002.67 -1019.46 -1012.41
  168 167.5 30.1371 0.0130803 -1021.33 -1038.52 -1051.47
  169 168.5 30.1325 0.0130783 -1025.75 -1020.66 -1033.57
  170 169.5 30.1367 0.0130802 -1011.29 -1039.82 -1052.2
  171 170.5 30.1317 0.013078 -1010.19 -1012.69 -1068.65
  172 171.5 30.1267 0.0130758 -999.746 -1001.35 -1047.26
  173 172.5 30.1301 0.0130773 -1080.04 -1008.96 -1080.51
  174 173.5 30.1501 0.013086 -1090.72 -1053.4 -1016.38
  175 174.5 30.1504 0.0130861 -1043.08 -1035.78 -1035.99
  176 175.5 30.1333 0.0130787 -1018.01 -983.446 -1063.4
  177 176.5 30.1351 0.0130795 -1030.71 -987.576 -1057.44
  178 177.5 30.1243 0.0130748 -1005.52 -972.45 -1098.23
  179 178.5 30.1444 0.0130835 -1031.64 -927.827 -1012.75
  180 179.5 30.1381 0.0130808 -997.251 -1024.25 -1088.16
  181 180.5 30.1079 0.0130676 -967.414 -975.711 -1023.4
  182 181.5 30.1153 0.0130709 -998.465 -999.804 -1068.75
  183 182.5 30.1239 0.0130746 -1077.82 -1014.83 -1068.47
  184 183.5 30.0992 0.0130639 -1030.5 -1038.44 -1073.7
  185 184.5 30.0922 0.0130608 -1066.66 -1065.61 -1066.97
  186 185.5 30.1027 0.0130654 -1020.1 -1031.41 -1052.73
  187 186.5 30.0782 0.0130548 -1024.16 -1031.67 -1055.86
  188 187.5 30.0719 0.0130521 -979.746 -1024.02 -1073.61
  189 188.5 30.0507 0.0130428 -971.823 -1073.15 -1120.88
  190 189.5 30.0477 0.0130415 -991.765 -1046.86 -1038.96
  191 190.5 30.0436 0.0130398 -1034.43 -969.835 -1066.88
  192 191.5 30.0213 0.0130301 -1009.53 -984.226 -1082.84
  193 192.5 29.9898 0.0130164 -1000.9 -1006.19 -1093.78
  194 193.5 29.9651 0.0130057 -945.041 -965.544 -1071.11
  195 194.5 29.9762 0.0130105 -983.992 -958.954 -1076.45
  196 195.5 29.927 0.0129892 -999.385 -960.919 -1110.93
  197 196.5 29.9031 0.0129788 -989.929 -976.504 -1076.44
  198 197.5 29.8679 0.0129635 -953.758 -950.602 -1076.26
  199 198.5 29.8714 0.012965 -936.478 -942.525 -1036.76
  200 199.5 29.8095 0.0129382 -993.373 -919.251 -1035.94
  201 200.5 29.7753 0.0129233 -1021 -997.868 -1089.15
  202 201.5 29.7764 0.0129238 -1041.07 -1009.1 -1076.11
  203 202.5 29.7224 0.0129003 -989.194 -985.573 -1008.26
  204 203.5 29.6916 0.012887 -995.777 -943.735 -1017.44
  205 204.5 29.6834 0.0128834 -958.834 -932.727 -1009.45
  206 205.5 29.6242 0.0128577 -923.33 -958.102 -1027.81
  207 206.5 29.6125 0.0128526 -910.76 -892.834 -987.767
  208 207.5 29.5968 0.0128458 -952.101 -951.895 -962.725
  209 208.5 29.5894 0.0128426 -955.211 -964.592 -947.61
  210 209.5 29.5553 0.0128278 -975.904 -927.538 -931.184
  211 210.5 29.5416 0.0128219 -988.941 -995.929 -983.154
  212 211.5 29.5594 0.0128296 -989.371 -988.841 -944.99
  213 212.5 29.5941 0.0128446 -947.17 -1004.36 -885.339
  214 213.5 29.5666 0.0128327 -989.676 -1009.98 -936.388
  215 214.5 29.6255 0.0128583 -982.668 -956.375 -916.623
  216 215.5 29.6382 0.0128638 -963.868 -908.007 -937.276
  217 216.5 29.6841 0.0128837 -992.946 -931.198 -874.714
  218 217.5 29.74 0.012908 -960.538 -920.721 -933.159
  219 218.5 29.8155 0.0129407 -917.717 -953.194 -938.249
  220 219.5 29.8245 0.0129447 -883.987 -939.323 -947.697
  221 220.5 29.9248 0.0129882 -881.288 -950.371 -934.708
  222 221.5 30.0246 0.0130315 -903.78 -905.629 -945.465
  223 222.5 30.042 0.0130391 -912.087 -929.527 -1009
  224 223.5 30.1429 0.0130829 -877.926 -860.041 -973.132
  225 224.5 30.249 0.0131289 -825.224 -850.974 -985.72
  226 225.5 30.3013 0.0131516 -890.203 -882.718 -1029.82
  227 226.5 30.4024 0.0131955 -864.823 -807.24 -1077.14
  228 227.5 30.4733 0.0132262 -799.332 -816.595 -1040.88
  229 228.5 30.5481 0.0132587 -804.337 -779.007 -1040.27
  230 229.5 30.6251 0.0132921 -806.597 -792.63 -1086.8
  231 230.5 30.7065 0.0133275 -769.21 -786.617 -1128.19
  232 231.5 30.7703 0.0133552 -778.486 -797.947 -1060.68
  233 232.5 30.8347 0.0133831 -842.596 -829.21 -1098.25
  234 233.5 30.8942 0.0134089 -777.931 -844.483 -1120.77
  235 234.5 30.955 0.0134353 -822.823 -819.944 -1114.25
  236 235.5 31.0011 0.0134553 -823.896 -786.345 -1067.1
  237 236.5 31.0262 0.0134662 -877.108 -889.987 -1144.19
  238 237.5 31.089 0.0134935 -793.395 -795.024 -1041.62
  239 238.5 31.1074 0.0135015 -893.286 -916.204 -1106.31
  240 239.5 31.1298 0.0135112 -900.078 -854.843 -1093.45
  241 240.5 31.1661 0.013527 -925.866 -831.583 -1050.7
  242 241.5 31.1805 0.0135332 -950.328 -907.949 -1081.49
  243 242.5 31.2179 0.0135494 -940.736 -938.825 -1090.93
  244 243.5 31.2139 0.0135477 -930.349 -926.741 -1031.67
  245 244.5 31.2382 0.0135582 -941.637 -901.058 -1004.53
  246 245.5 31.2587 0.0135671 -972.785 -981.485 -1094.6
  247 246.5 31.2648 0.0135698 -1000.82 -991.888 -1033.2
  248 247.5 31.2724 0.0135731 -966.158 -975.821 -1027.27
  249 248.5 31.2897 0.0135806 -942.059 -915.304 -1035.02
  250 249.5 31.2963 0.0135835 -982.571 -992.046 -1017.93
  251 250.5 31.2952 0.013583 -997.96 -960.737 -1004.61
  252 251.5 31.3239 0.0135954 -1028.45 -996.304 -1055.36
  253 252.5 31.3226 0.0135949 -1001.96 -992.662 -1014.1
  254 253.5 31.3455 0.0136048 -1054.25 -994.47 -1003.81
  255 254.5 31.3277 0.0135971 -1065.6 -983.957 -1033.42
  256 255.5 31.3432 0.0136038 -980.609 -962.523 -1031.51
  257 256.5 31.3551 0.013609 -991.014 -1006.16 -993.855
  258 257.5 31.335 0.0136003 -990.076 -973.742 -997.907
  259 258.5 31.3427 0.0136036 -951.911 -996.728 -972.207
  260 259.5 31.3448 0.0136045 -974.773 -1011.28 -1072.65
  261 260.5 31.3626 0.0136123 -1019.28 -978.246 -988.493
  262 261.5 31.3648 0.0136132 -1002.68 -1066.09 -997.842
  263 262.5 31.3543 0.0136086 -1057.42 -1084.46 -1016.76
  264 263.5 31.3621 0.013612 -1067.21 -1053.44 -1005.79
  265 264.5 31.389 0.0136237 -986.436 -981.7 -1005.94
  266 265.5 31.3573 0.0136099 -1053.86 -984.374 -993.673
  267 266.5 31.3555 0.0136092 -1040.11 -993.108 -1017.35
  268 267.5 31.3998 0.0136284 -982.024 -971.428 -1022.61
  269 268.5 31.3661 0.0136137 -909.85 -954.538 -991.354
  270 269.5 31.3658 0.0136136 -996.313 -1011.94 -990.053
  271 270.5 31.3714 0.0136161 -980.199 -1018.6 -1009.83
  272 271.5 31.3924 0.0136252 -1008.87 -1023.15 -1008.52
  273 272.5 31.3758 0.013618 -1026.95 -1034.98 -991.597
  274 273.5 31.37 0.0136155 -982.628 -990.217 -998.432
  275 274.5 31.3991 0.0136281 -984.65 -1010.8 -1014.72
  276 275.5 31.3766 0.0136183 -995.574 -1025.13 -1046.99
  277 276.5 31.354 0.0136085 -928.957 -1013.68 -977.578
  278 277.5 31.3944 0.0136261 -970.052 -979.33 -978.721
  279 278.5 31.3803 0.0136199 -959.036 -1005.85 -1018.92
  280 279.5 31.385 0.013622 -984.892 -1004.71 -947.378
  281 280.5 31.3594 0.0136109 -1003.19 -1021.97 -1019.42
  282 281.5 31.382 0.0136206 -966.997 -1009.93 -1040.29
  283 282.5 31.3725 0.0136166 -984.57 -999.477 -992.773
  284 283.5 31.3671 0.0136142 -1025.94 -1002.1 -959.368
  285 284.5 31.3927 0.0136253 -969.286 -1024.75 -1031.72
  286 285.5 31.3569 0.0136098 -1027.26 -993.369 -1049.5
  287 286.5 31.379 0.0136194 -964.487 -961.056 -933.995
  288 287.5 31.3917 0.0136249 -933.008 -979.89 -992.989
  289 288.5 31.3857 0.0136223 -942.291 -1005.89 -999.765
  290 289.5 31.3472 0.0136055 -1037.62 -977.342 -994.183
  291 290.5 31.3808 0.0136202 -998.561 -1013.58 -1014.76
  292 291.5 31.3909 0.0136245 -973.548 -1002.58 -1007.67
  293 292.5 31.3662 0.0136138 -989.017 -996.966 -1028.93
  294 293.5 31.3686 0.0136149 -978.906 -1016.74 -988.886
  295 294.5 31.3902 0.0136242 -944.237 -1016.44 -968.839
  296 295.5 31.3954 0.0136265 -1007.9 -973.967 -1030.49
  297 296.5 31.3829 0.013621 -995.461 -1012.94 -992.213
  298 297.5 31.3661 0.0136137 -1067.06 -998.838 -1008.87
  299 298.5 31.3975 0.0136274 -1069.63 -1046.64 -1011.13
  300 299.5 31.4138 0.0136345 -1043.79 -1032.41 -964.104
  301 300.5 31.3827 0.013621 -1082.48 -1044.6 -1041.51
  302 301.5 31.3689 0.013615 -1085.17 -1049.72 -1022.07
  303 302.5 31.4054 0.0136308 -1019.15 -1015.27 -981.033
  304 303.5 31.3966 0.013627 -990.352 -965.893 -985.074
  305 304.5 31.3672 0.0136143 -1031.47 -939.387 -1007.73
  306 305.5 31.3645 0.0136131 -997.8 -985.673 -1052.11
  307 306.5 31.3782 0.013619 -970.231 -993.949 -955.374
  308 307.5 31.3904 0.0136243 -1046.19 -1093.84 -995.87
  309 308.5 31.352 0.0136076 -1023.43 -1043.02 -998.949
  310 309.5 31.3584 0.0136104 -1008.6 -1040.37 -1047.02
  311 310.5 31.3782 0.013619 -947.802 -1021.39 -954.244
  312 311.5 31.3846 0.0136218 -989.077 -987.795 -964.576
  313 312.5 31.3602 0.0136112 -973.501 -1040.9 -1013.89
  314 313.5 31.359 0.0136107 -968.988 -990.187 -1018.81
  315 314.5 31.3776 0.0136187 -964.569 -1013.24 -991.3
  316 315.5 31.3782 0.013619 -979.466 -963.18 -1000.85
  317 316.5 31.3491 0.0136064 -1029.19 -1019.73 -1004.24
  318 317.5 31.3743 0.0136173 -978.389 -955.904 -998.986
  319 318.5 31.3981 0.0136276 -1006.33 -930.283 -990.096
  320 319.5 31.3539 0.0136085 -1006.83 -961.957 -1022.23
  321 320.5 31.3574 0.01361 -1048.3 -980.313 -993.417
  322 321.5 31.3908 0.0136245 -996.57 -983.003 -998.621
  323 322.5 31.371 0.0136159 -944.446 -1004.74 -1002.49
  324 323.5 31.3463 0.0136052 -981.967 -1063.87 -1007.91
  325 324.5 31.3662 0.0136138 -996.08 -986.483 -1022.42
  326 325.5 31.3873 0.013623 -1076.34 -984.232 -1009.21
  327 326.5 31.3521 0.0136077 -972.575 -964.342 -994.283
  328 327.5 31.3513 0.0136073 -1019.77 -958.22 -1007.44
  329 328.5 31.3565 0.0136096 -929.014 -1006.7 -1016.83
  330 329.5 31.3649 0.0136132 -985.057 -959.112 -997.909
  331 330.5 31.3571 0.0136098 -1026.78 -975.719 -971.22
  332 331.5 31.3365 0.0136009 -1000.76 -990.29 -1014.09
  333 332.5 31.363 0.0136124 -1004.8 -990.581 -1004.71
  334 333.5 31.3462 0.0136051 -1046.1 -971.823 -1007.93
  335 334.5 31.3177 0.0135928 -994.527 -1006.37 -1001.35
  336 335.5 31.347 0.0136055 -1000.38 -1000.43 -983.003
  337 336.5 31.3592 0.0136108 -1015.74 -1007.6 -974.802
  338 337.5 31.3407 0.0136027 -1018.9 -1004.82 -1021.54
  339 338.5 31.3211 0.0135942 -1002.55 -1018.2 -990.283
  340 339.5 31.3581 0.0136103 -1020.45 -1039.13 -1011.78
  341 340.5 31.364 0.0136128 -963.96 -1008.43 -977.858
  342 341.5 31.3379 0.0136015 -970.499 -1034.88 -954.905
  343 342.5 31.34 0.0136024 -971.566 -984.874 -1019.93
  344 343.5 31.3283 0.0135973 -954.785 -980.451 -1032.63
  345 344.5 31.3287 0.0135975 -975.296 -922.885 -1016.82
  346 345.5 31.3534 0.0136083 -985.433 -1000.29 -981.854
  347 346.5 31.344 0.0136042 -1010.09 -1032.49 -978.774
  348 347.5 31.3225 0.0135948 -958.132 -927.35 -975.749
  349 348.5 31.356 0.0136094 -1014.5 -964.011 -1024.53
  350 349.5 31.3447 0.0136045 -1011.89 -1028.57 -1041.2
  351 350.5 31.3387 0.0136019 -968.409 -957.909 -968.893
  352 351.5 31.3437 0.013604 -962.106 -977.45 -980.777
  353 352.5 31.338 0.0136016 -990.502 -999.116 -1047.06
  354 353.5 31.3384 0.0136018 -1025.45 -1021.8 -976.128
  355 354.5 31.3617 0.0136119 -1036.67 -1022.96 -998.892
  356 355.5 31.3506 0.013607 -1030.27 -970.064 -1003.84
  357 356.5 31.3461 0.0136051 -1016.05 -1038.9 -1037.07
  358 357.5 31.337 0.0136011 -1014.44 -996.727 -984.564
  359 358.5 31.3621 0.013612 -998.802 -1006.09 -997.592
  360 359.5 31.3383 0.0136017 -1037.51 -1001.23 -1029.77
  361 360.5 31.3401 0.0136025 -979.186 -975.4 -1015.51
  362 361.5 31.3321 0.013599 -976.851 -976.973 -981.648
  363 362.5 31.3378 0.0136015 -1009.41 -973.422 -1012.78
  364 363.5 31.3446 0.0136044 -1059.53 -1011.05 -1009.1
  365 364.5 31.351 0.0136072 -1013.93 -969.886 -1019.79
  366 365.5 31.3235 0.0135953 -938.293 -930.613 -1006.73
  367 366.5 31.3079 0.0135885 -977.254 -935.255 -979.354
  368 367.5 31.3499 0.0136067 -1005.98 -961.498 -993.417
  369 368.5 31.327 0.0135968 -1022.04 -1035.52 -1005.8
  370 369.5 31.3129 0.0135907 -996.892 -1034.69 -1003.37
  371 370.5 31.3163 0.0135921 -1023.24 -1038.04 -995.821
  372 371.5 31.3384 0.0136018 -1039.57 -1067.63 -1020.65
  373 372.5 31.3128 0.0135906 -1040.9 -988.132 -1005.36
  374 373.5 31.3167 0.0135923 -1049.56 -1031.3 -1022.56
  375 374.5 31.3349 0.0136002 -1024.05 -988.947 -955.568
  376 375.5 31.3362 0.0136008 -999.259 -998.454 -1030.29
  377 376.5 31.3015 0.0135857 -991.898 -994.023 -1005.67
  378 377.5 31.3105 0.0135896 -995.746 -1006.15 -994.618
  379 378.5 31.3284 0.0135974 -1010.7 -1029.14 -1031.52
  380 379.5 31.3345 0.0136001 -976.314 -982.947 -981.727
  381 380.5 31.3007 0.0135854 -1008.68 -942.342 -987.399
  382 381.5 31.2795 0.0135762 -997.409 -988.94 -1017.86
  383 382.5 31.3317 0.0135988 -999.499 -949.369 -1008.35
  384 383.5 31.3125 0.0135905 -984.065 -985.446 -1008
  385 384.5 31.2733 0.0135735 -1004.51 -1014.36 -986.992
  386 385.5 31.2851 0.0135786 -960.331 -991.299 -1010.11
  387 386.5 31.3131 0.0135908 -995.442 -1000.17 -1077.33
  388 387.5 31.2924 0.0135818 -1006.93 -994.444 -985.656
  389 388.5 31.2581 0.0135669 -1030.01 -1007.35 -1018.02
  390 389.5 31.3073 0.0135882 -968.555 -982.278 -1020.91
  391 390.5 31.2933 0.0135822 -1003.97 -957.057 -1032.69
  392 391.5 31.2525 0.0135645 -919.915 -968.016 -1014.4
  393 392.5 31.2366 0.0135576 -950.591 -972.964 -1039.64
  394 393.5 31.2931 0.0135821 -960.158 -1023.09 -1053.46
  395 394.5 31.2462 0.0135617 -1032.5 -1029.53 -1062.52
  396 395.5 31.2096 0.0135458 -982.995 -967.551 -1027.79
  397 396.5 31.2067 0.0135446 -962.468 -928.953 -1064.51
  398 397.5 31.2177 0.0135493 -988 -930.876 -1072.27
  399 398.5 31.1826 0.0135341 -971.32 -870.73 -1039.84
  400 399.5 31.138 0.0135147 -939.214 -919.476 -1111.58
  401 400.5 31.1256 0.0135094 -904.115 -910.203 -1112.32
  402 401.5 31.1064 0.013501 -883.939 -861.652 -1066.65
  403 402.5 31.0699 0.0134852 -884.236 -899.76 -1100.67
  404 403.5 31.0372 0.013471 -919.727 -870.434 -1150.25
  405 404.5 30.989 0.0134501 -874.825 -878.745 -1164.59
  406 405.5 30.9566 0.013436 -897.698 -882.752 -1182.17
  407 406.5 30.8932 0.0134085 -874.417 -840.075 -1226.91
  408 407.5 30.812 0.0133733 -780.872 -764.271 -1257.75
  409 408.5 30.7924 0.0133648 -698.926 -693.265 -1256.64
  410 409.5 30.6923 0.0133213 -671.418 -702.797 -1361.93
  411 410.5 30.5798 0.0132725 -619.163 -581.855 -1404.61
  412 411.5 30.5002 0.0132379 -574.256 -559.887 -1421.21
  413 412.5 30.3661 0.0131797 -486.715 -474.309 -1498.54
  414 413.5 30.2295 0.0131204 -424.808 -352.1 -1614.89
  415 414.5 30.0349 0.013036 -244.57 -239.667 -1677.57
  416 415.5 29.825 0.0129449 -106.372 -147.934 -1776.02
  417 416.5 29.5941 0.0128447 68.728 52.6786 -1848.91
  418 417.5 29.2675 0.0127029 256.916 219.852 -1930.14
  419 418.5 28.9106 0.012548 487.021 483.392 -2037.73
  420 419.5 28.4518 0.0123489 750.676 722.9 -2082.82
  421 420.5 27.9276 0.0121214 1001.24 1001.38 -2029.96
  422 421.5 27.2567 0.0118302 1293.68 1272.18 -2046.51
  423 422.5 26.4389 0.0114752 1564.88 1534.97 -1967.29
  424 423.5 25.4558 0.0110485 1812.37 1842.3 -1787.67
  425 424.5 24.3141 0.010553 2002.92 1997.1 -1588.49
  426 425.5 22.9797 0.00997385 2027.8 2047.4 -1378.41
  427 426.5 21.456 0.00931251 2068.72 2013.65 -1024.56
  428 427.5 19.8093 0.00859778 1936.18 1956.86 -710.291
  429 428.5 18.055 0.00783639 1666.67 1688.53 -461.792
  430 429.5 16.2202 0.00704003 1366.93 1371.48 -174.341
  431 430.5 14.3793 0.006241 867.132 916.569 11.1556
  432 431.5 12.6081 0.00547226 192.799 236.028 109.424
  433 432.5 10.9297 0.00474379 -514.799 -594.557 88.2858
  434 433.5 9.38703 0.00407423 -1461.86 -1491.93 -88.2975
  435 434.5 8.01385 0.00347823 -2533.22 -2511.81 -551.123
  436 435.5 6.84292 0.00297002 -3583.17 -3624.7 -1037.11
  437 436.5 5.84598 0.00253732 -4941.46 -4839.73 -1846.79
  438 437.5 5.01001 0.00217448 -6142.14 -6193.47 -2783.27
  439 438.5 4.33804 0.00188283 -7462.28 -7470.01 -3964.77
  440 439.5 3.78699 0.00164366 -8665.1 -8722.76 -5364.93
  441 440.5 3.36164 0.00145904 -9915.32 -10000.2 -6773.43
  442 441.5 3.03897 0.001319 -11035.2 -11139.8 -8103.71
  443 442.5 2.78675 0.00120953 -12046.1 -12025.4 -9388.72
  444 443.5 2.59748 0.00112738 -12825.8 -12840.6 -10577.9
  445 444.5 2.45964 0.00106755 -13469 -13480.6 -11593.4
  446 445.5 2.3558 0.00102248 -13938.6 -13918.4 -12401.2
  447 446.5 2.27867 0.000989008 -14342.6 -14339.6 -13085.1
  448 447.5 2.22743 0.000966765 -14648 -14603.4 -13600.1
  449 448.5 2.17776 0.000945207 -14783.2 -14703.9 -14090.9
  450 449.5 2.14163 0.000929526 -15019.8 -14944.8 -14430.7
  451 450.5 2.11727 0.000918954 -15179.1 -15015.2 -14673.7
  452 451.5 2.09672 0.000910033 -15230.9 -15226.8 -14908.9
  453 452.5 2.08859 0.000906504 -15325.9 -15269.4 -15030
  454 453.5 2.08435 0.000904664 -15330.8 -15290.3 -15043.9
  455 454.5 2.07938 0.000902509 -15337 -15323.1 -15137.1
  456 455.5 2.07142 0.000899056 -15318.4 -15363.1 -15213.9
  457 456.5 2.0671 0.000897178 -15324 -15340.4 -15281.7
  458 457.5 2.07031 0.000898574 -15388.5 -15271.3 -15238.8
  459 458.5 2.07248 0.000899513 -15388.4 -15312 -15261.9
  460 459.5 2.06824 0.000897675 -15457.6 -15324 -15333.7
  461 460.5 2.06407 0.000895865 -15495.8 -15315.8 -15325.1
  462 461.5 2.06967 0.000898292 -15473.3 -15353.1 -15277.1
  463 462.5 2.0657 0.000896573 -15351.7 -15314.3 -15335.4
  464 463.5 2.06132 0.000894671 -15435.4 -15386.3 -15379.5
  465 464.5 2.05743 0.000892981 -15432 -15327.4 -15361.2
  466 465.5 2.06453 0.000896064 -15268.6 -15196.3 -15350.4
  467 466.5 2.06485 0.000896204 -15141.2 -15209.7 -15339.3
  468 467.5 2.07092 0.000898836 -15272.2 -15198.5 -15292.4
  469 468.5 2.07106 0.000898896 -15331.1 -15237.2 -15267.1
  470 469.5 2.06162 0.000894799 -15423.9 -15298.3 -15423.2
  471 470.5 2.06339 0.000895569 -15250.8 -15217.5 -15310.7
  472 471.5 2.05789 0.000893181 -15293.3 -15238 -15380.6
  473 472.5 2.06378 0.000895738 -15304.8 -15260.3 -15344.6
  474 473.5 2.06849 0.00089778 -15248 -15272.3 -15324.5
  475 474.5 2.06336 0.000895556 -15272.6 -15287.1 -15336.3
  476 475.5 2.06737 0.000897297 -15221.8 -15292.7 -15305.4
  477 476.5 2.06812 0.000897623 -15318 -15307.8 -15377.5
  478 477.5 2.06778 0.000897474 -15209.1 -15302.7 -15319
  479 478.5 2.06569 0.000896568 -15243.9 -15295.9 -15353.9
  480 479.5 2.07223 0.000899406 -15262.9 -15225.4 -15263.4
  481 480.5 2.06838 0.000897736 -15219 -15252.9 -15315.8
  482 481.5 2.06912 0.000898056 -15286.7 -15272.1 -15316.2
  483 482.5 2.06716 0.000897203 -15168.5 -15290.6 -15298.5
  484 483.5 2.05963 0.000893938 -15327.7 -15267.6 -15363.3
  485 484.5 2.05587 0.000892306 -15370.7 -15391.5 -15462.1
  486 485.5 2.06512 0.00089632 -15361.6 -15420.8 -15315
  487 486.5 2.06195 0.000894942 -15431.4 -15554.3 -15360.4
  488 487.5 2.06057 0.000894344 -15445.9 -15419.3 -15334.9
  489 488.5 2.06154 0.000894767 -15488 -15322.9 -15357.7
  490 489.5 2.054 0.000891494 -15429.5 -15396.3 -15417.3
  491 490.5 2.05869 0.00089353 -15523.5 -15378.2 -15418.2
  492 491.5 2.06008 0.000894134 -15403 -15325.8 -15357.6
  493 492.5 2.06305 0.000895423 -15410 -15329.4 -15306.9
  494 493.5 2.06276 0.000895295 -15375.8 -15350.4 -15389.8
  495 494.5 2.06573 0.000896582 -15359.1 -15477.8 -15349.6
  496 495.5 2.06521 0.000896359 -15323.1 -15380.3 -15331.8
  497 496.5 2.06977 0.000898338 -15370.3 -15422 -15334.2
  498 497.5 2.07344 0.000899933 -15326.8 -15434.6 -15278.3
  499 498.5 2.07079 0.000898779 -15343.4 -15464.5 -15293
  500 499.5 2.06303 0.00089541 -15369.1 -15420.7 -15360.3
  501 500.5 2.06361 0.000895664 -15398.2 -15413.3 -15346.7
  502 501.5 2.0604 0.000894272 -15404.6 -15281.2 -15352.1
  503 502.5 2.06091 0.000894491 -15298.1 -15321.7 -15409.7
  504 503.5 2.05664 0.000892638 -15317.7 -15294.8 -15365.3
  505 504.5 2.05809 0.000893267 -15375.9 -15398.7 -15399
  506 505.5 2.05791 0.000893192 -15322 -15308.5 -15366.5
  507 506.5 2.06447 0.000896038 -15432.6 -15262.9 -15354.6
  508 507.5 2.05816 0.000893298 -15404 -15292.9 -15391.6
  509 508.5 2.05207 0.000890655 -15376.7 -15330.2 -15396.6
  510 509.5 2.05751 0.000893016 -15322.3 -15417.6 -15422.6
  511 510.5 2.06223 0.000895064 -15270.3 -15389 -15341.3
  512 511.5 2.06473 0.000896149 -15392.2 -15340.1 -15300.1
  513 512.5 2.06079 0.000894441 -15450.9 -15502.4 -15433.8
  514 513.5 2.06084 0.000894463 -15538.3 -15413.6 -15388.1
  515 514.5 2.06667 0.000896993 -15556.5 -15455.9 -15304.4
  516 515.5 2.06914 0.000898063 -15552.7 -15371.2 -15300.6
  517 516.5 2.06954 0.000898238 -15458.3 -15359.6 -15279.4
  518 517.5 2.06096 0.000894516 -15518.9 -15318.9 -15371.1
  519 518.5 2.06712 0.000897186 -15421 -15382.9 -15350.7
  520 519.5 2.06247 0.000895171 -15428 -15303.6 -15355.2
  521 520.5 2.05933 0.000893805 -15362.3 -15145.1 -15383.6
  522 521.5 2.07432 0.000900311 -15256.8 -15152.7 -15264.4
  523 522.5 2.0733 0.000899872 -15303.3 -15243 -15311.6
  524 523.5 2.06734 0.000897283 -15323.7 -15242.9 -15288.1
  525 524.5 2.07075 0.000898764 -15380.7 -15280.5 -15276.8
  526 525.5 2.07238 0.000899471 -15368.3 -15301.7 -15320.4
  527 526.5 2.06736 0.000897293 -15405.2 -15222.4 -15330.1
  528 527.5 2.06426 0.000895947 -15370.1 -15265.1 -15369.7
  529 528.5 2.07206 0.00089933 -15300.1 -15296.2 -15271.7
  530 529.5 2.06509 0.000896306 -15220.4 -15217 -15363.9
  531 530.5 2.06663 0.000896975 -15368 -15265.3 -15314.1
  532 531.5 2.06734 0.000897285 -15390.5 -15315 -15284.3
  533 532.5 2.06517 0.000896342 -15340.9 -15381 -15336
  534 533.5 2.06492 0.000896234 -15402.3 -15509.7 -15338.2
  535 534.5 2.06521 0.000896358 -15445.9 -15430.3 -15363.6
  536 535.5 2.06701 0.000897138 -15347.1 -15433.7 -15318.2
  537 536.5 2.06697 0.000897125 -15367 -15485 -15354.9
  538 537.5 2.07015 0.000898501 -15268.3 -15541.2 -15258.9
  539 538.5 2.06064 0.000894374 -15358.8 -15407.2 -15393.3
  540 539.5 2.05864 0.000893507 -15402.8 -15437.3 -15396.4
  541 540.5 2.05749 0.000893008 -15386.2 -15341.1 -15417.8
  542 541.5 2.05502 0.000891937 -15404.7 -15337.7 -15377
  543 542.5 2.05841 0.000893406 -15381.5 -15396.2 -15411.5
  544 543.5 2.05959 0.000893921 -15384.8 -15388 -15392
  545 544.5 2.05742 0.000892979 -15449 -15428.2 -15380.6
  546 545.5 2.06654 0.000896936 -15462.9 -15353.2 -15341.2
  547 546.5 2.05715 0.000892862 -15503.8 -15449.3 -15373.8
  548 547.5 2.04828 0.000889012 -15510.7 -15402.9 -15460.3
  549 548.5 2.04757 0.000888701 -15487.7 -15448.4 -15474
  550 549.5 2.05337 0.00089122 -15446.8 -15427.7 -15399.2
  551 550.5 2.04831 0.000889024 -15409.5 -15467.2 -15445.6
  552 551.5 2.04736 0.000888609 -15321.7 -15449.2 -15483.5
  553 552.5 2.04495 0.000887564 -15386.7 -15291.1 -15498.7
  554 553.5 2.05094 0.000890164 -15365.9 -15364.3 -15472.4
  555 554.5 2.06243 0.00089515 -15461.1 -15296.8 -15379
  556 555.5 2.06635 0.000896855 -15511.8 -15333.5 -15265.9
  557 556.5 2.06312 0.00089545 -15483.1 -15354.8 -15364.8
  558 557.5 2.05279 0.000890967 -15436.7 -15401.5 -15424.7
  559 558.5 2.05593 0.000892333 -15398.9 -15360.2 -15377.8
  560 559.5 2.06441 0.000896011 -15524.7 -15345 -15393.1
  561 560.5 2.06446 0.000896032 -15472.2 -15427.4 -15342.6
  562 561.5 2.06521 0.000896361 -15556 -15453.2 -15314.8
  563 562.5 2.06212 0.000895019 -15476.2 -15450.7 -15360.8
  564 563.5 2.06832 0.000897707 -15438.8 -15398.8 -15331.7
  565 564.5 2.07115 0.000898936 -15264.1 -15336.8 -15281
  566 565.5 2.05825 0.000893339 -15281.8 -15426 -15421.7
  567 566.5 2.06507 0.000896297 -15203 -15363 -15319.5
  568 567.5 2.05959 0.00089392 -15295 -15314.6 -15389.3
  569 568.5 2.06437 0.000895993 -15327.4 -15380.5 -15329.1
  570 569.5 2.06212 0.000895018 -15217.4 -15329.7 -15338.4
  571 570.5 2.06191 0.000894926 -15407.2 -15435.1 -15413.2
  572 571.5 2.06795 0.000897549 -15375.4 -15374.5 -15289.5
  573 572.5 2.06397 0.000895822 -15201.4 -15244.9 -15337.4
  574 573.5 2.06854 0.000897806 -15296.7 -15340.4 -15311.8
  575 574.5 2.06795 0.000897548 -15365.8 -15392.4 -15318.7
  576 575.5 2.07063 0.000898709 -15360.9 -15346 -15286.6
  577 576.5 2.06761 0.000897402 -15264.3 -15257.2 -15333.1
  578 577.5 2.05993 0.000894067 -15371 -15251 -15418.3
  579 578.5 2.06627 0.000896818 -15327.7 -15225.2 -15298
  580 579.5 2.0671 0.000897179 -15358 -15282.7 -15331.6
  581 580.5 2.0611 0.000894576 -15333.4 -15255.5 -15390.8
  582 581.5 2.0682 0.000897658 -15313.3 -15260.6 -15317
  583 582.5 2.06965 0.000898287 -15375.4 -15280 -15249.9
  584 583.5 2.06556 0.00089651 -15345.2 -15326.3 -15336.1
  585 584.5 2.06391 0.000895796 -15308.6 -15358.8 -15403.8
  586 585.5 2.05897 0.000893651 -15240.4 -15306.8 -15358.4
  587 586.5 2.06018 0.000894175 -15363 -15303.1 -15346.9
  588 587.5 2.05466 0.000891781 -15392.4 -15302.2 -15452.7
  589 588.5 2.05426 0.000891606 -15425.4 -15308.4 -15397.9
  590 589.5 2.04307 0.000886749 -15407.3 -15315.8 -15489.2
  591 590.5 2.05118 0.000890267 -15370.7 -15301.3 -15422.9
  592 591.5 2.04881 0.00088924 -15450.4 -15430.8 -15446
  593 592.5 2.05499 0.000891924 -15427.7 -15241.1 -15363.1
  594 593.5 2.05955 0.000893901 -15370 -15271 -15375.5
  595 594.5 2.06551 0.000896491 -15434 -15272.9 -15270.2
  596 595.5 2.0701 0.000898479 -15416.4 -15256.1 -15253.3
  597 596.5 2.07665 0.000901325 -15398.4 -15245 -15223.3
  598 597.5 2.08034 0.000902926 -15417.8 -15162.5 -15130.7
  599 598.5 2.08401 0.000904519 -15363.2 -15220.7 -15105.5
  600 599.5 2.09549 0.000909502 -15283.3 -15117.6 -14974.3
  601 600.5 2.11178 0.00091657 -15175.4 -15122 -14778.8
  602 601.5 2.11805 0.000919292 -15183.6 -15107.3 -14729.9
  603 602.5 2.1354 0.000926825 -15004.8 -15014.4 -14513.7
  604 603.5 2.15882 0.00093699 -14967.6 -14834.4 -14247.5
  605 604.5 2.20289 0.000956115 -14744.8 -14647.6 -13805.3
  606 605.5 2.2499 0.000976518 -14530.7 -14491.4 -13362.9
  607 606.5 2.31597 0.00100519 -14302.7 -14219.1 -12715.6
  608 607.5 2.41036 0.00104616 -13904.8 -13830.4 -11924.2
  609 608.5 2.53189 0.00109891 -13200.5 -13214.1 -10990.6
  610 609.5 2.70676 0.00117481 -12468.4 -12535.9 -9857.7
  611 610.5 2.93128 0.00127226 -11588.3 -11629.1 -8578.84
  612 611.5 3.24467 0.00140828 -10520.5 -10645.2 -7132.82
  613 612.5 3.66098 0.00158897 -9271.59 -9347.74 -5526.37
  614 613.5 4.18532 0.00181654 -8033.26 -8019.07 -4165.01
  615 614.5 4.86918 0.00211336 -6626.56 -6661.47 -2829.56
  616 615.5 5.72357 0.00248419 -5171.73 -5180.91 -1733.48
  617 616.5 6.756 0.00293229 -3775.74 -3783.95 -881.888
  618 617.5 7.96588 0.00345741 -2545.59 -2469.24 -382.957
  619 618.5 9.37424 0.00406868 -1399.74 -1309.97 26.9025
  620 619.5 10.9456 0.00475071 -455.675 -393.313 82.0371
  621 620.5 12.6359 0.00548435 411.738 409.793 53.986
  622 621.5 14.4048 0.00625209 1086.45 977.201 -104.087
  623 622.5 16.1977 0.00703026 1523.05 1446.94 -344.304
  624 623.5 17.9515 0.00779147 1757.39 1683.68 -676.108
100000000 624 13588
  1 0.5 15.4808 0.00671911 1055.28 1047.61 -642.842
  2 1.5 17.1017 0.00742261 1409.04 1377.38 -777.168
  3 2.5 18.6813 0.0081082 1527.57 1490.24 -1054.7
  4 3.5 20.1927 0.00876421 1594.63 1612.69 -1203.79
  5 4.5 21.6233 0.0093851 1572.66 1579.58 -1389.76
  6 5.5 22.9262 0.0099506 1546.13 1572.52 -1559.47
  7 6.5 24.0803 0.0104515 1403.26 1499.44 -1735.03
  8 7.5 25.136 0.0109097 1298.11 1312.56 -1852.95
  9 8.5 26.02 0.0112934 1135.61 1082.47 -1904.59
  10 9.5 26.7689 0.0116185 909.422 878.939 -1970.14
  11 10.5 27.4066 0.0118952 687.327 638.899 -2004.46
  12 11.5 27.9086 0.0121131 472.576 484.617 -1984.15
  13 12.5 28.3618 0.0123098 237.576 263.995 -1937.24
  14 13.5 28.6986 0.012456 56.2999 63.1229 -1890.77
  15 14.5 28.977 0.0125768 -150.882 -152.303 -1800.8
  16 15.5 29.182 0.0126658 -287.985 -292.546 -1745.56
  17 16.5 29.3785 0.0127511 -401.75 -434.943 -1641.21
  18 17.5 29.5168 0.0128111 -457.621 -538.206 -1604.73
  19 18.5 29.6035 0.0128488 -602.362 -585.549 -1508.16
  20 19.5 29.7023 0.0128916 -708.232 -729.237 -1426.69
  21 20.5 29.8005 0.0129343 -835.969 -822.522 -1394.48
  22 21.5 29.8496 0.0129556 -839.473 -848.728 -1281.02
  23 22.5 29.886 0.0129713 -894.419 -933.504 -1271.51
  24 23.5 29.954 0.0130009 -894.054 -928.043 -1219.49
  25 24.5 29.98 0.0130122 -961.316 -959.695 -1220.19
  26 25.5 29.9791 0.0130118 -959.345 -965.051 -1187.64
  27 26.5 30.0295 0.0130337 -987.519 -951.562 -1160.74
  28 27.5 30.0714 0.0130518 -963.909 -931.51 -1102.39
  29 28.5 30.0616 0.0130476 -937.193 -986.793 -1132.15
  30 29.5 30.0768 0.0130542 -949.746 -993.452 -1110.29
  31 30.5 30.1126 0.0130697 -1002.78 -989.092 -1029.47
  32 31.5 30.1271 0.013076 -1025.7 -1017.84 -1111.01
  33 32.5 30.1193 0.0130726 -1053.67 -1010.82 -1099.03
  34 33.5 30.1277 0.0130763 -1014.02 -996.162 -1062.75
  35 34.5 30.1373 0.0130804 -1048.82 -1016.99 -1069.48
  36 35.5 30.1615 0.0130909 -1049.87 -1040.77 -1081.54
  37 36.5 30.1496 0.0130858 -1043.53 -1058.78 -1051.45
  38 37.5 30.1745 0.0130966 -1031.22 -1040.22 -1034.07
  39 38.5 30.1647 0.0130923 -1048.67 -1105.85 -1054.73
  40 39.5 30.1772 0.0130977 -967.316 -1022.44 -1057.3
  41 40.5 30.1593 0.01309 -1004.26 -1094.72 -1069.17
  42 41.5 30.1623 0.0130913 -966.768 -1039.1 -1037.14
  43 42.5 30.171 0.0130951 -1050.56 -1045.31 -1054.05
  44 43.5 30.1925 0.0131044 -1005.25 -1039.07 -996.74
  45 44.5 30.1807 0.0130993 -1075.63 -1091.9 -1086.04
  46 45.5 30.165 0.0130924 -1052.74 -1056.54 -1060.72
  47 46.5 30.195 0.0131055 -1049.8 -1057.17 -1015.96
  48 47.5 30.1938 0.0131049 -1077.31 -1094.17 -1056.04
  49 48.5 30.1728 0.0130958 -1052.33 -1016.4 -1004.53
  50 49.5 30.191 0.0131037 -1074.87 -1000.09 -1063.59
  51 50.5 30.183 0.0131003 -1062.47 -983.889 -1082.14
  52 51.5 30.2086 0.0131114 -982.496 -987.057 -1043.88
  53 52.5 30.1779 0.013098 -966.371 -983.081 -1003.67
  54 53.5 30.2213 0.0131169 -1015.29 -1027.2 -1020.71
  55 54.5 30.2007 0.0131079 -1065.81 -1023.53 -1083.49
  56 55.5 30.1968 0.0131062 -1045.12 -1030.06 -1031.24
  57 56.5 30.1995 0.0131074 -1075.06 -1048.75 -1014.53
  58 57.5 30.2021 0.0131086 -1034.43 -998.306 -1048.62
  59 58.5 30.2008 0.013108 -1016.6 -989.077 -1042.16
  60 59.5 30.1716 0.0130953 -1095.57 -1045.82 -1084.88
  61 60.5 30.2149 0.0131141 -993.839 -1008.39 -1008.96
  62 61.5 30.2066 0.0131105 -1011.01 -1000.15 -1047.49
  63 62.5 30.2037 0.0131092 -1034.88 -1023.42 -1013.62
  64 63.5 30.1907 0.0131036 -1017.32 -1031.79 -1072.11
  65 64.5 30.2442 0.0131268 -1008.94 -1032.46 -1020.17
  66 65.5 30.1892 0.013103 -1096.95 -1042.06 -1067.48
  67 66.5 30.2118 0.0131128 -1071.07 -1056.56 -1032.99
  68 67.5 30.2041 0.0131094 -1083.64 -1072.98 -1073.86
  69 68.5 30.222 0.0131172 -1049.1 -1064.08 -1004.75
  70 69.5 30.2055 0.01311 -1045.74 -1088.92 -1045.22
  71 70.5 30.2017 0.0131084 -1078.44 -1055.08 -1067.43
  72 71.5 30.221 0.0131167 -1039.41 -1059.95 -1034.82
  73 72.5 30.2132 0.0131134 -1065.1 -1067.4 -1027.33
  74 73.5 30.1937 0.0131049 -1069.62 -1057.98 -1052.52
  75 74.5 30.2076 0.0131109 -1077.2 -1009.97 -1039.99
  76 75.5 30.234 0.0131224 -1018.69 -1016.5 -1025.09
  77 76.5 30.1793 0.0130987 -1046.47 -1053.85 -1089.47
  78 77.5 30.1941 0.0131051 -1061.56 -1007.9 -1011.62
  79 78.5 30.2147 0.013114 -956.12 -1024.37 -1039.71
  80 79.5 30.1939 0.013105 -1064.56 -999.088 -1046.39
  81 80.5 30.18 0.013099 -996.151 -1024.86 -1050.17
  82 81.5 30.195 0.0131055 -981.088 -1035.09 -1012.78
  83 82.5 30.1826 0.0131001 -1022.93 -1065.93 -1056.89
  84 83.5 30.1651 0.0130925 -1031.45 -1042.76 -1034.04
  85 84.5 30.1858 0.0131015 -1071.71 -1072.79 -1055.62
  86 85.5 30.1727 0.0130958 -1026.17 -1021.64 -1063.94
  87 86.5 30.17 0.0130946 -1032.76 -1013.34 -1019.92
  88 87.5 30.1712 0.0130951 -1009.26 -980.797 -1042.62
  89 88.5 30.1806 0.0130992 -982.333 -974.079 -1042.41
  90 89.5 30.1441 0.0130834 -973.982 -971.285 -1057.7
  91 90.5 30.1551 0.0130882 -1015.82 -999.665 -1022.38
  92 91.5 30.15 0.0130859 -1029.58 -1047.59 -1033.02
  93 92.5 30.1583 0.0130896 -1012.21 -937.501 -1014.2
  94 93.5 30.1388 0.0130811 -1009.13 -1012.36 -1077.93
  95 94.5 30.1292 0.0130769 -1050.81 -1041.57 -1041.04
  96 95.5 30.1278 0.0130763 -1077.07 -1037.88 -1030.94
  97 96.5 30.1502 0.013086 -1070.08 -1039.52 -1033.76
  98 97.5 30.1026 0.0130654 -1024.43 -997.721 -1086.05
  99 98.5 30.0944 0.0130618 -1013.65 -1064.56 -1037.28
  100 99.5 30.1355 0.0130796 -1053.94 -1036.43 -1069.53
  101 100.5 30.1386 0.013081 -999.836 -1050.18 -993.298
  102 101.5 30.1068 0.0130672 -1068.4 -1090.44 -1028.24
  103 102.5 30.1029 0.0130655 -1043.92 -1017.03 -1089.03
  104 103.5 30.1274 0.0130761 -1003.69 -970.042 -1026.68
  105 104.5 30.1215 0.0130736 -993.916 -956.507 -1008.65
  106 105.5 30.087 0.0130586 -1077.34 -1067.22 -1077.97
  107 106.5 30.1006 0.0130645 -1012.23 -1006.21 -1047.8
  108 107.5 30.1012 0.0130647 -992.044 -1022.03 -1028
  109 108.5 30.0866 0.0130584 -1012.2 -971.903 -1052.46
  110 109.5 30.095 0.0130621 -1021.01 -1030.79 -1031.97
  111 110.5 30.0884 0.0130592 -1014.13 -1011.14 -1049.86
  112 111.5 30.101 0.0130647 -981.804 -1028.85 -1037.33
  113 112.5 30.0721 0.0130521 -1034.05 -1053.14 -1014.26
  114 113.5 30.0684 0.0130505 -1077.65 -1060.95 -1056.51
  115 114.5 30.0596 0.0130467 -1029.51 -1074.4 -1056.71
  116 115.5 30.0598 0.0130468 -1019.1 -1015.23 -1025.84
  117 116.5 30.0645 0.0130488 -1051.25 -1064.69 -1061.79
  118 117.5 30.0659 0.0130494 -1065.91 -1068.27 -1016.98
  119 118.5 30.0634 0.0130483 -1003.98 -1011.01 -1033.06
  120 119.5 30.0603 0.013047 -993.987 -984.283 -1050.23
  121 120.5 30.072 0.0130521 -1105.67 -1039.3 -1055.35
  122 121.5 30.0868 0.0130585 -1078.72 -1041.64 -1001.22
  123 122.5 30.0635 0.0130484 -1082.8 -1164.1 -1071.77
  124 123.5 30.0628 0.0130481 -1031.24 -1051.3 -1040.85
  125 124.5 30.0601 0.0130469 -1071.43 -1048.32 -1066.37
  126 125.5 30.0912 0.0130604 -991.681 -1043.39 -1024.38
  127 126.5 30.0578 0.0130459 -1044.51 -1095.46 -1049.97
  128 127.5 30.0605 0.0130471 -1088.32 -1061.39 -1052.04
  129 128.5 30.0724 0.0130523 -1079.61 -1017.89 -1030.62
  130 129.5 30.0774 0.0130544 -1069.37 -1025.6 -1041.17
  131 130.5 30.0631 0.0130482 -1017.62 -1113.22 -1046.38
  132 131.5 30.0638 0.0130485 -1029.18 -1094.63 -1034.58
  133 132.5 30.0638 0.0130485 -1089.11 -1077.08 -1037.3
  134 133.5 30.0782 0.0130548 -1048.68 -1068.03 -1034.71
  135 134.5 30.0625 0.013048 -1087.15 -1042.4 -1040.06
  136 135.5 30.0776 0.0130545 -1075.13 -1098.08 -1026.91
  137 136.5 30.0526 0.0130437 -1025.5 -1034.26 -1079.35
  138 137.5 30.0684 0.0130505 -1029.61 -1088.97 -1041.52
  139 138.5 30.0603 0.013047 -1034.83 -1042.31 -1024.88
  140 139.5 30.0742 0.013053 -1040.86 -1050.23 -1046.2
  141 140.5 30.074 0.013053 -1069.84 -1123.47 -1021.69
  142 141.5 30.0739 0.0130529 -1044.33 -989.657 -1032.58
  143 142.5 30.0816 0.0130562 -1025.5 -1016.99 -1069.98
  144 143.5 30.0642 0.0130487 -1045.23 -1037.21 -1038.14
  145 144.5 30.0768 0.0130542 -1023.06 -977.162 -1017.51
  146 145.5 30.0959 0.0130624 -1083.07 -1068.52 -1047.06
  147 146.5 30.0899 0.0130599 -1061.4 -1074.06 -1055.25
  148 147.5 30.0864 0.0130583 -1095.42 -1098.67 -1037.41
  149 148.5 30.0814 0.0130562 -1060.82 -1024.91 -1067.13
  150 149.5 30.1007 0.0130646 -1039.97 -1021.36 -1042.62
  151 150.5 30.0985 0.0130636 -1074.25 -1057.84 -1039.17
  152 151.5 30.1071 0.0130673 -1033.52 -1031.6 -998.797
  153 152.5 30.0943 0.0130617 -1018.66 -1018.39 -1099.77
  154 153.5 30.1124 0.0130696 -966.563 -1021.01 -1027.31
  155 154.5 30.1003 0.0130644 -1006.03 -1011.5 -1037.22
  156 155.5 30.1075 0.0130675 -996.579 -1032.93 -1052.24
  157 156.5 30.099 0.0130638 -1023.78 -1014.14 -1041.69
  158 157.5 30.1159 0.0130711 -1062.68 -1100.95 -1060.51
  159 158.5 30.1042 0.0130661 -1023.25 -1063.35 -1015.61
  160 159.5 30.1187 0.0130724 -994.511 -1062.95 -1069.01
  161 160.5 30.1001 0.0130643 -1003.11 -970.577 -1029.91
  162 161.5 30.1076 0.0130675 -1002.42 -984.368 -1049.15
  163 162.5 30.1238 0.0130746 -1034.06 -1076.7 -1069.62
  164 163.5 30.1162 0.0130713 -1037.29 -1031.59 -1035.45
  165 164.5 30.1167 0.0130715 -1034.42 -1028.39 -1033.45
  166 165.5 30.1282 0.0130765 -1097.95 -1007.69 -1043.08
  167 166.5 30.129 0.0130768 -1094.37 -1040.92 -1036.27
  168 167.5 30.1193 0.0130726 -1097 -1050.05 -1035.81
  169 168.5 30.1223 0.0130739 -1078.94 -1047.16 -1053.98
  170 169.5 30.1212 0.0130734 -1048.96 -1022.89 -1072.77
  171 170.5 30.1093 0.0130683 -1056.32 -999.839 -1013.12
  172 171.5 30.107 0.0130673 -1075.4 -1004.33 -1047.39
  173 172.5 30.1068 0.0130672 -1010.51 -1028.63 -1074.88
  174 173.5 30.1117 0.0130693 -1086.14 -1025.28 -1053.24
  175 174.5 30.1286 0.0130766 -1039.75 -1020.63 -1039.38
  176 175.5 30.0933 0.0130613 -1044.69 -1042.84 -1054.2
  177 176.5 30.114 0.0130703 -1104.55 -1042.46 -1068.86
  178 177.5 30.1142 0.0130704 -1055.21 -1051.87 -1078.16
  179 178.5 30.1184 0.0130722 -1064.21 -1035.8 -1013.33
  180 179.5 30.1009 0.0130646 -1053.28 -1046.94 -1052.37
  181 180.5 30.0915 0.0130605 -997.836 -1006.73 -1082.41
  182 181.5 30.0868 0.0130585 -1023.56 -1015.99 -1075.23
  183 182.5 30.0528 0.0130437 -1007.6 -1013.56 -1053.72
  184 183.5 30.0875 0.0130588 -1033.43 -1013.03 -1073.5
  185 184.5 30.064 0.0130486 -1040.66 -1039.45 -1091.36
  186 185.5 30.0483 0.0130418 -989.834 -982.889 -1068.73
  187 186.5 30.0603 0.013047 -983.993 -996.973 -1065.71
  188 187.5 30.0473 0.0130414 -1053.48 -971.216 -1094.91
  189 188.5 30.0116 0.0130259 -1004.87 -1031.99 -1070.26
  190 189.5 30.0168 0.0130281 -975.341 -1000.63 -1117.8
  191 190.5 29.9892 0.0130161 -995.477 -993.473 -1084.23
  192 191.5 29.962 0.0130043 -1009.42 -953.162 -1051.35
  193 192.5 29.9291 0.01299 -976.993 -924.376 -1075.41
  194 193.5 29.899 0.012977 -982.314 -996.477 -1106.91
  195 194.5 29.8933 0.0129745 -965.539 -953.251 -1056.3
  196 195.5 29.8544 0.0129577 -965.871 -973.108 -1042.36
  197 196.5 29.8014 0.0129347 -906.376 -952.621 -1087.21
  198 197.5 29.7966 0.0129325 -908.048 -916.694 -1049.7
  199 198.5 29.7714 0.0129216 -959.144 -962.739 -1042.61
  200 199.5 29.736 0.0129063 -993.454 -973.89 -993.143
  201 200.5 29.6891 0.0128859 -929.071 -953.014 -1016.51
  202 201.5 29.6863 0.0128847 -942.573 -932.75 -1044.38
  203 202.5 29.6556 0.0128714 -911.078 -932.349 -1001.15
  204 203.5 29.6302 0.0128603 -949.965 -960.82 -993.111
  205 204.5 29.6322 0.0128612 -928.761 -944.62 -950.244
  206 205.5 29.6206 0.0128562 -944.555 -897.518 -980.593
  207 206.5 29.5957 0.0128454 -908.479 -904.829 -960.43
  208 207.5 29.5898 0.0128428 -956.766 -925.38 -961.468
  209 208.5 29.5915 0.0128435 -993.969 -969.362 -981.73
  210 209.5 29.6233 0.0128574 -976.715 -929.666 -883.72
  211 210.5 29.6413 0.0128651 -970.87 -1014.32 -919.162
  212 211.5 29.6435 0.0128661 -956.641 -991.937 -965.311
  213 212.5 29.6615 0.0128739 -952.101 -946.492 -906.907
  214 213.5 29.7321 0.0129046 -945.776 -995.544 -930.997
  215 214.5 29.7486 0.0129117 -890.222 -927.042 -918.211
  216 215.5 29.8035 0.0129355 -860.714 -897.173 -896.034
  217 216.5 29.848 0.0129549 -908.616 -997.916 -990.225
  218 217.5 29.9287 0.0129899 -854.606 -862.875 -919.008
  219 218.5 30.0043 0.0130227 -899.482 -948.349 -948.779
  220 219.5 30.05 0.0130426 -907.003 -869.017 -976.988
  221 220.5 30.1431 0.0130829 -852.685 -911.938 -984.24
  222 221.5 30.2418 0.0131258 -862.4 -885.782 -1007.12
  223 222.5 30.3058 0.0131536 -824.662 -825.264 -1008.08
  224 223.5 30.3677 0.0131804 -807.205 -819.476 -1068.57
  225 224.5 30.4494 0.0132159 -767.165 -864.621 -1092.07
  226 225.5 30.5641 0.0132657 -792.036 -853.762 -999.304
  227 226.5 30.6001 0.0132813 -843.701 -885.618 -1084.82
  228 227.5 30.6656 0.0133097 -827.426 -830.422 -1140.15
  229 228.5 30.735 0.0133399 -867.96 -792.849 -1106.42
  230 229.5 30.8185 0.0133761 -900.013 -794.019 -1067.75
  231 230.5 30.8501 0.0133898 -897.969 -827.813 -1142.36
  232 231.5 30.9064 0.0134142 -855.993 -837.855 -1051.05
  233 232.5 30.9368 0.0134274 -869.685 -815.853 -1125.51
  234 233.5 30.9823 0.0134472 -861.521 -864.407 -1095.09
  235 234.5 31.0156 0.0134616 -831.781 -878.248 -1092.44
  236 235.5 31.0435 0.0134737 -883.059 -880.18 -1104.11
  237 236.5 31.0567 0.0134795 -942.667 -880.74 -1063.79
  238 237.5 31.0903 0.013494 -977.362 -915.845 -1050.69
  239 238.5 31.1053 0.0135006 -968.254 -950.773 -1108.57
  240 239.5 31.1358 0.0135138 -969.388 -1006.55 -1068.88
  241 240.5 31.1393 0.0135153 -926.134 -911.454 -1012.23
  242 241.5 31.1439 0.0135173 -954.144 -935.705 -1029.95
  243 242.5 31.1546 0.013522 -977.367 -978.783 -1073.09
  244 243.5 31.1664 0.0135271 -1027.19 -1018.47 -1064.88
  245 244.5 31.1786 0.0135324 -1016.13 -1027.45 -1000.75
  246 245.5 31.1789 0.0135325 -1002.81 -952.702 -1024.32
  247 246.5 31.1861 0.0135356 -1011.03 -1051.33 -1009.59
  248 247.5 31.2048 0.0135438 -962.131 -1035.32 -1012.79
  249 248.5 31.1971 0.0135404 -985.716 -1000.15 -1040.25
  250 249.5 31.1962 0.01354 -985.551 -1022.43 -979.539
  251 250.5 31.219 0.0135499 -985.433 -1025.33 -1016.85
  252 251.5 31.236 0.0135573 -1001.26 -1058.83 -991.781
  253 252.5 31.2246 0.0135523 -960.577 -976.358 -1027.23
  254 253.5 31.2358 0.0135572 -965.467 -983.048 -1019.79
  255 254.5 31.2523 0.0135644 -990.047 -994.385 -1012.1
  256 255.5 31.2678 0.0135711 -976.668 -983.135 -1007.1
  257 256.5 31.2582 0.0135669 -900.663 -941.416 -989.729
  258 257.5 31.2798 0.0135763 -924.931 -929.385 -1006.75
  259 258.5 31.2512 0.0135639 -995.32 -960.316 -1035.66
  260 259.5 31.3047 0.0135871 -943.129 -956.766 -981.503
  261 260.5 31.2918 0.0135815 -1002.6 -964.289 -1035
  262 261.5 31.26 0.0135677 -998.212 -948.23 -1019.75
  263 262.5 31.2894 0.0135805 -1007.7 -1026.78 -1005.45
  264 263.5 31.3088 0.0135889 -959.234 -972.041 -1010.14
  265 264.5 31.288 0.0135799 -935.919 -1000.47 -999.601
  266 265.5 31.2899 0.0135807 -939.636 -964.832 -1036.05
  267 266.5 31.2913 0.0135813 -953.695 -961.545 -996.942
  268 267.5 31.3029 0.0135863 -941.271 -919.149 -967.913
  269 268.5 31.2869 0.0135794 -1001.86 -966.884 -1045.26
  270 269.5 31.2954 0.0135831 -989.239 -1014.04 -1015.72
  271 270.5 31.2889 0.0135803 -1025.54 -996.545 -1018.05
  272 271.5 31.2946 0.0135827 -978.951 -979.874 -996.875
  273 272.5 31.2884 0.01358 -1001.99 -968.617 -1001.76
  274 273.5 31.304 0.0135868 -1107.59 -1036.07 -1009.78
  275 274.5 31.2761 0.0135747 -1028.14 -970.871 -1023.31
  276 275.5 31.3029 0.0135863 -967.221 -976.842 -988.931
  277 276.5 31.2778 0.0135754 -1019.16 -1057.19 -1026.81
  278 277.5 31.2834 0.0135779 -951.773 -974.744 -966.936
  279 278.5 31.2922 0.0135817 -912.444 -1001.54 -1012.9
  280 279.5 31.26 0.0135677 -989.166 -1003.81 -1019.78
  281 280.5 31.2822 0.0135774 -971.646 -1007.02 -995.428
  282 281.5 31.2866 0.0135792 -917.875 -963.626 -981.105
  283 282.5 31.2798 0.0135763 -967.248 -1030.19 -1020.2
  284 283.5 31.2657 0.0135702 -979.994 -984.738 -995.34
  285 284.5 31.272 0.0135729 -919.646 -963.051 -1003.76
  286 285.5 31.2626 0.0135689 -974.681 -948.918 -1031.73
  287 286.5 31.2636 0.0135693 -935.903 -985.838 -989.968
  288 287.5 31.2834 0.0135779 -1017.15 -1014.97 -964.236
  289 288.5 31.2612 0.0135682 -971.031 -973.67 -1009.27
  290 289.5 31.2517 0.0135641 -1029.45 -1012.82 -1001.15
  291 290.5 31.2487 0.0135628 -1038.89 -1019.47 -1018.85
  292 291.5 31.2722 0.013573 -1054.28 -1044.51 -1008.46
  293 292.5 31.2542 0.0135652 -1002.78 -979.718 -989.925
  294 293.5 31.2564 0.0135661 -996.825 -982.405 -1034.76
  295 294.5 31.2534 0.0135648 -967.544 -994.199 -986.035
  296 295.5 31.2525 0.0135645 -961.351 -971.436 -960.058
  297 296.5 31.2665 0.0135705 -993.692 -1052.86 -1013.76
  298 297.5 31.2464 0.0135618 -1048.98 -1029.87 -1030.22
  299 298.5 31.2236 0.0135519 -1024.9 -994.146 -999.73
  300 299.5 31.258 0.0135669 -1038.18 -1026.34 -975.743
  301 300.5 31.2408 0.0135594 -1047.01 -1016.88 -1022.62
  302 301.5 31.2358 0.0135572 -1020.36 -1064.55 -981.399
  303 302.5 31.2382 0.0135582 -944.47 -1009.87 -984.942
  304 303.5 31.2216 0.013551 -957.022 -949.712 -1007.9
  305 304.5 31.2209 0.0135507 -1025.94 -1001.78 -1008.29
  306 305.5 31.2514 0.013564 -972.897 -974.196 -1014.75
  307 306.5 31.2641 0.0135695 -970.947 -962.399 -953.779
  308 307.5 31.2089 0.0135455 -964.294 -981.947 -990.185
  309 308.5 31.2262 0.013553 -1020.48 -1039.76 -1038.55
  310 309.5 31.261 0.0135681 -932.781 -996.665 -1041.54
  311 310.5 31.242 0.0135599 -1023.18 -1012.15 -1011.47
  312 311.5 31.257 0.0135664 -980.324 -925.103 -945.463
  313 312.5 31.2514 0.013564 -940.064 -952.282 -996.025
  314 313.5 31.2498 0.0135633 -963.055 -953.53 -1060.35
  315 314.5 31.253 0.0135647 -1021.09 -973.984 -1011.13
  316 315.5 31.269 0.0135716 -1039.64 -1000.6 -977.09
  317 316.5 31.2494 0.0135631 -1031.05 -1036.39 -1012.58
  318 317.5 31.2515 0.013564 -968.491 -990.22 -1020.16
  319 318.5 31.2483 0.0135626 -982.413 -1008.62 -994.297
  320 319.5 31.2603 0.0135679 -966.018 -1012.82 -999.972
  321 320.5 31.2369 0.0135577 -966.017 -1044.75 -1014.08
  322 321.5 31.236 0.0135573 -1001.05 -1012.16 -1016.14
  323 322.5 31.2516 0.0135641 -1027.34 -1103.35 -1032.19
  324 323.5 31.2524 0.0135644 -1017.32 -1061.04 -1018.62
  325 324.5 31.2446 0.013561 -1024.14 -1007.37 -968.848
  326 325.5 31.2408 0.0135594 -1070.8 -1047.62 -1037.43
  327 326.5 31.2619 0.0135685 -999.053 -1042.89 -1008.58
  328 327.5 31.2348 0.0135568 -1002.11 -1033.76 -997.686
  329 328.5 31.2281 0.0135539 -968.326 -966.486 -977.515
  330 329.5 31.2318 0.0135555 -1019.95 -1037.51 -1028.95
  331 330.5 31.226 0.013553 -1082.27 -1091.97 -1054.3
  332 331.5 31.2151 0.0135482 -1019.6 -991.784 -977.258
  333 332.5 31.2179 0.0135494 -1093.24 -1051.21 -981.858
  334 333.5 31.2115 0.0135467 -981.38 -991.137 -1057.23
  335 334.5 31.1982 0.0135409 -1017.87 -1004.19 -974.44
  336 335.5 31.2107 0.0135463 -981.551 -1009.54 -973.574
  337 336.5 31.2111 0.0135465 -1034.19 -1034.13 -1032.67
  338 337.5 31.1857 0.0135354 -953.687 -1013.46 -1010.43
  339 338.5 31.1855 0.0135354 -969.703 -967.355 -974.495
  340 339.5 31.1994 0.0135414 -974.1 -956.161 -1022.61
  341 340.5 31.1913 0.0135379 -1048.15 -1042.43 -1015.4
  342 341.5 31.18 0.013533 -966.312 -976.411 -976.903
  343 342.5 31.2019 0.0135425 -975.245 -985.054 -1017.27
  344 343.5 31.1741 0.0135304 -999.985 -1010.08 -1024.62
  345 344.5 31.1744 0.0135306 -977.983 -993.489 -979.226
  346 345.5 31.1914 0.0135379 -982.969 -1015.01 -979.282
  347 346.5 31.1759 0.0135312 -970.622 -952.537 -1015.64
  348 347.5 31.143 0.0135169 -992.729 -1034.02 -1022.05
  349 348.5 31.1719 0.0135295 -931.429 -1007 -988.595
  350 349.5 31.2009 0.0135421 -982.272 -980.205 -1010.71
  351 350.5 31.1577 0.0135233 -981.208 -957.912 -964.405
  352 351.5 31.1178 0.013506 -1005.02 -1033.52 -1031.3
  353 352.5 31.1651 0.0135265 -958.771 -998.592 -1027.75
  354 353.5 31.1599 0.0135243 -995.426 -974.774 -982.745
  355 354.5 31.1351 0.0135135 -972.038 -984.759 -986.563
  356 355.5 31.1454 0.0135179 -1088.95 -964.965 -996.003
  357 356.5 31.1477 0.013519 -922.796 -891.183 -967.715
  358 357.5 31.1476 0.0135189 -1032.65 -994.114 -1032.87
  359 358.5 31.1477 0.013519 -1009.57 -1017.42 -983.277
  360 359.5 31.1527 0.0135211 -990.446 -973.992 -991.383
  361 360.5 31.1536 0.0135215 -957.587 -991.823 -982.827
  362 361.5 31.1675 0.0135275 -1017.51 -1012.28 -1029.54
  363 362.5 31.1561 0.0135226 -1008.22 -1052.57 -1000.5
  364 363.5 31.1869 0.013536 -1007.01 -1011.01 -964.834
  365 364.5 31.1772 0.0135318 -1074.19 -1031.39 -1005.76
  366 365.5 31.1843 0.0135348 -995.832 -1010.51 -1028.26
  367 366.5 31.1904 0.0135375 -1011.47 -963.222 -1019.19
  368 367.5 31.1932 0.0135387 -1005.94 -1011.82 -953.605
  369 368.5 31.205 0.0135438 -1043.91 -1031.58 -1002.31
  370 369.5 31.2102 0.0135461 -1004.9 -965.349 -1056.51
  371 370.5 31.1965 0.0135402 -1014.75 -958.981 -998.822
  372 371.5 31.2105 0.0135462 -1007.68 -932.769 -1007.84
  373 372.5 31.242 0.0135599 -1017.38 -947.977 -972.239
  374 373.5 31.2005 0.0135419 -985.232 -980.293 -1029.54
  375 374.5 31.216 0.0135486 -998.726 -935.302 -1011.28
  376 375.5 31.242 0.0135599 -885.06 -952.795 -1002.5
  377 376.5 31.2271 0.0135534 -1014.82 -1042.15 -989.619
  378 377.5 31.2168 0.013549 -1025.39 -1050.36 -1030.46
  379 378.5 31.2405 0.0135592 -987.726 -999.965 -1009.8
  380 379.5 31.2692 0.0135717 -996.089 -1038.8 -997.304
  381 380.5 31.2241 0.0135521 -1010.66 -1051.47 -1000.51
  382 381.5 31.2271 0.0135534 -1034.39 -1014.81 -1049.69
  383 382.5 31.2563 0.0135661 -947.066 -948.077 -1037.67
  384 383.5 31.2569 0.0135664 -964.846 -972.899 -947.618
  385 384.5 31.2286 0.0135541 -968.781 -948.229 -1030.8
  386 385.5 31.2875 0.0135796 -948.985 -988.055 -1006.91
  387 386.5 31.2406 0.0135593 -985.218 -995.658 -1061.56
  388 387.5 31.2583 0.013567 -994.488 -972.726 -1002.57
  389 388.5 31.2553 0.0135657 -996.498 -1009.46 -1023.31
  390 389.5 31.2623 0.0135687 -960.614 -917.585 -1050.88
  391 390.5 31.2356 0.0135571 -956.143 -922.74 -1034
  392 391.5 31.2483 0.0135627 -932.609 -996.981 -1029.8
  393 392.5 31.2484 0.0135627 -947.373 -950.978 -1023.78
  394 393.5 31.2389 0.0135586 -991.429 -964.021 -1056.14
  395 394.5 31.2186 0.0135497 -964.481 -886.056 -1027.26
  396 395.5 31.22 0.0135504 -995.854 -1016.78 -1064.42
  397 396.5 31.2079 0.0135451 -928.627 -946.136 -1046.94
  398 397.5 31.1873 0.0135362 -940.521 -896.513 -1067.15
  399 398.5 31.1564 0.0135227 -981.271 -909.153 -1081.26
  400 399.5 31.1674 0.0135275 -957.33 -904.874 -1097.39
  401 400.5 31.1331 0.0135126 -859.818 -853.368 -1037.95
  402 401.5 31.0954 0.0134963 -888.192 -815.43 -1098.1
  403 402.5 31.07 0.0134852 -881.238 -846.594 -1146.49
  404 403.5 31.0476 0.0134755 -883.184 -867.63 -1088.5
  405 404.5 31.0165 0.013462 -892.163 -839.393 -1135.1
  406 405.5 30.9751 0.0134441 -913.922 -839.268 -1171.84
  407 406.5 30.9022 0.0134124 -839.35 -761.675 -1148.28
  408 407.5 30.8617 0.0133948 -788.692 -743.218 -1168.25
  409 408.5 30.8044 0.01337 -774.386 -772.673 -1253.44
  410 409.5 30.716 0.0133316 -750.942 -788.148 -1232.92
  411 410.5 30.6465 0.0133014 -655.425 -711.234 -1243.61
  412 411.5 30.5653 0.0132662 -710.844 -618.582 -1324.4
  413 412.5 30.4391 0.0132114 -684.298 -626.911 -1329.63
  414 413.5 30.3109 0.0131558 -580.814 -582.338 -1365.67
  415 414.5 30.1893 0.013103 -522.419 -495.117 -1461.06
  416 415.5 30.0355 0.0130362 -461.487 -431.461 -1462.77
  417 416.5 29.8327 0.0129482 -356.7 -330.322 -1565.67
  418 417.5 29.6307 0.0128606 -331.32 -257.893 -1597.71
  419 418.5 29.395 0.0127583 -152.198 -178.199 -1641.4
  420 419.5 29.0892 0.0126255 17.1276 29.2142 -1741.11
  421 420.5 28.7392 0.0124736 116.329 211.139 -1784.55
  422 421.5 28.3012 0.0122835 317.169 378.707 -1834.28
  423 422.5 27.8345 0.0120809 505.156 545.474 -1853.25
  424 423.5 27.2404 0.0118231 722.391 777.541 -1821.84
  425 424.5 26.5101 0.0115061 933.661 907.377 -1858.4
  426 425.5 25.691 0.0111506 1205.07 1126.69 -1796.47
  427 426.5 24.7602 0.0107466 1300.93 1285.56 -1712.41
  428 427.5 23.6674 0.0102723 1451.94 1403.88 -1642.96
  429 428.5 22.4604 0.00974843 1603.67 1567.34 -1424.3
  430 429.5 21.1212 0.00916718 1568.28 1552.1 -1314.87
  431 430.5 19.693 0.00854732 1575.75 1576.48 -1107.38
  432 431.5 18.1471 0.00787635 1447.62 1457.23 -940.894
  433 432.5 16.5561 0.00718582 1256.02 1262.57 -709.547
  434 433.5 14.9561 0.00649136 933.222 899.322 -575.649
  435 434.5 13.3603 0.00579875 507.888 493.56 -483.225
  436 435.5 11.793 0.00511847 -80.5612 -118.268 -449.35
  437 436.5 10.3365 0.00448632 -753.527 -700.813 -507.609
  438 437.5 9.01314 0.00391195 -1528.2 -1531.85 -733.747
  439 438.5 7.79223 0.00338204 -2426.33 -2399.72 -1024.03
  440 439.5 6.72025 0.00291677 -3515.64 -3490.49 -1477.67
  441 440.5 5.78618 0.00251136 -4721.97 -4671.41 -2242.58
  442 441.5 5.0081 0.00217366 -5876.94 -5935.37 -3054.69
  443 442.5 4.34902 0.0018876 -7176.98 -7202.31 -4132.18
  444 443.5 3.82226 0.00165897 -8453.78 -8447.07 -5290.58
  445 444.5 3.40024 0.0014758 -9761.79 -9685.68 -6661.03
  446 445.5 3.06928 0.00133215 -10867.2 -10915 -8067.84
  447 446.5 2.82066 0.00122425 -11923.4 -11979.9 -9276.42
  448 447.5 2.63106 0.00114195 -12679.1 -12683.7 -10386.3
  449 448.5 2.4947 0.00108277 -13378.3 -13253.5 -11400.3
  450 449.5 2.37833 0.00103226 -13819.1 -13738.6 -12259.6
  451 450.5 2.30286 0.000999507 -14198.5 -14159.3 -12934.7
  452 451.5 2.24771 0.000975571 -14472.4 -14461.5 -13440.4
  453 452.5 2.20138 0.00095546 -14620.6 -14689.7 -13889.3
  454 453.5 2.1645 0.000939454 -14931.1 -14862.4 -14249.8
  455 454.5 2.1394 0.00092856 -15006.9 -14879.6 -14543.2
  456 455.5 2.12125 0.000920681 -15057.1 -14848.6 -14701.8
  457 456.5 2.11377 0.000917435 -15186.1 -14971.4 -14803.2
  458 457.5 2.09904 0.000911044 -15218.3 -15021 -14927.5
  459 458.5 2.0919 0.000907943 -15142.5 -15044 -15050.3
  460 459.5 2.09151 0.000907772 -15209.3 -15090.6 -15044.5
  461 460.5 2.08213 0.000903704 -15244.2 -15205.8 -15110.4
  462 461.5 2.0848 0.000904862 -15261.3 -15347.2 -15086.2
  463 462.5 2.07985 0.000902713 -15332.7 -15357.6 -15209.1
  464 463.5 2.07453 0.000900405 -15263.1 -15299 -15250.1
  465 464.5 2.06966 0.000898291 -15202.6 -15295.2 -15286.9
  466 465.5 2.07625 0.000901151 -15253 -15266.2 -15214.1
  467 466.5 2.07293 0.000899707 -15299.1 -15152.1 -15263.3
  468 467.5 2.08015 0.000902845 -15177.8 -15238.6 -15172.4
  469 468.5 2.08209 0.000903684 -15231.6 -15236.5 -15192
  470 469.5 2.07628 0.000901162 -15218 -15271.1 -15244.9
  471 470.5 2.0645 0.000896049 -15132 -15125.7 -15305.3
  472 471.5 2.07169 0.000899172 -15153.2 -15116.1 -15225.8
  473 472.5 2.07343 0.000899926 -15209.2 -15179.9 -15315.8
  474 473.5 2.07204 0.000899322 -15231.7 -15184.8 -15234.4
  475 474.5 2.06677 0.000897038 -15198.1 -15179.8 -15283.7
  476 475.5 2.07287 0.000899684 -15296.7 -15252.3 -15272.6
  477 476.5 2.06804 0.000897587 -15316 -15265.2 -15296.7
  478 477.5 2.0725 0.000899523 -15251.4 -15298.9 -15277.8
  479 478.5 2.07621 0.000901135 -15209.9 -15159 -15219.5
  480 479.5 2.07076 0.000898767 -15315.4 -15184.6 -15328.3
  481 480.5 2.06807 0.000897602 -15257.2 -15294.5 -15245
  482 481.5 2.06732 0.000897275 -15297.2 -15269.1 -15311.9
  483 482.5 2.06642 0.000896884 -15208.6 -15287.3 -15305.4
  484 483.5 2.06593 0.000896671 -15264.6 -15385.9 -15297.2
  485 484.5 2.06217 0.000895039 -15198.2 -15335.2 -15346.9
  486 485.5 2.06441 0.00089601 -15164.4 -15183 -15301.5
  487 486.5 2.06861 0.000897836 -15229 -15282.6 -15325.5
  488 487.5 2.06913 0.000898059 -15277.6 -15255.3 -15273.1
  489 488.5 2.06541 0.000896447 -15351.7 -15316.6 -15344.5
  490 489.5 2.07214 0.000899367 -15272.7 -15244.8 -15229.7
  491 490.5 2.07225 0.000899414 -15323.8 -15166.5 -15228.3
  492 491.5 2.07109 0.000898912 -15375.6 -15171.4 -15267.3
  493 492.5 2.06676 0.000897031 -15236 -15265.4 -15334.5
  494 493.5 2.07048 0.000898645 -15302.4 -15336.4 -15266.2
  495 494.5 2.06824 0.000897674 -15362 -15253.8 -15253.3
  496 495.5 2.06935 0.000898155 -15330.5 -15241 -15311.3
  497 496.5 2.06908 0.000898036 -15361.7 -15284.9 -15293.3
  498 497.5 2.07561 0.000900875 -15332.1 -15260.6 -15237.1
  499 498.5 2.07233 0.000899449 -15283.9 -15235.4 -15282.7
  500 499.5 2.07699 0.000901471 -15335.7 -15280.5 -15256.8
  501 500.5 2.08461 0.000904778 -15387.1 -15261.3 -15128
  502 501.5 2.08108 0.000903247 -15255 -15270.5 -15228
  503 502.5 2.08021 0.000902868 -15330.8 -15277.8 -15214.6
  504 503.5 2.07961 0.00090261 -15258.7 -15308.8 -15211.8
  505 504.5 2.07807 0.000901941 -15205.6 -15160.2 -15228.8
  506 505.5 2.08368 0.000904374 -15154.4 -15068.2 -15170.7
  507 506.5 2.07651 0.000901264 -15233.8 -15163 -15254.2
  508 507.5 2.07404 0.00090019 -15170.8 -15179 -15266.9
  509 508.5 2.07179 0.000899216 -15112.6 -15172.4 -15232.9
  510 509.5 2.06539 0.000896437 -15160.2 -15318.1 -15299.6
  511 510.5 2.0735 0.000899957 -15201.9 -15343.6 -15241
  512 511.5 2.05973 0.00089398 -15234.9 -15445.5 -15389.7
  513 512.5 2.06014 0.000894158 -15288.5 -15386.6 -15366.4
  514 513.5 2.06299 0.000895395 -15292.9 -15315.2 -15304.8
  515 514.5 2.06719 0.000897217 -15341 -15368.2 -15283.7
  516 515.5 2.05946 0.000893863 -15357 -15350.2 -15353.2
  517 516.5 2.05358 0.000891312 -15397.5 -15374.6 -15426.9
  518 517.5 2.0603 0.000894228 -15343.7 -15289.5 -15355.1
  519 518.5 2.06031 0.000894233 -15347 -15468.1 -15367.2
  520 519.5 2.0646 0.000896095 -15451.6 -15384.5 -15306.4
  521 520.5 2.06605 0.000896722 -15422.7 -15394.1 -15285.3
  522 521.5 2.06378 0.000895737 -15397.4 -15381.8 -15336.3
  523 522.5 2.06432 0.000895972 -15448.4 -15284.4 -15330.5
  524 523.5 2.06197 0.000894951 -15442.1 -15380.7 -15353.3
  525 524.5 2.06089 0.000894486 -15493.6 -15327.3 -15336.6
  526 525.5 2.06385 0.000895766 -15503.8 -15366.1 -15342.1
  527 526.5 2.0589 0.00089362 -15415.6 -15427.9 -15354.6
  528 527.5 2.05545 0.000892124 -15410.9 -15456.7 -15362.1
  529 528.5 2.05902 0.000893674 -15398.9 -15354.2 -15364.7
  530 529.5 2.05849 0.000893442 -15325.8 -15472 -15428.5
  531 530.5 2.05695 0.000892772 -15237.5 -15431.9 -15373.9
  532 531.5 2.05892 0.000893628 -15302.3 -15445.9 -15352
  533 532.5 2.0601 0.000894141 -15489.3 -15397.3 -15302.5
  534 533.5 2.05275 0.000890951 -15531.4 -15422.4 -15408.4
  535 534.5 2.0518 0.00089054 -15494.3 -15451.6 -15437.7
  536 535.5 2.04622 0.000888118 -15412.1 -15527.6 -15465.1
  537 536.5 2.0508 0.000890106 -15503.7 -15631.4 -15400.1
  538 537.5 2.05911 0.00089371 -15424.5 -15474 -15354.5
  539 538.5 2.06157 0.00089478 -15509.3 -15494.5 -15337.3
  540 539.5 2.05215 0.000890688 -15489 -15375.2 -15396.8
  541 540.5 2.05375 0.000891384 -15446.1 -15366.8 -15419.7
  542 541.5 2.05708 0.000892831 -15520 -15427.3 -15416.1
  543 542.5 2.06304 0.000895415 -15349.6 -15379.5 -15290.7
  544 543.5 2.06441 0.00089601 -15401.9 -15583.3 -15322.3
  545 544.5 2.06172 0.000894845 -15428.7 -15486.3 -15337.2
  546 545.5 2.05845 0.000893425 -15461.6 -15427 -15356.4
  547 546.5 2.05741 0.000892972 -15421.9 -15461.5 -15379.6
  548 547.5 2.05177 0.000890526 -15533.4 -15489.9 -15444.8
  549 548.5 2.05725 0.000892905 -15455.5 -15359.7 -15361.3
  550 549.5 2.0531 0.000891102 -15557.7 -15370.4 -15409.1
  551 550.5 2.05513 0.000891986 -15480.4 -15381.3 -15437.2
  552 551.5 2.05643 0.000892547 -15408.7 -15425.5 -15381.5
  553 552.5 2.0612 0.000894616 -15376.2 -15404.6 -15294.9
  554 553.5 2.06305 0.000895422 -15346.3 -15368.5 -15324
  555 554.5 2.06223 0.000895063 -15413.5 -15443.8 -15352.8
  556 555.5 2.05836 0.000893388 -15546.4 -15473.1 -15345.7
  557 556.5 2.05701 0.000892799 -15509.9 -15536.6 -15403.6
  558 557.5 2.05559 0.000892183 -15509.8 -15636.4 -15422.3
  559 558.5 2.05847 0.000893431 -15473.4 -15499 -15354.6
  560 559.5 2.05994 0.000894071 -15412.6 -15505.1 -15335.8
  561 560.5 2.05979 0.000894006 -15489.9 -15517.7 -15328
  562 561.5 2.05722 0.000892892 -15438.7 -15506.1 -15391.2
  563 562.5 2.05518 0.000892004 -15507.2 -15348.2 -15401.4
  564 563.5 2.0556 0.000892186 -15389.4 -15343 -15376.4
  565 564.5 2.05568 0.000892224 -15441.8 -15310.8 -15389.1
  566 565.5 2.05778 0.000893132 -15427.8 -15309.5 -15368.6
  567 566.5 2.06074 0.000894419 -15387.8 -15395.8 -15346.7
  568 567.5 2.06203 0.000894979 -15340.2 -15388.1 -15311.1
  569 568.5 2.06139 0.000894699 -15452.2 -15367.7 -15335.8
  570 569.5 2.05478 0.000891834 -15482.3 -15305.2 -15427.8
  571 570.5 2.06277 0.000895302 -15428.3 -15377.4 -15318.6
  572 571.5 2.06391 0.000895796 -15404.3 -15299.3 -15324.8
  573 572.5 2.06047 0.0008943 -15331.2 -15264.5 -15350
  574 573.5 2.06558 0.00089652 -15443.5 -15286.9 -15327
  575 574.5 2.06996 0.000898419 -15304 -15314.9 -15253.8
  576 575.5 2.06641 0.000896878 -15293 -15360.5 -15321.5
  577 576.5 2.06955 0.000898241 -15244.7 -15270.3 -15280
  578 577.5 2.06389 0.000895786 -15386.8 -15155.9 -15377.8
  579 578.5 2.06759 0.00089739 -15278.5 -15137.9 -15290.9
  580 579.5 2.0668 0.000897049 -15353.4 -15310.1 -15307
  581 580.5 2.06419 0.000895918 -15224.7 -15313.9 -15318.3
  582 581.5 2.06253 0.000895197 -15289.8 -15246.7 -15317.4
  583 582.5 2.07194 0.000899279 -15276.8 -15262.1 -15257.4
  584 583.5 2.07429 0.0009003 -15310.7 -15343.1 -15277.4
  585 584.5 2.07335 0.00089989 -15305.4 -15293.1 -15249
  586 585.5 2.06368 0.000895694 -15251.1 -15319.2 -15345.1
  587 586.5 2.06287 0.000895344 -15267.3 -15375.7 -15322.4
  588 587.5 2.0636 0.000895658 -15328.8 -15409.4 -15358.3
  589 588.5 2.05773 0.000893113 -15258.3 -15435 -15373.6
  590 589.5 2.063 0.000895399 -15220.7 -15340.8 -15291.6
  591 590.5 2.05784 0.000893159 -15129.2 -15395.5 -15334.3
  592 591.5 2.06171 0.000894839 -15250.1 -15386 -15369.5
  593 592.5 2.05611 0.00089241 -15256.7 -15343.7 -15382.1
  594 593.5 2.06041 0.000894274 -15448.3 -15489.4 -15325.5
  595 594.5 2.05926 0.000893775 -15313.7 -15400.4 -15283.3
  596 595.5 2.06388 0.000895782 -15360.9 -15422.9 -15308.2
  597 596.5 2.0663 0.000896831 -15399 -15387.9 -15264.5
  598 597.5 2.06537 0.000896426 -15392.6 -15407.4 -15240.8
  599 598.5 2.07623 0.000901141 -15291.7 -15423.9 -15149.2
  600 599.5 2.08257 0.000903894 -15337 -15293 -15114.8
  601 600.5 2.08212 0.000903696 -15222.6 -15349.1 -15041.2
  602 601.5 2.09951 0.000911247 -15175.6 -15190.2 -14945.2
  603 602.5 2.11657 0.000918648 -15073 -15058.2 -14667.5
  604 603.5 2.13583 0.00092701 -15036.4 -15044.8 -14516.8
  605 604.5 2.16173 0.000938251 -14936.8 -14988.5 -14250.9
  606 605.5 2.19946 0.000954626 -14696.6 -14879.3 -13843
  607 606.5 2.24468 0.000974255 -14483.6 -14539.1 -13411.4
  608 607.5 2.30251 0.000999355 -14119.6 -14212.1 -12894.9
  609 608.5 2.38063 0.00103326 -13816.3 -13803.1 -12175.7
  610 609.5 2.50079 0.00108541 -13265.1 -13200.7 -11252.3
  611 610.5 2.66531 0.00115682 -12510.3 -12514.6 -10142.8
  612 611.5 2.86814 0.00124485 -11654.8 -11681.3 -8940.67
  613 612.5 3.14062 0.00136312 -10491.7 -10571.2 -7640.07
  614 613.5 3.4967 0.00151767 -9335.63 -9365.18 -6297.32
  615 614.5 3.95047 0.00171462 -8096.26 -8152.03 -5009.43
  616 615.5 4.51006 0.00195749 -6804.14 -6826.23 -3763.5
  617 616.5 5.19371 0.00225421 -5534.66 -5511.82 -2846.32
  618 617.5 6.04413 0.00262332 -4327.2 -4250.22 -1907.92
  619 618.5 7.02236 0.0030479 -3143.24 -3111.74 -1245.81
  620 619.5 8.13621 0.00353134 -2075.86 -2088.68 -860.881
  621 620.5 9.40786 0.00408327 -1236.45 -1166.58 -599.143
  622 621.5 10.8028 0.0046887 -509.276 -484.504 -454.94
  623 622.5 12.3084 0.0053422 169.478 167.735 -403.734
  624 623.5 13.8778 0.00602336 662.824 651.615 -497.059
120000000 624 13588
  1 0.5 18.811 0.00816451 974.94 974.32 -1357.25
  2 1.5 20.1146 0.00873029 985.306 988.517 -1390.72
  3 2.5 21.3264 0.00925626 965.17 1036.76 -1474.11
  4 3.5 22.5168 0.0097729 1012.17 1013.05 -1456.74
  5 4.5 23.5822 0.0102353 977.472 1000.27 -1554.04
  6 5.5 24.601 0.0106775 936.632 932.018 -1647
  7 6.5 25.4849 0.0110612 817.607 866.005 -1696.46
  8 7.5 26.2483 0.0113925 743.989 740.947 -1703.4
  9 8.5 26.9191 0.0116836 581.931 528.646 -1816.35
  10 9.5 27.5221 0.0119454 480.694 416.799 -1801.6
  11 10.5 28.0093 0.0121568 275.851 292.259 -1752.82
  12 11.5 28.3982 0.0123256 150.424 94.8588 -1778.94
  13 12.5 28.7154 0.0124633 -4.03222 -53.8029 -1744.91
  14 13.5 28.9879 0.0125816 -241.96 -219.689 -1721.14
  15 14.5 29.206 0.0126762 -307.648 -323.301 -1594.57
  16 15.5 29.3801 0.0127518 -422.037 -419.064 -1576.26
  17 16.5 29.4885 0.0127988 -528.927 -541.216 -1518.72
  18 17.5 29.637 0.0128633 -622.552 -591.748 -1431.69
  19 18.5 29.7261 0.012902 -749.997 -714.039 -1421.07
  20 19.5 29.7905 0.0129299 -827.889 -785.3 -1356.74
  21 20.5 29.8509 0.0129561 -816.804 -841.352 -1298.45
  22 21.5 29.9123 0.0129828 -827.226 -846.754 -1235.26
  23 22.5 29.9488 0.0129986 -911.499 -909.176 -1257.1
  24 23.5 29.9615 0.0130041 -912.774 -910.787 -1180.1
  25 24.5 30.0308 0.0130342 -904.55 -934.44 -1179.41
  26 25.5 30.0414 0.0130388 -931.63 -982.881 -1152.09
  27 26.5 30.0462 0.0130409 -924.254 -918.067 -1113.25
  28 27.5 30.0717 0.013052 -988.692 -1002.2 -1192.66
  29 28.5 30.0982 0.0130634 -1026.18 -978.14 -1059.52
  30 29.5 30.0948 0.013062 -1041.48 -1024.67 -1098.43
  31 30.5 30.122 0.0130738 -1012.67 -1048.14 -1105.3
  32 31.5 30.1255 0.0130753 -984.778 -1024.15 -1083.88
  33 32.5 30.1158 0.0130711 -982.896 -976.359 -1063.76
  34 33.5 30.1243 0.0130748 -982.624 -1007.82 -1072.25
  35 34.5 30.1256 0.0130753 -1051.44 -1059.63 -1103.04
  36 35.5 30.1508 0.0130863 -1000.79 -1014.32 -1047.34
  37 36.5 30.1211 0.0130734 -991.364 -944.755 -1023.86
  38 37.5 30.1192 0.0130726 -1052.05 -998.099 -1103.59
  39 38.5 30.1381 0.0130808 -1076.1 -1081.9 -1056.16
  40 39.5 30.1496 0.0130858 -1045.45 -1053.31 -1046.92
  41 40.5 30.1277 0.0130763 -1048.49 -1084.42 -1020.96
  42 41.5 30.1264 0.0130757 -1049.8 -1095.08 -1079.6
  43 42.5 30.1296 0.0130771 -1084.77 -1072.17 -1050.02
  44 43.5 30.1096 0.0130684 -1077.04 -1078.9 -1084.51
  45 44.5 30.1173 0.0130717 -1040.69 -1053.09 -1012.65
  46 45.5 30.1127 0.0130697 -1092.68 -1089.02 -1048.63
  47 46.5 30.112 0.0130694 -1090.25 -1090.7 -1063.87
  48 47.5 30.1167 0.0130715 -1053.67 -1058.64 -1034
  49 48.5 30.107 0.0130673 -1047.44 -1077.45 -1030.28
  50 49.5 30.1103 0.0130687 -1062.85 -1111.58 -1038.09
  51 50.5 30.0993 0.0130639 -1044.76 -1101.72 -1031.99
  52 51.5 30.0798 0.0130555 -1029.84 -1064.79 -1096.02
  53 52.5 30.0907 0.0130602 -1087.91 -1026.43 -1042.39
  54 53.5 30.0873 0.0130587 -1038.03 -1022.59 -1011.9
  55 54.5 30.0867 0.0130585 -1115.96 -1125.03 -1028.87
  56 55.5 30.0795 0.0130554 -1123.85 -1079.92 -1035.61
  57 56.5 30.0826 0.0130567 -1049.03 -1081.5 -1088.89
  58 57.5 30.0805 0.0130558 -1095.82 -1086.41 -1026.85
  59 58.5 30.0866 0.0130584 -1062.74 -1065.52 -1024.57
  60 59.5 30.0621 0.0130478 -1058.68 -1115.11 -1048.53
  61 60.5 30.0671 0.0130499 -1120.38 -1070.48 -1049.37
  62 61.5 30.0864 0.0130584 -1091.02 -1052.79 -1052.42
  63 62.5 30.0689 0.0130507 -1080.18 -1120.27 -1035.95
  64 63.5 30.0743 0.0130531 -1054.62 -1063.99 -996.648
  65 64.5 30.0733 0.0130527 -1096.96 -1114.98 -1077.1
  66 65.5 30.089 0.0130595 -1058.67 -1103.39 -1023.31
  67 66.5 30.0846 0.0130575 -1009.9 -1083.38 -1035.92
  68 67.5 30.0842 0.0130574 -1036.27 -1074.82 -1065.83
  69 68.5 30.0743 0.0130531 -1061.8 -1094.13 -1055.83
  70 69.5 30.0971 0.013063 -1040.65 -1028.28 -1010.93
  71 70.5 30.0998 0.0130641 -1032.74 -1017.85 -1021.06
  72 71.5 30.0879 0.013059 -988.29 -1030.74 -1089.82
  73 72.5 30.0874 0.0130588 -952.367 -982.226 -1040.11
  74 73.5 30.1107 0.0130689 -994.706 -1004.15 -1003.39
  75 74.5 30.1066 0.0130671 -1063.91 -1108.33 -1051.97
  76 75.5 30.074 0.013053 -1012.19 -1084.05 -1086.82
  77 76.5 30.1108 0.0130689 -1026.85 -975.558 -1038.79
  78 77.5 30.1369 0.0130802 -997.266 -1051.41 -1042.07
  79 78.5 30.0922 0.0130608 -1014.27 -1015.74 -1015.27
  80 79.5 30.1204 0.0130731 -1041.37 -1029.45 -1070.98
  81 80.5 30.1332 0.0130786 -1039.77 -1026.32 -1044.62
  82 81.5 30.1275 0.0130762 -1056.84 -986.64 -1039.21
  83 82.5 30.1139 0.0130703 -1019.54 -1070.15 -1020.84
  84 83.5 30.1452 0.0130839 -1104.45 -1048.85 -1072.04
  85 84.5 30.1407 0.0130819 -1054.41 -1049.81 -1055.88
  86 85.5 30.1343 0.0130791 -1030.34 -1037.32 -1020.62
  87 86.5 30.1283 0.0130765 -1022.34 -1052.9 -1098.75
  88 87.5 30.1631 0.0130916 -1064.42 -1065.47 -1026.12
  89 88.5 30.14 0.0130816 -1044.74 -989.866 -1038.8
  90 89.5 30.1471 0.0130847 -1049.53 -1016.13 -1046.37
  91 90.5 30.158 0.0130894 -1068.98 -1054.99 -1062.21
  92 91.5 30.1557 0.0130884 -1074.9 -1084.83 -1051.33
  93 92.5 30.1532 0.0130873 -1038.22 -1074.6 -1039.83
  94 93.5 30.1528 0.0130872 -1032.64 -1054.58 -1065.89
  95 94.5 30.1579 0.0130894 -1028.43 -1052.94 -1036.32
  96 95.5 30.1617 0.013091 -991.075 -1054.66 -1040.01
  97 96.5 30.15 0.0130859 -1050.43 -1063.38 -1057.7
  98 97.5 30.1585 0.0130896 -1047.12 -1060.55 -1035.16
  99 98.5 30.1566 0.0130888 -1014.18 -1026.41 -1046.22
  100 99.5 30.1436 0.0130831 -1026.04 -995.024 -1056.26
  101 100.5 30.1157 0.0130711 -1078.31 -1024.76 -1059.3
  102 101.5 30.1595 0.01309 -1025.8 -1028.66 -1027.65
  103 102.5 30.1378 0.0130807 -1011.64 -986.686 -1013.23
  104 103.5 30.1284 0.0130766 -1015.91 -1034.73 -1058.28
  105 104.5 30.1462 0.0130843 -1061.66 -1034.91 -1034.22
  106 105.5 30.1546 0.013088 -1054.22 -1033.35 -1032.6
  107 106.5 30.1258 0.0130754 -1050.24 -1029.99 -1062.16
  108 107.5 30.1437 0.0130832 -985.587 -1007.21 -1021.68
  109 108.5 30.1462 0.0130843 -1033.12 -1023.64 -1007.34
  110 109.5 30.1367 0.0130801 -1076.96 -1072.21 -1108.52
  111 110.5 30.1582 0.0130895 -1073.42 -1057.82 -998.571
  112 111.5 30.1465 0.0130844 -1071.74 -1060.65 -1049.9
  113 112.5 30.1493 0.0130856 -1004.46 -1062.98 -1020.76
  114 113.5 30.1627 0.0130915 -1081.41 -1066.1 -1100.62
  115 114.5 30.1326 0.0130784 -1075.97 -1037.97 -1043.47
  116 115.5 30.1474 0.0130848 -1022.13 -1031.98 -1046.43
  117 116.5 30.1654 0.0130926 -1029.81 -1096.83 -1058.79
  118 117.5 30.1714 0.0130952 -1026.48 -998.486 -997.178
  119 118.5 30.144 0.0130833 -1045.88 -1003.95 -1062.11
  120 119.5 30.1353 0.0130796 -986.327 -987.531 -1055.3
  121 120.5 30.1623 0.0130913 -1077.15 -978.135 -1074.67
  122 121.5 30.1519 0.0130867 -1070.5 -1014.55 -1058.92
  123 122.5 30.116 0.0130712 -1109.97 -1005.3 -1017.06
  124 123.5 30.1435 0.0130831 -1033.07 -971.301 -1075.7
  125 124.5 30.1605 0.0130905 -1038.36 -1019.85 -1064.84
  126 125.5 30.123 0.0130742 -1028.49 -988.615 -1009.73
  127 126.5 30.1137 0.0130702 -1014.41 -969.356 -993.966
  128 127.5 30.1443 0.0130835 -1058.67 -1028.18 -1115.62
  129 128.5 30.124 0.0130747 -1031.56 -1056.09 -1027.77
  130 129.5 30.0959 0.0130625 -1074.69 -1044.24 -1051.47
  131 130.5 30.1263 0.0130756 -1050.92 -1004.17 -1052.15
  132 131.5 30.1248 0.013075 -1083.09 -1063.71 -1041.47
  133 132.5 30.0861 0.0130582 -1003.48 -1004.08 -1033.99
  134 133.5 30.112 0.0130695 -1090.64 -1078.42 -1038.97
  135 134.5 30.0869 0.0130585 -1018.03 -1056.23 -1067.75
  136 135.5 30.1033 0.0130657 -1069.59 -1089.17 -1024.53
  137 136.5 30.0762 0.0130539 -1049.47 -1083.49 -1013.76
  138 137.5 30.1063 0.013067 -1017.04 -1053.95 -1029.41
  139 138.5 30.0749 0.0130533 -1023.67 -1070.18 -1099.4
  140 139.5 30.0491 0.0130421 -1056.25 -1028.33 -1061.86
  141 140.5 30.0811 0.013056 -978.997 -989.618 -1002.55
  142 141.5 30.1041 0.013066 -996.075 -1034.17 -1041.7
  143 142.5 30.0542 0.0130444 -973.953 -992.771 -1033.91
  144 143.5 30.0655 0.0130493 -1082.4 -1045.01 -1052.39
  145 144.5 30.0941 0.0130617 -1040.88 -1035.79 -1019.08
  146 145.5 30.0794 0.0130553 -1052.91 -1029.34 -1076.72
  147 146.5 30.0635 0.0130484 -1087.71 -987.237 -1029.7
  148 147.5 30.0623 0.0130479 -1035.87 -990.027 -1043.96
  149 148.5 30.0666 0.0130497 -1049.51 -1015.51 -1083.48
  150 149.5 30.0702 0.0130513 -1014.94 -969.897 -998.966
  151 150.5 30.0519 0.0130434 -1076.59 -1051.32 -1055
  152 151.5 30.0622 0.0130478 -1077.85 -1101.82 -1065.2
  153 152.5 30.0723 0.0130522 -1053.73 -1015.9 -1036.89
  154 153.5 30.0845 0.0130575 -1027.12 -1055.05 -1044.41
  155 154.5 30.0679 0.0130503 -1031.36 -1041.83 -1031.34
  156 155.5 30.0487 0.013042 -1001.11 -995.888 -1052.82
  157 156.5 30.0749 0.0130533 -1060.58 -1019.41 -1071.36
  158 157.5 30.074 0.0130529 -1130.14 -1042.04 -1034.64
  159 158.5 30.0524 0.0130436 -1063.22 -1071.29 -1011.59
  160 159.5 30.0647 0.0130489 -1097.71 -1065.26 -1068.71
  161 160.5 30.0651 0.0130491 -1030.99 -1012.97 -1066.2
  162 161.5 30.0269 0.0130325 -1011.12 -976.689 -1020.26
  163 162.5 30.0624 0.0130479 -1014.03 -1014.8 -1051.17
  164 163.5 30.0569 0.0130455 -1033.46 -1065.18 -1054.86
  165 164.5 30.0334 0.0130353 -1049.46 -1021.35 -1032.33
  166 165.5 30.0415 0.0130389 -981.973 -1014.04 -1045.53
  167 166.5 30.0535 0.0130441 -1055.33 -1035.11 -1033.84
  168 167.5 30.0414 0.0130388 -993.038 -988.445 -1063.36
  169 168.5 30.0256 0.0130319 -1009.14 -1040.02 -1051.72
  170 169.5 30.0498 0.0130425 -1010.74 -1047.23 -1040.49
  171 170.5 30.0743 0.0130531 -1004.87 -1053.6 -999.989
  172 171.5 30.05 0.0130425 -1001.56 -1041.26 -1024.21
  173 172.5 30.0415 0.0130389 -1020.59 -1072.5 -1071.91
  174 173.5 30.0523 0.0130435 -1021.56 -1080.97 -1058.22
  175 174.5 30.0694 0.0130509 -1107.1 -1063.94 -1044.38
  176 175.5 30.0568 0.0130455 -1080.56 -1056.77 -1046.12
  177 176.5 30.05 0.0130425 -1093.11 -1058.52 -1076.85
  178 177.5 30.055 0.0130447 -1076.37 -1071.55 -1038.63
  179 178.5 30.0824 0.0130566 -1045.62 -1062.19 -1039.97
  180 179.5 30.0637 0.0130485 -1079.63 -1068.37 -1049.75
  181 180.5 30.0608 0.0130472 -1063.7 -1037.81 -1075.88
  182 181.5 30.0682 0.0130504 -1088.13 -1071.72 -1083.75
  183 182.5 30.0881 0.0130591 -956.375 -1013.15 -1004.71
  184 183.5 30.0533 0.013044 -950.363 -984.956 -1039.93
  185 184.5 30.0666 0.0130497 -1004.73 -1024.81 -1109.57
  186 185.5 30.0815 0.0130562 -1053.67 -1028.28 -1066.77
  187 186.5 30.0731 0.0130525 -1041.09 -1056.05 -1053.68
  188 187.5 30.0537 0.0130441 -995.748 -1025.79 -1083.99
  189 188.5 30.0588 0.0130464 -1019.96 -1020.37 -1081.55
  190 189.5 30.0572 0.0130457 -1008.48 -1003.08 -1057.91
  191 190.5 30.0547 0.0130446 -987.551 -1023.09 -1052.46
  192 191.5 30.0384 0.0130375 -1060.21 -1074.2 -1100.7
  193 192.5 30.0121 0.0130261 -1013.94 -1004.43 -1102.23
  194 193.5 30.0029 0.0130221 -1024.46 -994.634 -1111.13
  195 194.5 30.0094 0.0130249 -1008.2 -1033.22 -1076.71
  196 195.5 29.9707 0.0130081 -1017.82 -997.003 -1076.83
  197 196.5 29.9547 0.0130012 -1009.85 -1024.9 -1123.98
  198 197.5 29.9312 0.012991 -989.513 -983.263 -1098.77
  199 198.5 29.9136 0.0129834 -945.269 -995.993 -1089.9
  200 199.5 29.8947 0.0129751 -1002.86 -1015.93 -1090.98
  201 200.5 29.8615 0.0129607 -982.068 -1018.55 -1081.98
  202 201.5 29.8308 0.0129474 -1004.05 -1026.11 -1109.03
  203 202.5 29.7755 0.0129234 -1012.58 -1024.88 -1105.83
  204 203.5 29.7559 0.0129149 -985.173 -966.073 -1068.37
  205 204.5 29.7163 0.0128977 -913.512 -936.052 -1026.64
  206 205.5 29.6536 0.0128705 -909.518 -905.095 -1090.43
  207 206.5 29.6343 0.0128621 -949.371 -912.948 -1032.59
  208 207.5 29.5963 0.0128456 -959.1 -902.644 -974.996
  209 208.5 29.5441 0.012823 -985.253 -943.299 -996.829
  210 209.5 29.5229 0.0128138 -995.534 -982.766 -985.428
  211 210.5 29.4963 0.0128022 -1040.98 -967.967 -977.546
  212 211.5 29.4704 0.012791 -994.017 -937.666 -907.701
  213 212.5 29.4489 0.0127817 -1017.05 -920.022 -875.413
  214 213.5 29.4651 0.0127887 -1011.32 -1000.2 -874.34
  215 214.5 29.4691 0.0127904 -1019.13 -992.443 -897.505
  216 215.5 29.4735 0.0127923 -1019.09 -1022.23 -890.187
  217 216.5 29.4964 0.0128022 -1036.37 -1003.91 -843.975
  218 217.5 29.5432 0.0128226 -993.32 -991.696 -853.333
  219 218.5 29.6098 0.0128515 -991.507 -1017.19 -890.606
  220 219.5 29.6479 0.012868 -957.749 -971.053 -873.413
  221 220.5 29.7065 0.0128935 -959.833 -975.439 -920.69
  222 221.5 29.7977 0.012933 -925.608 -881.157 -926.516
  223 222.5 29.8812 0.0129693 -904.442 -899.981 -902.556
  224 223.5 29.9678 0.0130068 -909.341 -880.249 -966.264
  225 224.5 30.0602 0.013047 -877.117 -845.763 -1020.47
  226 225.5 30.1683 0.0130939 -802.24 -794.451 -1018.36
  227 226.5 30.2469 0.013128 -825.18 -785.416 -1019.23
  228 227.5 30.3516 0.0131734 -805.957 -759.448 -1019.43
  229 228.5 30.4387 0.0132112 -821.262 -817.884 -1096.86
  230 229.5 30.548 0.0132587 -824.777 -757.01 -1131.3
  231 230.5 30.6089 0.0132851 -851.77 -805.981 -1120.27
  232 231.5 30.6959 0.0133229 -756.903 -766.974 -1070.3
  233 232.5 30.7802 0.0133594 -870.569 -814.722 -1148.51
  234 233.5 30.8264 0.0133795 -851.524 -813.895 -1118.24
  235 234.5 30.8606 0.0133944 -916.111 -892.838 -1152.57
  236 235.5 30.9612 0.013438 -850.193 -898.64 -1115.87
  237 236.5 30.9942 0.0134524 -863.101 -868.806 -1114.28
  238 237.5 31 0.0134549 -839.208 -828.035 -1081.41
  239 238.5 31.0603 0.013481 -843.644 -892.474 -1126.17
  240 239.5 31.0875 0.0134928 -876.346 -904.571 -1096.55
  241 240.5 31.1051 0.0135005 -969.757 -953.659 -1054.05
  242 241.5 31.1502 0.01352 -962.508 -949.337 -1063.51
  243 242.5 31.1621 0.0135252 -944.765 -910.725 -1079.01
  244 243.5 31.1667 0.0135272 -953.466 -1008.8 -1103.71
  245 244.5 31.199 0.0135412 -955.122 -963.845 -1006.54
  246 245.5 31.2095 0.0135458 -918.969 -977.185 -1071.26
  247 246.5 31.2274 0.0135536 -957.315 -917.471 -1045.06
  248 247.5 31.2342 0.0135565 -943.98 -965.826 -1029.76
  249 248.5 31.2561 0.013566 -1003.17 -933.326 -1040.62
  250 249.5 31.2725 0.0135732 -956.254 -921.806 -1006.7
  251 250.5 31.2768 0.013575 -988.178 -974.986 -1030.46
  252 251.5 31.2805 0.0135766 -967.639 -942.51 -1044.4
  253 252.5 31.2809 0.0135768 -1000.86 -990.272 -1010.8
  254 253.5 31.3099 0.0135894 -1039.15 -972.415 -1039.59
  255 254.5 31.2951 0.0135829 -1009.59 -1035.95 -1019.54
  256 255.5 31.2972 0.0135839 -1011.71 -961.58 -1030.68
  257 256.5 31.3188 0.0135932 -1140.78 -978.312 -1040.17
  258 257.5 31.3099 0.0135894 -984.561 -922.558 -988.062
  259 258.5 31.3084 0.0135887 -935.476 -893.942 -1016.53
  260 259.5 31.3152 0.0135917 -928.466 -943.293 -1043.31
  261 260.5 31.3116 0.0135901 -977.598 -937.109 -968.283
  262 261.5 31.3235 0.0135953 -972.899 -979.442 -1040.92
  263 262.5 31.3359 0.0136006 -1021.58 -995.465 -971.25
  264 263.5 31.3113 0.01359 -996.329 -1019.15 -1002.13
  265 264.5 31.3186 0.0135931 -1048.24 -1012.37 -1003.25
  266 265.5 31.3206 0.013594 -1022.93 -1009.11 -992.206
  267 266.5 31.3143 0.0135913 -976.064 -971.26 -1018.97
  268 267.5 31.3136 0.013591 -997.962 -1016.43 -1027.79
  269 268.5 31.3306 0.0135984 -993.606 -951.066 -946.341
  270 269.5 31.3306 0.0135983 -1020.31 -1051.37 -995.609
  271 270.5 31.308 0.0135886 -1103.01 -1049.39 -1006.88
  272 271.5 31.3373 0.0136013 -1065.43 -1046.19 -1012.57
  273 272.5 31.3503 0.0136069 -1064.81 -997.742 -972.363
  274 273.5 31.3429 0.0136037 -1088.13 -984.111 -1001.25
  275 274.5 31.3314 0.0135987 -1040.39 -1064.77 -1016.39
  276 275.5 31.3516 0.0136074 -1009.78 -1034.93 -985.934
  277 276.5 31.3749 0.0136176 -975.258 -1056.23 -982.366
  278 277.5 31.3613 0.0136117 -1027.15 -1085.27 -1011.02
  279 278.5 31.3693 0.0136151 -989.916 -1011.67 -1012.24
  280 279.5 31.3812 0.0136203 -969.472 -990.1 -1009.17
  281 280.5 31.3763 0.0136182 -986.568 -1008.75 -993.095
  282 281.5 31.388 0.0136233 -961.395 -926.112 -989.195
  283 282.5 31.3944 0.013626 -999.442 -1035.55 -1022.81
  284 283.5 31.3964 0.0136269 -995.265 -994.383 -1020.81
  285 284.5 31.3944 0.013626 -1017.4 -991.226 -983.445
  286 285.5 31.4042 0.0136303 -994.329 -965.068 -987.48
  287 286.5 31.4202 0.0136373 -1003.13 -975.73 -1031.17
  288 287.5 31.376 0.0136181 -1022.47 -1036.18 -1037.4
  289 288.5 31.4153 0.0136351 -956.595 -943.204 -957.113
  290 289.5 31.4355 0.0136439 -936.889 -957.212 -962.622
  291 290.5 31.4135 0.0136343 -966.466 -961.284 -1052.34
  292 291.5 31.41 0.0136328 -1022.92 -979.183 -1033.37
  293 292.5 31.4327 0.0136427 -1001.21 -951.357 -992.654
  294 293.5 31.4416 0.0136465 -1005.45 -977.058 -972.894
  295 294.5 31.4413 0.0136464 -1022.65 -973.18 -1023.1
  296 295.5 31.4287 0.0136409 -968.942 -1006.83 -1027.9
  297 296.5 31.456 0.0136528 -1011.84 -998.241 -981.075
  298 297.5 31.4402 0.0136459 -1032.26 -1042.26 -1023.63
  299 298.5 31.4429 0.0136471 -1053.66 -1042.65 -1015.98
  300 299.5 31.433 0.0136428 -979.014 -1005.59 -1023.38
  301 300.5 31.4358 0.013644 -929.289 -952.555 -957.883
  302 301.5 31.4428 0.013647 -955.624 -928.172 -1005.91
  303 302.5 31.4247 0.0136392 -972.074 -984.485 -1044.26
  304 303.5 31.4275 0.0136404 -994.793 -951.623 -1008.52
  305 304.5 31.4263 0.0136399 -973.597 -963.848 -984.308
  306 305.5 31.4105 0.013633 -966.876 -1010.11 -1038.61
  307 306.5 31.4196 0.013637 -994.119 -968.447 -973.842
  308 307.5 31.4202 0.0136372 -924.323 -999.957 -977.032
  309 308.5 31.4235 0.0136387 -1028.49 -1011.97 -1031.99
  310 309.5 31.3847 0.0136218 -973.363 -1000.55 -1030.33
  311 310.5 31.3987 0.0136279 -1027.2 -999.64 -963.617
  312 311.5 31.4179 0.0136362 -1059.54 -1009.58 -1005.72
  313 312.5 31.4127 0.013634 -1069.7 -1102.62 -989.511
  314 313.5 31.3909 0.0136245 -1045.51 -1057.22 -1030.27
  315 314.5 31.4074 0.0136317 -1053.91 -1075.54 -989.329
  316 315.5 31.4058 0.013631 -1029.99 -1101.1 -1029.11
  317 316.5 31.3949 0.0136263 -972.082 -1032.04 -963.671
  318 317.5 31.3693 0.0136152 -1003.84 -972.086 -1004.54
  319 318.5 31.3732 0.0136168 -1060.85 -1023.18 -1066.92
  320 319.5 31.3881 0.0136233 -1030.93 -1020.11 -1000.89
  321 320.5 31.3773 0.0136186 -1029.66 -1012.73 -936.359
  322 321.5 31.3571 0.0136098 -980.237 -970.2 -1017.85
  323 322.5 31.3625 0.0136122 -1052 -982.259 -1045.87
  324 323.5 31.366 0.0136137 -1021.54 -937.056 -991.55
  325 324.5 31.3621 0.013612 -1000.76 -996.713 -992.466
  326 325.5 31.358 0.0136102 -1017.4 -948.398 -977.759
  327 326.5 31.345 0.0136046 -1037.92 -961.607 -1036.55
  328 327.5 31.3524 0.0136078 -997.587 -934.133 -978.827
  329 328.5 31.3504 0.0136069 -1034.6 -1026.1 -1015.19
  330 329.5 31.3255 0.0135961 -1020.7 -968.535 -1015.24
  331 330.5 31.3527 0.0136079 -1051.91 -1001.36 -982.677
  332 331.5 31.3272 0.0135969 -996.725 -1014.32 -1003.5
  333 332.5 31.3285 0.0135974 -986.845 -973.706 -1005.06
  334 333.5 31.3201 0.0135938 -967.085 -1013.47 -1021.44
  335 334.5 31.3231 0.0135951 -1056.31 -1004.58 -1008.86
  336 335.5 31.3349 0.0136002 -992.737 -1017.45 -962.136
  337 336.5 31.3084 0.0135887 -1052.06 -1026.94 -1057.5
  338 337.5 31.3063 0.0135878 -1031.21 -1026.77 -1003.5
  339 338.5 31.3248 0.0135958 -983.913 -1014.87 -983.693
  340 339.5 31.311 0.0135899 -910.538 -972.928 -1006.33
  341 340.5 31.2896 0.0135805 -971.695 -1000.58 -1032.52
  342 341.5 31.2843 0.0135783 -937.401 -1005.95 -988.628
  343 342.5 31.2922 0.0135817 -995.51 -1017.88 -1003.2
  344 343.5 31.2679 0.0135712 -962.771 -956.395 -995.494
  345 344.5 31.2652 0.01357 -1008.19 -975.016 -1017.39
  346 345.5 31.2592 0.0135674 -995.193 -1033.26 -1006.59
  347 346.5 31.2673 0.0135709 -1020.85 -1028.25 -994.03
  348 347.5 31.2295 0.0135545 -1032.11 -1045.47 -1030.48
  349 348.5 31.2498 0.0135633 -1028.36 -984.897 -993.722
  350 349.5 31.253 0.0135647 -957.732 -1008.11 -971.591
  351 350.5 31.2296 0.0135545 -1043 -1005.62 -1008.32
  352 351.5 31.2213 0.0135509 -1037.87 -1055.73 -995.659
  353 352.5 31.2343 0.0135565 -1031.87 -1017.26 -988.101
  354 353.5 31.2251 0.0135525 -1022.62 -990.888 -1009.78
  355 354.5 31.2003 0.0135418 -1006.94 -1071.9 -1035.35
  356 355.5 31.2241 0.0135521 -1040.94 -1025.19 -1006.3
  357 356.5 31.1955 0.0135397 -1001.96 -1012.44 -948.537
  358 357.5 31.1992 0.0135413 -1029.85 -1061.43 -1013.17
  359 358.5 31.2177 0.0135494 -1029.73 -1038.47 -1002.38
  360 359.5 31.191 0.0135378 -996.44 -986.276 -997.068
  361 360.5 31.1773 0.0135318 -980.295 -951.317 -998.783
  362 361.5 31.2168 0.013549 -1012.83 -965.99 -963.043
  363 362.5 31.211 0.0135465 -1041.61 -1016.48 -1005.38
  364 363.5 31.1876 0.0135363 -1032.59 -1067.28 -1009.41
  365 364.5 31.1892 0.013537 -1001.81 -1069.71 -1032.97
  366 365.5 31.2127 0.0135472 -965.848 -1063.59 -990.474
  367 366.5 31.2198 0.0135503 -957.332 -1024.61 -1004.24
  368 367.5 31.1923 0.0135383 -945.722 -980.192 -957.316
  369 368.5 31.2391 0.0135587 -968.406 -1021.27 -1051.21
  370 369.5 31.223 0.0135517 -989.26 -958.772 -981.17
  371 370.5 31.2176 0.0135493 -1035.52 -1060.98 -999.813
  372 371.5 31.2186 0.0135497 -959.493 -1034.83 -1016.8
  373 372.5 31.2429 0.0135603 -1057.49 -1013.49 -1023.89
  374 373.5 31.2245 0.0135523 -1027.93 -998.862 -999.352
  375 374.5 31.2126 0.0135471 -1009.61 -1008.87 -1006.49
  376 375.5 31.2338 0.0135564 -961.168 -967.344 -995.747
  377 376.5 31.2383 0.0135583 -1033.21 -1022.07 -971.41
  378 377.5 31.2284 0.013554 -1056.75 -1014.57 -1066.08
  379 378.5 31.229 0.0135542 -1030.41 -1041.56 -1017.32
  380 379.5 31.258 0.0135668 -1030.65 -1041.8 -996.01
  381 380.5 31.2419 0.0135598 -964.267 -970.496 -1026.64
  382 381.5 31.2603 0.0135678 -969.639 -952.632 -1006.67
  383 382.5 31.2494 0.0135631 -1003.36 -996.431 -1032.33
  384 383.5 31.2589 0.0135672 -986.878 -951.464 -978.997
  385 384.5 31.2596 0.0135675 -980.296 -964.448 -1025.92
  386 385.5 31.2394 0.0135588 -954.167 -1036.81 -1036.64
  387 386.5 31.2518 0.0135642 -955.727 -954.426 -1023.18
  388 387.5 31.2707 0.0135723 -1003.87 -998.52 -1015.19
  389 388.5 31.2356 0.0135571 -960.11 -979.475 -1029.11
  390 389.5 31.2377 0.013558 -927.328 -995.463 -1049.38
  391 390.5 31.2555 0.0135657 -954.204 -984.18 -1051.67
  392 391.5 31.2326 0.0135558 -948.095 -955.435 -1029.32
  393 392.5 31.2329 0.013556 -945.002 -995.943 -1027.14
  394 393.5 31.2277 0.0135537 -907.94 -957.242 -1052.94
  395 394.5 31.21 0.013546 -981.969 -963.67 -1087.68
  396 395.5 31.2004 0.0135418 -875.884 -960.472 -1007.08
  397 396.5 31.182 0.0135338 -952.76 -973.593 -1099.17
  398 397.5 31.1623 0.0135253 -877.298 -902.427 -1091.58
  399 398.5 31.1369 0.0135143 -923.427 -880.254 -1088.57
  400 399.5 31.0936 0.0134955 -958.168 -944.226 -1133.03
  401 400.5 31.0977 0.0134973 -904.1 -907.36 -1058.52
  402 401.5 31.0697 0.0134851 -901.993 -909.427 -1127.4
  403 402.5 31.0157 0.0134617 -864.416 -857.057 -1101.53
  404 403.5 30.9708 0.0134422 -833.111 -839.721 -1186.48
  405 404.5 30.9468 0.0134318 -891.247 -778.059 -1187.62
  406 405.5 30.8952 0.0134094 -816.593 -788.952 -1186.7
  407 406.5 30.8177 0.0133757 -828.198 -828.585 -1236.85
  408 407.5 30.7474 0.0133452 -755.945 -732.511 -1299.17
  409 408.5 30.6805 0.0133162 -690.65 -653.524 -1278.4
  410 409.5 30.5673 0.0132671 -624.119 -622.078 -1345.02
  411 410.5 30.4678 0.0132239 -552.307 -560.849 -1387.58
  412 411.5 30.372 0.0131823 -445.115 -450.434 -1428.33
  413 412.5 30.1729 0.0130959 -434.249 -407.354 -1548.58
  414 413.5 30.0215 0.0130302 -328.078 -372.774 -1603.79
  415 414.5 29.8281 0.0129462 -196.555 -277.059 -1650.42
  416 415.5 29.5987 0.0128467 -108.721 -118.366 -1680.59
  417 416.5 29.2759 0.0127066 104.381 78.304 -1780.51
  418 417.5 28.9084 0.012547 275.195 247.823 -1796.5
  419 418.5 28.489 0.012365 451.57 470.443 -1788.42
  420 419.5 27.9527 0.0121322 636.082 570.308 -1830.37
  421 420.5 27.3052 0.0118512 807.518 759.344 -1837.07
  422 421.5 26.5764 0.0115349 926.398 869.779 -1788.86
  423 422.5 25.7635 0.0111821 1110.42 1054.13 -1674.16
  424 423.5 24.7771 0.0107539 1191.5 1199.89 -1599.31
  425 424.5 23.6721 0.0102743 1316.32 1313.04 -1539.82
  426 425.5 22.4879 0.00976038 1404.81 1347.99 -1370.49
  427 426.5 21.1964 0.00919982 1403.45 1391.75 -1274.03
  428 427.5 19.8076 0.00859703 1353.14 1351.65 -1161.35
  429 428.5 18.3562 0.00796708 1285.09 1311.95 -1090.64
  430 429.5 16.8879 0.00732982 1148.57 1178.11 -896.192
  431 430.5 15.4033 0.00668545 914.657 981.858 -827.664
  432 431.5 13.9105 0.00603754 655.416 669.936 -759.552
  433 432.5 12.4717 0.00541306 258.523 279.274 -674.157
  434 433.5 11.0861 0.00481167 -212.052 -217.261 -829.806
  435 434.5 9.78012 0.00424484 -842.13 -847.168 -835.888
  436 435.5 8.58175 0.00372472 -1601.81 -1537.78 -1079.24
  437 436.5 7.48557 0.00324894 -2407.2 -2470.13 -1378.52
  438 437.5 6.51383 0.00282718 -3456.53 -3450.84 -1888.11
  439 438.5 5.66234 0.00245761 -4591.04 -4602.28 -2595.29
  440 439.5 4.93551 0.00214215 -5742.33 -5749.94 -3381.48
  441 440.5 4.32399 0.00187673 -6957.71 -6912.83 -4339.25
  442 441.5 3.81906 0.00165758 -8293.58 -8204.49 -5500.42
  443 442.5 3.41422 0.00148187 -9538.87 -9469.13 -6738.69
  444 443.5 3.0884 0.00134045 -10630.4 -10634.9 -8011.87
  445 444.5 2.83819 0.00123185 -11587.9 -11662.3 -9258.93
  446 445.5 2.64145 0.00114646 -12381.4 -12432 -10324.3
  447 446.5 2.49146 0.00108136 -13121.6 -13152.9 -11346.9
  448 447.5 2.37606 0.00103128 -13823 -13736 -12312.4
  449 448.5 2.28778 0.000992959 -14237.3 -14167.6 -13042.1
  450 449.5 2.23116 0.000968385 -14538.1 -14511.5 -13501.6
  451 450.5 2.18177 0.000946949 -14791.5 -14811 -14051.4
  452 451.5 2.14802 0.0009323 -14863.9 -14829.9 -14424.8
  453 452.5 2.12507 0.000922339 -14997.7 -15013.4 -14623.8
  454 453.5 2.11982 0.000920062 -15099.4 -15028.3 -14713.7
  455 454.5 2.09848 0.000910796 -15113 -15088.5 -14949.9
  456 455.5 2.08626 0.000905493 -15182 -15228.4 -15093.1
  457 456.5 2.08797 0.000906235 -15132.7 -15231.1 -15082.1
  458 457.5 2.08753 0.000906044 -15113.4 -15215.9 -15142.9
  459 458.5 2.089 0.000906683 -15200.1 -15250.2 -15099.8
  460 459.5 2.0876 0.000906075 -15132.5 -15263.8 -15120.5
  461 460.5 2.08332 0.000904219 -15236 -15237.2 -15230
  462 461.5 2.0832 0.000904168 -15199.9 -15259 -15183.1
  463 462.5 2.08251 0.000903867 -15193.2 -15217.6 -15223.6
  464 463.5 2.07825 0.00090202 -15261.8 -15168.5 -15256.9
  465 464.5 2.08701 0.00090582 -15288.6 -15131.9 -15137.8
  466 465.5 2.09139 0.000907722 -15286.9 -15334.5 -15156.4
  467 466.5 2.09016 0.000907188 -15169.9 -15332.6 -15163.5
  468 467.5 2.09064 0.000907394 -15268.4 -15261.9 -15160.4
  469 468.5 2.08785 0.000906186 -15341.9 -15269.2 -15205.2
  470 469.5 2.09223 0.000908085 -15167.6 -15130.7 -15171.1
  471 470.5 2.08704 0.000905831 -15209 -15117.5 -15207.4
  472 471.5 2.08866 0.000906537 -15155.7 -15147.7 -15200.2
  473 472.5 2.09402 0.000908864 -15147.7 -15171.8 -15115.3
  474 473.5 2.08859 0.000906505 -15225.9 -15282.5 -15195.2
  475 474.5 2.09212 0.000908038 -15158.9 -15277.7 -15167.9
  476 475.5 2.09326 0.000908532 -15188.9 -15242 -15112.1
  477 476.5 2.08582 0.000905302 -15067.3 -15328.3 -15207.4
  478 477.5 2.08449 0.000904726 -15176.3 -15326.2 -15275.3
  479 478.5 2.08197 0.000903632 -15093.9 -15294.1 -15227
  480 479.5 2.07643 0.000901227 -15175 -15288.9 -15263.3
  481 480.5 2.08266 0.000903931 -15176.4 -15255.7 -15194.1
  482 481.5 2.0828 0.000903992 -15181.6 -15224.7 -15222.8
  483 482.5 2.07415 0.00090024 -15233.7 -15249.9 -15263.8
  484 483.5 2.07651 0.000901261 -15165.5 -15262.8 -15259.3
  485 484.5 2.0707 0.000898742 -15219.5 -15253.9 -15306.1
  486 485.5 2.06868 0.000897865 -15233.9 -15419.9 -15357.9
  487 486.5 2.07493 0.000900578 -15189.1 -15318 -15271.7
  488 487.5 2.07366 0.000900025 -15269.6 -15247.7 -15280.8
  489 488.5 2.07356 0.000899984 -15289.1 -15351.9 -15302.2
  490 489.5 2.07626 0.000901153 -15268.5 -15436.2 -15310.3
  491 490.5 2.08144 0.000903405 -15289.8 -15373.1 -15211.3
  492 491.5 2.08112 0.000903263 -15193.7 -15207.6 -15228.9
  493 492.5 2.07435 0.000900324 -15215.7 -15325.6 -15284.5
  494 493.5 2.07038 0.000898604 -15314.7 -15256.6 -15328.9
  495 494.5 2.06518 0.000896346 -15382.4 -15295.8 -15322.8
  496 495.5 2.05962 0.000893932 -15372.3 -15229.3 -15381.6
  497 496.5 2.06012 0.000894148 -15392.1 -15326.3 -15400.5
  498 497.5 2.062 0.000894966 -15357.8 -15384.9 -15341.8
  499 498.5 2.06102 0.000894541 -15357.3 -15386.9 -15419.4
  500 499.5 2.06119 0.000894614 -15441 -15279.2 -15349.4
  501 500.5 2.06548 0.000896475 -15600.8 -15391.6 -15350.2
  502 501.5 2.05867 0.000893522 -15561.2 -15426.7 -15436.8
  503 502.5 2.05782 0.000893149 -15547.3 -15456.4 -15417.5
  504 503.5 2.06059 0.000894351 -15462.6 -15332.8 -15369.6
  505 504.5 2.07104 0.000898891 -15326.7 -15399.1 -15270.4
  506 505.5 2.06678 0.000897041 -15348.1 -15439.8 -15358.6
  507 506.5 2.06271 0.000895273 -15390.5 -15356.7 -15388.1
  508 507.5 2.06019 0.00089418 -15417.3 -15355 -15403.6
  509 508.5 2.06196 0.000894949 -15408.9 -15458 -15361.7
  510 509.5 2.0602 0.000894184 -15387.9 -15404.1 -15383.3
  511 510.5 2.05691 0.000892755 -15367.4 -15427.4 -15406.7
  512 511.5 2.05574 0.000892248 -15439.8 -15425.9 -15443.3
  513 512.5 2.06016 0.000894165 -15345.9 -15423.4 -15378.8
  514 513.5 2.06239 0.000895134 -15296.7 -15371.9 -15369.5
  515 514.5 2.06058 0.000894351 -15354.7 -15421.1 -15386.5
  516 515.5 2.05586 0.0008923 -15315.9 -15442.3 -15441.1
  517 516.5 2.06156 0.000894774 -15344.7 -15394.9 -15378.2
  518 517.5 2.06981 0.000898355 -15253.8 -15375 -15306.5
  519 518.5 2.07492 0.000900572 -15272.9 -15248.7 -15257.9
  520 519.5 2.07274 0.000899627 -15282.7 -15355 -15307.4
  521 520.5 2.07357 0.000899986 -15435 -15361.7 -15301.8
  522 521.5 2.07556 0.000900852 -15525.1 -15353.9 -15276.2
  523 522.5 2.07613 0.000901098 -15341.7 -15306.8 -15244.8
  524 523.5 2.07862 0.000902181 -15395.3 -15350.8 -15230.6
  525 524.5 2.07995 0.000902756 -15318.1 -15339.9 -15259.4
  526 525.5 2.08154 0.000903448 -15371.9 -15385.3 -15284.4
  527 526.5 2.08122 0.000903308 -15270.1 -15425.2 -15212.5
  528 527.5 2.0776 0.000901738 -15305.7 -15345 -15254.1
  529 528.5 2.07757 0.000901724 -15376.5 -15289.9 -15289.6
  530 529.5 2.08351 0.000904303 -15328.3 -15284.3 -15178.4
  531 530.5 2.07712 0.000901527 -15289.2 -15359.8 -15278.8
  532 531.5 2.08233 0.00090379 -15323.1 -15323.8 -15274
  533 532.5 2.08562 0.000905215 -15334.8 -15275.7 -15147.8
  534 533.5 2.08718 0.000905893 -15365.3 -15335.6 -15170.4
  535 534.5 2.0911 0.000907595 -15356.4 -15385.2 -15192.2
  536 535.5 2.08545 0.000905144 -15340.1 -15405.4 -15209.1
  537 536.5 2.08465 0.000904798 -15217 -15274.5 -15147
  538 537.5 2.07892 0.000902307 -15246.2 -15317.2 -15285.2
  539 538.5 2.08124 0.000903316 -15263.1 -15270 -15293.9
  540 539.5 2.08557 0.000905196 -15167.5 -15382.6 -15190.8
  541 540.5 2.08421 0.000904605 -15198.5 -15357 -15225.9
  542 541.5 2.09027 0.000907234 -15269.8 -15333.6 -15172.8
  543 542.5 2.08825 0.000906359 -15213 -15309.2 -15160
  544 543.5 2.0839 0.00090447 -15211.9 -15458.3 -15214.7
  545 544.5 2.08995 0.000907098 -15201.7 -15289.9 -15143.6
  546 545.5 2.08316 0.000904151 -15296.3 -15391.3 -15257.4
  547 546.5 2.07443 0.000900359 -15355.7 -15386.4 -15296.7
  548 547.5 2.07983 0.000902706 -15340.8 -15373.9 -15257.1
  549 548.5 2.07323 0.000899838 -15257.6 -15364.5 -15297.4
  550 549.5 2.0761 0.000901083 -15257.4 -15302.3 -15256
  551 550.5 2.07372 0.000900052 -15160.2 -15219.2 -15239.3
  552 551.5 2.07739 0.000901645 -15172.3 -15221.3 -15285.4
  553 552.5 2.07979 0.000902685 -15223 -15279.7 -15239.6
  554 553.5 2.08184 0.000903576 -15262.9 -15420.7 -15220.5
  555 554.5 2.07295 0.000899719 -15266.9 -15354.7 -15307.1
  556 555.5 2.07361 0.000900003 -15323 -15264.8 -15306.9
  557 556.5 2.0808 0.000903125 -15192.6 -15223.1 -15232.1
  558 557.5 2.07376 0.000900072 -15207.1 -15262.7 -15266.5
  559 558.5 2.07602 0.000901052 -15234.5 -15342.9 -15300.4
  560 559.5 2.07703 0.000901491 -15262.4 -15185.6 -15218.5
  561 560.5 2.07803 0.000901921 -15212.2 -15240.3 -15290.7
  562 561.5 2.07635 0.000901194 -15220.1 -15204.8 -15285.9
  563 562.5 2.07772 0.000901789 -15189 -15165.4 -15233.6
  564 563.5 2.08906 0.00090671 -15277.6 -15243.4 -15167.3
  565 564.5 2.08773 0.000906132 -15219.7 -15175.9 -15220.2
  566 565.5 2.08497 0.000904937 -15196.3 -15140.5 -15218
  567 566.5 2.08428 0.000904634 -15212.2 -15156.6 -15207.5
  568 567.5 2.08603 0.000905395 -15142.2 -15077.4 -15221.8
  569 568.5 2.0777 0.000901781 -15255.1 -15150.5 -15255.3
  570 569.5 2.08142 0.000903396 -15252.3 -15186.3 -15219.8
  571 570.5 2.07584 0.000900973 -15134.2 -15230.1 -15255.6
  572 571.5 2.07436 0.00090033 -15193.1 -15183.6 -15294.7
  573 572.5 2.06936 0.00089816 -15237.8 -15246.4 -15325.2
  574 573.5 2.0689 0.000897961 -15195.6 -15179.7 -15306
  575 574.5 2.07045 0.000898631 -15196.5 -15310.1 -15336
  576 575.5 2.07545 0.000900805 -15147.4 -15170.8 -15250.6
  577 576.5 2.07316 0.000899807 -15250 -15251.9 -15303
  578 577.5 2.07292 0.000899705 -15224.7 -15210.9 -15316.3
  579 578.5 2.08028 0.0009029 -15218.5 -15295.7 -15242.3
  580 579.5 2.07292 0.000899704 -15074.1 -15294.7 -15280.6
  581 580.5 2.07309 0.000899778 -15102.7 -15436.3 -15297.6
  582 581.5 2.07286 0.00089968 -15176.8 -15314 -15286.9
  583 582.5 2.06451 0.000896055 -15256.3 -15399.1 -15344.2
  584 583.5 2.06768 0.000897432 -15195 -15321.1 -15375
  585 584.5 2.0598 0.000894012 -15244.1 -15313.8 -15403.3
  586 585.5 2.06013 0.000894153 -15325 -15312.7 -15329.5
  587 586.5 2.0589 0.000893619 -15458.1 -15324.7 -15404.7
  588 587.5 2.0635 0.000895615 -15280.4 -15328.9 -15346.1
  589 588.5 2.07769 0.000901775 -15289.7 -15300.5 -15250.3
  590 589.5 2.06943 0.000898188 -15286.8 -15220.7 -15316.6
  591 590.5 2.06657 0.000896947 -15306.6 -15264.8 -15277
  592 591.5 2.07149 0.000899083 -15365.8 -15142.6 -15260.6
  593 592.5 2.07752 0.000901701 -15353.3 -15279.8 -15246
  594 593.5 2.07791 0.000901869 -15294.1 -15221.5 -15201
  595 594.5 2.08006 0.000902803 -15225.7 -15204.1 -15184.6
  596 595.5 2.08544 0.00090514 -15185.6 -15220.1 -15125.7
  597 596.5 2.09902 0.000911031 -15161.8 -15102.4 -14904.5
  598 597.5 2.10975 0.000915692 -15132 -15094.7 -14869.1
  599 598.5 2.11971 0.000920015 -15030.3 -14937.2 -14717.3
  600 599.5 2.1398 0.000928734 -14906.6 -14797.3 -14506.5
  601 600.5 2.16313 0.000938857 -14845.2 -14796.8 -14250.6
  602 601.5 2.20244 0.00095592 -14595.6 -14676.7 -13895.5
  603 602.5 2.25103 0.00097701 -14355.9 -14326.5 -13368.6
  604 603.5 2.31993 0.00100691 -13954.2 -14002.5 -12780.1
  605 604.5 2.40928 0.00104569 -13576.4 -13607.7 -12046.4
  606 605.5 2.53065 0.00109837 -12987.6 -13002.8 -11131.5
  607 606.5 2.70239 0.00117291 -12204.5 -12211.9 -9945.58
  608 607.5 2.90859 0.00126241 -11167.8 -11333.6 -8836.97
  609 608.5 3.19006 0.00138457 -10077.4 -10276.1 -7600.99
  610 609.5 3.55152 0.00154146 -8927.4 -8941.12 -6231.05
  611 610.5 3.98596 0.00173002 -7650.42 -7667.61 -5101.24
  612 611.5 4.53566 0.0019686 -6438.36 -6389.32 -4041.66
  613 612.5 5.16911 0.00224354 -5156.27 -5066.19 -3138.68
  614 613.5 5.92289 0.0025707 -3974.17 -3878.86 -2451.35
  615 614.5 6.78241 0.00294376 -2967.79 -2896.66 -1955.63
  616 615.5 7.74205 0.00336027 -2073.51 -2017.7 -1554.66
  617 616.5 8.79228 0.0038161 -1289.91 -1308.35 -1373.98
  618 617.5 9.90675 0.0042998 -751.739 -724.267 -1329.11
  619 618.5 11.0935 0.00481487 -117.162 -87.8766 -1185.44
  620 619.5 12.3237 0.00534884 183.949 219.067 -1188.43
  621 620.5 13.597 0.00590148 475.727 471.186 -1249.21
  622 621.5 14.8976 0.00646599 671.99 703.419 -1276.42
  623 622.5 16.2024 0.00703229 811.064 756.686 -1269.81
  624 623.5 17.5389 0.00761239 852.966 907.57 -1279.25
140000000 624 13588
  1 0.5 4.59157 0.00199287 -6955.31 -6980.14 -3647.03
  2 1.5 5.31583 0.00230722 -5650.38 -5678.31 -2527.68
  3 2.5 6.19868 0.0026904 -4445.32 -4360.37 -1627.53
  4 3.5 7.26729 0.0031542 -3163.16 -3219.71 -945.696
  5 4.5 8.52397 0.00369964 -2107.84 -2152.54 -428.447
  6 5.5 9.92306 0.00430689 -1045.42 -1096.79 -159.558
  7 6.5 11.4994 0.00499106 -286.109 -261.42 -26.8608
  8 7.5 13.1667 0.00571472 434.943 436.219 -139.312
  9 8.5 14.9355 0.00648241 1007.02 1016.73 -196.039
  10 9.5 16.7188 0.00725643 1467.31 1424.1 -442.787
  11 10.5 18.4695 0.00801627 1651.65 1668.42 -734.386
  12 11.5 20.1212 0.00873318 1822.36 1833.23 -1030.63
  13 12.5 21.6849 0.00941185 1852.73 1896.86 -1319.24
  14 13.5 23.0615 0.0100093 1843.68 1849.47 -1552.03
  15 14.5 24.2986 0.0105463 1740.37 1707.8 -1808.17
  16 15.5 25.3493 0.0110023 1495.67 1509.29 -1981.61
  17 16.5 26.2326 0.0113857 1267.34 1231.66 -2089.24
  18 17.5 26.9789 0.0117096 1012.51 991.583 -2111.26
  19 18.5 27.5729 0.0119674 769.672 767.305 -2095.56
  20 19.5 28.0514 0.0121751 446.517 428.962 -2124.67
  21 20.5 28.4633 0.0123539 222.162 201.985 -2051.84
  22 21.5 28.7517 0.012479 46.1955 73.5517 -1940.72
  23 22.5 28.9934 0.0125839 -114.59 -140.377 -1849.89
  24 23.5 29.2224 0.0126833 -348.151 -340.341 -1755.71
  25 24.5 29.3667 0.012746 -501.515 -521.103 -1708.57
  26 25.5 29.4951 0.0128017 -599.826 -634.179 -1585.89
  27 26.5 29.5877 0.0128419 -669.33 -687.113 -1454.53
  28 27.5 29.7107 0.0128953 -745.729 -827.356 -1453.04
  29 28.5 29.7594 0.0129164 -824.711 -839.488 -1414.31
  30 29.5 29.8163 0.0129411 -851.793 -859.484 -1234.45
  31 30.5 29.8709 0.0129648 -845.99 -916.757 -1248.55
  32 31.5 29.9222 0.012987 -932.302 -943.63 -1316
  33 32.5 29.9361 0.0129931 -905.177 -928.061 -1209.25
  34 33.5 29.9705 0.013008 -903.411 -978.483 -1129.07
  35 34.5 30.0056 0.0130232 -931.861 -928.77 -1152.76
  36 35.5 30.0134 0.0130266 -942.769 -1007.68 -1140.05
  37 36.5 30.0227 0.0130307 -1000.41 -1019.9 -1136.11
  38 37.5 30.0413 0.0130388 -989.146 -1026.91 -1132.34
  39 38.5 30.0698 0.0130511 -1007.77 -994.597 -1063.68
  40 39.5 30.0665 0.0130497 -993.375 -989.792 -1091.56
  41 40.5 30.0766 0.0130541 -1016.45 -985.734 -1103.54
  42 41.5 30.0678 0.0130503 -950.77 -977.984 -1094.88
  43 42.5 30.0946 0.0130619 -989.957 -997.549 -1055.41
  44 43.5 30.1068 0.0130672 -1014.83 -1004.87 -1084.58
  45 44.5 30.0848 0.0130576 -954.864 -942.344 -1063.49
  46 45.5 30.0883 0.0130592 -1026.31 -1023.81 -1063.75
  47 46.5 30.1179 0.013072 -1022.23 -1035.88 -1085.58
  48 47.5 30.1116 0.0130693 -1025.51 -1019.75 -1027.46
  49 48.5 30.0835 0.0130571 -1069.81 -1031.18 -1090.22
  50 49.5 30.1 0.0130643 -1057.42 -1057.29 -1061.67
  51 50.5 30.1221 0.0130738 -1037.36 -1068.09 -1043.94
  52 51.5 30.0949 0.013062 -1045.1 -1080.87 -1050.36
  53 52.5 30.0929 0.0130612 -1090.65 -1029.9 -1076.91
  54 53.5 30.0915 0.0130606 -1035.99 -994.728 -1077.44
  55 54.5 30.1136 0.0130701 -1020.99 -1029.6 -1021.84
  56 55.5 30.0944 0.0130618 -1060.06 -1095.92 -1039.88
  57 56.5 30.0952 0.0130621 -1056.8 -1067.15 -1069.43
  58 57.5 30.0865 0.0130584 -1048.34 -1045.32 -1063.27
  59 58.5 30.0901 0.0130599 -1029.58 -1087.97 -1040.05
  60 59.5 30.1034 0.0130657 -994.144 -1009.12 -1036.52
  61 60.5 30.0777 0.0130546 -1018.08 -1010.39 -1063.88
  62 61.5 30.0708 0.0130516 -1007.06 -1067.7 -1065.28
  63 62.5 30.1074 0.0130675 -987.437 -1037.75 -1029.71
  64 63.5 30.0896 0.0130597 -1007.34 -986.92 -1013.01
  65 64.5 30.0759 0.0130538 -1002.53 -1019.26 -1093.83
  66 65.5 30.0812 0.0130561 -1005.68 -994.386 -1070.67
  67 66.5 30.1057 0.0130667 -1091.15 -1037.13 -1053.15
  68 67.5 30.086 0.0130582 -1068.54 -1035.3 -989.86
  69 68.5 30.0933 0.0130613 -1079.13 -1016.8 -1077.79
  70 69.5 30.0925 0.013061 -995.914 -969.465 -1087.59
  71 70.5 30.0783 0.0130548 -1090.64 -1002.32 -1041.59
  72 71.5 30.0917 0.0130607 -1125.76 -1052.54 -999.771
  73 72.5 30.1102 0.0130687 -1102.56 -1049.93 -1070.37
  74 73.5 30.0587 0.0130463 -1084.21 -1043.49 -1094.65
  75 74.5 30.0689 0.0130507 -1017.14 -1072.82 -1033.3
  76 75.5 30.1153 0.0130709 -1019.79 -1069.35 -1017.05
  77 76.5 30.0967 0.0130628 -1069.04 -1058.63 -1064.92
  78 77.5 30.0604 0.013047 -1044.86 -1063.61 -1070.54
  79 78.5 30.0936 0.0130614 -1023.98 -1096.73 -1042.46
  80 79.5 30.1037 0.0130658 -1005.78 -1017.07 -1019.25
  81 80.5 30.0913 0.0130604 -1013.18 -1027.57 -1029.34
  82 81.5 30.067 0.0130499 -1047.66 -1057.77 -1110.6
  83 82.5 30.0979 0.0130633 -1057.88 -1042.49 -1015.06
  84 83.5 30.0817 0.0130563 -1053.17 -1047.57 -1058.21
  85 84.5 30.0833 0.013057 -1043.37 -1028.16 -1030.86
  86 85.5 30.0821 0.0130565 -1074.51 -1050.81 -1054.49
  87 86.5 30.0707 0.0130515 -1060.46 -1058.32 -1081.89
  88 87.5 30.098 0.0130634 -1027.85 -1113.11 -1024.29
  89 88.5 30.0734 0.0130527 -1106.52 -1086.61 -1071.86
  90 89.5 30.0921 0.0130608 -1019.11 -1107.66 -1009.79
  91 90.5 30.0824 0.0130566 -1045.7 -1068.66 -1099.37
  92 91.5 30.089 0.0130595 -1015.11 -1022.23 -1005.46
  93 92.5 30.0817 0.0130563 -1051.4 -1070.08 -1048.58
  94 93.5 30.0916 0.0130606 -1011.66 -1008.89 -1051.97
  95 94.5 30.0804 0.0130557 -1052.16 -1069.4 -1102.39
  96 95.5 30.0839 0.0130572 -985.596 -1026.14 -1036.65
  97 96.5 30.0758 0.0130538 -1016.79 -1026.21 -1033.26
  98 97.5 30.0746 0.0130532 -999.146 -1006.38 -1062.94
  99 98.5 30.0864 0.0130583 -1028.81 -1019.97 -1077.48
  100 99.5 30.0797 0.0130554 -990.114 -1006.97 -1013.62
  101 100.5 30.0855 0.013058 -1063.57 -1059.83 -1048.1
  102 101.5 30.0876 0.0130589 -1016.4 -1089.79 -1080.78
  103 102.5 30.0864 0.0130583 -1052.74 -1094.28 -1057.8
  104 103.5 30.0658 0.0130494 -1028.16 -1047.39 -1032.34
  105 104.5 30.0992 0.0130639 -1047.09 -1079.56 -1037.23
  106 105.5 30.0676 0.0130502 -1047.48 -982.365 -1059.14
  107 106.5 30.0632 0.0130483 -1006.16 -1037.6 -1049.54
  108 107.5 30.0721 0.0130521 -1056 -998.218 -1057.82
  109 108.5 30.0652 0.0130491 -984.398 -1027.04 -1045.36
  110 109.5 30.08 0.0130556 -1012.75 -1025.33 -1063.02
  111 110.5 30.0888 0.0130594 -1000.11 -1027.86 -1011.38
  112 111.5 30.0514 0.0130431 -1028.73 -1065.99 -1078.23
  113 112.5 30.0721 0.0130521 -1043.63 -1049.41 -1035.85
  114 113.5 30.0731 0.0130526 -998.903 -1037.81 -1042.83
  115 114.5 30.0898 0.0130598 -1063.69 -1024.25 -1084.67
  116 115.5 30.076 0.0130538 -1115.93 -1040.62 -1059.19
  117 116.5 30.0869 0.0130586 -1024.09 -1000.93 -985.925
  118 117.5 30.0916 0.0130606 -1042.35 -1025.34 -1092.15
  119 118.5 30.0823 0.0130566 -1073.37 -1076.8 -1068.11
  120 119.5 30.09 0.0130599 -1009.45 -1027.78 -1039.37
  121 120.5 30.0729 0.0130525 -1098.94 -1076.68 -1092.46
  122 121.5 30.1143 0.0130704 -1078.9 -1092.78 -1022.86
  123 122.5 30.0729 0.0130525 -1121.89 -1067.81 -1045.33
  124 123.5 30.1136 0.0130702 -1061.55 -1045.04 -1039.12
  125 124.5 30.0599 0.0130468 -1051.66 -1061.04 -1094.68
  126 125.5 30.0818 0.0130563 -1057.72 -1072.34 -1062.08
  127 126.5 30.0853 0.0130578 -1073.88 -1070.23 -1022.02
  128 127.5 30.0845 0.0130575 -1041.83 -1059.4 -1041.86
  129 128.5 30.0885 0.0130593 -1021.2 -1081.08 -1046.58
  130 129.5 30.0624 0.0130479 -1035.76 -1095.5 -1060.22
  131 130.5 30.0809 0.0130559 -1091.92 -1051.3 -1067.64
  132 131.5 30.0669 0.0130499 -1112.81 -1042.68 -1061.14
  133 132.5 30.0717 0.0130519 -1096.18 -1035.61 -1023.94
  134 133.5 30.098 0.0130633 -1034.49 -1004.22 -1047.26
  135 134.5 30.0608 0.0130472 -1041.5 -1014.15 -1092.89
  136 135.5 30.0688 0.0130507 -1008.25 -1024.12 -1029.11
  137 136.5 30.1054 0.0130666 -1076.87 -1002.88 -1039.81
  138 137.5 30.1025 0.0130653 -1028.08 -1027.98 -1021.79
  139 138.5 30.062 0.0130477 -1034.66 -1099.28 -1066.84
  140 139.5 30.1101 0.0130686 -1021.77 -1079.41 -1069
  141 140.5 30.0818 0.0130564 -1029.7 -1007.47 -1051.53
  142 141.5 30.0784 0.0130549 -1065.32 -1064.27 -1044.92
  143 142.5 30.1002 0.0130643 -1138.83 -1075.57 -1029.43
  144 143.5 30.0838 0.0130572 -1052.85 -1071.79 -1087.35
  145 144.5 30.0783 0.0130548 -1014.59 -1030.49 -984.513
  146 145.5 30.0752 0.0130535 -1051.9 -1109.18 -1073.44
  147 146.5 30.0942 0.0130617 -1018.93 -1052.87 -1047.6
  148 147.5 30.0889 0.0130594 -1047.52 -1081.12 -1108.72
  149 148.5 30.0878 0.0130589 -1032.85 -1052.7 -1003.57
  150 149.5 30.1101 0.0130686 -1013.92 -1023.9 -1012.36
  151 150.5 30.1116 0.0130693 -1027.49 -1023.77 -1045.36
  152 151.5 30.0749 0.0130533 -1069.01 -1070.74 -1077.5
  153 152.5 30.087 0.0130586 -1061.29 -1031.84 -1036.78
  154 153.5 30.1221 0.0130738 -1081.25 -1050.09 -1053.38
  155 154.5 30.1299 0.0130772 -1076.55 -1112.26 -1068.69
  156 155.5 30.0812 0.0130561 -1074.7 -1053.21 -1024.11
  157 156.5 30.1258 0.0130755 -1024.47 -1084.96 -1047.16
  158 157.5 30.1217 0.0130737 -1002.99 -1052.44 -1056.84
  159 158.5 30.1218 0.0130737 -1034.21 -1041.57 -1042.6
  160 159.5 30.1114 0.0130692 -1033.13 -1059.21 -1048.18
  161 160.5 30.1261 0.0130755 -1102.09 -1066.3 -1045.52
  162 161.5 30.1294 0.013077 -1047.75 -1063.52 -1061.22
  163 162.5 30.1195 0.0130727 -1036.26 -1068.28 -1062.45
  164 163.5 30.1217 0.0130737 -987.007 -1033.97 -1036.67
  165 164.5 30.1399 0.0130816 -1023.75 -1031.49 -1039.5
  166 165.5 30.1482 0.0130851 -1141.03 -1020.55 -1060.91
  167 166.5 30.1334 0.0130788 -1087.5 -1027.14 -1043.29
  168 167.5 30.1629 0.0130915 -1059.15 -1009.83 -1014.63
  169 168.5 30.1537 0.0130875 -1069.34 -1047.87 -1098.65
  170 169.5 30.1661 0.0130929 -1048.8 -1066.94 -1027.71
  171 170.5 30.171 0.0130951 -1074.89 -1043.12 -1073.12
  172 171.5 30.1805 0.0130992 -1032.96 -1042.14 -1048.12
  173 172.5 30.1749 0.0130967 -1024.94 -1014.87 -1012.18
  174 173.5 30.181 0.0130994 -1098.62 -1129.35 -1083.47
  175 174.5 30.1764 0.0130974 -1029.42 -1052.31 -1063.12
  176 175.5 30.19 0.0131033 -1064.9 -1094.41 -1067.88
  177 176.5 30.1896 0.0131031 -1007.62 -1059.64 -1035.91
  178 177.5 30.1845 0.0131009 -1052.67 -1047.54 -1056.73
  179 178.5 30.1763 0.0130974 -1071.68 -1054.7 -1066.39
  180 179.5 30.1737 0.0130962 -1094.45 -1060.59 -1063.79
  181 180.5 30.1861 0.0131016 -1049.92 -1020.06 -1031.15
  182 181.5 30.1953 0.0131056 -1051.72 -1039.74 -1074.81
  183 182.5 30.1621 0.0130912 -1050.1 -1015.26 -1049.43
  184 183.5 30.1738 0.0130963 -1020.91 -1037.42 -1071.92
  185 184.5 30.1667 0.0130932 -1016.29 -1060.27 -1060.37
  186 185.5 30.1667 0.0130932 -1026.16 -1007.98 -1045.27
  187 186.5 30.168 0.0130938 -1016.78 -1030.18 -1062.52
  188 187.5 30.1739 0.0130963 -1013.11 -1012.19 -1045.32
  189 188.5 30.1616 0.013091 -1030.97 -1005.74 -1053.37
  190 189.5 30.1426 0.0130827 -1006.6 -1020.37 -1066.04
  191 190.5 30.1496 0.0130858 -983.016 -985.333 -1080.91
  192 191.5 30.1416 0.0130823 -993.907 -1022.6 -1047.22
  193 192.5 30.1514 0.0130865 -1048.28 -1033.88 -1038.05
  194 193.5 30.1295 0.013077 -1085.99 -1061.95 -1106.72
  195 194.5 30.1226 0.013074 -1047.8 -987.446 -1091.49
  196 195.5 30.1246 0.0130749 -997.942 -1016.01 -1101.69
  197 196.5 30.1209 0.0130733 -1002.66 -1017.74 -1029.5
  198 197.5 30.0791 0.0130552 -952.899 -1006.43 -1082.66
  199 198.5 30.0807 0.0130559 -961.99 -1071.68 -1088.3
  200 199.5 30.0843 0.0130574 -972.461 -979.33 -1106.87
  201 200.5 30.04 0.0130382 -975.959 -1005.37 -1043.86
  202 201.5 30.0406 0.0130385 -1002.44 -932.91 -1121.44
  203 202.5 30.0084 0.0130245 -1044.98 -997.145 -1141.81
  204 203.5 29.9984 0.0130201 -996.544 -985.107 -1066.42
  205 204.5 29.9699 0.0130078 -1003.93 -1018.76 -1102.37
  206 205.5 29.93 0.0129904 -967.1 -972.461 -1112.93
  207 206.5 29.9302 0.0129906 -953.285 -963.33 -1077.25
  208 207.5 29.8805 0.012969 -1015.29 -949.333 -1065.15
  209 208.5 29.8204 0.0129429 -980.925 -993.676 -1117.04
  210 209.5 29.7954 0.012932 -958.096 -960.659 -1093.83
  211 210.5 29.7705 0.0129212 -1029.95 -1032.42 -1044.15
  212 211.5 29.7094 0.0128947 -944.34 -1006.11 -1045.43
  213 212.5 29.6734 0.0128791 -1011.04 -1063.73 -1072.7
  214 213.5 29.6357 0.0128627 -967.832 -990.513 -1046.82
  215 214.5 29.5934 0.0128444 -966.683 -1013.69 -1002.91
  216 215.5 29.5446 0.0128232 -1008.72 -999.94 -972.513
  217 216.5 29.5431 0.0128225 -1037.46 -1031.86 -949.257
  218 217.5 29.5065 0.0128066 -1049.57 -1011.52 -952.65
  219 218.5 29.4631 0.0127878 -1022.1 -986.462 -941.542
  220 219.5 29.4667 0.0127894 -1055.07 -987.628 -930.983
  221 220.5 29.4675 0.0127897 -1016.31 -947.587 -900.216
  222 221.5 29.4598 0.0127864 -971.887 -958.599 -889.949
  223 222.5 29.4716 0.0127915 -1004.57 -968.168 -875.034
  224 223.5 29.5106 0.0128084 -1016.24 -982.794 -903.729
  225 224.5 29.5462 0.0128239 -941.42 -944.437 -887.76
  226 225.5 29.5718 0.012835 -974.119 -921.912 -927.508
  227 226.5 29.6503 0.0128691 -961.862 -956.986 -862.125
  228 227.5 29.7091 0.0128946 -984.45 -971.61 -964.333
  229 228.5 29.7939 0.0129314 -944.083 -901.611 -948.138
  230 229.5 29.8664 0.0129628 -982.044 -864.575 -955.133
  231 230.5 29.935 0.0129926 -902.19 -900.59 -963.683
  232 231.5 30.0246 0.0130315 -921.765 -872.493 -1024.49
  233 232.5 30.1172 0.0130717 -854.754 -817.857 -1024.29
  234 233.5 30.1804 0.0130991 -902.085 -836.845 -1060.34
  235 234.5 30.2731 0.0131394 -912.894 -792.92 -1070.38
  236 235.5 30.3749 0.0131836 -896.768 -840.249 -1074.19
  237 236.5 30.4463 0.0132146 -908.106 -891.509 -1071.74
  238 237.5 30.5172 0.0132453 -894.045 -885.529 -1126.92
  239 238.5 30.5806 0.0132729 -836.842 -868.262 -1110.79
  240 239.5 30.6333 0.0132957 -876.902 -896.416 -1115.32
  241 240.5 30.7319 0.0133385 -831.883 -905.046 -1108.96
  242 241.5 30.7746 0.013357 -858.578 -837.859 -1063.9
  243 242.5 30.7938 0.0133654 -860.308 -916.816 -1147.85
  244 243.5 30.8485 0.0133891 -904.448 -885.067 -1135.67
  245 244.5 30.9053 0.0134138 -924.561 -926.307 -1093.4
  246 245.5 30.9384 0.0134281 -953.445 -938.132 -1073.88
  247 246.5 30.9713 0.0134424 -934.604 -982.186 -1095.25
  248 247.5 30.9969 0.0134535 -946.901 -953.222 -1097.22
  249 248.5 31.009 0.0134588 -925.283 -966.526 -1062.85
  250 249.5 31.0351 0.0134701 -917.766 -951.162 -1085.14
  251 250.5 31.0781 0.0134888 -1014.48 -960.943 -1063.69
  252 251.5 31.0762 0.0134879 -1000.44 -958.699 -1088.92
  253 252.5 31.0866 0.0134924 -985.337 -948.185 -1073.42
  254 253.5 31.1249 0.0135091 -960.021 -932.328 -1028.17
  255 254.5 31.1289 0.0135108 -959.494 -950.463 -1034.93
  256 255.5 31.1235 0.0135085 -1023.85 -993.744 -1103.19
  257 256.5 31.1347 0.0135133 -991.44 -988.059 -1028.25
  258 257.5 31.1653 0.0135266 -935.405 -924.415 -992.4
  259 258.5 31.1607 0.0135246 -1001.34 -1002.98 -1109.21
  260 259.5 31.1557 0.0135225 -976.989 -981.268 -1006.68
  261 260.5 31.1509 0.0135204 -969.673 -1025.69 -988.355
  262 261.5 31.1899 0.0135373 -1015.62 -986.36 -1061.09
  263 262.5 31.1675 0.0135276 -1012.92 -1054.18 -1048.68
  264 263.5 31.1659 0.0135269 -969.392 -1026.33 -1025.55
  265 264.5 31.161 0.0135247 -1024.41 -1061.55 -1042.21
  266 265.5 31.1923 0.0135383 -990.561 -964.91 -1011.41
  267 266.5 31.1695 0.0135284 -1018.17 -1053.92 -1029.87
  268 267.5 31.1611 0.0135248 -997.372 -986.442 -997.45
  269 268.5 31.1813 0.0135335 -1024.55 -1017.59 -1004.47
  270 269.5 31.1609 0.0135247 -999.899 -975.141 -1055.18
  271 270.5 31.1581 0.0135235 -974.536 -968.681 -1056.09
  272 271.5 31.1486 0.0135193 -974.867 -953.113 -1006.71
  273 272.5 31.1659 0.0135269 -1015.09 -964.399 -989.088
  274 273.5 31.1813 0.0135336 -1021.62 -1018.76 -1023.57
  275 274.5 31.1334 0.0135128 -951.233 -966.05 -1049.35
  276 275.5 31.1448 0.0135177 -1021.91 -960.511 -1017.58
  277 276.5 31.1728 0.0135299 -1014.55 -1015.32 -976.972
  278 277.5 31.1533 0.0135214 -1030.28 -1048.16 -968.754
  279 278.5 31.1293 0.013511 -1004.57 -1007.47 -1064.04
  280 279.5 31.1326 0.0135124 -1046.67 -1029 -1038.75
  281 280.5 31.1026 0.0134994 -1004.59 -1007.73 -1024.39
  282 281.5 31.1297 0.0135112 -981.968 -1074.45 -990.371
  283 282.5 31.1503 0.0135201 -992.671 -1022.74 -971.892
  284 283.5 31.1084 0.0135019 -1058.23 -1076.07 -980.869
  285 284.5 31.1051 0.0135005 -1045.16 -1010.16 -1016.84
  286 285.5 31.1374 0.0135145 -1026.65 -1064.92 -1056.37
  287 286.5 31.1286 0.0135107 -1048.82 -1048.14 -972.321
  288 287.5 31.1086 0.013502 -1053.47 -1053.29 -998.479
  289 288.5 31.1195 0.0135067 -1062.17 -1033.4 -1030.92
  290 289.5 31.1395 0.0135154 -1008.62 -1007.21 -963.62
  291 290.5 31.1095 0.0135024 -1060.79 -1046.59 -1009.55
  292 291.5 31.1306 0.0135116 -1093.63 -1066.8 -1000.97
  293 292.5 31.1262 0.0135096 -1107.99 -1110.84 -1013.23
  294 293.5 31.1361 0.0135139 -1112.11 -1137.51 -1028.09
  295 294.5 31.1372 0.0135144 -1059.05 -1095.09 -1002.69
  296 295.5 31.142 0.0135165 -1077.7 -1077.2 -993.662
  297 296.5 31.1416 0.0135163 -1083.92 -1010.59 -1040.59
  298 297.5 31.1477 0.013519 -993.911 -987.445 -977.134
  299 298.5 31.1498 0.0135199 -939.499 -980.687 -1013.64
  300 299.5 31.1453 0.0135179 -1044.5 -1005.98 -991.136
  301 300.5 31.1726 0.0135298 -1003.95 -1098.41 -1021.62
  302 301.5 31.1619 0.0135251 -1010.77 -1055.24 -1050.31
  303 302.5 31.1928 0.0135385 -967.052 -966.426 -990.237
  304 303.5 31.162 0.0135252 -1006.08 -998.836 -1058.02
  305 304.5 31.1843 0.0135348 -996.956 -1005.12 -977.83
  306 305.5 31.2107 0.0135463 -1065.6 -1053.38 -1036.29
  307 306.5 31.2095 0.0135458 -1011.51 -998.858 -1013.1
  308 307.5 31.1855 0.0135354 -1059.23 -1038.98 -1003.71
  309 308.5 31.2193 0.01355 -1078.45 -1084.48 -1052.5
  310 309.5 31.2085 0.0135454 -1042.15 -1036.17 -1029.32
  311 310.5 31.2006 0.0135419 -1001.72 -985.763 -996.111
  312 311.5 31.1994 0.0135414 -1072.33 -1006.24 -1040.49
  313 312.5 31.236 0.0135573 -1062.26 -1001.89 -996.615
  314 313.5 31.2237 0.0135519 -1018.22 -986.997 -988.505
  315 314.5 31.1904 0.0135375 -1071.21 -1049.31 -1034.68
  316 315.5 31.2191 0.0135499 -1022.98 -967.299 -1024.94
  317 316.5 31.2097 0.0135459 -1045.11 -1004.55 -1059.67
  318 317.5 31.2405 0.0135593 -1003.19 -1060.53 -970.908
  319 318.5 31.2009 0.0135421 -1036.65 -1049.92 -1012.88
  320 319.5 31.2086 0.0135454 -1003.46 -1005.5 -1042.58
  321 320.5 31.2234 0.0135518 -970.564 -1028.8 -1010.32
  322 321.5 31.2073 0.0135448 -994.62 -1011.68 -1021.19
  323 322.5 31.209 0.0135456 -1019.63 -1028.71 -1019.5
  324 323.5 31.1891 0.0135369 -1022.46 -996.207 -1028.09
  325 324.5 31.2012 0.0135422 -980.489 -1033.09 -1026.36
  326 325.5 31.2147 0.0135481 -969.837 -976.877 -992.354
  327 326.5 31.1876 0.0135363 -998.543 -975.307 -1073.67
  328 327.5 31.1968 0.0135403 -986.803 -963.641 -992.404
  329 328.5 31.2055 0.013544 -988.11 -982.161 -981.012
  330 329.5 31.1593 0.013524 -961.187 -984.971 -1052.08
  331 330.5 31.1798 0.0135329 -1024.41 -983.094 -1039.59
  332 331.5 31.1808 0.0135333 -950.467 -1004.84 -973.012
  333 332.5 31.1646 0.0135263 -1032.87 -1025.72 -983.768
  334 333.5 31.1283 0.0135106 -1064.93 -1043.38 -1068.95
  335 334.5 31.156 0.0135226 -1004.8 -1019.26 -979.294
  336 335.5 31.1744 0.0135305 -992.647 -996.583 -1013.2
  337 336.5 31.1382 0.0135148 -933.147 -940.177 -985.384
  338 337.5 31.1158 0.0135051 -959.904 -1010.92 -1022.44
  339 338.5 31.131 0.0135117 -938.093 -972.424 -1020.64
  340 339.5 31.1594 0.013524 -965.273 -979.367 -996.912
  341 340.5 31.1281 0.0135105 -970.166 -1013.37 -985.873
  342 341.5 31.1284 0.0135106 -985.72 -1010.48 -1009.52
  343 342.5 31.1477 0.013519 -985.917 -988.544 -989.693
  344 343.5 31.1424 0.0135166 -1000.19 -987.488 -994.215
  345 344.5 31.1166 0.0135055 -1063.05 -1060.09 -1032.16
  346 345.5 31.1399 0.0135156 -1085.8 -1067.64 -1052.88
  347 346.5 31.1713 0.0135292 -1082.34 -1039.26 -976.457
  348 347.5 31.1149 0.0135047 -1064.16 -1013.85 -1023.7
  349 348.5 31.1352 0.0135135 -960.554 -974.585 -980.327
  350 349.5 31.1399 0.0135156 -980.441 -1008.24 -1037.89
  351 350.5 31.1567 0.0135229 -1024.22 -976.046 -991.453
  352 351.5 31.1171 0.0135057 -997.171 -946.592 -1005.74
  353 352.5 31.1565 0.0135228 -1038.34 -968.237 -1005.31
  354 353.5 31.1647 0.0135264 -1039.85 -961.565 -1012.46
  355 354.5 31.1386 0.013515 -1027.02 -942.946 -1031.53
  356 355.5 31.1523 0.013521 -1034.54 -1047.43 -990.117
  357 356.5 31.1725 0.0135297 -1015.26 -1078.24 -1007.11
  358 357.5 31.177 0.0135317 -1061.88 -1074.37 -986.429
  359 358.5 31.1551 0.0135222 -1060.13 -1047.99 -999.857
  360 359.5 31.1796 0.0135328 -1031.96 -987.167 -1015.85
  361 360.5 31.1931 0.0135387 -1025.49 -1024.51 -1029.04
  362 361.5 31.1687 0.0135281 -1019.75 -1052.48 -988.241
  363 362.5 31.1767 0.0135315 -1058.28 -1070.53 -1014.25
  364 363.5 31.2215 0.013551 -1044.59 -1051.49 -981.383
  365 364.5 31.195 0.0135395 -1025.49 -987.998 -1061.94
  366 365.5 31.1968 0.0135403 -979.144 -1029.06 -984.945
  367 366.5 31.2185 0.0135497 -999.829 -1046.29 -996.176
  368 367.5 31.2548 0.0135654 -1004.88 -996.141 -1012.75
  369 368.5 31.229 0.0135543 -941.592 -1004.19 -1044.65
  370 369.5 31.2327 0.0135559 -1015.66 -1020.99 -1018.51
  371 370.5 31.2532 0.0135647 -970.836 -975.059 -1004.53
  372 371.5 31.2854 0.0135787 -1002.1 -1035.59 -1019.74
  373 372.5 31.2495 0.0135631 -946.622 -1019.65 -1016.84
  374 373.5 31.26 0.0135677 -970.176 -1008.63 -1043.13
  375 374.5 31.279 0.013576 -930.417 -963.76 -993.062
  376 375.5 31.283 0.0135777 -991.541 -989.868 -1009.38
  377 376.5 31.2488 0.0135628 -1033.72 -1006.67 -1010.65
  378 377.5 31.2928 0.013582 -1010.21 -1020.24 -1051.55
  379 378.5 31.2758 0.0135746 -996.428 -1037.18 -1026.73
  380 379.5 31.2752 0.0135743 -974.96 -996.712 -1018.53
  381 380.5 31.2759 0.0135746 -1024.08 -1003.57 -987.978
  382 381.5 31.3061 0.0135877 -962.707 -969.638 -1017.87
  383 382.5 31.2818 0.0135772 -1039.16 -1021.18 -1009.29
  384 383.5 31.2606 0.013568 -984.327 -982.186 -1048.99
  385 384.5 31.2971 0.0135838 -944.419 -976.481 -1001.99
  386 385.5 31.2883 0.01358 -979.01 -982.111 -1019.45
  387 386.5 31.2727 0.0135732 -993.131 -989.251 -1035.16
  388 387.5 31.3082 0.0135886 -950.299 -1019.1 -973.087
  389 388.5 31.284 0.0135781 -1001.46 -1008.65 -1009.63
  390 389.5 31.283 0.0135777 -1016.37 -984.932 -1034.41
  391 390.5 31.2771 0.0135751 -988.141 -939.436 -1013.15
  392 391.5 31.2802 0.0135765 -964.641 -957.364 -1020.65
  393 392.5 31.2761 0.0135747 -980.843 -931.198 -1025.47
  394 393.5 31.2684 0.0135714 -1003.66 -943.2 -1018.92
  395 394.5 31.2862 0.0135791 -958.896 -963.801 -1009.71
  396 395.5 31.2752 0.0135743 -980.313 -1009.56 -1004.3
  397 396.5 31.2753 0.0135743 -961.895 -1015.31 -1038.07
  398 397.5 31.2818 0.0135772 -978.439 -1042.93 -1039.64
  399 398.5 31.2492 0.013563 -958.209 -1006.52 -1047.99
  400 399.5 31.2796 0.0135762 -974.169 -957.994 -999.227
  401 400.5 31.2438 0.0135607 -954.414 -952.445 -1047.29
  402 401.5 31.2383 0.0135583 -919.005 -943.403 -1051.5
  403 402.5 31.2377 0.013558 -904.177 -898.166 -1024.81
  404 403.5 31.2508 0.0135637 -966.037 -909.775 -1027.14
  405 404.5 31.2246 0.0135524 -1038.88 -974.66 -1060.95
  406 405.5 31.1951 0.0135396 -1011.3 -1005.08 -1066.37
  407 406.5 31.1875 0.0135363 -970.276 -964.316 -1076.26
  408 407.5 31.1896 0.0135371 -953.367 -954.085 -1073.25
  409 408.5 31.1528 0.0135212 -981.98 -970.131 -1057.27
  410 409.5 31.1298 0.0135112 -950.881 -956.402 -1075.29
  411 410.5 31.1156 0.013505 -919.429 -904.303 -1089
  412 411.5 31.0817 0.0134903 -861.532 -856.408 -1088.17
  413 412.5 31.0466 0.0134751 -874.25 -931.874 -1137.98
  414 413.5 31.021 0.013464 -901.672 -896.108 -1136.66
  415 414.5 30.9764 0.0134446 -837.65 -904.209 -1101.03
  416 415.5 30.9316 0.0134252 -829.254 -896.737 -1165.36
  417 416.5 30.9037 0.0134131 -789.906 -834.184 -1145.64
  418 417.5 30.8092 0.013372 -814.418 -814.248 -1195.33
  419 418.5 30.7618 0.0133515 -830.301 -793.047 -1237
  420 419.5 30.708 0.0133281 -766.725 -766.162 -1232.65
  421 420.5 30.6032 0.0132826 -742.448 -714.517 -1274.49
  422 421.5 30.5112 0.0132427 -704.886 -707.105 -1320.22
  423 422.5 30.4323 0.0132085 -712.99 -706.526 -1379.52
  424 423.5 30.3158 0.0131579 -618.248 -593.082 -1386.07
  425 424.5 30.175 0.0130968 -560.313 -491.792 -1491.83
  426 425.5 30.0157 0.0130276 -515.321 -433.788 -1585.23
  427 426.5 29.8594 0.0129598 -329.547 -352.088 -1639.53
  428 427.5 29.6489 0.0128684 -176.912 -228.106 -1700.36
  429 428.5 29.3741 0.0127492 -93.5649 -103.198 -1826.43
  430 429.5 29.0866 0.0126244 150.647 130.136 -1907.4
  431 430.5 28.7486 0.0124777 359.406 386.855 -1990.04
  432 431.5 28.2689 0.0122695 601.398 629.069 -2047.78
  433 432.5 27.7432 0.0120413 854.804 855.998 -2050.4
  434 433.5 27.1233 0.0117723 1085.21 1088.19 -2103.13
  435 434.5 26.3195 0.0114234 1371.13 1391.04 -2050.56
  436 435.5 25.3889 0.0110195 1659.82 1660.82 -1912.3
  437 436.5 24.2862 0.0105409 1884.38 1911.21 -1710
  438 437.5 23.0039 0.00998433 2084.37 2055.04 -1521.46
  439 438.5 21.5537 0.0093549 2160.28 2145.02 -1225.06
  440 439.5 19.9208 0.00864618 2107.15 2121.7 -864.427
  441 440.5 18.1923 0.00789598 1959.76 1909.88 -572.098
  442 441.5 16.3635 0.00710221 1580.94 1577.2 -153.734
  443 442.5 14.4729 0.00628162 1055.77 1060.09 62.6217
  444 443.5 12.6528 0.00549167 294.167 342.752 275.545
  445 444.5 10.8927 0.00472775 -519.208 -545.209 343.64
  446 445.5 9.2622 0.00402005 -1601.73 -1629.69 190.006
  447 446.5 7.81245 0.00339082 -2825.56 -2809.13 -221.718
  448 447.5 6.58286 0.00285715 -4173.36 -4185.05 -916.487
  449 448.5 5.5597 0.00241306 -5589.18 -5651.2 -1766.83
  450 449.5 4.71842 0.00204792 -7049.24 -7096.8 -3041.87
  451 450.5 4.05908 0.00176175 -8493.54 -8413.62 -4379.75
  452 451.5 3.54109 0.00153693 -9826.13 -9888.87 -6006.45
  453 452.5 3.16293 0.0013728 -11005.2 -10878.2 -7460.17
  454 453.5 2.8801 0.00125005 -11901.2 -11867.8 -8893.19
  455 454.5 2.66716 0.00115762 -12752.5 -12684 -10193.4
  456 455.5 2.50187 0.00108588 -13336.1 -13382.5 -11310.8
  457 456.5 2.39171 0.00103807 -13762.7 -13811.7 -12165
  458 457.5 2.30993 0.00100257 -14199.4 -14175.5 -12950.4
  459 458.5 2.24994 0.000976538 -14467.8 -14450.2 -13465
  460 459.5 2.20042 0.000955041 -14770.9 -14694.9 -13940.6
  461 460.5 2.16848 0.00094118 -14884 -14898 -14282.6
  462 461.5 2.14546 0.000931189 -15104.5 -15034.6 -14568.8
  463 462.5 2.13034 0.000924625 -15042.2 -15176 -14712.3
  464 463.5 2.12091 0.000920534 -15155.1 -15190.5 -14817.1
  465 464.5 2.11127 0.00091635 -15165 -15234.3 -14969.9
  466 465.5 2.10454 0.000913427 -15243.1 -15273.6 -15055.5
  467 466.5 2.10554 0.000913861 -15130 -15326.3 -15055.4
  468 467.5 2.09688 0.000910102 -15206.1 -15243.2 -15103.6
  469 468.5 2.09189 0.000907939 -15256.6 -15212.9 -15189.5
  470 469.5 2.08982 0.00090704 -15261.3 -15215.8 -15205.9
  471 470.5 2.09508 0.000909322 -15275.9 -15249.3 -15249.6
  472 471.5 2.09677 0.000910057 -15274.5 -15248.7 -15099.9
  473 472.5 2.09582 0.000909645 -15265.3 -15289 -15167.5
  474 473.5 2.09418 0.000908934 -15320.7 -15303.6 -15228.5
  475 474.5 2.08876 0.00090658 -15319.7 -15304.4 -15274
  476 475.5 2.09529 0.000909415 -15381.9 -15306.1 -15176.8
  477 476.5 2.09622 0.000909818 -15292.6 -15216.1 -15211
  478 477.5 2.09821 0.00091068 -15174.4 -15186.5 -15173.7
  479 478.5 2.0998 0.000911372 -15302.4 -15235.6 -15175.7
  480 479.5 2.09748 0.000910367 -15187.7 -15222.7 -15206
  481 480.5 2.09381 0.000908773 -15199.5 -15312.8 -15200.8
  482 481.5 2.09473 0.00090917 -15223.2 -15277.4 -15197.5
  483 482.5 2.09803 0.000910604 -15164.5 -15375.4 -15195.5
  484 483.5 2.09383 0.000908782 -15227.6 -15402.9 -15204.6
  485 484.5 2.09245 0.000908183 -15372 -15325.8 -15224.7
  486 485.5 2.09025 0.000907228 -15377 -15317.1 -15215.3
  487 486.5 2.09345 0.000908615 -15343.1 -15330.4 -15245.5
  488 487.5 2.08832 0.000906391 -15335.6 -15398.8 -15290.3
  489 488.5 2.08468 0.00090481 -15266.4 -15362.7 -15240.2
  490 489.5 2.08813 0.000906308 -15350.6 -15458.2 -15226.4
  491 490.5 2.08305 0.000904104 -15318.5 -15409.9 -15307
  492 491.5 2.08258 0.000903897 -15474.9 -15370.3 -15283.9
  493 492.5 2.07571 0.000900916 -15248.3 -15370.7 -15344.1
  494 493.5 2.0812 0.000903299 -15195.2 -15377.7 -15305.5
  495 494.5 2.07942 0.000902526 -15261.8 -15417.2 -15374.5
  496 495.5 2.08164 0.000903489 -15184.5 -15369.9 -15277.2
  497 496.5 2.07416 0.000900243 -15228.5 -15369.4 -15337.8
  498 497.5 2.08623 0.000905481 -15243.3 -15358.5 -15311.5
  499 498.5 2.08344 0.00090427 -15333.6 -15337.6 -15264.5
  500 499.5 2.08362 0.00090435 -15321.3 -15299.1 -15281.1
  501 500.5 2.07902 0.000902352 -15376.6 -15376.3 -15295.8
  502 501.5 2.07011 0.000898486 -15345 -15388.5 -15397.1
  503 502.5 2.07035 0.00089859 -15324.4 -15415.3 -15395.2
  504 503.5 2.07167 0.000899163 -15378.1 -15394.7 -15401
  505 504.5 2.07475 0.000900497 -15423.7 -15406.5 -15295.4
  506 505.5 2.07398 0.000900165 -15448.3 -15375.2 -15369.8
  507 506.5 2.06891 0.000897966 -15468.9 -15294.4 -15396.2
  508 507.5 2.07317 0.000899812 -15403.2 -15312.8 -15360.5
  509 508.5 2.07171 0.000899179 -15477.5 -15362.7 -15388.7
  510 509.5 2.06686 0.000897074 -15458.5 -15328.4 -15398.3
  511 510.5 2.07095 0.000898848 -15504.7 -15379.2 -15364.8
  512 511.5 2.0787 0.000902215 -15457.7 -15307 -15327.1
  513 512.5 2.08228 0.000903766 -15420.3 -15315.7 -15310.3
  514 513.5 2.08026 0.000902889 -15256.6 -15221.6 -15302.8
  515 514.5 2.08309 0.00090412 -15319.2 -15281.2 -15286.1
  516 515.5 2.07811 0.000901957 -15402.5 -15322.1 -15353.4
  517 516.5 2.08211 0.000903694 -15402.8 -15278.3 -15296.9
  518 517.5 2.08519 0.000905029 -15302.7 -15359.4 -15275.4
  519 518.5 2.0911 0.000907596 -15341.1 -15312.1 -15222.7
  520 519.5 2.08492 0.000904914 -15362 -15356.7 -15249.7
  521 520.5 2.0777 0.00090178 -15344.2 -15370.3 -15352.9
  522 521.5 2.0739 0.00090013 -15326.9 -15332.4 -15393.1
  523 522.5 2.07596 0.000901026 -15400.7 -15330.5 -15346.5
  524 523.5 2.07703 0.00090149 -15381.5 -15299.2 -15348.4
  525 524.5 2.0809 0.000903169 -15346.5 -15263.5 -15299.6
  526 525.5 2.07865 0.000902194 -15362.4 -15295.7 -15262.5
  527 526.5 2.08226 0.000903759 -15338.3 -15318.8 -15318.9
  528 527.5 2.08034 0.000902925 -15344.8 -15224.9 -15347
  529 528.5 2.07923 0.000902441 -15315.5 -15226.6 -15314.7
  530 529.5 2.07188 0.000899254 -15265.3 -15220 -15423.3
  531 530.5 2.06677 0.000897037 -15322.7 -15315.6 -15414.2
  532 531.5 2.07593 0.000901013 -15357 -15287.9 -15319
  533 532.5 2.07454 0.000900408 -15365.2 -15224.9 -15331.3
  534 533.5 2.06663 0.000896976 -15323.3 -15359.2 -15405.5
  535 534.5 2.06554 0.000896501 -15371.1 -15386.1 -15433.4
  536 535.5 2.06526 0.000896378 -15527.4 -15414 -15403.4
  537 536.5 2.05949 0.000893874 -15439 -15295.9 -15462.6
  538 537.5 2.05704 0.000892814 -15484.3 -15331.6 -15478.5
  539 538.5 2.05697 0.000892782 -15506.9 -15397.9 -15509.2
  540 539.5 2.05526 0.000892039 -15438.5 -15375 -15486.2
  541 540.5 2.06033 0.000894242 -15331.2 -15376.4 -15460.9
  542 541.5 2.06046 0.000894297 -15504.9 -15404.9 -15457.1
  543 542.5 2.06649 0.000896914 -15497.3 -15389.5 -15381.7
  544 543.5 2.06156 0.000894776 -15479 -15326.3 -15462.1
  545 544.5 2.07059 0.000898694 -15458.6 -15321 -15360.1
  546 545.5 2.06967 0.000898294 -15368.9 -15150.6 -15358.5
  547 546.5 2.06732 0.000897276 -15390.5 -15213 -15420.1
  548 547.5 2.06321 0.00089549 -15379.4 -15224.3 -15457.4
  549 548.5 2.0618 0.000894878 -15532.1 -15276.3 -15473.2
  550 549.5 2.06882 0.000897924 -15314.6 -15201.8 -15367.7
  551 550.5 2.07225 0.000899412 -15331.8 -15243.3 -15387.7
  552 551.5 2.07925 0.000902453 -15211.8 -15145.7 -15308.2
  553 552.5 2.08229 0.000903772 -15246.1 -15190.3 -15278.7
  554 553.5 2.07956 0.000902587 -15149.1 -15308 -15339.2
  555 554.5 2.07002 0.000898448 -15256.6 -15296.4 -15428.8
  556 555.5 2.06932 0.000898143 -15331.4 -15271.3 -15374.7
  557 556.5 2.07377 0.000900074 -15397.7 -15356.7 -15335.3
  558 557.5 2.07354 0.000899975 -15500.7 -15411.7 -15375
  559 558.5 2.07782 0.000901832 -15439.1 -15365.2 -15322.9
  560 559.5 2.07455 0.000900414 -15463.6 -15250.1 -15350
  561 560.5 2.07283 0.000899666 -15503.2 -15389.3 -15418.7
  562 561.5 2.07733 0.00090162 -15410.6 -15429.9 -15308.3
  563 562.5 2.07142 0.000899052 -15448.5 -15429 -15377.3
  564 563.5 2.07517 0.000900681 -15533.5 -15304.8 -15313.1
  565 564.5 2.06955 0.00089824 -15502.4 -15387.7 -15417.1
  566 565.5 2.06396 0.000895816 -15339.1 -15342.6 -15424.2
  567 566.5 2.06871 0.000897878 -15402.7 -15394.9 -15393.8
  568 567.5 2.06881 0.000897923 -15423.9 -15355 -15429
  569 568.5 2.06928 0.000898126 -15374.7 -15472.4 -15371.6
  570 569.5 2.07115 0.000898938 -15378.5 -15523.8 -15396.8
  571 570.5 2.07515 0.000900674 -15313.9 -15470.2 -15334.2
  572 571.5 2.07417 0.000900246 -15332.6 -15400.6 -15315.4
  573 572.5 2.07374 0.00090006 -15323.1 -15285.6 -15385.1
  574 573.5 2.06954 0.000898237 -15202.4 -15305.5 -15388.3
  575 574.5 2.07139 0.000899043 -15278.9 -15326.3 -15381
  576 575.5 2.07292 0.000899703 -15297 -15347.8 -15339.3
  577 576.5 2.07443 0.000900359 -15390 -15327.4 -15382.2
  578 577.5 2.07683 0.000901402 -15426.9 -15293.8 -15332
  579 578.5 2.07927 0.00090246 -15328.7 -15305.8 -15310.5
  580 579.5 2.07454 0.00090041 -15415.5 -15469.7 -15338.1
  581 580.5 2.06847 0.000897773 -15314.9 -15452.9 -15406.7
  582 581.5 2.06875 0.000897895 -15314.2 -15634.3 -15418.7
  583 582.5 2.07196 0.000899286 -15266.9 -15553.5 -15346.2
  584 583.5 2.07316 0.000899809 -15228.8 -15432.9 -15361.5
  585 584.5 2.07583 0.000900966 -15270.6 -15449.1 -15318.2
  586 585.5 2.07477 0.000900507 -15309.4 -15443.7 -15388.6
  587 586.5 2.08356 0.000904321 -15260 -15373.9 -15271.6
  588 587.5 2.07727 0.000901594 -15307.9 -15361.5 -15332
  589 588.5 2.0753 0.000900737 -15361 -15433 -15346.2
  590 589.5 2.07299 0.000899733 -15228.2 -15305.2 -15357.7
  591 590.5 2.07813 0.000901965 -15256.4 -15459.3 -15368.7
  592 591.5 2.0789 0.000902301 -15300.5 -15468.3 -15281.3
  593 592.5 2.07714 0.000901539 -15275 -15482.6 -15356.3
  594 593.5 2.07786 0.000901848 -15331.7 -15519.9 -15299
  595 594.5 2.07049 0.00089865 -15180.2 -15434.4 -15372.3
  596 595.5 2.07305 0.00089976 -15170.1 -15322.6 -15342.4
  597 596.5 2.07285 0.000899676 -15302.1 -15290.3 -15382.6
  598 597.5 2.07354 0.000899976 -15230.2 -15413.3 -15390.7
  599 598.5 2.07879 0.000902254 -15223.2 -15460.5 -15320.2
  600 599.5 2.08705 0.000905839 -15199.1 -15492 -15207.8
  601 600.5 2.09021 0.000907209 -15204.7 -15449.8 -15235.3
  602 601.5 2.09104 0.00090757 -15294.9 -15319.6 -15268.1
  603 602.5 2.0884 0.000906422 -15301.5 -15485 -15249.8
  604 603.5 2.08858 0.000906503 -15171.6 -15449.7 -15213.1
  605 604.5 2.08811 0.000906296 -15184.9 -15354.9 -15205.8
  606 605.5 2.08902 0.000906694 -15240.4 -15335.9 -15197.6
  607 606.5 2.0955 0.000909506 -15230.4 -15448.5 -15150.6
  608 607.5 2.09699 0.000910154 -15199.9 -15346.4 -15099.8
  609 608.5 2.10061 0.000911724 -15150.1 -15316 -15060.5
  610 609.5 2.10364 0.000913036 -15285.3 -15290.6 -15010.8
  611 610.5 2.11526 0.000918084 -15175.3 -15097.2 -14840.1
  612 611.5 2.12902 0.000924054 -15176.1 -15121.1 -14763.2
  613 612.5 2.14597 0.00093141 -14986.8 -15018.2 -14568.8
  614 613.5 2.17319 0.000943224 -14931.6 -14933.9 -14210.6
  615 614.5 2.20853 0.000958562 -14681.6 -14778.7 -13885.3
  616 615.5 2.25205 0.000977453 -14353.5 -14457.9 -13451
  617 616.5 2.30933 0.00100231 -14109.6 -14212.6 -12933.8
  618 617.5 2.40433 0.00104354 -13697.7 -13616.8 -12114.4
  619 618.5 2.52839 0.00109739 -13169.5 -13008.3 -11161.5
  620 619.5 2.68677 0.00116613 -12454.4 -12348.3 -10096.7
  621 620.5 2.90209 0.00125959 -11764.5 -11511.7 -8852.38
  622 621.5 3.17847 0.00137954 -10723.5 -10656.4 -7656.85
  623 622.5 3.53798 0.00153558 -9425.81 -9460.58 -6180.95
  624 623.5 4.00208 0.00173701 -8241.16 -8297.36 -4893.84
