# Chunk-averaged data for fix tensor3 and group c2
# Timestep Number-of-chunks Total-count
# Chunk Coord1 Ncount density/number
52500000 480 5625.000000000005
  1 0.5 2.37159 0.00102934
  2 1.5 2.35025 0.00102007
  3 2.5 2.31766 0.00100593
  4 3.5 2.26934 0.000984958
  5 4.5 2.19382 0.000952177
  6 5.5 2.14438 0.000930722
  7 6.5 2.07715 0.000901542
  8 7.5 2.00283 0.000869285
  9 8.5 1.96569 0.000853163
  10 9.5 1.9352 0.000839931
  11 10.5 1.87002 0.000811639
  12 11.5 1.84713 0.000801705
  13 12.5 1.8294 0.00079401
  14 13.5 1.82643 0.000792722
  15 14.5 1.81246 0.000786656
  16 15.5 1.80334 0.000782698
  17 16.5 1.79201 0.000777781
  18 17.5 1.75966 0.000763743
  19 18.5 1.76515 0.000766125
  20 19.5 1.76099 0.000764319
  21 20.5 1.74394 0.00075692
  22 21.5 1.74771 0.000758556
  23 22.5 1.74205 0.000756097
  24 23.5 1.75843 0.000763208
  25 24.5 1.78187 0.000773382
  26 25.5 1.81601 0.000788198
  27 26.5 1.80638 0.000784017
  28 27.5 1.83264 0.000795417
  29 28.5 1.81443 0.000787514
  30 29.5 1.82804 0.00079342
  31 30.5 1.81967 0.000789788
  32 31.5 1.83892 0.000798142
  33 32.5 1.86742 0.00081051
  34 33.5 1.88839 0.000819615
  35 34.5 1.88831 0.00081958
  36 35.5 1.88694 0.000818983
  37 36.5 1.8873 0.000819142
  38 37.5 1.86122 0.000807819
  39 38.5 1.84771 0.000801958
  40 39.5 1.8421 0.000799521
  41 40.5 1.88134 0.000816552
  42 41.5 1.87182 0.000812424
  43 42.5 1.86714 0.000810389
  44 43.5 1.84667 0.000801507
  45 44.5 1.81604 0.000788212
  46 45.5 1.81757 0.000788875
  47 46.5 1.81699 0.000788625
  48 47.5 1.79427 0.000778764
  49 48.5 1.81787 0.000789007
  50 49.5 1.81571 0.000788069
  51 50.5 1.82295 0.000791212
  52 51.5 1.82935 0.00079399
  53 52.5 1.83452 0.000796233
  54 53.5 1.8451 0.000800826
  55 54.5 1.83268 0.000795434
  56 55.5 1.82004 0.000789948
  57 56.5 1.80287 0.000782497
  58 57.5 1.82496 0.000792083
  59 58.5 1.81308 0.000786927
  60 59.5 1.83142 0.000794889
  61 60.5 1.87302 0.000812941
  62 61.5 1.8549 0.000805076
  63 62.5 1.85873 0.00080674
  64 63.5 1.85446 0.000804885
  65 64.5 1.86172 0.000808038
  66 65.5 1.84456 0.00080059
  67 66.5 1.84726 0.000801764
  68 67.5 1.85805 0.000806444
  69 68.5 1.85505 0.000805142
  70 69.5 1.88681 0.000818927
  71 70.5 1.89347 0.000821819
  72 71.5 1.91744 0.000832222
  73 72.5 1.93371 0.000839285
  74 73.5 1.96433 0.000852573
  75 74.5 1.99321 0.000865108
  76 75.5 2.00588 0.000870608
  77 76.5 2.00016 0.000868125
  78 77.5 1.99846 0.000867385
  79 78.5 2.01129 0.000872955
  80 79.5 2.04435 0.000887306
  81 80.5 2.02014 0.000876795
  82 81.5 2.00254 0.00086916
  83 82.5 1.99842 0.000867372
  84 83.5 2.00666 0.000870948
  85 84.5 1.99977 0.000867955
  86 85.5 1.99086 0.000864087
  87 86.5 1.96923 0.000854701
  88 87.5 1.97334 0.000856483
  89 88.5 1.9827 0.000860549
  90 89.5 1.94546 0.000844385
  91 90.5 1.98985 0.000863649
  92 91.5 2.01707 0.000875465
  93 92.5 2.00107 0.000868521
  94 93.5 2.01182 0.000873184
  95 94.5 2.02379 0.000878382
  96 95.5 2.05015 0.000889823
  97 96.5 2.04247 0.00088649
  98 97.5 2.03623 0.000883781
  99 98.5 2.04274 0.000886604
  100 99.5 2.0696 0.000898264
  101 100.5 2.07485 0.000900542
  102 101.5 2.04222 0.000886382
  103 102.5 2.03798 0.000884538
  104 103.5 2.0143 0.000874264
  105 104.5 2.00794 0.0008715
  106 105.5 1.99419 0.000865535
  107 106.5 1.98747 0.000862618
  108 107.5 1.98013 0.000859431
  109 108.5 1.95589 0.00084891
  110 109.5 1.94791 0.000845448
  111 110.5 1.95953 0.00085049
  112 111.5 1.95918 0.000850337
  113 112.5 1.93034 0.000837819
  114 113.5 1.93958 0.000841833
  115 114.5 1.95173 0.000847104
  116 115.5 1.96186 0.0008515
  117 116.5 1.95957 0.000850507
  118 117.5 1.93585 0.000840212
  119 118.5 1.93894 0.000841556
  120 119.5 1.94305 0.000843337
  121 120.5 1.93938 0.000841747
  122 121.5 1.93455 0.000839649
  123 122.5 1.94242 0.000843062
  124 123.5 1.92138 0.000833934
  125 124.5 1.92871 0.000837115
  126 125.5 1.93382 0.000839333
  127 126.5 1.94238 0.000843045
  128 127.5 1.97031 0.00085517
  129 128.5 1.98689 0.000862365
  130 129.5 1.96607 0.00085333
  131 130.5 1.95329 0.000847781
  132 131.5 1.92232 0.00083434
  133 132.5 1.91278 0.000830201
  134 133.5 1.90767 0.000827983
  135 134.5 1.87353 0.000813163
  136 135.5 1.89287 0.000821559
  137 136.5 1.87634 0.000814385
  138 137.5 1.86314 0.000808656
  139 138.5 1.8815 0.000816625
  140 139.5 1.89113 0.000820802
  141 140.5 1.91551 0.000831385
  142 141.5 1.97433 0.000856913
  143 142.5 1.98838 0.000863014
  144 143.5 1.99064 0.000863993
  145 144.5 2.04878 0.000889226
  146 145.5 2.14338 0.000930285
  147 146.5 2.28209 0.00099049
  148 147.5 2.42606 0.00105298
  149 148.5 2.65734 0.00115336
  150 149.5 3.00627 0.00130481
  151 150.5 3.4927 0.00151593
  152 151.5 4.16536 0.00180788
  153 152.5 5.10966 0.00221773
  154 153.5 6.37201 0.00276563
  155 154.5 7.99319 0.00346927
  156 155.5 9.86974 0.00428374
  157 156.5 12.1396 0.00526891
  158 157.5 14.5482 0.00631433
  159 158.5 17.1411 0.00743971
  160 159.5 19.7318 0.00856416
  161 160.5 22.1358 0.00960756
  162 161.5 24.1949 0.0105013
  163 162.5 26.0879 0.0113229
  164 163.5 27.6255 0.0119902
  165 164.5 28.7647 0.0124847
  166 165.5 29.7556 0.0129147
  167 166.5 30.4093 0.0131985
  168 167.5 30.953 0.0134345
  169 168.5 31.3318 0.0135989
  170 169.5 31.6958 0.0137569
  171 170.5 31.7644 0.0137866
  172 171.5 31.9655 0.0138739
  173 172.5 32.1289 0.0139448
  174 173.5 32.2543 0.0139992
  175 174.5 32.2627 0.0140029
  176 175.5 32.3044 0.014021
  177 176.5 32.4282 0.0140747
  178 177.5 32.4075 0.0140658
  179 178.5 32.4149 0.014069
  180 179.5 32.4186 0.0140706
  181 180.5 32.4984 0.0141052
  182 181.5 32.3255 0.0140302
  183 182.5 32.3465 0.0140393
  184 183.5 32.3151 0.0140256
  185 184.5 32.3259 0.0140304
  186 185.5 32.2965 0.0140176
  187 186.5 32.2815 0.0140111
  188 187.5 32.2703 0.0140062
  189 188.5 32.3234 0.0140292
  190 189.5 32.3495 0.0140406
  191 190.5 32.2891 0.0140143
  192 191.5 32.3216 0.0140285
  193 192.5 32.4023 0.0140635
  194 193.5 32.3582 0.0140444
  195 194.5 32.2967 0.0140177
  196 195.5 32.3806 0.0140541
  197 196.5 32.3613 0.0140457
  198 197.5 32.3756 0.0140519
  199 198.5 32.3742 0.0140513
  200 199.5 32.4137 0.0140684
  201 200.5 32.3456 0.0140389
  202 201.5 32.312 0.0140243
  203 202.5 32.4392 0.0140795
  204 203.5 32.401 0.014063
  205 204.5 32.3062 0.0140218
  206 205.5 32.3548 0.0140429
  207 206.5 32.4774 0.0140961
  208 207.5 32.3999 0.0140625
  209 208.5 32.33 0.0140321
  210 209.5 32.446 0.0140825
  211 210.5 32.5152 0.0141125
  212 211.5 32.4356 0.014078
  213 212.5 32.4029 0.0140637
  214 213.5 32.3932 0.0140595
  215 214.5 32.3733 0.0140509
  216 215.5 32.3145 0.0140254
  217 216.5 32.3113 0.014024
  218 217.5 32.3011 0.0140196
  219 218.5 32.2847 0.0140124
  220 219.5 32.1864 0.0139698
  221 220.5 32.2316 0.0139894
  222 221.5 32.2931 0.0140161
  223 222.5 32.3005 0.0140193
  224 223.5 32.2119 0.0139808
  225 224.5 32.2854 0.0140128
  226 225.5 32.3035 0.0140206
  227 226.5 32.2815 0.0140111
  228 227.5 32.2326 0.0139898
  229 228.5 32.265 0.0140039
  230 229.5 32.276 0.0140087
  231 230.5 32.2709 0.0140065
  232 231.5 32.2909 0.0140151
  233 232.5 32.2745 0.014008
  234 233.5 32.2731 0.0140074
  235 234.5 32.2567 0.0140003
  236 235.5 32.2561 0.014
  237 236.5 32.2325 0.0139898
  238 237.5 32.2531 0.0139988
  239 238.5 32.2663 0.0140045
  240 239.5 32.3045 0.0140211
  241 240.5 32.2982 0.0140183
  242 241.5 32.3226 0.0140289
  243 242.5 32.274 0.0140078
  244 243.5 32.4254 0.0140735
  245 244.5 32.2511 0.0139979
  246 245.5 32.2556 0.0139998
  247 246.5 32.2889 0.0140143
  248 247.5 32.2831 0.0140118
  249 248.5 32.2268 0.0139873
  250 249.5 32.2149 0.0139821
  251 250.5 32.2754 0.0140084
  252 251.5 32.2754 0.0140084
  253 252.5 32.2022 0.0139766
  254 253.5 32.2588 0.0140012
  255 254.5 32.2029 0.0139769
  256 255.5 32.2083 0.0139793
  257 256.5 32.1971 0.0139744
  258 257.5 32.2097 0.0139799
  259 258.5 32.1802 0.0139671
  260 259.5 32.1618 0.0139591
  261 260.5 32.1015 0.013933
  262 261.5 32.2233 0.0139858
  263 262.5 32.1312 0.0139458
  264 263.5 32.164 0.0139601
  265 264.5 32.1967 0.0139743
  266 265.5 32.2705 0.0140063
  267 266.5 32.2025 0.0139768
  268 267.5 32.1582 0.0139575
  269 268.5 32.1785 0.0139664
  270 269.5 32.2063 0.0139784
  271 270.5 32.1143 0.0139385
  272 271.5 32.083 0.0139249
  273 272.5 32.1132 0.013938
  274 273.5 32.1197 0.0139408
  275 274.5 32.0102 0.0138933
  276 275.5 32.0252 0.0138998
  277 276.5 32.1367 0.0139482
  278 277.5 32.1556 0.0139564
  279 278.5 32.0642 0.0139167
  280 279.5 32.1368 0.0139483
  281 280.5 32.1172 0.0139397
  282 281.5 32.1714 0.0139633
  283 282.5 32.1513 0.0139546
  284 283.5 32.1502 0.0139541
  285 284.5 32.1809 0.0139674
  286 285.5 32.1613 0.0139589
  287 286.5 32.1651 0.0139605
  288 287.5 32.1215 0.0139416
  289 288.5 32.1827 0.0139682
  290 289.5 32.1477 0.013953
  291 290.5 32.0978 0.0139313
  292 291.5 32.1457 0.0139521
  293 292.5 32.2446 0.0139951
  294 293.5 32.2229 0.0139857
  295 294.5 32.1713 0.0139632
  296 295.5 32.1902 0.0139714
  297 296.5 32.3776 0.0140528
  298 297.5 32.275 0.0140083
  299 298.5 32.2473 0.0139962
  300 299.5 32.3307 0.0140324
  301 300.5 32.344 0.0140382
  302 301.5 32.2525 0.0139985
  303 302.5 32.2099 0.01398
  304 303.5 32.2031 0.013977
  305 304.5 32.1193 0.0139407
  306 305.5 32.0544 0.0139125
  307 306.5 31.838 0.0138186
  308 307.5 31.6938 0.013756
  309 308.5 31.424 0.0136389
  310 309.5 30.926 0.0134228
  311 310.5 30.3956 0.0131926
  312 311.5 29.7852 0.0129276
  313 312.5 28.8481 0.0125209
  314 313.5 27.6386 0.0119959
  315 314.5 26.2604 0.0113977
  316 315.5 24.5963 0.0106755
  317 316.5 22.5958 0.0098072
  318 317.5 20.3326 0.00882491
  319 318.5 17.9918 0.00780892
  320 319.5 15.6453 0.00679051
  321 320.5 13.1948 0.0057269
  322 321.5 10.937 0.00474696
  323 322.5 8.96402 0.00389064
  324 323.5 7.26674 0.00315397
  325 324.5 5.81844 0.00252536
  326 325.5 4.67748 0.00203016
  327 326.5 3.76476 0.00163401
  328 327.5 3.07648 0.00133528
  329 328.5 2.56789 0.00111453
  330 329.5 2.16822 0.000941066
  331 330.5 1.8629 0.000808549
  332 331.5 1.62852 0.000706823
  333 332.5 1.44442 0.00062692
  334 333.5 1.2829 0.000556816
  335 334.5 1.1612 0.000503993
  336 335.5 1.0716 0.000465104
  337 336.5 1.00969 0.000438233
  338 337.5 0.945072 0.000410188
  339 338.5 0.891848 0.000387087
  340 339.5 0.85892 0.000372795
  341 340.5 0.825712 0.000358382
  342 341.5 0.809752 0.000351455
  343 342.5 0.779672 0.000338399
  344 343.5 0.763512 0.000331385
  345 344.5 0.782064 0.000339438
  346 345.5 0.759624 0.000329698
  347 346.5 0.766976 0.000332889
  348 347.5 0.753504 0.000327042
  349 348.5 0.75808 0.000329028
  350 349.5 0.74472 0.000323229
  351 350.5 0.746432 0.000323972
  352 351.5 0.736224 0.000319542
  353 352.5 0.738312 0.000320448
  354 353.5 0.735352 0.000319163
  355 354.5 0.732552 0.000317948
  356 355.5 0.73496 0.000318993
  357 356.5 0.728144 0.000316035
  358 357.5 0.731672 0.000317566
  359 358.5 0.735408 0.000319188
  360 359.5 0.727176 0.000315615
  361 360.5 0.732456 0.000317906
  362 361.5 0.730024 0.000316851
  363 362.5 0.7226 0.000313628
  364 363.5 0.727744 0.000315861
  365 364.5 0.729136 0.000316465
  366 365.5 0.72 0.0003125
  367 366.5 0.723376 0.000313965
  368 367.5 0.727392 0.000315708
  369 368.5 0.724608 0.0003145
  370 369.5 0.71592 0.000310729
  371 370.5 0.700464 0.000304021
  372 371.5 0.702696 0.00030499
  373 372.5 0.707328 0.000307
  374 373.5 0.718864 0.000312007
  375 374.5 0.716336 0.00031091
  376 375.5 0.718304 0.000311764
  377 376.5 0.723184 0.000313882
  378 377.5 0.724712 0.000314545
  379 378.5 0.718096 0.000311674
  380 379.5 0.72564 0.000314948
  381 380.5 0.720776 0.000312837
  382 381.5 0.721976 0.000313358
  383 382.5 0.715768 0.000310663
  384 383.5 0.71944 0.000312257
  385 384.5 0.723704 0.000314108
  386 385.5 0.734392 0.000318747
  387 386.5 0.718488 0.000311844
  388 387.5 0.728696 0.000316274
  389 388.5 0.719224 0.000312163
  390 389.5 0.732776 0.000318045
  391 390.5 0.727288 0.000315663
  392 391.5 0.732984 0.000318135
  393 392.5 0.725192 0.000314753
  394 393.5 0.725376 0.000314833
  395 394.5 0.727304 0.00031567
  396 395.5 0.73004 0.000316858
  397 396.5 0.724792 0.00031458
  398 397.5 0.714888 0.000310281
  399 398.5 0.7222 0.000313455
  400 399.5 0.735416 0.000319191
  401 400.5 0.729312 0.000316542
  402 401.5 0.731216 0.000317368
  403 402.5 0.71776 0.000311528
  404 403.5 0.725848 0.000315038
  405 404.5 0.7274 0.000315712
  406 405.5 0.731832 0.000317635
  407 406.5 0.731632 0.000317549
  408 407.5 0.73676 0.000319774
  409 408.5 0.742336 0.000322194
  410 409.5 0.749512 0.000325309
  411 410.5 0.739768 0.00032108
  412 411.5 0.744464 0.000323118
  413 412.5 0.748768 0.000324986
  414 413.5 0.749136 0.000325146
  415 414.5 0.720936 0.000312906
  416 415.5 0.737472 0.000320083
  417 416.5 0.738512 0.000320535
  418 417.5 0.746208 0.000323875
  419 418.5 0.737136 0.000319938
  420 419.5 0.738448 0.000320507
  421 420.5 0.737184 0.000319958
  422 421.5 0.729648 0.000316688
  423 422.5 0.721608 0.000313198
  424 423.5 0.72332 0.000313941
  425 424.5 0.723848 0.00031417
  426 425.5 0.712528 0.000309257
  427 426.5 0.715712 0.000310639
  428 427.5 0.727456 0.000315736
  429 428.5 0.714056 0.00030992
  430 429.5 0.72004 0.000312517
  431 430.5 0.722896 0.000313757
  432 431.5 0.71612 0.000310816
  433 432.5 0.733136 0.000318201
  434 433.5 0.732176 0.000317785
  435 434.5 0.737448 0.000320073
  436 435.5 0.741608 0.000321878
  437 436.5 0.753456 0.000327021
  438 437.5 0.749208 0.000325177
  439 438.5 0.735776 0.000319347
  440 439.5 0.726112 0.000315153
  441 440.5 0.715088 0.000310368
  442 441.5 0.721464 0.000313135
  443 442.5 0.71792 0.000311597
  444 443.5 0.71572 0.000310642
  445 444.5 0.717488 0.00031141
  446 445.5 0.722864 0.000313743
  447 446.5 0.736088 0.000319483
  448 447.5 0.737584 0.000320132
  449 448.5 0.741688 0.000321913
  450 449.5 0.748312 0.000324788
  451 450.5 0.74688 0.000324167
  452 451.5 0.738104 0.000320358
  453 452.5 0.730208 0.000316931
  454 453.5 0.73816 0.000320382
  455 454.5 0.749896 0.000325476
  456 455.5 0.740912 0.000321576
  457 456.5 0.745304 0.000323483
  458 457.5 0.763384 0.00033133
  459 458.5 0.768712 0.000333642
  460 459.5 0.781608 0.00033924
  461 460.5 0.798248 0.000346462
  462 461.5 0.81308 0.000352899
  463 462.5 0.845088 0.000366792
  464 463.5 0.892648 0.000387434
  465 464.5 0.941864 0.000408795
  466 465.5 1.00766 0.000437351
  467 466.5 1.07807 0.000467913
  468 467.5 1.1637 0.00050508
  469 468.5 1.25498 0.000544698
  470 469.5 1.36144 0.000590903
  471 470.5 1.49198 0.000647559
  472 471.5 1.61326 0.000700198
  473 472.5 1.75614 0.000762215
  474 473.5 1.88646 0.000818778
  475 474.5 2.03027 0.000881194
  476 475.5 2.13409 0.000926253
  477 476.5 2.23114 0.000968378
  478 477.5 2.30166 0.000998983
  479 478.5 2.35034 0.00102011
  480 479.5 2.38352 0.00103451
55000000 480 5624.999999999996
  1 0.5 2.2963 0.000996656
  2 1.5 2.26086 0.000981278
  3 2.5 2.21326 0.000960615
  4 3.5 2.14392 0.000930521
  5 4.5 2.08611 0.000905431
  6 5.5 2.06085 0.000894465
  7 6.5 1.98385 0.000861045
  8 7.5 1.94726 0.000845167
  9 8.5 1.92669 0.000836236
  10 9.5 1.88397 0.000817694
  11 10.5 1.82678 0.000792872
  12 11.5 1.79331 0.000778347
  13 12.5 1.78679 0.000775517
  14 13.5 1.78698 0.000775597
  15 14.5 1.77138 0.000768826
  16 15.5 1.78263 0.000773712
  17 16.5 1.78632 0.000775312
  18 17.5 1.7749 0.000770358
  19 18.5 1.79225 0.000777885
  20 19.5 1.81638 0.000788361
  21 20.5 1.82893 0.000793806
  22 21.5 1.82878 0.000793743
  23 22.5 1.82525 0.000792208
  24 23.5 1.81979 0.00078984
  25 24.5 1.8229 0.000791188
  26 25.5 1.83002 0.000794281
  27 26.5 1.82362 0.000791503
  28 27.5 1.81286 0.000786833
  29 28.5 1.82071 0.00079024
  30 29.5 1.81159 0.000786281
  31 30.5 1.83534 0.000796587
  32 31.5 1.83004 0.000794288
  33 32.5 1.80359 0.000782809
  34 33.5 1.79019 0.000776993
  35 34.5 1.77508 0.000770434
  36 35.5 1.7697 0.000768101
  37 36.5 1.75293 0.000760819
  38 37.5 1.76217 0.00076483
  39 38.5 1.78554 0.000774976
  40 39.5 1.77408 0.00077
  41 40.5 1.73966 0.000755059
  42 41.5 1.71952 0.000746319
  43 42.5 1.68692 0.00073217
  44 43.5 1.69368 0.000735104
  45 44.5 1.69613 0.000736167
  46 45.5 1.67799 0.000728295
  47 46.5 1.67055 0.000725066
  48 47.5 1.6871 0.00073225
  49 48.5 1.70637 0.000740611
  50 49.5 1.69877 0.000737313
  51 50.5 1.6801 0.000729212
  52 51.5 1.68946 0.000733274
  53 52.5 1.70685 0.000740819
  54 53.5 1.70432 0.000739722
  55 54.5 1.70399 0.00073958
  56 55.5 1.71125 0.000742729
  57 56.5 1.72338 0.000747993
  58 57.5 1.75182 0.000760337
  59 58.5 1.72585 0.000749066
  60 59.5 1.74756 0.00075849
  61 60.5 1.74806 0.000758708
  62 61.5 1.72992 0.000750833
  63 62.5 1.74898 0.000759104
  64 63.5 1.74036 0.000755365
  65 64.5 1.72956 0.000750677
  66 65.5 1.74187 0.000756021
  67 66.5 1.75813 0.000763076
  68 67.5 1.74386 0.000756882
  69 68.5 1.7217 0.000747267
  70 69.5 1.6984 0.000737153
  71 70.5 1.72006 0.000746552
  72 71.5 1.66754 0.000723757
  73 72.5 1.67067 0.000725118
  74 73.5 1.66242 0.000721538
  75 74.5 1.67998 0.000729156
  76 75.5 1.71876 0.00074599
  77 76.5 1.73415 0.00075267
  78 77.5 1.76988 0.000768177
  79 78.5 1.77534 0.000770549
  80 79.5 1.76155 0.000764563
  81 80.5 1.77601 0.000770837
  82 81.5 1.76532 0.000766198
  83 82.5 1.74595 0.000757792
  84 83.5 1.73402 0.000752611
  85 84.5 1.74237 0.000756236
  86 85.5 1.77113 0.000768719
  87 86.5 1.73124 0.000751406
  88 87.5 1.72862 0.000750271
  89 88.5 1.7342 0.000752691
  90 89.5 1.72674 0.000749451
  91 90.5 1.70721 0.000740976
  92 91.5 1.71874 0.000745983
  93 92.5 1.72456 0.000748507
  94 93.5 1.71202 0.000743066
  95 94.5 1.7215 0.000747181
  96 95.5 1.74882 0.000759035
  97 96.5 1.76394 0.000765597
  98 97.5 1.78843 0.000776229
  99 98.5 1.8076 0.000784549
  100 99.5 1.83784 0.000797674
  101 100.5 1.84528 0.000800903
  102 101.5 1.83499 0.000796438
  103 102.5 1.84304 0.000799931
  104 103.5 1.84219 0.000799563
  105 104.5 1.84237 0.000799639
  106 105.5 1.83881 0.000798094
  107 106.5 1.81899 0.000789493
  108 107.5 1.80304 0.000782569
  109 108.5 1.76711 0.000766976
  110 109.5 1.76558 0.000766309
  111 110.5 1.76465 0.000765906
  112 111.5 1.73116 0.000751372
  113 112.5 1.74029 0.000755333
  114 113.5 1.69993 0.000737816
  115 114.5 1.70957 0.000742
  116 115.5 1.71093 0.00074259
  117 116.5 1.70427 0.000739701
  118 117.5 1.68328 0.00073059
  119 118.5 1.68244 0.000730226
  120 119.5 1.68696 0.000732187
  121 120.5 1.70139 0.000738451
  122 121.5 1.69702 0.000736552
  123 122.5 1.69874 0.000737302
  124 123.5 1.71379 0.000743833
  125 124.5 1.72928 0.000750556
  126 125.5 1.72441 0.000748441
  127 126.5 1.71416 0.000743993
  128 127.5 1.7275 0.000749781
  129 128.5 1.73063 0.000751142
  130 129.5 1.75836 0.000763177
  131 130.5 1.76826 0.000767472
  132 131.5 1.76114 0.000764385
  133 132.5 1.77925 0.000772243
  134 133.5 1.80286 0.000782493
  135 134.5 1.81151 0.000786247
  136 135.5 1.84591 0.000801177
  137 136.5 1.87968 0.000815833
  138 137.5 1.88697 0.000818997
  139 138.5 1.89629 0.000823042
  140 139.5 1.93338 0.000839139
  141 140.5 1.95979 0.000850604
  142 141.5 1.98636 0.000862135
  143 142.5 2.0283 0.000880337
  144 143.5 2.09005 0.000907139
  145 144.5 2.18079 0.000946524
  146 145.5 2.32382 0.0010086
  147 146.5 2.50534 0.00108739
  148 147.5 2.78144 0.00120722
  149 148.5 3.18676 0.00138314
  150 149.5 3.75615 0.00163027
  151 150.5 4.53228 0.00196714
  152 151.5 5.57278 0.00241874
  153 152.5 6.98157 0.00303019
  154 153.5 8.73784 0.00379247
  155 154.5 10.7748 0.00467654
  156 155.5 13.1355 0.00570118
  157 156.5 15.6386 0.00678761
  158 157.5 18.1913 0.00789555
  159 158.5 20.6248 0.00895173
  160 159.5 22.8976 0.00993818
  161 160.5 24.9348 0.0108224
  162 161.5 26.7092 0.0115925
  163 162.5 28.119 0.0122044
  164 163.5 29.2091 0.0126776
  165 164.5 30.0754 0.0130536
  166 165.5 30.6248 0.013292
  167 166.5 31.148 0.0135191
  168 167.5 31.4942 0.0136694
  169 168.5 31.695 0.0137565
  170 169.5 31.8954 0.0138435
  171 170.5 32.1349 0.0139474
  172 171.5 32.1513 0.0139546
  173 172.5 32.1993 0.0139754
  174 173.5 32.3036 0.0140207
  175 174.5 32.365 0.0140473
  176 175.5 32.3006 0.0140194
  177 176.5 32.4011 0.014063
  178 177.5 32.4197 0.0140711
  179 178.5 32.3339 0.0140338
  180 179.5 32.3763 0.0140522
  181 180.5 32.4139 0.0140685
  182 181.5 32.4437 0.0140815
  183 182.5 32.3489 0.0140403
  184 183.5 32.4235 0.0140727
  185 184.5 32.4806 0.0140975
  186 185.5 32.4393 0.0140796
  187 186.5 32.4156 0.0140693
  188 187.5 32.3915 0.0140588
  189 188.5 32.448 0.0140833
  190 189.5 32.405 0.0140647
  191 190.5 32.4153 0.0140691
  192 191.5 32.4122 0.0140678
  193 192.5 32.3991 0.0140621
  194 193.5 32.4409 0.0140802
  195 194.5 32.4285 0.0140749
  196 195.5 32.4557 0.0140867
  197 196.5 32.4911 0.0141021
  198 197.5 32.4217 0.0140719
  199 198.5 32.4263 0.0140739
  200 199.5 32.4763 0.0140956
  201 200.5 32.4383 0.0140791
  202 201.5 32.4681 0.014092
  203 202.5 32.4881 0.0141007
  204 203.5 32.4854 0.0140996
  205 204.5 32.4713 0.0140934
  206 205.5 32.4152 0.0140691
  207 206.5 32.4963 0.0141043
  208 207.5 32.458 0.0140877
  209 208.5 32.4245 0.0140731
  210 209.5 32.436 0.0140781
  211 210.5 32.5053 0.0141082
  212 211.5 32.4615 0.0140892
  213 212.5 32.4291 0.0140751
  214 213.5 32.4064 0.0140653
  215 214.5 32.5043 0.0141078
  216 215.5 32.4787 0.0140967
  217 216.5 32.393 0.0140595
  218 217.5 32.4501 0.0140842
  219 218.5 32.5389 0.0141228
  220 219.5 32.3921 0.0140591
  221 220.5 32.37 0.0140495
  222 221.5 32.4695 0.0140927
  223 222.5 32.4525 0.0140853
  224 223.5 32.3954 0.0140605
  225 224.5 32.3924 0.0140592
  226 225.5 32.4387 0.0140793
  227 226.5 32.3061 0.0140218
  228 227.5 32.4149 0.014069
  229 228.5 32.346 0.0140391
  230 229.5 32.4149 0.014069
  231 230.5 32.2961 0.0140174
  232 231.5 32.4592 0.0140882
  233 232.5 32.4274 0.0140744
  234 233.5 32.4023 0.0140635
  235 234.5 32.4223 0.0140722
  236 235.5 32.5308 0.0141193
  237 236.5 32.5016 0.0141066
  238 237.5 32.4953 0.0141039
  239 238.5 32.4952 0.0141038
  240 239.5 32.5598 0.0141318
  241 240.5 32.5439 0.0141249
  242 241.5 32.5208 0.014115
  243 242.5 32.5016 0.0141066
  244 243.5 32.5094 0.01411
  245 244.5 32.6452 0.0141689
  246 245.5 32.5786 0.01414
  247 246.5 32.5161 0.0141129
  248 247.5 32.6011 0.0141498
  249 248.5 32.6153 0.0141559
  250 249.5 32.5127 0.0141114
  251 250.5 32.5607 0.0141322
  252 251.5 32.6123 0.0141546
  253 252.5 32.6152 0.0141559
  254 253.5 32.4786 0.0140966
  255 254.5 32.5251 0.0141168
  256 255.5 32.5977 0.0141483
  257 256.5 32.5141 0.014112
  258 257.5 32.4234 0.0140727
  259 258.5 32.5285 0.0141183
  260 259.5 32.5491 0.0141272
  261 260.5 32.5095 0.01411
  262 261.5 32.4972 0.0141047
  263 262.5 32.6106 0.0141539
  264 263.5 32.6136 0.0141552
  265 264.5 32.5586 0.0141313
  266 265.5 32.6445 0.0141686
  267 266.5 32.6563 0.0141737
  268 267.5 32.637 0.0141654
  269 268.5 32.6144 0.0141555
  270 269.5 32.7036 0.0141943
  271 270.5 32.6495 0.0141708
  272 271.5 32.6368 0.0141653
  273 272.5 32.6763 0.0141824
  274 273.5 32.726 0.014204
  275 274.5 32.6723 0.0141807
  276 275.5 32.6506 0.0141712
  277 276.5 32.7402 0.0142102
  278 277.5 32.6957 0.0141908
  279 278.5 32.6794 0.0141838
  280 279.5 32.7014 0.0141933
  281 280.5 32.731 0.0142062
  282 281.5 32.6527 0.0141722
  283 282.5 32.693 0.0141897
  284 283.5 32.7424 0.0142111
  285 284.5 32.6965 0.0141912
  286 285.5 32.6659 0.0141779
  287 286.5 32.7242 0.0142032
  288 287.5 32.7159 0.0141996
  289 288.5 32.6825 0.0141851
  290 289.5 32.7363 0.0142085
  291 290.5 32.7234 0.0142029
  292 291.5 32.7171 0.0142001
  293 292.5 32.6711 0.0141802
  294 293.5 32.7271 0.0142045
  295 294.5 32.6831 0.0141854
  296 295.5 32.6094 0.0141534
  297 296.5 32.5893 0.0141446
  298 297.5 32.5476 0.0141266
  299 298.5 32.5911 0.0141454
  300 299.5 32.4353 0.0140778
  301 300.5 32.3985 0.0140618
  302 301.5 32.4736 0.0140945
  303 302.5 32.3226 0.0140289
  304 303.5 32.1478 0.0139531
  305 304.5 32.0357 0.0139044
  306 305.5 31.8197 0.0138106
  307 306.5 31.5213 0.0136811
  308 307.5 31.2358 0.0135572
  309 308.5 30.7027 0.0133258
  310 309.5 30.1218 0.0130737
  311 310.5 29.221 0.0126827
  312 311.5 28.1303 0.0122093
  313 312.5 26.7835 0.0116248
  314 313.5 25.1587 0.0109196
  315 314.5 23.1936 0.0100667
  316 315.5 20.9018 0.00907198
  317 316.5 18.4924 0.00802624
  318 317.5 15.9515 0.00692341
  319 318.5 13.4007 0.00581628
  320 319.5 11.0164 0.00478143
  321 320.5 8.96425 0.00389073
  322 321.5 7.24102 0.0031428
  323 322.5 5.72965 0.00248683
  324 323.5 4.5367 0.00196905
  325 324.5 3.65994 0.00158852
  326 325.5 2.9682 0.00128828
  327 326.5 2.44506 0.00106123
  328 327.5 2.04828 0.00088901
  329 328.5 1.75906 0.000763479
  330 329.5 1.52479 0.000661802
  331 330.5 1.33276 0.000578455
  332 331.5 1.21207 0.000526073
  333 332.5 1.12237 0.000487139
  334 333.5 1.03292 0.000448316
  335 334.5 0.955984 0.000414924
  336 335.5 0.90516 0.000392865
  337 336.5 0.859032 0.000372844
  338 337.5 0.831496 0.000360892
  339 338.5 0.807856 0.000350632
  340 339.5 0.784888 0.000340663
  341 340.5 0.782344 0.000339559
  342 341.5 0.756752 0.000328451
  343 342.5 0.753944 0.000327233
  344 343.5 0.746984 0.000324212
  345 344.5 0.752704 0.000326694
  346 345.5 0.743512 0.000322705
  347 346.5 0.748688 0.000324951
  348 347.5 0.741736 0.000321934
  349 348.5 0.734912 0.000318972
  350 349.5 0.731728 0.00031759
  351 350.5 0.738816 0.000320667
  352 351.5 0.735824 0.000319368
  353 352.5 0.744768 0.00032325
  354 353.5 0.741064 0.000321642
  355 354.5 0.745928 0.000323753
  356 355.5 0.738008 0.000320316
  357 356.5 0.745816 0.000323705
  358 357.5 0.743648 0.000322764
  359 358.5 0.745304 0.000323483
  360 359.5 0.73944 0.000320937
  361 360.5 0.7444 0.00032309
  362 361.5 0.755992 0.000328122
  363 362.5 0.743712 0.000322792
  364 363.5 0.746408 0.000323962
  365 364.5 0.745232 0.000323451
  366 365.5 0.749808 0.000325437
  367 366.5 0.739816 0.000321101
  368 367.5 0.741416 0.000321795
  369 368.5 0.75152 0.000326181
  370 369.5 0.746944 0.000324194
  371 370.5 0.7452 0.000323437
  372 371.5 0.74232 0.000322187
  373 372.5 0.743416 0.000322663
  374 373.5 0.734832 0.000318937
  375 374.5 0.738584 0.000320566
  376 375.5 0.734024 0.000318587
  377 376.5 0.732664 0.000317997
  378 377.5 0.737536 0.000320111
  379 378.5 0.723824 0.00031416
  380 379.5 0.732464 0.00031791
  381 380.5 0.729656 0.000316691
  382 381.5 0.733304 0.000318274
  383 382.5 0.732032 0.000317722
  384 383.5 0.726032 0.000315118
  385 384.5 0.745 0.000323351
  386 385.5 0.749072 0.000325118
  387 386.5 0.742496 0.000322264
  388 387.5 0.744616 0.000323184
  389 388.5 0.738304 0.000320444
  390 389.5 0.753664 0.000327111
  391 390.5 0.756792 0.000328469
  392 391.5 0.75084 0.000325885
  393 392.5 0.742352 0.000322201
  394 393.5 0.749376 0.00032525
  395 394.5 0.743216 0.000322576
  396 395.5 0.732744 0.000318031
  397 396.5 0.740632 0.000321455
  398 397.5 0.748312 0.000324788
  399 398.5 0.747656 0.000324503
  400 399.5 0.74204 0.000322066
  401 400.5 0.745976 0.000323774
  402 401.5 0.737592 0.000320135
  403 402.5 0.741808 0.000321965
  404 403.5 0.751472 0.00032616
  405 404.5 0.744328 0.000323059
  406 405.5 0.737912 0.000320274
  407 406.5 0.742992 0.000322479
  408 407.5 0.747984 0.000324646
  409 408.5 0.745968 0.000323771
  410 409.5 0.746008 0.000323788
  411 410.5 0.737416 0.000320059
  412 411.5 0.738712 0.000320622
  413 412.5 0.728152 0.000316038
  414 413.5 0.72476 0.000314566
  415 414.5 0.732816 0.000318062
  416 415.5 0.724872 0.000314615
  417 416.5 0.7262 0.000315191
  418 417.5 0.718216 0.000311726
  419 418.5 0.731112 0.000317323
  420 419.5 0.728424 0.000316156
  421 420.5 0.732256 0.000317819
  422 421.5 0.738912 0.000320708
  423 422.5 0.730224 0.000316937
  424 423.5 0.7308 0.000317187
  425 424.5 0.724952 0.000314649
  426 425.5 0.72468 0.000314531
  427 426.5 0.734032 0.00031859
  428 427.5 0.72516 0.00031474
  429 428.5 0.735088 0.000319049
  430 429.5 0.730496 0.000317056
  431 430.5 0.729728 0.000316722
  432 431.5 0.717608 0.000311462
  433 432.5 0.701152 0.000304319
  434 433.5 0.704552 0.000305795
  435 434.5 0.716816 0.000311118
  436 435.5 0.71368 0.000309757
  437 436.5 0.708136 0.000307351
  438 437.5 0.709288 0.000307851
  439 438.5 0.71172 0.000308906
  440 439.5 0.728832 0.000316333
  441 440.5 0.718664 0.00031192
  442 441.5 0.719376 0.000312229
  443 442.5 0.729128 0.000316462
  444 443.5 0.724104 0.000314281
  445 444.5 0.728488 0.000316184
  446 445.5 0.740192 0.000321264
  447 446.5 0.740072 0.000321212
  448 447.5 0.72756 0.000315781
  449 448.5 0.74032 0.000321319
  450 449.5 0.748136 0.000324712
  451 450.5 0.743904 0.000322875
  452 451.5 0.743616 0.00032275
  453 452.5 0.741408 0.000321792
  454 453.5 0.748048 0.000324674
  455 454.5 0.7554 0.000327865
  456 455.5 0.76304 0.000331181
  457 456.5 0.776184 0.000336885
  458 457.5 0.78 0.000338542
  459 458.5 0.796536 0.000345719
  460 459.5 0.830968 0.000360663
  461 460.5 0.85056 0.000369167
  462 461.5 0.881552 0.000382618
  463 462.5 0.91216 0.000395903
  464 463.5 0.973008 0.000422312
  465 464.5 1.0371 0.000450132
  466 465.5 1.10142 0.000478049
  467 466.5 1.2094 0.000524913
  468 467.5 1.31054 0.000568812
  469 468.5 1.42732 0.000619497
  470 469.5 1.57772 0.000684774
  471 470.5 1.72165 0.000747243
  472 471.5 1.83828 0.000797865
  473 472.5 1.99106 0.000864177
  474 473.5 2.1251 0.000922351
  475 474.5 2.22962 0.000967719
  476 475.5 2.30348 0.000999774
  477 476.5 2.33528 0.00101358
  478 477.5 2.37769 0.00103198
  479 478.5 2.37061 0.00102891
  480 479.5 2.3395 0.00101541
57500000 480 5625.000000000006
  1 0.5 2.33746 0.00101452
  2 1.5 2.35066 0.00102025
  3 2.5 2.31893 0.00100648
  4 3.5 2.24542 0.000974573
  5 4.5 2.21591 0.000961767
  6 5.5 2.16825 0.00094108
  7 6.5 2.13809 0.00092799
  8 7.5 2.08834 0.000906396
  9 8.5 2.03764 0.000884392
  10 9.5 1.98846 0.000863049
  11 10.5 1.9725 0.000856122
  12 11.5 1.93901 0.000841583
  13 12.5 1.88368 0.000817569
  14 13.5 1.88141 0.000816583
  15 14.5 1.88985 0.000820247
  16 15.5 1.88438 0.000817872
  17 16.5 1.87864 0.000815382
  18 17.5 1.83121 0.000794795
  19 18.5 1.83185 0.000795073
  20 19.5 1.79736 0.000780104
  21 20.5 1.79469 0.000778944
  22 21.5 1.7871 0.000775653
  23 22.5 1.75645 0.000762347
  24 23.5 1.72236 0.000747552
  25 24.5 1.72267 0.000747687
  26 25.5 1.7157 0.00074466
  27 26.5 1.72952 0.00075066
  28 27.5 1.71432 0.000744063
  29 28.5 1.71433 0.000744066
  30 29.5 1.7297 0.00075074
  31 30.5 1.7378 0.000754253
  32 31.5 1.70912 0.000741806
  33 32.5 1.72311 0.000747878
  34 33.5 1.72571 0.000749007
  35 34.5 1.72849 0.000750212
  36 35.5 1.7226 0.000747656
  37 36.5 1.71766 0.000745514
  38 37.5 1.73173 0.000751618
  39 38.5 1.72578 0.000749038
  40 39.5 1.75234 0.000760562
  41 40.5 1.75835 0.000763174
  42 41.5 1.78922 0.000776573
  43 42.5 1.79378 0.000778552
  44 43.5 1.80655 0.000784094
  45 44.5 1.8045 0.000783201
  46 45.5 1.77686 0.000771208
  47 46.5 1.73666 0.00075376
  48 47.5 1.74754 0.000758483
  49 48.5 1.75592 0.000762118
  50 49.5 1.7341 0.000752649
  51 50.5 1.72402 0.000748274
  52 51.5 1.74228 0.000756198
  53 52.5 1.74026 0.000755319
  54 53.5 1.76341 0.000765368
  55 54.5 1.78407 0.000774337
  56 55.5 1.75443 0.000761472
  57 56.5 1.74946 0.000759313
  58 57.5 1.74887 0.000759059
  59 58.5 1.73816 0.00075441
  60 59.5 1.73173 0.000751618
  61 60.5 1.7325 0.000751951
  62 61.5 1.74349 0.000756722
  63 62.5 1.7361 0.000753514
  64 63.5 1.7375 0.000754122
  65 64.5 1.71598 0.000744785
  66 65.5 1.70222 0.000738809
  67 66.5 1.69352 0.000735035
  68 67.5 1.71715 0.000745292
  69 68.5 1.71429 0.000744049
  70 69.5 1.66971 0.000724701
  71 70.5 1.66318 0.000721868
  72 71.5 1.67123 0.000725361
  73 72.5 1.6817 0.000729906
  74 73.5 1.68114 0.000729663
  75 74.5 1.69253 0.000734604
  76 75.5 1.67593 0.000727399
  77 76.5 1.65813 0.000719674
  78 77.5 1.66922 0.000724486
  79 78.5 1.68343 0.000730656
  80 79.5 1.69194 0.000734347
  81 80.5 1.7085 0.000741535
  82 81.5 1.71915 0.00074616
  83 82.5 1.70316 0.000739219
  84 83.5 1.70063 0.000738122
  85 84.5 1.70444 0.000739774
  86 85.5 1.70209 0.000738753
  87 86.5 1.72344 0.000748021
  88 87.5 1.73278 0.000752076
  89 88.5 1.7523 0.000760545
  90 89.5 1.76576 0.000766389
  91 90.5 1.75674 0.000762476
  92 91.5 1.74836 0.000758837
  93 92.5 1.76288 0.000765139
  94 93.5 1.75966 0.00076374
  95 94.5 1.77626 0.000770948
  96 95.5 1.77036 0.000768385
  97 96.5 1.78726 0.000775722
  98 97.5 1.78611 0.000775222
  99 98.5 1.77289 0.000769483
  100 99.5 1.76437 0.000765785
  101 100.5 1.75262 0.000760684
  102 101.5 1.77698 0.000771257
  103 102.5 1.7694 0.000767969
  104 103.5 1.76106 0.000764347
  105 104.5 1.74391 0.000756906
  106 105.5 1.76158 0.000764576
  107 106.5 1.737 0.000753906
  108 107.5 1.73332 0.000752309
  109 108.5 1.74439 0.000757115
  110 109.5 1.7473 0.000758378
  111 110.5 1.73687 0.000753851
  112 111.5 1.74076 0.000755538
  113 112.5 1.73879 0.000754684
  114 113.5 1.75261 0.000760681
  115 114.5 1.75149 0.000760194
  116 115.5 1.75663 0.000762427
  117 116.5 1.73911 0.000754823
  118 117.5 1.7361 0.000753517
  119 118.5 1.74149 0.000755854
  120 119.5 1.71799 0.000745656
  121 120.5 1.68445 0.000731097
  122 121.5 1.67706 0.000727889
  123 122.5 1.65152 0.000716806
  124 123.5 1.68162 0.000729868
  125 124.5 1.66886 0.000724333
  126 125.5 1.66694 0.0007235
  127 126.5 1.65813 0.000719674
  128 127.5 1.66134 0.000721066
  129 128.5 1.65893 0.000720021
  130 129.5 1.64246 0.000712875
  131 130.5 1.65772 0.000719497
  132 131.5 1.6654 0.00072283
  133 132.5 1.70046 0.000738045
  134 133.5 1.69892 0.000737378
  135 134.5 1.70118 0.000738361
  136 135.5 1.71594 0.000744767
  137 136.5 1.72005 0.000746549
  138 137.5 1.73197 0.000751722
  139 138.5 1.73357 0.000752417
  140 139.5 1.73571 0.000753347
  141 140.5 1.76255 0.000764997
  142 141.5 1.81005 0.000785611
  143 142.5 1.84218 0.000799556
  144 143.5 1.88139 0.000816576
  145 144.5 1.96871 0.000854476
  146 145.5 2.09553 0.000909517
  147 146.5 2.23105 0.000968337
  148 147.5 2.44999 0.00106336
  149 148.5 2.78394 0.00120831
  150 149.5 3.21174 0.00139399
  151 150.5 3.8582 0.00167457
  152 151.5 4.72551 0.002051
  153 152.5 5.86386 0.00254508
  154 153.5 7.34101 0.0031862
  155 154.5 9.20487 0.00399517
  156 155.5 11.3801 0.0049393
  157 156.5 13.8924 0.0060297
  158 157.5 16.5166 0.00716868
  159 158.5 19.1629 0.00831723
  160 159.5 21.6037 0.0093766
  161 160.5 23.9564 0.0103977
  162 161.5 25.8549 0.0112217
  163 162.5 27.4411 0.0119102
  164 163.5 28.8053 0.0125023
  165 164.5 29.7377 0.012907
  166 165.5 30.5606 0.0132641
  167 166.5 31.1124 0.0135036
  168 167.5 31.5332 0.0136863
  169 168.5 31.8188 0.0138102
  170 169.5 32.0346 0.0139039
  171 170.5 32.1809 0.0139674
  172 171.5 32.3439 0.0140381
  173 172.5 32.4328 0.0140767
  174 173.5 32.4445 0.0140818
  175 174.5 32.5001 0.014106
  176 175.5 32.4835 0.0140987
  177 176.5 32.5659 0.0141345
  178 177.5 32.6072 0.0141524
  179 178.5 32.5904 0.0141451
  180 179.5 32.5906 0.0141452
  181 180.5 32.6422 0.0141676
  182 181.5 32.6944 0.0141903
  183 182.5 32.6184 0.0141573
  184 183.5 32.5855 0.014143
  185 184.5 32.7219 0.0142022
  186 185.5 32.637 0.0141653
  187 186.5 32.48 0.0140972
  188 187.5 32.6099 0.0141536
  189 188.5 32.6195 0.0141578
  190 189.5 32.4856 0.0140996
  191 190.5 32.4671 0.0140916
  192 191.5 32.4997 0.0141058
  193 192.5 32.5148 0.0141123
  194 193.5 32.4058 0.014065
  195 194.5 32.4714 0.0140935
  196 195.5 32.4684 0.0140922
  197 196.5 32.4536 0.0140858
  198 197.5 32.3604 0.0140453
  199 198.5 32.4892 0.0141012
  200 199.5 32.4887 0.014101
  201 200.5 32.3592 0.0140448
  202 201.5 32.427 0.0140742
  203 202.5 32.5169 0.0141132
  204 203.5 32.39 0.0140581
  205 204.5 32.3627 0.0140463
  206 205.5 32.4957 0.014104
  207 206.5 32.448 0.0140833
  208 207.5 32.3338 0.0140338
  209 208.5 32.4099 0.0140668
  210 209.5 32.447 0.0140829
  211 210.5 32.3665 0.014048
  212 211.5 32.3992 0.0140622
  213 212.5 32.4038 0.0140642
  214 213.5 32.4319 0.0140763
  215 214.5 32.4037 0.0140641
  216 215.5 32.389 0.0140577
  217 216.5 32.4793 0.0140969
  218 217.5 32.4307 0.0140758
  219 218.5 32.4393 0.0140795
  220 219.5 32.4851 0.0140994
  221 220.5 32.4691 0.0140925
  222 221.5 32.4013 0.0140631
  223 222.5 32.4843 0.0140991
  224 223.5 32.4084 0.0140661
  225 224.5 32.4325 0.0140766
  226 225.5 32.4492 0.0140838
  227 226.5 32.3898 0.0140581
  228 227.5 32.3832 0.0140552
  229 228.5 32.4301 0.0140755
  230 229.5 32.4603 0.0140887
  231 230.5 32.4739 0.0140946
  232 231.5 32.4928 0.0141028
  233 232.5 32.5506 0.0141279
  234 233.5 32.584 0.0141424
  235 234.5 32.4575 0.0140875
  236 235.5 32.5208 0.0141149
  237 236.5 32.6054 0.0141516
  238 237.5 32.5477 0.0141266
  239 238.5 32.5575 0.0141308
  240 239.5 32.6013 0.0141499
  241 240.5 32.5395 0.0141231
  242 241.5 32.6178 0.014157
  243 242.5 32.5844 0.0141425
  244 243.5 32.6485 0.0141704
  245 244.5 32.5882 0.0141442
  246 245.5 32.6965 0.0141912
  247 246.5 32.6397 0.0141665
  248 247.5 32.7647 0.0142208
  249 248.5 32.7388 0.0142095
  250 249.5 32.7374 0.0142089
  251 250.5 32.7126 0.0141982
  252 251.5 32.7727 0.0142243
  253 252.5 32.773 0.0142244
  254 253.5 32.7407 0.0142104
  255 254.5 32.7118 0.0141978
  256 255.5 32.7729 0.0142243
  257 256.5 32.7507 0.0142147
  258 257.5 32.6819 0.0141849
  259 258.5 32.7824 0.0142285
  260 259.5 32.7843 0.0142293
  261 260.5 32.7745 0.014225
  262 261.5 32.7097 0.0141969
  263 262.5 32.8295 0.0142489
  264 263.5 32.8166 0.0142433
  265 264.5 32.7302 0.0142058
  266 265.5 32.744 0.0142118
  267 266.5 32.7827 0.0142286
  268 267.5 32.8205 0.014245
  269 268.5 32.7441 0.0142119
  270 269.5 32.7611 0.0142192
  271 270.5 32.8049 0.0142382
  272 271.5 32.8102 0.0142406
  273 272.5 32.6815 0.0141847
  274 273.5 32.7285 0.0142051
  275 274.5 32.7949 0.0142339
  276 275.5 32.6626 0.0141765
  277 276.5 32.6194 0.0141577
  278 277.5 32.6869 0.014187
  279 278.5 32.6803 0.0141842
  280 279.5 32.6222 0.0141589
  281 280.5 32.6103 0.0141538
  282 281.5 32.6531 0.0141723
  283 282.5 32.6566 0.0141739
  284 283.5 32.6307 0.0141626
  285 284.5 32.633 0.0141636
  286 285.5 32.6086 0.014153
  287 286.5 32.6225 0.0141591
  288 287.5 32.642 0.0141675
  289 288.5 32.594 0.0141467
  290 289.5 32.613 0.0141549
  291 290.5 32.5981 0.0141485
  292 291.5 32.5184 0.0141139
  293 292.5 32.5658 0.0141345
  294 293.5 32.5334 0.0141204
  295 294.5 32.5003 0.014106
  296 295.5 32.4887 0.014101
  297 296.5 32.5113 0.0141108
  298 297.5 32.4044 0.0140644
  299 298.5 32.3937 0.0140598
  300 299.5 32.4363 0.0140783
  301 300.5 32.3463 0.0140392
  302 301.5 32.216 0.0139826
  303 302.5 32.2094 0.0139798
  304 303.5 32.2025 0.0139768
  305 304.5 31.9079 0.0138489
  306 305.5 31.7329 0.0137729
  307 306.5 31.5755 0.0137046
  308 307.5 31.208 0.0135451
  309 308.5 30.6603 0.0133074
  310 309.5 30.1405 0.0130818
  311 310.5 29.4294 0.0127732
  312 311.5 28.4283 0.0123387
  313 312.5 27.1416 0.0117802
  314 313.5 25.6124 0.0111165
  315 314.5 23.7959 0.0103281
  316 315.5 21.7518 0.00944089
  317 316.5 19.4139 0.00842618
  318 317.5 17.0187 0.00738659
  319 318.5 14.612 0.00634201
  320 319.5 12.2827 0.00533101
  321 320.5 10.168 0.00441321
  322 321.5 8.27923 0.00359342
  323 322.5 6.74342 0.00292683
  324 323.5 5.48329 0.0023799
  325 324.5 4.5126 0.00195859
  326 325.5 3.74294 0.00162454
  327 326.5 3.15142 0.00136781
  328 327.5 2.70417 0.00117368
  329 328.5 2.33238 0.00101232
  330 329.5 2.04151 0.000886073
  331 330.5 1.77413 0.000770021
  332 331.5 1.57592 0.000683993
  333 332.5 1.4128 0.000613194
  334 333.5 1.2864 0.000558333
  335 334.5 1.18274 0.00051334
  336 335.5 1.08143 0.000469372
  337 336.5 1.04243 0.000452444
  338 337.5 0.979736 0.000425233
  339 338.5 0.923584 0.000400861
  340 339.5 0.864952 0.000375413
  341 340.5 0.84716 0.000367691
  342 341.5 0.830352 0.000360396
  343 342.5 0.805208 0.000349483
  344 343.5 0.782328 0.000339552
  345 344.5 0.76428 0.000331719
  346 345.5 0.737152 0.000319944
  347 346.5 0.735696 0.000319312
  348 347.5 0.750704 0.000325826
  349 348.5 0.750296 0.000325649
  350 349.5 0.743256 0.000322594
  351 350.5 0.743504 0.000322701
  352 351.5 0.738456 0.00032051
  353 352.5 0.734824 0.000318934
  354 353.5 0.728432 0.00031616
  355 354.5 0.735144 0.000319073
  356 355.5 0.74596 0.000323767
  357 356.5 0.744584 0.00032317
  358 357.5 0.736888 0.00031983
  359 358.5 0.730872 0.000317219
  360 359.5 0.73616 0.000319514
  361 360.5 0.724944 0.000314646
  362 361.5 0.727232 0.000315639
  363 362.5 0.734536 0.000318809
  364 363.5 0.726032 0.000315118
  365 364.5 0.728384 0.000316139
  366 365.5 0.739152 0.000320813
  367 366.5 0.736648 0.000319726
  368 367.5 0.735768 0.000319344
  369 368.5 0.732296 0.000317837
  370 369.5 0.731832 0.000317635
  371 370.5 0.734304 0.000318708
  372 371.5 0.731456 0.000317472
  373 372.5 0.732848 0.000318076
  374 373.5 0.735136 0.000319069
  375 374.5 0.740168 0.000321253
  376 375.5 0.748496 0.000324868
  377 376.5 0.74172 0.000321927
  378 377.5 0.730136 0.000316899
  379 378.5 0.728056 0.000315997
  380 379.5 0.729664 0.000316694
  381 380.5 0.739488 0.000320958
  382 381.5 0.740424 0.000321365
  383 382.5 0.747272 0.000324337
  384 383.5 0.737448 0.000320073
  385 384.5 0.739328 0.000320889
  386 385.5 0.744424 0.000323101
  387 386.5 0.736632 0.000319719
  388 387.5 0.733776 0.000318479
  389 388.5 0.737104 0.000319924
  390 389.5 0.750608 0.000325785
  391 390.5 0.752144 0.000326451
  392 391.5 0.735608 0.000319274
  393 392.5 0.736416 0.000319625
  394 393.5 0.7302 0.000316927
  395 394.5 0.72008 0.000312535
  396 395.5 0.707712 0.000307167
  397 396.5 0.72076 0.00031283
  398 397.5 0.71656 0.000311007
  399 398.5 0.725824 0.000315028
  400 399.5 0.72288 0.00031375
  401 400.5 0.729744 0.000316729
  402 401.5 0.722368 0.000313528
  403 402.5 0.724256 0.000314347
  404 403.5 0.733504 0.000318361
  405 404.5 0.717216 0.000311292
  406 405.5 0.72084 0.000312865
  407 406.5 0.723392 0.000313972
  408 407.5 0.72412 0.000314288
  409 408.5 0.722312 0.000313503
  410 409.5 0.726472 0.000315309
  411 410.5 0.726032 0.000315118
  412 411.5 0.726552 0.000315344
  413 412.5 0.723216 0.000313896
  414 413.5 0.735056 0.000319035
  415 414.5 0.750376 0.000325684
  416 415.5 0.749624 0.000325358
  417 416.5 0.747648 0.0003245
  418 417.5 0.754584 0.00032751
  419 418.5 0.764112 0.000331646
  420 419.5 0.764744 0.00033192
  421 420.5 0.76576 0.000332361
  422 421.5 0.77068 0.000334497
  423 422.5 0.754416 0.000327437
  424 423.5 0.740536 0.000321413
  425 424.5 0.75768 0.000328854
  426 425.5 0.74164 0.000321892
  427 426.5 0.760848 0.000330229
  428 427.5 0.761768 0.000330628
  429 428.5 0.74724 0.000324323
  430 429.5 0.747136 0.000324278
  431 430.5 0.74204 0.000322066
  432 431.5 0.744376 0.00032308
  433 432.5 0.751328 0.000326097
  434 433.5 0.756192 0.000328208
  435 434.5 0.748104 0.000324698
  436 435.5 0.751664 0.000326243
  437 436.5 0.752592 0.000326646
  438 437.5 0.753704 0.000327128
  439 438.5 0.756312 0.00032826
  440 439.5 0.759552 0.000329667
  441 440.5 0.756976 0.000328549
  442 441.5 0.760368 0.000330021
  443 442.5 0.74992 0.000325486
  444 443.5 0.76248 0.000330938
  445 444.5 0.750088 0.000325559
  446 445.5 0.74164 0.000321892
  447 446.5 0.736432 0.000319632
  448 447.5 0.735336 0.000319156
  449 448.5 0.742984 0.000322476
  450 449.5 0.763728 0.000331479
  451 450.5 0.748448 0.000324847
  452 451.5 0.750832 0.000325882
  453 452.5 0.749848 0.000325455
  454 453.5 0.749592 0.000325344
  455 454.5 0.757672 0.000328851
  456 455.5 0.77244 0.00033526
  457 456.5 0.777688 0.000337538
  458 457.5 0.777968 0.00033766
  459 458.5 0.783352 0.000339997
  460 459.5 0.80264 0.000348368
  461 460.5 0.80832 0.000350833
  462 461.5 0.810768 0.000351896
  463 462.5 0.835776 0.00036275
  464 463.5 0.864464 0.000375201
  465 464.5 0.892112 0.000387201
  466 465.5 0.952728 0.00041351
  467 466.5 1.00954 0.00043817
  468 467.5 1.06652 0.000462899
  469 468.5 1.14031 0.000494927
  470 469.5 1.23967 0.000538052
  471 470.5 1.33817 0.000580802
  472 471.5 1.44834 0.000628622
  473 472.5 1.57298 0.000682719
  474 473.5 1.70686 0.000740826
  475 474.5 1.86073 0.000807608
  476 475.5 2.00874 0.000871851
  477 476.5 2.12484 0.00092224
  478 477.5 2.23573 0.000970368
  479 478.5 2.3169 0.0010056
  480 479.5 2.34288 0.00101687
60000000 480 5624.9999999999945
  1 0.5 2.43832 0.0010583
  2 1.5 2.39788 0.00104075
  3 2.5 2.37371 0.00103026
  4 3.5 2.33003 0.0010113
  5 4.5 2.26285 0.000982139
  6 5.5 2.19676 0.000953455
  7 6.5 2.13166 0.000925201
  8 7.5 2.10182 0.00091225
  9 8.5 2.06641 0.000896878
  10 9.5 2.01666 0.000875285
  11 10.5 1.98242 0.000860427
  12 11.5 1.94034 0.000842163
  13 12.5 1.88633 0.000818719
  14 13.5 1.8595 0.000807076
  15 14.5 1.83102 0.000794712
  16 15.5 1.80228 0.00078224
  17 16.5 1.80296 0.000782535
  18 17.5 1.79162 0.000777611
  19 18.5 1.79521 0.00077917
  20 19.5 1.7947 0.000778948
  21 20.5 1.78801 0.000776045
  22 21.5 1.79175 0.00077767
  23 22.5 1.80731 0.000784424
  24 23.5 1.83151 0.000794927
  25 24.5 1.8515 0.000803604
  26 25.5 1.8458 0.000801128
  27 26.5 1.84296 0.000799896
  28 27.5 1.83154 0.000794937
  29 28.5 1.84909 0.000802556
  30 29.5 1.87882 0.000815462
  31 30.5 1.8993 0.000824347
  32 31.5 1.90991 0.000828955
  33 32.5 1.88929 0.000820003
  34 33.5 1.88198 0.00081683
  35 34.5 1.90818 0.000828205
  36 35.5 1.92513 0.000835559
  37 36.5 1.93839 0.000841316
  38 37.5 1.93981 0.000841931
  39 38.5 1.93097 0.000838094
  40 39.5 1.92995 0.000837653
  41 40.5 1.93442 0.000839594
  42 41.5 1.92711 0.00083642
  43 42.5 1.91206 0.000829889
  44 43.5 1.9003 0.000824781
  45 44.5 1.88432 0.000817847
  46 45.5 1.87046 0.00081183
  47 46.5 1.86102 0.000807733
  48 47.5 1.84959 0.000802774
  49 48.5 1.85386 0.000804625
  50 49.5 1.84526 0.000800892
  51 50.5 1.83369 0.000795872
  52 51.5 1.84378 0.00080025
  53 52.5 1.85184 0.00080375
  54 53.5 1.85663 0.00080583
  55 54.5 1.84731 0.000801785
  56 55.5 1.85103 0.000803399
  57 56.5 1.84583 0.000801142
  58 57.5 1.83132 0.000794844
  59 58.5 1.80267 0.00078241
  60 59.5 1.81546 0.000787962
  61 60.5 1.8265 0.000792753
  62 61.5 1.81514 0.000787823
  63 62.5 1.83044 0.000794462
  64 63.5 1.806 0.000783854
  65 64.5 1.78086 0.000772944
  66 65.5 1.77731 0.000771403
  67 66.5 1.79232 0.000777917
  68 67.5 1.75534 0.000761868
  69 68.5 1.75634 0.000762299
  70 69.5 1.77906 0.000772163
  71 70.5 1.7857 0.000775042
  72 71.5 1.75563 0.000761993
  73 72.5 1.76943 0.000767983
  74 73.5 1.77186 0.000769035
  75 74.5 1.75578 0.000762056
  76 75.5 1.74723 0.000758347
  77 76.5 1.73925 0.000754882
  78 77.5 1.72348 0.000748038
  79 78.5 1.71209 0.000743094
  80 79.5 1.70723 0.000740986
  81 80.5 1.70374 0.000739469
  82 81.5 1.6955 0.000735892
  83 82.5 1.67604 0.000727448
  84 83.5 1.66969 0.000724691
  85 84.5 1.63156 0.000708142
  86 85.5 1.6371 0.000710549
  87 86.5 1.64234 0.000712819
  88 87.5 1.64634 0.000714559
  89 88.5 1.64276 0.000713003
  90 89.5 1.6281 0.000706642
  91 90.5 1.65141 0.000716757
  92 91.5 1.64356 0.000713351
  93 92.5 1.63158 0.000708149
  94 93.5 1.61087 0.000699163
  95 94.5 1.59628 0.00069283
  96 95.5 1.6041 0.000696226
  97 96.5 1.61978 0.000703028
  98 97.5 1.61116 0.000699288
  99 98.5 1.60854 0.000698153
  100 99.5 1.60487 0.000696559
  101 100.5 1.6187 0.000702562
  102 101.5 1.63354 0.000709
  103 102.5 1.61565 0.000701236
  104 103.5 1.6227 0.000704295
  105 104.5 1.63199 0.00070833
  106 105.5 1.63834 0.000711087
  107 106.5 1.66199 0.000721351
  108 107.5 1.66147 0.000721125
  109 108.5 1.67746 0.000728066
  110 109.5 1.68491 0.000731299
  111 110.5 1.70073 0.000738163
  112 111.5 1.68299 0.000730465
  113 112.5 1.68314 0.000730531
  114 113.5 1.68774 0.000732528
  115 114.5 1.69376 0.000735139
  116 115.5 1.68964 0.000733351
  117 116.5 1.67853 0.000728528
  118 117.5 1.69639 0.000736281
  119 118.5 1.71686 0.000745167
  120 119.5 1.72467 0.000748556
  121 120.5 1.7322 0.000751823
  122 121.5 1.74446 0.000757142
  123 122.5 1.74132 0.000755781
  124 123.5 1.7708 0.000768576
  125 124.5 1.77523 0.0007705
  126 125.5 1.77625 0.000770941
  127 126.5 1.78022 0.000772663
  128 127.5 1.79426 0.000778757
  129 128.5 1.81096 0.000786007
  130 129.5 1.82423 0.000791767
  131 130.5 1.8315 0.00079492
  132 131.5 1.85282 0.000804174
  133 132.5 1.82742 0.000793149
  134 133.5 1.8301 0.000794316
  135 134.5 1.85116 0.000803455
  136 135.5 1.85899 0.000806854
  137 136.5 1.87524 0.000813906
  138 137.5 1.84582 0.000801135
  139 138.5 1.85522 0.000805219
  140 139.5 1.90756 0.000827934
  141 140.5 1.9583 0.000849958
  142 141.5 1.98166 0.000860094
  143 142.5 2.03704 0.000884132
  144 143.5 2.09963 0.000911299
  145 144.5 2.17178 0.000942615
  146 145.5 2.29006 0.000993951
  147 146.5 2.41135 0.00104659
  148 147.5 2.60619 0.00113116
  149 148.5 2.90872 0.00126247
  150 149.5 3.34303 0.00145097
  151 150.5 3.88107 0.00168449
  152 151.5 4.6579 0.00202166
  153 152.5 5.7321 0.00248789
  154 153.5 7.02799 0.00305034
  155 154.5 8.69549 0.00377408
  156 155.5 10.729 0.00465668
  157 156.5 13.0835 0.00567861
  158 157.5 15.5646 0.00675545
  159 158.5 18.1512 0.00787814
  160 159.5 20.6499 0.00896263
  161 160.5 22.9449 0.0099587
  162 161.5 25.0063 0.0108534
  163 162.5 26.752 0.0116111
  164 163.5 28.0679 0.0121822
  165 164.5 29.1479 0.012651
  166 165.5 30.0717 0.0130519
  167 166.5 30.6347 0.0132963
  168 167.5 31.0772 0.0134883
  169 168.5 31.5523 0.0136946
  170 169.5 31.7566 0.0137833
  171 170.5 31.986 0.0138828
  172 171.5 32.0755 0.0139217
  173 172.5 32.2548 0.0139995
  174 173.5 32.35 0.0140408
  175 174.5 32.4415 0.0140805
  176 175.5 32.4217 0.0140719
  177 176.5 32.5245 0.0141165
  178 177.5 32.5039 0.0141076
  179 178.5 32.4968 0.0141045
  180 179.5 32.4822 0.0140982
  181 180.5 32.5328 0.0141201
  182 181.5 32.515 0.0141124
  183 182.5 32.4465 0.0140827
  184 183.5 32.4808 0.0140976
  185 184.5 32.4979 0.014105
  186 185.5 32.5656 0.0141344
  187 186.5 32.4214 0.0140718
  188 187.5 32.5334 0.0141204
  189 188.5 32.506 0.0141085
  190 189.5 32.5969 0.014148
  191 190.5 32.5535 0.0141291
  192 191.5 32.6089 0.0141531
  193 192.5 32.6168 0.0141566
  194 193.5 32.5694 0.014136
  195 194.5 32.6511 0.0141715
  196 195.5 32.5828 0.0141418
  197 196.5 32.515 0.0141124
  198 197.5 32.5818 0.0141414
  199 198.5 32.597 0.014148
  200 199.5 32.511 0.0141107
  201 200.5 32.4601 0.0140886
  202 201.5 32.5475 0.0141265
  203 202.5 32.5104 0.0141104
  204 203.5 32.3995 0.0140623
  205 204.5 32.4046 0.0140645
  206 205.5 32.4137 0.0140684
  207 206.5 32.3777 0.0140528
  208 207.5 32.2905 0.014015
  209 208.5 32.3881 0.0140573
  210 209.5 32.3716 0.0140502
  211 210.5 32.3489 0.0140403
  212 211.5 32.328 0.0140312
  213 212.5 32.41 0.0140669
  214 213.5 32.3672 0.0140483
  215 214.5 32.3907 0.0140585
  216 215.5 32.4139 0.0140685
  217 216.5 32.4973 0.0141047
  218 217.5 32.4495 0.014084
  219 218.5 32.4444 0.0140818
  220 219.5 32.515 0.0141124
  221 220.5 32.4402 0.01408
  222 221.5 32.4472 0.014083
  223 222.5 32.4597 0.0140884
  224 223.5 32.4119 0.0140677
  225 224.5 32.5231 0.0141159
  226 225.5 32.4758 0.0140954
  227 226.5 32.5228 0.0141158
  228 227.5 32.4941 0.0141033
  229 228.5 32.5481 0.0141268
  230 229.5 32.5813 0.0141412
  231 230.5 32.5146 0.0141122
  232 231.5 32.5296 0.0141187
  233 232.5 32.6568 0.014174
  234 233.5 32.599 0.0141489
  235 234.5 32.623 0.0141593
  236 235.5 32.6442 0.0141685
  237 236.5 32.7842 0.0142293
  238 237.5 32.6842 0.0141858
  239 238.5 32.6402 0.0141667
  240 239.5 32.7539 0.0142161
  241 240.5 32.7586 0.0142181
  242 241.5 32.6439 0.0141684
  243 242.5 32.6836 0.0141856
  244 243.5 32.7583 0.014218
  245 244.5 32.7122 0.014198
  246 245.5 32.641 0.0141671
  247 246.5 32.7146 0.0141991
  248 247.5 32.6844 0.0141859
  249 248.5 32.6813 0.0141846
  250 249.5 32.6743 0.0141816
  251 250.5 32.685 0.0141862
  252 251.5 32.6675 0.0141786
  253 252.5 32.7385 0.0142094
  254 253.5 32.6461 0.0141693
  255 254.5 32.7087 0.0141965
  256 255.5 32.7207 0.0142017
  257 256.5 32.6635 0.0141769
  258 257.5 32.6616 0.014176
  259 258.5 32.6373 0.0141655
  260 259.5 32.6754 0.014182
  261 260.5 32.6218 0.0141588
  262 261.5 32.6203 0.0141581
  263 262.5 32.7039 0.0141944
  264 263.5 32.6059 0.0141519
  265 264.5 32.6876 0.0141873
  266 265.5 32.6779 0.0141831
  267 266.5 32.717 0.0142001
  268 267.5 32.6 0.0141493
  269 268.5 32.6734 0.0141812
  270 269.5 32.6689 0.0141792
  271 270.5 32.7018 0.0141935
  272 271.5 32.584 0.0141423
  273 272.5 32.6154 0.014156
  274 273.5 32.6878 0.0141874
  275 274.5 32.681 0.0141845
  276 275.5 32.611 0.0141541
  277 276.5 32.6137 0.0141553
  278 277.5 32.7347 0.0142078
  279 278.5 32.6474 0.0141699
  280 279.5 32.5847 0.0141426
  281 280.5 32.7009 0.0141931
  282 281.5 32.7697 0.0142229
  283 282.5 32.6153 0.0141559
  284 283.5 32.6091 0.0141532
  285 284.5 32.7357 0.0142082
  286 285.5 32.7703 0.0142232
  287 286.5 32.5658 0.0141345
  288 287.5 32.6095 0.0141534
  289 288.5 32.7071 0.0141958
  290 289.5 32.6599 0.0141753
  291 290.5 32.5705 0.0141365
  292 291.5 32.5475 0.0141265
  293 292.5 32.6946 0.0141904
  294 293.5 32.5728 0.0141375
  295 294.5 32.5499 0.0141275
  296 295.5 32.5525 0.0141287
  297 296.5 32.6419 0.0141675
  298 297.5 32.5109 0.0141106
  299 298.5 32.4902 0.0141016
  300 299.5 32.5363 0.0141217
  301 300.5 32.5041 0.0141077
  302 301.5 32.3357 0.0140346
  303 302.5 32.3602 0.0140452
  304 303.5 32.2912 0.0140153
  305 304.5 32.078 0.0139227
  306 305.5 31.7906 0.013798
  307 306.5 31.7208 0.0137677
  308 307.5 31.3861 0.0136224
  309 308.5 30.8347 0.0133831
  310 309.5 30.3266 0.0131626
  311 310.5 29.6865 0.0128848
  312 311.5 28.6561 0.0124375
  313 312.5 27.4776 0.0119261
  314 313.5 25.9528 0.0112642
  315 314.5 24.1983 0.0105027
  316 315.5 22.121 0.00960112
  317 316.5 19.7546 0.00857406
  318 317.5 17.3409 0.00752643
  319 318.5 14.9027 0.00646817
  320 319.5 12.5105 0.0054299
  321 320.5 10.2788 0.00446128
  322 321.5 8.28544 0.00359611
  323 322.5 6.73714 0.00292411
  324 323.5 5.38721 0.0023382
  325 324.5 4.33934 0.0018834
  326 325.5 3.50562 0.00152154
  327 326.5 2.8741 0.00124744
  328 327.5 2.38224 0.00103396
  329 328.5 2.0088 0.000871875
  330 329.5 1.72566 0.000748983
  331 330.5 1.53687 0.000667045
  332 331.5 1.32612 0.000575573
  333 332.5 1.197 0.000519531
  334 333.5 1.10238 0.000478465
  335 334.5 1.00651 0.000436854
  336 335.5 0.941168 0.000408493
  337 336.5 0.90212 0.000391545
  338 337.5 0.85444 0.000370851
  339 338.5 0.833696 0.000361847
  340 339.5 0.808624 0.000350965
  341 340.5 0.790808 0.000343233
  342 341.5 0.759888 0.000329812
  343 342.5 0.758416 0.000329174
  344 343.5 0.749968 0.000325507
  345 344.5 0.74432 0.000323056
  346 345.5 0.739296 0.000320875
  347 346.5 0.735008 0.000319014
  348 347.5 0.740016 0.000321188
  349 348.5 0.733096 0.000318184
  350 349.5 0.733448 0.000318337
  351 350.5 0.729976 0.00031683
  352 351.5 0.72732 0.000315677
  353 352.5 0.736384 0.000319611
  354 353.5 0.734176 0.000318653
  355 354.5 0.717616 0.000311465
  356 355.5 0.722944 0.000313778
  357 356.5 0.732152 0.000317774
  358 357.5 0.726376 0.000315267
  359 358.5 0.736216 0.000319538
  360 359.5 0.727024 0.000315549
  361 360.5 0.71552 0.000310556
  362 361.5 0.733392 0.000318313
  363 362.5 0.722248 0.000313476
  364 363.5 0.716888 0.000311149
  365 364.5 0.711072 0.000308625
  366 365.5 0.722296 0.000313497
  367 366.5 0.73212 0.00031776
  368 367.5 0.728608 0.000316236
  369 368.5 0.716208 0.000310854
  370 369.5 0.71048 0.000308368
  371 370.5 0.716392 0.000310934
  372 371.5 0.711952 0.000309007
  373 372.5 0.713568 0.000309708
  374 373.5 0.718944 0.000312042
  375 374.5 0.718264 0.000311747
  376 375.5 0.715344 0.000310479
  377 376.5 0.730216 0.000316934
  378 377.5 0.737048 0.000319899
  379 378.5 0.739888 0.000321132
  380 379.5 0.745496 0.000323566
  381 380.5 0.741144 0.000321677
  382 381.5 0.749672 0.000325378
  383 382.5 0.742944 0.000322458
  384 383.5 0.754656 0.000327542
  385 384.5 0.74084 0.000321545
  386 385.5 0.7348 0.000318924
  387 386.5 0.74088 0.000321563
  388 387.5 0.753224 0.00032692
  389 388.5 0.753968 0.000327243
  390 389.5 0.739976 0.00032117
  391 390.5 0.744864 0.000323292
  392 391.5 0.75416 0.000327326
  393 392.5 0.74924 0.000325191
  394 393.5 0.744568 0.000323163
  395 394.5 0.738608 0.000320576
  396 395.5 0.722144 0.000313431
  397 396.5 0.730672 0.000317132
  398 397.5 0.740736 0.0003215
  399 398.5 0.730232 0.000316941
  400 399.5 0.724584 0.00031449
  401 400.5 0.731752 0.000317601
  402 401.5 0.73304 0.00031816
  403 402.5 0.731528 0.000317503
  404 403.5 0.736128 0.0003195
  405 404.5 0.73104 0.000317292
  406 405.5 0.739616 0.000321014
  407 406.5 0.7404 0.000321354
  408 407.5 0.737688 0.000320177
  409 408.5 0.73368 0.000318437
  410 409.5 0.73208 0.000317743
  411 410.5 0.727512 0.00031576
  412 411.5 0.72888 0.000316354
  413 412.5 0.738144 0.000320375
  414 413.5 0.746776 0.000324122
  415 414.5 0.73684 0.000319809
  416 415.5 0.732408 0.000317885
  417 416.5 0.726128 0.00031516
  418 417.5 0.74296 0.000322465
  419 418.5 0.740512 0.000321403
  420 419.5 0.742576 0.000322299
  421 420.5 0.743416 0.000322663
  422 421.5 0.74056 0.000321424
  423 422.5 0.745952 0.000323764
  424 423.5 0.747704 0.000324524
  425 424.5 0.734544 0.000318812
  426 425.5 0.745152 0.000323417
  427 426.5 0.742896 0.000322438
  428 427.5 0.737624 0.000320149
  429 428.5 0.746744 0.000324108
  430 429.5 0.753648 0.000327104
  431 430.5 0.759624 0.000329698
  432 431.5 0.751088 0.000325993
  433 432.5 0.761912 0.000330691
  434 433.5 0.753072 0.000326854
  435 434.5 0.757168 0.000328632
  436 435.5 0.759176 0.000329503
  437 436.5 0.749368 0.000325247
  438 437.5 0.745768 0.000323684
  439 438.5 0.742728 0.000322365
  440 439.5 0.744208 0.000323007
  441 440.5 0.74012 0.000321233
  442 441.5 0.744592 0.000323174
  443 442.5 0.74056 0.000321424
  444 443.5 0.751104 0.000326
  445 444.5 0.761656 0.00033058
  446 445.5 0.749464 0.000325288
  447 446.5 0.74112 0.000321667
  448 447.5 0.747752 0.000324545
  449 448.5 0.735848 0.000319378
  450 449.5 0.734384 0.000318743
  451 450.5 0.733792 0.000318486
  452 451.5 0.75352 0.000327049
  453 452.5 0.747848 0.000324587
  454 453.5 0.749544 0.000325323
  455 454.5 0.757832 0.00032892
  456 455.5 0.755152 0.000327757
  457 456.5 0.761496 0.00033051
  458 457.5 0.77932 0.000338247
  459 458.5 0.781976 0.000339399
  460 459.5 0.811776 0.000352333
  461 460.5 0.835408 0.00036259
  462 461.5 0.856216 0.000371622
  463 462.5 0.886312 0.000384684
  464 463.5 0.946928 0.000410993
  465 464.5 0.995808 0.000432208
  466 465.5 1.0717 0.000465146
  467 466.5 1.16922 0.000507472
  468 467.5 1.25986 0.000546812
  469 468.5 1.357 0.000588976
  470 469.5 1.48734 0.000645549
  471 470.5 1.64633 0.000714552
  472 471.5 1.7861 0.000775215
  473 472.5 1.90534 0.000826969
  474 473.5 2.04515 0.000887653
  475 474.5 2.15088 0.000933542
  476 475.5 2.26295 0.000982184
  477 476.5 2.35281 0.00102118
  478 477.5 2.40529 0.00104396
  479 478.5 2.4387 0.00105846
  480 479.5 2.46487 0.00106982
62500000 480 5624.999999999994
  1 0.5 2.25527 0.000978851
  2 1.5 2.19828 0.000954115
  3 2.5 2.13562 0.00092692
  4 3.5 2.07053 0.000898667
  5 4.5 2.04482 0.000887507
  6 5.5 2.01046 0.000872597
  7 6.5 1.97531 0.00085734
  8 7.5 1.91217 0.000829934
  9 8.5 1.87356 0.000813177
  10 9.5 1.84027 0.000798729
  11 10.5 1.80644 0.000784045
  12 11.5 1.81155 0.000786264
  13 12.5 1.78911 0.000776524
  14 13.5 1.76855 0.000767601
  15 14.5 1.76258 0.00076501
  16 15.5 1.75815 0.000763087
  17 16.5 1.76094 0.000764299
  18 17.5 1.7799 0.000772528
  19 18.5 1.77056 0.000768472
  20 19.5 1.77813 0.000771757
  21 20.5 1.78884 0.000776406
  22 21.5 1.79463 0.00077892
  23 22.5 1.80659 0.000784111
  24 23.5 1.81878 0.000789399
  25 24.5 1.82026 0.000790042
  26 25.5 1.80729 0.000784413
  27 26.5 1.821 0.000790365
  28 27.5 1.84681 0.000801566
  29 28.5 1.85918 0.000806934
  30 29.5 1.85542 0.000805302
  31 30.5 1.84532 0.00080092
  32 31.5 1.86185 0.000808094
  33 32.5 1.8758 0.000814149
  34 33.5 1.87841 0.000815281
  35 34.5 1.88719 0.000819094
  36 35.5 1.87504 0.000813819
  37 36.5 1.87339 0.000813104
  38 37.5 1.86861 0.000811028
  39 38.5 1.85678 0.000805892
  40 39.5 1.8474 0.000801823
  41 40.5 1.80152 0.00078191
  42 41.5 1.7839 0.00077426
  43 42.5 1.77234 0.000769243
  44 43.5 1.75506 0.000761743
  45 44.5 1.70498 0.000740007
  46 45.5 1.687 0.000732205
  47 46.5 1.69926 0.000737524
  48 47.5 1.68337 0.000730628
  49 48.5 1.68034 0.000729316
  50 49.5 1.6672 0.000723611
  51 50.5 1.67618 0.00072751
  52 51.5 1.68172 0.000729913
  53 52.5 1.6813 0.000729733
  54 53.5 1.7039 0.000739538
  55 54.5 1.71434 0.000744073
  56 55.5 1.71104 0.000742639
  57 56.5 1.72686 0.000749503
  58 57.5 1.72162 0.000747233
  59 58.5 1.71442 0.000744108
  60 59.5 1.72223 0.000747497
  61 60.5 1.72567 0.00074899
  62 61.5 1.75617 0.000762226
  63 62.5 1.75238 0.000760583
  64 63.5 1.74702 0.000758257
  65 64.5 1.74702 0.000758257
  66 65.5 1.74015 0.000755274
  67 66.5 1.76255 0.000764997
  68 67.5 1.76678 0.000766833
  69 68.5 1.75409 0.000761323
  70 69.5 1.743 0.00075651
  71 70.5 1.7303 0.000750997
  72 71.5 1.71922 0.000746187
  73 72.5 1.73542 0.000753219
  74 73.5 1.73598 0.000753462
  75 74.5 1.716 0.000744792
  76 75.5 1.7299 0.000750826
  77 76.5 1.7151 0.000744399
  78 77.5 1.72244 0.000747587
  79 78.5 1.74241 0.000756253
  80 79.5 1.75063 0.000759823
  81 80.5 1.75642 0.000762337
  82 81.5 1.72616 0.000749201
  83 82.5 1.70773 0.000741201
  84 83.5 1.70962 0.000742024
  85 84.5 1.71374 0.000743813
  86 85.5 1.71174 0.000742941
  87 86.5 1.72206 0.00074742
  88 87.5 1.73007 0.000750899
  89 88.5 1.71533 0.0007445
  90 89.5 1.72649 0.000749344
  91 90.5 1.70746 0.000741087
  92 91.5 1.6757 0.000727299
  93 92.5 1.67143 0.000725448
  94 93.5 1.6695 0.000724611
  95 94.5 1.66733 0.000723667
  96 95.5 1.67329 0.000726253
  97 96.5 1.64441 0.000713719
  98 97.5 1.65214 0.000717076
  99 98.5 1.63447 0.000709406
  100 99.5 1.62394 0.000704837
  101 100.5 1.63637 0.000710229
  102 101.5 1.6443 0.00071367
  103 102.5 1.62541 0.000705472
  104 103.5 1.61331 0.000700222
  105 104.5 1.62412 0.000704913
  106 105.5 1.61974 0.00070301
  107 106.5 1.60303 0.00069576
  108 107.5 1.61933 0.000702833
  109 108.5 1.60617 0.000697122
  110 109.5 1.61105 0.00069924
  111 110.5 1.6083 0.000698049
  112 111.5 1.6197 0.000702993
  113 112.5 1.62225 0.000704101
  114 113.5 1.62514 0.000705358
  115 114.5 1.63215 0.000708399
  116 115.5 1.63283 0.000708694
  117 116.5 1.61001 0.000698788
  118 117.5 1.61313 0.000700142
  119 118.5 1.62043 0.000703313
  120 119.5 1.64465 0.000713823
  121 120.5 1.66028 0.000720608
  122 121.5 1.6647 0.000722528
  123 122.5 1.64774 0.000715167
  124 123.5 1.65433 0.000718024
  125 124.5 1.67161 0.000725524
  126 125.5 1.67113 0.000725316
  127 126.5 1.67765 0.000728146
  128 127.5 1.68299 0.000730465
  129 128.5 1.6996 0.000737674
  130 129.5 1.73238 0.000751899
  131 130.5 1.78061 0.000772833
  132 131.5 1.77229 0.000769222
  133 132.5 1.76792 0.000767326
  134 133.5 1.78158 0.000773253
  135 134.5 1.80026 0.000781361
  136 135.5 1.79798 0.000780375
  137 136.5 1.79347 0.000778417
  138 137.5 1.81154 0.00078626
  139 138.5 1.8101 0.000785632
  140 139.5 1.83096 0.000794688
  141 140.5 1.89885 0.000824153
  142 141.5 1.97704 0.00085809
  143 142.5 2.02854 0.000880441
  144 143.5 2.11084 0.000916163
  145 144.5 2.25517 0.000978806
  146 145.5 2.4216 0.00105104
  147 146.5 2.70027 0.00117199
  148 147.5 3.04338 0.00132091
  149 148.5 3.51658 0.00152629
  150 149.5 4.19978 0.00182282
  151 150.5 5.14896 0.00223479
  152 151.5 6.35645 0.00275888
  153 152.5 7.89838 0.00342811
  154 153.5 9.82137 0.00426275
  155 154.5 12.0698 0.00523861
  156 155.5 14.482 0.00628561
  157 156.5 17.1135 0.00742772
  158 157.5 19.6818 0.00854245
  159 158.5 22.081 0.00958378
  160 159.5 24.1641 0.0104879
  161 160.5 26.0847 0.0113215
  162 161.5 27.5869 0.0119735
  163 162.5 28.7244 0.0124672
  164 163.5 29.6171 0.0128546
  165 164.5 30.4069 0.0131974
  166 165.5 30.9543 0.013435
  167 166.5 31.3396 0.0136022
  168 167.5 31.6168 0.0137226
  169 168.5 31.8982 0.0138447
  170 169.5 32.0879 0.0139271
  171 170.5 32.1269 0.013944
  172 171.5 32.2583 0.014001
  173 172.5 32.3788 0.0140533
  174 173.5 32.3881 0.0140573
  175 174.5 32.3016 0.0140198
  176 175.5 32.4329 0.0140768
  177 176.5 32.5116 0.0141109
  178 177.5 32.5036 0.0141075
  179 178.5 32.4935 0.0141031
  180 179.5 32.5158 0.0141127
  181 180.5 32.6077 0.0141526
  182 181.5 32.5034 0.0141074
  183 182.5 32.5228 0.0141158
  184 183.5 32.6326 0.0141635
  185 184.5 32.5307 0.0141192
  186 185.5 32.5111 0.0141107
  187 186.5 32.6056 0.0141517
  188 187.5 32.6717 0.0141804
  189 188.5 32.5457 0.0141258
  190 189.5 32.6632 0.0141767
  191 190.5 32.6501 0.014171
  192 191.5 32.6439 0.0141684
  193 192.5 32.5413 0.0141238
  194 193.5 32.6654 0.0141777
  195 194.5 32.5666 0.0141348
  196 195.5 32.6097 0.0141535
  197 196.5 32.5673 0.0141351
  198 197.5 32.5914 0.0141456
  199 198.5 32.5919 0.0141458
  200 199.5 32.5222 0.0141156
  201 200.5 32.5124 0.0141113
  202 201.5 32.5719 0.0141371
  203 202.5 32.5581 0.0141311
  204 203.5 32.5284 0.0141182
  205 204.5 32.5331 0.0141203
  206 205.5 32.5487 0.014127
  207 206.5 32.4948 0.0141036
  208 207.5 32.5571 0.0141307
  209 208.5 32.4898 0.0141015
  210 209.5 32.5222 0.0141155
  211 210.5 32.5324 0.01412
  212 211.5 32.4491 0.0140838
  213 212.5 32.51 0.0141103
  214 213.5 32.4852 0.0140995
  215 214.5 32.4478 0.0140832
  216 215.5 32.3808 0.0140542
  217 216.5 32.4649 0.0140907
  218 217.5 32.4859 0.0140998
  219 218.5 32.4282 0.0140747
  220 219.5 32.4055 0.0140649
  221 220.5 32.4862 0.0140999
  222 221.5 32.4578 0.0140876
  223 222.5 32.4114 0.0140675
  224 223.5 32.5 0.0141059
  225 224.5 32.4293 0.0140752
  226 225.5 32.4265 0.014074
  227 226.5 32.3943 0.01406
  228 227.5 32.4611 0.014089
  229 228.5 32.4823 0.0140982
  230 229.5 32.4709 0.0140933
  231 230.5 32.4866 0.0141001
  232 231.5 32.5488 0.0141271
  233 232.5 32.5792 0.0141403
  234 233.5 32.55 0.0141276
  235 234.5 32.4983 0.0141052
  236 235.5 32.5575 0.0141309
  237 236.5 32.531 0.0141194
  238 237.5 32.5859 0.0141432
  239 238.5 32.4809 0.0140976
  240 239.5 32.5077 0.0141093
  241 240.5 32.5119 0.0141111
  242 241.5 32.5563 0.0141303
  243 242.5 32.5409 0.0141237
  244 243.5 32.5099 0.0141102
  245 244.5 32.5313 0.0141195
  246 245.5 32.5471 0.0141264
  247 246.5 32.5006 0.0141062
  248 247.5 32.5275 0.0141178
  249 248.5 32.5881 0.0141441
  250 249.5 32.6089 0.0141532
  251 250.5 32.5164 0.014113
  252 251.5 32.5701 0.0141363
  253 252.5 32.579 0.0141402
  254 253.5 32.5394 0.014123
  255 254.5 32.4742 0.0140947
  256 255.5 32.5912 0.0141455
  257 256.5 32.5326 0.01412
  258 257.5 32.5305 0.0141192
  259 258.5 32.5876 0.0141439
  260 259.5 32.6215 0.0141586
  261 260.5 32.5767 0.0141392
  262 261.5 32.5668 0.0141349
  263 262.5 32.6459 0.0141692
  264 263.5 32.6415 0.0141673
  265 264.5 32.5844 0.0141425
  266 265.5 32.688 0.0141875
  267 266.5 32.6988 0.0141922
  268 267.5 32.7 0.0141927
  269 268.5 32.6375 0.0141656
  270 269.5 32.7926 0.0142329
  271 270.5 32.763 0.0142201
  272 271.5 32.7236 0.0142029
  273 272.5 32.6859 0.0141866
  274 273.5 32.7592 0.0142184
  275 274.5 32.7418 0.0142108
  276 275.5 32.6809 0.0141844
  277 276.5 32.6652 0.0141776
  278 277.5 32.7183 0.0142007
  279 278.5 32.6275 0.0141612
  280 279.5 32.5903 0.0141451
  281 280.5 32.6568 0.014174
  282 281.5 32.5883 0.0141442
  283 282.5 32.5898 0.0141449
  284 283.5 32.5403 0.0141234
  285 284.5 32.5627 0.0141331
  286 285.5 32.5512 0.0141281
  287 286.5 32.5202 0.0141147
  288 287.5 32.4438 0.0140815
  289 288.5 32.4951 0.0141038
  290 289.5 32.4905 0.0141018
  291 290.5 32.4789 0.0140967
  292 291.5 32.4704 0.0140931
  293 292.5 32.4953 0.0141039
  294 293.5 32.5468 0.0141262
  295 294.5 32.4172 0.01407
  296 295.5 32.4888 0.0141011
  297 296.5 32.503 0.0141072
  298 297.5 32.4428 0.0140811
  299 298.5 32.3335 0.0140336
  300 299.5 32.3953 0.0140605
  301 300.5 32.3744 0.0140514
  302 301.5 32.1945 0.0139733
  303 302.5 32.1231 0.0139423
  304 303.5 32.0724 0.0139203
  305 304.5 31.9151 0.013852
  306 305.5 31.6802 0.0137501
  307 306.5 31.3192 0.0135934
  308 307.5 30.9698 0.0134418
  309 308.5 30.4623 0.0132215
  310 309.5 29.7336 0.0129052
  311 310.5 28.8593 0.0125258
  312 311.5 27.6653 0.0120075
  313 312.5 26.1519 0.0113506
  314 313.5 24.3787 0.010581
  315 314.5 22.2011 0.00963589
  316 315.5 19.8233 0.00860385
  317 316.5 17.264 0.00749307
  318 317.5 14.7197 0.00638874
  319 318.5 12.1799 0.00528642
  320 319.5 9.86557 0.00428193
  321 320.5 7.87251 0.00341689
  322 321.5 6.18869 0.00268606
  323 322.5 4.84112 0.00210118
  324 323.5 3.7753 0.00163858
  325 324.5 2.96922 0.00128873
  326 325.5 2.39818 0.00104087
  327 326.5 1.99885 0.000867556
  328 327.5 1.66211 0.000721403
  329 328.5 1.41473 0.000614031
  330 329.5 1.23124 0.000534392
  331 330.5 1.1153 0.000484073
  332 331.5 1.01313 0.000439726
  333 332.5 0.949832 0.000412253
  334 333.5 0.8946 0.000388281
  335 334.5 0.861808 0.000374049
  336 335.5 0.831816 0.000361031
  337 336.5 0.810544 0.000351799
  338 337.5 0.786864 0.000341521
  339 338.5 0.766144 0.000332528
  340 339.5 0.765264 0.000332146
  341 340.5 0.756136 0.000328184
  342 341.5 0.750744 0.000325844
  343 342.5 0.742296 0.000322177
  344 343.5 0.748408 0.00032483
  345 344.5 0.749344 0.000325236
  346 345.5 0.75152 0.000326181
  347 346.5 0.750912 0.000325917
  348 347.5 0.73992 0.000321146
  349 348.5 0.73612 0.000319497
  350 349.5 0.722192 0.000313451
  351 350.5 0.723384 0.000313969
  352 351.5 0.735304 0.000319142
  353 352.5 0.725504 0.000314889
  354 353.5 0.711408 0.000308771
  355 354.5 0.70936 0.000307882
  356 355.5 0.719352 0.000312219
  357 356.5 0.729184 0.000316486
  358 357.5 0.731824 0.000317632
  359 358.5 0.73348 0.000318351
  360 359.5 0.718616 0.000311899
  361 360.5 0.717264 0.000311313
  362 361.5 0.72216 0.000313438
  363 362.5 0.731144 0.000317337
  364 363.5 0.732664 0.000317997
  365 364.5 0.72848 0.000316181
  366 365.5 0.730912 0.000317236
  367 366.5 0.7254 0.000314844
  368 367.5 0.720096 0.000312542
  369 368.5 0.729632 0.000316681
  370 369.5 0.737552 0.000320118
  371 370.5 0.740728 0.000321497
  372 371.5 0.74216 0.000322118
  373 372.5 0.734696 0.000318878
  374 373.5 0.730024 0.000316851
  375 374.5 0.72712 0.00031559
  376 375.5 0.729512 0.000316628
  377 376.5 0.726512 0.000315326
  378 377.5 0.725456 0.000314868
  379 378.5 0.730136 0.000316899
  380 379.5 0.728664 0.00031626
  381 380.5 0.716096 0.000310806
  382 381.5 0.716656 0.000311049
  383 382.5 0.719808 0.000312417
  384 383.5 0.719648 0.000312347
  385 384.5 0.715704 0.000310635
  386 385.5 0.6974 0.000302691
  387 386.5 0.70136 0.00030441
  388 387.5 0.707448 0.000307052
  389 388.5 0.703504 0.00030534
  390 389.5 0.706576 0.000306674
  391 390.5 0.717032 0.000311212
  392 391.5 0.719888 0.000312451
  393 392.5 0.710416 0.00030834
  394 393.5 0.707536 0.00030709
  395 394.5 0.707984 0.000307285
  396 395.5 0.71528 0.000310451
  397 396.5 0.717488 0.00031141
  398 397.5 0.725392 0.00031484
  399 398.5 0.71624 0.000310868
  400 399.5 0.716952 0.000311177
  401 400.5 0.720384 0.000312667
  402 401.5 0.72812 0.000316024
  403 402.5 0.709096 0.000307767
  404 403.5 0.710256 0.000308271
  405 404.5 0.70352 0.000305347
  406 405.5 0.717888 0.000311583
  407 406.5 0.72732 0.000315677
  408 407.5 0.713712 0.000309771
  409 408.5 0.711136 0.000308653
  410 409.5 0.713344 0.000309611
  411 410.5 0.714728 0.000310212
  412 411.5 0.724592 0.000314493
  413 412.5 0.715264 0.000310444
  414 413.5 0.711944 0.000309003
  415 414.5 0.71152 0.000308819
  416 415.5 0.711272 0.000308712
  417 416.5 0.709336 0.000307872
  418 417.5 0.706368 0.000306583
  419 418.5 0.714648 0.000310177
  420 419.5 0.705616 0.000306257
  421 420.5 0.715376 0.000310493
  422 421.5 0.716624 0.000311035
  423 422.5 0.714696 0.000310198
  424 423.5 0.717664 0.000311486
  425 424.5 0.720176 0.000312576
  426 425.5 0.725472 0.000314875
  427 426.5 0.732496 0.000317924
  428 427.5 0.7236 0.000314062
  429 428.5 0.716592 0.000311021
  430 429.5 0.705752 0.000306316
  431 430.5 0.7124 0.000309201
  432 431.5 0.710024 0.00030817
  433 432.5 0.720288 0.000312625
  434 433.5 0.717688 0.000311497
  435 434.5 0.712248 0.000309135
  436 435.5 0.708528 0.000307521
  437 436.5 0.719056 0.00031209
  438 437.5 0.721528 0.000313163
  439 438.5 0.727368 0.000315698
  440 439.5 0.70776 0.000307188
  441 440.5 0.716976 0.000311187
  442 441.5 0.71112 0.000308646
  443 442.5 0.71616 0.000310833
  444 443.5 0.709704 0.000308031
  445 444.5 0.718896 0.000312021
  446 445.5 0.72428 0.000314358
  447 446.5 0.709544 0.000307962
  448 447.5 0.725768 0.000315003
  449 448.5 0.722544 0.000313604
  450 449.5 0.721056 0.000312958
  451 450.5 0.715176 0.000310406
  452 451.5 0.716408 0.000310941
  453 452.5 0.725184 0.00031475
  454 453.5 0.727984 0.000315965
  455 454.5 0.749896 0.000325476
  456 455.5 0.769456 0.000333965
  457 456.5 0.779704 0.000338413
  458 457.5 0.798416 0.000346535
  459 458.5 0.844016 0.000366326
  460 459.5 0.862872 0.00037451
  461 460.5 0.912496 0.000396049
  462 461.5 0.969792 0.000420917
  463 462.5 1.06333 0.000461514
  464 463.5 1.16001 0.000503476
  465 464.5 1.25693 0.000545542
  466 465.5 1.36458 0.000592267
  467 466.5 1.4884 0.000646007
  468 467.5 1.63134 0.000708049
  469 468.5 1.78133 0.000773146
  470 469.5 1.93057 0.00083792
  471 470.5 2.03781 0.000884465
  472 471.5 2.139 0.000928385
  473 472.5 2.24849 0.000975906
  474 473.5 2.35613 0.00102263
  475 474.5 2.41406 0.00104777
  476 475.5 2.43588 0.00105724
  477 476.5 2.41302 0.00104732
  478 477.5 2.40282 0.00104289
  479 478.5 2.3559 0.00102252
  480 479.5 2.30505 0.00100045
65000000 480 5625.000000000003
  1 0.5 2.22466 0.000965562
  2 1.5 2.17123 0.000942375
  3 2.5 2.12122 0.000920667
  4 3.5 2.09922 0.000911122
  5 4.5 2.04663 0.000888295
  6 5.5 1.9974 0.000866927
  7 6.5 1.96955 0.00085484
  8 7.5 1.92801 0.000836809
  9 8.5 1.91074 0.000829316
  10 9.5 1.89266 0.000821469
  11 10.5 1.87089 0.000812017
  12 11.5 1.86472 0.00080934
  13 12.5 1.8836 0.000817535
  14 13.5 1.87236 0.000812656
  15 14.5 1.91383 0.000830656
  16 15.5 1.93426 0.000839524
  17 16.5 1.9397 0.000841885
  18 17.5 1.94883 0.000845847
  19 18.5 1.92958 0.00083749
  20 19.5 1.94396 0.000843733
  21 20.5 1.96077 0.000851028
  22 21.5 1.96598 0.000853292
  23 22.5 1.99296 0.000865
  24 23.5 2.01038 0.000872562
  25 24.5 2.04531 0.000887722
  26 25.5 2.03674 0.000884003
  27 26.5 2.04824 0.000888993
  28 27.5 2.05636 0.000892517
  29 28.5 2.03014 0.000881139
  30 29.5 2.02178 0.000877507
  31 30.5 2.03538 0.00088341
  32 31.5 2.04726 0.000888566
  33 32.5 2.03036 0.000881233
  34 33.5 2.02422 0.000878566
  35 34.5 2.01863 0.000876142
  36 35.5 2.01482 0.000874486
  37 36.5 2.00773 0.00087141
  38 37.5 1.98822 0.000862944
  39 38.5 1.97714 0.000858132
  40 39.5 1.97239 0.000856073
  41 40.5 1.97858 0.00085876
  42 41.5 1.96445 0.000852625
  43 42.5 1.95649 0.00084917
  44 43.5 1.95272 0.000847535
  45 44.5 1.94833 0.000845628
  46 45.5 1.93615 0.000840344
  47 46.5 1.97462 0.000857038
  48 47.5 1.98119 0.000859892
  49 48.5 1.96611 0.000853347
  50 49.5 1.96986 0.000854972
  51 50.5 1.95223 0.000847323
  52 51.5 1.95578 0.000848861
  53 52.5 1.94354 0.000843549
  54 53.5 1.94999 0.000846351
  55 54.5 1.95241 0.000847399
  56 55.5 1.96314 0.000852059
  57 56.5 1.96476 0.00085276
  58 57.5 1.96809 0.000854205
  59 58.5 1.92848 0.000837014
  60 59.5 1.93078 0.000838014
  61 60.5 1.94526 0.000844295
  62 61.5 1.93254 0.000838774
  63 62.5 1.90514 0.000826882
  64 63.5 1.90882 0.000828483
  65 64.5 1.88887 0.000819823
  66 65.5 1.91211 0.00082991
  67 66.5 1.90374 0.000826278
  68 67.5 1.90282 0.000825875
  69 68.5 1.88617 0.000818649
  70 69.5 1.87018 0.000811708
  71 70.5 1.86686 0.000810271
  72 71.5 1.88733 0.000819153
  73 72.5 1.90485 0.000826757
  74 73.5 1.92857 0.000837052
  75 74.5 1.94215 0.000842948
  76 75.5 1.91722 0.000832125
  77 76.5 1.89789 0.000823736
  78 77.5 1.89737 0.00082351
  79 78.5 1.89837 0.000823944
  80 79.5 1.91281 0.000830212
  81 80.5 1.89662 0.000823188
  82 81.5 1.89391 0.00082201
  83 82.5 1.90089 0.000825038
  84 83.5 1.89514 0.000822545
  85 84.5 1.88302 0.000817281
  86 85.5 1.85543 0.000805309
  87 86.5 1.85803 0.000806437
  88 87.5 1.84778 0.00080199
  89 88.5 1.83396 0.00079599
  90 89.5 1.83806 0.000797767
  91 90.5 1.84087 0.00079899
  92 91.5 1.84286 0.000799851
  93 92.5 1.8217 0.00079067
  94 93.5 1.83273 0.000795455
  95 94.5 1.82614 0.000792594
  96 95.5 1.80189 0.000782069
  97 96.5 1.8017 0.00078199
  98 97.5 1.7976 0.000780208
  99 98.5 1.78849 0.000776253
  100 99.5 1.79991 0.000781212
  101 100.5 1.79785 0.000780316
  102 101.5 1.77809 0.00077174
  103 102.5 1.7963 0.000779642
  104 103.5 1.78543 0.000774927
  105 104.5 1.79033 0.000777052
  106 105.5 1.79399 0.000778642
  107 106.5 1.83426 0.000796118
  108 107.5 1.82671 0.000792844
  109 108.5 1.82462 0.000791934
  110 109.5 1.84367 0.000800205
  111 110.5 1.83253 0.000795368
  112 111.5 1.8386 0.000798003
  113 112.5 1.84222 0.000799576
  114 113.5 1.83198 0.000795132
  115 114.5 1.84371 0.000800222
  116 115.5 1.83776 0.000797639
  117 116.5 1.83297 0.000795559
  118 117.5 1.8061 0.000783896
  119 118.5 1.78315 0.000773937
  120 119.5 1.76319 0.000765274
  121 120.5 1.75685 0.000762521
  122 121.5 1.74833 0.000758823
  123 122.5 1.73513 0.000753094
  124 123.5 1.73542 0.000753219
  125 124.5 1.73534 0.000753184
  126 125.5 1.74395 0.000756924
  127 126.5 1.74748 0.000758455
  128 127.5 1.77821 0.000771792
  129 128.5 1.77318 0.000769611
  130 129.5 1.78147 0.000773208
  131 130.5 1.79856 0.000780625
  132 131.5 1.81127 0.000786142
  133 132.5 1.80732 0.000784427
  134 133.5 1.81191 0.00078642
  135 134.5 1.83006 0.000794295
  136 135.5 1.85858 0.000806674
  137 136.5 1.87913 0.000815594
  138 137.5 1.89456 0.000822292
  139 138.5 1.89535 0.000822635
  140 139.5 1.91828 0.000832587
  141 140.5 1.97646 0.000857837
  142 141.5 2.03637 0.00088384
  143 142.5 2.12289 0.000921392
  144 143.5 2.23802 0.000971361
  145 144.5 2.40954 0.00104581
  146 145.5 2.65926 0.00115419
  147 146.5 3.03037 0.00131526
  148 147.5 3.55775 0.00154416
  149 148.5 4.31384 0.00187233
  150 149.5 5.28612 0.00229432
  151 150.5 6.55914 0.00284685
  152 151.5 8.21881 0.00356719
  153 152.5 10.2528 0.00444998
  154 153.5 12.6156 0.00547553
  155 154.5 15.1021 0.00655472
  156 155.5 17.6784 0.00767291
  157 156.5 20.2609 0.00879377
  158 157.5 22.6103 0.0098135
  159 158.5 24.6715 0.0107081
  160 159.5 26.4801 0.0114931
  161 160.5 27.9554 0.0121334
  162 161.5 29.0919 0.0126267
  163 162.5 29.9145 0.0129837
  164 163.5 30.6345 0.0132962
  165 164.5 31.2093 0.0135457
  166 165.5 31.4922 0.0136685
  167 166.5 31.7842 0.0137952
  168 167.5 32.0542 0.0139124
  169 168.5 32.0768 0.0139222
  170 169.5 32.2247 0.0139864
  171 170.5 32.3477 0.0140398
  172 171.5 32.4329 0.0140768
  173 172.5 32.36 0.0140451
  174 173.5 32.4716 0.0140936
  175 174.5 32.5136 0.0141118
  176 175.5 32.4958 0.0141041
  177 176.5 32.4935 0.0141031
  178 177.5 32.4951 0.0141038
  179 178.5 32.5597 0.0141318
  180 179.5 32.5081 0.0141094
  181 180.5 32.4847 0.0140993
  182 181.5 32.5735 0.0141378
  183 182.5 32.5893 0.0141447
  184 183.5 32.4683 0.0140921
  185 184.5 32.4248 0.0140732
  186 185.5 32.545 0.0141254
  187 186.5 32.4707 0.0140932
  188 187.5 32.4518 0.014085
  189 188.5 32.4766 0.0140958
  190 189.5 32.4894 0.0141013
  191 190.5 32.4544 0.0140861
  192 191.5 32.3857 0.0140563
  193 192.5 32.4161 0.0140695
  194 193.5 32.4435 0.0140814
  195 194.5 32.4316 0.0140762
  196 195.5 32.3336 0.0140337
  197 196.5 32.3984 0.0140618
  198 197.5 32.4682 0.0140921
  199 198.5 32.39 0.0140582
  200 199.5 32.4022 0.0140635
  201 200.5 32.3466 0.0140393
  202 201.5 32.3811 0.0140543
  203 202.5 32.3401 0.0140365
  204 203.5 32.3665 0.0140479
  205 204.5 32.3685 0.0140488
  206 205.5 32.396 0.0140608
  207 206.5 32.3305 0.0140324
  208 207.5 32.364 0.0140469
  209 208.5 32.4746 0.0140949
  210 209.5 32.3448 0.0140385
  211 210.5 32.3262 0.0140305
  212 211.5 32.4336 0.0140771
  213 212.5 32.3542 0.0140426
  214 213.5 32.276 0.0140087
  215 214.5 32.3852 0.0140561
  216 215.5 32.3791 0.0140534
  217 216.5 32.3011 0.0140196
  218 217.5 32.3264 0.0140305
  219 218.5 32.3786 0.0140532
  220 219.5 32.3046 0.0140211
  221 220.5 32.2682 0.0140053
  222 221.5 32.3017 0.0140198
  223 222.5 32.2953 0.014017
  224 223.5 32.3335 0.0140336
  225 224.5 32.2572 0.0140005
  226 225.5 32.2994 0.0140189
  227 226.5 32.2646 0.0140037
  228 227.5 32.3233 0.0140292
  229 228.5 32.3232 0.0140292
  230 229.5 32.2194 0.0139841
  231 230.5 32.2112 0.0139806
  232 231.5 32.307 0.0140222
  233 232.5 32.2142 0.0139819
  234 233.5 32.1359 0.0139479
  235 234.5 32.208 0.0139792
  236 235.5 32.1302 0.0139454
  237 236.5 32.0524 0.0139116
  238 237.5 32.1229 0.0139422
  239 238.5 32.0961 0.0139306
  240 239.5 31.9766 0.0138787
  241 240.5 32.0166 0.0138961
  242 241.5 32.0793 0.0139233
  243 242.5 32.0062 0.0138916
  244 243.5 31.9689 0.0138754
  245 244.5 32.0448 0.0139083
  246 245.5 31.9804 0.0138804
  247 246.5 31.9329 0.0138598
  248 247.5 31.9282 0.0138577
  249 248.5 31.8909 0.0138415
  250 249.5 31.8387 0.0138189
  251 250.5 31.8303 0.0138152
  252 251.5 31.8553 0.0138261
  253 252.5 31.8333 0.0138165
  254 253.5 31.8389 0.013819
  255 254.5 31.9435 0.0138643
  256 255.5 31.9957 0.013887
  257 256.5 31.9489 0.0138667
  258 257.5 31.9777 0.0138792
  259 258.5 32.0511 0.0139111
  260 259.5 32.0326 0.013903
  261 260.5 32.0288 0.0139014
  262 261.5 32.0228 0.0138988
  263 262.5 32.0578 0.013914
  264 263.5 32.0872 0.0139268
  265 264.5 32.1406 0.0139499
  266 265.5 32.1251 0.0139432
  267 266.5 32.2354 0.0139911
  268 267.5 32.2867 0.0140133
  269 268.5 32.2533 0.0139988
  270 269.5 32.2649 0.0140038
  271 270.5 32.3392 0.0140361
  272 271.5 32.3909 0.0140586
  273 272.5 32.3094 0.0140232
  274 273.5 32.3607 0.0140455
  275 274.5 32.4092 0.0140665
  276 275.5 32.3948 0.0140602
  277 276.5 32.4091 0.0140664
  278 277.5 32.4119 0.0140677
  279 278.5 32.5193 0.0141143
  280 279.5 32.5146 0.0141122
  281 280.5 32.4958 0.0141041
  282 281.5 32.56 0.014132
  283 282.5 32.6196 0.0141578
  284 283.5 32.6362 0.014165
  285 284.5 32.6649 0.0141775
  286 285.5 32.5316 0.0141196
  287 286.5 32.6849 0.0141861
  288 287.5 32.6881 0.0141875
  289 288.5 32.5569 0.0141306
  290 289.5 32.5376 0.0141222
  291 290.5 32.6351 0.0141645
  292 291.5 32.5404 0.0141234
  293 292.5 32.4531 0.0140856
  294 293.5 32.4683 0.0140921
  295 294.5 32.5648 0.014134
  296 295.5 32.4868 0.0141002
  297 296.5 32.4103 0.014067
  298 297.5 32.4484 0.0140835
  299 298.5 32.4639 0.0140902
  300 299.5 32.3273 0.0140309
  301 300.5 32.231 0.0139891
  302 301.5 32.1888 0.0139708
  303 302.5 32.1057 0.0139348
  304 303.5 31.8627 0.0138293
  305 304.5 31.6031 0.0137166
  306 305.5 31.2354 0.0135571
  307 306.5 30.857 0.0133928
  308 307.5 30.265 0.0131358
  309 308.5 29.5222 0.0128135
  310 309.5 28.6136 0.0124191
  311 310.5 27.3454 0.0118687
  312 311.5 25.8072 0.011201
  313 312.5 24.0242 0.0104272
  314 313.5 21.9258 0.00951641
  315 314.5 19.6121 0.00851218
  316 315.5 17.1671 0.00745099
  317 316.5 14.7563 0.00640465
  318 317.5 12.3271 0.0053503
  319 318.5 10.0972 0.00438246
  320 319.5 8.19751 0.00355795
  321 320.5 6.57263 0.0028527
  322 321.5 5.22854 0.00226933
  323 322.5 4.10964 0.0017837
  324 323.5 3.25228 0.00141158
  325 324.5 2.64294 0.00114711
  326 325.5 2.17144 0.000942465
  327 326.5 1.81549 0.000787972
  328 327.5 1.56305 0.000678406
  329 328.5 1.3653 0.00059258
  330 329.5 1.21579 0.000527688
  331 330.5 1.1125 0.000482854
  332 331.5 1.01246 0.000439437
  333 332.5 0.957528 0.000415594
  334 333.5 0.905552 0.000393035
  335 334.5 0.85996 0.000373247
  336 335.5 0.846816 0.000367542
  337 336.5 0.813144 0.000352927
  338 337.5 0.791856 0.000343688
  339 338.5 0.771408 0.000334812
  340 339.5 0.756632 0.000328399
  341 340.5 0.753216 0.000326917
  342 341.5 0.74488 0.000323299
  343 342.5 0.750568 0.000325767
  344 343.5 0.740024 0.000321191
  345 344.5 0.74024 0.000321285
  346 345.5 0.73072 0.000317153
  347 346.5 0.724496 0.000314451
  348 347.5 0.712552 0.000309267
  349 348.5 0.725384 0.000314837
  350 349.5 0.729584 0.00031666
  351 350.5 0.724448 0.000314431
  352 351.5 0.719264 0.000312181
  353 352.5 0.7216 0.000313194
  354 353.5 0.722464 0.000313569
  355 354.5 0.716976 0.000311187
  356 355.5 0.723184 0.000313882
  357 356.5 0.70972 0.000308038
  358 357.5 0.716352 0.000310917
  359 358.5 0.719512 0.000312288
  360 359.5 0.716464 0.000310965
  361 360.5 0.71824 0.000311736
  362 361.5 0.723584 0.000314056
  363 362.5 0.71328 0.000309583
  364 363.5 0.708568 0.000307538
  365 364.5 0.705448 0.000306184
  366 365.5 0.705448 0.000306184
  367 366.5 0.702888 0.000305073
  368 367.5 0.704576 0.000305806
  369 368.5 0.715904 0.000310722
  370 369.5 0.721608 0.000313198
  371 370.5 0.70984 0.00030809
  372 371.5 0.704792 0.000305899
  373 372.5 0.71472 0.000310208
  374 373.5 0.707384 0.000307024
  375 374.5 0.708192 0.000307375
  376 375.5 0.70804 0.000307309
  377 376.5 0.713824 0.000309819
  378 377.5 0.720768 0.000312833
  379 378.5 0.719736 0.000312385
  380 379.5 0.717208 0.000311288
  381 380.5 0.710896 0.000308549
  382 381.5 0.7156 0.00031059
  383 382.5 0.714896 0.000310285
  384 383.5 0.716344 0.000310913
  385 384.5 0.719344 0.000312215
  386 385.5 0.71724 0.000311302
  387 386.5 0.717968 0.000311618
  388 387.5 0.716688 0.000311062
  389 388.5 0.714712 0.000310205
  390 389.5 0.708856 0.000307663
  391 390.5 0.704752 0.000305882
  392 391.5 0.693088 0.000300819
  393 392.5 0.702096 0.000304729
  394 393.5 0.710272 0.000308278
  395 394.5 0.706816 0.000306778
  396 395.5 0.710536 0.000308392
  397 396.5 0.70976 0.000308056
  398 397.5 0.720344 0.000312649
  399 398.5 0.719584 0.000312319
  400 399.5 0.709728 0.000308042
  401 400.5 0.68872 0.000298924
  402 401.5 0.695272 0.000301767
  403 402.5 0.69116 0.000299983
  404 403.5 0.703624 0.000305392
  405 404.5 0.702352 0.00030484
  406 405.5 0.706792 0.000306767
  407 406.5 0.703824 0.000305479
  408 407.5 0.698768 0.000303285
  409 408.5 0.699872 0.000303764
  410 409.5 0.6952 0.000301736
  411 410.5 0.701576 0.000304503
  412 411.5 0.691104 0.000299958
  413 412.5 0.69464 0.000301493
  414 413.5 0.707064 0.000306885
  415 414.5 0.716328 0.000310906
  416 415.5 0.713256 0.000309573
  417 416.5 0.705904 0.000306382
  418 417.5 0.70352 0.000305347
  419 418.5 0.715536 0.000310563
  420 419.5 0.720992 0.000312931
  421 420.5 0.719048 0.000312087
  422 421.5 0.730784 0.000317181
  423 422.5 0.729832 0.000316767
  424 423.5 0.726608 0.000315368
  425 424.5 0.719008 0.000312069
  426 425.5 0.714168 0.000309969
  427 426.5 0.7118 0.000308941
  428 427.5 0.721992 0.000313365
  429 428.5 0.71212 0.00030908
  430 429.5 0.713384 0.000309628
  431 430.5 0.708416 0.000307472
  432 431.5 0.713736 0.000309781
  433 432.5 0.69628 0.000302205
  434 433.5 0.718864 0.000312007
  435 434.5 0.712552 0.000309267
  436 435.5 0.712912 0.000309424
  437 436.5 0.718416 0.000311813
  438 437.5 0.722168 0.000313441
  439 438.5 0.734752 0.000318903
  440 439.5 0.736608 0.000319708
  441 440.5 0.730616 0.000317108
  442 441.5 0.737688 0.000320177
  443 442.5 0.713936 0.000309868
  444 443.5 0.72248 0.000313576
  445 444.5 0.713704 0.000309767
  446 445.5 0.719176 0.000312142
  447 446.5 0.725576 0.00031492
  448 447.5 0.726368 0.000315264
  449 448.5 0.728744 0.000316295
  450 449.5 0.741536 0.000321847
  451 450.5 0.742608 0.000322313
  452 451.5 0.75172 0.000326267
  453 452.5 0.765304 0.000332163
  454 453.5 0.770016 0.000334208
  455 454.5 0.780552 0.000338781
  456 455.5 0.806552 0.000350066
  457 456.5 0.840024 0.000364594
  458 457.5 0.868616 0.000377003
  459 458.5 0.905608 0.000393059
  460 459.5 0.96408 0.000418438
  461 460.5 1.03728 0.000450208
  462 461.5 1.10534 0.000479747
  463 462.5 1.1887 0.000515931
  464 463.5 1.2927 0.000561069
  465 464.5 1.38984 0.000603229
  466 465.5 1.51326 0.000656795
  467 466.5 1.64224 0.000712778
  468 467.5 1.762 0.000764757
  469 468.5 1.90738 0.000827858
  470 469.5 2.04482 0.00088751
  471 470.5 2.15854 0.000936868
  472 471.5 2.26185 0.000981705
  473 472.5 2.33303 0.0010126
  474 473.5 2.36547 0.00102668
  475 474.5 2.41423 0.00104784
  476 475.5 2.42453 0.00105231
  477 476.5 2.41794 0.00104945
  478 477.5 2.39325 0.00103874
  479 478.5 2.33799 0.00101475
  480 479.5 2.27414 0.000987038
67500000 480 5625.000000000007
  1 0.5 2.24794 0.00097567
  2 1.5 2.19307 0.000951854
  3 2.5 2.13482 0.000926573
  4 3.5 2.07506 0.000900635
  5 4.5 2.02845 0.000880403
  6 5.5 1.99105 0.00086417
  7 6.5 1.96412 0.000852483
  8 7.5 1.94878 0.000845823
  9 8.5 1.91891 0.000832861
  10 9.5 1.92784 0.000836736
  11 10.5 1.91768 0.000832326
  12 11.5 1.90402 0.000826399
  13 12.5 1.90507 0.000826854
  14 13.5 1.92225 0.000834309
  15 14.5 1.90189 0.000825472
  16 15.5 1.90734 0.000827837
  17 16.5 1.91666 0.000831885
  18 17.5 1.91574 0.000831486
  19 18.5 1.91193 0.00082983
  20 19.5 1.88296 0.000817257
  21 20.5 1.85554 0.000805358
  22 21.5 1.86849 0.000810976
  23 22.5 1.86478 0.000809368
  24 23.5 1.87298 0.000812927
  25 24.5 1.87895 0.000815517
  26 25.5 1.91013 0.000829049
  27 26.5 1.92389 0.000835021
  28 27.5 1.9096 0.000828819
  29 28.5 1.89394 0.000822021
  30 29.5 1.9075 0.000827906
  31 30.5 1.90726 0.000827802
  32 31.5 1.90263 0.000825795
  33 32.5 1.87749 0.000814882
  34 33.5 1.88265 0.000817122
  35 34.5 1.87937 0.000815698
  36 35.5 1.88062 0.000816243
  37 36.5 1.86882 0.000811118
  38 37.5 1.87025 0.00081174
  39 38.5 1.87324 0.000813038
  40 39.5 1.8669 0.000810288
  41 40.5 1.86141 0.000807903
  42 41.5 1.85833 0.000806566
  43 42.5 1.87292 0.000812899
  44 43.5 1.8853 0.000818271
  45 44.5 1.8577 0.000806292
  46 45.5 1.84829 0.000802208
  47 46.5 1.84357 0.00080016
  48 47.5 1.85554 0.000805358
  49 48.5 1.8382 0.00079783
  50 49.5 1.84568 0.000801076
  51 50.5 1.8795 0.000815757
  52 51.5 1.87966 0.000815826
  53 52.5 1.90678 0.000827597
  54 53.5 1.89958 0.000824469
  55 54.5 1.86955 0.000811437
  56 55.5 1.88521 0.000818233
  57 56.5 1.89584 0.000822847
  58 57.5 1.86454 0.000809264
  59 58.5 1.85054 0.000803184
  60 59.5 1.83239 0.000795309
  61 60.5 1.81541 0.000787938
  62 61.5 1.80316 0.000782622
  63 62.5 1.81885 0.000789431
  64 63.5 1.80409 0.000783024
  65 64.5 1.81209 0.000786497
  66 65.5 1.79842 0.000780566
  67 66.5 1.82338 0.000791399
  68 67.5 1.80361 0.000782816
  69 68.5 1.78714 0.000775667
  70 69.5 1.77387 0.00076991
  71 70.5 1.76269 0.000765056
  72 71.5 1.75808 0.000763056
  73 72.5 1.75988 0.000763837
  74 73.5 1.76738 0.000767094
  75 74.5 1.76246 0.000764955
  76 75.5 1.7479 0.000758639
  77 76.5 1.73358 0.000752424
  78 77.5 1.71198 0.000743045
  79 78.5 1.70145 0.000738476
  80 79.5 1.69856 0.000737222
  81 80.5 1.68693 0.000732174
  82 81.5 1.69637 0.000736271
  83 82.5 1.70138 0.000738444
  84 83.5 1.70721 0.000740976
  85 84.5 1.70066 0.000738132
  86 85.5 1.70018 0.000737927
  87 86.5 1.71479 0.000744267
  88 87.5 1.7226 0.000747656
  89 88.5 1.74362 0.000756778
  90 89.5 1.75064 0.000759826
  91 90.5 1.77306 0.000769556
  92 91.5 1.75603 0.000762167
  93 92.5 1.75485 0.000761653
  94 93.5 1.73293 0.000752139
  95 94.5 1.73616 0.000753542
  96 95.5 1.7165 0.00074501
  97 96.5 1.70848 0.000741528
  98 97.5 1.67084 0.000725191
  99 98.5 1.68144 0.000729792
  100 99.5 1.67991 0.000729128
  101 100.5 1.68973 0.000733389
  102 101.5 1.67683 0.000727792
  103 102.5 1.6816 0.000729861
  104 103.5 1.6841 0.000730948
  105 104.5 1.70215 0.000738781
  106 105.5 1.71931 0.000746229
  107 106.5 1.7339 0.000752562
  108 107.5 1.75964 0.000763733
  109 108.5 1.74068 0.000755503
  110 109.5 1.75753 0.000762816
  111 110.5 1.77834 0.000771847
  112 111.5 1.79146 0.000777545
  113 112.5 1.80044 0.000781441
  114 113.5 1.82344 0.000791424
  115 114.5 1.8435 0.000800132
  116 115.5 1.82994 0.000794247
  117 116.5 1.8253 0.000792233
  118 117.5 1.821 0.000790365
  119 118.5 1.84257 0.000799726
  120 119.5 1.84298 0.000799903
  121 120.5 1.87292 0.000812899
  122 121.5 1.87683 0.000814597
  123 122.5 1.90214 0.00082558
  124 123.5 1.90821 0.000828215
  125 124.5 1.90478 0.000826729
  126 125.5 1.89398 0.000822038
  127 126.5 1.88596 0.000818559
  128 127.5 1.88554 0.000818378
  129 128.5 1.86718 0.00081041
  130 129.5 1.85121 0.000803476
  131 130.5 1.8415 0.00079926
  132 131.5 1.87108 0.000812101
  133 132.5 1.8525 0.000804038
  134 133.5 1.86076 0.000807622
  135 134.5 1.86708 0.000810365
  136 135.5 1.87988 0.00081592
  137 136.5 1.89002 0.000820323
  138 137.5 1.9263 0.000836066
  139 138.5 1.95977 0.000850594
  140 139.5 1.99657 0.000866566
  141 140.5 2.07401 0.000900177
  142 141.5 2.17375 0.000943469
  143 142.5 2.32249 0.00100802
  144 143.5 2.51029 0.00108953
  145 144.5 2.82546 0.00122633
  146 145.5 3.20342 0.00139037
  147 146.5 3.77014 0.00163634
  148 147.5 4.56752 0.00198243
  149 148.5 5.7043 0.00247582
  150 149.5 7.06406 0.003066
  151 150.5 8.78494 0.00381291
  152 151.5 10.8542 0.00471103
  153 152.5 13.2796 0.00576373
  154 153.5 15.7673 0.00684347
  155 154.5 18.3533 0.00796585
  156 155.5 20.863 0.00905514
  157 156.5 23.2197 0.010078
  158 157.5 25.1532 0.0109172
  159 158.5 26.7905 0.0116278
  160 159.5 28.1777 0.0122299
  161 160.5 29.206 0.0126762
  162 161.5 30.0727 0.0130524
  163 162.5 30.6543 0.0133048
  164 163.5 31.1622 0.0135252
  165 164.5 31.4801 0.0136632
  166 165.5 31.6831 0.0137513
  167 166.5 31.85 0.0138238
  168 167.5 32.0744 0.0139212
  169 168.5 32.0715 0.0139199
  170 169.5 32.1932 0.0139728
  171 170.5 32.2062 0.0139784
  172 171.5 32.3266 0.0140306
  173 172.5 32.2984 0.0140184
  174 173.5 32.3307 0.0140324
  175 174.5 32.3507 0.0140411
  176 175.5 32.4404 0.0140801
  177 176.5 32.3985 0.0140618
  178 177.5 32.5085 0.0141096
  179 178.5 32.4597 0.0140884
  180 179.5 32.4804 0.0140974
  181 180.5 32.4648 0.0140906
  182 181.5 32.4598 0.0140885
  183 182.5 32.4416 0.0140806
  184 183.5 32.4728 0.0140941
  185 184.5 32.4924 0.0141026
  186 185.5 32.4803 0.0140974
  187 186.5 32.4084 0.0140662
  188 187.5 32.4924 0.0141026
  189 188.5 32.4172 0.01407
  190 189.5 32.4989 0.0141054
  191 190.5 32.4558 0.0140867
  192 191.5 32.4723 0.0140939
  193 192.5 32.4439 0.0140816
  194 193.5 32.5026 0.014107
  195 194.5 32.4678 0.0140919
  196 195.5 32.5218 0.0141154
  197 196.5 32.4905 0.0141018
  198 197.5 32.5067 0.0141088
  199 198.5 32.4546 0.0140862
  200 199.5 32.5468 0.0141262
  201 200.5 32.4997 0.0141058
  202 201.5 32.4664 0.0140913
  203 202.5 32.4765 0.0140957
  204 203.5 32.4744 0.0140948
  205 204.5 32.5063 0.0141086
  206 205.5 32.3878 0.0140572
  207 206.5 32.3259 0.0140304
  208 207.5 32.4745 0.0140948
  209 208.5 32.4232 0.0140726
  210 209.5 32.3536 0.0140424
  211 210.5 32.4761 0.0140955
  212 211.5 32.4906 0.0141018
  213 212.5 32.3987 0.0140619
  214 213.5 32.5549 0.0141297
  215 214.5 32.5036 0.0141075
  216 215.5 32.4695 0.0140927
  217 216.5 32.497 0.0141046
  218 217.5 32.5174 0.0141134
  219 218.5 32.4465 0.0140827
  220 219.5 32.512 0.0141111
  221 220.5 32.5056 0.0141083
  222 221.5 32.4706 0.0140932
  223 222.5 32.4429 0.0140811
  224 223.5 32.5044 0.0141078
  225 224.5 32.507 0.0141089
  226 225.5 32.4523 0.0140852
  227 226.5 32.4196 0.014071
  228 227.5 32.4854 0.0140996
  229 228.5 32.4393 0.0140796
  230 229.5 32.4038 0.0140642
  231 230.5 32.3974 0.0140614
  232 231.5 32.385 0.014056
  233 232.5 32.3279 0.0140312
  234 233.5 32.3801 0.0140539
  235 234.5 32.388 0.0140573
  236 235.5 32.3561 0.0140434
  237 236.5 32.4079 0.0140659
  238 237.5 32.4354 0.0140779
  239 238.5 32.3865 0.0140567
  240 239.5 32.3101 0.0140235
  241 240.5 32.3849 0.0140559
  242 241.5 32.3776 0.0140528
  243 242.5 32.3591 0.0140448
  244 243.5 32.311 0.0140239
  245 244.5 32.3622 0.0140461
  246 245.5 32.3445 0.0140384
  247 246.5 32.3593 0.0140448
  248 247.5 32.3634 0.0140466
  249 248.5 32.3674 0.0140483
  250 249.5 32.3941 0.01406
  251 250.5 32.4346 0.0140775
  252 251.5 32.5145 0.0141122
  253 252.5 32.4458 0.0140824
  254 253.5 32.5406 0.0141235
  255 254.5 32.5183 0.0141139
  256 255.5 32.5033 0.0141073
  257 256.5 32.5202 0.0141147
  258 257.5 32.6012 0.0141498
  259 258.5 32.5173 0.0141134
  260 259.5 32.5088 0.0141097
  261 260.5 32.5178 0.0141136
  262 261.5 32.6057 0.0141518
  263 262.5 32.5119 0.0141111
  264 263.5 32.5126 0.0141114
  265 264.5 32.5898 0.0141449
  266 265.5 32.5851 0.0141428
  267 266.5 32.5297 0.0141188
  268 267.5 32.5705 0.0141365
  269 268.5 32.5664 0.0141347
  270 269.5 32.6001 0.0141494
  271 270.5 32.5347 0.0141209
  272 271.5 32.4995 0.0141057
  273 272.5 32.4678 0.0140919
  274 273.5 32.5858 0.0141432
  275 274.5 32.5281 0.0141181
  276 275.5 32.4966 0.0141044
  277 276.5 32.5511 0.0141281
  278 277.5 32.585 0.0141428
  279 278.5 32.5107 0.0141105
  280 279.5 32.5203 0.0141147
  281 280.5 32.5807 0.0141409
  282 281.5 32.5392 0.0141229
  283 282.5 32.5181 0.0141138
  284 283.5 32.6154 0.014156
  285 284.5 32.5753 0.0141386
  286 285.5 32.5561 0.0141302
  287 286.5 32.5713 0.0141369
  288 287.5 32.5763 0.014139
  289 288.5 32.5714 0.0141369
  290 289.5 32.5025 0.014107
  291 290.5 32.5134 0.0141117
  292 291.5 32.5554 0.0141299
  293 292.5 32.5229 0.0141158
  294 293.5 32.4921 0.0141025
  295 294.5 32.4247 0.0140732
  296 295.5 32.4782 0.0140964
  297 296.5 32.3574 0.014044
  298 297.5 32.3436 0.014038
  299 298.5 32.3748 0.0140515
  300 299.5 32.1631 0.0139597
  301 300.5 32.1508 0.0139544
  302 301.5 31.9369 0.0138615
  303 302.5 31.7066 0.0137615
  304 303.5 31.4422 0.0136468
  305 304.5 31.1337 0.0135129
  306 305.5 30.5832 0.013274
  307 306.5 29.9372 0.0129936
  308 307.5 29.0272 0.0125986
  309 308.5 27.984 0.0121458
  310 309.5 26.4785 0.0114924
  311 310.5 24.7549 0.0107443
  312 311.5 22.7274 0.00986433
  313 312.5 20.4623 0.00888121
  314 313.5 17.8258 0.0077369
  315 314.5 15.1965 0.0065957
  316 315.5 12.7025 0.00551324
  317 316.5 10.3003 0.00447063
  318 317.5 8.20594 0.00356161
  319 318.5 6.4713 0.00280873
  320 319.5 5.04578 0.00219001
  321 320.5 3.93124 0.00170627
  322 321.5 3.09926 0.00134516
  323 322.5 2.49352 0.00108226
  324 323.5 2.02478 0.000878813
  325 324.5 1.68763 0.000732479
  326 325.5 1.4333 0.000622094
  327 326.5 1.26261 0.000548007
  328 327.5 1.12486 0.000488222
  329 328.5 1.02611 0.000445361
  330 329.5 0.945016 0.000410163
  331 330.5 0.903152 0.000391993
  332 331.5 0.855928 0.000371497
  333 332.5 0.802736 0.00034841
  334 333.5 0.78644 0.000341337
  335 334.5 0.765984 0.000332458
  336 335.5 0.744816 0.000323271
  337 336.5 0.739712 0.000321056
  338 337.5 0.728784 0.000316313
  339 338.5 0.719208 0.000312156
  340 339.5 0.716328 0.000310906
  341 340.5 0.707768 0.000307191
  342 341.5 0.705624 0.00030626
  343 342.5 0.713936 0.000309868
  344 343.5 0.70804 0.000307309
  345 344.5 0.714032 0.00030991
  346 345.5 0.714472 0.000310101
  347 346.5 0.723848 0.00031417
  348 347.5 0.709912 0.000308122
  349 348.5 0.716048 0.000310785
  350 349.5 0.7056 0.00030625
  351 350.5 0.702168 0.00030476
  352 351.5 0.711552 0.000308833
  353 352.5 0.709848 0.000308094
  354 353.5 0.704296 0.000305684
  355 354.5 0.701176 0.00030433
  356 355.5 0.696912 0.000302479
  357 356.5 0.71184 0.000308958
  358 357.5 0.716992 0.000311194
  359 358.5 0.7312 0.000317361
  360 359.5 0.725712 0.000314979
  361 360.5 0.732664 0.000317997
  362 361.5 0.728608 0.000316236
  363 362.5 0.726 0.000315104
  364 363.5 0.726096 0.000315146
  365 364.5 0.72484 0.000314601
  366 365.5 0.719368 0.000312226
  367 366.5 0.721992 0.000313365
  368 367.5 0.723744 0.000314125
  369 368.5 0.716432 0.000310951
  370 369.5 0.722392 0.000313538
  371 370.5 0.722376 0.000313531
  372 371.5 0.709864 0.000308101
  373 372.5 0.708072 0.000307323
  374 373.5 0.701184 0.000304333
  375 374.5 0.71204 0.000309045
  376 375.5 0.701472 0.000304458
  377 376.5 0.714024 0.000309906
  378 377.5 0.710792 0.000308503
  379 378.5 0.7226 0.000313628
  380 379.5 0.717408 0.000311375
  381 380.5 0.723744 0.000314125
  382 381.5 0.73368 0.000318437
  383 382.5 0.727544 0.000315774
  384 383.5 0.715048 0.000310351
  385 384.5 0.72592 0.000315069
  386 385.5 0.70768 0.000307153
  387 386.5 0.709168 0.000307799
  388 387.5 0.704608 0.000305819
  389 388.5 0.709568 0.000307972
  390 389.5 0.700024 0.00030383
  391 390.5 0.706688 0.000306722
  392 391.5 0.703304 0.000305253
  393 392.5 0.70244 0.000304878
  394 393.5 0.700968 0.00030424
  395 394.5 0.706088 0.000306462
  396 395.5 0.71412 0.000309948
  397 396.5 0.715256 0.000310441
  398 397.5 0.70832 0.000307431
  399 398.5 0.702352 0.00030484
  400 399.5 0.697264 0.000302632
  401 400.5 0.698672 0.000303243
  402 401.5 0.70116 0.000304323
  403 402.5 0.715544 0.000310566
  404 403.5 0.718832 0.000311993
  405 404.5 0.715784 0.00031067
  406 405.5 0.710256 0.000308271
  407 406.5 0.712296 0.000309156
  408 407.5 0.715912 0.000310726
  409 408.5 0.717352 0.000311351
  410 409.5 0.726472 0.000315309
  411 410.5 0.727632 0.000315813
  412 411.5 0.73112 0.000317326
  413 412.5 0.736312 0.00031958
  414 413.5 0.740552 0.00032142
  415 414.5 0.72356 0.000314045
  416 415.5 0.715848 0.000310698
  417 416.5 0.734216 0.00031867
  418 417.5 0.730576 0.00031709
  419 418.5 0.718848 0.000312
  420 419.5 0.720368 0.00031266
  421 420.5 0.727496 0.000315753
  422 421.5 0.723808 0.000314153
  423 422.5 0.728344 0.000316122
  424 423.5 0.72584 0.000315035
  425 424.5 0.733472 0.000318347
  426 425.5 0.724888 0.000314622
  427 426.5 0.731256 0.000317385
  428 427.5 0.726448 0.000315299
  429 428.5 0.718768 0.000311965
  430 429.5 0.726792 0.000315448
  431 430.5 0.732216 0.000317802
  432 431.5 0.726096 0.000315146
  433 432.5 0.727992 0.000315969
  434 433.5 0.722376 0.000313531
  435 434.5 0.732424 0.000317892
  436 435.5 0.746632 0.000324059
  437 436.5 0.73512 0.000319063
  438 437.5 0.743776 0.000322819
  439 438.5 0.753376 0.000326986
  440 439.5 0.753456 0.000327021
  441 440.5 0.76044 0.000330052
  442 441.5 0.754912 0.000327653
  443 442.5 0.77232 0.000335208
  444 443.5 0.76684 0.00033283
  445 444.5 0.783928 0.000340247
  446 445.5 0.797312 0.000346056
  447 446.5 0.791688 0.000343615
  448 447.5 0.7812 0.000339063
  449 448.5 0.793168 0.000344257
  450 449.5 0.79448 0.000344826
  451 450.5 0.806 0.000349826
  452 451.5 0.809888 0.000351514
  453 452.5 0.841832 0.000365378
  454 453.5 0.870584 0.000377858
  455 454.5 0.881088 0.000382417
  456 455.5 0.917392 0.000398174
  457 456.5 0.971856 0.000421812
  458 457.5 1.02162 0.00044341
  459 458.5 1.08171 0.000469493
  460 459.5 1.16117 0.000503979
  461 460.5 1.27916 0.000555191
  462 461.5 1.39356 0.000604844
  463 462.5 1.5209 0.000660115
  464 463.5 1.67536 0.000727153
  465 464.5 1.87576 0.000814132
  466 465.5 2.02674 0.00087966
  467 466.5 2.18734 0.000949365
  468 467.5 2.34692 0.00101863
  469 468.5 2.50528 0.00108736
  470 469.5 2.64642 0.00114862
  471 470.5 2.72654 0.00118339
  472 471.5 2.7645 0.00119987
  473 472.5 2.75375 0.0011952
  474 473.5 2.74262 0.00119037
  475 474.5 2.69775 0.0011709
  476 475.5 2.6066 0.00113134
  477 476.5 2.52374 0.00109537
  478 477.5 2.43879 0.0010585
  479 478.5 2.36644 0.0010271
  480 479.5 2.29341 0.000995403
70000000 480 5624.999999999998
  1 0.5 1.92514 0.000835566
  2 1.5 1.87731 0.000814806
  3 2.5 1.85674 0.000805875
  4 3.5 1.86328 0.000808715
  5 4.5 1.79586 0.000779455
  6 5.5 1.75898 0.000763444
  7 6.5 1.73462 0.000752872
  8 7.5 1.71325 0.000743597
  9 8.5 1.67216 0.000725764
  10 9.5 1.65568 0.000718611
  11 10.5 1.64495 0.000713955
  12 11.5 1.65107 0.000716611
  13 12.5 1.64235 0.000712826
  14 13.5 1.59787 0.000693521
  15 14.5 1.60656 0.000697292
  16 15.5 1.61599 0.000701385
  17 16.5 1.5854 0.000688108
  18 17.5 1.56192 0.000677917
  19 18.5 1.5767 0.00068433
  20 19.5 1.56375 0.000678712
  21 20.5 1.55277 0.000673944
  22 21.5 1.56074 0.000677406
  23 22.5 1.56187 0.000677896
  24 23.5 1.5729 0.000682684
  25 24.5 1.58673 0.000688684
  26 25.5 1.58743 0.00068899
  27 26.5 1.6085 0.000698132
  28 27.5 1.64234 0.000712823
  29 28.5 1.65303 0.000717462
  30 29.5 1.65225 0.000717122
  31 30.5 1.63829 0.000711062
  32 31.5 1.63726 0.000710618
  33 32.5 1.63342 0.000708951
  34 33.5 1.63728 0.000710625
  35 34.5 1.6171 0.000701868
  36 35.5 1.60394 0.000696153
  37 36.5 1.61545 0.000701149
  38 37.5 1.61457 0.000700767
  39 38.5 1.60815 0.000697983
  40 39.5 1.59062 0.000690372
  41 40.5 1.56806 0.00068058
  42 41.5 1.56226 0.000678066
  43 42.5 1.53567 0.000666524
  44 43.5 1.52727 0.000662878
  45 44.5 1.52486 0.00066183
  46 45.5 1.52134 0.000660306
  47 46.5 1.52748 0.000662969
  48 47.5 1.53024 0.000664167
  49 48.5 1.53178 0.000664833
  50 49.5 1.54701 0.000671444
  51 50.5 1.54113 0.000668892
  52 51.5 1.52615 0.000662392
  53 52.5 1.53443 0.000665986
  54 53.5 1.52562 0.00066216
  55 54.5 1.53129 0.000664622
  56 55.5 1.53348 0.000665573
  57 56.5 1.52444 0.000661649
  58 57.5 1.51751 0.000658642
  59 58.5 1.5261 0.000662368
  60 59.5 1.52142 0.00066034
  61 60.5 1.52005 0.000659743
  62 61.5 1.54672 0.000671319
  63 62.5 1.55181 0.000673528
  64 63.5 1.57132 0.000681997
  65 64.5 1.57362 0.000682993
  66 65.5 1.58286 0.000687007
  67 66.5 1.59628 0.00069283
  68 67.5 1.5724 0.000682465
  69 68.5 1.56726 0.000680233
  70 69.5 1.55558 0.000675163
  71 70.5 1.53254 0.000665167
  72 71.5 1.5083 0.000654642
  73 72.5 1.49482 0.000648795
  74 73.5 1.46729 0.000636844
  75 74.5 1.45306 0.00063067
  76 75.5 1.44233 0.00062601
  77 76.5 1.44757 0.000628285
  78 77.5 1.44491 0.000627132
  79 78.5 1.46175 0.000634441
  80 79.5 1.46061 0.000633944
  81 80.5 1.46694 0.000636694
  82 81.5 1.45712 0.000632431
  83 82.5 1.44212 0.00062592
  84 83.5 1.44858 0.000628726
  85 84.5 1.46097 0.000634101
  86 85.5 1.47219 0.000638972
  87 86.5 1.4794 0.000642101
  88 87.5 1.4797 0.000642229
  89 88.5 1.5031 0.000652385
  90 89.5 1.52302 0.000661031
  91 90.5 1.53066 0.000664347
  92 91.5 1.53483 0.00066616
  93 92.5 1.53833 0.000667677
  94 93.5 1.5758 0.000683941
  95 94.5 1.56673 0.000680003
  96 95.5 1.56023 0.000677184
  97 96.5 1.56636 0.000679844
  98 97.5 1.58526 0.000688049
  99 98.5 1.60529 0.00069674
  100 99.5 1.60074 0.000694764
  101 100.5 1.60545 0.000696809
  102 101.5 1.63473 0.000709517
  103 102.5 1.66192 0.000721319
  104 103.5 1.66221 0.000721444
  105 104.5 1.69283 0.000734736
  106 105.5 1.70527 0.000740135
  107 106.5 1.72438 0.000748427
  108 107.5 1.75234 0.000760562
  109 108.5 1.76524 0.000766163
  110 109.5 1.79266 0.000778066
  111 110.5 1.80326 0.000782667
  112 111.5 1.82196 0.000790781
  113 112.5 1.8315 0.00079492
  114 113.5 1.83136 0.000794861
  115 114.5 1.80824 0.000784826
  116 115.5 1.81405 0.000787347
  117 116.5 1.78351 0.000774094
  118 117.5 1.7905 0.000777125
  119 118.5 1.78862 0.000776309
  120 119.5 1.7907 0.000777212
  121 120.5 1.81328 0.000787014
  122 121.5 1.81387 0.000787271
  123 122.5 1.81826 0.000789177
  124 123.5 1.80161 0.000781948
  125 124.5 1.79792 0.000780347
  126 125.5 1.81165 0.000786306
  127 126.5 1.78437 0.000774465
  128 127.5 1.78131 0.000773139
  129 128.5 1.77931 0.000772271
  130 129.5 1.7688 0.000767708
  131 130.5 1.77156 0.000768906
  132 131.5 1.7739 0.000769924
  133 132.5 1.7621 0.000764802
  134 133.5 1.77955 0.000772375
  135 134.5 1.82798 0.000793392
  136 135.5 1.83004 0.000794288
  137 136.5 1.86152 0.000807951
  138 137.5 1.89764 0.000823628
  139 138.5 1.95909 0.000850299
  140 139.5 2.04169 0.000886149
  141 140.5 2.15974 0.000937385
  142 141.5 2.31416 0.00100441
  143 142.5 2.49079 0.00108107
  144 143.5 2.80603 0.0012179
  145 144.5 3.19778 0.00138793
  146 145.5 3.74292 0.00162453
  147 146.5 4.52028 0.00196193
  148 147.5 5.52841 0.00239948
  149 148.5 6.86552 0.00297983
  150 149.5 8.46552 0.00367427
  151 150.5 10.5471 0.00457772
  152 151.5 12.8665 0.00558443
  153 152.5 15.3811 0.00667583
  154 153.5 17.9535 0.00779233
  155 154.5 20.496 0.00889584
  156 155.5 22.8447 0.00991523
  157 156.5 24.8596 0.0107898
  158 157.5 26.5787 0.0115359
  159 158.5 27.9565 0.0121339
  160 159.5 29.0932 0.0126273
  161 160.5 29.9841 0.0130139
  162 161.5 30.5959 0.0132795
  163 162.5 31.0624 0.013482
  164 163.5 31.4259 0.0136397
  165 164.5 31.6903 0.0137545
  166 165.5 31.886 0.0138394
  167 166.5 32.0662 0.0139176
  168 167.5 32.1245 0.0139429
  169 168.5 32.269 0.0140056
  170 169.5 32.2472 0.0139962
  171 170.5 32.3269 0.0140308
  172 171.5 32.3419 0.0140373
  173 172.5 32.3872 0.0140569
  174 173.5 32.3758 0.014052
  175 174.5 32.3986 0.0140619
  176 175.5 32.4113 0.0140674
  177 176.5 32.3323 0.0140331
  178 177.5 32.4268 0.0140741
  179 178.5 32.4683 0.0140922
  180 179.5 32.4363 0.0140783
  181 180.5 32.4497 0.0140841
  182 181.5 32.4484 0.0140835
  183 182.5 32.5505 0.0141278
  184 183.5 32.4453 0.0140821
  185 184.5 32.5072 0.014109
  186 185.5 32.5095 0.01411
  187 186.5 32.5204 0.0141148
  188 187.5 32.4477 0.0140832
  189 188.5 32.5013 0.0141065
  190 189.5 32.4672 0.0140917
  191 190.5 32.4154 0.0140692
  192 191.5 32.4173 0.01407
  193 192.5 32.4482 0.0140834
  194 193.5 32.3874 0.014057
  195 194.5 32.4076 0.0140658
  196 195.5 32.4224 0.0140722
  197 196.5 32.3523 0.0140418
  198 197.5 32.3112 0.014024
  199 198.5 32.3454 0.0140388
  200 199.5 32.2792 0.0140101
  201 200.5 32.3028 0.0140203
  202 201.5 32.3378 0.0140355
  203 202.5 32.3042 0.0140209
  204 203.5 32.2673 0.0140049
  205 204.5 32.3182 0.014027
  206 205.5 32.3361 0.0140348
  207 206.5 32.2576 0.0140007
  208 207.5 32.3629 0.0140464
  209 208.5 32.3271 0.0140308
  210 209.5 32.3056 0.0140215
  211 210.5 32.3928 0.0140594
  212 211.5 32.3779 0.0140529
  213 212.5 32.3348 0.0140342
  214 213.5 32.3856 0.0140562
  215 214.5 32.3933 0.0140596
  216 215.5 32.3983 0.0140618
  217 216.5 32.4749 0.014095
  218 217.5 32.4492 0.0140839
  219 218.5 32.4422 0.0140808
  220 219.5 32.4873 0.0141004
  221 220.5 32.5507 0.0141279
  222 221.5 32.5494 0.0141273
  223 222.5 32.5616 0.0141327
  224 223.5 32.5772 0.0141394
  225 224.5 32.5444 0.0141252
  226 225.5 32.5882 0.0141442
  227 226.5 32.5061 0.0141086
  228 227.5 32.5219 0.0141154
  229 228.5 32.4056 0.0140649
  230 229.5 32.4913 0.0141021
  231 230.5 32.4923 0.0141026
  232 231.5 32.4259 0.0140738
  233 232.5 32.4515 0.0140848
  234 233.5 32.5432 0.0141246
  235 234.5 32.4697 0.0140928
  236 235.5 32.4645 0.0140905
  237 236.5 32.4438 0.0140815
  238 237.5 32.5179 0.0141137
  239 238.5 32.5478 0.0141267
  240 239.5 32.5303 0.0141191
  241 240.5 32.5975 0.0141482
  242 241.5 32.5752 0.0141385
  243 242.5 32.5866 0.0141435
  244 243.5 32.5843 0.0141425
  245 244.5 32.5932 0.0141463
  246 245.5 32.6088 0.0141531
  247 246.5 32.5332 0.0141203
  248 247.5 32.514 0.014112
  249 248.5 32.6611 0.0141758
  250 249.5 32.5817 0.0141414
  251 250.5 32.5214 0.0141152
  252 251.5 32.5736 0.0141379
  253 252.5 32.5494 0.0141273
  254 253.5 32.4719 0.0140937
  255 254.5 32.477 0.0140959
  256 255.5 32.5387 0.0141227
  257 256.5 32.449 0.0140838
  258 257.5 32.4723 0.0140939
  259 258.5 32.5152 0.0141125
  260 259.5 32.4942 0.0141034
  261 260.5 32.4692 0.0140925
  262 261.5 32.5133 0.0141117
  263 262.5 32.558 0.0141311
  264 263.5 32.4521 0.0140851
  265 264.5 32.4459 0.0140824
  266 265.5 32.5476 0.0141266
  267 266.5 32.5168 0.0141132
  268 267.5 32.4581 0.0140877
  269 268.5 32.5121 0.0141111
  270 269.5 32.493 0.0141029
  271 270.5 32.5145 0.0141122
  272 271.5 32.5058 0.0141084
  273 272.5 32.4734 0.0140944
  274 273.5 32.5124 0.0141113
  275 274.5 32.4885 0.0141009
  276 275.5 32.4777 0.0140962
  277 276.5 32.4533 0.0140856
  278 277.5 32.4836 0.0140988
  279 278.5 32.4978 0.0141049
  280 279.5 32.3968 0.0140611
  281 280.5 32.4058 0.014065
  282 281.5 32.5324 0.01412
  283 282.5 32.4302 0.0140756
  284 283.5 32.3886 0.0140576
  285 284.5 32.508 0.0141094
  286 285.5 32.388 0.0140573
  287 286.5 32.3724 0.0140505
  288 287.5 32.4202 0.0140713
  289 288.5 32.4234 0.0140727
  290 289.5 32.3757 0.014052
  291 290.5 32.4433 0.0140813
  292 291.5 32.4946 0.0141035
  293 292.5 32.4523 0.0140852
  294 293.5 32.4301 0.0140756
  295 294.5 32.4435 0.0140814
  296 295.5 32.5123 0.0141112
  297 296.5 32.3959 0.0140607
  298 297.5 32.362 0.014046
  299 298.5 32.31 0.0140234
  300 299.5 32.319 0.0140273
  301 300.5 32.166 0.0139609
  302 301.5 32.0046 0.0138909
  303 302.5 31.8648 0.0138302
  304 303.5 31.6636 0.0137429
  305 304.5 31.2773 0.0135752
  306 305.5 30.865 0.0133963
  307 306.5 30.3907 0.0131904
  308 307.5 29.6219 0.0128567
  309 308.5 28.5443 0.012389
  310 309.5 27.3992 0.011892
  311 310.5 25.8873 0.0112358
  312 311.5 23.9534 0.0103965
  313 312.5 21.8429 0.00948041
  314 313.5 19.4078 0.00842354
  315 314.5 16.8331 0.00730601
  316 315.5 14.1795 0.00615428
  317 316.5 11.7416 0.00509617
  318 317.5 9.53665 0.00413917
  319 318.5 7.57086 0.00328596
  320 319.5 5.99882 0.00260366
  321 320.5 4.69825 0.00203917
  322 321.5 3.74221 0.00162422
  323 322.5 2.99278 0.00129895
  324 323.5 2.4251 0.00105256
  325 324.5 2.0247 0.000878774
  326 325.5 1.70301 0.000739153
  327 326.5 1.47559 0.000640448
  328 327.5 1.30137 0.00056483
  329 328.5 1.15686 0.000502108
  330 329.5 1.07058 0.000464663
  331 330.5 0.979056 0.000424938
  332 331.5 0.918632 0.000398712
  333 332.5 0.862032 0.000374146
  334 333.5 0.822792 0.000357115
  335 334.5 0.796488 0.000345698
  336 335.5 0.778176 0.00033775
  337 336.5 0.758424 0.000329177
  338 337.5 0.745512 0.000323573
  339 338.5 0.73472 0.000318889
  340 339.5 0.7266 0.000315365
  341 340.5 0.722584 0.000313622
  342 341.5 0.724624 0.000314507
  343 342.5 0.71536 0.000310486
  344 343.5 0.716312 0.000310899
  345 344.5 0.710592 0.000308417
  346 345.5 0.697112 0.000302566
  347 346.5 0.715944 0.00031074
  348 347.5 0.710864 0.000308535
  349 348.5 0.699648 0.000303667
  350 349.5 0.710424 0.000308344
  351 350.5 0.706256 0.000306535
  352 351.5 0.71248 0.000309236
  353 352.5 0.71116 0.000308663
  354 353.5 0.713824 0.000309819
  355 354.5 0.716544 0.000311
  356 355.5 0.711896 0.000308983
  357 356.5 0.705776 0.000306326
  358 357.5 0.699056 0.00030341
  359 358.5 0.708656 0.000307576
  360 359.5 0.70928 0.000307847
  361 360.5 0.713928 0.000309865
  362 361.5 0.697832 0.000302878
  363 362.5 0.708816 0.000307646
  364 363.5 0.71452 0.000310122
  365 364.5 0.707664 0.000307146
  366 365.5 0.699144 0.000303448
  367 366.5 0.704448 0.00030575
  368 367.5 0.70052 0.000304045
  369 368.5 0.698696 0.000303253
  370 369.5 0.69452 0.000301441
  371 370.5 0.698608 0.000303215
  372 371.5 0.71356 0.000309705
  373 372.5 0.715712 0.000310639
  374 373.5 0.704168 0.000305628
  375 374.5 0.686336 0.000297889
  376 375.5 0.69464 0.000301493
  377 376.5 0.693728 0.000301097
  378 377.5 0.693216 0.000300875
  379 378.5 0.692088 0.000300385
  380 379.5 0.690936 0.000299885
  381 380.5 0.706632 0.000306698
  382 381.5 0.709504 0.000307944
  383 382.5 0.705752 0.000306316
  384 383.5 0.715192 0.000310413
  385 384.5 0.706968 0.000306844
  386 385.5 0.709464 0.000307927
  387 386.5 0.701888 0.000304639
  388 387.5 0.689648 0.000299326
  389 388.5 0.677416 0.000294017
  390 389.5 0.68716 0.000298247
  391 390.5 0.696936 0.00030249
  392 391.5 0.693848 0.000301149
  393 392.5 0.69596 0.000302066
  394 393.5 0.678936 0.000294677
  395 394.5 0.693464 0.000300983
  396 395.5 0.710584 0.000308413
  397 396.5 0.70196 0.00030467
  398 397.5 0.697112 0.000302566
  399 398.5 0.690232 0.00029958
  400 399.5 0.68712 0.000298229
  401 400.5 0.685968 0.000297729
  402 401.5 0.688784 0.000298951
  403 402.5 0.685984 0.000297736
  404 403.5 0.686288 0.000297868
  405 404.5 0.696264 0.000302198
  406 405.5 0.70348 0.00030533
  407 406.5 0.706784 0.000306764
  408 407.5 0.698752 0.000303278
  409 408.5 0.704264 0.00030567
  410 409.5 0.69688 0.000302465
  411 410.5 0.711992 0.000309024
  412 411.5 0.705376 0.000306153
  413 412.5 0.695976 0.000302073
  414 413.5 0.69844 0.000303142
  415 414.5 0.691472 0.000300118
  416 415.5 0.70028 0.000303941
  417 416.5 0.704776 0.000305892
  418 417.5 0.711536 0.000308826
  419 418.5 0.717088 0.000311236
  420 419.5 0.703848 0.00030549
  421 420.5 0.699712 0.000303694
  422 421.5 0.691336 0.000300059
  423 422.5 0.692768 0.000300681
  424 423.5 0.684216 0.000296969
  425 424.5 0.686696 0.000298045
  426 425.5 0.681368 0.000295733
  427 426.5 0.691368 0.000300073
  428 427.5 0.675216 0.000293062
  429 428.5 0.676296 0.000293531
  430 429.5 0.679528 0.000294934
  431 430.5 0.68208 0.000296042
  432 431.5 0.681344 0.000295722
  433 432.5 0.694256 0.000301326
  434 433.5 0.701064 0.000304281
  435 434.5 0.695392 0.000301819
  436 435.5 0.6942 0.000301302
  437 436.5 0.703072 0.000305153
  438 437.5 0.703376 0.000305285
  439 438.5 0.683936 0.000296847
  440 439.5 0.68204 0.000296024
  441 440.5 0.67444 0.000292726
  442 441.5 0.683104 0.000296486
  443 442.5 0.686824 0.000298101
  444 443.5 0.690824 0.000299837
  445 444.5 0.69864 0.000303229
  446 445.5 0.69012 0.000299531
  447 446.5 0.69488 0.000301597
  448 447.5 0.708728 0.000307608
  449 448.5 0.713088 0.0003095
  450 449.5 0.716496 0.000310979
  451 450.5 0.715304 0.000310462
  452 451.5 0.726384 0.000315271
  453 452.5 0.71168 0.000308889
  454 453.5 0.72504 0.000314688
  455 454.5 0.729576 0.000316656
  456 455.5 0.747192 0.000324302
  457 456.5 0.77648 0.000337014
  458 457.5 0.799192 0.000346872
  459 458.5 0.827856 0.000359312
  460 459.5 0.861832 0.000374059
  461 460.5 0.9154 0.000397309
  462 461.5 0.969848 0.000420941
  463 462.5 1.03303 0.000448365
  464 463.5 1.10855 0.000481142
  465 464.5 1.19787 0.00051991
  466 465.5 1.30634 0.00056699
  467 466.5 1.40743 0.000610865
  468 467.5 1.52922 0.000663722
  469 468.5 1.63967 0.000711663
  470 469.5 1.75367 0.000761142
  471 470.5 1.85827 0.000806542
  472 471.5 1.94587 0.000844563
  473 472.5 2.00494 0.000870201
  474 473.5 2.03865 0.00088483
  475 474.5 2.06929 0.000898128
  476 475.5 2.05415 0.000891559
  477 476.5 2.06043 0.000894285
  478 477.5 2.04211 0.000886333
  479 478.5 1.99661 0.000866583
  480 479.5 1.96769 0.000854031
72500000 480 5625.000000000002
  1 0.5 2.00609 0.000870698
  2 1.5 1.94014 0.000842076
  3 2.5 1.90282 0.000825875
  4 3.5 1.88727 0.000819128
  5 4.5 1.86854 0.000811
  6 5.5 1.8257 0.000792403
  7 6.5 1.81925 0.000789604
  8 7.5 1.79785 0.000780316
  9 8.5 1.77877 0.000772035
  10 9.5 1.77236 0.000769253
  11 10.5 1.75909 0.000763493
  12 11.5 1.71726 0.00074534
  13 12.5 1.71145 0.000742816
  14 13.5 1.71544 0.000744549
  15 14.5 1.72382 0.000748188
  16 15.5 1.7294 0.000750608
  17 16.5 1.72754 0.000749802
  18 17.5 1.705 0.000740017
  19 18.5 1.68846 0.000732837
  20 19.5 1.68381 0.000730819
  21 20.5 1.66344 0.000721979
  22 21.5 1.68543 0.000731524
  23 22.5 1.6847 0.000731208
  24 23.5 1.67693 0.000727833
  25 24.5 1.67349 0.00072634
  26 25.5 1.66418 0.000722299
  27 26.5 1.65802 0.000719625
  28 27.5 1.66431 0.000722358
  29 28.5 1.66502 0.000722663
  30 29.5 1.67968 0.000729028
  31 30.5 1.70738 0.000741052
  32 31.5 1.70941 0.000741931
  33 32.5 1.71295 0.000743469
  34 33.5 1.70439 0.000739753
  35 34.5 1.69327 0.000734927
  36 35.5 1.69373 0.000735125
  37 36.5 1.71733 0.000745368
  38 37.5 1.69606 0.000736135
  39 38.5 1.71118 0.000742701
  40 39.5 1.73374 0.00075249
  41 40.5 1.74191 0.000756038
  42 41.5 1.77093 0.000768632
  43 42.5 1.81001 0.000785594
  44 43.5 1.78014 0.000772632
  45 44.5 1.75209 0.000760455
  46 45.5 1.76917 0.000767868
  47 46.5 1.79824 0.000780486
  48 47.5 1.77274 0.000769417
  49 48.5 1.77326 0.000769642
  50 49.5 1.74417 0.000757017
  51 50.5 1.74742 0.000758431
  52 51.5 1.77082 0.000768583
  53 52.5 1.76447 0.00076583
  54 53.5 1.78405 0.000774326
  55 54.5 1.79607 0.000779545
  56 55.5 1.8055 0.000783639
  57 56.5 1.79452 0.000778872
  58 57.5 1.78083 0.000772931
  59 58.5 1.79142 0.000777524
  60 59.5 1.8029 0.00078251
  61 60.5 1.79863 0.000780656
  62 61.5 1.79523 0.000779181
  63 62.5 1.79224 0.000777882
  64 63.5 1.77607 0.000770865
  65 64.5 1.77798 0.000771694
  66 65.5 1.75451 0.000761507
  67 66.5 1.73972 0.000755087
  68 67.5 1.7602 0.000763976
  69 68.5 1.7625 0.000764976
  70 69.5 1.75895 0.000763434
  71 70.5 1.76147 0.000764528
  72 71.5 1.74765 0.000758528
  73 72.5 1.73594 0.000753448
  74 73.5 1.73324 0.000752274
  75 74.5 1.72038 0.000746691
  76 75.5 1.70594 0.000740424
  77 76.5 1.70783 0.000741247
  78 77.5 1.70287 0.000739094
  79 78.5 1.6846 0.000731163
  80 79.5 1.65927 0.00072017
  81 80.5 1.65084 0.00071651
  82 81.5 1.66314 0.000721851
  83 82.5 1.68897 0.000733059
  84 83.5 1.71472 0.000744236
  85 84.5 1.71623 0.000744892
  86 85.5 1.68842 0.000732823
  87 86.5 1.6715 0.000725479
  88 87.5 1.68667 0.000732062
  89 88.5 1.67572 0.000727309
  90 89.5 1.68858 0.000732889
  91 90.5 1.69326 0.000734924
  92 91.5 1.71134 0.000742771
  93 92.5 1.70996 0.00074217
  94 93.5 1.71356 0.000743733
  95 94.5 1.75914 0.000763517
  96 95.5 1.76198 0.000764747
  97 96.5 1.76093 0.000764292
  98 97.5 1.75502 0.000761729
  99 98.5 1.76572 0.000766372
  100 99.5 1.78232 0.000773576
  101 100.5 1.78942 0.000776656
  102 101.5 1.78083 0.000772931
  103 102.5 1.77638 0.000770997
  104 103.5 1.77347 0.000769736
  105 104.5 1.7861 0.000775219
  106 105.5 1.78423 0.000774406
  107 106.5 1.80745 0.000784483
  108 107.5 1.83161 0.000794969
  109 108.5 1.85481 0.000805038
  110 109.5 1.86962 0.000811465
  111 110.5 1.86674 0.000810215
  112 111.5 1.87799 0.000815101
  113 112.5 1.89356 0.000821858
  114 113.5 1.89873 0.000824101
  115 114.5 1.88129 0.000816531
  116 115.5 1.86366 0.000808882
  117 116.5 1.88634 0.000818722
  118 117.5 1.88894 0.000819851
  119 118.5 1.88344 0.000817465
  120 119.5 1.88802 0.000819455
  121 120.5 1.89454 0.000822285
  122 121.5 1.91654 0.000831833
  123 122.5 1.9153 0.000831292
  124 123.5 1.9455 0.000844403
  125 124.5 1.9305 0.000837892
  126 125.5 1.93202 0.000838552
  127 126.5 1.94047 0.000842219
  128 127.5 1.92433 0.000835212
  129 128.5 1.9068 0.000827604
  130 129.5 1.89758 0.000823601
  131 130.5 1.88892 0.000819844
  132 131.5 1.88727 0.000819128
  133 132.5 1.90253 0.00082575
  134 133.5 1.91348 0.000830503
  135 134.5 1.94995 0.000846333
  136 135.5 1.93232 0.000838681
  137 136.5 1.96736 0.000853889
  138 137.5 2.03196 0.000881927
  139 138.5 2.10651 0.000914285
  140 139.5 2.21368 0.000960799
  141 140.5 2.35908 0.00102391
  142 141.5 2.5511 0.00110725
  143 142.5 2.82061 0.00122422
  144 143.5 3.19655 0.00138739
  145 144.5 3.71969 0.00161445
  146 145.5 4.45708 0.0019345
  147 146.5 5.42688 0.00235542
  148 147.5 6.64914 0.00288591
  149 148.5 8.2761 0.00359206
  150 149.5 10.2062 0.00442978
  151 150.5 12.382 0.00537413
  152 151.5 14.7651 0.00640848
  153 152.5 17.285 0.00750216
  154 153.5 19.7114 0.00855531
  155 154.5 22.0049 0.00955076
  156 155.5 24.0462 0.0104367
  157 156.5 25.8954 0.0112393
  158 157.5 27.4036 0.0118939
  159 158.5 28.5957 0.0124113
  160 159.5 29.5115 0.0128088
  161 160.5 30.3092 0.0131551
  162 161.5 30.8746 0.0134004
  163 162.5 31.2746 0.013574
  164 163.5 31.5863 0.0137093
  165 164.5 31.8263 0.0138135
  166 165.5 31.9433 0.0138643
  167 166.5 32.1198 0.0139409
  168 167.5 32.1711 0.0139631
  169 168.5 32.2776 0.0140094
  170 169.5 32.3326 0.0140333
  171 170.5 32.4203 0.0140713
  172 171.5 32.3655 0.0140475
  173 172.5 32.4372 0.0140786
  174 173.5 32.4597 0.0140884
  175 174.5 32.4525 0.0140853
  176 175.5 32.5079 0.0141094
  177 176.5 32.5064 0.0141087
  178 177.5 32.4144 0.0140687
  179 178.5 32.4276 0.0140745
  180 179.5 32.5061 0.0141086
  181 180.5 32.5055 0.0141083
  182 181.5 32.3954 0.0140605
  183 182.5 32.4661 0.0140912
  184 183.5 32.5308 0.0141193
  185 184.5 32.4431 0.0140812
  186 185.5 32.3927 0.0140593
  187 186.5 32.5082 0.0141094
  188 187.5 32.5648 0.014134
  189 188.5 32.3985 0.0140618
  190 189.5 32.4968 0.0141045
  191 190.5 32.5833 0.0141421
  192 191.5 32.4989 0.0141054
  193 192.5 32.5001 0.0141059
  194 193.5 32.5536 0.0141292
  195 194.5 32.4947 0.0141036
  196 195.5 32.5083 0.0141095
  197 196.5 32.4959 0.0141041
  198 197.5 32.5305 0.0141191
  199 198.5 32.4684 0.0140922
  200 199.5 32.5353 0.0141212
  201 200.5 32.5597 0.0141318
  202 201.5 32.5942 0.0141468
  203 202.5 32.5782 0.0141398
  204 203.5 32.585 0.0141428
  205 204.5 32.5726 0.0141374
  206 205.5 32.6349 0.0141645
  207 206.5 32.6212 0.0141585
  208 207.5 32.6789 0.0141835
  209 208.5 32.6783 0.0141833
  210 209.5 32.6229 0.0141593
  211 210.5 32.7501 0.0142145
  212 211.5 32.7384 0.0142094
  213 212.5 32.6457 0.0141691
  214 213.5 32.702 0.0141936
  215 214.5 32.7842 0.0142293
  216 215.5 32.673 0.014181
  217 216.5 32.6471 0.0141698
  218 217.5 32.7587 0.0142182
  219 218.5 32.6432 0.014168
  220 219.5 32.6322 0.0141633
  221 220.5 32.645 0.0141688
  222 221.5 32.6973 0.0141915
  223 222.5 32.6203 0.0141581
  224 223.5 32.6662 0.014178
  225 224.5 32.7038 0.0141944
  226 225.5 32.7084 0.0141963
  227 226.5 32.7183 0.0142006
  228 227.5 32.6991 0.0141923
  229 228.5 32.7149 0.0141992
  230 229.5 32.7094 0.0141968
  231 230.5 32.7197 0.0142013
  232 231.5 32.6845 0.014186
  233 232.5 32.6762 0.0141824
  234 233.5 32.7281 0.0142049
  235 234.5 32.7257 0.0142038
  236 235.5 32.7351 0.0142079
  237 236.5 32.6776 0.014183
  238 237.5 32.7848 0.0142295
  239 238.5 32.6407 0.014167
  240 239.5 32.6419 0.0141675
  241 240.5 32.7273 0.0142046
  242 241.5 32.7177 0.0142004
  243 242.5 32.6594 0.0141751
  244 243.5 32.6269 0.014161
  245 244.5 32.6623 0.0141764
  246 245.5 32.6622 0.0141763
  247 246.5 32.5571 0.0141307
  248 247.5 32.6232 0.0141594
  249 248.5 32.6482 0.0141702
  250 249.5 32.6639 0.014177
  251 250.5 32.5106 0.0141105
  252 251.5 32.6477 0.01417
  253 252.5 32.6795 0.0141838
  254 253.5 32.5643 0.0141338
  255 254.5 32.5372 0.0141221
  256 255.5 32.6478 0.01417
  257 256.5 32.5635 0.0141335
  258 257.5 32.4578 0.0140876
  259 258.5 32.4674 0.0140918
  260 259.5 32.4674 0.0140918
  261 260.5 32.4757 0.0140954
  262 261.5 32.4568 0.0140871
  263 262.5 32.4184 0.0140705
  264 263.5 32.4532 0.0140856
  265 264.5 32.5009 0.0141063
  266 265.5 32.454 0.0140859
  267 266.5 32.5085 0.0141096
  268 267.5 32.4629 0.0140898
  269 268.5 32.4776 0.0140962
  270 269.5 32.4495 0.014084
  271 270.5 32.4463 0.0140826
  272 271.5 32.4087 0.0140663
  273 272.5 32.4729 0.0140941
  274 273.5 32.3972 0.0140613
  275 274.5 32.4041 0.0140643
  276 275.5 32.4016 0.0140632
  277 276.5 32.4824 0.0140983
  278 277.5 32.4162 0.0140695
  279 278.5 32.4077 0.0140658
  280 279.5 32.5518 0.0141284
  281 280.5 32.5015 0.0141065
  282 281.5 32.5098 0.0141102
  283 282.5 32.4657 0.014091
  284 283.5 32.4743 0.0140947
  285 284.5 32.489 0.0141011
  286 285.5 32.4891 0.0141012
  287 286.5 32.5239 0.0141163
  288 287.5 32.4815 0.0140979
  289 288.5 32.456 0.0140868
  290 289.5 32.4913 0.0141021
  291 290.5 32.4522 0.0140852
  292 291.5 32.4808 0.0140976
  293 292.5 32.4356 0.014078
  294 293.5 32.4418 0.0140806
  295 294.5 32.4123 0.0140678
  296 295.5 32.3967 0.0140611
  297 296.5 32.3234 0.0140292
  298 297.5 32.2693 0.0140058
  299 298.5 32.1601 0.0139584
  300 299.5 32.0375 0.0139052
  301 300.5 31.772 0.0137899
  302 301.5 31.5351 0.0136871
  303 302.5 31.1998 0.0135416
  304 303.5 30.7673 0.0133539
  305 304.5 30.0923 0.0130609
  306 305.5 29.3844 0.0127536
  307 306.5 28.3513 0.0123052
  308 307.5 27.0173 0.0117262
  309 308.5 25.4545 0.011048
  310 309.5 23.5517 0.0102221
  311 310.5 21.3901 0.0092839
  312 311.5 19.0503 0.00826837
  313 312.5 16.6182 0.00721274
  314 313.5 14.1467 0.00614004
  315 314.5 11.8204 0.00513038
  316 315.5 9.68548 0.00420377
  317 316.5 7.8163 0.00339249
  318 317.5 6.19938 0.0026907
  319 318.5 4.96371 0.00215439
  320 319.5 3.95601 0.00171702
  321 320.5 3.21162 0.00139393
  322 321.5 2.61166 0.00113353
  323 322.5 2.16999 0.000941837
  324 323.5 1.83566 0.000796729
  325 324.5 1.57502 0.000683604
  326 325.5 1.39916 0.000607274
  327 326.5 1.24457 0.000540177
  328 327.5 1.13174 0.000491205
  329 328.5 1.03766 0.000450372
  330 329.5 0.977056 0.000424069
  331 330.5 0.918768 0.000398771
  332 331.5 0.873752 0.000379233
  333 332.5 0.838336 0.000363861
  334 333.5 0.800416 0.000347403
  335 334.5 0.780048 0.000338562
  336 335.5 0.763432 0.000331351
  337 336.5 0.763608 0.000331427
  338 337.5 0.760448 0.000330056
  339 338.5 0.752136 0.000326448
  340 339.5 0.738776 0.000320649
  341 340.5 0.722136 0.000313427
  342 341.5 0.72252 0.000313594
  343 342.5 0.721648 0.000313215
  344 343.5 0.723344 0.000313951
  345 344.5 0.719024 0.000312076
  346 345.5 0.726648 0.000315385
  347 346.5 0.727712 0.000315847
  348 347.5 0.732376 0.000317872
  349 348.5 0.725416 0.000314851
  350 349.5 0.711112 0.000308642
  351 350.5 0.718616 0.000311899
  352 351.5 0.728592 0.000316229
  353 352.5 0.72516 0.00031474
  354 353.5 0.727816 0.000315892
  355 354.5 0.73484 0.000318941
  356 355.5 0.737208 0.000319969
  357 356.5 0.73844 0.000320503
  358 357.5 0.74228 0.00032217
  359 358.5 0.733176 0.000318219
  360 359.5 0.735368 0.00031917
  361 360.5 0.737608 0.000320142
  362 361.5 0.756656 0.00032841
  363 362.5 0.7456 0.000323611
  364 363.5 0.742648 0.00032233
  365 364.5 0.747016 0.000324226
  366 365.5 0.75604 0.000328142
  367 366.5 0.745248 0.000323458
  368 367.5 0.752312 0.000326524
  369 368.5 0.760816 0.000330215
  370 369.5 0.74936 0.000325243
  371 370.5 0.753312 0.000326958
  372 371.5 0.748416 0.000324833
  373 372.5 0.739128 0.000320802
  374 373.5 0.722288 0.000313493
  375 374.5 0.732912 0.000318104
  376 375.5 0.725776 0.000315007
  377 376.5 0.72276 0.000313698
  378 377.5 0.723656 0.000314087
  379 378.5 0.728704 0.000316278
  380 379.5 0.717992 0.000311628
  381 380.5 0.713144 0.000309524
  382 381.5 0.717984 0.000311625
  383 382.5 0.723824 0.00031416
  384 383.5 0.712752 0.000309354
  385 384.5 0.718416 0.000311813
  386 385.5 0.706392 0.000306594
  387 386.5 0.708872 0.00030767
  388 387.5 0.708968 0.000307712
  389 388.5 0.711856 0.000308965
  390 389.5 0.70244 0.000304878
  391 390.5 0.686336 0.000297889
  392 391.5 0.684168 0.000296948
  393 392.5 0.69116 0.000299983
  394 393.5 0.682576 0.000296257
  395 394.5 0.702976 0.000305111
  396 395.5 0.703784 0.000305462
  397 396.5 0.714808 0.000310247
  398 397.5 0.702128 0.000304743
  399 398.5 0.70348 0.00030533
  400 399.5 0.702336 0.000304833
  401 400.5 0.705624 0.00030626
  402 401.5 0.701232 0.000304354
  403 402.5 0.696336 0.000302229
  404 403.5 0.698392 0.000303122
  405 404.5 0.69644 0.000302274
  406 405.5 0.704776 0.000305892
  407 406.5 0.70136 0.00030441
  408 407.5 0.711912 0.00030899
  409 408.5 0.702 0.000304687
  410 409.5 0.70708 0.000306892
  411 410.5 0.715944 0.00031074
  412 411.5 0.700224 0.000303917
  413 412.5 0.692264 0.000300462
  414 413.5 0.701 0.000304253
  415 414.5 0.707736 0.000307177
  416 415.5 0.704848 0.000305924
  417 416.5 0.699912 0.000303781
  418 417.5 0.70788 0.00030724
  419 418.5 0.7028 0.000305035
  420 419.5 0.711896 0.000308983
  421 420.5 0.705616 0.000306257
  422 421.5 0.709216 0.000307819
  423 422.5 0.710008 0.000308163
  424 423.5 0.71388 0.000309844
  425 424.5 0.71476 0.000310226
  426 425.5 0.709896 0.000308115
  427 426.5 0.704048 0.000305576
  428 427.5 0.705736 0.000306309
  429 428.5 0.703424 0.000305306
  430 429.5 0.698848 0.000303319
  431 430.5 0.703024 0.000305132
  432 431.5 0.710912 0.000308556
  433 432.5 0.706152 0.00030649
  434 433.5 0.697424 0.000302701
  435 434.5 0.695384 0.000301816
  436 435.5 0.69208 0.000300382
  437 436.5 0.69708 0.000302552
  438 437.5 0.702192 0.000304771
  439 438.5 0.719856 0.000312437
  440 439.5 0.720176 0.000312576
  441 440.5 0.719136 0.000312125
  442 441.5 0.718368 0.000311792
  443 442.5 0.722344 0.000313517
  444 443.5 0.70696 0.00030684
  445 444.5 0.703216 0.000305215
  446 445.5 0.697408 0.000302694
  447 446.5 0.693808 0.000301132
  448 447.5 0.696536 0.000302316
  449 448.5 0.716264 0.000310878
  450 449.5 0.73012 0.000316892
  451 450.5 0.745616 0.000323618
  452 451.5 0.749344 0.000325236
  453 452.5 0.751056 0.000325979
  454 453.5 0.7726 0.00033533
  455 454.5 0.808488 0.000350906
  456 455.5 0.824544 0.000357875
  457 456.5 0.855048 0.000371115
  458 457.5 0.905344 0.000392944
  459 458.5 0.971008 0.000421444
  460 459.5 1.03212 0.000447969
  461 460.5 1.11787 0.000485187
  462 461.5 1.20418 0.000522649
  463 462.5 1.31322 0.000569972
  464 463.5 1.42407 0.000618087
  465 464.5 1.54446 0.000670337
  466 465.5 1.68897 0.000733059
  467 466.5 1.82406 0.000791691
  468 467.5 1.94772 0.000845365
  469 468.5 2.0875 0.000906035
  470 469.5 2.1735 0.000943358
  471 470.5 2.28411 0.000991368
  472 471.5 2.33626 0.001014
  473 472.5 2.36209 0.00102521
  474 473.5 2.37069 0.00102894
  475 474.5 2.35256 0.00102108
  476 475.5 2.31722 0.00100574
  477 476.5 2.25282 0.000977788
  478 477.5 2.19731 0.000953694
  479 478.5 2.12137 0.000920733
  480 479.5 2.06178 0.000894868
75000000 480 5625.000000000001
  1 0.5 1.90714 0.000827753
  2 1.5 1.84972 0.00080283
  3 2.5 1.84809 0.000802122
  4 3.5 1.84586 0.000801153
  5 4.5 1.83582 0.000796795
  6 5.5 1.8207 0.000790233
  7 6.5 1.80568 0.000783715
  8 7.5 1.83005 0.000794292
  9 8.5 1.81355 0.000787132
  10 9.5 1.81171 0.000786333
  11 10.5 1.79859 0.000780639
  12 11.5 1.78617 0.000775247
  13 12.5 1.77019 0.000768313
  14 13.5 1.77042 0.00076841
  15 14.5 1.76944 0.000767986
  16 15.5 1.78937 0.000776635
  17 16.5 1.80874 0.000785042
  18 17.5 1.85455 0.000804927
  19 18.5 1.86375 0.00080892
  20 19.5 1.90362 0.000826222
  21 20.5 1.91813 0.000832521
  22 21.5 1.9263 0.000836069
  23 22.5 1.94738 0.000845215
  24 23.5 1.93846 0.000841347
  25 24.5 1.94669 0.000844917
  26 25.5 1.94314 0.000843375
  27 26.5 1.91567 0.000831455
  28 27.5 1.922 0.000834201
  29 28.5 1.95334 0.000847806
  30 29.5 1.94865 0.000845767
  31 30.5 1.93767 0.000841003
  32 31.5 1.9109 0.000829385
  33 32.5 1.93239 0.000838712
  34 33.5 1.93643 0.000840465
  35 34.5 1.934 0.00083941
  36 35.5 1.93765 0.000840993
  37 36.5 1.92701 0.000836375
  38 37.5 1.93633 0.00084042
  39 38.5 1.94122 0.000842542
  40 39.5 1.93118 0.000838187
  41 40.5 1.9493 0.000846049
  42 41.5 1.94556 0.000844427
  43 42.5 1.95484 0.000848455
  44 43.5 1.94229 0.000843007
  45 44.5 1.95965 0.000850542
  46 45.5 1.94268 0.000843177
  47 46.5 1.92071 0.000833642
  48 47.5 1.90016 0.000824722
  49 48.5 1.90748 0.000827899
  50 49.5 1.91406 0.000830753
  51 50.5 1.94247 0.000843087
  52 51.5 1.94166 0.000842733
  53 52.5 1.96053 0.000850924
  54 53.5 1.97319 0.00085642
  55 54.5 1.98986 0.000863653
  56 55.5 2.00144 0.000868681
  57 56.5 1.99202 0.000864594
  58 57.5 1.98752 0.000862639
  59 58.5 1.99794 0.00086716
  60 59.5 2.01142 0.000873014
  61 60.5 2.02124 0.000877274
  62 61.5 2.01275 0.00087359
  63 62.5 2.02789 0.00088016
  64 63.5 2.00618 0.000870736
  65 64.5 1.99289 0.000864969
  66 65.5 1.98254 0.000860476
  67 66.5 1.97739 0.000858243
  68 67.5 1.9747 0.000857073
  69 68.5 1.97836 0.000858663
  70 69.5 1.95244 0.000847413
  71 70.5 1.93958 0.00084183
  72 71.5 1.92642 0.000836122
  73 72.5 1.94506 0.000844208
  74 73.5 1.94512 0.000844236
  75 74.5 1.9526 0.000847483
  76 75.5 1.95344 0.000847847
  77 76.5 1.9853 0.000861677
  78 77.5 1.98322 0.000860771
  79 78.5 1.93847 0.000841351
  80 79.5 1.93626 0.000840392
  81 80.5 1.9277 0.000836677
  82 81.5 1.94198 0.000842872
  83 82.5 1.94012 0.000842066
  84 83.5 1.91218 0.000829941
  85 84.5 1.90674 0.00082758
  86 85.5 1.89237 0.00082134
  87 86.5 1.90056 0.000824896
  88 87.5 1.88554 0.000818378
  89 88.5 1.8489 0.000802476
  90 89.5 1.8589 0.000806813
  91 90.5 1.85786 0.000806361
  92 91.5 1.87016 0.000811701
  93 92.5 1.87142 0.00081225
  94 93.5 1.87214 0.000812563
  95 94.5 1.86168 0.000808021
  96 95.5 1.86695 0.000810309
  97 96.5 1.85262 0.000804087
  98 97.5 1.85741 0.000806167
  99 98.5 1.8707 0.000811938
  100 99.5 1.85596 0.000805538
  101 100.5 1.87194 0.000812476
  102 101.5 1.88088 0.000816354
  103 102.5 1.89122 0.00082084
  104 103.5 1.89594 0.000822889
  105 104.5 1.91922 0.000832997
  106 105.5 1.9425 0.000843101
  107 106.5 1.95918 0.000850337
  108 107.5 1.9482 0.000845573
  109 108.5 1.94553 0.000844413
  110 109.5 1.9473 0.000845184
  111 110.5 1.94543 0.000844372
  112 111.5 1.92144 0.000833958
  113 112.5 1.91329 0.00083042
  114 113.5 1.89004 0.00082033
  115 114.5 1.9111 0.000829472
  116 115.5 1.90236 0.000825677
  117 116.5 1.9123 0.00082999
  118 117.5 1.92126 0.000833882
  119 118.5 1.92876 0.000837135
  120 119.5 1.92711 0.00083642
  121 120.5 1.91558 0.000831413
  122 121.5 1.89832 0.000823924
  123 122.5 1.92359 0.000834892
  124 123.5 1.92462 0.000835337
  125 124.5 1.91152 0.000829653
  126 125.5 1.89229 0.000821306
  127 126.5 1.87594 0.000814208
  128 127.5 1.8915 0.000820965
  129 128.5 1.88767 0.000819302
  130 129.5 1.89568 0.000822778
  131 130.5 1.92814 0.000836865
  132 131.5 1.92288 0.000834583
  133 132.5 1.93932 0.000841719
  134 133.5 1.96833 0.000854309
  135 134.5 1.98252 0.000860469
  136 135.5 2.02063 0.00087701
  137 136.5 2.07528 0.000900729
  138 137.5 2.12769 0.000923476
  139 138.5 2.22316 0.000964913
  140 139.5 2.33187 0.0010121
  141 140.5 2.51206 0.0010903
  142 141.5 2.77074 0.00120258
  143 142.5 3.06748 0.00133137
  144 143.5 3.55584 0.00154333
  145 144.5 4.29654 0.00186482
  146 145.5 5.30173 0.0023011
  147 146.5 6.55255 0.00284399
  148 147.5 8.18674 0.00355327
  149 148.5 10.1839 0.00442009
  150 149.5 12.4876 0.00541998
  151 150.5 14.9475 0.00648761
  152 151.5 17.5079 0.00759891
  153 152.5 20.1195 0.00873242
  154 153.5 22.4772 0.00975571
  155 154.5 24.4113 0.0105952
  156 155.5 26.2329 0.0113858
  157 156.5 27.6506 0.0120011
  158 157.5 28.764 0.0124844
  159 158.5 29.6079 0.0128507
  160 159.5 30.2528 0.0131305
  161 160.5 30.8497 0.0133896
  162 161.5 31.2101 0.0135461
  163 162.5 31.5173 0.0136794
  164 163.5 31.7133 0.0137645
  165 164.5 31.9476 0.0138662
  166 165.5 32.041 0.0139067
  167 166.5 32.1794 0.0139668
  168 167.5 32.2598 0.0140016
  169 168.5 32.2753 0.0140084
  170 169.5 32.4066 0.0140654
  171 170.5 32.4244 0.0140731
  172 171.5 32.4167 0.0140697
  173 172.5 32.4297 0.0140754
  174 173.5 32.4888 0.014101
  175 174.5 32.5225 0.0141157
  176 175.5 32.4615 0.0140892
  177 176.5 32.531 0.0141193
  178 177.5 32.5924 0.014146
  179 178.5 32.5819 0.0141415
  180 179.5 32.5027 0.0141071
  181 180.5 32.5704 0.0141365
  182 181.5 32.6097 0.0141535
  183 182.5 32.5181 0.0141138
  184 183.5 32.6436 0.0141682
  185 184.5 32.623 0.0141593
  186 185.5 32.5867 0.0141435
  187 186.5 32.5054 0.0141082
  188 187.5 32.6211 0.0141585
  189 188.5 32.6725 0.0141808
  190 189.5 32.6135 0.0141552
  191 190.5 32.6266 0.0141608
  192 191.5 32.7393 0.0142098
  193 192.5 32.7386 0.0142094
  194 193.5 32.6154 0.014156
  195 194.5 32.5938 0.0141466
  196 195.5 32.715 0.0141992
  197 196.5 32.6115 0.0141543
  198 197.5 32.5392 0.0141229
  199 198.5 32.5888 0.0141445
  200 199.5 32.6466 0.0141695
  201 200.5 32.5543 0.0141295
  202 201.5 32.5235 0.0141161
  203 202.5 32.5875 0.0141439
  204 203.5 32.5515 0.0141282
  205 204.5 32.5478 0.0141266
  206 205.5 32.5948 0.0141471
  207 206.5 32.5897 0.0141448
  208 207.5 32.5509 0.014128
  209 208.5 32.6142 0.0141555
  210 209.5 32.6542 0.0141728
  211 210.5 32.5826 0.0141417
  212 211.5 32.6277 0.0141613
  213 212.5 32.6856 0.0141864
  214 213.5 32.6174 0.0141569
  215 214.5 32.5478 0.0141266
  216 215.5 32.6024 0.0141504
  217 216.5 32.5763 0.014139
  218 217.5 32.4997 0.0141058
  219 218.5 32.4907 0.0141019
  220 219.5 32.6573 0.0141742
  221 220.5 32.5724 0.0141373
  222 221.5 32.4763 0.0140956
  223 222.5 32.639 0.0141662
  224 223.5 32.6277 0.0141613
  225 224.5 32.5787 0.0141401
  226 225.5 32.585 0.0141428
  227 226.5 32.6143 0.0141555
  228 227.5 32.6512 0.0141715
  229 228.5 32.5906 0.0141452
  230 229.5 32.6355 0.0141647
  231 230.5 32.5883 0.0141442
  232 231.5 32.6354 0.0141647
  233 232.5 32.6166 0.0141565
  234 233.5 32.5655 0.0141343
  235 234.5 32.5638 0.0141336
  236 235.5 32.5673 0.0141351
  237 236.5 32.627 0.014161
  238 237.5 32.4806 0.0140975
  239 238.5 32.5116 0.0141109
  240 239.5 32.5324 0.01412
  241 240.5 32.5299 0.0141189
  242 241.5 32.5043 0.0141078
  243 242.5 32.445 0.014082
  244 243.5 32.5228 0.0141158
  245 244.5 32.4831 0.0140986
  246 245.5 32.4867 0.0141001
  247 246.5 32.4547 0.0140862
  248 247.5 32.4659 0.0140911
  249 248.5 32.4664 0.0140913
  250 249.5 32.4158 0.0140693
  251 250.5 32.3503 0.0140409
  252 251.5 32.4241 0.014073
  253 252.5 32.3995 0.0140623
  254 253.5 32.3436 0.014038
  255 254.5 32.3941 0.0140599
  256 255.5 32.3402 0.0140366
  257 256.5 32.2889 0.0140143
  258 257.5 32.3684 0.0140488
  259 258.5 32.3284 0.0140314
  260 259.5 32.2942 0.0140166
  261 260.5 32.3234 0.0140293
  262 261.5 32.379 0.0140534
  263 262.5 32.3408 0.0140368
  264 263.5 32.376 0.0140521
  265 264.5 32.3961 0.0140608
  266 265.5 32.4018 0.0140633
  267 266.5 32.3876 0.0140571
  268 267.5 32.4341 0.0140773
  269 268.5 32.4091 0.0140665
  270 269.5 32.4825 0.0140983
  271 270.5 32.4619 0.0140894
  272 271.5 32.4542 0.014086
  273 272.5 32.4578 0.0140876
  274 273.5 32.4762 0.0140956
  275 274.5 32.4097 0.0140667
  276 275.5 32.483 0.0140985
  277 276.5 32.502 0.0141068
  278 277.5 32.4267 0.0140741
  279 278.5 32.4983 0.0141052
  280 279.5 32.4526 0.0140853
  281 280.5 32.5496 0.0141274
  282 281.5 32.471 0.0140933
  283 282.5 32.4438 0.0140815
  284 283.5 32.5618 0.0141327
  285 284.5 32.5192 0.0141142
  286 285.5 32.4595 0.0140883
  287 286.5 32.4831 0.0140986
  288 287.5 32.5293 0.0141186
  289 288.5 32.4374 0.0140787
  290 289.5 32.405 0.0140647
  291 290.5 32.4532 0.0140856
  292 291.5 32.403 0.0140638
  293 292.5 32.3743 0.0140513
  294 293.5 32.394 0.0140599
  295 294.5 32.2869 0.0140134
  296 295.5 32.266 0.0140043
  297 296.5 32.1646 0.0139603
  298 297.5 32.078 0.0139228
  299 298.5 31.8682 0.0138317
  300 299.5 31.6806 0.0137503
  301 300.5 31.4521 0.0136511
  302 301.5 31.1032 0.0134996
  303 302.5 30.559 0.0132634
  304 303.5 29.8967 0.012976
  305 304.5 29.0313 0.0126004
  306 305.5 27.8935 0.0121066
  307 306.5 26.4396 0.0114755
  308 307.5 24.7028 0.0107217
  309 308.5 22.5402 0.00978306
  310 309.5 20.2286 0.0087798
  311 310.5 17.7394 0.00769939
  312 311.5 15.0719 0.00654163
  313 312.5 12.5531 0.00544841
  314 313.5 10.2124 0.00443248
  315 314.5 8.10669 0.00351853
  316 315.5 6.36071 0.00276073
  317 316.5 5.0047 0.00217218
  318 317.5 3.90829 0.00169631
  319 318.5 3.09458 0.00134314
  320 319.5 2.52348 0.00109526
  321 320.5 2.07662 0.000901309
  322 321.5 1.75132 0.000760122
  323 322.5 1.48071 0.00064267
  324 323.5 1.28853 0.000559257
  325 324.5 1.14968 0.000498993
  326 325.5 1.04248 0.000452465
  327 326.5 0.968096 0.000420181
  328 327.5 0.901264 0.000391174
  329 328.5 0.85416 0.000370729
  330 329.5 0.81648 0.000354375
  331 330.5 0.785624 0.000340983
  332 331.5 0.77976 0.000338437
  333 332.5 0.766648 0.000332747
  334 333.5 0.75832 0.000329132
  335 334.5 0.756544 0.000328361
  336 335.5 0.747536 0.000324451
  337 336.5 0.747784 0.000324559
  338 337.5 0.738464 0.000320514
  339 338.5 0.740168 0.000321253
  340 339.5 0.73132 0.000317413
  341 340.5 0.720576 0.00031275
  342 341.5 0.726592 0.000315361
  343 342.5 0.73124 0.000317378
  344 343.5 0.732416 0.000317889
  345 344.5 0.718608 0.000311896
  346 345.5 0.719728 0.000312382
  347 346.5 0.711632 0.000308868
  348 347.5 0.70984 0.00030809
  349 348.5 0.717048 0.000311219
  350 349.5 0.724848 0.000314604
  351 350.5 0.729312 0.000316542
  352 351.5 0.726232 0.000315205
  353 352.5 0.714144 0.000309958
  354 353.5 0.71016 0.000308229
  355 354.5 0.72668 0.000315399
  356 355.5 0.729256 0.000316517
  357 356.5 0.7318 0.000317622
  358 357.5 0.730304 0.000316972
  359 358.5 0.721208 0.000313024
  360 359.5 0.71708 0.000311233
  361 360.5 0.727568 0.000315785
  362 361.5 0.72748 0.000315747
  363 362.5 0.728048 0.000315993
  364 363.5 0.731512 0.000317497
  365 364.5 0.72356 0.000314045
  366 365.5 0.717888 0.000311583
  367 366.5 0.718944 0.000312042
  368 367.5 0.728096 0.000316014
  369 368.5 0.73724 0.000319983
  370 369.5 0.740912 0.000321576
  371 370.5 0.743328 0.000322625
  372 371.5 0.73932 0.000320885
  373 372.5 0.723264 0.000313917
  374 373.5 0.733568 0.000318389
  375 374.5 0.742296 0.000322177
  376 375.5 0.75288 0.000326771
  377 376.5 0.746352 0.000323938
  378 377.5 0.748536 0.000324885
  379 378.5 0.741104 0.00032166
  380 379.5 0.737008 0.000319882
  381 380.5 0.745496 0.000323566
  382 381.5 0.753392 0.000326993
  383 382.5 0.74988 0.000325469
  384 383.5 0.75028 0.000325642
  385 384.5 0.733816 0.000318497
  386 385.5 0.74344 0.000322674
  387 386.5 0.743552 0.000322722
  388 387.5 0.72144 0.000313125
  389 388.5 0.729976 0.00031683
  390 389.5 0.72952 0.000316632
  391 390.5 0.723864 0.000314177
  392 391.5 0.717032 0.000311212
  393 392.5 0.723704 0.000314108
  394 393.5 0.711368 0.000308753
  395 394.5 0.719224 0.000312163
  396 395.5 0.726288 0.000315229
  397 396.5 0.711432 0.000308781
  398 397.5 0.71908 0.000312101
  399 398.5 0.728408 0.000316149
  400 399.5 0.725856 0.000315042
  401 400.5 0.726 0.000315104
  402 401.5 0.738448 0.000320507
  403 402.5 0.7332 0.000318229
  404 403.5 0.737224 0.000319976
  405 404.5 0.729856 0.000316778
  406 405.5 0.74096 0.000321597
  407 406.5 0.75136 0.000326111
  408 407.5 0.7468 0.000324132
  409 408.5 0.74244 0.00032224
  410 409.5 0.752064 0.000326417
  411 410.5 0.745688 0.000323649
  412 411.5 0.757288 0.000328684
  413 412.5 0.755216 0.000327785
  414 413.5 0.756696 0.000328427
  415 414.5 0.74716 0.000324288
  416 415.5 0.750864 0.000325896
  417 416.5 0.758288 0.000329118
  418 417.5 0.748688 0.000324951
  419 418.5 0.75296 0.000326806
  420 419.5 0.744232 0.000323017
  421 420.5 0.74384 0.000322847
  422 421.5 0.759856 0.000329799
  423 422.5 0.74972 0.000325399
  424 423.5 0.756048 0.000328146
  425 424.5 0.739384 0.000320913
  426 425.5 0.739504 0.000320965
  427 426.5 0.745216 0.000323444
  428 427.5 0.746624 0.000324056
  429 428.5 0.737784 0.000320219
  430 429.5 0.747312 0.000324354
  431 430.5 0.742656 0.000322333
  432 431.5 0.743344 0.000322632
  433 432.5 0.73316 0.000318212
  434 433.5 0.74636 0.000323941
  435 434.5 0.743144 0.000322545
  436 435.5 0.751992 0.000326385
  437 436.5 0.73892 0.000320712
  438 437.5 0.738872 0.000320691
  439 438.5 0.74184 0.000321979
  440 439.5 0.74824 0.000324757
  441 440.5 0.755744 0.000328014
  442 441.5 0.743336 0.000322628
  443 442.5 0.744016 0.000322924
  444 443.5 0.73968 0.000321042
  445 444.5 0.732776 0.000318045
  446 445.5 0.7294 0.00031658
  447 446.5 0.751792 0.000326299
  448 447.5 0.759864 0.000329802
  449 448.5 0.76372 0.000331476
  450 449.5 0.773824 0.000335861
  451 450.5 0.791648 0.000343597
  452 451.5 0.819032 0.000355483
  453 452.5 0.843528 0.000366115
  454 453.5 0.885128 0.00038417
  455 454.5 0.936064 0.000406278
  456 455.5 0.986512 0.000428174
  457 456.5 1.04326 0.000452802
  458 457.5 1.15282 0.000500354
  459 458.5 1.25206 0.000543427
  460 459.5 1.37378 0.000596257
  461 460.5 1.5058 0.000653559
  462 461.5 1.67829 0.000728424
  463 462.5 1.82063 0.000790205
  464 463.5 1.96416 0.0008525
  465 464.5 2.10378 0.000913097
  466 465.5 2.21435 0.00096109
  467 466.5 2.31903 0.00100652
  468 467.5 2.38152 0.00103365
  469 468.5 2.40881 0.00104549
  470 469.5 2.42642 0.00105313
  471 470.5 2.43814 0.00105822
  472 471.5 2.39278 0.00103853
  473 472.5 2.35481 0.00102205
  474 473.5 2.30373 0.000999882
  475 474.5 2.21306 0.000960531
  476 475.5 2.12466 0.00092216
  477 476.5 2.0627 0.000895267
  478 477.5 2.01196 0.000873247
  479 478.5 1.97928 0.000859063
  480 479.5 1.94301 0.000843319
