# Chunk-averaged data for fix tensor1 and group all
# Timestep Number-of-chunks Total-count
# Chunk Coord1 Ncount density/number c_press[1] c_press[2] c_press[3]
40000000 624 13999.00000000002
  1 0.5 26.2366 0.0113874 3714.55 3701.8 -1580.5
  2 1.5 27.5288 0.0119483 3301.41 3331.96 -2053.49
  3 2.5 28.5371 0.0123859 2814.15 2869.48 -2366.28
  4 3.5 29.3708 0.0127477 2315.34 2311.76 -2489.59
  5 4.5 30.0189 0.0130291 1826.16 1797.61 -2498.56
  6 5.5 30.4643 0.0132223 1311.43 1335.19 -2522.49
  7 6.5 30.8409 0.0133858 889.502 847.584 -2397.07
  8 7.5 31.1182 0.0135062 500.563 488.685 -2245.09
  9 8.5 31.3395 0.0136022 217.955 214.929 -2052.33
  10 9.5 31.493 0.0136688 -70.4446 -34.6277 -1941.19
  11 10.5 31.6184 0.0137232 -286.551 -200.102 -1753.8
  12 11.5 31.7193 0.0137671 -390.538 -390.949 -1586.67
  13 12.5 31.7707 0.0137894 -439.155 -564.637 -1522.83
  14 13.5 31.8319 0.0138159 -579.655 -639.681 -1394.63
  15 14.5 31.8681 0.0138316 -638.834 -697.71 -1278.93
  16 15.5 31.9068 0.0138484 -734.106 -768.119 -1205.45
  17 16.5 31.9271 0.0138573 -776.219 -753.976 -1172.14
  18 17.5 31.932 0.0138594 -743.003 -780.081 -1094.72
  19 18.5 31.9474 0.013866 -786.899 -853.031 -1082.21
  20 19.5 31.9709 0.0138762 -836.535 -883.671 -1075.09
  21 20.5 31.9598 0.0138714 -860.15 -858.712 -985.841
  22 21.5 31.9574 0.0138704 -883.772 -852.568 -1012.74
  23 22.5 32.008 0.0138923 -884.648 -917.43 -991.714
  24 23.5 31.9979 0.013888 -956.107 -930.316 -944.573
  25 24.5 31.9841 0.013882 -836.406 -839.011 -925.942
  26 25.5 32.0012 0.0138894 -947.696 -1004.5 -999.447
  27 26.5 32.0241 0.0138994 -976.376 -935.643 -979.64
  28 27.5 31.9987 0.0138883 -967.797 -959.33 -916.652
  29 28.5 32.0183 0.0138968 -932.189 -945.919 -943.451
  30 29.5 32.0152 0.0138955 -955.654 -986.724 -964.452
  31 30.5 32.0153 0.0138955 -966.242 -978.765 -945.767
  32 31.5 32.0052 0.0138911 -950.139 -956.971 -926.552
  33 32.5 32.0197 0.0138974 -975.329 -1002.29 -914.365
  34 33.5 32.0029 0.0138901 -931.832 -898.389 -987.217
  35 34.5 32.0061 0.0138915 -993.769 -949.816 -950.368
  36 35.5 32.0051 0.0138911 -967.408 -961.87 -896.629
  37 36.5 32.0165 0.0138961 -967.267 -954.539 -930.466
  38 37.5 32.0114 0.0138938 -964.833 -939.431 -1018.04
  39 38.5 31.9934 0.013886 -892.851 -928.145 -901.734
  40 39.5 32.0211 0.013898 -885.612 -893.09 -883.145
  41 40.5 32.0194 0.0138973 -908.888 -946.36 -977.147
  42 41.5 32.0117 0.013894 -907.401 -941.621 -946.142
  43 42.5 32.0029 0.0138902 -900.228 -924.044 -918.097
  44 43.5 32.0171 0.0138963 -882.873 -901.72 -930.623
  45 44.5 32.0174 0.0138965 -976.588 -975.521 -955.508
  46 45.5 32.0223 0.0138986 -944.358 -949.147 -913.369
  47 46.5 31.9964 0.0138873 -958.818 -952.183 -966.725
  48 47.5 32.0151 0.0138955 -907.557 -964.926 -938.491
  49 48.5 32.0321 0.0139028 -892.863 -921.524 -890.738
  50 49.5 32.0246 0.0138996 -921.782 -973.192 -952.508
  51 50.5 32.0162 0.0138959 -902.026 -970.546 -931.053
  52 51.5 32.0138 0.0138949 -903.196 -902.141 -933.199
  53 52.5 32.0296 0.0139017 -921.193 -944.51 -967.309
  54 53.5 32.0169 0.0138962 -929.08 -949.618 -888.957
  55 54.5 32.022 0.0138985 -1004.64 -954.625 -994.916
  56 55.5 32.0245 0.0138995 -1002.77 -934.941 -936.184
  57 56.5 32.0334 0.0139034 -940.626 -949.349 -922.141
  58 57.5 32.0251 0.0138998 -858.968 -898.627 -904.536
  59 58.5 32.0151 0.0138955 -927.118 -931.635 -989.23
  60 59.5 32.0176 0.0138965 -926.547 -858.366 -924.166
  61 60.5 32.0313 0.0139025 -942.95 -886.135 -895.296
  62 61.5 32.0307 0.0139022 -961.444 -964.598 -972.632
  63 62.5 32.0157 0.0138957 -964.591 -937.548 -966.372
  64 63.5 32.0283 0.0139012 -954.548 -915.583 -896.014
  65 64.5 32.0239 0.0138992 -946.259 -923.988 -947.52
  66 65.5 32.0267 0.0139005 -937.469 -906.429 -929.685
  67 66.5 32.0175 0.0138965 -902.014 -864.393 -943.961
  68 67.5 32.0374 0.0139051 -962.089 -955.132 -937.607
  69 68.5 32.0142 0.0138951 -928.219 -932.424 -934.004
  70 69.5 32.0248 0.0138997 -980.628 -942.618 -949.437
  71 70.5 32.023 0.0138989 -949.615 -960.953 -956.555
  72 71.5 32.0318 0.0139027 -899.507 -959.765 -923.987
  73 72.5 32.0212 0.0138981 -938.684 -903.241 -930.832
  74 73.5 32.0184 0.0138969 -912.788 -949.524 -975.252
  75 74.5 32.0329 0.0139032 -964.957 -912.915 -907.006
  76 75.5 32.0369 0.0139049 -955.387 -929.565 -905.995
  77 76.5 32.0196 0.0138974 -951.176 -947.191 -985.535
  78 77.5 32.0049 0.013891 -918.87 -872.716 -932.939
  79 78.5 32.036 0.0139045 -905.163 -900.358 -900.471
  80 79.5 32.032 0.0139028 -915.023 -911.995 -929.605
  81 80.5 31.9787 0.0138796 -959.518 -980.64 -975.579
  82 81.5 32.0251 0.0138998 -900.476 -913.655 -920.391
  83 82.5 32.039 0.0139058 -938.913 -939.727 -949.477
  84 83.5 32.0086 0.0138926 -965.789 -923.424 -928.057
  85 84.5 31.9822 0.0138812 -900.535 -913.591 -943.374
  86 85.5 32.0339 0.0139036 -930.252 -854.915 -950.679
  87 86.5 32.0236 0.0138991 -965.728 -882.91 -937.516
  88 87.5 32.0034 0.0138904 -890.604 -874.312 -891.712
  89 88.5 32.0188 0.0138971 -908.69 -929.24 -946.184
  90 89.5 31.9935 0.0138861 -917.943 -917.634 -953.006
  91 90.5 32.02 0.0138976 -947.729 -981.127 -927.569
  92 91.5 32.0248 0.0138996 -938.001 -931.278 -968.57
  93 92.5 32.0009 0.0138893 -887.259 -871.117 -909.016
  94 93.5 31.9967 0.0138875 -891.459 -914.773 -947.262
  95 94.5 32.0186 0.0138969 -898.769 -896.415 -925.254
  96 95.5 32.0161 0.0138959 -908.198 -908.161 -935.844
  97 96.5 31.9899 0.0138845 -928.333 -947.402 -936.657
  98 97.5 32.0047 0.0138909 -962.452 -868.527 -946.287
  99 98.5 32.0059 0.0138915 -951.648 -955.045 -952.148
  100 99.5 32.0095 0.013893 -967.033 -953.702 -912.432
  101 100.5 31.9909 0.0138849 -898.337 -931.089 -925.863
  102 101.5 31.9989 0.0138884 -928.176 -943.756 -942.373
  103 102.5 32.0103 0.0138934 -918.933 -959.465 -916.122
  104 103.5 32.0049 0.013891 -907.713 -953.456 -946.605
  105 104.5 31.975 0.013878 -926.568 -966.925 -957.793
  106 105.5 32.0035 0.0138904 -897.792 -932.796 -907.995
  107 106.5 32.0147 0.0138953 -954.155 -976.438 -949.221
  108 107.5 32.0216 0.0138983 -904.425 -915.187 -901.521
  109 108.5 31.9842 0.013882 -947.014 -933.547 -963.557
  110 109.5 32.0111 0.0138937 -885.863 -972.577 -931.092
  111 110.5 32.0183 0.0138968 -888.273 -951.807 -935.462
  112 111.5 32.0198 0.0138975 -954.083 -951.675 -927.16
  113 112.5 31.9853 0.0138825 -945.053 -918.019 -952.764
  114 113.5 32.0152 0.0138955 -948.298 -924.603 -926.409
  115 114.5 32.0205 0.0138978 -907.559 -929.614 -938.996
  116 115.5 32.035 0.0139041 -962.388 -885.138 -927.209
  117 116.5 31.9864 0.013883 -877.575 -969.996 -967.218
  118 117.5 32.0402 0.0139063 -917.258 -917.086 -910.081
  119 118.5 32.0333 0.0139034 -924.701 -929.158 -903.594
  120 119.5 32.0196 0.0138974 -950.313 -971.272 -1003.46
  121 120.5 32.0138 0.0138949 -896.424 -908.481 -968.633
  122 121.5 32.0656 0.0139174 -859.307 -930.48 -869.46
  123 122.5 32.0322 0.0139029 -909.569 -944.662 -957.422
  124 123.5 32.0353 0.0139042 -901.065 -934.688 -955.142
  125 124.5 32.0366 0.0139048 -912.002 -934.971 -961.234
  126 125.5 32.0561 0.0139132 -860.312 -883.057 -900.839
  127 126.5 32.0166 0.0138961 -881.43 -905.383 -957.922
  128 127.5 32.0231 0.0138989 -902.807 -877.079 -943.25
  129 128.5 32.0476 0.0139095 -899.458 -891.513 -905.476
  130 129.5 32.0462 0.013909 -929.259 -969.723 -983.149
  131 130.5 32.0212 0.0138981 -905.172 -887.839 -890.666
  132 131.5 31.9994 0.0138886 -871.985 -924.459 -932.664
  133 132.5 32.034 0.0139037 -852.847 -924.153 -956.473
  134 133.5 32.0482 0.0139098 -888.933 -922.582 -938.021
  135 134.5 31.9851 0.0138824 -949.981 -952.416 -967.049
  136 135.5 32.0559 0.0139132 -969.931 -933.14 -891.779
  137 136.5 32.0386 0.0139057 -918.854 -961.533 -945.321
  138 137.5 32.033 0.0139032 -918.679 -897.472 -916.729
  139 138.5 32.0037 0.0138905 -953.745 -944.382 -965.147
  140 139.5 32.0621 0.0139158 -1008.46 -1032.4 -936.352
  141 140.5 32.0351 0.0139041 -985.698 -964.085 -938.646
  142 141.5 32.0253 0.0138999 -955.099 -991.854 -954.049
  143 142.5 32.027 0.0139006 -919.911 -954.596 -920.744
  144 143.5 32.0587 0.0139144 -913.862 -981.958 -910.36
  145 144.5 32.0211 0.0138981 -929.279 -975.754 -966.846
  146 145.5 32.026 0.0139002 -956.918 -977.483 -943.573
  147 146.5 32.0336 0.0139035 -987.177 -967.914 -915.743
  148 147.5 32.0357 0.0139044 -948.076 -920.434 -911.733
  149 148.5 32.0195 0.0138974 -932.161 -952.483 -958.832
  150 149.5 32.0296 0.0139017 -951.732 -981.283 -959.799
  151 150.5 32.0471 0.0139093 -970.878 -979.194 -922.416
  152 151.5 32.0352 0.0139042 -993.75 -968.326 -928.888
  153 152.5 32.0349 0.013904 -979.458 -982.266 -948.2
  154 153.5 32.0253 0.0138999 -925.757 -966.528 -936.694
  155 154.5 32.0557 0.0139131 -846.435 -900.253 -926.739
  156 155.5 32.0203 0.0138977 -907.673 -944.931 -901.885
  157 156.5 32.0348 0.013904 -936.296 -983.091 -977.351
  158 157.5 32.0463 0.013909 -913.794 -962.387 -925.949
  159 158.5 32.0079 0.0138923 -987.384 -927.633 -955.009
  160 159.5 32.0393 0.0139059 -997.915 -923.56 -950.007
  161 160.5 32.0541 0.0139124 -935.617 -891.993 -894.481
  162 161.5 32.0185 0.0138969 -965.051 -936.315 -935.392
  163 162.5 32.0293 0.0139016 -977.349 -958.339 -939.063
  164 163.5 32.045 0.0139084 -994.939 -953.157 -962.902
  165 164.5 32.032 0.0139028 -943.033 -929.384 -929.933
  166 165.5 32.0228 0.0138988 -885.514 -996.111 -917.577
  167 166.5 32.0344 0.0139038 -920.974 -924.585 -937.418
  168 167.5 32.0372 0.013905 -979.81 -904.836 -962.136
  169 168.5 32.0166 0.0138961 -992.793 -917.515 -943.666
  170 169.5 32.0495 0.0139104 -905.914 -895.778 -884.605
  171 170.5 32.0482 0.0139098 -918.708 -962.942 -952.706
  172 171.5 32.0277 0.0139009 -930.117 -951.354 -944.963
  173 172.5 32.0165 0.013896 -952.752 -951.175 -925.112
  174 173.5 32.0537 0.0139122 -1022.59 -938.157 -959.557
  175 174.5 32.0455 0.0139086 -935.053 -932.589 -939.003
  176 175.5 32.0347 0.013904 -952.262 -978.275 -963.908
  177 176.5 32.0337 0.0139035 -980.271 -955.591 -913.935
  178 177.5 32.0523 0.0139116 -899.445 -964.967 -925.861
  179 178.5 32.0213 0.0138982 -907.203 -983.606 -973.051
  180 179.5 32.0318 0.0139027 -929.601 -954.025 -996.472
  181 180.5 32.0477 0.0139096 -908.893 -947.029 -932.68
  182 181.5 32.0373 0.0139051 -910.87 -944.277 -949.12
  183 182.5 32.0399 0.0139062 -893.527 -904.439 -957.817
  184 183.5 32.0071 0.013892 -898.144 -925.513 -1055.83
  185 184.5 32.0143 0.0138951 -865.81 -847.314 -987.295
  186 185.5 32.0181 0.0138968 -814.875 -849.036 -985.66
  187 186.5 32.014 0.013895 -873.174 -881.168 -1095.63
  188 187.5 32.0047 0.0138909 -805.216 -869.16 -1083.5
  189 188.5 31.9769 0.0138788 -807.848 -865.675 -1104.26
  190 189.5 31.965 0.0138737 -785.284 -765.183 -1174.22
  191 190.5 31.9462 0.0138656 -712.384 -700.118 -1212.7
  192 191.5 31.895 0.0138433 -676.277 -632.22 -1278.28
  193 192.5 31.8349 0.0138172 -582.656 -553.697 -1341.76
  194 193.5 31.7858 0.0137959 -458.252 -405.692 -1406.47
  195 194.5 31.7287 0.0137711 -392.272 -411.722 -1464.29
  196 195.5 31.593 0.0137122 -208.27 -253.985 -1582.7
  197 196.5 31.475 0.013661 -23.5484 -80.2017 -1516.52
  198 197.5 31.3104 0.0135896 164.256 174.622 -1653.63
  199 198.5 31.0872 0.0134927 370.187 406.245 -1569.92
  200 199.5 30.8402 0.0133855 614.518 581.817 -1479.45
  201 200.5 30.4913 0.0132341 788.656 759.57 -1347.54
  202 201.5 30.1095 0.0130684 949.665 885.929 -1022.59
  203 202.5 29.7011 0.0128911 972.467 899.079 -674.768
  204 203.5 29.2407 0.0126913 940.6 897.323 -259.852
  205 204.5 28.8218 0.0125095 790.623 812.206 210.699
  206 205.5 28.4185 0.0123344 630.722 635.188 592.387
  207 206.5 28.1741 0.0122284 440.677 471.41 894.692
  208 207.5 28.0819 0.0121883 492.813 480.114 1083.48
  209 208.5 28.1406 0.0122138 551.346 503.847 988.321
  210 209.5 28.4066 0.0123293 683.77 689.6 800.342
  211 210.5 28.809 0.0125039 895.892 864.357 424.254
  212 211.5 29.2877 0.0127117 1142.12 1159.96 19.8109
  213 212.5 29.8061 0.0129367 1259.81 1251.04 -480.628
  214 213.5 30.2558 0.0131318 1220.41 1255.58 -909.914
  215 214.5 30.7088 0.0133285 1081.91 1111.43 -1257.64
  216 215.5 31.0922 0.0134949 890.805 933.422 -1470.07
  217 216.5 31.4044 0.0136304 633.724 640.163 -1629.8
  218 217.5 31.609 0.0137192 416.173 400.772 -1676.06
  219 218.5 31.8276 0.0138141 100.255 133.654 -1693.25
  220 219.5 31.998 0.013888 -72.9758 -68.3486 -1650.87
  221 220.5 32.0816 0.0139243 -211.254 -209.279 -1531.53
  222 221.5 32.1898 0.0139713 -329.585 -391.725 -1493.9
  223 222.5 32.2751 0.0140083 -534.509 -565.164 -1431
  224 223.5 32.2949 0.0140169 -577.849 -569.255 -1295.28
  225 224.5 32.3577 0.0140441 -684.031 -651.194 -1179.37
  226 225.5 32.3847 0.0140558 -729.33 -706.335 -1239.26
  227 226.5 32.3889 0.0140577 -793.092 -784.741 -1167.98
  228 227.5 32.4032 0.0140639 -885.118 -866.286 -1129.35
  229 228.5 32.4429 0.0140811 -875.985 -838.232 -1026.7
  230 229.5 32.4584 0.0140879 -865.361 -862.605 -1022.22
  231 230.5 32.4403 0.01408 -857.832 -845.525 -981.458
  232 231.5 32.449 0.0140838 -894.667 -865.088 -990.958
  233 232.5 32.4685 0.0140922 -873.065 -911.945 -966.753
  234 233.5 32.4476 0.0140832 -928.448 -882.117 -987.467
  235 234.5 32.4632 0.0140899 -918.496 -867.106 -954.248
  236 235.5 32.4652 0.0140908 -927.936 -858.185 -895.528
  237 236.5 32.4791 0.0140968 -954.273 -880.804 -946.672
  238 237.5 32.4537 0.0140858 -883.68 -892.014 -926.017
  239 238.5 32.4772 0.014096 -912.558 -890.998 -944.335
  240 239.5 32.4762 0.0140956 -907.582 -926.897 -913.166
  241 240.5 32.4763 0.0140956 -941.394 -917.048 -958.583
  242 241.5 32.4719 0.0140937 -882.088 -952.885 -912.038
  243 242.5 32.4871 0.0141003 -910.407 -909.899 -925.94
  244 243.5 32.4982 0.0141051 -885.131 -969.539 -910.266
  245 244.5 32.4637 0.0140901 -904.852 -912.242 -921.332
  246 245.5 32.4642 0.0140904 -934.141 -897.829 -953.141
  247 246.5 32.5113 0.0141108 -902.842 -837.851 -927.437
  248 247.5 32.4863 0.0141 -851.016 -853.623 -899.399
  249 248.5 32.4684 0.0140922 -865.544 -849.635 -902.075
  250 249.5 32.4904 0.0141017 -883.261 -903.925 -955.243
  251 250.5 32.503 0.0141072 -900.221 -911.472 -942.227
  252 251.5 32.4802 0.0140973 -873.12 -900.583 -915.527
  253 252.5 32.4839 0.0140989 -841.372 -871.452 -908.966
  254 253.5 32.5068 0.0141089 -865.159 -868.607 -931.415
  255 254.5 32.4985 0.0141053 -957.217 -938.167 -927.815
  256 255.5 32.4811 0.0140977 -969.966 -937.398 -914.894
  257 256.5 32.4978 0.014105 -921.235 -977.531 -914.489
  258 257.5 32.5163 0.014113 -974.558 -980.45 -933.895
  259 258.5 32.487 0.0141003 -996.052 -945.554 -927.187
  260 259.5 32.4796 0.0140971 -963.299 -927.605 -955.863
  261 260.5 32.5092 0.0141099 -960.771 -936.546 -916.262
  262 261.5 32.5059 0.0141085 -1005.25 -973.151 -923.595
  263 262.5 32.4937 0.0141032 -995.964 -975.882 -879.2
  264 263.5 32.4942 0.0141034 -1038.65 -995.026 -967.118
  265 264.5 32.5076 0.0141092 -968.643 -910.179 -940.958
  266 265.5 32.4765 0.0140957 -937.228 -958.726 -895.161
  267 266.5 32.4836 0.0140988 -895.319 -949.778 -912.95
  268 267.5 32.4963 0.0141043 -874.232 -896.118 -927.962
  269 268.5 32.4851 0.0140994 -909.233 -896.591 -910.881
  270 269.5 32.4655 0.0140909 -861.948 -877.146 -920.752
  271 270.5 32.4941 0.0141034 -901.403 -895.796 -907.467
  272 271.5 32.4658 0.0140911 -953.725 -904.723 -959.223
  273 272.5 32.4902 0.0141017 -958.292 -958.382 -914.913
  274 273.5 32.4763 0.0140956 -889.569 -884.183 -894.094
  275 274.5 32.4852 0.0140995 -931.38 -927.261 -949.437
  276 275.5 32.4897 0.0141014 -899.709 -972.461 -901.126
  277 276.5 32.4727 0.0140941 -901.855 -949.706 -917.93
  278 277.5 32.5066 0.0141088 -892.263 -922.13 -930.641
  279 278.5 32.4839 0.0140989 -849.659 -887.345 -922.676
  280 279.5 32.483 0.0140985 -882.108 -899.311 -904.095
  281 280.5 32.4946 0.0141035 -904.774 -915.719 -923.145
  282 281.5 32.4916 0.0141022 -913.725 -939.793 -949.675
  283 282.5 32.4789 0.0140967 -925.509 -871.241 -905.962
  284 283.5 32.4848 0.0140993 -896.173 -928.942 -940.228
  285 284.5 32.4928 0.0141028 -926.653 -893.682 -923.341
  286 285.5 32.4761 0.0140955 -955.289 -880.545 -900.617
  287 286.5 32.4759 0.0140955 -985.774 -918.476 -955.28
  288 287.5 32.4801 0.0140973 -910.603 -932.399 -944.942
  289 288.5 32.5007 0.0141062 -892.134 -849.316 -898.897
  290 289.5 32.4727 0.014094 -890.863 -863.617 -883.091
  291 290.5 32.4717 0.0140936 -848.944 -868.21 -942.359
  292 291.5 32.4867 0.0141001 -913.407 -917.255 -949.923
  293 292.5 32.481 0.0140976 -922.784 -910.239 -909.195
  294 293.5 32.4724 0.0140939 -949.169 -912.327 -904.706
  295 294.5 32.4779 0.0140963 -928.978 -968.383 -943.857
  296 295.5 32.4664 0.0140913 -906.398 -958.467 -946.78
  297 296.5 32.492 0.0141024 -864.888 -890.663 -893.886
  298 297.5 32.4695 0.0140927 -867.63 -961.346 -910.432
  299 298.5 32.4658 0.014091 -913.23 -924.194 -946.613
  300 299.5 32.4702 0.014093 -889.045 -919.058 -932.517
  301 300.5 32.4758 0.0140954 -906.242 -900.565 -900.721
  302 301.5 32.447 0.0140829 -875.629 -841.636 -921.602
  303 302.5 32.4798 0.0140971 -914.827 -854.483 -953.993
  304 303.5 32.4838 0.0140989 -886.909 -821.971 -892.68
  305 304.5 32.4634 0.01409 -902.035 -833.204 -913.861
  306 305.5 32.455 0.0140864 -928.759 -890.841 -921.823
  307 306.5 32.4707 0.0140932 -899.941 -846.868 -926.62
  308 307.5 32.475 0.0140951 -890.73 -877.884 -922.385
  309 308.5 32.4556 0.0140866 -936.176 -895.976 -900.118
  310 309.5 32.4596 0.0140884 -869.8 -907.292 -931.497
  311 310.5 32.4732 0.0140943 -924.68 -965.19 -942.582
  312 311.5 32.4665 0.0140914 -871.057 -895.403 -880.716
  313 312.5 32.4511 0.0140847 -899.033 -838.185 -939.477
  314 313.5 32.4729 0.0140942 -879.678 -921.472 -916.199
  315 314.5 32.4794 0.0140969 -939.993 -895.646 -920.691
  316 315.5 32.4697 0.0140927 -973.578 -920.46 -908.404
  317 316.5 32.4596 0.0140884 -970.343 -949.351 -957.029
  318 317.5 32.4794 0.014097 -888.471 -926.515 -924.685
  319 318.5 32.474 0.0140946 -917.169 -933.153 -923.721
  320 319.5 32.4784 0.0140965 -935.129 -938.398 -919.036
  321 320.5 32.4842 0.0140991 -912.931 -985.352 -921.649
  322 321.5 32.482 0.0140981 -851.762 -904.537 -943.228
  323 322.5 32.4801 0.0140973 -875.479 -896.246 -921.056
  324 323.5 32.4862 0.0140999 -922.552 -903.843 -922.329
  325 324.5 32.4995 0.0141057 -932.343 -953.148 -895.516
  326 325.5 32.4773 0.0140961 -979.121 -931.684 -921.125
  327 326.5 32.4681 0.014092 -921.787 -947.82 -960.698
  328 327.5 32.477 0.0140959 -928.934 -970.646 -951.988
  329 328.5 32.4836 0.0140988 -946.154 -950.809 -888.911
  330 329.5 32.4673 0.0140917 -919.181 -901.027 -918.635
  331 330.5 32.4743 0.0140948 -876.056 -900.94 -921.361
  332 331.5 32.4679 0.014092 -935.522 -923.649 -940.28
  333 332.5 32.4715 0.0140935 -884.535 -919.317 -970.03
  334 333.5 32.4629 0.0140898 -929.975 -923.204 -854.859
  335 334.5 32.4658 0.014091 -913.36 -915.342 -931.566
  336 335.5 32.4504 0.0140844 -820.884 -868.016 -916.959
  337 336.5 32.4484 0.0140835 -870.6 -896.128 -909.134
  338 337.5 32.4458 0.0140824 -958.359 -918.098 -972.66
  339 338.5 32.4618 0.0140893 -907.897 -900.711 -915.731
  340 339.5 32.4573 0.0140874 -897.494 -928.078 -903.893
  341 340.5 32.4446 0.0140819 -935.751 -921.495 -929.532
  342 341.5 32.4644 0.0140904 -933.019 -936.687 -914.924
  343 342.5 32.4605 0.0140887 -922.247 -878.499 -899.462
  344 343.5 32.4295 0.0140753 -994.653 -882.889 -936.916
  345 344.5 32.4534 0.0140857 -896.181 -891.772 -929.221
  346 345.5 32.4526 0.0140853 -851.191 -856.685 -955.966
  347 346.5 32.4372 0.0140786 -879.724 -829.337 -883.219
  348 347.5 32.4466 0.0140827 -893.955 -909.013 -924.123
  349 348.5 32.4486 0.0140836 -929.679 -899.585 -951.689
  350 349.5 32.444 0.0140816 -907.458 -869.496 -896.425
  351 350.5 32.4463 0.0140826 -907.5 -931.237 -935.402
  352 351.5 32.4651 0.0140908 -909.042 -899.201 -909.622
  353 352.5 32.4482 0.0140834 -918.222 -904.33 -933.234
  354 353.5 32.4405 0.0140801 -864.574 -860.225 -923.092
  355 354.5 32.45 0.0140842 -865.091 -844.581 -902.073
  356 355.5 32.4475 0.0140831 -883.263 -936.697 -898.988
  357 356.5 32.4501 0.0140842 -887.252 -962.265 -951.169
  358 357.5 32.448 0.0140833 -927.104 -975.597 -954.832
  359 358.5 32.4542 0.014086 -906.921 -906.073 -872.549
  360 359.5 32.4365 0.0140784 -914.766 -941.005 -938.278
  361 360.5 32.4622 0.0140895 -948.682 -932.426 -975.862
  362 361.5 32.4425 0.0140809 -943.172 -931.727 -908.349
  363 362.5 32.4449 0.014082 -882.635 -895.983 -865.121
  364 363.5 32.4837 0.0140988 -900.102 -926.501 -951.925
  365 364.5 32.4255 0.0140735 -874.037 -896.843 -918.406
  366 365.5 32.464 0.0140903 -906.659 -923.921 -903.157
  367 366.5 32.4618 0.0140893 -960.309 -922.842 -921.034
  368 367.5 32.4761 0.0140955 -980.732 -916.424 -937.777
  369 368.5 32.4467 0.0140828 -1024.69 -994.775 -912.023
  370 369.5 32.4637 0.0140902 -916.646 -982.727 -960.974
  371 370.5 32.4692 0.0140925 -890.102 -937.134 -927.813
  372 371.5 32.4409 0.0140803 -957.22 -888.794 -910.583
  373 372.5 32.4651 0.0140907 -917.678 -958.862 -901.206
  374 373.5 32.4874 0.0141004 -872.355 -870.58 -907.64
  375 374.5 32.4477 0.0140832 -978.386 -968.802 -967.324
  376 375.5 32.4459 0.0140824 -940.765 -866.202 -890.935
  377 376.5 32.4882 0.0141008 -936.192 -930.277 -923.973
  378 377.5 32.4822 0.0140982 -913.534 -903.466 -942.043
  379 378.5 32.4288 0.014075 -912.654 -915.643 -934.399
  380 379.5 32.4571 0.0140873 -858.533 -928.857 -914.464
  381 380.5 32.4971 0.0141046 -908.166 -890.116 -885.832
  382 381.5 32.468 0.014092 -953.572 -939.562 -972.929
  383 382.5 32.44 0.0140798 -910.755 -895.429 -932.937
  384 383.5 32.4874 0.0141004 -912.26 -922.371 -927.421
  385 384.5 32.4831 0.0140986 -872.142 -911.194 -892.756
  386 385.5 32.433 0.0140768 -903.813 -867.482 -915.821
  387 386.5 32.4538 0.0140858 -964.51 -934.733 -969.753
  388 387.5 32.4707 0.0140932 -987.625 -1001.08 -924.542
  389 388.5 32.453 0.0140855 -946.172 -1000.62 -965.272
  390 389.5 32.4631 0.0140899 -953.066 -920.185 -889.4
  391 390.5 32.4578 0.0140876 -857.573 -895.202 -928.36
  392 391.5 32.4477 0.0140832 -867.815 -869.617 -969.788
  393 392.5 32.433 0.0140768 -836.694 -929.333 -987.866
  394 393.5 32.4417 0.0140806 -839.159 -913.544 -962.441
  395 394.5 32.4545 0.0140861 -800.024 -791.411 -961.447
  396 395.5 32.4081 0.014066 -801.615 -853.13 -1018.26
  397 396.5 32.4165 0.0140697 -810.392 -765.17 -1019.68
  398 397.5 32.4224 0.0140722 -775.617 -753.878 -1053.9
  399 398.5 32.3987 0.0140619 -777.935 -743.122 -1168.02
  400 399.5 32.3794 0.0140535 -745.337 -668.783 -1169.2
  401 400.5 32.3443 0.0140383 -743.401 -710.496 -1223.26
  402 401.5 32.3589 0.0140447 -724.493 -715.133 -1330.24
  403 402.5 32.3057 0.0140216 -501.534 -583.778 -1357.44
  404 403.5 32.2219 0.0139852 -450.513 -459.282 -1559.91
  405 404.5 32.1746 0.0139647 -323.363 -318.376 -1707.34
  406 405.5 32.0717 0.01392 -87.8877 -105.848 -1817.5
  407 406.5 31.9587 0.013871 92.8366 124.085 -2004.23
  408 407.5 31.7671 0.0137878 386.215 385.545 -2165.36
  409 408.5 31.5435 0.0136908 725.73 730.505 -2326.18
  410 409.5 31.2557 0.0135659 1121.51 1135.13 -2501.91
  411 410.5 30.8763 0.0134012 1620.87 1643.24 -2606.48
  412 411.5 30.3508 0.0131731 2124.41 2147.02 -2610.52
  413 412.5 29.6552 0.0128712 2747.04 2709.72 -2507.66
  414 413.5 28.8176 0.0125077 3282.95 3282.32 -2321.62
  415 414.5 27.6763 0.0120123 3788.68 3794.53 -1918.63
  416 415.5 26.278 0.0114054 4123.47 4137.49 -1362.16
  417 416.5 24.62 0.0106858 4403.34 4439.33 -736.391
  418 417.5 22.5891 0.00980432 4373.17 4404.25 -27.4615
  419 418.5 20.3463 0.00883088 4136.24 4136.81 784.949
  420 419.5 17.9407 0.00778674 3511.03 3512.69 1400.53
  421 420.5 15.4474 0.00670459 2710.12 2667.19 1943.36
  422 421.5 13.0279 0.00565448 1475.57 1507.79 2212.53
  423 422.5 10.8083 0.00469111 20.0029 36.6541 2180.84
  424 423.5 8.84726 0.00383996 -1524.41 -1502.19 1849.57
  425 424.5 7.19808 0.00312417 -3139.75 -3155.17 1169.2
  426 425.5 5.85945 0.00254317 -5019.93 -4958.95 -69.6753
  427 426.5 4.82481 0.0020941 -6767.51 -6663.11 -1476.62
  428 427.5 4.0242 0.00174662 -8384.1 -8330.79 -3256.12
  429 428.5 3.4515 0.00149805 -9887.84 -9817.27 -5098.64
  430 429.5 3.01926 0.00131044 -11159.6 -11090.2 -6989.11
  431 430.5 2.72151 0.00118121 -12107 -12165.7 -8599.07
  432 431.5 2.49105 0.00108118 -13012 -12911 -10184.3
  433 432.5 2.34092 0.00101602 -13581.8 -13545.2 -11441.2
  434 433.5 2.23927 0.000971907 -14183 -14022.8 -12289.7
  435 434.5 2.16039 0.000937671 -14472 -14472.1 -13080.4
  436 435.5 2.11084 0.000916163 -14696.1 -14669.6 -13632
  437 436.5 2.07129 0.000898997 -14852.9 -14923.5 -14070
  438 437.5 2.0443 0.000887285 -14971.9 -15042.2 -14412.8
  439 438.5 2.0248 0.00087882 -15073.3 -15226.9 -14636.7
  440 439.5 2.0098 0.000872309 -15124.6 -15262.6 -14781.8
  441 440.5 1.999 0.00086762 -15146.8 -15279.2 -14988.3
  442 441.5 1.99219 0.000864667 -15200.5 -15315.5 -15068.2
  443 442.5 1.99176 0.000864479 -15203.2 -15358.1 -15074.9
  444 443.5 1.97981 0.000859291 -15365.2 -15254.4 -15204.8
  445 444.5 1.98246 0.000860441 -15351.3 -15294.4 -15237
  446 445.5 1.98157 0.000860057 -15281.1 -15326.8 -15242
  447 446.5 1.97757 0.000858319 -15245.2 -15336.9 -15313.3
  448 447.5 1.98651 0.000862199 -15327.5 -15361.4 -15175.2
  449 448.5 1.98109 0.000859848 -15265.6 -15381.4 -15240.1
  450 449.5 1.97987 0.000859319 -15244.6 -15281.6 -15266.3
  451 450.5 1.98309 0.000860717 -15315.5 -15303.2 -15281.7
  452 451.5 1.9763 0.000857768 -15284 -15217.7 -15304.1
  453 452.5 1.97782 0.000858429 -15295.2 -15239.9 -15319.8
  454 453.5 1.97733 0.000858215 -15312.9 -15187.7 -15322.5
  455 454.5 1.97563 0.000857479 -15382 -15319.4 -15299.5
  456 455.5 1.97458 0.000857022 -15344.4 -15213.6 -15282.2
  457 456.5 1.97943 0.000859129 -15437.8 -15201 -15305.3
  458 457.5 1.97584 0.000857571 -15339.8 -15286.9 -15309.2
  459 458.5 1.9791 0.000858987 -15482.7 -15237 -15294.8
  460 459.5 1.97684 0.000858004 -15427.2 -15229.6 -15273.4
  461 460.5 1.97981 0.000859291 -15455.2 -15372.6 -15308.7
  462 461.5 1.9775 0.000858291 -15420.2 -15364.4 -15292.9
  463 462.5 1.97771 0.000858381 -15306.4 -15383.3 -15318.1
  464 463.5 1.97461 0.000857034 -15349.7 -15395 -15324.5
  465 464.5 1.96529 0.000852992 -15338.5 -15457.1 -15404.9
  466 465.5 1.97181 0.000855819 -15296.8 -15400.8 -15297.9
  467 466.5 1.97108 0.000855505 -15246.8 -15281.6 -15348.8
  468 467.5 1.97307 0.000856366 -15228.2 -15170.3 -15345.3
  469 468.5 1.97186 0.000855843 -15388.4 -15225.7 -15370.9
  470 469.5 1.97633 0.000857784 -15352.8 -15243.1 -15324.4
  471 470.5 1.97814 0.000858566 -15369.5 -15316.3 -15273.9
  472 471.5 1.9729 0.000856296 -15257 -15309 -15318.8
  473 472.5 1.97178 0.000855806 -15288 -15331.6 -15347.3
  474 473.5 1.97646 0.000857836 -15321.8 -15325.7 -15352.3
  475 474.5 1.97471 0.000857077 -15325.4 -15297.1 -15303.8
  476 475.5 1.97088 0.000855418 -15251.8 -15224.7 -15304.2
  477 476.5 1.96918 0.000854678 -15292.5 -15256.8 -15396.6
  478 477.5 1.96478 0.000852769 -15377.4 -15243.7 -15407
  479 478.5 1.96572 0.000853179 -15417.6 -15327.1 -15428.1
  480 479.5 1.98031 0.00085951 -15419.3 -15290 -15245.7
  481 480.5 1.97026 0.000855147 -15399.3 -15359.4 -15340.2
  482 481.5 1.97113 0.000855524 -15443.2 -15411.3 -15361.5
  483 482.5 1.97674 0.000857959 -15431.8 -15364.6 -15303
  484 483.5 1.98242 0.000860425 -15374.3 -15361.6 -15245.2
  485 484.5 1.97923 0.000859043 -15432.4 -15412.3 -15327.8
  486 485.5 1.9724 0.000856077 -15399 -15465.4 -15344
  487 486.5 1.9688 0.000854513 -15374 -15410.2 -15358.4
  488 487.5 1.97205 0.000855927 -15374.8 -15410.6 -15353.9
  489 488.5 1.97418 0.00085685 -15425.3 -15291.5 -15319.9
  490 489.5 1.96776 0.000854064 -15229.7 -15310.2 -15370.3
  491 490.5 1.97894 0.000858916 -15321.6 -15351.1 -15301.2
  492 491.5 1.98311 0.000860726 -15406.2 -15188.4 -15224.7
  493 492.5 1.97365 0.000856621 -15411.7 -15315.1 -15361.2
  494 493.5 1.97497 0.000857192 -15379.6 -15400.8 -15304.5
  495 494.5 1.98349 0.000860891 -15316.2 -15368.2 -15251.1
  496 495.5 1.98149 0.000860023 -15322.7 -15395.1 -15259.3
  497 496.5 1.97683 0.000858 -15272.4 -15404.3 -15308.3
  498 497.5 1.97676 0.000857967 -15276.6 -15337 -15308.1
  499 498.5 1.98063 0.00085965 -15370.7 -15345.8 -15302.8
  500 499.5 1.98989 0.000863666 -15363.6 -15354.3 -15182.1
  501 500.5 1.98184 0.000860173 -15273 -15233.8 -15288.2
  502 501.5 1.9822 0.000860331 -15119.1 -15226.6 -15263.5
  503 502.5 1.98692 0.000862379 -15382.8 -15313.8 -15225.9
  504 503.5 1.98282 0.000860598 -15281.2 -15383.6 -15292.4
  505 504.5 1.99776 0.000867082 -15125.3 -15303.5 -15152.3
  506 505.5 1.99562 0.000866154 -15237.9 -15178.5 -15112.9
  507 506.5 1.99172 0.000864462 -15176.9 -15212.9 -15202.4
  508 507.5 1.9904 0.000863888 -15265.8 -15172.3 -15193.7
  509 508.5 1.99155 0.000864386 -15254.8 -15196.7 -15233.4
  510 509.5 1.98704 0.00086243 -15293 -15269.9 -15238.8
  511 510.5 1.99429 0.000865579 -15385.9 -15206.5 -15190.9
  512 511.5 1.9982 0.000867275 -15388 -15239.2 -15112.5
  513 512.5 1.99283 0.000864943 -15243.2 -15258.7 -15185
  514 513.5 1.99425 0.000865559 -15228.7 -15212.3 -15172
  515 514.5 1.99066 0.000864003 -15186.8 -15200.8 -15212.3
  516 515.5 1.99148 0.000864359 -15223.8 -15135.9 -15221.8
  517 516.5 1.9918 0.000864497 -15348.7 -15147.9 -15177.1
  518 517.5 1.99101 0.000864154 -15228.2 -15115.6 -15194.8
  519 518.5 1.99902 0.000867631 -15236.5 -15200.8 -15121
  520 519.5 1.99028 0.000863837 -15149.4 -15255.7 -15229.4
  521 520.5 1.99034 0.000863862 -15088.1 -15265.9 -15216.5
  522 521.5 1.97938 0.000859105 -15264.9 -15283.4 -15253.4
  523 522.5 1.98052 0.000859601 -15342.5 -15379.6 -15286.8
  524 523.5 1.98242 0.000860423 -15273.5 -15332.8 -15275.2
  525 524.5 1.98372 0.00086099 -15258.4 -15272.7 -15251.2
  526 525.5 1.98319 0.000860758 -15423.4 -15294.1 -15234.5
  527 526.5 1.97652 0.000857864 -15475.4 -15314 -15312.4
  528 527.5 1.98133 0.000859954 -15405.3 -15311.4 -15253.4
  529 528.5 1.98448 0.000861319 -15450.2 -15306.2 -15244.5
  530 529.5 1.97911 0.00085899 -15456.6 -15318.3 -15335.4
  531 530.5 1.97982 0.000859297 -15342.8 -15260 -15276.5
  532 531.5 1.99029 0.000863839 -15358 -15263.5 -15175.7
  533 532.5 1.99118 0.000864229 -15222.9 -15265.4 -15193.3
  534 533.5 1.98973 0.000863599 -15244.9 -15334.4 -15199.8
  535 534.5 1.98799 0.000862844 -15266 -15148.7 -15228.1
  536 535.5 1.99541 0.000866064 -15301.3 -15167.7 -15188.8
  537 536.5 1.99486 0.000865823 -15312.1 -15266.5 -15165.6
  538 537.5 1.9969 0.000866709 -15278.3 -15298.4 -15152.4
  539 538.5 1.99665 0.0008666 -15186.7 -15313.1 -15172
  540 539.5 2.0003 0.000868187 -15225.4 -15301.6 -15120.2
  541 540.5 1.99754 0.000866987 -15284.3 -15217.9 -15127.6
  542 541.5 1.99342 0.000865199 -15329.6 -15285.9 -15194.2
  543 542.5 1.99514 0.000865945 -15239.9 -15215.1 -15166.7
  544 543.5 1.99123 0.00086425 -15223.2 -15174.9 -15180.7
  545 544.5 1.99647 0.000866522 -15294.7 -15265.1 -15181
  546 545.5 1.99251 0.000864806 -15386.7 -15221.2 -15218
  547 546.5 1.9963 0.000866448 -15256 -15171.5 -15145.9
  548 547.5 1.99085 0.000864083 -15071 -15179.3 -15158.6
  549 548.5 1.99724 0.000866856 -15168.1 -15186.7 -15151.6
  550 549.5 1.99638 0.000866483 -15148.2 -15202.5 -15188.1
  551 550.5 2.00063 0.000868331 -15219.7 -15135 -15127
  552 551.5 2.00457 0.000870041 -15171.6 -15193.5 -15120.7
  553 552.5 1.99899 0.000867619 -15146.3 -15091.7 -15132.7
  554 553.5 1.99323 0.000865116 -15143.9 -15062.1 -15171.5
  555 554.5 2.00294 0.000869333 -15130.6 -15078.3 -15127.7
  556 555.5 1.99812 0.000867238 -15209.1 -15078.7 -15156
  557 556.5 1.99461 0.000865715 -15243 -15122.7 -15162.8
  558 557.5 1.99888 0.000867568 -15219 -15202.7 -15112
  559 558.5 1.98778 0.00086275 -15322.3 -15198.2 -15209.4
  560 559.5 1.98931 0.000863415 -15343.4 -15247 -15221.6
  561 560.5 1.98399 0.000861106 -15351.5 -15254 -15265.7
  562 561.5 1.9824 0.000860419 -15263.7 -15250.8 -15252.1
  563 562.5 1.98592 0.000861944 -15369.5 -15205.6 -15249.8
  564 563.5 1.99577 0.000866219 -15318.9 -15382.3 -15162.4
  565 564.5 1.99703 0.000866765 -15262.9 -15282.5 -15144.1
  566 565.5 1.99405 0.000865474 -15247.5 -15305.5 -15168.3
  567 566.5 1.99335 0.00086517 -15156.3 -15243.7 -15168.2
  568 567.5 1.99324 0.000865122 -15094.9 -15184.7 -15183
  569 568.5 1.99131 0.000864286 -15193.2 -15283.5 -15213.7
  570 569.5 1.99672 0.000866633 -15186.8 -15337.1 -15157
  571 570.5 1.98779 0.000862755 -15279.6 -15258.7 -15238.8
  572 571.5 1.99689 0.000866704 -15180.6 -15216.6 -15171.5
  573 572.5 1.99035 0.000863868 -15204.9 -15371.4 -15184.7
  574 573.5 1.99781 0.000867103 -15160.6 -15270.9 -15113.2
  575 574.5 1.99781 0.000867103 -15256.5 -15332.3 -15193.6
  576 575.5 1.99528 0.000866009 -15207.9 -15315.6 -15155.4
  577 576.5 1.9876 0.000862672 -15363.2 -15226.2 -15224.6
  578 577.5 1.98773 0.000862731 -15351.5 -15197.1 -15235.2
  579 578.5 1.99005 0.000863737 -15232.3 -15212.2 -15208.6
  580 579.5 1.99147 0.000864352 -15280.1 -15295.5 -15158.8
  581 580.5 1.98874 0.00086317 -15334.7 -15218.8 -15221.1
  582 581.5 1.98863 0.000863119 -15220.8 -15113.5 -15265
  583 582.5 1.99169 0.00086445 -15274.3 -15146.9 -15205
  584 583.5 1.99343 0.000865202 -15276.3 -15177.3 -15166.3
  585 584.5 1.98432 0.000861251 -15280.4 -15181.7 -15286.3
  586 585.5 1.9841 0.000861155 -15235.8 -15175.2 -15207
  587 586.5 1.97738 0.000858236 -15379.8 -15090.8 -15296.6
  588 587.5 1.96278 0.000851901 -15410.5 -15286.1 -15398.6
  589 588.5 1.96599 0.000853296 -15479.1 -15168.9 -15397.7
  590 589.5 1.96776 0.000854061 -15408.2 -15289.7 -15396.8
  591 590.5 1.9677 0.000854036 -15327.4 -15247.3 -15327.6
  592 591.5 1.96745 0.000853928 -15197.7 -15255.6 -15340.6
  593 592.5 1.96906 0.000854628 -15304.3 -15220.6 -15368.3
  594 593.5 1.96992 0.000855002 -15246 -15238.4 -15322.3
  595 594.5 1.97129 0.000855593 -15260.6 -15311.6 -15328.8
  596 595.5 1.97049 0.000855249 -15293.8 -15211.3 -15271.4
  597 596.5 1.9783 0.000858639 -15174 -15200.6 -15259
  598 597.5 1.98699 0.000862408 -15078.2 -15118.8 -15121.9
  599 598.5 1.99242 0.000864764 -15144.1 -15171.5 -15042.6
  600 599.5 2.00849 0.000871739 -15137.9 -15176.2 -14846
  601 600.5 2.01799 0.000875865 -15019.5 -15099.1 -14728.2
  602 601.5 2.03243 0.00088213 -14965 -14997.6 -14564.8
  603 602.5 2.06184 0.000894895 -14899.7 -14927.6 -14239.5
  604 603.5 2.09335 0.000908571 -14739.9 -14782.5 -13844
  605 604.5 2.13973 0.000928702 -14626.4 -14587.7 -13357.7
  606 605.5 2.20822 0.000958427 -14362.4 -14301 -12699.9
  607 606.5 2.29466 0.000995944 -13859 -13872.1 -11861.9
  608 607.5 2.42504 0.00105253 -13222.3 -13332.2 -10789.9
  609 608.5 2.59247 0.0011252 -12530.9 -12587 -9570.46
  610 609.5 2.85263 0.00123812 -11573.8 -11545.9 -7931.41
  611 610.5 3.20015 0.00138895 -10579.9 -10425.2 -6260.76
  612 611.5 3.66907 0.00159248 -9224.39 -9122.6 -4465.85
  613 612.5 4.32127 0.00187555 -7705.82 -7612.81 -2639.19
  614 613.5 5.17484 0.00224603 -5988.93 -5959.38 -1034.67
  615 614.5 6.28935 0.00272975 -4339.18 -4318.47 208.482
  616 615.5 7.68265 0.00333448 -2582.11 -2609.4 1179.83
  617 616.5 9.39801 0.004079 -1021.93 -1021.55 1727.39
  618 617.5 11.3985 0.00494727 380.546 450.741 1966.21
  619 618.5 13.6153 0.00590943 1641.23 1600.51 1841.14
  620 619.5 15.9798 0.00693566 2574.94 2646.14 1503.46
  621 620.5 18.3848 0.00797949 3389.1 3391.8 1004.24
  622 621.5 20.6888 0.00897952 3818.43 3803 339.814
  623 622.5 22.7818 0.00988795 4063.33 3998.98 -399.934
  624 623.5 24.6434 0.0106959 3922.19 3984.14 -1021.68
60000000 624 13999.000000000002
  1 0.5 28.4495 0.0123479 2916.55 2921.59 -2295.37
  2 1.5 29.2786 0.0127077 2439.13 2460.14 -2460.34
  3 2.5 29.9558 0.0130016 1950.26 1989.09 -2570.07
  4 3.5 30.4627 0.0132217 1438.61 1415.81 -2521.06
  5 4.5 30.8405 0.0133856 1005.72 1015.96 -2390.32
  6 5.5 31.1404 0.0135158 542.214 510.102 -2317.39
  7 6.5 31.3571 0.0136099 208.963 186.379 -2136.1
  8 7.5 31.5432 0.0136906 -52.6699 -41.2321 -1935.29
  9 8.5 31.6668 0.0137443 -210.491 -164.033 -1732.15
  10 9.5 31.7487 0.0137798 -373.566 -332.032 -1666.75
  11 10.5 31.8144 0.0138084 -477.811 -464.91 -1529.05
  12 11.5 31.878 0.0138359 -573.59 -652.642 -1427.72
  13 12.5 31.9257 0.0138566 -640.363 -637.873 -1249.15
  14 13.5 31.9465 0.0138657 -749.172 -717.137 -1251.1
  15 14.5 31.9484 0.0138665 -818.529 -781.444 -1193.96
  16 15.5 32.0147 0.0138953 -822.562 -847.037 -1128.59
  17 16.5 32.0244 0.0138995 -851.735 -846.336 -1052.1
  18 17.5 32.0029 0.0138902 -848.457 -839.699 -1001.18
  19 18.5 32.0187 0.013897 -858.3 -858.374 -1026.47
  20 19.5 32.0516 0.0139113 -943.728 -926.962 -1013.53
  21 20.5 32.024 0.0138993 -859.808 -904.734 -980.816
  22 21.5 32.0094 0.013893 -900.431 -903.216 -970.099
  23 22.5 32.0434 0.0139077 -924.077 -909.253 -962.147
  24 23.5 32.0491 0.0139102 -920.43 -866.407 -947.872
  25 24.5 32.0049 0.013891 -885.503 -886.172 -974.845
  26 25.5 32.0288 0.0139014 -918.278 -875.579 -931.265
  27 26.5 32.0611 0.0139154 -955.044 -902.67 -933.942
  28 27.5 32.0325 0.013903 -1000.55 -964.363 -926.092
  29 28.5 32.0205 0.0138978 -944.954 -904.66 -911.029
  30 29.5 32.0402 0.0139063 -928.248 -904.729 -948.318
  31 30.5 32.0217 0.0138983 -921.539 -917.993 -931.998
  32 31.5 32.0156 0.0138957 -971.018 -945.142 -922.875
  33 32.5 32.0059 0.0138915 -881.771 -884.029 -999.713
  34 33.5 32.0404 0.0139064 -895.864 -900.946 -894.369
  35 34.5 32.0225 0.0138987 -927.974 -929.793 -886.538
  36 35.5 32.018 0.0138967 -917.949 -933.02 -945.037
  37 36.5 32.0194 0.0138973 -1002.28 -959.528 -968.617
  38 37.5 32.0146 0.0138952 -943.239 -891.321 -926.884
  39 38.5 32.0202 0.0138977 -925.802 -925.098 -876.593
  40 39.5 31.9931 0.0138859 -937.091 -1005.13 -966.819
  41 40.5 32.0173 0.0138964 -907.847 -880.588 -945.217
  42 41.5 32.018 0.0138967 -860.508 -891.498 -917.38
  43 42.5 32.015 0.0138954 -954.419 -996.689 -922.222
  44 43.5 31.9964 0.0138873 -894.226 -909.937 -902.081
  45 44.5 32.0137 0.0138948 -906.552 -901.744 -906.5
  46 45.5 31.9881 0.0138837 -947.329 -941.734 -994.941
  47 46.5 31.9948 0.0138867 -888.624 -908.701 -897.959
  48 47.5 32.0061 0.0138915 -888.975 -895.998 -916.114
  49 48.5 32.0042 0.0138907 -893.748 -973.455 -919.963
  50 49.5 32.0003 0.013889 -893.115 -950.001 -922.326
  51 50.5 31.9873 0.0138834 -907.682 -936.093 -923.17
  52 51.5 32.0278 0.013901 -906.374 -987.779 -930.104
  53 52.5 32 0.0138889 -931.423 -967.873 -973.151
  54 53.5 32.0127 0.0138944 -927.333 -997.075 -929.975
  55 54.5 32.0204 0.0138977 -898.185 -905.081 -895.258
  56 55.5 32.0236 0.0138991 -907.487 -949.515 -934.655
  57 56.5 32.0176 0.0138965 -959.06 -969.671 -937.312
  58 57.5 32.0096 0.013893 -890.473 -934.935 -936.058
  59 58.5 32.0319 0.0139027 -955.225 -921.764 -951.929
  60 59.5 32.0394 0.013906 -971.416 -950.255 -914.049
  61 60.5 32.0039 0.0138906 -993.2 -962.826 -941.633
  62 61.5 32.0289 0.0139014 -998.96 -956.242 -941.235
  63 62.5 32.0312 0.0139024 -945.122 -933.8 -928.648
  64 63.5 32.0325 0.013903 -905.329 -944.236 -909.758
  65 64.5 31.9965 0.0138874 -951.038 -942.948 -944.704
  66 65.5 32.0201 0.0138976 -921.43 -975.897 -971.502
  67 66.5 32.0392 0.0139059 -912.991 -923.18 -941.625
  68 67.5 32.0184 0.0138969 -929.898 -913.807 -880.465
  69 68.5 32.0192 0.0138972 -905.488 -925.765 -935.628
  70 69.5 32.0141 0.013895 -989.699 -975.637 -963.144
  71 70.5 32.0042 0.0138907 -982.72 -982.718 -927.717
  72 71.5 31.9995 0.0138887 -936.994 -942.911 -932.34
  73 72.5 32.0215 0.0138982 -1017.81 -953.359 -937.593
  74 73.5 31.9964 0.0138873 -1020.37 -986.22 -911.59
  75 74.5 32.0007 0.0138892 -924.644 -951.494 -939.559
  76 75.5 31.9957 0.013887 -952.061 -916.016 -920.57
  77 76.5 31.9927 0.0138857 -1036.78 -881.61 -941.635
  78 77.5 31.995 0.0138867 -991.502 -955.465 -924.868
  79 78.5 31.9971 0.0138876 -958.338 -908.996 -913.398
  80 79.5 31.9823 0.0138812 -914.901 -974.914 -923.272
  81 80.5 31.9836 0.0138818 -893.605 -940.352 -933.045
  82 81.5 31.9873 0.0138834 -897.969 -915.228 -933.452
  83 82.5 31.985 0.0138824 -906.576 -981.981 -927.27
  84 83.5 31.9753 0.0138782 -919.875 -954.709 -930.608
  85 84.5 31.9931 0.0138859 -903.988 -981.686 -925.093
  86 85.5 31.9921 0.0138855 -947.467 -931.727 -924.993
  87 86.5 31.9805 0.0138804 -931.634 -893.354 -927.424
  88 87.5 31.9791 0.0138798 -912.371 -955.732 -954.192
  89 88.5 32.0036 0.0138904 -904.507 -925.03 -877.668
  90 89.5 31.9856 0.0138827 -911.359 -922.879 -950.615
  91 90.5 32.0122 0.0138942 -935.6 -966.865 -971.709
  92 91.5 31.9787 0.0138797 -861.331 -939.519 -921.15
  93 92.5 31.9954 0.0138869 -906.452 -898.553 -905.021
  94 93.5 31.9889 0.0138841 -944.331 -931.496 -969.898
  95 94.5 32.008 0.0138924 -884.42 -910.182 -923.574
  96 95.5 31.9917 0.0138853 -985.139 -892.577 -923.075
  97 96.5 32.0011 0.0138894 -879.873 -877.189 -923.522
  98 97.5 31.9898 0.0138845 -923.992 -865.342 -936.33
  99 98.5 31.9953 0.0138869 -949.759 -910.894 -926.407
  100 99.5 32.0035 0.0138904 -940.308 -918.46 -949.139
  101 100.5 32.0098 0.0138931 -953.309 -917.496 -906.769
  102 101.5 31.9691 0.0138755 -936.504 -901.29 -945.907
  103 102.5 31.9819 0.013881 -917.483 -934.18 -948.944
  104 103.5 32.0016 0.0138896 -927.285 -922.518 -904.503
  105 104.5 31.9902 0.0138846 -911.751 -907.061 -955.901
  106 105.5 31.9678 0.0138749 -908.849 -897.517 -907.203
  107 106.5 31.9908 0.0138849 -925.545 -950.219 -928.399
  108 107.5 31.9908 0.0138849 -895.609 -921.103 -929.54
  109 108.5 31.986 0.0138828 -908.415 -919.408 -922.342
  110 109.5 31.9638 0.0138732 -921.59 -941.071 -922.922
  111 110.5 32.0131 0.0138946 -936.263 -992.834 -949.021
  112 111.5 31.9813 0.0138808 -922.254 -913.855 -939.511
  113 112.5 31.9978 0.0138879 -903.299 -904.249 -900.735
  114 113.5 31.9713 0.0138764 -897.494 -947.805 -953.33
  115 114.5 31.9913 0.0138851 -872.719 -928.996 -905.406
  116 115.5 32.0097 0.0138931 -925.099 -898.826 -935.573
  117 116.5 31.9913 0.0138851 -937.302 -940.376 -917.858
  118 117.5 31.9828 0.0138814 -939.236 -927.37 -962.318
  119 118.5 32.0028 0.0138901 -911.936 -923.522 -909.307
  120 119.5 32.0013 0.0138894 -866.664 -931.378 -909.717
  121 120.5 32.0026 0.01389 -917.22 -950.645 -928.085
  122 121.5 31.998 0.013888 -962.719 -930.903 -951.349
  123 122.5 32.0075 0.0138921 -900.364 -901.319 -934.018
  124 123.5 32.0213 0.0138982 -921.347 -855.83 -903.378
  125 124.5 32.0144 0.0138951 -972.812 -934.32 -946.003
  126 125.5 32.027 0.0139006 -948.326 -920.423 -944.305
  127 126.5 32.0244 0.0138995 -928.598 -904.416 -889.598
  128 127.5 32.0097 0.0138931 -932.005 -928.616 -957.401
  129 128.5 32.0383 0.0139055 -871.527 -928.153 -962.496
  130 129.5 32.0304 0.0139021 -880.103 -893.148 -893.835
  131 130.5 32.0152 0.0138955 -1009.66 -949.283 -947.536
  132 131.5 32.0362 0.0139046 -981.762 -971.527 -921.581
  133 132.5 32.0416 0.013907 -991.935 -938.561 -924.046
  134 133.5 32.0286 0.0139013 -898.684 -939.327 -949.474
  135 134.5 32.031 0.0139023 -928.167 -933.524 -924.559
  136 135.5 32.0229 0.0138988 -855.528 -971.452 -928.258
  137 136.5 32.0479 0.0139097 -913.016 -992.006 -933.244
  138 137.5 32.0202 0.0138977 -923.46 -876.81 -928.6
  139 138.5 32.0231 0.0138989 -984.756 -944.453 -968.043
  140 139.5 32.0421 0.0139072 -939.647 -902.259 -945.995
  141 140.5 32.0356 0.0139043 -922.695 -932.686 -883.846
  142 141.5 32.0282 0.0139011 -914.925 -885.76 -936.972
  143 142.5 32.0352 0.0139042 -886.249 -837.971 -938.612
  144 143.5 32.0373 0.0139051 -924.96 -918.321 -929.941
  145 144.5 32.033 0.0139032 -943.001 -952.418 -923.65
  146 145.5 32.0521 0.0139115 -950.469 -972.342 -963.553
  147 146.5 32.0287 0.0139014 -954.091 -939.187 -937.878
  148 147.5 32.029 0.0139015 -964.449 -980.56 -901.808
  149 148.5 32.0534 0.0139121 -921.267 -950.171 -919.467
  150 149.5 32.0122 0.0138942 -919.029 -1004.26 -947.599
  151 150.5 32.0283 0.0139012 -897.471 -923.261 -966.335
  152 151.5 32.0453 0.0139086 -879.264 -900.65 -908.686
  153 152.5 32.0269 0.0139006 -882.223 -917.957 -878.133
  154 153.5 32.0254 0.0138999 -925.464 -926.1 -949.515
  155 154.5 32.0321 0.0139028 -916.601 -946.749 -969.075
  156 155.5 32.026 0.0139002 -906.616 -907.059 -932.305
  157 156.5 32.012 0.0138941 -889.399 -958.012 -914.452
  158 157.5 32.0359 0.0139045 -927.206 -915.534 -918.907
  159 158.5 32.028 0.013901 -880.275 -919.058 -933.362
  160 159.5 32.0064 0.0138917 -894.679 -877.179 -965.904
  161 160.5 32.0359 0.0139045 -892.084 -873.203 -911.96
  162 161.5 32.0224 0.0138986 -898.651 -896.775 -924.827
  163 162.5 32.0219 0.0138984 -868.482 -870.265 -896.298
  164 163.5 32.0071 0.013892 -956.878 -913.717 -978.92
  165 164.5 32.0215 0.0138982 -935.42 -896.402 -910.917
  166 165.5 31.9999 0.0138889 -901.613 -956.779 -937.779
  167 166.5 32.0002 0.013889 -939.37 -948.225 -946.344
  168 167.5 32.0177 0.0138966 -899.585 -902.337 -910.694
  169 168.5 31.9934 0.013886 -930.352 -895.276 -940.94
  170 169.5 32.0171 0.0138963 -941.74 -988.591 -883.164
  171 170.5 31.9954 0.0138869 -937.915 -994.915 -971.807
  172 171.5 31.9895 0.0138843 -963.745 -896.368 -956.028
  173 172.5 32.0118 0.013894 -966.764 -954.347 -918.564
  174 173.5 31.9812 0.0138807 -937 -881.757 -924.173
  175 174.5 32.0077 0.0138922 -910.168 -875.596 -940.175
  176 175.5 31.9916 0.0138852 -917.991 -892.399 -961.788
  177 176.5 31.9647 0.0138736 -900.48 -917.731 -909.941
  178 177.5 32.0019 0.0138897 -920.086 -915.938 -948.363
  179 178.5 31.9861 0.0138829 -893.929 -870.39 -967.458
  180 179.5 31.9607 0.0138718 -884.118 -890.52 -942.105
  181 180.5 31.9852 0.0138825 -879.698 -891.782 -959.104
  182 181.5 31.9766 0.0138787 -855.937 -893.207 -983.987
  183 182.5 31.9405 0.0138631 -924.419 -939.449 -982.259
  184 183.5 31.9666 0.0138744 -891.968 -875.753 -992.782
  185 184.5 31.9486 0.0138666 -879.983 -876.824 -1019.33
  186 185.5 31.9231 0.0138555 -909.279 -958.378 -1097.89
  187 186.5 31.9223 0.0138552 -862.162 -915.899 -1037.31
  188 187.5 31.9316 0.0138592 -849.618 -844.074 -1093.19
  189 188.5 31.885 0.013839 -753.156 -791.409 -1206.98
  190 189.5 31.8255 0.0138131 -690.55 -721.032 -1258.42
  191 190.5 31.8282 0.0138143 -659.561 -624.305 -1247.22
  192 191.5 31.7948 0.0137998 -569.11 -593.838 -1332.69
  193 192.5 31.6956 0.0137568 -395.863 -430.482 -1408.65
  194 193.5 31.6037 0.0137169 -329.485 -311.271 -1476.73
  195 194.5 31.5312 0.0136854 -148.981 -106.435 -1565.52
  196 195.5 31.3822 0.0136208 66.3728 27.5706 -1620.83
  197 196.5 31.1634 0.0135258 260.161 226.853 -1586.96
  198 197.5 30.9771 0.0134449 558.684 466.175 -1582.85
  199 198.5 30.6937 0.0133219 711.282 662.185 -1454.99
  200 199.5 30.3721 0.0131823 837.361 823.912 -1231.97
  201 200.5 29.9524 0.0130002 946.61 901.557 -957.443
  202 201.5 29.5389 0.0128207 1006.02 1009.57 -605.034
  203 202.5 29.0894 0.0126256 941.184 922.259 -109.917
  204 203.5 28.6281 0.0124254 732.752 747.725 309.735
  205 204.5 28.273 0.0122713 578.203 567.301 677.01
  206 205.5 28.0755 0.0121856 505.053 455.783 960.394
  207 206.5 28.01 0.0121571 502.83 481.996 1089.28
  208 207.5 28.1292 0.0122089 575.913 605.979 1017.36
  209 208.5 28.4356 0.0123418 720.554 759.185 674.716
  210 209.5 28.8523 0.0125227 948.568 964.225 343.566
  211 210.5 29.3492 0.0127384 1176.23 1226.05 -97.8544
  212 211.5 29.8355 0.0129494 1232.43 1234.16 -584.895
  213 212.5 30.3203 0.0131599 1240.64 1206.59 -987.932
  214 213.5 30.748 0.0133455 1090.94 1095.08 -1285.31
  215 214.5 31.0984 0.0134976 819.376 875.803 -1543.93
  216 215.5 31.412 0.0136337 648.563 655.208 -1617.96
  217 216.5 31.6613 0.0137419 363.888 392.658 -1670.27
  218 217.5 31.8307 0.0138154 130.903 116.738 -1660.97
  219 218.5 31.9949 0.0138867 -87.7136 -70.6511 -1629.85
  220 219.5 32.0959 0.0139305 -239.629 -232.438 -1526.86
  221 220.5 32.1933 0.0139728 -408.945 -437.379 -1442.21
  222 221.5 32.264 0.0140035 -539.751 -522.281 -1380.87
  223 222.5 32.2985 0.0140184 -703.489 -646.671 -1352.88
  224 223.5 32.3459 0.014039 -690.498 -697.936 -1201.06
  225 224.5 32.4041 0.0140643 -795.688 -742.296 -1125.26
  226 225.5 32.3898 0.0140581 -815.637 -782.232 -1198.18
  227 226.5 32.4048 0.0140646 -847.609 -793.525 -1088.53
  228 227.5 32.415 0.014069 -809.155 -809.511 -1015.24
  229 228.5 32.4553 0.0140865 -814.787 -891.006 -1018.33
  230 229.5 32.4339 0.0140772 -821.846 -863.619 -1017.69
  231 230.5 32.4254 0.0140735 -854.57 -918.533 -979.751
  232 231.5 32.4546 0.0140862 -908.021 -929.776 -980.011
  233 232.5 32.4665 0.0140914 -896.335 -897.353 -959.756
  234 233.5 32.4524 0.0140852 -847.119 -888.993 -909.771
  235 234.5 32.4473 0.014083 -853.34 -878.157 -920.493
  236 235.5 32.4643 0.0140904 -875.067 -810.026 -919.992
  237 236.5 32.4645 0.0140905 -885.67 -873.293 -956.373
  238 237.5 32.4392 0.0140795 -830.004 -798.904 -901.29
  239 238.5 32.4498 0.0140841 -943.673 -835.913 -918.181
  240 239.5 32.4766 0.0140958 -885.406 -923.09 -974.89
  241 240.5 32.4524 0.0140852 -894.909 -942.663 -874.384
  242 241.5 32.457 0.0140873 -909.529 -902.271 -876.614
  243 242.5 32.4791 0.0140968 -920.083 -963.564 -980.427
  244 243.5 32.4613 0.0140891 -902.319 -963.501 -909.273
  245 244.5 32.4547 0.0140863 -938.863 -899.83 -927.343
  246 245.5 32.4688 0.0140924 -880.061 -867.157 -906.779
  247 246.5 32.4836 0.0140988 -923.37 -894.085 -917.461
  248 247.5 32.477 0.0140959 -935.741 -884.603 -908.177
  249 248.5 32.4734 0.0140944 -886.448 -904.149 -911.069
  250 249.5 32.4877 0.0141005 -895.643 -874.68 -906.238
  251 250.5 32.4751 0.0140951 -877.011 -871.366 -907.304
  252 251.5 32.4749 0.014095 -921.521 -866.29 -951.686
  253 252.5 32.4758 0.0140954 -936.835 -882.786 -916.41
  254 253.5 32.4802 0.0140973 -902.157 -906.643 -908.16
  255 254.5 32.4847 0.0140992 -849.1 -911.354 -913.178
  256 255.5 32.4812 0.0140977 -917.52 -923.544 -906.407
  257 256.5 32.4637 0.0140901 -872.965 -918.448 -975.892
  258 257.5 32.5053 0.0141082 -874.248 -918.385 -914.393
  259 258.5 32.4881 0.0141007 -892.716 -924.17 -880.842
  260 259.5 32.4771 0.014096 -950.712 -985.726 -939.217
  261 260.5 32.4986 0.0141053 -841.122 -871.245 -897.281
  262 261.5 32.4902 0.0141016 -865.365 -924.876 -894.938
  263 262.5 32.4853 0.0140995 -849.826 -837.275 -938.985
  264 263.5 32.4738 0.0140945 -855.055 -875.928 -966.385
  265 264.5 32.4942 0.0141034 -813.752 -875.36 -891.565
  266 265.5 32.4868 0.0141002 -862.259 -882.399 -906.583
  267 266.5 32.4695 0.0140927 -915.023 -868.319 -920.838
  268 267.5 32.4845 0.0140992 -910.161 -888.746 -931.08
  269 268.5 32.506 0.0141085 -885.052 -842.79 -931.337
  270 269.5 32.4832 0.0140986 -887.89 -852.012 -894.202
  271 270.5 32.4678 0.0140919 -852.699 -896.19 -908.03
  272 271.5 32.4968 0.0141045 -910.235 -901.483 -908.147
  273 272.5 32.4742 0.0140947 -940.252 -955.695 -965.891
  274 273.5 32.4868 0.0141002 -885.543 -884.068 -842.645
  275 274.5 32.4674 0.0140917 -960.849 -942.313 -970.121
  276 275.5 32.4884 0.0141009 -893.536 -903.439 -910.509
  277 276.5 32.4639 0.0140903 -936.576 -943.034 -897.795
  278 277.5 32.4799 0.0140972 -945.131 -988.454 -920.494
  279 278.5 32.4657 0.014091 -910.879 -936.07 -925.453
  280 279.5 32.4781 0.0140964 -904.262 -915.962 -910.407
  281 280.5 32.4633 0.01409 -894.766 -935.43 -900.425
  282 281.5 32.4715 0.0140935 -957.179 -949.11 -962.431
  283 282.5 32.4565 0.014087 -933.59 -985.667 -935.582
  284 283.5 32.4772 0.014096 -954.771 -908.89 -880.336
  285 284.5 32.4657 0.014091 -938.858 -891.293 -925.556
  286 285.5 32.4597 0.0140884 -930.768 -893.021 -914.966
  287 286.5 32.4613 0.0140891 -887.705 -885.006 -928.987
  288 287.5 32.4603 0.0140887 -963.533 -930.732 -888.747
  289 288.5 32.4664 0.0140913 -864.987 -907.876 -901.119
  290 289.5 32.4452 0.0140821 -937.316 -944.657 -969.865
  291 290.5 32.4406 0.0140801 -889.028 -958.691 -934.619
  292 291.5 32.4618 0.0140893 -851.104 -845.886 -869.736
  293 292.5 32.4421 0.0140808 -895.872 -884.442 -905.198
  294 293.5 32.4414 0.0140804 -883.381 -904.825 -910.45
  295 294.5 32.4426 0.014081 -874.769 -888.466 -921.177
  296 295.5 32.4416 0.0140806 -915.52 -922.008 -938.04
  297 296.5 32.4304 0.0140757 -908.177 -888.169 -893.585
  298 297.5 32.4214 0.0140718 -917.122 -909.898 -940.346
  299 298.5 32.4484 0.0140835 -939.656 -885.759 -898.63
  300 299.5 32.4551 0.0140864 -895.753 -896.484 -875.21
  301 300.5 32.4232 0.0140726 -927.462 -859.235 -967.24
  302 301.5 32.4328 0.0140767 -921.447 -945.527 -896.972
  303 302.5 32.4565 0.014087 -929.418 -876.206 -895.48
  304 303.5 32.458 0.0140877 -916.62 -898.105 -888.099
  305 304.5 32.4264 0.014074 -952.678 -881.116 -960.791
  306 305.5 32.4332 0.0140769 -897.167 -926.63 -912.632
  307 306.5 32.4744 0.0140948 -944.328 -930.133 -911.135
  308 307.5 32.4601 0.0140886 -931.793 -942.785 -898.778
  309 308.5 32.4339 0.0140772 -920.156 -919.103 -925.191
  310 309.5 32.4723 0.0140939 -967.772 -950.032 -938.501
  311 310.5 32.4865 0.0141001 -982.741 -993.465 -928.105
  312 311.5 32.4499 0.0140842 -967.1 -963.799 -876.749
  313 312.5 32.4782 0.0140965 -906.209 -927.902 -940.756
  314 313.5 32.4593 0.0140882 -940.954 -948.332 -969.982
  315 314.5 32.4609 0.0140889 -891.702 -916.188 -879.359
  316 315.5 32.4738 0.0140945 -902.134 -911.647 -905.633
  317 316.5 32.4785 0.0140966 -873.621 -880.804 -913.934
  318 317.5 32.4303 0.0140756 -869.23 -945.812 -968.678
  319 318.5 32.4789 0.0140967 -868.369 -886.706 -875.049
  320 319.5 32.4717 0.0140936 -885.62 -895.427 -923.187
  321 320.5 32.4614 0.0140891 -928.656 -921.016 -937.092
  322 321.5 32.4596 0.0140884 -903.889 -962.526 -909.889
  323 322.5 32.4681 0.014092 -897.23 -864.195 -933.29
  324 323.5 32.4635 0.0140901 -902.243 -848.576 -927.244
  325 324.5 32.4463 0.0140826 -845.498 -867.461 -908.185
  326 325.5 32.4771 0.014096 -873.015 -912.97 -894.829
  327 326.5 32.4717 0.0140936 -926.937 -975.422 -914.88
  328 327.5 32.4653 0.0140908 -972.075 -952.277 -916.221
  329 328.5 32.4613 0.0140891 -904.386 -879.357 -909.38
  330 329.5 32.4616 0.0140892 -1000.52 -902.66 -957.846
  331 330.5 32.4639 0.0140902 -907.196 -923.708 -878.073
  332 331.5 32.4395 0.0140797 -931.516 -907.046 -938.608
  333 332.5 32.4687 0.0140923 -869.725 -864.609 -930.051
  334 333.5 32.4661 0.0140912 -893.792 -904.9 -882.605
  335 334.5 32.4617 0.0140893 -886.037 -938.266 -901.175
  336 335.5 32.4784 0.0140965 -870.687 -854.116 -922.491
  337 336.5 32.465 0.0140907 -872.562 -868.166 -917.081
  338 337.5 32.4564 0.014087 -877.796 -913.272 -923.881
  339 338.5 32.4724 0.0140939 -916.738 -933.275 -927.984
  340 339.5 32.4933 0.014103 -999.865 -977.344 -924.795
  341 340.5 32.473 0.0140942 -943.808 -978.31 -862.236
  342 341.5 32.4797 0.0140971 -953.362 -977.84 -972.319
  343 342.5 32.4997 0.0141058 -972.93 -939.944 -945.19
  344 343.5 32.4872 0.0141004 -949.745 -875.025 -864.411
  345 344.5 32.4848 0.0140993 -984.078 -974.71 -898.115
  346 345.5 32.5039 0.0141076 -932.877 -926.637 -952.822
  347 346.5 32.4913 0.0141021 -929.305 -923.298 -926.34
  348 347.5 32.49 0.0141016 -1021.42 -1028.17 -916.511
  349 348.5 32.4931 0.0141029 -895.873 -934.005 -949.583
  350 349.5 32.4996 0.0141057 -927.823 -937.149 -893.318
  351 350.5 32.4778 0.0140963 -892.193 -922.765 -868.887
  352 351.5 32.4736 0.0140944 -978.02 -910.433 -931.055
  353 352.5 32.5061 0.0141086 -921.069 -924.271 -922.183
  354 353.5 32.4706 0.0140931 -977.622 -954.179 -946.73
  355 354.5 32.4864 0.0141 -895.454 -971.741 -895.09
  356 355.5 32.4645 0.0140905 -969.12 -936.844 -939.25
  357 356.5 32.5017 0.0141067 -915.063 -947.766 -893.916
  358 357.5 32.4836 0.0140988 -883.557 -923.796 -910.75
  359 358.5 32.4709 0.0140933 -949.744 -988.973 -929.883
  360 359.5 32.509 0.0141098 -930.79 -990.196 -938.092
  361 360.5 32.4744 0.0140948 -938.154 -902.858 -863.953
  362 361.5 32.4949 0.0141037 -870.516 -921.513 -890.234
  363 362.5 32.4943 0.0141034 -921.131 -884.882 -948.635
  364 363.5 32.4727 0.0140941 -938.272 -873.652 -926.48
  365 364.5 32.4725 0.014094 -932.028 -873.185 -911.734
  366 365.5 32.5092 0.0141099 -901.373 -896.387 -931.28
  367 366.5 32.4911 0.014102 -923.258 -934.354 -904.116
  368 367.5 32.4765 0.0140957 -931.479 -956.645 -905.803
  369 368.5 32.4882 0.0141008 -943.987 -935.114 -915.242
  370 369.5 32.5058 0.0141084 -887.034 -872.273 -969.132
  371 370.5 32.4978 0.0141049 -921.876 -950.552 -867.588
  372 371.5 32.4887 0.014101 -948.228 -926.678 -901.762
  373 372.5 32.4932 0.014103 -980.479 -992.141 -924.402
  374 373.5 32.5038 0.0141076 -956.17 -931.72 -932.961
  375 374.5 32.4855 0.0140996 -964.874 -948.469 -959.588
  376 375.5 32.4914 0.0141022 -971.127 -879.781 -887.906
  377 376.5 32.5166 0.0141131 -928.21 -855.695 -893.313
  378 377.5 32.5023 0.0141069 -909.103 -889.076 -941.038
  379 378.5 32.4872 0.0141003 -883.885 -900.455 -921.462
  380 379.5 32.4971 0.0141046 -952.374 -902.493 -903.559
  381 380.5 32.4956 0.014104 -962.317 -924.361 -936.368
  382 381.5 32.4927 0.0141027 -923.656 -940.095 -922.315
  383 382.5 32.5078 0.0141093 -940.032 -928.397 -921.294
  384 383.5 32.503 0.0141072 -917.71 -928.919 -894.735
  385 384.5 32.4864 0.0141 -966.902 -935.592 -910.662
  386 385.5 32.5035 0.0141074 -965.452 -958.897 -948.298
  387 386.5 32.5148 0.0141123 -954.591 -917.39 -968.267
  388 387.5 32.4849 0.0140994 -872.855 -937.471 -912.46
  389 388.5 32.487 0.0141002 -868.791 -877.913 -922.982
  390 389.5 32.4902 0.0141017 -898.275 -853.512 -951.771
  391 390.5 32.5022 0.0141068 -861.896 -870.712 -957.422
  392 391.5 32.4699 0.0140928 -831.323 -899.128 -935.29
  393 392.5 32.4782 0.0140964 -836.442 -860.912 -959.921
  394 393.5 32.4787 0.0140967 -866.931 -870.43 -1007.89
  395 394.5 32.4606 0.0140888 -838.621 -853.672 -1016.84
  396 395.5 32.4464 0.0140826 -834.535 -830.707 -1027.51
  397 396.5 32.4701 0.0140929 -811.818 -847.451 -1069.23
  398 397.5 32.4272 0.0140743 -779.198 -840.598 -1147.95
  399 398.5 32.396 0.0140607 -786.866 -768.455 -1192.81
  400 399.5 32.3799 0.0140538 -662.294 -720.843 -1284.18
  401 400.5 32.3557 0.0140433 -647.167 -681.081 -1357.92
  402 401.5 32.2983 0.0140184 -620.314 -570.084 -1497.14
  403 402.5 32.2448 0.0139951 -437.213 -450.874 -1637.94
  404 403.5 32.1513 0.0139546 -296.647 -276.079 -1720.95
  405 404.5 32.0617 0.0139157 -59.5727 -25.3147 -1874.67
  406 405.5 31.8986 0.0138449 145.141 180.305 -2105.34
  407 406.5 31.6976 0.0137576 446.299 519.512 -2307.64
  408 407.5 31.4257 0.0136396 895.061 918.387 -2448.19
  409 408.5 31.1162 0.0135053 1406.24 1417.14 -2575.7
  410 409.5 30.638 0.0132977 1916.28 1942.13 -2634.86
  411 410.5 30.0283 0.0130331 2507.83 2525.11 -2609.24
  412 411.5 29.2656 0.0127021 3112.36 3116.05 -2425.45
  413 412.5 28.2538 0.0122629 3633.74 3697.81 -2102.59
  414 413.5 26.9601 0.0117014 4108.69 4163.3 -1666.88
  415 414.5 25.3859 0.0110182 4444.04 4435.42 -1042.99
  416 415.5 23.5316 0.0102134 4493.05 4518.49 -229.13
  417 416.5 21.3448 0.00926423 4393.17 4379.64 498.371
  418 417.5 18.9464 0.00822326 3926.04 3922.41 1252.53
  419 418.5 16.4498 0.00713967 3154.19 3110.88 1849.71
  420 419.5 13.962 0.00605988 2064.9 2098.06 2226.97
  421 420.5 11.6065 0.00503753 758.175 687.711 2397.59
  422 421.5 9.5017 0.004124 -750.355 -881.355 2214.04
  423 422.5 7.70774 0.00334537 -2494.81 -2574.79 1552.54
  424 423.5 6.23771 0.00270734 -4208.26 -4303.52 500.161
  425 424.5 5.09279 0.00221041 -6106.05 -6129.39 -944.206
  426 425.5 4.22588 0.00183415 -7814.77 -7885.82 -2610.64
  427 426.5 3.58679 0.00155677 -9341.88 -9442.68 -4471.67
  428 427.5 3.11656 0.00135267 -10868.2 -10844 -6367.49
  429 428.5 2.78118 0.00120711 -11914.2 -11905.8 -8109.24
  430 429.5 2.54196 0.00110328 -12883 -12833 -9706.01
  431 430.5 2.3661 0.00102695 -13490.3 -13588.5 -11027.7
  432 431.5 2.23981 0.000972141 -13994.3 -14170.1 -12112.3
  433 432.5 2.16007 0.000937529 -14458 -14343.2 -12898.5
  434 433.5 2.09029 0.000907246 -14674.1 -14687.5 -13618.9
  435 434.5 2.0451 0.000887631 -14867.7 -14890.9 -14113.9
  436 435.5 2.00421 0.000869883 -15057.3 -15049.6 -14562.8
  437 436.5 1.9827 0.000860545 -15137.9 -15145.5 -14828.6
  438 437.5 1.96768 0.000854026 -15291.8 -15284.9 -15019.6
  439 438.5 1.96087 0.000851072 -15397.3 -15395 -15173.1
  440 439.5 1.95025 0.000846461 -15374 -15336.9 -15257.3
  441 440.5 1.94878 0.000845826 -15397.6 -15396.6 -15312.2
  442 441.5 1.94505 0.000844206 -15339.7 -15460.7 -15433
  443 442.5 1.94696 0.000845035 -15388.5 -15447.4 -15372.9
  444 443.5 1.95206 0.000847249 -15415.6 -15471 -15347.7
  445 444.5 1.9522 0.000847311 -15386.5 -15356.8 -15388.5
  446 445.5 1.95295 0.000847636 -15291.1 -15447.5 -15399.1
  447 446.5 1.95571 0.000848833 -15357.6 -15370.1 -15393.3
  448 447.5 1.95823 0.000849925 -15258.8 -15339.6 -15341.1
  449 448.5 1.95781 0.000849742 -15349.1 -15420.4 -15336
  450 449.5 1.95354 0.00084789 -15331 -15356.1 -15399.9
  451 450.5 1.95823 0.000849927 -15279.7 -15289.6 -15350.3
  452 451.5 1.95941 0.000850438 -15409.9 -15344.2 -15403.8
  453 452.5 1.95456 0.000848333 -15337.2 -15273.1 -15386.9
  454 453.5 1.9655 0.000853083 -15345 -15214.5 -15303.1
  455 454.5 1.96317 0.000852071 -15340.2 -15274.5 -15321.5
  456 455.5 1.96263 0.000851838 -15318.2 -15320.2 -15323.7
  457 456.5 1.96694 0.000853704 -15282.4 -15273.6 -15285.4
  458 457.5 1.96619 0.00085338 -15273.4 -15298.1 -15307.4
  459 458.5 1.97111 0.000855516 -15285.3 -15233.6 -15264.6
  460 459.5 1.97353 0.000856568 -15216.5 -15283.9 -15205.1
  461 460.5 1.97157 0.000855717 -15209.3 -15317.9 -15234.9
  462 461.5 1.9677 0.000854035 -15135.5 -15210.5 -15309.2
  463 462.5 1.96994 0.000855009 -15254.9 -15309 -15288.7
  464 463.5 1.96663 0.000853572 -15184.2 -15425.2 -15359.3
  465 464.5 1.97025 0.000855143 -15190.2 -15267.7 -15261.4
  466 465.5 1.9778 0.000858421 -15220.7 -15328.2 -15169.9
  467 466.5 1.96962 0.000854872 -15280.6 -15344.4 -15268.4
  468 467.5 1.97358 0.000856589 -15329.8 -15284 -15291.5
  469 468.5 1.96884 0.000854533 -15293.1 -15320.6 -15243.6
  470 469.5 1.97016 0.000855102 -15359.2 -15398.4 -15291.8
  471 470.5 1.97123 0.000855569 -15328.1 -15394.9 -15202.2
  472 471.5 1.96846 0.000854366 -15268.7 -15436.2 -15344
  473 472.5 1.96145 0.000851323 -15255.3 -15335.4 -15375.5
  474 473.5 1.96741 0.000853911 -15288.1 -15311.6 -15274.4
  475 474.5 1.96975 0.000854926 -15347.2 -15244.7 -15241
  476 475.5 1.9658 0.000853214 -15341.5 -15208.6 -15279
  477 476.5 1.97137 0.000855631 -15366.7 -15268.2 -15274.1
  478 477.5 1.96726 0.000853847 -15332.5 -15316.2 -15256.1
  479 478.5 1.9623 0.000851692 -15378.2 -15329.1 -15379
  480 479.5 1.97372 0.000856651 -15246.7 -15305.6 -15247.7
  481 480.5 1.97392 0.000856738 -15389.3 -15264.5 -15217
  482 481.5 1.96795 0.000854143 -15373.3 -15343.5 -15246.6
  483 482.5 1.96909 0.000854641 -15377.8 -15319.4 -15317.9
  484 483.5 1.97018 0.000855113 -15359.2 -15273.2 -15293.5
  485 484.5 1.96948 0.000854807 -15346.5 -15345 -15288.2
  486 485.5 1.97278 0.000856243 -15371.6 -15349.2 -15232.5
  487 486.5 1.96936 0.000854756 -15469.3 -15271.9 -15272.4
  488 487.5 1.96781 0.000854086 -15395.1 -15202.4 -15295.6
  489 488.5 1.96358 0.000852248 -15315.3 -15257 -15348.8
  490 489.5 1.97044 0.000855224 -15184.4 -15232.6 -15297.7
  491 490.5 1.9631 0.000852038 -15147.1 -15190.1 -15275.1
  492 491.5 1.96474 0.000852753 -15301.7 -15276 -15305.1
  493 492.5 1.96774 0.000854053 -15238.9 -15226.2 -15253.2
  494 493.5 1.96609 0.000853336 -15246.1 -15199.2 -15293.7
  495 494.5 1.95947 0.000850465 -15325.4 -15164.4 -15377.7
  496 495.5 1.95309 0.000847696 -15304 -15137.8 -15392.8
  497 496.5 1.966 0.0008533 -15235.2 -15194.7 -15323.2
  498 497.5 1.96882 0.000854523 -15209.8 -15232 -15238.8
  499 498.5 1.97084 0.000855398 -15209.7 -15217.8 -15254
  500 499.5 1.97373 0.000856655 -15241.1 -15280.2 -15257.3
  501 500.5 1.97002 0.000855045 -15225.1 -15184.1 -15299.4
  502 501.5 1.97124 0.000855571 -15214.8 -15170.6 -15271
  503 502.5 1.97121 0.000855561 -15129.1 -15231.3 -15274
  504 503.5 1.96698 0.000853723 -15127.9 -15202 -15250
  505 504.5 1.96409 0.000852471 -15147.1 -15217.7 -15357.2
  506 505.5 1.96488 0.000852813 -15234.2 -15219.5 -15268.3
  507 506.5 1.96721 0.000853826 -15266 -15266.7 -15331.8
  508 507.5 1.9674 0.000853908 -15140.9 -15223.9 -15258.8
  509 508.5 1.96544 0.000853056 -15071.9 -15254.4 -15289.1
  510 509.5 1.96538 0.000853027 -15217.3 -15138 -15317.4
  511 510.5 1.96517 0.00085294 -15231.7 -15247.4 -15337.1
  512 511.5 1.96398 0.000852424 -15207.7 -15189.8 -15312
  513 512.5 1.9726 0.000856164 -15331.1 -15278.5 -15252.9
  514 513.5 1.97143 0.000855657 -15199.1 -15302.5 -15258.5
  515 514.5 1.97556 0.000857446 -15212.6 -15302.8 -15205
  516 515.5 1.97253 0.000856135 -15168.8 -15243.4 -15260.6
  517 516.5 1.97876 0.000858836 -15084.4 -15298.9 -15192.8
  518 517.5 1.97476 0.000857102 -15180.1 -15279 -15232.2
  519 518.5 1.97146 0.000855668 -15163.8 -15204.6 -15280
  520 519.5 1.97496 0.000857187 -15184.7 -15117.2 -15197.8
  521 520.5 1.97814 0.000858566 -15285.7 -15208.2 -15216
  522 521.5 1.97778 0.000858409 -15214.5 -15189.7 -15219.9
  523 522.5 1.97502 0.000857215 -15209.4 -15319.7 -15224.3
  524 523.5 1.97666 0.000857924 -15154 -15292.9 -15218.6
  525 524.5 1.9795 0.000859159 -15189 -15265.3 -15231.9
  526 525.5 1.9789 0.0008589 -15189.4 -15258.8 -15166.5
  527 526.5 1.98097 0.000859796 -15244 -15177.4 -15161.8
  528 527.5 1.97659 0.000857896 -15154.9 -15224.9 -15257
  529 528.5 1.97928 0.000859062 -15138 -15223.5 -15230.4
  530 529.5 1.97695 0.000858052 -15218.5 -15317.7 -15204.6
  531 530.5 1.98298 0.000860668 -15075.7 -15284.9 -15148.3
  532 531.5 1.98327 0.000860793 -15065 -15263.7 -15133.6
  533 532.5 1.98123 0.000859908 -15063.8 -15112.5 -15200
  534 533.5 1.97191 0.000855865 -15118 -15132.5 -15280.7
  535 534.5 1.97858 0.000858757 -15105.9 -15095.8 -15191.2
  536 535.5 1.98338 0.000860841 -15050.7 -15162.2 -15134.2
  537 536.5 1.97938 0.000859105 -15195.5 -15171.6 -15205.4
  538 537.5 1.97616 0.00085771 -15169.5 -15132.5 -15246.5
  539 538.5 1.97953 0.000859171 -15169.8 -15063.1 -15197.9
  540 539.5 1.98798 0.000862841 -15199.3 -15158.5 -15129.8
  541 540.5 1.98571 0.000861853 -15177.5 -15257 -15161.2
  542 541.5 1.98473 0.000861429 -15185.5 -15222.5 -15158.6
  543 542.5 1.98668 0.000862273 -15213.7 -15227.8 -15130.2
  544 543.5 1.98578 0.000861883 -15228.3 -15306.2 -15163.9
  545 544.5 1.98317 0.000860751 -15170.6 -15218.5 -15150.7
  546 545.5 1.98447 0.000861314 -15207.1 -15315.7 -15155.1
  547 546.5 1.98117 0.000859882 -15215.3 -15307.8 -15227
  548 547.5 1.97797 0.000858493 -15210.7 -15303 -15245.7
  549 548.5 1.98185 0.000860176 -15255.1 -15137.7 -15124.1
  550 549.5 1.98212 0.000860294 -15233.5 -15092.6 -15164.9
  551 550.5 1.97707 0.000858105 -15225.7 -15229.8 -15220.3
  552 551.5 1.97467 0.000857063 -15248.4 -15272.4 -15227.1
  553 552.5 1.96664 0.000853575 -15236.2 -15308.1 -15303.1
  554 553.5 1.97006 0.00085506 -15222.3 -15263.4 -15258
  555 554.5 1.96681 0.000853651 -15280.5 -15298.8 -15269
  556 555.5 1.97244 0.000856093 -15192.6 -15303.1 -15266.5
  557 556.5 1.97748 0.000858281 -15172.8 -15220 -15229.7
  558 557.5 1.98175 0.000860137 -15209.7 -15226.1 -15193.2
  559 558.5 1.97915 0.000859008 -15165.9 -15228.6 -15170
  560 559.5 1.96953 0.00085483 -15222.3 -15253.2 -15281.7
  561 560.5 1.9701 0.00085508 -15154.5 -15236.1 -15264.3
  562 561.5 1.96942 0.000854782 -15235.2 -15228.7 -15312.4
  563 562.5 1.97293 0.000856305 -15279.4 -15165.7 -15220.6
  564 563.5 1.96997 0.000855021 -15337.3 -15204.9 -15286.4
  565 564.5 1.97324 0.000856442 -15317.4 -15283.9 -15241.6
  566 565.5 1.97467 0.000857063 -15303.3 -15283.9 -15202.7
  567 566.5 1.97014 0.000855094 -15270.6 -15273.8 -15283.7
  568 567.5 1.96987 0.000854978 -15283.2 -15374.1 -15298
  569 568.5 1.97127 0.000855586 -15378.5 -15320.5 -15227.2
  570 569.5 1.96619 0.000853381 -15360.6 -15372.6 -15314
  571 570.5 1.96827 0.000854285 -15357.8 -15408.3 -15276.3
  572 571.5 1.96547 0.000853066 -15280.9 -15446.6 -15336.3
  573 572.5 1.96761 0.000853997 -15308.8 -15321.9 -15243
  574 573.5 1.95772 0.000849704 -15272.7 -15331.4 -15376.5
  575 574.5 1.96095 0.000851107 -15273.1 -15360.6 -15309.9
  576 575.5 1.95615 0.000849024 -15200.2 -15364.5 -15424.8
  577 576.5 1.96608 0.000853334 -15332.9 -15383.8 -15297
  578 577.5 1.96323 0.000852096 -15233.6 -15291.8 -15269
  579 578.5 1.96338 0.00085216 -15220.8 -15268.5 -15308.3
  580 579.5 1.96832 0.000854306 -15236.1 -15352.7 -15301.2
  581 580.5 1.96914 0.000854661 -15236 -15175.7 -15304.8
  582 581.5 1.96954 0.000854837 -15256.3 -15119.6 -15312.9
  583 582.5 1.98066 0.000859661 -15273.8 -15127.8 -15169.1
  584 583.5 1.98223 0.000860343 -15328 -15234.3 -15155.5
  585 584.5 1.97085 0.000855403 -15290.4 -15100.3 -15292.1
  586 585.5 1.96518 0.000852944 -15220.2 -15130.8 -15264.8
  587 586.5 1.95892 0.000850227 -15311.7 -15108.8 -15359.9
  588 587.5 1.95658 0.000849211 -15313.7 -15154.1 -15390.5
  589 588.5 1.95636 0.000849113 -15287.2 -15170.2 -15358.9
  590 589.5 1.95761 0.000849656 -15260.1 -15232.4 -15314.3
  591 590.5 1.95937 0.00085042 -15237.1 -15094.2 -15365.4
  592 591.5 1.96657 0.000853546 -15240.4 -15246.5 -15275.6
  593 592.5 1.96867 0.000854457 -15239.8 -15209.9 -15220.5
  594 593.5 1.96728 0.000853852 -15243.3 -15239.1 -15228.4
  595 594.5 1.97212 0.000855953 -15266.2 -15213.6 -15156.3
  596 595.5 1.97784 0.000858436 -15273.3 -15145.1 -15115.6
  597 596.5 1.98195 0.000860223 -15285.8 -15211.9 -15057.4
  598 597.5 1.98245 0.000860437 -15164.5 -15241.5 -15034
  599 598.5 2.00023 0.000868156 -15078 -15097.6 -14784.9
  600 599.5 2.01881 0.00087622 -14914.6 -14969.3 -14593.6
  601 600.5 2.04244 0.000886474 -14869.8 -14941.8 -14285.5
  602 601.5 2.07517 0.000900681 -14744.1 -14792.9 -13954.1
  603 602.5 2.11443 0.000917724 -14562.4 -14654.3 -13521.9
  604 603.5 2.16958 0.000941659 -14330.6 -14310.5 -12918.4
  605 604.5 2.25245 0.000977625 -14054.4 -13975.7 -12152.5
  606 605.5 2.36032 0.00102444 -13461.4 -13463.2 -11167.5
  607 606.5 2.51901 0.00109332 -12945.8 -12848.9 -9974.74
  608 607.5 2.73699 0.00118793 -12015.3 -12084.9 -8503.38
  609 608.5 3.04484 0.00132154 -11019.7 -11049.6 -6820.21
  610 609.5 3.47663 0.00150895 -9709.73 -9775.25 -4964.74
  611 610.5 4.0744 0.0017684 -8261.03 -8274.44 -3156.8
  612 611.5 4.86286 0.00211062 -6682 -6553.44 -1466.45
  613 612.5 5.90702 0.00256381 -4897.18 -4883.86 -36.554
  614 613.5 7.24346 0.00314386 -3171.45 -3127.12 1010.19
  615 614.5 8.90566 0.0038653 -1497.31 -1459.17 1763.15
  616 615.5 10.8467 0.00470776 -0.199559 78.7346 2069.63
  617 616.5 13.0556 0.00566647 1413.59 1426.34 2019.49
  618 617.5 15.4305 0.00669725 2426.48 2502.55 1702.2
  619 618.5 17.8751 0.0077583 3339.12 3304.99 1196.03
  620 619.5 20.2379 0.00878382 3863.1 3836.62 560.994
  621 620.5 22.4348 0.00973735 4112.32 4052.68 -160.197
  622 621.5 24.3176 0.0105545 4085.72 4125.54 -862.06
  623 622.5 25.9967 0.0112833 3868.74 3827.71 -1490.82
  624 623.5 27.3491 0.0118702 3470.87 3448.63 -1984.49
80000000 624 13998.999999999993
  1 0.5 29.6914 0.0128869 2128.58 2149.93 -2528.62
  2 1.5 30.2893 0.0131464 1586.7 1668.41 -2558.59
  3 2.5 30.7228 0.0133345 1121.24 1178.11 -2463.25
  4 3.5 31.0289 0.0134674 741.038 747.04 -2295.54
  5 4.5 31.2937 0.0135823 413.265 423.358 -2178.1
  6 5.5 31.479 0.0136628 136.773 159.58 -2024.63
  7 6.5 31.6248 0.013726 -60.2388 -27.1309 -1801.26
  8 7.5 31.7132 0.0137644 -253.02 -208.749 -1708.57
  9 8.5 31.829 0.0138147 -418.16 -400.735 -1532.79
  10 9.5 31.8734 0.0138339 -542.029 -576.722 -1457.67
  11 10.5 31.9314 0.0138591 -620.603 -688.054 -1318.2
  12 11.5 31.966 0.0138741 -694.666 -710.972 -1231.4
  13 12.5 31.9699 0.0138758 -749.335 -772.057 -1203.82
  14 13.5 32.0084 0.0138925 -846.843 -820.053 -1114.62
  15 14.5 32.0184 0.0138969 -888.64 -847.349 -1119.07
  16 15.5 32.0448 0.0139083 -872.378 -868.989 -1056.3
  17 16.5 32.0316 0.0139026 -872.147 -879.206 -981.868
  18 17.5 32.0593 0.0139146 -915.717 -926.032 -987.137
  19 18.5 32.056 0.0139132 -932.887 -939.235 -953.722
  20 19.5 32.0617 0.0139157 -949.968 -940.186 -995.866
  21 20.5 32.0489 0.0139101 -896.949 -920.991 -985.17
  22 21.5 32.0579 0.013914 -852.051 -875.178 -889.366
  23 22.5 32.0442 0.0139081 -959.978 -933.56 -938.555
  24 23.5 32.0523 0.0139116 -956.751 -923.318 -994.396
  25 24.5 32.0358 0.0139044 -960.939 -923.086 -937.572
  26 25.5 32.0445 0.0139082 -886.601 -897.004 -900.767
  27 26.5 32.0687 0.0139187 -912.113 -922.705 -876.539
  28 27.5 32.0335 0.0139034 -863.054 -887.847 -958.32
  29 28.5 32.0236 0.0138991 -868.975 -848.949 -908.067
  30 29.5 32.0373 0.0139051 -934.437 -875.997 -932.118
  31 30.5 32.0526 0.0139117 -963.319 -872.642 -864.706
  32 31.5 32.0246 0.0138996 -985.858 -939.995 -959.485
  33 32.5 32.034 0.0139036 -933.407 -975.238 -961.435
  34 33.5 32.0477 0.0139096 -878.48 -910.012 -878.749
  35 34.5 32.0226 0.0138987 -923.563 -959.413 -895.425
  36 35.5 32.0237 0.0138992 -904.799 -931.356 -935.001
  37 36.5 32.0284 0.0139012 -914.894 -943.067 -932.852
  38 37.5 32.0336 0.0139035 -907.257 -910.404 -911.837
  39 38.5 32.0285 0.0139013 -956.6 -917.009 -891.618
  40 39.5 32.0207 0.0138979 -967.18 -935.846 -944.87
  41 40.5 32.0376 0.0139052 -880.299 -900.383 -914.903
  42 41.5 32.0246 0.0138996 -924.976 -881.177 -933.193
  43 42.5 32.0288 0.0139014 -895.256 -877.649 -860.644
  44 43.5 32.0375 0.0139052 -891.66 -917.112 -950.999
  45 44.5 32.0311 0.0139024 -948.161 -900.833 -928.211
  46 45.5 32.0505 0.0139108 -895.184 -889.075 -899.138
  47 46.5 32.0267 0.0139005 -937.944 -915.86 -929.127
  48 47.5 32.0393 0.013906 -911.128 -893.538 -906.718
  49 48.5 32.0419 0.0139071 -904.615 -942.369 -912.299
  50 49.5 32.0346 0.0139039 -894.917 -939.931 -929.037
  51 50.5 32.0433 0.0139077 -900.641 -941.346 -954.442
  52 51.5 32.0375 0.0139052 -891.479 -915.172 -894.642
  53 52.5 32.0309 0.0139023 -892.029 -907.814 -897.697
  54 53.5 32.0601 0.013915 -889.795 -961.73 -959.717
  55 54.5 32.0279 0.013901 -927.599 -900.817 -949.665
  56 55.5 32.0315 0.0139026 -894.182 -910.393 -894.757
  57 56.5 32.0444 0.0139082 -889.317 -896.78 -861.235
  58 57.5 32.0477 0.0139096 -923.225 -893.245 -936.883
  59 58.5 32.015 0.0138954 -932.758 -928.896 -970.286
  60 59.5 32.026 0.0139002 -944.907 -929.835 -877.21
  61 60.5 32.0405 0.0139065 -944.793 -915.268 -924.997
  62 61.5 32.0387 0.0139057 -971.084 -899.085 -939.089
  63 62.5 32.0008 0.0138892 -896.448 -904.02 -909.817
  64 63.5 32.0195 0.0138974 -905.076 -890.035 -912.324
  65 64.5 32.0495 0.0139104 -950.514 -913.246 -920.83
  66 65.5 32.013 0.0138945 -919.657 -921.439 -893.605
  67 66.5 32.0257 0.0139001 -945.857 -932.56 -906.329
  68 67.5 32.0376 0.0139052 -963.872 -966.351 -962.848
  69 68.5 32.0151 0.0138954 -867.35 -931.046 -884.545
  70 69.5 32.0242 0.0138994 -974.13 -916.919 -936.791
  71 70.5 32.0404 0.0139064 -898.747 -914.201 -907.077
  72 71.5 32.0445 0.0139082 -917.028 -932.035 -919.536
  73 72.5 32.0101 0.0138933 -935.445 -881.628 -911.675
  74 73.5 32.0301 0.013902 -888.519 -918.456 -921.533
  75 74.5 32.0326 0.013903 -961.533 -879.529 -939.886
  76 75.5 32.0508 0.0139109 -984.133 -968.638 -914.823
  77 76.5 32.0294 0.0139016 -915.365 -930.959 -921.723
  78 77.5 32.0425 0.0139073 -917.586 -933.271 -932.771
  79 78.5 32.0573 0.0139138 -952.75 -979.887 -913.213
  80 79.5 32.0262 0.0139003 -923.053 -942.353 -933.356
  81 80.5 32.0441 0.013908 -927.513 -909.232 -912.483
  82 81.5 32.0551 0.0139128 -925.828 -853.755 -916.867
  83 82.5 32.0315 0.0139025 -939.384 -911.367 -936.258
  84 83.5 32.015 0.0138954 -926.167 -987.802 -915.883
  85 84.5 32.0447 0.0139083 -954.308 -946.055 -906.006
  86 85.5 32.0259 0.0139001 -972.447 -986.886 -950.381
  87 86.5 32.0137 0.0138948 -909.446 -932.163 -905.4
  88 87.5 32.0245 0.0138995 -912.919 -880.191 -904.203
  89 88.5 32.0215 0.0138982 -912.082 -942.758 -951.645
  90 89.5 32.0323 0.0139029 -924.483 -889.633 -885.799
  91 90.5 32.017 0.0138963 -958.458 -913.068 -899.291
  92 91.5 32.0127 0.0138944 -961.083 -954.416 -945.889
  93 92.5 32.0237 0.0138992 -946.236 -934.968 -908.917
  94 93.5 31.9944 0.0138864 -926.355 -949.241 -934.793
  95 94.5 32.0109 0.0138936 -942.414 -972.396 -917.816
  96 95.5 32.0272 0.0139007 -900.71 -880.382 -882.491
  97 96.5 32.002 0.0138898 -930.984 -911.51 -944.105
  98 97.5 31.9982 0.0138881 -904.09 -908.708 -920.294
  99 98.5 32.0162 0.0138959 -893.04 -922.792 -928.273
  100 99.5 32.0363 0.0139047 -844.465 -904.685 -882.179
  101 100.5 32.0027 0.01389 -913.018 -920.523 -920.954
  102 101.5 32.0193 0.0138973 -889.588 -900.89 -907.529
  103 102.5 32.0196 0.0138974 -983.495 -944.491 -929.407
  104 103.5 32.0205 0.0138978 -902.52 -922.221 -927.935
  105 104.5 32.0106 0.0138935 -976.935 -926.678 -901.129
  106 105.5 32.0425 0.0139074 -935.931 -917.673 -926.762
  107 106.5 32.0178 0.0138966 -956.68 -956.198 -954.678
  108 107.5 32.0141 0.013895 -904.981 -890.826 -896.909
  109 108.5 32.0352 0.0139042 -888.264 -938.411 -915.036
  110 109.5 32.0408 0.0139066 -886.86 -920.991 -924.356
  111 110.5 32.0198 0.0138975 -875.838 -878.433 -922.576
  112 111.5 32.0194 0.0138973 -870.682 -900.337 -884.004
  113 112.5 32.0269 0.0139005 -958.342 -936.593 -959.911
  114 113.5 32.0365 0.0139047 -973.927 -945.686 -913.914
  115 114.5 32.0236 0.0138991 -935.329 -924.456 -920.649
  116 115.5 32.0201 0.0138976 -990.441 -909.504 -923.67
  117 116.5 32.0017 0.0138896 -940.397 -922.698 -933.034
  118 117.5 32.036 0.0139045 -943.963 -922.04 -919.837
  119 118.5 32.041 0.0139067 -902.638 -938.202 -908.484
  120 119.5 31.9994 0.0138886 -890.538 -882.963 -916.764
  121 120.5 32.0139 0.0138949 -923.981 -892.163 -909.618
  122 121.5 32.0401 0.0139063 -923.083 -933.976 -914.221
  123 122.5 32.0023 0.0138899 -882.558 -886.819 -932.454
  124 123.5 31.9799 0.0138802 -948.081 -915.981 -933.915
  125 124.5 32.0513 0.0139112 -927.143 -908.115 -937.815
  126 125.5 32.0242 0.0138994 -896.174 -901.099 -885.952
  127 126.5 32.0075 0.0138921 -966.959 -909.22 -897.308
  128 127.5 31.9991 0.0138885 -923.436 -884.446 -933.064
  129 128.5 32.0413 0.0139068 -930.648 -915.467 -947.779
  130 129.5 31.9917 0.0138853 -890.425 -909.064 -901.135
  131 130.5 31.9935 0.0138861 -879.646 -941.092 -911.137
  132 131.5 32.0458 0.0139088 -915.798 -950.54 -960.767
  133 132.5 32.0258 0.0139001 -885.696 -936.776 -876.814
  134 133.5 31.9974 0.0138878 -950.506 -960.645 -910.873
  135 134.5 32.0326 0.0139031 -888.654 -913.148 -904.527
  136 135.5 32.0357 0.0139044 -905.06 -929.972 -920.156
  137 136.5 32.0164 0.013896 -965.189 -1027.94 -975.029
  138 137.5 32.0056 0.0138913 -938.861 -913.771 -910.264
  139 138.5 32.0533 0.013912 -887.205 -926.789 -880.628
  140 139.5 32.0298 0.0139018 -943.183 -919.266 -911.912
  141 140.5 32.0025 0.01389 -918.361 -923.816 -955.012
  142 141.5 32.0074 0.0138921 -920.968 -919.929 -925.147
  143 142.5 32.0475 0.0139095 -911.618 -902.306 -916.252
  144 143.5 32.0393 0.013906 -927.126 -951.4 -868.648
  145 144.5 31.9937 0.0138862 -868.986 -918.12 -954.346
  146 145.5 32.0274 0.0139008 -875.584 -881.508 -956.472
  147 146.5 32.0438 0.0139079 -893.448 -914.783 -896.45
  148 147.5 32.0394 0.013906 -915.967 -893.565 -895.385
  149 148.5 31.9975 0.0138878 -858.239 -901.329 -909.918
  150 149.5 32.0373 0.0139051 -892.048 -892.22 -970.478
  151 150.5 32.0468 0.0139092 -868.302 -851.954 -911.911
  152 151.5 32.0189 0.0138971 -928.806 -926.649 -895.351
  153 152.5 32.027 0.0139006 -940.784 -913.98 -929.313
  154 153.5 32.0517 0.0139113 -875.613 -939.525 -935.245
  155 154.5 32.0325 0.013903 -879.95 -879.772 -923.082
  156 155.5 32.0103 0.0138934 -872.801 -895.497 -911.629
  157 156.5 32.0554 0.0139129 -868.598 -889.387 -916.331
  158 157.5 32.0395 0.0139061 -912.777 -861.689 -932.71
  159 158.5 32.0229 0.0138988 -887.858 -881.702 -897.758
  160 159.5 32.0263 0.0139003 -899.854 -843.101 -915.685
  161 160.5 32.0393 0.013906 -946.282 -898.189 -968.945
  162 161.5 32.0378 0.0139053 -927.778 -899.092 -908.829
  163 162.5 32.0222 0.0138985 -929.105 -887.302 -928.145
  164 163.5 32.0288 0.0139014 -944.176 -913.503 -927.718
  165 164.5 32.0364 0.0139047 -895.066 -879.41 -876.439
  166 165.5 32.0239 0.0138992 -866.895 -919.282 -943.111
  167 166.5 32.0219 0.0138984 -863.547 -910.544 -925.308
  168 167.5 32.0113 0.0138938 -876.958 -883.525 -949.674
  169 168.5 32.0301 0.013902 -973.084 -932.456 -898.371
  170 169.5 32.0309 0.0139023 -878.397 -908.274 -917.847
  171 170.5 32.0127 0.0138944 -911.029 -900.504 -911.163
  172 171.5 32.003 0.0138902 -913.423 -865.996 -904.733
  173 172.5 32.0312 0.0139024 -926.431 -894.246 -942.967
  174 173.5 32.0137 0.0138948 -952.041 -933.983 -938.857
  175 174.5 31.9948 0.0138866 -909.202 -895.11 -924.113
  176 175.5 32.0115 0.0138939 -888.059 -846.121 -907.994
  177 176.5 32.0105 0.0138934 -943.672 -894.188 -973.682
  178 177.5 32.0203 0.0138977 -917.027 -964.489 -911.185
  179 178.5 31.9961 0.0138872 -867.704 -909.091 -933.867
  180 179.5 31.9956 0.013887 -886.661 -848.317 -994.304
  181 180.5 31.9987 0.0138883 -866.364 -879.162 -968.787
  182 181.5 32.0008 0.0138892 -833.987 -879.033 -932.542
  183 182.5 31.9971 0.0138876 -859.723 -853.593 -1007
  184 183.5 31.9603 0.0138716 -916.022 -898.431 -1054.83
  185 184.5 31.9638 0.0138732 -776.648 -815.194 -1081.31
  186 185.5 31.9441 0.0138646 -738.19 -739.502 -1093.27
  187 186.5 31.9319 0.0138593 -761.793 -770.471 -1109.32
  188 187.5 31.8833 0.0138383 -695.527 -652.081 -1195.33
  189 188.5 31.8805 0.013837 -681.192 -629.397 -1242.41
  190 189.5 31.833 0.0138164 -540.663 -592.999 -1294.52
  191 190.5 31.7652 0.013787 -493.965 -532.627 -1357.21
  192 191.5 31.6724 0.0137467 -379.752 -425.439 -1453.28
  193 192.5 31.6067 0.0137182 -237.827 -278.617 -1513.82
  194 193.5 31.4703 0.013659 -66.6301 -92.2726 -1610.98
  195 194.5 31.2916 0.0135814 122.364 75.044 -1576.51
  196 195.5 31.1127 0.0135038 391.175 336.915 -1530.75
  197 196.5 30.854 0.0133915 588.378 541.209 -1554.58
  198 197.5 30.5339 0.0132526 731.735 767.523 -1319.25
  199 198.5 30.1676 0.0130936 903.954 945.468 -1093.17
  200 199.5 29.7668 0.0129196 975.909 992.455 -713.755
  201 200.5 29.3192 0.0127254 899.048 924.443 -342.351
  202 201.5 28.8524 0.0125227 827.162 803.066 108.639
  203 202.5 28.4615 0.0123531 672.87 662.786 556.824
  204 203.5 28.1768 0.0122295 468.617 519.109 888.223
  205 204.5 28.0401 0.0121702 384.511 379.199 1020.47
  206 205.5 28.1155 0.0122029 483.959 465.145 1075.15
  207 206.5 28.3136 0.0122889 644.519 653.975 881.348
  208 207.5 28.6509 0.0124353 863.546 906.997 524.231
  209 208.5 29.1757 0.0126631 1124.2 1181.13 112.692
  210 209.5 29.6613 0.0128738 1262.87 1288.73 -370.061
  211 210.5 30.1615 0.0130909 1246.98 1307.47 -778.933
  212 211.5 30.6056 0.0132837 1213.12 1172.13 -1172.05
  213 212.5 30.9969 0.0134535 1030.65 1049.48 -1449.26
  214 213.5 31.3079 0.0135885 782.931 785.678 -1587.12
  215 214.5 31.5887 0.0137104 471.383 551.374 -1643.19
  216 215.5 31.7922 0.0137987 223.93 198.087 -1661.23
  217 216.5 31.9339 0.0138602 8.49953 64.5657 -1657.84
  218 217.5 32.0623 0.0139159 -170.434 -168.102 -1553.39
  219 218.5 32.162 0.0139592 -347.676 -309.144 -1471.08
  220 219.5 32.2281 0.0139879 -446.522 -460.345 -1394.56
  221 220.5 32.2907 0.0140151 -593.331 -579.152 -1307.15
  222 221.5 32.3082 0.0140227 -645.404 -598.61 -1287.65
  223 222.5 32.3819 0.0140547 -724.744 -704.071 -1158.95
  224 223.5 32.4043 0.0140643 -744.113 -742.472 -1129.88
  225 224.5 32.3991 0.0140621 -713.175 -790.491 -1070.96
  226 225.5 32.415 0.014069 -799.275 -833.622 -1079.98
  227 226.5 32.4441 0.0140816 -855.736 -821.075 -1016.44
  228 227.5 32.4512 0.0140847 -901.646 -896.145 -985.535
  229 228.5 32.4423 0.0140809 -873.642 -901.945 -958.268
  230 229.5 32.4596 0.0140884 -907.763 -911.162 -981.241
  231 230.5 32.4386 0.0140792 -901.27 -843.856 -971.708
  232 231.5 32.4635 0.0140901 -896.219 -908.489 -923.852
  233 232.5 32.4584 0.0140879 -931.497 -920.674 -934.905
  234 233.5 32.4543 0.0140861 -911.96 -938.271 -880.439
  235 234.5 32.4461 0.0140825 -966.908 -953.993 -955.653
  236 235.5 32.4703 0.014093 -894.452 -912.711 -957.908
  237 236.5 32.4359 0.0140781 -895.446 -913.291 -901.865
  238 237.5 32.4516 0.0140849 -850.827 -904.855 -861.783
  239 238.5 32.4587 0.014088 -891.237 -900.06 -939.175
  240 239.5 32.4389 0.0140794 -884.699 -918.924 -905.264
  241 240.5 32.4557 0.0140867 -914.783 -912.168 -884.258
  242 241.5 32.4546 0.0140862 -896.919 -883.268 -929.704
  243 242.5 32.4175 0.0140701 -912.638 -902.073 -919.488
  244 243.5 32.4416 0.0140806 -900.258 -851.413 -866.085
  245 244.5 32.4706 0.0140932 -914.469 -869.6 -912.632
  246 245.5 32.4313 0.0140761 -893.462 -840.379 -913.367
  247 246.5 32.4198 0.0140711 -891.169 -901.527 -913.066
  248 247.5 32.4703 0.014093 -937.118 -887.656 -889.521
  249 248.5 32.4361 0.0140782 -953.705 -858.587 -919.919
  250 249.5 32.4453 0.0140822 -927.031 -912.468 -928.547
  251 250.5 32.4476 0.0140831 -882.839 -886.123 -872.374
  252 251.5 32.4553 0.0140865 -991.36 -977.305 -948.029
  253 252.5 32.4414 0.0140805 -894.105 -944.666 -874.035
  254 253.5 32.449 0.0140838 -941.371 -896.185 -899.186
  255 254.5 32.4416 0.0140806 -883.191 -986.795 -956.193
  256 255.5 32.4536 0.0140858 -948.234 -978.516 -903.287
  257 256.5 32.4371 0.0140786 -911.565 -900.576 -879.271
  258 257.5 32.433 0.0140768 -898.256 -904.665 -885.336
  259 258.5 32.4414 0.0140804 -935.155 -885.168 -941.529
  260 259.5 32.4546 0.0140862 -898.506 -934.558 -905.891
  261 260.5 32.4312 0.014076 -876.196 -909.839 -850.912
  262 261.5 32.4442 0.0140817 -985.195 -964.753 -952.906
  263 262.5 32.4431 0.0140812 -954.167 -901.229 -889.288
  264 263.5 32.4365 0.0140783 -915.751 -932.34 -877.654
  265 264.5 32.4314 0.0140761 -914.049 -904.027 -924.371
  266 265.5 32.4381 0.014079 -912.911 -890.767 -915.13
  267 266.5 32.4333 0.014077 -883.602 -871.211 -904.795
  268 267.5 32.4595 0.0140883 -932.008 -936.661 -879.062
  269 268.5 32.4539 0.0140859 -889.956 -913.544 -913.328
  270 269.5 32.4166 0.0140697 -956.873 -923.878 -915.27
  271 270.5 32.4576 0.0140875 -932.645 -927.796 -913.035
  272 271.5 32.4567 0.0140871 -951.328 -910.701 -911.555
  273 272.5 32.4464 0.0140826 -894.934 -900.96 -873.388
  274 273.5 32.4315 0.0140762 -879.034 -928.439 -898.583
  275 274.5 32.4591 0.0140881 -931.624 -894.683 -963.37
  276 275.5 32.4519 0.014085 -897.855 -862.51 -891.697
  277 276.5 32.4383 0.0140791 -935.145 -907.378 -910.201
  278 277.5 32.451 0.0140846 -937.205 -876.503 -877.868
  279 278.5 32.448 0.0140833 -924.789 -908.622 -948.448
  280 279.5 32.4549 0.0140863 -945.168 -942.677 -892.429
  281 280.5 32.4546 0.0140862 -880.938 -959.528 -894.571
  282 281.5 32.4226 0.0140723 -870.379 -900.321 -883.781
  283 282.5 32.4691 0.0140925 -902.632 -913.984 -950.675
  284 283.5 32.4433 0.0140813 -892.705 -902.671 -912.789
  285 284.5 32.4329 0.0140768 -879.497 -936.256 -906.831
  286 285.5 32.455 0.0140864 -891.1 -996.553 -935.215
  287 286.5 32.4608 0.0140889 -889.207 -984.24 -853.44
  288 287.5 32.4525 0.0140853 -955.313 -910.691 -954.949
  289 288.5 32.4495 0.014084 -916.502 -893.598 -913.212
  290 289.5 32.4513 0.0140847 -926.653 -923.494 -859.248
  291 290.5 32.4575 0.0140874 -864.751 -894.853 -920.143
  292 291.5 32.4392 0.0140795 -880.409 -886.966 -934.237
  293 292.5 32.4201 0.0140712 -896.559 -899.087 -918.627
  294 293.5 32.4667 0.0140915 -912.17 -934.697 -889.416
  295 294.5 32.4368 0.0140785 -911.167 -964.522 -897.031
  296 295.5 32.4301 0.0140756 -912.226 -941.014 -918.653
  297 296.5 32.4285 0.0140749 -855.602 -901.895 -922.669
  298 297.5 32.464 0.0140903 -862.018 -882.054 -868.612
  299 298.5 32.4162 0.0140695 -955.75 -937.363 -903.597
  300 299.5 32.4324 0.0140766 -927.554 -884.516 -944.04
  301 300.5 32.4298 0.0140754 -828.688 -875.999 -887.596
  302 301.5 32.4499 0.0140842 -860.22 -835.451 -875.403
  303 302.5 32.4311 0.014076 -884.68 -843.255 -908.208
  304 303.5 32.4425 0.0140809 -966.51 -874.945 -929.725
  305 304.5 32.459 0.0140881 -926.296 -920.63 -884.514
  306 305.5 32.4502 0.0140843 -933.362 -926.278 -925.402
  307 306.5 32.4286 0.0140749 -837.65 -928.386 -908.228
  308 307.5 32.4558 0.0140867 -849.562 -840.875 -898.828
  309 308.5 32.4502 0.0140843 -820.543 -873.757 -908.069
  310 309.5 32.454 0.0140859 -865.151 -870.391 -912.482
  311 310.5 32.4316 0.0140762 -913.7 -877.793 -920.515
  312 311.5 32.4587 0.014088 -903.782 -917.667 -891.564
  313 312.5 32.4544 0.0140861 -901.917 -858.322 -913.229
  314 313.5 32.4529 0.0140855 -887.547 -872.284 -921.678
  315 314.5 32.4365 0.0140784 -918.738 -919.429 -915.27
  316 315.5 32.4432 0.0140812 -798.265 -859.693 -876.906
  317 316.5 32.4644 0.0140905 -912.816 -861.829 -917.98
  318 317.5 32.4543 0.0140861 -904.583 -902.934 -921.293
  319 318.5 32.4268 0.0140741 -902.42 -873.415 -911.884
  320 319.5 32.4603 0.0140887 -953.109 -933.023 -873.992
  321 320.5 32.4537 0.0140858 -937.477 -901.671 -931.761
  322 321.5 32.4585 0.0140879 -917 -950.048 -927.893
  323 322.5 32.457 0.0140872 -934.579 -942.609 -883.464
  324 323.5 32.428 0.0140747 -950.517 -944.044 -891.138
  325 324.5 32.4791 0.0140968 -929.422 -926.115 -898.915
  326 325.5 32.4399 0.0140798 -881.569 -878.356 -927.468
  327 326.5 32.4361 0.0140782 -942.809 -917.324 -895.624
  328 327.5 32.441 0.0140803 -919.508 -902.57 -910.867
  329 328.5 32.4629 0.0140898 -918.588 -932.346 -912.731
  330 329.5 32.4493 0.0140839 -920.342 -918.971 -899.927
  331 330.5 32.4198 0.0140711 -893.21 -926.944 -901.342
  332 331.5 32.4638 0.0140902 -966.214 -982.04 -914.749
  333 332.5 32.4566 0.0140871 -933.566 -1005.48 -893.41
  334 333.5 32.444 0.0140816 -912.51 -874.479 -888.447
  335 334.5 32.4427 0.014081 -968.067 -958.694 -914.985
  336 335.5 32.452 0.0140851 -952.381 -907.335 -936.662
  337 336.5 32.4454 0.0140822 -931.496 -957.202 -905.108
  338 337.5 32.4563 0.0140869 -973.207 -905.19 -895.355
  339 338.5 32.4645 0.0140905 -992.407 -954.281 -878.642
  340 339.5 32.4503 0.0140843 -922.058 -964.771 -940.344
  341 340.5 32.4512 0.0140847 -879.73 -902.327 -885.346
  342 341.5 32.4716 0.0140936 -860.287 -938.131 -896.4
  343 342.5 32.458 0.0140877 -864.073 -832.748 -885.932
  344 343.5 32.4416 0.0140805 -896.002 -811.033 -979.641
  345 344.5 32.4684 0.0140922 -883.998 -821.637 -905.112
  346 345.5 32.4707 0.0140932 -873.591 -844.226 -861.863
  347 346.5 32.4627 0.0140897 -904.191 -901.037 -918.085
  348 347.5 32.4634 0.01409 -868.699 -858.325 -901.631
  349 348.5 32.466 0.0140911 -958.329 -930.406 -916.683
  350 349.5 32.4573 0.0140874 -851.934 -883.564 -936.602
  351 350.5 32.4657 0.014091 -892.892 -918.151 -872.098
  352 351.5 32.4907 0.0141018 -919.017 -910.711 -922.295
  353 352.5 32.474 0.0140946 -891.097 -906.134 -891.921
  354 353.5 32.4575 0.0140875 -910.629 -870.594 -888.018
  355 354.5 32.4824 0.0140983 -917.969 -892.899 -940.495
  356 355.5 32.4824 0.0140983 -871.427 -851.602 -906.325
  357 356.5 32.4645 0.0140905 -946.13 -903.58 -908.413
  358 357.5 32.4864 0.0141 -873.101 -910.694 -887.172
  359 358.5 32.4852 0.0140995 -924.359 -924.057 -922.207
  360 359.5 32.4652 0.0140908 -865.682 -910.022 -931.199
  361 360.5 32.4639 0.0140902 -965.346 -925.059 -907.651
  362 361.5 32.4777 0.0140962 -889.366 -882.932 -886.722
  363 362.5 32.4922 0.0141025 -835.539 -865.079 -870.714
  364 363.5 32.4569 0.0140872 -860.599 -855.999 -908.698
  365 364.5 32.4532 0.0140856 -871.882 -876.988 -913.01
  366 365.5 32.4859 0.0140998 -927.312 -877.077 -947.753
  367 366.5 32.4689 0.0140924 -930.232 -897.629 -890.843
  368 367.5 32.458 0.0140877 -908.384 -916.407 -883.355
  369 368.5 32.468 0.014092 -869.362 -886.553 -905.347
  370 369.5 32.4815 0.0140979 -855.088 -893.677 -929.343
  371 370.5 32.4574 0.0140874 -888.098 -873.034 -897.788
  372 371.5 32.478 0.0140964 -942.597 -902.268 -901.553
  373 372.5 32.478 0.0140964 -946.304 -919.382 -867.39
  374 373.5 32.472 0.0140938 -930.789 -870.228 -955.098
  375 374.5 32.4792 0.0140969 -886.275 -839.569 -875.16
  376 375.5 32.4591 0.0140881 -891.583 -898.961 -903.696
  377 376.5 32.4712 0.0140934 -926.933 -924.508 -945.975
  378 377.5 32.4676 0.0140919 -887.225 -874.727 -909.183
  379 378.5 32.482 0.0140981 -879.846 -897.151 -885.787
  380 379.5 32.472 0.0140937 -889.759 -936.282 -921.952
  381 380.5 32.4785 0.0140966 -940.927 -926.193 -889.395
  382 381.5 32.4733 0.0140943 -943.88 -929.687 -904.78
  383 382.5 32.4641 0.0140903 -868.079 -935.298 -934.477
  384 383.5 32.4651 0.0140907 -875.003 -942.164 -946.299
  385 384.5 32.4682 0.0140921 -909.451 -893.478 -872.457
  386 385.5 32.4892 0.0141012 -891.292 -880.032 -905.916
  387 386.5 32.4649 0.0140907 -916.079 -914.599 -931.722
  388 387.5 32.4394 0.0140796 -975.436 -909.943 -950.431
  389 388.5 32.4886 0.014101 -957.81 -874.226 -920.044
  390 389.5 32.4693 0.0140926 -947.142 -846.427 -957.519
  391 390.5 32.4548 0.0140863 -852.962 -888.723 -943.961
  392 391.5 32.4443 0.0140817 -867.898 -846.42 -990.008
  393 392.5 32.4523 0.0140852 -876.243 -844.599 -1001.3
  394 393.5 32.4466 0.0140827 -858.549 -811.941 -997.177
  395 394.5 32.441 0.0140803 -856.816 -863.703 -1060.43
  396 395.5 32.4085 0.0140662 -850.05 -828.615 -1111.89
  397 396.5 32.4038 0.0140641 -758.224 -761.357 -1138.81
  398 397.5 32.3755 0.0140519 -682.355 -724.275 -1213.52
  399 398.5 32.3338 0.0140338 -693.638 -626.805 -1349.11
  400 399.5 32.2948 0.0140169 -515.306 -538.391 -1349.08
  401 400.5 32.256 0.014 -434.622 -397.596 -1524.19
  402 401.5 32.1602 0.0139584 -249.905 -296.812 -1647.85
  403 402.5 32.0668 0.0139179 -147.197 -127.463 -1841.87
  404 403.5 31.9542 0.013869 73.2772 124.267 -1936.8
  405 404.5 31.7797 0.0137933 399.583 378.061 -2172.87
  406 405.5 31.5443 0.0136911 756.454 747.194 -2338.33
  407 406.5 31.2613 0.0135683 1173.05 1080.59 -2489.83
  408 407.5 30.8844 0.0134047 1637.55 1602.65 -2564.72
  409 408.5 30.3437 0.01317 2108.45 2131.5 -2591.56
  410 409.5 29.6702 0.0128777 2704.96 2735.76 -2532.9
  411 410.5 28.8084 0.0125036 3235.9 3330.19 -2316.6
  412 411.5 27.6849 0.012016 3825.95 3854.83 -1911.69
  413 412.5 26.268 0.011401 4260.94 4284.12 -1373.27
  414 413.5 24.5613 0.0106603 4503.17 4533.37 -689.286
  415 414.5 22.5632 0.00979305 4493.51 4495.32 15.5663
  416 415.5 20.3065 0.00881359 4214.52 4207.55 793.903
  417 416.5 17.8703 0.00775619 3660.82 3671.83 1448.55
  418 417.5 15.3892 0.00667936 2824.43 2785.77 2015.46
  419 418.5 12.964 0.00562675 1654.55 1678.87 2300.82
  420 419.5 10.7155 0.0046508 290.076 299.37 2366.91
  421 420.5 8.74724 0.00379655 -1323.12 -1343.47 1983.13
  422 421.5 7.09782 0.00308065 -3069.92 -3114.53 1199.4
  423 422.5 5.77076 0.00250467 -4865.87 -4816.65 136.924
  424 423.5 4.72907 0.00205255 -6664.04 -6656.29 -1410.45
  425 424.5 3.94789 0.00171349 -8306.49 -8253.69 -3228.16
  426 425.5 3.37044 0.00146287 -9869.66 -9806.15 -5087.64
  427 426.5 2.95295 0.00128166 -11089.4 -11077.7 -7017.93
  428 427.5 2.66332 0.00115595 -12167.6 -12213.1 -8666.15
  429 428.5 2.45021 0.00106346 -13111.7 -13100.7 -10158.8
  430 429.5 2.30669 0.00100117 -13690.4 -13793 -11293.4
  431 430.5 2.19453 0.000952487 -14110.4 -14152.6 -12342.9
  432 431.5 2.12749 0.000923388 -14395.1 -14612.9 -13012.1
  433 432.5 2.07227 0.000899423 -14608.6 -14834.7 -13646.3
  434 433.5 2.0275 0.00087999 -14964 -14945.9 -14189
  435 434.5 2.00527 0.000870344 -14957.9 -15013.3 -14439.9
  436 435.5 1.98767 0.000862704 -15075.2 -15142.2 -14636.8
  437 436.5 1.97278 0.000856241 -15246.4 -15244.1 -14856.6
  438 437.5 1.96238 0.000851727 -15295.1 -15226 -14949.2
  439 438.5 1.95103 0.000846801 -15299.1 -15294 -15143.1
  440 439.5 1.95035 0.000846507 -15464.1 -15390.4 -15115.7
  441 440.5 1.94374 0.000843639 -15448.7 -15208.6 -15213.3
  442 441.5 1.94437 0.000843909 -15495.5 -15291.1 -15228
  443 442.5 1.93573 0.000840162 -15421.5 -15392.7 -15356.2
  444 443.5 1.93738 0.000840877 -15453.9 -15390.9 -15310.6
  445 444.5 1.94615 0.000844682 -15476.9 -15338.8 -15211.5
  446 445.5 1.94701 0.000845054 -15529.8 -15253.2 -15285.9
  447 446.5 1.95215 0.000847287 -15435.3 -15237.6 -15214.3
  448 447.5 1.95243 0.000847407 -15299.2 -15208.1 -15223.3
  449 448.5 1.95354 0.000847891 -15244.1 -15249.2 -15242.5
  450 449.5 1.95623 0.000849059 -15247.7 -15267.5 -15179.7
  451 450.5 1.95727 0.00084951 -15182.4 -15224.4 -15171.2
  452 451.5 1.95329 0.000847783 -15241.1 -15295.5 -15258.7
  453 452.5 1.9532 0.000847741 -15223.8 -15215.9 -15223.8
  454 453.5 1.9538 0.000848002 -15192.3 -15224.5 -15237.6
  455 454.5 1.95285 0.000847589 -15218.8 -15268 -15201.2
  456 455.5 1.94484 0.000844116 -15170.3 -15250.7 -15261.2
  457 456.5 1.93846 0.000841343 -15137 -15308.2 -15350.1
  458 457.5 1.94411 0.000843799 -15230.3 -15291.6 -15271.7
  459 458.5 1.94399 0.000843748 -15268.2 -15269.2 -15306.2
  460 459.5 1.94401 0.000843754 -15293.7 -15441.3 -15323.4
  461 460.5 1.94391 0.00084371 -15378.7 -15453.5 -15277.4
  462 461.5 1.94554 0.000844418 -15342.1 -15453.4 -15282.4
  463 462.5 1.94606 0.000844644 -15244.1 -15505.9 -15230.1
  464 463.5 1.94541 0.000844363 -15245.9 -15419.1 -15271.2
  465 464.5 1.93392 0.000839377 -15340.9 -15382.3 -15382.4
  466 465.5 1.94421 0.000843842 -15385.3 -15302.4 -15298.9
  467 466.5 1.94252 0.000843106 -15298.6 -15333.9 -15337.8
  468 467.5 1.94141 0.000842624 -15310.3 -15347.2 -15291.6
  469 468.5 1.93814 0.000841208 -15318.2 -15289.9 -15351.2
  470 469.5 1.93895 0.000841557 -15278.3 -15241.2 -15331.9
  471 470.5 1.93895 0.00084156 -15470 -15326.5 -15360.1
  472 471.5 1.94021 0.000842104 -15296 -15315.4 -15294.8
  473 472.5 1.94086 0.000842388 -15371.2 -15350.9 -15266.7
  474 473.5 1.94085 0.000842384 -15405.7 -15272.2 -15326.5
  475 474.5 1.94454 0.000843983 -15355.3 -15214 -15276.3
  476 475.5 1.94486 0.000844122 -15302.3 -15285.8 -15311.5
  477 476.5 1.94217 0.000842957 -15362.8 -15387.7 -15319.7
  478 477.5 1.94018 0.000842094 -15364 -15402.8 -15287.3
  479 478.5 1.93186 0.000838479 -15457.1 -15350.6 -15413.2
  480 479.5 1.93264 0.000838817 -15307 -15382.9 -15412.8
  481 480.5 1.93355 0.000839216 -15233.9 -15377.3 -15358.7
  482 481.5 1.93271 0.000838849 -15238.6 -15377.4 -15358.1
  483 482.5 1.93173 0.000838424 -15300.6 -15489 -15362
  484 483.5 1.93311 0.000839023 -15301 -15459.6 -15404.5
  485 484.5 1.93064 0.00083795 -15373.7 -15426.5 -15383.5
  486 485.5 1.92296 0.000834618 -15349.8 -15427.4 -15451.9
  487 486.5 1.92376 0.000834967 -15400.6 -15398.9 -15433.2
  488 487.5 1.91849 0.00083268 -15486.6 -15520 -15520.1
  489 488.5 1.92341 0.000834813 -15444.2 -15375.5 -15477.9
  490 489.5 1.92722 0.000836466 -15405.9 -15361 -15400.9
  491 490.5 1.93454 0.000839642 -15425.8 -15380.4 -15353.2
  492 491.5 1.93223 0.000838644 -15374.9 -15288 -15400.4
  493 492.5 1.92749 0.000836586 -15389.4 -15366 -15419.3
  494 493.5 1.93303 0.000838988 -15453.6 -15489.7 -15361.4
  495 494.5 1.92885 0.000837176 -15422.2 -15341.5 -15390.8
  496 495.5 1.93149 0.000838319 -15392.2 -15387.6 -15386.2
  497 496.5 1.93733 0.000840853 -15352.6 -15428.3 -15356.9
  498 497.5 1.93834 0.000841294 -15360.6 -15426.9 -15347.2
  499 498.5 1.93552 0.000840067 -15329.6 -15511.3 -15362.6
  500 499.5 1.92563 0.000835776 -15439.4 -15503.9 -15417.6
  501 500.5 1.9277 0.000836674 -15439.3 -15497 -15402.2
  502 501.5 1.93326 0.000839088 -15264.6 -15486.1 -15395.1
  503 502.5 1.93704 0.000840731 -15332.5 -15357.7 -15353.9
  504 503.5 1.94128 0.000842569 -15272.3 -15421.4 -15307.9
  505 504.5 1.93772 0.000841023 -15234.1 -15311.4 -15343.2
  506 505.5 1.93773 0.00084103 -15328.3 -15310.7 -15351
  507 506.5 1.94002 0.000842023 -15307 -15306.1 -15313.8
  508 507.5 1.9442 0.000843839 -15384.8 -15286 -15324.4
  509 508.5 1.94276 0.000843212 -15342 -15204.4 -15253.4
  510 509.5 1.93787 0.00084109 -15472.5 -15293.5 -15354.3
  511 510.5 1.93523 0.000839943 -15425.7 -15294.6 -15353
  512 511.5 1.93767 0.000841003 -15279.3 -15181.4 -15370.2
  513 512.5 1.93515 0.000839908 -15411.9 -15245 -15398.4
  514 513.5 1.94642 0.000844802 -15472.3 -15308.4 -15221.4
  515 514.5 1.94285 0.00084325 -15469.6 -15243.2 -15284
  516 515.5 1.94763 0.000845326 -15416.9 -15310.6 -15254.4
  517 516.5 1.94064 0.000842292 -15486.5 -15318.1 -15343.8
  518 517.5 1.93277 0.000838877 -15420 -15413.1 -15392.1
  519 518.5 1.939 0.000841581 -15357.7 -15354.7 -15305
  520 519.5 1.94144 0.000842638 -15348.6 -15421.4 -15320.4
  521 520.5 1.9351 0.000839887 -15382.3 -15377.5 -15367.7
  522 521.5 1.93532 0.000839985 -15459.7 -15366.6 -15381.6
  523 522.5 1.94004 0.000842031 -15450.7 -15452.6 -15316.7
  524 523.5 1.93993 0.000841985 -15487.9 -15468.8 -15320
  525 524.5 1.94107 0.000842478 -15504.2 -15461.2 -15319.3
  526 525.5 1.93275 0.000838869 -15467.5 -15540 -15355.1
  527 526.5 1.9315 0.000838325 -15532.1 -15477.7 -15389.9
  528 527.5 1.92719 0.000836453 -15488.4 -15479.7 -15430.1
  529 528.5 1.93797 0.000841131 -15540.9 -15439.8 -15348.8
  530 529.5 1.93236 0.000838697 -15492.8 -15449.2 -15392.3
  531 530.5 1.92937 0.0008374 -15545.1 -15348 -15385
  532 531.5 1.93402 0.000839417 -15434.4 -15294.9 -15396.2
  533 532.5 1.9346 0.000839668 -15504.7 -15390.5 -15366.2
  534 533.5 1.937 0.000840712 -15451.1 -15381.1 -15314.9
  535 534.5 1.93438 0.000839575 -15465.2 -15402.1 -15351.2
  536 535.5 1.9261 0.000835979 -15421.9 -15447.9 -15477.4
  537 536.5 1.92775 0.000836698 -15478.4 -15387.2 -15382.1
  538 537.5 1.9308 0.000838022 -15464.4 -15366.2 -15386.2
  539 538.5 1.92852 0.000837032 -15379.7 -15359 -15426
  540 539.5 1.92905 0.000837262 -15257.4 -15367.2 -15385.3
  541 540.5 1.93807 0.000841177 -15341.7 -15441.9 -15390
  542 541.5 1.93912 0.000841632 -15366.1 -15416.7 -15326.4
  543 542.5 1.93584 0.000840207 -15276.9 -15351.1 -15317.6
  544 543.5 1.937 0.000840711 -15336.6 -15449.6 -15352.4
  545 544.5 1.9403 0.000842144 -15289.3 -15423 -15335.5
  546 545.5 1.94435 0.000843903 -15235.3 -15430.8 -15269.3
  547 546.5 1.94566 0.000844473 -15248.5 -15512.3 -15293.4
  548 547.5 1.94431 0.000843886 -15267.9 -15433.7 -15302.5
  549 548.5 1.93934 0.000841726 -15330.5 -15372.4 -15297.7
  550 549.5 1.9408 0.000842361 -15304.1 -15423.7 -15363.1
  551 550.5 1.94532 0.000844325 -15403.3 -15373.1 -15265.8
  552 551.5 1.94349 0.00084353 -15371.1 -15275.2 -15239.3
  553 552.5 1.94657 0.000844867 -15396.2 -15320 -15345.9
  554 553.5 1.94098 0.00084244 -15293.1 -15361 -15317.9
  555 554.5 1.94409 0.00084379 -15348.6 -15370.7 -15268.4
  556 555.5 1.94419 0.000843834 -15222.2 -15359.5 -15277.6
  557 556.5 1.94206 0.000842908 -15350.4 -15397.2 -15301.9
  558 557.5 1.93724 0.000840815 -15303.7 -15415.7 -15362
  559 558.5 1.93697 0.000840697 -15244.4 -15419.9 -15340
  560 559.5 1.94395 0.00084373 -15301.1 -15354.4 -15247.8
  561 560.5 1.94545 0.000844379 -15368.6 -15421 -15320.1
  562 561.5 1.94376 0.000843646 -15385.1 -15260.9 -15297.4
  563 562.5 1.94663 0.000844889 -15291.4 -15253.3 -15245.6
  564 563.5 1.94223 0.00084298 -15380.4 -15334.7 -15318
  565 564.5 1.94206 0.000842908 -15336.6 -15276.9 -15302.9
  566 565.5 1.94107 0.00084248 -15321.1 -15294.6 -15264.2
  567 566.5 1.94029 0.000842138 -15345.9 -15272.4 -15365.4
  568 567.5 1.93831 0.00084128 -15302.2 -15187.4 -15337.1
  569 568.5 1.94321 0.000843405 -15347.6 -15182.9 -15310.5
  570 569.5 1.94256 0.000843125 -15321.7 -15276.7 -15281.6
  571 570.5 1.9414 0.00084262 -15270.6 -15168.7 -15327.7
  572 571.5 1.9532 0.000847741 -15166.5 -15370 -15200.1
  573 572.5 1.95058 0.000846605 -15371 -15368.8 -15228.4
  574 573.5 1.94901 0.000845927 -15389.3 -15297.6 -15219.1
  575 574.5 1.94998 0.000846344 -15490.5 -15262.5 -15268
  576 575.5 1.94652 0.000844842 -15417.6 -15225.6 -15265.8
  577 576.5 1.94989 0.000846309 -15456.3 -15261.6 -15264.3
  578 577.5 1.94913 0.000845977 -15487.7 -15311.9 -15233
  579 578.5 1.95051 0.000846576 -15386 -15226.2 -15274.7
  580 579.5 1.95256 0.000847466 -15263.5 -15257.8 -15232.5
  581 580.5 1.95847 0.00085003 -15242.1 -15295.9 -15132.2
  582 581.5 1.95227 0.000847338 -15216.6 -15283.1 -15236.7
  583 582.5 1.95318 0.000847734 -15179.2 -15252.8 -15235.9
  584 583.5 1.95437 0.000848252 -15306.6 -15252.8 -15227.2
  585 584.5 1.94976 0.000846252 -15250.1 -15196.5 -15224.2
  586 585.5 1.95228 0.000847345 -15303.6 -15158 -15207.1
  587 586.5 1.95115 0.000846855 -15262.6 -15297 -15212.3
  588 587.5 1.95165 0.000847069 -15408.6 -15356.8 -15207
  589 588.5 1.9445 0.000843965 -15324.1 -15423.5 -15286.4
  590 589.5 1.94864 0.000845763 -15384.6 -15347.3 -15257.6
  591 590.5 1.95928 0.000850384 -15357.5 -15335.8 -15098.3
  592 591.5 1.95749 0.000849604 -15295.1 -15375.2 -15175.1
  593 592.5 1.95938 0.000850425 -15386.3 -15382.7 -15081.3
  594 593.5 1.96166 0.000851414 -15363 -15326.3 -15070.9
  595 594.5 1.96525 0.000852975 -15360.2 -15312.4 -15012.7
  596 595.5 1.97006 0.000855063 -15326 -15323.2 -14952.8
  597 596.5 1.9852 0.000861632 -15263.3 -15204.7 -14759.3
  598 597.5 1.99408 0.000865486 -15224 -15103.5 -14649.7
  599 598.5 2.00503 0.000870241 -15007.3 -14981.5 -14444.5
  600 599.5 2.02381 0.00087839 -14835.7 -14808.2 -14234.2
  601 600.5 2.05809 0.000893267 -14760.1 -14812.3 -13810.6
  602 601.5 2.10711 0.000914546 -14555.8 -14492.2 -13246.1
  603 602.5 2.17311 0.000943188 -14222.1 -14296.6 -12588.8
  604 603.5 2.26864 0.000984654 -13792.7 -13740.7 -11724.5
  605 604.5 2.40258 0.00104279 -13231.4 -13212 -10559.5
  606 605.5 2.59679 0.00112708 -12543.8 -12509.6 -9166.49
  607 606.5 2.8588 0.0012408 -11575.8 -11476.3 -7560.08
  608 607.5 3.23057 0.00140216 -10363.1 -10355 -5752.09
  609 608.5 3.75832 0.00163122 -8947.31 -8860.26 -3851.86
  610 609.5 4.44967 0.00193128 -7269.05 -7233.39 -2113.83
  611 610.5 5.38507 0.00233727 -5516.39 -5533.01 -489.494
  612 611.5 6.60088 0.00286497 -3746.15 -3762.35 756.962
  613 612.5 8.13011 0.00352869 -2051.96 -2059.46 1672.02
  614 613.5 9.95838 0.00432221 -421.494 -420.552 2055.04
  615 614.5 12.0803 0.00524319 1001.48 983.452 2141.39
  616 615.5 14.3952 0.0062479 2206.49 2235.11 1942.03
  617 616.5 16.8444 0.00731096 3114.27 3155.45 1481.32
  618 617.5 19.2661 0.00836202 3707.42 3750.03 863.832
  619 618.5 21.5246 0.00934227 4140.81 4064.12 116.083
  620 619.5 23.5998 0.010243 4180.36 4160.14 -581.461
  621 620.5 25.3541 0.0110044 4009.51 4001.12 -1251.61
  622 621.5 26.8205 0.0116408 3701.81 3714.48 -1767.35
  623 622.5 28.0538 0.0121761 3195.76 3281.81 -2189.31
  624 623.5 28.9615 0.0125701 2621.46 2687.33 -2442.58
100000000 624 13998.999999999995
  1 0.5 30.8975 0.0134104 831.151 876.099 -2393.46
  2 1.5 31.1746 0.0135307 523.345 493.897 -2193.82
  3 2.5 31.3784 0.0136191 212.114 171.606 -2059.48
  4 3.5 31.5291 0.0136845 -46.4782 -72.9561 -1925.61
  5 4.5 31.6428 0.0137338 -232.819 -254.089 -1750.37
  6 5.5 31.7508 0.0137807 -423.704 -447.849 -1580.36
  7 6.5 31.8006 0.0138023 -541.966 -584.376 -1506.68
  8 7.5 31.8706 0.0138327 -647.56 -625.281 -1388.06
  9 8.5 31.9142 0.0138517 -718.409 -692.333 -1296.53
  10 9.5 31.9445 0.0138648 -748.069 -746.282 -1169.1
  11 10.5 31.9592 0.0138712 -797.527 -811.451 -1140.97
  12 11.5 31.9868 0.0138832 -826.031 -814.443 -1116.5
  13 12.5 31.9919 0.0138854 -909.526 -845.729 -1097.69
  14 13.5 32.0057 0.0138914 -921.757 -877.443 -1028.7
  15 14.5 32.0027 0.01389 -865.191 -886.882 -990.374
  16 15.5 32.021 0.013898 -918.48 -924.274 -1029.49
  17 16.5 32.0202 0.0138977 -919.048 -886.711 -977.61
  18 17.5 32.0267 0.0139005 -994.237 -962.439 -934.853
  19 18.5 32.0423 0.0139073 -935.304 -912.133 -965.355
  20 19.5 32.0358 0.0139044 -933.65 -960.941 -991.328
  21 20.5 32.0213 0.0138981 -921.533 -958.876 -917.789
  22 21.5 32.0309 0.0139023 -910.516 -976.537 -930.354
  23 22.5 32.036 0.0139045 -919.269 -924.403 -988.185
  24 23.5 32.0321 0.0139028 -876.098 -926.116 -940.762
  25 24.5 32.0119 0.013894 -889.619 -870.503 -918.48
  26 25.5 32.0339 0.0139036 -939.118 -883.922 -945.074
  27 26.5 32.0484 0.0139099 -911.91 -949.875 -919.988
  28 27.5 32.016 0.0138958 -967.306 -952.161 -955.076
  29 28.5 32.0154 0.0138956 -932.614 -878.786 -939.407
  30 29.5 32.0186 0.013897 -887.847 -907.871 -953.372
  31 30.5 32.0303 0.013902 -797.961 -866.598 -900.055
  32 31.5 32.0055 0.0138913 -877.112 -905.192 -926.291
  33 32.5 32.0204 0.0138977 -902.239 -887.405 -947.536
  34 33.5 32.0062 0.0138916 -870.638 -872.183 -908.189
  35 34.5 32.0112 0.0138937 -944.291 -867.684 -934.03
  36 35.5 32.0182 0.0138968 -939.37 -945.692 -966.103
  37 36.5 32.0024 0.0138899 -933.844 -969.467 -906.579
  38 37.5 32.0207 0.0138979 -907.034 -938.818 -918.25
  39 38.5 32.0119 0.0138941 -896.628 -930.777 -927.588
  40 39.5 32.0136 0.0138948 -911.118 -978.336 -938.92
  41 40.5 32.0116 0.0138939 -974.061 -975.279 -948.073
  42 41.5 32.0039 0.0138906 -923.079 -975.142 -896.976
  43 42.5 32.0309 0.0139023 -968.081 -957.413 -955.268
  44 43.5 32.0203 0.0138977 -891.359 -967.739 -941.097
  45 44.5 32.0019 0.0138897 -897.861 -970.237 -950.971
  46 45.5 32.0332 0.0139033 -897.659 -915.913 -866.865
  47 46.5 32.0212 0.0138981 -913.927 -945.157 -976.145
  48 47.5 32.0129 0.0138945 -933.493 -935.614 -900.319
  49 48.5 32.0105 0.0138934 -949.778 -969.02 -951.628
  50 49.5 32.0271 0.0139006 -1002.03 -943.322 -960.3
  51 50.5 32.0131 0.0138946 -998.916 -987.95 -933.009
  52 51.5 32.0051 0.0138911 -931.163 -974.893 -893.802
  53 52.5 32.0433 0.0139077 -977.443 -997.226 -952.278
  54 53.5 32.0209 0.013898 -914.206 -923.549 -925.87
  55 54.5 32.0028 0.0138901 -959.677 -947.206 -959.49
  56 55.5 32.0167 0.0138961 -945.963 -910.942 -907.092
  57 56.5 32.059 0.0139145 -936.641 -865.548 -913.946
  58 57.5 32.0052 0.0138912 -900.712 -875.227 -961.248
  59 58.5 32.0042 0.0138907 -915.018 -890.337 -928.362
  60 59.5 32.0428 0.0139075 -915.154 -920.263 -931.629
  61 60.5 32.0423 0.0139073 -974.63 -977.681 -906.052
  62 61.5 32.0096 0.0138931 -1015.51 -965.523 -952.731
  63 62.5 32.0126 0.0138944 -1000.76 -944.331 -950.976
  64 63.5 32.0383 0.0139055 -927.112 -965.118 -918.366
  65 64.5 32.0195 0.0138974 -983.738 -973.404 -946.614
  66 65.5 32.0169 0.0138962 -967.301 -882.838 -926.169
  67 66.5 32.0138 0.0138949 -916.644 -901.795 -943.808
  68 67.5 32.0219 0.0138984 -988.417 -963.518 -922.69
  69 68.5 32.0434 0.0139077 -932.507 -926.735 -912.013
  70 69.5 32.0164 0.013896 -1020.34 -956.334 -953.433
  71 70.5 32.0058 0.0138914 -941.043 -963.23 -917.013
  72 71.5 32.0262 0.0139003 -957.575 -869.746 -943.574
  73 72.5 32.0484 0.0139099 -988.046 -938.163 -891.694
  74 73.5 31.999 0.0138884 -1029.6 -953.989 -987.743
  75 74.5 32.0207 0.0138979 -964.783 -975.309 -938.073
  76 75.5 32.0389 0.0139058 -994.778 -917.418 -940.789
  77 76.5 32.0298 0.0139018 -968.282 -874.738 -890.084
  78 77.5 32.0178 0.0138966 -950.454 -974.3 -945.226
  79 78.5 31.9974 0.0138878 -974.568 -912.091 -935.446
  80 79.5 32.039 0.0139058 -1006.85 -964.811 -967.233
  81 80.5 32.0269 0.0139006 -981.234 -966.443 -917.102
  82 81.5 31.9958 0.0138871 -991.712 -974.408 -929.457
  83 82.5 32.0225 0.0138986 -976.889 -940.37 -919.582
  84 83.5 32.0328 0.0139031 -956.855 -923.798 -947.636
  85 84.5 32.008 0.0138924 -949.923 -882.617 -920.784
  86 85.5 32.0185 0.0138969 -900.025 -887.589 -904.989
  87 86.5 32.0171 0.0138963 -954.633 -899.732 -924.191
  88 87.5 32.02 0.0138976 -957.593 -944.178 -949.788
  89 88.5 32.0062 0.0138916 -952.12 -947.24 -951.076
  90 89.5 32.0189 0.0138971 -963.057 -911.839 -909.264
  91 90.5 32.016 0.0138958 -940.647 -923.056 -913.086
  92 91.5 32.0029 0.0138901 -929.414 -967.408 -960.758
  93 92.5 32.0068 0.0138918 -970.964 -965.254 -943.672
  94 93.5 32.0568 0.0139135 -957.049 -894.429 -897.63
  95 94.5 32.004 0.0138906 -923.654 -932.832 -916.518
  96 95.5 32.0196 0.0138974 -913.272 -957.195 -962.385
  97 96.5 32.0345 0.0139039 -958.641 -927.164 -937.173
  98 97.5 32.0376 0.0139052 -906.142 -894.052 -946.844
  99 98.5 32.0135 0.0138948 -949.754 -907.741 -932.094
  100 99.5 32.0325 0.013903 -881.517 -923.406 -926.638
  101 100.5 32.0294 0.0139017 -909.211 -911.315 -927.354
  102 101.5 32.0292 0.0139015 -943.729 -1001.48 -958.279
  103 102.5 32.0212 0.0138981 -925.822 -1005.79 -921.786
  104 103.5 32.0337 0.0139035 -913.767 -955.234 -926.914
  105 104.5 32.0345 0.0139039 -917.356 -910.801 -940.763
  106 105.5 32.0065 0.0138917 -938.352 -923.514 -942.612
  107 106.5 32.0149 0.0138953 -920.883 -891.651 -913.904
  108 107.5 32.0262 0.0139003 -895.186 -839.471 -928.914
  109 108.5 32.0303 0.0139021 -932.949 -913.437 -913.343
  110 109.5 31.9984 0.0138882 -943.402 -956.68 -966.551
  111 110.5 32.0102 0.0138933 -886.273 -885.52 -913.982
  112 111.5 32.0284 0.0139012 -906.546 -871.903 -959.671
  113 112.5 32.0305 0.0139021 -885.347 -875.703 -909.76
  114 113.5 32.0004 0.0138891 -920.749 -873.944 -929.522
  115 114.5 32.0058 0.0138914 -906.684 -931.758 -923.195
  116 115.5 32.0169 0.0138962 -922.183 -903.438 -953.302
  117 116.5 32.0085 0.0138926 -938.135 -904.622 -932.747
  118 117.5 32.0135 0.0138948 -890.126 -929.873 -916.409
  119 118.5 32.0126 0.0138944 -929.247 -931.993 -921.203
  120 119.5 31.9841 0.013882 -978.766 -987.81 -985.944
  121 120.5 32.031 0.0139023 -938.054 -975.715 -895.433
  122 121.5 32.0076 0.0138922 -881.48 -876.239 -888.703
  123 122.5 32.0054 0.0138912 -999.106 -968.59 -988.171
  124 123.5 32.0089 0.0138928 -956.94 -949.183 -928.447
  125 124.5 32.006 0.0138915 -917.938 -960.513 -929.445
  126 125.5 32.0303 0.0139021 -955.602 -948.447 -886.9
  127 126.5 32.0233 0.013899 -925.887 -1025.98 -938.045
  128 127.5 31.9865 0.013883 -865.803 -883.482 -939.225
  129 128.5 31.9992 0.0138885 -975.889 -968.207 -986.937
  130 129.5 32.0271 0.0139007 -911.904 -951.341 -915.26
  131 130.5 32.0146 0.0138952 -854.456 -905.377 -922.219
  132 131.5 31.9878 0.0138836 -928.243 -973.376 -901.365
  133 132.5 32.0264 0.0139004 -977.183 -985.294 -950.224
  134 133.5 32.036 0.0139045 -968.892 -955.5 -940.908
  135 134.5 32.0025 0.01389 -924.503 -941.136 -896.73
  136 135.5 31.9968 0.0138875 -1001.71 -963.81 -959.311
  137 136.5 32.027 0.0139006 -966.591 -1003.79 -956.955
  138 137.5 32.0163 0.013896 -914.839 -930.896 -918.809
  139 138.5 32.0155 0.0138956 -941.358 -946.315 -892.258
  140 139.5 32.0242 0.0138994 -931.638 -939.419 -979.697
  141 140.5 32.003 0.0138902 -937.5 -930.302 -948.681
  142 141.5 32.0276 0.0139009 -909.396 -894.892 -910.529
  143 142.5 32.0284 0.0139012 -922.634 -885.499 -905.409
  144 143.5 31.9968 0.0138875 -1005.13 -950.795 -981.651
  145 144.5 32.0383 0.0139055 -950.998 -952.654 -931.754
  146 145.5 32.0422 0.0139072 -987.533 -984.363 -936.818
  147 146.5 32.0103 0.0138933 -931.386 -885.182 -917.5
  148 147.5 32.0134 0.0138947 -903.016 -978.446 -955.164
  149 148.5 32.043 0.0139075 -895.868 -936.011 -923.737
  150 149.5 32.0112 0.0138938 -932.748 -969.623 -948.998
  151 150.5 32.0032 0.0138903 -924.861 -884.898 -919.07
  152 151.5 32.0271 0.0139007 -918.151 -889.144 -931.64
  153 152.5 32.0128 0.0138945 -891.196 -923.507 -940.878
  154 153.5 32.0147 0.0138953 -923.105 -924.452 -930.262
  155 154.5 32.0007 0.0138892 -925.123 -880.938 -909.173
  156 155.5 32.0205 0.0138978 -858.583 -875.026 -956.528
  157 156.5 32.0048 0.013891 -894.758 -900.504 -949.934
  158 157.5 32.0054 0.0138912 -944.433 -929.423 -925.24
  159 158.5 32.0201 0.0138976 -945.885 -947.132 -904.469
  160 159.5 32.0224 0.0138986 -899.995 -931.64 -930.528
  161 160.5 32.009 0.0138928 -930.847 -933.213 -914.066
  162 161.5 31.979 0.0138798 -950.629 -921.598 -943.487
  163 162.5 32.0093 0.0138929 -914.011 -885.116 -935.264
  164 163.5 32.0154 0.0138956 -996.938 -906.505 -957.188
  165 164.5 31.9779 0.0138793 -882.094 -920.492 -925.383
  166 165.5 32.0013 0.0138894 -884.688 -902.941 -929.442
  167 166.5 32.0094 0.013893 -932.518 -897.165 -961.193
  168 167.5 32.0117 0.013894 -916.091 -921.758 -900.31
  169 168.5 32.0063 0.0138916 -977.5 -915.607 -916.29
  170 169.5 32.0009 0.0138893 -960.133 -878.928 -955.393
  171 170.5 32.03 0.0139019 -957.825 -943.454 -938.833
  172 171.5 32.0065 0.0138917 -934.4 -940.309 -938.97
  173 172.5 31.9979 0.013888 -937.87 -927.589 -965.807
  174 173.5 32.0145 0.0138952 -927.812 -933.5 -974.86
  175 174.5 32.0035 0.0138904 -957.952 -950.811 -970.653
  176 175.5 32.0202 0.0138977 -877.431 -898.703 -916.347
  177 176.5 31.9977 0.0138879 -882.239 -839.044 -973.109
  178 177.5 31.9865 0.013883 -940.553 -852.516 -1026.09
  179 178.5 32.0008 0.0138892 -878.929 -845.336 -990.431
  180 179.5 31.9912 0.0138851 -843.637 -822.824 -1025.87
  181 180.5 31.9669 0.0138745 -812.051 -775.038 -1042.2
  182 181.5 31.9586 0.0138709 -823.228 -811.324 -1083.55
  183 182.5 31.9492 0.0138668 -800.995 -768.295 -1108.6
  184 183.5 31.9407 0.0138631 -727.065 -754.865 -1142.51
  185 184.5 31.8839 0.0138385 -723.897 -763.647 -1244.97
  186 185.5 31.8666 0.013831 -683.173 -646.258 -1280.46
  187 186.5 31.8261 0.0138134 -586.399 -565.667 -1369.33
  188 187.5 31.7515 0.013781 -446.312 -452.164 -1372.6
  189 188.5 31.6698 0.0137456 -387.344 -342.094 -1467.53
  190 189.5 31.5657 0.0137004 -165.216 -208.503 -1548.72
  191 190.5 31.4311 0.013642 -11.8877 9.46666 -1608.87
  192 191.5 31.2429 0.0135603 207.414 207.787 -1599.91
  193 192.5 31.0219 0.0134644 428.698 414.082 -1530.1
  194 193.5 30.7697 0.0133549 630.694 609.485 -1463.83
  195 194.5 30.4208 0.0132035 810.309 750.031 -1302.16
  196 195.5 30.0426 0.0130393 945.079 881.165 -981.964
  197 196.5 29.6219 0.0128567 995.982 940.714 -572.509
  198 197.5 29.1948 0.0126714 891.129 853.701 -247.316
  199 198.5 28.7387 0.0124734 761.624 793.263 236.981
  200 199.5 28.3856 0.0123201 588.234 636.961 638.213
  201 200.5 28.1689 0.0122261 424.003 501.838 901.873
  202 201.5 28.0854 0.0121898 486.822 531.339 1034.83
  203 202.5 28.1631 0.0122236 564.536 585.163 948.925
  204 203.5 28.4197 0.0123349 714.349 730.175 738.538
  205 204.5 28.8484 0.012521 997.045 990.404 369.569
  206 205.5 29.3199 0.0127256 1200.51 1219.04 -46.2768
  207 206.5 29.7931 0.012931 1277.07 1314.22 -490.267
  208 207.5 30.2764 0.0131408 1190.12 1205.25 -950.221
  209 208.5 30.7124 0.01333 1096.84 1150.82 -1261.68
  210 209.5 31.0925 0.013495 894.064 909.076 -1464.04
  211 210.5 31.3516 0.0136075 652.906 641.488 -1620.25
  212 211.5 31.6229 0.0137252 384.293 425.184 -1678.94
  213 212.5 31.8301 0.0138151 172.132 103.463 -1705.75
  214 213.5 31.9515 0.0138678 -17.6278 -31.6628 -1526.26
  215 214.5 32.0643 0.0139168 -230.686 -238.401 -1564.24
  216 215.5 32.1864 0.0139698 -397.425 -374.861 -1487.91
  217 216.5 32.2342 0.0139906 -492.619 -496.693 -1360.73
  218 217.5 32.273 0.0140074 -644.371 -636.938 -1313.96
  219 218.5 32.3407 0.0140368 -642.321 -665.497 -1242.7
  220 219.5 32.3483 0.0140401 -711.589 -709.531 -1215.03
  221 220.5 32.3623 0.0140461 -809.334 -769.904 -1102.73
  222 221.5 32.4022 0.0140634 -876.92 -841.207 -1093.23
  223 222.5 32.4178 0.0140702 -904.503 -825.719 -1047.01
  224 223.5 32.4195 0.014071 -945.174 -922.78 -1020.16
  225 224.5 32.4268 0.0140741 -989.579 -957.9 -1023.45
  226 225.5 32.4591 0.0140881 -883.053 -883.141 -912.309
  227 226.5 32.4546 0.0140862 -971.981 -919.035 -1001.26
  228 227.5 32.4375 0.0140788 -942.668 -909.131 -981.832
  229 228.5 32.4642 0.0140904 -896.75 -859.813 -917.671
  230 229.5 32.4712 0.0140934 -986.922 -974.57 -945.588
  231 230.5 32.4599 0.0140885 -946.529 -968.677 -958.778
  232 231.5 32.4703 0.014093 -930.918 -912.579 -927.367
  233 232.5 32.457 0.0140872 -981.534 -960.017 -947.565
  234 233.5 32.4751 0.0140951 -911.772 -869.027 -870.121
  235 234.5 32.4818 0.014098 -954.801 -906.294 -953.857
  236 235.5 32.4587 0.014088 -935.255 -913.957 -941.28
  237 236.5 32.4606 0.0140888 -900.302 -929.144 -933.557
  238 237.5 32.4935 0.0141031 -882.227 -944.62 -891.05
  239 238.5 32.4896 0.0141014 -972.958 -933.05 -926.478
  240 239.5 32.4668 0.0140915 -912.768 -947.065 -924.946
  241 240.5 32.4789 0.0140968 -922.041 -900.562 -917.929
  242 241.5 32.4756 0.0140953 -906.524 -928.1 -935.976
  243 242.5 32.4763 0.0140956 -941.333 -839.249 -903.703
  244 243.5 32.4692 0.0140925 -947.748 -848.532 -918.414
  245 244.5 32.4894 0.0141013 -928.98 -891.073 -946.152
  246 245.5 32.4861 0.0140999 -944.505 -940.875 -901.938
  247 246.5 32.4883 0.0141008 -931.555 -945.771 -878.7
  248 247.5 32.4911 0.014102 -927.095 -977.278 -930.632
  249 248.5 32.4725 0.014094 -1010.81 -1005.86 -979.184
  250 249.5 32.4873 0.0141004 -919.433 -951.022 -898.472
  251 250.5 32.4867 0.0141001 -910.652 -917.809 -891.828
  252 251.5 32.4881 0.0141008 -934.465 -954.984 -921.826
  253 252.5 32.4689 0.0140924 -883.882 -895.757 -929.634
  254 253.5 32.4864 0.0141 -847.084 -856.698 -933.19
  255 254.5 32.4858 0.0140997 -887.076 -941.415 -925.9
  256 255.5 32.4761 0.0140955 -904.119 -863.276 -924.237
  257 256.5 32.4998 0.0141058 -973.579 -941.43 -892.028
  258 257.5 32.4931 0.0141029 -1017.18 -919.597 -937.684
  259 258.5 32.4621 0.0140894 -947.571 -916.507 -965.874
  260 259.5 32.4923 0.0141026 -919.452 -924.354 -866.28
  261 260.5 32.5008 0.0141062 -971.611 -1021.02 -932.001
  262 261.5 32.4649 0.0140907 -896.812 -975.81 -942.609
  263 262.5 32.4543 0.0140861 -925.635 -925.139 -940.901
  264 263.5 32.4794 0.014097 -899.154 -904.782 -872.545
  265 264.5 32.4841 0.014099 -868.348 -897.953 -940.996
  266 265.5 32.4473 0.014083 -880.443 -928.356 -915.645
  267 266.5 32.4508 0.0140845 -963.123 -941.374 -928.293
  268 267.5 32.4809 0.0140976 -937.809 -960.05 -927.72
  269 268.5 32.4672 0.0140917 -924.278 -915.163 -863.229
  270 269.5 32.4487 0.0140836 -916.071 -932.738 -912.285
  271 270.5 32.4662 0.0140912 -924.362 -927.558 -962.655
  272 271.5 32.4374 0.0140787 -903.025 -896.91 -919.876
  273 272.5 32.4459 0.0140824 -893.563 -913.306 -903.146
  274 273.5 32.4701 0.0140929 -905.607 -986.86 -910.669
  275 274.5 32.4545 0.0140862 -935.817 -952.277 -936.297
  276 275.5 32.4539 0.0140859 -956.937 -972.525 -879.275
  277 276.5 32.4555 0.0140866 -915.469 -986.468 -936.673
  278 277.5 32.4474 0.0140831 -923.785 -973.312 -939.922
  279 278.5 32.4711 0.0140934 -915.237 -938.252 -899.715
  280 279.5 32.4414 0.0140805 -884.726 -896.495 -907.604
  281 280.5 32.4482 0.0140834 -913.876 -897.819 -930.719
  282 281.5 32.4458 0.0140824 -895.053 -889.187 -902.138
  283 282.5 32.4559 0.0140868 -887.142 -877.717 -904.664
  284 283.5 32.4682 0.0140921 -928.974 -890.003 -959.514
  285 284.5 32.4342 0.0140774 -909.426 -858.407 -940.015
  286 285.5 32.4442 0.0140817 -868.531 -895.171 -859.923
  287 286.5 32.4717 0.0140936 -878.58 -907.827 -902.347
  288 287.5 32.462 0.0140894 -941.721 -888.091 -955.826
  289 288.5 32.4285 0.0140749 -944.933 -898.628 -971.796
  290 289.5 32.4361 0.0140782 -909.438 -887.899 -899.275
  291 290.5 32.5064 0.0141087 -913.126 -922.526 -863.916
  292 291.5 32.4406 0.0140801 -857.025 -920.845 -912.885
  293 292.5 32.4393 0.0140795 -869.992 -902.952 -928.983
  294 293.5 32.4767 0.0140958 -902.954 -950.697 -982.109
  295 294.5 32.4708 0.0140932 -919.144 -943.351 -896.017
  296 295.5 32.4583 0.0140878 -940.09 -975.988 -858.529
  297 296.5 32.4597 0.0140884 -946.723 -944.976 -962.426
  298 297.5 32.4879 0.0141007 -924.463 -954.015 -926.106
  299 298.5 32.4572 0.0140873 -956.57 -1002.45 -944.409
  300 299.5 32.465 0.0140907 -929.577 -996.334 -878.273
  301 300.5 32.4683 0.0140921 -900.988 -950.611 -933.935
  302 301.5 32.4927 0.0141027 -893.893 -910.845 -901.241
  303 302.5 32.4446 0.0140819 -942.915 -935.696 -944.632
  304 303.5 32.4714 0.0140935 -899.028 -914.716 -920.748
  305 304.5 32.4695 0.0140927 -913.763 -925.745 -918.259
  306 305.5 32.4817 0.014098 -939.154 -930.491 -920.447
  307 306.5 32.4529 0.0140854 -951.732 -922.719 -894.854
  308 307.5 32.4762 0.0140956 -920.333 -893.996 -928.596
  309 308.5 32.4665 0.0140914 -920.651 -920.11 -921.834
  310 309.5 32.4585 0.0140879 -951.653 -912.621 -907.297
  311 310.5 32.4757 0.0140954 -980.671 -922.589 -946.319
  312 311.5 32.4821 0.0140981 -959.376 -982.503 -930.434
  313 312.5 32.4656 0.014091 -878.467 -950.593 -863.591
  314 313.5 32.4593 0.0140882 -903.864 -956.161 -945.648
  315 314.5 32.4631 0.0140899 -892.939 -887.984 -973.259
  316 315.5 32.4725 0.014094 -896.694 -852.096 -858.865
  317 316.5 32.4728 0.0140941 -936.063 -889.478 -931.581
  318 317.5 32.4687 0.0140923 -913.012 -878.972 -922.591
  319 318.5 32.4559 0.0140868 -905.818 -883.327 -913.27
  320 319.5 32.4777 0.0140962 -926.408 -945.135 -917.517
  321 320.5 32.4805 0.0140974 -968.357 -908.777 -944.137
  322 321.5 32.4667 0.0140914 -874.392 -890.328 -907.73
  323 322.5 32.4586 0.0140879 -916.851 -902.022 -902.934
  324 323.5 32.4801 0.0140972 -889.727 -902.138 -942.453
  325 324.5 32.4727 0.0140941 -927.392 -923.356 -901.516
  326 325.5 32.4658 0.0140911 -863.009 -906.474 -905.641
  327 326.5 32.4725 0.014094 -933.758 -877.425 -953.611
  328 327.5 32.4685 0.0140922 -888.858 -833.996 -921.179
  329 328.5 32.4859 0.0140998 -919.58 -850.019 -882.761
  330 329.5 32.4682 0.0140921 -930.69 -863.981 -937.27
  331 330.5 32.4537 0.0140858 -883.574 -858.807 -934.711
  332 331.5 32.4817 0.014098 -864.067 -876.161 -913.277
  333 332.5 32.4681 0.0140921 -878.723 -860.223 -892.011
  334 333.5 32.4663 0.0140913 -899.256 -854.03 -918.373
  335 334.5 32.4502 0.0140843 -915.248 -922.37 -947.264
  336 335.5 32.4907 0.0141019 -943.62 -901.955 -931.908
  337 336.5 32.4611 0.014089 -901.526 -904.787 -899.506
  338 337.5 32.4587 0.014088 -937.411 -942.385 -959.453
  339 338.5 32.4708 0.0140932 -919.44 -935.622 -904.046
  340 339.5 32.4555 0.0140866 -930.125 -945.632 -901.022
  341 340.5 32.4729 0.0140942 -889.594 -907.352 -944.072
  342 341.5 32.4443 0.0140817 -945.713 -872.859 -936.493
  343 342.5 32.4495 0.014084 -957.586 -898.497 -905.356
  344 343.5 32.46 0.0140885 -906.779 -876.989 -894.969
  345 344.5 32.474 0.0140946 -886.466 -882.892 -938.636
  346 345.5 32.4177 0.0140702 -913.229 -938.108 -944.292
  347 346.5 32.4543 0.0140861 -950.004 -927.439 -868.072
  348 347.5 32.4557 0.0140867 -921.918 -945.769 -899.246
  349 348.5 32.4558 0.0140867 -965.136 -905.828 -950.941
  350 349.5 32.4228 0.0140724 -960.083 -918.208 -910.696
  351 350.5 32.4352 0.0140778 -946.388 -923.772 -914.038
  352 351.5 32.4528 0.0140854 -917.691 -920.189 -894.614
  353 352.5 32.4396 0.0140797 -900.058 -952.975 -907.404
  354 353.5 32.4206 0.0140715 -924.938 -908.916 -936.383
  355 354.5 32.423 0.0140725 -925.366 -905.053 -939.28
  356 355.5 32.4434 0.0140813 -905.601 -911.704 -920.896
  357 356.5 32.4566 0.0140871 -883.015 -911.454 -879.424
  358 357.5 32.4238 0.0140728 -832.038 -862.2 -908.921
  359 358.5 32.4433 0.0140813 -897.738 -994.911 -934.291
  360 359.5 32.4379 0.014079 -942.726 -908.313 -946.507
  361 360.5 32.4482 0.0140834 -842.893 -857.518 -865.949
  362 361.5 32.4406 0.0140801 -916.364 -873.545 -945.146
  363 362.5 32.4374 0.0140787 -909.418 -858.691 -904.233
  364 363.5 32.4209 0.0140716 -942.095 -936.96 -958.873
  365 364.5 32.4777 0.0140962 -924.557 -908.167 -892.907
  366 365.5 32.4446 0.0140818 -923.644 -948.944 -906.731
  367 366.5 32.4285 0.0140749 -924.461 -933.661 -912.782
  368 367.5 32.443 0.0140812 -981.424 -956.279 -953.902
  369 368.5 32.4395 0.0140796 -941.891 -900.186 -909.233
  370 369.5 32.471 0.0140933 -967.543 -941.413 -905.222
  371 370.5 32.4429 0.0140811 -992.793 -874.938 -907.393
  372 371.5 32.4621 0.0140895 -956.041 -931.143 -919.032
  373 372.5 32.4554 0.0140865 -928.688 -910.698 -937.166
  374 373.5 32.4595 0.0140883 -871.783 -913.501 -939.549
  375 374.5 32.4321 0.0140764 -877.908 -860.436 -898.588
  376 375.5 32.4446 0.0140818 -885.553 -913.901 -938.332
  377 376.5 32.4634 0.01409 -926.31 -948.931 -943.727
  378 377.5 32.4721 0.0140938 -916.09 -882.264 -890.765
  379 378.5 32.4325 0.0140766 -935.434 -906.123 -903.261
  380 379.5 32.4562 0.0140869 -969.607 -956.519 -948.019
  381 380.5 32.4574 0.0140874 -898.204 -843.082 -893.598
  382 381.5 32.4532 0.0140856 -916.851 -911.11 -940.93
  383 382.5 32.4169 0.0140699 -918.085 -926.79 -944.973
  384 383.5 32.4532 0.0140856 -902.016 -905.805 -932.416
  385 384.5 32.4578 0.0140876 -836.075 -921.739 -917.8
  386 385.5 32.4254 0.0140735 -953.707 -926.717 -954.295
  387 386.5 32.4314 0.0140761 -897.582 -887.421 -967.065
  388 387.5 32.4628 0.0140897 -908.447 -911.573 -908.11
  389 388.5 32.4382 0.0140791 -857.471 -889.36 -959.888
  390 389.5 32.4155 0.0140692 -864.44 -835.486 -1059.72
  391 390.5 32.4278 0.0140745 -873.857 -811.053 -1019.01
  392 391.5 32.4132 0.0140682 -812.74 -829.564 -1069.72
  393 392.5 32.4263 0.0140739 -808.392 -804.676 -1085.33
  394 393.5 32.4051 0.0140647 -702.975 -750.907 -1156.97
  395 394.5 32.3566 0.0140436 -682.474 -710.927 -1269.87
  396 395.5 32.3514 0.0140414 -624.86 -651.783 -1306.25
  397 396.5 32.333 0.0140334 -539.808 -594.689 -1392.26
  398 397.5 32.2591 0.0140013 -417.21 -426.917 -1505.57
  399 398.5 32.1862 0.0139697 -315.963 -436.64 -1694.16
  400 399.5 32.1105 0.0139369 -145.299 -161.191 -1843.67
  401 400.5 31.9827 0.0138814 149.38 149.608 -1910.78
  402 401.5 31.8095 0.0138062 325.027 368.655 -2178.51
  403 402.5 31.6029 0.0137165 718.514 666.534 -2338.72
  404 403.5 31.3077 0.0135884 1047.55 1046.85 -2460.47
  405 404.5 30.9091 0.0134154 1480.38 1475.82 -2606.97
  406 405.5 30.4231 0.0132045 2042.9 2029.76 -2628.46
  407 406.5 29.7647 0.0129187 2713.2 2699.23 -2475.71
  408 407.5 28.8902 0.0125392 3250.73 3279.71 -2301.37
  409 408.5 27.8 0.012066 3797.44 3726.37 -1983.03
  410 409.5 26.4257 0.0114695 4124.81 4132.23 -1461.32
  411 410.5 24.7692 0.0107505 4397.46 4415.99 -778.242
  412 411.5 22.8395 0.00991299 4389.79 4357.02 -68.6186
  413 412.5 20.6018 0.00894174 4146.74 4149.57 641.918
  414 413.5 18.1997 0.00789917 3599.41 3605.09 1301.43
  415 414.5 15.7573 0.00683911 2772.9 2789.63 1824.7
  416 415.5 13.3393 0.00578964 1696.46 1714.66 2179.78
  417 416.5 11.0742 0.00480649 342.461 335.544 2268.44
  418 417.5 9.0837 0.00394258 -1146.53 -1160.9 1931.88
  419 418.5 7.39607 0.0032101 -2893.72 -2922.87 1218.08
  420 419.5 6.02013 0.0026129 -4624.09 -4681.23 174.767
  421 420.5 4.94394 0.00214581 -6375.14 -6413.08 -1245.09
  422 421.5 4.12762 0.0017915 -8146.25 -8066.25 -3014.64
  423 422.5 3.51873 0.00152723 -9759.23 -9624.03 -4787.25
  424 423.5 3.07439 0.00133437 -11042.4 -10950.5 -6660.77
  425 424.5 2.75273 0.00119476 -12024.9 -12018.2 -8389.28
  426 425.5 2.52459 0.00109574 -12924.7 -12889.3 -9873.47
  427 426.5 2.35455 0.00102194 -13631.9 -13520.6 -11210.3
  428 427.5 2.24241 0.000973267 -14102.4 -14118.9 -12221.4
  429 428.5 2.16234 0.000938517 -14419.8 -14398.9 -12985.6
  430 429.5 2.10583 0.000913989 -14629 -14618.8 -13581.5
  431 430.5 2.06087 0.000894474 -14877.7 -14787.9 -14066
  432 431.5 2.03439 0.000882981 -14990.9 -14879.4 -14371.2
  433 432.5 2.01412 0.000874183 -15035.2 -14928.8 -14621.9
  434 433.5 1.99321 0.00086511 -15239 -15053.1 -14904.9
  435 434.5 1.98158 0.000860059 -15222.3 -15099.5 -15046.9
  436 435.5 1.97733 0.000858217 -15197.2 -15102.6 -15091.1
  437 436.5 1.969 0.000854601 -15259.7 -15227.1 -15208.9
  438 437.5 1.96555 0.000853104 -15322.4 -15255.3 -15247.8
  439 438.5 1.96723 0.000853831 -15336.4 -15380.5 -15284.3
  440 439.5 1.96782 0.000854088 -15347.6 -15333.1 -15260.2
  441 440.5 1.96077 0.000851027 -15330.5 -15281.1 -15370.2
  442 441.5 1.9544 0.000848263 -15295.4 -15375.9 -15440.1
  443 442.5 1.95711 0.000849438 -15380 -15389.9 -15366.8
  444 443.5 1.95955 0.000850499 -15422.4 -15369.1 -15359.3
  445 444.5 1.95785 0.000849763 -15378.2 -15337.3 -15368.6
  446 445.5 1.95767 0.000849682 -15462.2 -15283.2 -15405.9
  447 446.5 1.95399 0.000848085 -15265.3 -15414.9 -15435.5
  448 447.5 1.95856 0.00085007 -15294.9 -15373.2 -15381.9
  449 448.5 1.96059 0.000850952 -15369.1 -15411.8 -15374.6
  450 449.5 1.95749 0.000849605 -15369.1 -15426.8 -15367.2
  451 450.5 1.94767 0.000845342 -15440.8 -15296.4 -15481.2
  452 451.5 1.95735 0.000849545 -15351.9 -15339.6 -15413.6
  453 452.5 1.9588 0.000850174 -15306.8 -15271.4 -15371.2
  454 453.5 1.96412 0.000852484 -15374.2 -15441 -15374.1
  455 454.5 1.96776 0.000854061 -15349.1 -15425.2 -15287.8
  456 455.5 1.96421 0.00085252 -15376.2 -15342.6 -15342.8
  457 456.5 1.96896 0.000854583 -15346.5 -15389.4 -15293.5
  458 457.5 1.96528 0.000852984 -15357.8 -15327.9 -15380.1
  459 458.5 1.97178 0.000855808 -15441.5 -15345.8 -15304.1
  460 459.5 1.97558 0.000857458 -15279 -15365.9 -15236.4
  461 460.5 1.96708 0.000853768 -15328 -15379.9 -15289.9
  462 461.5 1.97027 0.000855151 -15322.6 -15387.6 -15326
  463 462.5 1.97196 0.000855888 -15332.9 -15309.4 -15298
  464 463.5 1.96423 0.000852529 -15272.4 -15314.9 -15333.3
  465 464.5 1.9642 0.000852517 -15275.9 -15320.2 -15385.8
  466 465.5 1.96301 0.000852001 -15199.4 -15314.4 -15340.2
  467 466.5 1.96813 0.000854224 -15270.6 -15434 -15291.9
  468 467.5 1.96881 0.000854518 -15262.7 -15454.9 -15310.1
  469 468.5 1.96652 0.000853522 -15185.3 -15289.7 -15334.7
  470 469.5 1.9673 0.000853865 -15155.2 -15342.7 -15338.3
  471 470.5 1.97315 0.000856401 -15272 -15359.3 -15291.4
  472 471.5 1.97422 0.000856864 -15260.3 -15298.1 -15264.9
  473 472.5 1.97813 0.000858566 -15277.9 -15277.7 -15189.4
  474 473.5 1.9799 0.00085933 -15196.5 -15389.2 -15205.9
  475 474.5 1.97719 0.000858156 -15266.6 -15406.9 -15296.3
  476 475.5 1.96703 0.000853747 -15251.8 -15378.7 -15333.5
  477 476.5 1.96925 0.00085471 -15241.4 -15338.8 -15277.8
  478 477.5 1.97551 0.000857425 -15357.9 -15376.7 -15269.1
  479 478.5 1.97438 0.000856937 -15258.4 -15299 -15262.4
  480 479.5 1.96853 0.000854398 -15276.5 -15281.2 -15286.3
  481 480.5 1.96466 0.000852717 -15225.5 -15286.1 -15359.9
  482 481.5 1.95985 0.000850628 -15215.3 -15367.1 -15379.6
  483 482.5 1.96655 0.000853536 -15239.8 -15371.8 -15361.2
  484 483.5 1.97418 0.000856851 -15216.8 -15363.9 -15271.6
  485 484.5 1.97442 0.000856951 -15093.4 -15273.2 -15240.1
  486 485.5 1.96976 0.000854931 -15109.9 -15234.9 -15337
  487 486.5 1.96865 0.000854447 -15271.8 -15295.6 -15287.7
  488 487.5 1.97503 0.000857217 -15262.9 -15336.6 -15224.6
  489 488.5 1.97185 0.00085584 -15233.8 -15363 -15277.6
  490 489.5 1.96592 0.000853265 -15352.3 -15294.2 -15359.1
  491 490.5 1.96655 0.000853539 -15244.8 -15369 -15370.7
  492 491.5 1.9659 0.000853257 -15272.1 -15368.2 -15324
  493 492.5 1.96999 0.00085503 -15304.1 -15420.4 -15273.4
  494 493.5 1.96928 0.000854723 -15293.1 -15317.8 -15304.2
  495 494.5 1.96524 0.000852967 -15315.1 -15339.6 -15347.3
  496 495.5 1.96779 0.000854074 -15403.2 -15321.4 -15349.6
  497 496.5 1.96458 0.000852681 -15306.4 -15279.4 -15309.3
  498 497.5 1.97022 0.000855129 -15280.9 -15318.1 -15313.8
  499 498.5 1.96709 0.000853771 -15279.4 -15322.3 -15321
  500 499.5 1.96273 0.000851878 -15320.6 -15364.2 -15341.4
  501 500.5 1.96362 0.000852267 -15289.5 -15408.5 -15347.2
  502 501.5 1.95729 0.000849519 -15308.8 -15324.2 -15413.3
  503 502.5 1.95528 0.000848647 -15271.2 -15303.6 -15409.8
  504 503.5 1.96739 0.000853903 -15224.3 -15330.6 -15323.3
  505 504.5 1.96762 0.000854003 -15285.9 -15421.8 -15355.4
  506 505.5 1.96758 0.000853984 -15300.8 -15332.7 -15322.6
  507 506.5 1.97263 0.000856175 -15394.4 -15319.4 -15244.3
  508 507.5 1.97142 0.000855653 -15387.5 -15410.4 -15277.5
  509 508.5 1.96974 0.000854922 -15425.6 -15389 -15311.6
  510 509.5 1.9733 0.000856466 -15474.6 -15381.2 -15292.2
  511 510.5 1.96465 0.000852711 -15353.9 -15447.7 -15321
  512 511.5 1.96386 0.000852368 -15386.1 -15342.3 -15324.5
  513 512.5 1.96489 0.000852819 -15396.2 -15361.5 -15352.3
  514 513.5 1.96574 0.000853184 -15490.6 -15316.7 -15357.3
  515 514.5 1.96662 0.000853569 -15445.7 -15337.7 -15317
  516 515.5 1.97271 0.000856211 -15333 -15389.5 -15297.9
  517 516.5 1.97119 0.00085555 -15292 -15378.6 -15250.8
  518 517.5 1.97433 0.000856912 -15364.1 -15337.3 -15302.9
  519 518.5 1.97359 0.000856592 -15364.2 -15344.4 -15267.4
  520 519.5 1.98304 0.000860695 -15384.7 -15341.7 -15215
  521 520.5 1.97556 0.000857448 -15360 -15339.1 -15252.6
  522 521.5 1.98428 0.000861234 -15268.3 -15266 -15169
  523 522.5 1.98251 0.000860466 -15304.7 -15247.5 -15257
  524 523.5 1.97661 0.000857905 -15357.8 -15341.7 -15224.9
  525 524.5 1.97482 0.000857127 -15392.4 -15360.5 -15266.8
  526 525.5 1.9717 0.000855771 -15318.9 -15319.5 -15262.3
  527 526.5 1.96978 0.000854939 -15303 -15277.5 -15323.9
  528 527.5 1.97186 0.000855843 -15281.1 -15232.2 -15271
  529 528.5 1.97312 0.000856388 -15288.8 -15249.7 -15267.7
  530 529.5 1.96812 0.000854219 -15261 -15304 -15341.1
  531 530.5 1.96939 0.00085477 -15359.9 -15327.7 -15327
  532 531.5 1.96958 0.000854853 -15263.6 -15211.6 -15320.3
  533 532.5 1.97542 0.000857385 -15333.3 -15188.5 -15225.9
  534 533.5 1.9644 0.000852606 -15367.8 -15298 -15372.5
  535 534.5 1.96664 0.000853575 -15401.4 -15204.5 -15307.2
  536 535.5 1.96879 0.00085451 -15330.8 -15331.4 -15270.3
  537 536.5 1.96141 0.000851304 -15381.7 -15388.9 -15373.7
  538 537.5 1.96404 0.000852446 -15349.9 -15333.1 -15332.3
  539 538.5 1.96656 0.000853543 -15309.7 -15314.3 -15354.7
  540 539.5 1.96075 0.000851021 -15343.5 -15295.2 -15385.5
  541 540.5 1.97162 0.000855737 -15370.1 -15284.9 -15259.1
  542 541.5 1.96471 0.00085274 -15350.4 -15336 -15361.5
  543 542.5 1.96717 0.000853805 -15353.1 -15285.5 -15315.6
  544 543.5 1.96239 0.00085173 -15410.8 -15324.5 -15371
  545 544.5 1.96229 0.000851689 -15359.4 -15254.8 -15319.3
  546 545.5 1.96216 0.00085163 -15263.6 -15262.7 -15403.6
  547 546.5 1.96677 0.000853632 -15295.4 -15249.3 -15303.6
  548 547.5 1.96727 0.000853849 -15343.9 -15224.6 -15334.2
  549 548.5 1.96629 0.000853425 -15301.1 -15261.6 -15324.6
  550 549.5 1.95862 0.000850094 -15323.4 -15250.9 -15372.2
  551 550.5 1.96453 0.000852663 -15393.5 -15331.7 -15347.5
  552 551.5 1.96263 0.000851836 -15400.1 -15297.5 -15372
  553 552.5 1.96585 0.000853232 -15394.7 -15195.7 -15310.7
  554 553.5 1.95647 0.000849163 -15421.3 -15212 -15438
  555 554.5 1.96161 0.000851392 -15360.7 -15152 -15354.1
  556 555.5 1.96036 0.000850852 -15400.8 -15324.2 -15377.1
  557 556.5 1.96439 0.000852602 -15289.4 -15372.9 -15340.5
  558 557.5 1.96431 0.000852563 -15252.3 -15313.5 -15354.7
  559 558.5 1.95608 0.000848993 -15357 -15313.9 -15412.4
  560 559.5 1.95596 0.000848941 -15532 -15315.3 -15423.8
  561 560.5 1.96108 0.000851164 -15385.5 -15319.4 -15378.5
  562 561.5 1.95197 0.000847211 -15374.3 -15279.3 -15420.7
  563 562.5 1.95416 0.000848162 -15419 -15324.4 -15420.9
  564 563.5 1.94855 0.000845725 -15249.4 -15217.4 -15448.3
  565 564.5 1.95641 0.000849135 -15457.4 -15358 -15429.5
  566 565.5 1.96091 0.00085109 -15360.1 -15430.6 -15363.5
  567 566.5 1.95918 0.000850341 -15400.5 -15311.3 -15361.6
  568 567.5 1.9614 0.000851303 -15412.8 -15418.9 -15383.4
  569 568.5 1.96182 0.000851483 -15389.9 -15361.6 -15383.1
  570 569.5 1.96239 0.000851731 -15386.8 -15390.8 -15332
  571 570.5 1.96153 0.00085136 -15316.1 -15468.9 -15347.3
  572 571.5 1.96092 0.000851093 -15362.8 -15400.9 -15395
  573 572.5 1.96867 0.000854457 -15389.4 -15388.5 -15294.6
  574 573.5 1.96561 0.000853128 -15398 -15431.8 -15360.2
  575 574.5 1.96711 0.000853781 -15357.2 -15370.6 -15313.3
  576 575.5 1.97781 0.000858422 -15401.7 -15348.4 -15228.8
  577 576.5 1.97087 0.000855411 -15379.2 -15321.8 -15290.3
  578 577.5 1.97489 0.000857156 -15383.8 -15339.4 -15266.4
  579 578.5 1.9796 0.000859201 -15328.6 -15351.6 -15241.8
  580 579.5 1.97616 0.000857708 -15347.6 -15323.4 -15249.7
  581 580.5 1.97542 0.000857387 -15344.7 -15302.1 -15272.5
  582 581.5 1.98038 0.000859539 -15413.7 -15373.2 -15252.7
  583 582.5 1.97949 0.000859152 -15474.2 -15442.8 -15246
  584 583.5 1.97997 0.000859362 -15437.3 -15311.9 -15172.2
  585 584.5 1.98478 0.00086145 -15384 -15451.1 -15174.9
  586 585.5 1.98544 0.000861738 -15320.5 -15379.1 -15176.3
  587 586.5 1.98301 0.000860684 -15294.3 -15330.2 -15190.5
  588 587.5 1.97902 0.000858949 -15274.9 -15237.9 -15186
  589 588.5 1.97412 0.000856821 -15250.3 -15286.3 -15260.1
  590 589.5 1.97751 0.000858295 -15282.5 -15227.7 -15144.4
  591 590.5 1.97776 0.000858403 -15289.6 -15308.2 -15184.4
  592 591.5 1.97985 0.000859309 -15214.6 -15295.5 -15124.5
  593 592.5 1.9827 0.000860546 -15178.3 -15318.8 -15041.8
  594 593.5 1.99084 0.000864082 -15246.7 -15229 -14944.2
  595 594.5 2.00316 0.000869428 -15119.5 -15141 -14788.1
  596 595.5 2.02844 0.000880399 -15113.9 -15103.3 -14498.5
  597 596.5 2.05408 0.000891529 -14970.3 -14922.2 -14202.9
  598 597.5 2.08735 0.000905966 -14840.1 -14771.5 -13851.2
  599 598.5 2.12755 0.000923418 -14572 -14552.8 -13363.5
  600 599.5 2.20194 0.000955704 -14201.4 -14277 -12662.9
  601 600.5 2.29756 0.000997205 -13986.3 -13905.4 -11796.9
  602 601.5 2.41703 0.00104906 -13253.5 -13317.8 -10729.4
  603 602.5 2.59449 0.00112608 -12533.3 -12593.9 -9448.74
  604 603.5 2.85184 0.00123778 -11628.9 -11599.7 -7863.41
  605 604.5 3.1986 0.00138828 -10511.9 -10459.3 -6190.98
  606 605.5 3.69164 0.00160227 -9106.62 -9131.79 -4294.62
  607 606.5 4.35361 0.00188959 -7546.85 -7500.7 -2469.99
  608 607.5 5.21339 0.00226276 -5825.94 -5856.47 -978.841
  609 608.5 6.35877 0.00275988 -4159.48 -4167.79 320.802
  610 609.5 7.80132 0.00338599 -2487.19 -2468.66 1238.34
  611 610.5 9.5348 0.00413837 -889.382 -901.175 1798.13
  612 611.5 11.5373 0.0050075 606.198 554.228 1999.41
  613 612.5 13.7892 0.00598488 1835.02 1791.26 1880.18
  614 613.5 16.15 0.00700954 2766.5 2764.35 1456.55
  615 614.5 18.504 0.00803126 3492.04 3504.2 900.15
  616 615.5 20.804 0.00902952 3902.35 3867.72 292.323
  617 616.5 22.9299 0.00995222 4058.14 4034.02 -420.056
  618 617.5 24.7656 0.010749 3945.39 3915.51 -1039.82
  619 618.5 26.324 0.0114254 3699.79 3694.77 -1590.73
  620 619.5 27.6034 0.0119806 3295.46 3257.12 -2041.7
  621 620.5 28.6354 0.0124286 2810.37 2786.45 -2314.02
  622 621.5 29.4384 0.0127771 2279.1 2241.74 -2508.15
  623 622.5 30.0602 0.013047 1723.87 1731.83 -2575.91
  624 623.5 30.526 0.0132491 1269.45 1312.97 -2465.87
120000000 624 13998.999999999998
  1 0.5 31.2547 0.0135654 345.118 390.578 -2148.88
  2 1.5 31.4315 0.0136422 117.741 124.436 -1968.03
  3 2.5 31.5845 0.0137086 -74.2204 -177.145 -1818.63
  4 3.5 31.6914 0.013755 -334.714 -372.374 -1701.12
  5 4.5 31.7667 0.0137876 -485.05 -484.116 -1581.41
  6 5.5 31.837 0.0138181 -548.919 -550.861 -1432.12
  7 6.5 31.871 0.0138329 -626.892 -629.687 -1349.45
  8 7.5 31.9335 0.01386 -723.456 -741.699 -1245.3
  9 8.5 31.9476 0.0138661 -807.337 -772.271 -1189.05
  10 9.5 31.9549 0.0138693 -856.648 -777.657 -1160.44
  11 10.5 31.9881 0.0138837 -892.244 -898.028 -1107.75
  12 11.5 32.0157 0.0138957 -939.12 -909.843 -1038.58
  13 12.5 32.0163 0.0138959 -916.751 -827.233 -1046.28
  14 13.5 32.0033 0.0138903 -947.135 -894.116 -1020.87
  15 14.5 32.038 0.0139054 -878.235 -803.719 -980.361
  16 15.5 32.0402 0.0139063 -943.533 -904.851 -983.159
  17 16.5 32.0305 0.0139021 -908.003 -902.812 -948.181
  18 17.5 32.0384 0.0139056 -913.928 -939.73 -982.804
  19 18.5 32.0467 0.0139092 -930.7 -863.624 -969.717
  20 19.5 32.0374 0.0139051 -886.507 -970.828 -940.53
  21 20.5 32.0402 0.0139063 -927.508 -929.206 -977.159
  22 21.5 32.0401 0.0139063 -895.547 -914.571 -926.095
  23 22.5 32.0473 0.0139094 -914.4 -921.12 -950.039
  24 23.5 32.055 0.0139127 -1008.97 -951.009 -947.546
  25 24.5 32.0388 0.0139057 -941.635 -927.83 -924.931
  26 25.5 32.0277 0.0139009 -974.429 -934.027 -941.484
  27 26.5 32.057 0.0139136 -970.099 -924.883 -939.315
  28 27.5 32.0477 0.0139096 -978.936 -1008.61 -988.664
  29 28.5 32.0497 0.0139105 -945.716 -960.464 -882.803
  30 29.5 32.0542 0.0139124 -916.513 -900.462 -901.568
  31 30.5 32.0631 0.0139163 -993.524 -954.213 -1026.3
  32 31.5 32.0323 0.0139029 -913.642 -899.384 -916.694
  33 32.5 32.0505 0.0139108 -946.009 -930.66 -904.283
  34 33.5 32.0846 0.0139256 -917.548 -982.84 -960.62
  35 34.5 32.0604 0.0139151 -958.044 -1002.23 -938.037
  36 35.5 32.0467 0.0139092 -976.929 -940.855 -954.333
  37 36.5 32.077 0.0139223 -921.712 -952.183 -919.605
  38 37.5 32.0715 0.0139199 -893.799 -960.131 -947.762
  39 38.5 32.0528 0.0139118 -997.758 -974.878 -973.856
  40 39.5 32.0777 0.0139226 -933.702 -973.663 -922.762
  41 40.5 32.0505 0.0139108 -906.009 -975.95 -955.875
  42 41.5 32.0662 0.0139176 -944.811 -931.134 -907.724
  43 42.5 32.0803 0.0139237 -903.785 -912.522 -947.914
  44 43.5 32.0671 0.013918 -922.523 -961.892 -956.112
  45 44.5 32.0401 0.0139063 -870.689 -963.598 -939.595
  46 45.5 32.0813 0.0139242 -939.698 -984.726 -943.048
  47 46.5 32.074 0.013921 -953.812 -1033.19 -978.89
  48 47.5 32.0384 0.0139056 -936.902 -938.816 -927.608
  49 48.5 32.0499 0.0139106 -915.063 -862.518 -933.357
  50 49.5 32.0889 0.0139275 -904.117 -875.579 -926.737
  51 50.5 32.0494 0.0139103 -988.583 -997.822 -973.125
  52 51.5 32.041 0.0139067 -933.24 -939.864 -924.589
  53 52.5 32.0534 0.0139121 -907.569 -873.731 -939.848
  54 53.5 32.0508 0.0139109 -954.204 -943.498 -979.334
  55 54.5 32.0464 0.013909 -937.019 -907.549 -900.915
  56 55.5 32.0382 0.0139055 -868.352 -885.249 -929.632
  57 56.5 32.0474 0.0139094 -913.042 -990.425 -960.116
  58 57.5 32.0369 0.0139049 -926.917 -925.354 -964.613
  59 58.5 32.0331 0.0139033 -905.228 -865.44 -881.362
  60 59.5 32.0407 0.0139066 -975.163 -975.045 -961.006
  61 60.5 32.024 0.0138993 -928.8 -857.229 -942.53
  62 61.5 32.035 0.0139041 -945.224 -908.614 -930.188
  63 62.5 32.0315 0.0139025 -943.285 -906.423 -944.572
  64 63.5 32.0427 0.0139074 -906.946 -935.346 -942.752
  65 64.5 32.0222 0.0138985 -885.722 -941.458 -931.229
  66 65.5 32.0393 0.013906 -896.642 -921.111 -931.149
  67 66.5 32.0384 0.0139055 -902.145 -882.031 -912.82
  68 67.5 32.0244 0.0138995 -908.535 -917.607 -1000.21
  69 68.5 32.0211 0.013898 -927.222 -954.907 -920.071
  70 69.5 32.0426 0.0139074 -936.44 -919.418 -919.529
  71 70.5 32.061 0.0139154 -928.799 -976.191 -940.587
  72 71.5 32.0198 0.0138975 -919.568 -900.098 -957.507
  73 72.5 32.0037 0.0138905 -966.527 -983.526 -961.203
  74 73.5 32.0501 0.0139107 -961.967 -910.981 -919.092
  75 74.5 32.0377 0.0139052 -965.262 -939.139 -911.415
  76 75.5 32.0149 0.0138953 -991.745 -981.296 -995.906
  77 76.5 32.0338 0.0139036 -938.567 -962.677 -936.473
  78 77.5 32.0253 0.0138999 -938.741 -951.429 -910.388
  79 78.5 32.0445 0.0139082 -937.863 -974.417 -950.519
  80 79.5 32.0016 0.0138896 -961.23 -959.517 -966.871
  81 80.5 32.0312 0.0139024 -987.152 -999.796 -916.197
  82 81.5 32.002 0.0138898 -985.348 -973.608 -969.004
  83 82.5 32.0364 0.0139047 -964.083 -934.705 -927.111
  84 83.5 31.9963 0.0138873 -932.684 -983.975 -938.32
  85 84.5 32.0161 0.0138959 -856.355 -917.266 -960.445
  86 85.5 32.0199 0.0138975 -941.718 -1014.76 -926.062
  87 86.5 32.0184 0.0138969 -943.367 -990.224 -918.342
  88 87.5 32.0003 0.013889 -1002.89 -964.444 -969.09
  89 88.5 32.0148 0.0138953 -934.061 -954.782 -940.629
  90 89.5 31.9937 0.0138862 -945.414 -918.333 -948.032
  91 90.5 31.9838 0.0138819 -933.306 -944.76 -939.648
  92 91.5 32.0043 0.0138907 -932.278 -962.052 -927.539
  93 92.5 32.0124 0.0138943 -935.29 -961.193 -940.109
  94 93.5 31.9741 0.0138776 -979.402 -938.996 -972.109
  95 94.5 31.9958 0.0138871 -948.621 -975.71 -912.318
  96 95.5 31.9934 0.013886 -930.764 -912.554 -912.808
  97 96.5 31.9904 0.0138847 -987.697 -898.458 -969.906
  98 97.5 31.9718 0.0138767 -923.817 -879.654 -939.327
  99 98.5 31.9783 0.0138794 -976.437 -893.602 -934.589
  100 99.5 31.9916 0.0138852 -960.665 -904.945 -941.249
  101 100.5 31.983 0.0138815 -995.327 -980.277 -944.901
  102 101.5 31.992 0.0138854 -953.007 -958.752 -934.6
  103 102.5 31.9631 0.0138729 -929.835 -934.224 -956.012
  104 103.5 31.9892 0.0138842 -887.081 -958.088 -939.483
  105 104.5 32.0021 0.0138898 -970.956 -921.586 -916.903
  106 105.5 31.9892 0.0138842 -966.367 -937.949 -974.853
  107 106.5 31.9928 0.0138857 -1023.07 -952.791 -941.132
  108 107.5 32.0031 0.0138903 -920.72 -953.534 -895.811
  109 108.5 31.9774 0.0138791 -1006.27 -1009.25 -970.373
  110 109.5 32.007 0.0138919 -973.43 -900.106 -973.901
  111 110.5 31.9793 0.0138799 -962.048 -927.753 -926.474
  112 111.5 31.9908 0.0138849 -979.918 -954.509 -934.476
  113 112.5 32.0024 0.0138899 -976.257 -916.424 -918.026
  114 113.5 31.9892 0.0138842 -946.821 -986.949 -970.703
  115 114.5 31.9738 0.0138775 -871.531 -877.981 -933.02
  116 115.5 32.0109 0.0138936 -921.539 -901.221 -903.906
  117 116.5 31.9922 0.0138855 -980.345 -966.575 -1002.57
  118 117.5 31.9962 0.0138872 -980.121 -922.837 -899.458
  119 118.5 31.9911 0.013885 -971.912 -922.092 -981.932
  120 119.5 32.0087 0.0138927 -965.669 -964.522 -905.731
  121 120.5 31.9904 0.0138847 -964.365 -1014.16 -948.399
  122 121.5 31.986 0.0138828 -959.617 -941.813 -968.419
  123 122.5 32.0019 0.0138897 -979.479 -985.57 -921.889
  124 123.5 32.0054 0.0138912 -909.656 -860.877 -910.788
  125 124.5 31.9779 0.0138793 -945.992 -957.609 -981.12
  126 125.5 31.9851 0.0138824 -916.076 -927.573 -959.017
  127 126.5 32.0046 0.0138909 -906.495 -942.239 -929.897
  128 127.5 31.9948 0.0138866 -913.96 -926.421 -914.609
  129 128.5 31.9821 0.0138811 -955.041 -977.773 -928.503
  130 129.5 32.0105 0.0138935 -994.125 -962.011 -982.459
  131 130.5 31.9848 0.0138823 -981.864 -936.626 -960.238
  132 131.5 31.99 0.0138846 -971.229 -919.841 -900.34
  133 132.5 32.0091 0.0138929 -917.233 -906.786 -949.306
  134 133.5 32.0009 0.0138893 -938.603 -910.483 -928.933
  135 134.5 31.971 0.0138763 -936.213 -984.91 -978.169
  136 135.5 32.0036 0.0138905 -921.08 -935.462 -930.535
  137 136.5 32.028 0.013901 -995.124 -963.99 -916.594
  138 137.5 31.9962 0.0138873 -984.05 -962.768 -958.658
  139 138.5 31.9814 0.0138808 -957.853 -954.966 -949.341
  140 139.5 31.9875 0.0138835 -900.03 -938.999 -925.021
  141 140.5 32.0235 0.0138991 -960.952 -962.402 -943.371
  142 141.5 31.9981 0.0138881 -995.857 -959.099 -939.575
  143 142.5 31.9603 0.0138717 -977.782 -946.889 -947.931
  144 143.5 32.0037 0.0138905 -1012.66 -944.735 -969.845
  145 144.5 32.0068 0.0138918 -944.217 -905.085 -926.563
  146 145.5 32.0074 0.0138921 -987.416 -1007.36 -922.877
  147 146.5 31.9958 0.013887 -970.768 -997.783 -940.656
  148 147.5 32.0003 0.013889 -981.924 -988.852 -961.518
  149 148.5 32.0144 0.0138951 -902.162 -912.266 -911.363
  150 149.5 31.9964 0.0138873 -940.666 -985.341 -968.042
  151 150.5 32.0025 0.01389 -930.867 -928.232 -936.472
  152 151.5 32.0094 0.013893 -940.46 -895.016 -933.393
  153 152.5 32.008 0.0138924 -903.41 -902.473 -956.858
  154 153.5 32.0088 0.0138927 -989.239 -940.784 -935.97
  155 154.5 31.9882 0.0138838 -934.559 -908.95 -930.735
  156 155.5 32.0174 0.0138965 -955.299 -942.851 -957.8
  157 156.5 32.0101 0.0138933 -949.582 -985.323 -986.261
  158 157.5 31.996 0.0138872 -939.055 -965.442 -895.961
  159 158.5 32.0212 0.0138981 -915.808 -918.497 -917.242
  160 159.5 31.9955 0.0138869 -890.113 -930.142 -942.733
  161 160.5 31.9903 0.0138847 -919.708 -917.759 -984.548
  162 161.5 31.9915 0.0138852 -937.586 -905.652 -945.056
  163 162.5 32.0129 0.0138945 -924.144 -999.257 -934.989
  164 163.5 32.0139 0.0138949 -936.756 -903.899 -904.075
  165 164.5 31.9791 0.0138798 -936.682 -949.263 -965.874
  166 165.5 32.0142 0.0138951 -902.585 -927.665 -978.391
  167 166.5 31.991 0.013885 -853.13 -904.818 -885.78
  168 167.5 31.9981 0.0138881 -957.171 -945.77 -965.669
  169 168.5 32.015 0.0138954 -921.008 -965.718 -957.544
  170 169.5 31.9938 0.0138862 -963.171 -950.484 -975.822
  171 170.5 32.0006 0.0138892 -947.141 -972.734 -931.272
  172 171.5 32.0062 0.0138916 -938.937 -909.187 -963.181
  173 172.5 32.0024 0.0138899 -942.512 -954.34 -921.152
  174 173.5 32.0001 0.0138889 -984.655 -937.829 -971.561
  175 174.5 32.0114 0.0138938 -950.43 -944.757 -980.805
  176 175.5 31.9794 0.0138799 -1015.79 -921.96 -1004.65
  177 176.5 32.0075 0.0138921 -988.359 -904.95 -994.427
  178 177.5 32.0062 0.0138916 -964.044 -889.774 -1001.68
  179 178.5 31.9783 0.0138795 -917.936 -843.055 -1027
  180 179.5 31.9845 0.0138822 -877.392 -853.058 -1056.23
  181 180.5 31.9909 0.013885 -822.554 -851.577 -1110.38
  182 181.5 31.9513 0.0138677 -819.413 -834.863 -1127.42
  183 182.5 31.9261 0.0138568 -795.43 -819.829 -1164.27
  184 183.5 31.9311 0.013859 -756.697 -734.886 -1232.47
  185 184.5 31.8539 0.0138255 -677.847 -696.778 -1285.63
  186 185.5 31.8197 0.0138106 -600.697 -594.138 -1372.35
  187 186.5 31.7921 0.0137987 -485.873 -508.271 -1369.77
  188 187.5 31.6732 0.013747 -400.048 -395.143 -1487.8
  189 188.5 31.5776 0.0137056 -253.155 -219.407 -1540.13
  190 189.5 31.4376 0.0136448 -30.3647 -42.9996 -1654.22
  191 190.5 31.2657 0.0135702 208.646 200.042 -1601.1
  192 191.5 31.0434 0.0134737 419.554 320.067 -1571.03
  193 192.5 30.7897 0.0133636 591.892 607.06 -1515.14
  194 193.5 30.4943 0.0132354 829.173 868.028 -1245.89
  195 194.5 30.0569 0.0130455 951.443 936.491 -1024.3
  196 195.5 29.6543 0.0128708 1019.85 1044.87 -649.685
  197 196.5 29.2121 0.0126789 956.095 963.806 -208.144
  198 197.5 28.7766 0.0124898 835.117 844.263 254.265
  199 198.5 28.4052 0.0123286 659.386 650.371 632.152
  200 199.5 28.1697 0.0122264 511.172 494.522 927.211
  201 200.5 28.0743 0.012185 480.384 466.13 1040.55
  202 201.5 28.1778 0.0122299 542.149 587.754 946.002
  203 202.5 28.4715 0.0123574 749.788 759.698 744.275
  204 203.5 28.86 0.0125261 1004.92 1047.3 442.612
  205 204.5 29.353 0.01274 1197.17 1210.86 -65.554
  206 205.5 29.8459 0.0129539 1293.57 1221.63 -577.541
  207 206.5 30.3203 0.0131599 1252.53 1218.58 -961.868
  208 207.5 30.7356 0.0133401 1192.41 1103.12 -1248.34
  209 208.5 31.1458 0.0135181 937.14 868.944 -1512.68
  210 209.5 31.4368 0.0136445 691.831 725.025 -1613.5
  211 210.5 31.6476 0.0137359 414.239 411.32 -1733.78
  212 211.5 31.8601 0.0138282 146.085 204.473 -1687.93
  213 212.5 32.0297 0.0139018 -29.8233 -30.432 -1611.19
  214 213.5 32.1147 0.0139387 -252.491 -169.832 -1516.99
  215 214.5 32.2274 0.0139876 -453.251 -368.509 -1538.31
  216 215.5 32.267 0.0140048 -554.729 -489.506 -1402.92
  217 216.5 32.3336 0.0140337 -624.151 -545.619 -1290.09
  218 217.5 32.3773 0.0140526 -719.325 -657.831 -1252.08
  219 218.5 32.4031 0.0140639 -803.859 -724.934 -1211.84
  220 219.5 32.4068 0.0140655 -801.494 -742.031 -1129.17
  221 220.5 32.4457 0.0140823 -769.294 -806.421 -1080.8
  222 221.5 32.4434 0.0140813 -870.217 -908.009 -1079.99
  223 222.5 32.4635 0.0140901 -928.128 -880.418 -1057.33
  224 223.5 32.4584 0.0140878 -896.459 -880.658 -1013.13
  225 224.5 32.4824 0.0140983 -896.71 -912.587 -939.012
  226 225.5 32.4619 0.0140894 -937.331 -867.103 -1003.77
  227 226.5 32.4746 0.0140949 -912.512 -880.065 -965.393
  228 227.5 32.467 0.0140916 -894.742 -891.51 -977.352
  229 228.5 32.4819 0.014098 -901.086 -904.091 -927.982
  230 229.5 32.4599 0.0140885 -896.203 -940.341 -914.374
  231 230.5 32.4844 0.0140991 -890.175 -922.365 -935.119
  232 231.5 32.4795 0.014097 -966.172 -981.165 -983.613
  233 232.5 32.4607 0.0140888 -923.175 -980.116 -920.188
  234 233.5 32.4818 0.014098 -948.462 -919.57 -901.637
  235 234.5 32.4711 0.0140934 -938.812 -961.16 -916.057
  236 235.5 32.4816 0.0140979 -894.801 -955.767 -941.469
  237 236.5 32.471 0.0140933 -906.449 -959.963 -924.093
  238 237.5 32.4628 0.0140898 -963.462 -999.87 -946.503
  239 238.5 32.4785 0.0140966 -912.725 -920.941 -919.337
  240 239.5 32.4775 0.0140962 -910.108 -905.61 -936.656
  241 240.5 32.4567 0.0140871 -911.596 -972.024 -909.054
  242 241.5 32.4778 0.0140962 -912.12 -946.207 -923.711
  243 242.5 32.4704 0.0140931 -928.824 -942.688 -977.998
  244 243.5 32.4686 0.0140923 -846.256 -903.725 -898.841
  245 244.5 32.472 0.0140937 -926.507 -938.287 -915.382
  246 245.5 32.4726 0.014094 -900.907 -921.929 -946.032
  247 246.5 32.4684 0.0140922 -861.535 -914.934 -923.793
  248 247.5 32.4681 0.014092 -903.204 -927.618 -933.405
  249 248.5 32.4709 0.0140933 -895.315 -916.695 -937.292
  250 249.5 32.4682 0.0140921 -866.4 -867.769 -924.856
  251 250.5 32.4503 0.0140843 -847.639 -887.337 -891.375
  252 251.5 32.4547 0.0140863 -949.058 -957.626 -972.551
  253 252.5 32.4684 0.0140922 -921.321 -974.172 -920.663
  254 253.5 32.4603 0.0140887 -962.941 -887.511 -920
  255 254.5 32.4767 0.0140958 -900.671 -919.838 -919.435
  256 255.5 32.4537 0.0140858 -956.476 -975.481 -926.789
  257 256.5 32.4673 0.0140917 -951.145 -996.242 -938.095
  258 257.5 32.4709 0.0140933 -910.894 -944.967 -918.993
  259 258.5 32.4611 0.014089 -916.723 -979.879 -930.4
  260 259.5 32.4706 0.0140931 -888.29 -961.786 -919.612
  261 260.5 32.4596 0.0140883 -908.343 -965.116 -948.569
  262 261.5 32.4701 0.0140929 -911.46 -911.883 -935.278
  263 262.5 32.4716 0.0140936 -963.334 -950.697 -966.403
  264 263.5 32.4748 0.014095 -909.205 -972.453 -875.156
  265 264.5 32.4822 0.0140982 -918.608 -928.35 -900.193
  266 265.5 32.4592 0.0140882 -931.57 -931.664 -965.622
  267 266.5 32.4666 0.0140914 -964.26 -965.522 -918.974
  268 267.5 32.4602 0.0140886 -947.366 -970.694 -937.004
  269 268.5 32.4686 0.0140923 -924.134 -931.208 -955.058
  270 269.5 32.463 0.0140899 -927.73 -931.15 -897.511
  271 270.5 32.4464 0.0140827 -918.549 -971.526 -971.639
  272 271.5 32.4664 0.0140913 -945.365 -978.549 -925.387
  273 272.5 32.4665 0.0140914 -915.556 -896.964 -902.876
  274 273.5 32.4476 0.0140831 -930.325 -900.65 -874.291
  275 274.5 32.4616 0.0140892 -901.607 -924.476 -969.739
  276 275.5 32.4674 0.0140917 -885.271 -896.81 -927.828
  277 276.5 32.4384 0.0140792 -910.518 -971.789 -963.795
  278 277.5 32.4506 0.0140845 -936.705 -949.215 -913.243
  279 278.5 32.4647 0.0140906 -876.756 -886.907 -893.614
  280 279.5 32.459 0.0140881 -967.765 -921.106 -943.283
  281 280.5 32.4347 0.0140776 -986.222 -947.044 -927.331
  282 281.5 32.4336 0.0140771 -933.298 -894.547 -918.205
  283 282.5 32.4696 0.0140927 -957.839 -891.246 -973.06
  284 283.5 32.4348 0.0140776 -864.654 -875.497 -886.682
  285 284.5 32.4322 0.0140765 -930.234 -943.066 -924.532
  286 285.5 32.4546 0.0140862 -967.187 -947.995 -980.784
  287 286.5 32.4583 0.0140878 -834.714 -895.328 -838.233
  288 287.5 32.4104 0.014067 -959.806 -972.938 -976.766
  289 288.5 32.4561 0.0140868 -966.173 -920.013 -950.971
  290 289.5 32.4508 0.0140846 -997.361 -914.265 -915.91
  291 290.5 32.4198 0.0140711 -931.596 -890.309 -903.615
  292 291.5 32.4179 0.0140703 -896.909 -898.116 -943.608
  293 292.5 32.4453 0.0140822 -887.27 -939.335 -944.689
  294 293.5 32.448 0.0140833 -888.916 -904.562 -873.374
  295 294.5 32.4286 0.0140749 -879.072 -916.368 -929.373
  296 295.5 32.4276 0.0140745 -968.357 -937.784 -949.022
  297 296.5 32.4259 0.0140737 -959.283 -907.853 -953.185
  298 297.5 32.4451 0.0140821 -961.738 -962.983 -905.965
  299 298.5 32.4238 0.0140729 -977.713 -958.031 -935.291
  300 299.5 32.4453 0.0140822 -925.284 -892.212 -898.833
  301 300.5 32.4233 0.0140726 -898.455 -897.531 -942.041
  302 301.5 32.4327 0.0140767 -956.791 -954.045 -951.241
  303 302.5 32.404 0.0140642 -994.308 -946.122 -964.46
  304 303.5 32.4502 0.0140843 -924.804 -924.84 -886.973
  305 304.5 32.4297 0.0140754 -957.685 -910.657 -938.952
  306 305.5 32.424 0.0140729 -917.32 -932.18 -904.082
  307 306.5 32.4261 0.0140738 -889.367 -876.475 -918.066
  308 307.5 32.4213 0.0140717 -899.28 -894.687 -987.522
  309 308.5 32.4276 0.0140745 -953.506 -915.049 -939.566
  310 309.5 32.4352 0.0140778 -892.36 -896.596 -865.56
  311 310.5 32.426 0.0140738 -966.669 -972.151 -956.578
  312 311.5 32.4094 0.0140666 -923.707 -946.955 -964.074
  313 312.5 32.445 0.014082 -920.248 -951.496 -915.021
  314 313.5 32.4434 0.0140813 -920.953 -951.506 -898.702
  315 314.5 32.3978 0.0140615 -936.042 -904.542 -933.117
  316 315.5 32.436 0.0140781 -905.68 -941.031 -952.347
  317 316.5 32.4229 0.0140725 -962.645 -972.897 -920.194
  318 317.5 32.4285 0.0140749 -949.661 -949.552 -922.968
  319 318.5 32.4128 0.0140681 -879.713 -875.817 -923.251
  320 319.5 32.4042 0.0140643 -889.836 -951.629 -946.575
  321 320.5 32.4215 0.0140718 -902.57 -950.936 -891.327
  322 321.5 32.4368 0.0140785 -898.554 -955.604 -926.932
  323 322.5 32.4302 0.0140756 -961.827 -1034.63 -953.698
  324 323.5 32.3934 0.0140596 -943.77 -981.37 -926.742
  325 324.5 32.4565 0.014087 -949.868 -995.879 -937.145
  326 325.5 32.4293 0.0140752 -972.167 -984.59 -923.335
  327 326.5 32.4034 0.014064 -916.75 -890.918 -885.221
  328 327.5 32.4393 0.0140796 -878.805 -901.612 -935.76
  329 328.5 32.4422 0.0140808 -899.89 -946.003 -978.592
  330 329.5 32.4234 0.0140726 -934.282 -941.165 -920.583
  331 330.5 32.4159 0.0140694 -980.857 -991.696 -918.281
  332 331.5 32.4565 0.014087 -888.752 -939.261 -901.556
  333 332.5 32.4297 0.0140754 -912.347 -949.088 -948.174
  334 333.5 32.4179 0.0140702 -935.929 -1002.07 -932.096
  335 334.5 32.4407 0.0140802 -910.671 -907.313 -926.903
  336 335.5 32.4333 0.014077 -951.374 -947.193 -953.244
  337 336.5 32.4335 0.014077 -939.917 -899.258 -868.383
  338 337.5 32.4176 0.0140701 -963.661 -968.255 -942.863
  339 338.5 32.4381 0.014079 -913.629 -929.031 -934.03
  340 339.5 32.4359 0.0140781 -976.433 -926.721 -932.342
  341 340.5 32.428 0.0140746 -951.646 -907.259 -921.758
  342 341.5 32.4287 0.014075 -944.551 -919.059 -954.731
  343 342.5 32.4379 0.014079 -920.532 -925.293 -910.503
  344 343.5 32.4246 0.0140732 -920.47 -920.323 -911.974
  345 344.5 32.4239 0.0140729 -919.606 -881.215 -956.156
  346 345.5 32.441 0.0140803 -937.786 -936.365 -960.791
  347 346.5 32.4417 0.0140806 -973.697 -928.366 -899.1
  348 347.5 32.4554 0.0140866 -926.475 -915.313 -878.703
  349 348.5 32.4389 0.0140794 -925.54 -894.128 -967.561
  350 349.5 32.4327 0.0140767 -986.716 -974.452 -970.178
  351 350.5 32.4448 0.014082 -991.857 -940.48 -892.982
  352 351.5 32.4619 0.0140894 -899.492 -923.52 -885.588
  353 352.5 32.4455 0.0140822 -980.605 -974.389 -956.912
  354 353.5 32.4262 0.0140739 -915.92 -971.364 -963.781
  355 354.5 32.4424 0.0140809 -878.746 -894.59 -922.004
  356 355.5 32.4546 0.0140862 -880.016 -921.678 -918.331
  357 356.5 32.4424 0.0140809 -924.125 -933.73 -924.207
  358 357.5 32.4357 0.014078 -884.426 -912.068 -974.254
  359 358.5 32.436 0.0140781 -854.986 -929.511 -883.013
  360 359.5 32.4458 0.0140824 -931.923 -896.708 -923.907
  361 360.5 32.4407 0.0140802 -884.094 -931.109 -956.195
  362 361.5 32.4379 0.014079 -910.72 -931.495 -950.077
  363 362.5 32.4369 0.0140785 -915.407 -854.766 -887.008
  364 363.5 32.4398 0.0140798 -945.928 -947.843 -938.739
  365 364.5 32.4447 0.0140819 -923.657 -914.546 -925.007
  366 365.5 32.4213 0.0140717 -936.524 -937.432 -938.51
  367 366.5 32.4567 0.0140871 -931.301 -949.954 -917.725
  368 367.5 32.4535 0.0140857 -954.551 -991.195 -938.175
  369 368.5 32.4356 0.014078 -910.494 -892.252 -920.447
  370 369.5 32.4294 0.0140752 -922.639 -921.324 -944.269
  371 370.5 32.4547 0.0140862 -965.191 -978.42 -923.745
  372 371.5 32.4283 0.0140748 -915.405 -909.814 -911.539
  373 372.5 32.4444 0.0140818 -943.043 -931.261 -936.794
  374 373.5 32.453 0.0140855 -956.689 -977.553 -959.311
  375 374.5 32.4504 0.0140844 -975.06 -953.125 -884.929
  376 375.5 32.4511 0.0140847 -944.103 -944.221 -938.366
  377 376.5 32.4358 0.014078 -966.416 -921.679 -967.5
  378 377.5 32.4376 0.0140788 -950.643 -961.443 -899.347
  379 378.5 32.4506 0.0140845 -926.274 -1002.98 -958.836
  380 379.5 32.4582 0.0140878 -898.38 -913.709 -904.408
  381 380.5 32.42 0.0140712 -945.189 -971.66 -961.259
  382 381.5 32.4399 0.0140798 -976.716 -958.717 -964.994
  383 382.5 32.4511 0.0140847 -1007.01 -958.772 -927.257
  384 383.5 32.4436 0.0140814 -941.563 -897.822 -945.087
  385 384.5 32.414 0.0140686 -935.559 -907.609 -966.087
  386 385.5 32.4277 0.0140745 -938.899 -849.358 -991.628
  387 386.5 32.4449 0.014082 -879.76 -831.537 -954.004
  388 387.5 32.4095 0.0140666 -864.772 -873.227 -1017.45
  389 388.5 32.4143 0.0140687 -860.407 -862.531 -1033.68
  390 389.5 32.3995 0.0140623 -826.13 -792.146 -1082.51
  391 390.5 32.3835 0.0140553 -782.738 -757.788 -1075.06
  392 391.5 32.3854 0.0140562 -792.963 -816.95 -1153.63
  393 392.5 32.3485 0.0140402 -764.392 -735.364 -1224.48
  394 393.5 32.331 0.0140325 -699.486 -663.103 -1244.51
  395 394.5 32.3026 0.0140202 -591.076 -581.973 -1380.41
  396 395.5 32.2446 0.0139951 -481.615 -466.389 -1490.53
  397 396.5 32.1633 0.0139598 -333.56 -363.316 -1577.47
  398 397.5 32.0955 0.0139303 -283.78 -264.536 -1779.11
  399 398.5 31.9847 0.0138823 -21.8618 -61.655 -1925.8
  400 399.5 31.8286 0.0138145 282.431 262.794 -2045.55
  401 400.5 31.6195 0.0137237 554.161 544.585 -2275.84
  402 401.5 31.3846 0.0136218 937.469 883.797 -2429.28
  403 402.5 31.0281 0.0134671 1389.33 1352.2 -2499.89
  404 403.5 30.5869 0.0132756 1798.1 1818.22 -2593.46
  405 404.5 29.9755 0.0130102 2370.15 2394.2 -2561.34
  406 405.5 29.1891 0.0126689 2939.11 2915.89 -2397.85
  407 406.5 28.2203 0.0122484 3455.55 3412.67 -2091.64
  408 407.5 26.959 0.0117009 3888.96 3938.9 -1689.25
  409 408.5 25.3912 0.0110205 4193.52 4202.56 -1108.45
  410 409.5 23.586 0.010237 4292.36 4321.51 -441.046
  411 410.5 21.5155 0.0093383 4206.77 4237.54 306.192
  412 411.5 19.209 0.00833725 3783.38 3780.1 964.304
  413 412.5 16.7751 0.00728086 3113.75 3104.58 1520.72
  414 413.5 14.3686 0.00623638 2153.11 2119.64 1939.27
  415 414.5 12.0789 0.00524257 986.346 898.777 2133.75
  416 415.5 9.9779 0.00433069 -440.843 -495.532 2043.98
  417 416.5 8.15289 0.00353858 -2105.28 -2114 1498.02
  418 417.5 6.6523 0.00288728 -3811.7 -3811.12 616.323
  419 418.5 5.44583 0.00236364 -5522.2 -5476.29 -600.684
  420 419.5 4.51524 0.00195974 -7158.3 -7287.83 -2175.56
  421 420.5 3.81737 0.00165684 -8815.69 -8789.7 -3948.49
  422 421.5 3.30075 0.00143262 -10263 -10148.5 -5817.57
  423 422.5 2.92448 0.00126931 -11419.3 -11373 -7566.26
  424 423.5 2.65071 0.00115048 -12422.8 -12327.4 -9171.53
  425 424.5 2.4564 0.00106615 -13183.8 -13168.9 -10625.4
  426 425.5 2.32478 0.00100902 -13737.9 -13927.4 -11689.4
  427 426.5 2.2337 0.00096949 -14159 -14255.9 -12514.3
  428 427.5 2.15543 0.000935516 -14491.2 -14509.8 -13266.6
  429 428.5 2.10484 0.000913561 -14682.2 -14807.6 -13830.9
  430 429.5 2.08523 0.000905046 -14961 -14924.9 -14074.6
  431 430.5 2.05541 0.000892105 -14922.9 -14981.2 -14436.6
  432 431.5 2.0307 0.000881378 -14918.8 -15058.4 -14695.6
  433 432.5 2.01984 0.000876668 -14992.1 -15133.1 -14838.2
  434 433.5 2.00996 0.000872381 -15108.7 -15278.7 -14989.2
  435 434.5 2.01052 0.000872624 -15105.9 -15310.9 -15014.4
  436 435.5 2.00237 0.000869085 -15134.3 -15268.4 -15113.6
  437 436.5 2.00057 0.000868305 -15076.5 -15220.3 -15163.3
  438 437.5 1.99795 0.000867167 -15114.6 -15225.8 -15164.8
  439 438.5 1.99762 0.000867023 -15234.1 -15315.3 -15212.7
  440 439.5 1.99602 0.000866329 -15089.5 -15308.3 -15196.8
  441 440.5 1.99199 0.000864581 -15152.7 -15316.5 -15249.9
  442 441.5 1.99445 0.000865647 -15141.9 -15300.9 -15238.3
  443 442.5 1.991 0.000864148 -15117.1 -15240 -15250.5
  444 443.5 1.98552 0.000861772 -15230.5 -15354.9 -15349
  445 444.5 1.97994 0.000859348 -15241.4 -15249.9 -15344.2
  446 445.5 1.9827 0.000860548 -15162.2 -15265.9 -15328.3
  447 446.5 1.98692 0.000862379 -15194 -15260.3 -15276.3
  448 447.5 1.98935 0.000863431 -15162 -15309.8 -15261.1
  449 448.5 1.99228 0.000864703 -15244.4 -15325.7 -15285
  450 449.5 1.98803 0.00086286 -15228 -15369.4 -15315.3
  451 450.5 1.99363 0.000865291 -15066.6 -15338.8 -15278
  452 451.5 1.99687 0.000866697 -15137.2 -15221.4 -15178.5
  453 452.5 1.98701 0.000862419 -15214.7 -15324 -15334.1
  454 453.5 1.99237 0.000864744 -15041.6 -15338.5 -15265.6
  455 454.5 1.98731 0.000862547 -15094.6 -15362.7 -15329.3
  456 455.5 1.99223 0.000864684 -15086.4 -15281.6 -15259.4
  457 456.5 1.99329 0.000865143 -15150.4 -15198.6 -15244
  458 457.5 1.99819 0.000867268 -15193.7 -15148.1 -15197.8
  459 458.5 1.99245 0.000864779 -15144.7 -15132 -15303.1
  460 459.5 2.0007 0.000868358 -15113.6 -15241.8 -15203.3
  461 460.5 1.99643 0.000866507 -15127.5 -15186.2 -15214.5
  462 461.5 1.99949 0.000867833 -15218.9 -15138.9 -15229.4
  463 462.5 2.00226 0.000869035 -15055.2 -15170.7 -15152.7
  464 463.5 1.99967 0.000867911 -15153.7 -15156.2 -15230.2
  465 464.5 1.99751 0.000866975 -15273.5 -15168.9 -15239.6
  466 465.5 1.99984 0.000867984 -15121.9 -15113.7 -15222.9
  467 466.5 1.98902 0.000863291 -15225.8 -15087.2 -15293.6
  468 467.5 1.99107 0.000864178 -15155.8 -15107.6 -15266.2
  469 468.5 1.99737 0.000866914 -15092.5 -15127.1 -15218.2
  470 469.5 1.99272 0.000864896 -15031.8 -15118.8 -15240.7
  471 470.5 1.9975 0.000866972 -15189.7 -15137.4 -15233.2
  472 471.5 1.99691 0.000866713 -15204.2 -15236.1 -15251.3
  473 472.5 1.99582 0.000866242 -15184.5 -15084 -15274
  474 473.5 1.9994 0.000867794 -15112.4 -15154.2 -15179.4
  475 474.5 1.99779 0.000867095 -15124 -15176.9 -15208.7
  476 475.5 1.99377 0.000865351 -15148.8 -15213 -15238.5
  477 476.5 1.99435 0.000865604 -15255.8 -15209.4 -15270.2
  478 477.5 1.99232 0.000864722 -15213.1 -15271.3 -15227.4
  479 478.5 1.98843 0.000863033 -15246.3 -15372.5 -15347.3
  480 479.5 1.99088 0.000864098 -15254.6 -15346 -15266.7
  481 480.5 2.00469 0.000870092 -15290.9 -15334.6 -15159
  482 481.5 1.99517 0.000865961 -15276.7 -15311.9 -15277.1
  483 482.5 1.99001 0.000863721 -15143.3 -15320.5 -15276.3
  484 483.5 1.99023 0.000863816 -15244.3 -15289.8 -15250.2
  485 484.5 1.99436 0.000865607 -15228.9 -15207.3 -15273.1
  486 485.5 1.9924 0.000864756 -15220.2 -15187.9 -15246
  487 486.5 1.99041 0.000863891 -15314.6 -15322.5 -15310.1
  488 487.5 1.9927 0.000864889 -15307.2 -15267.5 -15226.9
  489 488.5 1.99259 0.00086484 -15348.7 -15331.2 -15265
  490 489.5 1.98631 0.000862112 -15351.6 -15321.4 -15357.1
  491 490.5 1.97988 0.000859324 -15327.9 -15189.1 -15354.3
  492 491.5 1.98479 0.000861452 -15226.1 -15189.1 -15292.7
  493 492.5 1.98518 0.000861625 -15279.3 -15225.5 -15305.8
  494 493.5 1.98082 0.000859729 -15172.1 -15230 -15344.6
  495 494.5 1.98404 0.00086113 -15224.4 -15238.1 -15324.2
  496 495.5 1.97731 0.000858206 -15186.8 -15272.5 -15395.4
  497 496.5 1.98055 0.000859615 -15209.4 -15300 -15369.7
  498 497.5 1.98456 0.000861355 -15306.4 -15279.4 -15313.3
  499 498.5 1.98799 0.000862842 -15358 -15347.1 -15343.4
  500 499.5 1.98959 0.000863538 -15221.3 -15334.2 -15240.5
  501 500.5 1.99774 0.000867075 -15238.4 -15422.7 -15185.9
  502 501.5 1.99598 0.000866309 -15146.9 -15281.7 -15274.9
  503 502.5 1.99867 0.00086748 -15188.1 -15221.6 -15236.2
  504 503.5 1.9986 0.000867447 -15313.7 -15216.7 -15242
  505 504.5 1.9952 0.000865973 -15271.1 -15233.5 -15273.2
  506 505.5 2.0031 0.000869401 -15327.3 -15187.9 -15117.1
  507 506.5 1.99568 0.000866182 -15317.5 -15191.6 -15240.2
  508 507.5 1.99845 0.000867382 -15361.1 -15195.4 -15221.3
  509 508.5 1.99718 0.000866831 -15394 -15307.1 -15240.4
  510 509.5 1.99281 0.000864934 -15345.1 -15341.2 -15265.8
  511 510.5 1.99741 0.000866933 -15321.3 -15234.3 -15227.5
  512 511.5 1.99938 0.000867788 -15358.1 -15195.9 -15163
  513 512.5 2.00015 0.000868119 -15356.6 -15252.4 -15227.5
  514 513.5 2.00237 0.000869084 -15305.4 -15263.1 -15184.3
  515 514.5 1.99937 0.000867783 -15348.4 -15205.7 -15211.6
  516 515.5 1.9936 0.000865278 -15256.2 -15163.1 -15252.8
  517 516.5 1.99698 0.000866744 -15298.9 -15284 -15250.4
  518 517.5 1.99494 0.000865861 -15342.5 -15276.6 -15262.5
  519 518.5 1.99719 0.000866834 -15214.6 -15219.4 -15223.7
  520 519.5 1.99539 0.000866055 -15250.7 -15264.4 -15234.9
  521 520.5 2.00123 0.000868592 -15311.1 -15215 -15189.8
  522 521.5 2.00361 0.000869624 -15275.5 -15217.8 -15181
  523 522.5 2.00217 0.000868999 -15207.8 -15176.7 -15180.7
  524 523.5 2.00417 0.000869865 -15176.6 -15290.3 -15206.2
  525 524.5 2.00633 0.000870801 -15164.5 -15190.1 -15142.3
  526 525.5 2.01016 0.000872466 -15201.8 -15283.7 -15118.3
  527 526.5 2.00823 0.000871626 -15261.1 -15314.6 -15133.7
  528 527.5 1.99819 0.00086727 -15171.2 -15250.7 -15242.9
  529 528.5 1.9984 0.00086736 -15283.4 -15379.8 -15250.9
  530 529.5 2.00726 0.000871209 -15221.7 -15277.2 -15131.6
  531 530.5 2.00453 0.000870021 -15143.5 -15184 -15148.6
  532 531.5 1.99642 0.0008665 -15155.4 -15189.4 -15261.2
  533 532.5 1.99948 0.000867829 -15230.3 -15163.5 -15245.5
  534 533.5 1.999 0.00086762 -15189.1 -15241 -15192.6
  535 534.5 1.98209 0.000860283 -15248 -15276.9 -15343.3
  536 535.5 1.98747 0.000862619 -15301.5 -15283.3 -15307.3
  537 536.5 1.97894 0.000858916 -15238.1 -15293.9 -15376
  538 537.5 1.97716 0.000858143 -15209.5 -15302.7 -15367.9
  539 538.5 1.98563 0.000861819 -15193.7 -15219 -15289.3
  540 539.5 1.98616 0.00086205 -15256.5 -15143.3 -15347
  541 540.5 1.98276 0.000860573 -15234.9 -15261.1 -15312.5
  542 541.5 1.98203 0.000860254 -15205.4 -15268.4 -15325.5
  543 542.5 1.98695 0.000862391 -15266.2 -15240 -15305.4
  544 543.5 1.98937 0.000863441 -15365 -15317.3 -15323.8
  545 544.5 1.98893 0.000863253 -15297.1 -15123 -15247.4
  546 545.5 1.98753 0.000862642 -15354.7 -15207.2 -15329.7
  547 546.5 1.98753 0.000862642 -15271.2 -15225.6 -15301.9
  548 547.5 1.99133 0.00086429 -15309.6 -15200 -15274
  549 548.5 1.9892 0.000863367 -15308.6 -15180.9 -15305.9
  550 549.5 1.99124 0.000864255 -15261.9 -15343.7 -15279.9
  551 550.5 1.99652 0.000866543 -15370.2 -15340.3 -15201.6
  552 551.5 1.98997 0.000863701 -15316 -15307.8 -15303.8
  553 552.5 1.99413 0.000865507 -15213.6 -15328.2 -15275.9
  554 553.5 1.9965 0.000866536 -15200.3 -15269.1 -15227.3
  555 554.5 1.99726 0.000866867 -15229.1 -15237 -15193.8
  556 555.5 1.99118 0.000864228 -15275.9 -15252.2 -15250.7
  557 556.5 1.99052 0.000863941 -15325.4 -15243.9 -15298.6
  558 557.5 1.98151 0.00086003 -15337.2 -15210.9 -15346.4
  559 558.5 1.9834 0.000860852 -15346.5 -15194.8 -15349.5
  560 559.5 1.98744 0.000862602 -15265 -15149.2 -15281.7
  561 560.5 1.98709 0.000862452 -15300.6 -15242 -15341.4
  562 561.5 1.98611 0.000862028 -15235 -15175 -15292.7
  563 562.5 1.99012 0.000863767 -15332.1 -15213.5 -15270
  564 563.5 1.99562 0.000866156 -15197.1 -15221.3 -15229.4
  565 564.5 1.99124 0.000864251 -15260.2 -15144.4 -15309
  566 565.5 1.98795 0.000862826 -15168.5 -15137.2 -15291.6
  567 566.5 1.99364 0.000865294 -15288.2 -15159 -15254.6
  568 567.5 1.99678 0.000866658 -15275.1 -15101.6 -15235
  569 568.5 1.99885 0.000867557 -15285.4 -15248.7 -15204.1
  570 569.5 1.98866 0.000863132 -15320.9 -15233.7 -15311.3
  571 570.5 1.98822 0.000862945 -15134.6 -15228.3 -15288.8
  572 571.5 1.99075 0.000864043 -15246.4 -15167.3 -15270.6
  573 572.5 1.99182 0.000864507 -15209.6 -15218.4 -15269.8
  574 573.5 1.99085 0.000864085 -15155.5 -15282 -15262.4
  575 574.5 1.98527 0.000861663 -15171.7 -15280.1 -15339.1
  576 575.5 1.98913 0.000863339 -15162.5 -15145.5 -15278.8
  577 576.5 1.98738 0.000862578 -15227.8 -15278.6 -15314.2
  578 577.5 1.9906 0.000863974 -15242.7 -15280.2 -15307.2
  579 578.5 1.99133 0.000864293 -15207 -15175.3 -15229
  580 579.5 1.99155 0.00086439 -15171.3 -15310.4 -15250.3
  581 580.5 1.9945 0.000865671 -15316.9 -15327.5 -15231.6
  582 581.5 1.99107 0.000864178 -15244.8 -15387.3 -15290.8
  583 582.5 1.99148 0.000864359 -15232.1 -15228.5 -15292
  584 583.5 1.98623 0.000862077 -15256.7 -15190.9 -15281.2
  585 584.5 1.9913 0.000864279 -15269.2 -15202.5 -15260.9
  586 585.5 1.99907 0.00086765 -15203.9 -15132.7 -15171.7
  587 586.5 1.9973 0.000866885 -15222.6 -15185.3 -15197.5
  588 587.5 2.00366 0.000869643 -15188.6 -15127.1 -15121.7
  589 588.5 2.00489 0.000870177 -15098.1 -15018.2 -15097.7
  590 589.5 2.00466 0.000870077 -15268.4 -15073.3 -15118.4
  591 590.5 2.0129 0.000873655 -15080.6 -15002.8 -14934.4
  592 591.5 2.02059 0.000876994 -15142.3 -14877.4 -14866.7
  593 592.5 2.02617 0.000879414 -15025.1 -14947.2 -14807.2
  594 593.5 2.04009 0.000885455 -14989.3 -14926.7 -14615
  595 594.5 2.06498 0.000896258 -14934.7 -14807.8 -14306.9
  596 595.5 2.09209 0.000908023 -14717.8 -14765.8 -13979.4
  597 596.5 2.13488 0.000926598 -14566.4 -14476.9 -13525.8
  598 597.5 2.19431 0.000952393 -14260.6 -14272.3 -12921.4
  599 598.5 2.27387 0.000986922 -13973.4 -13888.3 -12194.3
  600 599.5 2.38997 0.00103731 -13459.5 -13453.2 -11249.3
  601 600.5 2.54638 0.0011052 -12882.8 -12904.3 -10020.1
  602 601.5 2.76744 0.00120114 -12024.2 -12014.4 -8484.64
  603 602.5 3.07086 0.00133284 -11008.6 -10999.1 -6950.68
  604 603.5 3.48824 0.00151399 -9748.98 -9757.44 -5159.07
  605 604.5 4.06635 0.00176491 -8280.12 -8288.44 -3383.72
  606 605.5 4.8357 0.00209883 -6577.59 -6623.55 -1687.89
  607 606.5 5.84079 0.00253506 -4864.53 -4920.68 -311.613
  608 607.5 7.12234 0.00309129 -3144.21 -3153.48 729.36
  609 608.5 8.71729 0.00378355 -1591.72 -1562.45 1538.09
  610 609.5 10.5739 0.00458935 -119.467 -85.9049 1813.66
  611 610.5 12.6827 0.00550463 1154.85 1124.69 1790.62
  612 611.5 14.9529 0.00648998 2212.78 2228.85 1597.08
  613 612.5 17.326 0.00751996 2954.89 2947.2 1104.3
  614 613.5 19.6367 0.00852286 3489.7 3511.5 502.084
  615 614.5 21.807 0.00946485 3851.72 3846.1 -77.213
  616 615.5 23.7662 0.0103152 3885.44 3910.71 -743.708
  617 616.5 25.4674 0.0110536 3775.2 3793.35 -1341.01
  618 617.5 26.8893 0.0116707 3464.18 3423.91 -1826.29
  619 618.5 28.0321 0.0121667 3012.9 2998.01 -2151.25
  620 619.5 28.9927 0.0125836 2589.09 2520.31 -2377.95
  621 620.5 29.6919 0.0128871 2089.69 2031.69 -2494.3
  622 621.5 30.2535 0.0131309 1544.27 1468.99 -2515.04
  623 622.5 30.6784 0.0133153 1076.9 1052.38 -2433.18
  624 623.5 31.0095 0.013459 630.086 641.056 -2323.86
140000000 624 13998.99999999999
  1 0.5 31.6645 0.0137433 -350.866 -309.206 -1725.52
  2 1.5 31.7668 0.0137877 -504.287 -481.963 -1575.45
  3 2.5 31.8079 0.0138055 -607.029 -510.965 -1458.36
  4 3.5 31.8829 0.0138381 -762.448 -691.585 -1388.94
  5 4.5 31.9012 0.013846 -749.741 -744.707 -1293.26
  6 5.5 31.9342 0.0138603 -747.652 -780.369 -1179.64
  7 6.5 31.9453 0.0138652 -799.187 -835.714 -1120.13
  8 7.5 31.993 0.0138858 -816.672 -847.378 -1124.16
  9 8.5 31.9891 0.0138842 -834.017 -860.795 -1028.39
  10 9.5 31.9674 0.0138747 -912.664 -917.43 -1049.59
  11 10.5 32.0172 0.0138964 -908.158 -893.207 -1020.35
  12 11.5 32.0255 0.0138999 -870.584 -931.038 -995.114
  13 12.5 32.0024 0.0138899 -945.223 -946.616 -988.183
  14 13.5 32.0191 0.0138972 -900.958 -896.267 -949.732
  15 14.5 32.04 0.0139062 -915.611 -893.568 -989.091
  16 15.5 32.0108 0.0138936 -880.365 -897.716 -935.948
  17 16.5 32.0306 0.0139022 -894.135 -868.078 -935.099
  18 17.5 32.0642 0.0139168 -962.788 -969.449 -959.214
  19 18.5 32.0222 0.0138985 -957.472 -936.525 -936.701
  20 19.5 32.033 0.0139032 -939.377 -952.368 -924.217
  21 20.5 32.0365 0.0139047 -938.717 -938.091 -975.953
  22 21.5 32.0395 0.013906 -880.453 -913.393 -946.327
  23 22.5 32.0145 0.0138952 -936.885 -940.722 -921.579
  24 23.5 32.0312 0.0139024 -925.221 -931.381 -955.088
  25 24.5 32.0568 0.0139135 -936.729 -958.348 -925.273
  26 25.5 32.0508 0.0139109 -988.098 -1023.81 -945.585
  27 26.5 32.022 0.0138984 -986.765 -921.479 -952.705
  28 27.5 32.0447 0.0139083 -927.206 -921.152 -955.759
  29 28.5 32.0703 0.0139194 -954.685 -908.446 -910.214
  30 29.5 32.0372 0.013905 -947.161 -929.739 -920.435
  31 30.5 32.0201 0.0138976 -976.654 -926.632 -966.389
  32 31.5 32.0523 0.0139116 -955.007 -882.081 -949.397
  33 32.5 32.0602 0.013915 -926.227 -933.041 -909.051
  34 33.5 32.0177 0.0138966 -950.894 -913.004 -922.397
  35 34.5 32.0213 0.0138981 -929.561 -946.017 -907.875
  36 35.5 32.0566 0.0139135 -935.692 -951.653 -966.922
  37 36.5 32.0246 0.0138996 -940.833 -963.98 -975.714
  38 37.5 32.0342 0.0139037 -929.179 -925.22 -879.922
  39 38.5 32.0492 0.0139102 -962.03 -959.635 -946.573
  40 39.5 32.0505 0.0139108 -1006.82 -928.382 -936.298
  41 40.5 32.0117 0.013894 -916.976 -865.965 -946.544
  42 41.5 32.0649 0.0139171 -939.897 -900.178 -948.791
  43 42.5 32.0687 0.0139187 -927.36 -920.46 -886.363
  44 43.5 32.0328 0.0139031 -961.652 -955.776 -967.928
  45 44.5 32.02 0.0138976 -894.695 -931.062 -961.139
  46 45.5 32.0683 0.0139185 -890.315 -949.025 -930.531
  47 46.5 32.0501 0.0139106 -912.342 -953.455 -907.242
  48 47.5 32.0441 0.013908 -908.331 -901.864 -947.635
  49 48.5 32.0535 0.0139121 -939.308 -894.787 -935.214
  50 49.5 32.0385 0.0139056 -955.314 -915.422 -962.104
  51 50.5 32.0566 0.0139135 -896.518 -904.679 -941.842
  52 51.5 32.0633 0.0139164 -918.25 -935.163 -949.441
  53 52.5 32.0321 0.0139028 -874.343 -889.13 -925.525
  54 53.5 32.051 0.013911 -884.141 -986.363 -957.194
  55 54.5 32.0627 0.0139161 -897.759 -949.078 -927.703
  56 55.5 32.0313 0.0139025 -934.535 -932.333 -915.066
  57 56.5 32.0458 0.0139088 -960.001 -954.221 -961.65
  58 57.5 32.0213 0.0138981 -961.922 -900.54 -941.347
  59 58.5 32.0554 0.0139129 -955.046 -986.274 -930.441
  60 59.5 32.0337 0.0139035 -927.21 -992.632 -935.066
  61 60.5 32.0395 0.0139061 -970.837 -988.805 -938.273
  62 61.5 32.0221 0.0138985 -953.695 -974.358 -977.341
  63 62.5 32.044 0.013908 -928.678 -868.234 -860.456
  64 63.5 32.0371 0.013905 -933.366 -943.62 -920.657
  65 64.5 32.0406 0.0139065 -974.975 -959.357 -970.338
  66 65.5 32.0166 0.0138961 -961.806 -934.211 -930.193
  67 66.5 32.038 0.0139054 -974.403 -897.883 -950.476
  68 67.5 32.0399 0.0139062 -919.063 -875.07 -952.016
  69 68.5 32.0308 0.0139023 -905.079 -955.379 -917.792
  70 69.5 32.0478 0.0139096 -921.38 -909.776 -908.273
  71 70.5 32.0515 0.0139112 -944.904 -935.269 -953.507
  72 71.5 32.0475 0.0139095 -945.899 -994.224 -935.599
  73 72.5 32.0228 0.0138988 -953.901 -971.958 -939.892
  74 73.5 32.0442 0.0139081 -980.924 -933.61 -945.451
  75 74.5 32.0414 0.0139069 -1035.35 -991.634 -911.526
  76 75.5 32.0356 0.0139043 -968.685 -1018.7 -939.92
  77 76.5 32.0338 0.0139035 -969.986 -938.948 -967.103
  78 77.5 32.0352 0.0139042 -965.417 -992.337 -932.533
  79 78.5 32.0453 0.0139085 -913.336 -957.855 -927.519
  80 79.5 32.0339 0.0139036 -932.758 -928.119 -936.033
  81 80.5 32.0382 0.0139054 -914.305 -940.818 -926.644
  82 81.5 32.0341 0.0139037 -879.406 -902.321 -955.725
  83 82.5 32.0363 0.0139046 -944.903 -947.757 -936.205
  84 83.5 32.0313 0.0139025 -949.473 -961.746 -903.411
  85 84.5 32.0462 0.013909 -918.236 -963.414 -966.47
  86 85.5 32.0344 0.0139038 -981.967 -939.255 -932.582
  87 86.5 32.0259 0.0139001 -894.956 -921.888 -916.982
  88 87.5 32.0355 0.0139043 -925.453 -903.65 -941.861
  89 88.5 32.0266 0.0139004 -981.029 -958.075 -960.781
  90 89.5 32.0299 0.0139019 -912.513 -942.671 -948.252
  91 90.5 32.032 0.0139028 -955.117 -954.83 -926.718
  92 91.5 32.0336 0.0139035 -933.223 -949.877 -905.788
  93 92.5 32.0217 0.0138983 -957.215 -991.05 -963.267
  94 93.5 32.0325 0.013903 -918.293 -923.849 -937.503
  95 94.5 32.0311 0.0139024 -960.115 -1000.66 -940.314
  96 95.5 32.0436 0.0139078 -996.222 -917.954 -942.619
  97 96.5 32.0236 0.0138991 -862.886 -864.499 -919.877
  98 97.5 32.0216 0.0138983 -874.074 -887.614 -939.439
  99 98.5 32.0346 0.0139039 -824.743 -829.015 -938.828
  100 99.5 32.0284 0.0139012 -908.367 -919.299 -980.061
  101 100.5 32.0266 0.0139004 -881.102 -854.844 -898.892
  102 101.5 32.0325 0.013903 -906.589 -862.49 -949.108
  103 102.5 32.0308 0.0139022 -885.81 -844.686 -908.415
  104 103.5 32.0132 0.0138946 -914.502 -935.822 -976.167
  105 104.5 32.0231 0.0138989 -913.804 -941.646 -901.611
  106 105.5 32.025 0.0138997 -943.611 -960.276 -942.317
  107 106.5 32.0245 0.0138995 -939.231 -937.484 -971.583
  108 107.5 32.0171 0.0138963 -928.022 -896.122 -887.941
  109 108.5 32.0079 0.0138923 -969.067 -966.038 -947.499
  110 109.5 32.036 0.0139045 -970.888 -956.769 -949.171
  111 110.5 32.0275 0.0139008 -994.915 -990.422 -943.202
  112 111.5 31.9988 0.0138883 -976.626 -967.4 -927.272
  113 112.5 32.012 0.0138941 -988.353 -1008.29 -939.471
  114 113.5 32.0378 0.0139053 -938.524 -953.802 -881.35
  115 114.5 32.0184 0.0138969 -1002.89 -990.62 -967.497
  116 115.5 31.9976 0.0138879 -986.347 -1004.56 -979.298
  117 116.5 32.0286 0.0139013 -944.886 -976.386 -908.377
  118 117.5 32.0208 0.0138979 -910.639 -921.085 -936.996
  119 118.5 32.0257 0.0139 -940.29 -914.784 -900.043
  120 119.5 32.0074 0.0138921 -964.622 -918.85 -955.669
  121 120.5 32.0155 0.0138956 -943.778 -920.799 -973.479
  122 121.5 32.0112 0.0138937 -930.311 -885.542 -878.474
  123 122.5 32.0307 0.0139022 -958.859 -896.847 -933.887
  124 123.5 32.0136 0.0138948 -931.763 -971.592 -970.858
  125 124.5 32.0171 0.0138963 -835.917 -924.302 -884.247
  126 125.5 32.0149 0.0138953 -924.969 -947.916 -949.207
  127 126.5 32.0196 0.0138974 -971.497 -985.051 -988.889
  128 127.5 31.9934 0.013886 -991.913 -911.201 -950.224
  129 128.5 32.0336 0.0139035 -976.527 -989.328 -891.907
  130 129.5 32.0382 0.0139055 -984.228 -986.579 -934.31
  131 130.5 32.0384 0.0139055 -969.345 -963.921 -942.322
  132 131.5 31.9834 0.0138817 -935.874 -929.148 -939.966
  133 132.5 32.0523 0.0139116 -1023.41 -927.293 -946.768
  134 133.5 32.0407 0.0139066 -957.727 -873.565 -921.995
  135 134.5 32.0102 0.0138933 -911.433 -882.895 -954.945
  136 135.5 32.0191 0.0138972 -894.842 -923.25 -935.959
  137 136.5 32.0275 0.0139008 -882.068 -873.558 -940.095
  138 137.5 32.0366 0.0139048 -895.488 -972.944 -932.018
  139 138.5 32.0243 0.0138994 -942.224 -927.235 -948.44
  140 139.5 32.023 0.0138989 -967.341 -1001.08 -954.283
  141 140.5 32.0446 0.0139083 -979.988 -928.418 -910.355
  142 141.5 32.0278 0.013901 -946.598 -930.168 -949.932
  143 142.5 32.0156 0.0138957 -944.845 -894.145 -932.801
  144 143.5 32.0259 0.0139002 -941.64 -887.48 -952.941
  145 144.5 32.0309 0.0139023 -940.879 -931.169 -925.664
  146 145.5 32.0134 0.0138947 -901.69 -937.677 -925.64
  147 146.5 32.0176 0.0138965 -923.583 -951.945 -935.285
  148 147.5 32.0178 0.0138966 -925.527 -934.476 -930.562
  149 148.5 32.01 0.0138932 -960.557 -968.941 -967.056
  150 149.5 32.0179 0.0138966 -936.91 -931.603 -964.194
  151 150.5 32.0189 0.0138971 -950.856 -923.048 -888.588
  152 151.5 32.0177 0.0138966 -963.126 -930.668 -942.727
  153 152.5 32.0184 0.0138969 -974.43 -935.245 -932.578
  154 153.5 32.0068 0.0138918 -960.678 -908.135 -945.62
  155 154.5 32.0102 0.0138933 -921.38 -927.934 -910.719
  156 155.5 32.014 0.013895 -909.399 -889.532 -955.767
  157 156.5 31.9995 0.0138887 -911.223 -943.175 -955.097
  158 157.5 32.0099 0.0138932 -895.512 -893.14 -923.746
  159 158.5 31.9993 0.0138886 -911.662 -939.646 -912.612
  160 159.5 32.0254 0.0138999 -906.119 -965.183 -948.416
  161 160.5 32.0087 0.0138927 -904.131 -963.195 -944.96
  162 161.5 31.9995 0.0138887 -929.97 -951.065 -938.01
  163 162.5 32.0069 0.0138919 -899.016 -960.144 -937.776
  164 163.5 32.0483 0.0139099 -923.507 -956.603 -904.049
  165 164.5 32.0022 0.0138899 -1008.36 -999.842 -974.516
  166 165.5 31.9984 0.0138882 -953.42 -1003.41 -925.775
  167 166.5 32.0162 0.0138959 -910.492 -933.698 -935.34
  168 167.5 32.0213 0.0138981 -882.058 -884.001 -952.449
  169 168.5 31.9772 0.013879 -923.382 -896.05 -991.211
  170 169.5 31.9922 0.0138855 -909.566 -944.306 -930.439
  171 170.5 32.0329 0.0139032 -926.648 -994.616 -948.991
  172 171.5 31.9892 0.0138842 -895.729 -926.051 -960.384
  173 172.5 31.9727 0.013877 -879.326 -918.434 -986.922
  174 173.5 32.0042 0.0138907 -947.897 -887.211 -969.066
  175 174.5 31.9921 0.0138855 -857.529 -870.688 -1001.09
  176 175.5 31.9643 0.0138734 -921.405 -923.967 -1071.44
  177 176.5 31.9666 0.0138744 -886.05 -879.693 -1047.73
  178 177.5 31.9682 0.0138751 -831.42 -860.581 -1050.56
  179 178.5 31.9282 0.0138577 -823.248 -867.402 -1114.54
  180 179.5 31.9301 0.0138585 -809.529 -834.908 -1182.47
  181 180.5 31.8913 0.0138417 -694.008 -713.707 -1181.66
  182 181.5 31.8577 0.0138271 -607.906 -684.91 -1264.93
  183 182.5 31.8302 0.0138152 -612.58 -591.532 -1322.35
  184 183.5 31.7769 0.013792 -500.207 -462.734 -1385.48
  185 184.5 31.6633 0.0137427 -341.877 -384.05 -1528.41
  186 185.5 31.5843 0.0137085 -228.979 -195.715 -1504.71
  187 186.5 31.4642 0.0136564 -106.056 -56.6306 -1574.04
  188 187.5 31.3102 0.0135895 79.4078 130.671 -1589.2
  189 188.5 31.0595 0.0134807 334.964 357.959 -1591.81
  190 189.5 30.8164 0.0133752 547.393 540.221 -1450.01
  191 190.5 30.5176 0.0132455 710.402 768.665 -1308.79
  192 191.5 30.1321 0.0130782 878.658 840.801 -1089.45
  193 192.5 29.7165 0.0128978 976.122 972.931 -675.369
  194 193.5 29.2929 0.0127139 935.657 922.172 -251.85
  195 194.5 28.8604 0.0125262 811.819 821.958 112.593
  196 195.5 28.4894 0.0123652 647.436 653.027 558.68
  197 196.5 28.2412 0.0122574 497.426 480.004 830.404
  198 197.5 28.1222 0.0122058 427.771 429.491 991.309
  199 198.5 28.1899 0.0122352 518.323 490.636 982.136
  200 199.5 28.4266 0.0123379 670.826 671.247 769.198
  201 200.5 28.7881 0.0124948 902.009 902.489 426.961
  202 201.5 29.2304 0.0126868 1054.9 1083.3 -17.1712
  203 202.5 29.7715 0.0129216 1151.88 1208.06 -406.28
  204 203.5 30.2227 0.0131175 1192.44 1180.71 -870.117
  205 204.5 30.6377 0.0132976 1105.34 1107.67 -1171.7
  206 205.5 31.0226 0.0134647 888.398 884.072 -1502.62
  207 206.5 31.342 0.0136033 672.76 738.054 -1569.59
  208 207.5 31.6005 0.0137155 452.888 455.392 -1634.3
  209 208.5 31.7943 0.0137996 214.911 170.319 -1716.52
  210 209.5 31.9527 0.0138683 -12.0741 -6.88547 -1599.75
  211 210.5 32.0766 0.0139221 -158.878 -167.959 -1549.13
  212 211.5 32.1624 0.0139594 -347.535 -376.627 -1484.73
  213 212.5 32.2582 0.0140009 -440.435 -455.5 -1405.92
  214 213.5 32.2944 0.0140166 -570.106 -564.174 -1304.86
  215 214.5 32.331 0.0140326 -650.715 -626.296 -1292.32
  216 215.5 32.3687 0.0140489 -717.786 -728.068 -1232.3
  217 216.5 32.3964 0.0140609 -759.893 -808.663 -1125.67
  218 217.5 32.4354 0.0140779 -801.93 -871.398 -1063.43
  219 218.5 32.4284 0.0140748 -914.934 -859.575 -1076.99
  220 219.5 32.4279 0.0140746 -827.854 -893.248 -1048.82
  221 220.5 32.4544 0.0140861 -918.608 -888.729 -1005.55
  222 221.5 32.4679 0.014092 -924.182 -907.902 -1004.71
  223 222.5 32.4591 0.0140881 -880.38 -884.3 -923.397
  224 223.5 32.4458 0.0140824 -895.404 -909.371 -985.545
  225 224.5 32.4739 0.0140946 -914.783 -941.829 -981.243
  226 225.5 32.461 0.014089 -918.061 -910.814 -935.311
  227 226.5 32.4594 0.0140883 -893.1 -929.739 -932.619
  228 227.5 32.485 0.0140994 -866.624 -868.324 -923.475
  229 228.5 32.4556 0.0140866 -940.047 -912.601 -963.748
  230 229.5 32.4774 0.0140961 -922.469 -864.423 -877.148
  231 230.5 32.4756 0.0140953 -977.467 -887.278 -970.223
  232 231.5 32.4663 0.0140913 -896.688 -885.581 -916.383
  233 232.5 32.4928 0.0141028 -909.263 -874.965 -935.868
  234 233.5 32.4437 0.0140815 -943.049 -927.242 -945.234
  235 234.5 32.4639 0.0140902 -905.691 -929.532 -900.892
  236 235.5 32.4809 0.0140976 -899.538 -878.997 -895.085
  237 236.5 32.4537 0.0140858 -872.712 -883.644 -956.164
  238 237.5 32.4529 0.0140855 -902.851 -904.939 -940.404
  239 238.5 32.4682 0.0140921 -934.146 -919.694 -916.35
  240 239.5 32.4807 0.0140975 -887.618 -932.5 -925.088
  241 240.5 32.4539 0.0140859 -879.362 -924.126 -858.624
  242 241.5 32.4462 0.0140825 -938.221 -934.987 -989.573
  243 242.5 32.4804 0.0140974 -925.721 -907.317 -924.602
  244 243.5 32.4575 0.0140875 -878.645 -885.002 -868.452
  245 244.5 32.457 0.0140872 -914.552 -923.689 -922.192
  246 245.5 32.4557 0.0140867 -863.908 -932.985 -960.928
  247 246.5 32.4733 0.0140943 -907.716 -907.074 -923.686
  248 247.5 32.4655 0.0140909 -916.32 -934.412 -927.911
  249 248.5 32.4612 0.0140891 -900.252 -875.633 -877.1
  250 249.5 32.4667 0.0140915 -901.11 -939.599 -946.739
  251 250.5 32.4669 0.0140915 -882.214 -900.323 -919.552
  252 251.5 32.4755 0.0140953 -952.944 -939.714 -966.92
  253 252.5 32.4742 0.0140947 -944.266 -936.47 -899.255
  254 253.5 32.4443 0.0140817 -902.351 -850.126 -910.293
  255 254.5 32.4755 0.0140953 -926.557 -861.165 -921.295
  256 255.5 32.4704 0.014093 -869.441 -803.569 -921.133
  257 256.5 32.451 0.0140846 -900.364 -878.454 -923.544
  258 257.5 32.4433 0.0140813 -904.235 -935.91 -938.415
  259 258.5 32.4872 0.0141003 -960.494 -989.086 -915.713
  260 259.5 32.4715 0.0140935 -960.98 -947.221 -889.306
  261 260.5 32.4508 0.0140846 -949.603 -929.707 -940.721
  262 261.5 32.4576 0.0140875 -949.125 -953.654 -942.457
  263 262.5 32.4774 0.0140961 -894.464 -870.572 -912.38
  264 263.5 32.4594 0.0140883 -957.138 -929.59 -921.43
  265 264.5 32.4804 0.0140974 -947.355 -988.872 -900.082
  266 265.5 32.4669 0.0140916 -897.334 -918.774 -976.644
  267 266.5 32.4627 0.0140897 -915.481 -912.123 -890.869
  268 267.5 32.4784 0.0140965 -940.809 -896.209 -911.308
  269 268.5 32.505 0.0141081 -908.157 -947.085 -916.145
  270 269.5 32.4629 0.0140898 -942.689 -951.769 -955.962
  271 270.5 32.469 0.0140924 -941.382 -944.454 -907.922
  272 271.5 32.4842 0.014099 -964.517 -971.697 -922.114
  273 272.5 32.4789 0.0140967 -973.464 -963.251 -950.03
  274 273.5 32.4902 0.0141016 -940.157 -942.795 -912.364
  275 274.5 32.4598 0.0140884 -919.853 -904.352 -942.595
  276 275.5 32.4823 0.0140982 -901.963 -894.656 -900.494
  277 276.5 32.4869 0.0141002 -894.504 -974.734 -903.305
  278 277.5 32.4759 0.0140954 -888.822 -964.69 -951.777
  279 278.5 32.4754 0.0140952 -1010.88 -942.107 -937.281
  280 279.5 32.4759 0.0140955 -935.527 -961.046 -891.081
  281 280.5 32.4898 0.0141015 -983.686 -1004.67 -910.143
  282 281.5 32.4808 0.0140976 -996.728 -947.518 -938.871
  283 282.5 32.4748 0.0140949 -932.941 -915.505 -931.834
  284 283.5 32.4786 0.0140966 -873.608 -866.2 -951.785
  285 284.5 32.468 0.014092 -936.881 -932.133 -910.673
  286 285.5 32.4983 0.0141051 -897.161 -861.388 -877.907
  287 286.5 32.4912 0.0141021 -873.133 -887.569 -938.179
  288 287.5 32.4588 0.014088 -878.459 -899.54 -922.216
  289 288.5 32.4658 0.014091 -921.818 -923.401 -927.403
  290 289.5 32.5249 0.0141167 -900.128 -836.024 -937.132
  291 290.5 32.4665 0.0140914 -937.25 -895.508 -889.4
  292 291.5 32.4767 0.0140958 -947.255 -937.761 -912.02
  293 292.5 32.4849 0.0140994 -865.74 -963.917 -949.159
  294 293.5 32.5184 0.0141139 -959.1 -951.546 -949.532
  295 294.5 32.4557 0.0140867 -921.497 -902.801 -893.258
  296 295.5 32.4854 0.0140995 -989.344 -945.79 -925.796
  297 296.5 32.5144 0.0141121 -915.803 -949.333 -905.777
  298 297.5 32.4996 0.0141057 -927.85 -944.321 -954.064
  299 298.5 32.4576 0.0140875 -917.21 -930.618 -953.819
  300 299.5 32.4884 0.0141009 -935.953 -920.668 -899.529
  301 300.5 32.5209 0.014115 -933.287 -898.418 -932.351
  302 301.5 32.4703 0.014093 -892.479 -862.013 -921.718
  303 302.5 32.489 0.0141011 -883.31 -881.095 -915.939
  304 303.5 32.5054 0.0141082 -902.503 -898.881 -952.443
  305 304.5 32.5089 0.0141098 -934.085 -863.974 -875.081
  306 305.5 32.4804 0.0140974 -934.509 -907.175 -916.812
  307 306.5 32.4944 0.0141035 -975.973 -882.146 -960.475
  308 307.5 32.4934 0.014103 -934.918 -925.492 -960.098
  309 308.5 32.4922 0.0141025 -952.601 -898.826 -858.839
  310 309.5 32.4884 0.0141009 -943.097 -879.404 -921.105
  311 310.5 32.4983 0.0141052 -956.032 -953.371 -950.449
  312 311.5 32.4794 0.014097 -959.138 -899.578 -944.071
  313 312.5 32.485 0.0140994 -959.573 -895.547 -885.772
  314 313.5 32.5001 0.0141059 -887.275 -943.504 -946.622
  315 314.5 32.4918 0.0141023 -860.2 -878.73 -914.166
  316 315.5 32.4871 0.0141003 -895.812 -879.807 -918.542
  317 316.5 32.4767 0.0140958 -871.121 -848.357 -952.543
  318 317.5 32.4996 0.0141057 -878.808 -908.427 -889.274
  319 318.5 32.4834 0.0140987 -865.757 -921.742 -935.808
  320 319.5 32.4568 0.0140871 -973.037 -963.799 -933.262
  321 320.5 32.5077 0.0141092 -920.811 -969.452 -916.652
  322 321.5 32.4932 0.014103 -923.621 -956.546 -931.621
  323 322.5 32.4809 0.0140976 -908.9 -969.557 -942.809
  324 323.5 32.4523 0.0140852 -939.859 -957.632 -888.985
  325 324.5 32.5104 0.0141104 -942.173 -946.687 -931.924
  326 325.5 32.4852 0.0140995 -924.949 -898.367 -928.46
  327 326.5 32.4584 0.0140879 -883.44 -885.573 -903.253
  328 327.5 32.4739 0.0140946 -921.772 -899.385 -942.931
  329 328.5 32.5116 0.014111 -889.294 -940.219 -901.255
  330 329.5 32.4722 0.0140938 -943.864 -918.676 -904.175
  331 330.5 32.49 0.0141016 -931.311 -952.624 -957.432
  332 331.5 32.4836 0.0140988 -911.747 -932.51 -953.403
  333 332.5 32.4874 0.0141004 -950.833 -923.474 -899.35
  334 333.5 32.4896 0.0141014 -926.83 -938.292 -887.597
  335 334.5 32.5105 0.0141105 -997.508 -936.532 -940.732
  336 335.5 32.4617 0.0140893 -913.83 -967.212 -962.529
  337 336.5 32.4919 0.0141024 -937.901 -916.334 -888.75
  338 337.5 32.479 0.0140968 -895.012 -907.483 -912.912
  339 338.5 32.4917 0.0141023 -937.178 -939.993 -944.028
  340 339.5 32.461 0.014089 -907.987 -881.676 -921.485
  341 340.5 32.4834 0.0140987 -858.273 -885.272 -932.821
  342 341.5 32.4846 0.0140992 -909.148 -867.542 -929.624
  343 342.5 32.4626 0.0140897 -933.325 -931.467 -913.449
  344 343.5 32.4767 0.0140958 -887.141 -905.886 -908.435
  345 344.5 32.4808 0.0140976 -975.464 -955.888 -963.557
  346 345.5 32.4628 0.0140897 -909.617 -920.526 -901.498
  347 346.5 32.4564 0.014087 -962.86 -918.777 -923.991
  348 347.5 32.4861 0.0140998 -916.96 -882.223 -898.868
  349 348.5 32.4418 0.0140806 -945.077 -891.979 -939.717
  350 349.5 32.4488 0.0140837 -936.05 -889.376 -921.221
  351 350.5 32.4676 0.0140918 -946.167 -931.17 -979.811
  352 351.5 32.4671 0.0140916 -911.621 -881.48 -874.43
  353 352.5 32.4605 0.0140888 -934.05 -961.431 -912.501
  354 353.5 32.4635 0.0140901 -922.106 -920.796 -942.382
  355 354.5 32.4414 0.0140805 -932.214 -972.052 -925.299
  356 355.5 32.4675 0.0140918 -924.731 -909.849 -927.995
  357 356.5 32.4566 0.0140871 -939.107 -989.297 -919.768
  358 357.5 32.4519 0.014085 -908.575 -971.22 -922.583
  359 358.5 32.4487 0.0140836 -913.832 -963.426 -920.893
  360 359.5 32.458 0.0140877 -933.179 -956.079 -941.634
  361 360.5 32.4523 0.0140852 -978.265 -910.235 -925.905
  362 361.5 32.4431 0.0140812 -988.441 -907.979 -924.807
  363 362.5 32.4479 0.0140833 -932.132 -917.729 -892.709
  364 363.5 32.4345 0.0140775 -923.956 -892.455 -924.173
  365 364.5 32.4456 0.0140823 -952.289 -986.788 -917.309
  366 365.5 32.4337 0.0140771 -878.084 -916.681 -929.201
  367 366.5 32.4314 0.0140761 -918.692 -946.63 -953.56
  368 367.5 32.4272 0.0140743 -942.154 -926.382 -942.041
  369 368.5 32.4486 0.0140836 -926.203 -905.661 -861.182
  370 369.5 32.4478 0.0140832 -1003.21 -952.353 -912.648
  371 370.5 32.4154 0.0140692 -967.903 -934.544 -990.135
  372 371.5 32.4222 0.0140722 -950.386 -887.041 -927.295
  373 372.5 32.4501 0.0140843 -924.768 -915.498 -878.962
  374 373.5 32.4659 0.0140911 -942.877 -918.385 -893.11
  375 374.5 32.4051 0.0140647 -941.146 -932.195 -977.683
  376 375.5 32.4306 0.0140758 -909.869 -934.186 -971.075
  377 376.5 32.4539 0.0140859 -933.54 -913.582 -886.096
  378 377.5 32.4562 0.0140869 -922.508 -945.467 -921.902
  379 378.5 32.4155 0.0140692 -955.805 -983.237 -968.804
  380 379.5 32.4297 0.0140754 -926.06 -1002.29 -937.306
  381 380.5 32.4444 0.0140818 -923.277 -959.457 -920.448
  382 381.5 32.4459 0.0140824 -890.019 -855.647 -968.573
  383 382.5 32.4152 0.0140691 -877.295 -822.854 -996.839
  384 383.5 32.4135 0.0140684 -905.98 -838.59 -947.414
  385 384.5 32.4229 0.0140724 -926.801 -850.201 -988.805
  386 385.5 32.4419 0.0140807 -843.344 -824.254 -1035.1
  387 386.5 32.4023 0.0140635 -872.478 -831.507 -1017.29
  388 387.5 32.3853 0.0140561 -818.192 -854.038 -1109.43
  389 388.5 32.4119 0.0140677 -840.178 -832.651 -1174.98
  390 389.5 32.3753 0.0140518 -750.654 -799.045 -1166.66
  391 390.5 32.3003 0.0140192 -742.053 -712.064 -1252.98
  392 391.5 32.3354 0.0140345 -593.237 -610.444 -1381.94
  393 392.5 32.2562 0.0140001 -528.048 -496.218 -1466.18
  394 393.5 32.1776 0.013966 -400.525 -365.665 -1555.13
  395 394.5 32.1116 0.0139373 -236.473 -242.491 -1758.7
  396 395.5 32.0176 0.0138965 -4.61445 -49.4141 -1896.73
  397 396.5 31.8526 0.0138249 193.21 180.89 -2032.62
  398 397.5 31.6559 0.0137395 494.618 497.405 -2257.51
  399 398.5 31.4531 0.0136515 841.366 841.184 -2372.28
  400 399.5 31.0795 0.0134894 1259.14 1265.3 -2530.33
  401 400.5 30.6301 0.0132943 1770.8 1802.66 -2574.26
  402 401.5 30.0731 0.0130526 2312.06 2358.98 -2543.57
  403 402.5 29.3236 0.0127273 2880.44 2890.63 -2418.85
  404 403.5 28.3093 0.012287 3415 3481.63 -2094.77
  405 404.5 27.1026 0.0117633 3855.39 3936.07 -1672.69
  406 405.5 25.5851 0.0111046 4128.13 4189.29 -1164.07
  407 406.5 23.7846 0.0103232 4317.74 4269.5 -518.451
  408 407.5 21.7371 0.00943449 4202.08 4177.25 217.909
  409 408.5 19.4527 0.00844302 3855.14 3808.52 878.587
  410 409.5 17.0496 0.00739998 3263.28 3222.42 1440.19
  411 410.5 14.6451 0.00635637 2349.4 2363.59 1813.92
  412 411.5 12.3381 0.00535509 1228.02 1206.6 2005.96
  413 412.5 10.2586 0.00445253 -188.102 -130.893 1984.16
  414 413.5 8.42173 0.00365526 -1656.66 -1602.9 1596.49
  415 414.5 6.88091 0.00298651 -3339.84 -3296.52 788.371
  416 415.5 5.62425 0.00244108 -5071.54 -5025.57 -386.809
  417 416.5 4.65594 0.00202081 -6796.56 -6819.15 -1866.94
  418 417.5 3.92315 0.00170275 -8526.02 -8464.81 -3566.19
  419 418.5 3.36943 0.00146242 -9923.46 -9913.54 -5414.75
  420 419.5 2.96522 0.00128699 -11236.8 -11174.1 -7258.47
  421 420.5 2.68288 0.00116444 -12238.7 -12200.4 -8877.55
  422 421.5 2.47616 0.00107472 -13111.2 -12997.1 -10333
  423 422.5 2.32729 0.00101011 -13668.2 -13656.3 -11518.2
  424 423.5 2.22443 0.000965466 -14062.5 -14018.9 -12446.2
  425 424.5 2.15165 0.000933877 -14389 -14391.5 -13177.4
  426 425.5 2.09287 0.000908365 -14684.1 -14689.3 -13818.7
  427 426.5 2.05976 0.000893993 -14893.9 -14903 -14184.2
  428 427.5 2.04149 0.000886063 -14997.1 -14958.5 -14468.1
  429 428.5 2.02563 0.000879179 -15047.1 -15079.3 -14612.3
  430 429.5 2.00597 0.000870648 -15125.6 -15109.3 -14877.9
  431 430.5 1.99877 0.000867523 -14998.2 -15137 -14991.7
  432 431.5 1.98541 0.000861722 -15122 -15254.5 -15147
  433 432.5 1.97752 0.000858299 -15212.8 -15214.2 -15215.6
  434 433.5 1.98057 0.000859624 -15211.9 -15243.4 -15212.8
  435 434.5 1.9866 0.000862241 -15195.9 -15266 -15175.7
  436 435.5 1.98847 0.000863049 -15178.1 -15257.1 -15219.2
  437 436.5 1.97436 0.000856925 -15260.7 -15187.8 -15299.4
  438 437.5 1.96934 0.00085475 -15356 -15268.6 -15381.3
  439 438.5 1.98013 0.000859431 -15180.9 -15306.6 -15246
  440 439.5 1.97271 0.000856213 -15152.7 -15252.5 -15338.1
  441 440.5 1.97069 0.000855333 -15279.6 -15143.2 -15407.3
  442 441.5 1.97643 0.000857825 -15292.4 -15195.4 -15295.8
  443 442.5 1.97146 0.000855669 -15270.7 -15193.3 -15360.5
  444 443.5 1.97934 0.000859089 -15243.7 -15277.9 -15298.3
  445 444.5 1.98299 0.000860674 -15213.2 -15213.1 -15253.9
  446 445.5 1.98902 0.00086329 -15267.7 -15253.6 -15197.1
  447 446.5 1.98189 0.000860195 -15311.3 -15386.8 -15290
  448 447.5 1.97492 0.000857171 -15248.5 -15325.6 -15365.2
  449 448.5 1.97789 0.00085846 -15250 -15290.2 -15276.6
  450 449.5 1.98334 0.000860822 -15264.7 -15281.8 -15306.8
  451 450.5 1.98218 0.00086032 -15168.9 -15322 -15246
  452 451.5 1.98385 0.000861048 -15261.5 -15275.6 -15250.5
  453 452.5 1.99244 0.000864773 -15237 -15187.8 -15221.6
  454 453.5 1.98965 0.000863564 -15296.6 -15359.4 -15207.4
  455 454.5 1.98413 0.00086117 -15202.3 -15245.4 -15265.1
  456 455.5 1.98825 0.000862957 -15247.9 -15226.1 -15208.2
  457 456.5 1.98938 0.000863444 -15283.8 -15262 -15249.5
  458 457.5 1.99014 0.000863776 -15201.3 -15235.2 -15209.2
  459 458.5 1.98691 0.000862376 -15078.5 -15209.5 -15200.8
  460 459.5 1.98608 0.000862013 -15190.6 -15165.4 -15277.6
  461 460.5 1.98571 0.000861855 -15104.8 -15091.8 -15259.2
  462 461.5 1.99077 0.00086405 -15260.4 -15212 -15219.4
  463 462.5 1.99505 0.000865908 -15324.3 -15118.1 -15170.7
  464 463.5 1.99261 0.000864847 -15295.1 -15244.3 -15195.7
  465 464.5 1.99057 0.000863961 -15242 -15222.5 -15203.8
  466 465.5 1.98971 0.000863591 -15226.8 -15285.3 -15202
  467 466.5 1.99617 0.000866395 -15237.5 -15273.9 -15181.7
  468 467.5 1.99252 0.00086481 -15287.8 -15229.5 -15208.2
  469 468.5 1.99222 0.000864681 -15355.3 -15284 -15194.5
  470 469.5 1.98725 0.000862523 -15313.6 -15247.9 -15258.7
  471 470.5 1.9894 0.000863457 -15397.8 -15251.5 -15264.4
  472 471.5 1.99138 0.000864314 -15307.6 -15271.5 -15124.6
  473 472.5 1.98424 0.000861216 -15249.2 -15305.7 -15280.3
  474 473.5 1.97856 0.000858749 -15252.6 -15390.8 -15333.8
  475 474.5 1.98399 0.000861106 -15353.7 -15404.7 -15240
  476 475.5 1.99175 0.000864474 -15284.9 -15372.7 -15180
  477 476.5 1.98297 0.000860664 -15361.9 -15453.3 -15256.8
  478 477.5 1.98192 0.000860208 -15337.1 -15409.5 -15284.5
  479 478.5 1.97744 0.000858263 -15287.5 -15444.5 -15321.7
  480 479.5 1.98021 0.000859468 -15159.3 -15436.4 -15305.1
  481 480.5 1.98548 0.000861753 -15237.3 -15407.7 -15229.5
  482 481.5 1.98444 0.000861301 -15239.4 -15334.1 -15242.1
  483 482.5 1.98766 0.000862701 -15265.1 -15317.2 -15237.5
  484 483.5 1.98733 0.000862557 -15185.5 -15338.1 -15261
  485 484.5 1.98604 0.000861996 -15189.1 -15333.1 -15220.5
  486 485.5 1.97846 0.000858706 -15177.3 -15418.8 -15329.6
  487 486.5 1.98262 0.00086051 -15230.6 -15333.1 -15279.8
  488 487.5 1.98025 0.000859481 -15271.9 -15288 -15325.7
  489 488.5 1.97369 0.000856637 -15237.5 -15212.8 -15317.4
  490 489.5 1.97198 0.000855894 -15252.3 -15227.4 -15311
  491 490.5 1.97714 0.000858132 -15185.2 -15261.8 -15296.3
  492 491.5 1.98169 0.00086011 -15312.3 -15339.6 -15301.5
  493 492.5 1.9806 0.000859636 -15313.9 -15386.2 -15282.2
  494 493.5 1.98334 0.000860823 -15365.4 -15286.6 -15264.2
  495 494.5 1.9879 0.000862804 -15388.6 -15278.2 -15237.3
  496 495.5 1.98764 0.000862691 -15336.8 -15354.3 -15239.4
  497 496.5 1.98661 0.000862243 -15335.1 -15361.3 -15237.2
  498 497.5 1.99085 0.000864082 -15379.9 -15420.7 -15236.3
  499 498.5 1.99148 0.000864357 -15216.5 -15333.4 -15190.8
  500 499.5 1.99716 0.000866821 -15325.2 -15276.4 -15135.7
  501 500.5 1.99633 0.000866464 -15335.5 -15293.7 -15171.7
  502 501.5 1.98919 0.000863362 -15305.5 -15272.5 -15206.7
  503 502.5 1.98771 0.000862724 -15276.5 -15217.6 -15260.8
  504 503.5 1.99155 0.000864388 -15335.3 -15255.5 -15225.7
  505 504.5 1.99211 0.000864632 -15241.9 -15234.1 -15180.1
  506 505.5 1.98827 0.000862964 -15182.5 -15209.9 -15213.7
  507 506.5 1.98741 0.000862592 -15236.4 -15317.6 -15261.5
  508 507.5 1.98686 0.000862353 -15201.2 -15237.4 -15233.3
  509 508.5 1.98449 0.000861325 -15202.1 -15189.7 -15254.1
  510 509.5 1.98321 0.00086077 -15200.5 -15105.8 -15246
  511 510.5 1.98128 0.00085993 -15302.2 -15196.5 -15294.8
  512 511.5 1.9812 0.000859894 -15303.9 -15172.3 -15315.5
  513 512.5 1.98982 0.000863637 -15269.6 -15185.2 -15188.4
  514 513.5 1.99276 0.000864915 -15247.1 -15152.2 -15171.9
  515 514.5 1.9894 0.000863454 -15169.2 -15062.3 -15263.6
  516 515.5 1.98816 0.000862917 -15216.8 -15094.3 -15245.2
  517 516.5 1.9898 0.000863627 -15210.9 -15030 -15166.7
  518 517.5 1.99344 0.000865207 -15361.7 -15107 -15219.4
  519 518.5 1.99012 0.000863769 -15201.6 -15042.8 -15216.8
  520 519.5 1.98409 0.000861149 -15307 -15215.1 -15271.9
  521 520.5 1.9847 0.000861417 -15258.4 -15100.8 -15237.7
  522 521.5 1.98414 0.000861171 -15180.8 -15138.4 -15247.8
  523 522.5 1.98151 0.000860033 -15242.4 -15216.9 -15296.6
  524 523.5 1.98124 0.000859911 -15180.3 -15071.5 -15268.6
  525 524.5 1.98331 0.000860811 -15143.6 -15207.9 -15321.6
  526 525.5 1.98993 0.000863686 -15167 -15131 -15194
  527 526.5 1.99353 0.000865248 -15216.2 -15246.7 -15154.9
  528 527.5 1.99049 0.000863928 -15201.9 -15169.5 -15228
  529 528.5 1.98688 0.00086236 -15217.8 -15093.6 -15239.6
  530 529.5 1.99144 0.000864339 -15197.1 -15158.9 -15193.4
  531 530.5 1.98748 0.000862622 -15255.1 -15085.4 -15240.5
  532 531.5 1.98331 0.000860813 -15223.1 -15148.1 -15279.2
  533 532.5 1.98204 0.000860259 -15230.6 -15225.2 -15303.1
  534 533.5 1.98467 0.000861403 -15197.8 -15218.6 -15229.1
  535 534.5 1.9848 0.00086146 -15132.8 -15218.6 -15204.3
  536 535.5 1.98937 0.000863444 -15149.5 -15255.8 -15253.2
  537 536.5 1.97921 0.000859032 -15177.7 -15261.5 -15340.7
  538 537.5 1.97744 0.000858266 -15136.5 -15254.2 -15287.1
  539 538.5 1.98063 0.000859646 -15174.3 -15351.1 -15268.8
  540 539.5 1.98409 0.00086115 -15103.5 -15277.2 -15289.5
  541 540.5 1.98131 0.000859942 -15048.8 -15171.1 -15295.1
  542 541.5 1.98346 0.000860878 -15140 -15173.1 -15232.5
  543 542.5 1.98273 0.000860558 -15178.7 -15146.2 -15239.2
  544 543.5 1.9844 0.000861286 -15191.1 -15177.6 -15297.3
  545 544.5 1.98743 0.000862602 -15144.6 -15153.8 -15187.9
  546 545.5 1.97834 0.000858653 -15084.7 -15212.7 -15340.5
  547 546.5 1.98853 0.000863077 -15158 -15206.8 -15238.3
  548 547.5 1.98581 0.000861898 -15182.7 -15134 -15249.3
  549 548.5 1.99438 0.000865616 -15069.2 -15165.5 -15169.9
  550 549.5 1.98913 0.000863336 -15196.2 -15071.1 -15212.2
  551 550.5 1.99895 0.000867599 -15196.5 -15089.6 -15161.2
  552 551.5 1.99887 0.000867565 -15200.8 -15161.9 -15178.8
  553 552.5 2.00111 0.000868537 -15192.3 -15221.4 -15116.9
  554 553.5 1.98717 0.000862487 -15117.8 -15150.3 -15239.1
  555 554.5 1.98655 0.000862217 -15164.6 -15101.1 -15249.4
  556 555.5 1.98444 0.0008613 -15146 -15080.8 -15274.3
  557 556.5 1.99314 0.000865079 -15153.3 -14975.3 -15151.1
  558 557.5 1.99039 0.000863884 -15191.9 -15128.1 -15210.9
  559 558.5 1.9831 0.000860722 -15164.3 -15170.8 -15309.5
  560 559.5 1.98368 0.000860974 -15110.1 -15176.3 -15260.9
  561 560.5 1.98819 0.000862928 -15107.2 -15075.3 -15243.6
  562 561.5 1.98015 0.000859442 -15021.7 -15056.2 -15289.9
  563 562.5 1.98488 0.000861493 -15144.8 -15159.7 -15265.7
  564 563.5 1.99495 0.000865862 -15157.2 -15072.8 -15137.4
  565 564.5 1.98786 0.000862788 -15178.3 -15068.8 -15206.1
  566 565.5 1.98622 0.000862074 -15106.7 -15096 -15241.3
  567 566.5 1.97948 0.000859148 -15119.3 -15096.5 -15337.6
  568 567.5 1.98555 0.000861785 -15119.2 -15085.7 -15254.8
  569 568.5 1.98329 0.000860803 -15230.6 -15076.7 -15283.5
  570 569.5 1.98153 0.000860039 -15197.6 -15230.7 -15270.4
  571 570.5 1.98719 0.000862497 -15160 -15145.9 -15234.1
  572 571.5 1.98411 0.000861157 -15177.7 -15137.9 -15230.7
  573 572.5 1.98065 0.000859657 -15158.4 -15141.6 -15305.1
  574 573.5 1.98241 0.00086042 -15234.2 -15121.9 -15275.8
  575 574.5 1.99098 0.000864139 -15271.9 -15247.1 -15205.2
  576 575.5 1.98934 0.000863427 -15323.5 -15281.4 -15230.8
  577 576.5 1.98315 0.000860741 -15309.9 -15344.5 -15285.2
  578 577.5 1.98859 0.000863103 -15257.9 -15362 -15196.4
  579 578.5 1.98231 0.000860377 -15252.7 -15177.1 -15190.9
  580 579.5 1.9737 0.00085664 -15316 -15289.8 -15415.8
  581 580.5 1.97712 0.000858125 -15269.9 -15364.1 -15313.9
  582 581.5 1.98294 0.000860653 -15197.7 -15289.4 -15252.3
  583 582.5 1.98809 0.000862886 -15261.1 -15314.7 -15180.3
  584 583.5 1.98678 0.000862318 -15234.3 -15165 -15220.6
  585 584.5 1.98876 0.000863176 -15246.5 -15282 -15157.1
  586 585.5 1.9896 0.000863539 -15220.8 -15236.6 -15137
  587 586.5 1.99572 0.000866197 -15268.6 -15188.4 -15082.3
  588 587.5 2.00228 0.000869044 -15197.3 -15150.9 -15033.7
  589 588.5 2.00619 0.000870743 -15154 -15107.4 -14934.1
  590 589.5 2.00276 0.000869255 -15147.4 -15127.2 -14920.9
  591 590.5 2.02216 0.000877673 -15088.8 -15061.5 -14655.6
  592 591.5 2.04955 0.00088956 -15029.2 -14981 -14391.5
  593 592.5 2.06516 0.000896336 -14860.6 -14765.6 -14156.7
  594 593.5 2.11013 0.000915855 -14735.9 -14746.5 -13678.9
  595 594.5 2.16428 0.000939357 -14502.6 -14414.1 -13149.2
  596 595.5 2.23202 0.00096876 -14185.6 -14055.9 -12443.6
  597 596.5 2.33535 0.00101361 -13620.8 -13624.1 -11492.3
  598 597.5 2.48461 0.00107839 -13051.4 -13027.8 -10323.1
  599 598.5 2.67867 0.00116262 -12223.2 -12237.5 -8993.18
  600 599.5 2.94995 0.00128036 -11263 -11307.1 -7458.56
  601 600.5 3.34132 0.00145023 -10047.5 -9976.94 -5634.66
  602 601.5 3.88185 0.00168483 -8600.04 -8569.3 -3734.17
  603 602.5 4.60883 0.00200036 -7012.54 -7027.46 -2013.66
  604 603.5 5.54519 0.00240677 -5336.88 -5293.51 -563.338
  605 604.5 6.75839 0.00293333 -3555.04 -3550.99 584.606
  606 605.5 8.26481 0.00358716 -1908.33 -1871.17 1344.04
  607 606.5 10.0642 0.00436813 -431.952 -435.374 1769.59
  608 607.5 12.1233 0.00526186 908.758 956.914 1951.44
  609 608.5 14.3748 0.00623908 1993.03 2007.94 1682.34
  610 609.5 16.7649 0.00727643 2947.3 3006 1331.12
  611 610.5 19.0915 0.00828625 3518.34 3555.31 677.875
  612 611.5 21.3193 0.00925317 3894.22 3922.45 66.5494
  613 612.5 23.3306 0.0101261 4051.36 4013.6 -618.836
  614 613.5 25.1088 0.0108979 3909.74 3923.38 -1170.89
  615 614.5 26.6158 0.011552 3571.13 3576.98 -1712.24
  616 615.5 27.8235 0.0120762 3149.55 3139.67 -2140.5
  617 616.5 28.7838 0.012493 2694.82 2713.62 -2343.74
  618 617.5 29.5453 0.0128235 2192.03 2168.85 -2495.17
  619 618.5 30.1638 0.0130919 1681.65 1662.73 -2528.06
  620 619.5 30.5976 0.0132802 1156.79 1171.83 -2464.73
  621 620.5 30.95 0.0134332 722.723 792.181 -2280.27
  622 621.5 31.2135 0.0135475 443.192 424.603 -2222.6
  623 622.5 31.4181 0.0136363 123.426 138.726 -2072.8
  624 623.5 31.5723 0.0137033 -115.215 -68.3694 -1835.3
