# Chunk-averaged data for fix tensor3 and group c2
# Timestep Number-of-chunks Total-count
# Chunk Coord1 Ncount density/number
52500000 480 5821.999999999998
  1 0.5 2.51552 0.00109181
  2 1.5 2.52462 0.00109576
  3 2.5 2.56041 0.00111129
  4 3.5 2.55546 0.00110914
  5 4.5 2.57286 0.00111669
  6 5.5 2.57474 0.00111751
  7 6.5 2.5823 0.00112079
  8 7.5 2.64148 0.00114648
  9 8.5 2.66278 0.00115572
  10 9.5 2.67267 0.00116001
  11 10.5 2.6705 0.00115907
  12 11.5 2.66706 0.00115758
  13 12.5 2.67968 0.00116306
  14 13.5 2.66308 0.00115585
  15 14.5 2.64854 0.00114954
  16 15.5 2.60735 0.00113166
  17 16.5 2.5745 0.00111741
  18 17.5 2.57609 0.00111809
  19 18.5 2.59206 0.00112503
  20 19.5 2.61838 0.00113645
  21 20.5 2.6361 0.00114414
  22 21.5 2.64436 0.00114773
  23 22.5 2.65366 0.00115176
  24 23.5 2.63818 0.00114505
  25 24.5 2.65892 0.00115405
  26 25.5 2.64216 0.00114677
  27 26.5 2.63543 0.00114385
  28 27.5 2.62494 0.0011393
  29 28.5 2.63771 0.00114484
  30 29.5 2.61764 0.00113613
  31 30.5 2.60942 0.00113256
  32 31.5 2.65069 0.00115047
  33 32.5 2.67537 0.00116118
  34 33.5 2.64569 0.0011483
  35 34.5 2.6529 0.00115143
  36 35.5 2.64844 0.0011495
  37 36.5 2.67363 0.00116043
  38 37.5 2.68037 0.00116335
  39 38.5 2.68503 0.00116538
  40 39.5 2.71882 0.00118004
  41 40.5 2.72298 0.00118185
  42 41.5 2.71165 0.00117693
  43 42.5 2.72698 0.00118358
  44 43.5 2.71939 0.00118029
  45 44.5 2.69005 0.00116756
  46 45.5 2.67007 0.00115889
  47 46.5 2.68167 0.00116392
  48 47.5 2.69856 0.00117125
  49 48.5 2.69261 0.00116867
  50 49.5 2.73697 0.00118792
  51 50.5 2.75058 0.00119383
  52 51.5 2.75515 0.00119581
  53 52.5 2.75017 0.00119365
  54 53.5 2.73888 0.00118875
  55 54.5 2.7673 0.00120108
  56 55.5 2.80612 0.00121793
  57 56.5 2.8191 0.00122357
  58 57.5 2.83858 0.00123202
  59 58.5 2.89369 0.00125594
  60 59.5 2.9508 0.00128073
  61 60.5 3.00154 0.00130275
  62 61.5 3.02838 0.0013144
  63 62.5 3.0541 0.00132557
  64 63.5 3.10687 0.00134847
  65 64.5 3.08981 0.00134106
  66 65.5 3.0453 0.00132174
  67 66.5 2.99425 0.00129959
  68 67.5 2.85337 0.00123844
  69 68.5 2.64762 0.00114914
  70 69.5 2.38564 0.00103543
  71 70.5 2.07761 0.00090174
  72 71.5 1.75269 0.000760715
  73 72.5 1.43758 0.000623948
  74 73.5 1.15886 0.000502976
  75 74.5 0.889528 0.00038608
  76 75.5 0.696056 0.000302108
  77 76.5 0.549096 0.000238323
  78 77.5 0.451464 0.000195948
  79 78.5 0.375528 0.00016299
  80 79.5 0.329152 0.000142861
  81 80.5 0.311032 0.000134997
  82 81.5 0.283776 0.000123167
  83 82.5 0.263864 0.000114524
  84 83.5 0.25348 0.000110017
  85 84.5 0.253008 0.000109813
  86 85.5 0.249616 0.00010834
  87 86.5 0.2472 0.000107292
  88 87.5 0.25152 0.000109167
  89 88.5 0.248824 0.000107997
  90 89.5 0.243608 0.000105733
  91 90.5 0.246096 0.000106813
  92 91.5 0.24308 0.000105503
  93 92.5 0.243544 0.000105705
  94 93.5 0.240416 0.000104347
  95 94.5 0.240072 0.000104198
  96 95.5 0.237136 0.000102924
  97 96.5 0.237448 0.000103059
  98 97.5 0.23748 0.000103073
  99 98.5 0.236504 0.000102649
  100 99.5 0.235952 0.00010241
  101 100.5 0.23572 0.000102309
  102 101.5 0.229168 9.94653e-05
  103 102.5 0.227728 9.88403e-05
  104 103.5 0.231272 0.000100378
  105 104.5 0.229992 9.98229e-05
  106 105.5 0.2294 9.9566e-05
  107 106.5 0.235008 0.000102
  108 107.5 0.231096 0.000100302
  109 108.5 0.228776 9.92951e-05
  110 109.5 0.228576 9.92083e-05
  111 110.5 0.234184 0.000101642
  112 111.5 0.241944 0.00010501
  113 112.5 0.23956 0.000103976
  114 113.5 0.239568 0.000103979
  115 114.5 0.241832 0.000104962
  116 115.5 0.251048 0.000108962
  117 116.5 0.240416 0.000104347
  118 117.5 0.244448 0.000106097
  119 118.5 0.24472 0.000106215
  120 119.5 0.246696 0.000107073
  121 120.5 0.245672 0.000106628
  122 121.5 0.25284 0.00010974
  123 122.5 0.25228 0.000109497
  124 123.5 0.245472 0.000106542
  125 124.5 0.2502 0.000108594
  126 125.5 0.248912 0.000108035
  127 126.5 0.247696 0.000107507
  128 127.5 0.246184 0.000106851
  129 128.5 0.242616 0.000105302
  130 129.5 0.240608 0.000104431
  131 130.5 0.239648 0.000104014
  132 131.5 0.245448 0.000106531
  133 132.5 0.241552 0.00010484
  134 133.5 0.24232 0.000105174
  135 134.5 0.240816 0.000104521
  136 135.5 0.240304 0.000104299
  137 136.5 0.243928 0.000105872
  138 137.5 0.23436 0.000101719
  139 138.5 0.24408 0.000105937
  140 139.5 0.244616 0.00010617
  141 140.5 0.24044 0.000104358
  142 141.5 0.236024 0.000102441
  143 142.5 0.237336 0.00010301
  144 143.5 0.238224 0.000103396
  145 144.5 0.23332 0.000101267
  146 145.5 0.238352 0.000103451
  147 146.5 0.231152 0.000100326
  148 147.5 0.235592 0.000102253
  149 148.5 0.240112 0.000104215
  150 149.5 0.23792 0.000103264
  151 150.5 0.246728 0.000107087
  152 151.5 0.251192 0.000109024
  153 152.5 0.25496 0.00011066
  154 153.5 0.25668 0.000111406
  155 154.5 0.252912 0.000109771
  156 155.5 0.255896 0.000111066
  157 156.5 0.255288 0.000110802
  158 157.5 0.255488 0.000110889
  159 158.5 0.258048 0.000112
  160 159.5 0.26304 0.000114167
  161 160.5 0.259544 0.000112649
  162 161.5 0.25728 0.000111667
  163 162.5 0.253336 0.000109955
  164 163.5 0.253928 0.000110212
  165 164.5 0.255032 0.000110691
  166 165.5 0.249032 0.000108087
  167 166.5 0.248056 0.000107663
  168 167.5 0.255248 0.000110785
  169 168.5 0.257456 0.000111743
  170 169.5 0.253064 0.000109837
  171 170.5 0.253032 0.000109823
  172 171.5 0.255104 0.000110722
  173 172.5 0.252264 0.00010949
  174 173.5 0.248264 0.000107753
  175 174.5 0.246944 0.000107181
  176 175.5 0.253528 0.000110038
  177 176.5 0.246144 0.000106833
  178 177.5 0.23728 0.000102986
  179 178.5 0.234624 0.000101833
  180 179.5 0.238416 0.000103479
  181 180.5 0.245536 0.000106569
  182 181.5 0.240344 0.000104316
  183 182.5 0.248408 0.000107816
  184 183.5 0.250984 0.000108934
  185 184.5 0.252768 0.000109708
  186 185.5 0.243904 0.000105861
  187 186.5 0.244968 0.000106323
  188 187.5 0.240296 0.000104295
  189 188.5 0.241848 0.000104969
  190 189.5 0.240624 0.000104437
  191 190.5 0.242272 0.000105153
  192 191.5 0.24112 0.000104653
  193 192.5 0.244048 0.000105924
  194 193.5 0.247544 0.000107441
  195 194.5 0.243272 0.000105587
  196 195.5 0.24644 0.000106962
  197 196.5 0.246848 0.000107139
  198 197.5 0.246224 0.000106868
  199 198.5 0.243424 0.000105653
  200 199.5 0.243936 0.000105875
  201 200.5 0.247904 0.000107597
  202 201.5 0.246584 0.000107024
  203 202.5 0.252088 0.000109413
  204 203.5 0.2512 0.000109028
  205 204.5 0.248248 0.000107747
  206 205.5 0.249128 0.000108128
  207 206.5 0.25204 0.000109392
  208 207.5 0.2534 0.000109983
  209 208.5 0.264296 0.000114712
  210 209.5 0.269344 0.000116903
  211 210.5 0.2684 0.000116493
  212 211.5 0.267056 0.00011591
  213 212.5 0.285224 0.000123795
  214 213.5 0.306504 0.000133031
  215 214.5 0.329224 0.000142892
  216 215.5 0.371216 0.000161118
  217 216.5 0.436864 0.000189611
  218 217.5 0.529424 0.000229785
  219 218.5 0.680608 0.000295403
  220 219.5 0.885168 0.000384187
  221 220.5 1.17834 0.000511434
  222 221.5 1.56493 0.000679222
  223 222.5 2.12383 0.000921802
  224 223.5 2.81074 0.00121994
  225 224.5 3.70518 0.00160815
  226 225.5 4.8395 0.00210048
  227 226.5 6.25299 0.00271397
  228 227.5 7.89829 0.00342808
  229 228.5 9.7703 0.00424058
  230 229.5 11.9263 0.00517635
  231 230.5 14.3551 0.0062305
  232 231.5 16.8107 0.00729632
  233 232.5 19.1681 0.00831948
  234 233.5 21.5473 0.00935214
  235 234.5 23.7845 0.0103231
  236 235.5 25.6758 0.011144
  237 236.5 27.3762 0.011882
  238 237.5 28.7439 0.0124757
  239 238.5 29.8381 0.0129506
  240 239.5 30.6288 0.0132938
  241 240.5 31.2864 0.0135792
  242 241.5 31.7438 0.0137777
  243 242.5 32.0362 0.0139046
  244 243.5 32.3497 0.0140407
  245 244.5 32.6226 0.0141591
  246 245.5 32.7712 0.0142236
  247 246.5 32.8169 0.0142435
  248 247.5 32.9748 0.014312
  249 248.5 33.0352 0.0143382
  250 249.5 33.0161 0.0143299
  251 250.5 33.0762 0.014356
  252 251.5 33.2227 0.0144196
  253 252.5 33.1864 0.0144038
  254 253.5 33.2706 0.0144404
  255 254.5 33.3398 0.0144704
  256 255.5 33.3934 0.0144937
  257 256.5 33.3381 0.0144697
  258 257.5 33.4395 0.0145137
  259 258.5 33.419 0.0145048
  260 259.5 33.3963 0.0144949
  261 260.5 33.3964 0.014495
  262 261.5 33.3898 0.0144921
  263 262.5 33.4652 0.0145248
  264 263.5 33.4472 0.014517
  265 264.5 33.3724 0.0144846
  266 265.5 33.4197 0.0145051
  267 266.5 33.4885 0.014535
  268 267.5 33.3972 0.0144953
  269 268.5 33.3627 0.0144804
  270 269.5 33.3786 0.0144873
  271 270.5 33.3526 0.014476
  272 271.5 33.2813 0.014445
  273 272.5 33.3209 0.0144622
  274 273.5 33.3291 0.0144658
  275 274.5 33.3053 0.0144554
  276 275.5 33.2993 0.0144528
  277 276.5 33.3253 0.0144641
  278 277.5 33.3368 0.0144691
  279 278.5 33.3639 0.0144809
  280 279.5 33.3351 0.0144684
  281 280.5 33.2463 0.0144298
  282 281.5 33.2608 0.0144361
  283 282.5 33.338 0.0144696
  284 283.5 33.2894 0.0144485
  285 284.5 33.2797 0.0144443
  286 285.5 33.4358 0.0145121
  287 286.5 33.4065 0.0144993
  288 287.5 33.3751 0.0144857
  289 288.5 33.3249 0.0144639
  290 289.5 33.385 0.01449
  291 290.5 33.3872 0.014491
  292 291.5 33.3309 0.0144666
  293 292.5 33.4148 0.0145029
  294 293.5 33.3927 0.0144933
  295 294.5 33.3657 0.0144816
  296 295.5 33.389 0.0144918
  297 296.5 33.3859 0.0144904
  298 297.5 33.4152 0.0145031
  299 298.5 33.3807 0.0144881
  300 299.5 33.3474 0.0144737
  301 300.5 33.4618 0.0145233
  302 301.5 33.4421 0.0145148
  303 302.5 33.3668 0.0144821
  304 303.5 33.3803 0.014488
  305 304.5 33.4357 0.014512
  306 305.5 33.3686 0.0144829
  307 306.5 33.2943 0.0144506
  308 307.5 33.4725 0.014528
  309 308.5 33.4208 0.0145056
  310 309.5 33.2938 0.0144504
  311 310.5 33.4432 0.0145153
  312 311.5 33.4153 0.0145032
  313 312.5 33.3881 0.0144914
  314 313.5 33.3626 0.0144803
  315 314.5 33.4993 0.0145396
  316 315.5 33.5115 0.0145449
  317 316.5 33.4136 0.0145024
  318 317.5 33.4624 0.0145236
  319 318.5 33.5257 0.0145511
  320 319.5 33.4744 0.0145288
  321 320.5 33.381 0.0144883
  322 321.5 33.4297 0.0145094
  323 322.5 33.3643 0.0144811
  324 323.5 33.3826 0.014489
  325 324.5 33.3336 0.0144677
  326 325.5 33.3549 0.014477
  327 326.5 33.3564 0.0144776
  328 327.5 33.2861 0.0144471
  329 328.5 33.2385 0.0144264
  330 329.5 33.2491 0.014431
  331 330.5 33.305 0.0144553
  332 331.5 33.2761 0.0144428
  333 332.5 33.2871 0.0144475
  334 333.5 33.368 0.0144826
  335 334.5 33.431 0.01451
  336 335.5 33.4155 0.0145032
  337 336.5 33.4572 0.0145213
  338 337.5 33.4618 0.0145234
  339 338.5 33.4912 0.0145361
  340 339.5 33.4961 0.0145382
  341 340.5 33.5342 0.0145548
  342 341.5 33.396 0.0144948
  343 342.5 33.4355 0.014512
  344 343.5 33.4773 0.0145301
  345 344.5 33.5008 0.0145403
  346 345.5 33.3413 0.0144711
  347 346.5 33.5547 0.0145637
  348 347.5 33.5236 0.0145502
  349 348.5 33.4593 0.0145223
  350 349.5 33.5417 0.014558
  351 350.5 33.6128 0.0145889
  352 351.5 33.5773 0.0145735
  353 352.5 33.5983 0.0145826
  354 353.5 33.622 0.0145929
  355 354.5 33.6305 0.0145966
  356 355.5 33.6507 0.0146053
  357 356.5 33.5873 0.0145778
  358 357.5 33.5815 0.0145753
  359 358.5 33.5727 0.0145715
  360 359.5 33.5094 0.014544
  361 360.5 33.4845 0.0145332
  362 361.5 33.5025 0.014541
  363 362.5 33.5017 0.0145407
  364 363.5 33.4155 0.0145033
  365 364.5 33.4222 0.0145062
  366 365.5 33.481 0.0145317
  367 366.5 33.4123 0.0145018
  368 367.5 33.4979 0.014539
  369 368.5 33.4721 0.0145278
  370 369.5 33.5128 0.0145455
  371 370.5 33.4256 0.0145077
  372 371.5 33.4918 0.0145364
  373 372.5 33.4157 0.0145033
  374 373.5 33.3152 0.0144597
  375 374.5 33.3739 0.0144852
  376 375.5 33.2172 0.0144172
  377 376.5 33.1754 0.0143991
  378 377.5 33.0825 0.0143587
  379 378.5 33 0.0143229
  380 379.5 32.7727 0.0142243
  381 380.5 32.6238 0.0141596
  382 381.5 32.4771 0.014096
  383 382.5 32.1531 0.0139553
  384 383.5 31.5696 0.0137021
  385 384.5 31.0629 0.0134821
  386 385.5 30.3986 0.0131938
  387 386.5 29.3283 0.0127293
  388 387.5 28.0869 0.0121905
  389 388.5 26.5713 0.0115327
  390 389.5 24.7391 0.0107374
  391 390.5 22.5852 0.0098026
  392 391.5 20.2519 0.00878989
  393 392.5 17.8982 0.0077683
  394 393.5 15.3892 0.00667933
  395 394.5 13.0281 0.00565455
  396 395.5 10.827 0.00469921
  397 396.5 8.97616 0.0038959
  398 397.5 7.33686 0.0031844
  399 398.5 6.08686 0.00264187
  400 399.5 5.1163 0.00222062
  401 400.5 4.40683 0.00191269
  402 401.5 3.84419 0.00166849
  403 402.5 3.44262 0.00149419
  404 403.5 3.18311 0.00138156
  405 404.5 3.05342 0.00132527
  406 405.5 2.87702 0.0012487
  407 406.5 2.7791 0.00120621
  408 407.5 2.73884 0.00118873
  409 408.5 2.70754 0.00117515
  410 409.5 2.6761 0.0011615
  411 410.5 2.62553 0.00113955
  412 411.5 2.5891 0.00112374
  413 412.5 2.5375 0.00110135
  414 413.5 2.51637 0.00109217
  415 414.5 2.55597 0.00110936
  416 415.5 2.5777 0.0011188
  417 416.5 2.59513 0.00112636
  418 417.5 2.63362 0.00114307
  419 418.5 2.6263 0.00113989
  420 419.5 2.62377 0.00113879
  421 420.5 2.62825 0.00114073
  422 421.5 2.64594 0.00114841
  423 422.5 2.65977 0.00115441
  424 423.5 2.64418 0.00114765
  425 424.5 2.66086 0.00115489
  426 425.5 2.65828 0.00115377
  427 426.5 2.6716 0.00115955
  428 427.5 2.62208 0.00113806
  429 428.5 2.61889 0.00113667
  430 429.5 2.63138 0.00114209
  431 430.5 2.60681 0.00113143
  432 431.5 2.55906 0.0011107
  433 432.5 2.53894 0.00110197
  434 433.5 2.54461 0.00110443
  435 434.5 2.56652 0.00111394
  436 435.5 2.55494 0.00110892
  437 436.5 2.51089 0.0010898
  438 437.5 2.5163 0.00109215
  439 438.5 2.46122 0.00106824
  440 439.5 2.44641 0.00106181
  441 440.5 2.42209 0.00105125
  442 441.5 2.41385 0.00104768
  443 442.5 2.36282 0.00102553
  444 443.5 2.3811 0.00103347
  445 444.5 2.38411 0.00103477
  446 445.5 2.39134 0.00103791
  447 446.5 2.37334 0.0010301
  448 447.5 2.3541 0.00102175
  449 448.5 2.3147 0.00100464
  450 449.5 2.25844 0.000980226
  451 450.5 2.22357 0.00096509
  452 451.5 2.21362 0.000960771
  453 452.5 2.20272 0.000956042
  454 453.5 2.19597 0.000953111
  455 454.5 2.22731 0.000966715
  456 455.5 2.1972 0.000953646
  457 456.5 2.21129 0.00095976
  458 457.5 2.22071 0.000963851
  459 458.5 2.26279 0.000982115
  460 459.5 2.30183 0.000999059
  461 460.5 2.32115 0.00100744
  462 461.5 2.32076 0.00100727
  463 462.5 2.34346 0.00101713
  464 463.5 2.36944 0.0010284
  465 464.5 2.38337 0.00103445
  466 465.5 2.41842 0.00104966
  467 466.5 2.43826 0.00105827
  468 467.5 2.42216 0.00105128
  469 468.5 2.46886 0.00107155
  470 469.5 2.47445 0.00107398
  471 470.5 2.47848 0.00107573
  472 471.5 2.47486 0.00107416
  473 472.5 2.50533 0.00108738
  474 473.5 2.50893 0.00108894
  475 474.5 2.49556 0.00108314
  476 475.5 2.50691 0.00108807
  477 476.5 2.51054 0.00108965
  478 477.5 2.50198 0.00108593
  479 478.5 2.51334 0.00109086
  480 479.5 2.4837 0.001078
55000000 480 5821.999999999998
  1 0.5 2.65636 0.00115293
  2 1.5 2.647 0.00114887
  3 2.5 2.62198 0.00113801
  4 3.5 2.59642 0.00112692
  5 4.5 2.6043 0.00113034
  6 5.5 2.59307 0.00112547
  7 6.5 2.63695 0.00114451
  8 7.5 2.63425 0.00114334
  9 8.5 2.65154 0.00115084
  10 9.5 2.66586 0.00115706
  11 10.5 2.62343 0.00113864
  12 11.5 2.60482 0.00113056
  13 12.5 2.59565 0.00112658
  14 13.5 2.58454 0.00112176
  15 14.5 2.57581 0.00111797
  16 15.5 2.54718 0.00110555
  17 16.5 2.56605 0.00111374
  18 17.5 2.55254 0.00110787
  19 18.5 2.55056 0.00110701
  20 19.5 2.58298 0.00112109
  21 20.5 2.59702 0.00112718
  22 21.5 2.60997 0.0011328
  23 22.5 2.61287 0.00113406
  24 23.5 2.60443 0.0011304
  25 24.5 2.5944 0.00112604
  26 25.5 2.59136 0.00112472
  27 26.5 2.57334 0.0011169
  28 27.5 2.55122 0.0011073
  29 28.5 2.55884 0.00111061
  30 29.5 2.55318 0.00110815
  31 30.5 2.58728 0.00112295
  32 31.5 2.58438 0.00112169
  33 32.5 2.57818 0.001119
  34 33.5 2.63155 0.00114217
  35 34.5 2.65597 0.00115276
  36 35.5 2.66106 0.00115498
  37 36.5 2.67348 0.00116036
  38 37.5 2.67105 0.00115931
  39 38.5 2.67682 0.00116181
  40 39.5 2.64882 0.00114966
  41 40.5 2.67752 0.00116212
  42 41.5 2.67526 0.00116114
  43 42.5 2.68811 0.00116672
  44 43.5 2.70919 0.00117586
  45 44.5 2.70893 0.00117575
  46 45.5 2.71878 0.00118003
  47 46.5 2.75754 0.00119685
  48 47.5 2.76246 0.00119898
  49 48.5 2.70057 0.00117212
  50 49.5 2.67179 0.00115963
  51 50.5 2.66712 0.0011576
  52 51.5 2.69154 0.0011682
  53 52.5 2.68317 0.00116457
  54 53.5 2.656 0.00115278
  55 54.5 2.63321 0.00114289
  56 55.5 2.64598 0.00114843
  57 56.5 2.62005 0.00113717
  58 57.5 2.61775 0.00113618
  59 58.5 2.61702 0.00113586
  60 59.5 2.63553 0.00114389
  61 60.5 2.65214 0.0011511
  62 61.5 2.69981 0.00117179
  63 62.5 2.77682 0.00120522
  64 63.5 2.81927 0.00122364
  65 64.5 2.85733 0.00124016
  66 65.5 2.84992 0.00123694
  67 66.5 2.85837 0.00124061
  68 67.5 2.78396 0.00120832
  69 68.5 2.68597 0.00116578
  70 69.5 2.52768 0.00109708
  71 70.5 2.28686 0.000992559
  72 71.5 2.02933 0.000880785
  73 72.5 1.76697 0.000766913
  74 73.5 1.4755 0.00064041
  75 74.5 1.20538 0.000523167
  76 75.5 0.984296 0.000427212
  77 76.5 0.796808 0.000345837
  78 77.5 0.63268 0.000274601
  79 78.5 0.517304 0.000224524
  80 79.5 0.426632 0.00018517
  81 80.5 0.367664 0.000159576
  82 81.5 0.32488 0.000141007
  83 82.5 0.293904 0.000127562
  84 83.5 0.273784 0.00011883
  85 84.5 0.266464 0.000115653
  86 85.5 0.25896 0.000112396
  87 86.5 0.253264 0.000109924
  88 87.5 0.238832 0.00010366
  89 88.5 0.238712 0.000103608
  90 89.5 0.24036 0.000104323
  91 90.5 0.243936 0.000105875
  92 91.5 0.242528 0.000105264
  93 92.5 0.248208 0.000107729
  94 93.5 0.244384 0.000106069
  95 94.5 0.242528 0.000105264
  96 95.5 0.240992 0.000104597
  97 96.5 0.24704 0.000107222
  98 97.5 0.244024 0.000105913
  99 98.5 0.23936 0.000103889
  100 99.5 0.248384 0.000107806
  101 100.5 0.25288 0.000109757
  102 101.5 0.247464 0.000107406
  103 102.5 0.25044 0.000108698
  104 103.5 0.249488 0.000108285
  105 104.5 0.249224 0.00010817
  106 105.5 0.249872 0.000108451
  107 106.5 0.247928 0.000107608
  108 107.5 0.243736 0.000105788
  109 108.5 0.250008 0.00010851
  110 109.5 0.250208 0.000108597
  111 110.5 0.245224 0.000106434
  112 111.5 0.240168 0.00010424
  113 112.5 0.248104 0.000107684
  114 113.5 0.238552 0.000103538
  115 114.5 0.240448 0.000104361
  116 115.5 0.232416 0.000100875
  117 116.5 0.232264 0.000100809
  118 117.5 0.24072 0.000104479
  119 118.5 0.240304 0.000104299
  120 119.5 0.246384 0.000106938
  121 120.5 0.241632 0.000104875
  122 121.5 0.245256 0.000106448
  123 122.5 0.2476 0.000107465
  124 123.5 0.244 0.000105903
  125 124.5 0.235792 0.00010234
  126 125.5 0.22924 9.94965e-05
  127 126.5 0.238888 0.000103684
  128 127.5 0.240816 0.000104521
  129 128.5 0.241624 0.000104872
  130 129.5 0.239776 0.000104069
  131 130.5 0.23844 0.00010349
  132 131.5 0.237984 0.000103292
  133 132.5 0.245848 0.000106705
  134 133.5 0.24408 0.000105937
  135 134.5 0.239976 0.000104156
  136 135.5 0.242632 0.000105309
  137 136.5 0.238856 0.00010367
  138 137.5 0.239896 0.000104122
  139 138.5 0.243912 0.000105865
  140 139.5 0.238904 0.000103691
  141 140.5 0.237128 0.00010292
  142 141.5 0.23 9.98264e-05
  143 142.5 0.233784 0.000101469
  144 143.5 0.234672 0.000101854
  145 144.5 0.233496 0.000101344
  146 145.5 0.238904 0.000103691
  147 146.5 0.233536 0.000101361
  148 147.5 0.236392 0.000102601
  149 148.5 0.23936 0.000103889
  150 149.5 0.231296 0.000100389
  151 150.5 0.2296 9.96528e-05
  152 151.5 0.233952 0.000101542
  153 152.5 0.2414 0.000104774
  154 153.5 0.242944 0.000105444
  155 154.5 0.248616 0.000107906
  156 155.5 0.246048 0.000106792
  157 156.5 0.249784 0.000108413
  158 157.5 0.252312 0.00010951
  159 158.5 0.244936 0.000106309
  160 159.5 0.247592 0.000107462
  161 160.5 0.245864 0.000106712
  162 161.5 0.247568 0.000107451
  163 162.5 0.24008 0.000104201
  164 163.5 0.242744 0.000105358
  165 164.5 0.24016 0.000104236
  166 165.5 0.248264 0.000107753
  167 166.5 0.240744 0.00010449
  168 167.5 0.242992 0.000105465
  169 168.5 0.240688 0.000104465
  170 169.5 0.247968 0.000107625
  171 170.5 0.249232 0.000108174
  172 171.5 0.250568 0.000108753
  173 172.5 0.250704 0.000108812
  174 173.5 0.25556 0.00011092
  175 174.5 0.250344 0.000108656
  176 175.5 0.252456 0.000109573
  177 176.5 0.254096 0.000110285
  178 177.5 0.254472 0.000110448
  179 178.5 0.258408 0.000112156
  180 179.5 0.257352 0.000111698
  181 180.5 0.254496 0.000110458
  182 181.5 0.254232 0.000110344
  183 182.5 0.254472 0.000110448
  184 183.5 0.258424 0.000112163
  185 184.5 0.25368 0.000110104
  186 185.5 0.2652 0.000115104
  187 186.5 0.260608 0.000113111
  188 187.5 0.25408 0.000110278
  189 188.5 0.249232 0.000108174
  190 189.5 0.25192 0.00010934
  191 190.5 0.253056 0.000109833
  192 191.5 0.253584 0.000110062
  193 192.5 0.251336 0.000109087
  194 193.5 0.25312 0.000109861
  195 194.5 0.250408 0.000108684
  196 195.5 0.2496 0.000108333
  197 196.5 0.245424 0.000106521
  198 197.5 0.251248 0.000109049
  199 198.5 0.251472 0.000109146
  200 199.5 0.251896 0.00010933
  201 200.5 0.259496 0.000112628
  202 201.5 0.25076 0.000108837
  203 202.5 0.25316 0.000109878
  204 203.5 0.24952 0.000108299
  205 204.5 0.249128 0.000108128
  206 205.5 0.251144 0.000109003
  207 206.5 0.255192 0.00011076
  208 207.5 0.250824 0.000108865
  209 208.5 0.245448 0.000106531
  210 209.5 0.249504 0.000108292
  211 210.5 0.257576 0.000111795
  212 211.5 0.265136 0.000115076
  213 212.5 0.272688 0.000118354
  214 213.5 0.293896 0.000127559
  215 214.5 0.316008 0.000137156
  216 215.5 0.335592 0.000145656
  217 216.5 0.391728 0.000170021
  218 217.5 0.445168 0.000193215
  219 218.5 0.539304 0.000234073
  220 219.5 0.674 0.000292535
  221 220.5 0.875392 0.000379944
  222 221.5 1.15407 0.000500899
  223 222.5 1.51575 0.000657878
  224 223.5 1.99107 0.000864181
  225 224.5 2.63692 0.0011445
  226 225.5 3.41346 0.00148153
  227 226.5 4.40302 0.00191103
  228 227.5 5.65416 0.00245406
  229 228.5 7.13431 0.00309649
  230 229.5 8.91366 0.00386878
  231 230.5 10.9326 0.00474506
  232 231.5 13.2004 0.00572933
  233 232.5 15.6524 0.00679359
  234 233.5 18.1604 0.0078821
  235 234.5 20.685 0.00897787
  236 235.5 22.9297 0.00995214
  237 236.5 25.0024 0.0108518
  238 237.5 26.8921 0.0116719
  239 238.5 28.3759 0.0123159
  240 239.5 29.5773 0.0128374
  241 240.5 30.5299 0.0132508
  242 241.5 31.3163 0.0135922
  243 242.5 31.8343 0.013817
  244 243.5 32.2437 0.0139947
  245 244.5 32.5553 0.0141299
  246 245.5 32.8456 0.0142559
  247 246.5 32.9102 0.0142839
  248 247.5 33.0785 0.014357
  249 248.5 33.1517 0.0143888
  250 249.5 33.1834 0.0144025
  251 250.5 33.2152 0.0144163
  252 251.5 33.367 0.0144822
  253 252.5 33.4136 0.0145025
  254 253.5 33.3532 0.0144762
  255 254.5 33.3939 0.0144939
  256 255.5 33.4738 0.0145285
  257 256.5 33.4738 0.0145285
  258 257.5 33.6151 0.0145899
  259 258.5 33.5882 0.0145782
  260 259.5 33.5668 0.0145689
  261 260.5 33.6727 0.0146149
  262 261.5 33.6155 0.01459
  263 262.5 33.5861 0.0145773
  264 263.5 33.575 0.0145725
  265 264.5 33.5751 0.0145725
  266 265.5 33.4902 0.0145357
  267 266.5 33.5727 0.0145715
  268 267.5 33.4405 0.0145141
  269 268.5 33.3805 0.0144881
  270 269.5 33.5004 0.0145401
  271 270.5 33.5037 0.0145415
  272 271.5 33.3849 0.01449
  273 272.5 33.4913 0.0145362
  274 273.5 33.4538 0.0145199
  275 274.5 33.4956 0.014538
  276 275.5 33.4579 0.0145216
  277 276.5 33.4006 0.0144968
  278 277.5 33.4093 0.0145005
  279 278.5 33.3795 0.0144876
  280 279.5 33.3416 0.0144712
  281 280.5 33.3371 0.0144692
  282 281.5 33.246 0.0144297
  283 282.5 33.3134 0.0144589
  284 283.5 33.3856 0.0144903
  285 284.5 33.2503 0.0144315
  286 285.5 33.294 0.0144505
  287 286.5 33.3528 0.014476
  288 287.5 33.3199 0.0144618
  289 288.5 33.2984 0.0144524
  290 289.5 33.4173 0.014504
  291 290.5 33.4052 0.0144988
  292 291.5 33.3667 0.0144821
  293 292.5 33.3798 0.0144878
  294 293.5 33.4483 0.0145175
  295 294.5 33.4316 0.0145102
  296 295.5 33.5006 0.0145402
  297 296.5 33.5255 0.014551
  298 297.5 33.5284 0.0145522
  299 298.5 33.5983 0.0145826
  300 299.5 33.591 0.0145794
  301 300.5 33.6895 0.0146222
  302 301.5 33.6705 0.0146139
  303 302.5 33.6608 0.0146097
  304 303.5 33.7042 0.0146286
  305 304.5 33.7222 0.0146364
  306 305.5 33.7046 0.0146287
  307 306.5 33.6948 0.0146245
  308 307.5 33.772 0.014658
  309 308.5 33.6895 0.0146222
  310 309.5 33.75 0.0146484
  311 310.5 33.6662 0.0146121
  312 311.5 33.6873 0.0146212
  313 312.5 33.6632 0.0146108
  314 313.5 33.682 0.0146189
  315 314.5 33.6561 0.0146077
  316 315.5 33.6743 0.0146156
  317 316.5 33.6196 0.0145919
  318 317.5 33.7163 0.0146338
  319 318.5 33.6582 0.0146086
  320 319.5 33.5749 0.0145725
  321 320.5 33.5049 0.014542
  322 321.5 33.5583 0.0145652
  323 322.5 33.5388 0.0145568
  324 323.5 33.5018 0.0145407
  325 324.5 33.5922 0.01458
  326 325.5 33.5827 0.0145758
  327 326.5 33.4888 0.0145351
  328 327.5 33.5304 0.0145531
  329 328.5 33.6429 0.0146019
  330 329.5 33.5528 0.0145629
  331 330.5 33.5018 0.0145407
  332 331.5 33.4876 0.0145346
  333 332.5 33.5879 0.0145781
  334 333.5 33.5361 0.0145556
  335 334.5 33.5343 0.0145548
  336 335.5 33.5773 0.0145735
  337 336.5 33.569 0.0145699
  338 337.5 33.6268 0.0145949
  339 338.5 33.601 0.0145838
  340 339.5 33.5028 0.0145412
  341 340.5 33.5365 0.0145558
  342 341.5 33.5458 0.0145598
  343 342.5 33.4775 0.0145302
  344 343.5 33.5354 0.0145553
  345 344.5 33.5123 0.0145453
  346 345.5 33.5156 0.0145467
  347 346.5 33.5396 0.0145571
  348 347.5 33.6371 0.0145994
  349 348.5 33.563 0.0145673
  350 349.5 33.65 0.014605
  351 350.5 33.6307 0.0145966
  352 351.5 33.6266 0.0145949
  353 352.5 33.6402 0.0146008
  354 353.5 33.6631 0.0146107
  355 354.5 33.6178 0.0145911
  356 355.5 33.5553 0.0145639
  357 356.5 33.653 0.0146064
  358 357.5 33.6096 0.0145875
  359 358.5 33.5263 0.0145513
  360 359.5 33.5648 0.0145681
  361 360.5 33.551 0.0145621
  362 361.5 33.6055 0.0145857
  363 362.5 33.5662 0.0145687
  364 363.5 33.5412 0.0145578
  365 364.5 33.4954 0.014538
  366 365.5 33.5718 0.0145711
  367 366.5 33.4189 0.0145047
  368 367.5 33.4468 0.0145168
  369 368.5 33.5702 0.0145704
  370 369.5 33.5212 0.0145491
  371 370.5 33.3853 0.0144902
  372 371.5 33.5 0.0145399
  373 372.5 33.4952 0.0145379
  374 373.5 33.3066 0.014456
  375 374.5 33.3449 0.0144726
  376 375.5 33.3816 0.0144885
  377 376.5 33.237 0.0144258
  378 377.5 33.0258 0.0143341
  379 378.5 33.0788 0.0143571
  380 379.5 32.911 0.0142843
  381 380.5 32.619 0.0141576
  382 381.5 32.5378 0.0141223
  383 382.5 32.2614 0.0140024
  384 383.5 31.7451 0.0137783
  385 384.5 31.1556 0.0135224
  386 385.5 30.5602 0.013264
  387 386.5 29.5329 0.0128181
  388 387.5 28.3132 0.0122887
  389 388.5 26.8844 0.0116686
  390 389.5 25.0804 0.0108856
  391 390.5 22.9852 0.0099762
  392 391.5 20.7464 0.00900452
  393 392.5 18.3762 0.00797578
  394 393.5 15.9361 0.00691672
  395 394.5 13.5686 0.00588913
  396 395.5 11.4653 0.00497625
  397 396.5 9.6003 0.0041668
  398 397.5 7.98856 0.00346726
  399 398.5 6.71879 0.00291614
  400 399.5 5.64776 0.00245128
  401 400.5 4.90303 0.00212805
  402 401.5 4.32428 0.00187686
  403 402.5 3.89761 0.00169167
  404 403.5 3.56435 0.00154703
  405 404.5 3.32254 0.00144208
  406 405.5 3.15646 0.00136999
  407 406.5 3.02369 0.00131236
  408 407.5 2.90309 0.00126002
  409 408.5 2.86055 0.00124156
  410 409.5 2.83446 0.00123023
  411 410.5 2.78126 0.00120715
  412 411.5 2.75613 0.00119624
  413 412.5 2.77398 0.00120399
  414 413.5 2.73906 0.00118883
  415 414.5 2.7501 0.00119362
  416 415.5 2.73761 0.0011882
  417 416.5 2.7032 0.00117326
  418 417.5 2.71398 0.00117794
  419 418.5 2.69255 0.00116864
  420 419.5 2.71932 0.00118026
  421 420.5 2.72438 0.00118246
  422 421.5 2.74784 0.00119264
  423 422.5 2.74301 0.00119054
  424 423.5 2.78904 0.00121052
  425 424.5 2.74564 0.00119168
  426 425.5 2.73934 0.00118895
  427 426.5 2.73531 0.0011872
  428 427.5 2.75049 0.00119379
  429 428.5 2.77823 0.00120583
  430 429.5 2.7306 0.00118516
  431 430.5 2.69882 0.00117136
  432 431.5 2.67175 0.00115961
  433 432.5 2.6713 0.00115942
  434 433.5 2.73024 0.001185
  435 434.5 2.74254 0.00119034
  436 435.5 2.75314 0.00119494
  437 436.5 2.77785 0.00120566
  438 437.5 2.80501 0.00121745
  439 438.5 2.77738 0.00120546
  440 439.5 2.74879 0.00119305
  441 440.5 2.76918 0.0012019
  442 441.5 2.76522 0.00120018
  443 442.5 2.74834 0.00119285
  444 443.5 2.73017 0.00118497
  445 444.5 2.70024 0.00117198
  446 445.5 2.70354 0.00117341
  447 446.5 2.69201 0.00116841
  448 447.5 2.6915 0.00116819
  449 448.5 2.73487 0.00118701
  450 449.5 2.78245 0.00120766
  451 450.5 2.76479 0.0012
  452 451.5 2.7795 0.00120638
  453 452.5 2.81564 0.00122207
  454 453.5 2.8579 0.00124041
  455 454.5 2.84392 0.00123434
  456 455.5 2.81421 0.00122144
  457 456.5 2.82318 0.00122534
  458 457.5 2.80842 0.00121893
  459 458.5 2.8381 0.00123182
  460 459.5 2.85459 0.00123897
  461 460.5 2.82726 0.00122711
  462 461.5 2.8573 0.00124015
  463 462.5 2.81797 0.00122308
  464 463.5 2.76946 0.00120202
  465 464.5 2.70448 0.00117382
  466 465.5 2.67045 0.00115905
  467 466.5 2.63008 0.00114153
  468 467.5 2.59639 0.00112691
  469 468.5 2.58941 0.00112388
  470 469.5 2.60866 0.00113223
  471 470.5 2.57306 0.00111678
  472 471.5 2.56104 0.00111156
  473 472.5 2.56019 0.00111119
  474 473.5 2.58115 0.00112029
  475 474.5 2.57322 0.00111685
  476 475.5 2.59626 0.00112685
  477 476.5 2.62784 0.00114056
  478 477.5 2.64534 0.00114815
  479 478.5 2.63751 0.00114475
  480 479.5 2.64348 0.00114734
57500000 480 5822.000000000003
  1 0.5 3.06036 0.00132828
  2 1.5 3.0813 0.00133737
  3 2.5 3.09639 0.00134392
  4 3.5 3.05734 0.00132697
  5 4.5 3.05412 0.00132557
  6 5.5 3.06956 0.00133227
  7 6.5 3.06352 0.00132965
  8 7.5 3.0395 0.00131923
  9 8.5 3.03066 0.00131539
  10 9.5 3.04116 0.00131995
  11 10.5 3.02627 0.00131349
  12 11.5 3.00424 0.00130392
  13 12.5 2.98617 0.00129608
  14 13.5 2.98102 0.00129384
  15 14.5 2.9704 0.00128924
  16 15.5 2.95682 0.00128334
  17 16.5 2.95988 0.00128467
  18 17.5 2.9455 0.00127843
  19 18.5 2.9299 0.00127166
  20 19.5 2.95699 0.00128342
  21 20.5 2.9811 0.00129388
  22 21.5 2.99574 0.00130023
  23 22.5 3.02306 0.00131209
  24 23.5 3.01736 0.00130962
  25 24.5 3.02686 0.00131374
  26 25.5 3.00044 0.00130227
  27 26.5 3.01926 0.00131044
  28 27.5 2.99805 0.00130124
  29 28.5 2.9872 0.00129653
  30 29.5 3.00553 0.00130448
  31 30.5 3.04437 0.00132134
  32 31.5 3.02895 0.00131465
  33 32.5 3.01714 0.00130952
  34 33.5 3.0345 0.00131706
  35 34.5 3.00492 0.00130422
  36 35.5 3.03028 0.00131523
  37 36.5 3.02627 0.00131349
  38 37.5 2.99535 0.00130007
  39 38.5 2.96258 0.00128584
  40 39.5 2.93041 0.00127188
  41 40.5 2.95601 0.00128299
  42 41.5 2.92486 0.00126947
  43 42.5 2.904 0.00126042
  44 43.5 2.84487 0.00123475
  45 44.5 2.82446 0.0012259
  46 45.5 2.79767 0.00121427
  47 46.5 2.77099 0.00120269
  48 47.5 2.72355 0.0011821
  49 48.5 2.73211 0.00118581
  50 49.5 2.69518 0.00116978
  51 50.5 2.67266 0.00116001
  52 51.5 2.66346 0.00115602
  53 52.5 2.62057 0.0011374
  54 53.5 2.59246 0.0011252
  55 54.5 2.6093 0.00113251
  56 55.5 2.60496 0.00113062
  57 56.5 2.60514 0.0011307
  58 57.5 2.6305 0.00114171
  59 58.5 2.6307 0.0011418
  60 59.5 2.65174 0.00115093
  61 60.5 2.70596 0.00117446
  62 61.5 2.77442 0.00120418
  63 62.5 2.82214 0.00122489
  64 63.5 2.8693 0.00124535
  65 64.5 2.93717 0.00127481
  66 65.5 3.03802 0.00131858
  67 66.5 3.05486 0.00132589
  68 67.5 3.03302 0.00131642
  69 68.5 3.03629 0.00131783
  70 69.5 2.95007 0.00128041
  71 70.5 2.78287 0.00120784
  72 71.5 2.5673 0.00111428
  73 72.5 2.32259 0.00100807
  74 73.5 2.03738 0.000884281
  75 74.5 1.7071 0.000740931
  76 75.5 1.40586 0.000610184
  77 76.5 1.12079 0.000486455
  78 77.5 0.891176 0.000386795
  79 78.5 0.694736 0.000301535
  80 79.5 0.564592 0.000245049
  81 80.5 0.461864 0.000200462
  82 81.5 0.387704 0.000168274
  83 82.5 0.339656 0.00014742
  84 83.5 0.315464 0.00013692
  85 84.5 0.295192 0.000128122
  86 85.5 0.277016 0.000120233
  87 86.5 0.265712 0.000115326
  88 87.5 0.256144 0.000111174
  89 88.5 0.247016 0.000107212
  90 89.5 0.243144 0.000105531
  91 90.5 0.239184 0.000103812
  92 91.5 0.242096 0.000105076
  93 92.5 0.236936 0.000102837
  94 93.5 0.238208 0.000103389
  95 94.5 0.24016 0.000104236
  96 95.5 0.237552 0.000103104
  97 96.5 0.24388 0.000105851
  98 97.5 0.242816 0.000105389
  99 98.5 0.241584 0.000104854
  100 99.5 0.23628 0.000102552
  101 100.5 0.234184 0.000101642
  102 101.5 0.242384 0.000105201
  103 102.5 0.237944 0.000103274
  104 103.5 0.230096 9.98681e-05
  105 104.5 0.23824 0.000103403
  106 105.5 0.235088 0.000102035
  107 106.5 0.22972 9.97049e-05
  108 107.5 0.228632 9.92326e-05
  109 108.5 0.228816 9.93125e-05
  110 109.5 0.229368 9.95521e-05
  111 110.5 0.225968 9.80764e-05
  112 111.5 0.22888 9.93403e-05
  113 112.5 0.226736 9.84097e-05
  114 113.5 0.227696 9.88264e-05
  115 114.5 0.233824 0.000101486
  116 115.5 0.23568 0.000102292
  117 116.5 0.240456 0.000104365
  118 117.5 0.243656 0.000105753
  119 118.5 0.242784 0.000105375
  120 119.5 0.244072 0.000105934
  121 120.5 0.241752 0.000104927
  122 121.5 0.243632 0.000105743
  123 122.5 0.243048 0.00010549
  124 123.5 0.249024 0.000108083
  125 124.5 0.245536 0.000106569
  126 125.5 0.24208 0.000105069
  127 126.5 0.245232 0.000106438
  128 127.5 0.247888 0.00010759
  129 128.5 0.249264 0.000108187
  130 129.5 0.257456 0.000111743
  131 130.5 0.253072 0.00010984
  132 131.5 0.23984 0.000104097
  133 132.5 0.242688 0.000105333
  134 133.5 0.245488 0.000106549
  135 134.5 0.252536 0.000109608
  136 135.5 0.249824 0.000108431
  137 136.5 0.244728 0.000106219
  138 137.5 0.247808 0.000107556
  139 138.5 0.24456 0.000106146
  140 139.5 0.2432 0.000105556
  141 140.5 0.242912 0.000105431
  142 141.5 0.248544 0.000107875
  143 142.5 0.245768 0.00010667
  144 143.5 0.246856 0.000107142
  145 144.5 0.245608 0.000106601
  146 145.5 0.24776 0.000107535
  147 146.5 0.248104 0.000107684
  148 147.5 0.23984 0.000104097
  149 148.5 0.23884 0.000103663
  150 149.5 0.240632 0.000104441
  151 150.5 0.239264 0.000103847
  152 151.5 0.241672 0.000104892
  153 152.5 0.249736 0.000108392
  154 153.5 0.248472 0.000107844
  155 154.5 0.244344 0.000106052
  156 155.5 0.248328 0.000107781
  157 156.5 0.239288 0.000103858
  158 157.5 0.23644 0.000102622
  159 158.5 0.236392 0.000102601
  160 159.5 0.242624 0.000105306
  161 160.5 0.244888 0.000106288
  162 161.5 0.242168 0.000105108
  163 162.5 0.244728 0.000106219
  164 163.5 0.241624 0.000104872
  165 164.5 0.248536 0.000107872
  166 165.5 0.245872 0.000106715
  167 166.5 0.2462 0.000106858
  168 167.5 0.2476 0.000107465
  169 168.5 0.245312 0.000106472
  170 169.5 0.240456 0.000104365
  171 170.5 0.241784 0.000104941
  172 171.5 0.237712 0.000103174
  173 172.5 0.243416 0.000105649
  174 173.5 0.246416 0.000106951
  175 174.5 0.242688 0.000105333
  176 175.5 0.245936 0.000106743
  177 176.5 0.251328 0.000109083
  178 177.5 0.250992 0.000108937
  179 178.5 0.24284 0.000105399
  180 179.5 0.242936 0.000105441
  181 180.5 0.242744 0.000105358
  182 181.5 0.243472 0.000105674
  183 182.5 0.241384 0.000104767
  184 183.5 0.23868 0.000103594
  185 184.5 0.242168 0.000105108
  186 185.5 0.24132 0.00010474
  187 186.5 0.24048 0.000104375
  188 187.5 0.241936 0.000105007
  189 188.5 0.23764 0.000103142
  190 189.5 0.24 0.000104167
  191 190.5 0.239632 0.000104007
  192 191.5 0.239704 0.000104038
  193 192.5 0.23684 0.000102795
  194 193.5 0.239672 0.000104024
  195 194.5 0.238464 0.0001035
  196 195.5 0.242128 0.00010509
  197 196.5 0.242512 0.000105257
  198 197.5 0.24192 0.000105
  199 198.5 0.242624 0.000105306
  200 199.5 0.246936 0.000107177
  201 200.5 0.243056 0.000105493
  202 201.5 0.239208 0.000103823
  203 202.5 0.240664 0.000104455
  204 203.5 0.241064 0.000104628
  205 204.5 0.238336 0.000103444
  206 205.5 0.235848 0.000102365
  207 206.5 0.235496 0.000102212
  208 207.5 0.239936 0.000104139
  209 208.5 0.243328 0.000105611
  210 209.5 0.243984 0.000105896
  211 210.5 0.250712 0.000108816
  212 211.5 0.24788 0.000107587
  213 212.5 0.249632 0.000108347
  214 213.5 0.250136 0.000108566
  215 214.5 0.262864 0.00011409
  216 215.5 0.279304 0.000121226
  217 216.5 0.297176 0.000128983
  218 217.5 0.332464 0.000144299
  219 218.5 0.391912 0.000170101
  220 219.5 0.466064 0.000202285
  221 220.5 0.581872 0.000252549
  222 221.5 0.7544 0.000327431
  223 222.5 0.976512 0.000423833
  224 223.5 1.29502 0.000562073
  225 224.5 1.74228 0.000756198
  226 225.5 2.3135 0.00100413
  227 226.5 3.04942 0.00132353
  228 227.5 3.96484 0.00172085
  229 228.5 5.12619 0.00222491
  230 229.5 6.49385 0.00281851
  231 230.5 8.1546 0.00353932
  232 231.5 10.0738 0.0043723
  233 232.5 12.1685 0.00528148
  234 233.5 14.5078 0.00629678
  235 234.5 16.9764 0.00736821
  236 235.5 19.4229 0.00843009
  237 236.5 21.7608 0.00944479
  238 237.5 23.9968 0.0104153
  239 238.5 25.8096 0.0112021
  240 239.5 27.3844 0.0118856
  241 240.5 28.8544 0.0125236
  242 241.5 29.8064 0.0129368
  243 242.5 30.5996 0.0132811
  244 243.5 31.2148 0.0135481
  245 244.5 31.8254 0.0138131
  246 245.5 32.1728 0.0139639
  247 246.5 32.4178 0.0140702
  248 247.5 32.6881 0.0141875
  249 248.5 32.9071 0.0142826
  250 249.5 33.0663 0.0143517
  251 250.5 33.1365 0.0143821
  252 251.5 33.2805 0.0144447
  253 252.5 33.3189 0.0144613
  254 253.5 33.2966 0.0144517
  255 254.5 33.403 0.0144978
  256 255.5 33.4714 0.0145275
  257 256.5 33.5024 0.014541
  258 257.5 33.3684 0.0144828
  259 258.5 33.6562 0.0146077
  260 259.5 33.5899 0.0145789
  261 260.5 33.5646 0.014568
  262 261.5 33.5787 0.0145741
  263 262.5 33.7046 0.0146287
  264 263.5 33.598 0.0145825
  265 264.5 33.6246 0.014594
  266 265.5 33.6369 0.0145993
  267 266.5 33.7052 0.014629
  268 267.5 33.6771 0.0146168
  269 268.5 33.693 0.0146237
  270 269.5 33.6771 0.0146168
  271 270.5 33.6213 0.0145926
  272 271.5 33.6953 0.0146247
  273 272.5 33.7131 0.0146324
  274 273.5 33.7164 0.0146339
  275 274.5 33.7308 0.0146401
  276 275.5 33.6092 0.0145873
  277 276.5 33.7223 0.0146364
  278 277.5 33.7396 0.0146439
  279 278.5 33.7235 0.0146369
  280 279.5 33.6887 0.0146218
  281 280.5 33.8246 0.0146808
  282 281.5 33.7846 0.0146634
  283 282.5 33.6761 0.0146164
  284 283.5 33.7904 0.014666
  285 284.5 33.8257 0.0146813
  286 285.5 33.8499 0.0146918
  287 286.5 33.7488 0.0146479
  288 287.5 33.8176 0.0146778
  289 288.5 33.8968 0.0147122
  290 289.5 33.8537 0.0146934
  291 290.5 33.8603 0.0146963
  292 291.5 33.9535 0.0147368
  293 292.5 33.9465 0.0147337
  294 293.5 33.8682 0.0146998
  295 294.5 33.8583 0.0146955
  296 295.5 33.8817 0.0147056
  297 296.5 33.9465 0.0147337
  298 297.5 33.8016 0.0146708
  299 298.5 33.9055 0.0147159
  300 299.5 33.9257 0.0147247
  301 300.5 33.7835 0.014663
  302 301.5 33.8264 0.0146816
  303 302.5 33.8826 0.014706
  304 303.5 33.9275 0.0147255
  305 304.5 33.8239 0.0146805
  306 305.5 33.745 0.0146463
  307 306.5 33.9272 0.0147254
  308 307.5 33.8032 0.0146715
  309 308.5 33.6941 0.0146242
  310 309.5 33.8045 0.0146721
  311 310.5 33.9396 0.0147307
  312 311.5 33.7288 0.0146392
  313 312.5 33.7958 0.0146683
  314 313.5 33.8802 0.014705
  315 314.5 33.9082 0.0147171
  316 315.5 33.8522 0.0146928
  317 316.5 33.9508 0.0147356
  318 317.5 33.9049 0.0147157
  319 318.5 33.833 0.0146844
  320 319.5 33.8641 0.014698
  321 320.5 33.8658 0.0146987
  322 321.5 33.8033 0.0146716
  323 322.5 33.7662 0.0146555
  324 323.5 33.842 0.0146884
  325 324.5 33.8134 0.014676
  326 325.5 33.7786 0.0146608
  327 326.5 33.8439 0.0146892
  328 327.5 33.8545 0.0146938
  329 328.5 33.8572 0.014695
  330 329.5 33.7638 0.0146544
  331 330.5 33.7881 0.014665
  332 331.5 33.896 0.0147118
  333 332.5 33.7701 0.0146572
  334 333.5 33.8376 0.0146864
  335 334.5 33.9076 0.0147168
  336 335.5 33.8963 0.014712
  337 336.5 33.8251 0.014681
  338 337.5 33.7865 0.0146643
  339 338.5 33.9131 0.0147192
  340 339.5 33.9008 0.0147139
  341 340.5 33.7656 0.0146552
  342 341.5 33.7297 0.0146396
  343 342.5 33.8422 0.0146884
  344 343.5 33.7574 0.0146516
  345 344.5 33.5785 0.014574
  346 345.5 33.7145 0.014633
  347 346.5 33.7534 0.0146499
  348 347.5 33.5647 0.014568
  349 348.5 33.5975 0.0145822
  350 349.5 33.6945 0.0146243
  351 350.5 33.66 0.0146094
  352 351.5 33.549 0.0145612
  353 352.5 33.7269 0.0146384
  354 353.5 33.7019 0.0146275
  355 354.5 33.6929 0.0146237
  356 355.5 33.7188 0.0146349
  357 356.5 33.7854 0.0146638
  358 357.5 33.7414 0.0146447
  359 358.5 33.6971 0.0146255
  360 359.5 33.7839 0.0146631
  361 360.5 33.7603 0.0146529
  362 361.5 33.8147 0.0146765
  363 362.5 33.7318 0.0146406
  364 363.5 33.7713 0.0146577
  365 364.5 33.7936 0.0146673
  366 365.5 33.6445 0.0146026
  367 366.5 33.7498 0.0146483
  368 367.5 33.6559 0.0146076
  369 368.5 33.6469 0.0146037
  370 369.5 33.5356 0.0145554
  371 370.5 33.5839 0.0145764
  372 371.5 33.5018 0.0145407
  373 372.5 33.4809 0.0145316
  374 373.5 33.4873 0.0145344
  375 374.5 33.4914 0.0145362
  376 375.5 33.3853 0.0144902
  377 376.5 33.365 0.0144813
  378 377.5 33.3434 0.0144719
  379 378.5 33.2524 0.0144325
  380 379.5 33.0457 0.0143427
  381 380.5 32.9272 0.0142913
  382 381.5 32.7565 0.0142172
  383 382.5 32.3164 0.0140262
  384 383.5 31.8554 0.0138261
  385 384.5 31.3662 0.0136138
  386 385.5 30.648 0.0133021
  387 386.5 29.5735 0.0128357
  388 387.5 28.322 0.0122925
  389 388.5 26.9822 0.011711
  390 389.5 25.1761 0.0109271
  391 390.5 23.0039 0.00998433
  392 391.5 20.7347 0.00899944
  393 392.5 18.2571 0.00792407
  394 393.5 15.7894 0.00685302
  395 394.5 13.3642 0.00580042
  396 395.5 11.2218 0.00487056
  397 396.5 9.34285 0.00405506
  398 397.5 7.81747 0.003393
  399 398.5 6.57591 0.00285413
  400 399.5 5.55482 0.00241094
  401 400.5 4.84498 0.00210286
  402 401.5 4.2909 0.00186237
  403 402.5 3.85758 0.0016743
  404 403.5 3.52654 0.00153061
  405 404.5 3.32481 0.00144306
  406 405.5 3.15806 0.00137068
  407 406.5 3.02315 0.00131213
  408 407.5 2.92165 0.00126808
  409 408.5 2.84214 0.00123357
  410 409.5 2.80625 0.00121799
  411 410.5 2.77704 0.00120531
  412 411.5 2.75548 0.00119595
  413 412.5 2.7181 0.00117973
  414 413.5 2.71274 0.0011774
  415 414.5 2.68628 0.00116592
  416 415.5 2.68165 0.00116391
  417 416.5 2.73176 0.00118566
  418 417.5 2.75148 0.00119422
  419 418.5 2.71846 0.00117989
  420 419.5 2.70653 0.00117471
  421 420.5 2.6695 0.00115864
  422 421.5 2.63106 0.00114195
  423 422.5 2.6213 0.00113772
  424 423.5 2.62937 0.00114122
  425 424.5 2.60646 0.00113127
  426 425.5 2.60607 0.00113111
  427 426.5 2.59958 0.00112829
  428 427.5 2.59766 0.00112746
  429 428.5 2.59317 0.00112551
  430 429.5 2.58572 0.00112227
  431 430.5 2.57558 0.00111787
  432 431.5 2.56928 0.00111514
  433 432.5 2.58129 0.00112035
  434 433.5 2.57681 0.00111841
  435 434.5 2.551 0.0011072
  436 435.5 2.55035 0.00110692
  437 436.5 2.53589 0.00110065
  438 437.5 2.50518 0.00108732
  439 438.5 2.49998 0.00108506
  440 439.5 2.49976 0.00108497
  441 440.5 2.51612 0.00109207
  442 441.5 2.53442 0.00110001
  443 442.5 2.55564 0.00110922
  444 443.5 2.62778 0.00114053
  445 444.5 2.63931 0.00114553
  446 445.5 2.68408 0.00116497
  447 446.5 2.71405 0.00117797
  448 447.5 2.74698 0.00119227
  449 448.5 2.79184 0.00121174
  450 449.5 2.8423 0.00123364
  451 450.5 2.84542 0.00123499
  452 451.5 2.83852 0.001232
  453 452.5 2.87193 0.0012465
  454 453.5 2.86042 0.0012415
  455 454.5 2.86154 0.00124199
  456 455.5 2.85756 0.00124026
  457 456.5 2.86782 0.00124472
  458 457.5 2.88492 0.00125214
  459 458.5 2.87989 0.00124995
  460 459.5 2.89428 0.0012562
  461 460.5 2.87222 0.00124662
  462 461.5 2.86893 0.00124519
  463 462.5 2.91106 0.00126348
  464 463.5 2.94788 0.00127946
  465 464.5 2.949 0.00127995
  466 465.5 2.96842 0.00128838
  467 466.5 2.988 0.00129688
  468 467.5 2.96882 0.00128855
  469 468.5 2.99257 0.00129886
  470 469.5 2.95098 0.00128081
  471 470.5 2.92284 0.00126859
  472 471.5 2.91747 0.00126626
  473 472.5 2.90966 0.00126287
  474 473.5 2.92452 0.00126932
  475 474.5 2.95545 0.00128275
  476 475.5 2.96617 0.0012874
  477 476.5 2.97825 0.00129264
  478 477.5 3.03492 0.00131724
  479 478.5 3.03805 0.0013186
  480 479.5 3.03994 0.00131942
60000000 480 5821.9999999999945
  1 0.5 2.91114 0.00126352
  2 1.5 2.86492 0.00124345
  3 2.5 2.89324 0.00125575
  4 3.5 2.9015 0.00125933
  5 4.5 2.88494 0.00125215
  6 5.5 2.89927 0.00125836
  7 6.5 2.90038 0.00125885
  8 7.5 2.91853 0.00126672
  9 8.5 2.89924 0.00125835
  10 9.5 2.89409 0.00125611
  11 10.5 2.87717 0.00124877
  12 11.5 2.83194 0.00122914
  13 12.5 2.81606 0.00122225
  14 13.5 2.82587 0.00122651
  15 14.5 2.81602 0.00122223
  16 15.5 2.81333 0.00122106
  17 16.5 2.80894 0.00121916
  18 17.5 2.83002 0.00122831
  19 18.5 2.88658 0.00125286
  20 19.5 2.86211 0.00124224
  21 20.5 2.87042 0.00124584
  22 21.5 2.91598 0.00126562
  23 22.5 2.92445 0.00126929
  24 23.5 2.96232 0.00128573
  25 24.5 2.97532 0.00129137
  26 25.5 3.01427 0.00130828
  27 26.5 3.01913 0.00131039
  28 27.5 3.00105 0.00130254
  29 28.5 2.95527 0.00128267
  30 29.5 2.92934 0.00127142
  31 30.5 2.91031 0.00126316
  32 31.5 2.91266 0.00126418
  33 32.5 2.94317 0.00127742
  34 33.5 2.91206 0.00126391
  35 34.5 2.93018 0.00127178
  36 35.5 2.93796 0.00127516
  37 36.5 2.95594 0.00128296
  38 37.5 2.94782 0.00127944
  39 38.5 2.94786 0.00127945
  40 39.5 2.9594 0.00128446
  41 40.5 2.9701 0.0012891
  42 41.5 2.94102 0.00127649
  43 42.5 2.97603 0.00129168
  44 43.5 3.00639 0.00130486
  45 44.5 3.04822 0.00132301
  46 45.5 3.05234 0.0013248
  47 46.5 3.07003 0.00133248
  48 47.5 3.07659 0.00133533
  49 48.5 3.08988 0.00134109
  50 49.5 3.14893 0.00136672
  51 50.5 3.19054 0.00138478
  52 51.5 3.18796 0.00138366
  53 52.5 3.1859 0.00138277
  54 53.5 3.23808 0.00140542
  55 54.5 3.25617 0.00141327
  56 55.5 3.26083 0.00141529
  57 56.5 3.30122 0.00143282
  58 57.5 3.31261 0.00143776
  59 58.5 3.34747 0.0014529
  60 59.5 3.40343 0.00147718
  61 60.5 3.40134 0.00147627
  62 61.5 3.40242 0.00147675
  63 62.5 3.46835 0.00150536
  64 63.5 3.48655 0.00151326
  65 64.5 3.49642 0.00151754
  66 65.5 3.48917 0.0015144
  67 66.5 3.43524 0.00149099
  68 67.5 3.35391 0.00145569
  69 68.5 3.19642 0.00138733
  70 69.5 2.97049 0.00128927
  71 70.5 2.68658 0.00116605
  72 71.5 2.33891 0.00101515
  73 72.5 1.96638 0.000853465
  74 73.5 1.61872 0.000702569
  75 74.5 1.29894 0.000563778
  76 75.5 1.02301 0.000444014
  77 76.5 0.812032 0.000352444
  78 77.5 0.649368 0.000281844
  79 78.5 0.530592 0.000230292
  80 79.5 0.436208 0.000189326
  81 80.5 0.370032 0.000160604
  82 81.5 0.333544 0.000144767
  83 82.5 0.313976 0.000136274
  84 83.5 0.30152 0.000130868
  85 84.5 0.28296 0.000122813
  86 85.5 0.270584 0.000117441
  87 86.5 0.262904 0.000114108
  88 87.5 0.26192 0.000113681
  89 88.5 0.265816 0.000115372
  90 89.5 0.26872 0.000116632
  91 90.5 0.257944 0.000111955
  92 91.5 0.250632 0.000108781
  93 92.5 0.25452 0.000110469
  94 93.5 0.256344 0.00011126
  95 94.5 0.248736 0.000107958
  96 95.5 0.250664 0.000108795
  97 96.5 0.247416 0.000107385
  98 97.5 0.250784 0.000108847
  99 98.5 0.252304 0.000109507
  100 99.5 0.24868 0.000107934
  101 100.5 0.247096 0.000107247
  102 101.5 0.246704 0.000107076
  103 102.5 0.250288 0.000108632
  104 103.5 0.246952 0.000107184
  105 104.5 0.245888 0.000106722
  106 105.5 0.254368 0.000110403
  107 106.5 0.250904 0.000108899
  108 107.5 0.2542 0.00011033
  109 108.5 0.251088 0.000108979
  110 109.5 0.253936 0.000110215
  111 110.5 0.25652 0.000111337
  112 111.5 0.25552 0.000110903
  113 112.5 0.255856 0.000111049
  114 113.5 0.260216 0.000112941
  115 114.5 0.259552 0.000112653
  116 115.5 0.262584 0.000113969
  117 116.5 0.252256 0.000109486
  118 117.5 0.255312 0.000110813
  119 118.5 0.258192 0.000112063
  120 119.5 0.251608 0.000109205
  121 120.5 0.249712 0.000108382
  122 121.5 0.248632 0.000107913
  123 122.5 0.250768 0.00010884
  124 123.5 0.247368 0.000107365
  125 124.5 0.246904 0.000107163
  126 125.5 0.2372 0.000102951
  127 126.5 0.241416 0.000104781
  128 127.5 0.236016 0.000102438
  129 128.5 0.239808 0.000104083
  130 129.5 0.2344 0.000101736
  131 130.5 0.232776 0.000101031
  132 131.5 0.231216 0.000100354
  133 132.5 0.23892 0.000103698
  134 133.5 0.246456 0.000106969
  135 134.5 0.239224 0.00010383
  136 135.5 0.241752 0.000104927
  137 136.5 0.243072 0.0001055
  138 137.5 0.24824 0.000107743
  139 138.5 0.237192 0.000102948
  140 139.5 0.236208 0.000102521
  141 140.5 0.23884 0.000103663
  142 141.5 0.241616 0.000104868
  143 142.5 0.242568 0.000105281
  144 143.5 0.244584 0.000106156
  145 144.5 0.240256 0.000104278
  146 145.5 0.244792 0.000106247
  147 146.5 0.2394 0.000103906
  148 147.5 0.243464 0.00010567
  149 148.5 0.243304 0.000105601
  150 149.5 0.245432 0.000106524
  151 150.5 0.24252 0.00010526
  152 151.5 0.241312 0.000104736
  153 152.5 0.239752 0.000104059
  154 153.5 0.241296 0.000104729
  155 154.5 0.239448 0.000103927
  156 155.5 0.235864 0.000102372
  157 156.5 0.236632 0.000102705
  158 157.5 0.238776 0.000103635
  159 158.5 0.23608 0.000102465
  160 159.5 0.237544 0.000103101
  161 160.5 0.235656 0.000102281
  162 161.5 0.236896 0.000102819
  163 162.5 0.236888 0.000102816
  164 163.5 0.237096 0.000102906
  165 164.5 0.242608 0.000105299
  166 165.5 0.237936 0.000103271
  167 166.5 0.232304 0.000100826
  168 167.5 0.230696 0.000100128
  169 168.5 0.232304 0.000100826
  170 169.5 0.2324 0.000100868
  171 170.5 0.235328 0.000102139
  172 171.5 0.230416 0.000100007
  173 172.5 0.229224 9.94896e-05
  174 173.5 0.231232 0.000100361
  175 174.5 0.235752 0.000102323
  176 175.5 0.238776 0.000103635
  177 176.5 0.236304 0.000102563
  178 177.5 0.231528 0.00010049
  179 178.5 0.233544 0.000101365
  180 179.5 0.235968 0.000102417
  181 180.5 0.229376 9.95556e-05
  182 181.5 0.234232 0.000101663
  183 182.5 0.232848 0.000101062
  184 183.5 0.230888 0.000100212
  185 184.5 0.227912 9.89201e-05
  186 185.5 0.225208 9.77465e-05
  187 186.5 0.226376 9.82535e-05
  188 187.5 0.228096 9.9e-05
  189 188.5 0.23176 0.00010059
  190 189.5 0.233112 0.000101177
  191 190.5 0.233584 0.000101382
  192 191.5 0.23008 9.98611e-05
  193 192.5 0.230944 0.000100236
  194 193.5 0.23216 0.000100764
  195 194.5 0.23544 0.000102187
  196 195.5 0.235584 0.00010225
  197 196.5 0.229696 9.96944e-05
  198 197.5 0.238424 0.000103483
  199 198.5 0.2382 0.000103385
  200 199.5 0.238968 0.000103719
  201 200.5 0.237272 0.000102983
  202 201.5 0.236776 0.000102767
  203 202.5 0.240856 0.000104538
  204 203.5 0.23648 0.000102639
  205 204.5 0.233456 0.000101326
  206 205.5 0.237016 0.000102872
  207 206.5 0.23924 0.000103837
  208 207.5 0.23776 0.000103194
  209 208.5 0.236592 0.000102687
  210 209.5 0.238912 0.000103694
  211 210.5 0.24512 0.000106389
  212 211.5 0.253424 0.000109993
  213 212.5 0.264464 0.000114785
  214 213.5 0.280784 0.000121868
  215 214.5 0.309384 0.000134281
  216 215.5 0.346592 0.000150431
  217 216.5 0.394032 0.000171021
  218 217.5 0.488288 0.000211931
  219 218.5 0.602296 0.000261413
  220 219.5 0.74472 0.000323229
  221 220.5 0.959288 0.000416358
  222 221.5 1.23778 0.000537229
  223 222.5 1.60162 0.000695149
  224 223.5 2.1079 0.000914889
  225 224.5 2.72742 0.00118378
  226 225.5 3.46697 0.00150476
  227 226.5 4.33915 0.00188331
  228 227.5 5.40404 0.0023455
  229 228.5 6.61078 0.00286926
  230 229.5 8.05399 0.00349566
  231 230.5 9.77481 0.00424254
  232 231.5 11.6454 0.00505442
  233 232.5 13.773 0.00597785
  234 233.5 15.9827 0.00693692
  235 234.5 18.3213 0.00795194
  236 235.5 20.5482 0.00891847
  237 236.5 22.6422 0.00982735
  238 237.5 24.7117 0.0107255
  239 238.5 26.4099 0.0114626
  240 239.5 27.87 0.0120964
  241 240.5 29.0159 0.0125937
  242 241.5 30.038 0.0130373
  243 242.5 30.8165 0.0133752
  244 243.5 31.2953 0.013583
  245 244.5 31.7387 0.0137755
  246 245.5 32.1822 0.013968
  247 246.5 32.4976 0.0141049
  248 247.5 32.5909 0.0141454
  249 248.5 32.9021 0.0142804
  250 249.5 33.0178 0.0143306
  251 250.5 33.0806 0.0143579
  252 251.5 33.1308 0.0143797
  253 252.5 33.2246 0.0144204
  254 253.5 33.2438 0.0144287
  255 254.5 33.2273 0.0144216
  256 255.5 33.3347 0.0144682
  257 256.5 33.3345 0.0144681
  258 257.5 33.3177 0.0144608
  259 258.5 33.4085 0.0145002
  260 259.5 33.3797 0.0144877
  261 260.5 33.343 0.0144718
  262 261.5 33.4624 0.0145236
  263 262.5 33.451 0.0145187
  264 263.5 33.3509 0.0144752
  265 264.5 33.4716 0.0145276
  266 265.5 33.5088 0.0145437
  267 266.5 33.4235 0.0145067
  268 267.5 33.422 0.0145061
  269 268.5 33.5757 0.0145728
  270 269.5 33.5381 0.0145565
  271 270.5 33.4396 0.0145137
  272 271.5 33.4306 0.0145098
  273 272.5 33.4462 0.0145166
  274 273.5 33.4073 0.0144997
  275 274.5 33.3827 0.014489
  276 275.5 33.4282 0.0145088
  277 276.5 33.4935 0.0145371
  278 277.5 33.4304 0.0145097
  279 278.5 33.3971 0.0144953
  280 279.5 33.4619 0.0145234
  281 280.5 33.5002 0.01454
  282 281.5 33.342 0.0144714
  283 282.5 33.387 0.0144909
  284 283.5 33.4041 0.0144983
  285 284.5 33.2335 0.0144243
  286 285.5 33.2784 0.0144437
  287 286.5 33.3452 0.0144728
  288 287.5 33.344 0.0144722
  289 288.5 33.2957 0.0144512
  290 289.5 33.3067 0.014456
  291 290.5 33.3797 0.0144877
  292 291.5 33.4207 0.0145055
  293 292.5 33.3836 0.0144894
  294 293.5 33.5041 0.0145417
  295 294.5 33.4218 0.014506
  296 295.5 33.3378 0.0144695
  297 296.5 33.4148 0.0145029
  298 297.5 33.4608 0.0145229
  299 298.5 33.3731 0.0144849
  300 299.5 33.4468 0.0145169
  301 300.5 33.5219 0.0145494
  302 301.5 33.4405 0.0145141
  303 302.5 33.4547 0.0145203
  304 303.5 33.4806 0.0145315
  305 304.5 33.4803 0.0145314
  306 305.5 33.4735 0.0145284
  307 306.5 33.468 0.0145261
  308 307.5 33.4818 0.014532
  309 308.5 33.4994 0.0145397
  310 309.5 33.4243 0.0145071
  311 310.5 33.4703 0.014527
  312 311.5 33.4621 0.0145235
  313 312.5 33.5238 0.0145503
  314 313.5 33.4966 0.0145385
  315 314.5 33.5259 0.0145512
  316 315.5 33.5493 0.0145613
  317 316.5 33.587 0.0145777
  318 317.5 33.5526 0.0145628
  319 318.5 33.5655 0.0145684
  320 319.5 33.5268 0.0145516
  321 320.5 33.6242 0.0145938
  322 321.5 33.5472 0.0145604
  323 322.5 33.5473 0.0145604
  324 323.5 33.6457 0.0146032
  325 324.5 33.6694 0.0146135
  326 325.5 33.6387 0.0146001
  327 326.5 33.6763 0.0146164
  328 327.5 33.6454 0.0146031
  329 328.5 33.6897 0.0146223
  330 329.5 33.6951 0.0146246
  331 330.5 33.6652 0.0146116
  332 331.5 33.6752 0.014616
  333 332.5 33.6337 0.0145979
  334 333.5 33.6402 0.0146008
  335 334.5 33.6414 0.0146013
  336 335.5 33.5773 0.0145735
  337 336.5 33.573 0.0145716
  338 337.5 33.5707 0.0145706
  339 338.5 33.4288 0.014509
  340 339.5 33.458 0.0145217
  341 340.5 33.4649 0.0145247
  342 341.5 33.3693 0.0144832
  343 342.5 33.3202 0.0144619
  344 343.5 33.4328 0.0145108
  345 344.5 33.3267 0.0144647
  346 345.5 33.3517 0.0144755
  347 346.5 33.4184 0.0145045
  348 347.5 33.479 0.0145308
  349 348.5 33.3603 0.0144793
  350 349.5 33.4531 0.0145196
  351 350.5 33.4101 0.0145009
  352 351.5 33.3888 0.0144917
  353 352.5 33.4066 0.0144994
  354 353.5 33.4032 0.0144979
  355 354.5 33.3986 0.0144959
  356 355.5 33.4357 0.014512
  357 356.5 33.3973 0.0144954
  358 357.5 33.422 0.0145061
  359 358.5 33.4986 0.0145393
  360 359.5 33.3569 0.0144778
  361 360.5 33.3341 0.0144679
  362 361.5 33.4485 0.0145176
  363 362.5 33.362 0.01448
  364 363.5 33.3015 0.0144538
  365 364.5 33.388 0.0144913
  366 365.5 33.4552 0.0145205
  367 366.5 33.4572 0.0145214
  368 367.5 33.412 0.0145017
  369 368.5 33.4466 0.0145168
  370 369.5 33.3797 0.0144877
  371 370.5 33.2746 0.0144421
  372 371.5 33.2191 0.014418
  373 372.5 33.2489 0.0144309
  374 373.5 33.1768 0.0143996
  375 374.5 33.1349 0.0143815
  376 375.5 33.1292 0.014379
  377 376.5 33.0842 0.0143595
  378 377.5 33.0298 0.0143359
  379 378.5 32.8839 0.0142725
  380 379.5 32.7537 0.014216
  381 380.5 32.5751 0.0141385
  382 381.5 32.3178 0.0140268
  383 382.5 32.022 0.0138984
  384 383.5 31.5982 0.0137145
  385 384.5 30.8975 0.0134104
  386 385.5 30.2508 0.0131297
  387 386.5 29.3264 0.0127285
  388 387.5 28.0647 0.0121808
  389 388.5 26.6801 0.0115799
  390 389.5 24.9972 0.0108495
  391 390.5 23.0134 0.00998845
  392 391.5 20.8913 0.00906741
  393 392.5 18.5878 0.00806763
  394 393.5 16.275 0.00706382
  395 394.5 14.0349 0.00609154
  396 395.5 11.995 0.00520617
  397 396.5 10.1711 0.00441455
  398 397.5 8.65892 0.00375821
  399 398.5 7.33673 0.00318434
  400 399.5 6.29728 0.00273319
  401 400.5 5.48918 0.00238246
  402 401.5 4.86537 0.0021117
  403 402.5 4.3449 0.00188581
  404 403.5 4.03893 0.00175301
  405 404.5 3.75048 0.00162781
  406 405.5 3.55078 0.00154114
  407 406.5 3.43286 0.00148995
  408 407.5 3.32615 0.00144364
  409 408.5 3.2979 0.00143138
  410 409.5 3.22569 0.00140004
  411 410.5 3.13215 0.00135944
  412 411.5 3.09695 0.00134416
  413 412.5 3.1329 0.00135977
  414 413.5 3.13158 0.00135919
  415 414.5 3.11587 0.00135238
  416 415.5 3.07326 0.00133388
  417 416.5 3.04266 0.0013206
  418 417.5 3.05508 0.00132599
  419 418.5 3.04961 0.00132361
  420 419.5 3.02274 0.00131195
  421 420.5 2.97705 0.00129212
  422 421.5 2.98444 0.00129533
  423 422.5 2.94414 0.00127784
  424 423.5 2.91938 0.00126709
  425 424.5 2.86634 0.00124407
  426 425.5 2.87405 0.00124742
  427 426.5 2.83846 0.00123197
  428 427.5 2.80883 0.00121911
  429 428.5 2.8046 0.00121727
  430 429.5 2.79649 0.00121375
  431 430.5 2.82915 0.00122793
  432 431.5 2.81494 0.00122176
  433 432.5 2.79078 0.00121127
  434 433.5 2.81327 0.00122104
  435 434.5 2.83768 0.00123163
  436 435.5 2.82238 0.00122499
  437 436.5 2.83411 0.00123008
  438 437.5 2.82611 0.00122661
  439 438.5 2.79804 0.00121443
  440 439.5 2.75031 0.00119371
  441 440.5 2.72846 0.00118423
  442 441.5 2.7043 0.00117374
  443 442.5 2.71227 0.0011772
  444 443.5 2.75159 0.00119427
  445 444.5 2.76082 0.00119827
  446 445.5 2.7495 0.00119336
  447 446.5 2.75123 0.00119411
  448 447.5 2.73197 0.00118575
  449 448.5 2.70282 0.0011731
  450 449.5 2.68552 0.00116559
  451 450.5 2.64445 0.00114776
  452 451.5 2.6187 0.00113659
  453 452.5 2.59898 0.00112803
  454 453.5 2.59145 0.00112476
  455 454.5 2.58127 0.00112034
  456 455.5 2.60193 0.00112931
  457 456.5 2.60646 0.00113127
  458 457.5 2.60425 0.00113032
  459 458.5 2.56113 0.0011116
  460 459.5 2.56778 0.00111449
  461 460.5 2.60102 0.00112892
  462 461.5 2.55725 0.00110992
  463 462.5 2.55276 0.00110797
  464 463.5 2.63278 0.0011427
  465 464.5 2.67521 0.00116111
  466 465.5 2.68126 0.00116374
  467 466.5 2.68888 0.00116705
  468 467.5 2.69567 0.00117
  469 468.5 2.73821 0.00118846
  470 469.5 2.73013 0.00118495
  471 470.5 2.75698 0.00119661
  472 471.5 2.78754 0.00120987
  473 472.5 2.82891 0.00122783
  474 473.5 2.82322 0.00122536
  475 474.5 2.81455 0.00122159
  476 475.5 2.82751 0.00122722
  477 476.5 2.82018 0.00122404
  478 477.5 2.8231 0.0012253
  479 478.5 2.87167 0.00124639
  480 479.5 2.90614 0.00126134
62500000 480 5821.999999999999
  1 0.5 2.75682 0.00119653
  2 1.5 2.78688 0.00120958
  3 2.5 2.81475 0.00122168
  4 3.5 2.88112 0.00125049
  5 4.5 2.89623 0.00125705
  6 5.5 2.87154 0.00124633
  7 6.5 2.90085 0.00125905
  8 7.5 2.94277 0.00127724
  9 8.5 2.93316 0.00127307
  10 9.5 2.92864 0.00127111
  11 10.5 2.91306 0.00126435
  12 11.5 2.8839 0.00125169
  13 12.5 2.85422 0.00123881
  14 13.5 2.86159 0.00124201
  15 14.5 2.85475 0.00123904
  16 15.5 2.83751 0.00123156
  17 16.5 2.8736 0.00124722
  18 17.5 2.91038 0.00126319
  19 18.5 2.9317 0.00127244
  20 19.5 2.92018 0.00126744
  21 20.5 2.9762 0.00129175
  22 21.5 2.96295 0.001286
  23 22.5 2.91904 0.00126694
  24 23.5 2.94353 0.00127757
  25 24.5 2.92965 0.00127155
  26 25.5 2.87286 0.0012469
  27 26.5 2.85687 0.00123996
  28 27.5 2.84018 0.00123272
  29 28.5 2.82072 0.00122427
  30 29.5 2.80282 0.0012165
  31 30.5 2.83463 0.00123031
  32 31.5 2.81528 0.00122191
  33 32.5 2.78166 0.00120732
  34 33.5 2.7935 0.00121246
  35 34.5 2.81073 0.00121993
  36 35.5 2.80606 0.00121791
  37 36.5 2.78707 0.00120967
  38 37.5 2.80137 0.00121587
  39 38.5 2.79173 0.00121169
  40 39.5 2.815 0.00122179
  41 40.5 2.80101 0.00121572
  42 41.5 2.78404 0.00120835
  43 42.5 2.75549 0.00119596
  44 43.5 2.71965 0.0011804
  45 44.5 2.68241 0.00116424
  46 45.5 2.6837 0.0011648
  47 46.5 2.66956 0.00115866
  48 47.5 2.6696 0.00115868
  49 48.5 2.65354 0.00115171
  50 49.5 2.65366 0.00115176
  51 50.5 2.63636 0.00114425
  52 51.5 2.62614 0.00113982
  53 52.5 2.62937 0.00114122
  54 53.5 2.64747 0.00114908
  55 54.5 2.69348 0.00116905
  56 55.5 2.70092 0.00117227
  57 56.5 2.72914 0.00118452
  58 57.5 2.73344 0.00118639
  59 58.5 2.77054 0.00120249
  60 59.5 2.78594 0.00120917
  61 60.5 2.81166 0.00122034
  62 61.5 2.86902 0.00124523
  63 62.5 2.90726 0.00126183
  64 63.5 2.94758 0.00127933
  65 64.5 2.9845 0.00129535
  66 65.5 2.99718 0.00130086
  67 66.5 3.00908 0.00130602
  68 67.5 2.95314 0.00128174
  69 68.5 2.83816 0.00123184
  70 69.5 2.67485 0.00116096
  71 70.5 2.46571 0.00107019
  72 71.5 2.13671 0.000927392
  73 72.5 1.80755 0.000784528
  74 73.5 1.4967 0.000649611
  75 74.5 1.18984 0.000516424
  76 75.5 0.936456 0.000406448
  77 76.5 0.721352 0.000313087
  78 77.5 0.578776 0.000251205
  79 78.5 0.48264 0.000209479
  80 79.5 0.394352 0.00017116
  81 80.5 0.348592 0.000151299
  82 81.5 0.317992 0.000138017
  83 82.5 0.297984 0.000129333
  84 83.5 0.286776 0.000124469
  85 84.5 0.274176 0.000119
  86 85.5 0.264872 0.000114962
  87 86.5 0.260328 0.00011299
  88 87.5 0.25304 0.000109826
  89 88.5 0.2532 0.000109896
  90 89.5 0.253024 0.000109819
  91 90.5 0.251864 0.000109316
  92 91.5 0.250696 0.000108809
  93 92.5 0.24768 0.0001075
  94 93.5 0.238912 0.000103694
  95 94.5 0.243992 0.000105899
  96 95.5 0.250032 0.000108521
  97 96.5 0.250072 0.000108538
  98 97.5 0.249952 0.000108486
  99 98.5 0.248664 0.000107927
  100 99.5 0.242392 0.000105205
  101 100.5 0.245464 0.000106538
  102 101.5 0.247864 0.00010758
  103 102.5 0.245392 0.000106507
  104 103.5 0.245512 0.000106559
  105 104.5 0.250744 0.00010883
  106 105.5 0.24692 0.00010717
  107 106.5 0.242376 0.000105198
  108 107.5 0.248264 0.000107753
  109 108.5 0.251264 0.000109056
  110 109.5 0.25796 0.000111962
  111 110.5 0.255088 0.000110715
  112 111.5 0.257656 0.00011183
  113 112.5 0.251512 0.000109163
  114 113.5 0.248272 0.000107757
  115 114.5 0.251928 0.000109344
  116 115.5 0.246976 0.000107194
  117 116.5 0.241856 0.000104972
  118 117.5 0.24804 0.000107656
  119 118.5 0.249576 0.000108323
  120 119.5 0.256712 0.00011142
  121 120.5 0.25636 0.000111267
  122 121.5 0.262672 0.000114007
  123 122.5 0.260712 0.000113156
  124 123.5 0.264864 0.000114958
  125 124.5 0.25888 0.000112361
  126 125.5 0.261152 0.000113347
  127 126.5 0.25848 0.000112187
  128 127.5 0.263392 0.000114319
  129 128.5 0.274624 0.000119194
  130 129.5 0.27044 0.000117378
  131 130.5 0.26676 0.000115781
  132 131.5 0.26352 0.000114375
  133 132.5 0.265344 0.000115167
  134 133.5 0.262408 0.000113892
  135 134.5 0.263416 0.00011433
  136 135.5 0.259944 0.000112823
  137 136.5 0.254056 0.000110267
  138 137.5 0.25608 0.000111146
  139 138.5 0.262328 0.000113858
  140 139.5 0.257576 0.000111795
  141 140.5 0.260352 0.000113
  142 141.5 0.260232 0.000112948
  143 142.5 0.252152 0.000109441
  144 143.5 0.250936 0.000108913
  145 144.5 0.245032 0.000106351
  146 145.5 0.245376 0.0001065
  147 146.5 0.248864 0.000108014
  148 147.5 0.250152 0.000108573
  149 148.5 0.253328 0.000109951
  150 149.5 0.251296 0.000109069
  151 150.5 0.249096 0.000108115
  152 151.5 0.25972 0.000112726
  153 152.5 0.250104 0.000108552
  154 153.5 0.250208 0.000108597
  155 154.5 0.25304 0.000109826
  156 155.5 0.247784 0.000107545
  157 156.5 0.24848 0.000107847
  158 157.5 0.250104 0.000108552
  159 158.5 0.244232 0.000106003
  160 159.5 0.254024 0.000110253
  161 160.5 0.245536 0.000106569
  162 161.5 0.241688 0.000104899
  163 162.5 0.242944 0.000105444
  164 163.5 0.242552 0.000105274
  165 164.5 0.241992 0.000105031
  166 165.5 0.2408 0.000104514
  167 166.5 0.24604 0.000106788
  168 167.5 0.245248 0.000106444
  169 168.5 0.246944 0.000107181
  170 169.5 0.248976 0.000108063
  171 170.5 0.247336 0.000107351
  172 171.5 0.238632 0.000103573
  173 172.5 0.233848 0.000101497
  174 173.5 0.240712 0.000104476
  175 174.5 0.243736 0.000105788
  176 175.5 0.253816 0.000110163
  177 176.5 0.256424 0.000111295
  178 177.5 0.256232 0.000111212
  179 178.5 0.246056 0.000106795
  180 179.5 0.253032 0.000109823
  181 180.5 0.250784 0.000108847
  182 181.5 0.25624 0.000111215
  183 182.5 0.255656 0.000110962
  184 183.5 0.248008 0.000107642
  185 184.5 0.249688 0.000108372
  186 185.5 0.254408 0.00011042
  187 186.5 0.256136 0.00011117
  188 187.5 0.26184 0.000113646
  189 188.5 0.258744 0.000112302
  190 189.5 0.266072 0.000115483
  191 190.5 0.26356 0.000114392
  192 191.5 0.265112 0.000115066
  193 192.5 0.264504 0.000114802
  194 193.5 0.266368 0.000115611
  195 194.5 0.267944 0.000116295
  196 195.5 0.267624 0.000116156
  197 196.5 0.263632 0.000114424
  198 197.5 0.26404 0.000114601
  199 198.5 0.26324 0.000114253
  200 199.5 0.265976 0.000115441
  201 200.5 0.264448 0.000114778
  202 201.5 0.268408 0.000116497
  203 202.5 0.261584 0.000113535
  204 203.5 0.259776 0.00011275
  205 204.5 0.258256 0.00011209
  206 205.5 0.262256 0.000113826
  207 206.5 0.2538 0.000110156
  208 207.5 0.254912 0.000110639
  209 208.5 0.255632 0.000110951
  210 209.5 0.26896 0.000116736
  211 210.5 0.269832 0.000117115
  212 211.5 0.273328 0.000118632
  213 212.5 0.288096 0.000125042
  214 213.5 0.296032 0.000128486
  215 214.5 0.309624 0.000134385
  216 215.5 0.335296 0.000145528
  217 216.5 0.384904 0.000167059
  218 217.5 0.452024 0.000196191
  219 218.5 0.539568 0.000234187
  220 219.5 0.685768 0.000297642
  221 220.5 0.897432 0.00038951
  222 221.5 1.22468 0.000531545
  223 222.5 1.68094 0.000729576
  224 223.5 2.32034 0.00100709
  225 224.5 3.15996 0.00137151
  226 225.5 4.2836 0.0018592
  227 226.5 5.67412 0.00246273
  228 227.5 7.39287 0.00320871
  229 228.5 9.39784 0.00407892
  230 229.5 11.6545 0.00505839
  231 230.5 14.0758 0.00610928
  232 231.5 16.6243 0.00721539
  233 232.5 19.2018 0.00833414
  234 233.5 21.6287 0.00938747
  235 234.5 23.8885 0.0103683
  236 235.5 25.8196 0.0112064
  237 236.5 27.4808 0.0119274
  238 237.5 28.915 0.0125499
  239 238.5 30.1176 0.0130719
  240 239.5 30.9438 0.0134305
  241 240.5 31.5269 0.0136836
  242 241.5 31.9532 0.0138686
  243 242.5 32.4742 0.0140947
  244 243.5 32.6091 0.0141532
  245 244.5 32.7543 0.0142163
  246 245.5 32.933 0.0142938
  247 246.5 33.0901 0.014362
  248 247.5 33.0967 0.0143649
  249 248.5 33.0972 0.0143651
  250 249.5 33.1251 0.0143772
  251 250.5 33.1378 0.0143827
  252 251.5 33.0544 0.0143465
  253 252.5 33.0273 0.0143348
  254 253.5 33.0668 0.0143519
  255 254.5 33.046 0.0143429
  256 255.5 33.0171 0.0143303
  257 256.5 33.0816 0.0143584
  258 257.5 33.0031 0.0143242
  259 258.5 32.9974 0.0143218
  260 259.5 32.9422 0.0142978
  261 260.5 32.9682 0.0143091
  262 261.5 32.9746 0.0143119
  263 262.5 33 0.0143229
  264 263.5 32.8999 0.0142795
  265 264.5 32.9116 0.0142845
  266 265.5 32.9168 0.0142868
  267 266.5 32.9499 0.0143012
  268 267.5 32.9892 0.0143182
  269 268.5 32.9752 0.0143122
  270 269.5 32.9636 0.0143071
  271 270.5 32.9111 0.0142843
  272 271.5 32.9166 0.0142867
  273 272.5 33.0714 0.0143539
  274 273.5 32.8504 0.014258
  275 274.5 32.8481 0.014257
  276 275.5 32.86 0.0142621
  277 276.5 32.761 0.0142192
  278 277.5 32.7438 0.0142117
  279 278.5 32.7592 0.0142184
  280 279.5 32.7812 0.014228
  281 280.5 32.7339 0.0142074
  282 281.5 32.7002 0.0141928
  283 282.5 32.7028 0.0141939
  284 283.5 32.7084 0.0141963
  285 284.5 32.6624 0.0141764
  286 285.5 32.6376 0.0141656
  287 286.5 32.673 0.014181
  288 287.5 32.6916 0.0141891
  289 288.5 32.7589 0.0142183
  290 289.5 32.7685 0.0142225
  291 290.5 32.7713 0.0142237
  292 291.5 32.7236 0.014203
  293 292.5 32.7908 0.0142321
  294 293.5 32.7116 0.0141977
  295 294.5 32.7593 0.0142185
  296 295.5 32.6836 0.0141856
  297 296.5 32.7664 0.0142215
  298 297.5 32.7019 0.0141935
  299 298.5 32.6465 0.0141695
  300 299.5 32.5804 0.0141408
  301 300.5 32.6207 0.0141583
  302 301.5 32.5864 0.0141434
  303 302.5 32.585 0.0141428
  304 303.5 32.5449 0.0141254
  305 304.5 32.5787 0.0141401
  306 305.5 32.5519 0.0141284
  307 306.5 32.603 0.0141506
  308 307.5 32.6087 0.0141531
  309 308.5 32.6621 0.0141762
  310 309.5 32.6532 0.0141724
  311 310.5 32.6368 0.0141653
  312 311.5 32.7485 0.0142137
  313 312.5 32.8061 0.0142387
  314 313.5 32.7097 0.0141969
  315 314.5 32.7267 0.0142043
  316 315.5 32.9085 0.0142832
  317 316.5 32.7915 0.0142324
  318 317.5 32.7688 0.0142226
  319 318.5 32.8774 0.0142697
  320 319.5 32.9974 0.0143218
  321 320.5 32.8932 0.0142765
  322 321.5 32.8924 0.0142762
  323 322.5 32.9202 0.0142883
  324 323.5 32.9513 0.0143018
  325 324.5 32.9111 0.0142843
  326 325.5 32.8782 0.0142701
  327 326.5 32.925 0.0142904
  328 327.5 32.9535 0.0143027
  329 328.5 32.9187 0.0142876
  330 329.5 32.9296 0.0142924
  331 330.5 32.9398 0.0142968
  332 331.5 32.9638 0.0143072
  333 332.5 32.9398 0.0142968
  334 333.5 32.9214 0.0142888
  335 334.5 32.9648 0.0143076
  336 335.5 32.947 0.0142999
  337 336.5 33.0424 0.0143413
  338 337.5 32.9979 0.014322
  339 338.5 33.0993 0.014366
  340 339.5 33.0647 0.014351
  341 340.5 33.0947 0.014364
  342 341.5 33.0323 0.014337
  343 342.5 33.1058 0.0143689
  344 343.5 33.0197 0.0143315
  345 344.5 33.0537 0.0143462
  346 345.5 33.1159 0.0143732
  347 346.5 33.0417 0.014341
  348 347.5 33.1748 0.0143988
  349 348.5 33.1641 0.0143941
  350 349.5 33.1881 0.0144046
  351 350.5 33.1222 0.0143759
  352 351.5 33.2417 0.0144278
  353 352.5 33.3112 0.014458
  354 353.5 33.2797 0.0144443
  355 354.5 33.3281 0.0144653
  356 355.5 33.4385 0.0145132
  357 356.5 33.4149 0.014503
  358 357.5 33.4571 0.0145213
  359 358.5 33.5588 0.0145654
  360 359.5 33.5204 0.0145488
  361 360.5 33.4976 0.0145389
  362 361.5 33.6055 0.0145857
  363 362.5 33.6565 0.0146078
  364 363.5 33.6542 0.0146069
  365 364.5 33.6045 0.0145853
  366 365.5 33.7784 0.0146608
  367 366.5 33.6847 0.0146201
  368 367.5 33.6496 0.0146049
  369 368.5 33.7362 0.0146424
  370 369.5 33.711 0.0146315
  371 370.5 33.545 0.0145595
  372 371.5 33.7012 0.0146273
  373 372.5 33.6294 0.0145961
  374 373.5 33.6448 0.0146028
  375 374.5 33.6321 0.0145973
  376 375.5 33.639 0.0146003
  377 376.5 33.5197 0.0145485
  378 377.5 33.458 0.0145217
  379 378.5 33.3888 0.0144917
  380 379.5 33.2602 0.0144359
  381 380.5 33.1746 0.0143987
  382 381.5 32.9942 0.0143204
  383 382.5 32.732 0.0142066
  384 383.5 32.3788 0.0140533
  385 384.5 31.9007 0.0138458
  386 385.5 31.3622 0.0136121
  387 386.5 30.5246 0.0132485
  388 387.5 29.4404 0.012778
  389 388.5 28.1626 0.0122234
  390 389.5 26.4779 0.0114922
  391 390.5 24.427 0.010602
  392 391.5 22.1655 0.00962044
  393 392.5 19.7704 0.00858091
  394 393.5 17.243 0.00748394
  395 394.5 14.7253 0.0063912
  396 395.5 12.4983 0.00542461
  397 396.5 10.4349 0.00452902
  398 397.5 8.67085 0.00376339
  399 398.5 7.23898 0.00314192
  400 399.5 6.08858 0.00264261
  401 400.5 5.17435 0.00224581
  402 401.5 4.47406 0.00194186
  403 402.5 3.96414 0.00172055
  404 403.5 3.54666 0.00153935
  405 404.5 3.28425 0.00142545
  406 405.5 3.04553 0.00132184
  407 406.5 2.88917 0.00125398
  408 407.5 2.80002 0.00121528
  409 408.5 2.70498 0.00117403
  410 409.5 2.61605 0.00113544
  411 410.5 2.57757 0.00111874
  412 411.5 2.58706 0.00112286
  413 412.5 2.55362 0.00110834
  414 413.5 2.50324 0.00108648
  415 414.5 2.47705 0.00107511
  416 415.5 2.4961 0.00108337
  417 416.5 2.48691 0.00107939
  418 417.5 2.50219 0.00108602
  419 418.5 2.48898 0.00108028
  420 419.5 2.48401 0.00107813
  421 420.5 2.4867 0.0010793
  422 421.5 2.48069 0.00107669
  423 422.5 2.46929 0.00107174
  424 423.5 2.47536 0.00107438
  425 424.5 2.44896 0.00106292
  426 425.5 2.47118 0.00107256
  427 426.5 2.47358 0.0010736
  428 427.5 2.44805 0.00106252
  429 428.5 2.45668 0.00106627
  430 429.5 2.4631 0.00106905
  431 430.5 2.46546 0.00107008
  432 431.5 2.50842 0.00108873
  433 432.5 2.55338 0.00110824
  434 433.5 2.62202 0.00113803
  435 434.5 2.65763 0.00115349
  436 435.5 2.68041 0.00116337
  437 436.5 2.71099 0.00117665
  438 437.5 2.68999 0.00116753
  439 438.5 2.66624 0.00115722
  440 439.5 2.66067 0.00115481
  441 440.5 2.63298 0.00114279
  442 441.5 2.67334 0.0011603
  443 442.5 2.63866 0.00114525
  444 443.5 2.62417 0.00113896
  445 444.5 2.61026 0.00113292
  446 445.5 2.60744 0.0011317
  447 446.5 2.62299 0.00113845
  448 447.5 2.59801 0.00112761
  449 448.5 2.59669 0.00112703
  450 449.5 2.5941 0.00112591
  451 450.5 2.62827 0.00114074
  452 451.5 2.62263 0.0011383
  453 452.5 2.62866 0.00114091
  454 453.5 2.65518 0.00115242
  455 454.5 2.64154 0.0011465
  456 455.5 2.64513 0.00114806
  457 456.5 2.65283 0.0011514
  458 457.5 2.62127 0.0011377
  459 458.5 2.61942 0.0011369
  460 459.5 2.62618 0.00113983
  461 460.5 2.629 0.00114106
  462 461.5 2.63506 0.00114369
  463 462.5 2.61754 0.00113608
  464 463.5 2.63073 0.00114181
  465 464.5 2.64365 0.00114742
  466 465.5 2.66875 0.00115831
  467 466.5 2.73705 0.00118795
  468 467.5 2.74042 0.00118942
  469 468.5 2.7645 0.00119987
  470 469.5 2.75494 0.00119572
  471 470.5 2.73984 0.00118917
  472 471.5 2.7459 0.0011918
  473 472.5 2.73311 0.00118625
  474 473.5 2.76508 0.00120012
  475 474.5 2.75743 0.0011968
  476 475.5 2.78366 0.00120819
  477 476.5 2.74722 0.00119237
  478 477.5 2.73938 0.00118897
  479 478.5 2.74421 0.00119106
  480 479.5 2.75849 0.00119726
65000000 480 5821.999999999997
  1 0.5 2.91537 0.00126535
  2 1.5 2.91409 0.0012648
  3 2.5 2.89029 0.00125447
  4 3.5 2.86516 0.00124356
  5 4.5 2.90566 0.00126114
  6 5.5 2.9235 0.00126888
  7 6.5 2.95854 0.00128409
  8 7.5 2.94542 0.0012784
  9 8.5 2.90904 0.0012626
  10 9.5 2.95206 0.00128128
  11 10.5 2.95248 0.00128146
  12 11.5 2.96526 0.00128701
  13 12.5 2.9354 0.00127405
  14 13.5 2.90675 0.00126161
  15 14.5 2.91576 0.00126552
  16 15.5 2.88662 0.00125287
  17 16.5 2.86934 0.00124537
  18 17.5 2.84926 0.00123666
  19 18.5 2.81665 0.0012225
  20 19.5 2.79994 0.00121525
  21 20.5 2.80661 0.00121815
  22 21.5 2.74674 0.00119216
  23 22.5 2.71664 0.0011791
  24 23.5 2.72887 0.00118441
  25 24.5 2.70319 0.00117326
  26 25.5 2.71386 0.00117789
  27 26.5 2.72433 0.00118243
  28 27.5 2.73848 0.00118858
  29 28.5 2.72146 0.00118119
  30 29.5 2.70136 0.00117247
  31 30.5 2.70122 0.0011724
  32 31.5 2.71321 0.00117761
  33 32.5 2.72682 0.00118351
  34 33.5 2.73094 0.00118531
  35 34.5 2.75035 0.00119373
  36 35.5 2.75255 0.00119468
  37 36.5 2.75759 0.00119687
  38 37.5 2.80418 0.00121709
  39 38.5 2.80879 0.00121909
  40 39.5 2.78172 0.00120734
  41 40.5 2.75551 0.00119597
  42 41.5 2.71563 0.00117866
  43 42.5 2.68815 0.00116673
  44 43.5 2.66546 0.00115689
  45 44.5 2.67304 0.00116017
  46 45.5 2.65834 0.00115379
  47 46.5 2.66801 0.00115799
  48 47.5 2.68499 0.00116536
  49 48.5 2.70981 0.00117613
  50 49.5 2.71745 0.00117945
  51 50.5 2.72827 0.00118415
  52 51.5 2.69874 0.00117133
  53 52.5 2.67756 0.00116214
  54 53.5 2.72036 0.00118071
  55 54.5 2.74326 0.00119065
  56 55.5 2.7319 0.00118572
  57 56.5 2.74394 0.00119095
  58 57.5 2.74055 0.00118948
  59 58.5 2.76452 0.00119988
  60 59.5 2.76469 0.00119995
  61 60.5 2.81229 0.00122061
  62 61.5 2.8561 0.00123963
  63 62.5 2.85415 0.00123878
  64 63.5 2.87492 0.0012478
  65 64.5 2.92325 0.00126877
  66 65.5 2.93578 0.00127421
  67 66.5 2.91084 0.00126339
  68 67.5 2.848 0.00123611
  69 68.5 2.72685 0.00118353
  70 69.5 2.49866 0.00108449
  71 70.5 2.24346 0.000973722
  72 71.5 1.94603 0.000844632
  73 72.5 1.6544 0.000718056
  74 73.5 1.3621 0.000591191
  75 74.5 1.10086 0.000477802
  76 75.5 0.867128 0.000376358
  77 76.5 0.700184 0.000303899
  78 77.5 0.556424 0.000241503
  79 78.5 0.452872 0.000196559
  80 79.5 0.384072 0.000166698
  81 80.5 0.335312 0.000145535
  82 81.5 0.300152 0.000130274
  83 82.5 0.270944 0.000117597
  84 83.5 0.253344 0.000109958
  85 84.5 0.236416 0.000102611
  86 85.5 0.23324 0.000101233
  87 86.5 0.241704 0.000104906
  88 87.5 0.231216 0.000100354
  89 88.5 0.23008 9.98611e-05
  90 89.5 0.226016 9.80972e-05
  91 90.5 0.227592 9.87813e-05
  92 91.5 0.227728 9.88403e-05
  93 92.5 0.225184 9.77361e-05
  94 93.5 0.221696 9.62222e-05
  95 94.5 0.217304 9.4316e-05
  96 95.5 0.224392 9.73924e-05
  97 96.5 0.22372 9.71007e-05
  98 97.5 0.224384 9.73889e-05
  99 98.5 0.22348 9.69965e-05
  100 99.5 0.220864 9.58611e-05
  101 100.5 0.2186 9.48785e-05
  102 101.5 0.221512 9.61424e-05
  103 102.5 0.230184 9.99063e-05
  104 103.5 0.225896 9.80451e-05
  105 104.5 0.226544 9.83264e-05
  106 105.5 0.229968 9.98125e-05
  107 106.5 0.233512 0.000101351
  108 107.5 0.23408 0.000101597
  109 108.5 0.240424 0.000104351
  110 109.5 0.245616 0.000106604
  111 110.5 0.24596 0.000106753
  112 111.5 0.241632 0.000104875
  113 112.5 0.234768 0.000101896
  114 113.5 0.233264 0.000101243
  115 114.5 0.232616 0.000100962
  116 115.5 0.24156 0.000104844
  117 116.5 0.236888 0.000102816
  118 117.5 0.228632 9.92326e-05
  119 118.5 0.226792 9.8434e-05
  120 119.5 0.236928 0.000102833
  121 120.5 0.237664 0.000103153
  122 121.5 0.22896 9.9375e-05
  123 122.5 0.2336 0.000101389
  124 123.5 0.23752 0.00010309
  125 124.5 0.24032 0.000104306
  126 125.5 0.235152 0.000102062
  127 126.5 0.2256 9.79167e-05
  128 127.5 0.229416 9.95729e-05
  129 128.5 0.227976 9.89479e-05
  130 129.5 0.233736 0.000101448
  131 130.5 0.233184 0.000101208
  132 131.5 0.234752 0.000101889
  133 132.5 0.23956 0.000103976
  134 133.5 0.23524 0.000102101
  135 134.5 0.239232 0.000103833
  136 135.5 0.24028 0.000104288
  137 136.5 0.236584 0.000102684
  138 137.5 0.2288 9.93056e-05
  139 138.5 0.22636 9.82465e-05
  140 139.5 0.223624 9.7059e-05
  141 140.5 0.225968 9.80764e-05
  142 141.5 0.231288 0.000100385
  143 142.5 0.233952 0.000101542
  144 143.5 0.229304 9.95243e-05
  145 144.5 0.226664 9.83785e-05
  146 145.5 0.224984 9.76493e-05
  147 146.5 0.233488 0.00010134
  148 147.5 0.23556 0.00010224
  149 148.5 0.226768 9.84236e-05
  150 149.5 0.221312 9.60556e-05
  151 150.5 0.22652 9.8316e-05
  152 151.5 0.2274 9.86979e-05
  153 152.5 0.227088 9.85625e-05
  154 153.5 0.235112 0.000102045
  155 154.5 0.234544 0.000101799
  156 155.5 0.232976 0.000101118
  157 156.5 0.236704 0.000102736
  158 157.5 0.230616 0.000100094
  159 158.5 0.23088 0.000100208
  160 159.5 0.238832 0.00010366
  161 160.5 0.242176 0.000105111
  162 161.5 0.234776 0.000101899
  163 162.5 0.242856 0.000105406
  164 163.5 0.247272 0.000107323
  165 164.5 0.246488 0.000106983
  166 165.5 0.241504 0.000104819
  167 166.5 0.241248 0.000104708
  168 167.5 0.245976 0.00010676
  169 168.5 0.242424 0.000105219
  170 169.5 0.244288 0.000106028
  171 170.5 0.24568 0.000106632
  172 171.5 0.243368 0.000105628
  173 172.5 0.2424 0.000105208
  174 173.5 0.246112 0.000106819
  175 174.5 0.241688 0.000104899
  176 175.5 0.235856 0.000102368
  177 176.5 0.235368 0.000102156
  178 177.5 0.232616 0.000100962
  179 178.5 0.233664 0.000101417
  180 179.5 0.2338 0.000101476
  181 180.5 0.23696 0.000102847
  182 181.5 0.234064 0.00010159
  183 182.5 0.237048 0.000102885
  184 183.5 0.23868 0.000103594
  185 184.5 0.23732 0.000103003
  186 185.5 0.23388 0.00010151
  187 186.5 0.238464 0.0001035
  188 187.5 0.240968 0.000104587
  189 188.5 0.244688 0.000106201
  190 189.5 0.23876 0.000103628
  191 190.5 0.234872 0.000101941
  192 191.5 0.239432 0.00010392
  193 192.5 0.244656 0.000106187
  194 193.5 0.245824 0.000106694
  195 194.5 0.241416 0.000104781
  196 195.5 0.246088 0.000106809
  197 196.5 0.24436 0.000106059
  198 197.5 0.2414 0.000104774
  199 198.5 0.242312 0.00010517
  200 199.5 0.2414 0.000104774
  201 200.5 0.235456 0.000102194
  202 201.5 0.22996 9.9809e-05
  203 202.5 0.227272 9.86424e-05
  204 203.5 0.236288 0.000102556
  205 204.5 0.231216 0.000100354
  206 205.5 0.22876 9.92882e-05
  207 206.5 0.2344 0.000101736
  208 207.5 0.231528 0.00010049
  209 208.5 0.236856 0.000102802
  210 209.5 0.241128 0.000104656
  211 210.5 0.246976 0.000107194
  212 211.5 0.250856 0.000108878
  213 212.5 0.255512 0.000110899
  214 213.5 0.274304 0.000119056
  215 214.5 0.293832 0.000127531
  216 215.5 0.324088 0.000140663
  217 216.5 0.372576 0.000161708
  218 217.5 0.442272 0.000191958
  219 218.5 0.556832 0.000241681
  220 219.5 0.693784 0.000301122
  221 220.5 0.921696 0.000400042
  222 221.5 1.22893 0.000533389
  223 222.5 1.61606 0.000701413
  224 223.5 2.1339 0.000926174
  225 224.5 2.78771 0.00120994
  226 225.5 3.6332 0.00157691
  227 226.5 4.66754 0.00202584
  228 227.5 6.01253 0.0026096
  229 228.5 7.60241 0.00329966
  230 229.5 9.43788 0.0040963
  231 230.5 11.5462 0.00501136
  232 231.5 13.8917 0.00602939
  233 232.5 16.3358 0.00709019
  234 233.5 18.7966 0.00815824
  235 234.5 21.2187 0.00920949
  236 235.5 23.5097 0.0102038
  237 236.5 25.5742 0.0110999
  238 237.5 27.3653 0.0118773
  239 238.5 28.7469 0.012477
  240 239.5 29.9065 0.0129803
  241 240.5 30.8303 0.0133812
  242 241.5 31.4615 0.0136552
  243 242.5 31.9393 0.0138625
  244 243.5 32.4398 0.0140798
  245 244.5 32.7367 0.0142087
  246 245.5 32.8362 0.0142518
  247 246.5 33.0481 0.0143438
  248 247.5 33.1969 0.0144084
  249 248.5 33.2224 0.0144194
  250 249.5 33.319 0.0144614
  251 250.5 33.4644 0.0145245
  252 251.5 33.4414 0.0145145
  253 252.5 33.4409 0.0145143
  254 253.5 33.4537 0.0145198
  255 254.5 33.5631 0.0145673
  256 255.5 33.4234 0.0145067
  257 256.5 33.4257 0.0145077
  258 257.5 33.5485 0.014561
  259 258.5 33.5749 0.0145724
  260 259.5 33.4432 0.0145153
  261 260.5 33.4783 0.0145305
  262 261.5 33.5375 0.0145562
  263 262.5 33.5317 0.0145537
  264 263.5 33.4171 0.014504
  265 264.5 33.4194 0.0145049
  266 265.5 33.495 0.0145378
  267 266.5 33.4594 0.0145223
  268 267.5 33.4504 0.0145184
  269 268.5 33.5118 0.014545
  270 269.5 33.5314 0.0145536
  271 270.5 33.4891 0.0145352
  272 271.5 33.5035 0.0145415
  273 272.5 33.5744 0.0145722
  274 273.5 33.582 0.0145755
  275 274.5 33.4953 0.0145379
  276 275.5 33.5767 0.0145732
  277 276.5 33.5197 0.0145485
  278 277.5 33.5321 0.0145539
  279 278.5 33.4393 0.0145136
  280 279.5 33.5036 0.0145415
  281 280.5 33.5261 0.0145513
  282 281.5 33.4227 0.0145064
  283 282.5 33.471 0.0145273
  284 283.5 33.5396 0.0145571
  285 284.5 33.5044 0.0145418
  286 285.5 33.3643 0.0144811
  287 286.5 33.5948 0.0145811
  288 287.5 33.5664 0.0145687
  289 288.5 33.5886 0.0145784
  290 289.5 33.607 0.0145864
  291 290.5 33.6437 0.0146023
  292 291.5 33.6496 0.0146049
  293 292.5 33.5543 0.0145635
  294 293.5 33.5498 0.0145615
  295 294.5 33.5647 0.014568
  296 295.5 33.6158 0.0145902
  297 296.5 33.5171 0.0145474
  298 297.5 33.5912 0.0145795
  299 298.5 33.6133 0.0145891
  300 299.5 33.6012 0.0145839
  301 300.5 33.5967 0.0145819
  302 301.5 33.6311 0.0145968
  303 302.5 33.6613 0.0146099
  304 303.5 33.5994 0.0145831
  305 304.5 33.5572 0.0145648
  306 305.5 33.572 0.0145712
  307 306.5 33.5812 0.0145752
  308 307.5 33.5844 0.0145766
  309 308.5 33.5994 0.0145831
  310 309.5 33.6995 0.0146265
  311 310.5 33.5981 0.0145825
  312 311.5 33.6502 0.0146051
  313 312.5 33.6959 0.014625
  314 313.5 33.7033 0.0146282
  315 314.5 33.5147 0.0145463
  316 315.5 33.5717 0.014571
  317 316.5 33.5937 0.0145806
  318 317.5 33.5192 0.0145483
  319 318.5 33.4198 0.0145051
  320 319.5 33.5523 0.0145626
  321 320.5 33.5508 0.014562
  322 321.5 33.4533 0.0145196
  323 322.5 33.4161 0.0145035
  324 323.5 33.5146 0.0145463
  325 324.5 33.4568 0.0145212
  326 325.5 33.391 0.0144926
  327 326.5 33.371 0.0144839
  328 327.5 33.4968 0.0145385
  329 328.5 33.3991 0.0144961
  330 329.5 33.3168 0.0144604
  331 330.5 33.3883 0.0144915
  332 331.5 33.4069 0.0144995
  333 332.5 33.3645 0.0144811
  334 333.5 33.332 0.014467
  335 334.5 33.454 0.0145199
  336 335.5 33.4574 0.0145214
  337 336.5 33.3987 0.0144959
  338 337.5 33.3443 0.0144723
  339 338.5 33.4441 0.0145157
  340 339.5 33.405 0.0144987
  341 340.5 33.33 0.0144662
  342 341.5 33.4938 0.0145373
  343 342.5 33.4151 0.0145031
  344 343.5 33.4252 0.0145075
  345 344.5 33.4917 0.0145363
  346 345.5 33.4961 0.0145382
  347 346.5 33.5619 0.0145668
  348 347.5 33.5945 0.0145809
  349 348.5 33.5143 0.0145461
  350 349.5 33.4978 0.014539
  351 350.5 33.6202 0.0145921
  352 351.5 33.6081 0.0145868
  353 352.5 33.5401 0.0145573
  354 353.5 33.6117 0.0145884
  355 354.5 33.5854 0.014577
  356 355.5 33.5499 0.0145616
  357 356.5 33.5497 0.0145615
  358 357.5 33.5225 0.0145497
  359 358.5 33.472 0.0145278
  360 359.5 33.4783 0.0145305
  361 360.5 33.457 0.0145213
  362 361.5 33.3904 0.0144924
  363 362.5 33.4436 0.0145155
  364 363.5 33.4521 0.0145191
  365 364.5 33.3322 0.0144671
  366 365.5 33.4134 0.0145023
  367 366.5 33.4709 0.0145273
  368 367.5 33.366 0.0144818
  369 368.5 33.4932 0.014537
  370 369.5 33.4659 0.0145251
  371 370.5 33.487 0.0145343
  372 371.5 33.4958 0.0145381
  373 372.5 33.5506 0.0145619
  374 373.5 33.4289 0.0145091
  375 374.5 33.4307 0.0145099
  376 375.5 33.5135 0.0145458
  377 376.5 33.3895 0.014492
  378 377.5 33.2849 0.0144466
  379 378.5 33.2302 0.0144228
  380 379.5 33.0035 0.0143245
  381 380.5 32.7805 0.0142277
  382 381.5 32.434 0.0140773
  383 382.5 32.0124 0.0138943
  384 383.5 31.4162 0.0136355
  385 384.5 30.7598 0.0133506
  386 385.5 29.8066 0.0129369
  387 386.5 28.5617 0.0123966
  388 387.5 27.117 0.0117695
  389 388.5 25.311 0.0109857
  390 389.5 23.2714 0.0101004
  391 390.5 20.9247 0.00908189
  392 391.5 18.4971 0.00802826
  393 392.5 16.034 0.0069592
  394 393.5 13.687 0.00594056
  395 394.5 11.4843 0.00498449
  396 395.5 9.56956 0.00415345
  397 396.5 7.96698 0.00345789
  398 397.5 6.64233 0.00288295
  399 398.5 5.58571 0.00242435
  400 399.5 4.82372 0.00209363
  401 400.5 4.24786 0.00184369
  402 401.5 3.82846 0.00166166
  403 402.5 3.49906 0.00151869
  404 403.5 3.28461 0.00142561
  405 404.5 3.1509 0.00136758
  406 405.5 3.06802 0.00133161
  407 406.5 2.97946 0.00129317
  408 407.5 2.89085 0.00125471
  409 408.5 2.88488 0.00125212
  410 409.5 2.86954 0.00124546
  411 410.5 2.81302 0.00122093
  412 411.5 2.8573 0.00124015
  413 412.5 2.92008 0.0012674
  414 413.5 2.89101 0.00125478
  415 414.5 2.88379 0.00125165
  416 415.5 2.90688 0.00126167
  417 416.5 2.89914 0.00125831
  418 417.5 2.89207 0.00125524
  419 418.5 2.90202 0.00125956
  420 419.5 2.93454 0.00127367
  421 420.5 2.92443 0.00126928
  422 421.5 2.88515 0.00125224
  423 422.5 2.90909 0.00126263
  424 423.5 2.89524 0.00125661
  425 424.5 2.88892 0.00125387
  426 425.5 2.84841 0.00123629
  427 426.5 2.82366 0.00122555
  428 427.5 2.82926 0.00122798
  429 428.5 2.84262 0.00123377
  430 429.5 2.88474 0.00125206
  431 430.5 2.85691 0.00123998
  432 431.5 2.8529 0.00123824
  433 432.5 2.84845 0.00123631
  434 433.5 2.86007 0.00124135
  435 434.5 2.82309 0.0012253
  436 435.5 2.78678 0.00120954
  437 436.5 2.78914 0.00121057
  438 437.5 2.77273 0.00120344
  439 438.5 2.75818 0.00119713
  440 439.5 2.74766 0.00119256
  441 440.5 2.76924 0.00120193
  442 441.5 2.8024 0.00121632
  443 442.5 2.81158 0.0012203
  444 443.5 2.80202 0.00121615
  445 444.5 2.84426 0.00123449
  446 445.5 2.88793 0.00125344
  447 446.5 2.91003 0.00126303
  448 447.5 2.94607 0.00127868
  449 448.5 2.97099 0.00128949
  450 449.5 3.01483 0.00130852
  451 450.5 3.00469 0.00130412
  452 451.5 3.00573 0.00130457
  453 452.5 2.98321 0.0012948
  454 453.5 2.93445 0.00127363
  455 454.5 2.94874 0.00127984
  456 455.5 3.00826 0.00130567
  457 456.5 3.00106 0.00130254
  458 457.5 2.99929 0.00130177
  459 458.5 2.95273 0.00128157
  460 459.5 2.95747 0.00128363
  461 460.5 2.98088 0.00129378
  462 461.5 2.95234 0.0012814
  463 462.5 2.93802 0.00127518
  464 463.5 2.92666 0.00127025
  465 464.5 2.92904 0.00127128
  466 465.5 2.91293 0.00126429
  467 466.5 2.93618 0.00127438
  468 467.5 2.93122 0.00127223
  469 468.5 2.9351 0.00127392
  470 469.5 2.98762 0.00129671
  471 470.5 2.98259 0.00129453
  472 471.5 2.93458 0.00127369
  473 472.5 2.93831 0.00127531
  474 473.5 2.90602 0.00126129
  475 474.5 2.9142 0.00126484
  476 475.5 2.92786 0.00127077
  477 476.5 2.89152 0.001255
  478 477.5 2.90527 0.00126097
  479 478.5 2.91099 0.00126345
  480 479.5 2.923 0.00126866
67500000 480 5822.000000000004
  1 0.5 2.89174 0.0012551
  2 1.5 2.92388 0.00126905
  3 2.5 2.90502 0.00126086
  4 3.5 2.90235 0.0012597
  5 4.5 2.89499 0.00125651
  6 5.5 2.92171 0.0012681
  7 6.5 2.90146 0.00125932
  8 7.5 2.93711 0.00127479
  9 8.5 2.95716 0.00128349
  10 9.5 2.95595 0.00128297
  11 10.5 2.97419 0.00129088
  12 11.5 2.95339 0.00128185
  13 12.5 2.94338 0.00127751
  14 13.5 2.94217 0.00127698
  15 14.5 2.94784 0.00127944
  16 15.5 2.93871 0.00127548
  17 16.5 2.93744 0.00127493
  18 17.5 2.91267 0.00126418
  19 18.5 2.90055 0.00125892
  20 19.5 2.9028 0.0012599
  21 20.5 2.85541 0.00123933
  22 21.5 2.86904 0.00124524
  23 22.5 2.85953 0.00124111
  24 23.5 2.88357 0.00125155
  25 24.5 2.91263 0.00126416
  26 25.5 2.9357 0.00127418
  27 26.5 2.92796 0.00127082
  28 27.5 2.9431 0.00127739
  29 28.5 2.93878 0.00127551
  30 29.5 2.89294 0.00125561
  31 30.5 2.92323 0.00126876
  32 31.5 2.90398 0.00126041
  33 32.5 2.91849 0.0012667
  34 33.5 2.91779 0.0012664
  35 34.5 2.91738 0.00126622
  36 35.5 2.93074 0.00127202
  37 36.5 2.9011 0.00125916
  38 37.5 2.90543 0.00126104
  39 38.5 2.89808 0.00125785
  40 39.5 2.88481 0.00125209
  41 40.5 2.86584 0.00124385
  42 41.5 2.90053 0.00125891
  43 42.5 2.88864 0.00125375
  44 43.5 2.90653 0.00126151
  45 44.5 2.92862 0.0012711
  46 45.5 2.95777 0.00128375
  47 46.5 2.98806 0.0012969
  48 47.5 3.0653 0.00133043
  49 48.5 3.08899 0.00134071
  50 49.5 3.1358 0.00136102
  51 50.5 3.18203 0.00138109
  52 51.5 3.20044 0.00138908
  53 52.5 3.19224 0.00138552
  54 53.5 3.2238 0.00139922
  55 54.5 3.23764 0.00140523
  56 55.5 3.26124 0.00141547
  57 56.5 3.2796 0.00142344
  58 57.5 3.28803 0.0014271
  59 58.5 3.32866 0.00144473
  60 59.5 3.31809 0.00144014
  61 60.5 3.30534 0.00143461
  62 61.5 3.2377 0.00140525
  63 62.5 3.13329 0.00135993
  64 63.5 2.99649 0.00130056
  65 64.5 2.77817 0.0012058
  66 65.5 2.53802 0.00110157
  67 66.5 2.31211 0.00100352
  68 67.5 2.02999 0.000881073
  69 68.5 1.75852 0.000763247
  70 69.5 1.50161 0.00065174
  71 70.5 1.26278 0.000548083
  72 71.5 1.0521 0.000456642
  73 72.5 0.858168 0.000372469
  74 73.5 0.699408 0.000303563
  75 74.5 0.562744 0.000244247
  76 75.5 0.472936 0.000205267
  77 76.5 0.39984 0.000173542
  78 77.5 0.354128 0.000153701
  79 78.5 0.32092 0.000139288
  80 79.5 0.290592 0.000126125
  81 80.5 0.27984 0.000121458
  82 81.5 0.26584 0.000115382
  83 82.5 0.267072 0.000115917
  84 83.5 0.264704 0.000114889
  85 84.5 0.2602 0.000112934
  86 85.5 0.258816 0.000112333
  87 86.5 0.252344 0.000109524
  88 87.5 0.251216 0.000109035
  89 88.5 0.25928 0.000112535
  90 89.5 0.250888 0.000108892
  91 90.5 0.246944 0.000107181
  92 91.5 0.246832 0.000107132
  93 92.5 0.24952 0.000108299
  94 93.5 0.253336 0.000109955
  95 94.5 0.245016 0.000106344
  96 95.5 0.244304 0.000106035
  97 96.5 0.2462 0.000106858
  98 97.5 0.246424 0.000106955
  99 98.5 0.2472 0.000107292
  100 99.5 0.243104 0.000105514
  101 100.5 0.2462 0.000106858
  102 101.5 0.247304 0.000107337
  103 102.5 0.248048 0.00010766
  104 103.5 0.245824 0.000106694
  105 104.5 0.247808 0.000107556
  106 105.5 0.246728 0.000107087
  107 106.5 0.244984 0.00010633
  108 107.5 0.245904 0.000106729
  109 108.5 0.24316 0.000105538
  110 109.5 0.244656 0.000106187
  111 110.5 0.247552 0.000107444
  112 111.5 0.247 0.000107205
  113 112.5 0.250792 0.000108851
  114 113.5 0.248144 0.000107701
  115 114.5 0.248032 0.000107653
  116 115.5 0.246552 0.00010701
  117 116.5 0.24664 0.000107049
  118 117.5 0.24496 0.000106319
  119 118.5 0.238008 0.000103302
  120 119.5 0.241488 0.000104813
  121 120.5 0.241088 0.000104639
  122 121.5 0.236792 0.000102774
  123 122.5 0.244632 0.000106177
  124 123.5 0.237536 0.000103097
  125 124.5 0.246024 0.000106781
  126 125.5 0.241312 0.000104736
  127 126.5 0.23968 0.000104028
  128 127.5 0.24632 0.00010691
  129 128.5 0.243272 0.000105587
  130 129.5 0.246568 0.000107017
  131 130.5 0.242408 0.000105212
  132 131.5 0.242184 0.000105115
  133 132.5 0.250688 0.000108806
  134 133.5 0.242312 0.00010517
  135 134.5 0.245136 0.000106396
  136 135.5 0.24328 0.00010559
  137 136.5 0.2392 0.000103819
  138 137.5 0.234496 0.000101778
  139 138.5 0.240544 0.000104403
  140 139.5 0.247096 0.000107247
  141 140.5 0.240688 0.000104465
  142 141.5 0.238848 0.000103667
  143 142.5 0.23384 0.000101493
  144 143.5 0.245544 0.000106573
  145 144.5 0.238704 0.000103604
  146 145.5 0.237576 0.000103115
  147 146.5 0.244784 0.000106243
  148 147.5 0.244696 0.000106205
  149 148.5 0.251824 0.000109299
  150 149.5 0.249896 0.000108462
  151 150.5 0.250208 0.000108597
  152 151.5 0.244192 0.000105986
  153 152.5 0.240792 0.00010451
  154 153.5 0.245824 0.000106694
  155 154.5 0.243264 0.000105583
  156 155.5 0.242368 0.000105194
  157 156.5 0.246392 0.000106941
  158 157.5 0.24556 0.00010658
  159 158.5 0.241616 0.000104868
  160 159.5 0.23356 0.000101372
  161 160.5 0.238904 0.000103691
  162 161.5 0.239456 0.000103931
  163 162.5 0.235208 0.000102087
  164 163.5 0.241224 0.000104698
  165 164.5 0.245664 0.000106625
  166 165.5 0.245016 0.000106344
  167 166.5 0.243216 0.000105562
  168 167.5 0.239352 0.000103885
  169 168.5 0.2376 0.000103125
  170 169.5 0.236408 0.000102608
  171 170.5 0.234256 0.000101674
  172 171.5 0.228984 9.93854e-05
  173 172.5 0.231504 0.000100479
  174 173.5 0.238936 0.000103705
  175 174.5 0.230136 9.98854e-05
  176 175.5 0.230024 9.98368e-05
  177 176.5 0.2294 9.9566e-05
  178 177.5 0.232432 0.000100882
  179 178.5 0.233768 0.000101462
  180 179.5 0.239024 0.000103743
  181 180.5 0.24048 0.000104375
  182 181.5 0.246448 0.000106965
  183 182.5 0.252464 0.000109576
  184 183.5 0.23968 0.000104028
  185 184.5 0.23648 0.000102639
  186 185.5 0.245624 0.000106608
  187 186.5 0.24232 0.000105174
  188 187.5 0.244032 0.000105917
  189 188.5 0.244304 0.000106035
  190 189.5 0.249248 0.000108181
  191 190.5 0.246968 0.000107191
  192 191.5 0.241712 0.00010491
  193 192.5 0.24668 0.000107066
  194 193.5 0.251776 0.000109278
  195 194.5 0.245824 0.000106694
  196 195.5 0.23936 0.000103889
  197 196.5 0.241656 0.000104885
  198 197.5 0.239664 0.000104021
  199 198.5 0.23596 0.000102413
  200 199.5 0.239272 0.000103851
  201 200.5 0.241296 0.000104729
  202 201.5 0.250232 0.000108608
  203 202.5 0.249648 0.000108354
  204 203.5 0.246672 0.000107062
  205 204.5 0.242064 0.000105062
  206 205.5 0.247976 0.000107628
  207 206.5 0.257856 0.000111917
  208 207.5 0.265696 0.000115319
  209 208.5 0.289544 0.00012567
  210 209.5 0.310352 0.000134701
  211 210.5 0.351544 0.00015258
  212 211.5 0.412776 0.000179156
  213 212.5 0.493232 0.000214076
  214 213.5 0.606496 0.000263236
  215 214.5 0.750728 0.000325837
  216 215.5 0.946368 0.00041075
  217 216.5 1.17935 0.000511872
  218 217.5 1.48226 0.000643344
  219 218.5 1.80667 0.000784146
  220 219.5 2.23826 0.000971465
  221 220.5 2.73522 0.00118716
  222 221.5 3.30486 0.0014344
  223 222.5 3.88844 0.00168769
  224 223.5 4.57902 0.00198742
  225 224.5 5.42022 0.00235252
  226 225.5 6.42233 0.00278747
  227 226.5 7.63711 0.00331472
  228 227.5 8.98383 0.00389923
  229 228.5 10.5679 0.00458677
  230 229.5 12.3962 0.00538031
  231 230.5 14.3661 0.00623527
  232 231.5 16.3883 0.00711297
  233 232.5 18.6151 0.00807945
  234 233.5 20.7914 0.00902407
  235 234.5 22.7065 0.00985527
  236 235.5 24.697 0.0107192
  237 236.5 26.4019 0.0114591
  238 237.5 27.8238 0.0120763
  239 238.5 29.0001 0.0125868
  240 239.5 30.0225 0.0130306
  241 240.5 30.7807 0.0133597
  242 241.5 31.4141 0.0136346
  243 242.5 31.8473 0.0138226
  244 243.5 32.3193 0.0140275
  245 244.5 32.4549 0.0140863
  246 245.5 32.6924 0.0141894
  247 246.5 32.851 0.0142583
  248 247.5 32.953 0.0143025
  249 248.5 33.0479 0.0143437
  250 249.5 33.1335 0.0143808
  251 250.5 33.222 0.0144193
  252 251.5 33.2457 0.0144296
  253 252.5 33.2957 0.0144512
  254 253.5 33.3562 0.0144775
  255 254.5 33.3935 0.0144937
  256 255.5 33.4728 0.0145281
  257 256.5 33.4334 0.014511
  258 257.5 33.5701 0.0145704
  259 258.5 33.5761 0.014573
  260 259.5 33.561 0.0145664
  261 260.5 33.5159 0.0145468
  262 261.5 33.6061 0.014586
  263 262.5 33.5393 0.014557
  264 263.5 33.4839 0.0145329
  265 264.5 33.5581 0.0145651
  266 265.5 33.5588 0.0145655
  267 266.5 33.4768 0.0145299
  268 267.5 33.3452 0.0144727
  269 268.5 33.446 0.0145165
  270 269.5 33.3851 0.0144901
  271 270.5 33.3703 0.0144836
  272 271.5 33.3698 0.0144834
  273 272.5 33.4415 0.0145146
  274 273.5 33.4112 0.0145014
  275 274.5 33.4321 0.0145105
  276 275.5 33.5155 0.0145467
  277 276.5 33.4826 0.0145324
  278 277.5 33.3734 0.014485
  279 278.5 33.4904 0.0145358
  280 279.5 33.4763 0.0145296
  281 280.5 33.5158 0.0145468
  282 281.5 33.5474 0.0145605
  283 282.5 33.608 0.0145868
  284 283.5 33.6247 0.0145941
  285 284.5 33.585 0.0145768
  286 285.5 33.6415 0.0146014
  287 286.5 33.6794 0.0146178
  288 287.5 33.6871 0.0146211
  289 288.5 33.6611 0.0146098
  290 289.5 33.7237 0.014637
  291 290.5 33.6777 0.0146171
  292 291.5 33.6639 0.0146111
  293 292.5 33.7013 0.0146273
  294 293.5 33.7212 0.0146359
  295 294.5 33.7204 0.0146356
  296 295.5 33.7411 0.0146446
  297 296.5 33.7756 0.0146596
  298 297.5 33.747 0.0146471
  299 298.5 33.7333 0.0146412
  300 299.5 33.8132 0.0146759
  301 300.5 33.7737 0.0146587
  302 301.5 33.7508 0.0146488
  303 302.5 33.7657 0.0146553
  304 303.5 33.8168 0.0146774
  305 304.5 33.7198 0.0146354
  306 305.5 33.7025 0.0146278
  307 306.5 33.7379 0.0146432
  308 307.5 33.8097 0.0146744
  309 308.5 33.6642 0.0146112
  310 309.5 33.6316 0.014597
  311 310.5 33.6612 0.0146099
  312 311.5 33.6934 0.0146239
  313 312.5 33.544 0.014559
  314 313.5 33.5788 0.0145741
  315 314.5 33.6511 0.0146055
  316 315.5 33.5434 0.0145587
  317 316.5 33.527 0.0145517
  318 317.5 33.521 0.014549
  319 318.5 33.4963 0.0145383
  320 319.5 33.4309 0.0145099
  321 320.5 33.5458 0.0145598
  322 321.5 33.5507 0.0145619
  323 322.5 33.4311 0.01451
  324 323.5 33.4254 0.0145075
  325 324.5 33.5648 0.014568
  326 325.5 33.4703 0.0145271
  327 326.5 33.3167 0.0144604
  328 327.5 33.415 0.014503
  329 328.5 33.5379 0.0145564
  330 329.5 33.4283 0.0145088
  331 330.5 33.3106 0.0144577
  332 331.5 33.4209 0.0145056
  333 332.5 33.515 0.0145465
  334 333.5 33.3275 0.0144651
  335 334.5 33.3782 0.0144871
  336 335.5 33.352 0.0144757
  337 336.5 33.3885 0.0144915
  338 337.5 33.3249 0.0144639
  339 338.5 33.3636 0.0144807
  340 339.5 33.3725 0.0144846
  341 340.5 33.4252 0.0145075
  342 341.5 33.3961 0.0144948
  343 342.5 33.3981 0.0144957
  344 343.5 33.5057 0.0145424
  345 344.5 33.5164 0.014547
  346 345.5 33.5041 0.0145417
  347 346.5 33.4879 0.0145347
  348 347.5 33.4726 0.014528
  349 348.5 33.4601 0.0145226
  350 349.5 33.5028 0.0145411
  351 350.5 33.4769 0.0145299
  352 351.5 33.4667 0.0145255
  353 352.5 33.4226 0.0145063
  354 353.5 33.5183 0.0145479
  355 354.5 33.4214 0.0145058
  356 355.5 33.4354 0.0145119
  357 356.5 33.4653 0.0145249
  358 357.5 33.4667 0.0145255
  359 358.5 33.3736 0.0144851
  360 359.5 33.3984 0.0144959
  361 360.5 33.5255 0.014551
  362 361.5 33.411 0.0145013
  363 362.5 33.4119 0.0145017
  364 363.5 33.5264 0.0145514
  365 364.5 33.4801 0.0145313
  366 365.5 33.3832 0.0144892
  367 366.5 33.3961 0.0144948
  368 367.5 33.4888 0.0145351
  369 368.5 33.4331 0.0145109
  370 369.5 33.3902 0.0144923
  371 370.5 33.4188 0.0145047
  372 371.5 33.471 0.0145273
  373 372.5 33.3078 0.0144565
  374 373.5 33.2942 0.0144506
  375 374.5 33.3933 0.0144936
  376 375.5 33.2173 0.0144172
  377 376.5 33.028 0.0143351
  378 377.5 32.9077 0.0142829
  379 378.5 32.6875 0.0141873
  380 379.5 32.3806 0.0140541
  381 380.5 32.0294 0.0139017
  382 381.5 31.4536 0.0136517
  383 382.5 30.6831 0.0133173
  384 383.5 29.8353 0.0129494
  385 384.5 28.6922 0.0124532
  386 385.5 27.2621 0.0118325
  387 386.5 25.6484 0.0111321
  388 387.5 23.7739 0.0103185
  389 388.5 21.5545 0.00935527
  390 389.5 19.249 0.0083546
  391 390.5 16.8458 0.00731155
  392 391.5 14.5808 0.00632846
  393 392.5 12.4089 0.00538581
  394 393.5 10.5439 0.00457633
  395 394.5 8.85512 0.00384337
  396 395.5 7.42462 0.00322249
  397 396.5 6.27613 0.00272401
  398 397.5 5.33436 0.00231526
  399 398.5 4.64362 0.00201546
  400 399.5 4.1493 0.00180091
  401 400.5 3.7733 0.00163772
  402 401.5 3.51892 0.00152731
  403 402.5 3.31862 0.00144037
  404 403.5 3.12569 0.00135664
  405 404.5 3.03934 0.00131916
  406 405.5 2.95203 0.00128126
  407 406.5 2.86758 0.00124461
  408 407.5 2.81873 0.00122341
  409 408.5 2.77328 0.00120368
  410 409.5 2.76542 0.00120027
  411 410.5 2.72568 0.00118302
  412 411.5 2.69574 0.00117003
  413 412.5 2.70238 0.00117291
  414 413.5 2.71142 0.00117683
  415 414.5 2.69177 0.0011683
  416 415.5 2.70771 0.00117522
  417 416.5 2.70739 0.00117508
  418 417.5 2.72605 0.00118318
  419 418.5 2.74161 0.00118993
  420 419.5 2.7731 0.0012036
  421 420.5 2.77082 0.00120261
  422 421.5 2.81161 0.00122032
  423 422.5 2.82968 0.00122816
  424 423.5 2.81314 0.00122098
  425 424.5 2.83726 0.00123145
  426 425.5 2.86358 0.00124287
  427 426.5 2.87934 0.00124971
  428 427.5 2.88208 0.0012509
  429 428.5 2.8992 0.00125833
  430 429.5 2.91621 0.00126572
  431 430.5 2.88883 0.00125383
  432 431.5 2.88246 0.00125107
  433 432.5 2.8647 0.00124336
  434 433.5 2.85765 0.0012403
  435 434.5 2.85965 0.00124117
  436 435.5 2.89774 0.0012577
  437 436.5 2.92482 0.00126945
  438 437.5 2.9223 0.00126836
  439 438.5 2.96798 0.00128818
  440 439.5 3.01115 0.00130692
  441 440.5 3.02354 0.0013123
  442 441.5 3.04509 0.00132165
  443 442.5 3.06186 0.00132893
  444 443.5 3.04152 0.0013201
  445 444.5 3.01985 0.0013107
  446 445.5 3.01472 0.00130847
  447 446.5 2.96915 0.00128869
  448 447.5 2.97547 0.00129144
  449 448.5 2.94274 0.00127723
  450 449.5 2.92626 0.00127008
  451 450.5 2.94176 0.00127681
  452 451.5 2.92897 0.00127125
  453 452.5 2.91324 0.00126443
  454 453.5 2.92494 0.0012695
  455 454.5 2.93832 0.00127531
  456 455.5 2.91121 0.00126355
  457 456.5 2.88934 0.00125406
  458 457.5 2.93345 0.0012732
  459 458.5 2.96107 0.00128519
  460 459.5 2.95105 0.00128084
  461 460.5 2.95919 0.00128437
  462 461.5 2.97946 0.00129317
  463 462.5 2.99273 0.00129893
  464 463.5 2.98801 0.00129688
  465 464.5 3.01839 0.00131007
  466 465.5 3.00883 0.00130592
  467 466.5 3.017 0.00130946
  468 467.5 3.00302 0.00130339
  469 468.5 3.02716 0.00131387
  470 469.5 2.99422 0.00129958
  471 470.5 3.00266 0.00130324
  472 471.5 2.98452 0.00129536
  473 472.5 2.96242 0.00128577
  474 473.5 2.95809 0.00128389
  475 474.5 2.94159 0.00127673
  476 475.5 2.9404 0.00127622
  477 476.5 2.93656 0.00127455
  478 477.5 2.9182 0.00126658
  479 478.5 2.91611 0.00126567
  480 479.5 2.89025 0.00125445
70000000 480 5821.999999999998
  1 0.5 2.83123 0.00122883
  2 1.5 2.81377 0.00122125
  3 2.5 2.79923 0.00121494
  4 3.5 2.79668 0.00121384
  5 4.5 2.78202 0.00120747
  6 5.5 2.73711 0.00118798
  7 6.5 2.70564 0.00117432
  8 7.5 2.67769 0.00116219
  9 8.5 2.63739 0.0011447
  10 9.5 2.64293 0.0011471
  11 10.5 2.65862 0.00115391
  12 11.5 2.62438 0.00113906
  13 12.5 2.60767 0.0011318
  14 13.5 2.61478 0.00113489
  15 14.5 2.58238 0.00112082
  16 15.5 2.56868 0.00111488
  17 16.5 2.55854 0.00111048
  18 17.5 2.56046 0.00111131
  19 18.5 2.56249 0.00111219
  20 19.5 2.54927 0.00110645
  21 20.5 2.54424 0.00110427
  22 21.5 2.53231 0.00109909
  23 22.5 2.54293 0.0011037
  24 23.5 2.54891 0.0011063
  25 24.5 2.55816 0.00111031
  26 25.5 2.5611 0.00111159
  27 26.5 2.54847 0.00110611
  28 27.5 2.54991 0.00110673
  29 28.5 2.55953 0.00111091
  30 29.5 2.53121 0.00109861
  31 30.5 2.49956 0.00108488
  32 31.5 2.48866 0.00108015
  33 32.5 2.48416 0.00107819
  34 33.5 2.48378 0.00107803
  35 34.5 2.47601 0.00107466
  36 35.5 2.43722 0.00105782
  37 36.5 2.45538 0.0010657
  38 37.5 2.46184 0.00106851
  39 38.5 2.45972 0.00106759
  40 39.5 2.45381 0.00106502
  41 40.5 2.45995 0.00106769
  42 41.5 2.4356 0.00105712
  43 42.5 2.46141 0.00106832
  44 43.5 2.48476 0.00107845
  45 44.5 2.45555 0.00106578
  46 45.5 2.48882 0.00108022
  47 46.5 2.48066 0.00107667
  48 47.5 2.51501 0.00109158
  49 48.5 2.53556 0.0011005
  50 49.5 2.57566 0.00111791
  51 50.5 2.59661 0.001127
  52 51.5 2.67108 0.00115932
  53 52.5 2.70905 0.0011758
  54 53.5 2.77172 0.001203
  55 54.5 2.82861 0.00122769
  56 55.5 2.87066 0.00124595
  57 56.5 2.94114 0.00127654
  58 57.5 2.94564 0.00127849
  59 58.5 2.99105 0.0012982
  60 59.5 2.98912 0.00129736
  61 60.5 2.94286 0.00127728
  62 61.5 2.8508 0.00123733
  63 62.5 2.64381 0.00114749
  64 63.5 2.43162 0.00105539
  65 64.5 2.1812 0.000946701
  66 65.5 1.87948 0.000815747
  67 66.5 1.58633 0.00068851
  68 67.5 1.30349 0.00056575
  69 68.5 1.05666 0.000458618
  70 69.5 0.843 0.000365885
  71 70.5 0.674608 0.000292799
  72 71.5 0.538472 0.000233712
  73 72.5 0.446464 0.000193778
  74 73.5 0.382264 0.000165913
  75 74.5 0.33948 0.000147344
  76 75.5 0.312368 0.000135576
  77 76.5 0.288256 0.000125111
  78 77.5 0.281592 0.000122219
  79 78.5 0.264376 0.000114747
  80 79.5 0.253104 0.000109854
  81 80.5 0.248544 0.000107875
  82 81.5 0.245448 0.000106531
  83 82.5 0.243824 0.000105826
  84 83.5 0.23964 0.00010401
  85 84.5 0.239664 0.000104021
  86 85.5 0.235256 0.000102108
  87 86.5 0.226936 9.84965e-05
  88 87.5 0.236736 0.00010275
  89 88.5 0.229824 9.975e-05
  90 89.5 0.226912 9.84861e-05
  91 90.5 0.225992 9.80868e-05
  92 91.5 0.239632 0.000104007
  93 92.5 0.2374 0.000103038
  94 93.5 0.238536 0.000103531
  95 94.5 0.235504 0.000102215
  96 95.5 0.239616 0.000104
  97 96.5 0.23336 0.000101285
  98 97.5 0.240888 0.000104552
  99 98.5 0.238352 0.000103451
  100 99.5 0.241128 0.000104656
  101 100.5 0.240744 0.00010449
  102 101.5 0.243344 0.000105618
  103 102.5 0.23684 0.000102795
  104 103.5 0.236736 0.00010275
  105 104.5 0.238328 0.000103441
  106 105.5 0.249232 0.000108174
  107 106.5 0.24388 0.000105851
  108 107.5 0.244216 0.000105997
  109 108.5 0.243336 0.000105615
  110 109.5 0.236984 0.000102858
  111 110.5 0.236848 0.000102799
  112 111.5 0.232032 0.000100708
  113 112.5 0.237992 0.000103295
  114 113.5 0.240448 0.000104361
  115 114.5 0.244568 0.000106149
  116 115.5 0.247624 0.000107476
  117 116.5 0.251512 0.000109163
  118 117.5 0.247056 0.000107229
  119 118.5 0.24412 0.000105955
  120 119.5 0.24624 0.000106875
  121 120.5 0.245528 0.000106566
  122 121.5 0.248344 0.000107788
  123 122.5 0.239792 0.000104076
  124 123.5 0.246592 0.000107028
  125 124.5 0.248208 0.000107729
  126 125.5 0.259144 0.000112476
  127 126.5 0.253744 0.000110132
  128 127.5 0.257136 0.000111604
  129 128.5 0.25772 0.000111858
  130 129.5 0.257016 0.000111552
  131 130.5 0.25672 0.000111424
  132 131.5 0.257616 0.000111813
  133 132.5 0.266424 0.000115635
  134 133.5 0.266184 0.000115531
  135 134.5 0.259824 0.000112771
  136 135.5 0.256352 0.000111264
  137 136.5 0.255352 0.00011083
  138 137.5 0.255408 0.000110854
  139 138.5 0.26068 0.000113142
  140 139.5 0.261312 0.000113417
  141 140.5 0.260208 0.000112938
  142 141.5 0.261848 0.000113649
  143 142.5 0.264192 0.000114667
  144 143.5 0.263704 0.000114455
  145 144.5 0.265784 0.000115358
  146 145.5 0.260576 0.000113097
  147 146.5 0.252576 0.000109625
  148 147.5 0.259024 0.000112424
  149 148.5 0.261608 0.000113545
  150 149.5 0.263984 0.000114576
  151 150.5 0.264144 0.000114646
  152 151.5 0.262144 0.000113778
  153 152.5 0.263008 0.000114153
  154 153.5 0.256664 0.000111399
  155 154.5 0.260472 0.000113052
  156 155.5 0.264096 0.000114625
  157 156.5 0.264928 0.000114986
  158 157.5 0.25776 0.000111875
  159 158.5 0.257576 0.000111795
  160 159.5 0.258512 0.000112201
  161 160.5 0.255592 0.000110934
  162 161.5 0.254552 0.000110483
  163 162.5 0.264968 0.000115003
  164 163.5 0.25612 0.000111163
  165 164.5 0.2634 0.000114323
  166 165.5 0.275648 0.000119639
  167 166.5 0.27072 0.0001175
  168 167.5 0.264936 0.00011499
  169 168.5 0.260936 0.000113253
  170 169.5 0.2574 0.000111719
  171 170.5 0.264488 0.000114795
  172 171.5 0.25536 0.000110833
  173 172.5 0.253528 0.000110038
  174 173.5 0.250248 0.000108615
  175 174.5 0.248512 0.000107861
  176 175.5 0.258624 0.00011225
  177 176.5 0.255968 0.000111097
  178 177.5 0.257096 0.000111587
  179 178.5 0.25536 0.000110833
  180 179.5 0.258688 0.000112278
  181 180.5 0.253528 0.000110038
  182 181.5 0.25588 0.000111059
  183 182.5 0.254368 0.000110403
  184 183.5 0.253872 0.000110188
  185 184.5 0.257672 0.000111837
  186 185.5 0.24644 0.000106962
  187 186.5 0.250728 0.000108823
  188 187.5 0.259304 0.000112545
  189 188.5 0.262744 0.000114038
  190 189.5 0.253912 0.000110205
  191 190.5 0.259176 0.00011249
  192 191.5 0.249776 0.00010841
  193 192.5 0.255392 0.000110847
  194 193.5 0.25472 0.000110556
  195 194.5 0.25716 0.000111615
  196 195.5 0.252008 0.000109378
  197 196.5 0.257488 0.000111757
  198 197.5 0.260368 0.000113007
  199 198.5 0.2638 0.000114497
  200 199.5 0.262768 0.000114049
  201 200.5 0.253944 0.000110219
  202 201.5 0.253568 0.000110056
  203 202.5 0.265552 0.000115257
  204 203.5 0.26916 0.000116823
  205 204.5 0.276176 0.000119868
  206 205.5 0.283656 0.000123115
  207 206.5 0.290784 0.000126208
  208 207.5 0.311064 0.00013501
  209 208.5 0.3432 0.000148958
  210 209.5 0.38056 0.000165174
  211 210.5 0.452552 0.00019642
  212 211.5 0.55084 0.00023908
  213 212.5 0.668968 0.000290351
  214 213.5 0.851248 0.000369465
  215 214.5 1.10794 0.000480875
  216 215.5 1.42073 0.000616635
  217 216.5 1.80391 0.000782948
  218 217.5 2.28063 0.000989858
  219 218.5 2.85461 0.00123898
  220 219.5 3.49748 0.001518
  221 220.5 4.25914 0.00184859
  222 221.5 5.19861 0.00225634
  223 222.5 6.3096 0.00273854
  224 223.5 7.58052 0.00329016
  225 224.5 9.08265 0.00394212
  226 225.5 10.7383 0.00466072
  227 226.5 12.7393 0.00552922
  228 227.5 14.9071 0.0064701
  229 228.5 17.108 0.00742536
  230 229.5 19.4493 0.00844153
  231 230.5 21.7463 0.00943851
  232 231.5 23.8017 0.0103306
  233 232.5 25.6156 0.0111179
  234 233.5 27.33 0.011862
  235 234.5 28.7075 0.0124599
  236 235.5 29.687 0.012885
  237 236.5 30.562 0.0132648
  238 237.5 31.3068 0.013588
  239 238.5 31.673 0.013747
  240 239.5 32.0472 0.0139094
  241 240.5 32.4089 0.0140664
  242 241.5 32.6324 0.0141634
  243 242.5 32.7985 0.0142354
  244 243.5 32.9024 0.0142805
  245 244.5 33.0128 0.0143285
  246 245.5 33.1138 0.0143723
  247 246.5 33.146 0.0143863
  248 247.5 33.1574 0.0143912
  249 248.5 33.1843 0.0144029
  250 249.5 33.2083 0.0144133
  251 250.5 33.2566 0.0144343
  252 251.5 33.2766 0.014443
  253 252.5 33.2926 0.0144499
  254 253.5 33.2943 0.0144507
  255 254.5 33.403 0.0144978
  256 255.5 33.3305 0.0144664
  257 256.5 33.354 0.0144766
  258 257.5 33.3696 0.0144833
  259 258.5 33.4472 0.014517
  260 259.5 33.3788 0.0144873
  261 260.5 33.429 0.0145091
  262 261.5 33.4549 0.0145204
  263 262.5 33.3924 0.0144932
  264 263.5 33.3301 0.0144662
  265 264.5 33.4373 0.0145127
  266 265.5 33.371 0.0144839
  267 266.5 33.3556 0.0144773
  268 267.5 33.3566 0.0144777
  269 268.5 33.3332 0.0144675
  270 269.5 33.3359 0.0144687
  271 270.5 33.2196 0.0144182
  272 271.5 33.2614 0.0144364
  273 272.5 33.1964 0.0144082
  274 273.5 33.2032 0.0144111
  275 274.5 33.1765 0.0143995
  276 275.5 33.2396 0.0144269
  277 276.5 33.1728 0.0143979
  278 277.5 33.1965 0.0144082
  279 278.5 33.1501 0.0143881
  280 279.5 33.2113 0.0144146
  281 280.5 33.1687 0.0143962
  282 281.5 33.2174 0.0144173
  283 282.5 33.2254 0.0144207
  284 283.5 33.1068 0.0143693
  285 284.5 33.1617 0.0143931
  286 285.5 33.2191 0.014418
  287 286.5 33.1656 0.0143948
  288 287.5 33.1348 0.0143814
  289 288.5 33.2088 0.0144135
  290 289.5 33.1559 0.0143906
  291 290.5 33.1983 0.014409
  292 291.5 33.147 0.0143867
  293 292.5 33.2204 0.0144186
  294 293.5 33.1946 0.0144074
  295 294.5 33.0743 0.0143552
  296 295.5 33.2265 0.0144212
  297 296.5 33.2519 0.0144322
  298 297.5 33.1808 0.0144014
  299 298.5 33.1936 0.0144069
  300 299.5 33.2532 0.0144328
  301 300.5 33.2287 0.0144222
  302 301.5 33.3351 0.0144684
  303 302.5 33.2487 0.0144309
  304 303.5 33.2586 0.0144352
  305 304.5 33.3077 0.0144565
  306 305.5 33.3025 0.0144542
  307 306.5 33.3279 0.0144652
  308 307.5 33.2986 0.0144525
  309 308.5 33.3936 0.0144937
  310 309.5 33.3069 0.0144561
  311 310.5 33.3098 0.0144574
  312 311.5 33.4188 0.0145047
  313 312.5 33.3064 0.0144559
  314 313.5 33.2478 0.0144304
  315 314.5 33.3887 0.0144916
  316 315.5 33.3789 0.0144874
  317 316.5 33.1842 0.0144029
  318 317.5 33.2921 0.0144497
  319 318.5 33.2991 0.0144527
  320 319.5 33.1954 0.0144077
  321 320.5 33.036 0.0143386
  322 321.5 33.1989 0.0144093
  323 322.5 33.1416 0.0143844
  324 323.5 32.9727 0.0143111
  325 324.5 32.9817 0.014315
  326 325.5 33.0984 0.0143656
  327 326.5 32.9542 0.014303
  328 327.5 32.9027 0.0142807
  329 328.5 33.1442 0.0143855
  330 329.5 33.0235 0.0143331
  331 330.5 32.8907 0.0142755
  332 331.5 33.0078 0.0143263
  333 332.5 33.1392 0.0143833
  334 333.5 32.9989 0.0143224
  335 334.5 33.0199 0.0143315
  336 335.5 33.1665 0.0143952
  337 336.5 33.067 0.014352
  338 337.5 33.0196 0.0143314
  339 338.5 33.143 0.014385
  340 339.5 33.1692 0.0143964
  341 340.5 33.1027 0.0143675
  342 341.5 33.0571 0.0143477
  343 342.5 33.1619 0.0143932
  344 343.5 33.0994 0.0143661
  345 344.5 33.0901 0.014362
  346 345.5 33.1498 0.0143879
  347 346.5 33.092 0.0143628
  348 347.5 33.1762 0.0143994
  349 348.5 33.1867 0.014404
  350 349.5 33.0914 0.0143626
  351 350.5 33.1168 0.0143736
  352 351.5 33.2348 0.0144248
  353 352.5 33.1833 0.0144025
  354 353.5 33.145 0.0143859
  355 354.5 33.2478 0.0144305
  356 355.5 33.2892 0.0144484
  357 356.5 33.2521 0.0144323
  358 357.5 33.1512 0.0143885
  359 358.5 33.2463 0.0144298
  360 359.5 33.2641 0.0144375
  361 360.5 33.1202 0.0143751
  362 361.5 33.2163 0.0144168
  363 362.5 33.2256 0.0144208
  364 363.5 33.1835 0.0144026
  365 364.5 33.1606 0.0143926
  366 365.5 33.2164 0.0144168
  367 366.5 33.2024 0.0144108
  368 367.5 33.2069 0.0144127
  369 368.5 33.2357 0.0144252
  370 369.5 33.1714 0.0143973
  371 370.5 33.1681 0.0143959
  372 371.5 33.192 0.0144062
  373 372.5 33.0796 0.0143574
  374 373.5 33.0262 0.0143343
  375 374.5 32.997 0.0143216
  376 375.5 32.8139 0.0142421
  377 376.5 32.5793 0.0141403
  378 377.5 32.3319 0.0140329
  379 378.5 31.9934 0.013886
  380 379.5 31.5696 0.0137021
  381 380.5 31.0108 0.0134595
  382 381.5 30.2669 0.0131367
  383 382.5 29.3649 0.0127452
  384 383.5 28.1986 0.012239
  385 384.5 26.7785 0.0116226
  386 385.5 25.0825 0.0108865
  387 386.5 23.1564 0.0100505
  388 387.5 21.0465 0.00913475
  389 388.5 18.8012 0.00816023
  390 389.5 16.483 0.00715406
  391 390.5 14.1977 0.00616219
  392 391.5 12.0768 0.00524166
  393 392.5 10.1538 0.00440701
  394 393.5 8.53376 0.00370389
  395 394.5 7.20909 0.00312894
  396 395.5 6.11074 0.00265223
  397 396.5 5.24966 0.0022785
  398 397.5 4.66164 0.00202328
  399 398.5 4.19938 0.00182265
  400 399.5 3.843 0.00166797
  401 400.5 3.61566 0.0015693
  402 401.5 3.46398 0.00150346
  403 402.5 3.34439 0.00145156
  404 403.5 3.27205 0.00142016
  405 404.5 3.21242 0.00139428
  406 405.5 3.20602 0.0013915
  407 406.5 3.19297 0.00138584
  408 407.5 3.13258 0.00135962
  409 408.5 3.09948 0.00134526
  410 409.5 3.06738 0.00133133
  411 410.5 3.01072 0.00130674
  412 411.5 2.98016 0.00129347
  413 412.5 2.95502 0.00128256
  414 413.5 2.96559 0.00128715
  415 414.5 2.96446 0.00128666
  416 415.5 2.9385 0.00127539
  417 416.5 2.9325 0.00127278
  418 417.5 2.94286 0.00127728
  419 418.5 2.93125 0.00127224
  420 419.5 2.93367 0.0012733
  421 420.5 2.95319 0.00128177
  422 421.5 2.99017 0.00129782
  423 422.5 3.00052 0.00130231
  424 423.5 3.03492 0.00131724
  425 424.5 3.0447 0.00132149
  426 425.5 3.05762 0.00132709
  427 426.5 3.01369 0.00130802
  428 427.5 3.00735 0.00130527
  429 428.5 2.99608 0.00130038
  430 429.5 2.97189 0.00128988
  431 430.5 2.99262 0.00129888
  432 431.5 2.92366 0.00126895
  433 432.5 2.93997 0.00127603
  434 433.5 2.90404 0.00126043
  435 434.5 2.86058 0.00124157
  436 435.5 2.886 0.0012526
  437 436.5 2.87578 0.00124817
  438 437.5 2.89996 0.00125866
  439 438.5 2.89552 0.00125674
  440 439.5 2.86776 0.00124469
  441 440.5 2.86691 0.00124432
  442 441.5 2.92433 0.00126924
  443 442.5 2.93276 0.0012729
  444 443.5 2.94338 0.00127751
  445 444.5 2.90317 0.00126006
  446 445.5 2.88614 0.00125266
  447 446.5 2.89038 0.0012545
  448 447.5 2.87334 0.00124711
  449 448.5 2.89298 0.00125563
  450 449.5 2.88882 0.00125383
  451 450.5 2.91727 0.00126618
  452 451.5 2.90691 0.00126168
  453 452.5 2.87333 0.0012471
  454 453.5 2.83926 0.00123232
  455 454.5 2.86248 0.0012424
  456 455.5 2.85215 0.00123791
  457 456.5 2.85929 0.00124101
  458 457.5 2.83881 0.00123212
  459 458.5 2.85162 0.00123768
  460 459.5 2.81431 0.00122149
  461 460.5 2.83008 0.00122833
  462 461.5 2.8146 0.00122161
  463 462.5 2.80578 0.00121778
  464 463.5 2.79628 0.00121366
  465 464.5 2.82404 0.00122571
  466 465.5 2.79882 0.00121477
  467 466.5 2.79649 0.00121375
  468 467.5 2.80614 0.00121794
  469 468.5 2.78869 0.00121037
  470 469.5 2.79462 0.00121294
  471 470.5 2.7898 0.00121085
  472 471.5 2.82282 0.00122518
  473 472.5 2.83869 0.00123207
  474 473.5 2.80864 0.00121903
  475 474.5 2.81082 0.00121998
  476 475.5 2.84668 0.00123554
  477 476.5 2.84046 0.00123284
  478 477.5 2.85444 0.00123891
  479 478.5 2.84584 0.00123517
  480 479.5 2.85458 0.00123897
72500000 480 5822.000000000004
  1 0.5 2.61324 0.00113422
  2 1.5 2.57864 0.0011192
  3 2.5 2.55077 0.0011071
  4 3.5 2.52822 0.00109732
  5 4.5 2.56941 0.00111519
  6 5.5 2.57226 0.00111643
  7 6.5 2.55658 0.00110962
  8 7.5 2.53492 0.00110023
  9 8.5 2.53814 0.00110162
  10 9.5 2.49788 0.00108415
  11 10.5 2.49444 0.00108266
  12 11.5 2.49394 0.00108244
  13 12.5 2.50022 0.00108517
  14 13.5 2.47242 0.0010731
  15 14.5 2.44042 0.00105921
  16 15.5 2.43693 0.00105769
  17 16.5 2.4417 0.00105976
  18 17.5 2.43578 0.00105719
  19 18.5 2.42548 0.00105273
  20 19.5 2.42161 0.00105105
  21 20.5 2.44115 0.00105953
  22 21.5 2.44779 0.00106241
  23 22.5 2.45031 0.0010635
  24 23.5 2.45717 0.00106648
  25 24.5 2.44741 0.00106224
  26 25.5 2.47314 0.00107341
  27 26.5 2.46317 0.00106908
  28 27.5 2.46782 0.0010711
  29 28.5 2.46996 0.00107203
  30 29.5 2.4761 0.00107469
  31 30.5 2.45545 0.00106573
  32 31.5 2.46007 0.00106774
  33 32.5 2.39327 0.00103875
  34 33.5 2.38602 0.0010356
  35 34.5 2.39076 0.00103766
  36 35.5 2.36137 0.0010249
  37 36.5 2.35653 0.0010228
  38 37.5 2.31307 0.00100394
  39 38.5 2.28443 0.000991507
  40 39.5 2.2903 0.000994056
  41 40.5 2.28739 0.000992792
  42 41.5 2.27478 0.000987316
  43 42.5 2.28506 0.000991781
  44 43.5 2.29498 0.000996083
  45 44.5 2.31982 0.00100687
  46 45.5 2.34145 0.00101625
  47 46.5 2.35814 0.0010235
  48 47.5 2.37002 0.00102866
  49 48.5 2.45843 0.00106703
  50 49.5 2.48288 0.00107764
  51 50.5 2.49826 0.00108432
  52 51.5 2.50563 0.00108751
  53 52.5 2.5533 0.0011082
  54 53.5 2.58418 0.00112161
  55 54.5 2.61824 0.00113639
  56 55.5 2.64391 0.00114753
  57 56.5 2.70722 0.00117501
  58 57.5 2.73506 0.00118709
  59 58.5 2.83201 0.00122917
  60 59.5 2.89303 0.00125566
  61 60.5 2.9313 0.00127226
  62 61.5 2.96292 0.00128599
  63 62.5 2.98665 0.00129629
  64 63.5 2.95222 0.00128134
  65 64.5 2.87308 0.001247
  66 65.5 2.7283 0.00118416
  67 66.5 2.50368 0.00108667
  68 67.5 2.2327 0.000969052
  69 68.5 1.9004 0.000824826
  70 69.5 1.58834 0.000689385
  71 70.5 1.27231 0.000552219
  72 71.5 1.02305 0.000444031
  73 72.5 0.803968 0.000348944
  74 73.5 0.62544 0.000271458
  75 74.5 0.504792 0.000219094
  76 75.5 0.417928 0.000181392
  77 76.5 0.364032 0.000158
  78 77.5 0.321248 0.000139431
  79 78.5 0.296312 0.000128608
  80 79.5 0.281112 0.00012201
  81 80.5 0.261872 0.00011366
  82 81.5 0.257864 0.00011192
  83 82.5 0.252216 0.000109469
  84 83.5 0.251088 0.000108979
  85 84.5 0.242696 0.000105337
  86 85.5 0.245304 0.000106469
  87 86.5 0.245888 0.000106722
  88 87.5 0.250648 0.000108788
  89 88.5 0.245344 0.000106486
  90 89.5 0.247096 0.000107247
  91 90.5 0.247552 0.000107444
  92 91.5 0.2448 0.00010625
  93 92.5 0.247936 0.000107611
  94 93.5 0.24332 0.000105608
  95 94.5 0.242616 0.000105302
  96 95.5 0.240936 0.000104573
  97 96.5 0.239768 0.000104066
  98 97.5 0.237184 0.000102944
  99 98.5 0.243336 0.000105615
  100 99.5 0.242392 0.000105205
  101 100.5 0.239984 0.00010416
  102 101.5 0.248688 0.000107938
  103 102.5 0.250664 0.000108795
  104 103.5 0.251024 0.000108951
  105 104.5 0.247736 0.000107524
  106 105.5 0.25168 0.000109236
  107 106.5 0.243624 0.00010574
  108 107.5 0.24288 0.000105417
  109 108.5 0.243664 0.000105757
  110 109.5 0.252344 0.000109524
  111 110.5 0.253184 0.000109889
  112 111.5 0.246456 0.000106969
  113 112.5 0.249136 0.000108132
  114 113.5 0.2482 0.000107726
  115 114.5 0.245624 0.000106608
  116 115.5 0.251856 0.000109312
  117 116.5 0.252464 0.000109576
  118 117.5 0.249848 0.000108441
  119 118.5 0.254144 0.000110306
  120 119.5 0.256472 0.000111316
  121 120.5 0.256608 0.000111375
  122 121.5 0.258816 0.000112333
  123 122.5 0.258256 0.00011209
  124 123.5 0.256688 0.00011141
  125 124.5 0.256168 0.000111184
  126 125.5 0.261528 0.00011351
  127 126.5 0.262976 0.000114139
  128 127.5 0.25544 0.000110868
  129 128.5 0.249648 0.000108354
  130 129.5 0.251248 0.000109049
  131 130.5 0.249144 0.000108135
  132 131.5 0.247528 0.000107434
  133 132.5 0.253992 0.00011024
  134 133.5 0.24928 0.000108194
  135 134.5 0.25684 0.000111476
  136 135.5 0.25272 0.000109688
  137 136.5 0.253368 0.000109969
  138 137.5 0.2496 0.000108333
  139 138.5 0.2544 0.000110417
  140 139.5 0.257184 0.000111625
  141 140.5 0.252184 0.000109455
  142 141.5 0.250312 0.000108642
  143 142.5 0.25032 0.000108646
  144 143.5 0.24436 0.000106059
  145 144.5 0.239216 0.000103826
  146 145.5 0.237344 0.000103014
  147 146.5 0.235952 0.00010241
  148 147.5 0.231184 0.00010034
  149 148.5 0.239208 0.000103823
  150 149.5 0.242776 0.000105372
  151 150.5 0.2456 0.000106597
  152 151.5 0.2418 0.000104948
  153 152.5 0.237296 0.000102993
  154 153.5 0.239776 0.000104069
  155 154.5 0.232992 0.000101125
  156 155.5 0.238032 0.000103312
  157 156.5 0.236552 0.00010267
  158 157.5 0.240696 0.000104469
  159 158.5 0.245768 0.00010667
  160 159.5 0.247256 0.000107316
  161 160.5 0.244584 0.000106156
  162 161.5 0.249032 0.000108087
  163 162.5 0.249872 0.000108451
  164 163.5 0.247104 0.00010725
  165 164.5 0.246984 0.000107198
  166 165.5 0.2396 0.000103993
  167 166.5 0.239608 0.000103997
  168 167.5 0.243784 0.000105809
  169 168.5 0.233328 0.000101271
  170 169.5 0.239808 0.000104083
  171 170.5 0.246 0.000106771
  172 171.5 0.247984 0.000107632
  173 172.5 0.250576 0.000108757
  174 173.5 0.2488 0.000107986
  175 174.5 0.257096 0.000111587
  176 175.5 0.247632 0.000107479
  177 176.5 0.250856 0.000108878
  178 177.5 0.25952 0.000112639
  179 178.5 0.257008 0.000111549
  180 179.5 0.247056 0.000107229
  181 180.5 0.247472 0.00010741
  182 181.5 0.243544 0.000105705
  183 182.5 0.250768 0.00010884
  184 183.5 0.247088 0.000107243
  185 184.5 0.24588 0.000106719
  186 185.5 0.245688 0.000106635
  187 186.5 0.249632 0.000108347
  188 187.5 0.243912 0.000105865
  189 188.5 0.239864 0.000104108
  190 189.5 0.236872 0.000102809
  191 190.5 0.24244 0.000105226
  192 191.5 0.242296 0.000105163
  193 192.5 0.251504 0.00010916
  194 193.5 0.245856 0.000106708
  195 194.5 0.240296 0.000104295
  196 195.5 0.24384 0.000105833
  197 196.5 0.238136 0.000103358
  198 197.5 0.235312 0.000102132
  199 198.5 0.232448 0.000100889
  200 199.5 0.236376 0.000102594
  201 200.5 0.239352 0.000103885
  202 201.5 0.233528 0.000101358
  203 202.5 0.233224 0.000101226
  204 203.5 0.240536 0.000104399
  205 204.5 0.239368 0.000103892
  206 205.5 0.242288 0.00010516
  207 206.5 0.244136 0.000105962
  208 207.5 0.248064 0.000107667
  209 208.5 0.253392 0.000109979
  210 209.5 0.26288 0.000114097
  211 210.5 0.286008 0.000124135
  212 211.5 0.300328 0.000130351
  213 212.5 0.326776 0.00014183
  214 213.5 0.375512 0.000162983
  215 214.5 0.4326 0.00018776
  216 215.5 0.533792 0.000231681
  217 216.5 0.681416 0.000295753
  218 217.5 0.904168 0.000392434
  219 218.5 1.20771 0.000524181
  220 219.5 1.60673 0.000697365
  221 220.5 2.12859 0.000923868
  222 221.5 2.82668 0.00122686
  223 222.5 3.72333 0.00161603
  224 223.5 4.76765 0.00206929
  225 224.5 6.0313 0.00261775
  226 225.5 7.52306 0.00326522
  227 226.5 9.2902 0.0040322
  228 227.5 11.2211 0.00487025
  229 228.5 13.3566 0.00579711
  230 229.5 15.6656 0.0067993
  231 230.5 17.9288 0.00778161
  232 231.5 20.2412 0.00878525
  233 232.5 22.4618 0.00974905
  234 233.5 24.4995 0.0106335
  235 234.5 26.2293 0.0113843
  236 235.5 27.7801 0.0120573
  237 236.5 28.9868 0.0125811
  238 237.5 30.012 0.0130261
  239 238.5 30.8522 0.0133907
  240 239.5 31.3326 0.0135992
  241 240.5 31.8337 0.0138167
  242 241.5 32.1893 0.0139711
  243 242.5 32.531 0.0141194
  244 243.5 32.7077 0.0141961
  245 244.5 32.9798 0.0143141
  246 245.5 32.9742 0.0143117
  247 246.5 33.1918 0.0144062
  248 247.5 33.288 0.0144479
  249 248.5 33.3471 0.0144736
  250 249.5 33.3595 0.0144789
  251 250.5 33.4642 0.0145244
  252 251.5 33.5735 0.0145718
  253 252.5 33.551 0.0145621
  254 253.5 33.5543 0.0145635
  255 254.5 33.5822 0.0145756
  256 255.5 33.5661 0.0145686
  257 256.5 33.5392 0.0145569
  258 257.5 33.6069 0.0145863
  259 258.5 33.679 0.0146176
  260 259.5 33.5653 0.0145683
  261 260.5 33.5163 0.014547
  262 261.5 33.5899 0.014579
  263 262.5 33.5872 0.0145778
  264 263.5 33.4351 0.0145118
  265 264.5 33.4207 0.0145055
  266 265.5 33.5048 0.014542
  267 266.5 33.3939 0.0144939
  268 267.5 33.3997 0.0144964
  269 268.5 33.4722 0.0145279
  270 269.5 33.4398 0.0145138
  271 270.5 33.3821 0.0144888
  272 271.5 33.4025 0.0144976
  273 272.5 33.469 0.0145265
  274 273.5 33.4 0.0144965
  275 274.5 33.4438 0.0145155
  276 275.5 33.5096 0.0145441
  277 276.5 33.3911 0.0144926
  278 277.5 33.3745 0.0144855
  279 278.5 33.4489 0.0145177
  280 279.5 33.4642 0.0145244
  281 280.5 33.3624 0.0144802
  282 281.5 33.3567 0.0144777
  283 282.5 33.4559 0.0145208
  284 283.5 33.3345 0.0144681
  285 284.5 33.2843 0.0144463
  286 285.5 33.3847 0.0144899
  287 286.5 33.4152 0.0145031
  288 287.5 33.2706 0.0144403
  289 288.5 33.3786 0.0144873
  290 289.5 33.4132 0.0145022
  291 290.5 33.3552 0.0144771
  292 291.5 33.312 0.0144583
  293 292.5 33.4107 0.0145012
  294 293.5 33.4077 0.0144999
  295 294.5 33.3396 0.0144703
  296 295.5 33.3022 0.0144541
  297 296.5 33.4775 0.0145302
  298 297.5 33.2974 0.014452
  299 298.5 33.1993 0.0144094
  300 299.5 33.3445 0.0144725
  301 300.5 33.3244 0.0144637
  302 301.5 33.2279 0.0144218
  303 302.5 33.3303 0.0144663
  304 303.5 33.3498 0.0144747
  305 304.5 33.2489 0.0144309
  306 305.5 33.266 0.0144384
  307 306.5 33.3271 0.0144649
  308 307.5 33.2543 0.0144333
  309 308.5 33.1388 0.0143832
  310 309.5 33.2631 0.0144371
  311 310.5 33.2446 0.0144291
  312 311.5 33.1529 0.0143893
  313 312.5 33.1809 0.0144014
  314 313.5 33.349 0.0144744
  315 314.5 33.2929 0.0144501
  316 315.5 33.2089 0.0144136
  317 316.5 33.3242 0.0144636
  318 317.5 33.4361 0.0145122
  319 318.5 33.3129 0.0144587
  320 319.5 33.3268 0.0144648
  321 320.5 33.5064 0.0145427
  322 321.5 33.5536 0.0145632
  323 322.5 33.4296 0.0145094
  324 323.5 33.4809 0.0145316
  325 324.5 33.6476 0.014604
  326 325.5 33.5308 0.0145533
  327 326.5 33.5339 0.0145546
  328 327.5 33.6659 0.0146119
  329 328.5 33.7223 0.0146364
  330 329.5 33.588 0.0145781
  331 330.5 33.6029 0.0145846
  332 331.5 33.7084 0.0146304
  333 332.5 33.6272 0.0145951
  334 333.5 33.5238 0.0145502
  335 334.5 33.5414 0.0145579
  336 335.5 33.6469 0.0146037
  337 336.5 33.5567 0.0145646
  338 337.5 33.5096 0.0145441
  339 338.5 33.6367 0.0145992
  340 339.5 33.6155 0.01459
  341 340.5 33.5349 0.0145551
  342 341.5 33.5081 0.0145434
  343 342.5 33.6707 0.014614
  344 343.5 33.5477 0.0145606
  345 344.5 33.5362 0.0145556
  346 345.5 33.4978 0.014539
  347 346.5 33.71 0.0146311
  348 347.5 33.4187 0.0145046
  349 348.5 33.4471 0.014517
  350 349.5 33.5998 0.0145832
  351 350.5 33.6314 0.014597
  352 351.5 33.4033 0.014498
  353 352.5 33.624 0.0145937
  354 353.5 33.6558 0.0146076
  355 354.5 33.561 0.0145664
  356 355.5 33.5669 0.014569
  357 356.5 33.5935 0.0145805
  358 357.5 33.6577 0.0146084
  359 358.5 33.6171 0.0145908
  360 359.5 33.5461 0.0145599
  361 360.5 33.5977 0.0145823
  362 361.5 33.6796 0.0146179
  363 362.5 33.5732 0.0145717
  364 363.5 33.5037 0.0145416
  365 364.5 33.6886 0.0146218
  366 365.5 33.6408 0.014601
  367 366.5 33.6125 0.0145887
  368 367.5 33.5764 0.0145731
  369 368.5 33.63 0.0145963
  370 369.5 33.5671 0.0145691
  371 370.5 33.4904 0.0145358
  372 371.5 33.4784 0.0145305
  373 372.5 33.4461 0.0145165
  374 373.5 33.3201 0.0144619
  375 374.5 33.2863 0.0144472
  376 375.5 33.2343 0.0144246
  377 376.5 33.1422 0.0143847
  378 377.5 32.9432 0.0142983
  379 378.5 32.7631 0.0142201
  380 379.5 32.4761 0.0140955
  381 380.5 32.1031 0.0139336
  382 381.5 31.5844 0.0137085
  383 382.5 30.9764 0.0134446
  384 383.5 30.1281 0.0130764
  385 384.5 29.0913 0.0126264
  386 385.5 27.8233 0.0120761
  387 386.5 26.2313 0.0113851
  388 387.5 24.2946 0.0105445
  389 388.5 22.1508 0.00961405
  390 389.5 19.8779 0.00862756
  391 390.5 17.485 0.00758898
  392 391.5 15.0802 0.00654521
  393 392.5 12.8396 0.00557276
  394 393.5 10.8439 0.00470655
  395 394.5 9.09532 0.00394762
  396 395.5 7.63996 0.00331595
  397 396.5 6.48696 0.00281552
  398 397.5 5.59098 0.00242664
  399 398.5 4.81829 0.00209127
  400 399.5 4.3059 0.00186888
  401 400.5 3.92031 0.00170152
  402 401.5 3.63438 0.00157742
  403 402.5 3.4098 0.00147995
  404 403.5 3.23772 0.00140526
  405 404.5 3.11893 0.0013537
  406 405.5 3.03223 0.00131607
  407 406.5 2.98094 0.00129381
  408 407.5 2.96863 0.00128847
  409 408.5 2.94793 0.00127948
  410 409.5 2.91813 0.00126655
  411 410.5 2.90347 0.00126019
  412 411.5 2.85426 0.00123883
  413 412.5 2.83404 0.00123005
  414 413.5 2.80711 0.00121836
  415 414.5 2.78842 0.00121025
  416 415.5 2.81986 0.0012239
  417 416.5 2.84426 0.00123449
  418 417.5 2.84759 0.00123593
  419 418.5 2.82646 0.00122676
  420 419.5 2.78014 0.00120666
  421 420.5 2.75155 0.00119425
  422 421.5 2.75402 0.00119532
  423 422.5 2.73262 0.00118603
  424 423.5 2.6998 0.00117179
  425 424.5 2.70989 0.00117617
  426 425.5 2.73423 0.00118673
  427 426.5 2.72707 0.00118362
  428 427.5 2.73154 0.00118557
  429 428.5 2.74499 0.0011914
  430 429.5 2.7802 0.00120668
  431 430.5 2.78938 0.00121067
  432 431.5 2.77458 0.00120424
  433 432.5 2.76706 0.00120098
  434 433.5 2.81659 0.00122248
  435 434.5 2.84073 0.00123295
  436 435.5 2.83325 0.00122971
  437 436.5 2.78914 0.00121056
  438 437.5 2.75994 0.00119789
  439 438.5 2.7645 0.00119987
  440 439.5 2.75286 0.00119482
  441 440.5 2.73723 0.00118803
  442 441.5 2.76047 0.00119812
  443 442.5 2.75539 0.00119592
  444 443.5 2.7466 0.0011921
  445 444.5 2.74535 0.00119156
  446 445.5 2.74085 0.0011896
  447 446.5 2.75149 0.00119422
  448 447.5 2.72337 0.00118202
  449 448.5 2.72521 0.00118282
  450 449.5 2.73158 0.00118558
  451 450.5 2.74386 0.00119091
  452 451.5 2.71596 0.0011788
  453 452.5 2.6757 0.00116133
  454 453.5 2.64108 0.0011463
  455 454.5 2.63205 0.00114238
  456 455.5 2.63501 0.00114367
  457 456.5 2.58266 0.00112095
  458 457.5 2.60013 0.00112853
  459 458.5 2.6027 0.00112965
  460 459.5 2.59099 0.00112456
  461 460.5 2.56542 0.00111346
  462 461.5 2.56982 0.00111538
  463 462.5 2.54479 0.00110451
  464 463.5 2.57906 0.00111939
  465 464.5 2.56018 0.00111119
  466 465.5 2.52752 0.00109701
  467 466.5 2.55221 0.00110773
  468 467.5 2.53437 0.00109999
  469 468.5 2.54767 0.00110576
  470 469.5 2.54159 0.00110312
  471 470.5 2.56143 0.00111173
  472 471.5 2.60982 0.00113274
  473 472.5 2.65794 0.00115362
  474 473.5 2.67513 0.00116108
  475 474.5 2.69264 0.00116868
  476 475.5 2.66225 0.00115549
  477 476.5 2.65758 0.00115346
  478 477.5 2.65472 0.00115222
  479 478.5 2.65597 0.00115276
  480 479.5 2.65246 0.00115124
75000000 480 5822.0000000000055
  1 0.5 2.57319 0.00111684
  2 1.5 2.54696 0.00110545
  3 2.5 2.55305 0.00110809
  4 3.5 2.57706 0.00111852
  5 4.5 2.59018 0.00112421
  6 5.5 2.5658 0.00111363
  7 6.5 2.57676 0.00111839
  8 7.5 2.55045 0.00110697
  9 8.5 2.48782 0.00107978
  10 9.5 2.46242 0.00106876
  11 10.5 2.47834 0.00107567
  12 11.5 2.47848 0.00107573
  13 12.5 2.45472 0.00106542
  14 13.5 2.43535 0.00105701
  15 14.5 2.42938 0.00105442
  16 15.5 2.44718 0.00106215
  17 16.5 2.43421 0.00105651
  18 17.5 2.42628 0.00105307
  19 18.5 2.40304 0.00104299
  20 19.5 2.38605 0.00103561
  21 20.5 2.39106 0.00103778
  22 21.5 2.37831 0.00103225
  23 22.5 2.36932 0.00102835
  24 23.5 2.36997 0.00102863
  25 24.5 2.36469 0.00102634
  26 25.5 2.35298 0.00102126
  27 26.5 2.35393 0.00102167
  28 27.5 2.3531 0.00102131
  29 28.5 2.33961 0.00101545
  30 29.5 2.3407 0.00101593
  31 30.5 2.36997 0.00102863
  32 31.5 2.38896 0.00103688
  33 32.5 2.41798 0.00104947
  34 33.5 2.38113 0.00103348
  35 34.5 2.38579 0.0010355
  36 35.5 2.41486 0.00104811
  37 36.5 2.39283 0.00103856
  38 37.5 2.38481 0.00103507
  39 38.5 2.39934 0.00104138
  40 39.5 2.39212 0.00103825
  41 40.5 2.40149 0.00104231
  42 41.5 2.41629 0.00104874
  43 42.5 2.42435 0.00105224
  44 43.5 2.40844 0.00104533
  45 44.5 2.4046 0.00104366
  46 45.5 2.42626 0.00105307
  47 46.5 2.45665 0.00106625
  48 47.5 2.43807 0.00105819
  49 48.5 2.42551 0.00105274
  50 49.5 2.43248 0.00105576
  51 50.5 2.48575 0.00107889
  52 51.5 2.5397 0.0011023
  53 52.5 2.58338 0.00112126
  54 53.5 2.62533 0.00113947
  55 54.5 2.63958 0.00114565
  56 55.5 2.63106 0.00114195
  57 56.5 2.67346 0.00116035
  58 57.5 2.68134 0.00116378
  59 58.5 2.71516 0.00117845
  60 59.5 2.74423 0.00119107
  61 60.5 2.80846 0.00121895
  62 61.5 2.88769 0.00125334
  63 62.5 2.91878 0.00126683
  64 63.5 2.9343 0.00127357
  65 64.5 2.84234 0.00123366
  66 65.5 2.72918 0.00118454
  67 66.5 2.54978 0.00110668
  68 67.5 2.29338 0.000995389
  69 68.5 1.98601 0.000861983
  70 69.5 1.67196 0.000725677
  71 70.5 1.35348 0.000587448
  72 71.5 1.07042 0.000464594
  73 72.5 0.826408 0.000358684
  74 73.5 0.656512 0.000284944
  75 74.5 0.53236 0.000231059
  76 75.5 0.433608 0.000188198
  77 76.5 0.36248 0.000157326
  78 77.5 0.30948 0.000134323
  79 78.5 0.2788 0.000121007
  80 79.5 0.26068 0.000113142
  81 80.5 0.24632 0.00010691
  82 81.5 0.242872 0.000105413
  83 82.5 0.231536 0.000100493
  84 83.5 0.227016 9.85312e-05
  85 84.5 0.234184 0.000101642
  86 85.5 0.233176 0.000101205
  87 86.5 0.236128 0.000102486
  88 87.5 0.233192 0.000101212
  89 88.5 0.228736 9.92778e-05
  90 89.5 0.235288 0.000102122
  91 90.5 0.224544 9.74583e-05
  92 91.5 0.22532 9.77951e-05
  93 92.5 0.22904 9.94097e-05
  94 93.5 0.24068 0.000104462
  95 94.5 0.233944 0.000101538
  96 95.5 0.231 0.00010026
  97 96.5 0.237104 0.00010291
  98 97.5 0.2384 0.000103472
  99 98.5 0.236072 0.000102462
  100 99.5 0.23008 9.98611e-05
  101 100.5 0.230176 9.99028e-05
  102 101.5 0.237688 0.000103163
  103 102.5 0.236576 0.000102681
  104 103.5 0.229576 9.96424e-05
  105 104.5 0.233328 0.000101271
  106 105.5 0.23572 0.000102309
  107 106.5 0.236072 0.000102462
  108 107.5 0.238768 0.000103632
  109 108.5 0.238128 0.000103354
  110 109.5 0.241952 0.000105014
  111 110.5 0.234584 0.000101816
  112 111.5 0.235752 0.000102323
  113 112.5 0.2358 0.000102344
  114 113.5 0.238224 0.000103396
  115 114.5 0.237088 0.000102903
  116 115.5 0.23524 0.000102101
  117 116.5 0.22716 9.85937e-05
  118 117.5 0.227536 9.87569e-05
  119 118.5 0.222488 9.6566e-05
  120 119.5 0.231472 0.000100465
  121 120.5 0.221232 9.60208e-05
  122 121.5 0.21772 9.44965e-05
  123 122.5 0.217896 9.45729e-05
  124 123.5 0.22676 9.84201e-05
  125 124.5 0.229064 9.94201e-05
  126 125.5 0.22836 9.91146e-05
  127 126.5 0.231528 0.00010049
  128 127.5 0.2198 9.53993e-05
  129 128.5 0.227136 9.85833e-05
  130 129.5 0.224976 9.76458e-05
  131 130.5 0.225424 9.78403e-05
  132 131.5 0.219808 9.54028e-05
  133 132.5 0.227752 9.88507e-05
  134 133.5 0.222856 9.67257e-05
  135 134.5 0.225088 9.76944e-05
  136 135.5 0.221352 9.60729e-05
  137 136.5 0.22388 9.71701e-05
  138 137.5 0.215136 9.3375e-05
  139 138.5 0.215848 9.3684e-05
  140 139.5 0.224512 9.74444e-05
  141 140.5 0.223224 9.68854e-05
  142 141.5 0.223488 9.7e-05
  143 142.5 0.217 9.4184e-05
  144 143.5 0.220288 9.56111e-05
  145 144.5 0.223144 9.68507e-05
  146 145.5 0.228072 9.89896e-05
  147 146.5 0.22432 9.73611e-05
  148 147.5 0.226064 9.81181e-05
  149 148.5 0.225232 9.77569e-05
  150 149.5 0.22996 9.9809e-05
  151 150.5 0.228584 9.92118e-05
  152 151.5 0.226568 9.83368e-05
  153 152.5 0.229088 9.94306e-05
  154 153.5 0.225256 9.77674e-05
  155 154.5 0.22444 9.74132e-05
  156 155.5 0.221632 9.61944e-05
  157 156.5 0.221936 9.63264e-05
  158 157.5 0.222488 9.6566e-05
  159 158.5 0.221264 9.60347e-05
  160 159.5 0.225112 9.77049e-05
  161 160.5 0.222384 9.65208e-05
  162 161.5 0.219536 9.52847e-05
  163 162.5 0.224024 9.72326e-05
  164 163.5 0.216552 9.39896e-05
  165 164.5 0.212296 9.21424e-05
  166 165.5 0.214376 9.30451e-05
  167 166.5 0.221696 9.62222e-05
  168 167.5 0.222144 9.64167e-05
  169 168.5 0.21512 9.33681e-05
  170 169.5 0.217968 9.46042e-05
  171 170.5 0.222104 9.63993e-05
  172 171.5 0.221312 9.60556e-05
  173 172.5 0.22112 9.59722e-05
  174 173.5 0.222848 9.67222e-05
  175 174.5 0.22612 9.81424e-05
  176 175.5 0.226056 9.81146e-05
  177 176.5 0.234752 0.000101889
  178 177.5 0.235432 0.000102184
  179 178.5 0.235408 0.000102174
  180 179.5 0.231888 0.000100646
  181 180.5 0.240408 0.000104344
  182 181.5 0.232056 0.000100719
  183 182.5 0.228904 9.93507e-05
  184 183.5 0.231968 0.000100681
  185 184.5 0.232208 0.000100785
  186 185.5 0.237784 0.000103205
  187 186.5 0.230416 0.000100007
  188 187.5 0.226968 9.85104e-05
  189 188.5 0.229856 9.97639e-05
  190 189.5 0.235376 0.00010216
  191 190.5 0.233528 0.000101358
  192 191.5 0.233864 0.000101503
  193 192.5 0.226864 9.84653e-05
  194 193.5 0.231296 0.000100389
  195 194.5 0.230944 0.000100236
  196 195.5 0.230392 9.99965e-05
  197 196.5 0.227856 9.88958e-05
  198 197.5 0.228832 9.93194e-05
  199 198.5 0.219712 9.53611e-05
  200 199.5 0.218832 9.49792e-05
  201 200.5 0.2208 9.58333e-05
  202 201.5 0.219432 9.52396e-05
  203 202.5 0.22004 9.55035e-05
  204 203.5 0.224664 9.75104e-05
  205 204.5 0.226152 9.81563e-05
  206 205.5 0.2332 0.000101215
  207 206.5 0.237784 0.000103205
  208 207.5 0.24112 0.000104653
  209 208.5 0.251088 0.000108979
  210 209.5 0.256408 0.000111288
  211 210.5 0.267 0.000115885
  212 211.5 0.28748 0.000124774
  213 212.5 0.322328 0.000139899
  214 213.5 0.35956 0.000156059
  215 214.5 0.425712 0.000184771
  216 215.5 0.522272 0.000226681
  217 216.5 0.657712 0.000285465
  218 217.5 0.850896 0.000369313
  219 218.5 1.1115 0.00048242
  220 219.5 1.46877 0.000637486
  221 220.5 1.89678 0.000823257
  222 221.5 2.38124 0.00103352
  223 222.5 2.96742 0.00128794
  224 223.5 3.62886 0.00157502
  225 224.5 4.39961 0.00190955
  226 225.5 5.27222 0.00228829
  227 226.5 6.32147 0.00274369
  228 227.5 7.56378 0.00328289
  229 228.5 8.97838 0.00389687
  230 229.5 10.7368 0.00466005
  231 230.5 12.6845 0.00550544
  232 231.5 14.7511 0.00640241
  233 232.5 16.977 0.00736849
  234 233.5 19.3314 0.00839035
  235 234.5 21.5643 0.0093595
  236 235.5 23.6587 0.0102685
  237 236.5 25.7058 0.011157
  238 237.5 27.265 0.0118338
  239 238.5 28.7078 0.01246
  240 239.5 29.8642 0.0129619
  241 240.5 30.8226 0.0133779
  242 241.5 31.5179 0.0136796
  243 242.5 31.9204 0.0138544
  244 243.5 32.3218 0.0140286
  245 244.5 32.7082 0.0141963
  246 245.5 32.9154 0.0142862
  247 246.5 33.069 0.0143529
  248 247.5 33.1655 0.0143947
  249 248.5 33.4249 0.0145073
  250 249.5 33.3784 0.0144871
  251 250.5 33.4661 0.0145252
  252 251.5 33.4906 0.0145358
  253 252.5 33.5685 0.0145697
  254 253.5 33.4557 0.0145207
  255 254.5 33.4934 0.0145371
  256 255.5 33.591 0.0145794
  257 256.5 33.519 0.0145482
  258 257.5 33.5064 0.0145427
  259 258.5 33.5591 0.0145656
  260 259.5 33.4765 0.0145297
  261 260.5 33.5312 0.0145535
  262 261.5 33.5744 0.0145722
  263 262.5 33.5589 0.0145655
  264 263.5 33.5762 0.014573
  265 264.5 33.6726 0.0146148
  266 265.5 33.6728 0.0146149
  267 266.5 33.6129 0.014589
  268 267.5 33.6132 0.0145891
  269 268.5 33.7252 0.0146377
  270 269.5 33.6522 0.014606
  271 270.5 33.5845 0.0145766
  272 271.5 33.6632 0.0146108
  273 272.5 33.675 0.0146159
  274 273.5 33.5973 0.0145821
  275 274.5 33.5835 0.0145762
  276 275.5 33.614 0.0145894
  277 276.5 33.6018 0.0145841
  278 277.5 33.5357 0.0145554
  279 278.5 33.5875 0.0145779
  280 279.5 33.6618 0.0146102
  281 280.5 33.6615 0.01461
  282 281.5 33.5863 0.0145774
  283 282.5 33.6374 0.0145996
  284 283.5 33.6175 0.0145909
  285 284.5 33.6731 0.014615
  286 285.5 33.65 0.014605
  287 286.5 33.7036 0.0146283
  288 287.5 33.7387 0.0146435
  289 288.5 33.7152 0.0146333
  290 289.5 33.7825 0.0146626
  291 290.5 33.779 0.014661
  292 291.5 33.7853 0.0146638
  293 292.5 33.7618 0.0146535
  294 293.5 33.8007 0.0146704
  295 294.5 33.7819 0.0146623
  296 295.5 33.756 0.0146511
  297 296.5 33.7692 0.0146567
  298 297.5 33.8042 0.014672
  299 298.5 33.8711 0.014701
  300 299.5 33.7254 0.0146377
  301 300.5 33.8534 0.0146933
  302 301.5 33.8699 0.0147005
  303 302.5 33.8126 0.0146756
  304 303.5 33.8473 0.0146907
  305 304.5 33.8502 0.0146919
  306 305.5 33.9189 0.0147217
  307 306.5 33.7764 0.0146599
  308 307.5 33.8077 0.0146735
  309 308.5 33.8969 0.0147122
  310 309.5 33.7483 0.0146477
  311 310.5 33.7739 0.0146588
  312 311.5 33.7591 0.0146524
  313 312.5 33.7296 0.0146396
  314 313.5 33.6779 0.0146172
  315 314.5 33.675 0.0146159
  316 315.5 33.6584 0.0146087
  317 316.5 33.6177 0.014591
  318 317.5 33.58 0.0145747
  319 318.5 33.5468 0.0145602
  320 319.5 33.5243 0.0145505
  321 320.5 33.4927 0.0145368
  322 321.5 33.491 0.014536
  323 322.5 33.5157 0.0145467
  324 323.5 33.4321 0.0145104
  325 324.5 33.3665 0.014482
  326 325.5 33.4393 0.0145136
  327 326.5 33.4199 0.0145051
  328 327.5 33.3272 0.0144649
  329 328.5 33.4027 0.0144977
  330 329.5 33.4238 0.0145069
  331 330.5 33.2935 0.0144503
  332 331.5 33.3376 0.0144694
  333 332.5 33.3838 0.0144895
  334 333.5 33.3788 0.0144873
  335 334.5 33.2746 0.0144421
  336 335.5 33.3318 0.0144669
  337 336.5 33.3388 0.0144699
  338 337.5 33.2288 0.0144222
  339 338.5 33.2514 0.014432
  340 339.5 33.238 0.0144262
  341 340.5 33.218 0.0144175
  342 341.5 33.1579 0.0143915
  343 342.5 33.1896 0.0144052
  344 343.5 33.1838 0.0144027
  345 344.5 33.1775 0.0144
  346 345.5 33.1775 0.0144
  347 346.5 33.1506 0.0143883
  348 347.5 33.0811 0.0143581
  349 348.5 33.0689 0.0143528
  350 349.5 33.08 0.0143576
  351 350.5 32.9925 0.0143197
  352 351.5 33.0549 0.0143467
  353 352.5 33.0725 0.0143544
  354 353.5 32.8703 0.0142666
  355 354.5 32.9665 0.0143084
  356 355.5 33.0098 0.0143272
  357 356.5 32.8656 0.0142646
  358 357.5 32.8655 0.0142645
  359 358.5 32.935 0.0142947
  360 359.5 32.8972 0.0142783
  361 360.5 32.8891 0.0142748
  362 361.5 32.974 0.0143116
  363 362.5 33.0295 0.0143357
  364 363.5 32.9409 0.0142973
  365 364.5 33.0794 0.0143574
  366 365.5 33.052 0.0143455
  367 366.5 33.135 0.0143815
  368 367.5 33.0278 0.014335
  369 368.5 33.1061 0.014369
  370 369.5 33.0641 0.0143507
  371 370.5 33.0073 0.0143261
  372 371.5 33.0198 0.0143315
  373 372.5 33.0501 0.0143447
  374 373.5 32.9848 0.0143163
  375 374.5 32.8881 0.0142743
  376 375.5 32.8838 0.0142725
  377 376.5 32.9213 0.0142888
  378 377.5 32.7422 0.014211
  379 378.5 32.5578 0.014131
  380 379.5 32.4809 0.0140976
  381 380.5 32.4096 0.0140666
  382 381.5 32.0671 0.013918
  383 382.5 31.6716 0.0137464
  384 383.5 31.3165 0.0135922
  385 384.5 30.7794 0.0133591
  386 385.5 29.9966 0.0130194
  387 386.5 29.0713 0.0126177
  388 387.5 27.8592 0.0120917
  389 388.5 26.4408 0.011476
  390 389.5 24.7278 0.0107326
  391 390.5 22.7578 0.00987751
  392 391.5 20.6414 0.00895895
  393 392.5 18.3286 0.00795513
  394 393.5 16.0338 0.00695913
  395 394.5 13.7758 0.00597908
  396 395.5 11.655 0.0050586
  397 396.5 9.84362 0.00427241
  398 397.5 8.30818 0.00360598
  399 398.5 6.96678 0.00302378
  400 399.5 5.91341 0.00256658
  401 400.5 5.0999 0.0022135
  402 401.5 4.48102 0.00194489
  403 402.5 3.98941 0.00173151
  404 403.5 3.63641 0.0015783
  405 404.5 3.35729 0.00145716
  406 405.5 3.15135 0.00136777
  407 406.5 3.03184 0.0013159
  408 407.5 2.93261 0.00127283
  409 408.5 2.86218 0.00124226
  410 409.5 2.82989 0.00122825
  411 410.5 2.85218 0.00123793
  412 411.5 2.8151 0.00122183
  413 412.5 2.80089 0.00121566
  414 413.5 2.79798 0.0012144
  415 414.5 2.7959 0.0012135
  416 415.5 2.79101 0.00121137
  417 416.5 2.81613 0.00122228
  418 417.5 2.8308 0.00122865
  419 418.5 2.83041 0.00122848
  420 419.5 2.8078 0.00121866
  421 420.5 2.82338 0.00122542
  422 421.5 2.8368 0.00123125
  423 422.5 2.8295 0.00122808
  424 423.5 2.79985 0.00121521
  425 424.5 2.82722 0.00122709
  426 425.5 2.84567 0.0012351
  427 426.5 2.86393 0.00124302
  428 427.5 2.87155 0.00124633
  429 428.5 2.89302 0.00125565
  430 429.5 2.91742 0.00126624
  431 430.5 2.96218 0.00128567
  432 431.5 2.99646 0.00130055
  433 432.5 2.98892 0.00129727
  434 433.5 3.0087 0.00130586
  435 434.5 3.0196 0.00131059
  436 435.5 3.00846 0.00130575
  437 436.5 3.03351 0.00131663
  438 437.5 3.03888 0.00131896
  439 438.5 3.04889 0.0013233
  440 439.5 3.04017 0.00131952
  441 440.5 3.01758 0.00130972
  442 441.5 2.98902 0.00129732
  443 442.5 3.0021 0.001303
  444 443.5 3.01009 0.00130646
  445 444.5 2.97916 0.00129304
  446 445.5 2.97003 0.00128908
  447 446.5 2.96935 0.00128878
  448 447.5 2.94548 0.00127842
  449 448.5 2.94798 0.00127951
  450 449.5 2.95222 0.00128134
  451 450.5 2.93658 0.00127456
  452 451.5 2.91427 0.00126487
  453 452.5 2.90883 0.00126251
  454 453.5 2.8636 0.00124288
  455 454.5 2.83474 0.00123035
  456 455.5 2.8057 0.00121775
  457 456.5 2.77588 0.00120481
  458 457.5 2.75925 0.00119759
  459 458.5 2.76005 0.00119794
  460 459.5 2.7233 0.00118199
  461 460.5 2.68582 0.00116572
  462 461.5 2.68594 0.00116577
  463 462.5 2.65303 0.00115149
  464 463.5 2.68095 0.00116361
  465 464.5 2.67276 0.00116005
  466 465.5 2.65698 0.0011532
  467 466.5 2.6437 0.00114744
  468 467.5 2.6323 0.00114249
  469 468.5 2.59427 0.00112599
  470 469.5 2.5687 0.00111489
  471 470.5 2.54489 0.00110455
  472 471.5 2.53444 0.00110002
  473 472.5 2.4828 0.0010776
  474 473.5 2.4618 0.00106849
  475 474.5 2.46947 0.00107182
  476 475.5 2.48753 0.00107966
  477 476.5 2.48148 0.00107703
  478 477.5 2.49131 0.0010813
  479 478.5 2.52485 0.00109585
  480 479.5 2.54733 0.00110561
