# Chunk-averaged data for fix tensor1 and group all
# Timestep Number-of-chunks Total-count
# Chunk Coord1 Ncount density/number c_press[1] c_press[2] c_press[3]
20000000 480 10816.000000000005
  1 0.5 16.2491 0.00705258 1946.64 1972 356.368
  2 1.5 18.3287 0.00795515 2465.23 2528.1 -126.898
  3 2.5 20.2942 0.00880826 2876.32 2852.76 -634.921
  4 3.5 22.0767 0.00958188 2856.84 2789.9 -1248.05
  5 4.5 23.6506 0.010265 2841.26 2751.68 -1673.51
  6 5.5 24.983 0.0108433 2623.92 2587.95 -2046.31
  7 6.5 26.0677 0.0113141 2220.29 2217.27 -2374.11
  8 7.5 26.9897 0.0117143 1865.48 1911.85 -2475.08
  9 8.5 27.7316 0.0120363 1470.5 1456.76 -2575.69
  10 9.5 28.2663 0.0122684 985.213 1037.1 -2510.34
  11 10.5 28.6903 0.0124524 612.823 557.078 -2561.96
  12 11.5 29.0432 0.0126056 292.975 269.583 -2380.39
  13 12.5 29.3173 0.0127245 92.8659 -17.0331 -2185.05
  14 13.5 29.5144 0.0128101 -146.201 -255.162 -2060.1
  15 14.5 29.6548 0.012871 -426.025 -463.239 -2000.71
  16 15.5 29.7576 0.0129156 -587.629 -590.176 -1868.06
  17 16.5 29.8804 0.0129689 -722.839 -701.23 -1694.01
  18 17.5 29.9624 0.0130045 -794.201 -849.599 -1589.55
  19 18.5 29.9901 0.0130165 -862.702 -913.026 -1525.21
  20 19.5 30.0229 0.0130308 -975.356 -883.117 -1460.93
  21 20.5 30.093 0.0130612 -915.389 -976.736 -1321.73
  22 21.5 30.109 0.0130681 -1033.65 -1054.67 -1331.58
  23 22.5 30.1003 0.0130644 -1025.29 -1099.45 -1290.71
  24 23.5 30.1115 0.0130692 -1009.77 -995.269 -1258.95
  25 24.5 30.159 0.0130899 -1098.94 -1112.29 -1237.41
  26 25.5 30.1745 0.0130966 -1137.99 -1034.38 -1183.66
  27 26.5 30.128 0.0130764 -1136.87 -1122.49 -1176.2
  28 27.5 30.157 0.013089 -1124.49 -1067.31 -1181.82
  29 28.5 30.1816 0.0130997 -1113.97 -1108.22 -1193.47
  30 29.5 30.171 0.0130951 -1187.87 -1006.05 -1114.39
  31 30.5 30.148 0.013085 -1073.94 -1026.84 -1136.5
  32 31.5 30.1876 0.0131023 -1081.43 -1143.84 -1209.66
  33 32.5 30.1999 0.0131076 -1023.39 -1103.02 -1092.63
  34 33.5 30.1651 0.0130925 -1118.92 -1136.83 -1109.6
  35 34.5 30.1756 0.0130971 -1055.39 -1035.45 -1125.94
  36 35.5 30.1942 0.0131051 -1078.31 -1069.93 -1179.22
  37 36.5 30.1653 0.0130926 -1118.12 -1117.57 -1140.63
  38 37.5 30.1691 0.0130942 -1105.41 -1172.24 -1139.25
  39 38.5 30.2128 0.0131132 -1136.64 -1132.98 -1073.28
  40 39.5 30.1719 0.0130954 -1133.6 -1080.46 -1142.01
  41 40.5 30.1616 0.013091 -1167.29 -1180.89 -1168
  42 41.5 30.1654 0.0130926 -1062.17 -1075.8 -1087.43
  43 42.5 30.1821 0.0130999 -1059.12 -1093.7 -1187.25
  44 43.5 30.1753 0.0130969 -1077.78 -1099.43 -1072.91
  45 44.5 30.1844 0.0131009 -1181.08 -1176.5 -1184.01
  46 45.5 30.1826 0.0131001 -1144.21 -1127.07 -1094.85
  47 46.5 30.1717 0.0130954 -1150.97 -1165.58 -1123.28
  48 47.5 30.1684 0.0130939 -1139.13 -1107.73 -1115.84
  49 48.5 30.1888 0.0131028 -1138.5 -1101.96 -1122.24
  50 49.5 30.191 0.0131037 -1082.58 -1150.79 -1165.41
  51 50.5 30.1532 0.0130873 -1185.11 -1181.15 -1165.24
  52 51.5 30.168 0.0130938 -1118.19 -1062.97 -1102.67
  53 52.5 30.1989 0.0131072 -1114.12 -1078.95 -1064
  54 53.5 30.1417 0.0130824 -1134.18 -1090.07 -1150.86
  55 54.5 30.157 0.013089 -1232.67 -1146.32 -1181.95
  56 55.5 30.1693 0.0130943 -1140.31 -1080.97 -1061.53
  57 56.5 30.1521 0.0130869 -1186.87 -1189.74 -1160.62
  58 57.5 30.1685 0.013094 -1186.24 -1138.73 -1158.19
  59 58.5 30.144 0.0130833 -1038.99 -1126.93 -1106.63
  60 59.5 30.1492 0.0130856 -1135.07 -1088.36 -1105.31
  61 60.5 30.1598 0.0130902 -1167.47 -1129.98 -1110.52
  62 61.5 30.1527 0.0130871 -1227.85 -1116.14 -1099.09
  63 62.5 30.147 0.0130846 -1192.86 -1160.78 -1160.98
  64 63.5 30.1298 0.0130772 -1189.41 -1207.11 -1144.83
  65 64.5 30.1515 0.0130866 -1121.23 -1170.83 -1141.4
  66 65.5 30.1677 0.0130936 -1151.07 -1145.81 -1062.24
  67 66.5 30.0952 0.0130621 -1181.55 -1176.82 -1148.24
  68 67.5 30.1653 0.0130926 -1164.25 -1104.77 -1172.91
  69 68.5 30.1691 0.0130942 -1079.48 -1058.3 -1151.8
  70 69.5 30.1311 0.0130777 -1088.81 -1150.57 -1065.89
  71 70.5 30.1691 0.0130942 -1061.26 -1126.25 -1102.52
  72 71.5 30.1617 0.013091 -1099.18 -1126.63 -1143.44
  73 72.5 30.1553 0.0130883 -1121.65 -1148.7 -1093.4
  74 73.5 30.1687 0.013094 -1196.53 -1197.57 -1132.56
  75 74.5 30.1402 0.0130817 -1119.48 -1230.21 -1219.98
  76 75.5 30.1661 0.0130929 -1191.05 -1157.45 -1117
  77 76.5 30.1755 0.013097 -1034.9 -1125.33 -1050.77
  78 77.5 30.1943 0.0131052 -1076.33 -1137.11 -1158.31
  79 78.5 30.1567 0.0130888 -1134.62 -1173.15 -1173.87
  80 79.5 30.1521 0.0130869 -1122.33 -1067.96 -1132.64
  81 80.5 30.2 0.0131077 -1206.53 -1142.79 -1097.83
  82 81.5 30.1808 0.0130993 -1142.31 -1103.85 -1095.53
  83 82.5 30.143 0.0130829 -1253.25 -1216.5 -1172.41
  84 83.5 30.1707 0.0130949 -1191.2 -1102.53 -1170.15
  85 84.5 30.1835 0.0131005 -1164.04 -1232.36 -1105.64
  86 85.5 30.1739 0.0130963 -1084.23 -1107.57 -1031.2
  87 86.5 30.1493 0.0130856 -1183.49 -1145.96 -1208.22
  88 87.5 30.1621 0.0130912 -1117.02 -1150.97 -1149.99
  89 88.5 30.1624 0.0130913 -1079.65 -1107.83 -1111.33
  90 89.5 30.1566 0.0130888 -1082.89 -1141.94 -1144.16
  91 90.5 30.1709 0.013095 -1124.76 -1114.99 -1104.29
  92 91.5 30.1635 0.0130918 -1145.55 -1008.6 -1094.12
  93 92.5 30.1605 0.0130905 -1097.53 -1090.78 -1163.49
  94 93.5 30.163 0.0130916 -1133.42 -1169.01 -1137.08
  95 94.5 30.1456 0.013084 -1108.25 -1067.34 -1075.32
  96 95.5 30.1745 0.0130966 -1108.66 -1132.01 -1148.07
  97 96.5 30.1437 0.0130832 -1176.97 -1170.43 -1198.67
  98 97.5 30.1407 0.0130819 -1034.9 -1176.74 -1086.69
  99 98.5 30.2176 0.0131153 -1138.77 -1189.57 -1044.56
  100 99.5 30.1426 0.0130827 -1153.27 -1118.76 -1170.56
  101 100.5 30.1443 0.0130835 -1125.18 -1201.59 -1181.1
  102 101.5 30.1846 0.0131009 -1192.74 -1125.29 -1079.98
  103 102.5 30.1757 0.0130971 -1088.86 -1118.04 -1117.56
  104 103.5 30.1304 0.0130774 -1104.06 -1141.05 -1188.24
  105 104.5 30.1712 0.0130952 -1083.56 -1085.8 -1114.89
  106 105.5 30.1936 0.0131048 -1125.65 -1119.55 -1132.12
  107 106.5 30.1556 0.0130884 -1013.92 -1101.54 -1087.69
  108 107.5 30.1594 0.01309 -952.763 -1128.46 -1112.81
  109 108.5 30.1725 0.0130957 -1074.67 -1029.44 -1158.93
  110 109.5 30.1828 0.0131002 -1143.86 -1089.02 -1152.9
  111 110.5 30.1551 0.0130881 -1197.23 -1112.81 -1096.41
  112 111.5 30.1852 0.0131012 -1254.98 -1153.64 -1167.35
  113 112.5 30.1926 0.0131044 -1129.77 -1089.06 -1125.64
  114 113.5 30.1579 0.0130894 -1128.12 -1044.23 -1089.63
  115 114.5 30.1659 0.0130929 -1133.19 -1015.09 -1146.84
  116 115.5 30.1938 0.013105 -1136.64 -1136.28 -1149.53
  117 116.5 30.1689 0.0130942 -1025.58 -1112.87 -1093.02
  118 117.5 30.172 0.0130955 -1127.35 -1160.51 -1170.71
  119 118.5 30.1715 0.0130953 -1114.6 -1122.33 -1109.38
  120 119.5 30.1927 0.0131045 -1185.1 -1223.62 -1151.1
  121 120.5 30.1797 0.0130988 -1146.98 -1183.02 -1108.51
  122 121.5 30.1555 0.0130883 -1106.82 -1062.64 -1167.26
  123 122.5 30.1751 0.0130968 -1146.51 -1114.51 -1096.48
  124 123.5 30.1447 0.0130836 -1121.77 -1147.87 -1112.15
  125 124.5 30.1496 0.0130858 -1278.29 -1167.72 -1133
  126 125.5 30.1741 0.0130964 -1187.89 -1158.53 -1178.86
  127 126.5 30.1411 0.0130821 -1093.08 -1108.45 -1125.82
  128 127.5 30.1353 0.0130796 -1194.7 -1158.29 -1112.9
  129 128.5 30.1709 0.013095 -1229.99 -1167.16 -1106.12
  130 129.5 30.1419 0.0130824 -1094.88 -1094.4 -1126.52
  131 130.5 30.1446 0.0130836 -1171.75 -1169.82 -1161.29
  132 131.5 30.1373 0.0130804 -1089.47 -1036.4 -1120.8
  133 132.5 30.1474 0.0130848 -1088.73 -1122.06 -1150.6
  134 133.5 30.124 0.0130747 -1138.97 -1106.73 -1083.51
  135 134.5 30.1533 0.0130874 -1214.55 -1236.54 -1202.85
  136 135.5 30.1387 0.013081 -1126.76 -1079.44 -1108.26
  137 136.5 30.1413 0.0130822 -1093.17 -1069.71 -1145.04
  138 137.5 30.1563 0.0130887 -1160.88 -1177.65 -1226.04
  139 138.5 30.1434 0.0130831 -1130.52 -1062.89 -1151.49
  140 139.5 30.1435 0.0130831 -1072.47 -1080.07 -1122.73
  141 140.5 30.1373 0.0130804 -1146.82 -1119.33 -1196.13
  142 141.5 30.1524 0.013087 -1025.71 -1103.6 -1246.81
  143 142.5 30.102 0.0130651 -1020.55 -1050.34 -1208.81
  144 143.5 30.085 0.0130577 -1066.74 -970.304 -1225.83
  145 144.5 30.1071 0.0130673 -1093.62 -999.175 -1347.39
  146 145.5 30.0741 0.013053 -967.232 -908.514 -1351.31
  147 146.5 30.0231 0.0130309 -1045.61 -938.68 -1354
  148 147.5 29.9898 0.0130164 -880.301 -792.449 -1364.87
  149 148.5 29.9697 0.0130077 -866.147 -864.842 -1475.84
  150 149.5 29.8924 0.0129741 -735.448 -717.922 -1487.76
  151 150.5 29.7977 0.012933 -701.991 -701.501 -1577.99
  152 151.5 29.7162 0.0128976 -550.792 -463.144 -1545.53
  153 152.5 29.6013 0.0128478 -399.474 -385.24 -1599.34
  154 153.5 29.4201 0.0127691 -331.57 -248.448 -1599.83
  155 154.5 29.225 0.0126845 -92.6561 -54.7223 -1435.21
  156 155.5 29.0347 0.0126019 -43.4209 -52.1112 -1331.61
  157 156.5 28.744 0.0124757 110.823 217.531 -1016.01
  158 157.5 28.3868 0.0123207 230.174 161.371 -659.585
  159 158.5 28.1693 0.0122262 142.239 165.912 -189.181
  160 159.5 27.9054 0.0121117 276.866 229.355 424.999
  161 160.5 27.7216 0.0120319 285.518 301.743 921.712
  162 161.5 27.8016 0.0120667 589.232 666.018 1481.9
  163 162.5 28.0521 0.0121754 1219.22 1194.78 1728.74
  164 163.5 28.5649 0.012398 2013.8 1994.21 1743.93
  165 164.5 29.2481 0.0126945 2906 2810 1421.6
  166 165.5 30.0555 0.0130449 3501.71 3494.5 905.118
  167 166.5 30.9077 0.0134148 3910.4 3875.19 76.1547
  168 167.5 31.6874 0.0137532 3867.44 3902.64 -765.505
  169 168.5 32.3361 0.0140347 3557.91 3540.64 -1492.68
  170 169.5 32.902 0.0142804 2964.77 2941.66 -2022.46
  171 170.5 33.3814 0.0144885 2365.05 2349.58 -2378.05
  172 171.5 33.6631 0.0146107 1624.3 1718.23 -2515.12
  173 172.5 33.9099 0.0147178 1085.95 1239 -2407.82
  174 173.5 34.1419 0.0148185 588.449 670.543 -2360.67
  175 174.5 34.2721 0.0148751 225.089 215.709 -2191.92
  176 175.5 34.3175 0.0148947 -74.0344 -97.7898 -2011.72
  177 176.5 34.4189 0.0149387 -254.477 -299.182 -1855.19
  178 177.5 34.4901 0.0149697 -452.004 -430.823 -1670.46
  179 178.5 34.4837 0.0149669 -604.06 -600.643 -1565.17
  180 179.5 34.565 0.0150022 -602.821 -732.475 -1338.39
  181 180.5 34.5657 0.0150025 -763.644 -760.53 -1414.8
  182 181.5 34.5693 0.015004 -812.609 -798.544 -1162.16
  183 182.5 34.5668 0.0150029 -997.301 -887.532 -1226.33
  184 183.5 34.6017 0.0150181 -993.095 -942.072 -1222.13
  185 184.5 34.5844 0.0150106 -882.984 -890.083 -1056.98
  186 185.5 34.6197 0.0150259 -946.83 -890.26 -1036.88
  187 186.5 34.5896 0.0150128 -956.816 -959.014 -1036.93
  188 187.5 34.6268 0.015029 -1072.62 -963.589 -1028.65
  189 188.5 34.6269 0.0150291 -993.816 -964.73 -1041.8
  190 189.5 34.6096 0.0150215 -989.144 -1085.08 -946.971
  191 190.5 34.6096 0.0150215 -998.226 -1111.2 -999.561
  192 191.5 34.6224 0.0150271 -995.776 -1009.94 -1011.85
  193 192.5 34.6339 0.0150321 -943.833 -1060.98 -1022.67
  194 193.5 34.6045 0.0150193 -1038.96 -1096.51 -1015.34
  195 194.5 34.6296 0.0150302 -940.164 -965.812 -907.851
  196 195.5 34.6235 0.0150275 -982.278 -980.444 -995.82
  197 196.5 34.6343 0.0150322 -925.553 -1086.87 -943.843
  198 197.5 34.624 0.0150278 -1024.37 -996.331 -997.793
  199 198.5 34.6201 0.0150261 -980.359 -994.273 -994.987
  200 199.5 34.6362 0.0150331 -1014.26 -1035.89 -994.792
  201 200.5 34.6438 0.0150364 -957.844 -1016.89 -919.21
  202 201.5 34.6281 0.0150295 -937.438 -1004.75 -1025.77
  203 202.5 34.6288 0.0150299 -935.579 -991.97 -982.431
  204 203.5 34.629 0.0150299 -982.865 -1010.1 -973.511
  205 204.5 34.6582 0.0150426 -884.942 -971.418 -988.412
  206 205.5 34.6391 0.0150343 -865.479 -844.209 -967.171
  207 206.5 34.6304 0.0150306 -936.217 -981.022 -1012.25
  208 207.5 34.647 0.0150378 -989.959 -875.76 -940.862
  209 208.5 34.6482 0.0150383 -948.505 -1004.86 -976.504
  210 209.5 34.6439 0.0150364 -976.928 -906.741 -991.889
  211 210.5 34.6289 0.0150299 -960.763 -879.41 -1008.58
  212 211.5 34.658 0.0150425 -954.382 -1057.96 -973.604
  213 212.5 34.635 0.0150326 -907.975 -1034.15 -901.244
  214 213.5 34.6275 0.0150293 -886.112 -998.705 -1050.93
  215 214.5 34.6447 0.0150367 -947.603 -934.709 -1011.18
  216 215.5 34.6516 0.0150397 -953.803 -978.663 -907.361
  217 216.5 34.6505 0.0150393 -1005.85 -1023.87 -955.997
  218 217.5 34.634 0.0150321 -1105.63 -985.356 -997.385
  219 218.5 34.6591 0.015043 -1040.29 -1037.29 -1015.76
  220 219.5 34.6747 0.0150498 -1021.54 -960.418 -954.073
  221 220.5 34.6239 0.0150277 -1052.18 -973.16 -985.911
  222 221.5 34.6352 0.0150326 -1012.93 -984.799 -985.015
  223 222.5 34.6607 0.0150437 -1046.57 -989.782 -939.23
  224 223.5 34.6764 0.0150505 -1031.88 -941.002 -1023.56
  225 224.5 34.5941 0.0150148 -973.684 -975.231 -975.494
  226 225.5 34.648 0.0150382 -881.066 -887.697 -936.148
  227 226.5 34.6627 0.0150446 -999.744 -939.349 -1015.08
  228 227.5 34.6291 0.01503 -904.131 -965.021 -981.749
  229 228.5 34.6104 0.0150219 -970.676 -893.594 -907.205
  230 229.5 34.6986 0.0150601 -933.099 -951.598 -1005.1
  231 230.5 34.6223 0.015027 -982.827 -945.248 -945.066
  232 231.5 34.6228 0.0150272 -1090.22 -1045.54 -1017.58
  233 232.5 34.6525 0.0150401 -1015.38 -1027.02 -959.034
  234 233.5 34.6675 0.0150467 -1011.04 -1004.24 -997.843
  235 234.5 34.6058 0.0150199 -928.141 -1120.52 -969.909
  236 235.5 34.6395 0.0150345 -936.997 -1013.09 -998.798
  237 236.5 34.6718 0.0150485 -980.473 -989.762 -942.669
  238 237.5 34.6109 0.0150221 -947.349 -987.82 -972.254
  239 238.5 34.6507 0.0150394 -998.5 -1015.42 -949.018
  240 239.5 34.6241 0.0150278 -1040.29 -1068.74 -1026.15
  241 240.5 34.6321 0.0150313 -1030.34 -1034.88 -931.367
  242 241.5 34.6573 0.0150422 -936.196 -983.87 -1006.85
  243 242.5 34.6334 0.0150319 -921.799 -1031.23 -994.987
  244 243.5 34.6472 0.0150379 -971.121 -925.286 -925.283
  245 244.5 34.6088 0.0150212 -918.032 -936.606 -958.212
  246 245.5 34.6549 0.0150412 -987.584 -1005.41 -1034.82
  247 246.5 34.6503 0.0150392 -922.572 -925.198 -918.421
  248 247.5 34.62 0.015026 -977.516 -970.775 -995.153
  249 248.5 34.6421 0.0150356 -918.707 -828.755 -986.512
  250 249.5 34.6065 0.0150202 -968.45 -873.855 -1025.48
  251 250.5 34.662 0.0150443 -919.736 -843.516 -963.059
  252 251.5 34.6472 0.0150378 -860.61 -927.679 -936.929
  253 252.5 34.6209 0.0150264 -958.927 -948.652 -931.594
  254 253.5 34.6444 0.0150366 -938.887 -901.257 -977.93
  255 254.5 34.6549 0.0150412 -1015.72 -1019.83 -1027.39
  256 255.5 34.6026 0.0150185 -992.378 -1022.61 -1010.76
  257 256.5 34.6517 0.0150398 -1058.53 -973.949 -962.724
  258 257.5 34.6347 0.0150324 -968.624 -1013.76 -959.57
  259 258.5 34.6325 0.0150314 -1014.81 -1011.36 -999.395
  260 259.5 34.6151 0.0150239 -963.413 -1079.96 -1015.53
  261 260.5 34.6623 0.0150444 -1003.99 -989.52 -933.026
  262 261.5 34.6329 0.0150316 -931.246 -944.418 -943.78
  263 262.5 34.6121 0.0150226 -1008.21 -949.47 -1029.23
  264 263.5 34.6057 0.0150198 -931.118 -923.738 -961.554
  265 264.5 34.6477 0.0150381 -922.486 -907.569 -948.085
  266 265.5 34.6212 0.0150266 -944.74 -956.512 -960.041
  267 266.5 34.5901 0.0150131 -957.004 -947.102 -958.614
  268 267.5 34.6365 0.0150332 -948.926 -1000.11 -1020.81
  269 268.5 34.6312 0.0150309 -1025.08 -1031.55 -988.537
  270 269.5 34.6018 0.0150181 -915.293 -1026.48 -958.338
  271 270.5 34.6016 0.015018 -953.489 -1048.36 -964.906
  272 271.5 34.6515 0.0150397 -962.468 -958.086 -927.523
  273 272.5 34.6428 0.0150359 -959.8 -954.639 -997.353
  274 273.5 34.5938 0.0150147 -926.751 -991.93 -1002.15
  275 274.5 34.6127 0.0150229 -958.643 -972.982 -1000.98
  276 275.5 34.649 0.0150386 -922.51 -996.609 -930.612
  277 276.5 34.6432 0.0150361 -876.8 -1019.3 -940.774
  278 277.5 34.5987 0.0150168 -1065.93 -1054.14 -1038.65
  279 278.5 34.6262 0.0150287 -1002.06 -983.312 -1012.03
  280 279.5 34.6553 0.0150414 -957.032 -924.358 -903.325
  281 280.5 34.631 0.0150308 -867.743 -918.825 -974.377
  282 281.5 34.6063 0.0150201 -998.013 -1035.06 -1030.94
  283 282.5 34.6309 0.0150308 -875.91 -952.722 -989.581
  284 283.5 34.6542 0.0150409 -925.229 -883.393 -938.607
  285 284.5 34.6312 0.0150309 -1011.38 -924.398 -991.326
  286 285.5 34.606 0.01502 -881.299 -968.564 -952.518
  287 286.5 34.6363 0.0150331 -958.868 -954.931 -1053.75
  288 287.5 34.6518 0.0150398 -917.541 -957.301 -906.129
  289 288.5 34.6323 0.0150314 -944.015 -1014.28 -1027.7
  290 289.5 34.6042 0.0150192 -888.91 -886.019 -951.515
  291 290.5 34.6372 0.0150335 -995.502 -870.19 -995.454
  292 291.5 34.6445 0.0150367 -974.581 -1040.5 -915.484
  293 292.5 34.6022 0.0150183 -1037.06 -1058.91 -1041.85
  294 293.5 34.6375 0.0150336 -1058.21 -969.671 -1069.57
  295 294.5 34.6146 0.0150237 -1000.81 -908.482 -902.756
  296 295.5 34.6311 0.0150308 -1064.04 -963.443 -1003.12
  297 296.5 34.6071 0.0150204 -948.786 -990.735 -1009.49
  298 297.5 34.6239 0.0150277 -1059.61 -973.494 -1013.64
  299 298.5 34.6224 0.0150271 -1044.82 -1003.23 -996.88
  300 299.5 34.6245 0.015028 -1046 -1030.89 -981.678
  301 300.5 34.6193 0.0150257 -944.297 -998.843 -1093.16
  302 301.5 34.6328 0.0150316 -923.809 -911.558 -1043.51
  303 302.5 34.5905 0.0150132 -863.823 -822.166 -1097.68
  304 303.5 34.5725 0.0150054 -888.39 -828.293 -1087.78
  305 304.5 34.6092 0.0150214 -790.975 -800.858 -1240.29
  306 305.5 34.5805 0.0150089 -811.274 -783.798 -1244
  307 306.5 34.5286 0.0149864 -819.516 -783.354 -1354.91
  308 307.5 34.544 0.0149931 -627.386 -723.702 -1436.47
  309 308.5 34.5407 0.0149916 -560.069 -628.512 -1578.74
  310 309.5 34.4674 0.0149598 -470.859 -492.731 -1799.25
  311 310.5 34.3891 0.0149258 -343.65 -324.297 -1959.6
  312 311.5 34.3657 0.0149157 -92.8499 -94.7065 -2255.51
  313 312.5 34.2934 0.0148843 231.42 288.239 -2384.02
  314 313.5 34.0902 0.0147961 676.673 739 -2734.11
  315 314.5 33.9444 0.0147328 1303.12 1190.5 -3028.6
  316 315.5 33.6925 0.0146235 1986.3 1808.08 -3307.63
  317 316.5 33.3193 0.0144615 2667.38 2694.52 -3365.52
  318 317.5 32.8447 0.0142555 3619.6 3671.34 -3408.41
  319 318.5 32.2233 0.0139858 4626.91 4693 -3179.41
  320 319.5 31.3048 0.0135871 5688.45 5719.18 -2728.99
  321 320.5 30.1342 0.0130791 6479.56 6515.78 -1980.38
  322 321.5 28.6668 0.0124422 7022.6 7030.96 -1005.96
  323 322.5 26.8411 0.0116498 7342.72 7267.03 168.465
  324 323.5 24.5642 0.0106615 7054.51 7016.94 1181.4
  325 324.5 22.0785 0.00958269 6403.07 6389.1 2094.85
  326 325.5 19.392 0.00841669 5236.87 5253.96 2818.33
  327 326.5 16.6788 0.00723907 3847.68 3861.48 3254.86
  328 327.5 14.0459 0.0060963 2190.84 2216.77 3219.92
  329 328.5 11.6362 0.00505043 450.056 340.817 2926.19
  330 329.5 9.55061 0.00414523 -1517.66 -1560.04 2316.14
  331 330.5 7.81936 0.00339382 -3483.68 -3377.6 1198.15
  332 331.5 6.4198 0.00278637 -5231.04 -5119.57 -87.2967
  333 332.5 5.31554 0.00230709 -6946.3 -6899.41 -1555.07
  334 333.5 4.47225 0.00194108 -8655.33 -8719.92 -3330.6
  335 334.5 3.83175 0.00166309 -10138 -10204.2 -5239.28
  336 335.5 3.37672 0.00146559 -11383.7 -11449.5 -7013.92
  337 336.5 3.02566 0.00131322 -12474 -12547.7 -8641.62
  338 337.5 2.7693 0.00120195 -13291.1 -13396.6 -10285.2
  339 338.5 2.59437 0.00112603 -13977.1 -14201.8 -11525.8
  340 339.5 2.46674 0.00107063 -14550.2 -14801.6 -12561.9
  341 340.5 2.36644 0.0010271 -14996.9 -15116.7 -13394.9
  342 341.5 2.29847 0.0009976 -15387.9 -15431.4 -14024.2
  343 342.5 2.24561 0.000974658 -15604.1 -15492.9 -14686.9
  344 343.5 2.20885 0.000958701 -15671.8 -15726 -15102
  345 344.5 2.18492 0.000948316 -15833.7 -15707.4 -15316.5
  346 345.5 2.17138 0.000942439 -15782.3 -15853.7 -15516.3
  347 346.5 2.16215 0.000938432 -15988.5 -16079.9 -15666.7
  348 347.5 2.15567 0.000935622 -16055.8 -16200 -15707.7
  349 348.5 2.14183 0.000929614 -16049.8 -16246.4 -15871.3
  350 349.5 2.13255 0.000925586 -16065.5 -16200.5 -16027
  351 350.5 2.12452 0.000922101 -16039.9 -16209.6 -16054.6
  352 351.5 2.1164 0.000918575 -16264.8 -16276.7 -16227.4
  353 352.5 2.11792 0.000919238 -16274.2 -16299.3 -16098.9
  354 353.5 2.11437 0.000917695 -16593 -16539.9 -16191
  355 354.5 2.11648 0.000918613 -16369.4 -16296.3 -16184.1
  356 355.5 2.11287 0.000917046 -16218 -16206.6 -16242.3
  357 356.5 2.11559 0.000918224 -16228.6 -16106.5 -16176
  358 357.5 2.11776 0.000919166 -16273 -16113.5 -16210.5
  359 358.5 2.11712 0.000918889 -16255.2 -16190 -16154.1
  360 359.5 2.10812 0.000914983 -16263.7 -16183.4 -16290.4
  361 360.5 2.10112 0.000911944 -16451.5 -16245.3 -16376.3
  362 361.5 2.10474 0.000913514 -16326.6 -16333.7 -16287.2
  363 362.5 2.11173 0.000916549 -16283.5 -16307.5 -16189.7
  364 363.5 2.10848 0.00091514 -16335.7 -16378.2 -16208.3
  365 364.5 2.10919 0.000915449 -16366.3 -16376.3 -16293.4
  366 365.5 2.10765 0.000914778 -16282.9 -16317.6 -16297.2
  367 366.5 2.10506 0.000913653 -16240.5 -16357.5 -16279.7
  368 367.5 2.09575 0.000909614 -16435.1 -16390.6 -16418.1
  369 368.5 2.09675 0.000910049 -16353.9 -16371.2 -16299.9
  370 369.5 2.09695 0.000910133 -16286.7 -16313.2 -16355.2
  371 370.5 2.09565 0.000909572 -16426.6 -16419.7 -16370.1
  372 371.5 2.09501 0.000909294 -16405.9 -16403 -16337.9
  373 372.5 2.09608 0.000909759 -16474.1 -16346.7 -16357.9
  374 373.5 2.09807 0.000910619 -16362.9 -16408.3 -16369.5
  375 374.5 2.10405 0.000913218 -16448.4 -16274.5 -16299.3
  376 375.5 2.09263 0.000908258 -16247 -16315.1 -16332.3
  377 376.5 2.09268 0.00090828 -16369.1 -16269.1 -16421.2
  378 377.5 2.10472 0.000913509 -16389.6 -16269 -16269.7
  379 378.5 2.10688 0.000914443 -16385.1 -16280.7 -16307.6
  380 379.5 2.10783 0.000914858 -16298.4 -16420.8 -16289.4
  381 380.5 2.11216 0.000916735 -16310.1 -16324.4 -16208
  382 381.5 2.11448 0.000917745 -16309 -16191.9 -16215.4
  383 382.5 2.11469 0.000917835 -16154.9 -16133.7 -16183
  384 383.5 2.10577 0.000913961 -16276.4 -16176.3 -16303.2
  385 384.5 2.11825 0.000919379 -16314.4 -16272.5 -16220
  386 385.5 2.12132 0.00092071 -16147.5 -16101.6 -16162.1
  387 386.5 2.11948 0.000919912 -16247 -16173.3 -16210.4
  388 387.5 2.11993 0.000920108 -16285.2 -16211.6 -16160
  389 388.5 2.12095 0.000920552 -16309 -16138.3 -16129.2
  390 389.5 2.12683 0.000923103 -16236.3 -16226.6 -16141.4
  391 390.5 2.11526 0.000918083 -16071.5 -16042.1 -16223.5
  392 391.5 2.12823 0.000923712 -16243.7 -16038.5 -16103
  393 392.5 2.11232 0.000916807 -16298.4 -16137.9 -16277.1
  394 393.5 2.11957 0.000919951 -16138.9 -16141.4 -16189.4
  395 394.5 2.11711 0.000918885 -16344.8 -15993.1 -16193.9
  396 395.5 2.11586 0.000918341 -16312 -16099 -16148.4
  397 396.5 2.13466 0.0009265 -16319.6 -16131.8 -16091.5
  398 397.5 2.12391 0.000921836 -16271.3 -16123 -16161
  399 398.5 2.11708 0.000918873 -16256.9 -15974.4 -16209.2
  400 399.5 2.11891 0.000919666 -16157.1 -16043.1 -16139.3
  401 400.5 2.12162 0.000920843 -16110.3 -16054.3 -16176.9
  402 401.5 2.11935 0.000919857 -16294.9 -16049.8 -16156.8
  403 402.5 2.11952 0.000919932 -16324.1 -16134.4 -16271.4
  404 403.5 2.12077 0.000920472 -16305.4 -16130.6 -16175.9
  405 404.5 2.12162 0.000920841 -16207.9 -16023.6 -16068.8
  406 405.5 2.13032 0.000924618 -16258.6 -16195 -16096
  407 406.5 2.13497 0.000926635 -16097.5 -16130.7 -16036.2
  408 407.5 2.12641 0.00092292 -16168.5 -16105.6 -16201.3
  409 408.5 2.12785 0.000923547 -16162.5 -16004.6 -16099.5
  410 409.5 2.13511 0.000926697 -16223.4 -16066.8 -16073.6
  411 410.5 2.14137 0.000929415 -16147.5 -15944.6 -16003
  412 411.5 2.14907 0.000932757 -16036.3 -15893 -15920.1
  413 412.5 2.1432 0.000930209 -16047.4 -15864 -16054.9
  414 413.5 2.14536 0.000931144 -15938.7 -15869.2 -15994.2
  415 414.5 2.13363 0.000926055 -16056.6 -15971.7 -16020.6
  416 415.5 2.13247 0.000925553 -16163.1 -16016.2 -16074.2
  417 416.5 2.13082 0.000924837 -16197.5 -15803.7 -16117.9
  418 417.5 2.13296 0.000925763 -16136.3 -15982.6 -16120.4
  419 418.5 2.13154 0.000925148 -16213.2 -15818.6 -16071.8
  420 419.5 2.13426 0.000926326 -16199.2 -15873.6 -16059.9
  421 420.5 2.12686 0.000923118 -16181.1 -15749.6 -16164.2
  422 421.5 2.12952 0.000924273 -16081.4 -15796.3 -16074.6
  423 422.5 2.13092 0.00092488 -16262.2 -16122.6 -16093.3
  424 423.5 2.12178 0.000920913 -16249.9 -16035.8 -16110.7
  425 424.5 2.12573 0.000922628 -16259.9 -15853.9 -16148.6
  426 425.5 2.12356 0.000921685 -16220.8 -16034.5 -16180.7
  427 426.5 2.12641 0.00092292 -16123.6 -16117.3 -16080.3
  428 427.5 2.11952 0.000919932 -16147 -16125.9 -16192.7
  429 428.5 2.13291 0.00092574 -16113.3 -15922 -16057.7
  430 429.5 2.13872 0.000928266 -16214.4 -15969.8 -16046.6
  431 430.5 2.13667 0.000927375 -16176 -15921.4 -16043.3
  432 431.5 2.13987 0.000928761 -16128.8 -15959.9 -16040.7
  433 432.5 2.12584 0.000922674 -16147.6 -16035.8 -16169.8
  434 433.5 2.12799 0.000923608 -16206.9 -15991.8 -16110.2
  435 434.5 2.13529 0.000926774 -16097 -16005 -15985.1
  436 435.5 2.13966 0.000928673 -16028.2 -16013.1 -16075.5
  437 436.5 2.13211 0.000925395 -16005.1 -16032.4 -16147
  438 437.5 2.12456 0.000922118 -16062.9 -16023 -16081.1
  439 438.5 2.13003 0.000924492 -16160 -16136.1 -16081.7
  440 439.5 2.13766 0.000927806 -16038.4 -16025.2 -16013.5
  441 440.5 2.12447 0.000922079 -16085.9 -16162.2 -16184
  442 441.5 2.12389 0.000921826 -16229.9 -16073.2 -16160.9
  443 442.5 2.13312 0.000925833 -16134.3 -16164 -16037.8
  444 443.5 2.1355 0.000926865 -16135.5 -16218.1 -16106
  445 444.5 2.13161 0.000925179 -16179.8 -16274 -16044.5
  446 445.5 2.12796 0.000923594 -16263.3 -16168.7 -16128.4
  447 446.5 2.13152 0.000925138 -16204.2 -16175.7 -16103.5
  448 447.5 2.12462 0.000922142 -16121.4 -16193.4 -16065.8
  449 448.5 2.12634 0.000922889 -16147.1 -16140.8 -16100.8
  450 449.5 2.11967 0.000919997 -16219.9 -16155.4 -16238.7
  451 450.5 2.12669 0.000923043 -16073.7 -16167 -16092.9
  452 451.5 2.12465 0.000922159 -16212.5 -16175.8 -16176.5
  453 452.5 2.14286 0.000930059 -16041.8 -16050.7 -15926.4
  454 453.5 2.13653 0.000927314 -16097.8 -16064.7 -16018.6
  455 454.5 2.1316 0.000925173 -16096.9 -16076.5 -16089.8
  456 455.5 2.13014 0.00092454 -16111.6 -16168.8 -16057.1
  457 456.5 2.13151 0.000925133 -15980.8 -16105 -15977.2
  458 457.5 2.12176 0.000920904 -15935 -16146.4 -16037.9
  459 458.5 2.1363 0.000927214 -16053.2 -16022.5 -15883.6
  460 459.5 2.14664 0.000931701 -16057.6 -16031.2 -15779.8
  461 460.5 2.15308 0.000934497 -15944 -16022 -15732.2
  462 461.5 2.17547 0.000944216 -15764.4 -15889.8 -15368.4
  463 462.5 2.18928 0.000950209 -15798.8 -15809.1 -15212.4
  464 463.5 2.22241 0.000964589 -15814.8 -15769.5 -14894.2
  465 464.5 2.25961 0.000980734 -15455 -15503.7 -14418.7
  466 465.5 2.31787 0.00100602 -15238.2 -15286.8 -13825.2
  467 466.5 2.40707 0.00104474 -14855.7 -14943.6 -13026.8
  468 467.5 2.52565 0.0010962 -14319 -14393 -11988.3
  469 468.5 2.68685 0.00116617 -13638.3 -13740.8 -10800
  470 469.5 2.91135 0.00126361 -12697.7 -12869.6 -9307.69
  471 470.5 3.22395 0.00139928 -11677.4 -11754.7 -7645.19
  472 471.5 3.62694 0.00157419 -10447.5 -10413.6 -6035.68
  473 472.5 4.18901 0.00181815 -8937.87 -9012.31 -4233.68
  474 473.5 4.92147 0.00213605 -7303.46 -7315.82 -2588.08
  475 474.5 5.87794 0.00255119 -5668.59 -5724.08 -1248.17
  476 475.5 7.08308 0.00307426 -3962.96 -4014.67 -94.4672
  477 476.5 8.51995 0.00369789 -2510.86 -2417.68 552.575
  478 477.5 10.188 0.00442186 -1125.97 -1098.66 849.346
  479 478.5 12.0991 0.00525133 70.0906 -56.5561 891.104
  480 479.5 14.1677 0.00614917 1170.24 1107.71 781.633
30000000 480 10816.000000000002
  1 0.5 10.1484 0.00440467 -1312.78 -1274.08 631.502
  2 1.5 11.9785 0.00519901 -63.8417 -28.6142 691.18
  3 2.5 13.9472 0.00605349 941.756 946.765 528.054
  4 3.5 16.0002 0.00694452 1694.16 1615.49 257.687
  5 4.5 17.993 0.00780946 2269.25 2168.74 -245.658
  6 5.5 19.934 0.00865193 2554.32 2580.65 -709.482
  7 6.5 21.7522 0.00944105 2718.06 2744.55 -1158.55
  8 7.5 23.3079 0.0101163 2646.16 2614.09 -1641.33
  9 8.5 24.6398 0.0106943 2399.8 2451.63 -2024.58
  10 9.5 25.806 0.0112005 2148.59 2101.24 -2268.29
  11 10.5 26.7382 0.0116051 1806.03 1852.67 -2464.6
  12 11.5 27.4771 0.0119258 1407.72 1474.68 -2550.42
  13 12.5 28.0649 0.012181 1149.16 1115.83 -2523.27
  14 13.5 28.5874 0.0124077 692.978 708.898 -2475.35
  15 14.5 28.9034 0.0125449 317.991 360.247 -2433.4
  16 15.5 29.1717 0.0126613 96.4407 66.1157 -2263.81
  17 16.5 29.4352 0.0127757 -147.859 -157.169 -2109.25
  18 17.5 29.6127 0.0128527 -359.982 -228.912 -1987.81
  19 18.5 29.6865 0.0128848 -571.328 -519.88 -1931.2
  20 19.5 29.8231 0.012944 -610.566 -576.35 -1702.36
  21 20.5 29.8931 0.0129744 -753.606 -706.078 -1642.19
  22 21.5 29.9757 0.0130103 -799.511 -826.677 -1584.12
  23 22.5 30.0051 0.013023 -837.799 -881.673 -1483.38
  24 23.5 29.9915 0.0130171 -928.958 -948.97 -1398.37
  25 24.5 30.0892 0.0130596 -1004.11 -975.581 -1369.23
  26 25.5 30.1001 0.0130643 -1036 -986.674 -1370.92
  27 26.5 30.088 0.013059 -1050.67 -1078.24 -1265.76
  28 27.5 30.092 0.0130607 -944.704 -1029.07 -1185.3
  29 28.5 30.1545 0.0130879 -1193.97 -1186.31 -1315.43
  30 29.5 30.1449 0.0130837 -1082.9 -1083.98 -1188.02
  31 30.5 30.1259 0.0130755 -1100.53 -1083.55 -1183.58
  32 31.5 30.1423 0.0130826 -1052.96 -1127.09 -1202.86
  33 32.5 30.1714 0.0130952 -1093.21 -1078.08 -1188.19
  34 33.5 30.15 0.0130859 -1080.74 -1114.94 -1158.27
  35 34.5 30.1311 0.0130777 -1092.6 -1173.58 -1216.55
  36 35.5 30.1617 0.013091 -1215.49 -1135.95 -1131.97
  37 36.5 30.1895 0.0131031 -1087.64 -1135.85 -1152.91
  38 37.5 30.168 0.0130937 -1089.33 -1205.04 -1172.44
  39 38.5 30.1651 0.0130925 -1095.68 -1114.36 -1164.94
  40 39.5 30.1632 0.0130917 -1143 -1152.72 -1151.83
  41 40.5 30.1678 0.0130937 -1151.58 -1238.85 -1186.18
  42 41.5 30.1848 0.0131011 -1090.89 -1157.76 -1163.6
  43 42.5 30.1617 0.013091 -1144.06 -1115.53 -1152.44
  44 43.5 30.165 0.0130924 -1151.23 -1191.88 -1151.34
  45 44.5 30.1641 0.0130921 -1097.99 -1044.88 -1141.43
  46 45.5 30.174 0.0130964 -1109.9 -1141.9 -1198.33
  47 46.5 30.1698 0.0130945 -1126.92 -1134.74 -1142.29
  48 47.5 30.1885 0.0131027 -1135.54 -1083.46 -1098.68
  49 48.5 30.1459 0.0130841 -1120.89 -1151.6 -1203.09
  50 49.5 30.1717 0.0130954 -1153.2 -1144.13 -1187.03
  51 50.5 30.1832 0.0131003 -1176.3 -1126.81 -1144.66
  52 51.5 30.1655 0.0130927 -1185.61 -1172.6 -1088.53
  53 52.5 30.1634 0.0130917 -1105.8 -1108.79 -1200.02
  54 53.5 30.1766 0.0130975 -1158.13 -1035.88 -1168.69
  55 54.5 30.186 0.0131016 -1156.59 -1064.35 -1184.4
  56 55.5 30.1883 0.0131026 -1145.89 -1076.86 -1049.57
  57 56.5 30.184 0.0131007 -1230.24 -1184.55 -1199.41
  58 57.5 30.1665 0.0130931 -1186.33 -1178.3 -1180.95
  59 58.5 30.1465 0.0130844 -1130.15 -1096.79 -1158.69
  60 59.5 30.158 0.0130894 -1133.76 -1150.81 -1176.2
  61 60.5 30.1834 0.0131004 -1156.88 -1152.44 -1133.68
  62 61.5 30.162 0.0130912 -1162.75 -1101.41 -1105.85
  63 62.5 30.1686 0.013094 -1193.46 -1128.74 -1182.08
  64 63.5 30.1484 0.0130853 -1233.16 -1168.92 -1185.04
  65 64.5 30.1742 0.0130964 -1152.87 -1034.43 -1075.1
  66 65.5 30.1549 0.0130881 -1198.21 -1141.96 -1131.28
  67 66.5 30.1303 0.0130774 -1182.48 -1220.18 -1222
  68 67.5 30.1836 0.0131005 -1211.18 -1279.78 -1157.73
  69 68.5 30.1921 0.0131042 -1221.78 -1213.15 -1082.52
  70 69.5 30.1367 0.0130802 -1204.37 -1193.64 -1181.33
  71 70.5 30.1429 0.0130829 -1183.59 -1168.56 -1151.29
  72 71.5 30.1711 0.0130951 -1169.65 -1135.77 -1187.06
  73 72.5 30.1809 0.0130994 -1181.9 -1188.83 -1143.9
  74 73.5 30.1323 0.0130782 -1078.7 -1112.39 -1127.16
  75 74.5 30.1636 0.0130918 -1147.15 -1151.82 -1162.85
  76 75.5 30.1602 0.0130903 -1105.61 -1102.82 -1186.03
  77 76.5 30.1653 0.0130926 -1157.27 -1151.02 -1141.99
  78 77.5 30.1618 0.0130911 -1137.56 -1054.4 -1117.42
  79 78.5 30.1575 0.0130892 -1163.83 -1125.31 -1167.76
  80 79.5 30.1752 0.0130969 -1144.94 -1218.63 -1167.38
  81 80.5 30.1533 0.0130874 -1154.88 -1200.44 -1161.77
  82 81.5 30.188 0.0131024 -1195.04 -1208.77 -1132.85
  83 82.5 30.1491 0.0130856 -1208.28 -1249.76 -1191.49
  84 83.5 30.1669 0.0130933 -1092.61 -1150.87 -1140.8
  85 84.5 30.1483 0.0130852 -1086.56 -1047.99 -1110.84
  86 85.5 30.1318 0.0130781 -1154.57 -1084.33 -1181.74
  87 86.5 30.1581 0.0130894 -1180.9 -1191.86 -1152.98
  88 87.5 30.1847 0.013101 -1182.51 -1209.48 -1157.2
  89 88.5 30.1497 0.0130858 -1168.16 -1204.67 -1139.12
  90 89.5 30.1241 0.0130747 -1131.55 -1130.92 -1117.93
  91 90.5 30.1638 0.0130919 -1166.68 -1207.16 -1174.33
  92 91.5 30.1542 0.0130878 -1152.35 -1175.03 -1191.81
  93 92.5 30.145 0.0130838 -1242.02 -1224.48 -1125.71
  94 93.5 30.1638 0.0130919 -1187.57 -1163.51 -1113.69
  95 94.5 30.1473 0.0130848 -1157.44 -1163.75 -1198.24
  96 95.5 30.1716 0.0130953 -1131.32 -1132.49 -1123.67
  97 96.5 30.1457 0.0130841 -1235.68 -1212.55 -1167.75
  98 97.5 30.1891 0.0131029 -1224.21 -1202.08 -1119.2
  99 98.5 30.1782 0.0130982 -1170.64 -1154.98 -1156.48
  100 99.5 30.169 0.0130942 -1170.83 -1089.65 -1152.68
  101 100.5 30.1574 0.0130891 -1203.72 -1138.84 -1199.77
  102 101.5 30.2141 0.0131137 -1137.51 -1136.6 -1091.79
  103 102.5 30.1794 0.0130987 -1193.78 -1110.75 -1197.27
  104 103.5 30.178 0.0130981 -1101.97 -1066.92 -1179.87
  105 104.5 30.1884 0.0131026 -1090.53 -1087.78 -1124.36
  106 105.5 30.1981 0.0131068 -1129.03 -1163.14 -1136.66
  107 106.5 30.2289 0.0131202 -1250.65 -1259.76 -1160.9
  108 107.5 30.1729 0.0130959 -1108.1 -1073.38 -1165.97
  109 108.5 30.1757 0.0130971 -1167.94 -1143.59 -1162.39
  110 109.5 30.1956 0.0131057 -1103.68 -1070.61 -1155.31
  111 110.5 30.186 0.0131016 -1074.79 -1140.75 -1145.46
  112 111.5 30.1666 0.0130931 -1096.04 -1074.18 -1164.87
  113 112.5 30.1891 0.0131029 -1100.14 -1121.67 -1157.35
  114 113.5 30.1977 0.0131066 -1109.18 -1117.54 -1140.32
  115 114.5 30.1906 0.0131036 -1125.36 -1104.35 -1104.77
  116 115.5 30.183 0.0131003 -1142.69 -1124.36 -1185.81
  117 116.5 30.1748 0.0130967 -1187.7 -1133.54 -1151.25
  118 117.5 30.1963 0.013106 -1127.04 -1181.56 -1137.8
  119 118.5 30.1744 0.0130965 -1195.5 -1254.12 -1216.72
  120 119.5 30.1761 0.0130973 -1065.45 -1145.35 -1090.45
  121 120.5 30.1869 0.013102 -1215.62 -1242.03 -1185.65
  122 121.5 30.2028 0.0131089 -1074.13 -1284.5 -1117.41
  123 122.5 30.2048 0.0131097 -1171.71 -1152.66 -1133.53
  124 123.5 30.198 0.0131068 -1184.52 -1154.39 -1156.08
  125 124.5 30.175 0.0130968 -1247.66 -1223.65 -1240.64
  126 125.5 30.2313 0.0131212 -1149.28 -1128.29 -1108.58
  127 126.5 30.1918 0.0131041 -1106.8 -1102.92 -1090.79
  128 127.5 30.2012 0.0131082 -1159.88 -1128.71 -1212.56
  129 128.5 30.2161 0.0131146 -1122.96 -1109.61 -1149.53
  130 129.5 30.2088 0.0131114 -1121.74 -1085.61 -1188.88
  131 130.5 30.1917 0.013104 -1038 -1119.78 -1126
  132 131.5 30.2154 0.0131143 -1104.41 -1131.76 -1123.02
  133 132.5 30.1892 0.013103 -1143.36 -1107.28 -1190.42
  134 133.5 30.1872 0.0131021 -1140.64 -1134.79 -1179.77
  135 134.5 30.1955 0.0131057 -1191.03 -1161.77 -1143.74
  136 135.5 30.2192 0.013116 -1240.19 -1269.05 -1108.37
  137 136.5 30.1985 0.013107 -1160.8 -1188.87 -1197.72
  138 137.5 30.193 0.0131046 -1194.41 -1175.88 -1197.01
  139 138.5 30.1763 0.0130974 -1100.65 -1154.78 -1180.15
  140 139.5 30.192 0.0131041 -1104.83 -1165.58 -1161.17
  141 140.5 30.2127 0.0131132 -1127.64 -1085.49 -1144.06
  142 141.5 30.2006 0.0131079 -1108.92 -1088.12 -1196.67
  143 142.5 30.1779 0.0130981 -1122.55 -1091.83 -1234.26
  144 143.5 30.1747 0.0130966 -1145.37 -1122.81 -1220.43
  145 144.5 30.1914 0.0131039 -1115.46 -1104.22 -1225.9
  146 145.5 30.1572 0.0130891 -1133.78 -1112.92 -1287.95
  147 146.5 30.1365 0.0130801 -1052.04 -1102.23 -1282.96
  148 147.5 30.1071 0.0130673 -949.703 -926.71 -1284.01
  149 148.5 30.1133 0.01307 -995.662 -1022.61 -1370.36
  150 149.5 30.0527 0.0130437 -903.541 -898.597 -1439.62
  151 150.5 30.002 0.0130217 -814.797 -824.526 -1424.28
  152 151.5 29.9931 0.0130178 -759.682 -748.081 -1477.46
  153 152.5 29.9102 0.0129818 -799.658 -766.448 -1560.88
  154 153.5 29.8157 0.0129408 -621.552 -620.145 -1554
  155 154.5 29.7222 0.0129002 -537.635 -485.08 -1612.85
  156 155.5 29.5696 0.012834 -250.755 -424.435 -1638.52
  157 156.5 29.3961 0.0127587 -191.47 -171.509 -1568.93
  158 157.5 29.1957 0.0126717 -134.976 -46.4922 -1473.45
  159 158.5 28.9594 0.0125692 7.71484 64.942 -1323.55
  160 159.5 28.685 0.0124501 60.992 153.014 -964.189
  161 160.5 28.3543 0.0123066 188.151 121.165 -560.053
  162 161.5 28.104 0.0121979 169.134 81.5939 -70.5634
  163 162.5 27.8894 0.0121048 254.942 213.472 556.162
  164 163.5 27.7543 0.0120461 335.175 344.701 1093.59
  165 164.5 27.8018 0.0120667 625.419 625.975 1502.32
  166 165.5 28.1496 0.0122177 1312.64 1347.63 1757.51
  167 166.5 28.7316 0.0124703 2228 2261.99 1753.27
  168 167.5 29.4304 0.0127736 3069.46 3126.05 1312.95
  169 168.5 30.2801 0.0131424 3620.2 3651.89 645.108
  170 169.5 31.1493 0.0135196 3915.13 3928.07 -98.0266
  171 170.5 31.9066 0.0138484 3795.25 3795.68 -987.523
  172 171.5 32.5234 0.0141161 3377.58 3371.51 -1704.81
  173 172.5 33.062 0.0143498 2739.07 2809.38 -2267.66
  174 173.5 33.4637 0.0145242 2100.37 2076.21 -2411.5
  175 174.5 33.7739 0.0146588 1530.93 1465.28 -2447.98
  176 175.5 34.0072 0.0147601 919.13 1034.7 -2488.53
  177 176.5 34.158 0.0148255 497.135 509.562 -2355.7
  178 177.5 34.3029 0.0148884 101.786 30.0874 -2133.58
  179 178.5 34.401 0.014931 -220.14 -72.1047 -2051.69
  180 179.5 34.4462 0.0149506 -403.244 -342.659 -1770.05
  181 180.5 34.5096 0.0149781 -547.263 -535.506 -1632.19
  182 181.5 34.557 0.0149987 -679.268 -658.015 -1498.93
  183 182.5 34.5743 0.0150062 -738.204 -788.922 -1453.5
  184 183.5 34.5992 0.015017 -819.67 -853.54 -1328.16
  185 184.5 34.6079 0.0150208 -811.385 -933.095 -1270.32
  186 185.5 34.6235 0.0150276 -852.866 -911.789 -1136.8
  187 186.5 34.6345 0.0150323 -937.629 -932.135 -1188.92
  188 187.5 34.6303 0.0150305 -954.511 -1008.1 -1143.71
  189 188.5 34.637 0.0150334 -989.791 -961.99 -1091.1
  190 189.5 34.656 0.0150417 -972.122 -1009.85 -1017.2
  191 190.5 34.6308 0.0150307 -845.612 -861.973 -1033.1
  192 191.5 34.6383 0.015034 -901.672 -977.534 -1008.34
  193 192.5 34.6391 0.0150343 -798.326 -929.972 -1068.77
  194 193.5 34.648 0.0150382 -832.789 -978.681 -992.22
  195 194.5 34.6346 0.0150324 -992.216 -958.156 -1020.08
  196 195.5 34.6592 0.0150431 -1011.59 -970.428 -1010.26
  197 196.5 34.6554 0.0150414 -1024.91 -1040.15 -1030.71
  198 197.5 34.6564 0.0150419 -1014.64 -1005.61 -993.895
  199 198.5 34.6416 0.0150354 -930.081 -950.453 -946.153
  200 199.5 34.6851 0.0150543 -1052.21 -1060.72 -1074.16
  201 200.5 34.6421 0.0150356 -931.682 -1058.76 -1006.27
  202 201.5 34.6344 0.0150323 -1083.05 -1010.77 -1020.86
  203 202.5 34.6783 0.0150513 -908.381 -1029.58 -1012.29
  204 203.5 34.6931 0.0150578 -991.704 -949.195 -941.288
  205 204.5 34.6471 0.0150378 -935.928 -994.945 -986.665
  206 205.5 34.642 0.0150356 -976.697 -1014.75 -1014.55
  207 206.5 34.6873 0.0150552 -972.35 -1040.22 -1052.05
  208 207.5 34.6781 0.0150513 -982.039 -970.655 -901.68
  209 208.5 34.6207 0.0150263 -1024.5 -956.971 -1053.46
  210 209.5 34.6467 0.0150376 -1066.71 -1029.56 -1066.73
  211 210.5 34.6993 0.0150605 -950.879 -1071.19 -945.023
  212 211.5 34.6616 0.0150441 -1043.26 -1061.02 -988.351
  213 212.5 34.5965 0.0150158 -1054.84 -1110.06 -1026.34
  214 213.5 34.6877 0.0150554 -1015.87 -987.258 -1032.3
  215 214.5 34.6844 0.015054 -1002.01 -924.577 -965.937
  216 215.5 34.6088 0.0150212 -1063.93 -1032.15 -968.54
  217 216.5 34.6426 0.0150359 -982.117 -988.916 -1026.63
  218 217.5 34.6717 0.0150485 -1006.01 -934.978 -1001.53
  219 218.5 34.6456 0.0150371 -930.605 -961.508 -984.831
  220 219.5 34.6121 0.0150226 -904.899 -963.537 -995.816
  221 220.5 34.6643 0.0150453 -967.453 -953.035 -991.991
  222 221.5 34.6395 0.0150345 -935.675 -1035.83 -1046.01
  223 222.5 34.6291 0.01503 -1007.94 -1029.16 -972.617
  224 223.5 34.666 0.015046 -992.304 -972.397 -959.052
  225 224.5 34.6475 0.015038 -1005.27 -1038.27 -990.026
  226 225.5 34.6348 0.0150325 -1039.36 -972.986 -1021.66
  227 226.5 34.5941 0.0150148 -1041.56 -925.237 -1003.02
  228 227.5 34.6502 0.0150391 -999.536 -951.478 -1009.72
  229 228.5 34.6419 0.0150356 -1106.66 -1060.23 -1054.65
  230 229.5 34.6063 0.0150201 -1032.93 -1064.73 -990.844
  231 230.5 34.6043 0.0150192 -966.657 -1066.95 -959.599
  232 231.5 34.6659 0.0150459 -863.563 -1017.15 -947.76
  233 232.5 34.6142 0.0150235 -1026.28 -917.82 -1031.73
  234 233.5 34.576 0.0150069 -989.227 -1062.61 -1008.7
  235 234.5 34.6491 0.0150387 -910.868 -966.299 -983.047
  236 235.5 34.6366 0.0150332 -1062.08 -1014.46 -1061.7
  237 236.5 34.5902 0.0150131 -932.767 -888.665 -937.513
  238 237.5 34.6136 0.0150232 -999.646 -968.023 -990.814
  239 238.5 34.625 0.0150282 -1034.39 -991.292 -991.771
  240 239.5 34.6084 0.015021 -982.452 -1047.09 -1065.13
  241 240.5 34.5935 0.0150145 -1004.59 -1052.09 -963.888
  242 241.5 34.6104 0.0150219 -1069.38 -1035.39 -1006.24
  243 242.5 34.6312 0.0150309 -1115.6 -1048.09 -969.825
  244 243.5 34.6136 0.0150233 -1165.38 -1049.57 -1052.31
  245 244.5 34.5827 0.0150099 -1060.52 -1132.24 -1018.07
  246 245.5 34.6054 0.0150197 -1136.21 -1061.09 -985.472
  247 246.5 34.642 0.0150356 -1009.7 -1101.37 -971.814
  248 247.5 34.572 0.0150052 -1045.51 -1046.27 -1009.44
  249 248.5 34.5774 0.0150076 -1102.29 -1010.75 -1057.83
  250 249.5 34.6316 0.0150311 -1011.58 -952.857 -901.457
  251 250.5 34.5867 0.0150116 -993.434 -987.942 -995.534
  252 251.5 34.5668 0.0150029 -1022.58 -965.952 -1042.92
  253 252.5 34.5878 0.0150121 -948.428 -1060.31 -1015.36
  254 253.5 34.6022 0.0150183 -1013.96 -1078.18 -994.017
  255 254.5 34.5969 0.015016 -1092.19 -1086.82 -1002.65
  256 255.5 34.5421 0.0149922 -1083.91 -1025.39 -1007.42
  257 256.5 34.6002 0.0150174 -996.021 -1002.99 -992.255
  258 257.5 34.5991 0.015017 -1099.61 -1022.75 -991.992
  259 258.5 34.5767 0.0150072 -1026.23 -1005.74 -953.943
  260 259.5 34.5744 0.0150063 -1010.16 -1020.16 -1086.65
  261 260.5 34.5859 0.0150112 -959.036 -928.745 -944.503
  262 261.5 34.5808 0.015009 -1052.1 -1027.92 -986.588
  263 262.5 34.5869 0.0150117 -1044.14 -990.435 -955.369
  264 263.5 34.5736 0.0150059 -1050.19 -1081.11 -1035.21
  265 264.5 34.5725 0.0150054 -1034.37 -1042.81 -992.524
  266 265.5 34.5761 0.015007 -1141.47 -1183.54 -1012.06
  267 266.5 34.5789 0.0150082 -1046.13 -1110.32 -967.608
  268 267.5 34.5857 0.0150112 -993.292 -1068.54 -1086.56
  269 268.5 34.5469 0.0149943 -888.06 -967.287 -964.745
  270 269.5 34.5704 0.0150045 -1063.85 -973.759 -976.563
  271 270.5 34.6129 0.0150229 -885.444 -1048.83 -942.712
  272 271.5 34.5858 0.0150112 -966.266 -1021.6 -1079.21
  273 272.5 34.5516 0.0149963 -926.991 -980.836 -934.238
  274 273.5 34.5724 0.0150054 -933.531 -967.05 -1021.8
  275 274.5 34.5973 0.0150162 -1000.1 -950.742 -1044.55
  276 275.5 34.5685 0.0150037 -944.772 -1022.58 -1007.3
  277 276.5 34.5662 0.0150027 -999.774 -967.176 -949.705
  278 277.5 34.5927 0.0150142 -1036.07 -1018.24 -990.011
  279 278.5 34.5996 0.0150172 -1004.02 -1033.66 -1053.23
  280 279.5 34.5865 0.0150115 -986.222 -1008.92 -982.802
  281 280.5 34.5776 0.0150077 -1005.74 -984.636 -946.433
  282 281.5 34.5754 0.0150067 -1020.57 -989.278 -1066.97
  283 282.5 34.6215 0.0150267 -946.678 -967.747 -958.008
  284 283.5 34.585 0.0150109 -993.439 -918.925 -990.957
  285 284.5 34.5782 0.0150079 -1027.89 -1019.29 -992.681
  286 285.5 34.5887 0.0150125 -929.564 -911.978 -1054.27
  287 286.5 34.6407 0.015035 -975.584 -931.13 -952.565
  288 287.5 34.565 0.0150022 -959.156 -948.058 -984.951
  289 288.5 34.6028 0.0150186 -978.992 -1012.58 -1026.15
  290 289.5 34.6029 0.0150186 -933.676 -921.768 -1042.31
  291 290.5 34.5933 0.0150145 -907.31 -929.443 -960.382
  292 291.5 34.572 0.0150052 -993.956 -973.619 -1018.59
  293 292.5 34.6155 0.0150241 -1051.12 -959.678 -1050.29
  294 293.5 34.5893 0.0150127 -1020.57 -905.534 -988.122
  295 294.5 34.5656 0.0150024 -1126.75 -991.626 -987.311
  296 295.5 34.6151 0.0150239 -1042.22 -958.038 -1106.93
  297 296.5 34.6285 0.0150297 -1007.6 -973.305 -942.634
  298 297.5 34.5302 0.0149871 -966.225 -974.079 -969.176
  299 298.5 34.6048 0.0150194 -874.324 -952.583 -1058.36
  300 299.5 34.6134 0.0150232 -938.779 -959.247 -1060.82
  301 300.5 34.5693 0.015004 -981.95 -1014.11 -955.217
  302 301.5 34.5748 0.0150064 -967.938 -1053.05 -1076.98
  303 302.5 34.5936 0.0150146 -997.106 -991.866 -1058.58
  304 303.5 34.5961 0.0150157 -963.477 -1008.82 -1071.24
  305 304.5 34.5575 0.0149989 -1050.55 -1050.59 -1102.45
  306 305.5 34.5822 0.0150097 -963.81 -982.829 -1071.53
  307 306.5 34.5768 0.0150073 -1096.95 -970.643 -1234.15
  308 307.5 34.5564 0.0149984 -941.755 -929.208 -1230.68
  309 308.5 34.5361 0.0149896 -909.092 -821.424 -1246.1
  310 309.5 34.5297 0.0149868 -824.345 -865.655 -1510.74
  311 310.5 34.4892 0.0149693 -736.159 -790.878 -1449.09
  312 311.5 34.4792 0.0149649 -634.798 -698.175 -1639.28
  313 312.5 34.4285 0.0149429 -525.243 -614.989 -1885.16
  314 313.5 34.3809 0.0149223 -224.472 -292.405 -2063.89
  315 314.5 34.2528 0.0148667 -10.2465 7.12825 -2228.23
  316 315.5 34.2232 0.0148538 335.277 405.486 -2495.31
  317 316.5 34.0495 0.0147784 928.432 806.926 -2865.52
  318 317.5 33.7823 0.0146625 1300.67 1297.07 -3109.34
  319 318.5 33.562 0.0145668 2021.62 2057.63 -3307.78
  320 319.5 33.1957 0.0144079 2862.9 2970.41 -3455.9
  321 320.5 32.6348 0.0141644 3855.09 3912.59 -3302.47
  322 321.5 31.9433 0.0138643 4889.95 4864.33 -3037.72
  323 322.5 30.9927 0.0134517 5835.79 5858.26 -2527.56
  324 323.5 29.7494 0.0129121 6552.9 6578.56 -1741.35
  325 324.5 28.2203 0.0122484 6985.86 7002.74 -657.816
  326 325.5 26.2978 0.011414 6970.46 7035.14 392.528
  327 326.5 24.0717 0.0104478 6557.97 6581.49 1408.01
  328 327.5 21.55 0.00935332 5787.07 5847.13 2181.93
  329 328.5 18.8919 0.00819963 4596.27 4598.78 2673.96
  330 329.5 16.2787 0.0070654 3168.81 3158.17 2927.02
  331 330.5 13.7735 0.00597806 1522.39 1446.67 2802.42
  332 331.5 11.5042 0.00499314 -99.8367 -181.95 2413.78
  333 332.5 9.51303 0.00412892 -1759.75 -1797.18 1639.57
  334 333.5 7.87558 0.00341822 -3530.21 -3653.53 744.358
  335 334.5 6.51969 0.00282973 -5199.62 -5232.88 -550.581
  336 335.5 5.46503 0.00237198 -6823.76 -6833.25 -1858.31
  337 336.5 4.63061 0.00200981 -8364.33 -8489.89 -3607.44
  338 337.5 3.99561 0.0017342 -9834.42 -9790.41 -5288.46
  339 338.5 3.53411 0.0015339 -11039.4 -11090.2 -6867.47
  340 339.5 3.16798 0.00137499 -12254.9 -12182.9 -8457
  341 340.5 2.91496 0.00126517 -13194.8 -13172.1 -9959.83
  342 341.5 2.72614 0.00118322 -13861.2 -13828.5 -11196
  343 342.5 2.57822 0.00111902 -14454.6 -14389.1 -12255.1
  344 343.5 2.47505 0.00107424 -14800.7 -14821.9 -13102.4
  345 344.5 2.39171 0.00103807 -15122.3 -15105.6 -13845.1
  346 345.5 2.34485 0.00101773 -15367.7 -15502.8 -14261.4
  347 346.5 2.30207 0.000999161 -15702.7 -15563.7 -14719.2
  348 347.5 2.26602 0.000983516 -15784.5 -15788.8 -15108.9
  349 348.5 2.24553 0.000974624 -15901.5 -15912.8 -15335
  350 349.5 2.22497 0.000965697 -16016.5 -15896.7 -15494.6
  351 350.5 2.21466 0.000961224 -15882.1 -15874.7 -15617.8
  352 351.5 2.19293 0.000951793 -16075.1 -15897.7 -15827.1
  353 352.5 2.18916 0.000950157 -15992.3 -16031.8 -15952.7
  354 353.5 2.18887 0.000950029 -15993.1 -15978.3 -15910
  355 354.5 2.18055 0.00094642 -16244.3 -16077.8 -16039.6
  356 355.5 2.17955 0.000945984 -16117.1 -16141 -16021.5
  357 356.5 2.17682 0.000944799 -15895.2 -16116 -16029.6
  358 357.5 2.17567 0.0009443 -16050.8 -16012 -16173.2
  359 358.5 2.1875 0.000949434 -16086.7 -16096.1 -15984.5
  360 359.5 2.17661 0.000944707 -16074 -16027.4 -16043.2
  361 360.5 2.17663 0.000944717 -16018.7 -16037.1 -16122
  362 361.5 2.17484 0.000943943 -16119.9 -16014.1 -16095.1
  363 362.5 2.17135 0.000942426 -16058.3 -16034.1 -16142.4
  364 363.5 2.17527 0.000944127 -16109.4 -15978.2 -16134.1
  365 364.5 2.16867 0.000941262 -16113.2 -16212.7 -16194
  366 365.5 2.1825 0.000947266 -16066.6 -16051.5 -16096.9
  367 366.5 2.18521 0.000948444 -16008.6 -16028.2 -15976.9
  368 367.5 2.18927 0.000950205 -15857.3 -15943.3 -15955.4
  369 368.5 2.17925 0.000945856 -15953.4 -15971.2 -16087
  370 369.5 2.16987 0.000941786 -15934.3 -15971.5 -16184.9
  371 370.5 2.16965 0.000941688 -15787.8 -16022.9 -16155.3
  372 371.5 2.17035 0.000941994 -15813 -15954.2 -16119.4
  373 372.5 2.18498 0.000948341 -15910.3 -16043.9 -16066
  374 373.5 2.17536 0.000944168 -15851.4 -16018.5 -16048
  375 374.5 2.18394 0.000947891 -15951.2 -16091.9 -16081.9
  376 375.5 2.18286 0.00094742 -15996.5 -16108 -16092.8
  377 376.5 2.18062 0.000946451 -15844.6 -16102.6 -16078.1
  378 377.5 2.18603 0.000948796 -16065.5 -16116 -16021.5
  379 378.5 2.18794 0.000949626 -16025.1 -16101.2 -16060.4
  380 379.5 2.18265 0.000947332 -15996.2 -16049.8 -16085.9
  381 380.5 2.17825 0.00094542 -16030.6 -16017.2 -16066.2
  382 381.5 2.17468 0.000943871 -16084.4 -16109.6 -16129.2
  383 382.5 2.17457 0.000943825 -16035.5 -16165.7 -16095
  384 383.5 2.16847 0.000941178 -15983.7 -16191.3 -16110.9
  385 384.5 2.17052 0.000942064 -16122.4 -16111.1 -16150.6
  386 385.5 2.15521 0.000935421 -16213.3 -16195.4 -16279.7
  387 386.5 2.155 0.000935329 -16133.3 -16197.3 -16260.5
  388 387.5 2.16434 0.000939383 -16187.1 -16118.7 -16214.3
  389 388.5 2.17034 0.000941987 -16189.7 -16234.4 -16150.2
  390 389.5 2.16525 0.000939778 -16115.3 -15962.1 -16172.4
  391 390.5 2.16462 0.000939504 -16119.9 -15962 -16177.3
  392 391.5 2.16575 0.000939995 -16015.1 -16023.9 -16176.3
  393 392.5 2.16242 0.000938552 -16038.9 -16139 -16185
  394 393.5 2.15126 0.000933708 -16112.9 -16130.5 -16316.4
  395 394.5 2.16904 0.000941422 -16008.3 -16266.8 -16170.9
  396 395.5 2.17163 0.000942547 -16076.9 -16250.8 -16169.2
  397 396.5 2.17163 0.000942547 -16025.2 -16095 -16031.7
  398 397.5 2.17514 0.000944072 -16062.9 -15977.5 -16078.5
  399 398.5 2.17427 0.000943693 -16192 -15959.3 -16249.5
  400 399.5 2.18062 0.000946448 -16045.1 -16159.5 -16080.9
  401 400.5 2.19449 0.000952469 -16281.8 -15976.9 -15941.4
  402 401.5 2.18501 0.000948356 -16146.3 -16039.4 -16021.6
  403 402.5 2.17936 0.000945905 -16143.2 -16144 -16076.8
  404 403.5 2.18633 0.00094893 -16242.5 -16176.7 -16072.3
  405 404.5 2.1817 0.000946917 -16084.3 -16164.2 -16054.7
  406 405.5 2.17978 0.000946084 -16022 -16148.5 -16069.3
  407 406.5 2.17878 0.000945653 -16073.6 -16197.1 -16104.4
  408 407.5 2.17865 0.000945593 -16090.3 -16074 -16022.8
  409 408.5 2.18465 0.0009482 -16161.1 -16159.5 -16026.1
  410 409.5 2.17831 0.000945446 -16111.7 -16129.3 -16156
  411 410.5 2.17187 0.000942651 -16184.3 -15885.3 -16161.5
  412 411.5 2.18481 0.000948266 -16092.8 -15961.4 -15983.4
  413 412.5 2.18641 0.000948961 -16200.5 -15941 -16035.1
  414 413.5 2.18353 0.000947712 -16142.3 -15996.7 -16061.2
  415 414.5 2.18086 0.000946553 -16254.2 -16052.1 -16090.1
  416 415.5 2.17136 0.00094243 -16145.9 -16074.3 -16141.8
  417 416.5 2.17126 0.000942386 -16180.1 -16149.8 -16148.8
  418 417.5 2.16631 0.000940237 -16084.9 -16232.2 -16216.8
  419 418.5 2.16899 0.000941403 -15983 -16149.8 -16176.1
  420 419.5 2.17503 0.000944022 -16092.2 -16227.6 -16028
  421 420.5 2.16772 0.000940852 -16144.4 -16330.6 -16165.5
  422 421.5 2.18369 0.000947781 -16049.9 -16173.9 -16076
  423 422.5 2.1773 0.000945008 -16135.7 -16201.4 -16044.4
  424 423.5 2.16593 0.000940076 -16080.1 -16138.8 -16207
  425 424.5 2.17076 0.000942171 -16078.2 -16249.5 -16222.9
  426 425.5 2.18552 0.000948575 -16201.4 -16240.1 -16003
  427 426.5 2.18315 0.000947548 -16246.2 -16062 -16024.6
  428 427.5 2.17489 0.000943962 -16185.1 -16112.7 -16120.6
  429 428.5 2.17095 0.000942254 -16123.3 -15963.4 -16160.1
  430 429.5 2.1704 0.000942012 -16137.1 -16073.2 -16152.9
  431 430.5 2.1624 0.000938543 -16203.9 -16184.7 -16226.3
  432 431.5 2.17081 0.000942192 -16099.1 -16182.2 -16100.2
  433 432.5 2.16781 0.000940891 -16232.7 -16282.6 -16194.4
  434 433.5 2.16486 0.000939609 -16242.5 -16115.2 -16177.1
  435 434.5 2.16014 0.000937563 -16141.2 -16067.6 -16198.4
  436 435.5 2.16431 0.00093937 -16292.8 -16120.6 -16243.4
  437 436.5 2.16428 0.000939356 -16335.2 -16150.6 -16242.8
  438 437.5 2.16463 0.00093951 -16324.3 -16021.9 -16168.7
  439 438.5 2.17038 0.000942003 -16138 -15830.4 -16068.6
  440 439.5 2.17182 0.000942629 -16243.9 -15981.3 -16176
  441 440.5 2.16402 0.000939243 -16466.6 -15981.1 -16212.8
  442 441.5 2.165 0.000939669 -16298.2 -16090.4 -16182.9
  443 442.5 2.16191 0.000938329 -16186.6 -15999.1 -16187.8
  444 443.5 2.15592 0.000935728 -16178.1 -16102.1 -16265.4
  445 444.5 2.14164 0.00092953 -16175.4 -16223.6 -16363.7
  446 445.5 2.14995 0.000933138 -16230.2 -16075.4 -16361.1
  447 446.5 2.14545 0.000931186 -16138.9 -16048.1 -16297.4
  448 447.5 2.14717 0.000931931 -16165.7 -16188.7 -16318.6
  449 448.5 2.15164 0.000933872 -16209.1 -16235.6 -16269.9
  450 449.5 2.14425 0.000930665 -16189.5 -16073.1 -16320.5
  451 450.5 2.15371 0.000934769 -16311 -16087.3 -16264.2
  452 451.5 2.14377 0.000930457 -16318.6 -16147.7 -16407.6
  453 452.5 2.16128 0.000938054 -16189.4 -16137.4 -16239
  454 453.5 2.14379 0.000930463 -16242.4 -16117.3 -16292
  455 454.5 2.1481 0.000932335 -16219 -16237.7 -16295.2
  456 455.5 2.16106 0.000937962 -16346.4 -16185.4 -16183.1
  457 456.5 2.15561 0.000935594 -16352.4 -16189.6 -16203.7
  458 457.5 2.15443 0.000935084 -16424.8 -16179.8 -16302.8
  459 458.5 2.16007 0.000937529 -16229.7 -16162 -16122.8
  460 459.5 2.16039 0.000937669 -16219.7 -16302.1 -16177
  461 460.5 2.16594 0.000940076 -16019 -16267.7 -16057.3
  462 461.5 2.18281 0.000947402 -16040.4 -16161.8 -15880
  463 462.5 2.18607 0.000948816 -15945.2 -16101 -15830.1
  464 463.5 2.20041 0.000955038 -15986 -16134.9 -15709.9
  465 464.5 2.21155 0.000959874 -15960.7 -15969.1 -15510.2
  466 465.5 2.25251 0.000977654 -15648.6 -15813.1 -15126.2
  467 466.5 2.2826 0.000990713 -15698.8 -15705.7 -14750.8
  468 467.5 2.33506 0.00101348 -15508.7 -15433.8 -14280.9
  469 468.5 2.38799 0.00103646 -15294 -15201.9 -13736
  470 469.5 2.47536 0.00107437 -14930.1 -14730.6 -12911
  471 470.5 2.5964 0.00112691 -14457.1 -14286.3 -11941
  472 471.5 2.77122 0.00120279 -13655.6 -13593.5 -10684.9
  473 472.5 3.00572 0.00130457 -12863.2 -12874 -9218.68
  474 473.5 3.29896 0.00143184 -11734.3 -11764.7 -7726.84
  475 474.5 3.70732 0.00160908 -10487.3 -10562.7 -6147.75
  476 475.5 4.27017 0.00185337 -8979.94 -9030.76 -4393.5
  477 476.5 5.02197 0.00217968 -7405.91 -7436.26 -2703.06
  478 477.5 5.95384 0.00258413 -5874.35 -5924.43 -1449.92
  479 478.5 7.10695 0.00308461 -4156.55 -4221.8 -423.958
  480 479.5 8.50852 0.00369294 -2607.06 -2592.97 214.521
40000000 480 10816.000000000013
  1 0.5 11.4666 0.00497682 -187.161 -212.097 917.692
  2 1.5 13.4564 0.00584043 969.837 918.118 789.217
  3 2.5 15.5361 0.0067431 1731.93 1718.47 433.066
  4 3.5 17.5819 0.00763103 2278.86 2414.32 -32.5366
  5 4.5 19.566 0.00849217 2621.44 2750.5 -503.74
  6 5.5 21.3934 0.00928531 2827.27 2892.8 -1045.95
  7 6.5 23.0509 0.0100047 2703.64 2782.05 -1521.57
  8 7.5 24.4216 0.0105996 2596.99 2618.36 -1916.06
  9 8.5 25.6394 0.0111282 2302.49 2319.32 -2160.74
  10 9.5 26.6392 0.0115621 1886.08 1940.71 -2439.33
  11 10.5 27.4109 0.0118971 1503.21 1536.84 -2497.47
  12 11.5 28.0114 0.0121577 1064.25 1123.62 -2566.22
  13 12.5 28.5498 0.0123914 769.564 805.125 -2488.63
  14 13.5 28.9377 0.0125598 472.807 463.132 -2357.19
  15 14.5 29.2315 0.0126873 211.017 171.288 -2259.63
  16 15.5 29.4529 0.0127834 -68.1068 -151.749 -2227.39
  17 16.5 29.6427 0.0128657 -283.745 -268.914 -1949.05
  18 17.5 29.7966 0.0129326 -558.32 -424.526 -1858.87
  19 18.5 29.8713 0.012965 -670.524 -560.491 -1745.35
  20 19.5 29.9552 0.0130014 -704.063 -628.039 -1696.55
  21 20.5 30.0146 0.0130272 -786.882 -795.36 -1518.24
  22 21.5 30.0513 0.0130431 -807.53 -792.126 -1409.58
  23 22.5 30.1346 0.0130793 -936.919 -918.714 -1422.98
  24 23.5 30.1088 0.0130681 -896.485 -963.725 -1415.01
  25 24.5 30.1258 0.0130754 -922.954 -996.407 -1262.1
  26 25.5 30.1763 0.0130974 -1025.58 -1050.58 -1196.62
  27 26.5 30.2223 0.0131173 -1161.39 -1052.53 -1276.04
  28 27.5 30.1736 0.0130962 -1085.17 -1064.9 -1216.5
  29 28.5 30.1658 0.0130928 -1084.45 -1097.35 -1250.35
  30 29.5 30.2491 0.0131289 -1130.59 -1115.06 -1086.49
  31 30.5 30.234 0.0131224 -1068.1 -1047.91 -1106.75
  32 31.5 30.1865 0.0131018 -1178.64 -1169.98 -1184.88
  33 32.5 30.1789 0.0130985 -1060.63 -1102.94 -1242.24
  34 33.5 30.242 0.0131259 -1110.65 -1049.72 -1084.22
  35 34.5 30.2423 0.013126 -1157.95 -1140.14 -1119.65
  36 35.5 30.1971 0.0131064 -1077.72 -1154.12 -1111.35
  37 36.5 30.1941 0.0131051 -1045.6 -1109.93 -1190.9
  38 37.5 30.2464 0.0131278 -1129.02 -1121.58 -1069.31
  39 38.5 30.2159 0.0131145 -1067.1 -1128.63 -1109.76
  40 39.5 30.2405 0.0131252 -1203.9 -1187.57 -1122.64
  41 40.5 30.1949 0.0131054 -1161.59 -1160.88 -1135.33
  42 41.5 30.194 0.013105 -1197.9 -1224.28 -1131.32
  43 42.5 30.2325 0.0131217 -1198.27 -1150.33 -1131.73
  44 43.5 30.2123 0.013113 -1148.67 -1122.38 -1068.83
  45 44.5 30.2149 0.0131141 -1193.62 -1145.68 -1150.82
  46 45.5 30.2065 0.0131105 -1131.1 -1155.5 -1113.25
  47 46.5 30.2205 0.0131165 -1146.65 -1158.01 -1092.94
  48 47.5 30.2173 0.0131151 -1219.82 -1245.96 -1150.37
  49 48.5 30.1984 0.0131069 -1118.28 -1129.82 -1157.01
  50 49.5 30.2072 0.0131108 -1126.87 -1161.2 -1085.65
  51 50.5 30.218 0.0131155 -1168.41 -1223.07 -1134.44
  52 51.5 30.2272 0.0131195 -1173.8 -1121.59 -1093.82
  53 52.5 30.2288 0.0131201 -1077.72 -1117.05 -1121.07
  54 53.5 30.2086 0.0131114 -1048.76 -1017.91 -1101.84
  55 54.5 30.1886 0.0131027 -1078.89 -1108.25 -1129.48
  56 55.5 30.2038 0.0131093 -1124.91 -1114.91 -1174.38
  57 56.5 30.2086 0.0131114 -1051.4 -1047.46 -1066.63
  58 57.5 30.192 0.0131042 -1108.54 -1100.58 -1145.05
  59 58.5 30.2066 0.0131105 -1131.78 -1156.98 -1101.34
  60 59.5 30.2185 0.0131157 -1101.78 -1111.05 -1116.65
  61 60.5 30.209 0.0131116 -1042.55 -1114.74 -1118.32
  62 61.5 30.1682 0.0130938 -1110.76 -1068.62 -1109.66
  63 62.5 30.1877 0.0131023 -1065.73 -1041.66 -1148.54
  64 63.5 30.1872 0.0131021 -1095.92 -1059.63 -1128.78
  65 64.5 30.2211 0.0131168 -1098.64 -1063.43 -1065.63
  66 65.5 30.1809 0.0130993 -1217.45 -1191.88 -1106.73
  67 66.5 30.2063 0.0131104 -1151.82 -1151.59 -1149.68
  68 67.5 30.1851 0.0131012 -1148.94 -1140.21 -1188.2
  69 68.5 30.1945 0.0131053 -1137.96 -1173.26 -1095.19
  70 69.5 30.1801 0.013099 -1143.51 -1194.17 -1075.01
  71 70.5 30.2322 0.0131216 -1081.95 -1078.05 -1062.19
  72 71.5 30.1899 0.0131033 -1149.01 -1140.95 -1159.29
  73 72.5 30.169 0.0130942 -1053.17 -1120.13 -1178.71
  74 73.5 30.1751 0.0130968 -1121.32 -1094.07 -1106.5
  75 74.5 30.2218 0.0131171 -1061.34 -1104 -1096.88
  76 75.5 30.2139 0.0131137 -1139.53 -1062.19 -1066.85
  77 76.5 30.1705 0.0130948 -1144.41 -1173.71 -1146.89
  78 77.5 30.1591 0.0130899 -1130.85 -1162.69 -1181.24
  79 78.5 30.2315 0.0131213 -1079.25 -1163.56 -1101.25
  80 79.5 30.2033 0.0131091 -1116.55 -1169.92 -1067.11
  81 80.5 30.1755 0.013097 -1172.18 -1184.86 -1123.49
  82 81.5 30.1846 0.0131009 -1174.12 -1125.94 -1130.49
  83 82.5 30.1973 0.0131065 -1131.59 -1105.45 -1169.09
  84 83.5 30.1757 0.0130971 -1098.29 -1055.99 -1110.8
  85 84.5 30.202 0.0131085 -1106.23 -1122.04 -1127.2
  86 85.5 30.2001 0.0131077 -1021.1 -1070.58 -1093.76
  87 86.5 30.194 0.013105 -1148.53 -1158.49 -1085.9
  88 87.5 30.202 0.0131085 -1099.97 -1118.65 -1151.76
  89 88.5 30.1911 0.0131038 -1142.18 -1145.02 -1135.26
  90 89.5 30.1769 0.0130976 -1082.43 -1130.94 -1114.72
  91 90.5 30.1962 0.013106 -1198.44 -1049.1 -1085.4
  92 91.5 30.1948 0.0131054 -1080.59 -1139.61 -1100.1
  93 92.5 30.1719 0.0130955 -1134.18 -1127.66 -1159.63
  94 93.5 30.1883 0.0131026 -1173.67 -1062.35 -1127.28
  95 94.5 30.2065 0.0131104 -1149.89 -1079.33 -1072.36
  96 95.5 30.1788 0.0130985 -1161.34 -1124.8 -1125.85
  97 96.5 30.1745 0.0130966 -1183.37 -1162.36 -1188.66
  98 97.5 30.1946 0.0131053 -1246.07 -1101.2 -1087.06
  99 98.5 30.2092 0.0131116 -1164.42 -1144.29 -1082.65
  100 99.5 30.1913 0.0131039 -1125.51 -1176.93 -1133.85
  101 100.5 30.1912 0.0131038 -1181.26 -1180.9 -1178.47
  102 101.5 30.2182 0.0131155 -1185.29 -1199.95 -1069.85
  103 102.5 30.2116 0.0131127 -1043.7 -1110.57 -1108.58
  104 103.5 30.189 0.0131029 -1073.25 -1093.56 -1140.54
  105 104.5 30.1915 0.0131039 -1147.2 -1103.28 -1153.42
  106 105.5 30.2167 0.0131149 -1086.75 -1055.93 -1120.64
  107 106.5 30.1861 0.0131016 -1072.82 -1029.48 -1102.39
  108 107.5 30.1795 0.0130987 -999.872 -1127.46 -1123.33
  109 108.5 30.1896 0.0131031 -1168.03 -1160.38 -1137.05
  110 109.5 30.1966 0.0131062 -1139.89 -1180.4 -1171.05
  111 110.5 30.1797 0.0130988 -1058.02 -1010.75 -1090.63
  112 111.5 30.1849 0.0131011 -1172.64 -1145.22 -1090.68
  113 112.5 30.1842 0.0131008 -1105.06 -1086.99 -1146.09
  114 113.5 30.1832 0.0131004 -1113.73 -1163.31 -1082.23
  115 114.5 30.1587 0.0130897 -1148.47 -1206.25 -1172.19
  116 115.5 30.1643 0.0130921 -1154.7 -1117.8 -1099.63
  117 116.5 30.2058 0.0131101 -1078.4 -1075.99 -1084.54
  118 117.5 30.1519 0.0130868 -1223.48 -1151.34 -1108.2
  119 118.5 30.141 0.013082 -1137.48 -1169.11 -1141.38
  120 119.5 30.183 0.0131003 -1119.59 -1089.41 -1079.68
  121 120.5 30.2051 0.0131099 -1180.27 -1086.34 -1141.95
  122 121.5 30.141 0.013082 -1084.84 -1072.1 -1143.61
  123 122.5 30.1565 0.0130887 -1064.7 -1080.56 -1093.62
  124 123.5 30.2148 0.0131141 -1109.49 -1132.54 -1107.25
  125 124.5 30.153 0.0130872 -1186.54 -1122.1 -1128
  126 125.5 30.1622 0.0130912 -1091.53 -1088.37 -1108.63
  127 126.5 30.1717 0.0130953 -1038.09 -1029.3 -1123.94
  128 127.5 30.1805 0.0130992 -1141.78 -1118.66 -1145.23
  129 128.5 30.1791 0.0130986 -1082.66 -1119.01 -1049.77
  130 129.5 30.1658 0.0130928 -1115.88 -1172.48 -1160.01
  131 130.5 30.1761 0.0130973 -1168.73 -1156.39 -1103.47
  132 131.5 30.1568 0.0130889 -1182.49 -1174.95 -1172.24
  133 132.5 30.1777 0.013098 -1214.13 -1196.54 -1136.63
  134 133.5 30.1865 0.0131018 -1167.17 -1189.51 -1074.03
  135 134.5 30.1691 0.0130942 -1226.21 -1202.42 -1168.75
  136 135.5 30.1639 0.013092 -1063.92 -1032.36 -1104.95
  137 136.5 30.1851 0.0131012 -1176.68 -1107.88 -1169.65
  138 137.5 30.1963 0.013106 -1083.65 -1108.27 -1077.26
  139 138.5 30.1486 0.0130853 -1143.82 -1087.77 -1162.4
  140 139.5 30.157 0.013089 -1152.6 -1132.09 -1140.47
  141 140.5 30.2094 0.0131117 -1144.02 -1162.08 -1226.42
  142 141.5 30.1631 0.0130916 -1068.15 -1106.69 -1114.51
  143 142.5 30.1483 0.0130852 -1168.82 -1125.94 -1165.26
  144 143.5 30.1702 0.0130947 -1061.16 -1130.32 -1201.52
  145 144.5 30.1411 0.0130821 -1133.06 -1086.55 -1248.03
  146 145.5 30.1007 0.0130645 -1012.77 -998.827 -1290.58
  147 146.5 30.1239 0.0130746 -1042.15 -998.69 -1267.55
  148 147.5 30.1035 0.0130657 -972.938 -994.135 -1267.02
  149 148.5 30.0891 0.0130595 -966.705 -1014.03 -1305.54
  150 149.5 30.0148 0.0130273 -869.926 -856.361 -1416.06
  151 150.5 29.9856 0.0130146 -799.186 -752.5 -1424.82
  152 151.5 29.92 0.0129861 -743.149 -806.197 -1488.53
  153 152.5 29.834 0.0129488 -621.986 -674.976 -1565.93
  154 153.5 29.7603 0.0129168 -592.82 -568.286 -1480.88
  155 154.5 29.6358 0.0128628 -407.446 -412.936 -1574.37
  156 155.5 29.4613 0.012787 -297.413 -258.649 -1578.74
  157 156.5 29.2893 0.0127124 -163.816 -174.426 -1507.69
  158 157.5 29.0518 0.0126093 -50.4463 -44.0176 -1307.28
  159 158.5 28.8185 0.0125081 58.6721 60.3656 -1116.17
  160 159.5 28.5316 0.0123835 114.893 95.1767 -731.38
  161 160.5 28.213 0.0122452 228.758 218.987 -250.703
  162 161.5 27.9861 0.0121468 245.014 257.358 253.59
  163 162.5 27.8148 0.0120724 301.846 263.912 719.51
  164 163.5 27.7888 0.0120611 545.084 524.329 1274.02
  165 164.5 28.0179 0.0121605 1047.95 1017.06 1616.91
  166 165.5 28.4588 0.0123519 1756.03 1796.61 1715.69
  167 166.5 29.0452 0.0126064 2493.31 2498.77 1474.97
  168 167.5 29.8363 0.0129498 3266.26 3183.22 993.123
  169 168.5 30.63 0.0132943 3651.63 3705.54 264.538
  170 169.5 31.3856 0.0136222 3843.12 3744.95 -542.905
  171 170.5 32.1252 0.0139432 3611.02 3538.17 -1188.23
  172 171.5 32.7196 0.0142012 3044.42 3023.64 -1827.93
  173 172.5 33.1829 0.0144023 2494.88 2455.7 -2204.27
  174 173.5 33.5391 0.0145569 1913.42 1898.78 -2398.34
  175 174.5 33.8164 0.0146772 1309.76 1344.77 -2509.37
  176 175.5 34.0484 0.014778 868.984 872.071 -2277.07
  177 176.5 34.1709 0.0148311 391.978 437.284 -2184.25
  178 177.5 34.3114 0.0148921 34.599 81.245 -2085.02
  179 178.5 34.3797 0.0149217 -223.261 -229.02 -1874.4
  180 179.5 34.4283 0.0149428 -439.659 -312.094 -1727.7
  181 180.5 34.4853 0.0149676 -473.587 -505.917 -1616.34
  182 181.5 34.513 0.0149796 -704.708 -693.637 -1530.2
  183 182.5 34.5311 0.0149874 -691.156 -754.658 -1328.23
  184 183.5 34.5626 0.0150011 -765.639 -911.209 -1193.05
  185 184.5 34.6039 0.0150191 -965.398 -937.836 -1207.77
  186 185.5 34.574 0.0150061 -1022.49 -1044.46 -1226.83
  187 186.5 34.58 0.0150087 -969.267 -1023.8 -1167.08
  188 187.5 34.587 0.0150117 -1036.99 -985.584 -1028.84
  189 188.5 34.6209 0.0150264 -1043.5 -980.679 -1014.07
  190 189.5 34.6032 0.0150188 -980.983 -970.133 -984.524
  191 190.5 34.5877 0.015012 -965.131 -943.838 -1039.36
  192 191.5 34.5687 0.0150038 -937.159 -888.982 -1031.61
  193 192.5 34.6088 0.0150212 -926.01 -896.733 -1017.64
  194 193.5 34.5953 0.0150153 -954.006 -821.088 -934.062
  195 194.5 34.5932 0.0150144 -1047.11 -945.617 -988.146
  196 195.5 34.5835 0.0150102 -1058.43 -961.608 -981.407
  197 196.5 34.6078 0.0150207 -946.318 -887.857 -939.728
  198 197.5 34.5752 0.0150066 -859.166 -949.314 -1006.06
  199 198.5 34.5837 0.0150103 -909.765 -908.64 -917.649
  200 199.5 34.5939 0.0150147 -965.649 -847.177 -1004.32
  201 200.5 34.6094 0.0150215 -919.546 -917.381 -985.24
  202 201.5 34.5879 0.0150121 -970.296 -998.065 -1020.32
  203 202.5 34.6014 0.0150179 -945.824 -949.324 -965.13
  204 203.5 34.598 0.0150165 -959.646 -892.408 -908.129
  205 204.5 34.6319 0.0150312 -918.821 -893.551 -951.037
  206 205.5 34.5885 0.0150124 -1006.28 -933.665 -1046.33
  207 206.5 34.563 0.0150013 -1049.34 -922.434 -1009.85
  208 207.5 34.6454 0.0150371 -950.095 -936.275 -887.608
  209 208.5 34.6228 0.0150273 -965.308 -961.524 -1003.61
  210 209.5 34.562 0.0150008 -922.088 -912.68 -944.87
  211 210.5 34.5885 0.0150124 -1113.33 -984.667 -1030.49
  212 211.5 34.6321 0.0150313 -1103.92 -1029.03 -989.96
  213 212.5 34.594 0.0150148 -936.808 -977.533 -904.308
  214 213.5 34.5665 0.0150028 -927.795 -923.116 -1032.78
  215 214.5 34.5825 0.0150098 -907.242 -898.659 -996.038
  216 215.5 34.6271 0.0150291 -755.187 -803.303 -874.23
  217 216.5 34.5785 0.015008 -860.041 -886.236 -952.547
  218 217.5 34.568 0.0150035 -954.74 -972.801 -1015.16
  219 218.5 34.628 0.0150295 -973.938 -904.797 -921.887
  220 219.5 34.5702 0.0150044 -969.037 -1002.99 -1003.73
  221 220.5 34.5925 0.0150141 -1003.29 -1014.99 -1013.68
  222 221.5 34.5945 0.015015 -1015.05 -967.377 -972.373
  223 222.5 34.6089 0.0150212 -945.145 -980.462 -936.876
  224 223.5 34.5787 0.0150081 -956.424 -966.717 -940.88
  225 224.5 34.5616 0.0150007 -940.843 -975.775 -1068.34
  226 225.5 34.6286 0.0150298 -982.604 -910.189 -964.088
  227 226.5 34.5776 0.0150076 -918.452 -913.174 -899.499
  228 227.5 34.5877 0.015012 -996.845 -959.758 -958.063
  229 228.5 34.5919 0.0150138 -969.962 -999.806 -999.028
  230 229.5 34.605 0.0150195 -959.13 -989.832 -974.998
  231 230.5 34.5564 0.0149985 -947.219 -877.07 -1022.42
  232 231.5 34.6154 0.0150241 -991.783 -929.144 -906.03
  233 232.5 34.5742 0.0150062 -995.936 -944.526 -991.239
  234 233.5 34.6038 0.015019 -995.32 -912.222 -943.021
  235 234.5 34.5915 0.0150137 -1054.23 -872.634 -949.478
  236 235.5 34.5733 0.0150058 -1009.13 -999.543 -1021.83
  237 236.5 34.586 0.0150113 -1025.81 -967.667 -972.846
  238 237.5 34.6137 0.0150233 -996.398 -980.669 -955.117
  239 238.5 34.6011 0.0150179 -1097.14 -1041.2 -1011.5
  240 239.5 34.5737 0.0150059 -1043.91 -1088.07 -966.243
  241 240.5 34.6103 0.0150218 -1059.77 -1040.05 -914.936
  242 241.5 34.6064 0.0150201 -1085.86 -1083.82 -1020.61
  243 242.5 34.5771 0.0150074 -959.579 -1002.86 -979.818
  244 243.5 34.5969 0.015016 -1029.55 -1048.14 -918.939
  245 244.5 34.6088 0.0150212 -1106.1 -1008.32 -984.442
  246 245.5 34.6252 0.0150283 -1082.28 -1098.18 -991.11
  247 246.5 34.5525 0.0149967 -1000.14 -939.838 -954.258
  248 247.5 34.5943 0.0150149 -824.111 -958.183 -982.588
  249 248.5 34.6392 0.0150344 -982.796 -1076.04 -1015.66
  250 249.5 34.5962 0.0150157 -1013.26 -933.024 -915.244
  251 250.5 34.5824 0.0150097 -971.357 -901.438 -984.081
  252 251.5 34.6058 0.0150199 -971.998 -842.69 -1018.75
  253 252.5 34.6096 0.0150215 -959.792 -906.55 -985.387
  254 253.5 34.5956 0.0150155 -962.277 -964.673 -945.347
  255 254.5 34.6155 0.0150241 -938.128 -902.376 -991.969
  256 255.5 34.5803 0.0150088 -960.429 -906.089 -973.62
  257 256.5 34.6017 0.0150181 -963.718 -920.736 -936.441
  258 257.5 34.58 0.0150087 -942.567 -942.728 -954.647
  259 258.5 34.6073 0.0150206 -1072.54 -931.356 -1004.48
  260 259.5 34.5753 0.0150066 -1035.97 -1083.23 -965.363
  261 260.5 34.5505 0.0149959 -955.035 -1029.38 -1008.58
  262 261.5 34.6193 0.0150258 -927.175 -969.017 -974.5
  263 262.5 34.5495 0.0149955 -944.328 -904.341 -906.11
  264 263.5 34.5824 0.0150097 -884.932 -907.493 -1010.11
  265 264.5 34.5587 0.0149995 -937.981 -926.48 -922.806
  266 265.5 34.6064 0.0150201 -1020.59 -1006.7 -983.035
  267 266.5 34.5513 0.0149962 -1143.54 -1079.55 -977.231
  268 267.5 34.5958 0.0150155 -1125.28 -1100.58 -986.8
  269 268.5 34.5772 0.0150074 -1025.82 -1026.63 -1002.18
  270 269.5 34.5883 0.0150123 -983.929 -1062.56 -913.83
  271 270.5 34.5658 0.0150025 -1055.63 -992.522 -1005.17
  272 271.5 34.6035 0.0150189 -1010.91 -965.202 -958.055
  273 272.5 34.5557 0.0149981 -940.211 -922.022 -960.865
  274 273.5 34.6022 0.0150183 -926.487 -974.518 -963.737
  275 274.5 34.5822 0.0150096 -947.749 -1080.9 -1022.59
  276 275.5 34.577 0.0150074 -1046.98 -990.463 -943.339
  277 276.5 34.588 0.0150121 -1000.88 -959.798 -967.973
  278 277.5 34.6071 0.0150204 -969.355 -981.661 -983.031
  279 278.5 34.5458 0.0149938 -955.238 -865.347 -986.28
  280 279.5 34.5998 0.0150173 -949.784 -961.079 -966.912
  281 280.5 34.6017 0.0150181 -953.59 -931.118 -932.747
  282 281.5 34.5723 0.0150054 -895.588 -1107.12 -1012.1
  283 282.5 34.6063 0.0150201 -849.385 -966.447 -948.52
  284 283.5 34.591 0.0150135 -892.74 -905.25 -1002.26
  285 284.5 34.5708 0.0150047 -996.975 -898.301 -955.643
  286 285.5 34.5774 0.0150075 -984.473 -1024.18 -993.375
  287 286.5 34.6112 0.0150222 -968.343 -970.71 -976.478
  288 287.5 34.5746 0.0150063 -958.765 -967.355 -952.121
  289 288.5 34.5669 0.015003 -970.688 -864.395 -940.736
  290 289.5 34.5825 0.0150098 -921.528 -1010.19 -986.621
  291 290.5 34.5787 0.0150081 -987.008 -1116.04 -1028.57
  292 291.5 34.5684 0.0150037 -1083.46 -1057.33 -1004.61
  293 292.5 34.5733 0.0150058 -977.756 -968.986 -875.004
  294 293.5 34.6051 0.0150196 -989.853 -966.572 -1008.15
  295 294.5 34.5616 0.0150007 -907.995 -952.974 -992.674
  296 295.5 34.561 0.0150004 -881.941 -933.167 -945.549
  297 296.5 34.5836 0.0150102 -803.146 -830.733 -977.486
  298 297.5 34.583 0.01501 -875.159 -918.414 -1024.55
  299 298.5 34.5588 0.0149995 -957.056 -925.94 -946.483
  300 299.5 34.5636 0.0150016 -976.484 -896.775 -991.092
  301 300.5 34.5999 0.0150173 -1015.49 -1003.65 -1028.5
  302 301.5 34.5868 0.0150116 -949.95 -922.001 -952.556
  303 302.5 34.5419 0.0149921 -906.944 -820.947 -1039.47
  304 303.5 34.57 0.0150044 -900.984 -857.9 -1048.53
  305 304.5 34.5623 0.015001 -936.544 -841.594 -1064.2
  306 305.5 34.5692 0.015004 -903.709 -906.131 -1082.3
  307 306.5 34.5376 0.0149903 -887.609 -868.957 -1211.48
  308 307.5 34.5737 0.0150059 -788.469 -832.503 -1156.14
  309 308.5 34.5522 0.0149966 -721.899 -878.863 -1342.17
  310 309.5 34.5361 0.0149896 -657.879 -743.401 -1332.8
  311 310.5 34.4778 0.0149643 -594.966 -614.945 -1558.77
  312 311.5 34.4799 0.0149652 -558.003 -524.975 -1658.42
  313 312.5 34.4703 0.0149611 -354.788 -381.546 -1852.07
  314 313.5 34.3825 0.014923 -146.816 -126.001 -2029.97
  315 314.5 34.2667 0.0148727 63.5285 154.897 -2294.19
  316 315.5 34.2011 0.0148442 381.125 423.827 -2644.85
  317 316.5 34.0414 0.0147749 758.841 965.033 -2846.24
  318 317.5 33.7847 0.0146635 1503.11 1488.07 -3082.08
  319 318.5 33.5233 0.0145501 2271.82 2193.07 -3318.84
  320 319.5 33.1367 0.0143822 3072.62 3202.08 -3482.74
  321 320.5 32.5265 0.0141174 4059.49 4100.66 -3310.16
  322 321.5 31.8015 0.0138028 5110.08 5046.02 -2999.77
  323 322.5 30.8049 0.0133702 6084.95 6056.9 -2385.41
  324 323.5 29.4987 0.0128033 6860.34 6864.47 -1563.03
  325 324.5 27.8257 0.0120771 7293.19 7274.29 -497.471
  326 325.5 25.822 0.0112075 7277.48 7249.89 567.477
  327 326.5 23.4693 0.0101863 6790.49 6763.32 1556.83
  328 327.5 20.8432 0.00904652 5960.68 5991.84 2515.56
  329 328.5 18.1226 0.00786572 4700.32 4764.43 3033.9
  330 329.5 15.4248 0.00669477 3217.51 3274.29 3238.05
  331 330.5 12.9045 0.00560092 1533.28 1502.18 3219.19
  332 331.5 10.6456 0.00462047 -415.913 -290.133 2589.56
  333 332.5 8.74332 0.00379484 -2231.59 -2181.53 1890.1
  334 333.5 7.18174 0.00311708 -4067.06 -4044.19 814.62
  335 334.5 5.91325 0.00256651 -5880.73 -5920.37 -645.194
  336 335.5 4.92531 0.00213772 -7600.14 -7582.91 -2266.58
  337 336.5 4.17729 0.00181306 -9185.62 -9231.39 -4102.76
  338 337.5 3.62274 0.00157237 -10697.9 -10682.2 -5848.47
  339 338.5 3.20363 0.00139046 -11946.8 -11978.4 -7611.22
  340 339.5 2.89235 0.00125536 -12990.3 -13005.4 -9339.04
  341 340.5 2.66118 0.00115503 -13552.2 -13697.9 -10787.3
  342 341.5 2.49871 0.00108451 -14319.3 -14432.6 -12097.9
  343 342.5 2.3904 0.0010375 -14837 -15008.6 -13035.8
  344 343.5 2.31388 0.00100429 -15125.4 -15464.7 -13755.2
  345 344.5 2.25056 0.000976806 -15393.3 -15806.1 -14393.8
  346 345.5 2.21249 0.000960283 -15761.6 -16029.4 -14798
  347 346.5 2.17938 0.000945913 -15824.5 -16182.9 -15200.1
  348 347.5 2.1557 0.000935635 -16045.1 -16386 -15484.4
  349 348.5 2.13577 0.000926984 -16116.2 -16384.2 -15707
  350 349.5 2.11717 0.000918911 -16085.7 -16401.2 -15880.1
  351 350.5 2.10692 0.00091446 -16235.6 -16391.4 -16022.9
  352 351.5 2.10927 0.000915482 -16133.9 -16470 -16042.2
  353 352.5 2.10744 0.000914687 -16118.9 -16451.5 -16108.1
  354 353.5 2.09766 0.000910444 -16219.8 -16361.9 -16203.6
  355 354.5 2.08839 0.000906418 -16292.8 -16425.4 -16297.6
  356 355.5 2.08554 0.000905183 -16233.6 -16304.5 -16269.8
  357 356.5 2.0747 0.000900479 -16308 -16262.5 -16368.5
  358 357.5 2.08575 0.000905274 -16335.6 -16418.6 -16365
  359 358.5 2.07791 0.000901872 -16202.6 -16384 -16375.8
  360 359.5 2.08756 0.000906057 -16293.4 -16489.3 -16352.1
  361 360.5 2.08943 0.000906869 -16203.5 -16538 -16248.9
  362 361.5 2.08687 0.000905759 -16190.1 -16568.3 -16340.6
  363 362.5 2.0923 0.000908115 -16033.3 -16396 -16259.5
  364 363.5 2.08544 0.000905137 -16206.8 -16540.2 -16353.5
  365 364.5 2.08598 0.000905372 -16343.3 -16381.6 -16374.4
  366 365.5 2.0825 0.000903861 -16171.3 -16388.5 -16395.2
  367 366.5 2.0861 0.000905426 -16104.2 -16317.5 -16316.2
  368 367.5 2.09952 0.000911248 -16113.2 -16207.9 -16166.1
  369 368.5 2.09194 0.000907959 -16138.2 -16344.2 -16301.6
  370 369.5 2.08728 0.000905938 -16183.2 -16353.5 -16420.7
  371 370.5 2.09018 0.000907197 -16148 -16368.8 -16330.4
  372 371.5 2.09083 0.000907479 -16219.8 -16355.7 -16236
  373 372.5 2.08533 0.000905089 -16359.9 -16440.1 -16365.5
  374 373.5 2.09215 0.00090805 -16150.8 -16336.5 -16292.1
  375 374.5 2.08064 0.000903056 -16263.5 -16401.2 -16393.9
  376 375.5 2.07493 0.000900576 -16198.6 -16380.4 -16331.7
  377 376.5 2.07566 0.000900894 -16256.9 -16395.6 -16483.2
  378 377.5 2.08178 0.000903551 -16282.8 -16345.6 -16401.9
  379 378.5 2.07637 0.000901201 -16236.7 -16275.4 -16363.2
  380 379.5 2.0765 0.000901257 -16125.1 -16281.2 -16428.1
  381 380.5 2.07121 0.000898961 -16117.2 -16360.6 -16438.6
  382 381.5 2.0702 0.000898526 -16348.3 -16410 -16494.8
  383 382.5 2.07695 0.000901454 -16397.1 -16406.2 -16382.4
  384 383.5 2.09001 0.000907122 -16391.9 -16557.6 -16321.5
  385 384.5 2.07774 0.000901795 -16357.6 -16526.2 -16400.8
  386 385.5 2.06964 0.00089828 -16446.3 -16499.7 -16449.9
  387 386.5 2.08352 0.000904304 -16626.8 -16331 -16322.7
  388 387.5 2.08101 0.000903218 -16572.9 -16466.9 -16381.1
  389 388.5 2.07147 0.000899074 -16447.4 -16444.8 -16467.5
  390 389.5 2.06681 0.000897054 -16309.8 -16473.5 -16496.3
  391 390.5 2.07767 0.000901766 -16346.9 -16403.7 -16393.9
  392 391.5 2.06868 0.000897864 -16409.9 -16447.9 -16443.8
  393 392.5 2.06866 0.000897857 -16520.5 -16425.8 -16475.2
  394 393.5 2.06765 0.000897419 -16317.5 -16278.7 -16486.6
  395 394.5 2.07458 0.000900424 -16270.9 -16352.9 -16411.7
  396 395.5 2.07018 0.000898517 -16216.8 -16339.7 -16468.8
  397 396.5 2.06824 0.000897674 -16298.7 -16315.1 -16468.7
  398 397.5 2.08695 0.000905793 -16291 -16333.2 -16344.1
  399 398.5 2.0899 0.000907075 -16283.4 -16444.1 -16262.7
  400 399.5 2.08111 0.00090326 -16351 -16448.4 -16429.8
  401 400.5 2.08948 0.000906893 -16360.3 -16362.5 -16315.7
  402 401.5 2.08624 0.000905487 -16311.6 -16384.6 -16365.8
  403 402.5 2.08437 0.000904675 -16343.5 -16302.7 -16329.3
  404 403.5 2.08387 0.000904457 -16349.3 -16385.6 -16348.3
  405 404.5 2.08811 0.000906299 -16340.1 -16259.8 -16368.3
  406 405.5 2.07408 0.000900208 -16351.6 -16228.3 -16427.5
  407 406.5 2.07479 0.000900516 -16308.7 -16216.3 -16383.2
  408 407.5 2.07406 0.000900198 -16334.4 -16222.5 -16417
  409 408.5 2.07209 0.000899345 -16215.5 -16228.8 -16472
  410 409.5 2.0781 0.000901951 -16297.6 -16281.9 -16424.6
  411 410.5 2.06951 0.000898224 -16252.8 -16371.9 -16439.8
  412 411.5 2.06832 0.00089771 -16293 -16359.8 -16482.3
  413 412.5 2.06321 0.000895489 -16418.3 -16394 -16600.2
  414 413.5 2.07788 0.000901858 -16335.7 -16512.1 -16360.9
  415 414.5 2.06487 0.000896211 -16343.7 -16500.4 -16451
  416 415.5 2.06449 0.000896044 -16439.8 -16342.5 -16475.8
  417 416.5 2.06691 0.000897095 -16410.7 -16286.8 -16488.2
  418 417.5 2.06292 0.000895363 -16189.9 -16292.8 -16557.6
  419 418.5 2.07666 0.000901326 -16158.7 -16295.5 -16422.3
  420 419.5 2.08067 0.000903067 -16303.9 -16267.9 -16405.7
  421 420.5 2.07938 0.00090251 -16270.8 -16198.1 -16328.9
  422 421.5 2.08359 0.000904336 -16252.5 -16184.1 -16410.8
  423 422.5 2.089 0.000906685 -16122.9 -16066 -16296.2
  424 423.5 2.07587 0.000900984 -16118.1 -16163.9 -16446.3
  425 424.5 2.07986 0.000902718 -16298.4 -16247.1 -16374.7
  426 425.5 2.07962 0.000902611 -16260.8 -16437.3 -16352.8
  427 426.5 2.06961 0.000898268 -16319.4 -16425 -16551.6
  428 427.5 2.0702 0.000898523 -16318.2 -16465 -16363.9
  429 428.5 2.05861 0.000893494 -16308.2 -16531 -16563
  430 429.5 2.06257 0.000895213 -16266.6 -16231 -16567.6
  431 430.5 2.07272 0.000899617 -16351.7 -16108 -16391
  432 431.5 2.07189 0.000899256 -16372.6 -16177.8 -16454.2
  433 432.5 2.07387 0.000900116 -16172.6 -16174.2 -16360.6
  434 433.5 2.07984 0.000902709 -16278.7 -16266.2 -16395.1
  435 434.5 2.07289 0.000899692 -16262.9 -16144.7 -16486.8
  436 435.5 2.08649 0.000905593 -16155.7 -16206.2 -16337.1
  437 436.5 2.09178 0.000907891 -16154.2 -16149.7 -16273.2
  438 437.5 2.09968 0.00091132 -16186.8 -16254.1 -16259.6
  439 438.5 2.10375 0.000913087 -16247.8 -16235.9 -16187.4
  440 439.5 2.10231 0.000912462 -16307.1 -16112.4 -16169.4
  441 440.5 2.11068 0.000916095 -16224 -16206.5 -16174.1
  442 441.5 2.10426 0.000913306 -16237.6 -16121.6 -16246.6
  443 442.5 2.11505 0.00091799 -16209.2 -16208.4 -16113.3
  444 443.5 2.10976 0.000915696 -16243.8 -16126.2 -16127.5
  445 444.5 2.10721 0.000914588 -16142.3 -16063.8 -16215.1
  446 445.5 2.10245 0.000912522 -16172 -16084.7 -16277.5
  447 446.5 2.10407 0.000913225 -16177.6 -16029.6 -16159.4
  448 447.5 2.10856 0.000915175 -16236.6 -16188.7 -16154.1
  449 448.5 2.09862 0.000910859 -16260.8 -16154.9 -16260
  450 449.5 2.10013 0.000911515 -16254.9 -16295.8 -16176.5
  451 450.5 2.09522 0.000909383 -16296.4 -16314.6 -16287.8
  452 451.5 2.09129 0.00090768 -16183.1 -16227.8 -16334.2
  453 452.5 2.08683 0.00090574 -16390.9 -16052.3 -16295.7
  454 453.5 2.09319 0.000908504 -16362.3 -15993.9 -16197.7
  455 454.5 2.09095 0.000907531 -16455.5 -16198.2 -16283.9
  456 455.5 2.0876 0.000906076 -16260.2 -16305.9 -16296.8
  457 456.5 2.09645 0.000909917 -16315.8 -16291.5 -16215.9
  458 457.5 2.0941 0.000908899 -16349 -16229.5 -16279
  459 458.5 2.09305 0.000908444 -16187.2 -16409.7 -16175.7
  460 459.5 2.08888 0.000906632 -16111.5 -16225.3 -16224.7
  461 460.5 2.11277 0.000917 -16172.8 -16220.5 -15986.1
  462 461.5 2.11865 0.000919553 -16198.4 -16133.7 -15893
  463 462.5 2.11781 0.000919188 -16042.9 -16142.7 -15860.9
  464 463.5 2.1237 0.000921743 -15821.4 -16113.2 -15767.9
  465 464.5 2.15386 0.000934836 -15868.2 -16026.2 -15397.6
  466 465.5 2.18343 0.000947669 -15703.8 -15832.6 -15075.3
  467 466.5 2.2159 0.000961764 -15639 -15736.4 -14683.2
  468 467.5 2.28254 0.000990687 -15343.1 -15475.7 -14020.5
  469 468.5 2.36366 0.00102589 -15061.9 -15057.7 -13261.4
  470 469.5 2.46337 0.00106917 -14524 -14445.5 -12350.9
  471 470.5 2.61848 0.00113649 -14014.3 -13882.2 -11144.4
  472 471.5 2.83345 0.0012298 -13079.2 -12932.1 -9686.2
  473 472.5 3.11065 0.00135011 -12028.1 -11986.7 -8096.33
  474 473.5 3.50119 0.00151961 -10820.3 -10799.6 -6368.03
  475 474.5 4.0117 0.00174119 -9305.1 -9401.26 -4643.53
  476 475.5 4.71263 0.00204541 -7871.35 -7841.07 -3020.35
  477 476.5 5.59466 0.00242824 -6098.7 -6188.54 -1532.86
  478 477.5 6.70551 0.00291038 -4407.09 -4449.74 -422.22
  479 478.5 8.05372 0.00349554 -2928.99 -2957.91 263.476
  480 479.5 9.65119 0.00418888 -1445.06 -1517.26 746.912
50000000 480 10815.999999999996
  1 0.5 7.9848 0.00346563 -2978.86 -3000.9 97.3321
  2 1.5 9.5314 0.00413689 -1662.38 -1623.4 464.07
  3 2.5 11.2685 0.00489083 -378.11 -423.548 652.587
  4 3.5 13.1584 0.0057111 641.244 676.815 546.53
  5 4.5 15.1214 0.00656312 1467.73 1438.13 217.815
  6 5.5 17.1367 0.0074378 2070.63 2065.16 -87.3215
  7 6.5 19.0735 0.00827841 2428.19 2368.9 -589.982
  8 7.5 20.8711 0.00905862 2582.7 2605.15 -1001.52
  9 8.5 22.5483 0.00978657 2709.93 2633.65 -1462.21
  10 9.5 23.9911 0.0104128 2555.11 2477.64 -1826.59
  11 10.5 25.2338 0.0109522 2221.77 2147.8 -2142.51
  12 11.5 26.2632 0.011399 1898.71 1904.48 -2345.24
  13 12.5 27.0755 0.0117515 1518.8 1568.88 -2476.14
  14 13.5 27.7764 0.0120557 1190.41 1107 -2504.49
  15 14.5 28.2746 0.0122719 855.574 836.974 -2521.15
  16 15.5 28.6917 0.012453 523.838 430.901 -2446.88
  17 16.5 29.0195 0.0125953 249.104 206.809 -2295.66
  18 17.5 29.2662 0.0127023 9.23538 -9.73424 -2166.86
  19 18.5 29.4716 0.0127915 -140.879 -118.902 -2033.65
  20 19.5 29.5996 0.0128471 -344.048 -327.893 -1915.11
  21 20.5 29.6955 0.0128887 -624.26 -593.13 -1856.59
  22 21.5 29.8193 0.0129424 -678.507 -662.627 -1682.66
  23 22.5 29.9067 0.0129803 -712.783 -740.601 -1542.43
  24 23.5 29.9129 0.012983 -809.39 -812.619 -1516.05
  25 24.5 29.9434 0.0129963 -858.701 -852.133 -1446.71
  26 25.5 30.001 0.0130213 -901.966 -947.829 -1368.59
  27 26.5 30.0459 0.0130408 -968.396 -1001.86 -1319.3
  28 27.5 30.014 0.0130269 -968.4 -980.311 -1311.97
  29 28.5 30.0581 0.013046 -1055.6 -1026.21 -1241.5
  30 29.5 30.0904 0.0130601 -1128.45 -1023.06 -1258.91
  31 30.5 30.083 0.0130569 -1075.34 -1082.25 -1187.58
  32 31.5 30.0889 0.0130594 -1076.29 -1072.21 -1190.65
  33 32.5 30.0965 0.0130627 -1039.37 -1133.82 -1219.84
  34 33.5 30.1174 0.0130718 -1060 -1128.04 -1189.55
  35 34.5 30.0906 0.0130602 -1053.15 -991.176 -1152.26
  36 35.5 30.1304 0.0130774 -1120.34 -1019.05 -1149.6
  37 36.5 30.1129 0.0130698 -1133.72 -1078.71 -1127.55
  38 37.5 30.122 0.0130738 -1152.9 -1024.91 -1167.43
  39 38.5 30.1358 0.0130798 -1057.63 -1046.49 -1180.75
  40 39.5 30.139 0.0130811 -1121.34 -1138.33 -1116.45
  41 40.5 30.1421 0.0130825 -1125.26 -1204.23 -1145.35
  42 41.5 30.1319 0.0130781 -1121.02 -1196.69 -1221.48
  43 42.5 30.1465 0.0130844 -1074.66 -1157.72 -1110.22
  44 43.5 30.1722 0.0130956 -1230.37 -1198.58 -1102.29
  45 44.5 30.1511 0.0130864 -1105.32 -1137.83 -1105.17
  46 45.5 30.1575 0.0130892 -1203.3 -1144.08 -1203.21
  47 46.5 30.1414 0.0130822 -1155.93 -1126.45 -1120.93
  48 47.5 30.1494 0.0130857 -1160.02 -1224.78 -1216.41
  49 48.5 30.1809 0.0130993 -1130.5 -1152.35 -1167.94
  50 49.5 30.1906 0.0131035 -1059.48 -1102.31 -1095.59
  51 50.5 30.1628 0.0130915 -1104.32 -1126.05 -1094.22
  52 51.5 30.1709 0.013095 -1152.6 -1136.02 -1149.16
  53 52.5 30.2032 0.013109 -1134.72 -1178.54 -1176.69
  54 53.5 30.1792 0.0130986 -1242.79 -1169.32 -1168.45
  55 54.5 30.1638 0.0130919 -1195.54 -1139.68 -1113.17
  56 55.5 30.2137 0.0131136 -1196.78 -1167.15 -1156.59
  57 56.5 30.1927 0.0131045 -1180.96 -1187.72 -1183.04
  58 57.5 30.203 0.013109 -1139.05 -1146.83 -1101.7
  59 58.5 30.1945 0.0131052 -1159.03 -1196.43 -1154.57
  60 59.5 30.2071 0.0131107 -1131.63 -1160.75 -1116.12
  61 60.5 30.1932 0.0131047 -1131.89 -1126.09 -1202.63
  62 61.5 30.1738 0.0130963 -1154.7 -1154.22 -1131.93
  63 62.5 30.2033 0.0131091 -1093.76 -1096.11 -1083.55
  64 63.5 30.2019 0.0131085 -1101.21 -1153.56 -1186.11
  65 64.5 30.1902 0.0131034 -1078.78 -1164.16 -1147.92
  66 65.5 30.176 0.0130972 -1101.94 -1083.54 -1162.91
  67 66.5 30.2046 0.0131096 -1131.38 -1124.18 -1084.29
  68 67.5 30.1991 0.0131072 -1136.57 -1064.64 -1196.49
  69 68.5 30.2115 0.0131126 -1158.91 -1132.13 -1079.47
  70 69.5 30.1989 0.0131072 -1137.31 -1074.17 -1124.24
  71 70.5 30.2105 0.0131122 -1134.65 -1156.66 -1185.11
  72 71.5 30.1819 0.0130998 -1181.37 -1146.54 -1135.16
  73 72.5 30.2214 0.0131169 -1151.52 -1144.17 -1131.87
  74 73.5 30.2049 0.0131098 -1067.14 -1110.69 -1141.71
  75 74.5 30.2034 0.0131091 -1101.71 -1159.3 -1155.59
  76 75.5 30.214 0.0131137 -1113.56 -1078.82 -1131.46
  77 76.5 30.2465 0.0131278 -1067.56 -1079.48 -1134.13
  78 77.5 30.18 0.013099 -1149.62 -1158.51 -1170.08
  79 78.5 30.2091 0.0131116 -1113.45 -1189.5 -1127.72
  80 79.5 30.2546 0.0131313 -1141.13 -1173.61 -1141.67
  81 80.5 30.1909 0.0131037 -1168.85 -1119.84 -1162.99
  82 81.5 30.1899 0.0131032 -1156.41 -1096.9 -1121.55
  83 82.5 30.2131 0.0131133 -1107.55 -1077.01 -1167.33
  84 83.5 30.227 0.0131194 -1074.56 -1074.54 -1140.56
  85 84.5 30.1946 0.0131053 -1160.8 -1119.31 -1125.07
  86 85.5 30.177 0.0130976 -1094.66 -1108.16 -1156.68
  87 86.5 30.2409 0.0131254 -1128.13 -1184.28 -1139.57
  88 87.5 30.2101 0.013112 -1162.3 -1210.67 -1111.93
  89 88.5 30.1855 0.0131014 -1095.18 -1104.87 -1155.33
  90 89.5 30.1936 0.0131049 -1125.25 -1138.86 -1147.48
  91 90.5 30.2167 0.0131149 -1211.08 -1180.36 -1126.83
  92 91.5 30.1908 0.0131037 -1133.06 -1132.26 -1128.59
  93 92.5 30.1987 0.0131071 -1142.54 -1165.26 -1135.69
  94 93.5 30.2058 0.0131101 -1176.89 -1172.67 -1219.78
  95 94.5 30.1991 0.0131072 -1081.84 -1123.19 -1117.72
  96 95.5 30.2089 0.0131115 -1123.84 -1089.17 -1087.71
  97 96.5 30.2318 0.0131214 -1235.86 -1138.6 -1134.31
  98 97.5 30.2018 0.0131084 -1182.88 -1117.72 -1160.11
  99 98.5 30.2003 0.0131078 -1162.77 -1146.65 -1125.86
  100 99.5 30.2179 0.0131154 -1147.59 -1151.68 -1170.69
  101 100.5 30.2253 0.0131186 -1116.6 -1081.43 -1098.56
  102 101.5 30.1808 0.0130993 -1237.84 -1199.64 -1180.34
  103 102.5 30.2334 0.0131221 -1158.8 -1056.73 -1138.54
  104 103.5 30.2157 0.0131145 -1164.33 -1101.48 -1134.24
  105 104.5 30.2055 0.01311 -1182.15 -1175.02 -1109.07
  106 105.5 30.2194 0.013116 -1143.1 -1151.66 -1169.35
  107 106.5 30.2232 0.0131177 -1147.66 -1209.82 -1178.28
  108 107.5 30.2192 0.013116 -1030.62 -1076.34 -1098.9
  109 108.5 30.2206 0.0131166 -1146.83 -1053.5 -1126.41
  110 109.5 30.2254 0.0131187 -1095.59 -1134.18 -1193.71
  111 110.5 30.2292 0.0131203 -1163.94 -1193.32 -1105.93
  112 111.5 30.2219 0.0131171 -1106.75 -1109.17 -1147.07
  113 112.5 30.2393 0.0131247 -1111.68 -1170.21 -1125.06
  114 113.5 30.2208 0.0131167 -1208.23 -1230.58 -1192.43
  115 114.5 30.2371 0.0131237 -1221.27 -1228.51 -1150.94
  116 115.5 30.2212 0.0131168 -1079.67 -1079.94 -1091.28
  117 116.5 30.2253 0.0131186 -1125.9 -1191.53 -1194.36
  118 117.5 30.2449 0.0131271 -1169.86 -1151.75 -1136.2
  119 118.5 30.2106 0.0131122 -1176.93 -1156.38 -1125.59
  120 119.5 30.2309 0.0131211 -1169.92 -1203.66 -1148.02
  121 120.5 30.2374 0.0131239 -1156.5 -1185.19 -1162.22
  122 121.5 30.2044 0.0131095 -1090.06 -1053.48 -1110.71
  123 122.5 30.2064 0.0131104 -1092.22 -1111.25 -1119.73
  124 123.5 30.2358 0.0131232 -1158.33 -1193.51 -1215.65
  125 124.5 30.2344 0.0131226 -1126.26 -1160.94 -1066
  126 125.5 30.2362 0.0131233 -1128.24 -1150.43 -1143.25
  127 126.5 30.2253 0.0131186 -1141.9 -1199.66 -1133.22
  128 127.5 30.2371 0.0131237 -1245.92 -1150.1 -1213.14
  129 128.5 30.2384 0.0131243 -1251.76 -1226.21 -1105.67
  130 129.5 30.2299 0.0131206 -1123.54 -1134.48 -1081.65
  131 130.5 30.242 0.0131259 -1185.33 -1141.25 -1170.46
  132 131.5 30.2304 0.0131208 -1202.43 -1216.77 -1204.92
  133 132.5 30.2215 0.013117 -1193.59 -1245.95 -1098.05
  134 133.5 30.2636 0.0131352 -1177.42 -1232.65 -1107.34
  135 134.5 30.2131 0.0131133 -1175.88 -1229.5 -1183.26
  136 135.5 30.2482 0.0131285 -1182.48 -1183.31 -1174.67
  137 136.5 30.2109 0.0131124 -1168.89 -1119.65 -1186.74
  138 137.5 30.2244 0.0131182 -1081.76 -1145.4 -1143.59
  139 138.5 30.2291 0.0131203 -1102.58 -1112.62 -1108.12
  140 139.5 30.2618 0.0131345 -1062.4 -1236.76 -1149.34
  141 140.5 30.2151 0.0131142 -997.556 -1138.03 -1213.02
  142 141.5 30.2067 0.0131105 -1014.59 -1037.02 -1232.52
  143 142.5 30.2141 0.0131138 -1023.48 -893.038 -1120.2
  144 143.5 30.2223 0.0131173 -1122.07 -969.538 -1165.94
  145 144.5 30.1971 0.0131064 -1107.56 -1127.49 -1247.64
  146 145.5 30.1812 0.0130995 -1088.18 -1061.07 -1271.8
  147 146.5 30.1319 0.0130781 -1069.36 -1009.02 -1238.46
  148 147.5 30.1916 0.013104 -967.998 -983.088 -1231.29
  149 148.5 30.1227 0.0130741 -947.494 -999.077 -1347.21
  150 149.5 30.0805 0.0130558 -872.945 -957.931 -1412.49
  151 150.5 30.0405 0.0130384 -843.513 -822.051 -1367.59
  152 151.5 30.0308 0.0130342 -894.575 -851.057 -1420.66
  153 152.5 29.9567 0.0130021 -827.243 -801.146 -1461.16
  154 153.5 29.8869 0.0129717 -712.836 -761.234 -1546.34
  155 154.5 29.7792 0.012925 -664.769 -694.254 -1634.58
  156 155.5 29.6977 0.0128896 -477.757 -435.042 -1526.2
  157 156.5 29.5314 0.0128174 -249.301 -244.251 -1605.05
  158 157.5 29.3582 0.0127423 -134.541 -143.713 -1551.86
  159 158.5 29.1389 0.0126471 -93.4598 12.9006 -1458.51
  160 159.5 28.9015 0.012544 90.5973 63.6281 -1234.8
  161 160.5 28.5827 0.0124057 220.208 145.311 -909.015
  162 161.5 28.2858 0.0122768 211.863 153.717 -509.046
  163 162.5 28.035 0.012168 231.27 128.338 16.5008
  164 163.5 27.7791 0.0120569 231.419 160.78 606.8
  165 164.5 27.6885 0.0120176 413.609 332.569 1185.99
  166 165.5 27.8216 0.0120753 710.826 688.79 1534.82
  167 166.5 28.1651 0.0122244 1431.12 1449.86 1750.94
  168 167.5 28.7252 0.0124675 2172.28 2227.43 1676.02
  169 168.5 29.516 0.0128108 3054.19 3086.66 1303.73
  170 169.5 30.3472 0.0131715 3547.4 3527.04 561.74
  171 170.5 31.154 0.0135217 3784.96 3811.25 -264.896
  172 171.5 31.8958 0.0138436 3762.13 3698.58 -1088.36
  173 172.5 32.5351 0.0141211 3318.87 3356.16 -1739.05
  174 173.5 33.0424 0.0143413 2707.46 2677.07 -2185.33
  175 174.5 33.4404 0.0145141 2047.1 2105.1 -2402.65
  176 175.5 33.7443 0.014646 1402.12 1394.76 -2548.15
  177 176.5 33.9772 0.014747 858.81 896.266 -2388.83
  178 177.5 34.1356 0.0148158 460.132 600.451 -2282.01
  179 178.5 34.2566 0.0148683 3.72276 82.2106 -2156.9
  180 179.5 34.3152 0.0148938 -229.103 -139.524 -1996.17
  181 180.5 34.4375 0.0149468 -409.55 -344.654 -1774.14
  182 181.5 34.4706 0.0149612 -517.6 -529.067 -1620.26
  183 182.5 34.4792 0.0149649 -646.9 -608.247 -1516.68
  184 183.5 34.5119 0.0149791 -733.37 -745.352 -1412.28
  185 184.5 34.5569 0.0149987 -768.601 -840.651 -1335.17
  186 185.5 34.5575 0.0149989 -771.192 -761.709 -1199.21
  187 186.5 34.5641 0.0150018 -882.199 -890.999 -1195.01
  188 187.5 34.5494 0.0149954 -939.425 -994.267 -1212.32
  189 188.5 34.5979 0.0150164 -935.314 -1029.34 -1050.15
  190 189.5 34.6054 0.0150197 -914.77 -1041.37 -1034.62
  191 190.5 34.5821 0.0150096 -981.414 -1020.08 -1053.82
  192 191.5 34.5472 0.0149944 -939.923 -889.505 -1090.32
  193 192.5 34.6007 0.0150177 -917.405 -952.186 -1048.22
  194 193.5 34.5926 0.0150141 -991.679 -881.658 -954.36
  195 194.5 34.5632 0.0150014 -926.933 -981.45 -978.595
  196 195.5 34.5883 0.0150123 -984.716 -984.352 -1036.45
  197 196.5 34.5881 0.0150122 -987.425 -999.137 -1002.69
  198 197.5 34.5684 0.0150037 -922.32 -908.117 -961.729
  199 198.5 34.5833 0.0150101 -1043.08 -952.907 -1035.13
  200 199.5 34.5806 0.0150089 -1125.04 -1000.06 -1018.7
  201 200.5 34.5735 0.0150059 -1114.46 -1011.84 -946.236
  202 201.5 34.5943 0.0150149 -1020.43 -1070.64 -939.082
  203 202.5 34.5719 0.0150052 -996.256 -973.412 -1026.55
  204 203.5 34.555 0.0149978 -1042.06 -1072.56 -1016.18
  205 204.5 34.5838 0.0150103 -1082.91 -994.168 -1021.5
  206 205.5 34.5937 0.0150146 -1117.49 -995.238 -952.596
  207 206.5 34.5675 0.0150032 -1008.33 -976.588 -1017.37
  208 207.5 34.5726 0.0150055 -919.077 -992.506 -965.677
  209 208.5 34.5765 0.0150071 -1053.84 -1012.44 -1017.62
  210 209.5 34.5897 0.0150129 -973.504 -1053.78 -863.244
  211 210.5 34.558 0.0149991 -1042.43 -1101.65 -1040.32
  212 211.5 34.5786 0.0150081 -1031.11 -1069.81 -1059.53
  213 212.5 34.5692 0.015004 -1024.24 -1039.55 -1013.43
  214 213.5 34.5921 0.0150139 -1046.72 -1054.15 -949.872
  215 214.5 34.5745 0.0150063 -1046.28 -1008.47 -961.992
  216 215.5 34.5533 0.0149971 -1089.12 -998.475 -1001.51
  217 216.5 34.577 0.0150074 -1020.34 -936.905 -1075.45
  218 217.5 34.5769 0.0150073 -1050.01 -1007.84 -936.303
  219 218.5 34.5748 0.0150064 -1058 -1003.75 -953.568
  220 219.5 34.5733 0.0150058 -1033.42 -1003.54 -1041.7
  221 220.5 34.5434 0.0149928 -1032.49 -929.862 -994.199
  222 221.5 34.5713 0.0150049 -1063.63 -1050.07 -964.618
  223 222.5 34.6054 0.0150197 -960.12 -951.463 -960.9
  224 223.5 34.5653 0.0150023 -1010.25 -1054.46 -1094.92
  225 224.5 34.5251 0.0149849 -967.698 -930.585 -951.765
  226 225.5 34.6113 0.0150222 -907.342 -867.204 -962.179
  227 226.5 34.5719 0.0150052 -940.742 -923.527 -981.003
  228 227.5 34.5874 0.0150119 -1033.36 -994.004 -998.923
  229 228.5 34.5423 0.0149923 -1007.38 -1036.27 -1037.07
  230 229.5 34.6133 0.0150231 -1011.07 -1069.33 -934.908
  231 230.5 34.5837 0.0150103 -1040.1 -1044.62 -1004.35
  232 231.5 34.5507 0.014996 -1070.21 -1041.6 -1024.25
  233 232.5 34.5594 0.0149998 -988.98 -1068.99 -1019.05
  234 233.5 34.583 0.01501 -1036.66 -934.583 -964.715
  235 234.5 34.5574 0.0149989 -935.409 -969.953 -950.475
  236 235.5 34.5499 0.0149956 -1028.31 -1086.54 -1015.28
  237 236.5 34.5749 0.0150065 -954.833 -991.35 -976.364
  238 237.5 34.585 0.0150109 -1050.16 -996.772 -966.887
  239 238.5 34.5124 0.0149793 -1018.39 -1047.67 -973.015
  240 239.5 34.5949 0.0150151 -1055.63 -1108.44 -1013.57
  241 240.5 34.575 0.0150065 -1013.55 -1103.24 -1028.9
  242 241.5 34.5688 0.0150038 -928.145 -982.26 -938.414
  243 242.5 34.5452 0.0149936 -998.616 -972.758 -971.997
  244 243.5 34.5705 0.0150046 -1069.8 -931.628 -1069.16
  245 244.5 34.5839 0.0150104 -1020.45 -965.28 -945.728
  246 245.5 34.5539 0.0149973 -1021.99 -973.097 -964.659
  247 246.5 34.588 0.0150121 -906.847 -932.292 -990.086
  248 247.5 34.575 0.0150065 -938.207 -924.188 -978.385
  249 248.5 34.5454 0.0149937 -895.632 -949.069 -1033.43
  250 249.5 34.5868 0.0150116 -956.685 -1041.26 -992.098
  251 250.5 34.605 0.0150196 -1016.49 -974.772 -1048.29
  252 251.5 34.5671 0.0150031 -985.084 -991.607 -904.526
  253 252.5 34.5561 0.0149983 -866.16 -899.704 -971.66
  254 253.5 34.6027 0.0150185 -975.544 -900.471 -1057
  255 254.5 34.5614 0.0150006 -1009.16 -980.938 -1011.03
  256 255.5 34.573 0.0150056 -1003.86 -1021.61 -988.009
  257 256.5 34.5735 0.0150059 -1058.01 -1008 -939.515
  258 257.5 34.5942 0.0150148 -1099.89 -1062.56 -1086.68
  259 258.5 34.5683 0.0150036 -923.387 -958.778 -930.761
  260 259.5 34.5524 0.0149967 -989.052 -1048.21 -1019.12
  261 260.5 34.6052 0.0150196 -1001.95 -955.222 -944.315
  262 261.5 34.5927 0.0150142 -956.157 -964.14 -998.746
  263 262.5 34.5509 0.0149961 -1059.71 -903.056 -1055.78
  264 263.5 34.575 0.0150065 -914.118 -942.116 -962.141
  265 264.5 34.6159 0.0150243 -961.944 -962.481 -964.616
  266 265.5 34.5777 0.0150077 -969.336 -902.184 -992.677
  267 266.5 34.5638 0.0150017 -1014.33 -1045.17 -986.816
  268 267.5 34.6035 0.0150189 -971.516 -964.935 -1048.4
  269 268.5 34.5935 0.0150146 -956.23 -1035.27 -907.801
  270 269.5 34.5653 0.0150023 -998.649 -972.913 -1023.14
  271 270.5 34.5827 0.0150099 -1004.45 -1050.97 -1044.97
  272 271.5 34.6104 0.0150219 -1068.35 -1077.99 -987.327
  273 272.5 34.567 0.0150031 -953.273 -935.712 -931.845
  274 273.5 34.5917 0.0150137 -1024.12 -928.894 -1044.1
  275 274.5 34.5669 0.015003 -1077.48 -1056.83 -1026.94
  276 275.5 34.5782 0.0150079 -978.634 -1056.34 -941.357
  277 276.5 34.5988 0.0150168 -1018.35 -1024.71 -951.855
  278 277.5 34.5885 0.0150124 -969.99 -953.149 -1050.48
  279 278.5 34.5701 0.0150044 -909.541 -966.748 -987.283
  280 279.5 34.5911 0.0150135 -977.535 -1019.1 -985.128
  281 280.5 34.6114 0.0150223 -985.649 -1051.22 -1011.08
  282 281.5 34.5964 0.0150158 -1020.52 -1030.72 -929.729
  283 282.5 34.5689 0.0150039 -1085.88 -972.648 -1051.07
  284 283.5 34.6165 0.0150245 -1033.2 -1010.96 -1039.69
  285 284.5 34.576 0.015007 -942.621 -1030.71 -917.181
  286 285.5 34.6227 0.0150272 -1136.99 -1056.87 -1002.27
  287 286.5 34.5804 0.0150088 -1059.61 -998.806 -1051.21
  288 287.5 34.613 0.015023 -1001.41 -941.813 -964.546
  289 288.5 34.5947 0.0150151 -881.605 -964.748 -1005.92
  290 289.5 34.5841 0.0150105 -876.113 -994.205 -1002.94
  291 290.5 34.5972 0.0150162 -883.121 -926.782 -969.85
  292 291.5 34.585 0.0150109 -905.895 -971.88 -958.37
  293 292.5 34.6048 0.0150194 -993.758 -946.541 -1027.92
  294 293.5 34.5861 0.0150113 -1028.49 -966.261 -979.809
  295 294.5 34.5901 0.0150131 -1022.53 -1015.44 -1021.88
  296 295.5 34.6034 0.0150188 -1007.84 -963.992 -967.357
  297 296.5 34.5921 0.0150139 -933.09 -1044.07 -1043.84
  298 297.5 34.6064 0.0150201 -880.667 -1008.68 -965.758
  299 298.5 34.5957 0.0150155 -966.484 -903.086 -996.067
  300 299.5 34.5777 0.0150077 -1056.56 -1048.23 -1016.92
  301 300.5 34.6259 0.0150286 -965.98 -1006.1 -970.49
  302 301.5 34.5611 0.0150005 -957.568 -989.175 -1069.92
  303 302.5 34.5743 0.0150062 -976.116 -1007.91 -1013.25
  304 303.5 34.5896 0.0150128 -952.09 -924.447 -995.888
  305 304.5 34.6028 0.0150186 -993.731 -975.122 -1143.91
  306 305.5 34.5719 0.0150052 -935.117 -886.495 -1022.64
  307 306.5 34.5698 0.0150043 -896.275 -911.15 -1137.85
  308 307.5 34.5887 0.0150125 -899.358 -792.836 -1134.01
  309 308.5 34.5968 0.015016 -850.878 -811.91 -1188.48
  310 309.5 34.5172 0.0149814 -790.358 -819.919 -1257.17
  311 310.5 34.5412 0.0149918 -739.326 -695.573 -1376.98
  312 311.5 34.56 0.015 -691.568 -679.727 -1470.02
  313 312.5 34.4594 0.0149563 -536.994 -628.858 -1637.07
  314 313.5 34.4507 0.0149526 -525.881 -469.875 -1730.11
  315 314.5 34.4306 0.0149438 -482.384 -372.936 -1975.81
  316 315.5 34.3637 0.0149148 -52.7705 -122.163 -2162.69
  317 316.5 34.2172 0.0148512 221.275 210.273 -2452.33
  318 317.5 34.1194 0.0148088 710.523 612.242 -2711.98
  319 318.5 33.9516 0.014736 1272.91 1222.41 -2954.42
  320 319.5 33.6623 0.0146104 1829.94 1771.03 -3200.85
  321 320.5 33.3379 0.0144696 2616.65 2500.54 -3443.65
  322 321.5 32.8923 0.0142762 3614.99 3534.16 -3315.17
  323 322.5 32.2521 0.0139983 4465.55 4485.63 -3164.39
  324 323.5 31.4031 0.0136298 5482.6 5405.04 -2735.48
  325 324.5 30.2726 0.0131392 6312.98 6302.74 -1986.97
  326 325.5 28.9037 0.012545 6848.08 6807.49 -1049.25
  327 326.5 27.1229 0.0117721 7030.06 7027.66 25.5606
  328 327.5 24.9556 0.0108314 6759.12 6818.24 991.521
  329 328.5 22.5934 0.00980617 6039.12 6077.5 1884.32
  330 329.5 20.0567 0.00870516 4992.02 5009.64 2549.31
  331 330.5 17.4281 0.00756429 3549.02 3667.29 2740.05
  332 331.5 14.8602 0.00644976 2119.68 2200.83 2804.76
  333 332.5 12.5471 0.00544579 588.674 579.997 2395.87
  334 333.5 10.4898 0.00455286 -1011.02 -942.858 1842.5
  335 334.5 8.71167 0.00378111 -2621.33 -2611.61 1044.9
  336 335.5 7.23848 0.0031417 -4186.56 -4225.1 5.67161
  337 336.5 6.04789 0.00262495 -5746.92 -5768.97 -1309.84
  338 337.5 5.1118 0.00221866 -7289.36 -7287.24 -2730.11
  339 338.5 4.38499 0.00190321 -8906.43 -8826.38 -4146.25
  340 339.5 3.8159 0.00165621 -10138.8 -10182.1 -5828.94
  341 340.5 3.38771 0.00147036 -11396.7 -11412.3 -7417.66
  342 341.5 3.06795 0.00133158 -12438.3 -12403 -9008.87
  343 342.5 2.84011 0.00123269 -13346.3 -13275.9 -10337.4
  344 343.5 2.6638 0.00115616 -14048.8 -13997.4 -11493.4
  345 344.5 2.53358 0.00109964 -14539.1 -14393.8 -12393.5
  346 345.5 2.43791 0.00105812 -14930 -14936.8 -13301.3
  347 346.5 2.36175 0.00102507 -15147 -15085.8 -13940
  348 347.5 2.30973 0.00100249 -15379.8 -15409.3 -14448
  349 348.5 2.26099 0.000981331 -15500.3 -15469.1 -14949.2
  350 349.5 2.25122 0.000977091 -15747.4 -15599.3 -15052
  351 350.5 2.2317 0.000968622 -15815.8 -15667.8 -15354.5
  352 351.5 2.22142 0.00096416 -15823.1 -15962.8 -15419.2
  353 352.5 2.21185 0.000960003 -15880.4 -15993.5 -15586
  354 353.5 2.20803 0.000958346 -15876.5 -15854.9 -15547.2
  355 354.5 2.19541 0.00095287 -15996.9 -15976.1 -15778.8
  356 355.5 2.18168 0.00094691 -15971 -16138.9 -15939.3
  357 356.5 2.18624 0.000948888 -16009.9 -15956.2 -15780.1
  358 357.5 2.17412 0.000943628 -16076.4 -15917.1 -15943.2
  359 358.5 2.17802 0.000945321 -16047.1 -16040.9 -15982.7
  360 359.5 2.1716 0.000942535 -16101.8 -16084 -15988.5
  361 360.5 2.18187 0.000946992 -16109 -15910.7 -15934.1
  362 361.5 2.17703 0.000944891 -16173.4 -15864 -15995.1
  363 362.5 2.17891 0.000945707 -16197.8 -15963.1 -15871.5
  364 363.5 2.16976 0.000941737 -16200.6 -15941.4 -15979.4
  365 364.5 2.16439 0.000939406 -16143 -15919.1 -16073.2
  366 365.5 2.15233 0.000934171 -16034.1 -16096.7 -16123
  367 366.5 2.16294 0.000938775 -16181.5 -16073.1 -16170.3
  368 367.5 2.16437 0.000939398 -16031 -16020.4 -16013.9
  369 368.5 2.15709 0.000936238 -15965 -16138.2 -16031.7
  370 369.5 2.16162 0.000938204 -15902.3 -15994.3 -16124.5
  371 370.5 2.16152 0.000938159 -15968.6 -16072.5 -16093.8
  372 371.5 2.16503 0.000939683 -16025 -16124.7 -16025.9
  373 372.5 2.16576 0.000940002 -15971.7 -15983.6 -16065.7
  374 373.5 2.16658 0.000940358 -15990 -16036.9 -16080.8
  375 374.5 2.17134 0.00094242 -15929.1 -15957.8 -15980.4
  376 375.5 2.17719 0.00094496 -15875.9 -16018.1 -15979.1
  377 376.5 2.17299 0.000943138 -15867.7 -15899.2 -16001.4
  378 377.5 2.16685 0.000940475 -16011.5 -16022.6 -16034
  379 378.5 2.16395 0.000939213 -16040.4 -16051.7 -16086.8
  380 379.5 2.15715 0.000936263 -16056.5 -16259.4 -16060.2
  381 380.5 2.15829 0.000936758 -15935.4 -16177.5 -16112.2
  382 381.5 2.16625 0.000940214 -16009.8 -15997.3 -16057.6
  383 382.5 2.16676 0.000940436 -16132.6 -15915.6 -16031.8
  384 383.5 2.16067 0.000937789 -16052.7 -16148.7 -16081.5
  385 384.5 2.16473 0.000939552 -16079.9 -16029.6 -16032.1
  386 385.5 2.16807 0.000941003 -16138.3 -16078.8 -16054.8
  387 386.5 2.1762 0.000944532 -16238 -16060.4 -15972.8
  388 387.5 2.17174 0.000942595 -16101.1 -16123.3 -16067.6
  389 388.5 2.17371 0.000943451 -16107.1 -16199.3 -15967.2
  390 389.5 2.17923 0.000945847 -16081.4 -16232.6 -15920.2
  391 390.5 2.17566 0.000944296 -16166.1 -16273.4 -15968.3
  392 391.5 2.16914 0.000941465 -16166.5 -16098.4 -16015.6
  393 392.5 2.16432 0.000939373 -16180 -16177.3 -16083.1
  394 393.5 2.16765 0.000940819 -16053.3 -16015.6 -16031.3
  395 394.5 2.16442 0.00093942 -16055.1 -16010.5 -16040.7
  396 395.5 2.16242 0.00093855 -15949.6 -16097.2 -16105.6
  397 396.5 2.16728 0.000940661 -15931.3 -16077.9 -16082
  398 397.5 2.17957 0.000945993 -15980.5 -16176.7 -15903.2
  399 398.5 2.1807 0.000946484 -15973 -15973.7 -15918.7
  400 399.5 2.18561 0.000948616 -16062.4 -15966.5 -15919.8
  401 400.5 2.19477 0.000952592 -16055.6 -16081.8 -15813.7
  402 401.5 2.17709 0.000944918 -16132 -16175.5 -16020.5
  403 402.5 2.16928 0.000941529 -15936.6 -16111.5 -16028.2
  404 403.5 2.17165 0.000942555 -15950.1 -16062.8 -15994.8
  405 404.5 2.16733 0.000940681 -16028.8 -16129.5 -16043.3
  406 405.5 2.16464 0.000939514 -15982 -16050.5 -16065.2
  407 406.5 2.17166 0.000942563 -16074.6 -15913.9 -15968
  408 407.5 2.16981 0.00094176 -15987.1 -15848.4 -16015.3
  409 408.5 2.17001 0.000941845 -16134.8 -15849.5 -16015
  410 409.5 2.17088 0.000942222 -16060.7 -15925.5 -16065.1
  411 410.5 2.16672 0.000940418 -16185.6 -16010.2 -16073.2
  412 411.5 2.16082 0.000937854 -16309.3 -15864.4 -16019.1
  413 412.5 2.15589 0.000935716 -16137.3 -15975.4 -16104.4
  414 413.5 2.16611 0.000940153 -16302.1 -16142.4 -16031.4
  415 414.5 2.15898 0.000937059 -16132.7 -16066.6 -16096.9
  416 415.5 2.15008 0.000933195 -16317 -16132.5 -16168.8
  417 416.5 2.15843 0.000936819 -16170.4 -16152.1 -16083.9
  418 417.5 2.15806 0.000936656 -16085.9 -16102.4 -16099.5
  419 418.5 2.16524 0.000939775 -16032.2 -15926.6 -16019.1
  420 419.5 2.16184 0.000938299 -16007.6 -15989.3 -16109
  421 420.5 2.16366 0.000939089 -16034.2 -15988.3 -16078.8
  422 421.5 2.17514 0.000944073 -15965.8 -16132.4 -15990.9
  423 422.5 2.17732 0.000945017 -15953.1 -15998.3 -15916.7
  424 423.5 2.18436 0.000948075 -15782.2 -16018.8 -15934.4
  425 424.5 2.17232 0.000942848 -15967.6 -15840.3 -16002.3
  426 425.5 2.17642 0.000944628 -16056.3 -15777.1 -15955.1
  427 426.5 2.17355 0.000943382 -16046.2 -15968.2 -15992.5
  428 427.5 2.1694 0.000941578 -15966 -15962.4 -16074.3
  429 428.5 2.16293 0.000938773 -15878.2 -15874.4 -16094.9
  430 429.5 2.17371 0.000943449 -16034.7 -15814.5 -15981.4
  431 430.5 2.17015 0.000941904 -16035.9 -15971.4 -15975.2
  432 431.5 2.17008 0.000941874 -16117.9 -16078.8 -16031.3
  433 432.5 2.17162 0.000942542 -16048 -15954.5 -15986.6
  434 433.5 2.16944 0.000941597 -16034.4 -15997.2 -16070
  435 434.5 2.17142 0.000942457 -16024.1 -15907.4 -15967.3
  436 435.5 2.17849 0.000945523 -16114.4 -16017.9 -15928.6
  437 436.5 2.17067 0.000942131 -16034.7 -16000.7 -15977.7
  438 437.5 2.16676 0.000940436 -16263.4 -16016.8 -16100.4
  439 438.5 2.17371 0.000943451 -16191.5 -16113.5 -15986.4
  440 439.5 2.18304 0.000947502 -16210.7 -16138.7 -15886.9
  441 440.5 2.18243 0.000947234 -16055.7 -16023.6 -15976.1
  442 441.5 2.17921 0.000945837 -16224.3 -16143.2 -15940.5
  443 442.5 2.17464 0.000943853 -16203.8 -15858.9 -15935.4
  444 443.5 2.17056 0.000942082 -15996.2 -16092.1 -16015.7
  445 444.5 2.17672 0.000944757 -16190.1 -15981.3 -16007.5
  446 445.5 2.17202 0.000942719 -16008.1 -15992.4 -16010.9
  447 446.5 2.17897 0.000945734 -16064.3 -16015.5 -15925.1
  448 447.5 2.18269 0.000947346 -16134.9 -16009.2 -15900.2
  449 448.5 2.1732 0.000943228 -16130.6 -16085.1 -16034.8
  450 449.5 2.17963 0.000946022 -16183.7 -15950.7 -15942.8
  451 450.5 2.17629 0.000944572 -16097.9 -16229 -15975.7
  452 451.5 2.17464 0.000943856 -15914.7 -16052.1 -15969.3
  453 452.5 2.18698 0.000949212 -16036 -16031.9 -15881.4
  454 453.5 2.17384 0.000943505 -15978.4 -16190 -16028.3
  455 454.5 2.17828 0.000945432 -16124.3 -16176.1 -15940.4
  456 455.5 2.18376 0.000947812 -16095 -16163.9 -15884.9
  457 456.5 2.17275 0.000943034 -15856.8 -16152.9 -15964.7
  458 457.5 2.16254 0.000938603 -15822 -16270.5 -16063
  459 458.5 2.15593 0.000935733 -15836.6 -16163.3 -16038.9
  460 459.5 2.16065 0.000937782 -15946.2 -16076.6 -16042.9
  461 460.5 2.17201 0.000942714 -15894.7 -16083.3 -15921
  462 461.5 2.17677 0.00094478 -15866.3 -16012.6 -15878.4
  463 462.5 2.17827 0.00094543 -15966.1 -16015.9 -15838
  464 463.5 2.18287 0.000947428 -15947.6 -16039.2 -15707.2
  465 464.5 2.1873 0.000949349 -15850.3 -16144.7 -15702.6
  466 465.5 2.21512 0.000961425 -15869.2 -16018.2 -15400.6
  467 466.5 2.23983 0.000972148 -15646.3 -15866.4 -15141.8
  468 467.5 2.26598 0.000983497 -15625.8 -15837.7 -14754.4
  469 468.5 2.30547 0.00100064 -15411.1 -15612.6 -14379.8
  470 469.5 2.35573 0.00102245 -15379.1 -15371.9 -13918.2
  471 470.5 2.43078 0.00105503 -14942.8 -14808 -13195
  472 471.5 2.53076 0.00109842 -14600.8 -14460 -12314.1
  473 472.5 2.69003 0.00116755 -13845.4 -13964.1 -10975.4
  474 473.5 2.89643 0.00125713 -13131.8 -13152.5 -9797.15
  475 474.5 3.17239 0.00137691 -11959.1 -12090.4 -8149.52
  476 475.5 3.55483 0.0015429 -10889.5 -10720 -6510.04
  477 476.5 4.07636 0.00176925 -9346.96 -9455 -4758.93
  478 477.5 4.74358 0.00205885 -7780.42 -7970.99 -3219.84
  479 478.5 5.62316 0.00244061 -6152.58 -6109.62 -1759
  480 479.5 6.67366 0.00289655 -4569.69 -4516.46 -817.221
