# Chunk-averaged data for fix tensor3 and group c2
# Timestep Number-of-chunks Total-count
# Chunk Coord1 Ncount density/number
40000000 624 7135.999999999998
  1 0.5 2.964 0.00128646
  2 1.5 2.87846 0.00124933
  3 2.5 2.79518 0.00121319
  4 3.5 2.71836 0.00117985
  5 4.5 2.64443 0.00114776
  6 5.5 2.5813 0.00112036
  7 6.5 2.53364 0.00109967
  8 7.5 2.48842 0.00108004
  9 8.5 2.45062 0.00106364
  10 9.5 2.41388 0.00104769
  11 10.5 2.38227 0.00103397
  12 11.5 2.36507 0.00102651
  13 12.5 2.33919 0.00101527
  14 13.5 2.31993 0.00100691
  15 14.5 2.30956 0.00100241
  16 15.5 2.29854 0.000997628
  17 16.5 2.28662 0.000992458
  18 17.5 2.28424 0.000991425
  19 18.5 2.27306 0.00098657
  20 19.5 2.26729 0.000984068
  21 20.5 2.26742 0.000984121
  22 21.5 2.27344 0.000986737
  23 22.5 2.28089 0.00098997
  24 23.5 2.28479 0.000991663
  25 24.5 2.28061 0.000989849
  26 25.5 2.28401 0.000991324
  27 26.5 2.284 0.00099132
  28 27.5 2.28401 0.000991325
  29 28.5 2.28335 0.000991036
  30 29.5 2.27879 0.000989059
  31 30.5 2.27193 0.000986079
  32 31.5 2.27205 0.000986132
  33 32.5 2.28557 0.000992002
  34 33.5 2.28496 0.000991738
  35 34.5 2.28751 0.000992845
  36 35.5 2.28921 0.000993582
  37 36.5 2.2794 0.000989321
  38 37.5 2.29166 0.000994644
  39 38.5 2.29015 0.000993988
  40 39.5 2.30332 0.000999707
  41 40.5 2.30074 0.000998587
  42 41.5 2.30157 0.000998945
  43 42.5 2.29701 0.000996968
  44 43.5 2.29177 0.00099469
  45 44.5 2.28291 0.000990845
  46 45.5 2.28742 0.000992805
  47 46.5 2.27766 0.000988569
  48 47.5 2.27995 0.00098956
  49 48.5 2.27619 0.000987931
  50 49.5 2.27462 0.00098725
  51 50.5 2.27219 0.000986192
  52 51.5 2.26611 0.000983556
  53 52.5 2.27639 0.000988017
  54 53.5 2.26789 0.000984325
  55 54.5 2.26217 0.000981843
  56 55.5 2.26286 0.000982145
  57 56.5 2.25709 0.00097964
  58 57.5 2.26219 0.000981855
  59 58.5 2.26512 0.000983123
  60 59.5 2.26166 0.000981623
  61 60.5 2.26631 0.000983641
  62 61.5 2.27183 0.000986039
  63 62.5 2.27087 0.00098562
  64 63.5 2.26649 0.000983719
  65 64.5 2.26786 0.000984316
  66 65.5 2.26055 0.000981139
  67 66.5 2.25196 0.000977413
  68 67.5 2.24932 0.000976267
  69 68.5 2.25939 0.000980639
  70 69.5 2.26119 0.000981418
  71 70.5 2.24978 0.000976467
  72 71.5 2.24327 0.000973639
  73 72.5 2.24752 0.000975487
  74 73.5 2.24344 0.000973717
  75 74.5 2.24344 0.000973714
  76 75.5 2.2475 0.000975478
  77 76.5 2.23936 0.000971943
  78 77.5 2.23328 0.000969305
  79 78.5 2.2305 0.000968098
  80 79.5 2.22997 0.000967871
  81 80.5 2.22648 0.000966355
  82 81.5 2.23034 0.000968031
  83 82.5 2.22282 0.000964765
  84 83.5 2.21923 0.000963209
  85 84.5 2.22709 0.000966621
  86 85.5 2.23358 0.000969436
  87 86.5 2.23155 0.000968554
  88 87.5 2.23057 0.000968128
  89 88.5 2.23891 0.000971748
  90 89.5 2.24533 0.000974537
  91 90.5 2.24936 0.000976284
  92 91.5 2.25191 0.000977391
  93 92.5 2.25134 0.000977144
  94 93.5 2.25242 0.000977612
  95 94.5 2.26301 0.000982209
  96 95.5 2.26313 0.000982263
  97 96.5 2.28111 0.000990066
  98 97.5 2.28908 0.000993525
  99 98.5 2.30102 0.000998706
  100 99.5 2.30342 0.00099975
  101 100.5 2.30705 0.00100132
  102 101.5 2.3038 0.000999914
  103 102.5 2.30397 0.000999985
  104 103.5 2.29408 0.000995694
  105 104.5 2.29664 0.000996807
  106 105.5 2.29803 0.00099741
  107 106.5 2.31302 0.00100392
  108 107.5 2.31168 0.00100333
  109 108.5 2.30682 0.00100122
  110 109.5 2.32333 0.00100839
  111 110.5 2.31858 0.00100633
  112 111.5 2.32859 0.00101067
  113 112.5 2.32008 0.00100698
  114 113.5 2.32166 0.00100766
  115 114.5 2.31404 0.00100436
  116 115.5 2.31583 0.00100513
  117 116.5 2.31556 0.00100502
  118 117.5 2.30659 0.00100112
  119 118.5 2.30289 0.000999517
  120 119.5 2.28971 0.000993796
  121 120.5 2.29215 0.000994857
  122 121.5 2.28857 0.000993303
  123 122.5 2.28885 0.000993424
  124 123.5 2.2964 0.000996701
  125 124.5 2.29218 0.000994869
  126 125.5 2.29697 0.000996948
  127 126.5 2.30304 0.000999582
  128 127.5 2.30435 0.00100015
  129 128.5 2.3092 0.00100226
  130 129.5 2.30847 0.00100194
  131 130.5 2.30779 0.00100164
  132 131.5 2.30461 0.00100026
  133 132.5 2.3087 0.00100204
  134 133.5 2.31618 0.00100529
  135 134.5 2.328 0.00101042
  136 135.5 2.32714 0.00101004
  137 136.5 2.32511 0.00100916
  138 137.5 2.33638 0.00101405
  139 138.5 2.33972 0.00101551
  140 139.5 2.34931 0.00101967
  141 140.5 2.36163 0.00102501
  142 141.5 2.35659 0.00102283
  143 142.5 2.3545 0.00102192
  144 143.5 2.35903 0.00102388
  145 144.5 2.35287 0.00102121
  146 145.5 2.3578 0.00102335
  147 146.5 2.35452 0.00102193
  148 147.5 2.35236 0.00102099
  149 148.5 2.35086 0.00102034
  150 149.5 2.34794 0.00101907
  151 150.5 2.35205 0.00102086
  152 151.5 2.34873 0.00101941
  153 152.5 2.35122 0.00102049
  154 153.5 2.36031 0.00102444
  155 154.5 2.35715 0.00102307
  156 155.5 2.34447 0.00101757
  157 156.5 2.34209 0.00101653
  158 157.5 2.3366 0.00101415
  159 158.5 2.33803 0.00101477
  160 159.5 2.34088 0.00101601
  161 160.5 2.33434 0.00101317
  162 161.5 2.33851 0.00101498
  163 162.5 2.34421 0.00101745
  164 163.5 2.34736 0.00101882
  165 164.5 2.34171 0.00101637
  166 165.5 2.34579 0.00101814
  167 166.5 2.35577 0.00102247
  168 167.5 2.36949 0.00102842
  169 168.5 2.36376 0.00102594
  170 169.5 2.36563 0.00102675
  171 170.5 2.37145 0.00102927
  172 171.5 2.37364 0.00103023
  173 172.5 2.37839 0.00103229
  174 173.5 2.382 0.00103385
  175 174.5 2.3875 0.00103624
  176 175.5 2.3901 0.00103737
  177 176.5 2.40542 0.00104402
  178 177.5 2.41832 0.00104962
  179 178.5 2.42015 0.00105041
  180 179.5 2.41371 0.00104762
  181 180.5 2.42012 0.0010504
  182 181.5 2.43165 0.0010554
  183 182.5 2.43083 0.00105505
  184 183.5 2.44244 0.00106009
  185 184.5 2.45617 0.00106605
  186 185.5 2.47994 0.00107636
  187 186.5 2.51293 0.00109068
  188 187.5 2.53679 0.00110104
  189 188.5 2.56433 0.00111299
  190 189.5 2.6132 0.0011342
  191 190.5 2.6714 0.00115946
  192 191.5 2.75019 0.00119366
  193 192.5 2.85629 0.00123971
  194 193.5 2.98758 0.00129669
  195 194.5 3.1568 0.00137014
  196 195.5 3.38016 0.00146708
  197 196.5 3.67657 0.00159574
  198 197.5 4.06345 0.00176365
  199 198.5 4.5524 0.00197587
  200 199.5 5.18918 0.00225225
  201 200.5 5.99371 0.00260144
  202 201.5 6.98014 0.00302958
  203 202.5 8.16935 0.00354572
  204 203.5 9.55323 0.00414637
  205 204.5 11.1547 0.00484144
  206 205.5 12.8968 0.00559757
  207 206.5 14.7824 0.00641595
  208 207.5 16.696 0.00724652
  209 208.5 18.5923 0.00806956
  210 209.5 20.4133 0.00885995
  211 210.5 22.1172 0.00959949
  212 211.5 23.5998 0.010243
  213 212.5 24.9089 0.0108112
  214 213.5 26.0478 0.0113055
  215 214.5 26.9612 0.0117019
  216 215.5 27.7024 0.0120236
  217 216.5 28.3179 0.0122907
  218 217.5 28.8054 0.0125023
  219 218.5 29.1894 0.012669
  220 219.5 29.4873 0.0127983
  221 220.5 29.7236 0.0129009
  222 221.5 29.8875 0.012972
  223 222.5 30.0488 0.013042
  224 223.5 30.133 0.0130785
  225 224.5 30.2297 0.0131205
  226 225.5 30.3095 0.0131552
  227 226.5 30.3441 0.0131702
  228 227.5 30.3952 0.0131924
  229 228.5 30.4222 0.0132041
  230 229.5 30.4494 0.0132159
  231 230.5 30.4605 0.0132207
  232 231.5 30.4882 0.0132327
  233 232.5 30.5068 0.0132408
  234 233.5 30.4745 0.0132268
  235 234.5 30.5027 0.013239
  236 235.5 30.4828 0.0132304
  237 236.5 30.4923 0.0132345
  238 237.5 30.4693 0.0132245
  239 238.5 30.4861 0.0132318
  240 239.5 30.4756 0.0132273
  241 240.5 30.5219 0.0132474
  242 241.5 30.525 0.0132487
  243 242.5 30.5135 0.0132437
  244 243.5 30.5199 0.0132465
  245 244.5 30.5184 0.0132458
  246 245.5 30.52 0.0132465
  247 246.5 30.5246 0.0132485
  248 247.5 30.5482 0.0132588
  249 248.5 30.5437 0.0132568
  250 249.5 30.5108 0.0132426
  251 250.5 30.534 0.0132526
  252 251.5 30.5378 0.0132543
  253 252.5 30.5416 0.0132559
  254 253.5 30.5437 0.0132568
  255 254.5 30.5377 0.0132542
  256 255.5 30.5679 0.0132673
  257 256.5 30.5514 0.0132602
  258 257.5 30.5537 0.0132611
  259 258.5 30.5643 0.0132658
  260 259.5 30.5535 0.0132611
  261 260.5 30.5666 0.0132667
  262 261.5 30.5745 0.0132702
  263 262.5 30.568 0.0132674
  264 263.5 30.5707 0.0132685
  265 264.5 30.5638 0.0132655
  266 265.5 30.5807 0.0132729
  267 266.5 30.592 0.0132778
  268 267.5 30.5857 0.0132751
  269 268.5 30.5956 0.0132794
  270 269.5 30.6106 0.0132859
  271 270.5 30.6115 0.0132862
  272 271.5 30.6111 0.0132861
  273 272.5 30.617 0.0132886
  274 273.5 30.6168 0.0132886
  275 274.5 30.6443 0.0133005
  276 275.5 30.6547 0.013305
  277 276.5 30.6344 0.0132962
  278 277.5 30.633 0.0132956
  279 278.5 30.6595 0.0133071
  280 279.5 30.6316 0.0132949
  281 280.5 30.637 0.0132973
  282 281.5 30.6813 0.0133165
  283 282.5 30.6576 0.0133062
  284 283.5 30.6157 0.013288
  285 284.5 30.6739 0.0133133
  286 285.5 30.6572 0.0133061
  287 286.5 30.6413 0.0132992
  288 287.5 30.6473 0.0133018
  289 288.5 30.6476 0.0133019
  290 289.5 30.6598 0.0133072
  291 290.5 30.6608 0.0133076
  292 291.5 30.6576 0.0133063
  293 292.5 30.6351 0.0132965
  294 293.5 30.6554 0.0133053
  295 294.5 30.6493 0.0133026
  296 295.5 30.6345 0.0132962
  297 296.5 30.6603 0.0133074
  298 297.5 30.6734 0.0133131
  299 298.5 30.67 0.0133116
  300 299.5 30.6667 0.0133102
  301 300.5 30.6881 0.0133195
  302 301.5 30.6811 0.0133164
  303 302.5 30.6459 0.0133012
  304 303.5 30.6932 0.0133217
  305 304.5 30.6861 0.0133186
  306 305.5 30.6404 0.0132988
  307 306.5 30.6607 0.0133076
  308 307.5 30.6805 0.0133162
  309 308.5 30.6652 0.0133095
  310 309.5 30.6589 0.0133068
  311 310.5 30.6394 0.0132984
  312 311.5 30.6665 0.0133101
  313 312.5 30.6528 0.0133042
  314 313.5 30.6419 0.0132994
  315 314.5 30.6438 0.0133003
  316 315.5 30.6696 0.0133114
  317 316.5 30.66 0.0133073
  318 317.5 30.6401 0.0132987
  319 318.5 30.6856 0.0133184
  320 319.5 30.6622 0.0133082
  321 320.5 30.6618 0.0133081
  322 321.5 30.6512 0.0133035
  323 322.5 30.6684 0.0133109
  324 323.5 30.6662 0.01331
  325 324.5 30.6648 0.0133094
  326 325.5 30.6483 0.0133022
  327 326.5 30.6356 0.0132967
  328 327.5 30.6593 0.013307
  329 328.5 30.6422 0.0132996
  330 329.5 30.6134 0.0132871
  331 330.5 30.6519 0.0133038
  332 331.5 30.6531 0.0133043
  333 332.5 30.6193 0.0132896
  334 333.5 30.6207 0.0132902
  335 334.5 30.6436 0.0133002
  336 335.5 30.6061 0.0132839
  337 336.5 30.6101 0.0132856
  338 337.5 30.6181 0.0132891
  339 338.5 30.6421 0.0132995
  340 339.5 30.6242 0.0132918
  341 340.5 30.6165 0.0132884
  342 341.5 30.6208 0.0132903
  343 342.5 30.6271 0.013293
  344 343.5 30.6107 0.0132859
  345 344.5 30.6074 0.0132844
  346 345.5 30.6338 0.0132959
  347 346.5 30.6039 0.0132829
  348 347.5 30.5956 0.0132793
  349 348.5 30.6025 0.0132824
  350 349.5 30.6198 0.0132899
  351 350.5 30.5982 0.0132805
  352 351.5 30.6205 0.0132901
  353 352.5 30.623 0.0132912
  354 353.5 30.6514 0.0133036
  355 354.5 30.644 0.0133004
  356 355.5 30.6449 0.0133007
  357 356.5 30.6487 0.0133024
  358 357.5 30.6644 0.0133092
  359 358.5 30.641 0.0132991
  360 359.5 30.6465 0.0133014
  361 360.5 30.6562 0.0133057
  362 361.5 30.6572 0.0133061
  363 362.5 30.6493 0.0133026
  364 363.5 30.6577 0.0133063
  365 364.5 30.6406 0.0132989
  366 365.5 30.6568 0.0133059
  367 366.5 30.682 0.0133169
  368 367.5 30.6649 0.0133094
  369 368.5 30.6642 0.0133091
  370 369.5 30.7041 0.0133264
  371 370.5 30.6929 0.0133216
  372 371.5 30.673 0.013313
  373 372.5 30.6731 0.013313
  374 373.5 30.6909 0.0133207
  375 374.5 30.6676 0.0133106
  376 375.5 30.6707 0.0133119
  377 376.5 30.6557 0.0133054
  378 377.5 30.6193 0.0132896
  379 378.5 30.6454 0.0133009
  380 379.5 30.6451 0.0133008
  381 380.5 30.6242 0.0132918
  382 381.5 30.6472 0.0133017
  383 382.5 30.6157 0.0132881
  384 383.5 30.606 0.0132839
  385 384.5 30.6159 0.0132882
  386 385.5 30.6224 0.013291
  387 386.5 30.6197 0.0132898
  388 387.5 30.5939 0.0132786
  389 388.5 30.5959 0.0132795
  390 389.5 30.6006 0.0132815
  391 390.5 30.584 0.0132743
  392 391.5 30.57 0.0132682
  393 392.5 30.5721 0.0132692
  394 393.5 30.536 0.0132535
  395 394.5 30.5329 0.0132521
  396 395.5 30.4624 0.0132215
  397 396.5 30.447 0.0132148
  398 397.5 30.3988 0.0131939
  399 398.5 30.3501 0.0131728
  400 399.5 30.203 0.013109
  401 400.5 30.1417 0.0130823
  402 401.5 29.9959 0.013019
  403 402.5 29.8227 0.0129439
  404 403.5 29.5683 0.0128334
  405 404.5 29.2895 0.0127124
  406 405.5 28.8975 0.0125423
  407 406.5 28.4193 0.0123348
  408 407.5 27.8325 0.0120801
  409 408.5 27.0785 0.0117528
  410 409.5 26.1283 0.0113404
  411 410.5 25.044 0.0108698
  412 411.5 23.7193 0.0102948
  413 412.5 22.2027 0.00963657
  414 413.5 20.5356 0.00891304
  415 414.5 18.7194 0.00812474
  416 415.5 16.8213 0.00730092
  417 416.5 14.9188 0.00647517
  418 417.5 13.0327 0.00565657
  419 418.5 11.2079 0.00486453
  420 419.5 9.55117 0.00414547
  421 420.5 8.06403 0.00350001
  422 421.5 6.77853 0.00294207
  423 422.5 5.67232 0.00246194
  424 423.5 4.75643 0.00206442
  425 424.5 4.01235 0.00174147
  426 425.5 3.4066 0.00147856
  427 426.5 2.92705 0.00127042
  428 427.5 2.54528 0.00110472
  429 428.5 2.23608 0.000970522
  430 429.5 2.00495 0.000870205
  431 430.5 1.81937 0.000789657
  432 431.5 1.67541 0.000727175
  433 432.5 1.55668 0.000675641
  434 433.5 1.46974 0.000637909
  435 434.5 1.39523 0.00060557
  436 435.5 1.33651 0.000580084
  437 436.5 1.28435 0.000557446
  438 437.5 1.25442 0.000544454
  439 438.5 1.22039 0.000529684
  440 439.5 1.19678 0.000519434
  441 440.5 1.18674 0.000515079
  442 441.5 1.17041 0.00050799
  443 442.5 1.16059 0.00050373
  444 443.5 1.14967 0.000498988
  445 444.5 1.14728 0.000497952
  446 445.5 1.14464 0.000496808
  447 446.5 1.13833 0.000494066
  448 447.5 1.13357 0.000492001
  449 448.5 1.12945 0.000490211
  450 449.5 1.12787 0.000489526
  451 450.5 1.13014 0.000490513
  452 451.5 1.12756 0.000489391
  453 452.5 1.12874 0.000489905
  454 453.5 1.12685 0.000489082
  455 454.5 1.13348 0.000491962
  456 455.5 1.12867 0.000489875
  457 456.5 1.13004 0.00049047
  458 457.5 1.12851 0.000489806
  459 458.5 1.13161 0.000491148
  460 459.5 1.12777 0.000489482
  461 460.5 1.1285 0.000489798
  462 461.5 1.12526 0.000488392
  463 462.5 1.12476 0.000488178
  464 463.5 1.12284 0.000487345
  465 464.5 1.12716 0.000489221
  466 465.5 1.12445 0.000488043
  467 466.5 1.12003 0.000486125
  468 467.5 1.12003 0.000486125
  469 468.5 1.12218 0.000487059
  470 469.5 1.12218 0.000487059
  471 470.5 1.12153 0.000486776
  472 471.5 1.12074 0.000486432
  473 472.5 1.11812 0.000485294
  474 473.5 1.12185 0.000486916
  475 474.5 1.12658 0.000488966
  476 475.5 1.12419 0.00048793
  477 476.5 1.12994 0.000490426
  478 477.5 1.12539 0.000488449
  479 478.5 1.13076 0.000490782
  480 479.5 1.1301 0.000490497
  481 480.5 1.12847 0.000489789
  482 481.5 1.12829 0.000489711
  483 482.5 1.1276 0.00048941
  484 483.5 1.12319 0.000487497
  485 484.5 1.1213 0.000486677
  486 485.5 1.12563 0.000488556
  487 486.5 1.1234 0.000487589
  488 487.5 1.12294 0.000487386
  489 488.5 1.12559 0.000488538
  490 489.5 1.12971 0.000490327
  491 490.5 1.1242 0.000487936
  492 491.5 1.12338 0.000487579
  493 492.5 1.12603 0.000488727
  494 493.5 1.12642 0.000488896
  495 494.5 1.1284 0.000489757
  496 495.5 1.12468 0.000488142
  497 496.5 1.12408 0.00048788
  498 497.5 1.12051 0.000486331
  499 498.5 1.12005 0.000486132
  500 499.5 1.11717 0.000484883
  501 500.5 1.11976 0.000486009
  502 501.5 1.11805 0.000485266
  503 502.5 1.11545 0.000484137
  504 503.5 1.11866 0.00048553
  505 504.5 1.12125 0.000486654
  506 505.5 1.11969 0.000485975
  507 506.5 1.12144 0.000486735
  508 507.5 1.11948 0.000485885
  509 508.5 1.11793 0.000485213
  510 509.5 1.12024 0.000486217
  511 510.5 1.12057 0.000486357
  512 511.5 1.12388 0.000487796
  513 512.5 1.12013 0.000486165
  514 513.5 1.12735 0.000489299
  515 514.5 1.11986 0.000486049
  516 515.5 1.12255 0.000487216
  517 516.5 1.12103 0.000486558
  518 517.5 1.11846 0.000485441
  519 518.5 1.11359 0.000483328
  520 519.5 1.11706 0.000484833
  521 520.5 1.11732 0.000484948
  522 521.5 1.11663 0.000484647
  523 522.5 1.11704 0.000484826
  524 523.5 1.11725 0.000484917
  525 524.5 1.11782 0.000485166
  526 525.5 1.12115 0.000486612
  527 526.5 1.12084 0.000486477
  528 527.5 1.11948 0.000485886
  529 528.5 1.1196 0.000485939
  530 529.5 1.12207 0.000487009
  531 530.5 1.12295 0.00048739
  532 531.5 1.12298 0.000487406
  533 532.5 1.119 0.000485675
  534 533.5 1.12143 0.000486734
  535 534.5 1.11843 0.000485431
  536 535.5 1.1191 0.000485719
  537 536.5 1.11608 0.000484411
  538 537.5 1.11861 0.000485507
  539 538.5 1.11845 0.000485438
  540 539.5 1.12366 0.000487701
  541 540.5 1.12699 0.000489145
  542 541.5 1.1268 0.000489064
  543 542.5 1.12888 0.000489965
  544 543.5 1.13072 0.000490766
  545 544.5 1.13235 0.000491472
  546 545.5 1.13174 0.000491206
  547 546.5 1.13458 0.000492441
  548 547.5 1.1298 0.000490364
  549 548.5 1.12554 0.000488515
  550 549.5 1.12687 0.000489095
  551 550.5 1.13391 0.000492148
  552 551.5 1.13218 0.000491399
  553 552.5 1.12838 0.000489747
  554 553.5 1.12715 0.000489214
  555 554.5 1.12185 0.000486914
  556 555.5 1.13224 0.000491424
  557 556.5 1.12882 0.000489939
  558 557.5 1.12909 0.000490058
  559 558.5 1.13258 0.000491571
  560 559.5 1.12825 0.000489693
  561 560.5 1.12918 0.000490095
  562 561.5 1.12687 0.000489093
  563 562.5 1.13093 0.000490856
  564 563.5 1.12713 0.000489208
  565 564.5 1.12457 0.000488096
  566 565.5 1.12701 0.000489153
  567 566.5 1.12856 0.000489828
  568 567.5 1.12409 0.000487888
  569 568.5 1.12453 0.000488078
  570 569.5 1.12274 0.0004873
  571 570.5 1.12127 0.000486664
  572 571.5 1.12169 0.000486845
  573 572.5 1.12058 0.000486364
  574 573.5 1.12427 0.000487964
  575 574.5 1.11916 0.000485746
  576 575.5 1.11334 0.00048322
  577 576.5 1.11551 0.000484161
  578 577.5 1.10933 0.000481482
  579 578.5 1.11289 0.000483024
  580 579.5 1.11419 0.000483589
  581 580.5 1.11694 0.000484782
  582 581.5 1.11876 0.000485571
  583 582.5 1.11753 0.000485041
  584 583.5 1.11932 0.000485814
  585 584.5 1.11482 0.000483862
  586 585.5 1.11972 0.000485987
  587 586.5 1.12402 0.000487857
  588 587.5 1.12347 0.000487616
  589 588.5 1.12364 0.00048769
  590 589.5 1.13072 0.000490763
  591 590.5 1.13682 0.000493413
  592 591.5 1.13723 0.000493592
  593 592.5 1.14753 0.000498058
  594 593.5 1.15422 0.000500964
  595 594.5 1.15956 0.000503281
  596 595.5 1.18045 0.000512347
  597 596.5 1.19516 0.000518731
  598 597.5 1.21198 0.000526034
  599 598.5 1.23955 0.000537999
  600 599.5 1.28362 0.000557126
  601 600.5 1.32509 0.000575128
  602 601.5 1.37811 0.000598137
  603 602.5 1.44208 0.000625903
  604 603.5 1.52442 0.000661638
  605 604.5 1.6101 0.00069883
  606 605.5 1.71675 0.000745116
  607 606.5 1.84052 0.000798836
  608 607.5 1.98538 0.000861711
  609 608.5 2.13823 0.000928053
  610 609.5 2.30759 0.00100156
  611 610.5 2.48705 0.00107945
  612 611.5 2.65562 0.00115261
  613 612.5 2.80668 0.00121818
  614 613.5 2.95753 0.00128365
  615 614.5 3.08262 0.00133794
  616 615.5 3.18219 0.00138116
  617 616.5 3.25349 0.00141211
  618 617.5 3.29829 0.00143155
  619 618.5 3.30899 0.00143619
  620 619.5 3.2931 0.0014293
  621 620.5 3.25411 0.00141237
  622 621.5 3.20472 0.00139094
  623 622.5 3.12413 0.00135596
  624 623.5 3.04759 0.00132274
60000000 624 7136.000000000005
  1 0.5 3.02591 0.00131333
  2 1.5 2.9474 0.00127925
  3 2.5 2.87409 0.00124743
  4 3.5 2.80321 0.00121667
  5 4.5 2.73656 0.00118774
  6 5.5 2.68925 0.00116721
  7 6.5 2.65328 0.0011516
  8 7.5 2.61783 0.00113621
  9 8.5 2.58195 0.00112064
  10 9.5 2.54513 0.00110466
  11 10.5 2.51207 0.00109031
  12 11.5 2.4798 0.0010763
  13 12.5 2.45911 0.00106732
  14 13.5 2.43634 0.00105744
  15 14.5 2.41912 0.00104996
  16 15.5 2.40926 0.00104569
  17 16.5 2.40222 0.00104263
  18 17.5 2.3913 0.00103789
  19 18.5 2.38825 0.00103657
  20 19.5 2.3722 0.0010296
  21 20.5 2.35846 0.00102364
  22 21.5 2.35197 0.00102082
  23 22.5 2.33347 0.00101279
  24 23.5 2.33333 0.00101273
  25 24.5 2.32323 0.00100835
  26 25.5 2.32122 0.00100747
  27 26.5 2.31706 0.00100567
  28 27.5 2.30938 0.00100234
  29 28.5 2.30789 0.00100169
  30 29.5 2.31138 0.0010032
  31 30.5 2.30543 0.00100062
  32 31.5 2.2964 0.0009967
  33 32.5 2.29978 0.000998171
  34 33.5 2.30423 0.0010001
  35 34.5 2.31332 0.00100404
  36 35.5 2.31347 0.00100411
  37 36.5 2.31019 0.00100269
  38 37.5 2.31588 0.00100515
  39 38.5 2.31852 0.0010063
  40 39.5 2.3188 0.00100642
  41 40.5 2.32294 0.00100822
  42 41.5 2.32273 0.00100813
  43 42.5 2.31715 0.00100571
  44 43.5 2.32237 0.00100797
  45 44.5 2.32761 0.00101025
  46 45.5 2.3216 0.00100764
  47 46.5 2.3189 0.00100647
  48 47.5 2.32018 0.00100702
  49 48.5 2.32208 0.00100785
  50 49.5 2.32467 0.00100897
  51 50.5 2.33562 0.00101372
  52 51.5 2.33284 0.00101252
  53 52.5 2.33176 0.00101205
  54 53.5 2.33213 0.00101221
  55 54.5 2.32869 0.00101072
  56 55.5 2.32658 0.0010098
  57 56.5 2.31837 0.00100624
  58 57.5 2.3159 0.00100516
  59 58.5 2.31724 0.00100575
  60 59.5 2.30818 0.00100181
  61 60.5 2.30429 0.00100012
  62 61.5 2.29664 0.000996805
  63 62.5 2.30264 0.00099941
  64 63.5 2.2972 0.00099705
  65 64.5 2.30001 0.00099827
  66 65.5 2.31103 0.00100305
  67 66.5 2.3016 0.000998957
  68 67.5 2.30209 0.00099917
  69 68.5 2.29657 0.000996777
  70 69.5 2.29596 0.00099651
  71 70.5 2.30594 0.00100084
  72 71.5 2.31519 0.00100486
  73 72.5 2.31494 0.00100475
  74 73.5 2.32248 0.00100802
  75 74.5 2.32287 0.00100819
  76 75.5 2.31982 0.00100687
  77 76.5 2.33045 0.00101148
  78 77.5 2.33689 0.00101428
  79 78.5 2.33705 0.00101435
  80 79.5 2.35303 0.00102128
  81 80.5 2.35267 0.00102112
  82 81.5 2.3762 0.00103134
  83 82.5 2.38637 0.00103575
  84 83.5 2.39014 0.00103739
  85 84.5 2.39537 0.00103966
  86 85.5 2.41249 0.00104709
  87 86.5 2.4145 0.00104796
  88 87.5 2.41412 0.0010478
  89 88.5 2.42191 0.00105118
  90 89.5 2.42105 0.0010508
  91 90.5 2.4252 0.0010526
  92 91.5 2.42983 0.00105462
  93 92.5 2.43275 0.00105588
  94 93.5 2.42118 0.00105086
  95 94.5 2.42453 0.00105231
  96 95.5 2.41462 0.00104801
  97 96.5 2.40524 0.00104394
  98 97.5 2.41324 0.00104742
  99 98.5 2.41908 0.00104995
  100 99.5 2.41873 0.00104979
  101 100.5 2.4167 0.00104891
  102 101.5 2.43032 0.00105483
  103 102.5 2.42998 0.00105468
  104 103.5 2.43271 0.00105587
  105 104.5 2.43819 0.00105824
  106 105.5 2.44806 0.00106253
  107 106.5 2.43998 0.00105902
  108 107.5 2.44354 0.00106056
  109 108.5 2.44623 0.00106173
  110 109.5 2.44647 0.00106183
  111 110.5 2.44593 0.0010616
  112 111.5 2.43764 0.001058
  113 112.5 2.42903 0.00105427
  114 113.5 2.43599 0.00105729
  115 114.5 2.42719 0.00105347
  116 115.5 2.42624 0.00105306
  117 116.5 2.42376 0.00105198
  118 117.5 2.43085 0.00105506
  119 118.5 2.43588 0.00105724
  120 119.5 2.43895 0.00105857
  121 120.5 2.44052 0.00105925
  122 121.5 2.44596 0.00106162
  123 122.5 2.43375 0.00105631
  124 123.5 2.44554 0.00106143
  125 124.5 2.46236 0.00106873
  126 125.5 2.46793 0.00107115
  127 126.5 2.48156 0.00107707
  128 127.5 2.4987 0.0010845
  129 128.5 2.50568 0.00108754
  130 129.5 2.49582 0.00108326
  131 130.5 2.50126 0.00108561
  132 131.5 2.51056 0.00108965
  133 132.5 2.49669 0.00108363
  134 133.5 2.49528 0.00108302
  135 134.5 2.48471 0.00107843
  136 135.5 2.4853 0.00107869
  137 136.5 2.4776 0.00107535
  138 137.5 2.47544 0.00107441
  139 138.5 2.47718 0.00107517
  140 139.5 2.4831 0.00107774
  141 140.5 2.47483 0.00107415
  142 141.5 2.46316 0.00106908
  143 142.5 2.45608 0.00106601
  144 143.5 2.44999 0.00106336
  145 144.5 2.43813 0.00105822
  146 145.5 2.43499 0.00105685
  147 146.5 2.43923 0.00105869
  148 147.5 2.43324 0.00105609
  149 148.5 2.43297 0.00105598
  150 149.5 2.43135 0.00105527
  151 150.5 2.42529 0.00105264
  152 151.5 2.4324 0.00105573
  153 152.5 2.42475 0.00105241
  154 153.5 2.41992 0.00105031
  155 154.5 2.42001 0.00105035
  156 155.5 2.42388 0.00105203
  157 156.5 2.4197 0.00105022
  158 157.5 2.40818 0.00104522
  159 158.5 2.40114 0.00104216
  160 159.5 2.40148 0.00104231
  161 160.5 2.4173 0.00104918
  162 161.5 2.41961 0.00105018
  163 162.5 2.41415 0.00104781
  164 163.5 2.42357 0.0010519
  165 164.5 2.42092 0.00105075
  166 165.5 2.41872 0.00104979
  167 166.5 2.41628 0.00104873
  168 167.5 2.41592 0.00104858
  169 168.5 2.42057 0.00105059
  170 169.5 2.42453 0.00105231
  171 170.5 2.42835 0.00105397
  172 171.5 2.43683 0.00105765
  173 172.5 2.43574 0.00105718
  174 173.5 2.43333 0.00105613
  175 174.5 2.4361 0.00105733
  176 175.5 2.44318 0.00106041
  177 176.5 2.44547 0.0010614
  178 177.5 2.44841 0.00106268
  179 178.5 2.44992 0.00106333
  180 179.5 2.45254 0.00106447
  181 180.5 2.45866 0.00106713
  182 181.5 2.46395 0.00106942
  183 182.5 2.47169 0.00107278
  184 183.5 2.4808 0.00107674
  185 184.5 2.49778 0.00108411
  186 185.5 2.5238 0.0010954
  187 186.5 2.54223 0.0011034
  188 187.5 2.57895 0.00111934
  189 188.5 2.62797 0.00114061
  190 189.5 2.68862 0.00116693
  191 190.5 2.76368 0.00119951
  192 191.5 2.86522 0.00124359
  193 192.5 3.00104 0.00130253
  194 193.5 3.18284 0.00138144
  195 194.5 3.425 0.00148654
  196 195.5 3.74873 0.00162705
  197 196.5 4.17436 0.00181179
  198 197.5 4.72157 0.00204929
  199 198.5 5.44485 0.00236322
  200 199.5 6.33754 0.00275067
  201 200.5 7.42713 0.00322358
  202 201.5 8.74491 0.00379554
  203 202.5 10.2571 0.00445187
  204 203.5 11.9432 0.00518367
  205 204.5 13.7901 0.00598528
  206 205.5 15.7304 0.00682742
  207 206.5 17.6427 0.00765743
  208 207.5 19.5163 0.00847063
  209 208.5 21.3186 0.00925285
  210 209.5 22.9091 0.00994321
  211 210.5 24.3332 0.0105613
  212 211.5 25.5466 0.0110879
  213 212.5 26.6043 0.011547
  214 213.5 27.4224 0.0119021
  215 214.5 28.0759 0.0121857
  216 215.5 28.6597 0.0124391
  217 216.5 29.071 0.0126176
  218 217.5 29.3688 0.0127469
  219 218.5 29.6325 0.0128613
  220 219.5 29.9008 0.0129778
  221 220.5 30.0423 0.0130392
  222 221.5 30.1103 0.0130687
  223 222.5 30.2156 0.0131144
  224 223.5 30.3071 0.0131541
  225 224.5 30.3519 0.0131735
  226 225.5 30.3705 0.0131817
  227 226.5 30.3969 0.0131931
  228 227.5 30.4657 0.013223
  229 228.5 30.4644 0.0132224
  230 229.5 30.4579 0.0132196
  231 230.5 30.4752 0.0132271
  232 231.5 30.5308 0.0132512
  233 232.5 30.5015 0.0132385
  234 233.5 30.4934 0.013235
  235 234.5 30.516 0.0132448
  236 235.5 30.5152 0.0132444
  237 236.5 30.4978 0.0132369
  238 237.5 30.493 0.0132348
  239 238.5 30.5133 0.0132436
  240 239.5 30.5129 0.0132434
  241 240.5 30.5146 0.0132442
  242 241.5 30.5157 0.0132447
  243 242.5 30.5266 0.0132494
  244 243.5 30.5281 0.01325
  245 244.5 30.5344 0.0132528
  246 245.5 30.5402 0.0132553
  247 246.5 30.5189 0.0132461
  248 247.5 30.532 0.0132517
  249 248.5 30.5434 0.0132567
  250 249.5 30.5481 0.0132587
  251 250.5 30.5606 0.0132642
  252 251.5 30.5636 0.0132654
  253 252.5 30.5837 0.0132742
  254 253.5 30.5829 0.0132738
  255 254.5 30.5796 0.0132724
  256 255.5 30.6041 0.013283
  257 256.5 30.5785 0.0132719
  258 257.5 30.5826 0.0132737
  259 258.5 30.5827 0.0132738
  260 259.5 30.6132 0.013287
  261 260.5 30.6032 0.0132827
  262 261.5 30.6103 0.0132857
  263 262.5 30.636 0.0132969
  264 263.5 30.649 0.0133025
  265 264.5 30.6501 0.013303
  266 265.5 30.644 0.0133004
  267 266.5 30.6282 0.0132935
  268 267.5 30.6638 0.0133089
  269 268.5 30.6607 0.0133076
  270 269.5 30.6523 0.0133039
  271 270.5 30.6334 0.0132958
  272 271.5 30.6517 0.0133037
  273 272.5 30.6522 0.0133039
  274 273.5 30.6499 0.0133029
  275 274.5 30.6374 0.0132975
  276 275.5 30.639 0.0132982
  277 276.5 30.647 0.0133017
  278 277.5 30.6215 0.0132906
  279 278.5 30.6511 0.0133034
  280 279.5 30.6374 0.0132975
  281 280.5 30.6203 0.01329
  282 281.5 30.6365 0.0132971
  283 282.5 30.6631 0.0133086
  284 283.5 30.6658 0.0133098
  285 284.5 30.6624 0.0133083
  286 285.5 30.6592 0.013307
  287 286.5 30.6547 0.013305
  288 287.5 30.6778 0.013315
  289 288.5 30.6356 0.0132967
  290 289.5 30.6349 0.0132964
  291 290.5 30.6651 0.0133095
  292 291.5 30.6365 0.0132971
  293 292.5 30.6314 0.0132949
  294 293.5 30.6556 0.0133054
  295 294.5 30.6777 0.013315
  296 295.5 30.6759 0.0133142
  297 296.5 30.6672 0.0133104
  298 297.5 30.7131 0.0133303
  299 298.5 30.7064 0.0133274
  300 299.5 30.6947 0.0133224
  301 300.5 30.7103 0.0133291
  302 301.5 30.7086 0.0133284
  303 302.5 30.6854 0.0133183
  304 303.5 30.702 0.0133255
  305 304.5 30.6916 0.013321
  306 305.5 30.6822 0.0133169
  307 306.5 30.6867 0.0133189
  308 307.5 30.7062 0.0133274
  309 308.5 30.6823 0.013317
  310 309.5 30.6783 0.0133152
  311 310.5 30.6937 0.0133219
  312 311.5 30.6746 0.0133136
  313 312.5 30.6746 0.0133136
  314 313.5 30.6862 0.0133187
  315 314.5 30.7062 0.0133273
  316 315.5 30.6982 0.0133239
  317 316.5 30.7014 0.0133252
  318 317.5 30.7048 0.0133267
  319 318.5 30.73 0.0133377
  320 319.5 30.7041 0.0133264
  321 320.5 30.6995 0.0133244
  322 321.5 30.7286 0.013337
  323 322.5 30.7366 0.0133405
  324 323.5 30.7367 0.0133406
  325 324.5 30.7457 0.0133445
  326 325.5 30.7472 0.0133451
  327 326.5 30.755 0.0133485
  328 327.5 30.7676 0.013354
  329 328.5 30.7606 0.013351
  330 329.5 30.759 0.0133502
  331 330.5 30.7854 0.0133617
  332 331.5 30.7793 0.0133591
  333 332.5 30.7641 0.0133525
  334 333.5 30.7956 0.0133661
  335 334.5 30.7763 0.0133578
  336 335.5 30.7661 0.0133534
  337 336.5 30.7654 0.013353
  338 337.5 30.7752 0.0133573
  339 338.5 30.7808 0.0133597
  340 339.5 30.7614 0.0133513
  341 340.5 30.7477 0.0133454
  342 341.5 30.7706 0.0133553
  343 342.5 30.763 0.013352
  344 343.5 30.7735 0.0133566
  345 344.5 30.7633 0.0133521
  346 345.5 30.7814 0.01336
  347 346.5 30.7665 0.0133535
  348 347.5 30.7815 0.01336
  349 348.5 30.7735 0.0133566
  350 349.5 30.7777 0.0133584
  351 350.5 30.7769 0.013358
  352 351.5 30.7906 0.013364
  353 352.5 30.7764 0.0133578
  354 353.5 30.7747 0.0133571
  355 354.5 30.7833 0.0133608
  356 355.5 30.7541 0.0133481
  357 356.5 30.7725 0.0133561
  358 357.5 30.7702 0.0133551
  359 358.5 30.7654 0.013353
  360 359.5 30.7506 0.0133466
  361 360.5 30.7764 0.0133578
  362 361.5 30.7669 0.0133537
  363 362.5 30.7579 0.0133498
  364 363.5 30.7686 0.0133544
  365 364.5 30.7589 0.0133502
  366 365.5 30.7571 0.0133494
  367 366.5 30.7488 0.0133458
  368 367.5 30.7798 0.0133593
  369 368.5 30.7357 0.0133402
  370 369.5 30.7498 0.0133463
  371 370.5 30.7597 0.0133506
  372 371.5 30.7467 0.0133449
  373 372.5 30.729 0.0133373
  374 373.5 30.7398 0.0133419
  375 374.5 30.7239 0.013335
  376 375.5 30.7013 0.0133252
  377 376.5 30.7123 0.01333
  378 377.5 30.7271 0.0133364
  379 378.5 30.6821 0.0133169
  380 379.5 30.6977 0.0133237
  381 380.5 30.7096 0.0133288
  382 381.5 30.6544 0.0133049
  383 382.5 30.6273 0.0132931
  384 383.5 30.6354 0.0132966
  385 384.5 30.6273 0.0132931
  386 385.5 30.5798 0.0132725
  387 386.5 30.6016 0.0132819
  388 387.5 30.5871 0.0132756
  389 388.5 30.5443 0.0132571
  390 389.5 30.5306 0.0132511
  391 390.5 30.5115 0.0132428
  392 391.5 30.519 0.0132461
  393 392.5 30.4693 0.0132245
  394 393.5 30.4061 0.0131971
  395 394.5 30.3586 0.0131765
  396 395.5 30.3152 0.0131576
  397 396.5 30.1848 0.013101
  398 397.5 30.0513 0.0130431
  399 398.5 29.9335 0.012992
  400 399.5 29.7478 0.0129114
  401 400.5 29.4752 0.0127931
  402 401.5 29.178 0.012664
  403 402.5 28.8124 0.0125054
  404 403.5 28.3158 0.0122899
  405 404.5 27.7421 0.0120408
  406 405.5 27.0284 0.0117311
  407 406.5 26.0992 0.0113278
  408 407.5 25.0354 0.0108661
  409 408.5 23.8643 0.0103578
  410 409.5 22.4557 0.00974641
  411 410.5 20.8892 0.00906651
  412 411.5 19.2105 0.0083379
  413 412.5 17.4522 0.00757475
  414 413.5 15.644 0.00678991
  415 414.5 13.8166 0.00599678
  416 415.5 12.0865 0.00524588
  417 416.5 10.4611 0.00454039
  418 417.5 8.97191 0.00389406
  419 418.5 7.65556 0.00332272
  420 419.5 6.51042 0.00282571
  421 420.5 5.54373 0.00240613
  422 421.5 4.73001 0.00205296
  423 422.5 4.06381 0.0017638
  424 423.5 3.50428 0.00152095
  425 424.5 3.05986 0.00132806
  426 425.5 2.70201 0.00117275
  427 426.5 2.40627 0.00104439
  428 427.5 2.17157 0.000942523
  429 428.5 1.96851 0.000854388
  430 429.5 1.80526 0.000783534
  431 430.5 1.68084 0.00072953
  432 431.5 1.57439 0.00068333
  433 432.5 1.4916 0.000647395
  434 433.5 1.42476 0.000618384
  435 434.5 1.36693 0.000593286
  436 435.5 1.32085 0.000573287
  437 436.5 1.28262 0.000556691
  438 437.5 1.25134 0.000543116
  439 438.5 1.2318 0.000534636
  440 439.5 1.21392 0.000526875
  441 440.5 1.19931 0.000520535
  442 441.5 1.18112 0.000512638
  443 442.5 1.17469 0.000509847
  444 443.5 1.16996 0.000507797
  445 444.5 1.15958 0.000503289
  446 445.5 1.15012 0.000499183
  447 446.5 1.1533 0.000500565
  448 447.5 1.15218 0.000500078
  449 448.5 1.15044 0.000499322
  450 449.5 1.14528 0.000497082
  451 450.5 1.14694 0.000497805
  452 451.5 1.1471 0.000497872
  453 452.5 1.14341 0.00049627
  454 453.5 1.14495 0.000496942
  455 454.5 1.14927 0.000498816
  456 455.5 1.14762 0.000498101
  457 456.5 1.14352 0.00049632
  458 457.5 1.14253 0.000495888
  459 458.5 1.14098 0.000495216
  460 459.5 1.14368 0.000496388
  461 460.5 1.14729 0.000497956
  462 461.5 1.15264 0.000500276
  463 462.5 1.15551 0.000501523
  464 463.5 1.15871 0.000502913
  465 464.5 1.15632 0.000501873
  466 465.5 1.15341 0.000500612
  467 466.5 1.16139 0.000504077
  468 467.5 1.15523 0.000501402
  469 468.5 1.15284 0.000500364
  470 469.5 1.15442 0.00050105
  471 470.5 1.15949 0.000503251
  472 471.5 1.15245 0.000500194
  473 472.5 1.15179 0.000499911
  474 473.5 1.14996 0.000499116
  475 474.5 1.15308 0.00050047
  476 475.5 1.15831 0.00050274
  477 476.5 1.15436 0.000501024
  478 477.5 1.15302 0.000500443
  479 478.5 1.156 0.000501737
  480 479.5 1.16223 0.00050444
  481 480.5 1.16158 0.000504158
  482 481.5 1.15772 0.000502483
  483 482.5 1.15835 0.000502757
  484 483.5 1.15838 0.000502767
  485 484.5 1.16608 0.00050611
  486 485.5 1.15635 0.00050189
  487 486.5 1.15699 0.000502166
  488 487.5 1.15051 0.000499354
  489 488.5 1.14677 0.00049773
  490 489.5 1.14376 0.000496425
  491 490.5 1.14877 0.000498599
  492 491.5 1.14422 0.000496622
  493 492.5 1.14828 0.000498385
  494 493.5 1.14971 0.000499008
  495 494.5 1.1476 0.000498089
  496 495.5 1.15028 0.000499252
  497 496.5 1.14929 0.000498825
  498 497.5 1.15447 0.000501073
  499 498.5 1.1539 0.000500824
  500 499.5 1.15127 0.000499683
  501 500.5 1.15301 0.000500438
  502 501.5 1.15053 0.00049936
  503 502.5 1.14583 0.000497322
  504 503.5 1.1394 0.00049453
  505 504.5 1.14581 0.000497315
  506 505.5 1.14531 0.000497096
  507 506.5 1.14216 0.00049573
  508 507.5 1.1421 0.000495705
  509 508.5 1.14193 0.000495629
  510 509.5 1.1449 0.000496918
  511 510.5 1.14187 0.000495602
  512 511.5 1.14672 0.00049771
  513 512.5 1.14654 0.00049763
  514 513.5 1.14671 0.000497703
  515 514.5 1.13933 0.000494503
  516 515.5 1.14096 0.000495209
  517 516.5 1.13984 0.000494722
  518 517.5 1.14355 0.000496331
  519 518.5 1.14365 0.000496374
  520 519.5 1.14214 0.000495722
  521 520.5 1.12806 0.000489609
  522 521.5 1.13025 0.000490561
  523 522.5 1.13094 0.000490859
  524 523.5 1.13261 0.000491585
  525 524.5 1.13316 0.000491822
  526 525.5 1.13091 0.000490845
  527 526.5 1.13501 0.000492624
  528 527.5 1.13577 0.000492956
  529 528.5 1.13274 0.000491641
  530 529.5 1.12977 0.000490354
  531 530.5 1.13259 0.000491577
  532 531.5 1.14009 0.000494829
  533 532.5 1.14268 0.000495955
  534 533.5 1.14099 0.000495224
  535 534.5 1.14527 0.00049708
  536 535.5 1.14223 0.00049576
  537 536.5 1.14376 0.000496425
  538 537.5 1.13758 0.00049374
  539 538.5 1.1377 0.000493793
  540 539.5 1.14153 0.000495454
  541 540.5 1.13998 0.000494784
  542 541.5 1.13885 0.000494293
  543 542.5 1.14019 0.000494875
  544 543.5 1.14191 0.00049562
  545 544.5 1.13615 0.000493122
  546 545.5 1.1362 0.000493141
  547 546.5 1.13323 0.000491853
  548 547.5 1.13837 0.000494082
  549 548.5 1.14133 0.000495371
  550 549.5 1.1378 0.000493837
  551 550.5 1.13572 0.000492934
  552 551.5 1.13665 0.000493339
  553 552.5 1.13307 0.000491785
  554 553.5 1.13341 0.000491931
  555 554.5 1.1314 0.00049106
  556 555.5 1.13204 0.000491335
  557 556.5 1.12925 0.000490124
  558 557.5 1.13048 0.000490658
  559 558.5 1.13466 0.000492474
  560 559.5 1.13149 0.0004911
  561 560.5 1.1308 0.0004908
  562 561.5 1.13629 0.000493183
  563 562.5 1.1423 0.000495788
  564 563.5 1.14107 0.000495257
  565 564.5 1.14104 0.000495244
  566 565.5 1.14345 0.00049629
  567 566.5 1.14274 0.00049598
  568 567.5 1.14891 0.00049866
  569 568.5 1.15188 0.000499948
  570 569.5 1.14795 0.000498241
  571 570.5 1.14502 0.000496973
  572 571.5 1.14327 0.00049621
  573 572.5 1.14183 0.000495584
  574 573.5 1.14217 0.000495733
  575 574.5 1.14403 0.000496539
  576 575.5 1.15081 0.000499485
  577 576.5 1.14995 0.000499112
  578 577.5 1.14349 0.000496308
  579 578.5 1.14217 0.000495735
  580 579.5 1.1424 0.000495834
  581 580.5 1.1421 0.000495705
  582 581.5 1.13787 0.000493866
  583 582.5 1.14294 0.000496068
  584 583.5 1.14862 0.000498533
  585 584.5 1.14433 0.000496671
  586 585.5 1.14578 0.000497302
  587 586.5 1.14923 0.000498799
  588 587.5 1.15893 0.000503007
  589 588.5 1.16539 0.000505811
  590 589.5 1.1712 0.000508332
  591 590.5 1.18045 0.000512347
  592 591.5 1.18499 0.000514319
  593 592.5 1.19527 0.000518779
  594 593.5 1.21352 0.0005267
  595 594.5 1.22757 0.000532801
  596 595.5 1.24761 0.000541496
  597 596.5 1.27503 0.000553397
  598 597.5 1.30622 0.000566935
  599 598.5 1.33993 0.000581568
  600 599.5 1.39572 0.000605782
  601 600.5 1.45606 0.000631972
  602 601.5 1.52523 0.000661993
  603 602.5 1.60593 0.00069702
  604 603.5 1.70608 0.000740487
  605 604.5 1.82698 0.000792959
  606 605.5 1.95383 0.000848018
  607 606.5 2.10035 0.000911612
  608 607.5 2.24519 0.000974475
  609 608.5 2.39705 0.00104038
  610 609.5 2.56902 0.00111503
  611 610.5 2.7344 0.00118681
  612 611.5 2.88631 0.00125274
  613 612.5 3.03002 0.00131511
  614 613.5 3.16053 0.00137176
  615 614.5 3.26323 0.00141633
  616 615.5 3.33802 0.00144879
  617 616.5 3.38276 0.00146821
  618 617.5 3.40199 0.00147656
  619 618.5 3.40756 0.00147897
  620 619.5 3.3785 0.00146636
  621 620.5 3.32017 0.00144105
  622 621.5 3.25904 0.00141451
  623 622.5 3.18635 0.00138297
  624 623.5 3.10147 0.00134612
80000000 624 7136.000000000003
  1 0.5 2.90763 0.00126199
  2 1.5 2.83905 0.00123223
  3 2.5 2.76009 0.00119796
  4 3.5 2.68918 0.00116718
  5 4.5 2.62614 0.00113982
  6 5.5 2.56883 0.00111495
  7 6.5 2.51904 0.00109333
  8 7.5 2.46675 0.00107064
  9 8.5 2.42946 0.00105445
  10 9.5 2.3993 0.00104136
  11 10.5 2.37153 0.00102931
  12 11.5 2.3521 0.00102088
  13 12.5 2.3286 0.00101068
  14 13.5 2.31081 0.00100295
  15 14.5 2.29661 0.000996791
  16 15.5 2.28568 0.000992049
  17 16.5 2.28324 0.000990989
  18 17.5 2.2594 0.00098064
  19 18.5 2.25887 0.000980412
  20 19.5 2.24304 0.000973543
  21 20.5 2.23973 0.000972104
  22 21.5 2.23094 0.000968289
  23 22.5 2.22659 0.0009664
  24 23.5 2.22349 0.000965055
  25 24.5 2.20439 0.000956769
  26 25.5 2.19298 0.000951812
  27 26.5 2.19285 0.00095176
  28 27.5 2.19854 0.000954227
  29 28.5 2.19996 0.000954844
  30 29.5 2.19176 0.000951284
  31 30.5 2.18425 0.000948025
  32 31.5 2.17574 0.000944332
  33 32.5 2.16995 0.000941818
  34 33.5 2.17723 0.000944978
  35 34.5 2.17645 0.000944638
  36 35.5 2.16742 0.00094072
  37 36.5 2.162 0.000938366
  38 37.5 2.1579 0.00093659
  39 38.5 2.17159 0.000942529
  40 39.5 2.18699 0.000949215
  41 40.5 2.19397 0.000952244
  42 41.5 2.18731 0.000949355
  43 42.5 2.19052 0.000950745
  44 43.5 2.19742 0.000953741
  45 44.5 2.1959 0.000953082
  46 45.5 2.19332 0.000951962
  47 46.5 2.19382 0.000952181
  48 47.5 2.18943 0.000950272
  49 48.5 2.19929 0.000954551
  50 49.5 2.19984 0.00095479
  51 50.5 2.20064 0.000955138
  52 51.5 2.18897 0.000950072
  53 52.5 2.18964 0.000950364
  54 53.5 2.18857 0.000949898
  55 54.5 2.18852 0.000949878
  56 55.5 2.19349 0.000952038
  57 56.5 2.19023 0.000950622
  58 57.5 2.19298 0.000951814
  59 58.5 2.20196 0.000955714
  60 59.5 2.21308 0.000960538
  61 60.5 2.21665 0.000962088
  62 61.5 2.21014 0.000959264
  63 62.5 2.21273 0.000960386
  64 63.5 2.21656 0.000962046
  65 64.5 2.21486 0.00096131
  66 65.5 2.21174 0.000959956
  67 66.5 2.2161 0.000961847
  68 67.5 2.22634 0.000966296
  69 68.5 2.22503 0.000965726
  70 69.5 2.2229 0.0009648
  71 70.5 2.23296 0.000969167
  72 71.5 2.2361 0.000970529
  73 72.5 2.2424 0.000973265
  74 73.5 2.24142 0.000972839
  75 74.5 2.24767 0.000975552
  76 75.5 2.2526 0.000977689
  77 76.5 2.25631 0.0009793
  78 77.5 2.26448 0.000982848
  79 78.5 2.2723 0.00098624
  80 79.5 2.27368 0.00098684
  81 80.5 2.27201 0.000986116
  82 81.5 2.27097 0.000985663
  83 82.5 2.26751 0.000984161
  84 83.5 2.26804 0.000984391
  85 84.5 2.27347 0.00098675
  86 85.5 2.28255 0.000990691
  87 86.5 2.29039 0.000994092
  88 87.5 2.2911 0.0009944
  89 88.5 2.29531 0.00099623
  90 89.5 2.29699 0.000996959
  91 90.5 2.29402 0.000995668
  92 91.5 2.29652 0.000996753
  93 92.5 2.2997 0.000998134
  94 93.5 2.29736 0.000997118
  95 94.5 2.29788 0.000997346
  96 95.5 2.29914 0.000997889
  97 96.5 2.30602 0.00100088
  98 97.5 2.31101 0.00100304
  99 98.5 2.31504 0.00100479
  100 99.5 2.31637 0.00100537
  101 100.5 2.32414 0.00100874
  102 101.5 2.31893 0.00100648
  103 102.5 2.31783 0.001006
  104 103.5 2.31087 0.00100298
  105 104.5 2.30286 0.000999504
  106 105.5 2.30409 0.00100004
  107 106.5 2.30231 0.000999265
  108 107.5 2.3007 0.000998568
  109 108.5 2.30135 0.000998851
  110 109.5 2.29871 0.000997704
  111 110.5 2.30312 0.000999618
  112 111.5 2.31151 0.00100326
  113 112.5 2.3041 0.00100004
  114 113.5 2.30234 0.000999279
  115 114.5 2.30771 0.00100161
  116 115.5 2.3073 0.00100143
  117 116.5 2.30527 0.00100055
  118 117.5 2.30297 0.000999552
  119 118.5 2.3053 0.00100056
  120 119.5 2.31079 0.00100295
  121 120.5 2.31086 0.00100298
  122 121.5 2.31757 0.00100589
  123 122.5 2.32492 0.00100908
  124 123.5 2.32196 0.0010078
  125 124.5 2.31977 0.00100684
  126 125.5 2.32322 0.00100834
  127 126.5 2.31676 0.00100554
  128 127.5 2.3296 0.00101111
  129 128.5 2.32737 0.00101014
  130 129.5 2.32665 0.00100983
  131 130.5 2.33418 0.0010131
  132 131.5 2.33041 0.00101146
  133 132.5 2.33423 0.00101312
  134 133.5 2.33005 0.00101131
  135 134.5 2.32017 0.00100702
  136 135.5 2.31374 0.00100423
  137 136.5 2.31396 0.00100432
  138 137.5 2.31756 0.00100588
  139 138.5 2.3144 0.00100452
  140 139.5 2.3142 0.00100443
  141 140.5 2.31372 0.00100422
  142 141.5 2.31773 0.00100596
  143 142.5 2.32628 0.00100967
  144 143.5 2.33315 0.00101265
  145 144.5 2.3361 0.00101393
  146 145.5 2.33665 0.00101417
  147 146.5 2.33487 0.0010134
  148 147.5 2.33233 0.0010123
  149 148.5 2.32379 0.00100859
  150 149.5 2.3134 0.00100408
  151 150.5 2.31087 0.00100298
  152 151.5 2.30557 0.00100068
  153 152.5 2.31393 0.00100431
  154 153.5 2.30238 0.000999296
  155 154.5 2.29782 0.000997319
  156 155.5 2.29476 0.00099599
  157 156.5 2.2968 0.000996875
  158 157.5 2.29533 0.000996237
  159 158.5 2.28219 0.000990535
  160 159.5 2.28131 0.00099015
  161 160.5 2.27634 0.000987995
  162 161.5 2.27337 0.000986704
  163 162.5 2.27908 0.000989182
  164 163.5 2.28278 0.00099079
  165 164.5 2.28568 0.000992049
  166 165.5 2.28209 0.00099049
  167 166.5 2.28761 0.000992888
  168 167.5 2.2912 0.000994444
  169 168.5 2.29854 0.000997628
  170 169.5 2.29938 0.000997994
  171 170.5 2.30236 0.000999288
  172 171.5 2.29696 0.000996944
  173 172.5 2.29169 0.000994657
  174 173.5 2.29553 0.000996325
  175 174.5 2.30141 0.000998876
  176 175.5 2.30354 0.000999802
  177 176.5 2.32462 0.00100895
  178 177.5 2.32596 0.00100953
  179 178.5 2.33894 0.00101517
  180 179.5 2.34877 0.00101943
  181 180.5 2.3627 0.00102548
  182 181.5 2.3708 0.00102899
  183 182.5 2.39054 0.00103756
  184 183.5 2.41519 0.00104826
  185 184.5 2.43768 0.00105802
  186 185.5 2.47367 0.00107364
  187 186.5 2.51206 0.0010903
  188 187.5 2.55236 0.00110779
  189 188.5 2.61857 0.00113653
  190 189.5 2.68363 0.00116477
  191 190.5 2.79052 0.00121116
  192 191.5 2.90951 0.00126281
  193 192.5 3.08404 0.00133856
  194 193.5 3.30881 0.00143611
  195 194.5 3.60995 0.00156682
  196 195.5 3.98922 0.00173143
  197 196.5 4.48403 0.00194619
  198 197.5 5.12385 0.00222389
  199 198.5 5.92009 0.00256948
  200 199.5 6.94657 0.00301501
  201 200.5 8.1579 0.00354075
  202 201.5 9.60926 0.00417068
  203 202.5 11.246 0.00488106
  204 203.5 13.0462 0.00566242
  205 204.5 14.9559 0.00649128
  206 205.5 16.9196 0.00734359
  207 206.5 18.8619 0.00818658
  208 207.5 20.6865 0.00897853
  209 208.5 22.3914 0.0097185
  210 209.5 23.9007 0.0103736
  211 210.5 25.1693 0.0109242
  212 211.5 26.2271 0.0113833
  213 212.5 27.1287 0.0117746
  214 213.5 27.8737 0.012098
  215 214.5 28.4401 0.0123438
  216 215.5 28.8516 0.0125224
  217 216.5 29.2619 0.0127005
  218 217.5 29.5226 0.0128136
  219 218.5 29.7217 0.0129001
  220 219.5 29.9073 0.0129806
  221 220.5 30.0503 0.0130427
  222 221.5 30.1435 0.0130831
  223 222.5 30.2306 0.0131209
  224 223.5 30.3191 0.0131593
  225 224.5 30.3613 0.0131776
  226 225.5 30.4025 0.0131955
  227 226.5 30.4298 0.0132074
  228 227.5 30.4602 0.0132206
  229 228.5 30.4731 0.0132262
  230 229.5 30.4916 0.0132342
  231 230.5 30.5172 0.0132453
  232 231.5 30.5105 0.0132424
  233 232.5 30.526 0.0132491
  234 233.5 30.5183 0.0132458
  235 234.5 30.5216 0.0132472
  236 235.5 30.5374 0.0132541
  237 236.5 30.5133 0.0132436
  238 237.5 30.5209 0.0132469
  239 238.5 30.5116 0.0132429
  240 239.5 30.493 0.0132348
  241 240.5 30.4953 0.0132358
  242 241.5 30.5012 0.0132384
  243 242.5 30.4932 0.0132349
  244 243.5 30.4875 0.0132324
  245 244.5 30.4939 0.0132352
  246 245.5 30.5041 0.0132396
  247 246.5 30.5077 0.0132412
  248 247.5 30.4919 0.0132343
  249 248.5 30.5239 0.0132482
  250 249.5 30.5124 0.0132432
  251 250.5 30.5038 0.0132395
  252 251.5 30.4947 0.0132356
  253 252.5 30.5017 0.0132386
  254 253.5 30.5104 0.0132424
  255 254.5 30.4957 0.013236
  256 255.5 30.4965 0.0132363
  257 256.5 30.5019 0.0132387
  258 257.5 30.5313 0.0132514
  259 258.5 30.4992 0.0132375
  260 259.5 30.5183 0.0132458
  261 260.5 30.5459 0.0132578
  262 261.5 30.511 0.0132426
  263 262.5 30.519 0.0132461
  264 263.5 30.5307 0.0132512
  265 264.5 30.5236 0.0132481
  266 265.5 30.4973 0.0132367
  267 266.5 30.519 0.0132461
  268 267.5 30.4905 0.0132337
  269 268.5 30.4868 0.0132321
  270 269.5 30.4988 0.0132373
  271 270.5 30.493 0.0132348
  272 271.5 30.507 0.0132409
  273 272.5 30.4876 0.0132325
  274 273.5 30.4713 0.0132254
  275 274.5 30.4948 0.0132356
  276 275.5 30.5088 0.0132417
  277 276.5 30.4994 0.0132376
  278 277.5 30.4933 0.013235
  279 278.5 30.5248 0.0132486
  280 279.5 30.507 0.0132409
  281 280.5 30.5067 0.0132407
  282 281.5 30.5036 0.0132394
  283 282.5 30.5422 0.0132562
  284 283.5 30.5089 0.0132417
  285 284.5 30.4943 0.0132354
  286 285.5 30.5286 0.0132503
  287 286.5 30.5491 0.0132591
  288 287.5 30.5011 0.0132383
  289 288.5 30.5117 0.0132429
  290 289.5 30.5202 0.0132466
  291 290.5 30.5206 0.0132468
  292 291.5 30.4996 0.0132377
  293 292.5 30.5056 0.0132403
  294 293.5 30.5378 0.0132543
  295 294.5 30.535 0.013253
  296 295.5 30.4916 0.0132342
  297 296.5 30.5513 0.0132601
  298 297.5 30.5476 0.0132585
  299 298.5 30.5036 0.0132394
  300 299.5 30.524 0.0132483
  301 300.5 30.5199 0.0132465
  302 301.5 30.497 0.0132366
  303 302.5 30.4893 0.0132332
  304 303.5 30.5197 0.0132464
  305 304.5 30.4992 0.0132375
  306 305.5 30.5006 0.0132381
  307 306.5 30.5114 0.0132428
  308 307.5 30.5223 0.0132475
  309 308.5 30.5013 0.0132384
  310 309.5 30.5226 0.0132477
  311 310.5 30.5537 0.0132612
  312 311.5 30.5419 0.013256
  313 312.5 30.5305 0.0132511
  314 313.5 30.5382 0.0132544
  315 314.5 30.5494 0.0132593
  316 315.5 30.5367 0.0132538
  317 316.5 30.5496 0.0132594
  318 317.5 30.5531 0.0132609
  319 318.5 30.5658 0.0132664
  320 319.5 30.5542 0.0132614
  321 320.5 30.5889 0.0132764
  322 321.5 30.5629 0.0132651
  323 322.5 30.5745 0.0132702
  324 323.5 30.5636 0.0132654
  325 324.5 30.6001 0.0132813
  326 325.5 30.5683 0.0132675
  327 326.5 30.5762 0.0132709
  328 327.5 30.5794 0.0132723
  329 328.5 30.5948 0.013279
  330 329.5 30.5929 0.0132782
  331 330.5 30.5874 0.0132758
  332 331.5 30.6326 0.0132954
  333 332.5 30.5956 0.0132793
  334 333.5 30.5847 0.0132746
  335 334.5 30.615 0.0132878
  336 335.5 30.6093 0.0132853
  337 336.5 30.5767 0.0132712
  338 337.5 30.5746 0.0132702
  339 338.5 30.5896 0.0132767
  340 339.5 30.5698 0.0132681
  341 340.5 30.5662 0.0132666
  342 341.5 30.5993 0.013281
  343 342.5 30.5673 0.013267
  344 343.5 30.5732 0.0132696
  345 344.5 30.589 0.0132765
  346 345.5 30.5809 0.013273
  347 346.5 30.5777 0.0132716
  348 347.5 30.6041 0.013283
  349 348.5 30.6014 0.0132819
  350 349.5 30.5647 0.0132659
  351 350.5 30.5822 0.0132735
  352 351.5 30.6001 0.0132813
  353 352.5 30.5937 0.0132785
  354 353.5 30.5449 0.0132573
  355 354.5 30.5676 0.0132672
  356 355.5 30.5975 0.0132801
  357 356.5 30.5605 0.0132641
  358 357.5 30.534 0.0132526
  359 358.5 30.5795 0.0132724
  360 359.5 30.5639 0.0132656
  361 360.5 30.5159 0.0132448
  362 361.5 30.5406 0.0132554
  363 362.5 30.5648 0.013266
  364 363.5 30.5248 0.0132486
  365 364.5 30.5117 0.0132429
  366 365.5 30.552 0.0132604
  367 366.5 30.5592 0.0132635
  368 367.5 30.5165 0.013245
  369 368.5 30.5381 0.0132544
  370 369.5 30.5507 0.0132599
  371 370.5 30.5381 0.0132544
  372 371.5 30.5289 0.0132504
  373 372.5 30.5491 0.0132592
  374 373.5 30.55 0.0132595
  375 374.5 30.5189 0.0132461
  376 375.5 30.5478 0.0132586
  377 376.5 30.5485 0.0132589
  378 377.5 30.5279 0.0132499
  379 378.5 30.5193 0.0132462
  380 379.5 30.579 0.0132721
  381 380.5 30.5636 0.0132655
  382 381.5 30.5259 0.0132491
  383 382.5 30.5546 0.0132615
  384 383.5 30.578 0.0132717
  385 384.5 30.5698 0.0132682
  386 385.5 30.5629 0.0132652
  387 386.5 30.5687 0.0132677
  388 387.5 30.5652 0.0132662
  389 388.5 30.5346 0.0132529
  390 389.5 30.542 0.0132561
  391 390.5 30.5293 0.0132506
  392 391.5 30.5231 0.0132479
  393 392.5 30.4886 0.0132329
  394 393.5 30.4908 0.0132338
  395 394.5 30.4354 0.0132098
  396 395.5 30.3988 0.0131939
  397 396.5 30.3633 0.0131785
  398 397.5 30.2826 0.0131435
  399 398.5 30.1899 0.0131033
  400 399.5 30.0668 0.0130498
  401 400.5 29.9264 0.0129889
  402 401.5 29.7148 0.012897
  403 402.5 29.4898 0.0127994
  404 403.5 29.1466 0.0126504
  405 404.5 28.7289 0.0124692
  406 405.5 28.1984 0.0122389
  407 406.5 27.5461 0.0119558
  408 407.5 26.7382 0.0116051
  409 408.5 25.7391 0.0111715
  410 409.5 24.5671 0.0106628
  411 410.5 23.2009 0.0100698
  412 411.5 21.6312 0.00938856
  413 412.5 19.9155 0.00864387
  414 413.5 18.0436 0.0078314
  415 414.5 16.1446 0.00700721
  416 415.5 14.2324 0.00617725
  417 416.5 12.3622 0.00536555
  418 417.5 10.595 0.00459851
  419 418.5 9.00805 0.00390975
  420 419.5 7.58765 0.00329325
  421 420.5 6.35455 0.00275805
  422 421.5 5.32907 0.00231296
  423 422.5 4.48155 0.00194512
  424 423.5 3.79588 0.00164752
  425 424.5 3.23658 0.00140477
  426 425.5 2.79573 0.00121342
  427 426.5 2.45015 0.00106343
  428 427.5 2.16384 0.000939167
  429 428.5 1.9404 0.000842189
  430 429.5 1.76776 0.000767258
  431 430.5 1.6263 0.000705859
  432 431.5 1.515 0.000657551
  433 432.5 1.43102 0.000621103
  434 433.5 1.36471 0.000592322
  435 434.5 1.31181 0.000569361
  436 435.5 1.26682 0.000549833
  437 436.5 1.2305 0.000534073
  438 437.5 1.20738 0.000524037
  439 438.5 1.18551 0.000514542
  440 439.5 1.17206 0.000508709
  441 440.5 1.15473 0.000501184
  442 441.5 1.14396 0.000496511
  443 442.5 1.13619 0.000493137
  444 443.5 1.12684 0.000489079
  445 444.5 1.12849 0.000489795
  446 445.5 1.12655 0.000488953
  447 446.5 1.12321 0.000487502
  448 447.5 1.12624 0.000488819
  449 448.5 1.12109 0.000486586
  450 449.5 1.12094 0.000486519
  451 450.5 1.11566 0.000484227
  452 451.5 1.11622 0.000484469
  453 452.5 1.11804 0.000485263
  454 453.5 1.11134 0.000482354
  455 454.5 1.10884 0.000481267
  456 455.5 1.11238 0.000482803
  457 456.5 1.11818 0.000485319
  458 457.5 1.12078 0.000486448
  459 458.5 1.11707 0.00048484
  460 459.5 1.11519 0.000484023
  461 460.5 1.11368 0.000483368
  462 461.5 1.11356 0.000483317
  463 462.5 1.11091 0.000482165
  464 463.5 1.11333 0.000483217
  465 464.5 1.11104 0.00048222
  466 465.5 1.11292 0.000483036
  467 466.5 1.11311 0.000483119
  468 467.5 1.11684 0.00048474
  469 468.5 1.11362 0.00048334
  470 469.5 1.11276 0.00048297
  471 470.5 1.11192 0.000482604
  472 471.5 1.11027 0.000481888
  473 472.5 1.11064 0.00048205
  474 473.5 1.10796 0.000480886
  475 474.5 1.10953 0.000481569
  476 475.5 1.11108 0.00048224
  477 476.5 1.11067 0.000482062
  478 477.5 1.10817 0.000480977
  479 478.5 1.10037 0.000477592
  480 479.5 1.10398 0.000479158
  481 480.5 1.10392 0.000479132
  482 481.5 1.10327 0.000478852
  483 482.5 1.10187 0.000478244
  484 483.5 1.10511 0.000479647
  485 484.5 1.10836 0.000481058
  486 485.5 1.11044 0.000481962
  487 486.5 1.11417 0.000483579
  488 487.5 1.1104 0.000481942
  489 488.5 1.11193 0.000482607
  490 489.5 1.11023 0.00048187
  491 490.5 1.11245 0.000482834
  492 491.5 1.10966 0.000481624
  493 492.5 1.10329 0.000478858
  494 493.5 1.10242 0.000478483
  495 494.5 1.10663 0.000480309
  496 495.5 1.10692 0.000480434
  497 496.5 1.10357 0.00047898
  498 497.5 1.10202 0.000478307
  499 498.5 1.10513 0.000479658
  500 499.5 1.10749 0.000480682
  501 500.5 1.11434 0.000483657
  502 501.5 1.10735 0.000480622
  503 502.5 1.10347 0.000478936
  504 503.5 1.11013 0.000481829
  505 504.5 1.11601 0.000484378
  506 505.5 1.10956 0.000481582
  507 506.5 1.10833 0.000481045
  508 507.5 1.10909 0.000481376
  509 508.5 1.11176 0.000482536
  510 509.5 1.11533 0.000484086
  511 510.5 1.11831 0.000485377
  512 511.5 1.1163 0.000484504
  513 512.5 1.11875 0.000485568
  514 513.5 1.11532 0.000484078
  515 514.5 1.1172 0.000484895
  516 515.5 1.11572 0.000484251
  517 516.5 1.11978 0.000486014
  518 517.5 1.11687 0.000484753
  519 518.5 1.11782 0.000485164
  520 519.5 1.1207 0.000486415
  521 520.5 1.11843 0.00048543
  522 521.5 1.11399 0.000483501
  523 522.5 1.11506 0.000483967
  524 523.5 1.11651 0.000484598
  525 524.5 1.12029 0.000486237
  526 525.5 1.1245 0.000488063
  527 526.5 1.12337 0.000487574
  528 527.5 1.11757 0.000485058
  529 528.5 1.11767 0.000485099
  530 529.5 1.11737 0.000484968
  531 530.5 1.11883 0.000485602
  532 531.5 1.1159 0.000484334
  533 532.5 1.11538 0.000484105
  534 533.5 1.11974 0.000485998
  535 534.5 1.11406 0.000483532
  536 535.5 1.11904 0.000485692
  537 536.5 1.1171 0.000484853
  538 537.5 1.12111 0.000486594
  539 538.5 1.11965 0.000485958
  540 539.5 1.11931 0.000485813
  541 540.5 1.11453 0.000483736
  542 541.5 1.1105 0.000481986
  543 542.5 1.11799 0.000485238
  544 543.5 1.10916 0.000481407
  545 544.5 1.11427 0.000483622
  546 545.5 1.10968 0.000481631
  547 546.5 1.10445 0.000479362
  548 547.5 1.10529 0.000479727
  549 548.5 1.10605 0.000480055
  550 549.5 1.10594 0.000480007
  551 550.5 1.10849 0.000481115
  552 551.5 1.11011 0.000481817
  553 552.5 1.11014 0.00048183
  554 553.5 1.10634 0.000480183
  555 554.5 1.11095 0.000482182
  556 555.5 1.11172 0.000482516
  557 556.5 1.11286 0.000483011
  558 557.5 1.11004 0.000481786
  559 558.5 1.10884 0.000481267
  560 559.5 1.11289 0.000483026
  561 560.5 1.11227 0.000482756
  562 561.5 1.1126 0.000482898
  563 562.5 1.10528 0.000479721
  564 563.5 1.1063 0.000480165
  565 564.5 1.10651 0.000480257
  566 565.5 1.11322 0.000483171
  567 566.5 1.11062 0.000482042
  568 567.5 1.11219 0.00048272
  569 568.5 1.10726 0.000480583
  570 569.5 1.11368 0.000483369
  571 570.5 1.11615 0.000484439
  572 571.5 1.11472 0.00048382
  573 572.5 1.11294 0.000483046
  574 573.5 1.11703 0.000484824
  575 574.5 1.11076 0.000482102
  576 575.5 1.11355 0.000483311
  577 576.5 1.1112 0.000482293
  578 577.5 1.11069 0.00048207
  579 578.5 1.1074 0.000480644
  580 579.5 1.11856 0.000485488
  581 580.5 1.11316 0.000483141
  582 581.5 1.11435 0.000483657
  583 582.5 1.11712 0.000484862
  584 583.5 1.12021 0.000486204
  585 584.5 1.12209 0.00048702
  586 585.5 1.12726 0.00048926
  587 586.5 1.12676 0.000489046
  588 587.5 1.12538 0.000488444
  589 588.5 1.12553 0.00048851
  590 589.5 1.13366 0.000492039
  591 590.5 1.13855 0.000494164
  592 591.5 1.14375 0.000496417
  593 592.5 1.15178 0.000499906
  594 593.5 1.16028 0.000503593
  595 594.5 1.18416 0.000513957
  596 595.5 1.20421 0.000522659
  597 596.5 1.22931 0.000533557
  598 597.5 1.24854 0.000541901
  599 598.5 1.28874 0.00055935
  600 599.5 1.34099 0.000582026
  601 600.5 1.38594 0.000601537
  602 601.5 1.45753 0.000632609
  603 602.5 1.54122 0.000668933
  604 603.5 1.63917 0.000711447
  605 604.5 1.74482 0.000757301
  606 605.5 1.86701 0.000810335
  607 606.5 2.00666 0.000870948
  608 607.5 2.16853 0.000941203
  609 608.5 2.33781 0.00101468
  610 609.5 2.5086 0.0010888
  611 610.5 2.68329 0.00116462
  612 611.5 2.84534 0.00123496
  613 612.5 2.98331 0.00129484
  614 613.5 3.10677 0.00134842
  615 614.5 3.20381 0.00139054
  616 615.5 3.27701 0.00142231
  617 616.5 3.31671 0.00143954
  618 617.5 3.33561 0.00144775
  619 618.5 3.32206 0.00144187
  620 619.5 3.28551 0.001426
  621 620.5 3.23162 0.00140261
  622 621.5 3.14279 0.00136406
  623 622.5 3.07461 0.00133447
  624 623.5 2.99965 0.00130193
100000000 624 7136.000000000006
  1 0.5 3.05697 0.00132681
  2 1.5 2.98022 0.0012935
  3 2.5 2.8924 0.00125538
  4 3.5 2.8191 0.00122357
  5 4.5 2.74324 0.00119064
  6 5.5 2.68221 0.00116416
  7 6.5 2.63471 0.00114354
  8 7.5 2.58772 0.00112314
  9 8.5 2.54241 0.00110348
  10 9.5 2.5094 0.00108915
  11 10.5 2.4806 0.00107665
  12 11.5 2.46644 0.0010705
  13 12.5 2.44595 0.00106161
  14 13.5 2.44191 0.00105986
  15 14.5 2.42801 0.00105383
  16 15.5 2.42291 0.00105161
  17 16.5 2.42192 0.00105118
  18 17.5 2.41095 0.00104642
  19 18.5 2.41763 0.00104932
  20 19.5 2.40759 0.00104496
  21 20.5 2.39607 0.00103996
  22 21.5 2.38977 0.00103723
  23 22.5 2.38349 0.0010345
  24 23.5 2.38267 0.00103414
  25 24.5 2.37646 0.00103145
  26 25.5 2.37688 0.00103163
  27 26.5 2.37795 0.0010321
  28 27.5 2.3711 0.00102912
  29 28.5 2.3792 0.00103264
  30 29.5 2.38761 0.00103629
  31 30.5 2.3888 0.00103681
  32 31.5 2.39764 0.00104064
  33 32.5 2.39785 0.00104073
  34 33.5 2.4022 0.00104262
  35 34.5 2.40477 0.00104374
  36 35.5 2.40869 0.00104544
  37 36.5 2.41735 0.0010492
  38 37.5 2.41954 0.00105015
  39 38.5 2.41929 0.00105004
  40 39.5 2.43207 0.00105558
  41 40.5 2.42431 0.00105222
  42 41.5 2.41117 0.00104652
  43 42.5 2.41169 0.00104674
  44 43.5 2.39539 0.00103967
  45 44.5 2.39402 0.00103907
  46 45.5 2.38943 0.00103708
  47 46.5 2.39426 0.00103918
  48 47.5 2.41125 0.00104655
  49 48.5 2.40728 0.00104483
  50 49.5 2.42039 0.00105052
  51 50.5 2.42456 0.00105233
  52 51.5 2.42634 0.0010531
  53 52.5 2.41531 0.00104831
  54 53.5 2.41936 0.00105007
  55 54.5 2.4125 0.00104709
  56 55.5 2.41258 0.00104713
  57 56.5 2.41219 0.00104696
  58 57.5 2.40964 0.00104585
  59 58.5 2.40539 0.00104401
  60 59.5 2.39633 0.00104008
  61 60.5 2.40331 0.00104311
  62 61.5 2.40036 0.00104183
  63 62.5 2.41159 0.0010467
  64 63.5 2.41158 0.00104669
  65 64.5 2.40949 0.00104578
  66 65.5 2.40926 0.00104568
  67 66.5 2.4148 0.00104809
  68 67.5 2.40628 0.00104439
  69 68.5 2.40089 0.00104206
  70 69.5 2.40364 0.00104325
  71 70.5 2.40313 0.00104303
  72 71.5 2.39798 0.00104079
  73 72.5 2.39356 0.00103887
  74 73.5 2.38554 0.00103539
  75 74.5 2.38052 0.00103321
  76 75.5 2.37754 0.00103192
  77 76.5 2.37543 0.001031
  78 77.5 2.36301 0.00102561
  79 78.5 2.36081 0.00102466
  80 79.5 2.35639 0.00102274
  81 80.5 2.35577 0.00102247
  82 81.5 2.36245 0.00102537
  83 82.5 2.36531 0.00102661
  84 83.5 2.35748 0.00102321
  85 84.5 2.36076 0.00102464
  86 85.5 2.35373 0.00102158
  87 86.5 2.35318 0.00102135
  88 87.5 2.35598 0.00102256
  89 88.5 2.35843 0.00102362
  90 89.5 2.3689 0.00102817
  91 90.5 2.37389 0.00103034
  92 91.5 2.37887 0.00103249
  93 92.5 2.38991 0.00103729
  94 93.5 2.39922 0.00104133
  95 94.5 2.38817 0.00103653
  96 95.5 2.39174 0.00103808
  97 96.5 2.40245 0.00104273
  98 97.5 2.39773 0.00104068
  99 98.5 2.41362 0.00104758
  100 99.5 2.43403 0.00105644
  101 100.5 2.42633 0.0010531
  102 101.5 2.4386 0.00105842
  103 102.5 2.44958 0.00106319
  104 103.5 2.45506 0.00106556
  105 104.5 2.44947 0.00106314
  106 105.5 2.46399 0.00106944
  107 106.5 2.47367 0.00107364
  108 107.5 2.47279 0.00107326
  109 108.5 2.47317 0.00107342
  110 109.5 2.47634 0.0010748
  111 110.5 2.47521 0.00107431
  112 111.5 2.48369 0.00107799
  113 112.5 2.49709 0.0010838
  114 113.5 2.49801 0.0010842
  115 114.5 2.49469 0.00108276
  116 115.5 2.49351 0.00108225
  117 116.5 2.49394 0.00108244
  118 117.5 2.49972 0.00108495
  119 118.5 2.50215 0.001086
  120 119.5 2.49567 0.00108319
  121 120.5 2.50427 0.00108692
  122 121.5 2.49488 0.00108285
  123 122.5 2.49327 0.00108215
  124 123.5 2.49172 0.00108147
  125 124.5 2.49113 0.00108122
  126 125.5 2.48753 0.00107966
  127 126.5 2.48747 0.00107963
  128 127.5 2.4802 0.00107647
  129 128.5 2.48008 0.00107642
  130 129.5 2.48956 0.00108054
  131 130.5 2.48999 0.00108073
  132 131.5 2.48941 0.00108047
  133 132.5 2.48111 0.00107687
  134 133.5 2.4799 0.00107634
  135 134.5 2.47608 0.00107469
  136 135.5 2.48256 0.0010775
  137 136.5 2.47536 0.00107437
  138 137.5 2.484 0.00107813
  139 138.5 2.48893 0.00108027
  140 139.5 2.4879 0.00107982
  141 140.5 2.49192 0.00108156
  142 141.5 2.4828 0.0010776
  143 142.5 2.48095 0.0010768
  144 143.5 2.47506 0.00107425
  145 144.5 2.46905 0.00107164
  146 145.5 2.48453 0.00107836
  147 146.5 2.48477 0.00107846
  148 147.5 2.49547 0.0010831
  149 148.5 2.49949 0.00108485
  150 149.5 2.48608 0.00107903
  151 150.5 2.48474 0.00107845
  152 151.5 2.4872 0.00107952
  153 152.5 2.48503 0.00107857
  154 153.5 2.47893 0.00107592
  155 154.5 2.48963 0.00108057
  156 155.5 2.48169 0.00107712
  157 156.5 2.4765 0.00107487
  158 157.5 2.48145 0.00107702
  159 158.5 2.47304 0.00107337
  160 159.5 2.46832 0.00107132
  161 160.5 2.45837 0.001067
  162 161.5 2.46675 0.00107064
  163 162.5 2.46376 0.00106934
  164 163.5 2.45936 0.00106743
  165 164.5 2.4508 0.00106372
  166 165.5 2.44491 0.00106116
  167 166.5 2.43872 0.00105847
  168 167.5 2.43123 0.00105522
  169 168.5 2.44139 0.00105963
  170 169.5 2.44052 0.00105925
  171 170.5 2.44532 0.00106134
  172 171.5 2.43794 0.00105813
  173 172.5 2.43978 0.00105893
  174 173.5 2.42925 0.00105436
  175 174.5 2.4333 0.00105612
  176 175.5 2.43611 0.00105734
  177 176.5 2.42932 0.00105439
  178 177.5 2.43075 0.00105501
  179 178.5 2.43001 0.00105469
  180 179.5 2.4476 0.00106233
  181 180.5 2.44133 0.00105961
  182 181.5 2.44455 0.001061
  183 182.5 2.45475 0.00106543
  184 183.5 2.45341 0.00106485
  185 184.5 2.46566 0.00107016
  186 185.5 2.48173 0.00107714
  187 186.5 2.5012 0.00108559
  188 187.5 2.53184 0.00109889
  189 188.5 2.582 0.00112066
  190 189.5 2.64265 0.00114698
  191 190.5 2.71258 0.00117733
  192 191.5 2.80944 0.00121937
  193 192.5 2.93011 0.00127175
  194 193.5 3.09134 0.00134173
  195 194.5 3.30714 0.00143539
  196 195.5 3.60572 0.00156498
  197 196.5 3.98692 0.00173043
  198 197.5 4.47297 0.00194139
  199 198.5 5.0673 0.00219935
  200 199.5 5.81718 0.00252482
  201 200.5 6.75551 0.00293208
  202 201.5 7.89848 0.00342816
  203 202.5 9.24699 0.00401345
  204 203.5 10.7714 0.0046751
  205 204.5 12.4638 0.00540965
  206 205.5 14.2763 0.00619631
  207 206.5 16.135 0.00700304
  208 207.5 18.023 0.00782247
  209 208.5 19.8231 0.00860378
  210 209.5 21.5392 0.00934859
  211 210.5 23.0911 0.0100222
  212 211.5 24.4613 0.0106169
  213 212.5 25.6149 0.0111176
  214 213.5 26.6037 0.0115467
  215 214.5 27.4466 0.0119126
  216 215.5 28.0946 0.0121939
  217 216.5 28.5911 0.0124093
  218 217.5 29.0078 0.0125902
  219 218.5 29.352 0.0127396
  220 219.5 29.6206 0.0128562
  221 220.5 29.7903 0.0129298
  222 221.5 29.9518 0.0129999
  223 222.5 30.0744 0.0130531
  224 223.5 30.1784 0.0130983
  225 224.5 30.236 0.0131233
  226 225.5 30.2816 0.013143
  227 226.5 30.3268 0.0131627
  228 227.5 30.3715 0.0131821
  229 228.5 30.3818 0.0131866
  230 229.5 30.3896 0.0131899
  231 230.5 30.4227 0.0132043
  232 231.5 30.4245 0.0132051
  233 232.5 30.45 0.0132162
  234 233.5 30.472 0.0132257
  235 234.5 30.496 0.0132361
  236 235.5 30.464 0.0132222
  237 236.5 30.5065 0.0132407
  238 237.5 30.4997 0.0132377
  239 238.5 30.4912 0.013234
  240 239.5 30.4961 0.0132362
  241 240.5 30.4974 0.0132367
  242 241.5 30.4605 0.0132207
  243 242.5 30.488 0.0132327
  244 243.5 30.494 0.0132352
  245 244.5 30.458 0.0132196
  246 245.5 30.4324 0.0132085
  247 246.5 30.4378 0.0132109
  248 247.5 30.403 0.0131957
  249 248.5 30.4029 0.0131957
  250 249.5 30.3871 0.0131889
  251 250.5 30.4192 0.0132028
  252 251.5 30.3931 0.0131915
  253 252.5 30.3789 0.0131853
  254 253.5 30.3696 0.0131812
  255 254.5 30.407 0.0131975
  256 255.5 30.3908 0.0131905
  257 256.5 30.3886 0.0131895
  258 257.5 30.4324 0.0132085
  259 258.5 30.411 0.0131992
  260 259.5 30.4335 0.013209
  261 260.5 30.4266 0.013206
  262 261.5 30.4732 0.0132262
  263 262.5 30.4602 0.0132206
  264 263.5 30.4607 0.0132208
  265 264.5 30.4857 0.0132316
  266 265.5 30.5027 0.013239
  267 266.5 30.4897 0.0132334
  268 267.5 30.4919 0.0132343
  269 268.5 30.5307 0.0132512
  270 269.5 30.5362 0.0132536
  271 270.5 30.502 0.0132387
  272 271.5 30.5351 0.0132531
  273 272.5 30.5848 0.0132747
  274 273.5 30.5609 0.0132643
  275 274.5 30.5398 0.0132551
  276 275.5 30.5534 0.013261
  277 276.5 30.561 0.0132643
  278 277.5 30.5513 0.0132601
  279 278.5 30.5441 0.013257
  280 279.5 30.5561 0.0132622
  281 280.5 30.568 0.0132674
  282 281.5 30.5677 0.0132672
  283 282.5 30.5642 0.0132657
  284 283.5 30.5775 0.0132715
  285 284.5 30.608 0.0132847
  286 285.5 30.5662 0.0132666
  287 286.5 30.5621 0.0132648
  288 287.5 30.5852 0.0132748
  289 288.5 30.56 0.0132639
  290 289.5 30.5406 0.0132555
  291 290.5 30.5682 0.0132675
  292 291.5 30.5748 0.0132703
  293 292.5 30.5552 0.0132618
  294 293.5 30.5541 0.0132613
  295 294.5 30.5753 0.0132705
  296 295.5 30.5888 0.0132764
  297 296.5 30.5685 0.0132676
  298 297.5 30.5722 0.0132692
  299 298.5 30.5924 0.0132779
  300 299.5 30.5926 0.013278
  301 300.5 30.585 0.0132748
  302 301.5 30.5785 0.0132719
  303 302.5 30.5948 0.013279
  304 303.5 30.5897 0.0132768
  305 304.5 30.562 0.0132648
  306 305.5 30.5755 0.0132706
  307 306.5 30.5809 0.013273
  308 307.5 30.5659 0.0132665
  309 308.5 30.5499 0.0132595
  310 309.5 30.5522 0.0132605
  311 310.5 30.5299 0.0132508
  312 311.5 30.5262 0.0132492
  313 312.5 30.52 0.0132465
  314 313.5 30.4978 0.0132369
  315 314.5 30.4937 0.0132351
  316 315.5 30.512 0.013243
  317 316.5 30.4971 0.0132366
  318 317.5 30.5057 0.0132403
  319 318.5 30.4853 0.0132315
  320 319.5 30.4953 0.0132358
  321 320.5 30.4983 0.0132371
  322 321.5 30.4865 0.013232
  323 322.5 30.4632 0.0132219
  324 323.5 30.5003 0.013238
  325 324.5 30.4817 0.0132299
  326 325.5 30.4495 0.0132159
  327 326.5 30.4384 0.0132111
  328 327.5 30.4442 0.0132136
  329 328.5 30.4233 0.0132046
  330 329.5 30.3965 0.0131929
  331 330.5 30.3958 0.0131926
  332 331.5 30.4279 0.0132066
  333 332.5 30.3985 0.0131938
  334 333.5 30.3986 0.0131938
  335 334.5 30.3959 0.0131927
  336 335.5 30.4272 0.0132062
  337 336.5 30.426 0.0132057
  338 337.5 30.4206 0.0132034
  339 338.5 30.4361 0.0132101
  340 339.5 30.436 0.0132101
  341 340.5 30.4254 0.0132054
  342 341.5 30.4194 0.0132028
  343 342.5 30.4283 0.0132067
  344 343.5 30.4078 0.0131978
  345 344.5 30.4252 0.0132054
  346 345.5 30.4246 0.0132051
  347 346.5 30.4082 0.013198
  348 347.5 30.4112 0.0131993
  349 348.5 30.4228 0.0132043
  350 349.5 30.4227 0.0132043
  351 350.5 30.4447 0.0132138
  352 351.5 30.4457 0.0132143
  353 352.5 30.4572 0.0132193
  354 353.5 30.4543 0.013218
  355 354.5 30.4497 0.013216
  356 355.5 30.4674 0.0132237
  357 356.5 30.4756 0.0132273
  358 357.5 30.4853 0.0132315
  359 358.5 30.4705 0.013225
  360 359.5 30.5092 0.0132419
  361 360.5 30.5001 0.0132379
  362 361.5 30.4847 0.0132312
  363 362.5 30.5055 0.0132402
  364 363.5 30.5041 0.0132396
  365 364.5 30.4916 0.0132342
  366 365.5 30.5166 0.0132451
  367 366.5 30.509 0.0132418
  368 367.5 30.5206 0.0132468
  369 368.5 30.5206 0.0132468
  370 369.5 30.5246 0.0132485
  371 370.5 30.5026 0.013239
  372 371.5 30.5101 0.0132422
  373 372.5 30.5209 0.0132469
  374 373.5 30.5355 0.0132533
  375 374.5 30.4962 0.0132362
  376 375.5 30.5184 0.0132458
  377 376.5 30.5331 0.0132522
  378 377.5 30.52 0.0132465
  379 378.5 30.5117 0.0132429
  380 379.5 30.4963 0.0132362
  381 380.5 30.4861 0.0132318
  382 381.5 30.5194 0.0132463
  383 382.5 30.5071 0.0132409
  384 383.5 30.5002 0.0132379
  385 384.5 30.5021 0.0132388
  386 385.5 30.4912 0.013234
  387 386.5 30.523 0.0132478
  388 387.5 30.5242 0.0132483
  389 388.5 30.5187 0.013246
  390 389.5 30.4984 0.0132371
  391 390.5 30.5085 0.0132415
  392 391.5 30.4831 0.0132305
  393 392.5 30.46 0.0132205
  394 393.5 30.4391 0.0132114
  395 394.5 30.4222 0.0132041
  396 395.5 30.3613 0.0131776
  397 396.5 30.3132 0.0131568
  398 397.5 30.2503 0.0131295
  399 398.5 30.1502 0.013086
  400 399.5 30.0427 0.0130394
  401 400.5 29.9261 0.0129888
  402 401.5 29.704 0.0128924
  403 402.5 29.4673 0.0127896
  404 403.5 29.1939 0.012671
  405 404.5 28.8071 0.0125031
  406 405.5 28.2805 0.0122745
  407 406.5 27.6833 0.0120153
  408 407.5 26.9419 0.0116935
  409 408.5 26.008 0.0112882
  410 409.5 24.9236 0.0108175
  411 410.5 23.5908 0.0102391
  412 411.5 22.1491 0.00961332
  413 412.5 20.4888 0.00889273
  414 413.5 18.7009 0.00811673
  415 414.5 16.8355 0.00730709
  416 415.5 14.9667 0.00649595
  417 416.5 13.1025 0.00568685
  418 417.5 11.3609 0.00493095
  419 418.5 9.73853 0.00422679
  420 419.5 8.27492 0.00359154
  421 420.5 7.00785 0.0030416
  422 421.5 5.93892 0.00257766
  423 422.5 5.02965 0.00218301
  424 423.5 4.28647 0.00186045
  425 424.5 3.68159 0.00159791
  426 425.5 3.17378 0.00137751
  427 426.5 2.77752 0.00120552
  428 427.5 2.4673 0.00107088
  429 428.5 2.19738 0.000953722
  430 429.5 1.98708 0.000862447
  431 430.5 1.81792 0.000789029
  432 431.5 1.68803 0.000732653
  433 432.5 1.57345 0.000682919
  434 433.5 1.47225 0.000638995
  435 434.5 1.40669 0.000610544
  436 435.5 1.35468 0.000587967
  437 436.5 1.30945 0.000568339
  438 437.5 1.27802 0.000554696
  439 438.5 1.2503 0.000542667
  440 439.5 1.22525 0.000531794
  441 440.5 1.20626 0.00052355
  442 441.5 1.19419 0.000518313
  443 442.5 1.18203 0.000513035
  444 443.5 1.17162 0.000508514
  445 444.5 1.16379 0.000505119
  446 445.5 1.15809 0.000502643
  447 446.5 1.15189 0.000499954
  448 447.5 1.14839 0.000498435
  449 448.5 1.14385 0.000496464
  450 449.5 1.14432 0.000496665
  451 450.5 1.14565 0.000497243
  452 451.5 1.13801 0.00049393
  453 452.5 1.13532 0.000492759
  454 453.5 1.13934 0.000494504
  455 454.5 1.13668 0.00049335
  456 455.5 1.13383 0.000492112
  457 456.5 1.13509 0.00049266
  458 457.5 1.13201 0.000491325
  459 458.5 1.12773 0.000489466
  460 459.5 1.13123 0.000490987
  461 460.5 1.13562 0.000492891
  462 461.5 1.13988 0.000494739
  463 462.5 1.14112 0.000495278
  464 463.5 1.13969 0.000494656
  465 464.5 1.14123 0.000495326
  466 465.5 1.13916 0.000494429
  467 466.5 1.13691 0.000493452
  468 467.5 1.13299 0.000491751
  469 468.5 1.1329 0.000491712
  470 469.5 1.13195 0.000491299
  471 470.5 1.12806 0.000489611
  472 471.5 1.13147 0.000491091
  473 472.5 1.13185 0.000491255
  474 473.5 1.13571 0.000492928
  475 474.5 1.13456 0.000492431
  476 475.5 1.13705 0.00049351
  477 476.5 1.14014 0.000494853
  478 477.5 1.13943 0.000494544
  479 478.5 1.1374 0.000493665
  480 479.5 1.1439 0.000496483
  481 480.5 1.14229 0.000495786
  482 481.5 1.14166 0.000495513
  483 482.5 1.14455 0.000496765
  484 483.5 1.146 0.000497395
  485 484.5 1.14859 0.00049852
  486 485.5 1.15053 0.00049936
  487 486.5 1.1478 0.000498178
  488 487.5 1.14223 0.000495761
  489 488.5 1.14561 0.000497228
  490 489.5 1.15 0.000499131
  491 490.5 1.14797 0.000498252
  492 491.5 1.15144 0.000499759
  493 492.5 1.14747 0.000498033
  494 493.5 1.1523 0.000500132
  495 494.5 1.15499 0.000501299
  496 495.5 1.14963 0.000498973
  497 496.5 1.14774 0.000498151
  498 497.5 1.14764 0.000498108
  499 498.5 1.14937 0.000498857
  500 499.5 1.15367 0.000500726
  501 500.5 1.1561 0.000501777
  502 501.5 1.15041 0.000499309
  503 502.5 1.14005 0.000494812
  504 503.5 1.14072 0.000495105
  505 504.5 1.14156 0.00049547
  506 505.5 1.14216 0.000495727
  507 506.5 1.14396 0.00049651
  508 507.5 1.14308 0.000496126
  509 508.5 1.14233 0.000495803
  510 509.5 1.13789 0.000493874
  511 510.5 1.1419 0.000495617
  512 511.5 1.1368 0.000493401
  513 512.5 1.14088 0.000495175
  514 513.5 1.14157 0.000495473
  515 514.5 1.14107 0.000495256
  516 515.5 1.14331 0.00049623
  517 516.5 1.14204 0.000495677
  518 517.5 1.13935 0.000494509
  519 518.5 1.14091 0.000495188
  520 519.5 1.14508 0.000496995
  521 520.5 1.1424 0.000495832
  522 521.5 1.14596 0.000497381
  523 522.5 1.13802 0.000493932
  524 523.5 1.1397 0.00049466
  525 524.5 1.14188 0.000495609
  526 525.5 1.14364 0.000496372
  527 526.5 1.13847 0.000494125
  528 527.5 1.14048 0.000495
  529 528.5 1.14552 0.000497189
  530 529.5 1.14039 0.000494961
  531 530.5 1.13866 0.000494209
  532 531.5 1.14241 0.000495838
  533 532.5 1.13605 0.000493076
  534 533.5 1.13658 0.000493308
  535 534.5 1.14229 0.000495784
  536 535.5 1.14108 0.000495259
  537 536.5 1.1393 0.000494488
  538 537.5 1.14173 0.000495543
  539 538.5 1.14308 0.00049613
  540 539.5 1.14344 0.000496286
  541 540.5 1.14047 0.000494998
  542 541.5 1.14078 0.00049513
  543 542.5 1.14481 0.00049688
  544 543.5 1.14159 0.000495484
  545 544.5 1.1465 0.000497611
  546 545.5 1.14081 0.000495144
  547 546.5 1.14136 0.000495383
  548 547.5 1.14126 0.00049534
  549 548.5 1.14068 0.000495087
  550 549.5 1.14038 0.000494955
  551 550.5 1.13877 0.000494257
  552 551.5 1.13762 0.000493757
  553 552.5 1.1337 0.000492059
  554 553.5 1.13921 0.000494451
  555 554.5 1.14079 0.000495134
  556 555.5 1.13766 0.000493774
  557 556.5 1.14156 0.000495467
  558 557.5 1.14506 0.000496988
  559 558.5 1.14347 0.000496299
  560 559.5 1.14459 0.000496783
  561 560.5 1.14292 0.00049606
  562 561.5 1.14332 0.000496235
  563 562.5 1.14453 0.000496757
  564 563.5 1.14267 0.000495949
  565 564.5 1.1457 0.000497264
  566 565.5 1.14183 0.000495585
  567 566.5 1.15017 0.000499205
  568 567.5 1.14857 0.000498513
  569 568.5 1.14666 0.000497681
  570 569.5 1.14408 0.000496564
  571 570.5 1.14034 0.000494941
  572 571.5 1.14187 0.000495605
  573 572.5 1.14197 0.000495648
  574 573.5 1.14108 0.000495261
  575 574.5 1.14517 0.000497034
  576 575.5 1.14539 0.000497129
  577 576.5 1.14807 0.000498293
  578 577.5 1.14785 0.0004982
  579 578.5 1.14989 0.000499085
  580 579.5 1.14829 0.000498388
  581 580.5 1.14745 0.000498025
  582 581.5 1.14789 0.000498215
  583 582.5 1.14468 0.000496825
  584 583.5 1.14258 0.000495913
  585 584.5 1.1488 0.000498611
  586 585.5 1.14824 0.000498368
  587 586.5 1.15195 0.00049998
  588 587.5 1.15263 0.000500275
  589 588.5 1.15356 0.000500677
  590 589.5 1.1592 0.000503125
  591 590.5 1.1658 0.000505988
  592 591.5 1.17342 0.000509295
  593 592.5 1.17311 0.000509161
  594 593.5 1.17647 0.000510621
  595 594.5 1.20151 0.00052149
  596 595.5 1.21841 0.000528825
  597 596.5 1.2352 0.00053611
  598 597.5 1.26412 0.000548663
  599 598.5 1.2947 0.000561934
  600 599.5 1.33397 0.00057898
  601 600.5 1.38147 0.000599598
  602 601.5 1.44547 0.000627375
  603 602.5 1.51638 0.000658152
  604 603.5 1.60953 0.000698581
  605 604.5 1.71212 0.000743107
  606 605.5 1.82629 0.00079266
  607 606.5 1.9498 0.000846267
  608 607.5 2.09571 0.000909597
  609 608.5 2.24732 0.0009754
  610 609.5 2.41497 0.00104816
  611 610.5 2.59288 0.00112538
  612 611.5 2.75741 0.00119679
  613 612.5 2.90498 0.00126084
  614 613.5 3.04811 0.00132296
  615 614.5 3.16934 0.00137558
  616 615.5 3.26719 0.00141805
  617 616.5 3.32275 0.00144217
  618 617.5 3.3577 0.00145733
  619 618.5 3.36822 0.0014619
  620 619.5 3.3599 0.00145829
  621 620.5 3.33217 0.00144625
  622 621.5 3.27681 0.00142223
  623 622.5 3.20492 0.00139102
  624 623.5 3.13499 0.00136067
120000000 624 7136.000000000004
  1 0.5 2.99575 0.00130024
  2 1.5 2.92133 0.00126794
  3 2.5 2.83613 0.00123096
  4 3.5 2.76635 0.00120067
  5 4.5 2.70073 0.00117219
  6 5.5 2.65906 0.00115411
  7 6.5 2.62365 0.00113874
  8 7.5 2.57972 0.00111967
  9 8.5 2.53895 0.00110198
  10 9.5 2.51369 0.00109101
  11 10.5 2.49088 0.00108111
  12 11.5 2.46467 0.00106974
  13 12.5 2.44451 0.00106098
  14 13.5 2.43405 0.00105645
  15 14.5 2.42367 0.00105194
  16 15.5 2.4087 0.00104544
  17 16.5 2.41062 0.00104627
  18 17.5 2.40614 0.00104433
  19 18.5 2.40172 0.00104241
  20 19.5 2.3952 0.00103958
  21 20.5 2.40005 0.00104169
  22 21.5 2.39567 0.00103979
  23 22.5 2.40863 0.00104541
  24 23.5 2.40576 0.00104417
  25 24.5 2.40504 0.00104385
  26 25.5 2.40653 0.0010445
  27 26.5 2.40598 0.00104426
  28 27.5 2.40735 0.00104486
  29 28.5 2.41046 0.00104621
  30 29.5 2.41301 0.00104731
  31 30.5 2.4074 0.00104488
  32 31.5 2.39843 0.00104098
  33 32.5 2.39075 0.00103765
  34 33.5 2.38377 0.00103462
  35 34.5 2.38672 0.0010359
  36 35.5 2.39028 0.00103745
  37 36.5 2.39741 0.00104054
  38 37.5 2.39998 0.00104166
  39 38.5 2.41201 0.00104688
  40 39.5 2.40284 0.0010429
  41 40.5 2.3982 0.00104089
  42 41.5 2.39446 0.00103926
  43 42.5 2.40246 0.00104274
  44 43.5 2.39889 0.00104118
  45 44.5 2.38549 0.00103537
  46 45.5 2.38043 0.00103317
  47 46.5 2.36659 0.00102717
  48 47.5 2.36693 0.00102731
  49 48.5 2.36796 0.00102776
  50 49.5 2.35335 0.00102142
  51 50.5 2.34801 0.0010191
  52 51.5 2.34504 0.00101781
  53 52.5 2.34729 0.00101879
  54 53.5 2.34189 0.00101644
  55 54.5 2.34878 0.00101944
  56 55.5 2.34416 0.00101743
  57 56.5 2.34924 0.00101964
  58 57.5 2.34546 0.00101799
  59 58.5 2.34685 0.0010186
  60 59.5 2.34428 0.00101748
  61 60.5 2.34587 0.00101817
  62 61.5 2.34685 0.0010186
  63 62.5 2.34578 0.00101813
  64 63.5 2.34613 0.00101829
  65 64.5 2.34285 0.00101686
  66 65.5 2.34657 0.00101848
  67 66.5 2.35014 0.00102002
  68 67.5 2.36071 0.00102461
  69 68.5 2.36731 0.00102748
  70 69.5 2.368 0.00102778
  71 70.5 2.37412 0.00103044
  72 71.5 2.38009 0.00103302
  73 72.5 2.37749 0.0010319
  74 73.5 2.37842 0.0010323
  75 74.5 2.38292 0.00103425
  76 75.5 2.38436 0.00103488
  77 76.5 2.39727 0.00104048
  78 77.5 2.40423 0.0010435
  79 78.5 2.40543 0.00104402
  80 79.5 2.41061 0.00104627
  81 80.5 2.41362 0.00104758
  82 81.5 2.41871 0.00104979
  83 82.5 2.43336 0.00105614
  84 83.5 2.45035 0.00106352
  85 84.5 2.45088 0.00106375
  86 85.5 2.45546 0.00106574
  87 86.5 2.46691 0.00107071
  88 87.5 2.46241 0.00106876
  89 88.5 2.46685 0.00107068
  90 89.5 2.47019 0.00107213
  91 90.5 2.47859 0.00107578
  92 91.5 2.46742 0.00107093
  93 92.5 2.46616 0.00107038
  94 93.5 2.46908 0.00107165
  95 94.5 2.47197 0.0010729
  96 95.5 2.46469 0.00106975
  97 96.5 2.46177 0.00106848
  98 97.5 2.46695 0.00107072
  99 98.5 2.45922 0.00106737
  100 99.5 2.46968 0.00107191
  101 100.5 2.46309 0.00106905
  102 101.5 2.45404 0.00106512
  103 102.5 2.45553 0.00106577
  104 103.5 2.45882 0.0010672
  105 104.5 2.44848 0.00106271
  106 105.5 2.44548 0.00106141
  107 106.5 2.45306 0.0010647
  108 107.5 2.44628 0.00106176
  109 108.5 2.45316 0.00106474
  110 109.5 2.46074 0.00106803
  111 110.5 2.45427 0.00106522
  112 111.5 2.4485 0.00106272
  113 112.5 2.45299 0.00106467
  114 113.5 2.46054 0.00106794
  115 114.5 2.46093 0.00106811
  116 115.5 2.45534 0.00106568
  117 116.5 2.4672 0.00107083
  118 117.5 2.47638 0.00107482
  119 118.5 2.47445 0.00107398
  120 119.5 2.47064 0.00107233
  121 120.5 2.46714 0.00107081
  122 121.5 2.4759 0.00107461
  123 122.5 2.47256 0.00107316
  124 123.5 2.47945 0.00107615
  125 124.5 2.48525 0.00107867
  126 125.5 2.49337 0.00108219
  127 126.5 2.49174 0.00108148
  128 127.5 2.49827 0.00108432
  129 128.5 2.48425 0.00107823
  130 129.5 2.48494 0.00107853
  131 130.5 2.48276 0.00107759
  132 131.5 2.4872 0.00107951
  133 132.5 2.48549 0.00107877
  134 133.5 2.48393 0.00107809
  135 134.5 2.48167 0.00107711
  136 135.5 2.487 0.00107943
  137 136.5 2.4684 0.00107135
  138 137.5 2.47354 0.00107359
  139 138.5 2.45797 0.00106683
  140 139.5 2.44111 0.00105951
  141 140.5 2.43431 0.00105656
  142 141.5 2.42465 0.00105236
  143 142.5 2.42068 0.00105064
  144 143.5 2.41535 0.00104833
  145 144.5 2.40384 0.00104333
  146 145.5 2.41006 0.00104603
  147 146.5 2.40847 0.00104534
  148 147.5 2.40293 0.00104294
  149 148.5 2.41073 0.00104632
  150 149.5 2.40968 0.00104587
  151 150.5 2.40516 0.0010439
  152 151.5 2.40307 0.001043
  153 152.5 2.40012 0.00104172
  154 153.5 2.39713 0.00104042
  155 154.5 2.39445 0.00103926
  156 155.5 2.38494 0.00103513
  157 156.5 2.3771 0.00103173
  158 157.5 2.37147 0.00102928
  159 158.5 2.37277 0.00102985
  160 159.5 2.36871 0.00102809
  161 160.5 2.36083 0.00102467
  162 161.5 2.35907 0.0010239
  163 162.5 2.34879 0.00101944
  164 163.5 2.35772 0.00102331
  165 164.5 2.35033 0.00102011
  166 165.5 2.34574 0.00101812
  167 166.5 2.34467 0.00101765
  168 167.5 2.3401 0.00101567
  169 168.5 2.3415 0.00101628
  170 169.5 2.33822 0.00101485
  171 170.5 2.33574 0.00101378
  172 171.5 2.33795 0.00101474
  173 172.5 2.3483 0.00101923
  174 173.5 2.34357 0.00101718
  175 174.5 2.34935 0.00101968
  176 175.5 2.3568 0.00102292
  177 176.5 2.35667 0.00102286
  178 177.5 2.36313 0.00102566
  179 178.5 2.36917 0.00102829
  180 179.5 2.37923 0.00103265
  181 180.5 2.39723 0.00104046
  182 181.5 2.41093 0.00104641
  183 182.5 2.43367 0.00105628
  184 183.5 2.44447 0.00106097
  185 184.5 2.46414 0.0010695
  186 185.5 2.50329 0.0010865
  187 186.5 2.5465 0.00110525
  188 187.5 2.58658 0.00112265
  189 188.5 2.63612 0.00114415
  190 189.5 2.70017 0.00117195
  191 190.5 2.78972 0.00121082
  192 191.5 2.91303 0.00126434
  193 192.5 3.0739 0.00133416
  194 193.5 3.28159 0.0014243
  195 194.5 3.56481 0.00154723
  196 195.5 3.91385 0.00169872
  197 196.5 4.38222 0.00190201
  198 197.5 4.9875 0.00216471
  199 198.5 5.74533 0.00249363
  200 199.5 6.67183 0.00289576
  201 200.5 7.80917 0.0033894
  202 201.5 9.14573 0.0039695
  203 202.5 10.6497 0.00462226
  204 203.5 12.3372 0.0053547
  205 204.5 14.1243 0.00613034
  206 205.5 15.963 0.00692837
  207 206.5 17.8459 0.00774562
  208 207.5 19.6594 0.00853273
  209 208.5 21.3483 0.00926577
  210 209.5 22.9103 0.0099437
  211 210.5 24.2792 0.0105378
  212 211.5 25.4852 0.0110613
  213 212.5 26.5186 0.0115098
  214 213.5 27.3371 0.011865
  215 214.5 28.0138 0.0121588
  216 215.5 28.5951 0.0124111
  217 216.5 29.0326 0.0126009
  218 217.5 29.3633 0.0127445
  219 218.5 29.6459 0.0128672
  220 219.5 29.8698 0.0129643
  221 220.5 30.0347 0.0130359
  222 221.5 30.1561 0.0130886
  223 222.5 30.2956 0.0131491
  224 223.5 30.3264 0.0131625
  225 224.5 30.3985 0.0131938
  226 225.5 30.4609 0.0132209
  227 226.5 30.4853 0.0132315
  228 227.5 30.5022 0.0132388
  229 228.5 30.5092 0.0132418
  230 229.5 30.5294 0.0132506
  231 230.5 30.5721 0.0132692
  232 231.5 30.5547 0.0132616
  233 232.5 30.5655 0.0132663
  234 233.5 30.5938 0.0132786
  235 234.5 30.5729 0.0132695
  236 235.5 30.5862 0.0132753
  237 236.5 30.5835 0.0132741
  238 237.5 30.6017 0.013282
  239 238.5 30.6008 0.0132816
  240 239.5 30.5804 0.0132727
  241 240.5 30.5941 0.0132787
  242 241.5 30.6118 0.0132864
  243 242.5 30.5993 0.0132809
  244 243.5 30.6 0.0132812
  245 244.5 30.5827 0.0132738
  246 245.5 30.6158 0.0132881
  247 246.5 30.5958 0.0132794
  248 247.5 30.588 0.013276
  249 248.5 30.5957 0.0132794
  250 249.5 30.5937 0.0132785
  251 250.5 30.5676 0.0132672
  252 251.5 30.5829 0.0132738
  253 252.5 30.6084 0.0132849
  254 253.5 30.5709 0.0132686
  255 254.5 30.5445 0.0132572
  256 255.5 30.547 0.0132582
  257 256.5 30.5512 0.0132601
  258 257.5 30.5636 0.0132654
  259 258.5 30.5388 0.0132547
  260 259.5 30.5415 0.0132559
  261 260.5 30.5438 0.0132569
  262 261.5 30.5638 0.0132655
  263 262.5 30.5099 0.0132422
  264 263.5 30.5234 0.013248
  265 264.5 30.5377 0.0132542
  266 265.5 30.5212 0.013247
  267 266.5 30.501 0.0132383
  268 267.5 30.5133 0.0132436
  269 268.5 30.5272 0.0132497
  270 269.5 30.4941 0.0132353
  271 270.5 30.4994 0.0132376
  272 271.5 30.5266 0.0132494
  273 272.5 30.5135 0.0132437
  274 273.5 30.5065 0.0132407
  275 274.5 30.5423 0.0132562
  276 275.5 30.552 0.0132604
  277 276.5 30.5169 0.0132452
  278 277.5 30.5241 0.0132483
  279 278.5 30.5617 0.0132646
  280 279.5 30.5369 0.0132538
  281 280.5 30.5458 0.0132577
  282 281.5 30.5465 0.013258
  283 282.5 30.517 0.0132452
  284 283.5 30.5386 0.0132546
  285 284.5 30.5227 0.0132477
  286 285.5 30.5093 0.0132419
  287 286.5 30.5007 0.0132381
  288 287.5 30.5069 0.0132408
  289 288.5 30.514 0.0132439
  290 289.5 30.4875 0.0132324
  291 290.5 30.4845 0.0132311
  292 291.5 30.4922 0.0132345
  293 292.5 30.4826 0.0132303
  294 293.5 30.4876 0.0132325
  295 294.5 30.4589 0.01322
  296 295.5 30.4713 0.0132254
  297 296.5 30.482 0.01323
  298 297.5 30.4611 0.013221
  299 298.5 30.4619 0.0132213
  300 299.5 30.4771 0.0132279
  301 300.5 30.4592 0.0132202
  302 301.5 30.4461 0.0132144
  303 302.5 30.4808 0.0132295
  304 303.5 30.4716 0.0132255
  305 304.5 30.4727 0.013226
  306 305.5 30.4659 0.013223
  307 306.5 30.5035 0.0132394
  308 307.5 30.469 0.0132244
  309 308.5 30.4721 0.0132257
  310 309.5 30.4742 0.0132266
  311 310.5 30.501 0.0132383
  312 311.5 30.4444 0.0132137
  313 312.5 30.4664 0.0132233
  314 313.5 30.4899 0.0132335
  315 314.5 30.4968 0.0132365
  316 315.5 30.5001 0.0132379
  317 316.5 30.4845 0.0132311
  318 317.5 30.4952 0.0132358
  319 318.5 30.4936 0.0132351
  320 319.5 30.4813 0.0132297
  321 320.5 30.4881 0.0132327
  322 321.5 30.5006 0.0132381
  323 322.5 30.5061 0.0132405
  324 323.5 30.5222 0.0132475
  325 324.5 30.5256 0.013249
  326 325.5 30.5356 0.0132533
  327 326.5 30.5328 0.0132521
  328 327.5 30.5301 0.0132509
  329 328.5 30.5324 0.0132519
  330 329.5 30.5335 0.0132524
  331 330.5 30.4966 0.0132364
  332 331.5 30.4985 0.0132372
  333 332.5 30.4937 0.0132351
  334 333.5 30.4923 0.0132345
  335 334.5 30.4773 0.013228
  336 335.5 30.4733 0.0132262
  337 336.5 30.4591 0.0132201
  338 337.5 30.476 0.0132275
  339 338.5 30.4744 0.0132267
  340 339.5 30.459 0.0132201
  341 340.5 30.4441 0.0132136
  342 341.5 30.4642 0.0132223
  343 342.5 30.4324 0.0132085
  344 343.5 30.4191 0.0132027
  345 344.5 30.4439 0.0132135
  346 345.5 30.4267 0.013206
  347 346.5 30.4267 0.013206
  348 347.5 30.434 0.0132092
  349 348.5 30.455 0.0132183
  350 349.5 30.4553 0.0132185
  351 350.5 30.4092 0.0131984
  352 351.5 30.4557 0.0132186
  353 352.5 30.4813 0.0132298
  354 353.5 30.46 0.0132205
  355 354.5 30.4562 0.0132188
  356 355.5 30.4898 0.0132334
  357 356.5 30.4834 0.0132306
  358 357.5 30.4769 0.0132278
  359 358.5 30.4884 0.0132328
  360 359.5 30.4997 0.0132377
  361 360.5 30.507 0.0132409
  362 361.5 30.5278 0.0132499
  363 362.5 30.5529 0.0132608
  364 363.5 30.5553 0.0132619
  365 364.5 30.5342 0.0132527
  366 365.5 30.5729 0.0132695
  367 366.5 30.5786 0.013272
  368 367.5 30.571 0.0132687
  369 368.5 30.5726 0.0132693
  370 369.5 30.5742 0.01327
  371 370.5 30.6073 0.0132844
  372 371.5 30.5813 0.0132732
  373 372.5 30.5901 0.013277
  374 373.5 30.6262 0.0132926
  375 374.5 30.6129 0.0132868
  376 375.5 30.5829 0.0132738
  377 376.5 30.5975 0.0132802
  378 377.5 30.5896 0.0132767
  379 378.5 30.617 0.0132886
  380 379.5 30.5831 0.0132739
  381 380.5 30.5879 0.013276
  382 381.5 30.5852 0.0132748
  383 382.5 30.5954 0.0132793
  384 383.5 30.5891 0.0132765
  385 384.5 30.5521 0.0132605
  386 385.5 30.5698 0.0132681
  387 386.5 30.5536 0.0132611
  388 387.5 30.523 0.0132478
  389 388.5 30.5222 0.0132475
  390 389.5 30.5106 0.0132425
  391 390.5 30.4845 0.0132311
  392 391.5 30.4501 0.0132162
  393 392.5 30.4197 0.013203
  394 393.5 30.3738 0.0131831
  395 394.5 30.3331 0.0131654
  396 395.5 30.2604 0.0131339
  397 396.5 30.1884 0.0131026
  398 397.5 30.1096 0.0130684
  399 398.5 29.9831 0.0130135
  400 399.5 29.851 0.0129561
  401 400.5 29.6565 0.0128718
  402 401.5 29.3932 0.0127575
  403 402.5 29.0923 0.0126269
  404 403.5 28.7217 0.012466
  405 404.5 28.1922 0.0122362
  406 405.5 27.5665 0.0119646
  407 406.5 26.8085 0.0116356
  408 407.5 25.8488 0.0112191
  409 408.5 24.7157 0.0107273
  410 409.5 23.4169 0.0101636
  411 410.5 21.9618 0.00953205
  412 411.5 20.326 0.00882203
  413 412.5 18.5663 0.00805828
  414 413.5 16.761 0.00727475
  415 414.5 14.9112 0.00647186
  416 415.5 13.1025 0.00568685
  417 416.5 11.3712 0.0049354
  418 417.5 9.75723 0.00423491
  419 418.5 8.30146 0.00360306
  420 419.5 7.01695 0.00304555
  421 420.5 5.93428 0.00257564
  422 421.5 5.0168 0.00217743
  423 422.5 4.26323 0.00185036
  424 423.5 3.63557 0.00157794
  425 424.5 3.14084 0.00136321
  426 425.5 2.73832 0.0011885
  427 426.5 2.42161 0.00105105
  428 427.5 2.17035 0.000941994
  429 428.5 1.95975 0.000850588
  430 429.5 1.79357 0.000778461
  431 430.5 1.6684 0.00072413
  432 431.5 1.55715 0.000675848
  433 432.5 1.47252 0.000639113
  434 433.5 1.40361 0.000609206
  435 434.5 1.35681 0.000588891
  436 435.5 1.31661 0.000571443
  437 436.5 1.28529 0.000557852
  438 437.5 1.25663 0.000545411
  439 438.5 1.23726 0.000537007
  440 439.5 1.21381 0.000526829
  441 440.5 1.19991 0.000520794
  442 441.5 1.193 0.000517797
  443 442.5 1.18682 0.000515114
  444 443.5 1.17822 0.00051138
  445 444.5 1.1738 0.000509464
  446 445.5 1.17227 0.000508796
  447 446.5 1.17065 0.000508096
  448 447.5 1.16472 0.000505523
  449 448.5 1.16169 0.000504204
  450 449.5 1.16008 0.000503509
  451 450.5 1.15442 0.00050105
  452 451.5 1.15108 0.000499599
  453 452.5 1.14882 0.00049862
  454 453.5 1.14427 0.000496644
  455 454.5 1.14239 0.00049583
  456 455.5 1.14443 0.000496713
  457 456.5 1.1463 0.000497526
  458 457.5 1.14429 0.000496654
  459 458.5 1.14442 0.000496709
  460 459.5 1.14416 0.000496597
  461 460.5 1.14461 0.000496791
  462 461.5 1.15254 0.000500234
  463 462.5 1.14806 0.000498288
  464 463.5 1.14668 0.000497691
  465 464.5 1.1466 0.000497657
  466 465.5 1.14447 0.00049673
  467 466.5 1.14548 0.000497169
  468 467.5 1.14371 0.000496401
  469 468.5 1.14381 0.000496447
  470 469.5 1.13729 0.000493617
  471 470.5 1.14181 0.000495576
  472 471.5 1.14059 0.000495049
  473 472.5 1.1376 0.000493752
  474 473.5 1.13715 0.000493553
  475 474.5 1.13407 0.000492217
  476 475.5 1.13718 0.00049357
  477 476.5 1.13688 0.000493436
  478 477.5 1.13723 0.000493592
  479 478.5 1.13941 0.000494536
  480 479.5 1.13387 0.000492133
  481 480.5 1.13153 0.000491114
  482 481.5 1.13157 0.000491134
  483 482.5 1.13213 0.000491377
  484 483.5 1.13219 0.000491403
  485 484.5 1.13466 0.000492473
  486 485.5 1.13108 0.000490921
  487 486.5 1.13095 0.000490863
  488 487.5 1.13234 0.000491465
  489 488.5 1.13434 0.000492335
  490 489.5 1.13717 0.000493565
  491 490.5 1.13877 0.000494257
  492 491.5 1.13562 0.000492891
  493 492.5 1.13824 0.000494028
  494 493.5 1.14128 0.000495347
  495 494.5 1.13892 0.000494322
  496 495.5 1.14091 0.000495184
  497 496.5 1.14602 0.000497405
  498 497.5 1.14909 0.000498735
  499 498.5 1.14317 0.000496167
  500 499.5 1.13905 0.000494381
  501 500.5 1.13947 0.000494561
  502 501.5 1.13946 0.000494559
  503 502.5 1.13818 0.000494
  504 503.5 1.13532 0.000492762
  505 504.5 1.14044 0.00049498
  506 505.5 1.13861 0.000494187
  507 506.5 1.13561 0.000492888
  508 507.5 1.13558 0.000492873
  509 508.5 1.1368 0.000493402
  510 509.5 1.13436 0.000492344
  511 510.5 1.13516 0.00049269
  512 511.5 1.13407 0.00049222
  513 512.5 1.13945 0.000494551
  514 513.5 1.13684 0.000493418
  515 514.5 1.1346 0.000492448
  516 515.5 1.13773 0.000493804
  517 516.5 1.13803 0.000493937
  518 517.5 1.14079 0.000495135
  519 518.5 1.13915 0.000494421
  520 519.5 1.13918 0.000494436
  521 520.5 1.14098 0.000495217
  522 521.5 1.1431 0.000496138
  523 522.5 1.14023 0.000494892
  524 523.5 1.14147 0.000495431
  525 524.5 1.14256 0.000495902
  526 525.5 1.14111 0.000495274
  527 526.5 1.14527 0.000497079
  528 527.5 1.14194 0.000495635
  529 528.5 1.14203 0.000495671
  530 529.5 1.14653 0.000497626
  531 530.5 1.14502 0.000496972
  532 531.5 1.14694 0.000497803
  533 532.5 1.14655 0.000497635
  534 533.5 1.14757 0.000498076
  535 534.5 1.1473 0.00049796
  536 535.5 1.15067 0.000499421
  537 536.5 1.15707 0.000502199
  538 537.5 1.15836 0.00050276
  539 538.5 1.16048 0.000503681
  540 539.5 1.1613 0.000504035
  541 540.5 1.15899 0.000503035
  542 541.5 1.15895 0.000503016
  543 542.5 1.15666 0.000502022
  544 543.5 1.15577 0.000501638
  545 544.5 1.15471 0.000501174
  546 545.5 1.1581 0.000502649
  547 546.5 1.15884 0.00050297
  548 547.5 1.16125 0.000504015
  549 548.5 1.15899 0.000503036
  550 549.5 1.15942 0.000503219
  551 550.5 1.15806 0.000502628
  552 551.5 1.15547 0.000501504
  553 552.5 1.15694 0.000502145
  554 553.5 1.15511 0.000501349
  555 554.5 1.15504 0.00050132
  556 555.5 1.15932 0.000503175
  557 556.5 1.15536 0.000501461
  558 557.5 1.15675 0.000502063
  559 558.5 1.15576 0.00050163
  560 559.5 1.15444 0.00050106
  561 560.5 1.15303 0.000500445
  562 561.5 1.15774 0.00050249
  563 562.5 1.1592 0.000503124
  564 563.5 1.16152 0.00050413
  565 564.5 1.15805 0.000502625
  566 565.5 1.16114 0.000503968
  567 566.5 1.16021 0.000503565
  568 567.5 1.15849 0.000502815
  569 568.5 1.15809 0.000502644
  570 569.5 1.15896 0.000503023
  571 570.5 1.16092 0.000503872
  572 571.5 1.16396 0.000505189
  573 572.5 1.16167 0.000504196
  574 573.5 1.16356 0.000505019
  575 574.5 1.16291 0.000504734
  576 575.5 1.15995 0.000503451
  577 576.5 1.1613 0.000504036
  578 577.5 1.16711 0.000506559
  579 578.5 1.16638 0.000506243
  580 579.5 1.16209 0.000504381
  581 580.5 1.16298 0.000504766
  582 581.5 1.1643 0.00050534
  583 582.5 1.17012 0.000507864
  584 583.5 1.16715 0.000506576
  585 584.5 1.16678 0.000506416
  586 585.5 1.16646 0.000506274
  587 586.5 1.17065 0.000508093
  588 587.5 1.16872 0.000507258
  589 588.5 1.16768 0.000506806
  590 589.5 1.17389 0.0005095
  591 590.5 1.18492 0.000514289
  592 591.5 1.18661 0.00051502
  593 592.5 1.19614 0.000519158
  594 593.5 1.213 0.000526477
  595 594.5 1.23247 0.000534926
  596 595.5 1.24991 0.000542495
  597 596.5 1.27241 0.000552263
  598 597.5 1.30896 0.000568126
  599 598.5 1.34788 0.000585019
  600 599.5 1.3959 0.000605859
  601 600.5 1.45776 0.000632707
  602 601.5 1.52451 0.000661681
  603 602.5 1.60925 0.00069846
  604 603.5 1.71515 0.000744422
  605 604.5 1.83856 0.000797986
  606 605.5 1.98009 0.000859415
  607 606.5 2.12351 0.000921662
  608 607.5 2.29508 0.000996127
  609 608.5 2.47369 0.00107365
  610 609.5 2.65292 0.00115144
  611 610.5 2.81574 0.00122211
  612 611.5 2.98984 0.00129767
  613 612.5 3.12771 0.00135751
  614 613.5 3.25659 0.00141345
  615 614.5 3.34961 0.00145383
  616 615.5 3.42052 0.0014846
  617 616.5 3.46073 0.00150205
  618 617.5 3.46955 0.00150588
  619 618.5 3.44644 0.00149585
  620 619.5 3.40315 0.00147706
  621 620.5 3.34457 0.00145163
  622 621.5 3.25767 0.00141392
  623 622.5 3.17248 0.00137694
  624 623.5 3.08349 0.00133832
140000000 624 7135.999999999998
  1 0.5 2.8443 0.00123451
  2 1.5 2.78007 0.00120663
  3 2.5 2.72783 0.00118396
  4 3.5 2.66698 0.00115754
  5 4.5 2.61478 0.00113489
  6 5.5 2.56124 0.00111165
  7 6.5 2.52583 0.00109628
  8 7.5 2.49655 0.00108357
  9 8.5 2.46572 0.00107019
  10 9.5 2.43907 0.00105863
  11 10.5 2.43051 0.00105491
  12 11.5 2.41622 0.00104871
  13 12.5 2.40966 0.00104586
  14 13.5 2.40753 0.00104493
  15 14.5 2.41174 0.00104676
  16 15.5 2.40548 0.00104404
  17 16.5 2.40256 0.00104278
  18 17.5 2.38853 0.00103669
  19 18.5 2.39053 0.00103756
  20 19.5 2.38659 0.00103585
  21 20.5 2.38902 0.0010369
  22 21.5 2.39678 0.00104027
  23 22.5 2.39243 0.00103838
  24 23.5 2.39691 0.00104032
  25 24.5 2.3895 0.00103711
  26 25.5 2.39693 0.00104034
  27 26.5 2.39001 0.00103733
  28 27.5 2.38562 0.00103543
  29 28.5 2.38525 0.00103526
  30 29.5 2.3752 0.0010309
  31 30.5 2.36256 0.00102541
  32 31.5 2.36654 0.00102714
  33 32.5 2.36787 0.00102772
  34 33.5 2.37806 0.00103214
  35 34.5 2.38889 0.00103685
  36 35.5 2.38628 0.00103571
  37 36.5 2.38561 0.00103542
  38 37.5 2.3891 0.00103693
  39 38.5 2.39206 0.00103822
  40 39.5 2.40385 0.00104334
  41 40.5 2.40691 0.00104467
  42 41.5 2.40545 0.00104403
  43 42.5 2.40304 0.00104299
  44 43.5 2.41416 0.00104781
  45 44.5 2.42412 0.00105213
  46 45.5 2.42936 0.00105441
  47 46.5 2.41849 0.00104969
  48 47.5 2.42707 0.00105342
  49 48.5 2.43297 0.00105598
  50 49.5 2.44161 0.00105973
  51 50.5 2.42861 0.00105408
  52 51.5 2.42129 0.0010509
  53 52.5 2.41835 0.00104963
  54 53.5 2.40927 0.00104569
  55 54.5 2.41028 0.00104613
  56 55.5 2.40313 0.00104303
  57 56.5 2.40446 0.0010436
  58 57.5 2.3959 0.00103989
  59 58.5 2.38593 0.00103556
  60 59.5 2.37886 0.00103249
  61 60.5 2.37924 0.00103266
  62 61.5 2.37242 0.00102969
  63 62.5 2.37633 0.00103139
  64 63.5 2.38182 0.00103377
  65 64.5 2.37888 0.0010325
  66 65.5 2.38255 0.00103409
  67 66.5 2.38882 0.00103682
  68 67.5 2.39371 0.00103894
  69 68.5 2.3971 0.00104041
  70 69.5 2.401 0.0010421
  71 70.5 2.40184 0.00104246
  72 71.5 2.4024 0.00104271
  73 72.5 2.40444 0.00104359
  74 73.5 2.41497 0.00104816
  75 74.5 2.41069 0.00104631
  76 75.5 2.42536 0.00105268
  77 76.5 2.41893 0.00104988
  78 77.5 2.41332 0.00104745
  79 78.5 2.406 0.00104427
  80 79.5 2.41141 0.00104662
  81 80.5 2.41577 0.00104851
  82 81.5 2.42164 0.00105106
  83 82.5 2.41854 0.00104971
  84 83.5 2.41848 0.00104969
  85 84.5 2.41102 0.00104645
  86 85.5 2.40023 0.00104177
  87 86.5 2.39243 0.00103838
  88 87.5 2.39615 0.00103999
  89 88.5 2.39154 0.00103799
  90 89.5 2.3846 0.00103498
  91 90.5 2.3834 0.00103446
  92 91.5 2.37142 0.00102926
  93 92.5 2.36871 0.00102809
  94 93.5 2.36916 0.00102828
  95 94.5 2.36959 0.00102847
  96 95.5 2.35721 0.0010231
  97 96.5 2.35091 0.00102036
  98 97.5 2.35014 0.00102002
  99 98.5 2.36433 0.00102618
  100 99.5 2.34812 0.00101915
  101 100.5 2.34139 0.00101623
  102 101.5 2.34715 0.00101873
  103 102.5 2.34982 0.00101989
  104 103.5 2.35653 0.0010228
  105 104.5 2.34762 0.00101893
  106 105.5 2.34339 0.0010171
  107 106.5 2.33836 0.00101491
  108 107.5 2.33045 0.00101148
  109 108.5 2.33012 0.00101134
  110 109.5 2.33073 0.0010116
  111 110.5 2.32964 0.00101113
  112 111.5 2.32349 0.00100846
  113 112.5 2.32222 0.00100791
  114 113.5 2.31554 0.00100501
  115 114.5 2.31248 0.00100368
  116 115.5 2.30252 0.000999358
  117 116.5 2.29547 0.000996296
  118 117.5 2.30525 0.00100054
  119 118.5 2.30481 0.00100035
  120 119.5 2.29788 0.000997343
  121 120.5 2.30189 0.000999086
  122 121.5 2.30495 0.00100041
  123 122.5 2.30836 0.00100189
  124 123.5 2.30492 0.0010004
  125 124.5 2.31276 0.0010038
  126 125.5 2.31823 0.00100618
  127 126.5 2.32399 0.00100868
  128 127.5 2.33133 0.00101186
  129 128.5 2.33761 0.00101459
  130 129.5 2.34346 0.00101712
  131 130.5 2.35139 0.00102057
  132 131.5 2.35846 0.00102364
  133 132.5 2.35757 0.00102325
  134 133.5 2.35915 0.00102394
  135 134.5 2.35915 0.00102393
  136 135.5 2.36538 0.00102664
  137 136.5 2.367 0.00102735
  138 137.5 2.36233 0.00102532
  139 138.5 2.35864 0.00102372
  140 139.5 2.36187 0.00102512
  141 140.5 2.37225 0.00102962
  142 141.5 2.38327 0.0010344
  143 142.5 2.38407 0.00103475
  144 143.5 2.38202 0.00103386
  145 144.5 2.38316 0.00103436
  146 145.5 2.38412 0.00103478
  147 146.5 2.39529 0.00103962
  148 147.5 2.39292 0.0010386
  149 148.5 2.38528 0.00103528
  150 149.5 2.38551 0.00103538
  151 150.5 2.38292 0.00103425
  152 151.5 2.36692 0.00102731
  153 152.5 2.36838 0.00102794
  154 153.5 2.3654 0.00102665
  155 154.5 2.36735 0.00102749
  156 155.5 2.36578 0.00102681
  157 156.5 2.36859 0.00102804
  158 157.5 2.3733 0.00103008
  159 158.5 2.36526 0.00102659
  160 159.5 2.36748 0.00102755
  161 160.5 2.3703 0.00102878
  162 161.5 2.37226 0.00102963
  163 162.5 2.36633 0.00102706
  164 163.5 2.36284 0.00102554
  165 164.5 2.36263 0.00102545
  166 165.5 2.35331 0.0010214
  167 166.5 2.34926 0.00101964
  168 167.5 2.34997 0.00101995
  169 168.5 2.35031 0.0010201
  170 169.5 2.35417 0.00102178
  171 170.5 2.36017 0.00102438
  172 171.5 2.37096 0.00102906
  173 172.5 2.37024 0.00102875
  174 173.5 2.37499 0.00103081
  175 174.5 2.38458 0.00103497
  176 175.5 2.38478 0.00103506
  177 176.5 2.39373 0.00103894
  178 177.5 2.40742 0.00104489
  179 178.5 2.41838 0.00104964
  180 179.5 2.43281 0.00105591
  181 180.5 2.44974 0.00106326
  182 181.5 2.45629 0.0010661
  183 182.5 2.48612 0.00107904
  184 183.5 2.51992 0.00109372
  185 184.5 2.54973 0.00110665
  186 185.5 2.5852 0.00112205
  187 186.5 2.62752 0.00114042
  188 187.5 2.68415 0.00116499
  189 188.5 2.75956 0.00119773
  190 189.5 2.8507 0.00123728
  191 190.5 2.97338 0.00129053
  192 191.5 3.1364 0.00136129
  193 192.5 3.34704 0.00145271
  194 193.5 3.62808 0.00157469
  195 194.5 4.01432 0.00174233
  196 195.5 4.50342 0.00195461
  197 196.5 5.13884 0.0022304
  198 197.5 5.95795 0.00258592
  199 198.5 6.97279 0.00302638
  200 199.5 8.20237 0.00356006
  201 200.5 9.6201 0.00417539
  202 201.5 11.2592 0.00488681
  203 202.5 13.0638 0.00567006
  204 203.5 14.9645 0.00649503
  205 204.5 16.936 0.0073507
  206 205.5 18.858 0.00818488
  207 206.5 20.6996 0.00898421
  208 207.5 22.3801 0.00971357
  209 208.5 23.8744 0.0103621
  210 209.5 25.1583 0.0109194
  211 210.5 26.2319 0.0113854
  212 211.5 27.1213 0.0117714
  213 212.5 27.8849 0.0121028
  214 213.5 28.4179 0.0123342
  215 214.5 28.8804 0.0125349
  216 215.5 29.2439 0.0126927
  217 216.5 29.5449 0.0128233
  218 217.5 29.7388 0.0129075
  219 218.5 29.9159 0.0129843
  220 219.5 30.0988 0.0130637
  221 220.5 30.1498 0.0130858
  222 221.5 30.2388 0.0131245
  223 222.5 30.3135 0.0131569
  224 223.5 30.3761 0.0131841
  225 224.5 30.3867 0.0131887
  226 225.5 30.4266 0.013206
  227 226.5 30.4519 0.013217
  228 227.5 30.4779 0.0132282
  229 228.5 30.501 0.0132383
  230 229.5 30.4793 0.0132288
  231 230.5 30.4994 0.0132376
  232 231.5 30.5282 0.0132501
  233 232.5 30.5643 0.0132657
  234 233.5 30.5266 0.0132494
  235 234.5 30.5055 0.0132402
  236 235.5 30.5612 0.0132644
  237 236.5 30.5428 0.0132564
  238 237.5 30.534 0.0132526
  239 238.5 30.5432 0.0132566
  240 239.5 30.5531 0.0132609
  241 240.5 30.5123 0.0132432
  242 241.5 30.514 0.0132439
  243 242.5 30.5403 0.0132554
  244 243.5 30.5257 0.013249
  245 244.5 30.5171 0.0132453
  246 245.5 30.5088 0.0132417
  247 246.5 30.5355 0.0132533
  248 247.5 30.5032 0.0132392
  249 248.5 30.4984 0.0132371
  250 249.5 30.5155 0.0132446
  251 250.5 30.5194 0.0132463
  252 251.5 30.5048 0.0132399
  253 252.5 30.5128 0.0132434
  254 253.5 30.5397 0.0132551
  255 254.5 30.5271 0.0132496
  256 255.5 30.5046 0.0132399
  257 256.5 30.5415 0.0132559
  258 257.5 30.5327 0.013252
  259 258.5 30.5326 0.013252
  260 259.5 30.4903 0.0132336
  261 260.5 30.5112 0.0132427
  262 261.5 30.5317 0.0132516
  263 262.5 30.5209 0.0132469
  264 263.5 30.4654 0.0132228
  265 264.5 30.5093 0.0132419
  266 265.5 30.5192 0.0132462
  267 266.5 30.4838 0.0132308
  268 267.5 30.4877 0.0132325
  269 268.5 30.5267 0.0132494
  270 269.5 30.5165 0.013245
  271 270.5 30.4847 0.0132312
  272 271.5 30.4869 0.0132321
  273 272.5 30.5068 0.0132408
  274 273.5 30.5073 0.013241
  275 274.5 30.4759 0.0132274
  276 275.5 30.4623 0.0132215
  277 276.5 30.4977 0.0132369
  278 277.5 30.4868 0.0132321
  279 278.5 30.4823 0.0132302
  280 279.5 30.4838 0.0132308
  281 280.5 30.4766 0.0132277
  282 281.5 30.4839 0.0132309
  283 282.5 30.4833 0.0132306
  284 283.5 30.4794 0.0132289
  285 284.5 30.488 0.0132326
  286 285.5 30.5142 0.013244
  287 286.5 30.4907 0.0132338
  288 287.5 30.4921 0.0132344
  289 288.5 30.5108 0.0132425
  290 289.5 30.5003 0.013238
  291 290.5 30.4916 0.0132342
  292 291.5 30.5078 0.0132412
  293 292.5 30.5073 0.013241
  294 293.5 30.4856 0.0132316
  295 294.5 30.4825 0.0132303
  296 295.5 30.4958 0.013236
  297 296.5 30.494 0.0132352
  298 297.5 30.47 0.0132248
  299 298.5 30.4828 0.0132304
  300 299.5 30.4768 0.0132278
  301 300.5 30.4758 0.0132273
  302 301.5 30.4589 0.01322
  303 302.5 30.4654 0.0132228
  304 303.5 30.4611 0.013221
  305 304.5 30.4625 0.0132216
  306 305.5 30.4535 0.0132177
  307 306.5 30.4659 0.013223
  308 307.5 30.4636 0.013222
  309 308.5 30.4689 0.0132244
  310 309.5 30.4488 0.0132156
  311 310.5 30.4816 0.0132299
  312 311.5 30.4488 0.0132156
  313 312.5 30.4353 0.0132098
  314 313.5 30.4468 0.0132147
  315 314.5 30.4783 0.0132284
  316 315.5 30.4554 0.0132185
  317 316.5 30.4869 0.0132322
  318 317.5 30.4862 0.0132319
  319 318.5 30.4917 0.0132342
  320 319.5 30.5029 0.0132391
  321 320.5 30.4928 0.0132347
  322 321.5 30.5049 0.01324
  323 322.5 30.5021 0.0132388
  324 323.5 30.4951 0.0132357
  325 324.5 30.5144 0.0132441
  326 325.5 30.5184 0.0132458
  327 326.5 30.5334 0.0132524
  328 327.5 30.5435 0.0132567
  329 328.5 30.5284 0.0132502
  330 329.5 30.5456 0.0132576
  331 330.5 30.5456 0.0132576
  332 331.5 30.5529 0.0132608
  333 332.5 30.5365 0.0132537
  334 333.5 30.5451 0.0132574
  335 334.5 30.5271 0.0132496
  336 335.5 30.546 0.0132578
  337 336.5 30.5601 0.0132639
  338 337.5 30.5718 0.013269
  339 338.5 30.5648 0.013266
  340 339.5 30.5669 0.0132669
  341 340.5 30.5929 0.0132782
  342 341.5 30.5826 0.0132737
  343 342.5 30.5862 0.0132753
  344 343.5 30.6106 0.0132859
  345 344.5 30.6147 0.0132876
  346 345.5 30.6097 0.0132855
  347 346.5 30.6033 0.0132827
  348 347.5 30.6188 0.0132894
  349 348.5 30.6343 0.0132961
  350 349.5 30.6308 0.0132946
  351 350.5 30.6304 0.0132944
  352 351.5 30.6537 0.0133046
  353 352.5 30.6595 0.0133071
  354 353.5 30.6076 0.0132846
  355 354.5 30.641 0.013299
  356 355.5 30.6472 0.0133018
  357 356.5 30.6255 0.0132923
  358 357.5 30.5985 0.0132806
  359 358.5 30.6293 0.013294
  360 359.5 30.6398 0.0132985
  361 360.5 30.5891 0.0132765
  362 361.5 30.603 0.0132825
  363 362.5 30.6416 0.0132993
  364 363.5 30.5938 0.0132785
  365 364.5 30.5766 0.0132711
  366 365.5 30.5764 0.013271
  367 366.5 30.6139 0.0132873
  368 367.5 30.581 0.013273
  369 368.5 30.565 0.0132661
  370 369.5 30.5989 0.0132808
  371 370.5 30.6023 0.0132822
  372 371.5 30.5713 0.0132688
  373 372.5 30.5784 0.0132719
  374 373.5 30.5979 0.0132803
  375 374.5 30.5725 0.0132693
  376 375.5 30.5831 0.0132739
  377 376.5 30.561 0.0132643
  378 377.5 30.5895 0.0132767
  379 378.5 30.5833 0.013274
  380 379.5 30.5779 0.0132717
  381 380.5 30.5802 0.0132727
  382 381.5 30.6003 0.0132814
  383 382.5 30.619 0.0132895
  384 383.5 30.6016 0.0132819
  385 384.5 30.6167 0.0132885
  386 385.5 30.6359 0.0132968
  387 386.5 30.5894 0.0132766
  388 387.5 30.6096 0.0132854
  389 388.5 30.6113 0.0132862
  390 389.5 30.5763 0.013271
  391 390.5 30.5371 0.0132539
  392 391.5 30.5468 0.0132582
  393 392.5 30.489 0.0132331
  394 393.5 30.4368 0.0132104
  395 394.5 30.3896 0.0131899
  396 395.5 30.312 0.0131562
  397 396.5 30.22 0.0131163
  398 397.5 30.0938 0.0130615
  399 398.5 29.9591 0.0130031
  400 399.5 29.7612 0.0129172
  401 400.5 29.5209 0.0128129
  402 401.5 29.1993 0.0126733
  403 402.5 28.7841 0.0124931
  404 403.5 28.2793 0.012274
  405 404.5 27.6377 0.0119955
  406 405.5 26.8537 0.0116553
  407 406.5 25.8528 0.0112208
  408 407.5 24.6909 0.0107165
  409 408.5 23.32 0.0101215
  410 409.5 21.7627 0.00944562
  411 410.5 20.0166 0.00868774
  412 411.5 18.1616 0.00788262
  413 412.5 16.2076 0.00703453
  414 413.5 14.263 0.00619052
  415 414.5 12.3967 0.00538051
  416 415.5 10.6168 0.00460801
  417 416.5 8.97495 0.00389538
  418 417.5 7.56546 0.00328362
  419 418.5 6.34853 0.00275544
  420 419.5 5.32002 0.00230903
  421 420.5 4.47692 0.00194311
  422 421.5 3.79937 0.00164903
  423 422.5 3.25118 0.0014111
  424 423.5 2.81398 0.00122135
  425 424.5 2.47409 0.00107383
  426 425.5 2.19723 0.00095366
  427 426.5 1.98108 0.000859844
  428 427.5 1.81432 0.000787467
  429 428.5 1.67144 0.000725449
  430 429.5 1.55433 0.000674623
  431 430.5 1.47028 0.000638143
  432 431.5 1.39772 0.000606648
  433 432.5 1.3405 0.000581813
  434 433.5 1.30114 0.000564731
  435 434.5 1.27198 0.000552073
  436 435.5 1.23863 0.0005376
  437 436.5 1.21973 0.000529398
  438 437.5 1.20205 0.000521721
  439 438.5 1.1905 0.000516708
  440 439.5 1.18231 0.000513155
  441 440.5 1.17398 0.000509539
  442 441.5 1.16756 0.000506755
  443 442.5 1.1623 0.000504471
  444 443.5 1.16125 0.000504016
  445 444.5 1.15572 0.000501615
  446 445.5 1.14751 0.000498053
  447 446.5 1.14893 0.000498668
  448 447.5 1.14794 0.000498236
  449 448.5 1.14261 0.000495927
  450 449.5 1.14326 0.000496208
  451 450.5 1.14303 0.000496108
  452 451.5 1.14286 0.000496033
  453 452.5 1.1389 0.000494313
  454 453.5 1.14395 0.000496507
  455 454.5 1.14473 0.000496845
  456 455.5 1.14002 0.0004948
  457 456.5 1.14244 0.000495853
  458 457.5 1.13623 0.000493156
  459 458.5 1.13609 0.000493092
  460 459.5 1.13772 0.0004938
  461 460.5 1.13568 0.000492915
  462 461.5 1.14844 0.000498457
  463 462.5 1.14496 0.000496943
  464 463.5 1.14563 0.000497234
  465 464.5 1.14114 0.000495287
  466 465.5 1.14054 0.000495028
  467 466.5 1.14059 0.000495046
  468 467.5 1.13756 0.000493734
  469 468.5 1.134 0.000492188
  470 469.5 1.13377 0.000492088
  471 470.5 1.13895 0.000494335
  472 471.5 1.1354 0.000492794
  473 472.5 1.13535 0.000492773
  474 473.5 1.13462 0.000492457
  475 474.5 1.13941 0.000494534
  476 475.5 1.1375 0.000493706
  477 476.5 1.13807 0.000493953
  478 477.5 1.13604 0.000493074
  479 478.5 1.13439 0.000492358
  480 479.5 1.13412 0.000492241
  481 480.5 1.13342 0.000491935
  482 481.5 1.13279 0.000491663
  483 482.5 1.13549 0.000492835
  484 483.5 1.13282 0.000491677
  485 484.5 1.13565 0.000492902
  486 485.5 1.13652 0.000493281
  487 486.5 1.134 0.000492188
  488 487.5 1.13197 0.000491309
  489 488.5 1.12996 0.000490432
  490 489.5 1.13128 0.000491005
  491 490.5 1.13648 0.000493264
  492 491.5 1.13307 0.000491784
  493 492.5 1.13732 0.000493629
  494 493.5 1.13628 0.000493178
  495 494.5 1.13289 0.000491706
  496 495.5 1.13339 0.000491924
  497 496.5 1.13622 0.000493152
  498 497.5 1.1347 0.000492489
  499 498.5 1.1332 0.000491839
  500 499.5 1.13606 0.000493082
  501 500.5 1.13909 0.000494397
  502 501.5 1.14058 0.000495042
  503 502.5 1.13887 0.000494302
  504 503.5 1.13445 0.000492384
  505 504.5 1.14086 0.000495165
  506 505.5 1.13606 0.000493081
  507 506.5 1.13553 0.000492851
  508 507.5 1.13748 0.000493696
  509 508.5 1.13782 0.000493846
  510 509.5 1.13414 0.000492247
  511 510.5 1.13409 0.000492228
  512 511.5 1.13654 0.000493289
  513 512.5 1.14215 0.000495725
  514 513.5 1.14844 0.000498454
  515 514.5 1.14587 0.000497339
  516 515.5 1.14614 0.000497457
  517 516.5 1.14186 0.000495601
  518 517.5 1.14577 0.000497296
  519 518.5 1.15002 0.00049914
  520 519.5 1.14945 0.000498893
  521 520.5 1.14983 0.000499059
  522 521.5 1.14388 0.000496474
  523 522.5 1.15135 0.00049972
  524 523.5 1.15191 0.000499963
  525 524.5 1.15347 0.00050064
  526 525.5 1.1472 0.000497918
  527 526.5 1.14978 0.000499036
  528 527.5 1.14364 0.000496371
  529 528.5 1.14674 0.000497718
  530 529.5 1.14593 0.000497363
  531 530.5 1.13972 0.000494668
  532 531.5 1.14354 0.000496329
  533 532.5 1.14372 0.000496407
  534 533.5 1.14283 0.000496021
  535 534.5 1.13535 0.000492771
  536 535.5 1.13749 0.000493704
  537 536.5 1.13504 0.000492641
  538 537.5 1.13686 0.00049343
  539 538.5 1.14323 0.000496194
  540 539.5 1.1442 0.000496615
  541 540.5 1.1426 0.00049592
  542 541.5 1.14013 0.000494846
  543 542.5 1.13643 0.000493242
  544 543.5 1.13816 0.000493992
  545 544.5 1.13667 0.000493348
  546 545.5 1.1353 0.000492753
  547 546.5 1.13288 0.000491699
  548 547.5 1.13345 0.000491951
  549 548.5 1.13408 0.00049222
  550 549.5 1.13775 0.000493814
  551 550.5 1.13673 0.000493372
  552 551.5 1.1362 0.000493143
  553 552.5 1.13392 0.000492154
  554 553.5 1.13328 0.000491876
  555 554.5 1.13549 0.000492836
  556 555.5 1.14136 0.000495384
  557 556.5 1.14334 0.000496241
  558 557.5 1.14637 0.000497554
  559 558.5 1.14513 0.000497017
  560 559.5 1.14866 0.000498549
  561 560.5 1.14887 0.000498643
  562 561.5 1.14383 0.000496452
  563 562.5 1.14039 0.000494961
  564 563.5 1.13943 0.000494545
  565 564.5 1.1384 0.000494095
  566 565.5 1.14037 0.000494952
  567 566.5 1.14037 0.00049495
  568 567.5 1.1424 0.000495832
  569 568.5 1.13987 0.000494734
  570 569.5 1.14078 0.00049513
  571 570.5 1.1401 0.000494837
  572 571.5 1.1415 0.000495442
  573 572.5 1.13944 0.000494548
  574 573.5 1.13692 0.000493455
  575 574.5 1.13733 0.000493633
  576 575.5 1.13831 0.000494057
  577 576.5 1.13414 0.00049225
  578 577.5 1.13402 0.000492198
  579 578.5 1.13505 0.000492642
  580 579.5 1.13905 0.000494379
  581 580.5 1.14365 0.000496376
  582 581.5 1.15128 0.00049969
  583 582.5 1.15414 0.00050093
  584 583.5 1.16129 0.000504031
  585 584.5 1.15605 0.000501758
  586 585.5 1.15636 0.000501891
  587 586.5 1.15533 0.000501446
  588 587.5 1.15951 0.000503258
  589 588.5 1.16544 0.000505832
  590 589.5 1.17227 0.000508798
  591 590.5 1.18603 0.000514768
  592 591.5 1.20241 0.000521878
  593 592.5 1.21632 0.000527916
  594 593.5 1.24009 0.000538231
  595 594.5 1.26848 0.000550554
  596 595.5 1.29251 0.000560983
  597 596.5 1.32051 0.000573139
  598 597.5 1.36761 0.000593581
  599 598.5 1.42593 0.000618894
  600 599.5 1.49171 0.000647442
  601 600.5 1.57571 0.000683902
  602 601.5 1.67134 0.000725407
  603 602.5 1.78407 0.000774335
  604 603.5 1.91377 0.000830629
  605 604.5 2.05947 0.000893868
  606 605.5 2.2232 0.000964931
  607 606.5 2.39101 0.00103776
  608 607.5 2.56401 0.00111285
  609 608.5 2.73801 0.00118837
  610 609.5 2.9031 0.00126003
  611 610.5 3.03496 0.00131726
  612 611.5 3.17158 0.00137656
  613 612.5 3.2816 0.00142431
  614 613.5 3.34666 0.00145254
  615 614.5 3.39625 0.00147407
  616 615.5 3.40794 0.00147914
  617 616.5 3.39286 0.0014726
  618 617.5 3.3662 0.00146102
  619 618.5 3.3112 0.00143715
  620 619.5 3.24345 0.00140775
  621 620.5 3.16012 0.00137158
  622 621.5 3.08308 0.00133814
  623 622.5 3.01124 0.00130696
  624 623.5 2.93361 0.00127327
