# Chunk-averaged data for fix tensor2 and group c1
# Timestep Number-of-chunks Total-count
# Chunk Coord1 Ncount density/number
52500000 480 5447.000000000002
  1 0.5 0.658664 0.000285878
  2 1.5 0.661632 0.000287167
  3 2.5 0.664768 0.000288528
  4 3.5 0.657168 0.000285229
  5 4.5 0.661944 0.000287302
  6 5.5 0.668304 0.000290063
  7 6.5 0.66324 0.000287865
  8 7.5 0.666688 0.000289361
  9 8.5 0.668904 0.000290323
  10 9.5 0.67248 0.000291875
  11 10.5 0.675592 0.000293226
  12 11.5 0.6494 0.000281858
  13 12.5 0.655304 0.00028442
  14 13.5 0.643592 0.000279337
  15 14.5 0.660728 0.000286774
  16 15.5 0.663816 0.000288115
  17 16.5 0.661904 0.000287285
  18 17.5 0.66804 0.000289948
  19 18.5 0.6536 0.000283681
  20 19.5 0.654664 0.000284142
  21 20.5 0.6516 0.000282813
  22 21.5 0.649256 0.000281795
  23 22.5 0.65512 0.00028434
  24 23.5 0.659704 0.00028633
  25 24.5 0.649488 0.000281896
  26 25.5 0.657352 0.000285309
  27 26.5 0.6544 0.000284028
  28 27.5 0.655704 0.000284594
  29 28.5 0.654096 0.000283896
  30 29.5 0.651296 0.000282681
  31 30.5 0.649624 0.000281955
  32 31.5 0.661032 0.000286906
  33 32.5 0.662816 0.000287681
  34 33.5 0.659944 0.000286434
  35 34.5 0.655 0.000284288
  36 35.5 0.648096 0.000281292
  37 36.5 0.653264 0.000283535
  38 37.5 0.659752 0.000286351
  39 38.5 0.658528 0.000285819
  40 39.5 0.65104 0.000282569
  41 40.5 0.65744 0.000285347
  42 41.5 0.664016 0.000288201
  43 42.5 0.66316 0.00028783
  44 43.5 0.67012 0.000290851
  45 44.5 0.660208 0.000286549
  46 45.5 0.656736 0.000285042
  47 46.5 0.66736 0.000289653
  48 47.5 0.668328 0.000290073
  49 48.5 0.661992 0.000287323
  50 49.5 0.655656 0.000284573
  51 50.5 0.658056 0.000285615
  52 51.5 0.660056 0.000286483
  53 52.5 0.65992 0.000286424
  54 53.5 0.653008 0.000283424
  55 54.5 0.653792 0.000283764
  56 55.5 0.653992 0.000283851
  57 56.5 0.6612 0.000286979
  58 57.5 0.671448 0.000291427
  59 58.5 0.669248 0.000290472
  60 59.5 0.674784 0.000292875
  61 60.5 0.67976 0.000295035
  62 61.5 0.672744 0.00029199
  63 62.5 0.668424 0.000290115
  64 63.5 0.670056 0.000290823
  65 64.5 0.680168 0.000295212
  66 65.5 0.67392 0.0002925
  67 66.5 0.66772 0.000289809
  68 67.5 0.675616 0.000293236
  69 68.5 0.680336 0.000295285
  70 69.5 0.670312 0.000290934
  71 70.5 0.668032 0.000289944
  72 71.5 0.661096 0.000286934
  73 72.5 0.66008 0.000286493
  74 73.5 0.652992 0.000283417
  75 74.5 0.669008 0.000290368
  76 75.5 0.693808 0.000301132
  77 76.5 0.695544 0.000301885
  78 77.5 0.70236 0.000304844
  79 78.5 0.738064 0.00032034
  80 79.5 0.780824 0.000338899
  81 80.5 0.85068 0.000369219
  82 81.5 0.96092 0.000417066
  83 82.5 1.15025 0.00049924
  84 83.5 1.4525 0.000630427
  85 84.5 1.95358 0.000847906
  86 85.5 2.71565 0.00117867
  87 86.5 3.88839 0.00168767
  88 87.5 5.56798 0.00241666
  89 88.5 7.80889 0.00338927
  90 89.5 10.5967 0.00459924
  91 90.5 13.7841 0.0059827
  92 91.5 17.1795 0.00745636
  93 92.5 20.4103 0.00885862
  94 93.5 23.2707 0.0101001
  95 94.5 25.683 0.0111471
  96 95.5 27.5794 0.0119702
  97 96.5 29.012 0.012592
  98 97.5 30.0225 0.0130306
  99 98.5 30.7071 0.0133277
  100 99.5 31.3238 0.0135954
  101 100.5 31.6701 0.0137457
  102 101.5 31.911 0.0138503
  103 102.5 32.1324 0.0139464
  104 103.5 32.2938 0.0140164
  105 104.5 32.327 0.0140308
  106 105.5 32.4636 0.0140901
  107 106.5 32.466 0.0140911
  108 107.5 32.5868 0.0141436
  109 108.5 32.5372 0.014122
  110 109.5 32.632 0.0141632
  111 110.5 32.6426 0.0141678
  112 111.5 32.6565 0.0141738
  113 112.5 32.6396 0.0141665
  114 113.5 32.7341 0.0142075
  115 114.5 32.7231 0.0142028
  116 115.5 32.7166 0.0141999
  117 116.5 32.7349 0.0142078
  118 117.5 32.7372 0.0142088
  119 118.5 32.7434 0.0142116
  120 119.5 32.6849 0.0141862
  121 120.5 32.7893 0.0142315
  122 121.5 32.706 0.0141953
  123 122.5 32.7286 0.0142051
  124 123.5 32.7494 0.0142141
  125 124.5 32.7422 0.014211
  126 125.5 32.7105 0.0141973
  127 126.5 32.7452 0.0142123
  128 127.5 32.6807 0.0141843
  129 128.5 32.7498 0.0142143
  130 129.5 32.6817 0.0141848
  131 130.5 32.7638 0.0142204
  132 131.5 32.6908 0.0141887
  133 132.5 32.7172 0.0142002
  134 133.5 32.7411 0.0142106
  135 134.5 32.699 0.0141923
  136 135.5 32.7172 0.0142002
  137 136.5 32.6464 0.0141694
  138 137.5 32.7906 0.014232
  139 138.5 32.7182 0.0142006
  140 139.5 32.746 0.0142127
  141 140.5 32.7064 0.0141955
  142 141.5 32.7761 0.0142257
  143 142.5 32.75 0.0142144
  144 143.5 32.6994 0.0141925
  145 144.5 32.7584 0.0142181
  146 145.5 32.652 0.0141719
  147 146.5 32.7492 0.0142141
  148 147.5 32.7213 0.014202
  149 148.5 32.7892 0.0142314
  150 149.5 32.6896 0.0141882
  151 150.5 32.7571 0.0142175
  152 151.5 32.7409 0.0142105
  153 152.5 32.6887 0.0141878
  154 153.5 32.7028 0.0141939
  155 154.5 32.7225 0.0142025
  156 155.5 32.7578 0.0142178
  157 156.5 32.6971 0.0141915
  158 157.5 32.6851 0.0141862
  159 158.5 32.8151 0.0142427
  160 159.5 32.817 0.0142435
  161 160.5 32.7317 0.0142065
  162 161.5 32.7678 0.0142221
  163 162.5 32.8743 0.0142684
  164 163.5 32.766 0.0142214
  165 164.5 32.7778 0.0142265
  166 165.5 32.8548 0.0142599
  167 166.5 32.8001 0.0142361
  168 167.5 32.7732 0.0142245
  169 168.5 32.8499 0.0142578
  170 169.5 32.8778 0.0142699
  171 170.5 32.7382 0.0142093
  172 171.5 32.7773 0.0142262
  173 172.5 32.8835 0.0142724
  174 173.5 32.7941 0.0142335
  175 174.5 32.771 0.0142235
  176 175.5 32.7295 0.0142055
  177 176.5 32.8204 0.014245
  178 177.5 32.6871 0.0141871
  179 178.5 32.6634 0.0141768
  180 179.5 32.5616 0.0141326
  181 180.5 32.5647 0.014134
  182 181.5 32.2674 0.0140049
  183 182.5 32.0941 0.0139297
  184 183.5 31.5677 0.0137012
  185 184.5 30.6361 0.0132969
  186 185.5 29.0675 0.0126161
  187 186.5 26.7061 0.0115912
  188 187.5 23.1711 0.0100569
  189 188.5 18.7248 0.0081271
  190 189.5 13.9197 0.00604154
  191 190.5 9.39946 0.00407962
  192 191.5 5.89128 0.00255698
  193 192.5 3.49931 0.0015188
  194 193.5 2.05391 0.000891455
  195 194.5 1.25271 0.000543712
  196 195.5 0.80996 0.000351545
  197 196.5 0.59824 0.000259653
  198 197.5 0.50756 0.000220295
  199 198.5 0.444464 0.00019291
  200 199.5 0.387384 0.000168135
  201 200.5 0.35908 0.000155851
  202 201.5 0.360736 0.000156569
  203 202.5 0.364272 0.000158104
  204 203.5 0.348384 0.000151208
  205 204.5 0.346152 0.00015024
  206 205.5 0.33008 0.000143264
  207 206.5 0.311744 0.000135306
  208 207.5 0.304056 0.000131969
  209 208.5 0.307016 0.000133253
  210 209.5 0.320176 0.000138965
  211 210.5 0.341864 0.000148378
  212 211.5 0.358936 0.000155788
  213 212.5 0.371688 0.000161323
  214 213.5 0.37336 0.000162049
  215 214.5 0.3574 0.000155122
  216 215.5 0.345656 0.000150024
  217 216.5 0.337664 0.000146556
  218 217.5 0.336008 0.000145837
  219 218.5 0.336168 0.000145906
  220 219.5 0.351688 0.000152642
  221 220.5 0.351016 0.000152351
  222 221.5 0.34332 0.00014901
  223 222.5 0.3478 0.000150955
  224 223.5 0.333888 0.000144917
  225 224.5 0.330312 0.000143365
  226 225.5 0.318904 0.000138413
  227 226.5 0.319752 0.000138781
  228 227.5 0.319064 0.000138483
  229 228.5 0.322376 0.00013992
  230 229.5 0.328768 0.000142694
  231 230.5 0.3336 0.000144792
  232 231.5 0.31728 0.000137708
  233 232.5 0.298376 0.000129503
  234 233.5 0.297744 0.000129229
  235 234.5 0.302856 0.000131448
  236 235.5 0.305144 0.000132441
  237 236.5 0.310072 0.00013458
  238 237.5 0.334472 0.00014517
  239 238.5 0.327184 0.000142007
  240 239.5 0.32588 0.000141441
  241 240.5 0.32064 0.000139167
  242 241.5 0.330296 0.000143358
  243 242.5 0.339376 0.000147299
  244 243.5 0.350456 0.000152108
  245 244.5 0.364656 0.000158271
  246 245.5 0.381216 0.000165458
  247 246.5 0.388336 0.000168549
  248 247.5 0.385456 0.000167299
  249 248.5 0.374536 0.000162559
  250 249.5 0.373912 0.000162288
  251 250.5 0.365936 0.000158826
  252 251.5 0.355216 0.000154174
  253 252.5 0.35624 0.000154618
  254 253.5 0.359608 0.00015608
  255 254.5 0.351752 0.00015267
  256 255.5 0.361456 0.000156882
  257 256.5 0.354984 0.000154073
  258 257.5 0.352368 0.000152937
  259 258.5 0.343568 0.000149118
  260 259.5 0.352944 0.000153188
  261 260.5 0.346608 0.000150437
  262 261.5 0.34056 0.000147812
  263 262.5 0.351928 0.000152747
  264 263.5 0.365248 0.000158528
  265 264.5 0.352144 0.00015284
  266 265.5 0.356072 0.000154545
  267 266.5 0.35704 0.000154965
  268 267.5 0.351296 0.000152472
  269 268.5 0.331856 0.000144035
  270 269.5 0.325704 0.000141365
  271 270.5 0.321184 0.000139403
  272 271.5 0.313784 0.000136191
  273 272.5 0.308536 0.000133913
  274 273.5 0.310032 0.000134562
  275 274.5 0.321832 0.000139684
  276 275.5 0.319192 0.000138538
  277 276.5 0.321888 0.000139708
  278 277.5 0.326664 0.000141781
  279 278.5 0.326664 0.000141781
  280 279.5 0.316408 0.00013733
  281 280.5 0.323464 0.000140392
  282 281.5 0.325768 0.000141392
  283 282.5 0.323072 0.000140222
  284 283.5 0.305816 0.000132733
  285 284.5 0.308656 0.000133965
  286 285.5 0.303736 0.00013183
  287 286.5 0.303864 0.000131885
  288 287.5 0.289168 0.000125507
  289 288.5 0.2944 0.000127778
  290 289.5 0.288152 0.000125066
  291 290.5 0.26876 0.000116649
  292 291.5 0.241592 0.000104858
  293 292.5 0.232552 0.000100934
  294 293.5 0.206568 8.96563e-05
  295 294.5 0.213864 9.28229e-05
  296 295.5 0.219 9.50521e-05
  297 296.5 0.223288 9.69132e-05
  298 297.5 0.227288 9.86493e-05
  299 298.5 0.234384 0.000101729
  300 299.5 0.248776 0.000107976
  301 300.5 0.255176 0.000110753
  302 301.5 0.263104 0.000114194
  303 302.5 0.25384 0.000110174
  304 303.5 0.246488 0.000106983
  305 304.5 0.25272 0.000109688
  306 305.5 0.26468 0.000114878
  307 306.5 0.275344 0.000119507
  308 307.5 0.28112 0.000122014
  309 308.5 0.292272 0.000126854
  310 309.5 0.291976 0.000126726
  311 310.5 0.303576 0.00013176
  312 311.5 0.297808 0.000129257
  313 312.5 0.306616 0.00013308
  314 313.5 0.315624 0.00013699
  315 314.5 0.329576 0.000143045
  316 315.5 0.324552 0.000140865
  317 316.5 0.323448 0.000140385
  318 317.5 0.345288 0.000149865
  319 318.5 0.346688 0.000150472
  320 319.5 0.34712 0.00015066
  321 320.5 0.337896 0.000146656
  322 321.5 0.341576 0.000148253
  323 322.5 0.32628 0.000141615
  324 323.5 0.321752 0.000139649
  325 324.5 0.311416 0.000135163
  326 325.5 0.336024 0.000145844
  327 326.5 0.332512 0.000144319
  328 327.5 0.342672 0.000148729
  329 328.5 0.339072 0.000147167
  330 329.5 0.328728 0.000142677
  331 330.5 0.325528 0.000141288
  332 331.5 0.344696 0.000149608
  333 332.5 0.342216 0.000148531
  334 333.5 0.338464 0.000146903
  335 334.5 0.347328 0.00015075
  336 335.5 0.366376 0.000159017
  337 336.5 0.371048 0.000161045
  338 337.5 0.386664 0.000167823
  339 338.5 0.417472 0.000181194
  340 339.5 0.466264 0.000202372
  341 340.5 0.541656 0.000235094
  342 341.5 0.726016 0.000315111
  343 342.5 1.08171 0.000469493
  344 343.5 1.75793 0.00076299
  345 344.5 2.96683 0.00128769
  346 345.5 4.98201 0.00216233
  347 346.5 7.9615 0.00345551
  348 347.5 11.9935 0.00520551
  349 348.5 16.7189 0.00725645
  350 349.5 21.2545 0.00922503
  351 350.5 25.1841 0.0109306
  352 351.5 28.0428 0.0121713
  353 352.5 29.9973 0.0130197
  354 353.5 31.1149 0.0135047
  355 354.5 31.7248 0.0137695
  356 355.5 32.1615 0.013959
  357 356.5 32.4267 0.0140741
  358 357.5 32.5154 0.0141126
  359 358.5 32.5401 0.0141233
  360 359.5 32.6282 0.0141616
  361 360.5 32.7297 0.0142056
  362 361.5 32.7276 0.0142047
  363 362.5 32.6813 0.0141846
  364 363.5 32.7337 0.0142074
  365 364.5 32.8221 0.0142457
  366 365.5 32.8073 0.0142393
  367 366.5 32.7054 0.0141951
  368 367.5 32.8201 0.0142449
  369 368.5 32.8105 0.0142407
  370 369.5 32.7878 0.0142308
  371 370.5 32.7733 0.0142245
  372 371.5 32.7894 0.0142315
  373 372.5 32.8506 0.0142581
  374 373.5 32.8076 0.0142394
  375 374.5 32.7999 0.0142361
  376 375.5 32.8362 0.0142518
  377 376.5 32.8999 0.0142795
  378 377.5 32.8746 0.0142685
  379 378.5 32.7953 0.0142341
  380 379.5 32.8539 0.0142595
  381 380.5 32.8893 0.0142749
  382 381.5 32.8603 0.0142623
  383 382.5 32.8511 0.0142583
  384 383.5 32.9347 0.0142946
  385 384.5 32.8636 0.0142637
  386 385.5 32.8769 0.0142695
  387 386.5 32.8676 0.0142654
  388 387.5 32.8549 0.0142599
  389 388.5 32.8615 0.0142628
  390 389.5 32.7866 0.0142303
  391 390.5 32.795 0.0142339
  392 391.5 32.8268 0.0142478
  393 392.5 32.7652 0.014221
  394 393.5 32.6803 0.0141841
  395 394.5 32.7195 0.0142012
  396 395.5 32.7958 0.0142343
  397 396.5 32.6645 0.0141773
  398 397.5 32.5877 0.014144
  399 398.5 32.7193 0.0142011
  400 399.5 32.5332 0.0141203
  401 400.5 32.4248 0.0140733
  402 401.5 32.2848 0.0140125
  403 402.5 32.1904 0.0139715
  404 403.5 31.7764 0.0137919
  405 404.5 31.5477 0.0136926
  406 405.5 31.0158 0.0134617
  407 406.5 30.33 0.0131641
  408 407.5 29.3448 0.0127365
  409 408.5 28.093 0.0121932
  410 409.5 26.2709 0.0114023
  411 410.5 23.9632 0.0104007
  412 411.5 21.1624 0.00918508
  413 412.5 18.0816 0.00784794
  414 413.5 14.8048 0.00642569
  415 414.5 11.4745 0.00498026
  416 415.5 8.53122 0.00370279
  417 416.5 6.18658 0.00268515
  418 417.5 4.36335 0.00189382
  419 418.5 3.04189 0.00132026
  420 419.5 2.17958 0.000946
  421 420.5 1.59962 0.000694278
  422 421.5 1.24636 0.000540955
  423 422.5 1.04045 0.000451583
  424 423.5 0.913376 0.000396431
  425 424.5 0.833144 0.000361608
  426 425.5 0.779712 0.000338417
  427 426.5 0.739248 0.000320854
  428 427.5 0.70784 0.000307222
  429 428.5 0.695928 0.000302052
  430 429.5 0.702312 0.000304823
  431 430.5 0.704864 0.000305931
  432 431.5 0.691072 0.000299944
  433 432.5 0.692744 0.00030067
  434 433.5 0.67824 0.000294375
  435 434.5 0.673024 0.000292111
  436 435.5 0.670392 0.000290969
  437 436.5 0.67476 0.000292865
  438 437.5 0.67096 0.000291215
  439 438.5 0.668808 0.000290281
  440 439.5 0.666816 0.000289417
  441 440.5 0.670376 0.000290962
  442 441.5 0.660824 0.000286816
  443 442.5 0.658088 0.000285628
  444 443.5 0.66768 0.000289792
  445 444.5 0.678 0.000294271
  446 445.5 0.678032 0.000294285
  447 446.5 0.681192 0.000295656
  448 447.5 0.680048 0.00029516
  449 448.5 0.681552 0.000295813
  450 449.5 0.670672 0.00029109
  451 450.5 0.665192 0.000288712
  452 451.5 0.675672 0.00029326
  453 452.5 0.68012 0.000295191
  454 453.5 0.674216 0.000292628
  455 454.5 0.674728 0.000292851
  456 455.5 0.679448 0.000294899
  457 456.5 0.679248 0.000294812
  458 457.5 0.678392 0.000294441
  459 458.5 0.683432 0.000296628
  460 459.5 0.694352 0.000301368
  461 460.5 0.685336 0.000297455
  462 461.5 0.682224 0.000296104
  463 462.5 0.681736 0.000295892
  464 463.5 0.685392 0.000297479
  465 464.5 0.689984 0.000299472
  466 465.5 0.67916 0.000294774
  467 466.5 0.668768 0.000290264
  468 467.5 0.670056 0.000290823
  469 468.5 0.674856 0.000292906
  470 469.5 0.67264 0.000291944
  471 470.5 0.679696 0.000295007
  472 471.5 0.669976 0.000290788
  473 472.5 0.677584 0.00029409
  474 473.5 0.67256 0.00029191
  475 474.5 0.662656 0.000287611
  476 475.5 0.664936 0.000288601
  477 476.5 0.671888 0.000291618
  478 477.5 0.680032 0.000295153
  479 478.5 0.666064 0.00028909
  480 479.5 0.66248 0.000287535
55000000 480 5446.999999999996
  1 0.5 0.679512 0.000294927
  2 1.5 0.67852 0.000294497
  3 2.5 0.68448 0.000297083
  4 3.5 0.679384 0.000294872
  5 4.5 0.678768 0.000294604
  6 5.5 0.6782 0.000294358
  7 6.5 0.681304 0.000295705
  8 7.5 0.671872 0.000291611
  9 8.5 0.682344 0.000296156
  10 9.5 0.686496 0.000297958
  11 10.5 0.672888 0.000292052
  12 11.5 0.681024 0.000295583
  13 12.5 0.680288 0.000295264
  14 13.5 0.672088 0.000291705
  15 14.5 0.67724 0.000293941
  16 15.5 0.6784 0.000294444
  17 16.5 0.6748 0.000292882
  18 17.5 0.678768 0.000294604
  19 18.5 0.66824 0.000290035
  20 19.5 0.676032 0.000293417
  21 20.5 0.681584 0.000295826
  22 21.5 0.676096 0.000293444
  23 22.5 0.678368 0.000294431
  24 23.5 0.683304 0.000296573
  25 24.5 0.68884 0.000298976
  26 25.5 0.685288 0.000297434
  27 26.5 0.683176 0.000296517
  28 27.5 0.694416 0.000301396
  29 28.5 0.685488 0.000297521
  30 29.5 0.697072 0.000302549
  31 30.5 0.69556 0.000301892
  32 31.5 0.696792 0.000302427
  33 32.5 0.687072 0.000298208
  34 33.5 0.683096 0.000296483
  35 34.5 0.680568 0.000295385
  36 35.5 0.669504 0.000290583
  37 36.5 0.675632 0.000293243
  38 37.5 0.676104 0.000293448
  39 38.5 0.671496 0.000291448
  40 39.5 0.672888 0.000292052
  41 40.5 0.6618 0.00028724
  42 41.5 0.662064 0.000287354
  43 42.5 0.6718 0.00029158
  44 43.5 0.687912 0.000298573
  45 44.5 0.691992 0.000300344
  46 45.5 0.679192 0.000294788
  47 46.5 0.674408 0.000292712
  48 47.5 0.669504 0.000290583
  49 48.5 0.65212 0.000283038
  50 49.5 0.655304 0.00028442
  51 50.5 0.661392 0.000287062
  52 51.5 0.66924 0.000290469
  53 52.5 0.671144 0.000291295
  54 53.5 0.679816 0.000295059
  55 54.5 0.679624 0.000294976
  56 55.5 0.659592 0.000286281
  57 56.5 0.656928 0.000285125
  58 57.5 0.656528 0.000284951
  59 58.5 0.65132 0.000282691
  60 59.5 0.655064 0.000284316
  61 60.5 0.66456 0.000288438
  62 61.5 0.663576 0.00028801
  63 62.5 0.663208 0.000287851
  64 63.5 0.661416 0.000287073
  65 64.5 0.662728 0.000287642
  66 65.5 0.65808 0.000285625
  67 66.5 0.657648 0.000285437
  68 67.5 0.6688 0.000290278
  69 68.5 0.674504 0.000292753
  70 69.5 0.669232 0.000290465
  71 70.5 0.672584 0.00029192
  72 71.5 0.67316 0.00029217
  73 72.5 0.669856 0.000290736
  74 73.5 0.684232 0.000296976
  75 74.5 0.69628 0.000302205
  76 75.5 0.7088 0.000307639
  77 76.5 0.731776 0.000317611
  78 77.5 0.759136 0.000329486
  79 78.5 0.799712 0.000347097
  80 79.5 0.862832 0.000374493
  81 80.5 0.995104 0.000431903
  82 81.5 1.19742 0.000519715
  83 82.5 1.54382 0.000670059
  84 83.5 2.10256 0.000912569
  85 84.5 2.94156 0.00127672
  86 85.5 4.25206 0.00184551
  87 86.5 6.10516 0.00264981
  88 87.5 8.54996 0.00371092
  89 88.5 11.5134 0.00499712
  90 89.5 14.8269 0.0064353
  91 90.5 18.2751 0.0079319
  92 91.5 21.4897 0.00932712
  93 92.5 24.226 0.0105148
  94 93.5 26.4342 0.0114732
  95 94.5 28.1828 0.0122321
  96 95.5 29.4688 0.0127903
  97 96.5 30.3254 0.0131621
  98 97.5 30.9924 0.0134516
  99 98.5 31.5292 0.0136845
  100 99.5 31.8418 0.0138202
  101 100.5 32.0975 0.0139312
  102 101.5 32.227 0.0139874
  103 102.5 32.3318 0.0140329
  104 103.5 32.4353 0.0140778
  105 104.5 32.5953 0.0141473
  106 105.5 32.6258 0.0141605
  107 106.5 32.5776 0.0141396
  108 107.5 32.7353 0.014208
  109 108.5 32.7094 0.0141968
  110 109.5 32.6661 0.014178
  111 110.5 32.7404 0.0142102
  112 111.5 32.7746 0.0142251
  113 112.5 32.7241 0.0142031
  114 113.5 32.731 0.0142062
  115 114.5 32.7326 0.0142068
  116 115.5 32.7575 0.0142177
  117 116.5 32.6828 0.0141852
  118 117.5 32.7412 0.0142106
  119 118.5 32.7396 0.0142099
  120 119.5 32.7756 0.0142255
  121 120.5 32.6727 0.0141809
  122 121.5 32.684 0.0141858
  123 122.5 32.7912 0.0142323
  124 123.5 32.7704 0.0142233
  125 124.5 32.7249 0.0142035
  126 125.5 32.6789 0.0141835
  127 126.5 32.7626 0.0142199
  128 127.5 32.7015 0.0141934
  129 128.5 32.6935 0.0141899
  130 129.5 32.6673 0.0141785
  131 130.5 32.6728 0.0141809
  132 131.5 32.7283 0.014205
  133 132.5 32.6965 0.0141912
  134 133.5 32.7011 0.0141932
  135 134.5 32.667 0.0141784
  136 135.5 32.7591 0.0142183
  137 136.5 32.7173 0.0142002
  138 137.5 32.7031 0.0141941
  139 138.5 32.7132 0.0141984
  140 139.5 32.7852 0.0142297
  141 140.5 32.7143 0.0141989
  142 141.5 32.7319 0.0142066
  143 142.5 32.7023 0.0141937
  144 143.5 32.74 0.0142101
  145 144.5 32.7106 0.0141973
  146 145.5 32.8035 0.0142376
  147 146.5 32.7204 0.0142016
  148 147.5 32.7907 0.0142321
  149 148.5 32.7714 0.0142237
  150 149.5 32.7488 0.0142139
  151 150.5 32.7365 0.0142085
  152 151.5 32.7891 0.0142314
  153 152.5 32.7455 0.0142125
  154 153.5 32.749 0.014214
  155 154.5 32.8038 0.0142377
  156 155.5 32.6948 0.0141904
  157 156.5 32.7112 0.0141976
  158 157.5 32.7878 0.0142308
  159 158.5 32.6981 0.0141919
  160 159.5 32.7277 0.0142048
  161 160.5 32.7437 0.0142117
  162 161.5 32.7264 0.0142041
  163 162.5 32.7486 0.0142138
  164 163.5 32.675 0.0141819
  165 164.5 32.7635 0.0142203
  166 165.5 32.7761 0.0142258
  167 166.5 32.7207 0.0142017
  168 167.5 32.707 0.0141958
  169 168.5 32.7829 0.0142287
  170 169.5 32.7411 0.0142105
  171 170.5 32.7114 0.0141976
  172 171.5 32.721 0.0142018
  173 172.5 32.716 0.0141997
  174 173.5 32.7274 0.0142046
  175 174.5 32.6883 0.0141876
  176 175.5 32.6732 0.0141811
  177 176.5 32.71 0.014197
  178 177.5 32.6522 0.014172
  179 178.5 32.6532 0.0141724
  180 179.5 32.5925 0.0141461
  181 180.5 32.374 0.0140512
  182 181.5 32.1988 0.0139752
  183 182.5 31.8603 0.0138282
  184 183.5 31.2924 0.0135818
  185 184.5 30.1413 0.0130821
  186 185.5 28.2443 0.0122588
  187 186.5 25.3566 0.0110055
  188 187.5 21.3098 0.00924906
  189 188.5 16.6346 0.00721988
  190 189.5 11.9116 0.00516996
  191 190.5 7.76812 0.00337158
  192 191.5 4.72155 0.00204928
  193 192.5 2.78754 0.00120987
  194 193.5 1.68982 0.000733427
  195 194.5 1.07989 0.000468701
  196 195.5 0.753808 0.000327174
  197 196.5 0.586936 0.000254747
  198 197.5 0.47272 0.000205174
  199 198.5 0.434976 0.000188792
  200 199.5 0.395728 0.000171757
  201 200.5 0.37496 0.000162743
  202 201.5 0.363728 0.000157868
  203 202.5 0.364376 0.000158149
  204 203.5 0.357176 0.000155024
  205 204.5 0.354632 0.00015392
  206 205.5 0.365288 0.000158545
  207 206.5 0.369824 0.000160514
  208 207.5 0.368952 0.000160135
  209 208.5 0.373536 0.000162125
  210 209.5 0.357712 0.000155257
  211 210.5 0.337896 0.000146656
  212 211.5 0.349424 0.00015166
  213 212.5 0.36348 0.00015776
  214 213.5 0.376608 0.000163458
  215 214.5 0.3744 0.0001625
  216 215.5 0.362464 0.000157319
  217 216.5 0.349152 0.000151542
  218 217.5 0.346728 0.00015049
  219 218.5 0.351704 0.000152649
  220 219.5 0.341728 0.000148319
  221 220.5 0.329184 0.000142875
  222 221.5 0.327616 0.000142194
  223 222.5 0.319896 0.000138844
  224 223.5 0.320136 0.000138948
  225 224.5 0.326152 0.000141559
  226 225.5 0.35388 0.000153594
  227 226.5 0.358104 0.000155427
  228 227.5 0.37836 0.000164219
  229 228.5 0.379448 0.000164691
  230 229.5 0.383048 0.000166253
  231 230.5 0.368224 0.000159819
  232 231.5 0.357024 0.000154958
  233 232.5 0.342312 0.000148573
  234 233.5 0.336072 0.000145865
  235 234.5 0.332664 0.000144385
  236 235.5 0.321928 0.000139726
  237 236.5 0.320776 0.000139226
  238 237.5 0.335096 0.000145441
  239 238.5 0.354192 0.000153729
  240 239.5 0.343448 0.000149066
  241 240.5 0.344456 0.000149503
  242 241.5 0.335704 0.000145705
  243 242.5 0.337928 0.00014667
  244 243.5 0.349448 0.00015167
  245 244.5 0.363392 0.000157722
  246 245.5 0.378936 0.000164469
  247 246.5 0.391608 0.000169969
  248 247.5 0.404152 0.000175413
  249 248.5 0.419384 0.000182024
  250 249.5 0.437784 0.00019001
  251 250.5 0.430864 0.000187007
  252 251.5 0.403704 0.000175219
  253 252.5 0.386656 0.000167819
  254 253.5 0.395296 0.000171569
  255 254.5 0.368432 0.00015991
  256 255.5 0.362768 0.000157451
  257 256.5 0.365872 0.000158799
  258 257.5 0.343 0.000148872
  259 258.5 0.31468 0.00013658
  260 259.5 0.305776 0.000132715
  261 260.5 0.3066 0.000133073
  262 261.5 0.294848 0.000127972
  263 262.5 0.278648 0.000120941
  264 263.5 0.278192 0.000120743
  265 264.5 0.288456 0.000125198
  266 265.5 0.297944 0.000129316
  267 266.5 0.296992 0.000128903
  268 267.5 0.284016 0.000123271
  269 268.5 0.271832 0.000117983
  270 269.5 0.260256 0.000112958
  271 270.5 0.279632 0.000121368
  272 271.5 0.281136 0.000122021
  273 272.5 0.266856 0.000115823
  274 273.5 0.25508 0.000110712
  275 274.5 0.244616 0.00010617
  276 275.5 0.238176 0.000103375
  277 276.5 0.237328 0.000103007
  278 277.5 0.246856 0.000107142
  279 278.5 0.276472 0.000119997
  280 279.5 0.287544 0.000124802
  281 280.5 0.269336 0.000116899
  282 281.5 0.26776 0.000116215
  283 282.5 0.264272 0.000114701
  284 283.5 0.270816 0.000117542
  285 284.5 0.271624 0.000117892
  286 285.5 0.267816 0.00011624
  287 286.5 0.267864 0.00011626
  288 287.5 0.285688 0.000123997
  289 288.5 0.274848 0.000119292
  290 289.5 0.272344 0.000118205
  291 290.5 0.278256 0.000120771
  292 291.5 0.283072 0.000122861
  293 292.5 0.285928 0.000124101
  294 293.5 0.299464 0.000129976
  295 294.5 0.31808 0.000138056
  296 295.5 0.314336 0.000136431
  297 296.5 0.310064 0.000134576
  298 297.5 0.316744 0.000137476
  299 298.5 0.3138 0.000136198
  300 299.5 0.302256 0.000131188
  301 300.5 0.309168 0.000134188
  302 301.5 0.296144 0.000128535
  303 302.5 0.287576 0.000124816
  304 303.5 0.27956 0.000121337
  305 304.5 0.291112 0.000126351
  306 305.5 0.292984 0.000127163
  307 306.5 0.287856 0.000124937
  308 307.5 0.300112 0.000130257
  309 308.5 0.298984 0.000129767
  310 309.5 0.312784 0.000135757
  311 310.5 0.318592 0.000138278
  312 311.5 0.319568 0.000138701
  313 312.5 0.323088 0.000140229
  314 313.5 0.326992 0.000141924
  315 314.5 0.339496 0.000147351
  316 315.5 0.337424 0.000146451
  317 316.5 0.331576 0.000143913
  318 317.5 0.319 0.000138455
  319 318.5 0.306272 0.000132931
  320 319.5 0.316136 0.000137212
  321 320.5 0.30412 0.000131997
  322 321.5 0.281664 0.00012225
  323 322.5 0.27668 0.000120087
  324 323.5 0.273432 0.000118677
  325 324.5 0.272256 0.000118167
  326 325.5 0.284816 0.000123618
  327 326.5 0.284128 0.000123319
  328 327.5 0.295776 0.000128375
  329 328.5 0.309464 0.000134316
  330 329.5 0.311072 0.000135014
  331 330.5 0.32056 0.000139132
  332 331.5 0.321432 0.00013951
  333 332.5 0.3226 0.000140017
  334 333.5 0.339744 0.000147458
  335 334.5 0.3442 0.000149392
  336 335.5 0.357256 0.000155059
  337 336.5 0.371768 0.000161358
  338 337.5 0.400416 0.000173792
  339 338.5 0.463784 0.000201295
  340 339.5 0.529512 0.000229823
  341 340.5 0.638016 0.000276917
  342 341.5 0.90632 0.000393368
  343 342.5 1.43769 0.000623997
  344 343.5 2.36186 0.00102511
  345 344.5 4.07085 0.00176686
  346 345.5 6.71158 0.00291301
  347 346.5 10.5521 0.00457992
  348 347.5 15.1677 0.0065832
  349 348.5 19.9202 0.0086459
  350 349.5 24.0754 0.0104494
  351 350.5 27.3137 0.0118549
  352 351.5 29.4291 0.012773
  353 352.5 30.7871 0.0133625
  354 353.5 31.567 0.013701
  355 354.5 32.0013 0.0138894
  356 355.5 32.302 0.01402
  357 356.5 32.4807 0.0140975
  358 357.5 32.4558 0.0140867
  359 358.5 32.5359 0.0141215
  360 359.5 32.5649 0.0141341
  361 360.5 32.6 0.0141493
  362 361.5 32.6052 0.0141515
  363 362.5 32.5282 0.0141182
  364 363.5 32.573 0.0141376
  365 364.5 32.5909 0.0141454
  366 365.5 32.5533 0.014129
  367 366.5 32.5502 0.0141277
  368 367.5 32.6215 0.0141586
  369 368.5 32.6156 0.0141561
  370 369.5 32.5333 0.0141203
  371 370.5 32.5611 0.0141324
  372 371.5 32.5941 0.0141467
  373 372.5 32.6241 0.0141598
  374 373.5 32.5921 0.0141459
  375 374.5 32.5398 0.0141232
  376 375.5 32.7194 0.0142011
  377 376.5 32.6713 0.0141803
  378 377.5 32.6211 0.0141585
  379 378.5 32.6153 0.014156
  380 379.5 32.6763 0.0141824
  381 380.5 32.6924 0.0141894
  382 381.5 32.6598 0.0141752
  383 382.5 32.6379 0.0141658
  384 383.5 32.6674 0.0141785
  385 384.5 32.6951 0.0141906
  386 385.5 32.5432 0.0141246
  387 386.5 32.6522 0.014172
  388 387.5 32.6682 0.0141789
  389 388.5 32.6053 0.0141516
  390 389.5 32.6357 0.0141648
  391 390.5 32.6434 0.0141681
  392 391.5 32.5233 0.014116
  393 392.5 32.581 0.0141411
  394 393.5 32.5878 0.014144
  395 394.5 32.4723 0.0140939
  396 395.5 32.506 0.0141085
  397 396.5 32.5133 0.0141117
  398 397.5 32.4003 0.0140626
  399 398.5 32.3225 0.0140289
  400 399.5 32.2743 0.0140079
  401 400.5 32.1779 0.0139661
  402 401.5 31.953 0.0138685
  403 402.5 31.6754 0.013748
  404 403.5 31.2905 0.013581
  405 404.5 30.8278 0.0133801
  406 405.5 30.0441 0.01304
  407 406.5 28.9838 0.0125798
  408 407.5 27.5779 0.0119696
  409 408.5 25.747 0.0111749
  410 409.5 23.3089 0.0101167
  411 410.5 20.3228 0.00882068
  412 411.5 17.0729 0.00741011
  413 412.5 13.6487 0.00592393
  414 413.5 10.365 0.00449869
  415 414.5 7.5586 0.00328064
  416 415.5 5.34996 0.00232203
  417 416.5 3.72796 0.00161804
  418 417.5 2.61062 0.00113308
  419 418.5 1.8709 0.000812024
  420 419.5 1.41809 0.00061549
  421 420.5 1.13322 0.000491847
  422 421.5 0.967552 0.000419944
  423 422.5 0.869664 0.000377458
  424 423.5 0.803392 0.000348694
  425 424.5 0.748496 0.000324868
  426 425.5 0.73064 0.000317118
  427 426.5 0.720192 0.000312583
  428 427.5 0.7098 0.000308073
  429 428.5 0.71196 0.00030901
  430 429.5 0.698136 0.00030301
  431 430.5 0.6952 0.000301736
  432 431.5 0.693808 0.000301132
  433 432.5 0.709464 0.000307927
  434 433.5 0.709 0.000307726
  435 434.5 0.693952 0.000301194
  436 435.5 0.690496 0.000299694
  437 436.5 0.696464 0.000302285
  438 437.5 0.703792 0.000305465
  439 438.5 0.689048 0.000299066
  440 439.5 0.690648 0.00029976
  441 440.5 0.694304 0.000301347
  442 441.5 0.696696 0.000302385
  443 442.5 0.707112 0.000306906
  444 443.5 0.699768 0.000303719
  445 444.5 0.69964 0.000303663
  446 445.5 0.681064 0.000295601
  447 446.5 0.679352 0.000294858
  448 447.5 0.694424 0.000301399
  449 448.5 0.680256 0.00029525
  450 449.5 0.67668 0.000293698
  451 450.5 0.689616 0.000299312
  452 451.5 0.67036 0.000290955
  453 452.5 0.670208 0.000290889
  454 453.5 0.668504 0.000290149
  455 454.5 0.66096 0.000286875
  456 455.5 0.658864 0.000285965
  457 456.5 0.663088 0.000287799
  458 457.5 0.666048 0.000289083
  459 458.5 0.665024 0.000288639
  460 459.5 0.6712 0.000291319
  461 460.5 0.680288 0.000295264
  462 461.5 0.682552 0.000296247
  463 462.5 0.683264 0.000296556
  464 463.5 0.680736 0.000295458
  465 464.5 0.678368 0.000294431
  466 465.5 0.680424 0.000295323
  467 466.5 0.674856 0.000292906
  468 467.5 0.67808 0.000294306
  469 468.5 0.675216 0.000293062
  470 469.5 0.675048 0.00029299
  471 470.5 0.67408 0.000292569
  472 471.5 0.680464 0.00029534
  473 472.5 0.677728 0.000294153
  474 473.5 0.677 0.000293837
  475 474.5 0.679232 0.000294806
  476 475.5 0.688128 0.000298667
  477 476.5 0.683216 0.000296535
  478 477.5 0.678696 0.000294573
  479 478.5 0.68284 0.000296372
  480 479.5 0.678928 0.000294674
57500000 480 5446.999999999999
  1 0.5 0.67212 0.000291719
  2 1.5 0.672928 0.000292069
  3 2.5 0.670536 0.000291031
  4 3.5 0.672704 0.000291972
  5 4.5 0.664 0.000288194
  6 5.5 0.668616 0.000290198
  7 6.5 0.671664 0.000291521
  8 7.5 0.66728 0.000289618
  9 8.5 0.672864 0.000292042
  10 9.5 0.675568 0.000293215
  11 10.5 0.682272 0.000296125
  12 11.5 0.671584 0.000291486
  13 12.5 0.67104 0.00029125
  14 13.5 0.665664 0.000288917
  15 14.5 0.665448 0.000288823
  16 15.5 0.666368 0.000289222
  17 16.5 0.657008 0.00028516
  18 17.5 0.673672 0.000292392
  19 18.5 0.66896 0.000290347
  20 19.5 0.665768 0.000288962
  21 20.5 0.671568 0.000291479
  22 21.5 0.6686 0.000290191
  23 22.5 0.669032 0.000290378
  24 23.5 0.680912 0.000295535
  25 24.5 0.676624 0.000293674
  26 25.5 0.678096 0.000294312
  27 26.5 0.67268 0.000291962
  28 27.5 0.669728 0.000290681
  29 28.5 0.656696 0.000285024
  30 29.5 0.65604 0.00028474
  31 30.5 0.662584 0.00028758
  32 31.5 0.659096 0.000286066
  33 32.5 0.655016 0.000284295
  34 33.5 0.659112 0.000286073
  35 34.5 0.6608 0.000286806
  36 35.5 0.639288 0.000277469
  37 36.5 0.646888 0.000280767
  38 37.5 0.64988 0.000282066
  39 38.5 0.653352 0.000283573
  40 39.5 0.654872 0.000284233
  41 40.5 0.647496 0.000281031
  42 41.5 0.660616 0.000286726
  43 42.5 0.65648 0.000284931
  44 43.5 0.657952 0.000285569
  45 44.5 0.653968 0.00028384
  46 45.5 0.657872 0.000285535
  47 46.5 0.643832 0.000279441
  48 47.5 0.641688 0.00027851
  49 48.5 0.648024 0.00028126
  50 49.5 0.657048 0.000285177
  51 50.5 0.645088 0.000279986
  52 51.5 0.650192 0.000282201
  53 52.5 0.65352 0.000283646
  54 53.5 0.657592 0.000285413
  55 54.5 0.649896 0.000282073
  56 55.5 0.648544 0.000281486
  57 56.5 0.65096 0.000282535
  58 57.5 0.663952 0.000288174
  59 58.5 0.650408 0.000282295
  60 59.5 0.663184 0.00028784
  61 60.5 0.667688 0.000289795
  62 61.5 0.670552 0.000291038
  63 62.5 0.672464 0.000291868
  64 63.5 0.673664 0.000292389
  65 64.5 0.672024 0.000291677
  66 65.5 0.670144 0.000290861
  67 66.5 0.680504 0.000295358
  68 67.5 0.670656 0.000291083
  69 68.5 0.675024 0.000292979
  70 69.5 0.660536 0.000286691
  71 70.5 0.661592 0.000287149
  72 71.5 0.668 0.000289931
  73 72.5 0.673544 0.000292337
  74 73.5 0.679168 0.000294778
  75 74.5 0.66692 0.000289462
  76 75.5 0.696504 0.000302302
  77 76.5 0.705912 0.000306385
  78 77.5 0.710968 0.00030858
  79 78.5 0.725752 0.000314997
  80 79.5 0.766024 0.000332476
  81 80.5 0.846704 0.000367493
  82 81.5 0.96856 0.000420382
  83 82.5 1.1382 0.00049401
  84 83.5 1.43862 0.000624399
  85 84.5 1.91173 0.000829743
  86 85.5 2.58726 0.00112294
  87 86.5 3.63988 0.00157981
  88 87.5 5.06464 0.00219819
  89 88.5 6.88293 0.00298738
  90 89.5 9.09856 0.00394903
  91 90.5 11.6382 0.0050513
  92 91.5 14.2975 0.0062055
  93 92.5 16.9795 0.00736959
  94 93.5 19.5406 0.00848118
  95 94.5 21.9958 0.00954678
  96 95.5 24.2156 0.0105102
  97 96.5 26.1167 0.0113354
  98 97.5 27.7263 0.012034
  99 98.5 29.0428 0.0126054
  100 99.5 30.0155 0.0130276
  101 100.5 30.7458 0.0133445
  102 101.5 31.3246 0.0135957
  103 102.5 31.7925 0.0137988
  104 103.5 31.9406 0.0138631
  105 104.5 32.0842 0.0139254
  106 105.5 32.3209 0.0140282
  107 106.5 32.4469 0.0140828
  108 107.5 32.4898 0.0141015
  109 108.5 32.5565 0.0141304
  110 109.5 32.6293 0.014162
  111 110.5 32.6381 0.0141659
  112 111.5 32.6636 0.0141769
  113 112.5 32.7004 0.0141929
  114 113.5 32.7017 0.0141935
  115 114.5 32.7008 0.0141931
  116 115.5 32.6914 0.014189
  117 116.5 32.7222 0.0142024
  118 117.5 32.7302 0.0142058
  119 118.5 32.7349 0.0142079
  120 119.5 32.7247 0.0142034
  121 120.5 32.7729 0.0142244
  122 121.5 32.7363 0.0142085
  123 122.5 32.6983 0.014192
  124 123.5 32.6991 0.0141923
  125 124.5 32.7261 0.014204
  126 125.5 32.6494 0.0141708
  127 126.5 32.7077 0.0141961
  128 127.5 32.732 0.0142066
  129 128.5 32.6288 0.0141618
  130 129.5 32.6468 0.0141696
  131 130.5 32.753 0.0142157
  132 131.5 32.6705 0.0141799
  133 132.5 32.6309 0.0141627
  134 133.5 32.7436 0.0142116
  135 134.5 32.7309 0.0142061
  136 135.5 32.7108 0.0141974
  137 136.5 32.69 0.0141884
  138 137.5 32.7545 0.0142164
  139 138.5 32.7808 0.0142278
  140 139.5 32.7487 0.0142139
  141 140.5 32.7696 0.0142229
  142 141.5 32.7233 0.0142028
  143 142.5 32.8003 0.0142362
  144 143.5 32.7284 0.014205
  145 144.5 32.7323 0.0142067
  146 145.5 32.7407 0.0142104
  147 146.5 32.758 0.0142179
  148 147.5 32.7733 0.0142245
  149 148.5 32.6874 0.0141872
  150 149.5 32.7454 0.0142124
  151 150.5 32.7504 0.0142146
  152 151.5 32.6989 0.0141922
  153 152.5 32.7474 0.0142133
  154 153.5 32.637 0.0141654
  155 154.5 32.7312 0.0142062
  156 155.5 32.7448 0.0142122
  157 156.5 32.7105 0.0141973
  158 157.5 32.672 0.0141806
  159 158.5 32.7695 0.0142229
  160 159.5 32.7355 0.0142081
  161 160.5 32.7014 0.0141933
  162 161.5 32.646 0.0141693
  163 162.5 32.7129 0.0141983
  164 163.5 32.6648 0.0141774
  165 164.5 32.6931 0.0141897
  166 165.5 32.6854 0.0141864
  167 166.5 32.6997 0.0141926
  168 167.5 32.6766 0.0141825
  169 168.5 32.7101 0.0141971
  170 169.5 32.7239 0.0142031
  171 170.5 32.6049 0.0141514
  172 171.5 32.6838 0.0141857
  173 172.5 32.789 0.0142313
  174 173.5 32.6235 0.0141595
  175 174.5 32.6441 0.0141685
  176 175.5 32.7186 0.0142008
  177 176.5 32.6788 0.0141835
  178 177.5 32.5718 0.0141371
  179 178.5 32.624 0.0141597
  180 179.5 32.6 0.0141493
  181 180.5 32.4174 0.0140701
  182 181.5 32.2648 0.0140038
  183 182.5 31.9991 0.0138885
  184 183.5 31.5177 0.0136796
  185 184.5 30.6361 0.0132969
  186 185.5 29.1398 0.0126475
  187 186.5 26.8483 0.0116529
  188 187.5 23.539 0.0102166
  189 188.5 19.3045 0.00837867
  190 189.5 14.6782 0.00637075
  191 190.5 10.3488 0.00449167
  192 191.5 6.73169 0.00292174
  193 192.5 4.13805 0.00179603
  194 193.5 2.45276 0.00106457
  195 194.5 1.46754 0.000636955
  196 195.5 0.932656 0.000404799
  197 196.5 0.644912 0.00027991
  198 197.5 0.51972 0.000225573
  199 198.5 0.44608 0.000193611
  200 199.5 0.406712 0.000176524
  201 200.5 0.401744 0.000174368
  202 201.5 0.401168 0.000174118
  203 202.5 0.41208 0.000178854
  204 203.5 0.404448 0.000175542
  205 204.5 0.387016 0.000167976
  206 205.5 0.381176 0.000165441
  207 206.5 0.39368 0.000170868
  208 207.5 0.371312 0.00016116
  209 208.5 0.35 0.00015191
  210 209.5 0.34056 0.000147812
  211 210.5 0.342032 0.000148451
  212 211.5 0.339824 0.000147493
  213 212.5 0.311192 0.000135066
  214 213.5 0.32 0.000138889
  215 214.5 0.3326 0.000144358
  216 215.5 0.328208 0.000142451
  217 216.5 0.33288 0.000144479
  218 217.5 0.32124 0.000139427
  219 218.5 0.314888 0.00013667
  220 219.5 0.308616 0.000133948
  221 220.5 0.314344 0.000136434
  222 221.5 0.325704 0.000141365
  223 222.5 0.3254 0.000141233
  224 223.5 0.31348 0.000136059
  225 224.5 0.315464 0.00013692
  226 225.5 0.318712 0.00013833
  227 226.5 0.312032 0.000135431
  228 227.5 0.30524 0.000132483
  229 228.5 0.30104 0.00013066
  230 229.5 0.295152 0.000128104
  231 230.5 0.288424 0.000125184
  232 231.5 0.28256 0.000122639
  233 232.5 0.260872 0.000113226
  234 233.5 0.250088 0.000108545
  235 234.5 0.250384 0.000108674
  236 235.5 0.23156 0.000100503
  237 236.5 0.222328 9.64965e-05
  238 237.5 0.212648 9.22951e-05
  239 238.5 0.198848 8.63056e-05
  240 239.5 0.210192 9.12292e-05
  241 240.5 0.217776 9.45208e-05
  242 241.5 0.213048 9.24687e-05
  243 242.5 0.220728 9.58021e-05
  244 243.5 0.229744 9.97153e-05
  245 244.5 0.245496 0.000106552
  246 245.5 0.245408 0.000106514
  247 246.5 0.253016 0.000109816
  248 247.5 0.266992 0.000115882
  249 248.5 0.268792 0.000116663
  250 249.5 0.286408 0.000124309
  251 250.5 0.30192 0.000131042
  252 251.5 0.3176 0.000137847
  253 252.5 0.334048 0.000144986
  254 253.5 0.345488 0.000149951
  255 254.5 0.353424 0.000153396
  256 255.5 0.355768 0.000154413
  257 256.5 0.340352 0.000147722
  258 257.5 0.355336 0.000154226
  259 258.5 0.374248 0.000162434
  260 259.5 0.385824 0.000167458
  261 260.5 0.413384 0.00017942
  262 261.5 0.434632 0.000188642
  263 262.5 0.450048 0.000195333
  264 263.5 0.443488 0.000192486
  265 264.5 0.433176 0.00018801
  266 265.5 0.408696 0.000177385
  267 266.5 0.392448 0.000170333
  268 267.5 0.384712 0.000166976
  269 268.5 0.376592 0.000163451
  270 269.5 0.375648 0.000163042
  271 270.5 0.380368 0.00016509
  272 271.5 0.36764 0.000159566
  273 272.5 0.374064 0.000162354
  274 273.5 0.370592 0.000160847
  275 274.5 0.375072 0.000162792
  276 275.5 0.384384 0.000166833
  277 276.5 0.377328 0.000163771
  278 277.5 0.3758 0.000163108
  279 278.5 0.36724 0.000159392
  280 279.5 0.364424 0.00015817
  281 280.5 0.347664 0.000150896
  282 281.5 0.371576 0.000161274
  283 282.5 0.376272 0.000163312
  284 283.5 0.37632 0.000163333
  285 284.5 0.37216 0.000161528
  286 285.5 0.346432 0.000150361
  287 286.5 0.33892 0.000147101
  288 287.5 0.33092 0.000143628
  289 288.5 0.330792 0.000143573
  290 289.5 0.306056 0.000132837
  291 290.5 0.320008 0.000138892
  292 291.5 0.325528 0.000141288
  293 292.5 0.331992 0.000144094
  294 293.5 0.34628 0.000150295
  295 294.5 0.351736 0.000152663
  296 295.5 0.35392 0.000153611
  297 296.5 0.346128 0.000150229
  298 297.5 0.339928 0.000147538
  299 298.5 0.344304 0.000149437
  300 299.5 0.344632 0.00014958
  301 300.5 0.356616 0.000154781
  302 301.5 0.357584 0.000155201
  303 302.5 0.361048 0.000156705
  304 303.5 0.378496 0.000164278
  305 304.5 0.403104 0.000174958
  306 305.5 0.380512 0.000165153
  307 306.5 0.355824 0.000154438
  308 307.5 0.366648 0.000159135
  309 308.5 0.382152 0.000165865
  310 309.5 0.373352 0.000162045
  311 310.5 0.378688 0.000164361
  312 311.5 0.389016 0.000168844
  313 312.5 0.410032 0.000177965
  314 313.5 0.413672 0.000179545
  315 314.5 0.43192 0.000187465
  316 315.5 0.4496 0.000195139
  317 316.5 0.444072 0.00019274
  318 317.5 0.434096 0.00018841
  319 318.5 0.425392 0.000184632
  320 319.5 0.44396 0.000192691
  321 320.5 0.427264 0.000185444
  322 321.5 0.408296 0.000177212
  323 322.5 0.40004 0.000173628
  324 323.5 0.43084 0.000186997
  325 324.5 0.427448 0.000185524
  326 325.5 0.410808 0.000178302
  327 326.5 0.414104 0.000179733
  328 327.5 0.390704 0.000169576
  329 328.5 0.378376 0.000164226
  330 329.5 0.366328 0.000158997
  331 330.5 0.37116 0.000161094
  332 331.5 0.373632 0.000162167
  333 332.5 0.369536 0.000160389
  334 333.5 0.39468 0.000171302
  335 334.5 0.384696 0.000166969
  336 335.5 0.381256 0.000165476
  337 336.5 0.4092 0.000177604
  338 337.5 0.410936 0.000178358
  339 338.5 0.42668 0.000185191
  340 339.5 0.44496 0.000193125
  341 340.5 0.523728 0.000227313
  342 341.5 0.676216 0.000293497
  343 342.5 1.01058 0.000438618
  344 343.5 1.59735 0.000693295
  345 344.5 2.69442 0.00116945
  346 345.5 4.65671 0.00202114
  347 346.5 7.5072 0.00325833
  348 347.5 11.3849 0.00494138
  349 348.5 16.0024 0.00694548
  350 349.5 20.64 0.00895834
  351 350.5 24.6543 0.0107007
  352 351.5 27.6705 0.0120098
  353 352.5 29.655 0.0128711
  354 353.5 30.925 0.0134223
  355 354.5 31.7423 0.0137771
  356 355.5 32.1268 0.0139439
  357 356.5 32.3285 0.0140315
  358 357.5 32.5189 0.0141141
  359 358.5 32.5358 0.0141214
  360 359.5 32.5684 0.0141356
  361 360.5 32.6614 0.014176
  362 361.5 32.6677 0.0141787
  363 362.5 32.6627 0.0141765
  364 363.5 32.6782 0.0141832
  365 364.5 32.7009 0.0141931
  366 365.5 32.6387 0.0141661
  367 366.5 32.6802 0.0141841
  368 367.5 32.7751 0.0142253
  369 368.5 32.6801 0.0141841
  370 369.5 32.6961 0.014191
  371 370.5 32.7061 0.0141954
  372 371.5 32.7858 0.01423
  373 372.5 32.6288 0.0141618
  374 373.5 32.6914 0.014189
  375 374.5 32.7251 0.0142036
  376 375.5 32.7251 0.0142036
  377 376.5 32.7154 0.0141994
  378 377.5 32.6939 0.0141901
  379 378.5 32.7747 0.0142251
  380 379.5 32.7616 0.0142194
  381 380.5 32.7034 0.0141942
  382 381.5 32.7264 0.0142042
  383 382.5 32.7556 0.0142168
  384 383.5 32.7651 0.014221
  385 384.5 32.72 0.0142014
  386 385.5 32.7793 0.0142271
  387 386.5 32.7541 0.0142162
  388 387.5 32.7312 0.0142062
  389 388.5 32.7478 0.0142134
  390 389.5 32.7289 0.0142052
  391 390.5 32.7857 0.0142299
  392 391.5 32.7122 0.014198
  393 392.5 32.8201 0.0142448
  394 393.5 32.7509 0.0142148
  395 394.5 32.7291 0.0142053
  396 395.5 32.6658 0.0141778
  397 396.5 32.7605 0.014219
  398 397.5 32.6777 0.014183
  399 398.5 32.5828 0.0141418
  400 399.5 32.5624 0.014133
  401 400.5 32.4806 0.0140975
  402 401.5 32.3114 0.0140241
  403 402.5 32.1286 0.0139447
  404 403.5 31.9736 0.0138774
  405 404.5 31.6757 0.0137481
  406 405.5 31.2266 0.0135532
  407 406.5 30.6483 0.0133022
  408 407.5 29.7964 0.0129325
  409 408.5 28.7309 0.01247
  410 409.5 27.2473 0.0118261
  411 410.5 25.3699 0.0110112
  412 411.5 23.1673 0.0100553
  413 412.5 20.545 0.00891711
  414 413.5 17.7573 0.00770715
  415 414.5 14.9528 0.00648994
  416 415.5 12.334 0.00535331
  417 416.5 9.88784 0.0042916
  418 417.5 7.70561 0.00334445
  419 418.5 5.8214 0.00252665
  420 419.5 4.32514 0.00187723
  421 420.5 3.1541 0.00136897
  422 421.5 2.32085 0.00100731
  423 422.5 1.73552 0.000753264
  424 423.5 1.34946 0.000585705
  425 424.5 1.09736 0.000476285
  426 425.5 0.917456 0.000398201
  427 426.5 0.807992 0.000350691
  428 427.5 0.754896 0.000327646
  429 428.5 0.712872 0.000309406
  430 429.5 0.70452 0.000305781
  431 430.5 0.678616 0.000294538
  432 431.5 0.664344 0.000288344
  433 432.5 0.655984 0.000284715
  434 433.5 0.6444 0.000279687
  435 434.5 0.654424 0.000284038
  436 435.5 0.66164 0.00028717
  437 436.5 0.658176 0.000285667
  438 437.5 0.656832 0.000285083
  439 438.5 0.660752 0.000286785
  440 439.5 0.666984 0.00028949
  441 440.5 0.659488 0.000286236
  442 441.5 0.662768 0.00028766
  443 442.5 0.667816 0.000289851
  444 443.5 0.670616 0.000291066
  445 444.5 0.669488 0.000290576
  446 445.5 0.66 0.000286458
  447 446.5 0.654192 0.000283938
  448 447.5 0.666656 0.000289347
  449 448.5 0.65872 0.000285903
  450 449.5 0.678416 0.000294451
  451 450.5 0.661608 0.000287156
  452 451.5 0.661008 0.000286896
  453 452.5 0.673904 0.000292493
  454 453.5 0.677184 0.000293917
  455 454.5 0.676928 0.000293806
  456 455.5 0.678752 0.000294597
  457 456.5 0.671624 0.000291503
  458 457.5 0.685272 0.000297427
  459 458.5 0.66908 0.000290399
  460 459.5 0.66628 0.000289184
  461 460.5 0.659384 0.000286191
  462 461.5 0.679328 0.000294847
  463 462.5 0.685008 0.000297312
  464 463.5 0.690376 0.000299642
  465 464.5 0.691368 0.000300073
  466 465.5 0.694224 0.000301312
  467 466.5 0.696816 0.000302438
  468 467.5 0.699576 0.000303635
  469 468.5 0.689312 0.000299181
  470 469.5 0.672544 0.000291903
  471 470.5 0.674144 0.000292597
  472 471.5 0.680512 0.000295361
  473 472.5 0.667944 0.000289906
  474 473.5 0.68044 0.00029533
  475 474.5 0.681776 0.00029591
  476 475.5 0.676736 0.000293722
  477 476.5 0.675544 0.000293205
  478 477.5 0.67468 0.00029283
  479 478.5 0.67144 0.000291424
  480 479.5 0.66968 0.00029066
60000000 480 5446.999999999999
  1 0.5 0.66132 0.000287031
  2 1.5 0.65928 0.000286146
  3 2.5 0.648544 0.000281486
  4 3.5 0.649648 0.000281965
  5 4.5 0.64952 0.00028191
  6 5.5 0.654184 0.000283934
  7 6.5 0.655536 0.000284521
  8 7.5 0.652336 0.000283132
  9 8.5 0.650536 0.000282351
  10 9.5 0.642448 0.00027884
  11 10.5 0.649112 0.000281733
  12 11.5 0.656744 0.000285045
  13 12.5 0.65156 0.000282795
  14 13.5 0.644784 0.000279854
  15 14.5 0.654656 0.000284139
  16 15.5 0.656984 0.000285149
  17 16.5 0.65296 0.000283403
  18 17.5 0.660216 0.000286552
  19 18.5 0.670848 0.000291167
  20 19.5 0.668584 0.000290184
  21 20.5 0.672712 0.000291976
  22 21.5 0.674904 0.000292927
  23 22.5 0.662096 0.000287368
  24 23.5 0.664896 0.000288583
  25 24.5 0.670432 0.000290986
  26 25.5 0.67076 0.000291128
  27 26.5 0.655432 0.000284476
  28 27.5 0.671048 0.000291253
  29 28.5 0.673688 0.000292399
  30 29.5 0.671864 0.000291608
  31 30.5 0.677464 0.000294038
  32 31.5 0.68052 0.000295365
  33 32.5 0.6842 0.000296962
  34 33.5 0.6758 0.000293316
  35 34.5 0.674944 0.000292944
  36 35.5 0.672584 0.00029192
  37 36.5 0.675976 0.000293392
  38 37.5 0.67924 0.000294809
  39 38.5 0.67528 0.00029309
  40 39.5 0.674016 0.000292542
  41 40.5 0.667016 0.000289503
  42 41.5 0.670608 0.000291062
  43 42.5 0.681488 0.000295785
  44 43.5 0.68256 0.00029625
  45 44.5 0.670264 0.000290913
  46 45.5 0.662128 0.000287382
  47 46.5 0.665336 0.000288774
  48 47.5 0.657168 0.000285229
  49 48.5 0.660032 0.000286472
  50 49.5 0.663224 0.000287858
  51 50.5 0.660208 0.000286549
  52 51.5 0.659824 0.000286382
  53 52.5 0.675976 0.000293392
  54 53.5 0.675464 0.00029317
  55 54.5 0.67108 0.000291267
  56 55.5 0.66864 0.000290208
  57 56.5 0.677728 0.000294153
  58 57.5 0.669944 0.000290774
  59 58.5 0.666616 0.00028933
  60 59.5 0.670752 0.000291125
  61 60.5 0.675904 0.000293361
  62 61.5 0.66092 0.000286858
  63 62.5 0.670928 0.000291201
  64 63.5 0.676016 0.00029341
  65 64.5 0.67924 0.000294809
  66 65.5 0.667584 0.00028975
  67 66.5 0.661104 0.000286937
  68 67.5 0.664488 0.000288406
  69 68.5 0.667736 0.000289816
  70 69.5 0.6824 0.000296181
  71 70.5 0.672056 0.000291691
  72 71.5 0.656584 0.000284976
  73 72.5 0.65952 0.00028625
  74 73.5 0.674088 0.000292573
  75 74.5 0.671432 0.00029142
  76 75.5 0.675432 0.000293156
  77 76.5 0.674776 0.000292872
  78 77.5 0.682992 0.000296437
  79 78.5 0.675752 0.000293295
  80 79.5 0.674984 0.000292962
  81 80.5 0.680872 0.000295517
  82 81.5 0.689688 0.000299344
  83 82.5 0.703824 0.000305479
  84 83.5 0.708688 0.00030759
  85 84.5 0.726312 0.00031524
  86 85.5 0.750384 0.000325688
  87 86.5 0.778272 0.000337792
  88 87.5 0.820768 0.000356236
  89 88.5 0.893736 0.000387906
  90 89.5 1.02367 0.000444302
  91 90.5 1.27035 0.000551368
  92 91.5 1.64493 0.000713944
  93 92.5 2.20726 0.00095801
  94 93.5 3.10657 0.00134834
  95 94.5 4.48058 0.0019447
  96 95.5 6.41174 0.00278287
  97 96.5 8.87176 0.00385059
  98 97.5 11.9426 0.00518342
  99 98.5 15.3077 0.00664398
  100 99.5 18.7902 0.00815548
  101 100.5 21.9272 0.00951702
  102 101.5 24.6453 0.0106967
  103 102.5 26.7966 0.0116305
  104 103.5 28.5882 0.0124081
  105 104.5 29.7557 0.0129148
  106 105.5 30.5435 0.0132567
  107 106.5 31.2515 0.013564
  108 107.5 31.7477 0.0137794
  109 108.5 31.9821 0.0138811
  110 109.5 32.2167 0.0139829
  111 110.5 32.4254 0.0140735
  112 111.5 32.5555 0.01413
  113 112.5 32.5504 0.0141278
  114 113.5 32.6476 0.01417
  115 114.5 32.7388 0.0142095
  116 115.5 32.712 0.0141979
  117 116.5 32.7296 0.0142056
  118 117.5 32.8106 0.0142407
  119 118.5 32.7862 0.0142301
  120 119.5 32.7899 0.0142317
  121 120.5 32.8766 0.0142694
  122 121.5 32.8036 0.0142377
  123 122.5 32.8476 0.0142568
  124 123.5 32.8304 0.0142493
  125 124.5 32.8314 0.0142497
  126 125.5 32.8067 0.014239
  127 126.5 32.8473 0.0142566
  128 127.5 32.8818 0.0142716
  129 128.5 32.8769 0.0142695
  130 129.5 32.8185 0.0142442
  131 130.5 32.8396 0.0142533
  132 131.5 32.8828 0.014272
  133 132.5 32.8862 0.0142735
  134 133.5 32.8005 0.0142363
  135 134.5 32.9003 0.0142797
  136 135.5 32.9287 0.014292
  137 136.5 32.8408 0.0142538
  138 137.5 32.8652 0.0142644
  139 138.5 32.8715 0.0142671
  140 139.5 32.9531 0.0143026
  141 140.5 32.8736 0.0142681
  142 141.5 32.8339 0.0142508
  143 142.5 32.8807 0.0142711
  144 143.5 32.8803 0.014271
  145 144.5 32.8985 0.0142789
  146 145.5 32.8232 0.0142462
  147 146.5 32.9037 0.0142811
  148 147.5 32.881 0.0142713
  149 148.5 32.8329 0.0142504
  150 149.5 32.8531 0.0142592
  151 150.5 32.8751 0.0142687
  152 151.5 32.8252 0.0142471
  153 152.5 32.8059 0.0142387
  154 153.5 32.8847 0.0142729
  155 154.5 32.9088 0.0142833
  156 155.5 32.8166 0.0142433
  157 156.5 32.7969 0.0142348
  158 157.5 32.8339 0.0142508
  159 158.5 32.8599 0.0142621
  160 159.5 32.837 0.0142522
  161 160.5 32.8138 0.0142421
  162 161.5 32.8252 0.014247
  163 162.5 32.8712 0.014267
  164 163.5 32.756 0.014217
  165 164.5 32.7767 0.014226
  166 165.5 32.8435 0.014255
  167 166.5 32.7339 0.0142074
  168 167.5 32.7198 0.0142013
  169 168.5 32.8496 0.0142576
  170 169.5 32.7396 0.0142099
  171 170.5 32.7193 0.0142011
  172 171.5 32.756 0.014217
  173 172.5 32.8175 0.0142437
  174 173.5 32.6979 0.0141918
  175 174.5 32.7624 0.0142198
  176 175.5 32.7011 0.0141932
  177 176.5 32.7078 0.0141961
  178 177.5 32.7082 0.0141963
  179 178.5 32.747 0.0142131
  180 179.5 32.6365 0.0141651
  181 180.5 32.5532 0.014129
  182 181.5 32.5832 0.014142
  183 182.5 32.5251 0.0141168
  184 183.5 32.3073 0.0140223
  185 184.5 32.0521 0.0139115
  186 185.5 31.6047 0.0137173
  187 186.5 30.7868 0.0133623
  188 187.5 29.3193 0.0127254
  189 188.5 27.0807 0.0117538
  190 189.5 23.6919 0.010283
  191 190.5 19.3896 0.00841564
  192 191.5 14.5151 0.00629994
  193 192.5 9.98598 0.00433419
  194 193.5 6.38082 0.00276945
  195 194.5 3.84689 0.00166966
  196 195.5 2.24078 0.000972559
  197 196.5 1.3242 0.00057474
  198 197.5 0.877632 0.000380917
  199 198.5 0.63624 0.000276146
  200 199.5 0.513592 0.000222913
  201 200.5 0.433688 0.000188233
  202 201.5 0.40356 0.000175156
  203 202.5 0.38344 0.000166424
  204 203.5 0.369992 0.000160587
  205 204.5 0.3548 0.000153993
  206 205.5 0.356808 0.000154865
  207 206.5 0.379512 0.000164719
  208 207.5 0.383224 0.00016633
  209 208.5 0.368536 0.000159955
  210 209.5 0.376168 0.000163267
  211 210.5 0.380504 0.000165149
  212 211.5 0.384472 0.000166872
  213 212.5 0.379408 0.000164674
  214 213.5 0.357 0.000154948
  215 214.5 0.353608 0.000153476
  216 215.5 0.37548 0.000162969
  217 216.5 0.37768 0.000163924
  218 217.5 0.379008 0.0001645
  219 218.5 0.387192 0.000168052
  220 219.5 0.392752 0.000170465
  221 220.5 0.378312 0.000164198
  222 221.5 0.362784 0.000157458
  223 222.5 0.366088 0.000158892
  224 223.5 0.364856 0.000158358
  225 224.5 0.350592 0.000152167
  226 225.5 0.360384 0.000156417
  227 226.5 0.37268 0.000161753
  228 227.5 0.377448 0.000163823
  229 228.5 0.37548 0.000162969
  230 229.5 0.36924 0.00016026
  231 230.5 0.379976 0.00016492
  232 231.5 0.395784 0.000171781
  233 232.5 0.399904 0.000173569
  234 233.5 0.394024 0.000171017
  235 234.5 0.399032 0.000173191
  236 235.5 0.396424 0.000172059
  237 236.5 0.392224 0.000170236
  238 237.5 0.385336 0.000167247
  239 238.5 0.368976 0.000160146
  240 239.5 0.342272 0.000148556
  241 240.5 0.329296 0.000142924
  242 241.5 0.302552 0.000131316
  243 242.5 0.288224 0.000125097
  244 243.5 0.287416 0.000124747
  245 244.5 0.306904 0.000133205
  246 245.5 0.320912 0.000139285
  247 246.5 0.314512 0.000136507
  248 247.5 0.327176 0.000142003
  249 248.5 0.341904 0.000148396
  250 249.5 0.341736 0.000148323
  251 250.5 0.342576 0.000148688
  252 251.5 0.33944 0.000147326
  253 252.5 0.327312 0.000142062
  254 253.5 0.340272 0.000147688
  255 254.5 0.33852 0.000146927
  256 255.5 0.349584 0.000151729
  257 256.5 0.336888 0.000146219
  258 257.5 0.341576 0.000148253
  259 258.5 0.323912 0.000140587
  260 259.5 0.29744 0.000129097
  261 260.5 0.282032 0.00012241
  262 261.5 0.283568 0.000123076
  263 262.5 0.278488 0.000120872
  264 263.5 0.278168 0.000120733
  265 264.5 0.269056 0.000116778
  266 265.5 0.26756 0.000116128
  267 266.5 0.278624 0.000120931
  268 267.5 0.289616 0.000125701
  269 268.5 0.310168 0.000134622
  270 269.5 0.318888 0.000138406
  271 270.5 0.32484 0.00014099
  272 271.5 0.328384 0.000142528
  273 272.5 0.327368 0.000142087
  274 273.5 0.336832 0.000146194
  275 274.5 0.341336 0.000148149
  276 275.5 0.345504 0.000149958
  277 276.5 0.330336 0.000143375
  278 277.5 0.307792 0.00013359
  279 278.5 0.297312 0.000129042
  280 279.5 0.300032 0.000130222
  281 280.5 0.302688 0.000131375
  282 281.5 0.317056 0.000137611
  283 282.5 0.322448 0.000139951
  284 283.5 0.343848 0.00014924
  285 284.5 0.340976 0.000147993
  286 285.5 0.340384 0.000147736
  287 286.5 0.342008 0.000148441
  288 287.5 0.352632 0.000153052
  289 288.5 0.368104 0.000159767
  290 289.5 0.397664 0.000172597
  291 290.5 0.388888 0.000168788
  292 291.5 0.370512 0.000160813
  293 292.5 0.370112 0.000160639
  294 293.5 0.382536 0.000166031
  295 294.5 0.368048 0.000159743
  296 295.5 0.350456 0.000152108
  297 296.5 0.343768 0.000149205
  298 297.5 0.344048 0.000149326
  299 298.5 0.325408 0.000141236
  300 299.5 0.332144 0.00014416
  301 300.5 0.323312 0.000140326
  302 301.5 0.325744 0.000141382
  303 302.5 0.327488 0.000142139
  304 303.5 0.324512 0.000140847
  305 304.5 0.308584 0.000133934
  306 305.5 0.320208 0.000138979
  307 306.5 0.330408 0.000143406
  308 307.5 0.314232 0.000136385
  309 308.5 0.3074 0.00013342
  310 309.5 0.338496 0.000146917
  311 310.5 0.359208 0.000155906
  312 311.5 0.36628 0.000158976
  313 312.5 0.3858 0.000167448
  314 313.5 0.381624 0.000165635
  315 314.5 0.383304 0.000166365
  316 315.5 0.388456 0.000168601
  317 316.5 0.383968 0.000166653
  318 317.5 0.370688 0.000160889
  319 318.5 0.372448 0.000161653
  320 319.5 0.375512 0.000162983
  321 320.5 0.384512 0.000166889
  322 321.5 0.392512 0.000170361
  323 322.5 0.394328 0.000171149
  324 323.5 0.394784 0.000171347
  325 324.5 0.3964 0.000172049
  326 325.5 0.40508 0.000175816
  327 326.5 0.412688 0.000179118
  328 327.5 0.418616 0.000181691
  329 328.5 0.413288 0.000179378
  330 329.5 0.3968 0.000172222
  331 330.5 0.3732 0.000161979
  332 331.5 0.358184 0.000155462
  333 332.5 0.342216 0.000148531
  334 333.5 0.334832 0.000145326
  335 334.5 0.317256 0.000137698
  336 335.5 0.320136 0.000138948
  337 336.5 0.315864 0.000137094
  338 337.5 0.325944 0.000141469
  339 338.5 0.348016 0.000151049
  340 339.5 0.38188 0.000165747
  341 340.5 0.41248 0.000179028
  342 341.5 0.446144 0.000193639
  343 342.5 0.51212 0.000222274
  344 343.5 0.648056 0.000281274
  345 344.5 0.903032 0.000391941
  346 345.5 1.43027 0.000620778
  347 346.5 2.35029 0.00102009
  348 347.5 3.93325 0.00170714
  349 348.5 6.47912 0.00281212
  350 349.5 10.1627 0.00441089
  351 350.5 14.6886 0.00637524
  352 351.5 19.4428 0.00843873
  353 352.5 23.7598 0.0103124
  354 353.5 27.1728 0.0117937
  355 354.5 29.4305 0.0127736
  356 355.5 30.8471 0.0133885
  357 356.5 31.6048 0.0137174
  358 357.5 32.0093 0.0138929
  359 358.5 32.365 0.0140473
  360 359.5 32.471 0.0140933
  361 360.5 32.5507 0.0141279
  362 361.5 32.5492 0.0141272
  363 362.5 32.7239 0.0142031
  364 363.5 32.6103 0.0141538
  365 364.5 32.6683 0.0141789
  366 365.5 32.6525 0.0141721
  367 366.5 32.7073 0.0141959
  368 367.5 32.7182 0.0142006
  369 368.5 32.6617 0.0141761
  370 369.5 32.7328 0.0142069
  371 370.5 32.6658 0.0141779
  372 371.5 32.7725 0.0142242
  373 372.5 32.7064 0.0141955
  374 373.5 32.6695 0.0141795
  375 374.5 32.7112 0.0141976
  376 375.5 32.7347 0.0142078
  377 376.5 32.634 0.0141641
  378 377.5 32.6796 0.0141838
  379 378.5 32.6631 0.0141767
  380 379.5 32.7985 0.0142355
  381 380.5 32.6949 0.0141905
  382 381.5 32.7228 0.0142026
  383 382.5 32.7979 0.0142352
  384 383.5 32.7492 0.0142141
  385 384.5 32.7211 0.0142019
  386 385.5 32.7376 0.014209
  387 386.5 32.7187 0.0142008
  388 387.5 32.7513 0.014215
  389 388.5 32.6234 0.0141595
  390 389.5 32.7729 0.0142243
  391 390.5 32.6606 0.0141756
  392 391.5 32.6856 0.0141865
  393 392.5 32.7341 0.0142075
  394 393.5 32.7003 0.0141928
  395 394.5 32.6641 0.0141771
  396 395.5 32.6981 0.0141919
  397 396.5 32.7202 0.0142015
  398 397.5 32.7334 0.0142072
  399 398.5 32.6599 0.0141753
  400 399.5 32.6479 0.0141701
  401 400.5 32.6704 0.0141799
  402 401.5 32.6635 0.0141769
  403 402.5 32.6708 0.01418
  404 403.5 32.6462 0.0141694
  405 404.5 32.6598 0.0141753
  406 405.5 32.5999 0.0141493
  407 406.5 32.5827 0.0141418
  408 407.5 32.4838 0.0140989
  409 408.5 32.3788 0.0140533
  410 409.5 32.2771 0.0140092
  411 410.5 32.0231 0.0138989
  412 411.5 31.7988 0.0138016
  413 412.5 31.3813 0.0136204
  414 413.5 30.8569 0.0133928
  415 414.5 30.0994 0.013064
  416 415.5 28.9933 0.0125839
  417 416.5 27.5485 0.0119568
  418 417.5 25.6183 0.0111191
  419 418.5 23.1778 0.0100598
  420 419.5 20.0706 0.00871119
  421 420.5 16.7642 0.00727612
  422 421.5 13.3839 0.005809
  423 422.5 10.1286 0.00439608
  424 423.5 7.31554 0.00317515
  425 424.5 5.17092 0.00224432
  426 425.5 3.57057 0.00154973
  427 426.5 2.48774 0.00107975
  428 427.5 1.79734 0.000780097
  429 428.5 1.35879 0.000589753
  430 429.5 1.08034 0.000468896
  431 430.5 0.91824 0.000398542
  432 431.5 0.833352 0.000361698
  433 432.5 0.770544 0.000334437
  434 433.5 0.718624 0.000311903
  435 434.5 0.70392 0.000305521
  436 435.5 0.69096 0.000299896
  437 436.5 0.67568 0.000293264
  438 437.5 0.668304 0.000290063
  439 438.5 0.675496 0.000293184
  440 439.5 0.670536 0.000291031
  441 440.5 0.664432 0.000288382
  442 441.5 0.66444 0.000288385
  443 442.5 0.669768 0.000290698
  444 443.5 0.65012 0.00028217
  445 444.5 0.647536 0.000281049
  446 445.5 0.655872 0.000284667
  447 446.5 0.658408 0.000285767
  448 447.5 0.653288 0.000283545
  449 448.5 0.656256 0.000284833
  450 449.5 0.652168 0.000283059
  451 450.5 0.645072 0.000279979
  452 451.5 0.645544 0.000280184
  453 452.5 0.65392 0.000283819
  454 453.5 0.635672 0.000275899
  455 454.5 0.643136 0.000279139
  456 455.5 0.648272 0.000281368
  457 456.5 0.648536 0.000281483
  458 457.5 0.64156 0.000278455
  459 458.5 0.643464 0.000279281
  460 459.5 0.639264 0.000277458
  461 460.5 0.647384 0.000280983
  462 461.5 0.650608 0.000282382
  463 462.5 0.659544 0.00028626
  464 463.5 0.66772 0.000289809
  465 464.5 0.665376 0.000288792
  466 465.5 0.670248 0.000290906
  467 466.5 0.675584 0.000293222
  468 467.5 0.689824 0.000299403
  469 468.5 0.68792 0.000298576
  470 469.5 0.683528 0.00029667
  471 470.5 0.679704 0.00029501
  472 471.5 0.674832 0.000292896
  473 472.5 0.671384 0.000291399
  474 473.5 0.667288 0.000289622
  475 474.5 0.663976 0.000288184
  476 475.5 0.664776 0.000288531
  477 476.5 0.66228 0.000287448
  478 477.5 0.661416 0.000287073
  479 478.5 0.66032 0.000286597
  480 479.5 0.649608 0.000281948
62500000 480 5446.999999999996
  1 0.5 0.654984 0.000284281
  2 1.5 0.653208 0.00028351
  3 2.5 0.654216 0.000283948
  4 3.5 0.654704 0.00028416
  5 4.5 0.667056 0.000289521
  6 5.5 0.655 0.000284288
  7 6.5 0.66888 0.000290312
  8 7.5 0.652464 0.000283188
  9 8.5 0.65016 0.000282187
  10 9.5 0.65448 0.000284063
  11 10.5 0.642928 0.000279049
  12 11.5 0.64184 0.000278576
  13 12.5 0.638784 0.00027725
  14 13.5 0.65192 0.000282951
  15 14.5 0.652264 0.000283101
  16 15.5 0.657504 0.000285375
  17 16.5 0.655648 0.000284569
  18 17.5 0.64396 0.000279497
  19 18.5 0.641504 0.000278431
  20 19.5 0.656272 0.00028484
  21 20.5 0.663056 0.000287785
  22 21.5 0.659336 0.00028617
  23 22.5 0.672184 0.000291747
  24 23.5 0.6662 0.000289149
  25 24.5 0.675456 0.000293167
  26 25.5 0.665224 0.000288726
  27 26.5 0.664968 0.000288615
  28 27.5 0.666952 0.000289476
  29 28.5 0.675576 0.000293219
  30 29.5 0.670048 0.000290819
  31 30.5 0.6626 0.000287587
  32 31.5 0.664656 0.000288479
  33 32.5 0.670144 0.000290861
  34 33.5 0.661 0.000286892
  35 34.5 0.667728 0.000289812
  36 35.5 0.661104 0.000286937
  37 36.5 0.654648 0.000284135
  38 37.5 0.651184 0.000282632
  39 38.5 0.65552 0.000284514
  40 39.5 0.66288 0.000287708
  41 40.5 0.664584 0.000288448
  42 41.5 0.670016 0.000290806
  43 42.5 0.676072 0.000293434
  44 43.5 0.672864 0.000292042
  45 44.5 0.672368 0.000291826
  46 45.5 0.677944 0.000294247
  47 46.5 0.672488 0.000291878
  48 47.5 0.682536 0.00029624
  49 48.5 0.665512 0.000288851
  50 49.5 0.662808 0.000287677
  51 50.5 0.662344 0.000287476
  52 51.5 0.675792 0.000293313
  53 52.5 0.679704 0.00029501
  54 53.5 0.679904 0.000295097
  55 54.5 0.694192 0.000301299
  56 55.5 0.694784 0.000301556
  57 56.5 0.679856 0.000295076
  58 57.5 0.683592 0.000296698
  59 58.5 0.677624 0.000294108
  60 59.5 0.681688 0.000295872
  61 60.5 0.684464 0.000297076
  62 61.5 0.692992 0.000300778
  63 62.5 0.689984 0.000299472
  64 63.5 0.68264 0.000296285
  65 64.5 0.685088 0.000297347
  66 65.5 0.674144 0.000292597
  67 66.5 0.679288 0.00029483
  68 67.5 0.685552 0.000297549
  69 68.5 0.682168 0.00029608
  70 69.5 0.682152 0.000296073
  71 70.5 0.680648 0.00029542
  72 71.5 0.67848 0.000294479
  73 72.5 0.676256 0.000293514
  74 73.5 0.681792 0.000295917
  75 74.5 0.680408 0.000295316
  76 75.5 0.6812 0.00029566
  77 76.5 0.674304 0.000292667
  78 77.5 0.68232 0.000296146
  79 78.5 0.678144 0.000294333
  80 79.5 0.676408 0.00029358
  81 80.5 0.684712 0.000297184
  82 81.5 0.679224 0.000294802
  83 82.5 0.678488 0.000294483
  84 83.5 0.678096 0.000294312
  85 84.5 0.678776 0.000294608
  86 85.5 0.693176 0.000300858
  87 86.5 0.695224 0.000301747
  88 87.5 0.697392 0.000302688
  89 88.5 0.707664 0.000307146
  90 89.5 0.708872 0.00030767
  91 90.5 0.734744 0.000318899
  92 91.5 0.766368 0.000332625
  93 92.5 0.815216 0.000353826
  94 93.5 0.899176 0.000390267
  95 94.5 1.05378 0.000457372
  96 95.5 1.29084 0.00056026
  97 96.5 1.6648 0.000722569
  98 97.5 2.20646 0.000957663
  99 98.5 3.00038 0.00130225
  100 99.5 4.10055 0.00177975
  101 100.5 5.60146 0.00243119
  102 101.5 7.53382 0.00326989
  103 102.5 9.88155 0.00428887
  104 103.5 12.6091 0.00547271
  105 104.5 15.5294 0.0067402
  106 105.5 18.499 0.00802907
  107 106.5 21.4002 0.0092883
  108 107.5 24.0226 0.0104265
  109 108.5 26.2039 0.0113732
  110 109.5 27.8582 0.0120913
  111 110.5 29.2183 0.0126816
  112 111.5 30.115 0.0130708
  113 112.5 30.8307 0.0133814
  114 113.5 31.4022 0.0136294
  115 114.5 31.6708 0.013746
  116 115.5 31.9732 0.0138773
  117 116.5 32.2098 0.01398
  118 117.5 32.2297 0.0139886
  119 118.5 32.3768 0.0140524
  120 119.5 32.4964 0.0141043
  121 120.5 32.5281 0.0141181
  122 121.5 32.5061 0.0141086
  123 122.5 32.629 0.0141619
  124 123.5 32.6032 0.0141507
  125 124.5 32.5978 0.0141484
  126 125.5 32.6037 0.0141509
  127 126.5 32.6474 0.0141699
  128 127.5 32.6581 0.0141745
  129 128.5 32.6567 0.0141739
  130 129.5 32.6065 0.0141521
  131 130.5 32.7134 0.0141985
  132 131.5 32.6372 0.0141654
  133 132.5 32.6281 0.0141615
  134 133.5 32.6603 0.0141755
  135 134.5 32.6435 0.0141682
  136 135.5 32.6054 0.0141516
  137 136.5 32.5847 0.0141427
  138 137.5 32.6686 0.0141791
  139 138.5 32.6758 0.0141822
  140 139.5 32.6247 0.01416
  141 140.5 32.6154 0.014156
  142 141.5 32.6861 0.0141867
  143 142.5 32.6209 0.0141584
  144 143.5 32.5685 0.0141356
  145 144.5 32.6619 0.0141762
  146 145.5 32.6291 0.014162
  147 146.5 32.5714 0.0141369
  148 147.5 32.5496 0.0141275
  149 148.5 32.6304 0.0141625
  150 149.5 32.6516 0.0141717
  151 150.5 32.5616 0.0141327
  152 151.5 32.5438 0.0141249
  153 152.5 32.7265 0.0142042
  154 153.5 32.6281 0.0141615
  155 154.5 32.6267 0.0141609
  156 155.5 32.6758 0.0141822
  157 156.5 32.6622 0.0141763
  158 157.5 32.6598 0.0141752
  159 158.5 32.6242 0.0141598
  160 159.5 32.6003 0.0141494
  161 160.5 32.7738 0.0142248
  162 161.5 32.6922 0.0141893
  163 162.5 32.5959 0.0141475
  164 163.5 32.7111 0.0141975
  165 164.5 32.8014 0.0142367
  166 165.5 32.6396 0.0141665
  167 166.5 32.622 0.0141589
  168 167.5 32.7985 0.0142355
  169 168.5 32.7075 0.014196
  170 169.5 32.6519 0.0141718
  171 170.5 32.7242 0.0142032
  172 171.5 32.7418 0.0142109
  173 172.5 32.7327 0.0142069
  174 173.5 32.6766 0.0141825
  175 174.5 32.7309 0.0142061
  176 175.5 32.7022 0.0141937
  177 176.5 32.6997 0.0141926
  178 177.5 32.669 0.0141793
  179 178.5 32.7482 0.0142136
  180 179.5 32.6544 0.0141729
  181 180.5 32.6633 0.0141768
  182 181.5 32.6102 0.0141537
  183 182.5 32.644 0.0141684
  184 183.5 32.562 0.0141328
  185 184.5 32.4079 0.0140659
  186 185.5 32.2758 0.0140086
  187 186.5 32.0024 0.0138899
  188 187.5 31.4825 0.0136643
  189 188.5 30.6462 0.0133013
  190 189.5 29.2372 0.0126898
  191 190.5 26.878 0.0116658
  192 191.5 23.659 0.0102687
  193 192.5 19.5538 0.00848687
  194 193.5 14.9713 0.00649798
  195 194.5 10.5962 0.00459907
  196 195.5 6.94221 0.00301311
  197 196.5 4.25138 0.00184522
  198 197.5 2.51389 0.0010911
  199 198.5 1.49717 0.000649812
  200 199.5 0.930224 0.000403743
  201 200.5 0.629768 0.000273337
  202 201.5 0.475784 0.000206503
  203 202.5 0.407912 0.000177045
  204 203.5 0.362856 0.00015749
  205 204.5 0.337976 0.000146691
  206 205.5 0.343896 0.00014926
  207 206.5 0.342096 0.000148479
  208 207.5 0.328304 0.000142493
  209 208.5 0.349112 0.000151524
  210 209.5 0.358472 0.000155587
  211 210.5 0.335528 0.000145628
  212 211.5 0.340296 0.000147698
  213 212.5 0.350968 0.00015233
  214 213.5 0.372456 0.000161656
  215 214.5 0.368896 0.000160111
  216 215.5 0.382896 0.000166187
  217 216.5 0.405368 0.000175941
  218 217.5 0.408768 0.000177417
  219 218.5 0.396576 0.000172125
  220 219.5 0.409248 0.000177625
  221 220.5 0.405368 0.000175941
  222 221.5 0.381064 0.000165392
  223 222.5 0.361864 0.000157059
  224 223.5 0.3512 0.000152431
  225 224.5 0.342416 0.000148618
  226 225.5 0.344256 0.000149417
  227 226.5 0.336984 0.00014626
  228 227.5 0.349752 0.000151802
  229 228.5 0.344608 0.000149569
  230 229.5 0.326072 0.000141524
  231 230.5 0.300488 0.00013042
  232 231.5 0.284208 0.000123354
  233 232.5 0.268848 0.000116687
  234 233.5 0.280072 0.000121559
  235 234.5 0.296888 0.000128858
  236 235.5 0.293728 0.000127486
  237 236.5 0.298952 0.000129753
  238 237.5 0.309584 0.000134368
  239 238.5 0.306744 0.000133135
  240 239.5 0.32512 0.000141111
  241 240.5 0.326504 0.000141712
  242 241.5 0.33264 0.000144375
  243 242.5 0.33792 0.000146667
  244 243.5 0.34232 0.000148576
  245 244.5 0.33628 0.000145955
  246 245.5 0.345856 0.000150111
  247 246.5 0.35072 0.000152222
  248 247.5 0.339728 0.000147451
  249 248.5 0.3346 0.000145226
  250 249.5 0.328704 0.000142667
  251 250.5 0.34 0.000147569
  252 251.5 0.353032 0.000153226
  253 252.5 0.357544 0.000155184
  254 253.5 0.357296 0.000155076
  255 254.5 0.35912 0.000155868
  256 255.5 0.349184 0.000151556
  257 256.5 0.356896 0.000154903
  258 257.5 0.358696 0.000155684
  259 258.5 0.338808 0.000147052
  260 259.5 0.337736 0.000146587
  261 260.5 0.330224 0.000143326
  262 261.5 0.3294 0.000142969
  263 262.5 0.311944 0.000135392
  264 263.5 0.297688 0.000129205
  265 264.5 0.296656 0.000128757
  266 265.5 0.298512 0.000129563
  267 266.5 0.302272 0.000131194
  268 267.5 0.293576 0.00012742
  269 268.5 0.297144 0.000128969
  270 269.5 0.313448 0.000136045
  271 270.5 0.31788 0.000137969
  272 271.5 0.308784 0.000134021
  273 272.5 0.319856 0.000138826
  274 273.5 0.319904 0.000138847
  275 274.5 0.31288 0.000135799
  276 275.5 0.317096 0.000137628
  277 276.5 0.31872 0.000138333
  278 277.5 0.296264 0.000128587
  279 278.5 0.290824 0.000126226
  280 279.5 0.305176 0.000132455
  281 280.5 0.303848 0.000131878
  282 281.5 0.295808 0.000128389
  283 282.5 0.297256 0.000129017
  284 283.5 0.296888 0.000128858
  285 284.5 0.295048 0.000128059
  286 285.5 0.306208 0.000132903
  287 286.5 0.314616 0.000136552
  288 287.5 0.308984 0.000134108
  289 288.5 0.30592 0.000132778
  290 289.5 0.292624 0.000127007
  291 290.5 0.276016 0.000119799
  292 291.5 0.252384 0.000109542
  293 292.5 0.253176 0.000109885
  294 293.5 0.260328 0.00011299
  295 294.5 0.26656 0.000115694
  296 295.5 0.262792 0.000114059
  297 296.5 0.265328 0.00011516
  298 297.5 0.274952 0.000119337
  299 298.5 0.280296 0.000121656
  300 299.5 0.276968 0.000120212
  301 300.5 0.285808 0.000124049
  302 301.5 0.284304 0.000123396
  303 302.5 0.285424 0.000123882
  304 303.5 0.280352 0.000121681
  305 304.5 0.255096 0.000110719
  306 305.5 0.256872 0.00011149
  307 306.5 0.266648 0.000115733
  308 307.5 0.285184 0.000123778
  309 308.5 0.290744 0.000126191
  310 309.5 0.294904 0.000127997
  311 310.5 0.292416 0.000126917
  312 311.5 0.285872 0.000124076
  313 312.5 0.288968 0.00012542
  314 313.5 0.302832 0.000131437
  315 314.5 0.327464 0.000142128
  316 315.5 0.331816 0.000144017
  317 316.5 0.3216 0.000139583
  318 317.5 0.3308 0.000143576
  319 318.5 0.335376 0.000145562
  320 319.5 0.327072 0.000141958
  321 320.5 0.320832 0.00013925
  322 321.5 0.310936 0.000134955
  323 322.5 0.319968 0.000138875
  324 323.5 0.3396 0.000147396
  325 324.5 0.33896 0.000147118
  326 325.5 0.338368 0.000146861
  327 326.5 0.361992 0.000157115
  328 327.5 0.340392 0.00014774
  329 328.5 0.33476 0.000145295
  330 329.5 0.327472 0.000142132
  331 330.5 0.326448 0.000141687
  332 331.5 0.322296 0.000139885
  333 332.5 0.327992 0.000142358
  334 333.5 0.34132 0.000148142
  335 334.5 0.335432 0.000145587
  336 335.5 0.317512 0.000137809
  337 336.5 0.321632 0.000139597
  338 337.5 0.322808 0.000140108
  339 338.5 0.321288 0.000139448
  340 339.5 0.3314 0.000143837
  341 340.5 0.325504 0.000141278
  342 341.5 0.350312 0.000152045
  343 342.5 0.39256 0.000170382
  344 343.5 0.427168 0.000185403
  345 344.5 0.517224 0.00022449
  346 345.5 0.711064 0.000308622
  347 346.5 1.06625 0.000462781
  348 347.5 1.68789 0.00073259
  349 348.5 2.84189 0.00123346
  350 349.5 4.74297 0.00205858
  351 350.5 7.68758 0.00333662
  352 351.5 11.638 0.00505119
  353 352.5 16.2644 0.00705918
  354 353.5 20.9399 0.0090885
  355 354.5 24.9927 0.0108475
  356 355.5 27.9861 0.0121468
  357 356.5 29.9958 0.013019
  358 357.5 31.1732 0.01353
  359 358.5 31.8289 0.0138146
  360 359.5 32.3242 0.0140296
  361 360.5 32.4033 0.0140639
  362 361.5 32.5514 0.0141282
  363 362.5 32.67 0.0141797
  364 363.5 32.7311 0.0142062
  365 364.5 32.692 0.0141892
  366 365.5 32.7998 0.014236
  367 366.5 32.8039 0.0142378
  368 367.5 32.8458 0.014256
  369 368.5 32.7781 0.0142266
  370 369.5 32.8047 0.0142381
  371 370.5 32.9076 0.0142828
  372 371.5 32.8175 0.0142437
  373 372.5 32.8404 0.0142537
  374 373.5 32.826 0.0142474
  375 374.5 32.7589 0.0142183
  376 375.5 32.8546 0.0142598
  377 376.5 32.8686 0.0142659
  378 377.5 32.8543 0.0142597
  379 378.5 32.8226 0.0142459
  380 379.5 32.8238 0.0142465
  381 380.5 32.903 0.0142808
  382 381.5 32.8104 0.0142406
  383 382.5 32.8037 0.0142377
  384 383.5 32.8559 0.0142604
  385 384.5 32.8505 0.014258
  386 385.5 32.7962 0.0142345
  387 386.5 32.8145 0.0142424
  388 387.5 32.8211 0.0142453
  389 388.5 32.7667 0.0142217
  390 389.5 32.8137 0.014242
  391 390.5 32.8069 0.0142391
  392 391.5 32.8274 0.014248
  393 392.5 32.7656 0.0142212
  394 393.5 32.8377 0.0142525
  395 394.5 32.7662 0.0142214
  396 395.5 32.7495 0.0142142
  397 396.5 32.8468 0.0142564
  398 397.5 32.785 0.0142296
  399 398.5 32.7317 0.0142065
  400 399.5 32.7418 0.0142108
  401 400.5 32.7891 0.0142314
  402 401.5 32.7192 0.014201
  403 402.5 32.7465 0.0142129
  404 403.5 32.7633 0.0142202
  405 404.5 32.7466 0.0142129
  406 405.5 32.7422 0.014211
  407 406.5 32.745 0.0142122
  408 407.5 32.6989 0.0141922
  409 408.5 32.5913 0.0141455
  410 409.5 32.6512 0.0141715
  411 410.5 32.6492 0.0141707
  412 411.5 32.5938 0.0141466
  413 412.5 32.5109 0.0141106
  414 413.5 32.3821 0.0140547
  415 414.5 32.3348 0.0140342
  416 415.5 32.1142 0.0139384
  417 416.5 31.8388 0.0138189
  418 417.5 31.5111 0.0136767
  419 418.5 30.9986 0.0134542
  420 419.5 30.3124 0.0131564
  421 420.5 29.3614 0.0127437
  422 421.5 28.0658 0.0121813
  423 422.5 26.4767 0.0114916
  424 423.5 24.4902 0.0106294
  425 424.5 22.0686 0.00957838
  426 425.5 19.3881 0.00841498
  427 426.5 16.4516 0.00714045
  428 427.5 13.4221 0.00582556
  429 428.5 10.4977 0.0045563
  430 429.5 7.85756 0.0034104
  431 430.5 5.67164 0.00246165
  432 431.5 4.03002 0.00174914
  433 432.5 2.84256 0.00123375
  434 433.5 2.03696 0.000884097
  435 434.5 1.50246 0.000652108
  436 435.5 1.16868 0.00050724
  437 436.5 0.961072 0.000417132
  438 437.5 0.846208 0.000367278
  439 438.5 0.785552 0.000340951
  440 439.5 0.74192 0.000322014
  441 440.5 0.715808 0.000310681
  442 441.5 0.70184 0.000304618
  443 442.5 0.68976 0.000299375
  444 443.5 0.682488 0.000296219
  445 444.5 0.679864 0.00029508
  446 445.5 0.6704 0.000290972
  447 446.5 0.667808 0.000289847
  448 447.5 0.678024 0.000294281
  449 448.5 0.673032 0.000292115
  450 449.5 0.669896 0.000290753
  451 450.5 0.675496 0.000293184
  452 451.5 0.668712 0.00029024
  453 452.5 0.668488 0.000290142
  454 453.5 0.683664 0.000296729
  455 454.5 0.67588 0.000293351
  456 455.5 0.689144 0.000299108
  457 456.5 0.686744 0.000298066
  458 457.5 0.689488 0.000299257
  459 458.5 0.693816 0.000301135
  460 459.5 0.699664 0.000303674
  461 460.5 0.687224 0.000298274
  462 461.5 0.680968 0.000295559
  463 462.5 0.67992 0.000295104
  464 463.5 0.672632 0.000291941
  465 464.5 0.677704 0.000294142
  466 465.5 0.666648 0.000289344
  467 466.5 0.669096 0.000290406
  468 467.5 0.660552 0.000286698
  469 468.5 0.65752 0.000285382
  470 469.5 0.658584 0.000285844
  471 470.5 0.659144 0.000286087
  472 471.5 0.659288 0.000286149
  473 472.5 0.666616 0.00028933
  474 473.5 0.666416 0.000289243
  475 474.5 0.653408 0.000283597
  476 475.5 0.666064 0.00028909
  477 476.5 0.667656 0.000289781
  478 477.5 0.662536 0.000287559
  479 478.5 0.662872 0.000287705
  480 479.5 0.662192 0.00028741
65000000 480 5447
  1 0.5 0.667032 0.00028951
  2 1.5 0.675112 0.000293017
  3 2.5 0.684832 0.000297236
  4 3.5 0.68096 0.000295556
  5 4.5 0.692256 0.000300458
  6 5.5 0.688264 0.000298726
  7 6.5 0.685472 0.000297514
  8 7.5 0.674664 0.000292823
  9 8.5 0.675888 0.000293354
  10 9.5 0.687584 0.000298431
  11 10.5 0.678144 0.000294333
  12 11.5 0.676944 0.000293813
  13 12.5 0.665224 0.000288726
  14 13.5 0.668736 0.00029025
  15 14.5 0.675688 0.000293267
  16 15.5 0.67568 0.000293264
  17 16.5 0.688968 0.000299031
  18 17.5 0.67336 0.000292257
  19 18.5 0.66512 0.000288681
  20 19.5 0.659472 0.000286229
  21 20.5 0.65492 0.000284253
  22 21.5 0.666656 0.000289347
  23 22.5 0.667528 0.000289726
  24 23.5 0.66768 0.000289792
  25 24.5 0.667672 0.000289788
  26 25.5 0.661848 0.00028726
  27 26.5 0.672552 0.000291906
  28 27.5 0.679896 0.000295094
  29 28.5 0.665096 0.00028867
  30 29.5 0.66072 0.000286771
  31 30.5 0.662192 0.00028741
  32 31.5 0.667096 0.000289538
  33 32.5 0.660408 0.000286635
  34 33.5 0.660608 0.000286722
  35 34.5 0.666808 0.000289413
  36 35.5 0.676528 0.000293632
  37 36.5 0.650968 0.000282538
  38 37.5 0.659744 0.000286347
  39 38.5 0.672016 0.000291674
  40 39.5 0.664752 0.000288521
  41 40.5 0.662984 0.000287753
  42 41.5 0.664496 0.00028841
  43 42.5 0.650128 0.000282174
  44 43.5 0.665256 0.00028874
  45 44.5 0.657912 0.000285552
  46 45.5 0.658552 0.00028583
  47 46.5 0.651784 0.000282892
  48 47.5 0.660504 0.000286677
  49 48.5 0.658848 0.000285958
  50 49.5 0.664664 0.000288483
  51 50.5 0.667544 0.000289733
  52 51.5 0.665344 0.000288778
  53 52.5 0.67532 0.000293108
  54 53.5 0.67516 0.000293038
  55 54.5 0.677768 0.00029417
  56 55.5 0.66704 0.000289514
  57 56.5 0.666976 0.000289486
  58 57.5 0.671104 0.000291278
  59 58.5 0.666544 0.000289299
  60 59.5 0.670288 0.000290924
  61 60.5 0.66756 0.00028974
  62 61.5 0.664968 0.000288615
  63 62.5 0.668096 0.000289972
  64 63.5 0.664048 0.000288215
  65 64.5 0.670144 0.000290861
  66 65.5 0.67616 0.000293472
  67 66.5 0.684568 0.000297122
  68 67.5 0.691192 0.000299997
  69 68.5 0.682592 0.000296264
  70 69.5 0.685312 0.000297444
  71 70.5 0.699136 0.000303444
  72 71.5 0.698312 0.000303087
  73 72.5 0.698304 0.000303083
  74 73.5 0.697256 0.000302628
  75 74.5 0.697016 0.000302524
  76 75.5 0.693288 0.000300906
  77 76.5 0.68676 0.000298073
  78 77.5 0.686296 0.000297872
  79 78.5 0.681048 0.000295594
  80 79.5 0.667816 0.000289851
  81 80.5 0.66292 0.000287726
  82 81.5 0.66088 0.00028684
  83 82.5 0.669464 0.000290566
  84 83.5 0.67412 0.000292587
  85 84.5 0.67476 0.000292865
  86 85.5 0.678896 0.00029466
  87 86.5 0.684808 0.000297226
  88 87.5 0.685584 0.000297562
  89 88.5 0.67056 0.000291042
  90 89.5 0.670936 0.000291205
  91 90.5 0.69264 0.000300625
  92 91.5 0.712736 0.000309347
  93 92.5 0.719464 0.000312267
  94 93.5 0.758984 0.00032942
  95 94.5 0.793 0.000344184
  96 95.5 0.841672 0.000365309
  97 96.5 0.916256 0.000397681
  98 97.5 1.07037 0.000464569
  99 98.5 1.31471 0.000570622
  100 99.5 1.73977 0.000755108
  101 100.5 2.3702 0.00102873
  102 101.5 3.3767 0.00146558
  103 102.5 4.83718 0.00209947
  104 103.5 6.91209 0.00300004
  105 104.5 9.59328 0.00416375
  106 105.5 12.6944 0.00550972
  107 106.5 15.9697 0.0069313
  108 107.5 19.4122 0.00842543
  109 108.5 22.4632 0.00974965
  110 109.5 24.9739 0.0108394
  111 110.5 26.99 0.0117144
  112 111.5 28.6183 0.0124211
  113 112.5 29.7792 0.012925
  114 113.5 30.5737 0.0132698
  115 114.5 31.1637 0.0135259
  116 115.5 31.6642 0.0137431
  117 116.5 31.9138 0.0138515
  118 117.5 32.1458 0.0139522
  119 118.5 32.3545 0.0140428
  120 119.5 32.4638 0.0140902
  121 120.5 32.5625 0.014133
  122 121.5 32.6576 0.0141743
  123 122.5 32.6243 0.0141599
  124 123.5 32.7243 0.0142033
  125 124.5 32.7352 0.014208
  126 125.5 32.6809 0.0141844
  127 126.5 32.7697 0.014223
  128 127.5 32.7217 0.0142021
  129 128.5 32.7338 0.0142074
  130 129.5 32.77 0.0142231
  131 130.5 32.7834 0.0142289
  132 131.5 32.7216 0.0142021
  133 132.5 32.7451 0.0142123
  134 133.5 32.7915 0.0142324
  135 134.5 32.8085 0.0142398
  136 135.5 32.7363 0.0142085
  137 136.5 32.7945 0.0142337
  138 137.5 32.8496 0.0142576
  139 138.5 32.8194 0.0142445
  140 139.5 32.7528 0.0142156
  141 140.5 32.8741 0.0142683
  142 141.5 32.824 0.0142465
  143 142.5 32.8021 0.014237
  144 143.5 32.8529 0.0142591
  145 144.5 32.8213 0.0142453
  146 145.5 32.8354 0.0142515
  147 146.5 32.8734 0.014268
  148 147.5 32.8156 0.0142429
  149 148.5 32.7869 0.0142304
  150 149.5 32.7522 0.0142154
  151 150.5 32.7694 0.0142228
  152 151.5 32.7933 0.0142332
  153 152.5 32.7007 0.014193
  154 153.5 32.7269 0.0142044
  155 154.5 32.7762 0.0142258
  156 155.5 32.8031 0.0142374
  157 156.5 32.6139 0.0141553
  158 157.5 32.7884 0.0142311
  159 158.5 32.8038 0.0142378
  160 159.5 32.6444 0.0141686
  161 160.5 32.7324 0.0142068
  162 161.5 32.7646 0.0142208
  163 162.5 32.7239 0.0142031
  164 163.5 32.6653 0.0141777
  165 164.5 32.7452 0.0142123
  166 165.5 32.7742 0.0142249
  167 166.5 32.6915 0.014189
  168 167.5 32.6763 0.0141824
  169 168.5 32.7414 0.0142107
  170 169.5 32.7974 0.014235
  171 170.5 32.7441 0.0142119
  172 171.5 32.7311 0.0142062
  173 172.5 32.9078 0.0142829
  174 173.5 32.7289 0.0142052
  175 174.5 32.7332 0.0142071
  176 175.5 32.7527 0.0142156
  177 176.5 32.906 0.0142821
  178 177.5 32.6588 0.0141748
  179 178.5 32.7463 0.0142128
  180 179.5 32.7709 0.0142235
  181 180.5 32.7128 0.0141983
  182 181.5 32.6185 0.0141573
  183 182.5 32.7435 0.0142116
  184 183.5 32.6405 0.0141669
  185 184.5 32.479 0.0140968
  186 185.5 32.4811 0.0140977
  187 186.5 32.3762 0.0140521
  188 187.5 31.9429 0.0138641
  189 188.5 31.5119 0.013677
  190 189.5 30.6296 0.0132941
  191 190.5 28.9402 0.0125609
  192 191.5 26.4932 0.0114988
  193 192.5 22.9277 0.00995126
  194 193.5 18.4569 0.00801079
  195 194.5 13.5742 0.00589157
  196 195.5 9.20081 0.00399341
  197 196.5 5.76342 0.00250149
  198 197.5 3.4229 0.00148564
  199 198.5 1.99073 0.000864031
  200 199.5 1.2054 0.000523177
  201 200.5 0.780624 0.000338812
  202 201.5 0.552256 0.000239694
  203 202.5 0.451904 0.000196139
  204 203.5 0.388552 0.000168642
  205 204.5 0.34364 0.000149149
  206 205.5 0.320848 0.000139257
  207 206.5 0.317456 0.000137785
  208 207.5 0.314872 0.000136663
  209 208.5 0.325656 0.000141344
  210 209.5 0.3108 0.000134896
  211 210.5 0.290152 0.000125934
  212 211.5 0.29424 0.000127708
  213 212.5 0.300232 0.000130309
  214 213.5 0.294136 0.000127663
  215 214.5 0.288336 0.000125146
  216 215.5 0.287776 0.000124903
  217 216.5 0.273872 0.000118868
  218 217.5 0.244744 0.000106226
  219 218.5 0.240552 0.000104406
  220 219.5 0.241632 0.000104875
  221 220.5 0.248648 0.00010792
  222 221.5 0.233888 0.000101514
  223 222.5 0.23236 0.000100851
  224 223.5 0.225152 9.77222e-05
  225 224.5 0.216968 9.41701e-05
  226 225.5 0.217776 9.45208e-05
  227 226.5 0.21284 9.23785e-05
  228 227.5 0.20848 9.04861e-05
  229 228.5 0.205456 8.91736e-05
  230 229.5 0.205368 8.91354e-05
  231 230.5 0.207824 9.02014e-05
  232 231.5 0.215256 9.34271e-05
  233 232.5 0.24236 0.000105191
  234 233.5 0.246144 0.000106833
  235 234.5 0.253032 0.000109823
  236 235.5 0.259856 0.000112785
  237 236.5 0.258936 0.000112385
  238 237.5 0.24412 0.000105955
  239 238.5 0.25212 0.000109427
  240 239.5 0.232904 0.000101087
  241 240.5 0.235808 0.000102347
  242 241.5 0.234176 0.000101639
  243 242.5 0.237136 0.000102924
  244 243.5 0.248144 0.000107701
  245 244.5 0.264072 0.000114615
  246 245.5 0.27996 0.00012151
  247 246.5 0.272688 0.000118354
  248 247.5 0.275848 0.000119726
  249 248.5 0.297264 0.000129021
  250 249.5 0.3098 0.000134462
  251 250.5 0.307544 0.000133483
  252 251.5 0.314448 0.000136479
  253 252.5 0.31876 0.000138351
  254 253.5 0.321496 0.000139538
  255 254.5 0.33828 0.000146823
  256 255.5 0.340504 0.000147788
  257 256.5 0.34868 0.000151337
  258 257.5 0.342008 0.000148441
  259 258.5 0.320664 0.000139177
  260 259.5 0.314944 0.000136694
  261 260.5 0.313048 0.000135872
  262 261.5 0.313872 0.000136229
  263 262.5 0.328888 0.000142747
  264 263.5 0.335048 0.00014542
  265 264.5 0.332456 0.000144295
  266 265.5 0.339896 0.000147524
  267 266.5 0.326872 0.000141872
  268 267.5 0.315792 0.000137063
  269 268.5 0.313336 0.000135997
  270 269.5 0.30004 0.000130226
  271 270.5 0.292872 0.000127115
  272 271.5 0.311624 0.000135253
  273 272.5 0.319752 0.000138781
  274 273.5 0.329208 0.000142885
  275 274.5 0.334256 0.000145076
  276 275.5 0.316296 0.000137281
  277 276.5 0.321576 0.000139573
  278 277.5 0.326576 0.000141743
  279 278.5 0.321192 0.000139406
  280 279.5 0.315352 0.000136872
  281 280.5 0.320368 0.000139049
  282 281.5 0.327392 0.000142097
  283 282.5 0.340504 0.000147788
  284 283.5 0.36404 0.000158003
  285 284.5 0.371136 0.000161083
  286 285.5 0.360432 0.000156438
  287 286.5 0.355112 0.000154128
  288 287.5 0.341312 0.000148139
  289 288.5 0.316888 0.000137538
  290 289.5 0.300536 0.000130441
  291 290.5 0.289216 0.000125528
  292 291.5 0.28368 0.000123125
  293 292.5 0.29032 0.000126007
  294 293.5 0.29992 0.000130174
  295 294.5 0.2854 0.000123872
  296 295.5 0.27016 0.000117257
  297 296.5 0.24132 0.00010474
  298 297.5 0.242936 0.000105441
  299 298.5 0.243784 0.000105809
  300 299.5 0.24164 0.000104878
  301 300.5 0.229008 9.93958e-05
  302 301.5 0.227424 9.87083e-05
  303 302.5 0.229688 9.9691e-05
  304 303.5 0.24808 0.000107674
  305 304.5 0.239464 0.000103934
  306 305.5 0.251712 0.00010925
  307 306.5 0.259008 0.000112417
  308 307.5 0.242568 0.000105281
  309 308.5 0.247736 0.000107524
  310 309.5 0.252752 0.000109701
  311 310.5 0.262728 0.000114031
  312 311.5 0.264896 0.000114972
  313 312.5 0.270928 0.00011759
  314 313.5 0.266008 0.000115455
  315 314.5 0.260288 0.000112972
  316 315.5 0.24672 0.000107083
  317 316.5 0.251904 0.000109333
  318 317.5 0.260264 0.000112962
  319 318.5 0.265424 0.000115201
  320 319.5 0.26712 0.000115938
  321 320.5 0.276976 0.000120215
  322 321.5 0.271776 0.000117958
  323 322.5 0.292736 0.000127056
  324 323.5 0.312544 0.000135653
  325 324.5 0.306432 0.000133
  326 325.5 0.312048 0.000135438
  327 326.5 0.313312 0.000135986
  328 327.5 0.32208 0.000139792
  329 328.5 0.3286 0.000142622
  330 329.5 0.325232 0.00014116
  331 330.5 0.326744 0.000141816
  332 331.5 0.30944 0.000134306
  333 332.5 0.310288 0.000134674
  334 333.5 0.30996 0.000134531
  335 334.5 0.308208 0.000133771
  336 335.5 0.302624 0.000131347
  337 336.5 0.308672 0.000133972
  338 337.5 0.309616 0.000134382
  339 338.5 0.307624 0.000133517
  340 339.5 0.316016 0.00013716
  341 340.5 0.318264 0.000138135
  342 341.5 0.347872 0.000150986
  343 342.5 0.380704 0.000165236
  344 343.5 0.420144 0.000182354
  345 344.5 0.47984 0.000208264
  346 345.5 0.57048 0.000247604
  347 346.5 0.770816 0.000334556
  348 347.5 1.17175 0.000508573
  349 348.5 1.934 0.00083941
  350 349.5 3.29649 0.00143077
  351 350.5 5.59884 0.00243005
  352 351.5 8.95082 0.0038849
  353 352.5 13.2981 0.00577175
  354 353.5 18.1223 0.00786557
  355 354.5 22.6391 0.009826
  356 355.5 26.2894 0.0114103
  357 356.5 28.8008 0.0125003
  358 357.5 30.4532 0.0132175
  359 358.5 31.4433 0.0136473
  360 359.5 31.9373 0.0138617
  361 360.5 32.1764 0.0139655
  362 361.5 32.4062 0.0140652
  363 362.5 32.5431 0.0141246
  364 363.5 32.5721 0.0141372
  365 364.5 32.5966 0.0141478
  366 365.5 32.654 0.0141728
  367 366.5 32.6978 0.0141918
  368 367.5 32.6489 0.0141705
  369 368.5 32.7159 0.0141996
  370 369.5 32.7629 0.01422
  371 370.5 32.6529 0.0141723
  372 371.5 32.7235 0.0142029
  373 372.5 32.7306 0.014206
  374 373.5 32.7475 0.0142133
  375 374.5 32.6976 0.0141917
  376 375.5 32.6477 0.01417
  377 376.5 32.7514 0.014215
  378 377.5 32.737 0.0142087
  379 378.5 32.6869 0.014187
  380 379.5 32.743 0.0142114
  381 380.5 32.7023 0.0141937
  382 381.5 32.6438 0.0141683
  383 382.5 32.6838 0.0141857
  384 383.5 32.6964 0.0141911
  385 384.5 32.7207 0.0142017
  386 385.5 32.7347 0.0142078
  387 386.5 32.6794 0.0141838
  388 387.5 32.743 0.0142114
  389 388.5 32.7833 0.0142289
  390 389.5 32.7145 0.014199
  391 390.5 32.6248 0.0141601
  392 391.5 32.7492 0.0142141
  393 392.5 32.6953 0.0141907
  394 393.5 32.7081 0.0141962
  395 394.5 32.6919 0.0141892
  396 395.5 32.7149 0.0141992
  397 396.5 32.6797 0.0141839
  398 397.5 32.6874 0.0141872
  399 398.5 32.7386 0.0142095
  400 399.5 32.6867 0.0141869
  401 400.5 32.6079 0.0141527
  402 401.5 32.7249 0.0142035
  403 402.5 32.6935 0.0141899
  404 403.5 32.6332 0.0141637
  405 404.5 32.6617 0.0141761
  406 405.5 32.6717 0.0141804
  407 406.5 32.6774 0.0141829
  408 407.5 32.6028 0.0141505
  409 408.5 32.6797 0.0141839
  410 409.5 32.6432 0.014168
  411 410.5 32.6252 0.0141602
  412 411.5 32.6236 0.0141596
  413 412.5 32.5874 0.0141438
  414 413.5 32.5107 0.0141106
  415 414.5 32.5106 0.0141105
  416 415.5 32.379 0.0140534
  417 416.5 32.2685 0.0140054
  418 417.5 32.1584 0.0139576
  419 418.5 31.9298 0.0138584
  420 419.5 31.7095 0.0137628
  421 420.5 31.2363 0.0135574
  422 421.5 30.6698 0.0133116
  423 422.5 29.8604 0.0129602
  424 423.5 28.6684 0.0124429
  425 424.5 27.1412 0.01178
  426 425.5 25.0815 0.0108861
  427 426.5 22.4075 0.00972549
  428 427.5 19.311 0.0083815
  429 428.5 15.8938 0.00689837
  430 429.5 12.4204 0.00539078
  431 430.5 9.31443 0.00404272
  432 431.5 6.66317 0.002892
  433 432.5 4.66988 0.00202686
  434 433.5 3.23697 0.00140493
  435 434.5 2.25582 0.000979087
  436 435.5 1.65634 0.000718896
  437 436.5 1.28254 0.000556656
  438 437.5 1.06926 0.000464087
  439 438.5 0.914296 0.00039683
  440 439.5 0.824664 0.000357927
  441 440.5 0.770008 0.000334205
  442 441.5 0.72948 0.000316615
  443 442.5 0.698968 0.000303372
  444 443.5 0.694256 0.000301326
  445 444.5 0.687424 0.000298361
  446 445.5 0.680864 0.000295514
  447 446.5 0.674232 0.000292635
  448 447.5 0.681368 0.000295733
  449 448.5 0.675904 0.000293361
  450 449.5 0.671328 0.000291375
  451 450.5 0.670616 0.000291066
  452 451.5 0.6798 0.000295052
  453 452.5 0.67796 0.000294253
  454 453.5 0.67488 0.000292917
  455 454.5 0.678208 0.000294361
  456 455.5 0.673352 0.000292253
  457 456.5 0.691096 0.000299955
  458 457.5 0.683712 0.00029675
  459 458.5 0.671752 0.000291559
  460 459.5 0.673696 0.000292403
  461 460.5 0.67648 0.000293611
  462 461.5 0.673688 0.000292399
  463 462.5 0.681144 0.000295635
  464 463.5 0.67972 0.000295017
  465 464.5 0.696272 0.000302201
  466 465.5 0.694968 0.000301635
  467 466.5 0.692392 0.000300517
  468 467.5 0.68936 0.000299201
  469 468.5 0.675936 0.000293375
  470 469.5 0.677624 0.000294108
  471 470.5 0.677808 0.000294188
  472 471.5 0.682888 0.000296392
  473 472.5 0.677488 0.000294049
  474 473.5 0.682968 0.000296427
  475 474.5 0.66928 0.000290486
  476 475.5 0.67112 0.000291285
  477 476.5 0.665792 0.000288972
  478 477.5 0.665696 0.000288931
  479 478.5 0.667216 0.00028959
  480 479.5 0.670272 0.000290917
67500000 480 5447.000000000005
  1 0.5 0.676792 0.000293747
  2 1.5 0.673816 0.000292455
  3 2.5 0.682736 0.000296326
  4 3.5 0.676408 0.00029358
  5 4.5 0.674152 0.000292601
  6 5.5 0.68352 0.000296667
  7 6.5 0.677928 0.00029424
  8 7.5 0.682456 0.000296205
  9 8.5 0.681352 0.000295726
  10 9.5 0.679128 0.00029476
  11 10.5 0.669256 0.000290476
  12 11.5 0.689696 0.000299347
  13 12.5 0.671104 0.000291278
  14 13.5 0.682312 0.000296142
  15 14.5 0.68408 0.00029691
  16 15.5 0.677184 0.000293917
  17 16.5 0.668864 0.000290306
  18 17.5 0.67236 0.000291823
  19 18.5 0.675944 0.000293378
  20 19.5 0.677024 0.000293847
  21 20.5 0.666744 0.000289385
  22 21.5 0.664624 0.000288465
  23 22.5 0.671944 0.000291642
  24 23.5 0.654152 0.00028392
  25 24.5 0.652784 0.000283326
  26 25.5 0.6592 0.000286111
  27 26.5 0.656568 0.000284969
  28 27.5 0.65292 0.000283385
  29 28.5 0.667224 0.000289594
  30 29.5 0.65948 0.000286233
  31 30.5 0.66676 0.000289392
  32 31.5 0.65572 0.000284601
  33 32.5 0.658232 0.000285691
  34 33.5 0.651416 0.000282733
  35 34.5 0.644728 0.00027983
  36 35.5 0.658568 0.000285837
  37 36.5 0.669744 0.000290687
  38 37.5 0.67628 0.000293524
  39 38.5 0.673752 0.000292427
  40 39.5 0.67204 0.000291684
  41 40.5 0.684968 0.000297295
  42 41.5 0.686808 0.000298094
  43 42.5 0.683728 0.000296757
  44 43.5 0.672568 0.000291913
  45 44.5 0.676424 0.000293587
  46 45.5 0.682608 0.000296271
  47 46.5 0.69188 0.000300295
  48 47.5 0.693688 0.00030108
  49 48.5 0.686224 0.00029784
  50 49.5 0.693944 0.000301191
  51 50.5 0.68072 0.000295451
  52 51.5 0.699848 0.000303753
  53 52.5 0.703088 0.00030516
  54 53.5 0.697136 0.000302576
  55 54.5 0.703824 0.000305479
  56 55.5 0.699776 0.000303722
  57 56.5 0.685896 0.000297698
  58 57.5 0.700912 0.000304215
  59 58.5 0.7034 0.000305295
  60 59.5 0.703688 0.00030542
  61 60.5 0.7018 0.000304601
  62 61.5 0.703776 0.000305458
  63 62.5 0.701344 0.000304403
  64 63.5 0.696688 0.000302382
  65 64.5 0.695448 0.000301844
  66 65.5 0.69556 0.000301892
  67 66.5 0.704856 0.000305927
  68 67.5 0.707008 0.000306861
  69 68.5 0.694192 0.000301299
  70 69.5 0.695528 0.000301878
  71 70.5 0.691952 0.000300326
  72 71.5 0.691648 0.000300194
  73 72.5 0.687248 0.000298285
  74 73.5 0.68564 0.000297587
  75 74.5 0.693368 0.000300941
  76 75.5 0.699232 0.000303486
  77 76.5 0.690288 0.000299604
  78 77.5 0.705256 0.000306101
  79 78.5 0.691472 0.000300118
  80 79.5 0.709104 0.000307771
  81 80.5 0.715816 0.000310684
  82 81.5 0.72284 0.000313733
  83 82.5 0.724128 0.000314292
  84 83.5 0.71576 0.00031066
  85 84.5 0.7072 0.000306944
  86 85.5 0.696552 0.000302323
  87 86.5 0.696992 0.000302514
  88 87.5 0.700008 0.000303823
  89 88.5 0.711488 0.000308806
  90 89.5 0.72116 0.000313003
  91 90.5 0.739296 0.000320875
  92 91.5 0.7432 0.000322569
  93 92.5 0.768824 0.000333691
  94 93.5 0.815176 0.000353809
  95 94.5 0.87332 0.000379045
  96 95.5 0.992376 0.000430719
  97 96.5 1.18183 0.000512948
  98 97.5 1.49293 0.000647972
  99 98.5 1.9651 0.00085291
  100 99.5 2.7534 0.00119505
  101 100.5 3.95876 0.00171821
  102 101.5 5.59926 0.00243023
  103 102.5 7.83044 0.00339863
  104 103.5 10.5108 0.00456197
  105 104.5 13.5741 0.00589153
  106 105.5 16.8632 0.00731911
  107 106.5 19.9975 0.00867945
  108 107.5 22.8122 0.00990111
  109 108.5 25.2871 0.0109753
  110 109.5 27.2666 0.0118345
  111 110.5 28.6803 0.012448
  112 111.5 29.7966 0.0129326
  113 112.5 30.6381 0.0132978
  114 113.5 31.2486 0.0135628
  115 114.5 31.5703 0.0137024
  116 115.5 31.8176 0.0138097
  117 116.5 32.168 0.0139618
  118 117.5 32.2686 0.0140055
  119 118.5 32.2755 0.0140085
  120 119.5 32.5083 0.0141095
  121 120.5 32.5856 0.0141431
  122 121.5 32.5957 0.0141474
  123 122.5 32.5524 0.0141286
  124 123.5 32.6814 0.0141847
  125 124.5 32.6826 0.0141851
  126 125.5 32.6523 0.014172
  127 126.5 32.7052 0.014195
  128 127.5 32.7315 0.0142064
  129 128.5 32.7302 0.0142058
  130 129.5 32.677 0.0141827
  131 130.5 32.7277 0.0142047
  132 131.5 32.7846 0.0142294
  133 132.5 32.7362 0.0142084
  134 133.5 32.7022 0.0141937
  135 134.5 32.7674 0.014222
  136 135.5 32.7553 0.0142167
  137 136.5 32.7414 0.0142107
  138 137.5 32.7112 0.0141976
  139 138.5 32.7882 0.014231
  140 139.5 32.7934 0.0142333
  141 140.5 32.7887 0.0142312
  142 141.5 32.7392 0.0142097
  143 142.5 32.7578 0.0142178
  144 143.5 32.8246 0.0142468
  145 144.5 32.7226 0.0142025
  146 145.5 32.7588 0.0142182
  147 146.5 32.7165 0.0141999
  148 147.5 32.7836 0.014229
  149 148.5 32.6763 0.0141824
  150 149.5 32.7113 0.0141976
  151 150.5 32.7439 0.0142117
  152 151.5 32.7187 0.0142008
  153 152.5 32.6944 0.0141903
  154 153.5 32.7401 0.0142101
  155 154.5 32.7449 0.0142122
  156 155.5 32.6783 0.0141833
  157 156.5 32.6191 0.0141576
  158 157.5 32.7264 0.0142041
  159 158.5 32.7005 0.0141929
  160 159.5 32.5754 0.0141386
  161 160.5 32.6684 0.014179
  162 161.5 32.7582 0.014218
  163 162.5 32.6771 0.0141828
  164 163.5 32.6761 0.0141823
  165 164.5 32.6566 0.0141739
  166 165.5 32.6983 0.014192
  167 166.5 32.7162 0.0141997
  168 167.5 32.6009 0.0141497
  169 168.5 32.6439 0.0141683
  170 169.5 32.7188 0.0142009
  171 170.5 32.6666 0.0141782
  172 171.5 32.6201 0.014158
  173 172.5 32.6936 0.0141899
  174 173.5 32.7622 0.0142197
  175 174.5 32.647 0.0141697
  176 175.5 32.6534 0.0141725
  177 176.5 32.7067 0.0141956
  178 177.5 32.6994 0.0141925
  179 178.5 32.6002 0.0141494
  180 179.5 32.6973 0.0141915
  181 180.5 32.6976 0.0141917
  182 181.5 32.6217 0.0141587
  183 182.5 32.4869 0.0141002
  184 183.5 32.5774 0.0141395
  185 184.5 32.4808 0.0140976
  186 185.5 32.2724 0.0140071
  187 186.5 32.1504 0.0139542
  188 187.5 31.8212 0.0138113
  189 188.5 31.2087 0.0135454
  190 189.5 30.1259 0.0130755
  191 190.5 28.325 0.0122938
  192 191.5 25.7136 0.0111604
  193 192.5 21.8996 0.00950505
  194 193.5 17.3042 0.0075105
  195 194.5 12.6629 0.00549606
  196 195.5 8.53674 0.00370518
  197 196.5 5.30516 0.00230259
  198 197.5 3.10367 0.00134708
  199 198.5 1.80005 0.000781271
  200 199.5 1.1057 0.000479903
  201 200.5 0.730536 0.000317073
  202 201.5 0.528008 0.00022917
  203 202.5 0.413816 0.000179608
  204 203.5 0.348144 0.000151104
  205 204.5 0.317216 0.000137681
  206 205.5 0.301856 0.000131014
  207 206.5 0.2904 0.000126042
  208 207.5 0.304768 0.000132278
  209 208.5 0.305752 0.000132705
  210 209.5 0.293608 0.000127434
  211 210.5 0.29604 0.00012849
  212 211.5 0.300376 0.000130372
  213 212.5 0.29828 0.000129462
  214 213.5 0.299568 0.000130021
  215 214.5 0.282232 0.000122497
  216 215.5 0.284376 0.000123427
  217 216.5 0.29264 0.000127014
  218 217.5 0.302216 0.00013117
  219 218.5 0.30728 0.000133368
  220 219.5 0.30144 0.000130833
  221 220.5 0.3146 0.000136545
  222 221.5 0.315936 0.000137125
  223 222.5 0.319488 0.000138667
  224 223.5 0.331232 0.000143764
  225 224.5 0.341072 0.000148035
  226 225.5 0.32984 0.00014316
  227 226.5 0.326432 0.000141681
  228 227.5 0.327184 0.000142007
  229 228.5 0.31564 0.000136997
  230 229.5 0.297744 0.000129229
  231 230.5 0.2568 0.000111458
  232 231.5 0.253024 0.000109819
  233 232.5 0.250696 0.000108809
  234 233.5 0.262856 0.000114087
  235 234.5 0.287112 0.000124615
  236 235.5 0.269872 0.000117132
  237 236.5 0.256952 0.000111524
  238 237.5 0.240216 0.00010426
  239 238.5 0.246176 0.000106847
  240 239.5 0.24524 0.000106441
  241 240.5 0.245672 0.000106628
  242 241.5 0.252872 0.000109753
  243 242.5 0.26152 0.000113507
  244 243.5 0.27212 0.000118108
  245 244.5 0.300392 0.000130378
  246 245.5 0.324776 0.000140962
  247 246.5 0.330752 0.000143556
  248 247.5 0.316888 0.000137538
  249 248.5 0.312208 0.000135507
  250 249.5 0.296912 0.000128868
  251 250.5 0.282768 0.000122729
  252 251.5 0.289456 0.000125632
  253 252.5 0.300552 0.000130448
  254 253.5 0.30728 0.000133368
  255 254.5 0.313136 0.00013591
  256 255.5 0.295936 0.000128444
  257 256.5 0.30572 0.000132691
  258 257.5 0.337256 0.000146378
  259 258.5 0.33924 0.00014724
  260 259.5 0.330288 0.000143354
  261 260.5 0.33304 0.000144549
  262 261.5 0.34076 0.000147899
  263 262.5 0.35124 0.000152448
  264 263.5 0.353024 0.000153222
  265 264.5 0.346088 0.000150212
  266 265.5 0.325944 0.000141469
  267 266.5 0.309688 0.000134413
  268 267.5 0.314496 0.0001365
  269 268.5 0.307776 0.000133583
  270 269.5 0.290648 0.000126149
  271 270.5 0.280208 0.000121618
  272 271.5 0.278936 0.000121066
  273 272.5 0.268824 0.000116677
  274 273.5 0.272936 0.000118462
  275 274.5 0.280536 0.00012176
  276 275.5 0.278416 0.00012084
  277 276.5 0.2718 0.000117969
  278 277.5 0.294968 0.000128024
  279 278.5 0.307224 0.000133344
  280 279.5 0.311304 0.000135115
  281 280.5 0.328928 0.000142764
  282 281.5 0.350792 0.000152253
  283 282.5 0.343088 0.00014891
  284 283.5 0.338504 0.00014692
  285 284.5 0.355416 0.00015426
  286 285.5 0.388664 0.000168691
  287 286.5 0.37808 0.000164097
  288 287.5 0.3602 0.000156337
  289 288.5 0.371024 0.000161035
  290 289.5 0.375736 0.00016308
  291 290.5 0.382648 0.00016608
  292 291.5 0.387456 0.000168167
  293 292.5 0.399536 0.00017341
  294 293.5 0.41196 0.000178802
  295 294.5 0.422592 0.000183417
  296 295.5 0.417928 0.000181392
  297 296.5 0.411728 0.000178701
  298 297.5 0.407424 0.000176833
  299 298.5 0.391312 0.00016984
  300 299.5 0.396256 0.000171986
  301 300.5 0.393552 0.000170813
  302 301.5 0.359336 0.000155962
  303 302.5 0.349216 0.000151569
  304 303.5 0.340456 0.000147767
  305 304.5 0.339664 0.000147424
  306 305.5 0.345624 0.00015001
  307 306.5 0.3536 0.000153472
  308 307.5 0.360528 0.000156479
  309 308.5 0.374624 0.000162597
  310 309.5 0.380936 0.000165337
  311 310.5 0.388448 0.000168597
  312 311.5 0.392664 0.000170427
  313 312.5 0.410192 0.000178035
  314 313.5 0.40492 0.000175747
  315 314.5 0.380136 0.00016499
  316 315.5 0.3938 0.00017092
  317 316.5 0.408192 0.000177167
  318 317.5 0.408064 0.000177111
  319 318.5 0.3944 0.000171181
  320 319.5 0.390256 0.000169382
  321 320.5 0.392072 0.00017017
  322 321.5 0.394 0.000171007
  323 322.5 0.39536 0.000171597
  324 323.5 0.376464 0.000163396
  325 324.5 0.360392 0.00015642
  326 325.5 0.319 0.000138455
  327 326.5 0.300176 0.000130285
  328 327.5 0.306544 0.000133049
  329 328.5 0.31716 0.000137656
  330 329.5 0.321736 0.000139642
  331 330.5 0.33176 0.000143993
  332 331.5 0.355592 0.000154337
  333 332.5 0.37156 0.000161267
  334 333.5 0.354432 0.000153833
  335 334.5 0.339096 0.000147177
  336 335.5 0.335344 0.000145549
  337 336.5 0.342528 0.000148667
  338 337.5 0.344664 0.000149594
  339 338.5 0.35012 0.000151962
  340 339.5 0.354072 0.000153677
  341 340.5 0.359736 0.000156135
  342 341.5 0.373288 0.000162017
  343 342.5 0.38072 0.000165243
  344 343.5 0.408688 0.000177382
  345 344.5 0.48292 0.000209601
  346 345.5 0.589784 0.000255983
  347 346.5 0.813848 0.000353233
  348 347.5 1.28313 0.000556913
  349 348.5 2.16402 0.000939243
  350 349.5 3.73949 0.00162304
  351 350.5 6.25543 0.00271503
  352 351.5 9.88687 0.00429118
  353 352.5 14.4159 0.00625688
  354 353.5 19.2098 0.00833758
  355 354.5 23.5015 0.0102003
  356 355.5 26.9314 0.011689
  357 356.5 29.3802 0.0127518
  358 357.5 30.8379 0.0133845
  359 358.5 31.6089 0.0137192
  360 359.5 32.0411 0.0139067
  361 360.5 32.4465 0.0140827
  362 361.5 32.5495 0.0141274
  363 362.5 32.6202 0.0141581
  364 363.5 32.6163 0.0141564
  365 364.5 32.7741 0.0142249
  366 365.5 32.8065 0.0142389
  367 366.5 32.6505 0.0141712
  368 367.5 32.6704 0.0141799
  369 368.5 32.7865 0.0142303
  370 369.5 32.7534 0.0142159
  371 370.5 32.6747 0.0141817
  372 371.5 32.6997 0.0141926
  373 372.5 32.7565 0.0142172
  374 373.5 32.7416 0.0142107
  375 374.5 32.7308 0.0142061
  376 375.5 32.7363 0.0142085
  377 376.5 32.7822 0.0142284
  378 377.5 32.6334 0.0141638
  379 378.5 32.7087 0.0141965
  380 379.5 32.7715 0.0142237
  381 380.5 32.7155 0.0141994
  382 381.5 32.6552 0.0141732
  383 382.5 32.7159 0.0141996
  384 383.5 32.7051 0.0141949
  385 384.5 32.717 0.0142001
  386 385.5 32.6651 0.0141776
  387 386.5 32.7428 0.0142113
  388 387.5 32.7323 0.0142067
  389 388.5 32.7487 0.0142138
  390 389.5 32.749 0.014214
  391 390.5 32.7605 0.014219
  392 391.5 32.7181 0.0142006
  393 392.5 32.7431 0.0142114
  394 393.5 32.7976 0.0142351
  395 394.5 32.6502 0.0141711
  396 395.5 32.6612 0.0141759
  397 396.5 32.7706 0.0142233
  398 397.5 32.7706 0.0142233
  399 398.5 32.6553 0.0141733
  400 399.5 32.6796 0.0141839
  401 400.5 32.7144 0.014199
  402 401.5 32.7203 0.0142015
  403 402.5 32.594 0.0141467
  404 403.5 32.6055 0.0141517
  405 404.5 32.6775 0.014183
  406 405.5 32.6962 0.0141911
  407 406.5 32.5554 0.01413
  408 407.5 32.6384 0.014166
  409 408.5 32.6958 0.0141909
  410 409.5 32.5577 0.0141309
  411 410.5 32.5496 0.0141274
  412 411.5 32.5699 0.0141362
  413 412.5 32.4719 0.0140937
  414 413.5 32.4832 0.0140986
  415 414.5 32.3115 0.0140241
  416 415.5 32.1281 0.0139445
  417 416.5 32.0107 0.0138935
  418 417.5 31.7593 0.0137844
  419 418.5 31.2865 0.0135792
  420 419.5 30.8976 0.0134104
  421 420.5 30.1585 0.0130896
  422 421.5 29.1589 0.0126558
  423 422.5 27.86 0.012092
  424 423.5 26.1412 0.011346
  425 424.5 23.8476 0.0103505
  426 425.5 21.1928 0.00919827
  427 426.5 18.015 0.00781901
  428 427.5 14.7859 0.00641748
  429 428.5 11.5626 0.0050185
  430 429.5 8.65711 0.00375743
  431 430.5 6.27515 0.00272359
  432 431.5 4.43182 0.00192353
  433 432.5 3.12177 0.00135493
  434 433.5 2.21754 0.000962472
  435 434.5 1.64103 0.000712253
  436 435.5 1.27376 0.000552847
  437 436.5 1.03853 0.00045075
  438 437.5 0.908 0.000394097
  439 438.5 0.829096 0.000359851
  440 439.5 0.776928 0.000337208
  441 440.5 0.740704 0.000321486
  442 441.5 0.718896 0.000312021
  443 442.5 0.697632 0.000302792
  444 443.5 0.68572 0.000297622
  445 444.5 0.683104 0.000296486
  446 445.5 0.684976 0.000297299
  447 446.5 0.686272 0.000297861
  448 447.5 0.674376 0.000292698
  449 448.5 0.671408 0.00029141
  450 449.5 0.685304 0.000297441
  451 450.5 0.686192 0.000297826
  452 451.5 0.6708 0.000291146
  453 452.5 0.686776 0.00029808
  454 453.5 0.684832 0.000297236
  455 454.5 0.683864 0.000296816
  456 455.5 0.680088 0.000295177
  457 456.5 0.682784 0.000296347
  458 457.5 0.673056 0.000292125
  459 458.5 0.678288 0.000294396
  460 459.5 0.677296 0.000293965
  461 460.5 0.6812 0.00029566
  462 461.5 0.679344 0.000294854
  463 462.5 0.68484 0.00029724
  464 463.5 0.689896 0.000299434
  465 464.5 0.685848 0.000297677
  466 465.5 0.686808 0.000298094
  467 466.5 0.676232 0.000293503
  468 467.5 0.681984 0.000296
  469 468.5 0.687792 0.000298521
  470 469.5 0.674944 0.000292944
  471 470.5 0.679136 0.000294764
  472 471.5 0.68996 0.000299462
  473 472.5 0.69592 0.000302049
  474 473.5 0.701616 0.000304521
  475 474.5 0.693136 0.00030084
  476 475.5 0.690856 0.000299851
  477 476.5 0.687664 0.000298465
  478 477.5 0.67628 0.000293524
  479 478.5 0.675264 0.000293083
  480 479.5 0.680552 0.000295378
70000000 480 5446.999999999999
  1 0.5 0.675224 0.000293066
  2 1.5 0.66616 0.000289132
  3 2.5 0.67108 0.000291267
  4 3.5 0.68388 0.000296823
  5 4.5 0.67656 0.000293646
  6 5.5 0.684608 0.000297139
  7 6.5 0.67452 0.00029276
  8 7.5 0.674688 0.000292833
  9 8.5 0.67512 0.000293021
  10 9.5 0.677344 0.000293986
  11 10.5 0.680696 0.000295441
  12 11.5 0.679472 0.00029491
  13 12.5 0.686232 0.000297844
  14 13.5 0.703624 0.000305392
  15 14.5 0.68576 0.000297639
  16 15.5 0.676232 0.000293503
  17 16.5 0.67016 0.000290868
  18 17.5 0.676472 0.000293608
  19 18.5 0.672056 0.000291691
  20 19.5 0.673312 0.000292236
  21 20.5 0.67792 0.000294236
  22 21.5 0.679552 0.000294944
  23 22.5 0.681552 0.000295813
  24 23.5 0.685704 0.000297615
  25 24.5 0.681712 0.000295882
  26 25.5 0.680584 0.000295392
  27 26.5 0.679504 0.000294924
  28 27.5 0.687192 0.00029826
  29 28.5 0.676752 0.000293729
  30 29.5 0.683112 0.00029649
  31 30.5 0.67372 0.000292413
  32 31.5 0.666384 0.000289229
  33 32.5 0.661616 0.00028716
  34 33.5 0.671208 0.000291323
  35 34.5 0.660856 0.00028683
  36 35.5 0.6626 0.000287587
  37 36.5 0.66796 0.000289913
  38 37.5 0.670584 0.000291052
  39 38.5 0.681624 0.000295844
  40 39.5 0.681072 0.000295604
  41 40.5 0.681704 0.000295878
  42 41.5 0.683552 0.000296681
  43 42.5 0.683176 0.000296517
  44 43.5 0.680072 0.00029517
  45 44.5 0.67744 0.000294028
  46 45.5 0.6736 0.000292361
  47 46.5 0.665968 0.000289049
  48 47.5 0.662464 0.000287528
  49 48.5 0.667032 0.00028951
  50 49.5 0.675928 0.000293372
  51 50.5 0.660856 0.00028683
  52 51.5 0.662536 0.000287559
  53 52.5 0.660856 0.00028683
  54 53.5 0.668152 0.000289997
  55 54.5 0.667808 0.000289847
  56 55.5 0.680568 0.000295385
  57 56.5 0.686088 0.000297781
  58 57.5 0.686344 0.000297892
  59 58.5 0.668072 0.000289962
  60 59.5 0.670464 0.000291
  61 60.5 0.661552 0.000287132
  62 61.5 0.66892 0.00029033
  63 62.5 0.687296 0.000298306
  64 63.5 0.690672 0.000299771
  65 64.5 0.685152 0.000297375
  66 65.5 0.67808 0.000294306
  67 66.5 0.69128 0.000300035
  68 67.5 0.69028 0.000299601
  69 68.5 0.699016 0.000303392
  70 69.5 0.69448 0.000301424
  71 70.5 0.691744 0.000300236
  72 71.5 0.684568 0.000297122
  73 72.5 0.682992 0.000296437
  74 73.5 0.680536 0.000295372
  75 74.5 0.68144 0.000295764
  76 75.5 0.671368 0.000291392
  77 76.5 0.668152 0.000289997
  78 77.5 0.665496 0.000288844
  79 78.5 0.672288 0.000291792
  80 79.5 0.679376 0.000294868
  81 80.5 0.682856 0.000296378
  82 81.5 0.696424 0.000302267
  83 82.5 0.69004 0.000299497
  84 83.5 0.702528 0.000304917
  85 84.5 0.702496 0.000304903
  86 85.5 0.702472 0.000304892
  87 86.5 0.697488 0.000302729
  88 87.5 0.702472 0.000304892
  89 88.5 0.71436 0.000310052
  90 89.5 0.717952 0.000311611
  91 90.5 0.721368 0.000313094
  92 91.5 0.744344 0.000323066
  93 92.5 0.784256 0.000340389
  94 93.5 0.834016 0.000361986
  95 94.5 0.899248 0.000390299
  96 95.5 1.02358 0.00044426
  97 96.5 1.23731 0.000537028
  98 97.5 1.55657 0.000675594
  99 98.5 2.05243 0.000890813
  100 99.5 2.77571 0.00120474
  101 100.5 3.82094 0.0016584
  102 101.5 5.2239 0.00226732
  103 102.5 7.04036 0.00305571
  104 103.5 9.3924 0.00407656
  105 104.5 12.1359 0.00526732
  106 105.5 15.1971 0.00659595
  107 106.5 18.4457 0.00800593
  108 107.5 21.5151 0.00933817
  109 108.5 24.1065 0.0104629
  110 109.5 26.4116 0.0114634
  111 110.5 28.099 0.0121957
  112 111.5 29.3579 0.0127421
  113 112.5 30.2369 0.0131237
  114 113.5 30.9583 0.0134368
  115 114.5 31.4829 0.0136645
  116 115.5 31.8662 0.0138308
  117 116.5 31.9872 0.0138833
  118 117.5 32.1766 0.0139655
  119 118.5 32.4096 0.0140667
  120 119.5 32.4714 0.0140935
  121 120.5 32.4241 0.014073
  122 121.5 32.5354 0.0141213
  123 122.5 32.6142 0.0141555
  124 123.5 32.6552 0.0141733
  125 124.5 32.6107 0.014154
  126 125.5 32.6448 0.0141687
  127 126.5 32.7625 0.0142198
  128 127.5 32.677 0.0141827
  129 128.5 32.616 0.0141562
  130 129.5 32.7561 0.0142171
  131 130.5 32.7719 0.0142239
  132 131.5 32.6501 0.014171
  133 132.5 32.6706 0.01418
  134 133.5 32.7246 0.0142034
  135 134.5 32.641 0.0141671
  136 135.5 32.7159 0.0141996
  137 136.5 32.7131 0.0141984
  138 137.5 32.6069 0.0141523
  139 138.5 32.6291 0.0141619
  140 139.5 32.6672 0.0141785
  141 140.5 32.7017 0.0141935
  142 141.5 32.6139 0.0141553
  143 142.5 32.6269 0.014161
  144 143.5 32.7067 0.0141956
  145 144.5 32.6353 0.0141646
  146 145.5 32.629 0.0141619
  147 146.5 32.7198 0.0142013
  148 147.5 32.6984 0.014192
  149 148.5 32.574 0.014138
  150 149.5 32.6937 0.01419
  151 150.5 32.6809 0.0141844
  152 151.5 32.6794 0.0141838
  153 152.5 32.6169 0.0141566
  154 153.5 32.7144 0.014199
  155 154.5 32.6868 0.014187
  156 155.5 32.6598 0.0141753
  157 156.5 32.7651 0.014221
  158 157.5 32.7202 0.0142015
  159 158.5 32.6957 0.0141908
  160 159.5 32.7046 0.0141947
  161 160.5 32.7436 0.0142117
  162 161.5 32.7622 0.0142197
  163 162.5 32.6338 0.014164
  164 163.5 32.7044 0.0141946
  165 164.5 32.7227 0.0142025
  166 165.5 32.6624 0.0141764
  167 166.5 32.6607 0.0141757
  168 167.5 32.7397 0.0142099
  169 168.5 32.6927 0.0141895
  170 169.5 32.791 0.0142322
  171 170.5 32.705 0.0141949
  172 171.5 32.7289 0.0142052
  173 172.5 32.8391 0.0142531
  174 173.5 32.7653 0.0142211
  175 174.5 32.8051 0.0142383
  176 175.5 32.8083 0.0142397
  177 176.5 32.8404 0.0142536
  178 177.5 32.7559 0.014217
  179 178.5 32.798 0.0142352
  180 179.5 32.7967 0.0142347
  181 180.5 32.7664 0.0142215
  182 181.5 32.6897 0.0141882
  183 182.5 32.7318 0.0142065
  184 183.5 32.6295 0.0141621
  185 184.5 32.6021 0.0141502
  186 185.5 32.5552 0.0141299
  187 186.5 32.3029 0.0140204
  188 187.5 31.9525 0.0138683
  189 188.5 31.4461 0.0136485
  190 189.5 30.4441 0.0132136
  191 190.5 28.7034 0.0124581
  192 191.5 26.1042 0.01133
  193 192.5 22.3985 0.00972157
  194 193.5 17.859 0.00775132
  195 194.5 13.1655 0.0057142
  196 195.5 8.90763 0.00386616
  197 196.5 5.59127 0.00242677
  198 197.5 3.31918 0.00144062
  199 198.5 1.9345 0.000839628
  200 199.5 1.17662 0.000510687
  201 200.5 0.77768 0.000337535
  202 201.5 0.58792 0.000255174
  203 202.5 0.502528 0.000218111
  204 203.5 0.421256 0.000182837
  205 204.5 0.385552 0.00016734
  206 205.5 0.371656 0.000161309
  207 206.5 0.360624 0.000156521
  208 207.5 0.344 0.000149306
  209 208.5 0.34076 0.000147899
  210 209.5 0.333672 0.000144823
  211 210.5 0.326424 0.000141677
  212 211.5 0.321128 0.000139378
  213 212.5 0.33036 0.000143385
  214 213.5 0.322592 0.000140014
  215 214.5 0.312912 0.000135813
  216 215.5 0.306952 0.000133226
  217 216.5 0.297216 0.000129
  218 217.5 0.28444 0.000123455
  219 218.5 0.283736 0.000123149
  220 219.5 0.301136 0.000130701
  221 220.5 0.304256 0.000132056
  222 221.5 0.299248 0.000129882
  223 222.5 0.2978 0.000129253
  224 223.5 0.293944 0.00012758
  225 224.5 0.286048 0.000124153
  226 225.5 0.28136 0.000122118
  227 226.5 0.269472 0.000116958
  228 227.5 0.255136 0.000110736
  229 228.5 0.273856 0.000118861
  230 229.5 0.289568 0.000125681
  231 230.5 0.287192 0.000124649
  232 231.5 0.282736 0.000122715
  233 232.5 0.284424 0.000123448
  234 233.5 0.27824 0.000120764
  235 234.5 0.265032 0.000115031
  236 235.5 0.256552 0.000111351
  237 236.5 0.258408 0.000112156
  238 237.5 0.250064 0.000108535
  239 238.5 0.24812 0.000107691
  240 239.5 0.249824 0.000108431
  241 240.5 0.232448 0.000100889
  242 241.5 0.231288 0.000100385
  243 242.5 0.257312 0.000111681
  244 243.5 0.268304 0.000116451
  245 244.5 0.280056 0.000121552
  246 245.5 0.278576 0.00012091
  247 246.5 0.272056 0.00011808
  248 247.5 0.266984 0.000115878
  249 248.5 0.262624 0.000113986
  250 249.5 0.262112 0.000113764
  251 250.5 0.264256 0.000114694
  252 251.5 0.282512 0.000122618
  253 252.5 0.27784 0.00012059
  254 253.5 0.26724 0.00011599
  255 254.5 0.281624 0.000122233
  256 255.5 0.28984 0.000125799
  257 256.5 0.278456 0.000120858
  258 257.5 0.279224 0.000121191
  259 258.5 0.288784 0.00012534
  260 259.5 0.291464 0.000126503
  261 260.5 0.296376 0.000128635
  262 261.5 0.289288 0.000125559
  263 262.5 0.265608 0.000115281
  264 263.5 0.252768 0.000109708
  265 264.5 0.251312 0.000109076
  266 265.5 0.25032 0.000108646
  267 266.5 0.25936 0.000112569
  268 267.5 0.261936 0.000113688
  269 268.5 0.281512 0.000122184
  270 269.5 0.293136 0.000127229
  271 270.5 0.30284 0.000131441
  272 271.5 0.30104 0.00013066
  273 272.5 0.2908 0.000126215
  274 273.5 0.29028 0.00012599
  275 274.5 0.300168 0.000130281
  276 275.5 0.319224 0.000138552
  277 276.5 0.317896 0.000137976
  278 277.5 0.3166 0.000137413
  279 278.5 0.329352 0.000142948
  280 279.5 0.34364 0.000149149
  281 280.5 0.33432 0.000145104
  282 281.5 0.321504 0.000139542
  283 282.5 0.316736 0.000137472
  284 283.5 0.315112 0.000136767
  285 284.5 0.316976 0.000137576
  286 285.5 0.308728 0.000133997
  287 286.5 0.300448 0.000130403
  288 287.5 0.287152 0.000124632
  289 288.5 0.285544 0.000123934
  290 289.5 0.282 0.000122396
  291 290.5 0.26596 0.000115434
  292 291.5 0.249536 0.000108306
  293 292.5 0.270184 0.000117267
  294 293.5 0.286864 0.000124507
  295 294.5 0.285264 0.000123813
  296 295.5 0.26368 0.000114444
  297 296.5 0.25796 0.000111962
  298 297.5 0.255848 0.000111045
  299 298.5 0.262024 0.000113726
  300 299.5 0.264312 0.000114719
  301 300.5 0.276376 0.000119955
  302 301.5 0.293504 0.000127389
  303 302.5 0.311352 0.000135135
  304 303.5 0.319504 0.000138674
  305 304.5 0.305272 0.000132497
  306 305.5 0.283912 0.000123226
  307 306.5 0.28032 0.000121667
  308 307.5 0.284376 0.000123427
  309 308.5 0.293176 0.000127247
  310 309.5 0.313712 0.00013616
  311 310.5 0.328696 0.000142663
  312 311.5 0.350024 0.00015192
  313 312.5 0.364984 0.000158413
  314 313.5 0.350408 0.000152087
  315 314.5 0.332144 0.00014416
  316 315.5 0.318592 0.000138278
  317 316.5 0.299872 0.000130153
  318 317.5 0.2998 0.000130122
  319 318.5 0.315776 0.000137056
  320 319.5 0.321128 0.000139378
  321 320.5 0.315064 0.000136747
  322 321.5 0.305672 0.00013267
  323 322.5 0.298016 0.000129347
  324 323.5 0.297832 0.000129267
  325 324.5 0.300448 0.000130403
  326 325.5 0.303848 0.000131878
  327 326.5 0.310872 0.000134927
  328 327.5 0.323808 0.000140542
  329 328.5 0.316576 0.000137403
  330 329.5 0.29624 0.000128576
  331 330.5 0.286296 0.00012426
  332 331.5 0.294272 0.000127722
  333 332.5 0.293208 0.00012726
  334 333.5 0.298328 0.000129483
  335 334.5 0.303656 0.000131795
  336 335.5 0.307296 0.000133375
  337 336.5 0.309416 0.000134295
  338 337.5 0.321976 0.000139747
  339 338.5 0.350472 0.000152115
  340 339.5 0.351272 0.000152462
  341 340.5 0.357448 0.000155142
  342 341.5 0.374368 0.000162486
  343 342.5 0.394064 0.000171035
  344 343.5 0.437712 0.000189979
  345 344.5 0.501328 0.00021759
  346 345.5 0.641752 0.000278538
  347 346.5 0.898184 0.000389837
  348 347.5 1.36127 0.00059083
  349 348.5 2.29074 0.000994243
  350 349.5 3.78952 0.00164476
  351 350.5 6.3029 0.00273564
  352 351.5 9.84728 0.00427399
  353 352.5 14.1871 0.00615761
  354 353.5 18.8123 0.00816507
  355 354.5 23.1855 0.0100631
  356 355.5 26.6096 0.0115493
  357 356.5 28.983 0.0125794
  358 357.5 30.5556 0.013262
  359 358.5 31.4515 0.0136508
  360 359.5 31.9295 0.0138583
  361 360.5 32.2517 0.0139981
  362 361.5 32.3946 0.0140601
  363 362.5 32.554 0.0141293
  364 363.5 32.5344 0.0141208
  365 364.5 32.6075 0.0141526
  366 365.5 32.6954 0.0141907
  367 366.5 32.6657 0.0141778
  368 367.5 32.5685 0.0141356
  369 368.5 32.6959 0.0141909
  370 369.5 32.6949 0.0141905
  371 370.5 32.6439 0.0141684
  372 371.5 32.6315 0.014163
  373 372.5 32.7318 0.0142065
  374 373.5 32.6769 0.0141827
  375 374.5 32.6777 0.014183
  376 375.5 32.6958 0.0141909
  377 376.5 32.6502 0.0141711
  378 377.5 32.628 0.0141614
  379 378.5 32.6661 0.014178
  380 379.5 32.5836 0.0141422
  381 380.5 32.5529 0.0141288
  382 381.5 32.5878 0.014144
  383 382.5 32.5936 0.0141465
  384 383.5 32.6287 0.0141618
  385 384.5 32.6126 0.0141548
  386 385.5 32.6143 0.0141555
  387 386.5 32.6661 0.014178
  388 387.5 32.6473 0.0141698
  389 388.5 32.6322 0.0141633
  390 389.5 32.6521 0.0141719
  391 390.5 32.6693 0.0141794
  392 391.5 32.7392 0.0142097
  393 392.5 32.695 0.0141905
  394 393.5 32.6921 0.0141893
  395 394.5 32.7096 0.0141969
  396 395.5 32.714 0.0141988
  397 396.5 32.6503 0.0141711
  398 397.5 32.7664 0.0142215
  399 398.5 32.7297 0.0142056
  400 399.5 32.6602 0.0141754
  401 400.5 32.6805 0.0141842
  402 401.5 32.7798 0.0142274
  403 402.5 32.72 0.0142014
  404 403.5 32.6699 0.0141797
  405 404.5 32.7604 0.0142189
  406 405.5 32.7149 0.0141992
  407 406.5 32.6568 0.014174
  408 407.5 32.7105 0.0141973
  409 408.5 32.6729 0.014181
  410 409.5 32.6175 0.0141569
  411 410.5 32.6177 0.014157
  412 411.5 32.6052 0.0141516
  413 412.5 32.5125 0.0141113
  414 413.5 32.4717 0.0140936
  415 414.5 32.4028 0.0140637
  416 415.5 32.1959 0.0139739
  417 416.5 32.0646 0.0139169
  418 417.5 31.8941 0.0138429
  419 418.5 31.4101 0.0136328
  420 419.5 31.0089 0.0134587
  421 420.5 30.3267 0.0131626
  422 421.5 29.4281 0.0127726
  423 422.5 28.286 0.0122769
  424 423.5 26.6885 0.0115836
  425 424.5 24.7885 0.0107589
  426 425.5 22.4368 0.00973819
  427 426.5 19.7659 0.00857896
  428 427.5 16.7106 0.00725286
  429 428.5 13.5577 0.00588442
  430 429.5 10.5501 0.00457903
  431 430.5 7.85945 0.00341122
  432 431.5 5.61079 0.00243524
  433 432.5 3.91275 0.00169824
  434 433.5 2.74817 0.00119278
  435 434.5 1.96697 0.000853719
  436 435.5 1.49174 0.000647455
  437 436.5 1.19551 0.000518885
  438 437.5 0.99628 0.000432413
  439 438.5 0.873512 0.000379128
  440 439.5 0.792736 0.000344069
  441 440.5 0.747296 0.000324347
  442 441.5 0.730464 0.000317042
  443 442.5 0.7102 0.000308247
  444 443.5 0.69268 0.000300642
  445 444.5 0.691696 0.000300215
  446 445.5 0.683592 0.000296698
  447 446.5 0.68864 0.000298889
  448 447.5 0.677984 0.000294264
  449 448.5 0.6778 0.000294184
  450 449.5 0.666664 0.000289351
  451 450.5 0.67568 0.000293264
  452 451.5 0.671848 0.000291601
  453 452.5 0.668512 0.000290153
  454 453.5 0.677344 0.000293986
  455 454.5 0.680968 0.000295559
  456 455.5 0.686688 0.000298042
  457 456.5 0.673576 0.000292351
  458 457.5 0.687672 0.000298469
  459 458.5 0.681944 0.000295983
  460 459.5 0.682088 0.000296045
  461 460.5 0.684352 0.000297028
  462 461.5 0.665152 0.000288694
  463 462.5 0.66484 0.000288559
  464 463.5 0.667216 0.00028959
  465 464.5 0.669848 0.000290733
  466 465.5 0.671864 0.000291608
  467 466.5 0.680104 0.000295184
  468 467.5 0.675824 0.000293326
  469 468.5 0.675168 0.000293042
  470 469.5 0.668488 0.000290142
  471 470.5 0.669792 0.000290708
  472 471.5 0.673264 0.000292215
  473 472.5 0.66932 0.000290503
  474 473.5 0.670432 0.000290986
  475 474.5 0.656456 0.00028492
  476 475.5 0.653104 0.000283465
  477 476.5 0.6428 0.000278993
  478 477.5 0.657424 0.00028534
  479 478.5 0.655744 0.000284611
  480 479.5 0.66136 0.000287049
72500000 480 5447
  1 0.5 0.697832 0.000302878
  2 1.5 0.693584 0.000301035
  3 2.5 0.70072 0.000304132
  4 3.5 0.695352 0.000301802
  5 4.5 0.702816 0.000305042
  6 5.5 0.695848 0.000302017
  7 6.5 0.691824 0.000300271
  8 7.5 0.684784 0.000297215
  9 8.5 0.69624 0.000302187
  10 9.5 0.6976 0.000302778
  11 10.5 0.683304 0.000296573
  12 11.5 0.691688 0.000300212
  13 12.5 0.699592 0.000303642
  14 13.5 0.693704 0.000301087
  15 14.5 0.696024 0.000302094
  16 15.5 0.690952 0.000299892
  17 16.5 0.679656 0.00029499
  18 17.5 0.689056 0.000299069
  19 18.5 0.684992 0.000297306
  20 19.5 0.68388 0.000296823
  21 20.5 0.679768 0.000295038
  22 21.5 0.682392 0.000296177
  23 22.5 0.674552 0.000292774
  24 23.5 0.667016 0.000289503
  25 24.5 0.668816 0.000290285
  26 25.5 0.667048 0.000289517
  27 26.5 0.673688 0.000292399
  28 27.5 0.68352 0.000296667
  29 28.5 0.683208 0.000296531
  30 29.5 0.679584 0.000294958
  31 30.5 0.688536 0.000298844
  32 31.5 0.681664 0.000295861
  33 32.5 0.681648 0.000295854
  34 33.5 0.692112 0.000300396
  35 34.5 0.675264 0.000293083
  36 35.5 0.682048 0.000296028
  37 36.5 0.678264 0.000294385
  38 37.5 0.684128 0.000296931
  39 38.5 0.680752 0.000295465
  40 39.5 0.66688 0.000289444
  41 40.5 0.672528 0.000291896
  42 41.5 0.670816 0.000291153
  43 42.5 0.680936 0.000295545
  44 43.5 0.686288 0.000297868
  45 44.5 0.681664 0.000295861
  46 45.5 0.677192 0.00029392
  47 46.5 0.67476 0.000292865
  48 47.5 0.683728 0.000296757
  49 48.5 0.679032 0.000294719
  50 49.5 0.678016 0.000294278
  51 50.5 0.671032 0.000291247
  52 51.5 0.669072 0.000290396
  53 52.5 0.675232 0.000293069
  54 53.5 0.676688 0.000293701
  55 54.5 0.675352 0.000293122
  56 55.5 0.6798 0.000295052
  57 56.5 0.6842 0.000296962
  58 57.5 0.69088 0.000299861
  59 58.5 0.684832 0.000297236
  60 59.5 0.681008 0.000295576
  61 60.5 0.679232 0.000294806
  62 61.5 0.683856 0.000296812
  63 62.5 0.683624 0.000296712
  64 63.5 0.679672 0.000294997
  65 64.5 0.68508 0.000297344
  66 65.5 0.690816 0.000299833
  67 66.5 0.69084 0.000299844
  68 67.5 0.69896 0.000303368
  69 68.5 0.68708 0.000298212
  70 69.5 0.676696 0.000293705
  71 70.5 0.677536 0.000294069
  72 71.5 0.683984 0.000296868
  73 72.5 0.684384 0.000297042
  74 73.5 0.695256 0.00030176
  75 74.5 0.69 0.000299479
  76 75.5 0.685496 0.000297524
  77 76.5 0.673608 0.000292365
  78 77.5 0.675992 0.000293399
  79 78.5 0.681824 0.000295931
  80 79.5 0.683208 0.000296531
  81 80.5 0.688976 0.000299035
  82 81.5 0.689432 0.000299233
  83 82.5 0.691784 0.000300253
  84 83.5 0.6938 0.000301128
  85 84.5 0.708272 0.00030741
  86 85.5 0.70108 0.000304288
  87 86.5 0.710472 0.000308365
  88 87.5 0.709384 0.000307892
  89 88.5 0.7242 0.000314323
  90 89.5 0.75236 0.000326545
  91 90.5 0.789648 0.000342729
  92 91.5 0.851832 0.000369719
  93 92.5 0.950704 0.000412632
  94 93.5 1.10405 0.000479188
  95 94.5 1.37997 0.000598944
  96 95.5 1.81746 0.00078883
  97 96.5 2.52646 0.00109656
  98 97.5 3.59365 0.00155974
  99 98.5 5.10826 0.00221713
  100 99.5 7.18324 0.00311773
  101 100.5 9.80582 0.004256
  102 101.5 12.8982 0.00559816
  103 102.5 16.1458 0.00700774
  104 103.5 19.3294 0.00838948
  105 104.5 22.3653 0.00970718
  106 105.5 24.9111 0.0108121
  107 106.5 26.8992 0.011675
  108 107.5 28.4988 0.0123693
  109 108.5 29.6683 0.0128769
  110 109.5 30.5362 0.0132536
  111 110.5 31.0737 0.0134868
  112 111.5 31.5442 0.0136911
  113 112.5 31.8074 0.0138053
  114 113.5 32.089 0.0139275
  115 114.5 32.2471 0.0139961
  116 115.5 32.3422 0.0140374
  117 116.5 32.408 0.014066
  118 117.5 32.5089 0.0141098
  119 118.5 32.5132 0.0141116
  120 119.5 32.5498 0.0141275
  121 120.5 32.5444 0.0141252
  122 121.5 32.5905 0.0141452
  123 122.5 32.6191 0.0141576
  124 123.5 32.6607 0.0141757
  125 124.5 32.6262 0.0141607
  126 125.5 32.5799 0.0141406
  127 126.5 32.7165 0.0141999
  128 127.5 32.5941 0.0141468
  129 128.5 32.6829 0.0141853
  130 129.5 32.6736 0.0141813
  131 130.5 32.624 0.0141597
  132 131.5 32.6849 0.0141861
  133 132.5 32.7115 0.0141977
  134 133.5 32.7066 0.0141956
  135 134.5 32.612 0.0141545
  136 135.5 32.7118 0.0141978
  137 136.5 32.7715 0.0142237
  138 137.5 32.6852 0.0141863
  139 138.5 32.7301 0.0142058
  140 139.5 32.7137 0.0141986
  141 140.5 32.7243 0.0142033
  142 141.5 32.6882 0.0141876
  143 142.5 32.7138 0.0141987
  144 143.5 32.6048 0.0141514
  145 144.5 32.6624 0.0141764
  146 145.5 32.7224 0.0142024
  147 146.5 32.6966 0.0141912
  148 147.5 32.6089 0.0141532
  149 148.5 32.7079 0.0141961
  150 149.5 32.7624 0.0142198
  151 150.5 32.663 0.0141767
  152 151.5 32.612 0.0141545
  153 152.5 32.7634 0.0142202
  154 153.5 32.6075 0.0141526
  155 154.5 32.598 0.0141484
  156 155.5 32.6698 0.0141796
  157 156.5 32.6927 0.0141895
  158 157.5 32.6505 0.0141712
  159 158.5 32.7022 0.0141936
  160 159.5 32.7177 0.0142004
  161 160.5 32.7029 0.014194
  162 161.5 32.7041 0.0141945
  163 162.5 32.7559 0.014217
  164 163.5 32.7245 0.0142034
  165 164.5 32.6837 0.0141857
  166 165.5 32.7161 0.0141997
  167 166.5 32.712 0.0141979
  168 167.5 32.7566 0.0142173
  169 168.5 32.6737 0.0141813
  170 169.5 32.7333 0.0142072
  171 170.5 32.6695 0.0141795
  172 171.5 32.7377 0.0142091
  173 172.5 32.6956 0.0141908
  174 173.5 32.7354 0.0142081
  175 174.5 32.6319 0.0141631
  176 175.5 32.7653 0.0142211
  177 176.5 32.6858 0.0141866
  178 177.5 32.62 0.014158
  179 178.5 32.6073 0.0141525
  180 179.5 32.7751 0.0142253
  181 180.5 32.6411 0.0141671
  182 181.5 32.5532 0.014129
  183 182.5 32.556 0.0141302
  184 183.5 32.6034 0.0141508
  185 184.5 32.4745 0.0140948
  186 185.5 32.2002 0.0139758
  187 186.5 31.9656 0.0138739
  188 187.5 31.4946 0.0136695
  189 188.5 30.4324 0.0132085
  190 189.5 28.7776 0.0124903
  191 190.5 26.1097 0.0113323
  192 191.5 22.3941 0.00971967
  193 192.5 17.7165 0.00768943
  194 193.5 12.83 0.00556857
  195 194.5 8.50245 0.0036903
  196 195.5 5.32001 0.00230903
  197 196.5 3.13086 0.00135888
  198 197.5 1.82284 0.000791163
  199 198.5 1.12819 0.000489667
  200 199.5 0.784224 0.000340375
  201 200.5 0.583304 0.00025317
  202 201.5 0.489864 0.000212615
  203 202.5 0.444944 0.000193118
  204 203.5 0.43416 0.000188437
  205 204.5 0.41728 0.000181111
  206 205.5 0.404592 0.000175604
  207 206.5 0.387464 0.00016817
  208 207.5 0.372248 0.000161566
  209 208.5 0.348816 0.000151396
  210 209.5 0.32656 0.000141736
  211 210.5 0.3124 0.00013559
  212 211.5 0.298016 0.000129347
  213 212.5 0.275064 0.000119385
  214 213.5 0.284552 0.000123503
  215 214.5 0.272432 0.000118243
  216 215.5 0.260616 0.000113115
  217 216.5 0.245768 0.00010667
  218 217.5 0.235992 0.000102427
  219 218.5 0.217568 9.44306e-05
  220 219.5 0.217632 9.44583e-05
  221 220.5 0.234392 0.000101733
  222 221.5 0.241936 0.000105007
  223 222.5 0.230144 9.98889e-05
  224 223.5 0.226456 9.82882e-05
  225 224.5 0.224008 9.72257e-05
  226 225.5 0.231384 0.000100427
  227 226.5 0.228736 9.92778e-05
  228 227.5 0.21076 9.14757e-05
  229 228.5 0.199048 8.63924e-05
  230 229.5 0.179744 7.80139e-05
  231 230.5 0.171784 7.4559e-05
  232 231.5 0.184096 7.99028e-05
  233 232.5 0.181904 7.89514e-05
  234 233.5 0.19008 8.25e-05
  235 234.5 0.202504 8.78924e-05
  236 235.5 0.21644 9.3941e-05
  237 236.5 0.208608 9.05417e-05
  238 237.5 0.203728 8.84236e-05
  239 238.5 0.201736 8.7559e-05
  240 239.5 0.213912 9.28438e-05
  241 240.5 0.21532 9.34549e-05
  242 241.5 0.205248 8.90833e-05
  243 242.5 0.202464 8.7875e-05
  244 243.5 0.193584 8.40208e-05
  245 244.5 0.195592 8.48924e-05
  246 245.5 0.194208 8.42917e-05
  247 246.5 0.204144 8.86042e-05
  248 247.5 0.192296 8.34618e-05
  249 248.5 0.176208 7.64792e-05
  250 249.5 0.168016 7.29236e-05
  251 250.5 0.166224 7.21458e-05
  252 251.5 0.165904 7.20069e-05
  253 252.5 0.178328 7.73993e-05
  254 253.5 0.192088 8.33715e-05
  255 254.5 0.1952 8.47222e-05
  256 255.5 0.211296 9.17083e-05
  257 256.5 0.235816 0.000102351
  258 257.5 0.232024 0.000100705
  259 258.5 0.208432 9.04653e-05
  260 259.5 0.211296 9.17083e-05
  261 260.5 0.21412 9.2934e-05
  262 261.5 0.229848 9.97604e-05
  263 262.5 0.243744 0.000105792
  264 263.5 0.248856 0.00010801
  265 264.5 0.25232 0.000109514
  266 265.5 0.249528 0.000108302
  267 266.5 0.23592 0.000102396
  268 267.5 0.23128 0.000100382
  269 268.5 0.2382 0.000103385
  270 269.5 0.252256 0.000109486
  271 270.5 0.252072 0.000109406
  272 271.5 0.236056 0.000102455
  273 272.5 0.22668 9.83854e-05
  274 273.5 0.234336 0.000101708
  275 274.5 0.259192 0.000112497
  276 275.5 0.272336 0.000118201
  277 276.5 0.275736 0.000119677
  278 277.5 0.274464 0.000119125
  279 278.5 0.268744 0.000116642
  280 279.5 0.270504 0.000117406
  281 280.5 0.280544 0.000121764
  282 281.5 0.276816 0.000120146
  283 282.5 0.28536 0.000123854
  284 283.5 0.281208 0.000122052
  285 284.5 0.268448 0.000116514
  286 285.5 0.279848 0.000121462
  287 286.5 0.286464 0.000124333
  288 287.5 0.297992 0.000129337
  289 288.5 0.28404 0.000123281
  290 289.5 0.286776 0.000124469
  291 290.5 0.274824 0.000119281
  292 291.5 0.26628 0.000115573
  293 292.5 0.26364 0.000114427
  294 293.5 0.27636 0.000119948
  295 294.5 0.293224 0.000127267
  296 295.5 0.287488 0.000124778
  297 296.5 0.299896 0.000130163
  298 297.5 0.292808 0.000127087
  299 298.5 0.27668 0.000120087
  300 299.5 0.283312 0.000122965
  301 300.5 0.289776 0.000125771
  302 301.5 0.294048 0.000127625
  303 302.5 0.314392 0.000136455
  304 303.5 0.316136 0.000137212
  305 304.5 0.307984 0.000133674
  306 305.5 0.289344 0.000125583
  307 306.5 0.27692 0.000120191
  308 307.5 0.277856 0.000120597
  309 308.5 0.270736 0.000117507
  310 309.5 0.285528 0.000123927
  311 310.5 0.293432 0.000127358
  312 311.5 0.300936 0.000130615
  313 312.5 0.305528 0.000132608
  314 313.5 0.305984 0.000132806
  315 314.5 0.293864 0.000127545
  316 315.5 0.296704 0.000128778
  317 316.5 0.304336 0.00013209
  318 317.5 0.285984 0.000124125
  319 318.5 0.289528 0.000125663
  320 319.5 0.299168 0.000129847
  321 320.5 0.304008 0.000131948
  322 321.5 0.309848 0.000134483
  323 322.5 0.310912 0.000134944
  324 323.5 0.315656 0.000137003
  325 324.5 0.31564 0.000136997
  326 325.5 0.306504 0.000133031
  327 326.5 0.31428 0.000136406
  328 327.5 0.324192 0.000140708
  329 328.5 0.341936 0.00014841
  330 329.5 0.3552 0.000154167
  331 330.5 0.352248 0.000152885
  332 331.5 0.356736 0.000154833
  333 332.5 0.35496 0.000154063
  334 333.5 0.359608 0.00015608
  335 334.5 0.349848 0.000151844
  336 335.5 0.35704 0.000154965
  337 336.5 0.360208 0.00015634
  338 337.5 0.361728 0.000157
  339 338.5 0.391216 0.000169799
  340 339.5 0.394656 0.000171292
  341 340.5 0.410184 0.000178031
  342 341.5 0.418912 0.000181819
  343 342.5 0.439592 0.000190795
  344 343.5 0.521784 0.000226469
  345 344.5 0.643312 0.000279215
  346 345.5 0.864256 0.000375111
  347 346.5 1.28172 0.000556302
  348 347.5 2.08487 0.000904892
  349 348.5 3.55026 0.00154091
  350 349.5 5.98102 0.00259593
  351 350.5 9.56974 0.00415353
  352 351.5 14.088 0.00611458
  353 352.5 18.8315 0.00817339
  354 353.5 23.1728 0.0100577
  355 354.5 26.8109 0.0116367
  356 355.5 29.2566 0.0126982
  357 356.5 30.6569 0.0133059
  358 357.5 31.6065 0.0137181
  359 358.5 32.075 0.0139214
  360 359.5 32.3974 0.0140614
  361 360.5 32.433 0.0140768
  362 361.5 32.6041 0.0141511
  363 362.5 32.6738 0.0141813
  364 363.5 32.7547 0.0142165
  365 364.5 32.6993 0.0141924
  366 365.5 32.7557 0.0142169
  367 366.5 32.8977 0.0142785
  368 367.5 32.7689 0.0142226
  369 368.5 32.7684 0.0142224
  370 369.5 32.8026 0.0142372
  371 370.5 32.8571 0.0142609
  372 371.5 32.8023 0.0142371
  373 372.5 32.8517 0.0142586
  374 373.5 32.8465 0.0142563
  375 374.5 32.8246 0.0142468
  376 375.5 32.9182 0.0142874
  377 376.5 32.8662 0.0142648
  378 377.5 32.8388 0.0142529
  379 378.5 32.8551 0.01426
  380 379.5 32.8872 0.014274
  381 380.5 32.8993 0.0142792
  382 381.5 32.8518 0.0142586
  383 382.5 32.9347 0.0142946
  384 383.5 32.9098 0.0142838
  385 384.5 32.851 0.0142583
  386 385.5 32.8675 0.0142654
  387 386.5 32.9264 0.014291
  388 387.5 32.8534 0.0142593
  389 388.5 32.8871 0.0142739
  390 389.5 32.8839 0.0142725
  391 390.5 32.8765 0.0142693
  392 391.5 32.8489 0.0142573
  393 392.5 32.8669 0.0142652
  394 393.5 32.8944 0.0142771
  395 394.5 32.8302 0.0142492
  396 395.5 32.8487 0.0142573
  397 396.5 32.8528 0.014259
  398 397.5 32.8297 0.014249
  399 398.5 32.8305 0.0142494
  400 399.5 32.8216 0.0142455
  401 400.5 32.837 0.0142522
  402 401.5 32.8065 0.0142389
  403 402.5 32.9242 0.01429
  404 403.5 32.7911 0.0142323
  405 404.5 32.7868 0.0142304
  406 405.5 32.8134 0.0142419
  407 406.5 32.825 0.014247
  408 407.5 32.7792 0.0142271
  409 408.5 32.7224 0.0142024
  410 409.5 32.6744 0.0141816
  411 410.5 32.5432 0.0141246
  412 411.5 32.5029 0.0141072
  413 412.5 32.4373 0.0140787
  414 413.5 32.1941 0.0139732
  415 414.5 31.9641 0.0138733
  416 415.5 31.6982 0.0137579
  417 416.5 31.1962 0.01354
  418 417.5 30.5271 0.0132496
  419 418.5 29.7142 0.0128968
  420 419.5 28.4842 0.0123629
  421 420.5 26.7303 0.0116017
  422 421.5 24.624 0.0106875
  423 422.5 21.9769 0.00953857
  424 423.5 18.8457 0.00817956
  425 424.5 15.4724 0.00671544
  426 425.5 12.1689 0.00528166
  427 426.5 9.13159 0.00396336
  428 427.5 6.58946 0.00286001
  429 428.5 4.64434 0.00201577
  430 429.5 3.23003 0.00140192
  431 430.5 2.25804 0.000980052
  432 431.5 1.66352 0.000722014
  433 432.5 1.28258 0.000556677
  434 433.5 1.06683 0.000463035
  435 434.5 0.935768 0.000406149
  436 435.5 0.84796 0.000368038
  437 436.5 0.796208 0.000345576
  438 437.5 0.771952 0.000335049
  439 438.5 0.743048 0.000322503
  440 439.5 0.72268 0.000313663
  441 440.5 0.719616 0.000312333
  442 441.5 0.69812 0.000303003
  443 442.5 0.68924 0.000299149
  444 443.5 0.684928 0.000297278
  445 444.5 0.691328 0.000300056
  446 445.5 0.699984 0.000303812
  447 446.5 0.705456 0.000306187
  448 447.5 0.699592 0.000303642
  449 448.5 0.701968 0.000304674
  450 449.5 0.714128 0.000309951
  451 450.5 0.708688 0.00030759
  452 451.5 0.699104 0.000303431
  453 452.5 0.698456 0.000303149
  454 453.5 0.692336 0.000300493
  455 454.5 0.698288 0.000303076
  456 455.5 0.689656 0.00029933
  457 456.5 0.672856 0.000292038
  458 457.5 0.66132 0.000287031
  459 458.5 0.671784 0.000291573
  460 459.5 0.664144 0.000288257
  461 460.5 0.66656 0.000289306
  462 461.5 0.675176 0.000293045
  463 462.5 0.675976 0.000293392
  464 463.5 0.697504 0.000302736
  465 464.5 0.690264 0.000299594
  466 465.5 0.686912 0.000298139
  467 466.5 0.682816 0.000296361
  468 467.5 0.685504 0.000297528
  469 468.5 0.691912 0.000300309
  470 469.5 0.688128 0.000298667
  471 470.5 0.685104 0.000297354
  472 471.5 0.703032 0.000305135
  473 472.5 0.705256 0.000306101
  474 473.5 0.709768 0.000308059
  475 474.5 0.70076 0.000304149
  476 475.5 0.71152 0.000308819
  477 476.5 0.704896 0.000305944
  478 477.5 0.700168 0.000303892
  479 478.5 0.697152 0.000302583
  480 479.5 0.69916 0.000303455
75000000 480 5447.000000000002
  1 0.5 0.684704 0.000297181
  2 1.5 0.682416 0.000296188
  3 2.5 0.677936 0.000294243
  4 3.5 0.68652 0.000297969
  5 4.5 0.68992 0.000299444
  6 5.5 0.681576 0.000295823
  7 6.5 0.685368 0.000297469
  8 7.5 0.688816 0.000298965
  9 8.5 0.677168 0.00029391
  10 9.5 0.688224 0.000298708
  11 10.5 0.68832 0.00029875
  12 11.5 0.694896 0.000301604
  13 12.5 0.68872 0.000298924
  14 13.5 0.685576 0.000297559
  15 14.5 0.680488 0.000295351
  16 15.5 0.6826 0.000296267
  17 16.5 0.685448 0.000297503
  18 17.5 0.668616 0.000290198
  19 18.5 0.674016 0.000292542
  20 19.5 0.670376 0.000290962
  21 20.5 0.661032 0.000286906
  22 21.5 0.66984 0.000290729
  23 22.5 0.671368 0.000291392
  24 23.5 0.67968 0.000295
  25 24.5 0.675872 0.000293347
  26 25.5 0.681936 0.000295979
  27 26.5 0.675624 0.00029324
  28 27.5 0.66132 0.000287031
  29 28.5 0.668944 0.00029034
  30 29.5 0.667384 0.000289663
  31 30.5 0.660592 0.000286715
  32 31.5 0.6626 0.000287587
  33 32.5 0.661072 0.000286924
  34 33.5 0.659384 0.000286191
  35 34.5 0.65832 0.000285729
  36 35.5 0.653752 0.000283747
  37 36.5 0.668032 0.000289944
  38 37.5 0.671504 0.000291451
  39 38.5 0.668888 0.000290316
  40 39.5 0.67276 0.000291997
  41 40.5 0.678072 0.000294302
  42 41.5 0.67196 0.000291649
  43 42.5 0.660288 0.000286583
  44 43.5 0.66664 0.00028934
  45 44.5 0.667512 0.000289719
  46 45.5 0.673728 0.000292417
  47 46.5 0.674568 0.000292781
  48 47.5 0.668224 0.000290028
  49 48.5 0.6788 0.000294618
  50 49.5 0.676632 0.000293677
  51 50.5 0.681272 0.000295691
  52 51.5 0.699616 0.000303653
  53 52.5 0.692216 0.000300441
  54 53.5 0.693552 0.000301021
  55 54.5 0.685736 0.000297628
  56 55.5 0.688888 0.000298997
  57 56.5 0.687832 0.000298538
  58 57.5 0.680744 0.000295462
  59 58.5 0.678096 0.000294312
  60 59.5 0.681928 0.000295976
  61 60.5 0.682312 0.000296142
  62 61.5 0.680792 0.000295483
  63 62.5 0.680896 0.000295528
  64 63.5 0.685656 0.000297594
  65 64.5 0.669656 0.000290649
  66 65.5 0.656848 0.00028509
  67 66.5 0.65872 0.000285903
  68 67.5 0.664664 0.000288483
  69 68.5 0.660504 0.000286677
  70 69.5 0.661376 0.000287056
  71 70.5 0.678544 0.000294507
  72 71.5 0.671104 0.000291278
  73 72.5 0.67528 0.00029309
  74 73.5 0.66704 0.000289514
  75 74.5 0.677384 0.000294003
  76 75.5 0.660312 0.000286594
  77 76.5 0.67648 0.000293611
  78 77.5 0.672312 0.000291802
  79 78.5 0.679472 0.00029491
  80 79.5 0.681944 0.000295983
  81 80.5 0.690712 0.000299788
  82 81.5 0.684168 0.000296948
  83 82.5 0.679104 0.00029475
  84 83.5 0.67796 0.000294253
  85 84.5 0.687176 0.000298253
  86 85.5 0.686584 0.000297997
  87 86.5 0.697784 0.000302858
  88 87.5 0.69204 0.000300365
  89 88.5 0.694 0.000301215
  90 89.5 0.70916 0.000307795
  91 90.5 0.725896 0.000315059
  92 91.5 0.755224 0.000327788
  93 92.5 0.799896 0.000347177
  94 93.5 0.855512 0.000371316
  95 94.5 0.949544 0.000412128
  96 95.5 1.09743 0.000476316
  97 96.5 1.3436 0.00058316
  98 97.5 1.71612 0.000744844
  99 98.5 2.31956 0.00100675
  100 99.5 3.26695 0.00141795
  101 100.5 4.5569 0.00197782
  102 101.5 6.40311 0.00277913
  103 102.5 8.76594 0.00380466
  104 103.5 11.6054 0.00503707
  105 104.5 14.6641 0.00636462
  106 105.5 17.9265 0.0077806
  107 106.5 21.0051 0.00911679
  108 107.5 23.6552 0.010267
  109 108.5 25.922 0.0112509
  110 109.5 27.7257 0.0120337
  111 110.5 29.1059 0.0126328
  112 111.5 30.0547 0.0130446
  113 112.5 30.7806 0.0133596
  114 113.5 31.3338 0.0135997
  115 114.5 31.617 0.0137227
  116 115.5 31.9094 0.0138496
  117 116.5 32.1021 0.0139332
  118 117.5 32.2396 0.0139929
  119 118.5 32.2649 0.0140039
  120 119.5 32.3877 0.0140572
  121 120.5 32.4819 0.014098
  122 121.5 32.5041 0.0141077
  123 122.5 32.553 0.0141289
  124 123.5 32.6086 0.0141531
  125 124.5 32.6118 0.0141544
  126 125.5 32.5594 0.0141317
  127 126.5 32.6328 0.0141635
  128 127.5 32.7022 0.0141937
  129 128.5 32.594 0.0141467
  130 129.5 32.6386 0.014166
  131 130.5 32.746 0.0142127
  132 131.5 32.6929 0.0141896
  133 132.5 32.5998 0.0141492
  134 133.5 32.6458 0.0141692
  135 134.5 32.6983 0.014192
  136 135.5 32.599 0.0141489
  137 136.5 32.6499 0.014171
  138 137.5 32.6588 0.0141748
  139 138.5 32.7007 0.014193
  140 139.5 32.6837 0.0141856
  141 140.5 32.6726 0.0141808
  142 141.5 32.7119 0.0141979
  143 142.5 32.7422 0.014211
  144 143.5 32.7654 0.0142211
  145 144.5 32.7058 0.0141952
  146 145.5 32.7076 0.014196
  147 146.5 32.7803 0.0142276
  148 147.5 32.7134 0.0141985
  149 148.5 32.6745 0.0141816
  150 149.5 32.7677 0.0142221
  151 150.5 32.7366 0.0142086
  152 151.5 32.6834 0.0141855
  153 152.5 32.7551 0.0142166
  154 153.5 32.7031 0.0141941
  155 154.5 32.764 0.0142205
  156 155.5 32.7197 0.0142013
  157 156.5 32.7272 0.0142045
  158 157.5 32.7122 0.014198
  159 158.5 32.7628 0.01422
  160 159.5 32.7136 0.0141986
  161 160.5 32.6582 0.0141746
  162 161.5 32.7989 0.0142356
  163 162.5 32.6816 0.0141847
  164 163.5 32.6364 0.0141651
  165 164.5 32.7145 0.014199
  166 165.5 32.7656 0.0142212
  167 166.5 32.6863 0.0141868
  168 167.5 32.7013 0.0141933
  169 168.5 32.6615 0.014176
  170 169.5 32.7515 0.0142151
  171 170.5 32.7408 0.0142104
  172 171.5 32.6692 0.0141793
  173 172.5 32.739 0.0142096
  174 173.5 32.7035 0.0141942
  175 174.5 32.6982 0.0141919
  176 175.5 32.6482 0.0141702
  177 176.5 32.6957 0.0141908
  178 177.5 32.6829 0.0141853
  179 178.5 32.7532 0.0142158
  180 179.5 32.6686 0.0141791
  181 180.5 32.6747 0.0141817
  182 181.5 32.6406 0.0141669
  183 182.5 32.7055 0.0141951
  184 183.5 32.5441 0.0141251
  185 184.5 32.6149 0.0141558
  186 185.5 32.4178 0.0140702
  187 186.5 32.2239 0.0139861
  188 187.5 31.9467 0.0138658
  189 188.5 31.3153 0.0135917
  190 189.5 30.2144 0.0131139
  191 190.5 28.4063 0.0123291
  192 191.5 25.7854 0.0111916
  193 192.5 21.9943 0.00954613
  194 193.5 17.3131 0.00751436
  195 194.5 12.5819 0.00546091
  196 195.5 8.41392 0.00365188
  197 196.5 5.16365 0.00224117
  198 197.5 3.03393 0.00131681
  199 198.5 1.80144 0.000781875
  200 199.5 1.094 0.000474826
  201 200.5 0.728616 0.00031624
  202 201.5 0.550488 0.000238927
  203 202.5 0.44632 0.000193715
  204 203.5 0.3786 0.000164323
  205 204.5 0.352048 0.000152799
  206 205.5 0.34676 0.000150503
  207 206.5 0.334968 0.000145385
  208 207.5 0.310728 0.000134865
  209 208.5 0.301808 0.000130993
  210 209.5 0.302448 0.000131271
  211 210.5 0.305248 0.000132486
  212 211.5 0.321072 0.000139354
  213 212.5 0.330232 0.00014333
  214 213.5 0.341312 0.000148139
  215 214.5 0.368968 0.000160142
  216 215.5 0.385656 0.000167385
  217 216.5 0.39556 0.000171684
  218 217.5 0.370472 0.000160795
  219 218.5 0.334352 0.000145118
  220 219.5 0.302104 0.000131122
  221 220.5 0.293792 0.000127514
  222 221.5 0.28968 0.000125729
  223 222.5 0.30568 0.000132674
  224 223.5 0.312208 0.000135507
  225 224.5 0.327544 0.000142163
  226 225.5 0.352616 0.000153045
  227 226.5 0.366544 0.00015909
  228 227.5 0.367112 0.000159337
  229 228.5 0.355232 0.000154181
  230 229.5 0.370392 0.00016076
  231 230.5 0.366504 0.000159073
  232 231.5 0.347248 0.000150715
  233 232.5 0.35904 0.000155833
  234 233.5 0.371408 0.000161201
  235 234.5 0.347504 0.000150826
  236 235.5 0.328168 0.000142434
  237 236.5 0.32112 0.000139375
  238 237.5 0.30936 0.000134271
  239 238.5 0.288192 0.000125083
  240 239.5 0.289216 0.000125528
  241 240.5 0.287456 0.000124764
  242 241.5 0.292312 0.000126872
  243 242.5 0.299504 0.000129993
  244 243.5 0.283312 0.000122965
  245 244.5 0.256896 0.0001115
  246 245.5 0.249232 0.000108174
  247 246.5 0.23336 0.000101285
  248 247.5 0.228016 9.89653e-05
  249 248.5 0.223416 9.69687e-05
  250 249.5 0.218768 9.49514e-05
  251 250.5 0.217768 9.45174e-05
  252 251.5 0.210288 9.12708e-05
  253 252.5 0.207432 9.00312e-05
  254 253.5 0.206584 8.96632e-05
  255 254.5 0.190992 8.28958e-05
  256 255.5 0.192568 8.35799e-05
  257 256.5 0.195216 8.47292e-05
  258 257.5 0.184736 8.01806e-05
  259 258.5 0.197528 8.57326e-05
  260 259.5 0.193368 8.39271e-05
  261 260.5 0.191208 8.29896e-05
  262 261.5 0.189304 8.21632e-05
  263 262.5 0.20068 8.71007e-05
  264 263.5 0.223296 9.69167e-05
  265 264.5 0.236288 0.000102556
  266 265.5 0.24184 0.000104965
  267 266.5 0.258488 0.000112191
  268 267.5 0.256768 0.000111444
  269 268.5 0.244496 0.000106118
  270 269.5 0.238304 0.000103431
  271 270.5 0.237848 0.000103233
  272 271.5 0.232152 0.00010076
  273 272.5 0.230264 9.9941e-05
  274 273.5 0.24116 0.00010467
  275 274.5 0.245424 0.000106521
  276 275.5 0.264096 0.000114625
  277 276.5 0.2762 0.000119878
  278 277.5 0.273864 0.000118865
  279 278.5 0.271184 0.000117701
  280 279.5 0.282264 0.00012251
  281 280.5 0.283648 0.000123111
  282 281.5 0.272704 0.000118361
  283 282.5 0.274456 0.000119122
  284 283.5 0.273744 0.000118812
  285 284.5 0.272624 0.000118326
  286 285.5 0.270616 0.000117455
  287 286.5 0.276064 0.000119819
  288 287.5 0.284616 0.000123531
  289 288.5 0.277184 0.000120306
  290 289.5 0.26996 0.00011717
  291 290.5 0.274192 0.000119007
  292 291.5 0.271032 0.000117635
  293 292.5 0.252968 0.000109795
  294 293.5 0.25568 0.000110972
  295 294.5 0.25904 0.000112431
  296 295.5 0.258936 0.000112385
  297 296.5 0.229296 9.95208e-05
  298 297.5 0.21636 9.39062e-05
  299 298.5 0.222672 9.66458e-05
  300 299.5 0.225808 9.80069e-05
  301 300.5 0.206448 8.96042e-05
  302 301.5 0.185656 8.05799e-05
  303 302.5 0.17332 7.52257e-05
  304 303.5 0.170432 7.39722e-05
  305 304.5 0.17524 7.6059e-05
  306 305.5 0.165032 7.16285e-05
  307 306.5 0.16472 7.14931e-05
  308 307.5 0.172704 7.49583e-05
  309 308.5 0.179784 7.80313e-05
  310 309.5 0.164552 7.14201e-05
  311 310.5 0.16068 6.97396e-05
  312 311.5 0.155352 6.74271e-05
  313 312.5 0.155808 6.7625e-05
  314 313.5 0.151704 6.58437e-05
  315 314.5 0.155408 6.74514e-05
  316 315.5 0.151104 6.55833e-05
  317 316.5 0.134888 5.85451e-05
  318 317.5 0.133296 5.78542e-05
  319 318.5 0.144624 6.27708e-05
  320 319.5 0.148368 6.43958e-05
  321 320.5 0.1608 6.97917e-05
  322 321.5 0.160248 6.95521e-05
  323 322.5 0.169368 7.35104e-05
  324 323.5 0.188848 8.19653e-05
  325 324.5 0.190512 8.26875e-05
  326 325.5 0.206016 8.94167e-05
  327 326.5 0.221984 9.63472e-05
  328 327.5 0.239152 0.000103799
  329 328.5 0.24336 0.000105625
  330 329.5 0.24964 0.000108351
  331 330.5 0.27652 0.000120017
  332 331.5 0.300904 0.000130601
  333 332.5 0.313784 0.000136191
  334 333.5 0.32184 0.000139688
  335 334.5 0.32912 0.000142847
  336 335.5 0.303152 0.000131576
  337 336.5 0.2968 0.000128819
  338 337.5 0.295848 0.000128406
  339 338.5 0.297216 0.000129
  340 339.5 0.30128 0.000130764
  341 340.5 0.320112 0.000138938
  342 341.5 0.339232 0.000147236
  343 342.5 0.374912 0.000162722
  344 343.5 0.430696 0.000186934
  345 344.5 0.520016 0.000225701
  346 345.5 0.670112 0.000290847
  347 346.5 0.970864 0.000421382
  348 347.5 1.55055 0.000672983
  349 348.5 2.61249 0.00113389
  350 349.5 4.36556 0.00189477
  351 350.5 7.13307 0.00309595
  352 351.5 10.9266 0.00474244
  353 352.5 15.4795 0.00671855
  354 353.5 20.2036 0.00876893
  355 354.5 24.3797 0.0105815
  356 355.5 27.4611 0.0119189
  357 356.5 29.6308 0.0128606
  358 357.5 30.9913 0.0134511
  359 358.5 31.6464 0.0137354
  360 359.5 32.0418 0.0139071
  361 360.5 32.3138 0.0140251
  362 361.5 32.4721 0.0140938
  363 362.5 32.525 0.0141168
  364 363.5 32.6493 0.0141707
  365 364.5 32.61 0.0141537
  366 365.5 32.6182 0.0141572
  367 366.5 32.6704 0.0141799
  368 367.5 32.714 0.0141988
  369 368.5 32.6453 0.014169
  370 369.5 32.6505 0.0141712
  371 370.5 32.7655 0.0142211
  372 371.5 32.7013 0.0141933
  373 372.5 32.6742 0.0141815
  374 373.5 32.7264 0.0142042
  375 374.5 32.7687 0.0142225
  376 375.5 32.7124 0.0141981
  377 376.5 32.7501 0.0142144
  378 377.5 32.7071 0.0141958
  379 378.5 32.7791 0.0142271
  380 379.5 32.7044 0.0141946
  381 380.5 32.7732 0.0142245
  382 381.5 32.683 0.0141853
  383 382.5 32.6412 0.0141672
  384 383.5 32.722 0.0142023
  385 384.5 32.6784 0.0141833
  386 385.5 32.61 0.0141537
  387 386.5 32.7024 0.0141937
  388 387.5 32.7118 0.0141978
  389 388.5 32.6249 0.0141601
  390 389.5 32.6941 0.0141902
  391 390.5 32.7012 0.0141932
  392 391.5 32.6856 0.0141865
  393 392.5 32.609 0.0141532
  394 393.5 32.7711 0.0142236
  395 394.5 32.7593 0.0142184
  396 395.5 32.6359 0.0141649
  397 396.5 32.615 0.0141558
  398 397.5 32.7168 0.0142
  399 398.5 32.7336 0.0142073
  400 399.5 32.6189 0.0141575
  401 400.5 32.693 0.0141897
  402 401.5 32.7235 0.0142029
  403 402.5 32.6851 0.0141863
  404 403.5 32.6338 0.014164
  405 404.5 32.6868 0.014187
  406 405.5 32.6264 0.0141607
  407 406.5 32.6553 0.0141733
  408 407.5 32.6903 0.0141885
  409 408.5 32.5818 0.0141414
  410 409.5 32.631 0.0141627
  411 410.5 32.5648 0.014134
  412 411.5 32.5504 0.0141278
  413 412.5 32.4216 0.0140719
  414 413.5 32.399 0.0140621
  415 414.5 32.3145 0.0140254
  416 415.5 32.09 0.013928
  417 416.5 31.9026 0.0138466
  418 417.5 31.5948 0.013713
  419 418.5 31.1948 0.0135394
  420 419.5 30.634 0.013296
  421 420.5 29.8925 0.0129742
  422 421.5 28.8366 0.0125159
  423 422.5 27.3362 0.0118647
  424 423.5 25.6078 0.0111145
  425 424.5 23.2636 0.010097
  426 425.5 20.4266 0.0088657
  427 426.5 17.3343 0.00752357
  428 427.5 14.1672 0.00614897
  429 428.5 11.0469 0.00479465
  430 429.5 8.30563 0.00360488
  431 430.5 6.06237 0.00263124
  432 431.5 4.33054 0.00187957
  433 432.5 3.07358 0.00133402
  434 433.5 2.19918 0.000954507
  435 434.5 1.64453 0.000713771
  436 435.5 1.27659 0.000554076
  437 436.5 1.05575 0.000458226
  438 437.5 0.911688 0.000395698
  439 438.5 0.835216 0.000362507
  440 439.5 0.777928 0.000337642
  441 440.5 0.739008 0.00032075
  442 441.5 0.726168 0.000315177
  443 442.5 0.710944 0.000308569
  444 443.5 0.704504 0.000305774
  445 444.5 0.714136 0.000309955
  446 445.5 0.687608 0.000298441
  447 446.5 0.685176 0.000297385
  448 447.5 0.694392 0.000301385
  449 448.5 0.693848 0.000301149
  450 449.5 0.706232 0.000306524
  451 450.5 0.702248 0.000304795
  452 451.5 0.690208 0.000299569
  453 452.5 0.676776 0.00029374
  454 453.5 0.68372 0.000296753
  455 454.5 0.681376 0.000295736
  456 455.5 0.68896 0.000299028
  457 456.5 0.68132 0.000295712
  458 457.5 0.67928 0.000294826
  459 458.5 0.679192 0.000294788
  460 459.5 0.669136 0.000290424
  461 460.5 0.665384 0.000288795
  462 461.5 0.66236 0.000287483
  463 462.5 0.670344 0.000290948
  464 463.5 0.670616 0.000291066
  465 464.5 0.682368 0.000296167
  466 465.5 0.678944 0.000294681
  467 466.5 0.677792 0.000294181
  468 467.5 0.691016 0.00029992
  469 468.5 0.689984 0.000299472
  470 469.5 0.680152 0.000295205
  471 470.5 0.67628 0.000293524
  472 471.5 0.674736 0.000292854
  473 472.5 0.690912 0.000299875
  474 473.5 0.685896 0.000297698
  475 474.5 0.691712 0.000300222
  476 475.5 0.67556 0.000293212
  477 476.5 0.6824 0.000296181
  478 477.5 0.69664 0.000302361
  479 478.5 0.689072 0.000299076
  480 479.5 0.689576 0.000299295
