# Chunk-averaged data for fix tensor1 and group all
# Timestep Number-of-chunks Total-count
# Chunk Coord1 Ncount density/number c_press[1] c_press[2] c_press[3]
40000000 624 13278.000000000005
  1 0.5 3.7169 0.00161324 -15271.6 -15235.1 -15263.7
  2 1.5 3.70687 0.00160888 -15231.9 -15205.3 -15247.7
  3 2.5 3.7053 0.0016082 -15279.8 -15228 -15297.6
  4 3.5 3.70819 0.00160946 -15259.4 -15209.9 -15310.7
  5 4.5 3.72324 0.00161599 -15237.1 -15229.3 -15209.7
  6 5.5 3.73509 0.00162113 -15242.1 -15130.1 -15117.7
  7 6.5 3.75694 0.00163062 -15190.3 -15032.9 -15018
  8 7.5 3.7658 0.00163446 -15067 -15139.7 -14966.3
  9 8.5 3.78959 0.00164479 -15103.5 -15050.1 -14900.9
  10 9.5 3.80882 0.00165313 -15014.3 -14945.7 -14751.8
  11 10.5 3.83492 0.00166446 -14859.7 -14920.7 -14635.1
  12 11.5 3.87142 0.00168031 -14680.8 -14821.4 -14491.3
  13 12.5 3.9078 0.00169609 -14620.2 -14689.6 -14252.6
  14 13.5 3.95431 0.00171628 -14493.4 -14584.5 -14103.7
  15 14.5 4.01399 0.00174218 -14243.8 -14314.4 -13835.6
  16 15.5 4.0827 0.001772 -14108.6 -14205.1 -13466.4
  17 16.5 4.17461 0.0018119 -13923.7 -13846.7 -13116.3
  18 17.5 4.26151 0.00184961 -13639 -13516.4 -12756.7
  19 18.5 4.38628 0.00190377 -13277.5 -13217.7 -12239.8
  20 19.5 4.52496 0.00196396 -12885.8 -12844.6 -11758.1
  21 20.5 4.6807 0.00203156 -12476.4 -12487.9 -11288.9
  22 21.5 4.88157 0.00211874 -12034.9 -11968.3 -10719.8
  23 22.5 5.12034 0.00222237 -11455.7 -11379.6 -10003.8
  24 23.5 5.41002 0.0023481 -10828.4 -10796.2 -9326.22
  25 24.5 5.73125 0.00248752 -10188.8 -10219.6 -8705.49
  26 25.5 6.11643 0.0026547 -9517.63 -9528.9 -7983.53
  27 26.5 6.53716 0.00283731 -8874.98 -8827.08 -7360.07
  28 27.5 7.02118 0.00304739 -8157.04 -8099.23 -6729.42
  29 28.5 7.58603 0.00329255 -7467.7 -7445.54 -6116.72
  30 29.5 8.20046 0.00355923 -6774.83 -6664.25 -5524.28
  31 30.5 8.87653 0.00385266 -6188.7 -6051.51 -5095.95
  32 31.5 9.62542 0.0041777 -5486.07 -5408.37 -4606.51
  33 32.5 10.4394 0.00453101 -4877.75 -4816.61 -4212.43
  34 33.5 11.3034 0.00490598 -4285.16 -4358.63 -3955.25
  35 34.5 12.2312 0.00530866 -3761.76 -3738.93 -3624.89
  36 35.5 13.1995 0.00572897 -3260.67 -3280.8 -3369.96
  37 36.5 14.1937 0.00616045 -2876.36 -2773.6 -3220.53
  38 37.5 15.2323 0.00661126 -2471.34 -2459.01 -3153.23
  39 38.5 16.2358 0.00704681 -2054.67 -2057 -3009.14
  40 39.5 17.2448 0.00748473 -1798.72 -1760.47 -2971.24
  41 40.5 18.2229 0.00790923 -1595.52 -1586.32 -2971.55
  42 41.5 19.1547 0.00831369 -1405.83 -1393.08 -2995.41
  43 42.5 20.0425 0.00869902 -1292.89 -1314.85 -2978.14
  44 43.5 20.8685 0.0090575 -1222.8 -1222.81 -2901.26
  45 44.5 21.6173 0.00938252 -1180.17 -1230.75 -2990.59
  46 45.5 22.304 0.00968056 -1223.62 -1173.38 -3000.17
  47 46.5 22.8892 0.00993454 -1234.52 -1195.83 -2974.65
  48 47.5 23.4077 0.0101596 -1297.42 -1228.41 -2978.98
  49 48.5 23.8712 0.0103608 -1302.33 -1315.42 -2940.55
  50 49.5 24.2827 0.0105394 -1300.4 -1350.26 -2858.54
  51 50.5 24.6291 0.0106897 -1444.91 -1469.27 -2855.74
  52 51.5 24.9036 0.0108089 -1527.68 -1513.18 -2769.54
  53 52.5 25.1296 0.010907 -1633.39 -1591.32 -2806.54
  54 53.5 25.3454 0.0110006 -1657.68 -1652 -2687.65
  55 54.5 25.5199 0.0110763 -1720.95 -1693.01 -2633.28
  56 55.5 25.645 0.0111306 -1838.59 -1787.44 -2611.37
  57 56.5 25.7745 0.0111869 -1828.25 -1780.69 -2492.96
  58 57.5 25.8644 0.0112259 -1888.27 -1833.28 -2485.1
  59 58.5 25.9427 0.0112599 -1959.92 -1907.39 -2446.92
  60 59.5 26.0058 0.0112872 -1918.69 -1933.08 -2380.73
  61 60.5 26.0651 0.011313 -1948.43 -1980.34 -2378.7
  62 61.5 26.0965 0.0113266 -2010.81 -2043.07 -2324.22
  63 62.5 26.1288 0.0113406 -2038.43 -2025.33 -2311.83
  64 63.5 26.1743 0.0113604 -2072.52 -2067.82 -2242.44
  65 64.5 26.1719 0.0113593 -2109.34 -2080.73 -2255.04
  66 65.5 26.1802 0.0113629 -2080.33 -2104.36 -2246.63
  67 66.5 26.1803 0.011363 -2147.04 -2154.37 -2244.64
  68 67.5 26.2272 0.0113833 -2129.34 -2139.84 -2211.34
  69 68.5 26.2407 0.0113892 -2138.27 -2151.96 -2197.74
  70 69.5 26.231 0.011385 -2199.27 -2072.82 -2157.35
  71 70.5 26.2269 0.0113832 -2179.54 -2162.75 -2247.26
  72 71.5 26.2642 0.0113994 -2157.4 -2206.13 -2123.17
  73 72.5 26.2653 0.0113999 -2167.05 -2156.56 -2174.03
  74 73.5 26.2555 0.0113956 -2212.28 -2217.93 -2203.63
  75 74.5 26.2538 0.0113949 -2192.53 -2178.82 -2201.53
  76 75.5 26.2685 0.0114012 -2132.65 -2120.55 -2158.55
  77 76.5 26.2649 0.0113997 -2123.27 -2150.84 -2123.57
  78 77.5 26.2713 0.0114025 -2168.12 -2150.77 -2183.48
  79 78.5 26.2657 0.0114 -2193.22 -2136.43 -2137.05
  80 79.5 26.265 0.0113997 -2126.37 -2155.32 -2179.44
  81 80.5 26.2615 0.0113982 -2167.11 -2185.2 -2190.89
  82 81.5 26.264 0.0113993 -2093.66 -2152.71 -2118.42
  83 82.5 26.2688 0.0114014 -2160.73 -2157.47 -2166.08
  84 83.5 26.2696 0.0114017 -2156.22 -2192.56 -2155.41
  85 84.5 26.2612 0.0113981 -2139.89 -2136.29 -2169.6
  86 85.5 26.2669 0.0114006 -2161.77 -2158.96 -2154.3
  87 86.5 26.2687 0.0114013 -2120.06 -2146.52 -2143.19
  88 87.5 26.2784 0.0114056 -2188.45 -2199.94 -2150.91
  89 88.5 26.2779 0.0114053 -2073.82 -2170.46 -2136.08
  90 89.5 26.2542 0.0113951 -2034.69 -2149.54 -2187.81
  91 90.5 26.2687 0.0114013 -2092.34 -2113.11 -2137.43
  92 91.5 26.262 0.0113985 -2181.9 -2185.43 -2175.48
  93 92.5 26.2679 0.011401 -2157.05 -2133.38 -2143.18
  94 93.5 26.2607 0.0113979 -2170.01 -2206 -2163.18
  95 94.5 26.256 0.0113958 -2154.45 -2144.43 -2160.65
  96 95.5 26.2491 0.0113928 -2160.74 -2166.52 -2128.85
  97 96.5 26.2819 0.0114071 -2141.46 -2209.85 -2149.4
  98 97.5 26.2525 0.0113943 -2189.93 -2193.5 -2191.58
  99 98.5 26.258 0.0113967 -2146.88 -2129.32 -2151.64
  100 99.5 26.2487 0.0113927 -2166.47 -2135.49 -2169.13
  101 100.5 26.2779 0.0114054 -2197.57 -2110.18 -2115.44
  102 101.5 26.258 0.0113967 -2154.04 -2135.35 -2153.36
  103 102.5 26.268 0.011401 -2194.86 -2171.36 -2143.8
  104 103.5 26.2527 0.0113944 -2164.76 -2184.95 -2164.42
  105 104.5 26.2558 0.0113958 -2124.99 -2143.92 -2184.63
  106 105.5 26.2568 0.0113962 -2106.65 -2100.2 -2122.02
  107 106.5 26.2574 0.0113964 -2089.16 -2064.07 -2140.93
  108 107.5 26.2472 0.011392 -2123.81 -2151.44 -2184.02
  109 108.5 26.2666 0.0114004 -2148.89 -2139.07 -2125.71
  110 109.5 26.2635 0.0113991 -2153.03 -2162.44 -2185.65
  111 110.5 26.2566 0.0113961 -2144.99 -2156.79 -2178.8
  112 111.5 26.265 0.0113997 -2146.49 -2146.65 -2134.13
  113 112.5 26.2791 0.0114059 -2165.11 -2109.92 -2107.51
  114 113.5 26.2689 0.0114014 -2161.33 -2153.51 -2178.88
  115 114.5 26.2666 0.0114004 -2163.91 -2172.31 -2179.15
  116 115.5 26.2513 0.0113938 -2103.85 -2105.48 -2143.63
  117 116.5 26.2887 0.01141 -2192.12 -2195.83 -2132.8
  118 117.5 26.2806 0.0114065 -2192.46 -2243.66 -2177.63
  119 118.5 26.2541 0.011395 -2148.99 -2193.64 -2182
  120 119.5 26.2749 0.011404 -2173.37 -2222.97 -2155.51
  121 120.5 26.2964 0.0114134 -2094.51 -2166.06 -2114.24
  122 121.5 26.2835 0.0114078 -2192.82 -2188.05 -2187.6
  123 122.5 26.2838 0.0114079 -2147.57 -2181.88 -2146.77
  124 123.5 26.2701 0.011402 -2156.52 -2216.54 -2134.38
  125 124.5 26.2794 0.011406 -2088.93 -2160.21 -2151.42
  126 125.5 26.273 0.0114032 -2068.73 -2100.03 -2166.79
  127 126.5 26.2633 0.011399 -2069.84 -2094.29 -2140.62
  128 127.5 26.2787 0.0114057 -2126.46 -2124.23 -2157.43
  129 128.5 26.2953 0.0114129 -2150.19 -2175.36 -2150.27
  130 129.5 26.2747 0.011404 -2169.49 -2122.59 -2159.53
  131 130.5 26.2811 0.0114067 -2134.87 -2109.49 -2164.98
  132 131.5 26.2914 0.0114112 -2148.72 -2218.71 -2140.51
  133 132.5 26.2789 0.0114058 -2132.04 -2166.4 -2138.84
  134 133.5 26.2902 0.0114107 -2135.75 -2245.64 -2169.18
  135 134.5 26.2946 0.0114126 -2180.92 -2208.81 -2187.98
  136 135.5 26.2749 0.011404 -2125.1 -2192.4 -2146.57
  137 136.5 26.2928 0.0114118 -2095.91 -2153.99 -2130.55
  138 137.5 26.2991 0.0114145 -2153.09 -2111.01 -2174.42
  139 138.5 26.2931 0.0114119 -2153.92 -2150.31 -2167.34
  140 139.5 26.2916 0.0114113 -2191.22 -2151.17 -2162.52
  141 140.5 26.2928 0.0114118 -2208.38 -2135.76 -2107.77
  142 141.5 26.2905 0.0114108 -2153.44 -2141.9 -2173.97
  143 142.5 26.2969 0.0114136 -2170.97 -2197.09 -2209.28
  144 143.5 26.2774 0.0114051 -2206.85 -2133.08 -2138.85
  145 144.5 26.2834 0.0114077 -2146.67 -2186.56 -2103.85
  146 145.5 26.2848 0.0114083 -2193.73 -2237.58 -2183.39
  147 146.5 26.2737 0.0114035 -2199.5 -2259.48 -2208.06
  148 147.5 26.2418 0.0113897 -2121.52 -2177.8 -2120.76
  149 148.5 26.2425 0.01139 -2226.64 -2204.61 -2170.07
  150 149.5 26.2707 0.0114022 -2199.6 -2109 -2157.32
  151 150.5 26.2646 0.0113995 -2137.87 -2143.09 -2071.85
  152 151.5 26.2296 0.0113844 -2154.66 -2210.33 -2194.1
  153 152.5 26.2485 0.0113926 -2227.32 -2201.31 -2188.15
  154 153.5 26.2624 0.0113986 -2193.32 -2200.43 -2100.08
  155 154.5 26.2426 0.01139 -2242.5 -2215.02 -2175.97
  156 155.5 26.2312 0.0113851 -2166.2 -2150.08 -2146.15
  157 156.5 26.2376 0.0113878 -2154.54 -2137.69 -2194.82
  158 157.5 26.2673 0.0114008 -2108.28 -2121.72 -2134.36
  159 158.5 26.2322 0.0113855 -2129.07 -2129.71 -2090.85
  160 159.5 26.2176 0.0113792 -2159.36 -2125.2 -2213.2
  161 160.5 26.2679 0.011401 -2171.82 -2175.51 -2172.48
  162 161.5 26.2626 0.0113987 -2178.62 -2167.84 -2114.8
  163 162.5 26.2387 0.0113883 -2149.15 -2144.08 -2128.5
  164 163.5 26.2408 0.0113892 -2196.2 -2111.96 -2189.51
  165 164.5 26.2699 0.0114019 -2167.61 -2150.77 -2149.43
  166 165.5 26.2631 0.0113989 -2166.74 -2163.88 -2153.74
  167 166.5 26.2513 0.0113938 -2135.45 -2177.52 -2147.15
  168 167.5 26.2666 0.0114004 -2213.14 -2222.76 -2188.76
  169 168.5 26.2843 0.0114081 -2142.55 -2142.17 -2147.29
  170 169.5 26.2519 0.0113941 -2149.57 -2148.04 -2173.04
  171 170.5 26.2836 0.0114078 -2182.54 -2182.06 -2141.08
  172 171.5 26.2642 0.0113994 -2153.19 -2212.66 -2151.98
  173 172.5 26.286 0.0114089 -2050.09 -2167.53 -2122.5
  174 173.5 26.2756 0.0114044 -2081.39 -2136.18 -2175.02
  175 174.5 26.2593 0.0113973 -2148.1 -2151.66 -2152.01
  176 175.5 26.2802 0.0114063 -2176.39 -2147.05 -2152.25
  177 176.5 26.2657 0.0114001 -2245.83 -2189.61 -2147.36
  178 177.5 26.271 0.0114024 -2213.08 -2178.87 -2193.96
  179 178.5 26.2691 0.0114015 -2183.59 -2144.77 -2172.09
  180 179.5 26.2832 0.0114076 -2110.8 -2150.42 -2107.71
  181 180.5 26.2942 0.0114124 -2193.64 -2173.27 -2143.51
  182 181.5 26.2922 0.0114115 -2203.12 -2191.43 -2178.88
  183 182.5 26.274 0.0114036 -2138.96 -2124.17 -2113.44
  184 183.5 26.265 0.0113997 -2169.04 -2151.07 -2190
  185 184.5 26.2979 0.011414 -2110.53 -2143.87 -2154.86
  186 185.5 26.2983 0.0114142 -2137.91 -2099.55 -2147.02
  187 186.5 26.2768 0.0114049 -2122.64 -2163.46 -2123.14
  188 187.5 26.2867 0.0114092 -2152.14 -2182.33 -2169.68
  189 188.5 26.2953 0.0114129 -2119.4 -2123.17 -2167.04
  190 189.5 26.293 0.0114119 -2176.15 -2150.65 -2177.24
  191 190.5 26.2879 0.0114097 -2113.2 -2138.83 -2129.11
  192 191.5 26.3018 0.0114157 -2111.1 -2156.16 -2138.15
  193 192.5 26.2879 0.0114097 -2176.76 -2207.38 -2150.12
  194 193.5 26.2869 0.0114092 -2144.14 -2133.92 -2161.13
  195 194.5 26.2772 0.011405 -2112.21 -2127.51 -2163.06
  196 195.5 26.2831 0.0114076 -2144.64 -2122.51 -2136.67
  197 196.5 26.2783 0.0114055 -2139.43 -2143.29 -2133.21
  198 197.5 26.3003 0.0114151 -2120.79 -2182.36 -2142.04
  199 198.5 26.2702 0.011402 -2170.17 -2059.62 -2147.2
  200 199.5 26.2688 0.0114014 -2148.75 -2159.89 -2118.06
  201 200.5 26.306 0.0114175 -2165.85 -2170.81 -2125.11
  202 201.5 26.3151 0.0114215 -2123.1 -2170.4 -2109.47
  203 202.5 26.2979 0.011414 -2185.79 -2238.78 -2121.07
  204 203.5 26.3041 0.0114167 -2239.88 -2224.16 -2139.11
  205 204.5 26.3477 0.0114356 -2134.78 -2206.44 -2102.57
  206 205.5 26.3462 0.011435 -2167.8 -2144.89 -2076.52
  207 206.5 26.3485 0.011436 -2272.59 -2199.68 -2038.31
  208 207.5 26.3697 0.0114452 -2163.21 -2174.49 -2063.33
  209 208.5 26.4089 0.0114622 -2176.4 -2211.33 -2057.74
  210 209.5 26.4384 0.011475 -2175.8 -2197.57 -1980.15
  211 210.5 26.4671 0.0114875 -2215.5 -2267.61 -1955.11
  212 211.5 26.5253 0.0115127 -2265.39 -2228.1 -1964.75
  213 212.5 26.5707 0.0115324 -2237.78 -2224.08 -1883.68
  214 213.5 26.6398 0.0115624 -2293.81 -2279.01 -1903.96
  215 214.5 26.7177 0.0115962 -2282.22 -2263.84 -1803.08
  216 215.5 26.8303 0.0116451 -2235.67 -2284.15 -1801.61
  217 216.5 26.9481 0.0116962 -2261.38 -2286.09 -1727.42
  218 217.5 27.077 0.0117522 -2223.48 -2254.37 -1682.02
  219 218.5 27.2403 0.011823 -2270.3 -2198.98 -1705.3
  220 219.5 27.4339 0.0119071 -2185.19 -2131.69 -1627.98
  221 220.5 27.637 0.0119952 -2108.32 -2037.99 -1599.75
  222 221.5 27.8673 0.0120952 -1966.16 -1956.26 -1573.92
  223 222.5 28.1171 0.0122036 -1825.73 -1857.34 -1615.88
  224 223.5 28.3802 0.0123178 -1777.54 -1749.66 -1623.54
  225 224.5 28.6657 0.0124417 -1610.79 -1640.17 -1638.71
  226 225.5 28.9627 0.0125706 -1478 -1483.03 -1634.99
  227 226.5 29.2592 0.0126993 -1369.91 -1359.96 -1795
  228 227.5 29.5285 0.0128162 -1251.59 -1243.54 -1785.17
  229 228.5 29.8434 0.0129528 -1221.68 -1205.14 -1844.23
  230 229.5 30.1503 0.0130861 -1078.28 -1017.06 -1876.73
  231 230.5 30.4037 0.013196 -987.836 -1038.79 -1958.82
  232 231.5 30.6324 0.0132953 -1019.25 -1063.23 -2076.61
  233 232.5 30.9251 0.0134224 -961.952 -1021.92 -2007.16
  234 233.5 31.1291 0.0135109 -967.47 -1024.5 -2076.29
  235 234.5 31.2935 0.0135822 -1046.61 -1089.86 -2159.25
  236 235.5 31.5075 0.0136751 -1068.95 -1072.61 -2163.12
  237 236.5 31.6708 0.013746 -1095.37 -1133.17 -2101.99
  238 237.5 31.7952 0.0138 -1185.33 -1199.05 -2117.16
  239 238.5 31.9303 0.0138586 -1238.31 -1298.52 -2154.91
  240 239.5 32.0256 0.0139 -1191.09 -1217.76 -2090.89
  241 240.5 32.1222 0.0139419 -1299.21 -1265.75 -2071.79
  242 241.5 32.2075 0.013979 -1377.43 -1353.05 -2015.92
  243 242.5 32.2802 0.0140105 -1366.95 -1363.85 -2041.11
  244 243.5 32.3102 0.0140235 -1451.89 -1347.03 -2002.53
  245 244.5 32.3647 0.0140472 -1438.37 -1449.5 -1937.67
  246 245.5 32.4131 0.0140682 -1484.67 -1497.64 -1898.3
  247 246.5 32.4486 0.0140836 -1562.57 -1560.3 -1940.64
  248 247.5 32.4533 0.0140856 -1513.14 -1559.46 -1901.88
  249 248.5 32.4822 0.0140982 -1577.09 -1586.51 -1855.67
  250 249.5 32.5404 0.0141234 -1600.53 -1612.43 -1838.32
  251 250.5 32.5242 0.0141164 -1623.24 -1669.14 -1811.4
  252 251.5 32.5303 0.0141191 -1690.2 -1700.47 -1793.05
  253 252.5 32.5578 0.014131 -1655.56 -1664.37 -1804.01
  254 253.5 32.5736 0.0141378 -1677.81 -1623.19 -1798.31
  255 254.5 32.5508 0.014128 -1621.96 -1694.38 -1772.03
  256 255.5 32.578 0.0141398 -1677.2 -1782.54 -1794.68
  257 256.5 32.6264 0.0141608 -1701.62 -1756.26 -1727.26
  258 257.5 32.5806 0.0141409 -1698.86 -1676.96 -1715.7
  259 258.5 32.6083 0.0141529 -1711.63 -1738.43 -1797.28
  260 259.5 32.6053 0.0141516 -1683.77 -1661.29 -1770.48
  261 260.5 32.6122 0.0141546 -1692.01 -1643.96 -1750.02
  262 261.5 32.6308 0.0141627 -1773.98 -1717.71 -1682.48
  263 262.5 32.6187 0.0141574 -1786.49 -1722.37 -1800.62
  264 263.5 32.621 0.0141584 -1790.06 -1755.58 -1758.84
  265 264.5 32.6367 0.0141653 -1728.09 -1724.8 -1722.07
  266 265.5 32.631 0.0141627 -1627.99 -1696.65 -1712.75
  267 266.5 32.6319 0.0141631 -1743.28 -1719.42 -1744.68
  268 267.5 32.6297 0.0141622 -1700.92 -1673.46 -1725.01
  269 268.5 32.6233 0.0141594 -1743.89 -1739.25 -1738.9
  270 269.5 32.6436 0.0141682 -1702.39 -1682.06 -1733.67
  271 270.5 32.6233 0.0141594 -1711.78 -1750.35 -1728.49
  272 271.5 32.6011 0.0141498 -1708.54 -1744.8 -1728.19
  273 272.5 32.65 0.014171 -1752.32 -1714.15 -1715.15
  274 273.5 32.646 0.0141693 -1734.76 -1768.88 -1736.1
  275 274.5 32.6112 0.0141542 -1755.2 -1791.33 -1684.11
  276 275.5 32.6272 0.0141611 -1789.08 -1796.93 -1753.31
  277 276.5 32.6587 0.0141748 -1773.28 -1791.24 -1757.69
  278 277.5 32.6428 0.0141679 -1738.83 -1723.88 -1685.86
  279 278.5 32.6399 0.0141666 -1728.99 -1756.48 -1711.53
  280 279.5 32.6442 0.0141685 -1762.87 -1747.76 -1756.95
  281 280.5 32.6524 0.014172 -1691.51 -1653.01 -1713.36
  282 281.5 32.6628 0.0141766 -1662.8 -1784.73 -1730.5
  283 282.5 32.6495 0.0141708 -1646.8 -1699.89 -1718.14
  284 283.5 32.6663 0.0141781 -1702.61 -1687.19 -1734.85
  285 284.5 32.6528 0.0141722 -1686.45 -1702.23 -1756.11
  286 285.5 32.6749 0.0141818 -1638.08 -1664.35 -1686.71
  287 286.5 32.6702 0.0141798 -1691.99 -1682.75 -1760.65
  288 287.5 32.6638 0.014177 -1680.71 -1681.38 -1721.87
  289 288.5 32.6606 0.0141756 -1691.72 -1700.05 -1740.48
  290 289.5 32.7016 0.0141934 -1684.83 -1695.56 -1702.25
  291 290.5 32.6831 0.0141854 -1729.46 -1736.1 -1728.26
  292 291.5 32.668 0.0141788 -1711.86 -1755.45 -1736.83
  293 292.5 32.6628 0.0141766 -1686.38 -1721.72 -1755.26
  294 293.5 32.6939 0.0141901 -1692.61 -1721.55 -1730.05
  295 294.5 32.6898 0.0141883 -1744.25 -1742.06 -1757.52
  296 295.5 32.6674 0.0141786 -1674.7 -1731.2 -1651.13
  297 296.5 32.6787 0.0141834 -1688.51 -1779.81 -1736.07
  298 297.5 32.7062 0.0141954 -1651.11 -1632.18 -1733.52
  299 298.5 32.6718 0.0141805 -1672.53 -1762.42 -1729.26
  300 299.5 32.6703 0.0141798 -1745.51 -1763.23 -1715.36
  301 300.5 32.7199 0.0142014 -1753.31 -1744.57 -1749.56
  302 301.5 32.6777 0.014183 -1716.36 -1767.1 -1740.31
  303 302.5 32.6612 0.0141759 -1692.61 -1680.52 -1681.29
  304 303.5 32.6999 0.0141927 -1698.84 -1640.51 -1743.85
  305 304.5 32.7091 0.0141967 -1715.03 -1633.81 -1732.8
  306 305.5 32.6818 0.0141848 -1667.63 -1623.58 -1706.47
  307 306.5 32.6797 0.0141839 -1715.45 -1671.8 -1747.6
  308 307.5 32.7116 0.0141977 -1786.02 -1731.01 -1753.25
  309 308.5 32.7237 0.014203 -1734.6 -1700.41 -1657.28
  310 309.5 32.6869 0.014187 -1756.75 -1717.64 -1763.17
  311 310.5 32.6843 0.0141859 -1770.85 -1698.22 -1764.44
  312 311.5 32.7102 0.0141971 -1693.07 -1731.27 -1703.46
  313 312.5 32.703 0.014194 -1727.56 -1715.08 -1732.11
  314 313.5 32.6833 0.0141855 -1645.37 -1720.5 -1720.7
  315 314.5 32.6991 0.0141923 -1680.32 -1715.98 -1739.4
  316 315.5 32.7085 0.0141964 -1768.39 -1748.23 -1747.82
  317 316.5 32.6736 0.0141812 -1727.57 -1789.08 -1683.79
  318 317.5 32.7 0.0141927 -1696.41 -1688.22 -1713.38
  319 318.5 32.696 0.014191 -1700.36 -1769.93 -1745.33
  320 319.5 32.6924 0.0141894 -1724.36 -1740.52 -1727.01
  321 320.5 32.7032 0.0141941 -1730.27 -1680.85 -1708.72
  322 321.5 32.7001 0.0141927 -1723.88 -1674.39 -1741.51
  323 322.5 32.6917 0.0141891 -1779.59 -1649.58 -1685.39
  324 323.5 32.6735 0.0141812 -1729.69 -1735.02 -1739.46
  325 324.5 32.7164 0.0141998 -1727.55 -1714.23 -1726
  326 325.5 32.6922 0.0141893 -1715.92 -1694.58 -1746.19
  327 326.5 32.6951 0.0141906 -1677.43 -1688.94 -1669.59
  328 327.5 32.6804 0.0141842 -1716.56 -1684.31 -1734.78
  329 328.5 32.7176 0.0142004 -1744.46 -1616.36 -1771.41
  330 329.5 32.7076 0.014196 -1644.69 -1727.19 -1669.57
  331 330.5 32.6958 0.0141909 -1649.96 -1656.83 -1679.31
  332 331.5 32.7046 0.0141947 -1682.45 -1761.55 -1797.15
  333 332.5 32.6981 0.0141919 -1666.95 -1723.19 -1734.74
  334 333.5 32.7149 0.0141992 -1677.34 -1691.5 -1687.78
  335 334.5 32.7311 0.0142062 -1742.47 -1708.45 -1703.25
  336 335.5 32.7033 0.0141941 -1683.73 -1718.85 -1779.06
  337 336.5 32.7087 0.0141965 -1656.19 -1694.19 -1728.88
  338 337.5 32.7192 0.014201 -1684.34 -1704.68 -1705.29
  339 338.5 32.7358 0.0142082 -1688.11 -1719.09 -1688.95
  340 339.5 32.7063 0.0141955 -1746.27 -1735.6 -1788.1
  341 340.5 32.6892 0.014188 -1732.93 -1695.81 -1746.22
  342 341.5 32.7486 0.0142138 -1713.56 -1662.82 -1693.1
  343 342.5 32.7234 0.0142029 -1774.33 -1756.46 -1707.84
  344 343.5 32.6896 0.0141882 -1719.14 -1773.01 -1721.79
  345 344.5 32.6988 0.0141922 -1700.58 -1779.86 -1744.04
  346 345.5 32.7436 0.0142116 -1745.69 -1725.64 -1720.71
  347 346.5 32.7093 0.0141967 -1707.75 -1772.18 -1733.94
  348 347.5 32.679 0.0141836 -1689.79 -1785.2 -1723.28
  349 348.5 32.7191 0.014201 -1692.14 -1704.89 -1739.37
  350 349.5 32.7273 0.0142046 -1775.8 -1732.87 -1728.62
  351 350.5 32.7035 0.0141942 -1720.09 -1669.99 -1689.6
  352 351.5 32.7152 0.0141993 -1760.44 -1733.87 -1722.87
  353 352.5 32.7187 0.0142008 -1808.62 -1740.04 -1810.76
  354 353.5 32.7139 0.0141987 -1698.76 -1707.35 -1672.34
  355 354.5 32.7102 0.0141972 -1716.29 -1694.74 -1717.05
  356 355.5 32.7182 0.0142006 -1746.07 -1744.05 -1717.06
  357 356.5 32.7068 0.0141957 -1769.14 -1768.26 -1761.78
  358 357.5 32.7186 0.0142008 -1737.14 -1636.76 -1704.49
  359 358.5 32.7032 0.0141941 -1738.06 -1659.78 -1717.6
  360 359.5 32.6822 0.014185 -1763.26 -1699.69 -1754.3
  361 360.5 32.7261 0.014204 -1724.59 -1693.8 -1691.72
  362 361.5 32.7153 0.0141994 -1728.56 -1767.78 -1748.76
  363 362.5 32.6739 0.0141814 -1698.3 -1783.99 -1724.97
  364 363.5 32.6802 0.0141841 -1664.99 -1704.96 -1707.88
  365 364.5 32.7165 0.0141999 -1730.11 -1774.83 -1730.36
  366 365.5 32.7092 0.0141967 -1795.86 -1814.53 -1754.72
  367 366.5 32.6692 0.0141793 -1734.31 -1738.92 -1678.9
  368 367.5 32.6938 0.01419 -1786.53 -1755.88 -1738.08
  369 368.5 32.7115 0.0141977 -1756.82 -1759.97 -1746.06
  370 369.5 32.6904 0.0141885 -1797.73 -1750.02 -1747.89
  371 370.5 32.6822 0.014185 -1726.42 -1728.96 -1674.95
  372 371.5 32.7101 0.0141971 -1774.35 -1758.3 -1728.02
  373 372.5 32.6964 0.0141912 -1727.27 -1709.44 -1729.85
  374 373.5 32.678 0.0141832 -1643.42 -1681.18 -1692.65
  375 374.5 32.6843 0.0141859 -1667.19 -1694.94 -1760.15
  376 375.5 32.7136 0.0141986 -1730.43 -1738.48 -1682.26
  377 376.5 32.6702 0.0141798 -1736.33 -1811.61 -1758.38
  378 377.5 32.6848 0.0141861 -1682.09 -1703.85 -1720.98
  379 378.5 32.6972 0.0141915 -1674.34 -1714.29 -1691.41
  380 379.5 32.6881 0.0141875 -1743.19 -1715.88 -1719.88
  381 380.5 32.6659 0.0141779 -1738.12 -1708.97 -1785.9
  382 381.5 32.6885 0.0141877 -1746.87 -1718.15 -1716.48
  383 382.5 32.7065 0.0141955 -1734.05 -1654.16 -1685.49
  384 383.5 32.7053 0.014195 -1731.67 -1773.82 -1730.91
  385 384.5 32.6719 0.0141805 -1667.38 -1674.78 -1793.39
  386 385.5 32.6979 0.0141918 -1693.73 -1646.53 -1703.45
  387 386.5 32.7026 0.0141938 -1632.42 -1638.6 -1662.39
  388 387.5 32.6919 0.0141892 -1697 -1790.41 -1774.52
  389 388.5 32.6842 0.0141858 -1734.14 -1755.84 -1772.47
  390 389.5 32.6728 0.0141809 -1781.1 -1781.92 -1741.93
  391 390.5 32.6965 0.0141912 -1752.36 -1778.52 -1690.55
  392 391.5 32.6936 0.0141899 -1797.25 -1781.34 -1770.7
  393 392.5 32.6586 0.0141747 -1758.49 -1743.63 -1748.26
  394 393.5 32.668 0.0141788 -1687.88 -1627.82 -1697.01
  395 394.5 32.6799 0.014184 -1630.07 -1686.16 -1749.03
  396 395.5 32.6515 0.0141717 -1612.3 -1693.73 -1768.12
  397 396.5 32.663 0.0141767 -1693.5 -1667.89 -1730.71
  398 397.5 32.6727 0.0141809 -1654.44 -1720.02 -1725.52
  399 398.5 32.6624 0.0141764 -1683.84 -1710.99 -1773.26
  400 399.5 32.6378 0.0141657 -1645.75 -1602.56 -1789.32
  401 400.5 32.6524 0.014172 -1598.04 -1604.33 -1784.03
  402 401.5 32.6255 0.0141604 -1678.41 -1664.04 -1762.09
  403 402.5 32.6428 0.0141679 -1662.73 -1649.12 -1763.23
  404 403.5 32.6072 0.0141524 -1644.16 -1632 -1842.7
  405 404.5 32.6006 0.0141496 -1616.32 -1598.61 -1861.68
  406 405.5 32.5929 0.0141462 -1556.95 -1560.88 -1805.36
  407 406.5 32.5697 0.0141361 -1577.82 -1584.94 -1854.96
  408 407.5 32.5277 0.0141179 -1556.67 -1519.71 -1924.86
  409 408.5 32.5103 0.0141104 -1526.34 -1463.57 -1936.99
  410 409.5 32.4755 0.0140953 -1423.12 -1401.84 -1911.16
  411 410.5 32.445 0.014082 -1441.52 -1441.03 -1937.09
  412 411.5 32.3865 0.0140567 -1487.34 -1450.29 -2092.66
  413 412.5 32.3227 0.0140289 -1333.27 -1324.94 -2013.49
  414 413.5 32.2625 0.0140028 -1345.99 -1270.98 -2075.51
  415 414.5 32.1837 0.0139686 -1303.65 -1266.83 -2084.74
  416 415.5 32.0883 0.0139272 -1216.35 -1197.25 -2126.87
  417 416.5 31.95 0.0138672 -1156.78 -1127.32 -2146.01
  418 417.5 31.8479 0.0138229 -1028.67 -1045.4 -2150.45
  419 418.5 31.673 0.013747 -1111.57 -972.328 -2187.24
  420 419.5 31.5018 0.0136727 -984.657 -949.624 -2167.78
  421 420.5 31.3074 0.0135883 -941.934 -977.108 -2143.73
  422 421.5 31.0969 0.0134969 -979.333 -941.203 -2087.57
  423 422.5 30.8379 0.0133845 -937.17 -945.776 -2055.99
  424 423.5 30.58 0.0132726 -1014.89 -982.965 -2050.2
  425 424.5 30.304 0.0131528 -998.937 -927.095 -1894.11
  426 425.5 30.0011 0.0130213 -1105.89 -1042.5 -1809.47
  427 426.5 29.7085 0.0128943 -1202.82 -1165.12 -1814.79
  428 427.5 29.3678 0.0127464 -1304.27 -1321.21 -1750.87
  429 428.5 29.0618 0.0126136 -1419.43 -1458.07 -1666.17
  430 429.5 28.7545 0.0124803 -1573.37 -1580.5 -1615.86
  431 430.5 28.4431 0.0123451 -1653.19 -1717.03 -1569.45
  432 431.5 28.1724 0.0122276 -1789.1 -1831.71 -1583.96
  433 432.5 27.8893 0.0121047 -2002.53 -1967.88 -1659.3
  434 433.5 27.6651 0.0120074 -1997.1 -2072.83 -1561.7
  435 434.5 27.4323 0.0119064 -2099.2 -2097.72 -1647.46
  436 435.5 27.2298 0.0118185 -2149.06 -2119.66 -1691.35
  437 436.5 27.0417 0.0117368 -2179.22 -2151.1 -1744.23
  438 437.5 26.8754 0.0116647 -2128.58 -2117.14 -1785.94
  439 438.5 26.7431 0.0116073 -2260 -2223.36 -1893.55
  440 439.5 26.617 0.0115525 -2254.7 -2229.28 -1965.64
  441 440.5 26.4978 0.0115008 -2177.64 -2141.7 -1936.31
  442 441.5 26.3906 0.0114543 -2149.16 -2102.8 -2088.72
  443 442.5 26.2759 0.0114045 -2097.42 -2091.56 -2108.33
  444 443.5 26.1765 0.0113613 -2088.41 -2057.23 -2196.69
  445 444.5 26.0677 0.0113141 -2024.42 -2029.64 -2263.7
  446 445.5 25.9501 0.0112631 -1982.26 -1964.18 -2313.21
  447 446.5 25.8349 0.0112131 -1878.69 -1894.77 -2358.22
  448 447.5 25.6955 0.0111526 -1867.16 -1842.13 -2463.46
  449 448.5 25.5328 0.011082 -1786.68 -1777.48 -2508.68
  450 449.5 25.3579 0.0110061 -1738.58 -1736.84 -2540.52
  451 450.5 25.1608 0.0109205 -1726.5 -1713.52 -2637.63
  452 451.5 24.9033 0.0108087 -1611.39 -1606.66 -2691.87
  453 452.5 24.6404 0.0106946 -1519.26 -1512.28 -2730
  454 453.5 24.3303 0.01056 -1466.35 -1516.67 -2818.21
  455 454.5 23.9709 0.010404 -1452.85 -1428.93 -2837.81
  456 455.5 23.5572 0.0102245 -1354.72 -1346.33 -2890.59
  457 456.5 23.0502 0.0100044 -1265.73 -1262.88 -3015.99
  458 457.5 22.5706 0.00979626 -1255.45 -1258.79 -3008.38
  459 458.5 21.9989 0.00954813 -1193.14 -1229.82 -3038.51
  460 459.5 21.3241 0.00925525 -1239.04 -1216.4 -3064.37
  461 460.5 20.6059 0.00894353 -1211.23 -1261.81 -3086.29
  462 461.5 19.8358 0.00860928 -1287.28 -1337.57 -3131.09
  463 462.5 19.0004 0.0082467 -1288.78 -1322.59 -3098.23
  464 463.5 18.082 0.0078481 -1449.48 -1451.89 -3105.58
  465 464.5 17.1044 0.00742378 -1654.66 -1638.28 -3072.97
  466 465.5 16.1286 0.00700024 -1965.41 -1925.32 -3202.3
  467 466.5 15.1145 0.00656013 -2220.38 -2303.01 -3150.14
  468 467.5 14.065 0.0061046 -2671.79 -2645.58 -3210.86
  469 468.5 13.0091 0.00564629 -3199.92 -3238.88 -3425.54
  470 469.5 12.0044 0.00521024 -3808.12 -3757.17 -3560.01
  471 470.5 11.0266 0.00478583 -4332.59 -4304.28 -3777.58
  472 471.5 10.0828 0.00437621 -5008.49 -5135.82 -4105.47
  473 472.5 9.2043 0.00399492 -5799.86 -5845.75 -4612.48
  474 473.5 8.41847 0.00365385 -6587.76 -6611.03 -5093.03
  475 474.5 7.69119 0.00333819 -7484.47 -7476.03 -5692.87
  476 475.5 7.06597 0.00306683 -8315.42 -8371.21 -6309.16
  477 476.5 6.49779 0.00282022 -9190.64 -9114.27 -7048.57
  478 477.5 6.00157 0.00260485 -9909.43 -9976.53 -7935.69
  479 478.5 5.58979 0.00242612 -10763 -10665.6 -8688.59
  480 479.5 5.24869 0.00227808 -11382.1 -11455.9 -9499.23
  481 480.5 4.95627 0.00215116 -12108.9 -12061.3 -10285.6
  482 481.5 4.7211 0.00204909 -12673.9 -12600.9 -10993.7
  483 482.5 4.52902 0.00196572 -13160 -12968.5 -11662.1
  484 483.5 4.3768 0.00189965 -13411.2 -13362 -12195
  485 484.5 4.25421 0.00184644 -13809.4 -13758.1 -12654.7
  486 485.5 4.15469 0.00180325 -14009.5 -14074.4 -13119.6
  487 486.5 4.06547 0.00176453 -14248.4 -14192.5 -13485.3
  488 487.5 3.98507 0.00172963 -14537.4 -14475.7 -13925.3
  489 488.5 3.94361 0.00171164 -14716.2 -14631.1 -14095.8
  490 489.5 3.90286 0.00169395 -14810 -14759.1 -14297.5
  491 490.5 3.87129 0.00168025 -14860.1 -14918 -14451.3
  492 491.5 3.83579 0.00166484 -15010.4 -14923.9 -14658.5
  493 492.5 3.80255 0.00165041 -15030.3 -15089.6 -14849.8
  494 493.5 3.79408 0.00164674 -15033.8 -15100.4 -14830.2
  495 494.5 3.78579 0.00164314 -15198.5 -15067.9 -14854.2
  496 495.5 3.75538 0.00162994 -15277.4 -15194.7 -15063.9
  497 496.5 3.74626 0.00162598 -15322.4 -15296.5 -15167
  498 497.5 3.74654 0.0016261 -15210.9 -15241.2 -15107.6
  499 498.5 3.7352 0.00162118 -15293.2 -15243.4 -15179.7
  500 499.5 3.73008 0.00161896 -15251.5 -15111.5 -15126
  501 500.5 3.73072 0.00161923 -15320.3 -15174.4 -15187.3
  502 501.5 3.71868 0.00161401 -15337.3 -15309.7 -15307.4
  503 502.5 3.71386 0.00161192 -15321.2 -15282.5 -15295.7
  504 503.5 3.71737 0.00161344 -15344.6 -15268.6 -15219.9
  505 504.5 3.71611 0.00161289 -15418.6 -15292.5 -15265.7
  506 505.5 3.70894 0.00160978 -15357.7 -15282.8 -15345.1
  507 506.5 3.71363 0.00161182 -15247.7 -15331 -15254.7
  508 507.5 3.71783 0.00161364 -15191.6 -15315.6 -15253
  509 508.5 3.7154 0.00161259 -15276.1 -15274.7 -15337.5
  510 509.5 3.70821 0.00160946 -15289.3 -15220.2 -15291.1
  511 510.5 3.71274 0.00161143 -15331.7 -15320.4 -15259.9
  512 511.5 3.71677 0.00161318 -15267.4 -15365.1 -15279.4
  513 512.5 3.71828 0.00161384 -15301.3 -15342.7 -15276.2
  514 513.5 3.72144 0.00161521 -15310.1 -15271.2 -15290.5
  515 514.5 3.73066 0.00161921 -15268.2 -15361.1 -15243.4
  516 515.5 3.73395 0.00162064 -15226.1 -15282.9 -15155.1
  517 516.5 3.73921 0.00162292 -15155.1 -15261 -15182.2
  518 517.5 3.74411 0.00162505 -15182.6 -15255.6 -15251.2
  519 518.5 3.7458 0.00162578 -15141.8 -15114.3 -15131.3
  520 519.5 3.75299 0.0016289 -15110.4 -15100.5 -15150
  521 520.5 3.74728 0.00162642 -15262 -15151.1 -15174.1
  522 521.5 3.75148 0.00162825 -15181.7 -15152.1 -15147.7
  523 522.5 3.75129 0.00162816 -15217.1 -15162.9 -15180.9
  524 523.5 3.74593 0.00162584 -15156 -15205.6 -15156.1
  525 524.5 3.75388 0.00162929 -15246.4 -15153.4 -15122.1
  526 525.5 3.74923 0.00162727 -15215.5 -15287 -15172.9
  527 526.5 3.7525 0.00162869 -15241.3 -15219.1 -15142.3
  528 527.5 3.74821 0.00162683 -15165.5 -15112.5 -15141.8
  529 528.5 3.74212 0.00162418 -15180.1 -15148.6 -15223.8
  530 529.5 3.74175 0.00162402 -15156 -15192.8 -15199.5
  531 530.5 3.7473 0.00162643 -15142.2 -15154.2 -15132
  532 531.5 3.74305 0.00162459 -15175.8 -15227.7 -15130.4
  533 532.5 3.74208 0.00162417 -15168.2 -15226.5 -15214.7
  534 533.5 3.74335 0.00162472 -15186.9 -15151.1 -15171.6
  535 534.5 3.74518 0.00162551 -15285.8 -15214.4 -15187.1
  536 535.5 3.75354 0.00162914 -15180.6 -15182.2 -15141.8
  537 536.5 3.7486 0.001627 -15210.4 -15257.5 -15200.5
  538 537.5 3.74998 0.00162759 -15176.7 -15138.6 -15085.7
  539 538.5 3.74163 0.00162397 -15205.5 -15216.6 -15142.7
  540 539.5 3.73307 0.00162026 -15233.9 -15234.9 -15257.1
  541 540.5 3.72758 0.00161788 -15204.4 -15149.5 -15249
  542 541.5 3.73348 0.00162044 -15185.3 -15229 -15214.6
  543 542.5 3.73971 0.00162314 -15107.3 -15218.1 -15166.8
  544 543.5 3.74159 0.00162395 -15199.5 -15161.8 -15160.2
  545 544.5 3.74757 0.00162655 -15158.7 -15145.1 -15161.1
  546 545.5 3.73571 0.0016214 -15213.3 -15150.7 -15215.2
  547 546.5 3.73651 0.00162175 -15160.3 -15152.7 -15212.7
  548 547.5 3.74747 0.00162651 -15225.3 -15199.7 -15189.5
  549 548.5 3.74497 0.00162542 -15201.3 -15211 -15160.8
  550 549.5 3.74697 0.00162629 -15191.9 -15186.2 -15103.9
  551 550.5 3.75309 0.00162895 -15235.7 -15124 -15139
  552 551.5 3.75569 0.00163007 -15113.3 -15155.9 -15184.4
  553 552.5 3.75375 0.00162923 -15006.7 -15034 -15144.6
  554 553.5 3.74914 0.00162723 -15036.1 -15158.6 -15133
  555 554.5 3.76641 0.00163473 -15094 -15163.1 -15078.5
  556 555.5 3.75468 0.00162963 -15019.5 -15212.4 -15164.4
  557 556.5 3.75873 0.00163139 -15134.1 -15191.3 -15109.4
  558 557.5 3.75868 0.00163137 -15204.9 -15250.8 -15101.8
  559 558.5 3.7494 0.00162735 -15188.8 -15161.8 -15184
  560 559.5 3.74368 0.00162486 -15120.6 -15090.8 -15177.7
  561 560.5 3.73606 0.00162155 -15142.8 -15131.6 -15222.5
  562 561.5 3.74205 0.00162415 -15216.5 -15055.4 -15185.3
  563 562.5 3.73844 0.00162259 -15203 -15174.5 -15188.8
  564 563.5 3.72642 0.00161737 -15205.1 -15082.2 -15217.2
  565 564.5 3.73108 0.00161939 -15184.5 -15079.5 -15215.5
  566 565.5 3.73066 0.00161921 -15212.1 -15201.1 -15227.3
  567 566.5 3.71998 0.00161457 -15208.8 -15242 -15274.2
  568 567.5 3.71392 0.00161194 -15170.6 -15213.5 -15280.2
  569 568.5 3.71872 0.00161403 -15167.6 -15203.5 -15309.5
  570 569.5 3.71954 0.00161438 -15228.6 -15188.3 -15269
  571 570.5 3.7288 0.0016184 -15241.2 -15220.9 -15158.3
  572 571.5 3.73082 0.00161928 -15213.1 -15176.6 -15241.3
  573 572.5 3.72347 0.00161609 -15202.8 -15170.7 -15278.9
  574 573.5 3.73507 0.00162113 -15157.6 -15204 -15162.5
  575 574.5 3.72924 0.00161859 -15116.4 -15175.9 -15250.2
  576 575.5 3.73333 0.00162037 -15215.5 -15126.9 -15235
  577 576.5 3.73967 0.00162312 -15235.3 -15117.3 -15215.1
  578 577.5 3.74696 0.00162628 -15270.1 -15089.2 -15179.6
  579 578.5 3.73617 0.0016216 -15196 -15150.9 -15211.3
  580 579.5 3.74265 0.00162442 -15249.9 -15122.1 -15143.2
  581 580.5 3.74441 0.00162518 -15192.5 -15236.1 -15173.3
  582 581.5 3.74909 0.00162721 -15207.8 -15201.3 -15181.7
  583 582.5 3.73213 0.00161985 -15208.7 -15202.8 -15192.6
  584 583.5 3.73251 0.00162001 -15305 -15242.1 -15234
  585 584.5 3.74013 0.00162332 -15205.3 -15218.4 -15175.5
  586 585.5 3.73497 0.00162108 -15131.3 -15209.9 -15202
  587 586.5 3.73257 0.00162004 -15136.1 -15237.3 -15249.4
  588 587.5 3.73198 0.00161978 -15112.7 -15086.4 -15236.2
  589 588.5 3.74185 0.00162407 -15082.6 -15134.4 -15151.5
  590 589.5 3.74157 0.00162394 -15118.2 -15200.4 -15188.4
  591 590.5 3.74914 0.00162723 -15113.1 -15091.4 -15145.1
  592 591.5 3.74171 0.00162401 -15144.2 -15178.7 -15229.6
  593 592.5 3.75328 0.00162903 -15074.4 -15278 -15117.3
  594 593.5 3.75122 0.00162813 -15114.8 -15197.4 -15143.3
  595 594.5 3.75404 0.00162936 -15216.2 -15246.3 -15152.8
  596 595.5 3.75608 0.00163024 -15102.6 -15143.7 -15130.8
  597 596.5 3.74545 0.00162563 -15086.5 -15161.9 -15160.1
  598 597.5 3.73895 0.00162281 -15062.7 -15168.1 -15173.6
  599 598.5 3.73655 0.00162177 -15126.2 -15176.5 -15201.3
  600 599.5 3.74163 0.00162397 -15200.4 -15192.2 -15224.1
  601 600.5 3.74498 0.00162542 -15137.1 -15173.4 -15158
  602 601.5 3.73835 0.00162255 -15169.6 -15139.9 -15154.4
  603 602.5 3.74038 0.00162343 -15200.1 -15170.9 -15200.7
  604 603.5 3.74084 0.00162363 -15306.7 -15211.2 -15235
  605 604.5 3.7456 0.00162569 -15347.6 -15270.9 -15144.1
  606 605.5 3.73436 0.00162082 -15347.9 -15230.1 -15173.7
  607 606.5 3.74036 0.00162342 -15278.9 -15249.8 -15244.6
  608 607.5 3.73995 0.00162324 -15270 -15262.1 -15204.5
  609 608.5 3.74224 0.00162423 -15303.3 -15265.4 -15150.1
  610 609.5 3.73713 0.00162202 -15257.1 -15217.2 -15176.4
  611 610.5 3.72824 0.00161816 -15315.8 -15220.3 -15236.1
  612 611.5 3.72934 0.00161864 -15260.1 -15245 -15279.2
  613 612.5 3.74028 0.00162339 -15156.9 -15184.6 -15183
  614 613.5 3.74196 0.00162411 -15284 -15360.7 -15160.3
  615 614.5 3.7358 0.00162144 -15258 -15276.1 -15203.1
  616 615.5 3.73129 0.00161949 -15215.1 -15248.1 -15252.6
  617 616.5 3.72637 0.00161735 -15243 -15254.5 -15273.5
  618 617.5 3.72865 0.00161834 -15328.2 -15258.7 -15222.8
  619 618.5 3.72429 0.00161644 -15324 -15219.5 -15220.6
  620 619.5 3.71823 0.00161381 -15265.7 -15253.7 -15276.3
  621 620.5 3.7118 0.00161102 -15277.2 -15182.2 -15308.7
  622 621.5 3.71731 0.00161342 -15330.3 -15316.9 -15272.2
  623 622.5 3.71173 0.001611 -15307.3 -15269.7 -15266.8
  624 623.5 3.70431 0.00160777 -15370.4 -15275.7 -15329.2
60000000 624 13278.000000000004
  1 0.5 3.75749 0.00163086 -15192.5 -15177.9 -15208.5
  2 1.5 3.764 0.00163368 -15126.8 -15245 -15118.5
  3 2.5 3.76367 0.00163354 -15131.3 -15150 -15148.3
  4 3.5 3.7616 0.00163264 -15107.8 -15203.9 -15116.7
  5 4.5 3.7687 0.00163572 -15170.8 -15277.7 -15131.8
  6 5.5 3.76391 0.00163364 -15138.2 -15228.4 -15139.4
  7 6.5 3.77131 0.00163686 -15236.3 -15207.3 -15055.7
  8 7.5 3.77263 0.00163743 -15179.4 -15202.9 -15083.5
  9 8.5 3.76088 0.00163232 -15246.5 -15229.7 -15127.7
  10 9.5 3.76852 0.00163564 -15182.2 -15278 -15067.6
  11 10.5 3.78344 0.00164212 -15136.2 -15204 -14972.1
  12 11.5 3.78596 0.00164321 -15153.8 -15125.4 -14976.2
  13 12.5 3.79294 0.00164624 -15220.3 -15090.9 -14894
  14 13.5 3.80469 0.00165134 -15152.6 -15079.1 -14852.8
  15 14.5 3.83438 0.00166423 -15057.5 -15057.6 -14618.6
  16 15.5 3.8632 0.00167673 -14948 -14976.7 -14530
  17 16.5 3.89649 0.00169119 -14961.7 -14847 -14344.4
  18 17.5 3.94555 0.00171248 -14740.1 -14665.8 -14104
  19 18.5 4.00104 0.00173656 -14585.8 -14552.3 -13789.4
  20 19.5 4.06705 0.00176521 -14331.4 -14273.3 -13526.3
  21 20.5 4.15819 0.00180477 -14068.8 -14013.3 -13155.4
  22 21.5 4.28055 0.00185788 -13667.5 -13705.9 -12598.3
  23 22.5 4.41267 0.00191522 -13216 -13319.6 -12173.6
  24 23.5 4.5683 0.00198277 -12778.4 -12809.1 -11590
  25 24.5 4.78502 0.00207683 -12246 -12208.5 -10932.6
  26 25.5 5.02266 0.00217998 -11675.3 -11740.4 -10217.3
  27 26.5 5.29934 0.00230006 -11073.8 -11081.8 -9548.97
  28 27.5 5.62791 0.00244267 -10313.7 -10340.4 -8886.89
  29 28.5 6.01797 0.00261197 -9630.25 -9732.05 -8145.5
  30 29.5 6.43527 0.00279309 -8877.24 -8913.18 -7487.93
  31 30.5 6.92572 0.00300596 -8170.34 -8116.46 -6885.57
  32 31.5 7.45657 0.00323636 -7340.92 -7319.67 -6313.01
  33 32.5 8.03631 0.00348798 -6645.01 -6574.57 -5859.53
  34 33.5 8.6693 0.00376272 -5963.37 -5868.44 -5408.97
  35 34.5 9.34384 0.00405549 -5297.9 -5331.53 -4976.03
  36 35.5 10.0398 0.00435754 -4755.31 -4830.33 -4775.13
  37 36.5 10.7835 0.00468033 -4261.5 -4301.03 -4493.32
  38 37.5 11.537 0.00500738 -3861.25 -3784.79 -4233.23
  39 38.5 12.3098 0.00534278 -3452.02 -3452.46 -4068.42
  40 39.5 13.0895 0.0056812 -3083.55 -3146.87 -3983.14
  41 40.5 13.8778 0.00602334 -2835.05 -2840.3 -3754.76
  42 41.5 14.6371 0.00635289 -2620.77 -2658.46 -3686.34
  43 42.5 15.4225 0.00669379 -2442.7 -2427.39 -3519.03
  44 43.5 16.1968 0.00702984 -2208.09 -2269.61 -3474.54
  45 44.5 16.972 0.00736632 -2185.73 -2135.56 -3305.93
  46 45.5 17.6988 0.00768175 -2041.49 -2057.93 -3220.24
  47 46.5 18.4306 0.00799939 -1953.02 -1966.22 -3162.89
  48 47.5 19.1578 0.00831503 -1886.01 -1848.39 -3100.84
  49 48.5 19.8778 0.00862752 -1693.41 -1781.49 -2935.63
  50 49.5 20.511 0.00890234 -1658.1 -1699.49 -2940.72
  51 50.5 21.1578 0.00918307 -1692.46 -1706.75 -2888.35
  52 51.5 21.7673 0.00944759 -1648.26 -1625.99 -2856.9
  53 52.5 22.3217 0.00968825 -1567.45 -1531.45 -2783.39
  54 53.5 22.8294 0.00990858 -1588.61 -1570.55 -2819.02
  55 54.5 23.3191 0.0101212 -1452.69 -1517.66 -2766.88
  56 55.5 23.7394 0.0103036 -1531.77 -1499.18 -2645.68
  57 56.5 24.1193 0.0104684 -1552.26 -1536.78 -2709.4
  58 57.5 24.427 0.010602 -1512.91 -1643.64 -2773.12
  59 58.5 24.7709 0.0107513 -1566.27 -1594.14 -2618.95
  60 59.5 24.9924 0.0108474 -1668.66 -1673.21 -2626.67
  61 60.5 25.2145 0.0109438 -1744.85 -1725.06 -2575.34
  62 61.5 25.4001 0.0110243 -1813.99 -1806.11 -2583.36
  63 62.5 25.5549 0.0110915 -1788.87 -1786.97 -2518.77
  64 63.5 25.6706 0.0111417 -1824.9 -1814.73 -2471.21
  65 64.5 25.7845 0.0111912 -1850.13 -1873.9 -2497.72
  66 65.5 25.8766 0.0112312 -1877.71 -1915.02 -2392.71
  67 66.5 25.9529 0.0112643 -1945.92 -1993.53 -2442.4
  68 67.5 26.0443 0.0113039 -1931.05 -1997.33 -2352.74
  69 68.5 26.0855 0.0113218 -1990.17 -2006.04 -2322
  70 69.5 26.1119 0.0113333 -1969.59 -1987.11 -2317.39
  71 70.5 26.166 0.0113568 -2057.52 -2097.03 -2272.12
  72 71.5 26.2126 0.011377 -2074.98 -2095.57 -2276.29
  73 72.5 26.2197 0.0113801 -2119.31 -2131.91 -2235.77
  74 73.5 26.2312 0.0113851 -2130.91 -2166.01 -2279.69
  75 74.5 26.2714 0.0114025 -2175.93 -2153.42 -2239.29
  76 75.5 26.2686 0.0114013 -2085.89 -2147.93 -2196.9
  77 76.5 26.2695 0.0114017 -2101.06 -2205.1 -2196.82
  78 77.5 26.2913 0.0114111 -2148.03 -2202.3 -2254.9
  79 78.5 26.303 0.0114162 -2055.6 -2156.38 -2129.93
  80 79.5 26.2956 0.011413 -2095.54 -2177.52 -2192.16
  81 80.5 26.2964 0.0114134 -2135.02 -2160.28 -2209.86
  82 81.5 26.307 0.011418 -2139.54 -2064.15 -2172.24
  83 82.5 26.3126 0.0114204 -2118.69 -2178.51 -2141.11
  84 83.5 26.3012 0.0114155 -2146.07 -2201.2 -2218.67
  85 84.5 26.3126 0.0114204 -2163.8 -2171.07 -2141.27
  86 85.5 26.338 0.0114314 -2173.75 -2158.91 -2125.13
  87 86.5 26.3184 0.0114229 -2186.01 -2213.51 -2195.71
  88 87.5 26.2992 0.0114146 -2163.26 -2190.97 -2198.88
  89 88.5 26.3056 0.0114174 -2099.88 -2116.23 -2173.4
  90 89.5 26.3157 0.0114217 -2140.73 -2158.72 -2139.34
  91 90.5 26.3133 0.0114207 -2142.14 -2080.74 -2124.14
  92 91.5 26.3134 0.0114208 -2143.07 -2177.45 -2172.27
  93 92.5 26.323 0.0114249 -2172.86 -2109.66 -2174
  94 93.5 26.3029 0.0114162 -2166.88 -2192.95 -2187.39
  95 94.5 26.2963 0.0114133 -2174.15 -2142.12 -2122.84
  96 95.5 26.3279 0.011427 -2166.27 -2205.19 -2152.29
  97 96.5 26.3209 0.011424 -2178.71 -2212.12 -2180.5
  98 97.5 26.3122 0.0114202 -2189.62 -2226.89 -2106.23
  99 98.5 26.2962 0.0114133 -2196.42 -2194.79 -2173.08
  100 99.5 26.2929 0.0114119 -2169.34 -2186.43 -2197.59
  101 100.5 26.3208 0.011424 -2163.08 -2144.52 -2160.45
  102 101.5 26.309 0.0114188 -2209.7 -2185.09 -2161.21
  103 102.5 26.2994 0.0114147 -2136.03 -2113.48 -2165.56
  104 103.5 26.3066 0.0114178 -2127 -2173.28 -2160.37
  105 104.5 26.3289 0.0114275 -2129.15 -2125.25 -2136.05
  106 105.5 26.304 0.0114167 -2207.89 -2195.15 -2176.34
  107 106.5 26.3149 0.0114214 -2176.8 -2144.14 -2136
  108 107.5 26.2971 0.0114137 -2151.85 -2138.77 -2171.84
  109 108.5 26.3134 0.0114207 -2161.75 -2148.07 -2178.03
  110 109.5 26.3123 0.0114203 -2193.14 -2110.1 -2150.55
  111 110.5 26.296 0.0114132 -2192.19 -2188.07 -2160.31
  112 111.5 26.2846 0.0114083 -2151.47 -2217.21 -2172.01
  113 112.5 26.3204 0.0114238 -2182.85 -2211.13 -2160.94
  114 113.5 26.3175 0.0114225 -2195.83 -2216.73 -2138.2
  115 114.5 26.3008 0.0114153 -2188.92 -2190.35 -2146.35
  116 115.5 26.3071 0.011418 -2176.03 -2148.21 -2150.47
  117 116.5 26.3082 0.0114185 -2169.48 -2165.33 -2212.92
  118 117.5 26.3009 0.0114153 -2156.01 -2152.32 -2155.42
  119 118.5 26.2942 0.0114124 -2146.32 -2200.03 -2129.98
  120 119.5 26.3144 0.0114212 -2129.15 -2164.74 -2135.93
  121 120.5 26.3079 0.0114184 -2148.73 -2128.68 -2144
  122 121.5 26.2582 0.0113968 -2148.44 -2198.78 -2242.16
  123 122.5 26.2923 0.0114116 -2102.09 -2181.5 -2153.99
  124 123.5 26.317 0.0114223 -2129.9 -2162.9 -2115.74
  125 124.5 26.2886 0.01141 -2124.62 -2168.79 -2136.48
  126 125.5 26.284 0.011408 -2117.27 -2171.24 -2192.53
  127 126.5 26.2886 0.01141 -2174.24 -2141.13 -2135.97
  128 127.5 26.2892 0.0114102 -2137.71 -2169.9 -2181.84
  129 128.5 26.3171 0.0114224 -2132.96 -2125.46 -2164.03
  130 129.5 26.2979 0.011414 -2091.16 -2146.76 -2146.7
  131 130.5 26.306 0.0114175 -2172.33 -2131.31 -2158.47
  132 131.5 26.3247 0.0114257 -2159.1 -2156.54 -2148.98
  133 132.5 26.3273 0.0114268 -2184.43 -2120.73 -2153.41
  134 133.5 26.3132 0.0114207 -2206.28 -2144.88 -2178.58
  135 134.5 26.3222 0.0114246 -2173.12 -2165.15 -2156.54
  136 135.5 26.3146 0.0114213 -2133.39 -2124.47 -2161.28
  137 136.5 26.3246 0.0114256 -2139.15 -2099.71 -2185.09
  138 137.5 26.3346 0.0114299 -2088.52 -2120.12 -2145.94
  139 138.5 26.3227 0.0114248 -2104.65 -2105.67 -2171.35
  140 139.5 26.3237 0.0114252 -2117.44 -2097.5 -2134.28
  141 140.5 26.3092 0.0114189 -2148.38 -2175.4 -2221.49
  142 141.5 26.3263 0.0114264 -2147.8 -2154.05 -2161.98
  143 142.5 26.329 0.0114275 -2124.11 -2103.32 -2119.1
  144 143.5 26.3252 0.0114259 -2192.81 -2172.77 -2164.32
  145 144.5 26.3161 0.0114219 -2166.84 -2131.86 -2137.11
  146 145.5 26.314 0.011421 -2134.13 -2106.6 -2176.29
  147 146.5 26.3064 0.0114177 -2122.08 -2132.04 -2170.42
  148 147.5 26.3195 0.0114234 -2192.06 -2184.37 -2156.93
  149 148.5 26.2952 0.0114128 -2197.96 -2227.07 -2171.42
  150 149.5 26.3044 0.0114169 -2161.7 -2149.8 -2158.38
  151 150.5 26.308 0.0114184 -2173.8 -2155.99 -2130.37
  152 151.5 26.3105 0.0114195 -2174.64 -2123.28 -2180.08
  153 152.5 26.2926 0.0114117 -2120.26 -2141.91 -2112.94
  154 153.5 26.2986 0.0114143 -2180.34 -2198.59 -2195.57
  155 154.5 26.2813 0.0114068 -2173.74 -2180.93 -2169.35
  156 155.5 26.3045 0.0114169 -2184.93 -2158.55 -2148.61
  157 156.5 26.2833 0.0114077 -2166.58 -2166.23 -2130.35
  158 157.5 26.2872 0.0114094 -2205.85 -2224.37 -2196.68
  159 158.5 26.2931 0.0114119 -2187.33 -2141.17 -2202.91
  160 159.5 26.2982 0.0114141 -2114.46 -2087.85 -2083.95
  161 160.5 26.288 0.0114097 -2138.73 -2189.76 -2171.51
  162 161.5 26.2921 0.0114115 -2159.27 -2130.51 -2199.68
  163 162.5 26.2909 0.011411 -2168.15 -2145.37 -2149.12
  164 163.5 26.294 0.0114123 -2161.83 -2157.04 -2150.08
  165 164.5 26.3086 0.0114187 -2190.32 -2125.37 -2148.57
  166 165.5 26.3086 0.0114186 -2189.69 -2202.03 -2157.1
  167 166.5 26.2854 0.0114086 -2189.03 -2159.86 -2172.27
  168 167.5 26.2793 0.011406 -2225.86 -2222.42 -2200.92
  169 168.5 26.2863 0.011409 -2169.41 -2140.05 -2125.34
  170 169.5 26.2966 0.0114134 -2234.51 -2191.65 -2168.34
  171 170.5 26.2818 0.011407 -2192.65 -2149.41 -2146.54
  172 171.5 26.2848 0.0114083 -2133.26 -2141.43 -2189.88
  173 172.5 26.2877 0.0114096 -2141.58 -2055.46 -2152.2
  174 173.5 26.2837 0.0114078 -2114.65 -2188.74 -2167.53
  175 174.5 26.3042 0.0114168 -2096.3 -2151.83 -2095.75
  176 175.5 26.2916 0.0114113 -2203.54 -2229.88 -2229.03
  177 176.5 26.2889 0.0114101 -2149.04 -2160.53 -2139.25
  178 177.5 26.2869 0.0114093 -2201.94 -2183.83 -2145.18
  179 178.5 26.2875 0.0114095 -2135.98 -2152.98 -2175.72
  180 179.5 26.3034 0.0114164 -2132.91 -2110.45 -2153.17
  181 180.5 26.2885 0.0114099 -2105.2 -2130.82 -2159.39
  182 181.5 26.2965 0.0114134 -2091.24 -2121.14 -2164.09
  183 182.5 26.2991 0.0114145 -2124.49 -2105.56 -2137.92
  184 183.5 26.308 0.0114184 -2151.29 -2171.57 -2170.51
  185 184.5 26.3247 0.0114256 -2126.45 -2166.93 -2106.12
  186 185.5 26.2979 0.011414 -2145.71 -2133.53 -2164.42
  187 186.5 26.2981 0.0114141 -2122.72 -2163.11 -2227.7
  188 187.5 26.3142 0.0114211 -2085.15 -2121.6 -2167.1
  189 188.5 26.3154 0.0114216 -2094.48 -2122.91 -2118.89
  190 189.5 26.329 0.0114275 -2124.26 -2155.63 -2124.43
  191 190.5 26.3126 0.0114204 -2148.06 -2127.01 -2171.75
  192 191.5 26.3054 0.0114173 -2125.35 -2111.84 -2196.46
  193 192.5 26.3415 0.011433 -2143.31 -2138.11 -2126.04
  194 193.5 26.3176 0.0114226 -2152.95 -2125.19 -2126.83
  195 194.5 26.3144 0.0114212 -2136.1 -2110.62 -2145.77
  196 195.5 26.3238 0.0114252 -2183.93 -2143.19 -2178.62
  197 196.5 26.3235 0.0114251 -2204.96 -2157.1 -2127.77
  198 197.5 26.3216 0.0114243 -2195.81 -2160.53 -2085.19
  199 198.5 26.3125 0.0114203 -2180.45 -2212.23 -2182.35
  200 199.5 26.3527 0.0114378 -2207.75 -2247.72 -2114.96
  201 200.5 26.363 0.0114423 -2125.5 -2169.13 -2040.02
  202 201.5 26.3483 0.0114359 -2273.38 -2252.42 -2149.21
  203 202.5 26.3663 0.0114437 -2221.36 -2217.71 -2070.82
  204 203.5 26.4005 0.0114585 -2272.18 -2261.81 -2098.06
  205 204.5 26.4077 0.0114617 -2207.46 -2252.2 -2008.56
  206 205.5 26.4341 0.0114731 -2237.11 -2215.87 -2023.81
  207 206.5 26.4919 0.0114982 -2224.05 -2219.53 -1958.73
  208 207.5 26.4944 0.0114993 -2230.9 -2245.04 -2005.24
  209 208.5 26.5608 0.0115281 -2266.96 -2233.87 -1936.77
  210 209.5 26.6216 0.0115545 -2307.69 -2285 -1894.72
  211 210.5 26.6923 0.0115852 -2305.98 -2289.25 -1854.53
  212 211.5 26.8028 0.0116332 -2306.85 -2310.57 -1779.94
  213 212.5 26.9051 0.0116776 -2323.84 -2272.96 -1818.84
  214 213.5 27.0197 0.0117273 -2245.23 -2248.84 -1726.04
  215 214.5 27.1794 0.0117966 -2139.67 -2140.7 -1721.26
  216 215.5 27.3481 0.0118698 -2165.2 -2143.4 -1697.3
  217 216.5 27.5201 0.0119445 -2055.76 -2040.24 -1644.13
  218 217.5 27.722 0.0120321 -1998.55 -1999.09 -1627.47
  219 218.5 27.9509 0.0121314 -1898.58 -1916.38 -1707.01
  220 219.5 28.208 0.0122431 -1791.58 -1798.59 -1648.56
  221 220.5 28.4437 0.0123453 -1667.4 -1654.01 -1654.39
  222 221.5 28.7145 0.0124629 -1586.33 -1654.41 -1731.15
  223 222.5 28.9927 0.0125837 -1514.2 -1471.55 -1732.73
  224 223.5 29.2789 0.0127079 -1404.43 -1388.93 -1755.21
  225 224.5 29.5477 0.0128245 -1301.76 -1312.79 -1877.74
  226 225.5 29.83 0.012947 -1266.56 -1275.21 -1841.12
  227 226.5 30.0999 0.0130642 -1189.2 -1134.48 -1877.59
  228 227.5 30.3545 0.0131747 -1204.28 -1140.82 -2007.86
  229 228.5 30.5844 0.0132745 -1098.27 -1050.97 -2026.34
  230 229.5 30.8146 0.0133744 -1053.36 -1065.93 -2003.33
  231 230.5 31.0588 0.0134804 -1039.96 -1053.67 -2084.64
  232 231.5 31.2299 0.0135547 -1088.93 -1068.83 -2087.59
  233 232.5 31.3893 0.0136238 -1128.26 -1111.5 -2156.42
  234 233.5 31.6062 0.013718 -1212.71 -1109.62 -2036.08
  235 234.5 31.7221 0.0137683 -1161.42 -1184.58 -2094.1
  236 235.5 31.8197 0.0138106 -1228.49 -1227.12 -2128.47
  237 236.5 31.9744 0.0138778 -1282.16 -1296.47 -2074.05
  238 237.5 32.0813 0.0139242 -1236.91 -1320.73 -2042.19
  239 238.5 32.114 0.0139384 -1349.11 -1357.33 -2025.47
  240 239.5 32.1842 0.0139688 -1404.79 -1424.84 -2064.72
  241 240.5 32.2805 0.0140106 -1401.53 -1412.32 -1975.36
  242 241.5 32.3173 0.0140266 -1422.83 -1399.99 -1907.56
  243 242.5 32.3421 0.0140374 -1535.9 -1452.57 -2005.04
  244 243.5 32.3769 0.0140525 -1557.99 -1537.21 -1958.11
  245 244.5 32.4187 0.0140706 -1526.55 -1520.74 -1842.24
  246 245.5 32.4704 0.014093 -1588.83 -1602.06 -1853.95
  247 246.5 32.4446 0.0140819 -1589.7 -1594.65 -1859.09
  248 247.5 32.4664 0.0140913 -1612.48 -1660.22 -1840.89
  249 248.5 32.5084 0.0141095 -1611.8 -1651.75 -1825.23
  250 249.5 32.5113 0.0141108 -1597.2 -1673.61 -1793.15
  251 250.5 32.494 0.0141033 -1614.24 -1592.89 -1797.79
  252 251.5 32.5211 0.0141151 -1663.89 -1714.89 -1842.16
  253 252.5 32.5627 0.0141331 -1689.67 -1741.66 -1694.62
  254 253.5 32.549 0.0141272 -1790.53 -1774.03 -1767.22
  255 254.5 32.5544 0.0141295 -1794.43 -1721.64 -1807.53
  256 255.5 32.5435 0.0141248 -1674.33 -1718.26 -1780.37
  257 256.5 32.5728 0.0141375 -1728.67 -1663.61 -1725.87
  258 257.5 32.5679 0.0141354 -1736.44 -1730.13 -1779.54
  259 258.5 32.5605 0.0141322 -1761.01 -1758.24 -1721.96
  260 259.5 32.5891 0.0141446 -1775.36 -1772.71 -1737.69
  261 260.5 32.5736 0.0141378 -1774.8 -1764.68 -1749.97
  262 261.5 32.5874 0.0141438 -1695.44 -1761.11 -1739.52
  263 262.5 32.5855 0.014143 -1667.19 -1730.35 -1738.37
  264 263.5 32.5872 0.0141437 -1729.39 -1690.17 -1737.98
  265 264.5 32.5923 0.0141459 -1835.6 -1777.94 -1741.97
  266 265.5 32.6129 0.0141549 -1725.12 -1720.89 -1729.5
  267 266.5 32.6211 0.0141585 -1768.61 -1719.22 -1750.59
  268 267.5 32.5923 0.014146 -1718.89 -1724.03 -1712.13
  269 268.5 32.6069 0.0141523 -1739.62 -1728.86 -1754.96
  270 269.5 32.6434 0.0141681 -1762.09 -1742.12 -1735.14
  271 270.5 32.621 0.0141584 -1746.99 -1709.81 -1743.31
  272 271.5 32.6185 0.0141573 -1734.33 -1730.59 -1695.59
  273 272.5 32.6293 0.014162 -1706.19 -1748.91 -1778.59
  274 273.5 32.655 0.0141732 -1715.88 -1767.84 -1708.36
  275 274.5 32.6284 0.0141616 -1755.34 -1765.75 -1727.25
  276 275.5 32.6549 0.0141731 -1697.64 -1698.24 -1714.61
  277 276.5 32.6566 0.0141739 -1777.01 -1753.52 -1796.66
  278 277.5 32.658 0.0141745 -1671.34 -1680.79 -1721.2
  279 278.5 32.6536 0.0141726 -1606.6 -1682.87 -1683
  280 279.5 32.6585 0.0141747 -1739.17 -1657.58 -1812.09
  281 280.5 32.6732 0.0141811 -1644.05 -1681.27 -1716.52
  282 281.5 32.6794 0.0141838 -1709.19 -1741.22 -1704.36
  283 282.5 32.682 0.0141849 -1742.46 -1755.43 -1756
  284 283.5 32.6802 0.0141841 -1736.33 -1690.28 -1743.36
  285 284.5 32.6866 0.0141869 -1720.73 -1744.42 -1748.2
  286 285.5 32.6859 0.0141866 -1741.29 -1699.91 -1759.67
  287 286.5 32.6716 0.0141804 -1686.78 -1700.03 -1752.3
  288 287.5 32.6884 0.0141877 -1656.75 -1635.11 -1718.97
  289 288.5 32.6917 0.0141891 -1628.03 -1684.37 -1731.48
  290 289.5 32.6882 0.0141876 -1691.2 -1765.32 -1754.77
  291 290.5 32.6763 0.0141824 -1685.41 -1746.31 -1746.53
  292 291.5 32.712 0.0141979 -1715.13 -1772.63 -1729.93
  293 292.5 32.6732 0.0141811 -1684.63 -1722.14 -1724.69
  294 293.5 32.6727 0.0141808 -1761.39 -1745.82 -1723.71
  295 294.5 32.6836 0.0141856 -1706.33 -1668.16 -1786.38
  296 295.5 32.6894 0.0141881 -1761.78 -1697.99 -1732.95
  297 296.5 32.6733 0.0141811 -1742.55 -1700.6 -1713.32
  298 297.5 32.6662 0.014178 -1695.41 -1702.42 -1769.1
  299 298.5 32.6873 0.0141872 -1751.59 -1742.61 -1751.06
  300 299.5 32.6691 0.0141793 -1744.31 -1679.2 -1738.56
  301 300.5 32.6785 0.0141834 -1674.47 -1690.55 -1712.05
  302 301.5 32.6468 0.0141696 -1713.19 -1666.26 -1714.22
  303 302.5 32.6769 0.0141827 -1664.03 -1722.03 -1761.74
  304 303.5 32.6655 0.0141777 -1772.11 -1699.26 -1779.64
  305 304.5 32.654 0.0141728 -1719.92 -1751.71 -1743.14
  306 305.5 32.6603 0.0141755 -1851.43 -1836.96 -1716.64
  307 306.5 32.6664 0.0141781 -1757.24 -1752.32 -1684.58
  308 307.5 32.6378 0.0141657 -1714.36 -1743.89 -1777.61
  309 308.5 32.6256 0.0141604 -1755.47 -1708.64 -1779
  310 309.5 32.6317 0.0141631 -1715.74 -1675.63 -1653.74
  311 310.5 32.6367 0.0141652 -1843.78 -1783.74 -1737.48
  312 311.5 32.6147 0.0141557 -1793.02 -1786.44 -1729.44
  313 312.5 32.6209 0.0141584 -1821.25 -1793.16 -1766.71
  314 313.5 32.6225 0.0141591 -1742.89 -1752.97 -1668.79
  315 314.5 32.5951 0.0141472 -1696.44 -1789.98 -1741.64
  316 315.5 32.6108 0.014154 -1819.06 -1810.99 -1724.93
  317 316.5 32.6079 0.0141527 -1924.86 -1808.79 -1739.75
  318 317.5 32.6007 0.0141496 -1832.16 -1805.74 -1709.58
  319 318.5 32.6081 0.0141528 -1862.94 -1713.46 -1747.07
  320 319.5 32.5734 0.0141377 -1794.32 -1732.03 -1767.76
  321 320.5 32.6056 0.0141517 -1781.65 -1722.66 -1650.78
  322 321.5 32.621 0.0141584 -1761.89 -1716.42 -1755.72
  323 322.5 32.6031 0.0141506 -1786.07 -1733.65 -1745.72
  324 323.5 32.5641 0.0141337 -1789.69 -1785.22 -1734.99
  325 324.5 32.6071 0.0141524 -1727.46 -1722.6 -1751.65
  326 325.5 32.6212 0.0141585 -1752.5 -1675.82 -1703.56
  327 326.5 32.5892 0.0141446 -1770.02 -1750.06 -1748.18
  328 327.5 32.5989 0.0141488 -1758.92 -1702.99 -1700.21
  329 328.5 32.6163 0.0141564 -1667.6 -1753.28 -1761.82
  330 329.5 32.5896 0.0141448 -1653.78 -1741.01 -1703.8
  331 330.5 32.6024 0.0141503 -1744.27 -1708.61 -1723.99
  332 331.5 32.608 0.0141528 -1784.08 -1744.16 -1770.56
  333 332.5 32.5976 0.0141483 -1764.46 -1756.94 -1717.19
  334 333.5 32.5837 0.0141422 -1764.06 -1796.67 -1746.05
  335 334.5 32.6242 0.0141598 -1804 -1834.35 -1759.05
  336 335.5 32.6148 0.0141557 -1714.44 -1776.07 -1700.68
  337 336.5 32.5965 0.0141478 -1748.5 -1760.65 -1705.83
  338 337.5 32.5863 0.0141434 -1790.87 -1789.68 -1760.95
  339 338.5 32.6198 0.0141579 -1817.19 -1747.95 -1754.52
  340 339.5 32.6136 0.0141552 -1769.97 -1705.01 -1684.21
  341 340.5 32.5957 0.0141474 -1770.48 -1708.55 -1753.45
  342 341.5 32.6143 0.0141555 -1784.23 -1718.05 -1781.2
  343 342.5 32.6445 0.0141686 -1761.26 -1730.43 -1703.92
  344 343.5 32.605 0.0141515 -1704.22 -1720.88 -1715.93
  345 344.5 32.6271 0.0141611 -1720.17 -1690.88 -1755.61
  346 345.5 32.6248 0.0141601 -1636.55 -1661.74 -1722.5
  347 346.5 32.627 0.014161 -1679.47 -1683.4 -1707.25
  348 347.5 32.6504 0.0141712 -1729.21 -1718.73 -1743.99
  349 348.5 32.6058 0.0141518 -1735.75 -1741.67 -1778.28
  350 349.5 32.6342 0.0141642 -1749.96 -1762.92 -1738.3
  351 350.5 32.6457 0.0141691 -1747.72 -1731.89 -1723.55
  352 351.5 32.6257 0.0141605 -1773.98 -1780.56 -1763.57
  353 352.5 32.6431 0.014168 -1740.77 -1711.83 -1697.08
  354 353.5 32.6427 0.0141678 -1701.66 -1690.4 -1728.04
  355 354.5 32.6311 0.0141628 -1684.25 -1770.84 -1779.31
  356 355.5 32.6258 0.0141605 -1671.56 -1736.91 -1715.49
  357 356.5 32.6369 0.0141653 -1677.46 -1751.5 -1776.03
  358 357.5 32.6504 0.0141712 -1767.4 -1724.62 -1682.85
  359 358.5 32.6359 0.0141649 -1713.66 -1757.48 -1723.32
  360 359.5 32.6292 0.014162 -1664.44 -1741.68 -1771.89
  361 360.5 32.6473 0.0141698 -1670.4 -1703.23 -1711.41
  362 361.5 32.6277 0.0141613 -1701.96 -1732.08 -1746.67
  363 362.5 32.6321 0.0141632 -1719.4 -1720.81 -1767.26
  364 363.5 32.6262 0.0141607 -1687.07 -1692.34 -1722.36
  365 364.5 32.6422 0.0141676 -1677.72 -1673.16 -1696.56
  366 365.5 32.627 0.014161 -1714.46 -1717.15 -1739.84
  367 366.5 32.6345 0.0141643 -1703.15 -1701.83 -1769.25
  368 367.5 32.6314 0.0141629 -1675.88 -1677.56 -1703.81
  369 368.5 32.6373 0.0141655 -1719.53 -1734.39 -1735.98
  370 369.5 32.6392 0.0141663 -1717.71 -1771.41 -1770.04
  371 370.5 32.6275 0.0141612 -1723.43 -1691.39 -1688.46
  372 371.5 32.6235 0.0141595 -1771.23 -1709.21 -1784.39
  373 372.5 32.6614 0.014176 -1739.34 -1709.75 -1704.8
  374 373.5 32.6374 0.0141655 -1770.09 -1770.11 -1745.7
  375 374.5 32.6237 0.0141596 -1749.74 -1747.09 -1736.47
  376 375.5 32.6467 0.0141696 -1697.58 -1796.17 -1712.03
  377 376.5 32.6337 0.0141639 -1717.71 -1755.5 -1759.47
  378 377.5 32.6193 0.0141577 -1778.51 -1822.84 -1760.08
  379 378.5 32.631 0.0141628 -1682.22 -1747.37 -1748.14
  380 379.5 32.6361 0.014165 -1688.8 -1712.99 -1747.79
  381 380.5 32.61 0.0141537 -1738.51 -1738.37 -1736.96
  382 381.5 32.6367 0.0141652 -1734.16 -1771.75 -1702.73
  383 382.5 32.6343 0.0141642 -1771.61 -1771.7 -1756.27
  384 383.5 32.6179 0.0141571 -1764 -1754.5 -1752.35
  385 384.5 32.6188 0.0141575 -1801.42 -1747.93 -1753.73
  386 385.5 32.6185 0.0141573 -1759.99 -1734.64 -1726.46
  387 386.5 32.6207 0.0141583 -1766.12 -1656.43 -1711.26
  388 387.5 32.6078 0.0141527 -1659.61 -1662.66 -1755.14
  389 388.5 32.6058 0.0141518 -1733.41 -1750.92 -1751.77
  390 389.5 32.6081 0.0141528 -1719.17 -1670.55 -1723.1
  391 390.5 32.5881 0.0141441 -1668.79 -1688.4 -1755.31
  392 391.5 32.6106 0.0141539 -1696.93 -1745.53 -1763.2
  393 392.5 32.5962 0.0141477 -1657.74 -1744.38 -1696.65
  394 393.5 32.6014 0.0141499 -1741.58 -1720.97 -1756.24
  395 394.5 32.5836 0.0141422 -1728.43 -1721.21 -1767.24
  396 395.5 32.5856 0.0141431 -1667.39 -1756.34 -1788.73
  397 396.5 32.5819 0.0141415 -1698.23 -1728.41 -1733.14
  398 397.5 32.5827 0.0141418 -1683.41 -1771.65 -1791.15
  399 398.5 32.562 0.0141328 -1676.79 -1738.76 -1827.66
  400 399.5 32.5643 0.0141338 -1634.14 -1681.79 -1711.76
  401 400.5 32.5637 0.0141336 -1672.26 -1639.79 -1793.73
  402 401.5 32.5628 0.0141331 -1640.56 -1659.7 -1841.35
  403 402.5 32.5132 0.0141117 -1684.95 -1611.61 -1852.93
  404 403.5 32.5115 0.0141109 -1628.07 -1594.12 -1855.73
  405 404.5 32.5088 0.0141097 -1645.33 -1678.2 -1842.51
  406 405.5 32.476 0.0140955 -1624.56 -1569.7 -1896.12
  407 406.5 32.441 0.0140803 -1540.39 -1497.12 -1909.28
  408 407.5 32.4164 0.0140696 -1522.14 -1498.09 -1953.53
  409 408.5 32.3763 0.0140522 -1533.46 -1490.98 -2005.53
  410 409.5 32.3268 0.0140307 -1460.93 -1445.47 -1995.74
  411 410.5 32.2867 0.0140133 -1353.51 -1381.49 -1996.66
  412 411.5 32.2298 0.0139886 -1297.97 -1381.85 -2069.18
  413 412.5 32.1219 0.0139418 -1228.26 -1279.18 -2095.39
  414 413.5 32.0525 0.0139117 -1261.46 -1309.53 -2185.91
  415 414.5 31.9614 0.0138722 -1222.85 -1110.28 -2120.51
  416 415.5 31.8282 0.0138143 -1077.97 -1111.14 -2172.18
  417 416.5 31.6757 0.0137481 -1029.57 -1063.8 -2144.33
  418 417.5 31.5354 0.0136872 -1055.01 -1031.32 -2168.6
  419 418.5 31.3412 0.013603 -984.074 -922.34 -2162.12
  420 419.5 31.1169 0.0135056 -963.105 -920.885 -2105.36
  421 420.5 30.8995 0.0134112 -987.642 -933.645 -2069.88
  422 421.5 30.6422 0.0132996 -989.073 -980.941 -2045.35
  423 422.5 30.3822 0.0131867 -999.749 -1020.89 -1986.36
  424 423.5 30.0941 0.0130617 -1107.59 -1081.88 -1866.04
  425 424.5 29.7845 0.0129273 -1147.39 -1109.26 -1795.08
  426 425.5 29.4738 0.0127924 -1276.64 -1264.79 -1807.79
  427 426.5 29.1665 0.0126591 -1398.76 -1441.64 -1695.65
  428 427.5 28.8578 0.0125251 -1482.54 -1514.42 -1655.16
  429 428.5 28.567 0.0123989 -1663.3 -1632.02 -1596.94
  430 429.5 28.2521 0.0122622 -1772.42 -1831.71 -1576.86
  431 430.5 28.0053 0.0121551 -1947.44 -1936.48 -1617.4
  432 431.5 27.7541 0.0120461 -2021.42 -2102.99 -1577.16
  433 432.5 27.5167 0.011943 -2154.05 -2197.46 -1625.39
  434 433.5 27.3276 0.0118609 -2196.91 -2199.71 -1649.7
  435 434.5 27.1493 0.0117836 -2299.73 -2194.77 -1693.48
  436 435.5 26.9779 0.0117091 -2308.2 -2289.56 -1745.73
  437 436.5 26.8311 0.0116454 -2266.54 -2245.34 -1783.66
  438 437.5 26.7408 0.0116063 -2295.75 -2246.72 -1863.75
  439 438.5 26.6434 0.011564 -2264.17 -2239.88 -1917.25
  440 439.5 26.5352 0.011517 -2249.08 -2250.27 -1934.79
  441 440.5 26.4575 0.0114833 -2268.01 -2241.78 -2015.66
  442 441.5 26.4126 0.0114638 -2261.27 -2219.25 -2087.6
  443 442.5 26.3471 0.0114354 -2205.75 -2180.38 -2098.25
  444 443.5 26.2575 0.0113965 -2144.71 -2197.74 -2151.16
  445 444.5 26.2163 0.0113786 -2107.97 -2119.41 -2207
  446 445.5 26.1579 0.0113533 -2046.51 -2061.61 -2248.76
  447 446.5 26.067 0.0113138 -2023.12 -2000.87 -2352.43
  448 447.5 25.9985 0.0112841 -1985.23 -1968.67 -2321.75
  449 448.5 25.9316 0.011255 -1968.09 -1864.87 -2384.8
  450 449.5 25.8148 0.0112043 -1914.59 -1905.89 -2457.02
  451 450.5 25.6916 0.0111509 -1824.7 -1865.77 -2504.38
  452 451.5 25.5472 0.0110882 -1744.88 -1734.91 -2576.9
  453 452.5 25.4117 0.0110294 -1724.85 -1733.65 -2576.45
  454 453.5 25.2143 0.0109437 -1636.41 -1693.82 -2637.32
  455 454.5 24.9727 0.0108388 -1631.23 -1604.13 -2690.89
  456 455.5 24.7383 0.0107371 -1560.35 -1534.01 -2672.99
  457 456.5 24.4114 0.0105952 -1522.73 -1502.54 -2766.41
  458 457.5 24.0444 0.0104359 -1433.51 -1511.35 -2772.15
  459 458.5 23.6227 0.0102529 -1444.54 -1483.79 -2788.88
  460 459.5 23.1687 0.0100559 -1487.66 -1451.69 -2799.67
  461 460.5 22.639 0.00982596 -1491.3 -1435.07 -2795.06
  462 461.5 22.0538 0.00957197 -1550.18 -1495.68 -2834.96
  463 462.5 21.4208 0.00929723 -1574.84 -1524.08 -2847.19
  464 463.5 20.7628 0.00901164 -1584.79 -1535.8 -2825.31
  465 464.5 20.0313 0.00869413 -1718.33 -1683.32 -2906.35
  466 465.5 19.267 0.00836242 -1815.09 -1807.59 -2978.1
  467 466.5 18.4829 0.00802208 -1947.45 -1995.16 -3037.46
  468 467.5 17.6961 0.0076806 -2097.3 -2125.47 -3125.6
  469 468.5 16.9017 0.0073358 -2191.36 -2265.33 -3209.28
  470 469.5 16.0724 0.00697587 -2444.87 -2385.93 -3300.36
  471 470.5 15.276 0.00663022 -2553.6 -2608.57 -3490.53
  472 471.5 14.4998 0.00629332 -2884.7 -2812.51 -3608.45
  473 472.5 13.698 0.00594531 -3043.19 -3074.07 -3785.81
  474 473.5 12.9149 0.00560541 -3368.68 -3335.78 -3901.52
  475 474.5 12.1594 0.0052775 -3645.34 -3685.78 -4131.29
  476 475.5 11.4293 0.00496062 -3969.36 -3903 -4368.06
  477 476.5 10.7039 0.0046458 -4369.94 -4332.41 -4553.74
  478 477.5 9.99497 0.0043381 -4757.95 -4924.54 -4889.22
  479 478.5 9.34347 0.00405533 -5284.99 -5300.52 -5138.97
  480 479.5 8.7124 0.00378142 -5890.12 -5914.96 -5482.4
  481 480.5 8.10812 0.00351915 -6536.95 -6587.35 -5910.23
  482 481.5 7.54357 0.00327412 -7208.07 -7207.38 -6396.53
  483 482.5 7.03667 0.00305411 -7945.33 -7934.56 -6811.55
  484 483.5 6.56556 0.00284964 -8717.11 -8643.95 -7409.91
  485 484.5 6.13323 0.00266199 -9402 -9319.33 -8082.7
  486 485.5 5.76553 0.0025024 -10145.4 -10163.1 -8709.47
  487 486.5 5.42814 0.00235596 -10729.2 -10769.5 -9367.63
  488 487.5 5.15522 0.00223751 -11229.4 -11374.4 -9941.71
  489 488.5 4.91364 0.00213266 -11838.1 -11953.4 -10613.1
  490 489.5 4.70789 0.00204336 -12472.4 -12530.1 -11233.9
  491 490.5 4.52451 0.00196376 -12945.9 -13004.1 -11810.3
  492 491.5 4.38388 0.00190273 -13390.7 -13421.7 -12315.7
  493 492.5 4.25686 0.0018476 -13711.1 -13791.9 -12816.4
  494 493.5 4.16037 0.00180571 -14053.2 -13931 -13171.5
  495 494.5 4.07487 0.00176861 -14274.2 -14145.4 -13546.5
  496 495.5 4.00337 0.00173757 -14462.8 -14379.6 -13883.1
  497 496.5 3.94822 0.00171364 -14651.4 -14633.5 -14128.8
  498 497.5 3.90419 0.00169453 -14861.8 -14758.3 -14374.4
  499 498.5 3.86115 0.00167585 -14818.2 -14834.8 -14545.3
  500 499.5 3.82558 0.00166041 -14948.7 -14930.7 -14717.4
  501 500.5 3.79884 0.0016488 -15009.2 -15080.1 -14920.8
  502 501.5 3.78756 0.00164391 -15095.7 -15080.2 -14927.7
  503 502.5 3.78265 0.00164178 -15128.9 -15181.4 -14950.1
  504 503.5 3.76731 0.00163512 -15095.7 -15247.5 -15036.8
  505 504.5 3.75805 0.0016311 -15164.6 -15229.6 -15100.6
  506 505.5 3.74935 0.00162732 -15236.8 -15252.1 -15143
  507 506.5 3.74371 0.00162488 -15186.4 -15220.6 -15204.2
  508 507.5 3.74823 0.00162684 -15194 -15218.8 -15179.2
  509 508.5 3.74243 0.00162432 -15120.3 -15175.8 -15177
  510 509.5 3.73468 0.00162095 -15202.2 -15303.9 -15262.4
  511 510.5 3.74139 0.00162387 -15220.6 -15209.5 -15214.5
  512 511.5 3.7465 0.00162608 -15167.8 -15182.3 -15213.6
  513 512.5 3.75081 0.00162796 -15275.4 -15337 -15190.8
  514 513.5 3.74663 0.00162614 -15244.5 -15178.1 -15184.3
  515 514.5 3.75156 0.00162828 -15265.2 -15200.3 -15196.4
  516 515.5 3.75163 0.00162831 -15212.8 -15140.8 -15191.4
  517 516.5 3.75046 0.00162781 -15168.9 -15202.1 -15184.8
  518 517.5 3.75504 0.00162979 -15084.1 -15209.1 -15213.8
  519 518.5 3.75676 0.00163054 -15179.3 -15256.3 -15207.7
  520 519.5 3.7568 0.00163056 -15233 -15195.3 -15154.2
  521 520.5 3.76109 0.00163242 -15226.8 -15161.9 -15126.1
  522 521.5 3.74978 0.00162751 -15271 -15221.5 -15247.2
  523 522.5 3.7551 0.00162982 -15150.4 -15133.7 -15185.1
  524 523.5 3.7569 0.0016306 -15163.3 -15214.3 -15113.8
  525 524.5 3.7684 0.00163559 -15159.4 -15202.2 -15184.8
  526 525.5 3.76858 0.00163567 -15226.2 -15175.6 -15158.8
  527 526.5 3.76854 0.00163565 -15189.1 -15118.2 -15090.4
  528 527.5 3.77905 0.00164021 -15123.3 -15156.3 -15074.3
  529 528.5 3.7674 0.00163516 -15150.4 -15142.2 -15149.9
  530 529.5 3.76978 0.00163619 -15208.9 -15168 -15133.7
  531 530.5 3.76583 0.00163447 -15169.2 -15042.4 -15146.7
  532 531.5 3.76205 0.00163284 -15202.6 -15148.9 -15154.8
  533 532.5 3.76753 0.00163521 -15218.3 -15215.8 -15129.3
  534 533.5 3.76427 0.0016338 -15178.8 -15147.9 -15112.6
  535 534.5 3.77056 0.00163653 -15204.3 -15214.5 -15170.8
  536 535.5 3.76837 0.00163558 -15124.6 -15205 -15130.5
  537 536.5 3.76608 0.00163458 -15203.7 -15157.4 -15128.9
  538 537.5 3.76497 0.0016341 -15181.2 -15166.1 -15136.2
  539 538.5 3.76994 0.00163626 -15136.9 -15153.3 -15110.7
  540 539.5 3.76382 0.0016336 -15199.9 -15170.9 -15145.3
  541 540.5 3.76435 0.00163383 -15142.6 -15283.6 -15117.1
  542 541.5 3.76356 0.00163349 -15173.4 -15125.4 -15164.4
  543 542.5 3.761 0.00163238 -15139.3 -15199 -15211.4
  544 543.5 3.75479 0.00162968 -15075.3 -15110.4 -15184.4
  545 544.5 3.76435 0.00163383 -15125.7 -15163 -15115.5
  546 545.5 3.75728 0.00163077 -15119.1 -15157.9 -15166.4
  547 546.5 3.7565 0.00163042 -15001.9 -15141.6 -15172.3
  548 547.5 3.75283 0.00162883 -15044.4 -15136.7 -15182.3
  549 548.5 3.75773 0.00163096 -15136.6 -15102.5 -15155.5
  550 549.5 3.75048 0.00162781 -15119.3 -15153.8 -15243.5
  551 550.5 3.7493 0.0016273 -15095.5 -15131.2 -15186.4
  552 551.5 3.75129 0.00162816 -15140.3 -15098.3 -15179.7
  553 552.5 3.75694 0.00163061 -15152.1 -15201.4 -15181.1
  554 553.5 3.75267 0.00162876 -15151 -15238.9 -15191.9
  555 554.5 3.74797 0.00162672 -15208.1 -15161.4 -15178.9
  556 555.5 3.74744 0.00162649 -15176.6 -15201.8 -15255.8
  557 556.5 3.7516 0.0016283 -15230.1 -15164.4 -15172.9
  558 557.5 3.75531 0.00162991 -15147.3 -15221.1 -15168.3
  559 558.5 3.74355 0.00162481 -15122.1 -15285.3 -15231.2
  560 559.5 3.73907 0.00162286 -15292.2 -15367.6 -15254.5
  561 560.5 3.7505 0.00162782 -15277.5 -15357 -15214.4
  562 561.5 3.75393 0.00162931 -15216.7 -15277.5 -15171.4
  563 562.5 3.75111 0.00162808 -15219.3 -15372.9 -15236
  564 563.5 3.74175 0.00162402 -15228.4 -15266.7 -15229.9
  565 564.5 3.75031 0.00162774 -15283.4 -15330.6 -15182
  566 565.5 3.74656 0.00162611 -15265.5 -15276.7 -15206.5
  567 566.5 3.74629 0.001626 -15285.3 -15229.2 -15249.7
  568 567.5 3.73785 0.00162233 -15244.1 -15300.3 -15262.4
  569 568.5 3.74224 0.00162423 -15216 -15293.6 -15204.5
  570 569.5 3.74302 0.00162458 -15276.2 -15257.4 -15227.3
  571 570.5 3.74308 0.0016246 -15200.2 -15298.6 -15221.5
  572 571.5 3.72948 0.0016187 -15240.8 -15337.1 -15270.1
  573 572.5 3.7333 0.00162036 -15248.6 -15258 -15252.1
  574 573.5 3.72631 0.00161732 -15324 -15287.1 -15330.1
  575 574.5 3.73106 0.00161938 -15264.7 -15315.2 -15287.2
  576 575.5 3.73885 0.00162276 -15211.4 -15253.4 -15215
  577 576.5 3.73424 0.00162077 -15212.6 -15268.6 -15278.7
  578 577.5 3.73477 0.00162099 -15205.6 -15333.5 -15262.1
  579 578.5 3.73505 0.00162112 -15278 -15289.2 -15262.1
  580 579.5 3.73398 0.00162065 -15228.2 -15308.2 -15294.9
  581 580.5 3.74302 0.00162458 -15345.9 -15307.8 -15240.1
  582 581.5 3.74606 0.00162589 -15274.9 -15314 -15201.3
  583 582.5 3.74381 0.00162492 -15326.7 -15237.3 -15187.6
  584 583.5 3.74615 0.00162593 -15250.1 -15332.5 -15231
  585 584.5 3.73746 0.00162216 -15244.4 -15307.9 -15277
  586 585.5 3.73649 0.00162174 -15297 -15401.8 -15261.2
  587 586.5 3.74899 0.00162716 -15286.8 -15312.5 -15188.7
  588 587.5 3.7564 0.00163038 -15185.8 -15275 -15175.6
  589 588.5 3.74156 0.00162394 -15332.1 -15371 -15291.1
  590 589.5 3.74643 0.00162606 -15273.7 -15356.3 -15190.5
  591 590.5 3.75564 0.00163005 -15232.2 -15362.3 -15149.1
  592 591.5 3.75057 0.00162785 -15221.6 -15393 -15222.1
  593 592.5 3.74078 0.0016236 -15265.3 -15467.7 -15277.5
  594 593.5 3.74129 0.00162382 -15141.9 -15377.1 -15249.1
  595 594.5 3.75204 0.00162849 -15160.7 -15388.7 -15210.1
  596 595.5 3.74466 0.00162529 -15240.1 -15308.7 -15232.1
  597 596.5 3.74094 0.00162367 -15319.6 -15336.5 -15194.8
  598 597.5 3.73518 0.00162117 -15264.8 -15313.4 -15237
  599 598.5 3.7258 0.0016171 -15241.8 -15413.2 -15320.3
  600 599.5 3.72173 0.00161533 -15258.5 -15304.3 -15340
  601 600.5 3.72725 0.00161773 -15240.8 -15293.7 -15328.1
  602 601.5 3.7219 0.00161541 -15224.1 -15257.6 -15295.1
  603 602.5 3.72053 0.00161481 -15114.9 -15201 -15257
  604 603.5 3.71471 0.00161229 -15253.9 -15295.4 -15361.1
  605 604.5 3.72389 0.00161627 -15247.2 -15261 -15299.2
  606 605.5 3.7224 0.00161563 -15187.2 -15216.3 -15330.1
  607 606.5 3.72371 0.00161619 -15094.5 -15211.7 -15305.2
  608 607.5 3.72395 0.0016163 -15163 -15206.1 -15306.6
  609 608.5 3.72437 0.00161648 -15222.9 -15207.4 -15306.1
  610 609.5 3.72311 0.00161593 -15221.3 -15224 -15296.4
  611 610.5 3.73959 0.00162309 -15180.3 -15251.3 -15237.6
  612 611.5 3.74175 0.00162402 -15173 -15222.2 -15239.7
  613 612.5 3.74121 0.00162379 -15126.9 -15166.4 -15236.8
  614 613.5 3.74913 0.00162723 -15204.9 -15214.9 -15168.2
  615 614.5 3.74335 0.00162472 -15301.8 -15236.5 -15286.5
  616 615.5 3.74539 0.0016256 -15247.8 -15319.5 -15240.5
  617 616.5 3.75381 0.00162926 -15248.9 -15277.1 -15161.4
  618 617.5 3.75614 0.00163027 -15235.9 -15276.7 -15207.5
  619 618.5 3.74983 0.00162753 -15190.4 -15330.5 -15191
  620 619.5 3.75051 0.00162783 -15163.7 -15218.5 -15193
  621 620.5 3.75217 0.00162855 -15171.9 -15125 -15181.4
  622 621.5 3.75523 0.00162988 -15216.1 -15154.7 -15161.4
  623 622.5 3.75334 0.00162905 -15229.9 -15170.2 -15194.6
  624 623.5 3.76042 0.00163213 -15129.7 -15197.2 -15178
80000000 624 13277.999999999993
  1 0.5 3.71943 0.00161434 -15357.7 -15247.7 -15327.7
  2 1.5 3.71322 0.00161164 -15370.7 -15311.7 -15433.6
  3 2.5 3.71535 0.00161257 -15333.5 -15353.6 -15371.7
  4 3.5 3.72282 0.00161581 -15358.7 -15366.2 -15336.3
  5 4.5 3.72651 0.00161741 -15286.8 -15401.6 -15307.2
  6 5.5 3.73273 0.00162011 -15337.1 -15332.4 -15273.4
  7 6.5 3.74116 0.00162377 -15224.2 -15311.5 -15242.1
  8 7.5 3.72885 0.00161842 -15287.9 -15261.7 -15330.2
  9 8.5 3.74093 0.00162367 -15268.1 -15274 -15267.7
  10 9.5 3.74581 0.00162578 -15263.5 -15128.5 -15207.5
  11 10.5 3.74888 0.00162712 -15129 -15068.4 -15207.2
  12 11.5 3.74904 0.00162719 -15194.4 -15191.7 -15244.3
  13 12.5 3.76482 0.00163404 -15209.2 -15248.1 -15145.5
  14 13.5 3.77525 0.00163856 -15161.9 -15247.5 -15042.2
  15 14.5 3.78676 0.00164356 -15141.2 -15253.9 -15045.5
  16 15.5 3.80114 0.0016498 -15194.7 -15153.1 -14902.6
  17 16.5 3.80627 0.00165203 -15106.4 -15035.9 -14880.8
  18 17.5 3.82374 0.00165961 -15089.2 -15032 -14850.9
  19 18.5 3.84661 0.00166953 -15055.6 -14961.6 -14702.8
  20 19.5 3.87447 0.00168163 -14911.8 -14801.1 -14527.8
  21 20.5 3.91078 0.00169739 -14771.8 -14763.7 -14344.4
  22 21.5 3.95323 0.00171581 -14626.5 -14691 -14105.4
  23 22.5 4.0205 0.00174501 -14520.3 -14510 -13834.2
  24 23.5 4.08256 0.00177194 -14362 -14294.1 -13508.4
  25 24.5 4.15987 0.0018055 -14205.1 -14091.2 -13246.1
  26 25.5 4.25792 0.00184806 -13887.5 -13830.3 -12775.6
  27 26.5 4.39029 0.00190551 -13451.9 -13413.9 -12291.2
  28 27.5 4.5463 0.00197322 -13081 -13043.1 -11677.4
  29 28.5 4.73918 0.00205693 -12638.1 -12556.6 -11056.6
  30 29.5 4.96219 0.00215373 -12131.9 -12041 -10409.4
  31 30.5 5.23873 0.00227375 -11438.2 -11377.9 -9654.38
  32 31.5 5.56645 0.002416 -10714.1 -10685.6 -8912.4
  33 32.5 5.95049 0.00258268 -9950.63 -9936.03 -8160.89
  34 33.5 6.38673 0.00277202 -9156.39 -9128.73 -7456.41
  35 34.5 6.91141 0.00299974 -8274.19 -8305.76 -6677.62
  36 35.5 7.48231 0.00324753 -7615.86 -7603.77 -6145.15
  37 36.5 8.1225 0.00352539 -6893.78 -6816.63 -5573.84
  38 37.5 8.84027 0.00383692 -6055.13 -5981.38 -5020.24
  39 38.5 9.59373 0.00416395 -5304.68 -5221.29 -4638.9
  40 39.5 10.4116 0.0045189 -4686.8 -4680.39 -4313.04
  41 40.5 11.2646 0.00488916 -4087.32 -4067.63 -4031.11
  42 41.5 12.1571 0.00527653 -3563.62 -3562.12 -3834.01
  43 42.5 13.0424 0.00566078 -3137.78 -3083.98 -3687.87
  44 43.5 13.9593 0.00605871 -2734.87 -2669.98 -3561.1
  45 44.5 14.8332 0.00643803 -2437.11 -2423.63 -3548.72
  46 45.5 15.7287 0.00682669 -2211.25 -2145.47 -3420.05
  47 46.5 16.5874 0.00719941 -1968.78 -2007.97 -3359.83
  48 47.5 17.4157 0.00755891 -1797.92 -1816.61 -3303.98
  49 48.5 18.192 0.00789582 -1745.26 -1698.26 -3292.12
  50 49.5 18.9502 0.00822492 -1629.46 -1691.85 -3222.67
  51 50.5 19.6695 0.00853709 -1592.35 -1663.07 -3143.85
  52 51.5 20.3406 0.00882837 -1566.38 -1637.46 -3092.92
  53 52.5 20.9718 0.00910232 -1618.03 -1620.45 -3041.79
  54 53.5 21.5472 0.00935208 -1681.63 -1597.58 -3055.27
  55 54.5 22.0876 0.00958665 -1554.98 -1595.56 -2925.16
  56 55.5 22.6118 0.00981417 -1614.36 -1573.06 -2843.79
  57 56.5 23.0698 0.0100129 -1634.69 -1565.56 -2833.01
  58 57.5 23.4871 0.010194 -1586.36 -1605.74 -2782.54
  59 58.5 23.8871 0.0103677 -1638.12 -1672.95 -2759.02
  60 59.5 24.2431 0.0105222 -1655.34 -1702.09 -2692.79
  61 60.5 24.5393 0.0106507 -1742.14 -1738.6 -2636.42
  62 61.5 24.8047 0.0107659 -1726.6 -1726.02 -2674.54
  63 62.5 25.0438 0.0108697 -1720.93 -1703.41 -2590.56
  64 63.5 25.2513 0.0109598 -1790.37 -1786.39 -2585.75
  65 64.5 25.4175 0.0110319 -1801.06 -1839.62 -2503.36
  66 65.5 25.5898 0.0111067 -1866.24 -1858.05 -2501.43
  67 66.5 25.6835 0.0111474 -1861.88 -1859.02 -2489.6
  68 67.5 25.7825 0.0111903 -1932.6 -1880.08 -2440.91
  69 68.5 25.8858 0.0112352 -2036.77 -1920.94 -2428.17
  70 69.5 25.9664 0.0112701 -1992.4 -1985.23 -2391.41
  71 70.5 26.0045 0.0112867 -1981.12 -1995.92 -2345.93
  72 71.5 26.0546 0.0113084 -2027.1 -2007.59 -2298.79
  73 72.5 26.095 0.011326 -2044.93 -2132.61 -2343.35
  74 73.5 26.1232 0.0113382 -2105.92 -2093.3 -2297.35
  75 74.5 26.1534 0.0113513 -2128.95 -2126.28 -2263.79
  76 75.5 26.1724 0.0113595 -2087.5 -2065.58 -2245.25
  77 76.5 26.2002 0.0113716 -2107.42 -2064.32 -2255.21
  78 77.5 26.1891 0.0113668 -2085.85 -2098.35 -2244.41
  79 78.5 26.2371 0.0113876 -2092.98 -2146.65 -2215.6
  80 79.5 26.244 0.0113906 -2121.17 -2080.91 -2174.23
  81 80.5 26.2336 0.0113861 -2182.08 -2131.22 -2210.85
  82 81.5 26.248 0.0113924 -2157.12 -2145.2 -2197.81
  83 82.5 26.2399 0.0113888 -2173.07 -2155.49 -2230.59
  84 83.5 26.2667 0.0114005 -2121.22 -2133.71 -2199.43
  85 84.5 26.248 0.0113924 -2168.87 -2159.02 -2147.03
  86 85.5 26.2808 0.0114066 -2179.06 -2185.72 -2188.12
  87 86.5 26.2703 0.011402 -2125.1 -2129.3 -2152.84
  88 87.5 26.2563 0.0113959 -2161.43 -2123.26 -2194.28
  89 88.5 26.2859 0.0114088 -2140.54 -2111.34 -2151.16
  90 89.5 26.2618 0.0113983 -2111.91 -2158.05 -2192
  91 90.5 26.2547 0.0113953 -2166.14 -2201.7 -2181.04
  92 91.5 26.2843 0.0114081 -2109.21 -2136.66 -2159.97
  93 92.5 26.2752 0.0114042 -2175.35 -2154.16 -2149.09
  94 93.5 26.2684 0.0114012 -2136.55 -2176.02 -2174.98
  95 94.5 26.2832 0.0114076 -2136.34 -2231.64 -2169.71
  96 95.5 26.2859 0.0114088 -2149.61 -2170.45 -2161.28
  97 96.5 26.2645 0.0113995 -2167.84 -2167.57 -2187.19
  98 97.5 26.2828 0.0114074 -2096.38 -2117.41 -2190
  99 98.5 26.2882 0.0114098 -2052.79 -2137.07 -2147.95
  100 99.5 26.2913 0.0114111 -2145.04 -2160.68 -2109.79
  101 100.5 26.2717 0.0114027 -2180.42 -2189.89 -2230.65
  102 101.5 26.2821 0.0114072 -2187.63 -2171.04 -2148.84
  103 102.5 26.2804 0.0114064 -2124.39 -2170.88 -2146.68
  104 103.5 26.281 0.0114067 -2160.44 -2172.08 -2176.34
  105 104.5 26.2824 0.0114073 -2202.21 -2142.32 -2184.78
  106 105.5 26.2871 0.0114093 -2203.37 -2200.67 -2180.89
  107 106.5 26.2735 0.0114034 -2203 -2190.36 -2190.18
  108 107.5 26.2971 0.0114137 -2132.56 -2143.36 -2131.29
  109 108.5 26.2815 0.0114069 -2137.98 -2098.73 -2118.43
  110 109.5 26.2975 0.0114138 -2172.93 -2151.41 -2195.27
  111 110.5 26.3002 0.011415 -2123.68 -2147.02 -2183.02
  112 111.5 26.2831 0.0114076 -2133.67 -2211.14 -2187.04
  113 112.5 26.2749 0.011404 -2104.32 -2188.98 -2139.75
  114 113.5 26.3025 0.011416 -2120.63 -2192.6 -2145.04
  115 114.5 26.3055 0.0114173 -2188.91 -2166.78 -2170.56
  116 115.5 26.2844 0.0114082 -2188.5 -2169.41 -2177.96
  117 116.5 26.29 0.0114106 -2216.03 -2162.45 -2166.17
  118 117.5 26.2941 0.0114124 -2199.38 -2158.45 -2173.8
  119 118.5 26.3018 0.0114157 -2191.59 -2234.93 -2173.26
  120 119.5 26.296 0.0114132 -2196.86 -2191.59 -2134.63
  121 120.5 26.2986 0.0114143 -2176.83 -2208.38 -2171.51
  122 121.5 26.3214 0.0114242 -2219.73 -2223.36 -2178.34
  123 122.5 26.3004 0.0114151 -2194.59 -2238.92 -2175.81
  124 123.5 26.2792 0.0114059 -2139.4 -2208.38 -2160.78
  125 124.5 26.3028 0.0114161 -2183.47 -2171.34 -2193.33
  126 125.5 26.3176 0.0114226 -2206.95 -2133.27 -2137.29
  127 126.5 26.2622 0.0113985 -2170.55 -2151.57 -2194.88
  128 127.5 26.2829 0.0114075 -2191.73 -2124.32 -2142.59
  129 128.5 26.293 0.0114119 -2208.09 -2155.89 -2166.63
  130 129.5 26.2839 0.0114079 -2214.41 -2156.7 -2194.03
  131 130.5 26.2627 0.0113987 -2153.19 -2140.54 -2168.06
  132 131.5 26.2756 0.0114043 -2181.53 -2157.92 -2142.68
  133 132.5 26.2753 0.0114042 -2122.02 -2132.8 -2138
  134 133.5 26.2643 0.0113994 -2148.63 -2129.6 -2187.06
  135 134.5 26.2428 0.0113901 -2104.56 -2144.41 -2210.85
  136 135.5 26.2573 0.0113964 -2167.88 -2175.32 -2152.48
  137 136.5 26.2641 0.0113994 -2173.51 -2148.68 -2139.62
  138 137.5 26.2531 0.0113946 -2144.01 -2117.16 -2136.17
  139 138.5 26.237 0.0113876 -2158.73 -2172.49 -2221.13
  140 139.5 26.2333 0.011386 -2153.11 -2070.03 -2190.23
  141 140.5 26.2575 0.0113965 -2149.39 -2105.73 -2134.19
  142 141.5 26.2385 0.0113882 -2108.23 -2096.54 -2157.16
  143 142.5 26.2364 0.0113873 -2138.99 -2126.32 -2182.13
  144 143.5 26.2308 0.0113849 -2168.28 -2214.03 -2176.34
  145 144.5 26.2334 0.011386 -2186.54 -2120.99 -2154.02
  146 145.5 26.227 0.0113832 -2194.51 -2165.56 -2160.91
  147 146.5 26.2323 0.0113855 -2139.65 -2201.17 -2180.77
  148 147.5 26.2218 0.011381 -2199.63 -2209.62 -2164.94
  149 148.5 26.2289 0.0113841 -2187.95 -2128.99 -2138.98
  150 149.5 26.2284 0.0113839 -2123.89 -2139.12 -2172.44
  151 150.5 26.2204 0.0113804 -2167.29 -2160.12 -2179.38
  152 151.5 26.2291 0.0113842 -2204.78 -2175.59 -2177.74
  153 152.5 26.2349 0.0113867 -2208.21 -2176.29 -2190
  154 153.5 26.24 0.0113889 -2232.36 -2149.49 -2155.62
  155 154.5 26.2205 0.0113804 -2217.8 -2220.92 -2191.09
  156 155.5 26.2499 0.0113932 -2214.26 -2161.76 -2158.08
  157 156.5 26.247 0.0113919 -2195.41 -2163.31 -2174.69
  158 157.5 26.2487 0.0113927 -2201 -2184.45 -2125.09
  159 158.5 26.2254 0.0113826 -2128.3 -2173.34 -2171.6
  160 159.5 26.2284 0.0113839 -2172.17 -2130.38 -2213.86
  161 160.5 26.2257 0.0113827 -2172.83 -2163.12 -2166.97
  162 161.5 26.2168 0.0113788 -2220.07 -2204.2 -2179.98
  163 162.5 26.2233 0.0113816 -2183.54 -2144.91 -2126.04
  164 163.5 26.2437 0.0113905 -2160.9 -2142.45 -2175.28
  165 164.5 26.2104 0.011376 -2146.23 -2158.95 -2189.54
  166 165.5 26.2089 0.0113754 -2128.55 -2168.57 -2173.95
  167 166.5 26.2269 0.0113832 -2153.68 -2133.7 -2165.66
  168 167.5 26.2333 0.011386 -2140.36 -2202.17 -2163.89
  169 168.5 26.2301 0.0113846 -2182.01 -2157.46 -2136.25
  170 169.5 26.2233 0.0113816 -2232.32 -2169.8 -2184.49
  171 170.5 26.2565 0.0113961 -2200.56 -2190.32 -2179.61
  172 171.5 26.2347 0.0113866 -2194.89 -2183.37 -2149.36
  173 172.5 26.2302 0.0113846 -2205.91 -2191.6 -2177.47
  174 173.5 26.235 0.0113867 -2203.75 -2128.64 -2173.35
  175 174.5 26.241 0.0113893 -2175.47 -2210.15 -2176.56
  176 175.5 26.2498 0.0113931 -2180.88 -2182.28 -2130.44
  177 176.5 26.2425 0.01139 -2156.18 -2139.59 -2177.87
  178 177.5 26.2623 0.0113986 -2168.19 -2113.91 -2170.39
  179 178.5 26.2443 0.0113908 -2171.75 -2159.71 -2181.86
  180 179.5 26.278 0.0114054 -2142.41 -2148.08 -2144.84
  181 180.5 26.2453 0.0113912 -2186.13 -2167.94 -2196.15
  182 181.5 26.2623 0.0113986 -2184.82 -2170.9 -2177.98
  183 182.5 26.2822 0.0114072 -2227.2 -2181.77 -2150.9
  184 183.5 26.2859 0.0114088 -2190.92 -2197.51 -2151.69
  185 184.5 26.2571 0.0113963 -2184.55 -2131.89 -2179.6
  186 185.5 26.2886 0.01141 -2162.08 -2123.29 -2162.06
  187 186.5 26.2963 0.0114133 -2163.33 -2130.77 -2181.48
  188 187.5 26.2902 0.0114107 -2168.56 -2180.16 -2128.97
  189 188.5 26.2634 0.0113991 -2126.95 -2148.94 -2214.83
  190 189.5 26.3043 0.0114168 -2090.28 -2154.14 -2154.93
  191 190.5 26.2843 0.0114081 -2093.24 -2126.15 -2126.73
  192 191.5 26.2931 0.0114119 -2197.75 -2167.85 -2153.91
  193 192.5 26.3073 0.0114181 -2171.12 -2180.3 -2161.97
  194 193.5 26.3017 0.0114157 -2183.8 -2092.21 -2131.27
  195 194.5 26.3026 0.0114161 -2168.71 -2187.92 -2095.05
  196 195.5 26.3275 0.0114268 -2196.4 -2198.45 -2186.32
  197 196.5 26.312 0.0114201 -2194.59 -2195.98 -2082.63
  198 197.5 26.3043 0.0114168 -2238.73 -2205.78 -2139.41
  199 198.5 26.3453 0.0114346 -2183.29 -2188.68 -2129.76
  200 199.5 26.3739 0.011447 -2196.38 -2131.93 -2049.97
  201 200.5 26.3604 0.0114412 -2226.41 -2140.64 -2060.33
  202 201.5 26.4143 0.0114646 -2227.31 -2180.07 -2044.35
  203 202.5 26.4495 0.0114798 -2253.68 -2167.18 -2017.17
  204 203.5 26.4801 0.0114931 -2305.74 -2265.05 -1986.93
  205 204.5 26.5301 0.0115148 -2305.43 -2224.68 -1963.5
  206 205.5 26.5787 0.0115359 -2275.04 -2258.88 -1922.46
  207 206.5 26.6748 0.0115776 -2307.52 -2319.18 -1900.66
  208 207.5 26.7236 0.0115988 -2308.33 -2275.63 -1844.94
  209 208.5 26.8298 0.0116449 -2362.63 -2362.28 -1815.19
  210 209.5 26.9658 0.0117039 -2295.11 -2282.84 -1748.21
  211 210.5 27.0786 0.0117529 -2310.28 -2285.13 -1723.04
  212 211.5 27.2378 0.011822 -2198.55 -2214.72 -1675.78
  213 212.5 27.4359 0.0119079 -2171.95 -2192.32 -1652.8
  214 213.5 27.6114 0.0119841 -2108.64 -2071.39 -1594.65
  215 214.5 27.8639 0.0120937 -1974.72 -1987.67 -1558.59
  216 215.5 28.1064 0.012199 -1971.71 -2011.06 -1638.24
  217 216.5 28.3664 0.0123118 -1870.91 -1849.05 -1596.54
  218 217.5 28.6606 0.0124395 -1680.65 -1704.46 -1627.05
  219 218.5 28.9563 0.0125678 -1532 -1531.04 -1706.4
  220 219.5 29.2497 0.0126952 -1343.68 -1323.43 -1662.13
  221 220.5 29.5511 0.012826 -1271.3 -1257.96 -1753.43
  222 221.5 29.8655 0.0129624 -1186.26 -1211.2 -1857.71
  223 222.5 30.1669 0.0130933 -1019.36 -1097.69 -1922.82
  224 223.5 30.4327 0.0132086 -947.457 -982.279 -1949.38
  225 224.5 30.6889 0.0133198 -919.608 -937.53 -2051.02
  226 225.5 30.9471 0.0134319 -904.25 -984.203 -2075.37
  227 226.5 31.1769 0.0135316 -940.358 -1023.6 -2087.91
  228 227.5 31.3696 0.0136153 -1041.3 -1045.17 -2151.72
  229 228.5 31.5407 0.0136896 -1097.1 -1052.06 -2192.01
  230 229.5 31.7191 0.013767 -1093.86 -1118.92 -2179.63
  231 230.5 31.8266 0.0138136 -1129.76 -1143.54 -2117.56
  232 231.5 31.9721 0.0138768 -1235.24 -1242.21 -2116.57
  233 232.5 32.09 0.0139279 -1307.09 -1277.36 -2122.89
  234 233.5 32.1352 0.0139476 -1345.99 -1286.86 -2081.67
  235 234.5 32.2367 0.0139916 -1365.71 -1413.18 -2082.16
  236 235.5 32.3188 0.0140272 -1403.44 -1388.38 -2012.29
  237 236.5 32.3576 0.0140441 -1452.95 -1426.79 -1983.84
  238 237.5 32.4053 0.0140648 -1538.41 -1520.23 -1958.6
  239 238.5 32.4384 0.0140792 -1530.44 -1506.2 -1999
  240 239.5 32.4886 0.014101 -1526.48 -1515.88 -1905.32
  241 240.5 32.5018 0.0141067 -1544.21 -1543.26 -1853.65
  242 241.5 32.522 0.0141155 -1516.34 -1576.28 -1881.8
  243 242.5 32.5586 0.0141313 -1553.53 -1631.99 -1881.44
  244 243.5 32.5668 0.0141349 -1609.04 -1670.01 -1808.91
  245 244.5 32.5733 0.0141377 -1668.11 -1660.46 -1842.83
  246 245.5 32.5701 0.0141363 -1671.89 -1735.5 -1831.57
  247 246.5 32.6033 0.0141507 -1655.34 -1675.83 -1784.38
  248 247.5 32.6145 0.0141556 -1726.99 -1740.08 -1768.17
  249 248.5 32.5895 0.0141447 -1724.96 -1695.9 -1799.96
  250 249.5 32.604 0.014151 -1719.62 -1708.91 -1792.79
  251 250.5 32.6184 0.0141573 -1710.8 -1704.13 -1727.54
  252 251.5 32.6085 0.014153 -1704.22 -1690.45 -1731.33
  253 252.5 32.6059 0.0141519 -1683.15 -1690.63 -1787.79
  254 253.5 32.6091 0.0141533 -1788.88 -1777.54 -1809.46
  255 254.5 32.6167 0.0141566 -1736.78 -1715.54 -1726.95
  256 255.5 32.6079 0.0141527 -1713.79 -1753.42 -1723.35
  257 256.5 32.6235 0.0141595 -1736.81 -1785.05 -1748.94
  258 257.5 32.6078 0.0141527 -1682.18 -1695.04 -1685.11
  259 258.5 32.6024 0.0141504 -1774.89 -1705.16 -1784.95
  260 259.5 32.6045 0.0141513 -1700.46 -1731.4 -1769.51
  261 260.5 32.6321 0.0141633 -1677.09 -1673.19 -1685.94
  262 261.5 32.6004 0.0141495 -1672.26 -1744.42 -1738.56
  263 262.5 32.6065 0.0141521 -1720.01 -1756.61 -1714.71
  264 263.5 32.6399 0.0141666 -1682.68 -1718.83 -1718.04
  265 264.5 32.622 0.0141588 -1745.76 -1798.05 -1794.48
  266 265.5 32.6054 0.0141517 -1732.39 -1748.01 -1736.68
  267 266.5 32.6304 0.0141625 -1770.27 -1814.79 -1723.74
  268 267.5 32.65 0.014171 -1724.95 -1830.21 -1721.29
  269 268.5 32.6239 0.0141597 -1752.94 -1707.13 -1718.33
  270 269.5 32.6335 0.0141638 -1720.9 -1769.06 -1730.85
  271 270.5 32.622 0.0141588 -1713.34 -1751.07 -1761.9
  272 271.5 32.6273 0.0141611 -1720.27 -1689.47 -1758.49
  273 272.5 32.6332 0.0141637 -1704.58 -1703.63 -1753.9
  274 273.5 32.6435 0.0141682 -1741.87 -1676.66 -1738.16
  275 274.5 32.6351 0.0141645 -1765.21 -1726.46 -1736.63
  276 275.5 32.6426 0.0141678 -1794.68 -1685.81 -1775.35
  277 276.5 32.6364 0.0141651 -1759.72 -1743.64 -1721.42
  278 277.5 32.6255 0.0141604 -1764.69 -1717.76 -1726.55
  279 278.5 32.6446 0.0141687 -1759.86 -1791.85 -1769.84
  280 279.5 32.6342 0.0141642 -1740.11 -1735.01 -1708.81
  281 280.5 32.6059 0.0141519 -1730.4 -1736.13 -1755.95
  282 281.5 32.6552 0.0141733 -1743.86 -1749.44 -1799.31
  283 282.5 32.6263 0.0141607 -1739.3 -1778.43 -1713.99
  284 283.5 32.5866 0.0141435 -1850.42 -1738.55 -1724.21
  285 284.5 32.6416 0.0141674 -1746.11 -1802.06 -1751.16
  286 285.5 32.6323 0.0141633 -1748.91 -1789.32 -1770.69
  287 286.5 32.5814 0.0141412 -1710.71 -1746.03 -1727.78
  288 287.5 32.601 0.0141497 -1696.37 -1702.97 -1691.07
  289 288.5 32.644 0.0141684 -1695.09 -1657.64 -1756.38
  290 289.5 32.5869 0.0141436 -1801.31 -1767.13 -1791.29
  291 290.5 32.5802 0.0141407 -1734.7 -1786.08 -1672.62
  292 291.5 32.6235 0.0141595 -1735.11 -1705.75 -1752.02
  293 292.5 32.6236 0.0141596 -1739.8 -1731.08 -1763.03
  294 293.5 32.5744 0.0141382 -1760.42 -1719.46 -1750.48
  295 294.5 32.5737 0.0141379 -1713.62 -1707.18 -1715.6
  296 295.5 32.6247 0.01416 -1673.11 -1742.25 -1712.78
  297 296.5 32.587 0.0141437 -1737.34 -1787 -1735.34
  298 297.5 32.5696 0.0141361 -1649.85 -1650.45 -1729.26
  299 298.5 32.5849 0.0141428 -1674.84 -1682.08 -1769.24
  300 299.5 32.6108 0.014154 -1717.15 -1655.67 -1701.97
  301 300.5 32.5792 0.0141403 -1701.82 -1679.31 -1699.09
  302 301.5 32.5629 0.0141332 -1711.61 -1717.19 -1816.65
  303 302.5 32.5997 0.0141492 -1751.12 -1634.16 -1752.98
  304 303.5 32.5874 0.0141438 -1697.82 -1712.03 -1649.17
  305 304.5 32.5827 0.0141418 -1692.62 -1725.41 -1720.32
  306 305.5 32.5713 0.0141368 -1758.43 -1792.57 -1790.41
  307 306.5 32.6042 0.0141511 -1779.14 -1793.29 -1742.07
  308 307.5 32.5875 0.0141439 -1781.94 -1818.66 -1703.56
  309 308.5 32.5773 0.0141395 -1795.61 -1782.26 -1715.36
  310 309.5 32.5925 0.014146 -1810.18 -1743.06 -1790.99
  311 310.5 32.6074 0.0141525 -1720.62 -1687.29 -1717.31
  312 311.5 32.5771 0.0141394 -1741.93 -1663.99 -1747.79
  313 312.5 32.6099 0.0141536 -1718.25 -1702.28 -1734.05
  314 313.5 32.6105 0.0141539 -1727.69 -1691.2 -1734.34
  315 314.5 32.6216 0.0141587 -1762.76 -1778.35 -1703.38
  316 315.5 32.6066 0.0141522 -1759.53 -1731.17 -1734.62
  317 316.5 32.6328 0.0141635 -1765.1 -1724.63 -1795.85
  318 317.5 32.6103 0.0141538 -1674.81 -1705.29 -1736.2
  319 318.5 32.6142 0.0141555 -1718.09 -1690.56 -1766.78
  320 319.5 32.6264 0.0141608 -1735.17 -1708.87 -1720.14
  321 320.5 32.6236 0.0141595 -1765.1 -1706.59 -1747.23
  322 321.5 32.6036 0.0141509 -1762.04 -1739.17 -1747.04
  323 322.5 32.6276 0.0141613 -1718.86 -1776.49 -1767.08
  324 323.5 32.6102 0.0141537 -1809.02 -1749.27 -1729.12
  325 324.5 32.6237 0.0141596 -1795.17 -1779.01 -1723.9
  326 325.5 32.6063 0.0141521 -1757.22 -1755.41 -1768.56
  327 326.5 32.5929 0.0141462 -1777.42 -1770.31 -1750.1
  328 327.5 32.6143 0.0141555 -1713.6 -1788.13 -1721.31
  329 328.5 32.595 0.0141471 -1686.24 -1731.42 -1761.43
  330 329.5 32.6094 0.0141534 -1647.94 -1717.47 -1735.32
  331 330.5 32.5963 0.0141477 -1728.45 -1702.12 -1710.6
  332 331.5 32.5819 0.0141414 -1801.99 -1738.78 -1731.86
  333 332.5 32.6132 0.014155 -1785.51 -1804.76 -1717.51
  334 333.5 32.6073 0.0141525 -1803.36 -1769.68 -1763.37
  335 334.5 32.5729 0.0141376 -1760.97 -1818.4 -1735.08
  336 335.5 32.5796 0.0141405 -1759.08 -1764.17 -1716.8
  337 336.5 32.6149 0.0141558 -1745.92 -1757.97 -1733.7
  338 337.5 32.5667 0.0141348 -1724.31 -1750.78 -1726.16
  339 338.5 32.5661 0.0141346 -1818.81 -1741.04 -1759.81
  340 339.5 32.6026 0.0141505 -1722.62 -1641.07 -1769.8
  341 340.5 32.5852 0.0141429 -1643.79 -1716.06 -1725.24
  342 341.5 32.589 0.0141445 -1680.55 -1692.57 -1676.02
  343 342.5 32.5862 0.0141433 -1695.35 -1714.66 -1777.69
  344 343.5 32.6151 0.0141559 -1723.4 -1732.7 -1745.81
  345 344.5 32.5894 0.0141447 -1764.64 -1783.92 -1710.08
  346 345.5 32.5843 0.0141425 -1729.7 -1778.12 -1772.71
  347 346.5 32.5854 0.014143 -1717.19 -1761.88 -1779.55
  348 347.5 32.5973 0.0141481 -1828.69 -1743.69 -1759.26
  349 348.5 32.586 0.0141432 -1752.06 -1768.02 -1723.22
  350 349.5 32.5949 0.0141471 -1730.8 -1756.3 -1698.28
  351 350.5 32.5879 0.0141441 -1725.63 -1709.9 -1802.9
  352 351.5 32.5936 0.0141465 -1718.74 -1637.15 -1702.7
  353 352.5 32.576 0.0141389 -1673.92 -1763.33 -1760.43
  354 353.5 32.5856 0.0141431 -1734.41 -1689.98 -1753.01
  355 354.5 32.5889 0.0141445 -1706.06 -1744.04 -1703.31
  356 355.5 32.573 0.0141376 -1697.18 -1711.3 -1756.57
  357 356.5 32.5703 0.0141364 -1669.08 -1642.13 -1738.68
  358 357.5 32.5776 0.0141396 -1737.14 -1716.48 -1746.14
  359 358.5 32.5667 0.0141348 -1827.45 -1808.6 -1739.91
  360 359.5 32.5697 0.0141362 -1749.66 -1791.26 -1750.89
  361 360.5 32.586 0.0141432 -1736.75 -1722.45 -1747.91
  362 361.5 32.5524 0.0141287 -1721.33 -1728.59 -1692.05
  363 362.5 32.5565 0.0141304 -1749.52 -1759.23 -1749.52
  364 363.5 32.587 0.0141437 -1784.93 -1789.91 -1763.04
  365 364.5 32.5526 0.0141287 -1837.22 -1765.18 -1762.48
  366 365.5 32.5575 0.0141308 -1786.62 -1760.72 -1705.93
  367 366.5 32.5605 0.0141322 -1752.71 -1706.02 -1776.76
  368 367.5 32.5749 0.0141384 -1780.3 -1745.46 -1731.35
  369 368.5 32.5602 0.014132 -1801.98 -1818.38 -1728.35
  370 369.5 32.5723 0.0141373 -1749.21 -1821.21 -1717.01
  371 370.5 32.5501 0.0141276 -1677.82 -1754.82 -1773.87
  372 371.5 32.5559 0.0141302 -1700.21 -1732.49 -1747.25
  373 372.5 32.5585 0.0141313 -1753.24 -1804.05 -1745.58
  374 373.5 32.5453 0.0141256 -1745.61 -1788.99 -1741.74
  375 374.5 32.5512 0.0141281 -1745.73 -1710.3 -1730.99
  376 375.5 32.5527 0.0141288 -1691.28 -1647.3 -1691.41
  377 376.5 32.5376 0.0141222 -1709.74 -1718.58 -1801.9
  378 377.5 32.5305 0.0141191 -1666.49 -1742.28 -1769.34
  379 378.5 32.546 0.0141258 -1676.16 -1666.94 -1667.24
  380 379.5 32.5523 0.0141286 -1680.36 -1741.61 -1725.15
  381 380.5 32.5398 0.0141232 -1613.45 -1672.2 -1768.31
  382 381.5 32.5183 0.0141138 -1708.55 -1753.01 -1756.46
  383 382.5 32.5475 0.0141265 -1752.56 -1760.46 -1749.68
  384 383.5 32.5695 0.0141361 -1703.73 -1755.84 -1725.88
  385 384.5 32.5229 0.0141159 -1765.12 -1691.84 -1743.67
  386 385.5 32.531 0.0141194 -1745.84 -1720.98 -1743.79
  387 386.5 32.5573 0.0141308 -1739.56 -1777.57 -1813.84
  388 387.5 32.5594 0.0141317 -1741.77 -1760.07 -1728.11
  389 388.5 32.5374 0.0141221 -1748.46 -1768.01 -1741.58
  390 389.5 32.543 0.0141245 -1785.34 -1758.05 -1768.5
  391 390.5 32.5549 0.0141297 -1749.37 -1763.17 -1729.53
  392 391.5 32.5334 0.0141204 -1728.89 -1763.73 -1801.01
  393 392.5 32.5338 0.0141206 -1704.78 -1783.99 -1810.01
  394 393.5 32.5428 0.0141245 -1674.74 -1735.88 -1775.23
  395 394.5 32.5264 0.0141173 -1695.63 -1679.9 -1764.42
  396 395.5 32.513 0.0141115 -1751.24 -1748.52 -1813.47
  397 396.5 32.5041 0.0141077 -1664.83 -1637.7 -1820.98
  398 397.5 32.4979 0.014105 -1610.17 -1614.67 -1853.43
  399 398.5 32.5004 0.0141061 -1620.43 -1593.02 -1834.85
  400 399.5 32.4586 0.0140879 -1568.99 -1604.22 -1840.93
  401 400.5 32.4424 0.0140809 -1605.65 -1586.72 -1929.69
  402 401.5 32.4324 0.0140765 -1516.62 -1605.07 -1889.9
  403 402.5 32.4177 0.0140702 -1534.33 -1622.73 -1921.86
  404 403.5 32.3446 0.0140385 -1497.27 -1515.57 -1931.53
  405 404.5 32.3211 0.0140283 -1488.3 -1528.41 -2019.15
  406 405.5 32.2769 0.0140091 -1453.83 -1501.39 -2035.42
  407 406.5 32.2245 0.0139863 -1376.95 -1383.07 -2039.09
  408 407.5 32.1326 0.0139464 -1310.97 -1360.38 -2128.11
  409 408.5 32.0538 0.0139122 -1326.64 -1269.42 -2074.16
  410 409.5 31.9761 0.0138785 -1230.9 -1248.85 -2100.43
  411 410.5 31.85 0.0138238 -1195.77 -1158.31 -2175.08
  412 411.5 31.7043 0.0137605 -1120.86 -1116.06 -2131.8
  413 412.5 31.5578 0.0136969 -1168.04 -1128.82 -2196.07
  414 413.5 31.3984 0.0136278 -1047.58 -1060.41 -2136.3
  415 414.5 31.231 0.0135551 -1012.51 -1056.69 -2123.26
  416 415.5 30.9582 0.0134367 -996.311 -993.683 -2114.18
  417 416.5 30.7423 0.013343 -948.88 -986.091 -2070.41
  418 417.5 30.5148 0.0132443 -984.775 -952.756 -1981.96
  419 418.5 30.2055 0.01311 -1016.61 -979.539 -1931.95
  420 419.5 29.9245 0.0129881 -1088.23 -1045.98 -1897.93
  421 420.5 29.6519 0.0128698 -1241.08 -1211.54 -1831.9
  422 421.5 29.3266 0.0127286 -1305.49 -1310.95 -1734.98
  423 422.5 29.0262 0.0125982 -1448.83 -1452.44 -1705.06
  424 423.5 28.7084 0.0124603 -1601.79 -1576.59 -1625.23
  425 424.5 28.4167 0.0123336 -1742.14 -1745 -1661.6
  426 425.5 28.1579 0.0122213 -1857.38 -1835.07 -1556.6
  427 426.5 27.8949 0.0121072 -1970.01 -1954.93 -1581.92
  428 427.5 27.6571 0.0120039 -2118 -2086.33 -1613.06
  429 428.5 27.4285 0.0119047 -2211.16 -2162.76 -1642.41
  430 429.5 27.2528 0.0118285 -2253.43 -2291.74 -1669.33
  431 430.5 27.0817 0.0117542 -2288.63 -2267.36 -1689.91
  432 431.5 26.9331 0.0116897 -2289.1 -2327.69 -1756.55
  433 432.5 26.8235 0.0116421 -2321.07 -2323.64 -1767.56
  434 433.5 26.7257 0.0115997 -2339.77 -2355.47 -1826.12
  435 434.5 26.6252 0.0115561 -2311.89 -2364.12 -1936.34
  436 435.5 26.5538 0.0115251 -2362.57 -2311.91 -1958.69
  437 436.5 26.4932 0.0114988 -2314.09 -2278.53 -1954.62
  438 437.5 26.4781 0.0114922 -2265.74 -2239.84 -1937.86
  439 438.5 26.4206 0.0114673 -2257.28 -2236.35 -2051.66
  440 439.5 26.3553 0.0114389 -2212.06 -2231.1 -2079.36
  441 440.5 26.3383 0.0114315 -2193.91 -2254.48 -2107.7
  442 441.5 26.3267 0.0114265 -2254.47 -2218.99 -2110.08
  443 442.5 26.2825 0.0114073 -2162.84 -2189.35 -2156.01
  444 443.5 26.2582 0.0113968 -2156.34 -2164.35 -2136.5
  445 444.5 26.2348 0.0113866 -2115.3 -2121.65 -2178.1
  446 445.5 26.2086 0.0113752 -2112.25 -2115.7 -2260.28
  447 446.5 26.1805 0.0113631 -2088.16 -2138.7 -2283.18
  448 447.5 26.1627 0.0113553 -2018.47 -2037.8 -2199.43
  449 448.5 26.1396 0.0113453 -2091.72 -2053.45 -2255.03
  450 449.5 26.0872 0.0113226 -2067.33 -2034.39 -2330.15
  451 450.5 26.029 0.0112973 -2013.43 -2039.9 -2369.17
  452 451.5 25.9815 0.0112767 -1972.67 -2006.92 -2391.88
  453 452.5 25.9353 0.0112567 -1970.85 -2030.88 -2446.15
  454 453.5 25.8422 0.0112162 -1930.04 -1972.26 -2488.19
  455 454.5 25.751 0.0111767 -1869.29 -1889.56 -2471.78
  456 455.5 25.6467 0.0111314 -1784.08 -1793.89 -2598.96
  457 456.5 25.516 0.0110747 -1725.67 -1748.57 -2596.96
  458 457.5 25.3118 0.010986 -1666.35 -1674.95 -2741.52
  459 458.5 25.14 0.0109115 -1604.85 -1564.49 -2697.1
  460 459.5 24.9208 0.0108163 -1519.7 -1521.66 -2757.37
  461 460.5 24.6299 0.0106901 -1498.34 -1492.45 -2855.38
  462 461.5 24.289 0.0105421 -1444.77 -1432.59 -2836.77
  463 462.5 23.911 0.010378 -1341.02 -1375.89 -2919.74
  464 463.5 23.4828 0.0101922 -1326.85 -1298.32 -2902.45
  465 464.5 22.9422 0.00995753 -1278.14 -1286.87 -2901.19
  466 465.5 22.3602 0.00970494 -1260.16 -1205.86 -2925.9
  467 466.5 21.7307 0.00943171 -1267.29 -1258.32 -2911.29
  468 467.5 20.9991 0.0091142 -1354.1 -1334.69 -2878.7
  469 468.5 20.2133 0.00877315 -1497.47 -1453.51 -2907.17
  470 469.5 19.3859 0.00841401 -1599.18 -1626.26 -2912.93
  471 470.5 18.5107 0.00803416 -1820.9 -1795.7 -2932.16
  472 471.5 17.6092 0.00764286 -2044.76 -2012.91 -2912.21
  473 472.5 16.6864 0.00724235 -2273.51 -2286.35 -3075.73
  474 473.5 15.7459 0.00683418 -2496.72 -2530.11 -3123.34
  475 474.5 14.8407 0.00644128 -2833.09 -2827.05 -3259.19
  476 475.5 13.9379 0.00604944 -3201.06 -3125.21 -3452.12
  477 476.5 13.0591 0.005668 -3631.47 -3543.99 -3690.58
  478 477.5 12.2093 0.00529919 -3864.03 -3845.37 -3979.25
  479 478.5 11.4499 0.0049696 -4220.52 -4207.97 -4208.22
  480 479.5 10.7054 0.00464642 -4611.4 -4594.24 -4537.8
  481 480.5 9.99053 0.00433617 -5005.51 -5030.74 -4816.12
  482 481.5 9.34059 0.00405407 -5444.16 -5508.74 -5271.87
  483 482.5 8.75123 0.00379828 -5993.44 -5893.56 -5609.34
  484 483.5 8.18065 0.00355063 -6533.16 -6395.82 -6035.42
  485 484.5 7.66469 0.00332669 -7023.73 -6976.4 -6453.87
  486 485.5 7.1845 0.00311827 -7686.66 -7593.09 -6925.59
  487 486.5 6.74821 0.00292891 -8217.73 -8180.31 -7402.02
  488 487.5 6.3422 0.00275269 -8850.89 -8801.66 -7840.36
  489 488.5 5.97458 0.00259313 -9524.31 -9498.36 -8465.65
  490 489.5 5.62418 0.00244105 -10201.6 -10160.7 -9063.6
  491 490.5 5.32867 0.00231279 -10884.2 -10787.3 -9678.56
  492 491.5 5.06397 0.0021979 -11407.2 -11404.5 -10256.8
  493 492.5 4.84235 0.00210171 -11999 -12060.3 -10892
  494 493.5 4.65423 0.00202006 -12554.9 -12560.5 -11442.5
  495 494.5 4.48007 0.00194448 -12988.4 -13085.8 -11989.6
  496 495.5 4.34145 0.00188431 -13532.9 -13534.8 -12537.9
  497 496.5 4.22513 0.00183382 -13797.4 -13803.9 -12957
  498 497.5 4.13991 0.00179683 -13982.1 -14032.3 -13271.3
  499 498.5 4.05673 0.00176074 -14298.1 -14319.9 -13703.9
  500 499.5 4.00226 0.00173709 -14421.9 -14416 -13924.1
  501 500.5 3.94612 0.00171273 -14661.5 -14737.3 -14170.9
  502 501.5 3.90469 0.00169474 -14774 -14827.5 -14396.8
  503 502.5 3.8719 0.00168051 -14934.5 -14843.4 -14558.9
  504 503.5 3.83946 0.00166643 -14899.5 -14878.9 -14725.6
  505 504.5 3.83998 0.00166666 -15011.3 -15048.9 -14722
  506 505.5 3.81381 0.0016553 -14990.6 -15079.1 -14852.8
  507 506.5 3.79116 0.00164547 -15007.6 -15077.9 -15031.7
  508 507.5 3.79117 0.00164547 -14964.4 -15053.9 -14974.4
  509 508.5 3.78122 0.00164115 -15082.6 -15195.1 -15085.1
  510 509.5 3.78171 0.00164137 -15092.1 -15205.4 -15041.6
  511 510.5 3.78864 0.00164437 -15232.2 -15101.7 -15045.4
  512 511.5 3.77818 0.00163984 -15121 -15156.5 -15097.7
  513 512.5 3.77106 0.00163674 -15219.6 -15218.2 -15153.4
  514 513.5 3.76991 0.00163624 -15125 -15185.8 -15152.5
  515 514.5 3.76782 0.00163534 -15120.4 -15121.1 -15156.4
  516 515.5 3.76672 0.00163486 -15129.4 -15155.9 -15165.8
  517 516.5 3.76346 0.00163345 -15119.9 -15160.4 -15158.8
  518 517.5 3.75296 0.00162889 -15090.4 -15214.5 -15208.5
  519 518.5 3.74674 0.00162619 -15176.3 -15145.3 -15232
  520 519.5 3.75394 0.00162932 -15197.9 -15182.1 -15214.9
  521 520.5 3.75205 0.00162849 -15233.3 -15149.4 -15262.8
  522 521.5 3.74353 0.00162479 -15193.1 -15208.9 -15244
  523 522.5 3.75182 0.00162839 -15262.6 -15130.9 -15189.9
  524 523.5 3.74873 0.00162705 -15310.8 -15047 -15263.6
  525 524.5 3.74466 0.00162529 -15254.8 -15245.8 -15252.1
  526 525.5 3.74931 0.0016273 -15295.9 -15199.4 -15219.1
  527 526.5 3.75895 0.00163149 -15273.8 -15188.3 -15208.7
  528 527.5 3.74676 0.0016262 -15264.1 -15221.3 -15274.7
  529 528.5 3.74887 0.00162712 -15267.4 -15085.1 -15222.8
  530 529.5 3.75075 0.00162793 -15252.8 -15182.2 -15223.4
  531 530.5 3.73972 0.00162314 -15217.6 -15198.2 -15277.5
  532 531.5 3.73464 0.00162094 -15226.9 -15215.3 -15295.9
  533 532.5 3.74154 0.00162393 -15262.4 -15227.1 -15304.7
  534 533.5 3.7516 0.0016283 -15235.2 -15227.7 -15231
  535 534.5 3.74161 0.00162396 -15325.4 -15241.5 -15248.1
  536 535.5 3.73148 0.00161956 -15374.9 -15160.5 -15287.5
  537 536.5 3.72692 0.00161759 -15358.3 -15304.1 -15352.9
  538 537.5 3.72267 0.00161574 -15314.8 -15250 -15392.4
  539 538.5 3.71919 0.00161423 -15294 -15186.4 -15334.9
  540 539.5 3.71369 0.00161185 -15298.3 -15333.3 -15398.1
  541 540.5 3.72967 0.00161878 -15330.7 -15238.7 -15285.7
  542 541.5 3.73139 0.00161953 -15364 -15266 -15310.3
  543 542.5 3.72525 0.00161686 -15260.3 -15340.1 -15331.7
  544 543.5 3.71656 0.00161309 -15297.6 -15316.3 -15407.7
  545 544.5 3.72035 0.00161473 -15336.7 -15250.8 -15335.3
  546 545.5 3.72741 0.0016178 -15401.2 -15261.9 -15326.9
  547 546.5 3.72672 0.0016175 -15372.5 -15267.7 -15328.7
  548 547.5 3.71111 0.00161073 -15335.3 -15347 -15411
  549 548.5 3.7172 0.00161337 -15326.3 -15289.6 -15349.8
  550 549.5 3.72297 0.00161587 -15327.7 -15303.6 -15360.9
  551 550.5 3.71969 0.00161445 -15348.9 -15257.9 -15343.3
  552 551.5 3.72383 0.00161625 -15413.5 -15424.5 -15353.7
  553 552.5 3.71857 0.00161396 -15340.8 -15377.7 -15366
  554 553.5 3.73284 0.00162015 -15356.8 -15269.6 -15304.6
  555 554.5 3.72609 0.00161723 -15324 -15373.5 -15365.6
  556 555.5 3.72441 0.0016165 -15367.9 -15287.7 -15313.6
  557 556.5 3.71993 0.00161455 -15411.1 -15292.7 -15364.7
  558 557.5 3.71006 0.00161027 -15446.5 -15354.6 -15417.7
  559 558.5 3.71136 0.00161083 -15357.6 -15459.8 -15379
  560 559.5 3.71512 0.00161247 -15391.2 -15400.5 -15412.1
  561 560.5 3.71977 0.00161449 -15391.1 -15431 -15324.4
  562 561.5 3.71438 0.00161214 -15454.9 -15488.3 -15420.2
  563 562.5 3.72511 0.0016168 -15465.9 -15415.1 -15310.4
  564 563.5 3.7201 0.00161463 -15437.1 -15338.5 -15351.9
  565 564.5 3.70739 0.00160911 -15459.2 -15352 -15414
  566 565.5 3.71311 0.00161159 -15478.9 -15390.4 -15410.4
  567 566.5 3.70763 0.00160922 -15446.1 -15346.1 -15403.7
  568 567.5 3.70842 0.00160956 -15413.8 -15285.7 -15367.4
  569 568.5 3.70272 0.00160708 -15403.3 -15344.4 -15445.7
  570 569.5 3.69562 0.001604 -15370.3 -15436.3 -15492.1
  571 570.5 3.70548 0.00160828 -15457.1 -15461.8 -15406.6
  572 571.5 3.70616 0.00160858 -15364 -15328.8 -15356.2
  573 572.5 3.70802 0.00160938 -15422.3 -15350.2 -15413.1
  574 573.5 3.70687 0.00160889 -15428 -15422.5 -15419.9
  575 574.5 3.71158 0.00161093 -15480.5 -15462.2 -15397.8
  576 575.5 3.71747 0.00161349 -15473.5 -15529.6 -15390.1
  577 576.5 3.71712 0.00161334 -15445.7 -15469.1 -15375.5
  578 577.5 3.7138 0.00161189 -15387.7 -15491.7 -15364.7
  579 578.5 3.71198 0.0016111 -15326.1 -15452.6 -15366.2
  580 579.5 3.71289 0.0016115 -15250.8 -15421 -15419.3
  581 580.5 3.71479 0.00161232 -15480.5 -15493.5 -15396.1
  582 581.5 3.71533 0.00161256 -15449.2 -15464.5 -15398.3
  583 582.5 3.71882 0.00161407 -15343.4 -15407.4 -15324.9
  584 583.5 3.70912 0.00160986 -15331.2 -15418.7 -15381.8
  585 584.5 3.71598 0.00161284 -15315.4 -15336.2 -15378.1
  586 585.5 3.71733 0.00161343 -15403.8 -15347.4 -15377.4
  587 586.5 3.71174 0.001611 -15385 -15389.9 -15415.2
  588 587.5 3.71617 0.00161292 -15273 -15390.7 -15388.4
  589 588.5 3.71539 0.00161258 -15315.4 -15348.6 -15364.5
  590 589.5 3.71013 0.0016103 -15376.2 -15324.6 -15383.2
  591 590.5 3.71176 0.00161101 -15367.3 -15369.7 -15421.1
  592 591.5 3.71922 0.00161424 -15212.6 -15371.8 -15367.4
  593 592.5 3.7204 0.00161476 -15293.9 -15357.6 -15317.6
  594 593.5 3.71202 0.00161112 -15287.7 -15278.5 -15384
  595 594.5 3.71485 0.00161235 -15406.2 -15315.4 -15370.9
  596 595.5 3.71553 0.00161264 -15341.7 -15416 -15388.5
  597 596.5 3.71658 0.0016131 -15431.2 -15414.5 -15439.3
  598 597.5 3.72583 0.00161711 -15362.9 -15453.6 -15357.3
  599 598.5 3.73192 0.00161976 -15242.1 -15496.9 -15242
  600 599.5 3.73034 0.00161907 -15304 -15475 -15309.5
  601 600.5 3.71338 0.00161171 -15432.8 -15409.5 -15425.9
  602 601.5 3.71548 0.00161262 -15446.5 -15470.1 -15407.7
  603 602.5 3.71793 0.00161369 -15363.4 -15429 -15331.4
  604 603.5 3.71071 0.00161055 -15355.3 -15425.6 -15378
  605 604.5 3.70625 0.00160862 -15395.9 -15386 -15439.2
  606 605.5 3.69848 0.00160524 -15466 -15468 -15492.7
  607 606.5 3.70489 0.00160803 -15411.4 -15311.1 -15363.5
  608 607.5 3.69875 0.00160536 -15435.3 -15376.5 -15446.2
  609 608.5 3.69083 0.00160192 -15436.4 -15415.7 -15474
  610 609.5 3.70336 0.00160736 -15400.6 -15352 -15428.7
  611 610.5 3.70756 0.00160918 -15493.3 -15428.7 -15384.8
  612 611.5 3.70821 0.00160947 -15435.1 -15450.2 -15370.5
  613 612.5 3.69823 0.00160514 -15432.1 -15496.1 -15523.5
  614 613.5 3.70889 0.00160976 -15394.3 -15394.3 -15370.4
  615 614.5 3.72402 0.00161633 -15457.1 -15396.8 -15303.6
  616 615.5 3.71173 0.00161099 -15439.9 -15459.5 -15420.3
  617 616.5 3.71487 0.00161236 -15412.4 -15461.8 -15413.4
  618 617.5 3.71129 0.0016108 -15375.2 -15387.4 -15384.1
  619 618.5 3.71626 0.00161296 -15337.9 -15395.8 -15364.8
  620 619.5 3.71631 0.00161298 -15425.1 -15323.1 -15347.8
  621 620.5 3.71452 0.00161221 -15379.9 -15320 -15397.7
  622 621.5 3.72579 0.0016171 -15395.1 -15401.8 -15339.4
  623 622.5 3.72421 0.00161641 -15431.2 -15300.6 -15335.6
  624 623.5 3.71298 0.00161154 -15404.3 -15274.4 -15379.2
100000000 624 13278.000000000004
  1 0.5 3.72116 0.00161509 -15356.7 -15353.7 -15298.1
  2 1.5 3.7261 0.00161723 -15240 -15281.5 -15246.5
  3 2.5 3.72032 0.00161472 -15331.5 -15337.1 -15279.2
  4 3.5 3.72194 0.00161543 -15361.2 -15291.5 -15221.7
  5 4.5 3.72634 0.00161733 -15282.1 -15324.9 -15275.8
  6 5.5 3.72034 0.00161473 -15132 -15302.8 -15281.1
  7 6.5 3.71597 0.00161284 -15164.7 -15249.6 -15282.7
  8 7.5 3.7252 0.00161684 -15145.5 -15272.8 -15260.2
  9 8.5 3.73475 0.00162099 -15195.5 -15247.2 -15210.1
  10 9.5 3.73517 0.00162117 -15107.4 -15221.8 -15184.4
  11 10.5 3.73506 0.00162112 -15111.4 -15299.6 -15171.4
  12 11.5 3.73447 0.00162086 -15197.8 -15306.2 -15253.8
  13 12.5 3.74696 0.00162629 -15285.4 -15260.6 -15117.6
  14 13.5 3.74986 0.00162754 -15274.5 -15344.3 -15092.3
  15 14.5 3.74672 0.00162618 -15275.1 -15168.3 -15097.7
  16 15.5 3.75788 0.00163102 -15201.9 -15132.2 -15094.9
  17 16.5 3.76169 0.00163268 -15175.1 -15173.1 -15043.6
  18 17.5 3.77101 0.00163672 -15180.2 -15149.2 -14931.7
  19 18.5 3.78561 0.00164306 -15173.1 -15032.2 -14885.4
  20 19.5 3.80777 0.00165268 -15033.3 -14938.9 -14766.5
  21 20.5 3.83667 0.00166522 -14990.9 -14853 -14643.7
  22 21.5 3.86571 0.00167783 -15001.7 -14857.4 -14450.3
  23 22.5 3.90825 0.00169629 -14860.4 -14734 -14244.6
  24 23.5 3.95878 0.00171822 -14662.9 -14676.4 -14028.9
  25 24.5 4.01567 0.00174291 -14401 -14486.9 -13719.6
  26 25.5 4.09134 0.00177576 -14283.7 -14318.2 -13370.8
  27 26.5 4.18506 0.00181643 -13962.2 -14006.8 -13023.4
  28 27.5 4.29068 0.00186227 -13635.7 -13621 -12584.5
  29 28.5 4.43942 0.00192683 -13324.9 -13300.7 -11989.8
  30 29.5 4.59846 0.00199586 -12849.2 -12864.2 -11401.6
  31 30.5 4.79961 0.00208316 -12401.5 -12306.5 -10869.3
  32 31.5 5.04693 0.00219051 -11720.8 -11775.7 -10098.7
  33 32.5 5.33881 0.00231719 -11107.9 -11158.5 -9331.78
  34 33.5 5.68555 0.00246769 -10319.1 -10413 -8647.74
  35 34.5 6.09884 0.00264706 -9582.24 -9571.59 -7813.08
  36 35.5 6.56778 0.0028506 -8828.12 -8797.67 -7123.45
  37 36.5 7.08544 0.00307528 -8104.31 -8011.06 -6569.29
  38 37.5 7.69681 0.00334063 -7281.26 -7248.73 -5830.95
  39 38.5 8.38776 0.00364052 -6434.81 -6532.59 -5227.64
  40 39.5 9.11724 0.00395713 -5804.11 -5798.54 -4823.22
  41 40.5 9.90517 0.00429912 -5086.69 -5069.53 -4418.2
  42 41.5 10.7654 0.00467248 -4451.81 -4440.46 -4079.79
  43 42.5 11.6833 0.00507086 -3813.22 -3876.76 -3763.86
  44 43.5 12.6166 0.00547597 -3341.08 -3373.84 -3607.86
  45 44.5 13.5788 0.00589357 -2921.99 -2846.81 -3461.94
  46 45.5 14.5608 0.00631981 -2459.56 -2503.1 -3314.2
  47 46.5 15.5537 0.00675072 -2234.21 -2217.77 -3214.72
  48 47.5 16.5037 0.00716308 -1867.91 -1920.39 -3147.18
  49 48.5 17.4197 0.00756063 -1757.56 -1714.17 -3190.44
  50 49.5 18.316 0.00794967 -1554.53 -1594.28 -3143.45
  51 50.5 19.1849 0.00832676 -1403.58 -1458.71 -3075.24
  52 51.5 19.9677 0.00866654 -1431.37 -1382.66 -3071.25
  53 52.5 20.7104 0.00898889 -1426.33 -1316.6 -3077.21
  54 53.5 21.3836 0.00928109 -1399.25 -1328.81 -3043.13
  55 54.5 22.014 0.0095547 -1328.47 -1328.57 -2994
  56 55.5 22.5773 0.00979919 -1301.71 -1339.34 -2958.8
  57 56.5 23.0843 0.0100192 -1375.23 -1385 -2948.25
  58 57.5 23.5223 0.0102093 -1398.9 -1462.78 -2892.06
  59 58.5 23.9496 0.0103948 -1492.85 -1489.02 -2828.63
  60 59.5 24.3014 0.0105475 -1536.19 -1569.99 -2770.58
  61 60.5 24.5997 0.010677 -1633.09 -1632.47 -2762.43
  62 61.5 24.866 0.0107925 -1678.51 -1666.59 -2710.53
  63 62.5 25.1052 0.0108963 -1723.66 -1721.07 -2653.53
  64 63.5 25.2826 0.0109733 -1735.56 -1728.92 -2604.27
  65 64.5 25.4492 0.0110457 -1799.64 -1796.44 -2561.32
  66 65.5 25.6039 0.0111128 -1832.76 -1859.69 -2501.11
  67 66.5 25.7192 0.0111628 -1833.22 -1901.58 -2470.8
  68 67.5 25.8134 0.0112037 -1915.65 -1907.95 -2443.69
  69 68.5 25.902 0.0112422 -1968.12 -1976.79 -2404.74
  70 69.5 25.9769 0.0112747 -2001.46 -1994.15 -2381.19
  71 70.5 26.0523 0.0113074 -1976.79 -2000.33 -2318.8
  72 71.5 26.0675 0.011314 -2052.73 -2059.58 -2345.23
  73 72.5 26.1267 0.0113397 -2084.48 -2021.64 -2317.49
  74 73.5 26.1754 0.0113608 -2053.54 -2031.02 -2254.12
  75 74.5 26.1965 0.01137 -2085.45 -2047.97 -2219.72
  76 75.5 26.1971 0.0113703 -2102.95 -2053.48 -2267.33
  77 76.5 26.248 0.0113924 -2070.08 -2105.97 -2203.72
  78 77.5 26.2483 0.0113925 -2137.12 -2109.37 -2262.62
  79 78.5 26.2478 0.0113923 -2083.49 -2147.88 -2199.51
  80 79.5 26.2785 0.0114056 -2124.4 -2122.28 -2173.13
  81 80.5 26.2871 0.0114093 -2177.28 -2182.2 -2216.88
  82 81.5 26.2905 0.0114108 -2100.16 -2166.9 -2187.39
  83 82.5 26.2913 0.0114112 -2059.58 -2066.07 -2128.88
  84 83.5 26.3065 0.0114178 -2070.88 -2108.84 -2191.71
  85 84.5 26.3072 0.011418 -2072.29 -2122.32 -2192.44
  86 85.5 26.2882 0.0114098 -2121.21 -2142.31 -2171.21
  87 86.5 26.2894 0.0114103 -2076.42 -2149.38 -2159.44
  88 87.5 26.2956 0.011413 -2164.84 -2094.57 -2169.85
  89 88.5 26.3084 0.0114186 -2187.99 -2136.93 -2140.48
  90 89.5 26.284 0.011408 -2158.59 -2169.39 -2163.14
  91 90.5 26.2965 0.0114134 -2125.82 -2187.73 -2183.73
  92 91.5 26.2983 0.0114142 -2126.04 -2128.81 -2172.57
  93 92.5 26.3081 0.0114184 -2102.41 -2083.54 -2099.89
  94 93.5 26.2954 0.0114129 -2127.94 -2120.81 -2167.22
  95 94.5 26.2978 0.011414 -2110.18 -2126.2 -2161.61
  96 95.5 26.2846 0.0114082 -2143.9 -2127.61 -2164.02
  97 96.5 26.2996 0.0114148 -2145.57 -2095.24 -2123.61
  98 97.5 26.3069 0.0114179 -2187.39 -2185.28 -2208.58
  99 98.5 26.2938 0.0114122 -2089.21 -2138.16 -2096.66
  100 99.5 26.3179 0.0114227 -2195.07 -2196.82 -2152.27
  101 100.5 26.3141 0.0114211 -2127.45 -2202.57 -2160.6
  102 101.5 26.2884 0.0114099 -2221.92 -2169.39 -2193.78
  103 102.5 26.3042 0.0114168 -2098.65 -2133.37 -2118.68
  104 103.5 26.3126 0.0114204 -2147.67 -2149.08 -2185.46
  105 104.5 26.2835 0.0114078 -2161.02 -2154.83 -2160.09
  106 105.5 26.3118 0.01142 -2200.75 -2172.52 -2119.53
  107 106.5 26.3076 0.0114182 -2215.26 -2198.46 -2150.9
  108 107.5 26.2969 0.0114136 -2220.88 -2192.91 -2149.16
  109 108.5 26.2837 0.0114079 -2224.97 -2174.68 -2171.22
  110 109.5 26.2879 0.0114097 -2193.8 -2216.35 -2134.99
  111 110.5 26.3085 0.0114186 -2155.59 -2133.04 -2166.97
  112 111.5 26.2818 0.011407 -2170.48 -2137.71 -2128.04
  113 112.5 26.2807 0.0114066 -2215.74 -2165.3 -2183.24
  114 113.5 26.3141 0.0114211 -2170.78 -2160.41 -2154.32
  115 114.5 26.3089 0.0114188 -2160.82 -2087.31 -2124.18
  116 115.5 26.2937 0.0114122 -2179.07 -2169.36 -2157.09
  117 116.5 26.301 0.0114154 -2165.2 -2180.55 -2115.84
  118 117.5 26.2991 0.0114146 -2156.09 -2211.73 -2188.19
  119 118.5 26.3056 0.0114174 -2182.65 -2176.58 -2133.84
  120 119.5 26.3033 0.0114163 -2111.59 -2156.97 -2167.99
  121 120.5 26.3094 0.011419 -2111.31 -2181.4 -2145.96
  122 121.5 26.3027 0.0114161 -2157.43 -2155.08 -2149.25
  123 122.5 26.3079 0.0114184 -2158.39 -2155.08 -2130.83
  124 123.5 26.3227 0.0114248 -2159.26 -2201.81 -2186.88
  125 124.5 26.3123 0.0114203 -2109.19 -2132.11 -2170.35
  126 125.5 26.3297 0.0114278 -2127.49 -2138.64 -2117.09
  127 126.5 26.3246 0.0114256 -2112.38 -2144.19 -2139.37
  128 127.5 26.3317 0.0114287 -2101.74 -2176.16 -2186.75
  129 128.5 26.3384 0.0114316 -2081.14 -2125.86 -2136.51
  130 129.5 26.3176 0.0114226 -2098.31 -2151.86 -2161.04
  131 130.5 26.3373 0.0114311 -2072.23 -2115.14 -2133.02
  132 131.5 26.3356 0.0114304 -2176.73 -2146.57 -2156.01
  133 132.5 26.3394 0.011432 -2131.73 -2169.45 -2175.17
  134 133.5 26.3305 0.0114282 -2115.05 -2122.54 -2158.45
  135 134.5 26.3442 0.0114341 -2130.51 -2127.31 -2160.29
  136 135.5 26.3408 0.0114326 -2184.49 -2161.88 -2097.65
  137 136.5 26.3267 0.0114265 -2124.37 -2174.97 -2175.26
  138 137.5 26.3345 0.0114299 -2199.69 -2220.57 -2201.12
  139 138.5 26.3534 0.0114381 -2085.36 -2166.36 -2127.42
  140 139.5 26.3363 0.0114307 -2108.29 -2145.7 -2142.45
  141 140.5 26.3202 0.0114237 -2174.98 -2153.64 -2171.95
  142 141.5 26.335 0.0114301 -2131.15 -2157.07 -2145.62
  143 142.5 26.3156 0.0114217 -2144.22 -2142.99 -2131.03
  144 143.5 26.2939 0.0114123 -2124.71 -2134.81 -2200.81
  145 144.5 26.3224 0.0114247 -2153.53 -2078.8 -2132.24
  146 145.5 26.316 0.0114219 -2137.92 -2107.42 -2131.85
  147 146.5 26.2947 0.0114126 -2209.3 -2133.66 -2145.75
  148 147.5 26.3157 0.0114218 -2156.61 -2138.01 -2155.7
  149 148.5 26.2999 0.0114149 -2167.64 -2125.1 -2174.39
  150 149.5 26.2882 0.0114098 -2120.48 -2198.94 -2155.32
  151 150.5 26.296 0.0114132 -2094.24 -2158.12 -2117.04
  152 151.5 26.3128 0.0114205 -2138.28 -2177.59 -2147.94
  153 152.5 26.2838 0.0114079 -2174.69 -2169.97 -2198.8
  154 153.5 26.2688 0.0114014 -2098.62 -2153.01 -2132.11
  155 154.5 26.2817 0.011407 -2126.83 -2127.52 -2167.49
  156 155.5 26.2945 0.0114125 -2106.59 -2106.28 -2124.96
  157 156.5 26.3122 0.0114202 -2194.93 -2192.26 -2142.61
  158 157.5 26.2693 0.0114016 -2083.26 -2130.84 -2166.71
  159 158.5 26.2839 0.011408 -2129.88 -2097.5 -2162.14
  160 159.5 26.2755 0.0114043 -2149.42 -2158.68 -2153.86
  161 160.5 26.2843 0.0114081 -2077.89 -2105.61 -2157.17
  162 161.5 26.289 0.0114102 -2155.87 -2184.69 -2156
  163 162.5 26.2811 0.0114067 -2166.63 -2116.36 -2123.86
  164 163.5 26.2545 0.0113952 -2121.17 -2126.3 -2150.53
  165 164.5 26.2617 0.0113983 -2195.49 -2161.44 -2206.12
  166 165.5 26.2925 0.0114117 -2141.27 -2158.74 -2152
  167 166.5 26.2794 0.011406 -2140.37 -2179.41 -2099.09
  168 167.5 26.2755 0.0114043 -2123.95 -2166.7 -2175.14
  169 168.5 26.2674 0.0114008 -2164.5 -2165.42 -2191.41
  170 169.5 26.2859 0.0114088 -2093.89 -2110.45 -2142.8
  171 170.5 26.2728 0.0114031 -2143.41 -2142.53 -2169.67
  172 171.5 26.2803 0.0114064 -2116.67 -2158.5 -2122.03
  173 172.5 26.2669 0.0114006 -2189.29 -2149.35 -2172.81
  174 173.5 26.2798 0.0114062 -2232.89 -2121.24 -2176.84
  175 174.5 26.2633 0.011399 -2149.34 -2138.94 -2133.43
  176 175.5 26.2746 0.0114039 -2167.66 -2126.5 -2129.24
  177 176.5 26.2619 0.0113984 -2186.76 -2169.27 -2165.42
  178 177.5 26.2531 0.0113946 -2155.5 -2168.64 -2184.65
  179 178.5 26.2565 0.0113961 -2164.11 -2074.3 -2160.53
  180 179.5 26.2594 0.0113973 -2176.57 -2139.74 -2148.64
  181 180.5 26.2622 0.0113985 -2156.89 -2160.69 -2136.87
  182 181.5 26.2528 0.0113944 -2149.6 -2120.87 -2138.81
  183 182.5 26.2599 0.0113975 -2141.3 -2149.91 -2185.3
  184 183.5 26.2649 0.0113997 -2153.29 -2141.6 -2159.93
  185 184.5 26.2623 0.0113986 -2126.72 -2144.51 -2105.83
  186 185.5 26.2505 0.0113934 -2205.06 -2208.41 -2168.82
  187 186.5 26.2556 0.0113957 -2097.82 -2123.02 -2152.49
  188 187.5 26.2612 0.0113981 -2121.59 -2158.12 -2173.92
  189 188.5 26.2572 0.0113964 -2157.62 -2176.63 -2146.91
  190 189.5 26.2603 0.0113977 -2129.68 -2148.09 -2110.76
  191 190.5 26.2673 0.0114007 -2140.85 -2176.8 -2159.19
  192 191.5 26.2475 0.0113922 -2089.87 -2178.03 -2182.53
  193 192.5 26.2682 0.0114011 -2082.12 -2094.67 -2109.65
  194 193.5 26.2792 0.0114059 -2148.64 -2148.21 -2168.35
  195 194.5 26.2752 0.0114042 -2145.77 -2151.49 -2123.87
  196 195.5 26.2712 0.0114024 -2085.44 -2192.72 -2149.25
  197 196.5 26.292 0.0114115 -2151.61 -2146.25 -2148.9
  198 197.5 26.2856 0.0114087 -2167.32 -2162.58 -2115.22
  199 198.5 26.2998 0.0114148 -2219.1 -2226.92 -2161.06
  200 199.5 26.312 0.0114201 -2168.83 -2162.98 -2081.8
  201 200.5 26.3057 0.0114174 -2172.44 -2204.91 -2118.94
  202 201.5 26.3317 0.0114287 -2199.33 -2216.6 -2092.39
  203 202.5 26.321 0.011424 -2170.43 -2243.06 -2098.31
  204 203.5 26.3501 0.0114367 -2155.93 -2191.68 -2052.65
  205 204.5 26.3575 0.0114399 -2220.37 -2239.09 -2066.43
  206 205.5 26.3848 0.0114517 -2241.65 -2231.94 -2035.81
  207 206.5 26.4149 0.0114648 -2284.55 -2288.81 -2007.74
  208 207.5 26.4503 0.0114802 -2290.27 -2319.12 -2012.26
  209 208.5 26.503 0.011503 -2271.57 -2200.26 -1931.25
  210 209.5 26.5565 0.0115263 -2251.98 -2247.77 -1894.38
  211 210.5 26.6136 0.011551 -2296.47 -2301.7 -1911.34
  212 211.5 26.6949 0.0115863 -2289.26 -2292.28 -1884.56
  213 212.5 26.8122 0.0116373 -2184.6 -2257.27 -1733.62
  214 213.5 26.9098 0.0116796 -2284.39 -2280.08 -1766.65
  215 214.5 27.0417 0.0117369 -2221.49 -2240.41 -1724.33
  216 215.5 27.1944 0.0118031 -2189.73 -2254.1 -1669.35
  217 216.5 27.3842 0.0118855 -2162.81 -2124.01 -1636.68
  218 217.5 27.5776 0.0119694 -2070.73 -2091.01 -1614.77
  219 218.5 27.7963 0.0120644 -1997.2 -2025.29 -1602.41
  220 219.5 28.0661 0.0121815 -1928.93 -1927.34 -1577.07
  221 220.5 28.3145 0.0122893 -1826.07 -1811.21 -1581.11
  222 221.5 28.6135 0.0124191 -1702.05 -1689.86 -1628.21
  223 222.5 28.888 0.0125382 -1610.54 -1567.5 -1693.11
  224 223.5 29.2038 0.0126753 -1507.94 -1413.89 -1711.88
  225 224.5 29.509 0.0128077 -1354.64 -1277.36 -1739.79
  226 225.5 29.8018 0.0129348 -1193.08 -1169.54 -1792.89
  227 226.5 30.0846 0.0130575 -1143.47 -1112.36 -1883.56
  228 227.5 30.3856 0.0131882 -1082.37 -995.25 -1975.25
  229 228.5 30.6265 0.0132928 -1074.11 -981.038 -2024.47
  230 229.5 30.8548 0.0133918 -947.301 -970.894 -2051.22
  231 230.5 31.1118 0.0135034 -945.76 -889.009 -2102.52
  232 231.5 31.3253 0.013596 -973.483 -973.24 -2154.65
  233 232.5 31.4723 0.0136599 -972.94 -1004.62 -2055.48
  234 233.5 31.6551 0.0137392 -1046.66 -1040.83 -2169.93
  235 234.5 31.8101 0.0138065 -1132.43 -1070.02 -2185.86
  236 235.5 31.9212 0.0138547 -1218.1 -1198.15 -2133.4
  237 236.5 32.0313 0.0139025 -1262.44 -1201.09 -2051.92
  238 237.5 32.1146 0.0139386 -1316.65 -1361.93 -2130.11
  239 238.5 32.2156 0.0139825 -1401.09 -1283.18 -2038.09
  240 239.5 32.2476 0.0139964 -1424.2 -1375.73 -1996.34
  241 240.5 32.3216 0.0140285 -1487.89 -1458.84 -2042.14
  242 241.5 32.357 0.0140438 -1467.83 -1496.27 -1961.91
  243 242.5 32.4374 0.0140787 -1515.27 -1509.27 -1936.41
  244 243.5 32.4212 0.0140717 -1509.57 -1578.21 -1901.68
  245 244.5 32.4741 0.0140947 -1519.89 -1560.39 -1860.91
  246 245.5 32.5077 0.0141093 -1590.86 -1587.27 -1873.59
  247 246.5 32.5381 0.0141224 -1650.86 -1593.07 -1849.81
  248 247.5 32.5093 0.0141099 -1656.17 -1635.94 -1875.54
  249 248.5 32.5532 0.014129 -1603.38 -1651.01 -1781.31
  250 249.5 32.585 0.0141428 -1683.99 -1658.22 -1794.53
  251 250.5 32.5669 0.0141349 -1618.26 -1674.11 -1774.27
  252 251.5 32.5511 0.0141281 -1698.63 -1673.48 -1798.42
  253 252.5 32.6127 0.0141548 -1740.57 -1694.2 -1762.71
  254 253.5 32.5971 0.0141481 -1713.28 -1680.08 -1792.25
  255 254.5 32.5835 0.0141421 -1655.5 -1615.82 -1719.59
  256 255.5 32.5937 0.0141466 -1750.88 -1716.2 -1778.5
  257 256.5 32.6274 0.0141612 -1677.74 -1684.93 -1733.13
  258 257.5 32.5912 0.0141455 -1706.19 -1708.91 -1764.78
  259 258.5 32.6058 0.0141518 -1749.33 -1704.56 -1719.45
  260 259.5 32.6131 0.014155 -1723.43 -1723.95 -1719.15
  261 260.5 32.6069 0.0141523 -1683.17 -1757.57 -1756.36
  262 261.5 32.6051 0.0141515 -1680.27 -1698.92 -1740.38
  263 262.5 32.5909 0.0141454 -1688.48 -1697.26 -1748.19
  264 263.5 32.6303 0.0141625 -1665.31 -1718.92 -1739.14
  265 264.5 32.5999 0.0141493 -1657.33 -1729.13 -1730.3
  266 265.5 32.6254 0.0141603 -1713.6 -1771.37 -1713.1
  267 266.5 32.6082 0.0141529 -1719.59 -1753.83 -1757.31
  268 267.5 32.6236 0.0141596 -1733.58 -1661.69 -1708.22
  269 268.5 32.6179 0.0141571 -1752.26 -1638.58 -1740.93
  270 269.5 32.628 0.0141614 -1693.71 -1728.02 -1748.19
  271 270.5 32.6002 0.0141494 -1683.98 -1776.91 -1753
  272 271.5 32.6225 0.0141591 -1688.36 -1716.72 -1705.95
  273 272.5 32.6254 0.0141603 -1729.06 -1709.35 -1742.45
  274 273.5 32.6125 0.0141547 -1696.4 -1693.9 -1735.57
  275 274.5 32.6155 0.014156 -1711.76 -1684.12 -1697.08
  276 275.5 32.614 0.0141554 -1685.83 -1692.94 -1730.33
  277 276.5 32.615 0.0141558 -1716.85 -1679.17 -1763.96
  278 277.5 32.6087 0.0141531 -1664.34 -1720.07 -1721.36
  279 278.5 32.6029 0.0141506 -1705.32 -1715.75 -1712.19
  280 279.5 32.6376 0.0141656 -1736.92 -1743.2 -1713.01
  281 280.5 32.6097 0.0141535 -1786.13 -1780.34 -1751.82
  282 281.5 32.6082 0.0141529 -1775.37 -1724.38 -1677.22
  283 282.5 32.6249 0.0141601 -1801.99 -1797.1 -1754.3
  284 283.5 32.6379 0.0141658 -1797.62 -1790.99 -1754.3
  285 284.5 32.6106 0.0141539 -1739.21 -1735.32 -1675.22
  286 285.5 32.605 0.0141515 -1741.9 -1760.29 -1698.45
  287 286.5 32.6428 0.0141679 -1711.66 -1665.66 -1782.38
  288 287.5 32.6362 0.014165 -1675.4 -1689.76 -1705.85
  289 288.5 32.5816 0.0141413 -1748.26 -1693.9 -1713.46
  290 289.5 32.6386 0.0141661 -1698.11 -1691.39 -1699
  291 290.5 32.6358 0.0141648 -1717.21 -1694.18 -1764.28
  292 291.5 32.6193 0.0141577 -1685.71 -1701.74 -1684.36
  293 292.5 32.6269 0.014161 -1704.14 -1717.67 -1752.77
  294 293.5 32.6388 0.0141661 -1718.44 -1718.66 -1755.64
  295 294.5 32.6393 0.0141664 -1651.74 -1711.46 -1716.47
  296 295.5 32.6297 0.0141622 -1692.74 -1700 -1692.12
  297 296.5 32.6678 0.0141787 -1731.77 -1730.84 -1709.62
  298 297.5 32.6518 0.0141718 -1746.74 -1763.35 -1717.63
  299 298.5 32.6446 0.0141687 -1768.39 -1751.52 -1749.15
  300 299.5 32.6568 0.014174 -1800.98 -1789.24 -1768.99
  301 300.5 32.6572 0.0141742 -1756.5 -1722.46 -1658.15
  302 301.5 32.6705 0.0141799 -1755.31 -1735.9 -1767.92
  303 302.5 32.6724 0.0141807 -1807.45 -1707.36 -1758.95
  304 303.5 32.6491 0.0141706 -1794.99 -1758.52 -1711.21
  305 304.5 32.6815 0.0141847 -1695.79 -1705.72 -1700.22
  306 305.5 32.6934 0.0141899 -1736.32 -1776.51 -1762.82
  307 306.5 32.6843 0.0141859 -1746.83 -1778.69 -1692.25
  308 307.5 32.6782 0.0141832 -1786.15 -1800.02 -1771.09
  309 308.5 32.7011 0.0141932 -1727.89 -1783.34 -1765.63
  310 309.5 32.7042 0.0141945 -1764.1 -1711.73 -1714.89
  311 310.5 32.6798 0.0141839 -1758.49 -1729.88 -1697.78
  312 311.5 32.699 0.0141923 -1742.56 -1765.96 -1757.48
  313 312.5 32.6992 0.0141924 -1748.72 -1755.47 -1766.6
  314 313.5 32.691 0.0141888 -1749.55 -1709.21 -1677.35
  315 314.5 32.7007 0.014193 -1810.93 -1814.67 -1744.12
  316 315.5 32.705 0.0141949 -1781.59 -1715.41 -1749.95
  317 316.5 32.6796 0.0141839 -1746.61 -1760.9 -1763.55
  318 317.5 32.6823 0.014185 -1761.55 -1657.89 -1679.74
  319 318.5 32.7136 0.0141986 -1672.47 -1698.6 -1714.77
  320 319.5 32.6836 0.0141856 -1740.77 -1752.79 -1768.99
  321 320.5 32.6636 0.0141769 -1748.97 -1751.82 -1720.82
  322 321.5 32.6948 0.0141905 -1713.59 -1742.83 -1754.98
  323 322.5 32.6972 0.0141915 -1670.2 -1692.97 -1718.82
  324 323.5 32.6653 0.0141776 -1688.54 -1671.55 -1713.91
  325 324.5 32.6758 0.0141822 -1650.31 -1663.94 -1715.5
  326 325.5 32.6883 0.0141876 -1645.27 -1646.73 -1749.17
  327 326.5 32.6788 0.0141835 -1688.25 -1698.93 -1674.22
  328 327.5 32.6626 0.0141765 -1763.65 -1758.18 -1725.71
  329 328.5 32.6751 0.0141819 -1703.77 -1722.06 -1776.99
  330 329.5 32.6695 0.0141795 -1737.65 -1739.37 -1714.97
  331 330.5 32.6546 0.014173 -1780.2 -1781.46 -1728.11
  332 331.5 32.6621 0.0141762 -1736.8 -1704.91 -1681.57
  333 332.5 32.6719 0.0141805 -1754.59 -1738.67 -1769.56
  334 333.5 32.6584 0.0141747 -1716.63 -1759.74 -1716.67
  335 334.5 32.6476 0.01417 -1672.62 -1752.76 -1690.45
  336 335.5 32.6645 0.0141773 -1761.82 -1809.93 -1743.46
  337 336.5 32.69 0.0141884 -1741.26 -1753.56 -1735.4
  338 337.5 32.6247 0.01416 -1790.34 -1707 -1687.31
  339 338.5 32.6578 0.0141744 -1754.28 -1692.52 -1757.25
  340 339.5 32.6696 0.0141795 -1723.98 -1751.47 -1742.38
  341 340.5 32.663 0.0141766 -1736.55 -1718.41 -1730.92
  342 341.5 32.649 0.0141706 -1730.3 -1694.26 -1657.5
  343 342.5 32.6562 0.0141737 -1734.83 -1737.79 -1788.32
  344 343.5 32.6702 0.0141798 -1693.18 -1711.88 -1718.9
  345 344.5 32.6476 0.01417 -1695.26 -1750.55 -1734.83
  346 345.5 32.6696 0.0141795 -1752.69 -1737.59 -1703.31
  347 346.5 32.6526 0.0141721 -1746.78 -1732.94 -1730.15
  348 347.5 32.6543 0.0141729 -1828.2 -1712.41 -1770.49
  349 348.5 32.6523 0.014172 -1802.79 -1761.79 -1700.71
  350 349.5 32.6453 0.014169 -1831.64 -1708.84 -1723.47
  351 350.5 32.6505 0.0141712 -1762.48 -1755.02 -1744.03
  352 351.5 32.6472 0.0141698 -1763.65 -1754.69 -1699.2
  353 352.5 32.6356 0.0141647 -1834.39 -1820.87 -1749.15
  354 353.5 32.6407 0.014167 -1813.33 -1784.51 -1719.33
  355 354.5 32.6475 0.0141699 -1787.1 -1706.32 -1707.02
  356 355.5 32.6175 0.0141569 -1799.68 -1696.23 -1751.17
  357 356.5 32.6457 0.0141691 -1765.54 -1789.55 -1721.9
  358 357.5 32.6457 0.0141691 -1776.22 -1748.22 -1693.61
  359 358.5 32.6451 0.0141689 -1812.12 -1794.55 -1726.79
  360 359.5 32.6091 0.0141532 -1788.32 -1789.21 -1756.36
  361 360.5 32.6625 0.0141764 -1722.76 -1706.83 -1730.89
  362 361.5 32.6373 0.0141655 -1691.67 -1733.05 -1714.58
  363 362.5 32.6285 0.0141617 -1644.19 -1725.37 -1705.6
  364 363.5 32.6317 0.0141631 -1713.94 -1776.9 -1805.49
  365 364.5 32.6637 0.014177 -1717.24 -1737.76 -1684.36
  366 365.5 32.6278 0.0141614 -1733.58 -1694.29 -1692.87
  367 366.5 32.6377 0.0141656 -1736.49 -1770.82 -1746.16
  368 367.5 32.6423 0.0141677 -1737.86 -1654.54 -1768.79
  369 368.5 32.6303 0.0141624 -1707.62 -1742.96 -1712.75
  370 369.5 32.6436 0.0141682 -1716.5 -1703.38 -1676.69
  371 370.5 32.6221 0.0141589 -1818.31 -1755.02 -1785.6
  372 371.5 32.6397 0.0141665 -1792.46 -1741.98 -1744.18
  373 372.5 32.6522 0.0141719 -1798.45 -1724.63 -1732.18
  374 373.5 32.6057 0.0141518 -1748.07 -1739.52 -1738.46
  375 374.5 32.623 0.0141593 -1700.27 -1702.09 -1697.16
  376 375.5 32.6422 0.0141676 -1677.03 -1731.03 -1741.86
  377 376.5 32.6313 0.0141629 -1679.86 -1666.28 -1740.44
  378 377.5 32.599 0.0141489 -1729.98 -1749.94 -1731.25
  379 378.5 32.6456 0.0141691 -1759.18 -1706.96 -1723.61
  380 379.5 32.637 0.0141654 -1727.87 -1712.52 -1725.23
  381 380.5 32.6163 0.0141564 -1728.39 -1768.8 -1781.78
  382 381.5 32.6193 0.0141577 -1710.39 -1717.36 -1697.32
  383 382.5 32.6403 0.0141668 -1698.63 -1728.9 -1747.63
  384 383.5 32.6029 0.0141506 -1712.56 -1730.38 -1764
  385 384.5 32.6117 0.0141544 -1720.07 -1779.97 -1699.97
  386 385.5 32.6154 0.014156 -1721.52 -1742.08 -1740.61
  387 386.5 32.6177 0.014157 -1752.83 -1767.66 -1714.44
  388 387.5 32.6067 0.0141522 -1801.74 -1789.11 -1749.99
  389 388.5 32.597 0.014148 -1744.65 -1799.42 -1784.65
  390 389.5 32.6048 0.0141514 -1691.22 -1725.91 -1712.6
  391 390.5 32.588 0.0141441 -1748.73 -1809.49 -1739.38
  392 391.5 32.5814 0.0141412 -1682.27 -1744.15 -1762.76
  393 392.5 32.5848 0.0141427 -1613.26 -1734.14 -1782.45
  394 393.5 32.5921 0.0141459 -1604.27 -1700.68 -1726.14
  395 394.5 32.5696 0.0141361 -1717.03 -1792.42 -1740.94
  396 395.5 32.5687 0.0141357 -1700.29 -1823.83 -1764.53
  397 396.5 32.5651 0.0141342 -1660.11 -1659.44 -1773.42
  398 397.5 32.547 0.0141263 -1639.05 -1710.26 -1838.61
  399 398.5 32.525 0.0141168 -1688.41 -1755.33 -1822.15
  400 399.5 32.5474 0.0141265 -1631.75 -1649.22 -1731.1
  401 400.5 32.531 0.0141193 -1704.11 -1700.72 -1852.62
  402 401.5 32.4828 0.0140984 -1642.26 -1615.98 -1851.58
  403 402.5 32.473 0.0140942 -1564.21 -1511.02 -1877.97
  404 403.5 32.4627 0.0140897 -1527.24 -1492.21 -1897.08
  405 404.5 32.4272 0.0140743 -1612.6 -1565.46 -1924.64
  406 405.5 32.3891 0.0140578 -1553.08 -1527.38 -1958.21
  407 406.5 32.3512 0.0140413 -1466.68 -1440.9 -1937.1
  408 407.5 32.321 0.0140282 -1381.48 -1448.4 -1989.29
  409 408.5 32.2276 0.0139877 -1347.63 -1408.57 -2012.97
  410 409.5 32.1835 0.0139686 -1322.33 -1347.42 -2063.52
  411 410.5 32.0772 0.0139224 -1207.62 -1264.32 -2109.64
  412 411.5 31.9988 0.0138884 -1207.93 -1278.46 -2123.99
  413 412.5 31.8949 0.0138433 -1114.76 -1218.6 -2072.83
  414 413.5 31.769 0.0137886 -1183.25 -1187.12 -2128.17
  415 414.5 31.6034 0.0137168 -1124.39 -1154.14 -2204.58
  416 415.5 31.4572 0.0136533 -1066.61 -1041.34 -2066.38
  417 416.5 31.2876 0.0135797 -1084.64 -1039.69 -2138.98
  418 417.5 31.0494 0.0134763 -1011.61 -1005.97 -2098.37
  419 418.5 30.8259 0.0133793 -1054.21 -1073.33 -2094.47
  420 419.5 30.6038 0.0132829 -1087.02 -1093.59 -1991.89
  421 420.5 30.3617 0.0131778 -1090.67 -1130.65 -1902.05
  422 421.5 30.0504 0.0130427 -1140.96 -1121.7 -1903.77
  423 422.5 29.7643 0.0129185 -1209.43 -1237.49 -1866.41
  424 423.5 29.4574 0.0127853 -1248.59 -1337.92 -1764.58
  425 424.5 29.2026 0.0126747 -1351.47 -1336.76 -1718.33
  426 425.5 28.8762 0.0125331 -1466.15 -1525.18 -1633.51
  427 426.5 28.5763 0.0124029 -1641.94 -1643.46 -1648.91
  428 427.5 28.309 0.0122869 -1687.83 -1737.32 -1588.98
  429 428.5 28.0497 0.0121743 -1864.14 -1905.55 -1598.4
  430 429.5 27.7973 0.0120648 -2015.47 -2012.96 -1601.99
  431 430.5 27.591 0.0119753 -2133.53 -2145.94 -1614.43
  432 431.5 27.3713 0.0118799 -2187.84 -2185.32 -1652.98
  433 432.5 27.1966 0.0118041 -2255.5 -2274.63 -1623.62
  434 433.5 27.0645 0.0117467 -2317.58 -2324.77 -1752.29
  435 434.5 26.9305 0.0116886 -2294.96 -2303.6 -1729.96
  436 435.5 26.8055 0.0116343 -2294.16 -2308.51 -1808.93
  437 436.5 26.7068 0.0115915 -2276.07 -2289.24 -1869.88
  438 437.5 26.6497 0.0115667 -2276.54 -2218.44 -1859.82
  439 438.5 26.5669 0.0115308 -2280.22 -2254.65 -1954.01
  440 439.5 26.5186 0.0115098 -2274.38 -2272.23 -1972.2
  441 440.5 26.4642 0.0114862 -2335.51 -2277.16 -2014.94
  442 441.5 26.4277 0.0114703 -2214.74 -2303.83 -2051.99
  443 442.5 26.3986 0.0114577 -2197.81 -2211.1 -2058.79
  444 443.5 26.3605 0.0114412 -2172.12 -2258.28 -2096.99
  445 444.5 26.3356 0.0114304 -2218.27 -2273.66 -2133.25
  446 445.5 26.3206 0.0114239 -2164.27 -2179.32 -2113.76
  447 446.5 26.2747 0.011404 -2174.75 -2165.34 -2186.9
  448 447.5 26.2597 0.0113974 -2115.7 -2101.6 -2168.83
  449 448.5 26.2358 0.0113871 -2112.31 -2104.29 -2257.51
  450 449.5 26.1997 0.0113714 -2107.48 -2082.36 -2240.42
  451 450.5 26.1637 0.0113558 -2043.59 -2092.17 -2265.73
  452 451.5 26.14 0.0113455 -2081.81 -2099.96 -2276.39
  453 452.5 26.0887 0.0113232 -2018.56 -2017.58 -2339.46
  454 453.5 26.0344 0.0112996 -1967.34 -1974.26 -2403.39
  455 454.5 25.9718 0.0112725 -1936.36 -1988.09 -2449.07
  456 455.5 25.8999 0.0112413 -1910.49 -1945.37 -2476.61
  457 456.5 25.8028 0.0111991 -1851.06 -1849.28 -2491.13
  458 457.5 25.6967 0.0111531 -1775.05 -1839.83 -2599.15
  459 458.5 25.5495 0.0110892 -1683.5 -1695.83 -2611.72
  460 459.5 25.3775 0.0110145 -1660.26 -1624.17 -2703.38
  461 460.5 25.1742 0.0109263 -1555.09 -1543.32 -2775.98
  462 461.5 24.9538 0.0108306 -1485.78 -1508 -2821.43
  463 462.5 24.6717 0.0107082 -1397.99 -1420.2 -2793.66
  464 463.5 24.3112 0.0105517 -1354 -1336.44 -2918.48
  465 464.5 23.914 0.0103793 -1276.04 -1299.07 -2929.25
  466 465.5 23.4399 0.0101736 -1207.62 -1151 -2997.45
  467 466.5 22.9221 0.00994884 -1151.57 -1134.2 -2977.67
  468 467.5 22.3172 0.0096863 -1127.8 -1155.76 -2939.34
  469 468.5 21.6119 0.00938018 -1112.05 -1147.3 -2973.22
  470 469.5 20.8588 0.00905332 -1215.59 -1238.69 -2980.73
  471 470.5 20.0317 0.00869432 -1215.99 -1264.75 -2971.71
  472 471.5 19.1453 0.00830958 -1400.25 -1415.55 -2952.17
  473 472.5 18.2023 0.0079003 -1629.79 -1624.3 -2937.08
  474 473.5 17.1849 0.00745873 -1852.53 -1886.56 -2974.42
  475 474.5 16.1706 0.00701848 -2101.02 -2109.1 -2980.85
  476 475.5 15.1599 0.00657982 -2573.17 -2506.8 -3143.05
  477 476.5 14.1251 0.0061307 -2853.57 -2917.99 -3235.89
  478 477.5 13.1105 0.00569034 -3285.27 -3326.44 -3384.96
  479 478.5 12.1706 0.00528238 -3827.41 -3881.63 -3650.92
  480 479.5 11.2417 0.00487919 -4367.51 -4315.51 -3894.11
  481 480.5 10.3681 0.00450006 -4934.06 -4880.8 -4269.6
  482 481.5 9.5726 0.00415478 -5460.64 -5509.08 -4643.93
  483 482.5 8.83664 0.00383535 -6082.87 -6158.15 -5092.43
  484 483.5 8.16133 0.00354224 -6728.56 -6829.99 -5609.11
  485 484.5 7.55799 0.00328038 -7330.87 -7452.17 -6135.31
  486 485.5 7.00847 0.00304187 -8070.65 -8153.37 -6758.45
  487 486.5 6.53245 0.00283527 -8747.47 -8825.41 -7398.99
  488 487.5 6.1095 0.00265169 -9408.22 -9567.79 -8057.65
  489 488.5 5.72907 0.00248658 -10025.1 -10134.1 -8716.31
  490 489.5 5.41473 0.00235014 -10702.1 -10725.3 -9370.39
  491 490.5 5.13854 0.00223027 -11259.5 -11327.3 -10055.4
  492 491.5 4.90806 0.00213023 -11857.6 -11815.8 -10624
  493 492.5 4.70967 0.00204413 -12353.6 -12356 -11177.6
  494 493.5 4.53969 0.00197035 -12888.8 -12836.6 -11766.5
  495 494.5 4.3957 0.00190786 -13266.3 -13229.3 -12281.6
  496 495.5 4.28429 0.0018595 -13596.8 -13586.8 -12704.2
  497 496.5 4.18811 0.00181775 -13846.4 -13856.8 -13028.5
  498 497.5 4.09942 0.00177926 -14118.2 -14130 -13463
  499 498.5 4.03638 0.0017519 -14303.4 -14366 -13708
  500 499.5 3.98299 0.00172873 -14477.8 -14550.3 -13944.8
  501 500.5 3.93551 0.00170812 -14716.8 -14704.7 -14197.7
  502 501.5 3.89692 0.00169137 -14889.7 -14813.7 -14380
  503 502.5 3.8643 0.00167721 -14904.4 -14902.1 -14503
  504 503.5 3.83654 0.00166516 -15009 -14971.7 -14689.3
  505 504.5 3.81427 0.0016555 -15027 -15016.4 -14804.8
  506 505.5 3.8011 0.00164978 -15044.5 -15151.4 -14834.5
  507 506.5 3.7846 0.00164262 -15112 -15159.1 -14955.8
  508 507.5 3.77462 0.00163829 -15192.3 -15224.4 -14992.1
  509 508.5 3.76831 0.00163555 -15241.8 -15266.7 -15005.5
  510 509.5 3.75257 0.00162872 -15351.6 -15375.7 -15119.5
  511 510.5 3.73769 0.00162226 -15312.8 -15277.4 -15167.7
  512 511.5 3.73475 0.00162099 -15359.9 -15273 -15240.4
  513 512.5 3.72871 0.00161836 -15306.1 -15286.3 -15177.5
  514 513.5 3.73016 0.00161899 -15321.1 -15266.2 -15190.1
  515 514.5 3.72446 0.00161652 -15344.4 -15328.3 -15234.7
  516 515.5 3.7282 0.00161814 -15324.4 -15230.5 -15198.5
  517 516.5 3.73314 0.00162029 -15312.9 -15293.3 -15231.3
  518 517.5 3.72239 0.00161562 -15357.9 -15208.3 -15286.3
  519 518.5 3.72417 0.00161639 -15349.5 -15321.9 -15240.2
  520 519.5 3.72778 0.00161796 -15359.4 -15376.8 -15276.1
  521 520.5 3.72229 0.00161558 -15364 -15382.6 -15230.8
  522 521.5 3.72206 0.00161548 -15362.5 -15324.7 -15283.6
  523 522.5 3.71471 0.00161229 -15380.7 -15289.2 -15302.4
  524 523.5 3.71902 0.00161416 -15333.6 -15286.4 -15277.7
  525 524.5 3.71886 0.00161409 -15305.1 -15290.6 -15281.4
  526 525.5 3.71886 0.00161409 -15333.9 -15359.2 -15257.3
  527 526.5 3.71842 0.0016139 -15292.1 -15265.7 -15243
  528 527.5 3.70366 0.00160749 -15379 -15324.5 -15407.8
  529 528.5 3.71417 0.00161205 -15402.7 -15248.5 -15295.3
  530 529.5 3.71316 0.00161161 -15347.8 -15259.8 -15308.8
  531 530.5 3.71653 0.00161308 -15325.3 -15122.5 -15249.1
  532 531.5 3.7031 0.00160725 -15353.9 -15179.9 -15354.9
  533 532.5 3.70983 0.00161017 -15279.7 -15273.8 -15335.2
  534 533.5 3.70437 0.0016078 -15320 -15286.1 -15327.3
  535 534.5 3.70837 0.00160953 -15274.8 -15301.7 -15330.9
  536 535.5 3.70892 0.00160978 -15255.3 -15331.6 -15265.3
  537 536.5 3.70788 0.00160932 -15365.9 -15280.7 -15303.6
  538 537.5 3.71588 0.0016128 -15228.9 -15178 -15272.6
  539 538.5 3.71563 0.00161269 -15282 -15249 -15346.2
  540 539.5 3.72413 0.00161638 -15188 -15253.3 -15270.5
  541 540.5 3.7265 0.0016174 -15216.3 -15274.8 -15277.7
  542 541.5 3.72737 0.00161778 -15127.3 -15327.3 -15193.9
  543 542.5 3.72457 0.00161657 -15169.5 -15285 -15226.5
  544 543.5 3.72206 0.00161548 -15176.9 -15288.2 -15326.5
  545 544.5 3.73299 0.00162022 -15180.2 -15178.1 -15247.9
  546 545.5 3.7394 0.001623 -15156 -15195.8 -15152.1
  547 546.5 3.73612 0.00162158 -15116.4 -15268.1 -15241.1
  548 547.5 3.74823 0.00162683 -15094.6 -15295.1 -15142.5
  549 548.5 3.74222 0.00162423 -15109.2 -15277.5 -15231.6
  550 549.5 3.73449 0.00162087 -15183.5 -15293.3 -15215.3
  551 550.5 3.73366 0.00162051 -15154.3 -15297.7 -15236.2
  552 551.5 3.73749 0.00162217 -15148.4 -15118 -15195.9
  553 552.5 3.73508 0.00162113 -15094.3 -15155 -15164.8
  554 553.5 3.73269 0.00162009 -15196.5 -15076.8 -15249.2
  555 554.5 3.73539 0.00162126 -15230.3 -15152.3 -15232.8
  556 555.5 3.74449 0.00162521 -15195.8 -15154.3 -15157.5
  557 556.5 3.74306 0.00162459 -15100.9 -15178.1 -15180.9
  558 557.5 3.73554 0.00162133 -15104 -15289.3 -15212.3
  559 558.5 3.73116 0.00161943 -15093.9 -15219.7 -15256.6
  560 559.5 3.73697 0.00162195 -15109 -15207.8 -15183.7
  561 560.5 3.73477 0.00162099 -15158.3 -15296.6 -15224.2
  562 561.5 3.73245 0.00161999 -15110.7 -15242.8 -15262.8
  563 562.5 3.74156 0.00162394 -15127.2 -15098.8 -15159.8
  564 563.5 3.73681 0.00162188 -15144.4 -15193.9 -15212.9
  565 564.5 3.73369 0.00162053 -15097.9 -15160.9 -15216.7
  566 565.5 3.73862 0.00162266 -15044.1 -15059.2 -15184
  567 566.5 3.74209 0.00162417 -15072.1 -15101.8 -15206.4
  568 567.5 3.74279 0.00162448 -15130.3 -15204.3 -15227.3
  569 568.5 3.73264 0.00162007 -15081.4 -15107.4 -15203.9
  570 569.5 3.73566 0.00162138 -15206.1 -15218.4 -15221.9
  571 570.5 3.73482 0.00162102 -15172.3 -15219.5 -15228.1
  572 571.5 3.72574 0.00161707 -15179.3 -15247.3 -15230.6
  573 572.5 3.71989 0.00161453 -15230 -15313.1 -15303.8
  574 573.5 3.7211 0.00161506 -15144.3 -15365.2 -15263.9
  575 574.5 3.71235 0.00161126 -15244.2 -15413 -15294.9
  576 575.5 3.71798 0.0016137 -15266.5 -15362.5 -15301.4
  577 576.5 3.72298 0.00161587 -15311.2 -15314.1 -15230.3
  578 577.5 3.71469 0.00161228 -15268.1 -15261 -15323.1
  579 578.5 3.71813 0.00161377 -15280.6 -15371.4 -15259.7
  580 579.5 3.71704 0.0016133 -15254.3 -15320.2 -15272.9
  581 580.5 3.70573 0.00160839 -15351.1 -15369.1 -15385
  582 581.5 3.70987 0.00161018 -15382.9 -15384 -15296.9
  583 582.5 3.70676 0.00160884 -15314 -15358 -15346.7
  584 583.5 3.70973 0.00161013 -15278.8 -15332.8 -15323.1
  585 584.5 3.7036 0.00160747 -15172 -15180.2 -15291.2
  586 585.5 3.70289 0.00160716 -15229.5 -15264.9 -15381.3
  587 586.5 3.69541 0.00160391 -15248.2 -15274.8 -15386.8
  588 587.5 3.69106 0.00160202 -15310.8 -15332.2 -15419.1
  589 588.5 3.69177 0.00160233 -15271.2 -15346.4 -15377.2
  590 589.5 3.68942 0.00160131 -15344.4 -15374.8 -15382.5
  591 590.5 3.69628 0.00160429 -15303.3 -15376.1 -15360
  592 591.5 3.69465 0.00160358 -15392.8 -15380.8 -15373.2
  593 592.5 3.70545 0.00160827 -15261.2 -15396.3 -15340.1
  594 593.5 3.70472 0.00160795 -15376.1 -15431.7 -15334.1
  595 594.5 3.70323 0.0016073 -15334.3 -15383.4 -15344.8
  596 595.5 3.70182 0.00160669 -15342.6 -15407.1 -15319
  597 596.5 3.69723 0.0016047 -15350.3 -15361.2 -15415.3
  598 597.5 3.7083 0.00160951 -15435.7 -15401.4 -15315.4
  599 598.5 3.70718 0.00160902 -15383.1 -15484.7 -15314.8
  600 599.5 3.70842 0.00160956 -15307.2 -15407.4 -15296.3
  601 600.5 3.70554 0.00160831 -15354.1 -15469.1 -15351.7
  602 601.5 3.71209 0.00161115 -15343.2 -15422.9 -15317.7
  603 602.5 3.71574 0.00161273 -15322 -15429.3 -15321.8
  604 603.5 3.70742 0.00160912 -15278.4 -15443.6 -15352.5
  605 604.5 3.72446 0.00161652 -15291.7 -15320.9 -15273.7
  606 605.5 3.72859 0.00161831 -15253.7 -15260.7 -15234.2
  607 606.5 3.72353 0.00161612 -15293.6 -15320.4 -15263.1
  608 607.5 3.7343 0.00162079 -15239.9 -15345.8 -15209.9
  609 608.5 3.72019 0.00161466 -15278.3 -15378.3 -15282.9
  610 609.5 3.71992 0.00161455 -15284.9 -15399.9 -15285.7
  611 610.5 3.72139 0.00161518 -15286.8 -15345.9 -15265.3
  612 611.5 3.70877 0.00160971 -15261.2 -15341.4 -15360.1
  613 612.5 3.71243 0.0016113 -15236.6 -15310 -15293.4
  614 613.5 3.70195 0.00160675 -15349.8 -15224.5 -15370.8
  615 614.5 3.70034 0.00160605 -15396.2 -15330.3 -15363.7
  616 615.5 3.70097 0.00160632 -15378.3 -15327.5 -15363.7
  617 616.5 3.69765 0.00160488 -15276 -15226.9 -15322.5
  618 617.5 3.69122 0.00160209 -15389.9 -15388.9 -15391.1
  619 618.5 3.69416 0.00160337 -15348.2 -15356.2 -15391.9
  620 619.5 3.701 0.00160634 -15372.4 -15356.3 -15332.5
  621 620.5 3.70012 0.00160595 -15396.1 -15288.1 -15364.2
  622 621.5 3.71213 0.00161117 -15365.8 -15313.2 -15252.2
  623 622.5 3.71544 0.0016126 -15386.1 -15328.9 -15319.8
  624 623.5 3.71232 0.00161125 -15366.8 -15340.5 -15299.2
120000000 624 13278.000000000011
  1 0.5 3.7381 0.00162244 -15211.2 -15183.7 -15205.5
  2 1.5 3.74136 0.00162385 -15211.3 -15166.5 -15229.8
  3 2.5 3.74143 0.00162388 -15222.3 -15189 -15237.6
  4 3.5 3.74129 0.00162382 -15239.5 -15241.1 -15228.2
  5 4.5 3.74567 0.00162572 -15275.1 -15181 -15207.2
  6 5.5 3.73919 0.00162291 -15253 -15174.9 -15258.8
  7 6.5 3.7465 0.00162608 -15298 -15244.3 -15185.7
  8 7.5 3.73489 0.00162105 -15223.1 -15267.6 -15252.2
  9 8.5 3.74458 0.00162525 -15298.7 -15183.1 -15203.8
  10 9.5 3.73498 0.00162109 -15287.5 -15239.9 -15245.4
  11 10.5 3.74013 0.00162332 -15253.6 -15248.9 -15220.9
  12 11.5 3.7327 0.0016201 -15252.4 -15226.8 -15253.4
  13 12.5 3.73147 0.00161956 -15276 -15181.5 -15270.6
  14 13.5 3.73685 0.0016219 -15201.5 -15085.9 -15247.5
  15 14.5 3.74339 0.00162474 -15154.5 -15173.3 -15206.1
  16 15.5 3.74466 0.00162529 -15180.7 -15088.9 -15190.7
  17 16.5 3.7365 0.00162175 -15196.3 -15193 -15243.3
  18 17.5 3.75202 0.00162848 -15148 -15184.7 -15155.9
  19 18.5 3.75383 0.00162927 -15235 -15164.6 -15177.7
  20 19.5 3.76004 0.00163196 -15184.3 -15169.2 -15097
  21 20.5 3.76811 0.00163546 -15210.2 -15124.4 -15082
  22 21.5 3.76839 0.00163559 -15128.1 -15120.6 -15097
  23 22.5 3.7699 0.00163624 -15070 -15111.5 -15084.6
  24 23.5 3.78871 0.00164441 -15147.6 -15046.3 -14990.7
  25 24.5 3.79797 0.00164843 -15050.4 -14937.9 -14930.3
  26 25.5 3.80225 0.00165028 -15057.3 -15014.7 -14921.2
  27 26.5 3.81428 0.0016555 -15041.9 -15030.9 -14808.3
  28 27.5 3.83445 0.00166426 -15037.2 -14973.8 -14701.9
  29 28.5 3.85404 0.00167276 -14896.3 -15043.1 -14625
  30 29.5 3.87701 0.00168273 -14800.3 -14818 -14479.7
  31 30.5 3.9056 0.00169514 -14691.1 -14790.5 -14396.1
  32 31.5 3.94539 0.00171241 -14576.4 -14576 -14135.9
  33 32.5 4.00466 0.00173814 -14432.3 -14394.6 -13830.4
  34 33.5 4.06768 0.00176548 -14275.1 -14191.7 -13540.3
  35 34.5 4.1397 0.00179675 -13956 -14059.9 -13286.4
  36 35.5 4.23787 0.00183936 -13766.6 -13736.3 -12858.1
  37 36.5 4.35995 0.00189234 -13551.3 -13482 -12372.4
  38 37.5 4.50793 0.00195657 -13049.3 -13010 -11820.3
  39 38.5 4.67495 0.00202906 -12641.6 -12651.9 -11291.5
  40 39.5 4.86394 0.00211108 -12119.5 -12163.6 -10708.2
  41 40.5 5.12793 0.00222566 -11508.7 -11535.9 -9933.32
  42 41.5 5.41404 0.00234984 -10832.1 -10921.3 -9290.63
  43 42.5 5.77116 0.00250484 -10202.1 -10182.5 -8553.81
  44 43.5 6.15984 0.00267354 -9454 -9379.76 -7900.93
  45 44.5 6.61908 0.00287286 -8661.36 -8711.08 -7209.34
  46 45.5 7.14945 0.00310306 -7880.69 -7862.05 -6486.34
  47 46.5 7.73001 0.00335504 -7099.6 -7087.77 -5915.25
  48 47.5 8.35269 0.0036253 -6375.55 -6476.39 -5550.83
  49 48.5 9.03493 0.00392141 -5722.94 -5758.81 -5045.03
  50 49.5 9.76359 0.00423767 -5130.07 -5100.3 -4671.65
  51 50.5 10.5486 0.00457836 -4552.24 -4608.57 -4401.58
  52 51.5 11.3758 0.00493743 -4048.91 -4048.29 -4082.88
  53 52.5 12.2093 0.00529916 -3579.76 -3520.1 -3861.92
  54 53.5 13.0582 0.00566762 -3229.91 -3133.46 -3754.75
  55 54.5 13.9259 0.00604424 -2852.11 -2871.92 -3658.44
  56 55.5 14.8115 0.00642862 -2537.06 -2529.59 -3462.69
  57 56.5 15.6643 0.00679873 -2349.9 -2260.19 -3422.52
  58 57.5 16.5283 0.00717376 -2112.37 -2062.19 -3271.47
  59 58.5 17.3378 0.00752508 -1991.72 -1943.93 -3270.82
  60 59.5 18.1603 0.00788206 -1864.3 -1814.88 -3188.04
  61 60.5 18.9489 0.00822434 -1730.16 -1737.43 -3112.17
  62 61.5 19.6925 0.00854709 -1650.1 -1634.86 -3042.88
  63 62.5 20.3975 0.00885308 -1624.57 -1609.37 -3009.08
  64 63.5 21.0691 0.00914457 -1582.87 -1550.95 -3000.72
  65 64.5 21.6965 0.00941689 -1522.39 -1514.27 -2914.31
  66 65.5 22.2816 0.00967083 -1477.55 -1449.45 -2859.69
  67 66.5 22.8155 0.00990256 -1487.87 -1458.65 -2859.72
  68 67.5 23.286 0.0101067 -1506.84 -1488.32 -2803.15
  69 68.5 23.7271 0.0102982 -1525.25 -1485.42 -2794.04
  70 69.5 24.1101 0.0104645 -1514.78 -1518.92 -2741.31
  71 70.5 24.4441 0.0106094 -1540.27 -1560.65 -2741.76
  72 71.5 24.7265 0.010732 -1573.89 -1583.6 -2670.44
  73 72.5 24.9808 0.0108424 -1606.43 -1683.09 -2687.23
  74 73.5 25.2087 0.0109413 -1668 -1706.2 -2590.45
  75 74.5 25.3782 0.0110149 -1734.22 -1766.11 -2602.2
  76 75.5 25.5182 0.0110756 -1827.07 -1832.13 -2578.09
  77 76.5 25.6585 0.0111365 -1858.77 -1875.25 -2481.54
  78 77.5 25.7773 0.0111881 -1869.72 -1878.11 -2474.6
  79 78.5 25.8332 0.0112123 -1984.97 -1924.37 -2460.52
  80 79.5 25.912 0.0112465 -1965.35 -1962.36 -2386.53
  81 80.5 25.9962 0.0112831 -2002.66 -2003.09 -2326.87
  82 81.5 26.0406 0.0113023 -2032.35 -1989.61 -2339.13
  83 82.5 26.0445 0.011304 -2048.18 -2111.16 -2340.52
  84 83.5 26.1012 0.0113287 -2027.68 -2060.83 -2321.37
  85 84.5 26.1397 0.0113454 -2070.32 -2049.95 -2246.85
  86 85.5 26.1477 0.0113488 -2116.37 -2066.16 -2242.68
  87 86.5 26.1708 0.0113588 -2072.21 -2063.68 -2235.77
  88 87.5 26.1978 0.0113706 -2131.42 -2128.46 -2237.93
  89 88.5 26.2001 0.0113716 -2097.11 -2154.68 -2235.19
  90 89.5 26.2045 0.0113735 -2151.88 -2122.83 -2206.32
  91 90.5 26.2227 0.0113814 -2116.69 -2112.99 -2169.46
  92 91.5 26.2251 0.0113824 -2214.65 -2210.51 -2231.31
  93 92.5 26.2302 0.0113846 -2131.11 -2167.72 -2145.79
  94 93.5 26.2373 0.0113877 -2134.36 -2125.65 -2208.52
  95 94.5 26.2191 0.0113798 -2103.01 -2214.19 -2193.92
  96 95.5 26.2395 0.0113887 -2173.37 -2186.22 -2174.67
  97 96.5 26.2601 0.0113976 -2142.92 -2160.99 -2156.25
  98 97.5 26.2339 0.0113862 -2162.77 -2173.5 -2168
  99 98.5 26.2318 0.0113853 -2138.64 -2149.34 -2181.34
  100 99.5 26.2342 0.0113864 -2168.18 -2211.92 -2177.5
  101 100.5 26.2478 0.0113923 -2131.77 -2143.93 -2131.99
  102 101.5 26.2285 0.0113839 -2171.94 -2164.86 -2184.3
  103 102.5 26.2378 0.0113879 -2173.04 -2128.4 -2188.1
  104 103.5 26.2461 0.0113915 -2156.21 -2114.25 -2122.28
  105 104.5 26.2284 0.0113839 -2179.62 -2120.54 -2180.66
  106 105.5 26.2626 0.0113987 -2201.06 -2178.69 -2194.22
  107 106.5 26.2539 0.0113949 -2134.97 -2119.3 -2097.79
  108 107.5 26.2248 0.0113823 -2188.44 -2137.13 -2174.71
  109 108.5 26.2541 0.011395 -2174.82 -2203.75 -2199.33
  110 109.5 26.2461 0.0113915 -2196.17 -2143.55 -2151.49
  111 110.5 26.2402 0.011389 -2129.12 -2117.94 -2174.81
  112 111.5 26.2546 0.0113952 -2164.16 -2196.07 -2184.54
  113 112.5 26.267 0.0114006 -2137.52 -2213.88 -2156.32
  114 113.5 26.2284 0.0113839 -2187.53 -2226 -2139.24
  115 114.5 26.2492 0.0113929 -2205.07 -2198.28 -2168.12
  116 115.5 26.2551 0.0113955 -2167.88 -2160.71 -2166.28
  117 116.5 26.2217 0.011381 -2140.41 -2141.96 -2176.89
  118 117.5 26.2174 0.0113791 -2155.75 -2155.71 -2189.51
  119 118.5 26.2476 0.0113922 -2158.75 -2168.74 -2136.27
  120 119.5 26.2272 0.0113833 -2140.22 -2155.82 -2159.42
  121 120.5 26.2165 0.0113787 -2215.98 -2204.43 -2183.05
  122 121.5 26.2244 0.0113821 -2181.67 -2117.66 -2165.19
  123 122.5 26.2255 0.0113826 -2179.68 -2134.65 -2112.44
  124 123.5 26.239 0.0113885 -2211.02 -2233.46 -2164.56
  125 124.5 26.2167 0.0113788 -2164.76 -2211.33 -2177.63
  126 125.5 26.2232 0.0113816 -2197.13 -2129.84 -2159.14
  127 126.5 26.2229 0.0113815 -2193.37 -2102.07 -2175.49
  128 127.5 26.2566 0.0113961 -2136.18 -2062.99 -2124.44
  129 128.5 26.2227 0.0113814 -2179.99 -2155.14 -2179.36
  130 129.5 26.2408 0.0113892 -2196.48 -2143.15 -2178.83
  131 130.5 26.261 0.011398 -2169.47 -2164.54 -2117.66
  132 131.5 26.2457 0.0113913 -2165.9 -2106.52 -2161.17
  133 132.5 26.2287 0.011384 -2182 -2167.17 -2205.17
  134 133.5 26.2265 0.011383 -2162.62 -2119.31 -2200.86
  135 134.5 26.2628 0.0113988 -2173.71 -2133.93 -2131.96
  136 135.5 26.2491 0.0113928 -2190.35 -2179.53 -2148.51
  137 136.5 26.2536 0.0113948 -2209.6 -2192.53 -2173.07
  138 137.5 26.2549 0.0113953 -2122.08 -2154.81 -2135.85
  139 138.5 26.2497 0.0113931 -2163.2 -2179.49 -2160.25
  140 139.5 26.2397 0.0113888 -2167.5 -2177.73 -2203.98
  141 140.5 26.2625 0.0113986 -2211.83 -2192.15 -2163.22
  142 141.5 26.2443 0.0113907 -2162.5 -2155.52 -2143.04
  143 142.5 26.2562 0.0113959 -2169.36 -2177.68 -2138.35
  144 143.5 26.2465 0.0113917 -2166.06 -2158.83 -2173.95
  145 144.5 26.2519 0.0113941 -2152.19 -2112.28 -2145.78
  146 145.5 26.2265 0.011383 -2155.48 -2194.05 -2176.03
  147 146.5 26.2792 0.0114059 -2172 -2178.28 -2146.33
  148 147.5 26.2643 0.0113995 -2208.61 -2174.68 -2197.94
  149 148.5 26.2567 0.0113961 -2196.89 -2213.28 -2147.16
  150 149.5 26.2612 0.0113981 -2139.59 -2177.28 -2197.27
  151 150.5 26.2742 0.0114037 -2142.38 -2156.28 -2100.88
  152 151.5 26.2756 0.0114043 -2168.66 -2139.98 -2153.82
  153 152.5 26.2772 0.011405 -2143.79 -2181.78 -2180.91
  154 153.5 26.2659 0.0114001 -2175.39 -2242 -2201.74
  155 154.5 26.2783 0.0114055 -2163.28 -2182.32 -2132.52
  156 155.5 26.2731 0.0114033 -2167.95 -2158.61 -2159.48
  157 156.5 26.2967 0.0114135 -2183.87 -2208.72 -2148.66
  158 157.5 26.2746 0.0114039 -2137.68 -2166.6 -2180.58
  159 158.5 26.2579 0.0113966 -2152.01 -2145.22 -2163.42
  160 159.5 26.2899 0.0114106 -2213.98 -2206.5 -2166.93
  161 160.5 26.2892 0.0114103 -2152.22 -2126.51 -2147.28
  162 161.5 26.2634 0.0113991 -2216.85 -2125.91 -2157.23
  163 162.5 26.2898 0.0114105 -2159.33 -2164.95 -2141.53
  164 163.5 26.2914 0.0114112 -2130.05 -2163.8 -2160.44
  165 164.5 26.2788 0.0114057 -2143.89 -2154.5 -2176.44
  166 165.5 26.2731 0.0114033 -2204.35 -2164.83 -2172.39
  167 166.5 26.292 0.0114115 -2164.43 -2129.94 -2141.68
  168 167.5 26.2905 0.0114108 -2140.92 -2160.33 -2158.97
  169 168.5 26.2825 0.0114073 -2135.2 -2142.32 -2152.67
  170 169.5 26.3016 0.0114156 -2131.35 -2181.75 -2146.04
  171 170.5 26.2894 0.0114103 -2157.43 -2186.05 -2154.99
  172 171.5 26.2866 0.0114091 -2123.23 -2236.38 -2170.17
  173 172.5 26.2899 0.0114106 -2157.28 -2164 -2184.07
  174 173.5 26.3198 0.0114235 -2118.27 -2140.68 -2136.77
  175 174.5 26.2913 0.0114111 -2157.15 -2101.86 -2155.14
  176 175.5 26.2789 0.0114058 -2159.01 -2151.06 -2163.66
  177 176.5 26.2873 0.0114094 -2161.76 -2094.14 -2178.97
  178 177.5 26.3087 0.0114187 -2182.41 -2120.69 -2167.81
  179 178.5 26.3011 0.0114154 -2157.37 -2129.41 -2115.45
  180 179.5 26.2908 0.0114109 -2245.76 -2143.65 -2168.24
  181 180.5 26.3061 0.0114176 -2179.33 -2163.84 -2203.44
  182 181.5 26.3232 0.011425 -2095.59 -2134.21 -2117.45
  183 182.5 26.3132 0.0114206 -2150 -2108.69 -2138.35
  184 183.5 26.2869 0.0114092 -2163.46 -2116.83 -2182.93
  185 184.5 26.3289 0.0114275 -2164.54 -2104.56 -2148.9
  186 185.5 26.3306 0.0114282 -2124.11 -2084.94 -2150.02
  187 186.5 26.3101 0.0114193 -2167.97 -2111.84 -2122.75
  188 187.5 26.3166 0.0114221 -2170.81 -2165.46 -2181.32
  189 188.5 26.3211 0.0114241 -2240.61 -2158.55 -2206.77
  190 189.5 26.3307 0.0114283 -2174.81 -2173.91 -2155.95
  191 190.5 26.3471 0.0114354 -2159.36 -2165.45 -2105.72
  192 191.5 26.35 0.0114366 -2220.62 -2171.42 -2145.25
  193 192.5 26.335 0.0114301 -2196.6 -2202.5 -2179.68
  194 193.5 26.3395 0.0114321 -2124.15 -2189.93 -2147.51
  195 194.5 26.3329 0.0114292 -2154.66 -2163.89 -2146.26
  196 195.5 26.3475 0.0114355 -2166.27 -2075.08 -2137.02
  197 196.5 26.3232 0.011425 -2206.32 -2171.92 -2171.11
  198 197.5 26.3548 0.0114387 -2178.03 -2129.73 -2100.72
  199 198.5 26.3435 0.0114338 -2259.28 -2251.16 -2143.74
  200 199.5 26.3373 0.0114311 -2206.52 -2215.43 -2157.76
  201 200.5 26.3647 0.011443 -2170.62 -2197.38 -2075.98
  202 201.5 26.3486 0.011436 -2226.56 -2217.23 -2147.44
  203 202.5 26.3859 0.0114522 -2207.37 -2211.65 -2019.95
  204 203.5 26.399 0.0114579 -2246.94 -2230.36 -2078.76
  205 204.5 26.389 0.0114536 -2263.4 -2214.16 -2069.08
  206 205.5 26.4123 0.0114637 -2228.98 -2160.73 -2044.2
  207 206.5 26.4533 0.0114815 -2241.23 -2216.45 -1983.3
  208 207.5 26.4991 0.0115013 -2278.5 -2227.26 -1978.17
  209 208.5 26.5206 0.0115107 -2330.13 -2303.92 -1955.17
  210 209.5 26.5797 0.0115363 -2273.88 -2256.23 -1918.7
  211 210.5 26.6499 0.0115668 -2298.9 -2254.82 -1833.4
  212 211.5 26.7024 0.0115896 -2298.89 -2245.04 -1879.48
  213 212.5 26.8314 0.0116456 -2260.79 -2210.04 -1809.93
  214 213.5 26.936 0.011691 -2299.51 -2250.63 -1757.76
  215 214.5 27.0894 0.0117575 -2248.68 -2211.99 -1671.92
  216 215.5 27.2023 0.0118065 -2212.14 -2217.35 -1729.83
  217 216.5 27.4065 0.0118952 -2200.38 -2181.12 -1667.02
  218 217.5 27.6251 0.0119901 -2048.12 -2049.2 -1602.24
  219 218.5 27.8339 0.0120807 -2031.81 -2002.27 -1636.01
  220 219.5 28.0434 0.0121716 -1948.08 -1987.44 -1679.56
  221 220.5 28.3255 0.0122941 -1750.7 -1762.49 -1605.45
  222 221.5 28.589 0.0124084 -1703.67 -1704.39 -1711.23
  223 222.5 28.8422 0.0125183 -1546.14 -1590.22 -1709.38
  224 223.5 29.1369 0.0126462 -1434.91 -1508.69 -1728.84
  225 224.5 29.4343 0.0127753 -1377.88 -1367.43 -1788.42
  226 225.5 29.719 0.0128989 -1367.88 -1302.55 -1869.37
  227 226.5 29.9774 0.013011 -1227.03 -1196.42 -1873.96
  228 227.5 30.2411 0.0131255 -1129.37 -1108.64 -1955.7
  229 228.5 30.5248 0.0132486 -1175.8 -1081.65 -2015.24
  230 229.5 30.7569 0.0133493 -1096.65 -1078.14 -2043.19
  231 230.5 30.9557 0.0134356 -1100.21 -1166.37 -2048.2
  232 231.5 31.1767 0.0135315 -1093.19 -1096.51 -2128.88
  233 232.5 31.3807 0.0136201 -1136.56 -1073.61 -2120.52
  234 233.5 31.5039 0.0136736 -1052.35 -1057.96 -2074.61
  235 234.5 31.6608 0.0137417 -1193.44 -1178.68 -2164.61
  236 235.5 31.8135 0.013808 -1229.39 -1198.64 -2100.15
  237 236.5 31.9014 0.0138461 -1294.38 -1232.08 -2103.13
  238 237.5 31.9972 0.0138877 -1251.4 -1244.44 -2058.81
  239 238.5 32.0871 0.0139267 -1383.8 -1395.14 -2080.02
  240 239.5 32.1482 0.0139532 -1369.26 -1416.44 -2041.65
  241 240.5 32.2066 0.0139786 -1400.93 -1436.65 -1974.14
  242 241.5 32.2516 0.0139981 -1480.41 -1499.38 -1978.22
  243 242.5 32.3105 0.0140236 -1501.98 -1535.98 -1983.95
  244 243.5 32.3454 0.0140388 -1565.7 -1554 -1902.93
  245 244.5 32.3515 0.0140414 -1575.74 -1611.98 -1860.98
  246 245.5 32.3995 0.0140623 -1555.61 -1582.29 -1895.59
  247 246.5 32.416 0.0140694 -1618.86 -1640.28 -1906.8
  248 247.5 32.4147 0.0140689 -1625.26 -1668.24 -1799.76
  249 248.5 32.4537 0.0140858 -1636.21 -1719.35 -1821.28
  250 249.5 32.4475 0.0140831 -1651.99 -1690.15 -1805.67
  251 250.5 32.4711 0.0140934 -1724.16 -1675.06 -1814.46
  252 251.5 32.4711 0.0140933 -1703.28 -1703.8 -1742.03
  253 252.5 32.4854 0.0140996 -1758.57 -1691.57 -1794.9
  254 253.5 32.5045 0.0141079 -1716.36 -1683.94 -1809.9
  255 254.5 32.4809 0.0140976 -1677.96 -1678.62 -1718.96
  256 255.5 32.5037 0.0141075 -1671.99 -1690.77 -1754.31
  257 256.5 32.515 0.0141124 -1733.18 -1778.43 -1789.5
  258 257.5 32.5005 0.0141061 -1671.47 -1737.98 -1767.82
  259 258.5 32.5032 0.0141073 -1760.98 -1838.02 -1756.21
  260 259.5 32.5358 0.0141214 -1752.66 -1757.81 -1731.41
  261 260.5 32.5376 0.0141222 -1781.74 -1756.88 -1711.6
  262 261.5 32.5194 0.0141143 -1716.38 -1777.14 -1776.72
  263 262.5 32.529 0.0141185 -1666.07 -1688.75 -1749.88
  264 263.5 32.5622 0.0141329 -1721.99 -1734.16 -1720.82
  265 264.5 32.5416 0.0141239 -1693.12 -1740.86 -1746.4
  266 265.5 32.5371 0.014122 -1734.54 -1742.42 -1726.09
  267 266.5 32.5573 0.0141308 -1788.06 -1773.56 -1741.86
  268 267.5 32.5646 0.0141339 -1773.42 -1775.81 -1752.47
  269 268.5 32.5477 0.0141266 -1734.44 -1751.53 -1759.92
  270 269.5 32.5532 0.014129 -1685.88 -1683.81 -1734.74
  271 270.5 32.5837 0.0141422 -1792.04 -1783.81 -1743.6
  272 271.5 32.5641 0.0141337 -1738.73 -1743.88 -1730.22
  273 272.5 32.5591 0.0141316 -1672.52 -1698.66 -1717.7
  274 273.5 32.5732 0.0141377 -1725.59 -1748.72 -1757.32
  275 274.5 32.5979 0.0141484 -1743.71 -1747.56 -1726.11
  276 275.5 32.5684 0.0141356 -1675.48 -1750.25 -1732.06
  277 276.5 32.5747 0.0141383 -1746.66 -1763.92 -1749.27
  278 277.5 32.5889 0.0141445 -1818.17 -1725.08 -1769.77
  279 278.5 32.6055 0.0141517 -1772.08 -1774.01 -1749.02
  280 279.5 32.5728 0.0141375 -1733.61 -1732.92 -1714.5
  281 280.5 32.5897 0.0141448 -1753.63 -1738.51 -1752.01
  282 281.5 32.5907 0.0141453 -1767.74 -1743.29 -1688.1
  283 282.5 32.6026 0.0141504 -1727.95 -1727.1 -1789.94
  284 283.5 32.5925 0.0141461 -1749.38 -1784.56 -1698.08
  285 284.5 32.5922 0.0141459 -1743.5 -1762.96 -1746.72
  286 285.5 32.5935 0.0141465 -1726.77 -1728.06 -1717.36
  287 286.5 32.5873 0.0141438 -1724.63 -1742.07 -1772.7
  288 287.5 32.586 0.0141432 -1662.39 -1686.94 -1701.87
  289 288.5 32.5858 0.0141431 -1738.03 -1731.01 -1790.1
  290 289.5 32.5867 0.0141435 -1696.28 -1724.5 -1751.11
  291 290.5 32.5887 0.0141444 -1676.44 -1737.42 -1701.5
  292 291.5 32.5886 0.0141444 -1708.72 -1776.92 -1714.93
  293 292.5 32.5937 0.0141466 -1722.95 -1785.17 -1742.85
  294 293.5 32.5906 0.0141452 -1765.99 -1713.54 -1777.91
  295 294.5 32.5819 0.0141415 -1755.94 -1709.05 -1735.67
  296 295.5 32.605 0.0141515 -1805.33 -1728.42 -1737.08
  297 296.5 32.6074 0.0141525 -1699.63 -1726.43 -1718.9
  298 297.5 32.5902 0.014145 -1685.59 -1653.63 -1727.63
  299 298.5 32.5958 0.0141475 -1686.5 -1691.94 -1747.88
  300 299.5 32.5942 0.0141468 -1725.77 -1714.97 -1762.25
  301 300.5 32.5915 0.0141456 -1726.08 -1653.58 -1736.34
  302 301.5 32.5894 0.0141447 -1685.34 -1685.6 -1708.66
  303 302.5 32.5784 0.0141399 -1776.23 -1774.19 -1767.33
  304 303.5 32.5944 0.0141469 -1777.82 -1722.57 -1758.36
  305 304.5 32.6023 0.0141503 -1693.16 -1675.09 -1707.01
  306 305.5 32.5674 0.0141352 -1749.95 -1700.37 -1742.85
  307 306.5 32.5701 0.0141363 -1672.86 -1693.54 -1727.83
  308 307.5 32.5982 0.0141485 -1675.77 -1709.07 -1746.51
  309 308.5 32.5777 0.0141396 -1660.07 -1717.96 -1714.44
  310 309.5 32.5482 0.0141268 -1680.96 -1752.12 -1770.81
  311 310.5 32.5771 0.0141394 -1767.82 -1783.35 -1739.54
  312 311.5 32.5821 0.0141415 -1734.85 -1771.07 -1705.71
  313 312.5 32.5703 0.0141364 -1768.08 -1786.41 -1676.65
  314 313.5 32.5688 0.0141358 -1807.83 -1877.68 -1796.72
  315 314.5 32.5638 0.0141336 -1737.24 -1768.78 -1745.5
  316 315.5 32.564 0.0141337 -1749.48 -1754.43 -1710.07
  317 316.5 32.5753 0.0141386 -1760.43 -1731.87 -1704.86
  318 317.5 32.5542 0.0141294 -1751.04 -1762 -1735.72
  319 318.5 32.5686 0.0141357 -1747.28 -1738.05 -1751.87
  320 319.5 32.5721 0.0141372 -1769.69 -1717.49 -1746.71
  321 320.5 32.5644 0.0141338 -1760 -1690.65 -1707.5
  322 321.5 32.5528 0.0141288 -1757.88 -1739 -1695.37
  323 322.5 32.5731 0.0141376 -1774.48 -1732.29 -1751.94
  324 323.5 32.543 0.0141246 -1766.5 -1771.16 -1738.28
  325 324.5 32.571 0.0141367 -1727.17 -1726.57 -1693.46
  326 325.5 32.5704 0.0141365 -1795.72 -1798.83 -1757.23
  327 326.5 32.5741 0.0141381 -1814.64 -1789.45 -1719.06
  328 327.5 32.5695 0.0141361 -1696.14 -1678.77 -1738
  329 328.5 32.5623 0.014133 -1697.16 -1748.9 -1764.31
  330 329.5 32.5859 0.0141432 -1689.85 -1775.02 -1719.13
  331 330.5 32.5946 0.014147 -1756.28 -1772.97 -1690.21
  332 331.5 32.5895 0.0141448 -1771.31 -1763.64 -1782.47
  333 332.5 32.5683 0.0141356 -1718.56 -1739 -1716.98
  334 333.5 32.6139 0.0141553 -1696.02 -1717.96 -1707.37
  335 334.5 32.6059 0.0141519 -1657.24 -1630.13 -1750.12
  336 335.5 32.5606 0.0141322 -1699.42 -1607.39 -1772.62
  337 336.5 32.5849 0.0141427 -1750.77 -1617.5 -1721.84
  338 337.5 32.6441 0.0141684 -1721.94 -1735.41 -1678.11
  339 338.5 32.6003 0.0141494 -1770.4 -1752.18 -1753.47
  340 339.5 32.5906 0.0141452 -1705.62 -1710.43 -1772.25
  341 340.5 32.5913 0.0141455 -1759.06 -1773.29 -1757.38
  342 341.5 32.6306 0.0141626 -1769.03 -1765.64 -1721.71
  343 342.5 32.6061 0.0141519 -1774.84 -1804.17 -1721.58
  344 343.5 32.6145 0.0141556 -1724.4 -1771.97 -1744.36
  345 344.5 32.6114 0.0141542 -1762.79 -1740.79 -1756.9
  346 345.5 32.6161 0.0141563 -1703.74 -1793.72 -1725.32
  347 346.5 32.6127 0.0141548 -1804.24 -1782 -1726.71
  348 347.5 32.6414 0.0141673 -1771.21 -1780.89 -1704.62
  349 348.5 32.6407 0.014167 -1769.85 -1695.31 -1756.22
  350 349.5 32.5913 0.0141455 -1765.3 -1805.3 -1740.97
  351 350.5 32.6506 0.0141713 -1734.1 -1778.09 -1722.81
  352 351.5 32.6421 0.0141676 -1701.9 -1786.64 -1720.08
  353 352.5 32.6262 0.0141607 -1745.02 -1785.66 -1765.13
  354 353.5 32.6202 0.0141581 -1720.58 -1748.9 -1724.61
  355 354.5 32.6637 0.0141769 -1711 -1776.14 -1701.71
  356 355.5 32.6242 0.0141598 -1690.38 -1727.33 -1756.22
  357 356.5 32.6508 0.0141713 -1709.41 -1722.1 -1759.23
  358 357.5 32.6463 0.0141694 -1692.4 -1708.48 -1661.9
  359 358.5 32.6633 0.0141768 -1778.49 -1859.16 -1786.44
  360 359.5 32.6471 0.0141697 -1759.97 -1768.49 -1741.51
  361 360.5 32.6538 0.0141726 -1706.04 -1756.27 -1737.63
  362 361.5 32.6594 0.0141751 -1706.17 -1733.26 -1739.89
  363 362.5 32.6597 0.0141752 -1692.51 -1657.05 -1689.43
  364 363.5 32.6682 0.0141789 -1787.12 -1669.51 -1764.32
  365 364.5 32.6404 0.0141669 -1746.26 -1663.82 -1764.1
  366 365.5 32.6739 0.0141814 -1687.52 -1700.8 -1708.52
  367 366.5 32.6788 0.0141835 -1707.54 -1710.54 -1704.03
  368 367.5 32.6695 0.0141795 -1744.99 -1755.49 -1754.11
  369 368.5 32.6556 0.0141735 -1720.93 -1747.53 -1739.71
  370 369.5 32.6839 0.0141857 -1729.6 -1729.51 -1775.12
  371 370.5 32.6661 0.014178 -1708.16 -1703.12 -1687.2
  372 371.5 32.6899 0.0141883 -1703.55 -1731.67 -1691.41
  373 372.5 32.6738 0.0141813 -1706.4 -1707.58 -1790.32
  374 373.5 32.6697 0.0141796 -1742.62 -1771.82 -1749.02
  375 374.5 32.6856 0.0141865 -1731.13 -1735.76 -1684.71
  376 375.5 32.6944 0.0141903 -1737.89 -1713.19 -1737.05
  377 376.5 32.6771 0.0141828 -1718.64 -1709.12 -1799.36
  378 377.5 32.6685 0.014179 -1716.63 -1648.91 -1689.73
  379 378.5 32.705 0.0141949 -1679.25 -1643.5 -1699.51
  380 379.5 32.6873 0.0141872 -1700.46 -1718.29 -1748.19
  381 380.5 32.666 0.0141779 -1719.04 -1673.4 -1712.66
  382 381.5 32.6839 0.0141857 -1668.12 -1664.69 -1758.44
  383 382.5 32.7035 0.0141942 -1705.76 -1743.01 -1767.11
  384 383.5 32.6624 0.0141764 -1705.42 -1676.98 -1723.91
  385 384.5 32.6625 0.0141764 -1665.87 -1694.62 -1715.17
  386 385.5 32.6889 0.0141879 -1713.73 -1631.34 -1710.01
  387 386.5 32.6755 0.0141821 -1702.16 -1678.38 -1722.55
  388 387.5 32.6503 0.0141712 -1756.43 -1758.44 -1743.9
  389 388.5 32.6728 0.0141809 -1737.2 -1723.41 -1765.21
  390 389.5 32.683 0.0141853 -1745.55 -1669.75 -1701.66
  391 390.5 32.6671 0.0141784 -1785.71 -1711.02 -1729.69
  392 391.5 32.6662 0.0141781 -1721.41 -1695.58 -1761.19
  393 392.5 32.6817 0.0141848 -1742.26 -1685.6 -1723.39
  394 393.5 32.6729 0.014181 -1782.56 -1733.71 -1739.27
  395 394.5 32.6696 0.0141795 -1729.91 -1682.37 -1717.86
  396 395.5 32.6682 0.0141789 -1739.44 -1685.08 -1789.13
  397 396.5 32.6561 0.0141737 -1689.74 -1690.29 -1766.08
  398 397.5 32.6626 0.0141765 -1689.51 -1676.88 -1739.21
  399 398.5 32.6692 0.0141793 -1698.26 -1698.29 -1800.11
  400 399.5 32.6274 0.0141612 -1732.72 -1707.98 -1804.24
  401 400.5 32.6608 0.0141757 -1687.03 -1632.88 -1777.08
  402 401.5 32.6509 0.0141714 -1718.42 -1704.67 -1803.95
  403 402.5 32.6391 0.0141663 -1707.75 -1686.58 -1817.34
  404 403.5 32.5945 0.0141469 -1667.29 -1676.28 -1841.26
  405 404.5 32.6208 0.0141583 -1613.3 -1568.88 -1837.28
  406 405.5 32.5855 0.014143 -1588.9 -1520.35 -1897.22
  407 406.5 32.5399 0.0141232 -1551.03 -1566.41 -1891.25
  408 407.5 32.5336 0.0141205 -1491.39 -1589.92 -1935.72
  409 408.5 32.5157 0.0141127 -1538.88 -1505 -1941.11
  410 409.5 32.4482 0.0140834 -1488.87 -1542.31 -1966.5
  411 410.5 32.4008 0.0140629 -1426.03 -1448.04 -2024.57
  412 411.5 32.3475 0.0140397 -1376.6 -1385.35 -2036.69
  413 412.5 32.2665 0.0140045 -1340.47 -1297.97 -2052.29
  414 413.5 32.18 0.013967 -1283.19 -1289.17 -2101.46
  415 414.5 32.0782 0.0139228 -1259.39 -1163.77 -2132.98
  416 415.5 31.9749 0.013878 -1162.33 -1057.05 -2147.08
  417 416.5 31.8295 0.0138149 -1073.22 -1019.39 -2121.1
  418 417.5 31.6958 0.0137568 -1035.75 -1008.38 -2175.97
  419 418.5 31.5269 0.0136836 -965.857 -941.958 -2096.96
  420 419.5 31.3181 0.0135929 -935.912 -903.264 -2134.52
  421 420.5 31.1182 0.0135062 -884.135 -936.181 -2098.24
  422 421.5 30.8827 0.0134039 -898.12 -910.199 -2034.91
  423 422.5 30.6375 0.0132975 -1039.36 -957.114 -2029.93
  424 423.5 30.3547 0.0131748 -1002.87 -951.783 -1935.64
  425 424.5 30.0728 0.0130524 -1086.31 -1077.3 -1864.59
  426 425.5 29.7856 0.0129278 -1209.92 -1182.52 -1827.84
  427 426.5 29.486 0.0127977 -1297.71 -1329.34 -1761.35
  428 427.5 29.1774 0.0126638 -1465.04 -1433.06 -1697.47
  429 428.5 28.8714 0.012531 -1524.85 -1583.56 -1623.97
  430 429.5 28.574 0.0124019 -1677.07 -1701.48 -1606.67
  431 430.5 28.2837 0.0122759 -1862.48 -1823.36 -1573.99
  432 431.5 28.0199 0.0121614 -1920.82 -1973.13 -1586.72
  433 432.5 27.7696 0.0120528 -2075.96 -2108.3 -1631.98
  434 433.5 27.5812 0.011971 -2155.94 -2120.95 -1574.92
  435 434.5 27.3209 0.011858 -2233.68 -2275.2 -1650.87
  436 435.5 27.1909 0.0118016 -2239.16 -2271.6 -1692.75
  437 436.5 27.0573 0.0117436 -2273.96 -2262.8 -1709.82
  438 437.5 26.8992 0.011675 -2244.32 -2277.23 -1688.69
  439 438.5 26.7877 0.0116266 -2340.68 -2324.49 -1844.36
  440 439.5 26.6937 0.0115858 -2270.27 -2296.93 -1878.97
  441 440.5 26.6506 0.0115671 -2297.78 -2248.18 -1862.86
  442 441.5 26.5688 0.0115316 -2239.88 -2280.94 -1949.17
  443 442.5 26.4895 0.0114972 -2206 -2234.17 -1956.02
  444 443.5 26.4727 0.0114899 -2239.26 -2219.07 -1989.4
  445 444.5 26.4432 0.0114771 -2200.23 -2249.53 -2037.25
  446 445.5 26.4011 0.0114588 -2218.8 -2210.78 -2072.23
  447 446.5 26.3528 0.0114378 -2127.68 -2174.13 -2089.74
  448 447.5 26.3758 0.0114479 -2164.52 -2119.04 -2069.12
  449 448.5 26.3732 0.0114467 -2170.68 -2181.02 -2102.19
  450 449.5 26.2967 0.0114135 -2139.74 -2116.97 -2160.82
  451 450.5 26.3071 0.011418 -2143.12 -2100.2 -2154.8
  452 451.5 26.321 0.011424 -2114.33 -2070.32 -2150.55
  453 452.5 26.2997 0.0114148 -2148.76 -2157.44 -2198.12
  454 453.5 26.2659 0.0114001 -2102.76 -2137.06 -2199.51
  455 454.5 26.2796 0.0114061 -2127.48 -2166.36 -2241.87
  456 455.5 26.2524 0.0113943 -2117.36 -2146.69 -2258.3
  457 456.5 26.2335 0.0113861 -2079.36 -2079.3 -2208.98
  458 457.5 26.2136 0.0113774 -2118.77 -2104.71 -2301.75
  459 458.5 26.1641 0.0113559 -2013.09 -2031.29 -2312.08
  460 459.5 26.1028 0.0113294 -2053.45 -2013.49 -2348.22
  461 460.5 26.0721 0.011316 -1985.83 -1959.32 -2358.89
  462 461.5 26.0046 0.0112867 -1961.75 -1959.85 -2361.93
  463 462.5 25.9187 0.0112494 -1920.68 -1967.61 -2444.35
  464 463.5 25.8062 0.0112006 -1892.61 -1905.28 -2492.16
  465 464.5 25.7258 0.0111657 -1881.7 -1835.97 -2467.32
  466 465.5 25.5815 0.0111031 -1821.11 -1913.1 -2521.18
  467 466.5 25.4199 0.0110329 -1800.61 -1800.8 -2632.58
  468 467.5 25.2382 0.0109541 -1717.38 -1764.94 -2646.03
  469 468.5 25.0293 0.0108634 -1683.09 -1658.68 -2651.36
  470 469.5 24.7945 0.0107615 -1579.39 -1621.46 -2650.63
  471 470.5 24.4847 0.010627 -1524.79 -1559.38 -2729.81
  472 471.5 24.1605 0.0104863 -1532.26 -1506.73 -2785.22
  473 472.5 23.7785 0.0103205 -1441.31 -1447.54 -2820.25
  474 473.5 23.3246 0.0101235 -1419.81 -1429.4 -2784.27
  475 474.5 22.8656 0.00992429 -1420.59 -1413.36 -2839.81
  476 475.5 22.3148 0.00968523 -1442.55 -1413.01 -2950.76
  477 476.5 21.7173 0.00942592 -1443.5 -1402.27 -2893.69
  478 477.5 21.0806 0.00914958 -1450.24 -1513.8 -2945.91
  479 478.5 20.4312 0.0088677 -1519.58 -1527.42 -2912.4
  480 479.5 19.6852 0.00854393 -1643.32 -1679.33 -3006.91
  481 480.5 18.8922 0.00819974 -1778.64 -1773.93 -3023.68
  482 481.5 18.0892 0.00785124 -1881.94 -1863.07 -3100.95
  483 482.5 17.2873 0.00750318 -2035.86 -2025.21 -3176.21
  484 483.5 16.4196 0.00712655 -2210.85 -2179.01 -3239.16
  485 484.5 15.5671 0.00675656 -2498.15 -2488.12 -3351.16
  486 485.5 14.7155 0.00638692 -2736.82 -2754.8 -3487.8
  487 486.5 13.8566 0.00601416 -2974.15 -2958.89 -3652.57
  488 487.5 13.0322 0.00565634 -3250.06 -3211.55 -3787.07
  489 488.5 12.21 0.00529948 -3566.25 -3548.5 -4013.8
  490 489.5 11.4257 0.00495906 -4004.37 -4049.21 -4185.86
  491 490.5 10.6571 0.00462548 -4469.71 -4403.36 -4508.64
  492 491.5 9.92462 0.00430756 -4982.09 -4943.52 -4728.81
  493 492.5 9.21587 0.00399994 -5506.31 -5407.81 -5151
  494 493.5 8.57064 0.0037199 -6102.74 -6122.1 -5458.58
  495 494.5 7.96249 0.00345594 -6812.41 -6772.92 -5920.92
  496 495.5 7.39768 0.0032108 -7490.12 -7500.75 -6393.71
  497 496.5 6.88875 0.00298991 -8211.72 -8129.52 -6974.38
  498 497.5 6.41023 0.00278222 -8823.01 -8890.58 -7578.47
  499 498.5 5.98613 0.00259815 -9576.79 -9677.37 -8267.16
  500 499.5 5.63266 0.00244473 -10341.9 -10465.8 -8894.61
  501 500.5 5.3107 0.00230499 -11069.4 -11159.4 -9584.19
  502 501.5 5.03967 0.00218736 -11700.5 -11755.6 -10260.8
  503 502.5 4.81468 0.00208971 -12220.4 -12326 -10835.5
  504 503.5 4.60857 0.00200025 -12746.3 -12722.3 -11460.1
  505 504.5 4.44383 0.00192874 -13222.8 -13211.4 -12019.6
  506 505.5 4.3018 0.0018671 -13605.2 -13546 -12601
  507 506.5 4.18736 0.00181743 -13921.7 -13950.8 -13043.4
  508 507.5 4.10625 0.00178223 -14248.9 -14274.1 -13390.8
  509 508.5 4.02852 0.00174849 -14498.1 -14438 -13731.5
  510 509.5 3.95859 0.00171814 -14653.8 -14582.6 -14057.5
  511 510.5 3.91943 0.00170114 -14753.3 -14709.1 -14262.6
  512 511.5 3.88174 0.00168478 -14863.6 -14797.1 -14471.3
  513 512.5 3.84628 0.00166939 -14970.4 -14890.7 -14627.1
  514 513.5 3.82644 0.00166078 -14970.6 -14981.4 -14710.9
  515 514.5 3.80099 0.00164973 -15046.3 -15064.9 -14879.6
  516 515.5 3.78552 0.00164302 -14981.4 -15008.4 -14950.3
  517 516.5 3.75917 0.00163158 -15008.5 -15130 -15071.8
  518 517.5 3.76122 0.00163248 -15097.8 -15184.8 -15046.2
  519 518.5 3.74243 0.00162432 -15147.8 -15261.3 -15180.6
  520 519.5 3.73649 0.00162174 -15273.4 -15349.2 -15220.9
  521 520.5 3.73308 0.00162026 -15270.5 -15289.2 -15242.5
  522 521.5 3.7263 0.00161732 -15314.7 -15368.7 -15223.5
  523 522.5 3.73013 0.00161898 -15236.8 -15444.8 -15254
  524 523.5 3.72381 0.00161624 -15316.9 -15482.8 -15296.7
  525 524.5 3.71842 0.0016139 -15349.3 -15382.9 -15310.1
  526 525.5 3.71571 0.00161272 -15277.3 -15330.5 -15327.9
  527 526.5 3.717 0.00161328 -15326.2 -15437.4 -15295.5
  528 527.5 3.71444 0.00161217 -15374.6 -15426.3 -15319.8
  529 528.5 3.70349 0.00160742 -15344.2 -15398.8 -15384.9
  530 529.5 3.70712 0.00160899 -15215.9 -15381.4 -15364.7
  531 530.5 3.70397 0.00160762 -15231.7 -15450 -15408
  532 531.5 3.70164 0.00160662 -15386.2 -15406 -15394.2
  533 532.5 3.70706 0.00160897 -15361.2 -15554.4 -15328
  534 533.5 3.69965 0.00160575 -15258.4 -15470.6 -15362.9
  535 534.5 3.6938 0.00160321 -15361.6 -15405 -15453.5
  536 535.5 3.68653 0.00160006 -15331.8 -15434.7 -15462.4
  537 536.5 3.68731 0.00160039 -15342.4 -15456.6 -15423
  538 537.5 3.69026 0.00160167 -15291.4 -15442.9 -15435.9
  539 538.5 3.70166 0.00160662 -15407.8 -15514.4 -15407.9
  540 539.5 3.69768 0.0016049 -15495.9 -15461.4 -15366.7
  541 540.5 3.70443 0.00160783 -15445.1 -15417.7 -15399.1
  542 541.5 3.70381 0.00160755 -15402.5 -15463.1 -15389.1
  543 542.5 3.702 0.00160677 -15465.9 -15368.5 -15377.5
  544 543.5 3.70294 0.00160718 -15348.8 -15461.4 -15384
  545 544.5 3.69119 0.00160208 -15528.2 -15428.6 -15480.8
  546 545.5 3.69286 0.00160281 -15444 -15468.8 -15377.9
  547 546.5 3.69132 0.00160214 -15408.3 -15430 -15424.5
  548 547.5 3.68459 0.00159922 -15438.5 -15462.4 -15463.7
  549 548.5 3.68446 0.00159916 -15486.5 -15518.7 -15486.7
  550 549.5 3.68748 0.00160047 -15463.3 -15405.3 -15432.1
  551 550.5 3.69223 0.00160253 -15463.4 -15403.9 -15412.8
  552 551.5 3.69679 0.00160451 -15537.3 -15431.2 -15427.8
  553 552.5 3.69017 0.00160164 -15453.6 -15343.1 -15418.7
  554 553.5 3.68781 0.00160061 -15366.4 -15373.9 -15447.4
  555 554.5 3.69286 0.0016028 -15384.8 -15443.2 -15439.5
  556 555.5 3.69897 0.00160546 -15420.3 -15449.6 -15374
  557 556.5 3.69509 0.00160377 -15345.5 -15382.6 -15452
  558 557.5 3.69294 0.00160284 -15355.3 -15406.7 -15406.6
  559 558.5 3.6901 0.0016016 -15322.5 -15499.7 -15437.3
  560 559.5 3.70013 0.00160596 -15433.7 -15419.6 -15406.1
  561 560.5 3.69307 0.0016029 -15448.3 -15490.1 -15418.3
  562 561.5 3.6907 0.00160187 -15403.2 -15361.4 -15389.8
  563 562.5 3.69046 0.00160176 -15359 -15437.6 -15479.4
  564 563.5 3.70193 0.00160674 -15328.6 -15391.4 -15413.7
  565 564.5 3.69636 0.00160432 -15326.6 -15405.5 -15398.2
  566 565.5 3.69344 0.00160306 -15285.9 -15429.7 -15420.9
  567 566.5 3.6953 0.00160386 -15370.5 -15446.2 -15423.1
  568 567.5 3.69374 0.00160319 -15384.9 -15426.2 -15430.5
  569 568.5 3.69597 0.00160415 -15416.6 -15446.6 -15378
  570 569.5 3.69611 0.00160422 -15424.6 -15460.4 -15429.5
  571 570.5 3.68457 0.0015992 -15551.9 -15439 -15482.7
  572 571.5 3.68589 0.00159978 -15493.7 -15449.7 -15465.3
  573 572.5 3.68317 0.0015986 -15437 -15480.5 -15450.4
  574 573.5 3.68154 0.00159789 -15506.3 -15393.4 -15456.9
  575 574.5 3.67435 0.00159477 -15462.9 -15417.4 -15526
  576 575.5 3.6695 0.00159266 -15551.5 -15510.1 -15518.8
  577 576.5 3.67579 0.0015954 -15522.2 -15458.6 -15446.4
  578 577.5 3.68371 0.00159883 -15575.5 -15528.2 -15479.9
  579 578.5 3.67895 0.00159677 -15503.3 -15465.4 -15487.2
  580 579.5 3.68215 0.00159815 -15415.4 -15352.9 -15431
  581 580.5 3.68742 0.00160044 -15490.1 -15512.2 -15489.4
  582 581.5 3.68964 0.00160141 -15446.4 -15447.9 -15456
  583 582.5 3.68623 0.00159993 -15439.6 -15559 -15453.2
  584 583.5 3.69343 0.00160305 -15443.8 -15479.2 -15414.4
  585 584.5 3.69866 0.00160532 -15373.4 -15357 -15398.8
  586 585.5 3.68144 0.00159785 -15390 -15326.5 -15483.9
  587 586.5 3.67925 0.0015969 -15328.8 -15414.2 -15472.3
  588 587.5 3.68471 0.00159927 -15346.2 -15401.7 -15490
  589 588.5 3.68921 0.00160122 -15413.8 -15357.9 -15442.3
  590 589.5 3.69309 0.0016029 -15461.1 -15501.9 -15400
  591 590.5 3.70159 0.00160659 -15377.1 -15440.3 -15346
  592 591.5 3.6962 0.00160425 -15349.7 -15446.6 -15454
  593 592.5 3.70187 0.00160671 -15412.6 -15429.3 -15426.1
  594 593.5 3.69958 0.00160572 -15322.8 -15399.7 -15350.5
  595 594.5 3.69823 0.00160514 -15357.5 -15505 -15419.7
  596 595.5 3.69775 0.00160493 -15341.2 -15496.7 -15429.7
  597 596.5 3.70172 0.00160665 -15465 -15546.8 -15373
  598 597.5 3.69938 0.00160563 -15484.5 -15474.1 -15401.9
  599 598.5 3.69895 0.00160545 -15431.5 -15408.5 -15384.3
  600 599.5 3.70043 0.00160609 -15298.8 -15387.2 -15347.5
  601 600.5 3.70402 0.00160765 -15336.9 -15362.1 -15385.8
  602 601.5 3.70858 0.00160963 -15398.3 -15289.3 -15402.4
  603 602.5 3.70688 0.00160889 -15385.1 -15315.8 -15360.7
  604 603.5 3.72152 0.00161524 -15327.7 -15279.2 -15287.8
  605 604.5 3.73802 0.0016224 -15347.3 -15332 -15215.2
  606 605.5 3.73019 0.001619 -15280.9 -15239.5 -15278.7
  607 606.5 3.72079 0.00161493 -15342.2 -15268.7 -15349.2
  608 607.5 3.71894 0.00161412 -15255.7 -15234.6 -15317.2
  609 608.5 3.71435 0.00161213 -15370.5 -15358.3 -15360.3
  610 609.5 3.71867 0.00161401 -15363.5 -15289.1 -15301
  611 610.5 3.71669 0.00161315 -15344 -15303.9 -15344.7
  612 611.5 3.72056 0.00161483 -15295 -15363.5 -15276.9
  613 612.5 3.71662 0.00161312 -15374.9 -15371.8 -15335.8
  614 613.5 3.71464 0.00161226 -15394.6 -15395 -15343.2
  615 614.5 3.72342 0.00161607 -15325 -15465.4 -15299.6
  616 615.5 3.72382 0.00161624 -15358.6 -15445 -15285.4
  617 616.5 3.7216 0.00161528 -15274.7 -15400.7 -15293.8
  618 617.5 3.72812 0.00161811 -15284.5 -15362.4 -15302.6
  619 618.5 3.72919 0.00161857 -15261.3 -15311 -15281.7
  620 619.5 3.72167 0.00161531 -15265.2 -15377 -15292.6
  621 620.5 3.72757 0.00161787 -15235.3 -15370.9 -15259.4
  622 621.5 3.72791 0.00161802 -15266.6 -15380.7 -15316.7
  623 622.5 3.72267 0.00161574 -15250.2 -15279.2 -15316.6
  624 623.5 3.72797 0.00161804 -15354.1 -15189.6 -15293.6
140000000 624 13277.999999999998
  1 0.5 3.65764 0.00158752 -15419.8 -15355 -15386.9
  2 1.5 3.65748 0.00158745 -15539.3 -15387.5 -15431.8
  3 2.5 3.66629 0.00159127 -15468.6 -15349.6 -15367.2
  4 3.5 3.66039 0.00158871 -15457.6 -15436.7 -15390.6
  5 4.5 3.66337 0.00159 -15497.7 -15454.1 -15415.8
  6 5.5 3.65749 0.00158745 -15485.2 -15464.5 -15444.5
  7 6.5 3.65629 0.00158693 -15424.9 -15383.2 -15406.4
  8 7.5 3.65263 0.00158534 -15430.2 -15445.4 -15392.7
  9 8.5 3.65099 0.00158463 -15440.1 -15479 -15462.8
  10 9.5 3.65704 0.00158726 -15418 -15535.8 -15380.6
  11 10.5 3.6534 0.00158568 -15398.4 -15419.4 -15412.1
  12 11.5 3.64781 0.00158325 -15422.4 -15453.7 -15424.7
  13 12.5 3.65305 0.00158553 -15425.7 -15511.8 -15434.8
  14 13.5 3.65369 0.0015858 -15515.6 -15443.8 -15411.9
  15 14.5 3.65865 0.00158795 -15570.9 -15413.9 -15364.7
  16 15.5 3.66994 0.00159286 -15439.8 -15386.9 -15312.4
  17 16.5 3.67483 0.00159498 -15351.2 -15460.5 -15355.4
  18 17.5 3.68233 0.00159823 -15326.4 -15403.3 -15267.3
  19 18.5 3.69646 0.00160437 -15266.7 -15362.2 -15219.9
  20 19.5 3.70914 0.00160987 -15205.8 -15390.8 -15141.7
  21 20.5 3.71077 0.00161058 -15273.3 -15206.2 -15102.6
  22 21.5 3.71862 0.00161398 -15221.6 -15257.1 -15076.5
  23 22.5 3.7409 0.00162365 -15123 -15114.4 -14957.8
  24 23.5 3.7535 0.00162912 -15124.7 -15176.9 -14892.9
  25 24.5 3.7718 0.00163706 -14998.1 -15063.3 -14804.5
  26 25.5 3.79799 0.00164843 -14958.9 -14934.9 -14655.5
  27 26.5 3.8341 0.0016641 -14873.7 -14801.9 -14481.9
  28 27.5 3.8783 0.00168329 -14732.4 -14701 -14215.8
  29 28.5 3.92463 0.0017034 -14517.6 -14487.6 -14021.1
  30 29.5 3.99165 0.00173249 -14242.8 -14343.2 -13683.6
  31 30.5 4.06797 0.00176561 -14046.1 -14115.1 -13393.9
  32 31.5 4.16396 0.00180727 -13839.4 -13874.3 -12941.4
  33 32.5 4.27825 0.00185688 -13611.5 -13514.4 -12444.4
  34 33.5 4.4232 0.00191979 -13180 -13183.2 -11928.2
  35 34.5 4.59614 0.00199485 -12694 -12662.1 -11293.7
  36 35.5 4.80397 0.00208506 -12152.1 -12172.5 -10678
  37 36.5 5.06881 0.00220001 -11454.5 -11610.4 -9889.47
  38 37.5 5.36787 0.0023298 -10896.2 -10986.6 -9209.83
  39 38.5 5.71075 0.00247862 -10262.6 -10224.4 -8539.2
  40 39.5 6.13875 0.00266439 -9407.99 -9368.65 -7689.3
  41 40.5 6.61766 0.00287225 -8651.53 -8686.77 -7048.83
  42 41.5 7.14494 0.0031011 -7882.47 -7930.69 -6358.58
  43 42.5 7.74144 0.00336 -7087.19 -7156.44 -5782.69
  44 43.5 8.41618 0.00365286 -6409.03 -6412.05 -5242.92
  45 44.5 9.14709 0.00397009 -5700.83 -5712.55 -4851.98
  46 45.5 9.93173 0.00431065 -5002.13 -4955.69 -4393.27
  47 46.5 10.7791 0.00467842 -4402.82 -4457.45 -4103.85
  48 47.5 11.6834 0.00507093 -3864.75 -3799.58 -3747.37
  49 48.5 12.602 0.0054696 -3338.42 -3354.41 -3660.92
  50 49.5 13.5301 0.00587245 -2916.46 -2970.78 -3465.81
  51 50.5 14.4923 0.00629006 -2564.56 -2573.42 -3307.41
  52 51.5 15.4513 0.00670631 -2264.01 -2275.06 -3243.17
  53 52.5 16.3905 0.00711394 -2051.29 -1981.15 -3213
  54 53.5 17.3239 0.00751907 -1716.92 -1798.56 -3069.16
  55 54.5 18.2066 0.00790218 -1648.37 -1633.34 -3076.02
  56 55.5 19.0752 0.00827916 -1490.24 -1550.62 -3042
  57 56.5 19.8854 0.00863081 -1438.19 -1476.85 -3035.74
  58 57.5 20.6286 0.0089534 -1355.4 -1352.5 -3001.03
  59 58.5 21.3244 0.00925538 -1375.27 -1390.58 -3002.68
  60 59.5 21.989 0.00954383 -1315.21 -1326.02 -2902.31
  61 60.5 22.575 0.00979817 -1342.77 -1375.08 -2914.64
  62 61.5 23.0895 0.0100215 -1289.72 -1312.83 -2904.98
  63 62.5 23.5525 0.0102224 -1325.81 -1405.97 -2879.24
  64 63.5 23.988 0.0104114 -1397.64 -1442.75 -2797.5
  65 64.5 24.3621 0.0105738 -1498.01 -1495.87 -2750.38
  66 65.5 24.6505 0.010699 -1536.14 -1574.83 -2753.81
  67 66.5 24.9221 0.0108169 -1611.1 -1651.51 -2690.43
  68 67.5 25.1662 0.0109229 -1644.37 -1660.1 -2663.62
  69 68.5 25.3375 0.0109972 -1737.06 -1708.55 -2616.18
  70 69.5 25.5178 0.0110754 -1739.53 -1793.28 -2562.46
  71 70.5 25.6751 0.0111437 -1783.59 -1810.43 -2495.1
  72 71.5 25.7482 0.0111754 -1856.36 -1887.67 -2466.77
  73 72.5 25.8567 0.0112225 -1958.15 -1903.62 -2425.02
  74 73.5 25.954 0.0112648 -1866.45 -1949.48 -2426.43
  75 74.5 26.0052 0.011287 -1916.77 -1973.13 -2355.06
  76 75.5 26.0514 0.011307 -1982.62 -2008.29 -2317.5
  77 76.5 26.1061 0.0113308 -2021 -1992.41 -2302.02
  78 77.5 26.1443 0.0113474 -2077.14 -2048.12 -2273.04
  79 78.5 26.1634 0.0113557 -2022.72 -2078.88 -2270.87
  80 79.5 26.1843 0.0113647 -2106.45 -2164.98 -2238.19
  81 80.5 26.2042 0.0113734 -2062.16 -2101.37 -2228.7
  82 81.5 26.2236 0.0113818 -2127.05 -2098.08 -2216.02
  83 82.5 26.2286 0.0113839 -2095.84 -2083.86 -2197.89
  84 83.5 26.2143 0.0113777 -2079.87 -2121.81 -2163.51
  85 84.5 26.2378 0.0113879 -2144.94 -2108.86 -2144.56
  86 85.5 26.226 0.0113828 -2168.94 -2106.15 -2224.03
  87 86.5 26.2389 0.0113884 -2089.26 -2117.65 -2165.24
  88 87.5 26.2108 0.0113762 -2209.39 -2128.25 -2168.49
  89 88.5 26.249 0.0113928 -2192.86 -2156.11 -2135.55
  90 89.5 26.2447 0.0113909 -2135.19 -2118.69 -2151.53
  91 90.5 26.2364 0.0113873 -2169.78 -2163.87 -2132.52
  92 91.5 26.2568 0.0113962 -2192.44 -2128.9 -2137.34
  93 92.5 26.241 0.0113893 -2205.34 -2144.59 -2171.16
  94 93.5 26.2482 0.0113924 -2174.85 -2194.43 -2161.36
  95 94.5 26.2502 0.0113933 -2106.39 -2114.74 -2093.68
  96 95.5 26.2595 0.0113973 -2185.55 -2116.55 -2159.61
  97 96.5 26.2381 0.0113881 -2168.93 -2179.02 -2150.96
  98 97.5 26.248 0.0113924 -2122.39 -2141.33 -2165.97
  99 98.5 26.2646 0.0113996 -2154.49 -2169.08 -2136.04
  100 99.5 26.2472 0.011392 -2217.62 -2166.05 -2107.86
  101 100.5 26.2479 0.0113923 -2127.04 -2117.03 -2161.06
  102 101.5 26.2503 0.0113934 -2137.58 -2104.22 -2118.52
  103 102.5 26.2536 0.0113948 -2177.68 -2136.39 -2135.15
  104 103.5 26.2373 0.0113877 -2152.83 -2184.41 -2162.98
  105 104.5 26.2385 0.0113882 -2154.93 -2214.84 -2146.25
  106 105.5 26.2454 0.0113912 -2128.34 -2191.36 -2146.54
  107 106.5 26.2503 0.0113934 -2149.89 -2193.66 -2118.22
  108 107.5 26.2228 0.0113814 -2085.12 -2163.15 -2152.13
  109 108.5 26.2444 0.0113908 -2117.77 -2135.02 -2139.6
  110 109.5 26.2458 0.0113914 -2139.91 -2122.2 -2138.66
  111 110.5 26.2312 0.0113851 -2076.67 -2150.12 -2145.79
  112 111.5 26.2289 0.0113841 -2112.74 -2115.04 -2113.28
  113 112.5 26.2472 0.011392 -2133.04 -2144.18 -2165.43
  114 113.5 26.2453 0.0113912 -2097.07 -2054.83 -2125.59
  115 114.5 26.2359 0.0113871 -2101.77 -2112.44 -2145.57
  116 115.5 26.2317 0.0113853 -2162.72 -2119.25 -2149.45
  117 116.5 26.2438 0.0113905 -2120.35 -2144.31 -2122.74
  118 117.5 26.257 0.0113963 -2163.84 -2125.66 -2127
  119 118.5 26.2364 0.0113873 -2181.74 -2149.73 -2192.06
  120 119.5 26.2578 0.0113966 -2137.74 -2162.22 -2068.67
  121 120.5 26.2506 0.0113935 -2157.23 -2179.77 -2182.45
  122 121.5 26.2723 0.0114029 -2153.06 -2161.4 -2130.77
  123 122.5 26.2523 0.0113942 -2122.79 -2188.34 -2102.14
  124 123.5 26.2382 0.0113881 -2170.26 -2171.16 -2171.19
  125 124.5 26.2581 0.0113967 -2120.6 -2133.68 -2175.59
  126 125.5 26.2595 0.0113973 -2155.9 -2128.3 -2098.5
  127 126.5 26.2488 0.0113927 -2215.51 -2190.56 -2148.56
  128 127.5 26.272 0.0114028 -2189.15 -2175.3 -2128.07
  129 128.5 26.2387 0.0113883 -2181.42 -2128.73 -2172.3
  130 129.5 26.2475 0.0113921 -2164.94 -2117.45 -2106.45
  131 130.5 26.2578 0.0113966 -2182.93 -2181.49 -2162
  132 131.5 26.2605 0.0113978 -2153.81 -2122.68 -2099.02
  133 132.5 26.2446 0.0113909 -2169.32 -2193.11 -2149.11
  134 133.5 26.251 0.0113937 -2186.64 -2141.8 -2142.16
  135 134.5 26.2406 0.0113892 -2176.68 -2167.14 -2172.83
  136 135.5 26.2536 0.0113948 -2116.29 -2138.21 -2113.61
  137 136.5 26.2467 0.0113918 -2168.24 -2142.43 -2134.69
  138 137.5 26.2518 0.011394 -2149.68 -2080.83 -2147.85
  139 138.5 26.2655 0.0114 -2138.48 -2116.06 -2117.64
  140 139.5 26.2666 0.0114004 -2204.47 -2104.62 -2119.6
  141 140.5 26.2496 0.0113931 -2179.65 -2169.3 -2161.37
  142 141.5 26.2729 0.0114032 -2144.27 -2122.2 -2125.46
  143 142.5 26.2828 0.0114075 -2215.3 -2155.1 -2150.52
  144 143.5 26.2566 0.0113961 -2207.09 -2180.36 -2128.37
  145 144.5 26.2678 0.011401 -2128.09 -2146.58 -2133.88
  146 145.5 26.2894 0.0114103 -2122.06 -2150.35 -2142.04
  147 146.5 26.2876 0.0114096 -2148.99 -2203.7 -2145.07
  148 147.5 26.2701 0.011402 -2160.67 -2179.99 -2144.86
  149 148.5 26.2794 0.011406 -2172.13 -2195.65 -2167.34
  150 149.5 26.2986 0.0114143 -2106.61 -2184.8 -2108.17
  151 150.5 26.2892 0.0114102 -2172.14 -2174.77 -2150.41
  152 151.5 26.2985 0.0114143 -2157.45 -2165.58 -2142.01
  153 152.5 26.2837 0.0114079 -2126.92 -2150.2 -2159.1
  154 153.5 26.3103 0.0114194 -2088.85 -2086.89 -2122.77
  155 154.5 26.2818 0.0114071 -2089.6 -2064.1 -2119.06
  156 155.5 26.2828 0.0114075 -2099.69 -2140.86 -2134.74
  157 156.5 26.2727 0.0114031 -2162.22 -2139.49 -2195.08
  158 157.5 26.2768 0.0114049 -2094.45 -2139.54 -2152.95
  159 158.5 26.2748 0.011404 -2153.04 -2098.23 -2095.28
  160 159.5 26.2868 0.0114092 -2158.97 -2123.17 -2135.46
  161 160.5 26.265 0.0113997 -2146.67 -2137.56 -2130.55
  162 161.5 26.2621 0.0113985 -2135.98 -2157.96 -2140.45
  163 162.5 26.2579 0.0113966 -2120.82 -2177.78 -2147.44
  164 163.5 26.2411 0.0113894 -2136.89 -2130.64 -2114.87
  165 164.5 26.2615 0.0113982 -2179.97 -2149.03 -2150.35
  166 165.5 26.2522 0.0113942 -2130.15 -2082.41 -2126.02
  167 166.5 26.2276 0.0113835 -2217.79 -2159.51 -2162.65
  168 167.5 26.2514 0.0113938 -2175.87 -2129.43 -2123.99
  169 168.5 26.2566 0.0113961 -2177.32 -2129.66 -2115.51
  170 169.5 26.2567 0.0113962 -2192.09 -2160.75 -2141.84
  171 170.5 26.2308 0.0113849 -2187.51 -2217.71 -2188.98
  172 171.5 26.2585 0.0113969 -2134.66 -2176.25 -2081.37
  173 172.5 26.2507 0.0113935 -2079.02 -2103.58 -2153.54
  174 173.5 26.2641 0.0113994 -2092.49 -2176.91 -2147.12
  175 174.5 26.2269 0.0113832 -2055.67 -2148.6 -2119.86
  176 175.5 26.2498 0.0113931 -2151.27 -2141.65 -2122.43
  177 176.5 26.2506 0.0113935 -2153.23 -2165.66 -2166.12
  178 177.5 26.2544 0.0113951 -2134.14 -2146.16 -2131.73
  179 178.5 26.2363 0.0113873 -2128.53 -2132.45 -2110.57
  180 179.5 26.2522 0.0113942 -2220.21 -2164.78 -2158.88
  181 180.5 26.2536 0.0113948 -2178.55 -2159.25 -2151.47
  182 181.5 26.2627 0.0113988 -2169.67 -2134.04 -2138.4
  183 182.5 26.2746 0.0114039 -2155.46 -2109.28 -2139.1
  184 183.5 26.3001 0.011415 -2152.46 -2108.65 -2089.67
  185 184.5 26.2882 0.0114098 -2106.74 -2127.18 -2154.4
  186 185.5 26.2957 0.0114131 -2113.83 -2127.31 -2171.67
  187 186.5 26.2779 0.0114054 -2080 -2130.74 -2125.31
  188 187.5 26.3144 0.0114212 -2119.63 -2100.61 -2108.92
  189 188.5 26.3086 0.0114187 -2108.87 -2158.62 -2165.77
  190 189.5 26.3017 0.0114157 -2126.7 -2123.92 -2145.97
  191 190.5 26.3011 0.0114154 -2118.02 -2114.5 -2109.01
  192 191.5 26.305 0.0114171 -2056.76 -2084.42 -2150.2
  193 192.5 26.3164 0.011422 -2097.08 -2132.45 -2094.7
  194 193.5 26.2856 0.0114087 -2137.16 -2052.72 -2154.26
  195 194.5 26.3228 0.0114248 -2148.24 -2098.58 -2146.27
  196 195.5 26.3139 0.0114209 -2179.46 -2155.6 -2145.4
  197 196.5 26.3218 0.0114244 -2120.75 -2150.31 -2081.79
  198 197.5 26.3161 0.0114219 -2157.23 -2193.63 -2113.02
  199 198.5 26.3338 0.0114296 -2131.15 -2091.07 -2159.85
  200 199.5 26.3177 0.0114226 -2158.24 -2119.56 -2115.33
  201 200.5 26.3264 0.0114264 -2145.48 -2150.33 -2102.53
  202 201.5 26.3332 0.0114293 -2189.92 -2162.4 -2076.06
  203 202.5 26.3337 0.0114295 -2178.42 -2186.24 -2126.49
  204 203.5 26.3332 0.0114293 -2143.3 -2167.06 -2070.57
  205 204.5 26.3504 0.0114368 -2150.43 -2222.09 -2078.21
  206 205.5 26.3731 0.0114467 -2172.75 -2208.92 -2078.84
  207 206.5 26.3927 0.0114552 -2177.03 -2199.51 -1983.65
  208 207.5 26.4218 0.0114678 -2263.57 -2248.57 -2001.7
  209 208.5 26.4415 0.0114764 -2236.41 -2231.06 -2028.68
  210 209.5 26.4633 0.0114858 -2291.32 -2218.63 -1999.42
  211 210.5 26.4998 0.0115017 -2244.29 -2289.79 -1965.72
  212 211.5 26.5895 0.0115406 -2261.3 -2213.86 -1892.04
  213 212.5 26.6446 0.0115645 -2226.51 -2172.13 -1864.52
  214 213.5 26.7021 0.0115894 -2242.04 -2229.3 -1837.39
  215 214.5 26.8074 0.0116352 -2306.65 -2264.22 -1822.17
  216 215.5 26.9314 0.011689 -2260.52 -2211.71 -1712.78
  217 216.5 27.0341 0.0117335 -2269.69 -2263.73 -1723.81
  218 217.5 27.1675 0.0117915 -2193.12 -2186.77 -1719.76
  219 218.5 27.3562 0.0118734 -2179.92 -2148.59 -1633.71
  220 219.5 27.5629 0.0119631 -2072.9 -2080.51 -1600.69
  221 220.5 27.7412 0.0120404 -2031.55 -2053.16 -1616.9
  222 221.5 27.9854 0.0121464 -1925.89 -1954.38 -1587.75
  223 222.5 28.2424 0.012258 -1765.88 -1849.65 -1608.82
  224 223.5 28.5138 0.0123758 -1643.01 -1737.83 -1570.97
  225 224.5 28.7515 0.0124789 -1586.08 -1537.81 -1658.03
  226 225.5 29.072 0.012618 -1482.78 -1423.59 -1674.44
  227 226.5 29.3617 0.0127438 -1313.31 -1300.45 -1717.72
  228 227.5 29.6479 0.012868 -1187.95 -1254.06 -1771.99
  229 228.5 29.9282 0.0129897 -1121.28 -1145.76 -1822.6
  230 229.5 30.2512 0.0131299 -977.277 -1104.11 -1911.69
  231 230.5 30.5186 0.0132459 -907.811 -959.609 -1900.97
  232 231.5 30.7471 0.0133451 -932.989 -986.783 -2014.67
  233 232.5 31.0023 0.0134559 -910.668 -950.686 -2075.06
  234 233.5 31.2498 0.0135633 -953.987 -959.263 -2028.91
  235 234.5 31.4278 0.0136405 -1032.44 -985.813 -2115.79
  236 235.5 31.5901 0.013711 -1034.98 -1033.12 -2142.88
  237 236.5 31.7632 0.0137861 -1076.87 -1019.54 -2163.07
  238 237.5 31.8919 0.013842 -1045.88 -1088.79 -2109.31
  239 238.5 32.0068 0.0138918 -1080.29 -1131.48 -2100.7
  240 239.5 32.1049 0.0139344 -1230.57 -1230.24 -2093.49
  241 240.5 32.222 0.0139852 -1371.17 -1288.08 -2037.94
  242 241.5 32.2626 0.0140028 -1331.01 -1365.69 -2035.74
  243 242.5 32.3266 0.0140306 -1296.05 -1373.57 -2032.09
  244 243.5 32.3751 0.0140517 -1511.71 -1436.51 -1994.09
  245 244.5 32.4367 0.0140784 -1549.65 -1524.5 -1917.55
  246 245.5 32.4679 0.014092 -1610.4 -1615.64 -1901.08
  247 246.5 32.4893 0.0141012 -1570.53 -1624.63 -1958.23
  248 247.5 32.5155 0.0141126 -1576.77 -1535.8 -1823.51
  249 248.5 32.5321 0.0141198 -1661.25 -1583.76 -1836.52
  250 249.5 32.557 0.0141306 -1681.23 -1601.79 -1811.64
  251 250.5 32.561 0.0141324 -1633.73 -1630.77 -1858
  252 251.5 32.5575 0.0141309 -1610.33 -1659.71 -1762.86
  253 252.5 32.5742 0.0141381 -1656.12 -1670.28 -1796.85
  254 253.5 32.5906 0.0141452 -1653.17 -1689.02 -1813.79
  255 254.5 32.5882 0.0141442 -1703.69 -1651.87 -1710.52
  256 255.5 32.5882 0.0141442 -1729.32 -1706.37 -1752.87
  257 256.5 32.5873 0.0141438 -1756.47 -1731.21 -1809.83
  258 257.5 32.5873 0.0141438 -1727.36 -1730.12 -1706.16
  259 258.5 32.602 0.0141502 -1741.51 -1724.56 -1724.04
  260 259.5 32.5879 0.014144 -1718.86 -1666.1 -1722.92
  261 260.5 32.579 0.0141402 -1724.45 -1690.51 -1766.79
  262 261.5 32.5651 0.0141341 -1706.2 -1737.78 -1691.62
  263 262.5 32.6094 0.0141534 -1742.64 -1710.4 -1717.48
  264 263.5 32.5892 0.0141446 -1722.7 -1743.43 -1707.61
  265 264.5 32.562 0.0141328 -1784.46 -1693.45 -1756.83
  266 265.5 32.5787 0.0141401 -1756.73 -1741.45 -1699.81
  267 266.5 32.5958 0.0141475 -1697.88 -1707.95 -1709
  268 267.5 32.5753 0.0141386 -1741.57 -1722.34 -1708.5
  269 268.5 32.5781 0.0141398 -1713.48 -1695.28 -1692.67
  270 269.5 32.5793 0.0141403 -1738.08 -1723.14 -1769.58
  271 270.5 32.5951 0.0141472 -1698.51 -1685.84 -1681.93
  272 271.5 32.5934 0.0141464 -1641.83 -1649.84 -1687.44
  273 272.5 32.5836 0.0141422 -1664.3 -1704.7 -1750.54
  274 273.5 32.5929 0.0141462 -1654.72 -1647.38 -1675.53
  275 274.5 32.5846 0.0141426 -1738.82 -1710.59 -1758.06
  276 275.5 32.6097 0.0141535 -1645.19 -1676.41 -1667.37
  277 276.5 32.5685 0.0141356 -1732.11 -1710.6 -1771.26
  278 277.5 32.5999 0.0141492 -1686.38 -1668.68 -1715.48
  279 278.5 32.5964 0.0141478 -1714.69 -1695.09 -1699.11
  280 279.5 32.593 0.0141463 -1748.56 -1671.75 -1693.15
  281 280.5 32.5878 0.014144 -1751.72 -1741.76 -1773.46
  282 281.5 32.5965 0.0141478 -1673.73 -1647.34 -1693.58
  283 282.5 32.6034 0.0141508 -1724.32 -1708.35 -1692.45
  284 283.5 32.5855 0.014143 -1762.09 -1696.73 -1710.1
  285 284.5 32.5962 0.0141477 -1737.35 -1690.1 -1760.53
  286 285.5 32.5947 0.014147 -1760.7 -1683.59 -1693.41
  287 286.5 32.604 0.014151 -1792.64 -1719.38 -1725.06
  288 287.5 32.6039 0.014151 -1828.35 -1714.95 -1715.88
  289 288.5 32.6214 0.0141586 -1799.17 -1705.6 -1669.76
  290 289.5 32.5968 0.0141479 -1729.5 -1707.6 -1747.85
  291 290.5 32.5999 0.0141493 -1754.44 -1742.4 -1735.32
  292 291.5 32.5984 0.0141486 -1787.22 -1687.53 -1746.79
  293 292.5 32.6124 0.0141547 -1800.64 -1739.84 -1695.05
  294 293.5 32.6136 0.0141552 -1737.02 -1747.2 -1719.42
  295 294.5 32.5985 0.0141486 -1761.64 -1781.64 -1747.38
  296 295.5 32.613 0.0141549 -1701.72 -1778.3 -1694.02
  297 296.5 32.6296 0.0141621 -1815.63 -1730.68 -1696.85
  298 297.5 32.6009 0.0141497 -1834.72 -1778 -1727.43
  299 298.5 32.5984 0.0141486 -1765.02 -1702.64 -1755.48
  300 299.5 32.6167 0.0141565 -1761.06 -1650.92 -1714.21
  301 300.5 32.6062 0.014152 -1773.58 -1709.76 -1705.65
  302 301.5 32.6132 0.014155 -1794.25 -1776.39 -1710.34
  303 302.5 32.6163 0.0141564 -1706.16 -1709.16 -1711.83
  304 303.5 32.5996 0.0141492 -1767.8 -1776.84 -1767.28
  305 304.5 32.6107 0.0141539 -1689.69 -1734.98 -1736.84
  306 305.5 32.605 0.0141515 -1679.43 -1715.37 -1673.25
  307 306.5 32.6067 0.0141522 -1714.06 -1686.41 -1723.49
  308 307.5 32.5747 0.0141383 -1700.15 -1734 -1739.72
  309 308.5 32.5978 0.0141483 -1739.83 -1686.6 -1731.6
  310 309.5 32.5831 0.014142 -1682.38 -1711.76 -1714.95
  311 310.5 32.5948 0.0141471 -1734.19 -1672.05 -1716.99
  312 311.5 32.5746 0.0141383 -1753.37 -1725.3 -1712.56
  313 312.5 32.577 0.0141393 -1714.16 -1755.43 -1735.61
  314 313.5 32.5791 0.0141402 -1735.6 -1834.37 -1713.56
  315 314.5 32.581 0.0141411 -1733.33 -1737.72 -1677.85
  316 315.5 32.5536 0.0141292 -1785.94 -1858.23 -1786.1
  317 316.5 32.5621 0.0141328 -1751.27 -1771.04 -1703.89
  318 317.5 32.5499 0.0141276 -1715.33 -1782.76 -1698.39
  319 318.5 32.5607 0.0141322 -1739.91 -1778.75 -1690.95
  320 319.5 32.5549 0.0141297 -1738.49 -1779.73 -1776.43
  321 320.5 32.5258 0.0141171 -1685.71 -1714.85 -1723.86
  322 321.5 32.5436 0.0141248 -1663.45 -1675.08 -1694.62
  323 322.5 32.5575 0.0141309 -1703.35 -1667.3 -1691.82
  324 323.5 32.5253 0.0141169 -1684.5 -1680.44 -1756.67
  325 324.5 32.5234 0.014116 -1700.5 -1663.8 -1719.12
  326 325.5 32.5706 0.0141365 -1687.08 -1679.45 -1719.86
  327 326.5 32.5244 0.0141165 -1665.14 -1700.58 -1705.38
  328 327.5 32.5208 0.0141149 -1670.45 -1717.36 -1742.9
  329 328.5 32.525 0.0141168 -1689.62 -1741.16 -1721.68
  330 329.5 32.5338 0.0141206 -1705.17 -1704.51 -1735.29
  331 330.5 32.5219 0.0141154 -1667.85 -1727.36 -1723.76
  332 331.5 32.4972 0.0141047 -1704.37 -1683.83 -1649.55
  333 332.5 32.5187 0.014114 -1710.6 -1688.38 -1734.04
  334 333.5 32.4986 0.0141053 -1679.41 -1675.77 -1775.18
  335 334.5 32.487 0.0141003 -1741.7 -1710.85 -1699.96
  336 335.5 32.4806 0.0140975 -1704.42 -1809 -1733.93
  337 336.5 32.5101 0.0141103 -1741.87 -1716.45 -1680.52
  338 337.5 32.4912 0.0141021 -1772.08 -1721.09 -1741.75
  339 338.5 32.4538 0.0140859 -1763.13 -1744.31 -1722.01
  340 339.5 32.4814 0.0140978 -1737.17 -1731.15 -1743.49
  341 340.5 32.4993 0.0141056 -1754.41 -1706.79 -1697.86
  342 341.5 32.4607 0.0140889 -1763.27 -1771.17 -1690.91
  343 342.5 32.4404 0.01408 -1735.55 -1744.6 -1770.15
  344 343.5 32.5059 0.0141084 -1755.36 -1714.7 -1724.12
  345 344.5 32.4795 0.014097 -1753.2 -1746.15 -1679.7
  346 345.5 32.437 0.0140785 -1723.67 -1704.67 -1729.24
  347 346.5 32.456 0.0140868 -1699.87 -1734.22 -1740.96
  348 347.5 32.4724 0.0140939 -1708.11 -1746.96 -1746.85
  349 348.5 32.4584 0.0140878 -1786.93 -1824.36 -1681.14
  350 349.5 32.4403 0.01408 -1677.02 -1687.33 -1669.83
  351 350.5 32.4415 0.0140805 -1772.4 -1767.3 -1793.18
  352 351.5 32.4435 0.0140814 -1722.93 -1729.85 -1758.81
  353 352.5 32.4323 0.0140765 -1696.03 -1703.97 -1662.13
  354 353.5 32.4405 0.0140801 -1777.87 -1764.98 -1711.23
  355 354.5 32.4347 0.0140776 -1811 -1787.67 -1760.6
  356 355.5 32.4486 0.0140836 -1797.82 -1749.23 -1688.07
  357 356.5 32.4372 0.0140787 -1773.52 -1803.35 -1685.29
  358 357.5 32.4162 0.0140695 -1803.39 -1821.21 -1798.45
  359 358.5 32.438 0.014079 -1734.72 -1773.14 -1705.96
  360 359.5 32.449 0.0140838 -1719.99 -1712.2 -1666.94
  361 360.5 32.4293 0.0140752 -1677.66 -1787.47 -1707.06
  362 361.5 32.4111 0.0140673 -1807.17 -1779.83 -1799.38
  363 362.5 32.4325 0.0140766 -1720.8 -1738.1 -1673.04
  364 363.5 32.4532 0.0140856 -1784.96 -1731.45 -1683.47
  365 364.5 32.4184 0.0140705 -1817.97 -1796.16 -1745.99
  366 365.5 32.4288 0.014075 -1815.52 -1721.64 -1695.22
  367 366.5 32.4342 0.0140773 -1756.5 -1721.56 -1747.57
  368 367.5 32.4632 0.0140899 -1761.23 -1773.42 -1710.84
  369 368.5 32.4312 0.0140761 -1655.31 -1696.45 -1670.02
  370 369.5 32.4481 0.0140834 -1731.2 -1690.57 -1717.78
  371 370.5 32.4561 0.0140868 -1746.94 -1659.11 -1731.71
  372 371.5 32.4608 0.0140889 -1669.07 -1686.25 -1713.31
  373 372.5 32.4487 0.0140836 -1739.48 -1784.72 -1720.07
  374 373.5 32.4636 0.0140901 -1704.06 -1764.4 -1728.21
  375 374.5 32.475 0.0140951 -1785.99 -1820.19 -1729.51
  376 375.5 32.4621 0.0140895 -1706.82 -1778.16 -1702.88
  377 376.5 32.4773 0.0140961 -1721.12 -1757.55 -1750.58
  378 377.5 32.4707 0.0140932 -1701.07 -1756.83 -1711.78
  379 378.5 32.4853 0.0140995 -1678.98 -1696.62 -1738.5
  380 379.5 32.4803 0.0140973 -1664.17 -1660.64 -1672.15
  381 380.5 32.4765 0.0140957 -1725.6 -1710.94 -1760.56
  382 381.5 32.5149 0.0141124 -1735.26 -1732.52 -1734.73
  383 382.5 32.5024 0.0141069 -1693.22 -1663.88 -1724.05
  384 383.5 32.504 0.0141077 -1652.12 -1711.71 -1699.54
  385 384.5 32.504 0.0141076 -1682.05 -1680.11 -1788.21
  386 385.5 32.5241 0.0141164 -1643.23 -1635.25 -1697.78
  387 386.5 32.5286 0.0141183 -1730.62 -1713.99 -1706.71
  388 387.5 32.5297 0.0141188 -1673.03 -1660.79 -1734.81
  389 388.5 32.51 0.0141102 -1750.75 -1720.98 -1786
  390 389.5 32.5391 0.0141229 -1716.64 -1734.42 -1671.46
  391 390.5 32.5281 0.0141181 -1789.5 -1727.39 -1779.34
  392 391.5 32.5414 0.0141239 -1777.54 -1731.15 -1756.79
  393 392.5 32.5252 0.0141168 -1742.09 -1702.55 -1698.99
  394 393.5 32.56 0.014132 -1730.09 -1724.69 -1713.5
  395 394.5 32.5351 0.0141212 -1763.79 -1688.84 -1772.5
  396 395.5 32.5098 0.0141102 -1777.24 -1706.17 -1810.56
  397 396.5 32.5419 0.0141241 -1739.3 -1739.4 -1723.75
  398 397.5 32.5348 0.014121 -1697.62 -1643.99 -1666.26
  399 398.5 32.5238 0.0141162 -1773.99 -1766.41 -1792.27
  400 399.5 32.5151 0.0141125 -1675.61 -1688.47 -1814.57
  401 400.5 32.5029 0.0141072 -1689.58 -1620.29 -1801.93
  402 401.5 32.5021 0.0141068 -1611.15 -1608.74 -1709.96
  403 402.5 32.4984 0.0141052 -1637.89 -1573.49 -1847.52
  404 403.5 32.4871 0.0141003 -1630.24 -1636.49 -1826.25
  405 404.5 32.4469 0.0140829 -1566.82 -1553.7 -1776.77
  406 405.5 32.4636 0.0140901 -1573.17 -1635.79 -1836.26
  407 406.5 32.4364 0.0140783 -1554.21 -1634.56 -1893.17
  408 407.5 32.4121 0.0140678 -1636.54 -1600.49 -1838.7
  409 408.5 32.3473 0.0140396 -1590.64 -1571.34 -1958.18
  410 409.5 32.3449 0.0140386 -1535.99 -1559.58 -1960.64
  411 410.5 32.2927 0.0140159 -1458.97 -1463.48 -1947.16
  412 411.5 32.2499 0.0139974 -1437.31 -1465.1 -1955.55
  413 412.5 32.1703 0.0139628 -1334.42 -1380.84 -2020.07
  414 413.5 32.1204 0.0139412 -1334.24 -1334.47 -2031.99
  415 414.5 32.015 0.0138954 -1309.3 -1344.38 -2089.5
  416 415.5 31.9155 0.0138522 -1194.05 -1233.22 -2070.98
  417 416.5 31.8023 0.0138031 -1131.4 -1178.1 -2088.86
  418 417.5 31.6615 0.013742 -1127.88 -1149.5 -2120.8
  419 418.5 31.5369 0.0136879 -1123.75 -1113.64 -2088.05
  420 419.5 31.3791 0.0136194 -1055.65 -1043.67 -2060.58
  421 420.5 31.1835 0.0135345 -1020.9 -1015.93 -2065.3
  422 421.5 30.949 0.0134327 -1044.96 -1000.12 -2060.47
  423 422.5 30.762 0.0133516 -1016.02 -1016.4 -2003.18
  424 423.5 30.5217 0.0132473 -1014.69 -956.392 -1968.86
  425 424.5 30.2368 0.0131236 -1087.09 -1016.76 -1869.88
  426 425.5 29.9879 0.0130156 -1197.24 -1233.37 -1842.9
  427 426.5 29.7254 0.0129016 -1246.95 -1310.96 -1828.36
  428 427.5 29.4416 0.0127785 -1421.26 -1393.58 -1787.22
  429 428.5 29.1243 0.0126408 -1513.85 -1481.28 -1728.76
  430 429.5 28.8795 0.0125345 -1645.94 -1571.78 -1696.22
  431 430.5 28.6205 0.0124221 -1724.25 -1675.06 -1658.36
  432 431.5 28.3401 0.0123004 -1768.69 -1792.08 -1644.04
  433 432.5 28.1003 0.0121963 -1903.06 -1830.5 -1626.99
  434 433.5 27.8653 0.0120943 -1959.21 -1909.08 -1633.99
  435 434.5 27.6542 0.0120027 -1985.01 -2013.85 -1641.43
  436 435.5 27.4643 0.0119203 -2062.99 -2047.04 -1635.23
  437 436.5 27.2555 0.0118296 -2134.16 -2136.65 -1714.24
  438 437.5 27.1161 0.0117692 -2215.52 -2188.82 -1718.44
  439 438.5 26.9892 0.0117141 -2241.1 -2183.06 -1740.27
  440 439.5 26.8768 0.0116653 -2258.41 -2239.2 -1763.84
  441 440.5 26.7422 0.0116068 -2290.64 -2253.15 -1853.43
  442 441.5 26.6902 0.0115843 -2201.83 -2222.55 -1865
  443 442.5 26.6046 0.0115471 -2202.06 -2169.61 -1906.7
  444 443.5 26.5437 0.0115207 -2199.68 -2163.4 -1935.72
  445 444.5 26.4866 0.0114959 -2227.25 -2215.75 -1970.05
  446 445.5 26.4569 0.011483 -2231.62 -2219.58 -2009.94
  447 446.5 26.4368 0.0114743 -2161.32 -2163.43 -2047.95
  448 447.5 26.3589 0.0114405 -2190.09 -2204.48 -2066.79
  449 448.5 26.344 0.011434 -2172.33 -2141.39 -2068.88
  450 449.5 26.3632 0.0114424 -2137.5 -2110.33 -2092.24
  451 450.5 26.2982 0.0114141 -2212.81 -2150.27 -2150.64
  452 451.5 26.2749 0.011404 -2164.01 -2101.59 -2179.25
  453 452.5 26.2788 0.0114057 -2123.26 -2095.92 -2164.33
  454 453.5 26.258 0.0113967 -2064.24 -2039.1 -2183.6
  455 454.5 26.1941 0.011369 -2080.53 -2058.33 -2255.7
  456 455.5 26.1746 0.0113605 -2033.35 -2056.1 -2247.21
  457 456.5 26.1588 0.0113536 -2009.99 -1978.84 -2252.69
  458 457.5 26.0872 0.0113226 -2023.32 -1988.54 -2344.95
  459 458.5 26.0137 0.0112907 -1979.17 -2033.56 -2390.25
  460 459.5 26.0062 0.0112874 -1889.63 -1947.54 -2327.52
  461 460.5 25.9039 0.011243 -1841.19 -1900.86 -2414.14
  462 461.5 25.7926 0.0111947 -1798.32 -1822.12 -2505.76
  463 462.5 25.6767 0.0111444 -1796.23 -1779 -2516.81
  464 463.5 25.5566 0.0110923 -1721.36 -1741.07 -2579.82
  465 464.5 25.3861 0.0110183 -1693.38 -1698.93 -2600.58
  466 465.5 25.2053 0.0109398 -1653.4 -1694.44 -2690.14
  467 466.5 24.9663 0.0108361 -1546.53 -1504.45 -2719.21
  468 467.5 24.7019 0.0107213 -1503.95 -1459.68 -2730.82
  469 468.5 24.379 0.0105812 -1453.56 -1462.84 -2840.32
  470 469.5 24.0127 0.0104222 -1312.83 -1325.82 -2820.69
  471 470.5 23.5664 0.0102285 -1352.39 -1292.03 -2873.15
  472 471.5 23.0964 0.0100245 -1287.7 -1313.22 -2902.5
  473 472.5 22.5535 0.00978885 -1197.73 -1262.66 -2900.8
  474 473.5 21.9435 0.00952408 -1295.19 -1275.01 -2955.71
  475 474.5 21.2294 0.00921417 -1241.38 -1232.89 -2954.61
  476 475.5 20.522 0.0089071 -1278.26 -1333.66 -2936.64
  477 476.5 19.7133 0.00855611 -1386.71 -1379.01 -2953.34
  478 477.5 18.8575 0.00818469 -1578.6 -1569.02 -2956.88
  479 478.5 17.9354 0.00778445 -1756.76 -1744.35 -3017.67
  480 479.5 17.0483 0.00739942 -1887.37 -1973.24 -3079.04
  481 480.5 16.0833 0.0069806 -2207.54 -2268.28 -3155.44
  482 481.5 15.1297 0.0065667 -2445.17 -2504.43 -3196.45
  483 482.5 14.1683 0.00614946 -2826.46 -2824.99 -3340.52
  484 483.5 13.2182 0.00573706 -3143.54 -3230.67 -3582.43
  485 484.5 12.3264 0.00535 -3536.25 -3617.9 -3663.63
  486 485.5 11.4282 0.00496015 -3984.88 -3997.49 -3952.65
  487 486.5 10.5822 0.00459297 -4600.93 -4582.57 -4281.91
  488 487.5 9.78375 0.00424642 -5061.9 -5083.2 -4569.39
  489 488.5 9.04742 0.00392683 -5717.05 -5663.08 -4997.75
  490 489.5 8.34906 0.00362372 -6360.47 -6363.63 -5447.28
  491 490.5 7.72005 0.00335072 -6996.5 -7080.67 -5915.91
  492 491.5 7.15367 0.00310489 -7754.17 -7787.98 -6502.95
  493 492.5 6.62543 0.00287562 -8543.98 -8512.21 -7122.14
  494 493.5 6.17524 0.00268022 -9276.86 -9321.73 -7766.3
  495 494.5 5.77485 0.00250645 -10015.2 -10023.2 -8417.46
  496 495.5 5.4266 0.00235529 -10681.4 -10771.5 -9139.32
  497 496.5 5.1161 0.00222053 -11312.1 -11308.9 -9862.44
  498 497.5 4.86129 0.00210994 -11960.6 -11985.2 -10558.2
  499 498.5 4.64214 0.00201482 -12468.1 -12576.8 -11221.1
  500 499.5 4.46288 0.00193701 -12930.9 -12998 -11741.5
  501 500.5 4.31176 0.00187142 -13510.6 -13449.7 -12339.2
  502 501.5 4.18717 0.00181735 -13857.6 -13814.5 -12873.1
  503 502.5 4.0845 0.00177278 -14145.3 -14144.1 -13263.4
  504 503.5 4.00632 0.00173885 -14376.3 -14425 -13608.8
  505 504.5 3.93931 0.00170977 -14544.5 -14540.9 -13900.3
  506 505.5 3.87839 0.00168333 -14812.9 -14758.7 -14252.4
  507 506.5 3.83176 0.00166309 -14906.8 -14904.1 -14503.4
  508 507.5 3.81243 0.0016547 -15017.7 -14903.3 -14584.3
  509 508.5 3.77417 0.00163809 -15075.1 -14978.5 -14692.7
  510 509.5 3.73872 0.00162271 -15174 -15100.5 -14933.7
  511 510.5 3.71815 0.00161378 -15232.8 -15220.1 -15079.1
  512 511.5 3.70731 0.00160908 -15328.2 -15203.6 -15094.5
  513 512.5 3.68369 0.00159882 -15433.6 -15308.9 -15218
  514 513.5 3.682 0.00159809 -15434.9 -15301.3 -15274.2
  515 514.5 3.67519 0.00159514 -15411.7 -15410.9 -15278.7
  516 515.5 3.67161 0.00159358 -15486.5 -15409.3 -15325.6
  517 516.5 3.67149 0.00159353 -15446.2 -15457.4 -15327.6
  518 517.5 3.66659 0.0015914 -15370.5 -15433.1 -15334.9
  519 518.5 3.66227 0.00158953 -15387.9 -15498.2 -15345.2
  520 519.5 3.66089 0.00158893 -15417 -15412.4 -15379.7
  521 520.5 3.65463 0.00158621 -15421.3 -15496.1 -15440.9
  522 521.5 3.64944 0.00158396 -15487.3 -15412 -15439.7
  523 522.5 3.65407 0.00158597 -15473.8 -15385 -15430.2
  524 523.5 3.64489 0.00158198 -15491.8 -15472.8 -15473.6
  525 524.5 3.65627 0.00158692 -15477 -15481.7 -15411.7
  526 525.5 3.65678 0.00158714 -15441.3 -15425.3 -15376.4
  527 526.5 3.65358 0.00158576 -15476.5 -15466.9 -15417.6
  528 527.5 3.64299 0.00158116 -15433.3 -15505.5 -15512.6
  529 528.5 3.64238 0.00158089 -15537.2 -15495.7 -15492.5
  530 529.5 3.63971 0.00157974 -15541.6 -15392 -15477.1
  531 530.5 3.64781 0.00158325 -15445.1 -15519.8 -15429.9
  532 531.5 3.64506 0.00158206 -15481.9 -15421.1 -15441.7
  533 532.5 3.65065 0.00158449 -15468.8 -15476.9 -15412.5
  534 533.5 3.64141 0.00158047 -15465.4 -15489.9 -15546.6
  535 534.5 3.64483 0.00158196 -15417.2 -15492 -15505
  536 535.5 3.64833 0.00158348 -15452.8 -15454.3 -15431.9
  537 536.5 3.64995 0.00158418 -15534.4 -15545.6 -15451.7
  538 537.5 3.63633 0.00157827 -15569.1 -15517.1 -15442.7
  539 538.5 3.62888 0.00157504 -15537.5 -15494.5 -15598.7
  540 539.5 3.62822 0.00157475 -15445.6 -15428.3 -15493
  541 540.5 3.62127 0.00157173 -15646 -15563.8 -15609
  542 541.5 3.62407 0.00157295 -15546.6 -15423.9 -15529.3
  543 542.5 3.61953 0.00157098 -15494.4 -15476.1 -15551.7
  544 543.5 3.61451 0.0015688 -15493.2 -15453.4 -15604.3
  545 544.5 3.62172 0.00157193 -15456.8 -15549 -15566.3
  546 545.5 3.62806 0.00157468 -15400.3 -15390.7 -15504.8
  547 546.5 3.63094 0.00157593 -15416 -15520.7 -15509.7
  548 547.5 3.62173 0.00157193 -15410 -15493.1 -15577.1
  549 548.5 3.63312 0.00157687 -15389.5 -15462.7 -15520.4
  550 549.5 3.6333 0.00157695 -15372 -15502.4 -15520.6
  551 550.5 3.63684 0.00157849 -15395.7 -15567.1 -15482.4
  552 551.5 3.63183 0.00157631 -15506.1 -15618.5 -15531.3
  553 552.5 3.63 0.00157552 -15554.3 -15549 -15545.5
  554 553.5 3.63756 0.0015788 -15567.6 -15553.8 -15527.3
  555 554.5 3.63898 0.00157942 -15493.5 -15484.5 -15493
  556 555.5 3.63978 0.00157977 -15545.9 -15469.6 -15448.7
  557 556.5 3.63636 0.00157828 -15527.3 -15482.7 -15511.1
  558 557.5 3.63346 0.00157702 -15408 -15488.3 -15527.4
  559 558.5 3.63738 0.00157873 -15413.5 -15441 -15504.2
  560 559.5 3.64931 0.0015839 -15398.6 -15528.4 -15433
  561 560.5 3.64132 0.00158043 -15446.7 -15462.8 -15484.6
  562 561.5 3.64163 0.00158057 -15397.1 -15435.8 -15480
  563 562.5 3.64981 0.00158412 -15399.1 -15539 -15453.5
  564 563.5 3.65216 0.00158514 -15326.4 -15471.1 -15401.7
  565 564.5 3.64565 0.00158231 -15290.4 -15406.4 -15479.4
  566 565.5 3.64894 0.00158374 -15424 -15503.3 -15490.5
  567 566.5 3.65197 0.00158505 -15469.6 -15463.7 -15436.7
  568 567.5 3.66184 0.00158934 -15381.5 -15438 -15340.3
  569 568.5 3.66041 0.00158872 -15478.9 -15503.5 -15419.2
  570 569.5 3.65065 0.00158448 -15411.4 -15480.4 -15441.8
  571 570.5 3.65528 0.00158649 -15432 -15533.9 -15422.5
  572 571.5 3.65401 0.00158594 -15477.4 -15429.2 -15452.8
  573 572.5 3.65579 0.00158671 -15490 -15391.5 -15420.1
  574 573.5 3.65314 0.00158557 -15497.4 -15480.3 -15445.5
  575 574.5 3.65992 0.00158851 -15437.1 -15512.2 -15368
  576 575.5 3.66019 0.00158863 -15375.1 -15413.6 -15381.4
  577 576.5 3.66467 0.00159057 -15289.1 -15368.9 -15395.3
  578 577.5 3.6703 0.00159301 -15429.4 -15289.3 -15348.6
  579 578.5 3.66011 0.00158859 -15281.1 -15409.7 -15456.6
  580 579.5 3.67111 0.00159336 -15354.3 -15384.4 -15329.5
  581 580.5 3.67604 0.0015955 -15303.6 -15423 -15323.9
  582 581.5 3.66847 0.00159222 -15311 -15428.1 -15386.6
  583 582.5 3.67655 0.00159573 -15275.8 -15298.2 -15354.5
  584 583.5 3.68204 0.00159811 -15313.1 -15381.7 -15304.8
  585 584.5 3.67602 0.00159549 -15356.3 -15361.9 -15331
  586 585.5 3.6788 0.0015967 -15337.2 -15335.6 -15342.5
  587 586.5 3.68235 0.00159824 -15395.9 -15338.3 -15310.8
  588 587.5 3.68176 0.00159799 -15328.4 -15302.2 -15304.5
  589 588.5 3.68281 0.00159844 -15407 -15278.2 -15294.4
  590 589.5 3.68661 0.00160009 -15372.3 -15234.7 -15304.7
  591 590.5 3.68398 0.00159895 -15328.7 -15302.8 -15317.6
  592 591.5 3.69102 0.001602 -15334.5 -15264.5 -15303
  593 592.5 3.69283 0.00160279 -15304.3 -15289.7 -15289.6
  594 593.5 3.68872 0.00160101 -15352.3 -15278.7 -15273.5
  595 594.5 3.68004 0.00159724 -15361.6 -15237.1 -15299.6
  596 595.5 3.67416 0.00159469 -15448 -15237.6 -15363.7
  597 596.5 3.67583 0.00159541 -15302.3 -15327.9 -15353.4
  598 597.5 3.67014 0.00159294 -15343.4 -15331 -15351.5
  599 598.5 3.6709 0.00159327 -15354.9 -15329 -15350.4
  600 599.5 3.66899 0.00159244 -15436.3 -15393.2 -15341.9
  601 600.5 3.65903 0.00158812 -15444.8 -15320.2 -15434.6
  602 601.5 3.66324 0.00158995 -15469.8 -15280.5 -15388.6
  603 602.5 3.66842 0.0015922 -15373.6 -15239.6 -15343.1
  604 603.5 3.66521 0.0015908 -15350.3 -15431.3 -15388
  605 604.5 3.66227 0.00158953 -15336.7 -15401.3 -15391.1
  606 605.5 3.66067 0.00158883 -15352.8 -15382.1 -15371.3
  607 606.5 3.66817 0.00159209 -15366.6 -15370.1 -15371.5
  608 607.5 3.65837 0.00158783 -15370.3 -15386.6 -15443.3
  609 608.5 3.66076 0.00158887 -15436.5 -15392.1 -15377.5
  610 609.5 3.66189 0.00158936 -15491.2 -15420.7 -15374.5
  611 610.5 3.6619 0.00158936 -15441 -15364.4 -15427.7
  612 611.5 3.65705 0.00158726 -15420.5 -15312.4 -15434.4
  613 612.5 3.66326 0.00158996 -15416.1 -15329.2 -15374.8
  614 613.5 3.66103 0.00158899 -15436 -15372.4 -15400.3
  615 614.5 3.66917 0.00159252 -15429.8 -15395.6 -15344.6
  616 615.5 3.66535 0.00159086 -15344.2 -15376.3 -15428.6
  617 616.5 3.66729 0.00159171 -15449.9 -15362.9 -15342.9
  618 617.5 3.66471 0.00159059 -15443.6 -15432.2 -15387.7
  619 618.5 3.67065 0.00159316 -15371 -15375.9 -15353.6
  620 619.5 3.66364 0.00159012 -15386.4 -15346.2 -15391.2
  621 620.5 3.66521 0.0015908 -15440.3 -15376.7 -15372.4
  622 621.5 3.65431 0.00158607 -15367.3 -15384.8 -15441.7
  623 622.5 3.65413 0.00158599 -15433.7 -15347.2 -15455.1
  624 623.5 3.65351 0.00158572 -15437.5 -15371.7 -15417.4
