# Chunk-averaged data for fix tensor3 and group c2
# Timestep Number-of-chunks Total-count
# Chunk Coord1 Ncount density/number
52500000 480 5967.999999999998
  1 0.5 4.9951 0.00216801
  2 1.5 5.00159 0.00217083
  3 2.5 5.01796 0.00217793
  4 3.5 4.96146 0.00215341
  5 4.5 4.92913 0.00213938
  6 5.5 4.91786 0.00213449
  7 6.5 4.89792 0.00212583
  8 7.5 4.86798 0.00211284
  9 8.5 4.82587 0.00209456
  10 9.5 4.73752 0.00205622
  11 10.5 4.6595 0.00202235
  12 11.5 4.60551 0.00199892
  13 12.5 4.56334 0.00198062
  14 13.5 4.54282 0.00197171
  15 14.5 4.51397 0.00195919
  16 15.5 4.52163 0.00196251
  17 16.5 4.54425 0.00197233
  18 17.5 4.56723 0.00198231
  19 18.5 4.53675 0.00196908
  20 19.5 4.54576 0.00197299
  21 20.5 4.56387 0.00198085
  22 21.5 4.5715 0.00198416
  23 22.5 4.60063 0.0019968
  24 23.5 4.62779 0.00200859
  25 24.5 4.60357 0.00199808
  26 25.5 4.5898 0.0019921
  27 26.5 4.5792 0.0019875
  28 27.5 4.55106 0.00197529
  29 28.5 4.56098 0.00197959
  30 29.5 4.59536 0.00199451
  31 30.5 4.60035 0.00199668
  32 31.5 4.59878 0.001996
  33 32.5 4.56606 0.0019818
  34 33.5 4.55118 0.00197534
  35 34.5 4.55462 0.00197683
  36 35.5 4.46074 0.00193609
  37 36.5 4.42322 0.0019198
  38 37.5 4.40594 0.0019123
  39 38.5 4.36321 0.00189375
  40 39.5 4.30783 0.00186972
  41 40.5 4.34114 0.00188417
  42 41.5 4.3455 0.00188607
  43 42.5 4.35292 0.00188929
  44 43.5 4.38702 0.00190409
  45 44.5 4.40511 0.00191194
  46 45.5 4.44335 0.00192854
  47 46.5 4.39134 0.00190596
  48 47.5 4.3775 0.00189995
  49 48.5 4.36479 0.00189444
  50 49.5 4.31678 0.0018736
  51 50.5 4.18422 0.00181607
  52 51.5 4.05645 0.00176061
  53 52.5 3.91798 0.00170051
  54 53.5 3.696 0.00160417
  55 54.5 3.47366 0.00150766
  56 55.5 3.13556 0.00136092
  57 56.5 2.71293 0.00117749
  58 57.5 2.27466 0.000987267
  59 58.5 1.82979 0.000794181
  60 59.5 1.40214 0.000608569
  61 60.5 1.05816 0.000459271
  62 61.5 0.775 0.000336372
  63 62.5 0.563832 0.000244719
  64 63.5 0.409544 0.000177753
  65 64.5 0.293176 0.000127247
  66 65.5 0.230072 9.98576e-05
  67 66.5 0.18088 7.85069e-05
  68 67.5 0.152232 6.60729e-05
  69 68.5 0.13932 6.04688e-05
  70 69.5 0.12736 5.52778e-05
  71 70.5 0.122416 5.31319e-05
  72 71.5 0.116304 5.04792e-05
  73 72.5 0.11684 5.07118e-05
  74 73.5 0.113672 4.93368e-05
  75 74.5 0.110256 4.78542e-05
  76 75.5 0.109536 4.75417e-05
  77 76.5 0.110984 4.81701e-05
  78 77.5 0.117784 5.11215e-05
  79 78.5 0.116744 5.06701e-05
  80 79.5 0.115608 5.01771e-05
  81 80.5 0.113288 4.91701e-05
  82 81.5 0.112008 4.86146e-05
  83 82.5 0.116224 5.04444e-05
  84 83.5 0.109856 4.76806e-05
  85 84.5 0.110008 4.77465e-05
  86 85.5 0.109736 4.76285e-05
  87 86.5 0.108104 4.69201e-05
  88 87.5 0.106488 4.62188e-05
  89 88.5 0.105032 4.55868e-05
  90 89.5 0.107736 4.67604e-05
  91 90.5 0.111616 4.84444e-05
  92 91.5 0.106584 4.62604e-05
  93 92.5 0.107848 4.6809e-05
  94 93.5 0.109432 4.74965e-05
  95 94.5 0.109896 4.76979e-05
  96 95.5 0.111752 4.85035e-05
  97 96.5 0.111176 4.82535e-05
  98 97.5 0.111064 4.82049e-05
  99 98.5 0.110552 4.79826e-05
  100 99.5 0.112552 4.88507e-05
  101 100.5 0.10968 4.76042e-05
  102 101.5 0.107608 4.67049e-05
  103 102.5 0.111232 4.82778e-05
  104 103.5 0.110488 4.79549e-05
  105 104.5 0.112168 4.8684e-05
  106 105.5 0.11012 4.77951e-05
  107 106.5 0.110552 4.79826e-05
  108 107.5 0.106344 4.61563e-05
  109 108.5 0.114448 4.96736e-05
  110 109.5 0.114824 4.98368e-05
  111 110.5 0.114896 4.98681e-05
  112 111.5 0.113312 4.91806e-05
  113 112.5 0.11052 4.79687e-05
  114 113.5 0.112808 4.89618e-05
  115 114.5 0.104832 4.55e-05
  116 115.5 0.105992 4.60035e-05
  117 116.5 0.103528 4.4934e-05
  118 117.5 0.106288 4.61319e-05
  119 118.5 0.105176 4.56493e-05
  120 119.5 0.1056 4.58333e-05
  121 120.5 0.108264 4.69896e-05
  122 121.5 0.110672 4.80347e-05
  123 122.5 0.111336 4.83229e-05
  124 123.5 0.11504 4.99306e-05
  125 124.5 0.11088 4.8125e-05
  126 125.5 0.109336 4.74549e-05
  127 126.5 0.106584 4.62604e-05
  128 127.5 0.109264 4.74236e-05
  129 128.5 0.11176 4.85069e-05
  130 129.5 0.11012 4.77951e-05
  131 130.5 0.110512 4.79653e-05
  132 131.5 0.108856 4.72465e-05
  133 132.5 0.110104 4.77882e-05
  134 133.5 0.109312 4.74444e-05
  135 134.5 0.109016 4.7316e-05
  136 135.5 0.110192 4.78264e-05
  137 136.5 0.10724 4.65451e-05
  138 137.5 0.111352 4.83299e-05
  139 138.5 0.112104 4.86563e-05
  140 139.5 0.110656 4.80278e-05
  141 140.5 0.112344 4.87604e-05
  142 141.5 0.112368 4.87708e-05
  143 142.5 0.115016 4.99201e-05
  144 143.5 0.114752 4.98056e-05
  145 144.5 0.115272 5.00312e-05
  146 145.5 0.117232 5.08819e-05
  147 146.5 0.112784 4.89514e-05
  148 147.5 0.111496 4.83924e-05
  149 148.5 0.1126 4.88715e-05
  150 149.5 0.10932 4.74479e-05
  151 150.5 0.114328 4.96215e-05
  152 151.5 0.111648 4.84583e-05
  153 152.5 0.114048 4.95e-05
  154 153.5 0.113472 4.925e-05
  155 154.5 0.116672 5.06389e-05
  156 155.5 0.117776 5.11181e-05
  157 156.5 0.117096 5.08229e-05
  158 157.5 0.116376 5.05104e-05
  159 158.5 0.115016 4.99201e-05
  160 159.5 0.111816 4.85312e-05
  161 160.5 0.11248 4.88194e-05
  162 161.5 0.11492 4.98785e-05
  163 162.5 0.113984 4.94722e-05
  164 163.5 0.112696 4.89132e-05
  165 164.5 0.114352 4.96319e-05
  166 165.5 0.112096 4.86528e-05
  167 166.5 0.116864 5.07222e-05
  168 167.5 0.115432 5.01007e-05
  169 168.5 0.11092 4.81424e-05
  170 169.5 0.107936 4.68472e-05
  171 170.5 0.109608 4.75729e-05
  172 171.5 0.108952 4.72882e-05
  173 172.5 0.10848 4.70833e-05
  174 173.5 0.111728 4.84931e-05
  175 174.5 0.113072 4.90764e-05
  176 175.5 0.11496 4.98958e-05
  177 176.5 0.112296 4.87396e-05
  178 177.5 0.117536 5.10139e-05
  179 178.5 0.117808 5.11319e-05
  180 179.5 0.11484 4.98438e-05
  181 180.5 0.11428 4.96007e-05
  182 181.5 0.12112 5.25694e-05
  183 182.5 0.11968 5.19444e-05
  184 183.5 0.117776 5.11181e-05
  185 184.5 0.11488 4.98611e-05
  186 185.5 0.118376 5.13785e-05
  187 186.5 0.11616 5.04167e-05
  188 187.5 0.111608 4.8441e-05
  189 188.5 0.114264 4.95938e-05
  190 189.5 0.113768 4.93785e-05
  191 190.5 0.114288 4.96042e-05
  192 191.5 0.114616 4.97465e-05
  193 192.5 0.116232 5.04479e-05
  194 193.5 0.114272 4.95972e-05
  195 194.5 0.118912 5.16111e-05
  196 195.5 0.120848 5.24514e-05
  197 196.5 0.122384 5.31181e-05
  198 197.5 0.119192 5.17326e-05
  199 198.5 0.124472 5.40243e-05
  200 199.5 0.126336 5.48333e-05
  201 200.5 0.12936 5.61458e-05
  202 201.5 0.133328 5.78681e-05
  203 202.5 0.1422 6.17188e-05
  204 203.5 0.154928 6.72431e-05
  205 204.5 0.176304 7.65208e-05
  206 205.5 0.212176 9.20903e-05
  207 206.5 0.263952 0.000114562
  208 207.5 0.362616 0.000157385
  209 208.5 0.503304 0.000218448
  210 209.5 0.703832 0.000305483
  211 210.5 0.99336 0.000431146
  212 211.5 1.3487 0.000585372
  213 212.5 1.80138 0.000781851
  214 213.5 2.27918 0.000989229
  215 214.5 2.82906 0.00122789
  216 215.5 3.3743 0.00146454
  217 216.5 3.90326 0.00169413
  218 217.5 4.34706 0.00188675
  219 218.5 4.83145 0.00209698
  220 219.5 5.26727 0.00228614
  221 220.5 5.79387 0.0025147
  222 221.5 6.34706 0.0027548
  223 222.5 6.97362 0.00302674
  224 223.5 7.69827 0.00334126
  225 224.5 8.62746 0.00374456
  226 225.5 9.69858 0.00420945
  227 226.5 10.9613 0.00475751
  228 227.5 12.4614 0.0054086
  229 228.5 13.966 0.00606163
  230 229.5 15.5971 0.00676957
  231 230.5 17.3815 0.00754405
  232 231.5 19.1397 0.00830715
  233 232.5 20.9136 0.00907707
  234 233.5 22.6719 0.00984024
  235 234.5 24.2663 0.0105323
  236 235.5 25.6089 0.011115
  237 236.5 26.9157 0.0116822
  238 237.5 27.9038 0.012111
  239 238.5 28.801 0.0125004
  240 239.5 29.5582 0.0128291
  241 240.5 30.296 0.0131493
  242 241.5 30.8019 0.0133689
  243 242.5 31.2922 0.0135817
  244 243.5 31.6668 0.0137443
  245 244.5 31.9466 0.0138657
  246 245.5 32.1374 0.0139485
  247 246.5 32.4266 0.0140741
  248 247.5 32.4582 0.0140878
  249 248.5 32.6268 0.0141609
  250 249.5 32.7486 0.0142138
  251 250.5 32.7824 0.0142285
  252 251.5 32.6373 0.0141655
  253 252.5 32.7913 0.0142323
  254 253.5 32.8751 0.0142687
  255 254.5 32.8104 0.0142406
  256 255.5 32.8117 0.0142412
  257 256.5 32.935 0.0142947
  258 257.5 32.7968 0.0142347
  259 258.5 32.7878 0.0142308
  260 259.5 32.8908 0.0142755
  261 260.5 32.7177 0.0142004
  262 261.5 32.5911 0.0141455
  263 262.5 32.743 0.0142114
  264 263.5 32.7374 0.0142089
  265 264.5 32.6628 0.0141766
  266 265.5 32.6463 0.0141694
  267 266.5 32.6263 0.0141607
  268 267.5 32.6816 0.0141847
  269 268.5 32.6722 0.0141807
  270 269.5 32.6742 0.0141815
  271 270.5 32.6577 0.0141743
  272 271.5 32.6237 0.0141596
  273 272.5 32.5734 0.0141378
  274 273.5 32.6391 0.0141663
  275 274.5 32.5669 0.0141349
  276 275.5 32.5715 0.0141369
  277 276.5 32.6931 0.0141897
  278 277.5 32.7192 0.0142011
  279 278.5 32.6628 0.0141765
  280 279.5 32.8265 0.0142476
  281 280.5 32.8989 0.014279
  282 281.5 32.8942 0.014277
  283 282.5 32.9693 0.0143096
  284 283.5 32.9592 0.0143052
  285 284.5 32.9215 0.0142889
  286 285.5 32.9547 0.0143032
  287 286.5 33.0011 0.0143234
  288 287.5 33.0073 0.0143261
  289 288.5 33.0398 0.0143402
  290 289.5 33.1245 0.014377
  291 290.5 33.1727 0.0143979
  292 291.5 33.0703 0.0143534
  293 292.5 33.1854 0.0144034
  294 293.5 33.154 0.0143898
  295 294.5 33.0937 0.0143636
  296 295.5 33.0122 0.0143282
  297 296.5 33.1482 0.0143872
  298 297.5 33.0354 0.0143383
  299 298.5 32.9503 0.0143013
  300 299.5 32.9134 0.0142854
  301 300.5 32.9901 0.0143186
  302 301.5 32.8908 0.0142755
  303 302.5 32.8559 0.0142604
  304 303.5 33.0283 0.0143352
  305 304.5 33.0298 0.0143358
  306 305.5 33.0432 0.0143417
  307 306.5 33.082 0.0143585
  308 307.5 33.1475 0.014387
  309 308.5 33.0656 0.0143514
  310 309.5 33.0482 0.0143438
  311 310.5 33.087 0.0143607
  312 311.5 33.0304 0.0143361
  313 312.5 33.0875 0.0143609
  314 313.5 33.0483 0.0143439
  315 314.5 33.0057 0.0143254
  316 315.5 32.9388 0.0142963
  317 316.5 32.987 0.0143173
  318 317.5 32.976 0.0143125
  319 318.5 32.9304 0.0142927
  320 319.5 32.9579 0.0143047
  321 320.5 33.02 0.0143316
  322 321.5 32.9957 0.014321
  323 322.5 32.9305 0.0142927
  324 323.5 32.9983 0.0143222
  325 324.5 32.938 0.014296
  326 325.5 32.9626 0.0143067
  327 326.5 33.0291 0.0143355
  328 327.5 32.9783 0.0143135
  329 328.5 32.9304 0.0142927
  330 329.5 33.098 0.0143655
  331 330.5 33.1482 0.0143872
  332 331.5 33.1036 0.0143679
  333 332.5 33.1491 0.0143876
  334 333.5 33.2035 0.0144113
  335 334.5 33.1086 0.0143701
  336 335.5 33.0488 0.0143441
  337 336.5 33.0743 0.0143552
  338 337.5 33.0341 0.0143377
  339 338.5 32.9482 0.0143004
  340 339.5 33.0525 0.0143457
  341 340.5 33.1389 0.0143832
  342 341.5 33.0225 0.0143327
  343 342.5 33.1007 0.0143666
  344 343.5 33.131 0.0143798
  345 344.5 33.0042 0.0143248
  346 345.5 33.0345 0.0143379
  347 346.5 33.0876 0.014361
  348 347.5 33.0415 0.0143409
  349 348.5 33.016 0.0143298
  350 349.5 33.0853 0.0143599
  351 350.5 33.0066 0.0143258
  352 351.5 32.9024 0.0142806
  353 352.5 33.0133 0.0143287
  354 353.5 32.9189 0.0142877
  355 354.5 32.8756 0.0142689
  356 355.5 32.9104 0.014284
  357 356.5 32.8267 0.0142477
  358 357.5 32.844 0.0142552
  359 358.5 32.8521 0.0142587
  360 359.5 32.9432 0.0142983
  361 360.5 32.916 0.0142865
  362 361.5 32.8009 0.0142365
  363 362.5 32.8864 0.0142736
  364 363.5 33.0035 0.0143245
  365 364.5 32.7741 0.0142249
  366 365.5 32.7527 0.0142156
  367 366.5 32.7219 0.0142022
  368 367.5 32.5987 0.0141487
  369 368.5 32.4473 0.014083
  370 369.5 32.4316 0.0140762
  371 370.5 32.3966 0.014061
  372 371.5 32.2275 0.0139876
  373 372.5 32.1248 0.013943
  374 373.5 31.9745 0.0138778
  375 374.5 31.7642 0.0137865
  376 375.5 31.4599 0.0136545
  377 376.5 31.2345 0.0135566
  378 377.5 30.9027 0.0134126
  379 378.5 30.2295 0.0131204
  380 379.5 29.6823 0.012883
  381 380.5 29.0109 0.0125915
  382 381.5 28.0333 0.0121672
  383 382.5 26.9764 0.0117085
  384 383.5 25.816 0.0112048
  385 384.5 24.5712 0.0106646
  386 385.5 23.0721 0.0100139
  387 386.5 21.4923 0.00932825
  388 387.5 20.0231 0.00869059
  389 388.5 18.3226 0.00795251
  390 389.5 16.6914 0.00724452
  391 390.5 15.1136 0.00655972
  392 391.5 13.6854 0.00593983
  393 392.5 12.2685 0.00532488
  394 393.5 11.0099 0.00477862
  395 394.5 9.90171 0.00429762
  396 395.5 8.93381 0.00387752
  397 396.5 8.11253 0.00352106
  398 397.5 7.37366 0.00320037
  399 398.5 6.7811 0.00294318
  400 399.5 6.37702 0.0027678
  401 400.5 5.94994 0.00258244
  402 401.5 5.63413 0.00244537
  403 402.5 5.39966 0.0023436
  404 403.5 5.2426 0.00227543
  405 404.5 5.1273 0.00222539
  406 405.5 5.00051 0.00217036
  407 406.5 4.90302 0.00212805
  408 407.5 4.82145 0.00209264
  409 408.5 4.72879 0.00205243
  410 409.5 4.71758 0.00204756
  411 410.5 4.72774 0.00205197
  412 411.5 4.70995 0.00204425
  413 412.5 4.73019 0.00205303
  414 413.5 4.72892 0.00205248
  415 414.5 4.70926 0.00204395
  416 415.5 4.73292 0.00205422
  417 416.5 4.76334 0.00206742
  418 417.5 4.75947 0.00206574
  419 418.5 4.75713 0.00206473
  420 419.5 4.76331 0.00206741
  421 420.5 4.75566 0.00206409
  422 421.5 4.77526 0.00207259
  423 422.5 4.76949 0.00207009
  424 423.5 4.79557 0.00208141
  425 424.5 4.76178 0.00206675
  426 425.5 4.72391 0.00205031
  427 426.5 4.76282 0.0020672
  428 427.5 4.84086 0.00210107
  429 428.5 4.89304 0.00212372
  430 429.5 4.94518 0.00214634
  431 430.5 4.93108 0.00214023
  432 431.5 4.97835 0.00216074
  433 432.5 4.99794 0.00216925
  434 433.5 5.01956 0.00217863
  435 434.5 5.07497 0.00220268
  436 435.5 5.07767 0.00220385
  437 436.5 5.10539 0.00221588
  438 437.5 5.11458 0.00221987
  439 438.5 5.16207 0.00224048
  440 439.5 5.18212 0.00224918
  441 440.5 5.14886 0.00223475
  442 441.5 5.08565 0.00220731
  443 442.5 5.09703 0.00221225
  444 443.5 5.11245 0.00221894
  445 444.5 5.11118 0.00221839
  446 445.5 5.11409 0.00221966
  447 446.5 5.0922 0.00221016
  448 447.5 5.08692 0.00220786
  449 448.5 5.1154 0.00222023
  450 449.5 5.0787 0.0022043
  451 450.5 5.1113 0.00221844
  452 451.5 5.12256 0.00222333
  453 452.5 5.10464 0.00221556
  454 453.5 5.0461 0.00219015
  455 454.5 5.02049 0.00217903
  456 455.5 5.00245 0.0021712
  457 456.5 4.96779 0.00215616
  458 457.5 4.97505 0.00215931
  459 458.5 4.97323 0.00215852
  460 459.5 4.99992 0.0021701
  461 460.5 4.94864 0.00214785
  462 461.5 4.98628 0.00216418
  463 462.5 4.98016 0.00216153
  464 463.5 4.96042 0.00215296
  465 464.5 4.96069 0.00215308
  466 465.5 5.01129 0.00217504
  467 466.5 5.02687 0.0021818
  468 467.5 4.97542 0.00215947
  469 468.5 4.97332 0.00215856
  470 469.5 5.00959 0.0021743
  471 470.5 4.95487 0.00215055
  472 471.5 4.96401 0.00215452
  473 472.5 4.96131 0.00215335
  474 473.5 4.97243 0.00215817
  475 474.5 4.9852 0.00216372
  476 475.5 5.00582 0.00217266
  477 476.5 4.9671 0.00215586
  478 477.5 4.97719 0.00216024
  479 478.5 5.02378 0.00218046
  480 479.5 5.01915 0.00217845
55000000 480 5967.999999999999
  1 0.5 4.94545 0.00214646
  2 1.5 4.9533 0.00214987
  3 2.5 4.99893 0.00216967
  4 3.5 5.02603 0.00218144
  5 4.5 5.02601 0.00218143
  6 5.5 5.04861 0.00219124
  7 6.5 5.04856 0.00219122
  8 7.5 5.02182 0.00217961
  9 8.5 4.99512 0.00216802
  10 9.5 5.03922 0.00218716
  11 10.5 5.07094 0.00220093
  12 11.5 5.08041 0.00220504
  13 12.5 5.12415 0.00222402
  14 13.5 5.20041 0.00225712
  15 14.5 5.2392 0.00227396
  16 15.5 5.23418 0.00227178
  17 16.5 5.23774 0.00227333
  18 17.5 5.2762 0.00229002
  19 18.5 5.2806 0.00229193
  20 19.5 5.27613 0.00228999
  21 20.5 5.24109 0.00227478
  22 21.5 5.23298 0.00227126
  23 22.5 5.20719 0.00226007
  24 23.5 5.23898 0.00227386
  25 24.5 5.14785 0.00223431
  26 25.5 5.09689 0.00221219
  27 26.5 5.07574 0.00220301
  28 27.5 5.09298 0.0022105
  29 28.5 5.01065 0.00217476
  30 29.5 5.00611 0.00217279
  31 30.5 5.01863 0.00217823
  32 31.5 5.03432 0.00218503
  33 32.5 4.96846 0.00215645
  34 33.5 4.91712 0.00213417
  35 34.5 4.97033 0.00215726
  36 35.5 4.98433 0.00216334
  37 36.5 4.90136 0.00212733
  38 37.5 4.9343 0.00214162
  39 38.5 4.9555 0.00215082
  40 39.5 4.9374 0.00214297
  41 40.5 4.94282 0.00214532
  42 41.5 4.99933 0.00216985
  43 42.5 4.95623 0.00215114
  44 43.5 4.97634 0.00215987
  45 44.5 4.94788 0.00214752
  46 45.5 4.90774 0.00213009
  47 46.5 4.84154 0.00210136
  48 47.5 4.7899 0.00207895
  49 48.5 4.72351 0.00205014
  50 49.5 4.64023 0.00201399
  51 50.5 4.52728 0.00196497
  52 51.5 4.41059 0.00191432
  53 52.5 4.20934 0.00182697
  54 53.5 4.0903 0.00177531
  55 54.5 3.84678 0.00166961
  56 55.5 3.557 0.00154384
  57 56.5 3.17985 0.00138014
  58 57.5 2.77873 0.00120605
  59 58.5 2.33215 0.00101222
  60 59.5 1.86104 0.000807743
  61 60.5 1.44414 0.000626799
  62 61.5 1.07779 0.000467792
  63 62.5 0.7858 0.000341059
  64 63.5 0.564264 0.000244906
  65 64.5 0.415392 0.000180292
  66 65.5 0.310728 0.000134865
  67 66.5 0.240808 0.000104517
  68 67.5 0.19728 8.5625e-05
  69 68.5 0.164984 7.16076e-05
  70 69.5 0.144976 6.29236e-05
  71 70.5 0.136216 5.91215e-05
  72 71.5 0.133072 5.77569e-05
  73 72.5 0.129584 5.62431e-05
  74 73.5 0.128288 5.56806e-05
  75 74.5 0.123744 5.37083e-05
  76 75.5 0.123488 5.35972e-05
  77 76.5 0.12576 5.45833e-05
  78 77.5 0.119008 5.16528e-05
  79 78.5 0.1212 5.26042e-05
  80 79.5 0.11628 5.04687e-05
  81 80.5 0.114696 4.97813e-05
  82 81.5 0.114048 4.95e-05
  83 82.5 0.11812 5.12674e-05
  84 83.5 0.120512 5.23056e-05
  85 84.5 0.121208 5.26076e-05
  86 85.5 0.116224 5.04444e-05
  87 86.5 0.1156 5.01736e-05
  88 87.5 0.112248 4.87188e-05
  89 88.5 0.115664 5.02014e-05
  90 89.5 0.115952 5.03264e-05
  91 90.5 0.114704 4.97847e-05
  92 91.5 0.115432 5.01007e-05
  93 92.5 0.115656 5.01979e-05
  94 93.5 0.11564 5.0191e-05
  95 94.5 0.113512 4.92674e-05
  96 95.5 0.115128 4.99687e-05
  97 96.5 0.111432 4.83646e-05
  98 97.5 0.113392 4.92153e-05
  99 98.5 0.112736 4.89306e-05
  100 99.5 0.114976 4.99028e-05
  101 100.5 0.116184 5.04271e-05
  102 101.5 0.11504 4.99306e-05
  103 102.5 0.11164 4.84549e-05
  104 103.5 0.111408 4.83542e-05
  105 104.5 0.1122 4.86979e-05
  106 105.5 0.113792 4.93889e-05
  107 106.5 0.118592 5.14722e-05
  108 107.5 0.110192 4.78264e-05
  109 108.5 0.104576 4.53889e-05
  110 109.5 0.109176 4.73854e-05
  111 110.5 0.108216 4.69687e-05
  112 111.5 0.112648 4.88924e-05
  113 112.5 0.111528 4.84063e-05
  114 113.5 0.114552 4.97187e-05
  115 114.5 0.113928 4.94479e-05
  116 115.5 0.118432 5.14028e-05
  117 116.5 0.11456 4.97222e-05
  118 117.5 0.115136 4.99722e-05
  119 118.5 0.11808 5.125e-05
  120 119.5 0.115904 5.03056e-05
  121 120.5 0.115096 4.99549e-05
  122 121.5 0.11684 5.07118e-05
  123 122.5 0.11548 5.01215e-05
  124 123.5 0.111952 4.85903e-05
  125 124.5 0.109328 4.74514e-05
  126 125.5 0.11204 4.86285e-05
  127 126.5 0.113288 4.91701e-05
  128 127.5 0.114744 4.98021e-05
  129 128.5 0.109632 4.75833e-05
  130 129.5 0.108648 4.71562e-05
  131 130.5 0.109272 4.74271e-05
  132 131.5 0.111984 4.86042e-05
  133 132.5 0.113016 4.90521e-05
  134 133.5 0.11236 4.87674e-05
  135 134.5 0.113064 4.90729e-05
  136 135.5 0.11268 4.89062e-05
  137 136.5 0.111792 4.85208e-05
  138 137.5 0.112288 4.87361e-05
  139 138.5 0.113896 4.9434e-05
  140 139.5 0.115328 5.00556e-05
  141 140.5 0.11452 4.97049e-05
  142 141.5 0.10936 4.74653e-05
  143 142.5 0.109856 4.76806e-05
  144 143.5 0.10928 4.74306e-05
  145 144.5 0.110272 4.78611e-05
  146 145.5 0.108832 4.72361e-05
  147 146.5 0.111776 4.85139e-05
  148 147.5 0.110816 4.80972e-05
  149 148.5 0.111264 4.82917e-05
  150 149.5 0.107096 4.64826e-05
  151 150.5 0.113512 4.92674e-05
  152 151.5 0.112648 4.88924e-05
  153 152.5 0.116368 5.05069e-05
  154 153.5 0.117528 5.10104e-05
  155 154.5 0.118776 5.15521e-05
  156 155.5 0.123144 5.34479e-05
  157 156.5 0.126072 5.47187e-05
  158 157.5 0.127632 5.53958e-05
  159 158.5 0.120992 5.25139e-05
  160 159.5 0.124464 5.40208e-05
  161 160.5 0.1248 5.41667e-05
  162 161.5 0.120864 5.24583e-05
  163 162.5 0.119232 5.175e-05
  164 163.5 0.119512 5.18715e-05
  165 164.5 0.117544 5.10174e-05
  166 165.5 0.11628 5.04687e-05
  167 166.5 0.117472 5.09861e-05
  168 167.5 0.119792 5.19931e-05
  169 168.5 0.11884 5.15799e-05
  170 169.5 0.121464 5.27187e-05
  171 170.5 0.120712 5.23924e-05
  172 171.5 0.122416 5.31319e-05
  173 172.5 0.12532 5.43924e-05
  174 173.5 0.125464 5.44549e-05
  175 174.5 0.122296 5.30799e-05
  176 175.5 0.123112 5.3434e-05
  177 176.5 0.126472 5.48924e-05
  178 177.5 0.12172 5.28299e-05
  179 178.5 0.121104 5.25625e-05
  180 179.5 0.1182 5.13021e-05
  181 180.5 0.11724 5.08854e-05
  182 181.5 0.12232 5.30903e-05
  183 182.5 0.125312 5.43889e-05
  184 183.5 0.127616 5.53889e-05
  185 184.5 0.122312 5.30868e-05
  186 185.5 0.120328 5.22257e-05
  187 186.5 0.122056 5.29757e-05
  188 187.5 0.127496 5.53368e-05
  189 188.5 0.127624 5.53924e-05
  190 189.5 0.124672 5.41111e-05
  191 190.5 0.126384 5.48542e-05
  192 191.5 0.124584 5.40729e-05
  193 192.5 0.11968 5.19444e-05
  194 193.5 0.12264 5.32292e-05
  195 194.5 0.126792 5.50312e-05
  196 195.5 0.128768 5.58889e-05
  197 196.5 0.125704 5.4559e-05
  198 197.5 0.122776 5.32882e-05
  199 198.5 0.122032 5.29653e-05
  200 199.5 0.120152 5.21493e-05
  201 200.5 0.121856 5.28889e-05
  202 201.5 0.124216 5.39132e-05
  203 202.5 0.129304 5.61215e-05
  204 203.5 0.139888 6.07153e-05
  205 204.5 0.151432 6.57257e-05
  206 205.5 0.18504 8.03125e-05
  207 206.5 0.22896 9.9375e-05
  208 207.5 0.303136 0.000131569
  209 208.5 0.393448 0.000170767
  210 209.5 0.543048 0.000235698
  211 210.5 0.765744 0.000332354
  212 211.5 1.07402 0.000466153
  213 212.5 1.44713 0.000628094
  214 213.5 1.8576 0.00080625
  215 214.5 2.36745 0.00102754
  216 215.5 2.89304 0.00125566
  217 216.5 3.40441 0.00147761
  218 217.5 3.89833 0.00169198
  219 218.5 4.39852 0.00190908
  220 219.5 4.86438 0.00211128
  221 220.5 5.27996 0.00229165
  222 221.5 5.79382 0.00251468
  223 222.5 6.36286 0.00276166
  224 223.5 6.9745 0.00302713
  225 224.5 7.7009 0.0033424
  226 225.5 8.57568 0.00372208
  227 226.5 9.62825 0.00417893
  228 227.5 10.7238 0.00465441
  229 228.5 12.1324 0.00526579
  230 229.5 13.6126 0.00590824
  231 230.5 15.2744 0.0066295
  232 231.5 16.9241 0.00734555
  233 232.5 18.7406 0.00813396
  234 233.5 20.4645 0.00888215
  235 234.5 22.1227 0.00960185
  236 235.5 23.7231 0.0102965
  237 236.5 25.2539 0.0109609
  238 237.5 26.5358 0.0115173
  239 238.5 27.6262 0.0119905
  240 239.5 28.6469 0.0124335
  241 240.5 29.5701 0.0128342
  242 241.5 30.1612 0.0130908
  243 242.5 30.6315 0.0132949
  244 243.5 31.0573 0.0134797
  245 244.5 31.4747 0.0136609
  246 245.5 31.6236 0.0137255
  247 246.5 31.8437 0.013821
  248 247.5 32.0427 0.0139074
  249 248.5 32.259 0.0140013
  250 249.5 32.2693 0.0140058
  251 250.5 32.3463 0.0140392
  252 251.5 32.4704 0.0140931
  253 252.5 32.5721 0.0141372
  254 253.5 32.5089 0.0141098
  255 254.5 32.5221 0.0141155
  256 255.5 32.6843 0.0141859
  257 256.5 32.6335 0.0141638
  258 257.5 32.5976 0.0141483
  259 258.5 32.6798 0.0141839
  260 259.5 32.7337 0.0142073
  261 260.5 32.683 0.0141853
  262 261.5 32.5617 0.0141327
  263 262.5 32.6703 0.0141798
  264 263.5 32.7309 0.0142061
  265 264.5 32.683 0.0141853
  266 265.5 32.6142 0.0141555
  267 266.5 32.8057 0.0142386
  268 267.5 32.7667 0.0142217
  269 268.5 32.6239 0.0141597
  270 269.5 32.7346 0.0142077
  271 270.5 32.9067 0.0142824
  272 271.5 32.8357 0.0142516
  273 272.5 32.8082 0.0142397
  274 273.5 32.9992 0.0143226
  275 274.5 32.9085 0.0142832
  276 275.5 32.9192 0.0142878
  277 276.5 33.0025 0.014324
  278 277.5 33.0739 0.014355
  279 278.5 33.0514 0.0143452
  280 279.5 33.0463 0.014343
  281 280.5 33.1219 0.0143758
  282 281.5 33.1168 0.0143736
  283 282.5 33.0364 0.0143387
  284 283.5 33.0468 0.0143432
  285 284.5 32.9598 0.0143055
  286 285.5 33.0819 0.0143585
  287 286.5 32.983 0.0143156
  288 287.5 33.0607 0.0143492
  289 288.5 33.0635 0.0143505
  290 289.5 33.1469 0.0143867
  291 290.5 33.1156 0.0143731
  292 291.5 33.1449 0.0143858
  293 292.5 33.242 0.014428
  294 293.5 33.2203 0.0144186
  295 294.5 33.2037 0.0144113
  296 295.5 33.0518 0.0143454
  297 296.5 33.141 0.0143841
  298 297.5 33.1145 0.0143726
  299 298.5 33.0705 0.0143535
  300 299.5 33.0823 0.0143586
  301 300.5 33.192 0.0144062
  302 301.5 33.1079 0.0143698
  303 302.5 33.0918 0.0143627
  304 303.5 33.0957 0.0143644
  305 304.5 33.181 0.0144015
  306 305.5 33.116 0.0143733
  307 306.5 33.1553 0.0143903
  308 307.5 33.2426 0.0144282
  309 308.5 33.2823 0.0144454
  310 309.5 33.2083 0.0144133
  311 310.5 33.2732 0.0144415
  312 311.5 33.241 0.0144275
  313 312.5 33.2586 0.0144352
  314 313.5 33.3208 0.0144622
  315 314.5 33.3566 0.0144777
  316 315.5 33.3376 0.0144695
  317 316.5 33.3535 0.0144764
  318 317.5 33.3248 0.0144639
  319 318.5 33.3185 0.0144612
  320 319.5 33.2427 0.0144283
  321 320.5 33.2534 0.0144329
  322 321.5 33.1844 0.0144029
  323 322.5 33.2172 0.0144172
  324 323.5 33.1691 0.0143963
  325 324.5 33.0701 0.0143534
  326 325.5 32.9953 0.0143209
  327 326.5 33.0367 0.0143388
  328 327.5 32.9754 0.0143122
  329 328.5 32.994 0.0143203
  330 329.5 33.0658 0.0143515
  331 330.5 33.0841 0.0143594
  332 331.5 33.0336 0.0143375
  333 332.5 33.0949 0.0143641
  334 333.5 33.0882 0.0143612
  335 334.5 33.1554 0.0143904
  336 335.5 33.0641 0.0143507
  337 336.5 33.1608 0.0143927
  338 337.5 33.1322 0.0143803
  339 338.5 33.0951 0.0143642
  340 339.5 33.1656 0.0143948
  341 340.5 33.1808 0.0144014
  342 341.5 33.1917 0.0144061
  343 342.5 33.1133 0.0143721
  344 343.5 33.1924 0.0144064
  345 344.5 33.1688 0.0143962
  346 345.5 33.0601 0.014349
  347 346.5 33.12 0.014375
  348 347.5 33.1071 0.0143694
  349 348.5 33.1347 0.0143814
  350 349.5 33.1922 0.0144064
  351 350.5 33.2298 0.0144226
  352 351.5 33.1009 0.0143667
  353 352.5 33.0992 0.014366
  354 353.5 33.2205 0.0144186
  355 354.5 33.0574 0.0143478
  356 355.5 32.9673 0.0143087
  357 356.5 33.1074 0.0143695
  358 357.5 33.0947 0.014364
  359 358.5 32.899 0.0142791
  360 359.5 32.8793 0.0142705
  361 360.5 32.8816 0.0142715
  362 361.5 32.796 0.0142344
  363 362.5 32.7838 0.0142291
  364 363.5 32.7445 0.014212
  365 364.5 32.7381 0.0142092
  366 365.5 32.6474 0.0141699
  367 366.5 32.5661 0.0141346
  368 367.5 32.4618 0.0140893
  369 368.5 32.4152 0.0140691
  370 369.5 32.3098 0.0140234
  371 370.5 32.1661 0.013961
  372 371.5 31.9987 0.0138883
  373 372.5 31.9186 0.0138535
  374 373.5 31.7184 0.0137666
  375 374.5 31.5016 0.0136726
  376 375.5 31.3192 0.0135934
  377 376.5 31.0741 0.013487
  378 377.5 30.6746 0.0133136
  379 378.5 30.2911 0.0131472
  380 379.5 29.7707 0.0129213
  381 380.5 29.0796 0.0126214
  382 381.5 28.3043 0.0122848
  383 382.5 27.4945 0.0119334
  384 383.5 26.3267 0.0114265
  385 384.5 25.0533 0.0108738
  386 385.5 23.7614 0.0103131
  387 386.5 22.2557 0.00965958
  388 387.5 20.6186 0.00894907
  389 388.5 19.0204 0.0082554
  390 389.5 17.4117 0.00755717
  391 390.5 15.7683 0.00684387
  392 391.5 14.2114 0.00616815
  393 392.5 12.8219 0.00556505
  394 393.5 11.4168 0.0049552
  395 394.5 10.2514 0.0044494
  396 395.5 9.25555 0.00401717
  397 396.5 8.4431 0.00366454
  398 397.5 7.73394 0.00335675
  399 398.5 7.12307 0.00309161
  400 399.5 6.68846 0.00290298
  401 400.5 6.34628 0.00275446
  402 401.5 5.96905 0.00259073
  403 402.5 5.74408 0.00249309
  404 403.5 5.62048 0.00243944
  405 404.5 5.50196 0.002388
  406 405.5 5.37581 0.00233325
  407 406.5 5.30542 0.0023027
  408 407.5 5.27055 0.00228757
  409 408.5 5.25122 0.00227918
  410 409.5 5.23601 0.00227257
  411 410.5 5.22368 0.00226722
  412 411.5 5.25917 0.00228262
  413 412.5 5.26899 0.00228689
  414 413.5 5.26214 0.00228391
  415 414.5 5.25154 0.00227932
  416 415.5 5.26561 0.00228542
  417 416.5 5.24049 0.00227452
  418 417.5 5.18318 0.00224964
  419 418.5 5.13154 0.00222723
  420 419.5 5.10128 0.0022141
  421 420.5 5.05619 0.00219453
  422 421.5 4.99788 0.00216922
  423 422.5 4.99062 0.00216607
  424 423.5 4.97233 0.00215813
  425 424.5 4.97028 0.00215724
  426 425.5 4.95843 0.0021521
  427 426.5 4.94567 0.00214656
  428 427.5 4.9265 0.00213824
  429 428.5 4.81414 0.00208947
  430 429.5 4.82562 0.00209445
  431 430.5 4.77833 0.00207393
  432 431.5 4.80053 0.00208356
  433 432.5 4.73806 0.00205645
  434 433.5 4.7345 0.00205491
  435 434.5 4.70328 0.00204135
  436 435.5 4.7079 0.00204336
  437 436.5 4.64722 0.00201702
  438 437.5 4.63744 0.00201278
  439 438.5 4.63534 0.00201186
  440 439.5 4.62866 0.00200897
  441 440.5 4.59638 0.00199496
  442 441.5 4.62867 0.00200897
  443 442.5 4.57041 0.00198368
  444 443.5 4.57957 0.00198766
  445 444.5 4.57471 0.00198555
  446 445.5 4.59271 0.00199336
  447 446.5 4.64555 0.0020163
  448 447.5 4.62156 0.00200589
  449 448.5 4.62919 0.0020092
  450 449.5 4.6703 0.00202704
  451 450.5 4.70475 0.00204199
  452 451.5 4.65882 0.00202206
  453 452.5 4.66991 0.00202687
  454 453.5 4.71216 0.00204521
  455 454.5 4.64927 0.00201791
  456 455.5 4.62666 0.0020081
  457 456.5 4.63229 0.00201054
  458 457.5 4.61007 0.0020009
  459 458.5 4.59181 0.00199297
  460 459.5 4.59802 0.00199567
  461 460.5 4.57334 0.00198495
  462 461.5 4.55178 0.0019756
  463 462.5 4.58419 0.00198967
  464 463.5 4.61408 0.00200264
  465 464.5 4.6559 0.00202079
  466 465.5 4.63841 0.0020132
  467 466.5 4.60242 0.00199758
  468 467.5 4.64345 0.00201539
  469 468.5 4.6513 0.00201879
  470 469.5 4.6871 0.00203433
  471 470.5 4.73054 0.00205319
  472 471.5 4.7581 0.00206515
  473 472.5 4.82751 0.00209527
  474 473.5 4.83035 0.00209651
  475 474.5 4.84946 0.0021048
  476 475.5 4.87046 0.00211392
  477 476.5 4.89142 0.00212301
  478 477.5 4.93211 0.00214067
  479 478.5 4.93038 0.00213992
  480 479.5 4.92298 0.00213671
57500000 480 5968.000000000001
  1 0.5 5.4889 0.00238233
  2 1.5 5.49182 0.0023836
  3 2.5 5.5016 0.00238785
  4 3.5 5.56305 0.00241452
  5 4.5 5.65516 0.0024545
  6 5.5 5.62841 0.00244289
  7 6.5 5.61578 0.0024374
  8 7.5 5.60717 0.00243367
  9 8.5 5.56513 0.00241542
  10 9.5 5.55397 0.00241058
  11 10.5 5.57299 0.00241883
  12 11.5 5.55601 0.00241146
  13 12.5 5.56462 0.0024152
  14 13.5 5.56771 0.00241654
  15 14.5 5.66986 0.00246087
  16 15.5 5.71098 0.00247872
  17 16.5 5.71874 0.00248209
  18 17.5 5.69007 0.00246965
  19 18.5 5.70557 0.00247637
  20 19.5 5.70372 0.00247557
  21 20.5 5.66578 0.00245911
  22 21.5 5.57294 0.00241881
  23 22.5 5.53016 0.00240024
  24 23.5 5.52144 0.00239646
  25 24.5 5.45017 0.00236552
  26 25.5 5.42138 0.00235303
  27 26.5 5.42767 0.00235576
  28 27.5 5.41383 0.00234975
  29 28.5 5.41122 0.00234862
  30 29.5 5.43759 0.00236007
  31 30.5 5.39081 0.00233976
  32 31.5 5.36386 0.00232807
  33 32.5 5.38834 0.00233869
  34 33.5 5.4053 0.00234605
  35 34.5 5.40803 0.00234724
  36 35.5 5.38537 0.0023374
  37 36.5 5.42374 0.00235405
  38 37.5 5.45226 0.00236643
  39 38.5 5.50894 0.00239103
  40 39.5 5.45827 0.00236904
  41 40.5 5.42781 0.00235582
  42 41.5 5.40206 0.00234464
  43 42.5 5.39287 0.00234066
  44 43.5 5.35578 0.00232456
  45 44.5 5.38273 0.00233625
  46 45.5 5.38074 0.00233539
  47 46.5 5.3418 0.00231849
  48 47.5 5.2692 0.00228698
  49 48.5 5.23563 0.00227241
  50 49.5 5.1833 0.00224969
  51 50.5 5.14022 0.002231
  52 51.5 5.03826 0.00218674
  53 52.5 4.92944 0.00213951
  54 53.5 4.84907 0.00210463
  55 54.5 4.64406 0.00201565
  56 55.5 4.41749 0.00191731
  57 56.5 4.12375 0.00178982
  58 57.5 3.77548 0.00163866
  59 58.5 3.32438 0.00144287
  60 59.5 2.82755 0.00122724
  61 60.5 2.32814 0.00101048
  62 61.5 1.8331 0.000795615
  63 62.5 1.38272 0.000600139
  64 63.5 1.01562 0.000440809
  65 64.5 0.728952 0.000316385
  66 65.5 0.520248 0.000225802
  67 66.5 0.380928 0.000165333
  68 67.5 0.29104 0.000126319
  69 68.5 0.229896 9.97813e-05
  70 69.5 0.190656 8.275e-05
  71 70.5 0.173048 7.51076e-05
  72 71.5 0.15556 6.75174e-05
  73 72.5 0.144256 6.26111e-05
  74 73.5 0.134776 5.84965e-05
  75 74.5 0.132848 5.76597e-05
  76 75.5 0.124272 5.39375e-05
  77 76.5 0.123672 5.36771e-05
  78 77.5 0.128728 5.58715e-05
  79 78.5 0.13132 5.69965e-05
  80 79.5 0.124784 5.41597e-05
  81 80.5 0.124496 5.40347e-05
  82 81.5 0.125408 5.44306e-05
  83 82.5 0.124912 5.42153e-05
  84 83.5 0.124416 5.4e-05
  85 84.5 0.123216 5.34792e-05
  86 85.5 0.128584 5.5809e-05
  87 86.5 0.128256 5.56667e-05
  88 87.5 0.122872 5.33299e-05
  89 88.5 0.124264 5.3934e-05
  90 89.5 0.12044 5.22743e-05
  91 90.5 0.121952 5.29306e-05
  92 91.5 0.120712 5.23924e-05
  93 92.5 0.127816 5.54757e-05
  94 93.5 0.12296 5.33681e-05
  95 94.5 0.120856 5.24549e-05
  96 95.5 0.118224 5.13125e-05
  97 96.5 0.114184 4.9559e-05
  98 97.5 0.120624 5.23542e-05
  99 98.5 0.12388 5.37674e-05
  100 99.5 0.123312 5.35208e-05
  101 100.5 0.118096 5.12569e-05
  102 101.5 0.120168 5.21562e-05
  103 102.5 0.123424 5.35694e-05
  104 103.5 0.121568 5.27639e-05
  105 104.5 0.119616 5.19167e-05
  106 105.5 0.123512 5.36076e-05
  107 106.5 0.12516 5.43229e-05
  108 107.5 0.1236 5.36458e-05
  109 108.5 0.124272 5.39375e-05
  110 109.5 0.124896 5.42083e-05
  111 110.5 0.127264 5.52361e-05
  112 111.5 0.124392 5.39896e-05
  113 112.5 0.123296 5.35139e-05
  114 113.5 0.123896 5.37743e-05
  115 114.5 0.125056 5.42778e-05
  116 115.5 0.123736 5.37049e-05
  117 116.5 0.126568 5.4934e-05
  118 117.5 0.117896 5.11701e-05
  119 118.5 0.115304 5.00451e-05
  120 119.5 0.115376 5.00764e-05
  121 120.5 0.116104 5.03924e-05
  122 121.5 0.119128 5.17049e-05
  123 122.5 0.121848 5.28854e-05
  124 123.5 0.119232 5.175e-05
  125 124.5 0.11988 5.20313e-05
  126 125.5 0.119128 5.17049e-05
  127 126.5 0.113104 4.90903e-05
  128 127.5 0.116408 5.05243e-05
  129 128.5 0.122416 5.31319e-05
  130 129.5 0.119496 5.18646e-05
  131 130.5 0.117864 5.11563e-05
  132 131.5 0.118568 5.14618e-05
  133 132.5 0.124168 5.38924e-05
  134 133.5 0.121368 5.26771e-05
  135 134.5 0.119656 5.1934e-05
  136 135.5 0.123568 5.36319e-05
  137 136.5 0.118616 5.14826e-05
  138 137.5 0.12128 5.26389e-05
  139 138.5 0.122008 5.29549e-05
  140 139.5 0.123312 5.35208e-05
  141 140.5 0.120512 5.23056e-05
  142 141.5 0.118768 5.15486e-05
  143 142.5 0.124128 5.3875e-05
  144 143.5 0.122672 5.32431e-05
  145 144.5 0.120096 5.2125e-05
  146 145.5 0.120968 5.25035e-05
  147 146.5 0.119408 5.18264e-05
  148 147.5 0.12376 5.37153e-05
  149 148.5 0.125176 5.43299e-05
  150 149.5 0.129096 5.60313e-05
  151 150.5 0.127904 5.55139e-05
  152 151.5 0.12664 5.49653e-05
  153 152.5 0.121672 5.2809e-05
  154 153.5 0.123392 5.35556e-05
  155 154.5 0.122032 5.29653e-05
  156 155.5 0.122792 5.32951e-05
  157 156.5 0.121376 5.26806e-05
  158 157.5 0.116784 5.06875e-05
  159 158.5 0.11732 5.09201e-05
  160 159.5 0.121032 5.25312e-05
  161 160.5 0.120688 5.23819e-05
  162 161.5 0.118248 5.13229e-05
  163 162.5 0.120904 5.24757e-05
  164 163.5 0.12208 5.29861e-05
  165 164.5 0.116648 5.06285e-05
  166 165.5 0.114544 4.97153e-05
  167 166.5 0.118648 5.14965e-05
  168 167.5 0.118928 5.16181e-05
  169 168.5 0.1212 5.26042e-05
  170 169.5 0.114744 4.98021e-05
  171 170.5 0.114328 4.96215e-05
  172 171.5 0.120784 5.24236e-05
  173 172.5 0.118744 5.15382e-05
  174 173.5 0.118736 5.15347e-05
  175 174.5 0.121328 5.26597e-05
  176 175.5 0.118936 5.16215e-05
  177 176.5 0.118136 5.12743e-05
  178 177.5 0.117728 5.10972e-05
  179 178.5 0.121328 5.26597e-05
  180 179.5 0.118192 5.12986e-05
  181 180.5 0.11564 5.0191e-05
  182 181.5 0.116448 5.05417e-05
  183 182.5 0.120784 5.24236e-05
  184 183.5 0.118392 5.13854e-05
  185 184.5 0.118568 5.14618e-05
  186 185.5 0.11564 5.0191e-05
  187 186.5 0.11692 5.07465e-05
  188 187.5 0.115736 5.02326e-05
  189 188.5 0.118808 5.1566e-05
  190 189.5 0.11808 5.125e-05
  191 190.5 0.119576 5.18993e-05
  192 191.5 0.116976 5.07708e-05
  193 192.5 0.11936 5.18056e-05
  194 193.5 0.120336 5.22292e-05
  195 194.5 0.123088 5.34236e-05
  196 195.5 0.12272 5.32639e-05
  197 196.5 0.12732 5.52604e-05
  198 197.5 0.124184 5.38993e-05
  199 198.5 0.124512 5.40417e-05
  200 199.5 0.121472 5.27222e-05
  201 200.5 0.129016 5.59965e-05
  202 201.5 0.131936 5.72639e-05
  203 202.5 0.139336 6.04757e-05
  204 203.5 0.143576 6.2316e-05
  205 204.5 0.15272 6.62847e-05
  206 205.5 0.170568 7.40313e-05
  207 206.5 0.183296 7.95556e-05
  208 207.5 0.212832 9.2375e-05
  209 208.5 0.260728 0.000113163
  210 209.5 0.344696 0.000149608
  211 210.5 0.473392 0.000205465
  212 211.5 0.666248 0.00028917
  213 212.5 0.93364 0.000405226
  214 213.5 1.27502 0.000553392
  215 214.5 1.71896 0.000746076
  216 215.5 2.25522 0.000978826
  217 216.5 2.83282 0.00122952
  218 217.5 3.4151 0.00148225
  219 218.5 3.9267 0.0017043
  220 219.5 4.40167 0.00191045
  221 220.5 4.8747 0.00211576
  222 221.5 5.32265 0.00231018
  223 222.5 5.80984 0.00252163
  224 223.5 6.40888 0.00278163
  225 224.5 7.01258 0.00304366
  226 225.5 7.78877 0.00338054
  227 226.5 8.68231 0.00376836
  228 227.5 9.74396 0.00422915
  229 228.5 11.0185 0.00478233
  230 229.5 12.4647 0.00541005
  231 230.5 14.0506 0.00609836
  232 231.5 15.7528 0.00683714
  233 232.5 17.4917 0.00759188
  234 233.5 19.2638 0.00836102
  235 234.5 21.0301 0.00912765
  236 235.5 22.6761 0.00984206
  237 236.5 24.2243 0.010514
  238 237.5 25.6594 0.0111369
  239 238.5 26.7818 0.011624
  240 239.5 27.8004 0.0120661
  241 240.5 28.8136 0.0125059
  242 241.5 29.5357 0.0128193
  243 242.5 30.154 0.0130877
  244 243.5 30.7309 0.0133381
  245 244.5 31.2148 0.0135481
  246 245.5 31.4586 0.0136539
  247 246.5 31.8271 0.0138139
  248 247.5 32.0506 0.0139108
  249 248.5 32.2248 0.0139865
  250 249.5 32.3809 0.0140542
  251 250.5 32.6798 0.0141839
  252 251.5 32.7488 0.0142139
  253 252.5 32.8766 0.0142694
  254 253.5 33.0039 0.0143246
  255 254.5 33.168 0.0143958
  256 255.5 33.2535 0.014433
  257 256.5 33.1407 0.014384
  258 257.5 33.2938 0.0144504
  259 258.5 33.4365 0.0145124
  260 259.5 33.4299 0.0145095
  261 260.5 33.4453 0.0145162
  262 261.5 33.5355 0.0145553
  263 262.5 33.5818 0.0145755
  264 263.5 33.5237 0.0145502
  265 264.5 33.5744 0.0145722
  266 265.5 33.5565 0.0145645
  267 266.5 33.5887 0.0145784
  268 267.5 33.5751 0.0145725
  269 268.5 33.5936 0.0145806
  270 269.5 33.4668 0.0145255
  271 270.5 33.4213 0.0145058
  272 271.5 33.4766 0.0145298
  273 272.5 33.2865 0.0144473
  274 273.5 33.3344 0.0144681
  275 274.5 33.3298 0.0144661
  276 275.5 33.3289 0.0144657
  277 276.5 33.2708 0.0144405
  278 277.5 33.3005 0.0144534
  279 278.5 33.3178 0.0144609
  280 279.5 33.3388 0.01447
  281 280.5 33.3727 0.0144847
  282 281.5 33.3838 0.0144895
  283 282.5 33.4103 0.014501
  284 283.5 33.3287 0.0144656
  285 284.5 33.4143 0.0145027
  286 285.5 33.391 0.0144926
  287 286.5 33.3717 0.0144843
  288 287.5 33.4208 0.0145055
  289 288.5 33.4825 0.0145323
  290 289.5 33.4314 0.0145101
  291 290.5 33.3934 0.0144937
  292 291.5 33.4118 0.0145017
  293 292.5 33.4006 0.0144968
  294 293.5 33.3864 0.0144906
  295 294.5 33.4591 0.0145222
  296 295.5 33.416 0.0145035
  297 296.5 33.2804 0.0144446
  298 297.5 33.3047 0.0144552
  299 298.5 33.2354 0.0144251
  300 299.5 33.1957 0.0144079
  301 300.5 33.1935 0.0144069
  302 301.5 33.1555 0.0143904
  303 302.5 33.0732 0.0143547
  304 303.5 32.9735 0.0143114
  305 304.5 32.9827 0.0143154
  306 305.5 32.8437 0.0142551
  307 306.5 32.8565 0.0142606
  308 307.5 32.7914 0.0142324
  309 308.5 32.6867 0.0141869
  310 309.5 32.6746 0.0141817
  311 310.5 32.5529 0.0141289
  312 311.5 32.6905 0.0141886
  313 312.5 32.7101 0.0141971
  314 313.5 32.6437 0.0141683
  315 314.5 32.6095 0.0141534
  316 315.5 32.6841 0.0141858
  317 316.5 32.6301 0.0141624
  318 317.5 32.5649 0.0141341
  319 318.5 32.5658 0.0141344
  320 319.5 32.6404 0.0141669
  321 320.5 32.6091 0.0141533
  322 321.5 32.5319 0.0141197
  323 322.5 32.5858 0.0141431
  324 323.5 32.5482 0.0141268
  325 324.5 32.5353 0.0141212
  326 325.5 32.4838 0.0140989
  327 326.5 32.5453 0.0141256
  328 327.5 32.5003 0.014106
  329 328.5 32.4927 0.0141027
  330 329.5 32.6427 0.0141678
  331 330.5 32.5868 0.0141436
  332 331.5 32.5646 0.0141339
  333 332.5 32.597 0.014148
  334 333.5 32.5952 0.0141472
  335 334.5 32.6736 0.0141812
  336 335.5 32.5921 0.0141459
  337 336.5 32.672 0.0141805
  338 337.5 32.7076 0.014196
  339 338.5 32.757 0.0142175
  340 339.5 32.7349 0.0142078
  341 340.5 32.7373 0.0142089
  342 341.5 32.8194 0.0142445
  343 342.5 32.7957 0.0142342
  344 343.5 32.7876 0.0142307
  345 344.5 32.8742 0.0142683
  346 345.5 32.9534 0.0143027
  347 346.5 32.9333 0.014294
  348 347.5 32.9086 0.0142832
  349 348.5 33.0407 0.0143406
  350 349.5 32.9388 0.0142964
  351 350.5 32.9844 0.0143162
  352 351.5 32.9409 0.0142972
  353 352.5 32.939 0.0142964
  354 353.5 32.9715 0.0143106
  355 354.5 32.9322 0.0142935
  356 355.5 32.8876 0.0142741
  357 356.5 32.9352 0.0142948
  358 357.5 32.9524 0.0143023
  359 358.5 32.9408 0.0142972
  360 359.5 33.0207 0.0143319
  361 360.5 32.8401 0.0142535
  362 361.5 32.8432 0.0142549
  363 362.5 32.873 0.0142678
  364 363.5 32.6834 0.0141855
  365 364.5 32.6713 0.0141803
  366 365.5 32.6856 0.0141864
  367 366.5 32.5625 0.014133
  368 367.5 32.4168 0.0140698
  369 368.5 32.327 0.0140308
  370 369.5 32.3175 0.0140267
  371 370.5 32.1972 0.0139745
  372 371.5 32.031 0.0139023
  373 372.5 31.8208 0.0138111
  374 373.5 31.5852 0.0137088
  375 374.5 31.4335 0.013643
  376 375.5 30.9848 0.0134483
  377 376.5 30.6475 0.0133019
  378 377.5 30.0575 0.0130458
  379 378.5 29.4012 0.0127609
  380 379.5 28.4871 0.0123642
  381 380.5 27.51 0.0119401
  382 381.5 26.3663 0.0114437
  383 382.5 25.0695 0.0108808
  384 383.5 23.6188 0.0102512
  385 384.5 22.1241 0.00960247
  386 385.5 20.4926 0.00889435
  387 386.5 18.7426 0.00813479
  388 387.5 16.9901 0.00737418
  389 388.5 15.3164 0.00664774
  390 389.5 13.8164 0.00599672
  391 390.5 12.3378 0.00535495
  392 391.5 11.0222 0.00478395
  393 392.5 9.93044 0.00431009
  394 393.5 8.95002 0.00388456
  395 394.5 8.13742 0.00353187
  396 395.5 7.49799 0.00325434
  397 396.5 6.96814 0.00302436
  398 397.5 6.54325 0.00283995
  399 398.5 6.2837 0.0027273
  400 399.5 6.09274 0.00264442
  401 400.5 5.93538 0.00257612
  402 401.5 5.83731 0.00253356
  403 402.5 5.72614 0.0024853
  404 403.5 5.62445 0.00244117
  405 404.5 5.55064 0.00240913
  406 405.5 5.49386 0.00238449
  407 406.5 5.49582 0.00238534
  408 407.5 5.51659 0.00239435
  409 408.5 5.54614 0.00240718
  410 409.5 5.5665 0.00241601
  411 410.5 5.62019 0.00243932
  412 411.5 5.6774 0.00246415
  413 412.5 5.70078 0.0024743
  414 413.5 5.78704 0.00251174
  415 414.5 5.87851 0.00255144
  416 415.5 5.86875 0.0025472
  417 416.5 5.92654 0.00257228
  418 417.5 5.97467 0.00259317
  419 418.5 6.02262 0.00261398
  420 419.5 6.0333 0.00261862
  421 420.5 6.08398 0.00264062
  422 421.5 6.09184 0.00264403
  423 422.5 6.02501 0.00261502
  424 423.5 6.00011 0.00260422
  425 424.5 6.00225 0.00260514
  426 425.5 5.96286 0.00258805
  427 426.5 5.96046 0.002587
  428 427.5 5.91006 0.00256513
  429 428.5 5.87526 0.00255002
  430 429.5 5.80247 0.00251843
  431 430.5 5.78287 0.00250993
  432 431.5 5.76881 0.00250382
  433 432.5 5.7063 0.00247669
  434 433.5 5.66118 0.00245711
  435 434.5 5.60168 0.00243128
  436 435.5 5.58367 0.00242347
  437 436.5 5.55447 0.0024108
  438 437.5 5.52574 0.00239832
  439 438.5 5.45765 0.00236877
  440 439.5 5.3711 0.0023312
  441 440.5 5.31718 0.00230781
  442 441.5 5.26163 0.00228369
  443 442.5 5.16918 0.00224357
  444 443.5 5.11954 0.00222202
  445 444.5 5.08757 0.00220815
  446 445.5 5.13231 0.00222757
  447 446.5 5.11797 0.00222134
  448 447.5 5.09649 0.00221202
  449 448.5 5.07989 0.00220481
  450 449.5 5.06266 0.00219733
  451 450.5 5.04169 0.00218823
  452 451.5 5.01903 0.0021784
  453 452.5 4.99314 0.00216716
  454 453.5 4.97137 0.00215771
  455 454.5 5.0337 0.00218476
  456 455.5 5.09147 0.00220984
  457 456.5 5.11823 0.00222145
  458 457.5 5.14038 0.00223107
  459 458.5 5.17906 0.00224785
  460 459.5 5.16953 0.00224372
  461 460.5 5.15075 0.00223557
  462 461.5 5.16862 0.00224333
  463 462.5 5.13564 0.00222901
  464 463.5 5.11377 0.00221952
  465 464.5 5.09937 0.00221327
  466 465.5 5.06182 0.00219697
  467 466.5 5.03326 0.00218457
  468 467.5 5.00359 0.0021717
  469 468.5 5.01518 0.00217673
  470 469.5 5.06553 0.00219858
  471 470.5 5.0753 0.00220282
  472 471.5 5.09093 0.0022096
  473 472.5 5.11064 0.00221816
  474 473.5 5.16138 0.00224018
  475 474.5 5.19236 0.00225363
  476 475.5 5.2007 0.00225725
  477 476.5 5.2531 0.00227999
  478 477.5 5.3205 0.00230925
  479 478.5 5.37265 0.00233188
  480 479.5 5.42218 0.00235337
60000000 480 5968.000000000006
  1 0.5 4.90008 0.00212677
  2 1.5 4.94585 0.00214664
  3 2.5 4.96365 0.00215436
  4 3.5 4.99529 0.00216809
  5 4.5 4.99137 0.00216639
  6 5.5 5.0084 0.00217378
  7 6.5 5.02922 0.00218282
  8 7.5 5.04138 0.0021881
  9 8.5 5.06929 0.00220021
  10 9.5 5.093 0.0022105
  11 10.5 5.08627 0.00220758
  12 11.5 5.15892 0.00223911
  13 12.5 5.16056 0.00223983
  14 13.5 5.22597 0.00226822
  15 14.5 5.29032 0.00229615
  16 15.5 5.31014 0.00230475
  17 16.5 5.3743 0.0023326
  18 17.5 5.39918 0.00234339
  19 18.5 5.40476 0.00234582
  20 19.5 5.386 0.00233767
  21 20.5 5.3405 0.00231792
  22 21.5 5.39669 0.00234231
  23 22.5 5.40482 0.00234584
  24 23.5 5.39734 0.00234259
  25 24.5 5.44214 0.00236204
  26 25.5 5.51046 0.00239169
  27 26.5 5.53116 0.00240068
  28 27.5 5.50556 0.00238957
  29 28.5 5.56953 0.00241733
  30 29.5 5.56729 0.00241636
  31 30.5 5.6009 0.00243094
  32 31.5 5.54948 0.00240863
  33 32.5 5.5082 0.00239071
  34 33.5 5.46997 0.00237412
  35 34.5 5.41798 0.00235155
  36 35.5 5.33082 0.00231372
  37 36.5 5.28482 0.00229376
  38 37.5 5.2114 0.00226189
  39 38.5 5.10062 0.00221381
  40 39.5 5.06299 0.00219748
  41 40.5 5.02737 0.00218202
  42 41.5 4.96206 0.00215367
  43 42.5 4.93261 0.00214089
  44 43.5 4.92586 0.00213796
  45 44.5 4.85017 0.00210511
  46 45.5 4.80218 0.00208428
  47 46.5 4.75967 0.00206583
  48 47.5 4.67966 0.0020311
  49 48.5 4.60864 0.00200028
  50 49.5 4.546 0.00197309
  51 50.5 4.42614 0.00192107
  52 51.5 4.22741 0.00183481
  53 52.5 3.96647 0.00172156
  54 53.5 3.58406 0.00155558
  55 54.5 3.16663 0.00137441
  56 55.5 2.68314 0.00116456
  57 56.5 2.1766 0.000944705
  58 57.5 1.69716 0.000736615
  59 58.5 1.26461 0.000548875
  60 59.5 0.911368 0.000395559
  61 60.5 0.659832 0.000286385
  62 61.5 0.47888 0.000207847
  63 62.5 0.352576 0.000153028
  64 63.5 0.261008 0.000113285
  65 64.5 0.208376 9.0441e-05
  66 65.5 0.176536 7.66215e-05
  67 66.5 0.159664 6.92986e-05
  68 67.5 0.148928 6.46389e-05
  69 68.5 0.13676 5.93576e-05
  70 69.5 0.13848 6.01042e-05
  71 70.5 0.13392 5.8125e-05
  72 71.5 0.132824 5.76493e-05
  73 72.5 0.13292 5.7691e-05
  74 73.5 0.133208 5.7816e-05
  75 74.5 0.132056 5.7316e-05
  76 75.5 0.123856 5.37569e-05
  77 76.5 0.125472 5.44583e-05
  78 77.5 0.122664 5.32396e-05
  79 78.5 0.127496 5.53368e-05
  80 79.5 0.12984 5.63542e-05
  81 80.5 0.133272 5.78437e-05
  82 81.5 0.129744 5.63125e-05
  83 82.5 0.123856 5.37569e-05
  84 83.5 0.131216 5.69514e-05
  85 84.5 0.125832 5.46146e-05
  86 85.5 0.127432 5.5309e-05
  87 86.5 0.124888 5.42049e-05
  88 87.5 0.124016 5.38264e-05
  89 88.5 0.118504 5.1434e-05
  90 89.5 0.115936 5.03194e-05
  91 90.5 0.114384 4.96458e-05
  92 91.5 0.116264 5.04618e-05
  93 92.5 0.118344 5.13646e-05
  94 93.5 0.117512 5.10035e-05
  95 94.5 0.113168 4.91181e-05
  96 95.5 0.114576 4.97292e-05
  97 96.5 0.115416 5.00938e-05
  98 97.5 0.113584 4.92986e-05
  99 98.5 0.113616 4.93125e-05
  100 99.5 0.119592 5.19062e-05
  101 100.5 0.120224 5.21806e-05
  102 101.5 0.120232 5.2184e-05
  103 102.5 0.12544 5.44444e-05
  104 103.5 0.126936 5.50938e-05
  105 104.5 0.119848 5.20174e-05
  106 105.5 0.120616 5.23507e-05
  107 106.5 0.11892 5.16146e-05
  108 107.5 0.12216 5.30208e-05
  109 108.5 0.12204 5.29687e-05
  110 109.5 0.127232 5.52222e-05
  111 110.5 0.121272 5.26354e-05
  112 111.5 0.122744 5.32743e-05
  113 112.5 0.119248 5.17569e-05
  114 113.5 0.118416 5.13958e-05
  115 114.5 0.12 5.20833e-05
  116 115.5 0.120392 5.22535e-05
  117 116.5 0.118448 5.14097e-05
  118 117.5 0.121872 5.28958e-05
  119 118.5 0.119568 5.18958e-05
  120 119.5 0.119608 5.19132e-05
  121 120.5 0.122192 5.30347e-05
  122 121.5 0.123744 5.37083e-05
  123 122.5 0.125888 5.46389e-05
  124 123.5 0.130552 5.66632e-05
  125 124.5 0.128304 5.56875e-05
  126 125.5 0.123368 5.35451e-05
  127 126.5 0.126528 5.49167e-05
  128 127.5 0.120632 5.23576e-05
  129 128.5 0.11868 5.15104e-05
  130 129.5 0.118248 5.13229e-05
  131 130.5 0.119296 5.17778e-05
  132 131.5 0.120992 5.25139e-05
  133 132.5 0.116384 5.05139e-05
  134 133.5 0.113344 4.91944e-05
  135 134.5 0.10964 4.75868e-05
  136 135.5 0.115904 5.03056e-05
  137 136.5 0.114992 4.99097e-05
  138 137.5 0.11732 5.09201e-05
  139 138.5 0.112928 4.90139e-05
  140 139.5 0.119128 5.17049e-05
  141 140.5 0.120752 5.24097e-05
  142 141.5 0.118704 5.15208e-05
  143 142.5 0.114568 4.97257e-05
  144 143.5 0.114944 4.98889e-05
  145 144.5 0.116528 5.05764e-05
  146 145.5 0.117128 5.08368e-05
  147 146.5 0.115568 5.01597e-05
  148 147.5 0.11428 4.96007e-05
  149 148.5 0.111664 4.84653e-05
  150 149.5 0.110472 4.79479e-05
  151 150.5 0.108112 4.69236e-05
  152 151.5 0.113376 4.92083e-05
  153 152.5 0.113 4.90451e-05
  154 153.5 0.116384 5.05139e-05
  155 154.5 0.115568 5.01597e-05
  156 155.5 0.110464 4.79444e-05
  157 156.5 0.110304 4.7875e-05
  158 157.5 0.115832 5.02743e-05
  159 158.5 0.113992 4.94757e-05
  160 159.5 0.113808 4.93958e-05
  161 160.5 0.113056 4.90694e-05
  162 161.5 0.116064 5.0375e-05
  163 162.5 0.11148 4.83854e-05
  164 163.5 0.11244 4.88021e-05
  165 164.5 0.111184 4.82569e-05
  166 165.5 0.111984 4.86042e-05
  167 166.5 0.11196 4.85937e-05
  168 167.5 0.116288 5.04722e-05
  169 168.5 0.115568 5.01597e-05
  170 169.5 0.109792 4.76528e-05
  171 170.5 0.111384 4.83437e-05
  172 171.5 0.11448 4.96875e-05
  173 172.5 0.112384 4.87778e-05
  174 173.5 0.10844 4.7066e-05
  175 174.5 0.108472 4.70799e-05
  176 175.5 0.109032 4.73229e-05
  177 176.5 0.105008 4.55764e-05
  178 177.5 0.109072 4.73403e-05
  179 178.5 0.108784 4.72153e-05
  180 179.5 0.111224 4.82743e-05
  181 180.5 0.114296 4.96076e-05
  182 181.5 0.112856 4.89826e-05
  183 182.5 0.1098 4.76563e-05
  184 183.5 0.113256 4.91562e-05
  185 184.5 0.107088 4.64792e-05
  186 185.5 0.10424 4.52431e-05
  187 186.5 0.108504 4.70938e-05
  188 187.5 0.108432 4.70625e-05
  189 188.5 0.11072 4.80556e-05
  190 189.5 0.11256 4.88542e-05
  191 190.5 0.11436 4.96354e-05
  192 191.5 0.113184 4.9125e-05
  193 192.5 0.109472 4.75139e-05
  194 193.5 0.110416 4.79236e-05
  195 194.5 0.11164 4.84549e-05
  196 195.5 0.109368 4.74687e-05
  197 196.5 0.112704 4.89167e-05
  198 197.5 0.114088 4.95174e-05
  199 198.5 0.116024 5.03576e-05
  200 199.5 0.123512 5.36076e-05
  201 200.5 0.135248 5.87014e-05
  202 201.5 0.149912 6.5066e-05
  203 202.5 0.16244 7.05035e-05
  204 203.5 0.19396 8.4184e-05
  205 204.5 0.242296 0.000105163
  206 205.5 0.316904 0.000137545
  207 206.5 0.426392 0.000185066
  208 207.5 0.605816 0.000262941
  209 208.5 0.868352 0.000376889
  210 209.5 1.19612 0.000519149
  211 210.5 1.61719 0.000701906
  212 211.5 2.10562 0.000913899
  213 212.5 2.60986 0.00113275
  214 213.5 3.11864 0.00135358
  215 214.5 3.62143 0.0015718
  216 215.5 4.11781 0.00178724
  217 216.5 4.56378 0.00198081
  218 217.5 4.93715 0.00214286
  219 218.5 5.38272 0.00233625
  220 219.5 5.91456 0.00256708
  221 220.5 6.44771 0.00279849
  222 221.5 7.13583 0.00309715
  223 222.5 7.87372 0.00341741
  224 223.5 8.67747 0.00376626
  225 224.5 9.70499 0.00421224
  226 225.5 11.0089 0.00477818
  227 226.5 12.2975 0.00533744
  228 227.5 13.8589 0.00601514
  229 228.5 15.4859 0.00672133
  230 229.5 17.166 0.00745051
  231 230.5 18.9359 0.00821872
  232 231.5 20.7398 0.00900166
  233 232.5 22.3848 0.00971564
  234 233.5 23.8729 0.0103615
  235 234.5 25.2404 0.010955
  236 235.5 26.5249 0.0115125
  237 236.5 27.6952 0.0120205
  238 237.5 28.6032 0.0124146
  239 238.5 29.3651 0.0127453
  240 239.5 30.0457 0.0130407
  241 240.5 30.6796 0.0133158
  242 241.5 31.0667 0.0134838
  243 242.5 31.5285 0.0136842
  244 243.5 31.7717 0.0137898
  245 244.5 31.9795 0.01388
  246 245.5 32.1393 0.0139493
  247 246.5 32.3099 0.0140234
  248 247.5 32.4938 0.0141032
  249 248.5 32.4218 0.0140719
  250 249.5 32.6466 0.0141695
  251 250.5 32.7294 0.0142055
  252 251.5 32.77 0.0142231
  253 252.5 32.7793 0.0142271
  254 253.5 32.7713 0.0142236
  255 254.5 32.7714 0.0142237
  256 255.5 32.7565 0.0142172
  257 256.5 32.7513 0.014215
  258 257.5 32.7796 0.0142272
  259 258.5 32.7407 0.0142104
  260 259.5 32.6437 0.0141683
  261 260.5 32.6298 0.0141622
  262 261.5 32.685 0.0141862
  263 262.5 32.564 0.0141337
  264 263.5 32.6594 0.0141751
  265 264.5 32.6541 0.0141728
  266 265.5 32.607 0.0141523
  267 266.5 32.5666 0.0141348
  268 267.5 32.7087 0.0141965
  269 268.5 32.5449 0.0141254
  270 269.5 32.5099 0.0141102
  271 270.5 32.4987 0.0141053
  272 271.5 32.5295 0.0141187
  273 272.5 32.4923 0.0141026
  274 273.5 32.4162 0.0140695
  275 274.5 32.5147 0.0141123
  276 275.5 32.4993 0.0141056
  277 276.5 32.4169 0.0140698
  278 277.5 32.3833 0.0140552
  279 278.5 32.4115 0.0140675
  280 279.5 32.4398 0.0140798
  281 280.5 32.2812 0.0140109
  282 281.5 32.218 0.0139835
  283 282.5 32.354 0.0140425
  284 283.5 32.264 0.0140035
  285 284.5 32.1819 0.0139678
  286 285.5 32.2353 0.013991
  287 286.5 32.2151 0.0139823
  288 287.5 32.1286 0.0139447
  289 288.5 32.1982 0.0139749
  290 289.5 32.2798 0.0140104
  291 290.5 32.2462 0.0139958
  292 291.5 32.2911 0.0140152
  293 292.5 32.338 0.0140356
  294 293.5 32.3036 0.0140207
  295 294.5 32.3812 0.0140544
  296 295.5 32.5054 0.0141082
  297 296.5 32.5993 0.014149
  298 297.5 32.5609 0.0141323
  299 298.5 32.5315 0.0141196
  300 299.5 32.6326 0.0141635
  301 300.5 32.5926 0.0141461
  302 301.5 32.6195 0.0141578
  303 302.5 32.6395 0.0141665
  304 303.5 32.7142 0.0141989
  305 304.5 32.5996 0.0141491
  306 305.5 32.6624 0.0141764
  307 306.5 32.676 0.0141823
  308 307.5 32.6886 0.0141877
  309 308.5 32.6323 0.0141633
  310 309.5 32.6563 0.0141737
  311 310.5 32.6891 0.014188
  312 311.5 32.7648 0.0142208
  313 312.5 32.6153 0.0141559
  314 313.5 32.7106 0.0141973
  315 314.5 32.7113 0.0141976
  316 315.5 32.7078 0.0141961
  317 316.5 32.7152 0.0141993
  318 317.5 32.7448 0.0142122
  319 318.5 32.7869 0.0142304
  320 319.5 32.7411 0.0142106
  321 320.5 32.5801 0.0141407
  322 321.5 32.5546 0.0141296
  323 322.5 32.6417 0.0141674
  324 323.5 32.6038 0.014151
  325 324.5 32.6933 0.0141898
  326 325.5 32.6415 0.0141673
  327 326.5 32.6199 0.0141579
  328 327.5 32.7179 0.0142005
  329 328.5 32.7429 0.0142113
  330 329.5 32.6166 0.0141565
  331 330.5 32.6964 0.0141912
  332 331.5 32.7316 0.0142064
  333 332.5 32.6732 0.0141811
  334 333.5 32.7934 0.0142332
  335 334.5 32.9144 0.0142858
  336 335.5 32.8819 0.0142717
  337 336.5 32.903 0.0142808
  338 337.5 32.9681 0.0143091
  339 338.5 32.9866 0.0143171
  340 339.5 32.9077 0.0142828
  341 340.5 33.0056 0.0143253
  342 341.5 32.9776 0.0143132
  343 342.5 33.0092 0.0143269
  344 343.5 33.1282 0.0143785
  345 344.5 33.2064 0.0144125
  346 345.5 32.9978 0.014322
  347 346.5 33.1473 0.0143869
  348 347.5 33.165 0.0143945
  349 348.5 33.0864 0.0143604
  350 349.5 33.0426 0.0143414
  351 350.5 33.1393 0.0143834
  352 351.5 33.0714 0.0143539
  353 352.5 33.0131 0.0143286
  354 353.5 33.0073 0.0143261
  355 354.5 33.1364 0.0143821
  356 355.5 32.9436 0.0142984
  357 356.5 32.9391 0.0142965
  358 357.5 32.963 0.0143069
  359 358.5 32.9131 0.0142852
  360 359.5 32.7481 0.0142136
  361 360.5 32.796 0.0142344
  362 361.5 32.7742 0.0142249
  363 362.5 32.5798 0.0141405
  364 363.5 32.5776 0.0141396
  365 364.5 32.5365 0.0141217
  366 365.5 32.3907 0.0140585
  367 366.5 32.2572 0.0140005
  368 367.5 32.2841 0.0140122
  369 368.5 32.2176 0.0139834
  370 369.5 32.0776 0.0139226
  371 370.5 32.0056 0.0138913
  372 371.5 31.8961 0.0138438
  373 372.5 31.6621 0.0137422
  374 373.5 31.4307 0.0136418
  375 374.5 31.2775 0.0135753
  376 375.5 30.8853 0.0134051
  377 376.5 30.3703 0.0131815
  378 377.5 29.8984 0.0129767
  379 378.5 29.3388 0.0127339
  380 379.5 28.3295 0.0122958
  381 380.5 27.5164 0.0119429
  382 381.5 26.3129 0.0114205
  383 382.5 25.0187 0.0108588
  384 383.5 23.5173 0.0102071
  385 384.5 22.1141 0.00959811
  386 385.5 20.5074 0.0089008
  387 386.5 18.8169 0.00816704
  388 387.5 17.1812 0.00745714
  389 388.5 15.663 0.00679816
  390 389.5 14.1212 0.00612901
  391 390.5 12.6652 0.00549706
  392 391.5 11.3787 0.00493867
  393 392.5 10.2387 0.00444387
  394 393.5 9.28058 0.00402803
  395 394.5 8.49245 0.00368596
  396 395.5 7.71643 0.00334915
  397 396.5 7.19432 0.00312253
  398 397.5 6.71754 0.0029156
  399 398.5 6.37867 0.00276852
  400 399.5 6.09962 0.0026474
  401 400.5 5.84794 0.00253817
  402 401.5 5.66844 0.00246026
  403 402.5 5.57134 0.00241812
  404 403.5 5.48811 0.00238199
  405 404.5 5.41169 0.00234882
  406 405.5 5.3691 0.00233034
  407 406.5 5.34512 0.00231993
  408 407.5 5.3281 0.00231255
  409 408.5 5.31738 0.00230789
  410 409.5 5.36319 0.00232777
  411 410.5 5.43572 0.00235925
  412 411.5 5.44606 0.00236374
  413 412.5 5.48714 0.00238157
  414 413.5 5.46274 0.00237098
  415 414.5 5.43912 0.00236073
  416 415.5 5.42824 0.00235601
  417 416.5 5.42158 0.00235311
  418 417.5 5.45007 0.00236548
  419 418.5 5.45682 0.00236841
  420 419.5 5.47693 0.00237714
  421 420.5 5.42974 0.00235666
  422 421.5 5.39121 0.00233993
  423 422.5 5.34804 0.0023212
  424 423.5 5.30092 0.00230075
  425 424.5 5.29426 0.00229785
  426 425.5 5.26874 0.00228678
  427 426.5 5.21387 0.00226297
  428 427.5 5.20135 0.00225753
  429 428.5 5.14946 0.00223501
  430 429.5 5.15413 0.00223703
  431 430.5 5.16698 0.00224261
  432 431.5 5.19794 0.00225605
  433 432.5 5.19902 0.00225652
  434 433.5 5.27431 0.0022892
  435 434.5 5.26769 0.00228632
  436 435.5 5.25886 0.00228249
  437 436.5 5.26832 0.0022866
  438 437.5 5.26336 0.00228444
  439 438.5 5.28904 0.00229559
  440 439.5 5.29557 0.00229842
  441 440.5 5.29501 0.00229818
  442 441.5 5.32058 0.00230928
  443 442.5 5.3181 0.0023082
  444 443.5 5.26141 0.0022836
  445 444.5 5.21072 0.0022616
  446 445.5 5.20446 0.00225888
  447 446.5 5.17467 0.00224595
  448 447.5 5.10015 0.00221361
  449 448.5 5.10332 0.00221498
  450 449.5 5.12485 0.00222433
  451 450.5 5.0857 0.00220733
  452 451.5 5.04775 0.00219086
  453 452.5 5.09293 0.00221047
  454 453.5 5.03476 0.00218523
  455 454.5 5.01681 0.00217743
  456 455.5 5.0469 0.00219049
  457 456.5 5.07366 0.00220211
  458 457.5 5.05697 0.00219486
  459 458.5 5.04871 0.00219128
  460 459.5 5.01954 0.00217862
  461 460.5 5.0132 0.00217587
  462 461.5 5.06834 0.0021998
  463 462.5 5.07887 0.00220437
  464 463.5 5.03252 0.00218425
  465 464.5 5.03634 0.00218591
  466 465.5 5.01421 0.00217631
  467 466.5 4.94864 0.00214785
  468 467.5 4.93187 0.00214057
  469 468.5 4.91787 0.00213449
  470 469.5 4.90274 0.00212792
  471 470.5 4.90019 0.00212682
  472 471.5 4.88864 0.00212181
  473 472.5 4.8772 0.00211684
  474 473.5 4.83119 0.00209687
  475 474.5 4.85554 0.00210744
  476 475.5 4.8634 0.00211085
  477 476.5 4.85716 0.00210814
  478 477.5 4.84732 0.00210387
  479 478.5 4.86512 0.0021116
  480 479.5 4.89722 0.00212553
62500000 480 5967.999999999996
  1 0.5 5.70669 0.00247686
  2 1.5 5.64428 0.00244977
  3 2.5 5.56078 0.00241353
  4 3.5 5.52184 0.00239663
  5 4.5 5.51634 0.00239424
  6 5.5 5.42033 0.00235257
  7 6.5 5.38958 0.00233923
  8 7.5 5.39618 0.00234209
  9 8.5 5.3957 0.00234188
  10 9.5 5.38115 0.00233557
  11 10.5 5.34518 0.00231995
  12 11.5 5.31719 0.00230781
  13 12.5 5.3226 0.00231016
  14 13.5 5.3069 0.00230334
  15 14.5 5.27942 0.00229142
  16 15.5 5.26622 0.00228569
  17 16.5 5.27926 0.00229135
  18 17.5 5.30108 0.00230082
  19 18.5 5.3571 0.00232513
  20 19.5 5.36582 0.00232891
  21 20.5 5.44183 0.00236191
  22 21.5 5.45511 0.00236767
  23 22.5 5.43822 0.00236034
  24 23.5 5.44902 0.00236503
  25 24.5 5.46719 0.00237291
  26 25.5 5.41532 0.0023504
  27 26.5 5.5141 0.00239327
  28 27.5 5.47337 0.00237559
  29 28.5 5.43307 0.0023581
  30 29.5 5.45076 0.00236578
  31 30.5 5.50625 0.00238986
  32 31.5 5.46406 0.00237156
  33 32.5 5.41914 0.00235206
  34 33.5 5.41574 0.00235058
  35 34.5 5.42269 0.0023536
  36 35.5 5.39833 0.00234302
  37 36.5 5.41359 0.00234965
  38 37.5 5.39228 0.0023404
  39 38.5 5.3741 0.00233251
  40 39.5 5.31492 0.00230682
  41 40.5 5.27975 0.00229156
  42 41.5 5.27721 0.00229045
  43 42.5 5.25064 0.00227892
  44 43.5 5.0924 0.00221024
  45 44.5 5.0563 0.00219458
  46 45.5 5.02534 0.00218114
  47 46.5 4.91623 0.00213378
  48 47.5 4.79226 0.00207998
  49 48.5 4.58514 0.00199008
  50 49.5 4.33768 0.00188267
  51 50.5 4.06061 0.00176242
  52 51.5 3.73443 0.00162085
  53 52.5 3.31846 0.0014403
  54 53.5 2.81039 0.00121979
  55 54.5 2.32856 0.00101066
  56 55.5 1.86069 0.00080759
  57 56.5 1.42466 0.000618344
  58 57.5 1.05289 0.000456983
  59 58.5 0.751616 0.000326222
  60 59.5 0.525808 0.000228215
  61 60.5 0.387184 0.000168049
  62 61.5 0.291552 0.000126542
  63 62.5 0.230704 0.000100132
  64 63.5 0.187896 8.15521e-05
  65 64.5 0.16384 7.11111e-05
  66 65.5 0.146792 6.37118e-05
  67 66.5 0.134824 5.85174e-05
  68 67.5 0.130376 5.65868e-05
  69 68.5 0.128968 5.59757e-05
  70 69.5 0.125136 5.43125e-05
  71 70.5 0.12312 5.34375e-05
  72 71.5 0.119056 5.16736e-05
  73 72.5 0.116632 5.06215e-05
  74 73.5 0.120368 5.22431e-05
  75 74.5 0.12116 5.25868e-05
  76 75.5 0.121576 5.27674e-05
  77 76.5 0.119952 5.20625e-05
  78 77.5 0.117744 5.11042e-05
  79 78.5 0.116936 5.07535e-05
  80 79.5 0.113224 4.91424e-05
  81 80.5 0.112648 4.88924e-05
  82 81.5 0.11008 4.77778e-05
  83 82.5 0.112208 4.87014e-05
  84 83.5 0.110248 4.78507e-05
  85 84.5 0.11288 4.89931e-05
  86 85.5 0.114168 4.95521e-05
  87 86.5 0.10812 4.69271e-05
  88 87.5 0.111344 4.83264e-05
  89 88.5 0.11356 4.92882e-05
  90 89.5 0.115328 5.00556e-05
  91 90.5 0.109512 4.75312e-05
  92 91.5 0.113176 4.91215e-05
  93 92.5 0.112384 4.87778e-05
  94 93.5 0.110992 4.81736e-05
  95 94.5 0.113776 4.93819e-05
  96 95.5 0.11308 4.90799e-05
  97 96.5 0.110912 4.81389e-05
  98 97.5 0.111744 4.85e-05
  99 98.5 0.114152 4.95451e-05
  100 99.5 0.119232 5.175e-05
  101 100.5 0.119816 5.20035e-05
  102 101.5 0.11152 4.84028e-05
  103 102.5 0.112464 4.88125e-05
  104 103.5 0.118488 5.14271e-05
  105 104.5 0.119856 5.20208e-05
  106 105.5 0.119696 5.19514e-05
  107 106.5 0.120672 5.2375e-05
  108 107.5 0.123424 5.35694e-05
  109 108.5 0.11836 5.13715e-05
  110 109.5 0.114968 4.98993e-05
  111 110.5 0.112488 4.88229e-05
  112 111.5 0.120448 5.22778e-05
  113 112.5 0.118984 5.16424e-05
  114 113.5 0.12036 5.22396e-05
  115 114.5 0.125736 5.45729e-05
  116 115.5 0.11908 5.1684e-05
  117 116.5 0.117688 5.10799e-05
  118 117.5 0.113096 4.90868e-05
  119 118.5 0.115712 5.02222e-05
  120 119.5 0.119744 5.19722e-05
  121 120.5 0.122288 5.30764e-05
  122 121.5 0.11952 5.1875e-05
  123 122.5 0.117352 5.0934e-05
  124 123.5 0.118672 5.15069e-05
  125 124.5 0.119304 5.17813e-05
  126 125.5 0.126472 5.48924e-05
  127 126.5 0.124928 5.42222e-05
  128 127.5 0.12372 5.36979e-05
  129 128.5 0.12388 5.37674e-05
  130 129.5 0.121528 5.27465e-05
  131 130.5 0.123952 5.37986e-05
  132 131.5 0.126008 5.4691e-05
  133 132.5 0.127712 5.54306e-05
  134 133.5 0.126992 5.51181e-05
  135 134.5 0.123648 5.36667e-05
  136 135.5 0.122544 5.31875e-05
  137 136.5 0.124016 5.38264e-05
  138 137.5 0.125336 5.43993e-05
  139 138.5 0.12184 5.28819e-05
  140 139.5 0.122952 5.33646e-05
  141 140.5 0.125744 5.45764e-05
  142 141.5 0.132096 5.73333e-05
  143 142.5 0.128512 5.57778e-05
  144 143.5 0.12328 5.35069e-05
  145 144.5 0.119488 5.18611e-05
  146 145.5 0.121 5.25174e-05
  147 146.5 0.119536 5.18819e-05
  148 147.5 0.1216 5.27778e-05
  149 148.5 0.12044 5.22743e-05
  150 149.5 0.126328 5.48299e-05
  151 150.5 0.123184 5.34653e-05
  152 151.5 0.126784 5.50278e-05
  153 152.5 0.128992 5.59861e-05
  154 153.5 0.129504 5.62083e-05
  155 154.5 0.12292 5.33507e-05
  156 155.5 0.126264 5.48021e-05
  157 156.5 0.123192 5.34688e-05
  158 157.5 0.121448 5.27118e-05
  159 158.5 0.126176 5.47639e-05
  160 159.5 0.119464 5.18507e-05
  161 160.5 0.115744 5.02361e-05
  162 161.5 0.120328 5.22257e-05
  163 162.5 0.12296 5.33681e-05
  164 163.5 0.12208 5.29861e-05
  165 164.5 0.120008 5.20868e-05
  166 165.5 0.117576 5.10312e-05
  167 166.5 0.116584 5.06007e-05
  168 167.5 0.11868 5.15104e-05
  169 168.5 0.119544 5.18854e-05
  170 169.5 0.120072 5.21146e-05
  171 170.5 0.118248 5.13229e-05
  172 171.5 0.120352 5.22361e-05
  173 172.5 0.12124 5.26215e-05
  174 173.5 0.121616 5.27847e-05
  175 174.5 0.122968 5.33715e-05
  176 175.5 0.1174 5.09549e-05
  177 176.5 0.120992 5.25139e-05
  178 177.5 0.120936 5.24896e-05
  179 178.5 0.122448 5.31458e-05
  180 179.5 0.127944 5.55312e-05
  181 180.5 0.122616 5.32188e-05
  182 181.5 0.119952 5.20625e-05
  183 182.5 0.118488 5.14271e-05
  184 183.5 0.117288 5.09063e-05
  185 184.5 0.117504 5.1e-05
  186 185.5 0.11736 5.09375e-05
  187 186.5 0.117304 5.09132e-05
  188 187.5 0.115456 5.01111e-05
  189 188.5 0.1156 5.01736e-05
  190 189.5 0.11852 5.1441e-05
  191 190.5 0.120688 5.23819e-05
  192 191.5 0.122848 5.33194e-05
  193 192.5 0.120776 5.24201e-05
  194 193.5 0.120432 5.22708e-05
  195 194.5 0.122792 5.32951e-05
  196 195.5 0.130608 5.66875e-05
  197 196.5 0.131648 5.71389e-05
  198 197.5 0.136832 5.93889e-05
  199 198.5 0.147952 6.42153e-05
  200 199.5 0.161344 7.00278e-05
  201 200.5 0.17908 7.77257e-05
  202 201.5 0.209088 9.075e-05
  203 202.5 0.259096 0.000112455
  204 203.5 0.334648 0.000145247
  205 204.5 0.463824 0.000201312
  206 205.5 0.63452 0.000275399
  207 206.5 0.87788 0.000381024
  208 207.5 1.2027 0.000522007
  209 208.5 1.58688 0.00068875
  210 209.5 2.0225 0.000877823
  211 210.5 2.53158 0.00109877
  212 211.5 2.9805 0.00129362
  213 212.5 3.42622 0.00148708
  214 213.5 3.80078 0.00164965
  215 214.5 4.17359 0.00181145
  216 215.5 4.48485 0.00194655
  217 216.5 4.78442 0.00207657
  218 217.5 5.07352 0.00220205
  219 218.5 5.43249 0.00235785
  220 219.5 5.77997 0.00250867
  221 220.5 6.16222 0.00267458
  222 221.5 6.6803 0.00289943
  223 222.5 7.29589 0.00316662
  224 223.5 8.06225 0.00349924
  225 224.5 8.92354 0.00387306
  226 225.5 9.94443 0.00431616
  227 226.5 11.1139 0.00482374
  228 227.5 12.5193 0.00543374
  229 228.5 14.0848 0.0061132
  230 229.5 15.7794 0.00684872
  231 230.5 17.5229 0.00760544
  232 231.5 19.2946 0.00837441
  233 232.5 21.0206 0.00912354
  234 233.5 22.6742 0.00984122
  235 234.5 24.1568 0.0104847
  236 235.5 25.5642 0.0110956
  237 236.5 26.8488 0.0116531
  238 237.5 27.7959 0.0120642
  239 238.5 28.8022 0.012501
  240 239.5 29.6057 0.0128497
  241 240.5 30.2929 0.013148
  242 241.5 30.7416 0.0133427
  243 242.5 31.287 0.0135794
  244 243.5 31.6274 0.0137272
  245 244.5 31.8513 0.0138244
  246 245.5 32.0649 0.0139171
  247 246.5 32.2864 0.0140132
  248 247.5 32.4421 0.0140808
  249 248.5 32.5474 0.0141265
  250 249.5 32.6708 0.01418
  251 250.5 32.7936 0.0142333
  252 251.5 32.8345 0.0142511
  253 252.5 32.8488 0.0142573
  254 253.5 32.9174 0.0142871
  255 254.5 32.9717 0.0143106
  256 255.5 32.8961 0.0142778
  257 256.5 32.8534 0.0142593
  258 257.5 32.8949 0.0142773
  259 258.5 32.8288 0.0142486
  260 259.5 32.8309 0.0142495
  261 260.5 32.7399 0.01421
  262 261.5 32.8404 0.0142537
  263 262.5 32.8354 0.0142515
  264 263.5 32.7906 0.014232
  265 264.5 32.7815 0.0142281
  266 265.5 32.8342 0.014251
  267 266.5 32.8299 0.0142491
  268 267.5 32.8029 0.0142374
  269 268.5 32.7615 0.0142194
  270 269.5 32.7492 0.014214
  271 270.5 32.6558 0.0141735
  272 271.5 32.6134 0.0141551
  273 272.5 32.5587 0.0141314
  274 273.5 32.5081 0.0141094
  275 274.5 32.4237 0.0140728
  276 275.5 32.4014 0.0140631
  277 276.5 32.3582 0.0140444
  278 277.5 32.3171 0.0140265
  279 278.5 32.3612 0.0140456
  280 279.5 32.4121 0.0140678
  281 280.5 32.3338 0.0140338
  282 281.5 32.3607 0.0140455
  283 282.5 32.4214 0.0140718
  284 283.5 32.4595 0.0140883
  285 284.5 32.396 0.0140607
  286 285.5 32.5768 0.0141392
  287 286.5 32.5477 0.0141266
  288 287.5 32.5005 0.0141061
  289 288.5 32.4026 0.0140636
  290 289.5 32.5022 0.0141069
  291 290.5 32.4593 0.0140882
  292 291.5 32.4935 0.0141031
  293 292.5 32.6152 0.0141559
  294 293.5 32.5738 0.0141379
  295 294.5 32.6757 0.0141821
  296 295.5 32.7106 0.0141973
  297 296.5 32.624 0.0141597
  298 297.5 32.5924 0.014146
  299 298.5 32.6354 0.0141647
  300 299.5 32.5625 0.014133
  301 300.5 32.5544 0.0141295
  302 301.5 32.6188 0.0141575
  303 302.5 32.5222 0.0141155
  304 303.5 32.4262 0.0140739
  305 304.5 32.4356 0.0140779
  306 305.5 32.4353 0.0140778
  307 306.5 32.415 0.014069
  308 307.5 32.3037 0.0140207
  309 308.5 32.328 0.0140313
  310 309.5 32.2861 0.0140131
  311 310.5 32.2956 0.0140172
  312 311.5 32.23 0.0139887
  313 312.5 32.2254 0.0139867
  314 313.5 32.2342 0.0139906
  315 314.5 32.1977 0.0139747
  316 315.5 32.1534 0.0139555
  317 316.5 32.2928 0.014016
  318 317.5 32.2662 0.0140044
  319 318.5 32.2395 0.0139928
  320 319.5 32.2911 0.0140152
  321 320.5 32.3258 0.0140303
  322 321.5 32.3456 0.0140389
  323 322.5 32.2873 0.0140136
  324 323.5 32.2667 0.0140046
  325 324.5 32.1527 0.0139552
  326 325.5 32.2055 0.0139781
  327 326.5 32.1396 0.0139495
  328 327.5 32.0695 0.013919
  329 328.5 31.961 0.013872
  330 329.5 31.9412 0.0138634
  331 330.5 31.9533 0.0138686
  332 331.5 31.868 0.0138316
  333 332.5 31.9043 0.0138474
  334 333.5 31.8572 0.0138269
  335 334.5 31.8519 0.0138246
  336 335.5 31.8992 0.0138451
  337 336.5 31.8584 0.0138274
  338 337.5 31.8492 0.0138234
  339 338.5 31.8474 0.0138226
  340 339.5 31.9747 0.0138779
  341 340.5 31.9122 0.0138508
  342 341.5 31.9201 0.0138542
  343 342.5 31.9492 0.0138668
  344 343.5 31.9482 0.0138664
  345 344.5 31.9231 0.0138555
  346 345.5 31.9968 0.0138875
  347 346.5 32.0777 0.0139226
  348 347.5 32.1109 0.013937
  349 348.5 32.1057 0.0139348
  350 349.5 32.1926 0.0139725
  351 350.5 32.1735 0.0139642
  352 351.5 32.1761 0.0139653
  353 352.5 32.1478 0.0139531
  354 353.5 32.1977 0.0139747
  355 354.5 32.1194 0.0139407
  356 355.5 32.1301 0.0139453
  357 356.5 32.162 0.0139592
  358 357.5 32.1836 0.0139686
  359 358.5 32.3453 0.0140388
  360 359.5 32.2975 0.014018
  361 360.5 32.2088 0.0139795
  362 361.5 32.1735 0.0139642
  363 362.5 32.1961 0.013974
  364 363.5 32.1664 0.0139611
  365 364.5 32.1189 0.0139405
  366 365.5 32.0866 0.0139265
  367 366.5 32.1071 0.0139354
  368 367.5 32.0062 0.0138916
  369 368.5 31.9335 0.01386
  370 369.5 31.9744 0.0138778
  371 370.5 31.8891 0.0138408
  372 371.5 31.7378 0.0137751
  373 372.5 31.589 0.0137105
  374 373.5 31.5183 0.0136798
  375 374.5 31.2197 0.0135502
  376 375.5 30.8655 0.0133965
  377 376.5 30.5962 0.0132796
  378 377.5 30.1557 0.0130884
  379 378.5 29.4553 0.0127844
  380 379.5 28.847 0.0125204
  381 380.5 28.1163 0.0122033
  382 381.5 27.1596 0.011788
  383 382.5 26.015 0.0112912
  384 383.5 25.0217 0.0108601
  385 384.5 23.6415 0.0102611
  386 385.5 22.0329 0.00956289
  387 386.5 20.4323 0.00886818
  388 387.5 18.9428 0.0082217
  389 388.5 17.2224 0.00747499
  390 389.5 15.6055 0.00677324
  391 390.5 14.0548 0.00610018
  392 391.5 12.594 0.00546614
  393 392.5 11.2658 0.00488969
  394 393.5 10.1627 0.00441089
  395 394.5 9.14865 0.00397077
  396 395.5 8.2405 0.0035766
  397 396.5 7.49622 0.00325357
  398 397.5 6.88725 0.00298926
  399 398.5 6.3443 0.0027536
  400 399.5 5.95457 0.00258445
  401 400.5 5.61428 0.00243675
  402 401.5 5.35787 0.00232547
  403 402.5 5.1793 0.00224796
  404 403.5 5.07246 0.00220159
  405 404.5 4.99082 0.00216615
  406 405.5 4.88739 0.00212126
  407 406.5 4.87108 0.00211418
  408 407.5 4.87393 0.00211542
  409 408.5 4.85395 0.00210675
  410 409.5 4.86164 0.00211009
  411 410.5 4.87553 0.00211611
  412 411.5 4.91145 0.0021317
  413 412.5 4.94761 0.0021474
  414 413.5 4.93146 0.00214039
  415 414.5 4.91299 0.00213238
  416 415.5 4.93661 0.00214262
  417 416.5 4.96449 0.00215473
  418 417.5 4.95694 0.00215145
  419 418.5 4.97874 0.00216091
  420 419.5 4.94824 0.00214767
  421 420.5 4.91264 0.00213222
  422 421.5 4.8989 0.00212626
  423 422.5 4.91477 0.00213315
  424 423.5 4.90001 0.00212674
  425 424.5 4.89697 0.00212542
  426 425.5 4.95314 0.0021498
  427 426.5 4.95328 0.00214986
  428 427.5 4.96997 0.0021571
  429 428.5 5.00491 0.00217227
  430 429.5 5.04266 0.00218865
  431 430.5 5.07937 0.00220459
  432 431.5 5.1517 0.00223598
  433 432.5 5.18885 0.0022521
  434 433.5 5.22418 0.00226744
  435 434.5 5.28589 0.00229422
  436 435.5 5.35701 0.00232509
  437 436.5 5.3826 0.0023362
  438 437.5 5.41291 0.00234935
  439 438.5 5.43431 0.00235864
  440 439.5 5.44214 0.00236204
  441 440.5 5.5319 0.002401
  442 441.5 5.58365 0.00242346
  443 442.5 5.62403 0.00244099
  444 443.5 5.6983 0.00247322
  445 444.5 5.72866 0.0024864
  446 445.5 5.73543 0.00248934
  447 446.5 5.8449 0.00253685
  448 447.5 5.91726 0.00256826
  449 448.5 5.92078 0.00256978
  450 449.5 5.95778 0.00258584
  451 450.5 6.0168 0.00261146
  452 451.5 6.05954 0.00263001
  453 452.5 6.06826 0.0026338
  454 453.5 6.09526 0.00264551
  455 454.5 6.09225 0.0026442
  456 455.5 6.0915 0.00264388
  457 456.5 6.128 0.00265972
  458 457.5 6.19263 0.00268777
  459 458.5 6.19073 0.00268695
  460 459.5 6.19578 0.00268914
  461 460.5 6.18998 0.00268663
  462 461.5 6.24827 0.00271192
  463 462.5 6.28265 0.00272684
  464 463.5 6.26506 0.00271921
  465 464.5 6.27687 0.00272434
  466 465.5 6.2652 0.00271927
  467 466.5 6.29965 0.00273422
  468 467.5 6.33874 0.00275119
  469 468.5 6.28835 0.00272932
  470 469.5 6.24538 0.00271067
  471 470.5 6.22246 0.00270072
  472 471.5 6.20839 0.00269461
  473 472.5 6.10882 0.0026514
  474 473.5 6.09886 0.00264708
  475 474.5 6.08703 0.00264194
  476 475.5 6.0337 0.0026188
  477 476.5 5.95238 0.0025835
  478 477.5 5.93634 0.00257654
  479 478.5 5.90485 0.00256287
  480 479.5 5.79115 0.00251352
65000000 480 5968
  1 0.5 4.85855 0.00210875
  2 1.5 4.93661 0.00214262
  3 2.5 4.97922 0.00216112
  4 3.5 4.99559 0.00216823
  5 4.5 4.99531 0.0021681
  6 5.5 5.01857 0.0021782
  7 6.5 5.0226 0.00217995
  8 7.5 4.99013 0.00216585
  9 8.5 5.02735 0.00218201
  10 9.5 5.05595 0.00219442
  11 10.5 5.0327 0.00218433
  12 11.5 5.04889 0.00219136
  13 12.5 5.06456 0.00219816
  14 13.5 5.06522 0.00219845
  15 14.5 5.05464 0.00219385
  16 15.5 5.03926 0.00218718
  17 16.5 5.02102 0.00217926
  18 17.5 4.96962 0.00215695
  19 18.5 4.92296 0.0021367
  20 19.5 4.8791 0.00211766
  21 20.5 4.8593 0.00210907
  22 21.5 4.84526 0.00210298
  23 22.5 4.86223 0.00211034
  24 23.5 4.85578 0.00210755
  25 24.5 4.91203 0.00213196
  26 25.5 5.01141 0.00217509
  27 26.5 5.05473 0.00219389
  28 27.5 5.08903 0.00220878
  29 28.5 5.07828 0.00220411
  30 29.5 5.14573 0.00223339
  31 30.5 5.1445 0.00223286
  32 31.5 5.1212 0.00222274
  33 32.5 5.15834 0.00223886
  34 33.5 5.16906 0.00224351
  35 34.5 5.22746 0.00226886
  36 35.5 5.21171 0.00226203
  37 36.5 5.23933 0.00227401
  38 37.5 5.21663 0.00226416
  39 38.5 5.24294 0.00227558
  40 39.5 5.26457 0.00228497
  41 40.5 5.26656 0.00228583
  42 41.5 5.31099 0.00230512
  43 42.5 5.30804 0.00230384
  44 43.5 5.32206 0.00230992
  45 44.5 5.23688 0.00227295
  46 45.5 5.12141 0.00222283
  47 46.5 5.08267 0.00220602
  48 47.5 4.9338 0.00214141
  49 48.5 4.71655 0.00204711
  50 49.5 4.40307 0.00191106
  51 50.5 4.09106 0.00177564
  52 51.5 3.70566 0.00160836
  53 52.5 3.26436 0.00141682
  54 53.5 2.73662 0.00118777
  55 54.5 2.22775 0.000966906
  56 55.5 1.76487 0.000766003
  57 56.5 1.31922 0.00057258
  58 57.5 0.970056 0.000421031
  59 58.5 0.696768 0.000302417
  60 59.5 0.502048 0.000217903
  61 60.5 0.361448 0.000156878
  62 61.5 0.272144 0.000118118
  63 62.5 0.218456 9.4816e-05
  64 63.5 0.182824 7.93507e-05
  65 64.5 0.159392 6.91806e-05
  66 65.5 0.148288 6.43611e-05
  67 66.5 0.134968 5.85799e-05
  68 67.5 0.126184 5.47674e-05
  69 68.5 0.12136 5.26736e-05
  70 69.5 0.11892 5.16146e-05
  71 70.5 0.118424 5.13993e-05
  72 71.5 0.115784 5.02535e-05
  73 72.5 0.114248 4.95868e-05
  74 73.5 0.117912 5.11771e-05
  75 74.5 0.117512 5.10035e-05
  76 75.5 0.115768 5.02465e-05
  77 76.5 0.118088 5.12535e-05
  78 77.5 0.116112 5.03958e-05
  79 78.5 0.114848 4.98472e-05
  80 79.5 0.115528 5.01424e-05
  81 80.5 0.120336 5.22292e-05
  82 81.5 0.119536 5.18819e-05
  83 82.5 0.12056 5.23264e-05
  84 83.5 0.119672 5.1941e-05
  85 84.5 0.121168 5.25903e-05
  86 85.5 0.124184 5.38993e-05
  87 86.5 0.118744 5.15382e-05
  88 87.5 0.117016 5.07882e-05
  89 88.5 0.11996 5.2066e-05
  90 89.5 0.119032 5.16632e-05
  91 90.5 0.119064 5.16771e-05
  92 91.5 0.115216 5.00069e-05
  93 92.5 0.117864 5.11563e-05
  94 93.5 0.112168 4.8684e-05
  95 94.5 0.112696 4.89132e-05
  96 95.5 0.121704 5.28229e-05
  97 96.5 0.120752 5.24097e-05
  98 97.5 0.12212 5.30035e-05
  99 98.5 0.124032 5.38333e-05
  100 99.5 0.122144 5.30139e-05
  101 100.5 0.123568 5.36319e-05
  102 101.5 0.122192 5.30347e-05
  103 102.5 0.122048 5.29722e-05
  104 103.5 0.12344 5.35764e-05
  105 104.5 0.125904 5.46458e-05
  106 105.5 0.125792 5.45972e-05
  107 106.5 0.121496 5.27326e-05
  108 107.5 0.120136 5.21424e-05
  109 108.5 0.121008 5.25208e-05
  110 109.5 0.123656 5.36701e-05
  111 110.5 0.119936 5.20556e-05
  112 111.5 0.118984 5.16424e-05
  113 112.5 0.116648 5.06285e-05
  114 113.5 0.11676 5.06771e-05
  115 114.5 0.115568 5.01597e-05
  116 115.5 0.112896 4.9e-05
  117 116.5 0.114048 4.95e-05
  118 117.5 0.111032 4.8191e-05
  119 118.5 0.108304 4.70069e-05
  120 119.5 0.1078 4.67882e-05
  121 120.5 0.108384 4.70417e-05
  122 121.5 0.108936 4.72813e-05
  123 122.5 0.112624 4.88819e-05
  124 123.5 0.114584 4.97326e-05
  125 124.5 0.116856 5.07188e-05
  126 125.5 0.118816 5.15694e-05
  127 126.5 0.116104 5.03924e-05
  128 127.5 0.115704 5.02187e-05
  129 128.5 0.116312 5.04826e-05
  130 129.5 0.115904 5.03056e-05
  131 130.5 0.114656 4.97639e-05
  132 131.5 0.121912 5.29132e-05
  133 132.5 0.117296 5.09097e-05
  134 133.5 0.117024 5.07917e-05
  135 134.5 0.112768 4.89444e-05
  136 135.5 0.11808 5.125e-05
  137 136.5 0.122328 5.30937e-05
  138 137.5 0.118848 5.15833e-05
  139 138.5 0.12048 5.22917e-05
  140 139.5 0.128064 5.55833e-05
  141 140.5 0.123528 5.36146e-05
  142 141.5 0.1166 5.06076e-05
  143 142.5 0.115296 5.00417e-05
  144 143.5 0.115776 5.025e-05
  145 144.5 0.116008 5.03507e-05
  146 145.5 0.115376 5.00764e-05
  147 146.5 0.112312 4.87465e-05
  148 147.5 0.114352 4.96319e-05
  149 148.5 0.118696 5.15174e-05
  150 149.5 0.117392 5.09514e-05
  151 150.5 0.11412 4.95313e-05
  152 151.5 0.117344 5.09306e-05
  153 152.5 0.117816 5.11354e-05
  154 153.5 0.118448 5.14097e-05
  155 154.5 0.120624 5.23542e-05
  156 155.5 0.117976 5.12049e-05
  157 156.5 0.117856 5.11528e-05
  158 157.5 0.115648 5.01944e-05
  159 158.5 0.114656 4.97639e-05
  160 159.5 0.120688 5.23819e-05
  161 160.5 0.121184 5.25972e-05
  162 161.5 0.119712 5.19583e-05
  163 162.5 0.11632 5.04861e-05
  164 163.5 0.111056 4.82014e-05
  165 164.5 0.121744 5.28403e-05
  166 165.5 0.121856 5.28889e-05
  167 166.5 0.119712 5.19583e-05
  168 167.5 0.120512 5.23056e-05
  169 168.5 0.12328 5.35069e-05
  170 169.5 0.125592 5.45104e-05
  171 170.5 0.12712 5.51736e-05
  172 171.5 0.117344 5.09306e-05
  173 172.5 0.117072 5.08125e-05
  174 173.5 0.115688 5.02118e-05
  175 174.5 0.114152 4.95451e-05
  176 175.5 0.115544 5.01493e-05
  177 176.5 0.12164 5.27951e-05
  178 177.5 0.118464 5.14167e-05
  179 178.5 0.11616 5.04167e-05
  180 179.5 0.112968 4.90313e-05
  181 180.5 0.109992 4.77396e-05
  182 181.5 0.114848 4.98472e-05
  183 182.5 0.115048 4.9934e-05
  184 183.5 0.117208 5.08715e-05
  185 184.5 0.118672 5.15069e-05
  186 185.5 0.119072 5.16806e-05
  187 186.5 0.114688 4.97778e-05
  188 187.5 0.113776 4.93819e-05
  189 188.5 0.115336 5.0059e-05
  190 189.5 0.125784 5.45938e-05
  191 190.5 0.122792 5.32951e-05
  192 191.5 0.120984 5.25104e-05
  193 192.5 0.11712 5.08333e-05
  194 193.5 0.11844 5.14062e-05
  195 194.5 0.116784 5.06875e-05
  196 195.5 0.122008 5.29549e-05
  197 196.5 0.128528 5.57847e-05
  198 197.5 0.128504 5.57743e-05
  199 198.5 0.135608 5.88576e-05
  200 199.5 0.151424 6.57222e-05
  201 200.5 0.16688 7.24306e-05
  202 201.5 0.197144 8.5566e-05
  203 202.5 0.239032 0.000103747
  204 203.5 0.313352 0.000136003
  205 204.5 0.43024 0.000186736
  206 205.5 0.591464 0.000256712
  207 206.5 0.825128 0.000358128
  208 207.5 1.15249 0.000500212
  209 208.5 1.53434 0.000665948
  210 209.5 2.00799 0.000871524
  211 210.5 2.5007 0.00108537
  212 211.5 2.9912 0.00129826
  213 212.5 3.44726 0.00149621
  214 213.5 3.8785 0.00168337
  215 214.5 4.27038 0.00185347
  216 215.5 4.58617 0.00199052
  217 216.5 4.94746 0.00214733
  218 217.5 5.24838 0.00227794
  219 218.5 5.56388 0.00241488
  220 219.5 5.96394 0.00258851
  221 220.5 6.41934 0.00278617
  222 221.5 6.92767 0.0030068
  223 222.5 7.59826 0.00329786
  224 223.5 8.3245 0.00361306
  225 224.5 9.30444 0.00403839
  226 225.5 10.3656 0.00449896
  227 226.5 11.575 0.00502386
  228 227.5 13.0995 0.00568555
  229 228.5 14.7108 0.00638489
  230 229.5 16.3435 0.00709353
  231 230.5 17.9894 0.0078079
  232 231.5 19.7268 0.00856196
  233 232.5 21.4829 0.00932417
  234 233.5 23.1074 0.0100293
  235 234.5 24.6413 0.010695
  236 235.5 25.9694 0.0112714
  237 236.5 27.1257 0.0117733
  238 237.5 28.2033 0.012241
  239 238.5 29.0336 0.0126014
  240 239.5 29.7537 0.0129139
  241 240.5 30.4197 0.013203
  242 241.5 30.8125 0.0133735
  243 242.5 31.134 0.013513
  244 243.5 31.4578 0.0136535
  245 244.5 31.7379 0.0137751
  246 245.5 31.8782 0.013836
  247 246.5 32.0125 0.0138943
  248 247.5 32.1453 0.0139519
  249 248.5 32.2344 0.0139906
  250 249.5 32.3278 0.0140311
  251 250.5 32.3237 0.0140294
  252 251.5 32.3497 0.0140407
  253 252.5 32.3609 0.0140455
  254 253.5 32.3935 0.0140597
  255 254.5 32.4104 0.014067
  256 255.5 32.4134 0.0140683
  257 256.5 32.5159 0.0141128
  258 257.5 32.4273 0.0140744
  259 258.5 32.4193 0.0140709
  260 259.5 32.4689 0.0140924
  261 260.5 32.4215 0.0140718
  262 261.5 32.3892 0.0140578
  263 262.5 32.4317 0.0140763
  264 263.5 32.457 0.0140872
  265 264.5 32.311 0.0140239
  266 265.5 32.3137 0.014025
  267 266.5 32.3125 0.0140245
  268 267.5 32.1976 0.0139747
  269 268.5 32.0693 0.013919
  270 269.5 32.0969 0.0139309
  271 270.5 32.1104 0.0139368
  272 271.5 32.0663 0.0139177
  273 272.5 32.0401 0.0139063
  274 273.5 32.1414 0.0139502
  275 274.5 32.1973 0.0139745
  276 275.5 32.135 0.0139475
  277 276.5 32.1985 0.013975
  278 277.5 32.2657 0.0140042
  279 278.5 32.2143 0.0139819
  280 279.5 32.1942 0.0139732
  281 280.5 32.2499 0.0139973
  282 281.5 32.2826 0.0140116
  283 282.5 32.1964 0.0139741
  284 283.5 32.1043 0.0139342
  285 284.5 32.0969 0.013931
  286 285.5 32.0698 0.0139192
  287 286.5 32.0007 0.0138892
  288 287.5 31.9259 0.0138567
  289 288.5 32.0906 0.0139282
  290 289.5 32.1041 0.0139341
  291 290.5 31.9109 0.0138502
  292 291.5 31.9438 0.0138645
  293 292.5 32.0694 0.013919
  294 293.5 32.0013 0.0138894
  295 294.5 31.9299 0.0138585
  296 295.5 32.0469 0.0139092
  297 296.5 32.1054 0.0139346
  298 297.5 31.9161 0.0138525
  299 298.5 31.9664 0.0138743
  300 299.5 31.9984 0.0138882
  301 300.5 31.9521 0.0138681
  302 301.5 31.8359 0.0138177
  303 302.5 31.8419 0.0138203
  304 303.5 31.7089 0.0137626
  305 304.5 31.5736 0.0137038
  306 305.5 31.713 0.0137643
  307 306.5 31.6501 0.013737
  308 307.5 31.5928 0.0137122
  309 308.5 31.5614 0.0136985
  310 309.5 31.7421 0.013777
  311 310.5 31.7873 0.0137966
  312 311.5 31.8672 0.0138313
  313 312.5 32.0279 0.013901
  314 313.5 32.12 0.013941
  315 314.5 32.2132 0.0139814
  316 315.5 32.2778 0.0140095
  317 316.5 32.492 0.0141025
  318 317.5 32.4712 0.0140934
  319 318.5 32.4409 0.0140803
  320 319.5 32.4773 0.014096
  321 320.5 32.5341 0.0141207
  322 321.5 32.4674 0.0140918
  323 322.5 32.433 0.0140768
  324 323.5 32.4369 0.0140785
  325 324.5 32.3594 0.0140449
  326 325.5 32.4562 0.0140869
  327 326.5 32.4314 0.0140761
  328 327.5 32.3866 0.0140567
  329 328.5 32.3695 0.0140492
  330 329.5 32.4461 0.0140825
  331 330.5 32.3821 0.0140547
  332 331.5 32.3379 0.0140356
  333 332.5 32.5389 0.0141228
  334 333.5 32.4793 0.0140969
  335 334.5 32.4556 0.0140866
  336 335.5 32.5249 0.0141167
  337 336.5 32.6412 0.0141672
  338 337.5 32.5271 0.0141177
  339 338.5 32.5622 0.0141329
  340 339.5 32.6601 0.0141754
  341 340.5 32.6125 0.0141547
  342 341.5 32.6386 0.0141661
  343 342.5 32.6874 0.0141872
  344 343.5 32.6767 0.0141826
  345 344.5 32.6359 0.0141649
  346 345.5 32.7706 0.0142233
  347 346.5 32.6433 0.0141681
  348 347.5 32.6483 0.0141703
  349 348.5 32.588 0.0141441
  350 349.5 32.6419 0.0141675
  351 350.5 32.4802 0.0140973
  352 351.5 32.5049 0.014108
  353 352.5 32.4042 0.0140643
  354 353.5 32.3027 0.0140203
  355 354.5 32.2386 0.0139924
  356 355.5 32.2871 0.0140135
  357 356.5 32.2801 0.0140105
  358 357.5 32.2726 0.0140072
  359 358.5 32.2399 0.013993
  360 359.5 32.2623 0.0140028
  361 360.5 32.3661 0.0140478
  362 361.5 32.3385 0.0140358
  363 362.5 32.3769 0.0140525
  364 363.5 32.28 0.0140104
  365 364.5 32.3846 0.0140558
  366 365.5 32.376 0.0140521
  367 366.5 32.2716 0.0140068
  368 367.5 32.2186 0.0139838
  369 368.5 32.2568 0.0140004
  370 369.5 32.1679 0.0139618
  371 370.5 32.0771 0.0139224
  372 371.5 32.2039 0.0139774
  373 372.5 32.1641 0.0139601
  374 373.5 32.1027 0.0139335
  375 374.5 32.0023 0.0138899
  376 375.5 32.0862 0.0139263
  377 376.5 31.9838 0.0138818
  378 377.5 31.787 0.0137965
  379 378.5 31.6364 0.0137311
  380 379.5 31.3589 0.0136106
  381 380.5 30.9014 0.013412
  382 381.5 30.4951 0.0132357
  383 382.5 30.0605 0.0130471
  384 383.5 29.3342 0.0127319
  385 384.5 28.4921 0.0123663
  386 385.5 27.4528 0.0119153
  387 386.5 26.2196 0.01138
  388 387.5 24.8656 0.0107924
  389 388.5 23.2934 0.01011
  390 389.5 21.6065 0.00937781
  391 390.5 19.8443 0.00861298
  392 391.5 17.9969 0.00781116
  393 392.5 16.1672 0.00701702
  394 393.5 14.5087 0.00629716
  395 394.5 12.956 0.00562326
  396 395.5 11.4866 0.00498549
  397 396.5 10.213 0.00443274
  398 397.5 9.0888 0.00394479
  399 398.5 8.20626 0.00356174
  400 399.5 7.39934 0.00321152
  401 400.5 6.6704 0.00289514
  402 401.5 6.18656 0.00268514
  403 402.5 5.81442 0.00252362
  404 403.5 5.45972 0.00236967
  405 404.5 5.19826 0.00225619
  406 405.5 5.05915 0.00219581
  407 406.5 4.8865 0.00212087
  408 407.5 4.7369 0.00205595
  409 408.5 4.61374 0.00200249
  410 409.5 4.54341 0.00197197
  411 410.5 4.48079 0.00194479
  412 411.5 4.42695 0.00192142
  413 412.5 4.42573 0.00192089
  414 413.5 4.37506 0.0018989
  415 414.5 4.3113 0.00187122
  416 415.5 4.27353 0.00185483
  417 416.5 4.2342 0.00183776
  418 417.5 4.23639 0.00183871
  419 418.5 4.23703 0.00183899
  420 419.5 4.25324 0.00184602
  421 420.5 4.27166 0.00185402
  422 421.5 4.26658 0.00185181
  423 422.5 4.27854 0.00185701
  424 423.5 4.29058 0.00186223
  425 424.5 4.32752 0.00187826
  426 425.5 4.38037 0.0019012
  427 426.5 4.3791 0.00190065
  428 427.5 4.37547 0.00189908
  429 428.5 4.37975 0.00190093
  430 429.5 4.37157 0.00189738
  431 430.5 4.40157 0.0019104
  432 431.5 4.4379 0.00192617
  433 432.5 4.36075 0.00189269
  434 433.5 4.34228 0.00188467
  435 434.5 4.30498 0.00186848
  436 435.5 4.33434 0.00188123
  437 436.5 4.33858 0.00188306
  438 437.5 4.30371 0.00186793
  439 438.5 4.31179 0.00187144
  440 439.5 4.30665 0.0018692
  441 440.5 4.24571 0.00184276
  442 441.5 4.2059 0.00182548
  443 442.5 4.2091 0.00182687
  444 443.5 4.24264 0.00184142
  445 444.5 4.21847 0.00183093
  446 445.5 4.26548 0.00185134
  447 446.5 4.30801 0.0018698
  448 447.5 4.30413 0.00186811
  449 448.5 4.296 0.00186458
  450 449.5 4.32924 0.00187901
  451 450.5 4.35368 0.00188962
  452 451.5 4.35468 0.00189005
  453 452.5 4.37357 0.00189825
  454 453.5 4.42978 0.00192265
  455 454.5 4.50257 0.00195424
  456 455.5 4.51281 0.00195868
  457 456.5 4.53879 0.00196996
  458 457.5 4.55284 0.00197606
  459 458.5 4.54816 0.00197403
  460 459.5 4.56852 0.00198286
  461 460.5 4.60259 0.00199765
  462 461.5 4.66066 0.00202286
  463 462.5 4.74625 0.00206
  464 463.5 4.78115 0.00207515
  465 464.5 4.85941 0.00210912
  466 465.5 4.82262 0.00209315
  467 466.5 4.87183 0.00211451
  468 467.5 4.85446 0.00210697
  469 468.5 4.89832 0.00212601
  470 469.5 4.94302 0.00214541
  471 470.5 4.93252 0.00214085
  472 471.5 4.8999 0.00212669
  473 472.5 4.90472 0.00212878
  474 473.5 4.82954 0.00209616
  475 474.5 4.82834 0.00209563
  476 475.5 4.81033 0.00208782
  477 476.5 4.80443 0.00208526
  478 477.5 4.83514 0.00209858
  479 478.5 4.81916 0.00209165
  480 479.5 4.83924 0.00210036
67500000 480 5967.999999999999
  1 0.5 4.39459 0.00190737
  2 1.5 4.3463 0.00188641
  3 2.5 4.36272 0.00189354
  4 3.5 4.36154 0.00189303
  5 4.5 4.40266 0.00191088
  6 5.5 4.39642 0.00190817
  7 6.5 4.3993 0.00190942
  8 7.5 4.38777 0.00190441
  9 8.5 4.40994 0.00191403
  10 9.5 4.42606 0.00192103
  11 10.5 4.40018 0.0019098
  12 11.5 4.33214 0.00188027
  13 12.5 4.33356 0.00188089
  14 13.5 4.34773 0.00188703
  15 14.5 4.36934 0.00189641
  16 15.5 4.40359 0.00191128
  17 16.5 4.43374 0.00192437
  18 17.5 4.47313 0.00194146
  19 18.5 4.49921 0.00195278
  20 19.5 4.51208 0.00195837
  21 20.5 4.59372 0.0019938
  22 21.5 4.61582 0.0020034
  23 22.5 4.60982 0.00200079
  24 23.5 4.63212 0.00201047
  25 24.5 4.64971 0.0020181
  26 25.5 4.65708 0.0020213
  27 26.5 4.68968 0.00203545
  28 27.5 4.77417 0.00207212
  29 28.5 4.81208 0.00208858
  30 29.5 4.84526 0.00210298
  31 30.5 4.89652 0.00212523
  32 31.5 4.92114 0.00213591
  33 32.5 4.95159 0.00214913
  34 33.5 4.99537 0.00216813
  35 34.5 4.99927 0.00216982
  36 35.5 5.02672 0.00218174
  37 36.5 5.08571 0.00220734
  38 37.5 5.10647 0.00221635
  39 38.5 5.11136 0.00221847
  40 39.5 5.09078 0.00220954
  41 40.5 5.06908 0.00220012
  42 41.5 5.04195 0.00218835
  43 42.5 5.00765 0.00217346
  44 43.5 4.98593 0.00216403
  45 44.5 4.92437 0.00213731
  46 45.5 4.8455 0.00210308
  47 46.5 4.79162 0.00207969
  48 47.5 4.71039 0.00204444
  49 48.5 4.59478 0.00199426
  50 49.5 4.48411 0.00194623
  51 50.5 4.32466 0.00187702
  52 51.5 4.12354 0.00178973
  53 52.5 3.8594 0.00167509
  54 53.5 3.4943 0.00151662
  55 54.5 3.10469 0.00134752
  56 55.5 2.6275 0.00114041
  57 56.5 2.1771 0.00094492
  58 57.5 1.71583 0.000744719
  59 58.5 1.29253 0.000560993
  60 59.5 0.9274 0.000402517
  61 60.5 0.669144 0.000290427
  62 61.5 0.468704 0.000203431
  63 62.5 0.341336 0.000148149
  64 63.5 0.267464 0.000116087
  65 64.5 0.217392 9.43542e-05
  66 65.5 0.185608 8.0559e-05
  67 66.5 0.164576 7.14306e-05
  68 67.5 0.147304 6.3934e-05
  69 68.5 0.13176 5.71875e-05
  70 69.5 0.134888 5.85451e-05
  71 70.5 0.125232 5.43542e-05
  72 71.5 0.12368 5.36806e-05
  73 72.5 0.116848 5.07153e-05
  74 73.5 0.122456 5.31493e-05
  75 74.5 0.119136 5.17083e-05
  76 75.5 0.119792 5.19931e-05
  77 76.5 0.120536 5.2316e-05
  78 77.5 0.121984 5.29444e-05
  79 78.5 0.122344 5.31007e-05
  80 79.5 0.12304 5.34028e-05
  81 80.5 0.125024 5.42639e-05
  82 81.5 0.12148 5.27257e-05
  83 82.5 0.12412 5.38715e-05
  84 83.5 0.117912 5.11771e-05
  85 84.5 0.121152 5.25833e-05
  86 85.5 0.118312 5.13507e-05
  87 86.5 0.118192 5.12986e-05
  88 87.5 0.118576 5.14653e-05
  89 88.5 0.116952 5.07604e-05
  90 89.5 0.117784 5.11215e-05
  91 90.5 0.119888 5.20347e-05
  92 91.5 0.118536 5.14479e-05
  93 92.5 0.121664 5.28056e-05
  94 93.5 0.128504 5.57743e-05
  95 94.5 0.127392 5.52917e-05
  96 95.5 0.123112 5.3434e-05
  97 96.5 0.122552 5.3191e-05
  98 97.5 0.128128 5.56111e-05
  99 98.5 0.126392 5.48576e-05
  100 99.5 0.124776 5.41562e-05
  101 100.5 0.12544 5.44444e-05
  102 101.5 0.130168 5.64965e-05
  103 102.5 0.128952 5.59688e-05
  104 103.5 0.125408 5.44306e-05
  105 104.5 0.127192 5.52049e-05
  106 105.5 0.125456 5.44514e-05
  107 106.5 0.126224 5.47847e-05
  108 107.5 0.123888 5.37708e-05
  109 108.5 0.125312 5.43889e-05
  110 109.5 0.124744 5.41424e-05
  111 110.5 0.122312 5.30868e-05
  112 111.5 0.116712 5.06563e-05
  113 112.5 0.12108 5.25521e-05
  114 113.5 0.118064 5.12431e-05
  115 114.5 0.119008 5.16528e-05
  116 115.5 0.116064 5.0375e-05
  117 116.5 0.11408 4.95139e-05
  118 117.5 0.116264 5.04618e-05
  119 118.5 0.11728 5.09028e-05
  120 119.5 0.118152 5.12813e-05
  121 120.5 0.118352 5.13681e-05
  122 121.5 0.11952 5.1875e-05
  123 122.5 0.118008 5.12188e-05
  124 123.5 0.11448 4.96875e-05
  125 124.5 0.115792 5.02569e-05
  126 125.5 0.121112 5.2566e-05
  127 126.5 0.114176 4.95556e-05
  128 127.5 0.112912 4.90069e-05
  129 128.5 0.113944 4.94549e-05
  130 129.5 0.110912 4.81389e-05
  131 130.5 0.119208 5.17396e-05
  132 131.5 0.123328 5.35278e-05
  133 132.5 0.125248 5.43611e-05
  134 133.5 0.11904 5.16667e-05
  135 134.5 0.118048 5.12361e-05
  136 135.5 0.115608 5.01771e-05
  137 136.5 0.118408 5.13924e-05
  138 137.5 0.118008 5.12188e-05
  139 138.5 0.1212 5.26042e-05
  140 139.5 0.12044 5.22743e-05
  141 140.5 0.115632 5.01875e-05
  142 141.5 0.12016 5.21528e-05
  143 142.5 0.120016 5.20903e-05
  144 143.5 0.125296 5.43819e-05
  145 144.5 0.12416 5.38889e-05
  146 145.5 0.127528 5.53507e-05
  147 146.5 0.126624 5.49583e-05
  148 147.5 0.126688 5.49861e-05
  149 148.5 0.122848 5.33194e-05
  150 149.5 0.125472 5.44583e-05
  151 150.5 0.131056 5.68819e-05
  152 151.5 0.12924 5.60937e-05
  153 152.5 0.126288 5.48125e-05
  154 153.5 0.128656 5.58403e-05
  155 154.5 0.125792 5.45972e-05
  156 155.5 0.123424 5.35694e-05
  157 156.5 0.121976 5.2941e-05
  158 157.5 0.124128 5.3875e-05
  159 158.5 0.12392 5.37847e-05
  160 159.5 0.124968 5.42396e-05
  161 160.5 0.125472 5.44583e-05
  162 161.5 0.129 5.59896e-05
  163 162.5 0.127008 5.5125e-05
  164 163.5 0.122728 5.32674e-05
  165 164.5 0.125008 5.42569e-05
  166 165.5 0.121408 5.26944e-05
  167 166.5 0.120584 5.23368e-05
  168 167.5 0.117352 5.0934e-05
  169 168.5 0.119528 5.18785e-05
  170 169.5 0.118176 5.12917e-05
  171 170.5 0.116896 5.07361e-05
  172 171.5 0.118384 5.13819e-05
  173 172.5 0.115112 4.99618e-05
  174 173.5 0.117104 5.08264e-05
  175 174.5 0.1222 5.30382e-05
  176 175.5 0.122088 5.29896e-05
  177 176.5 0.11796 5.11979e-05
  178 177.5 0.118864 5.15903e-05
  179 178.5 0.116224 5.04444e-05
  180 179.5 0.116472 5.05521e-05
  181 180.5 0.118504 5.1434e-05
  182 181.5 0.12216 5.30208e-05
  183 182.5 0.11988 5.20313e-05
  184 183.5 0.1216 5.27778e-05
  185 184.5 0.121624 5.27882e-05
  186 185.5 0.120616 5.23507e-05
  187 186.5 0.122912 5.33472e-05
  188 187.5 0.1228 5.32986e-05
  189 188.5 0.118104 5.12604e-05
  190 189.5 0.1174 5.09549e-05
  191 190.5 0.120696 5.23854e-05
  192 191.5 0.12656 5.49306e-05
  193 192.5 0.1214 5.2691e-05
  194 193.5 0.123056 5.34097e-05
  195 194.5 0.122352 5.31042e-05
  196 195.5 0.1228 5.32986e-05
  197 196.5 0.124408 5.39965e-05
  198 197.5 0.121656 5.28021e-05
  199 198.5 0.12764 5.53993e-05
  200 199.5 0.12836 5.57118e-05
  201 200.5 0.135392 5.87639e-05
  202 201.5 0.148504 6.44549e-05
  203 202.5 0.16492 7.15799e-05
  204 203.5 0.193736 8.40868e-05
  205 204.5 0.235792 0.00010234
  206 205.5 0.30684 0.000133177
  207 206.5 0.411896 0.000178774
  208 207.5 0.58268 0.000252899
  209 208.5 0.823264 0.000357319
  210 209.5 1.14601 0.000497399
  211 210.5 1.56162 0.000677785
  212 211.5 2.03651 0.000883903
  213 212.5 2.56498 0.00111327
  214 213.5 3.12175 0.00135493
  215 214.5 3.60815 0.00156604
  216 215.5 4.06556 0.00176457
  217 216.5 4.46862 0.0019395
  218 217.5 4.82692 0.00209502
  219 218.5 5.17118 0.00224444
  220 219.5 5.50638 0.00238992
  221 220.5 5.91494 0.00256725
  222 221.5 6.4223 0.00278745
  223 222.5 6.99706 0.00303692
  224 223.5 7.69566 0.00334013
  225 224.5 8.52118 0.00369843
  226 225.5 9.46109 0.00410637
  227 226.5 10.5438 0.00457631
  228 227.5 11.8397 0.00513876
  229 228.5 13.2835 0.00576542
  230 229.5 14.7552 0.00640415
  231 230.5 16.3136 0.00708055
  232 231.5 18.068 0.00784203
  233 232.5 19.7094 0.00855442
  234 233.5 21.236 0.00921701
  235 234.5 22.7627 0.00987963
  236 235.5 24.3074 0.0105501
  237 236.5 25.5927 0.0111079
  238 237.5 26.7893 0.0116273
  239 238.5 27.8622 0.012093
  240 239.5 28.8129 0.0125056
  241 240.5 29.478 0.0127943
  242 241.5 30.0982 0.0130634
  243 242.5 30.7215 0.013334
  244 243.5 31.0479 0.0134756
  245 244.5 31.2872 0.0135795
  246 245.5 31.6137 0.0137212
  247 246.5 31.8453 0.0138217
  248 247.5 31.8384 0.0138188
  249 248.5 32.0277 0.0139009
  250 249.5 32.1839 0.0139687
  251 250.5 32.2284 0.013988
  252 251.5 32.3618 0.0140459
  253 252.5 32.4068 0.0140654
  254 253.5 32.4136 0.0140684
  255 254.5 32.5184 0.0141139
  256 255.5 32.5932 0.0141463
  257 256.5 32.5657 0.0141344
  258 257.5 32.5181 0.0141137
  259 258.5 32.499 0.0141055
  260 259.5 32.5857 0.0141431
  261 260.5 32.4715 0.0140935
  262 261.5 32.4343 0.0140774
  263 262.5 32.4955 0.014104
  264 263.5 32.44 0.0140798
  265 264.5 32.411 0.0140673
  266 265.5 32.399 0.0140621
  267 266.5 32.4105 0.0140671
  268 267.5 32.2899 0.0140147
  269 268.5 32.3645 0.0140471
  270 269.5 32.3775 0.0140527
  271 270.5 32.2995 0.0140189
  272 271.5 32.3847 0.0140559
  273 272.5 32.3681 0.0140487
  274 273.5 32.4244 0.0140731
  275 274.5 32.3683 0.0140488
  276 275.5 32.488 0.0141007
  277 276.5 32.3886 0.0140575
  278 277.5 32.264 0.0140035
  279 278.5 32.365 0.0140473
  280 279.5 32.3866 0.0140567
  281 280.5 32.2966 0.0140176
  282 281.5 32.2601 0.0140018
  283 282.5 32.4304 0.0140757
  284 283.5 32.4216 0.0140719
  285 284.5 32.3954 0.0140605
  286 285.5 32.4256 0.0140736
  287 286.5 32.498 0.014105
  288 287.5 32.4219 0.014072
  289 288.5 32.491 0.014102
  290 289.5 32.5454 0.0141256
  291 290.5 32.522 0.0141155
  292 291.5 32.4277 0.0140745
  293 292.5 32.5618 0.0141327
  294 293.5 32.5469 0.0141262
  295 294.5 32.3826 0.0140549
  296 295.5 32.4848 0.0140993
  297 296.5 32.468 0.014092
  298 297.5 32.4851 0.0140994
  299 298.5 32.4766 0.0140957
  300 299.5 32.5422 0.0141242
  301 300.5 32.5475 0.0141265
  302 301.5 32.6398 0.0141666
  303 302.5 32.7532 0.0142158
  304 303.5 32.7136 0.0141986
  305 304.5 32.6234 0.0141595
  306 305.5 32.6854 0.0141864
  307 306.5 32.8422 0.0142544
  308 307.5 32.7453 0.0142124
  309 308.5 32.7886 0.0142312
  310 309.5 32.8959 0.0142777
  311 310.5 32.9454 0.0142992
  312 311.5 32.9659 0.0143081
  313 312.5 33.0073 0.0143261
  314 313.5 33.1875 0.0144043
  315 314.5 33.1421 0.0143846
  316 315.5 33.1775 0.0144
  317 316.5 33.1865 0.0144039
  318 317.5 33.3245 0.0144637
  319 318.5 33.3128 0.0144587
  320 319.5 33.339 0.01447
  321 320.5 33.4233 0.0145066
  322 321.5 33.4754 0.0145293
  323 322.5 33.39 0.0144922
  324 323.5 33.4461 0.0145165
  325 324.5 33.4824 0.0145323
  326 325.5 33.5414 0.0145579
  327 326.5 33.4705 0.0145271
  328 327.5 33.6121 0.0145886
  329 328.5 33.5413 0.0145578
  330 329.5 33.511 0.0145447
  331 330.5 33.5154 0.0145466
  332 331.5 33.5541 0.0145634
  333 332.5 33.4498 0.0145181
  334 333.5 33.4275 0.0145085
  335 334.5 33.4094 0.0145006
  336 335.5 33.3612 0.0144797
  337 336.5 33.4498 0.0145181
  338 337.5 33.3546 0.0144768
  339 338.5 33.3127 0.0144586
  340 339.5 33.3257 0.0144643
  341 340.5 33.311 0.0144579
  342 341.5 33.2587 0.0144352
  343 342.5 33.2465 0.0144299
  344 343.5 33.1673 0.0143955
  345 344.5 33.1892 0.014405
  346 345.5 33.1825 0.0144021
  347 346.5 33.1067 0.0143692
  348 347.5 33.1576 0.0143913
  349 348.5 33.1381 0.0143829
  350 349.5 33.057 0.0143476
  351 350.5 33.0761 0.014356
  352 351.5 33.149 0.0143876
  353 352.5 33.134 0.0143811
  354 353.5 33.198 0.0144089
  355 354.5 33.21 0.0144141
  356 355.5 33.2054 0.0144121
  357 356.5 33.0526 0.0143457
  358 357.5 33.2252 0.0144206
  359 358.5 33.3086 0.0144569
  360 359.5 33.1892 0.014405
  361 360.5 33.325 0.014464
  362 361.5 33.1946 0.0144074
  363 362.5 33.2312 0.0144233
  364 363.5 33.0497 0.0143445
  365 364.5 33.1171 0.0143737
  366 365.5 32.9845 0.0143162
  367 366.5 33.031 0.0143364
  368 367.5 32.9232 0.0142896
  369 368.5 32.8759 0.0142691
  370 369.5 32.826 0.0142474
  371 370.5 32.7564 0.0142172
  372 371.5 32.6314 0.014163
  373 372.5 32.6752 0.014182
  374 373.5 32.5994 0.014149
  375 374.5 32.3634 0.0140466
  376 375.5 32.3126 0.0140246
  377 376.5 32.1086 0.013936
  378 377.5 31.8724 0.0138335
  379 378.5 31.4945 0.0136695
  380 379.5 31.2575 0.0135666
  381 380.5 30.6347 0.0132963
  382 381.5 30.0468 0.0130412
  383 382.5 29.2448 0.012693
  384 383.5 28.3835 0.0123192
  385 384.5 27.2452 0.0118252
  386 385.5 25.9988 0.0112842
  387 386.5 24.4721 0.0106216
  388 387.5 22.9546 0.00996292
  389 388.5 21.2422 0.00921971
  390 389.5 19.4367 0.00843607
  391 390.5 17.5872 0.00763333
  392 391.5 15.7829 0.00685022
  393 392.5 14.1185 0.00612782
  394 393.5 12.533 0.00543968
  395 394.5 11.1259 0.00482897
  396 395.5 9.90734 0.00430006
  397 396.5 8.90782 0.00386624
  398 397.5 8.05688 0.00349691
  399 398.5 7.3725 0.00319987
  400 399.5 6.82751 0.00296333
  401 400.5 6.33767 0.00275073
  402 401.5 5.94052 0.00257835
  403 402.5 5.666 0.0024592
  404 403.5 5.39592 0.00234198
  405 404.5 5.20768 0.00226028
  406 405.5 5.06023 0.00219628
  407 406.5 4.94164 0.00214481
  408 407.5 4.83483 0.00209845
  409 408.5 4.76301 0.00206728
  410 409.5 4.71998 0.0020486
  411 410.5 4.65981 0.00202249
  412 411.5 4.64046 0.00201409
  413 412.5 4.65784 0.00202163
  414 413.5 4.62702 0.00200826
  415 414.5 4.62287 0.00200645
  416 415.5 4.60175 0.00199729
  417 416.5 4.57251 0.0019846
  418 417.5 4.57766 0.00198683
  419 418.5 4.5264 0.00196458
  420 419.5 4.54451 0.00197244
  421 420.5 4.55598 0.00197742
  422 421.5 4.58888 0.0019917
  423 422.5 4.59651 0.00199501
  424 423.5 4.596 0.00199479
  425 424.5 4.59858 0.00199591
  426 425.5 4.59719 0.00199531
  427 426.5 4.6015 0.00199718
  428 427.5 4.64819 0.00201744
  429 428.5 4.64705 0.00201695
  430 429.5 4.6562 0.00202092
  431 430.5 4.6593 0.00202227
  432 431.5 4.64989 0.00201818
  433 432.5 4.63354 0.00201109
  434 433.5 4.61323 0.00200227
  435 434.5 4.61486 0.00200298
  436 435.5 4.65996 0.00202255
  437 436.5 4.61175 0.00200163
  438 437.5 4.58444 0.00198977
  439 438.5 4.57533 0.00198582
  440 439.5 4.61057 0.00200111
  441 440.5 4.63629 0.00201228
  442 441.5 4.63881 0.00201337
  443 442.5 4.6509 0.00201862
  444 443.5 4.63482 0.00201164
  445 444.5 4.58554 0.00199025
  446 445.5 4.60902 0.00200044
  447 446.5 4.58818 0.0019914
  448 447.5 4.55587 0.00197737
  449 448.5 4.57862 0.00198725
  450 449.5 4.57361 0.00198507
  451 450.5 4.56042 0.00197935
  452 451.5 4.53012 0.0019662
  453 452.5 4.44849 0.00193077
  454 453.5 4.48009 0.00194448
  455 454.5 4.4635 0.00193728
  456 455.5 4.45718 0.00193454
  457 456.5 4.45297 0.00193271
  458 457.5 4.47969 0.00194431
  459 458.5 4.47498 0.00194226
  460 459.5 4.42926 0.00192242
  461 460.5 4.4509 0.00193182
  462 461.5 4.45698 0.00193445
  463 462.5 4.45498 0.00193358
  464 463.5 4.41486 0.00191617
  465 464.5 4.44124 0.00192762
  466 465.5 4.41265 0.00191521
  467 466.5 4.41767 0.00191739
  468 467.5 4.43382 0.0019244
  469 468.5 4.42591 0.00192097
  470 469.5 4.4341 0.00192452
  471 470.5 4.3857 0.00190352
  472 471.5 4.39129 0.00190594
  473 472.5 4.4229 0.00191966
  474 473.5 4.42303 0.00191972
  475 474.5 4.43479 0.00192482
  476 475.5 4.47418 0.00194192
  477 476.5 4.44142 0.0019277
  478 477.5 4.4307 0.00192305
  479 478.5 4.4313 0.00192331
  480 479.5 4.44354 0.00192862
70000000 480 5967.999999999998
  1 0.5 4.33332 0.00188078
  2 1.5 4.33164 0.00188005
  3 2.5 4.36245 0.00189342
  4 3.5 4.36752 0.00189562
  5 4.5 4.40933 0.00191377
  6 5.5 4.45546 0.00193379
  7 6.5 4.46676 0.0019387
  8 7.5 4.55653 0.00197766
  9 8.5 4.63071 0.00200986
  10 9.5 4.66234 0.00202358
  11 10.5 4.71081 0.00204462
  12 11.5 4.73648 0.00205576
  13 12.5 4.74708 0.00206036
  14 13.5 4.79709 0.00208207
  15 14.5 4.76603 0.00206859
  16 15.5 4.70228 0.00204092
  17 16.5 4.61658 0.00200372
  18 17.5 4.58142 0.00198847
  19 18.5 4.56798 0.00198263
  20 19.5 4.56758 0.00198245
  21 20.5 4.57065 0.00198379
  22 21.5 4.56366 0.00198075
  23 22.5 4.56993 0.00198348
  24 23.5 4.51922 0.00196147
  25 24.5 4.46464 0.00193778
  26 25.5 4.46734 0.00193895
  27 26.5 4.4673 0.00193893
  28 27.5 4.53925 0.00197016
  29 28.5 4.54822 0.00197406
  30 29.5 4.63891 0.00201342
  31 30.5 4.71328 0.00204569
  32 31.5 4.72722 0.00205174
  33 32.5 4.72745 0.00205184
  34 33.5 4.71158 0.00204496
  35 34.5 4.67317 0.00202828
  36 35.5 4.67717 0.00203002
  37 36.5 4.63034 0.0020097
  38 37.5 4.58462 0.00198985
  39 38.5 4.53076 0.00196648
  40 39.5 4.49221 0.00194974
  41 40.5 4.47054 0.00194034
  42 41.5 4.49485 0.00195089
  43 42.5 4.50334 0.00195457
  44 43.5 4.50358 0.00195468
  45 44.5 4.47078 0.00194044
  46 45.5 4.46918 0.00193975
  47 46.5 4.42512 0.00192063
  48 47.5 4.4211 0.00191888
  49 48.5 4.41544 0.00191642
  50 49.5 4.36003 0.00189237
  51 50.5 4.29596 0.00186457
  52 51.5 4.18489 0.00181636
  53 52.5 4.0017 0.00173685
  54 53.5 3.77065 0.00163657
  55 54.5 3.45567 0.00149986
  56 55.5 3.02958 0.00131492
  57 56.5 2.59046 0.00112433
  58 57.5 2.14346 0.000930319
  59 58.5 1.68321 0.000730559
  60 59.5 1.26962 0.000551052
  61 60.5 0.938528 0.000407347
  62 61.5 0.681216 0.000295667
  63 62.5 0.488 0.000211806
  64 63.5 0.345768 0.000150073
  65 64.5 0.25792 0.000111944
  66 65.5 0.203992 8.85382e-05
  67 66.5 0.176728 7.67049e-05
  68 67.5 0.159016 6.90174e-05
  69 68.5 0.140112 6.08125e-05
  70 69.5 0.138232 5.99965e-05
  71 70.5 0.13628 5.91493e-05
  72 71.5 0.134272 5.82778e-05
  73 72.5 0.13436 5.8316e-05
  74 73.5 0.12432 5.39583e-05
  75 74.5 0.121984 5.29444e-05
  76 75.5 0.11648 5.05556e-05
  77 76.5 0.123008 5.33889e-05
  78 77.5 0.11948 5.18576e-05
  79 78.5 0.118744 5.15382e-05
  80 79.5 0.120016 5.20903e-05
  81 80.5 0.117536 5.10139e-05
  82 81.5 0.117264 5.08958e-05
  83 82.5 0.11872 5.15278e-05
  84 83.5 0.121536 5.275e-05
  85 84.5 0.116608 5.06111e-05
  86 85.5 0.117408 5.09583e-05
  87 86.5 0.114248 4.95868e-05
  88 87.5 0.116152 5.04132e-05
  89 88.5 0.116288 5.04722e-05
  90 89.5 0.116376 5.05104e-05
  91 90.5 0.113824 4.94028e-05
  92 91.5 0.117184 5.08611e-05
  93 92.5 0.118024 5.12257e-05
  94 93.5 0.120256 5.21944e-05
  95 94.5 0.117896 5.11701e-05
  96 95.5 0.122336 5.30972e-05
  97 96.5 0.119008 5.16528e-05
  98 97.5 0.116488 5.0559e-05
  99 98.5 0.117288 5.09063e-05
  100 99.5 0.121744 5.28403e-05
  101 100.5 0.125216 5.43472e-05
  102 101.5 0.122744 5.32743e-05
  103 102.5 0.126224 5.47847e-05
  104 103.5 0.125952 5.46667e-05
  105 104.5 0.124608 5.40833e-05
  106 105.5 0.116856 5.07188e-05
  107 106.5 0.11532 5.00521e-05
  108 107.5 0.119176 5.17257e-05
  109 108.5 0.116728 5.06632e-05
  110 109.5 0.115976 5.03368e-05
  111 110.5 0.118784 5.15556e-05
  112 111.5 0.118112 5.12639e-05
  113 112.5 0.116856 5.07188e-05
  114 113.5 0.121016 5.25243e-05
  115 114.5 0.122688 5.325e-05
  116 115.5 0.122272 5.30694e-05
  117 116.5 0.126312 5.48229e-05
  118 117.5 0.127816 5.54757e-05
  119 118.5 0.125504 5.44722e-05
  120 119.5 0.124016 5.38264e-05
  121 120.5 0.122824 5.3309e-05
  122 121.5 0.119888 5.20347e-05
  123 122.5 0.116856 5.07188e-05
  124 123.5 0.113856 4.94167e-05
  125 124.5 0.116744 5.06701e-05
  126 125.5 0.121376 5.26806e-05
  127 126.5 0.121232 5.26181e-05
  128 127.5 0.121 5.25174e-05
  129 128.5 0.122992 5.33819e-05
  130 129.5 0.121952 5.29306e-05
  131 130.5 0.12432 5.39583e-05
  132 131.5 0.118 5.12153e-05
  133 132.5 0.113248 4.91528e-05
  134 133.5 0.113752 4.93715e-05
  135 134.5 0.119312 5.17847e-05
  136 135.5 0.121552 5.27569e-05
  137 136.5 0.120264 5.21979e-05
  138 137.5 0.116768 5.06806e-05
  139 138.5 0.110568 4.79896e-05
  140 139.5 0.115024 4.99236e-05
  141 140.5 0.11544 5.01042e-05
  142 141.5 0.118064 5.12431e-05
  143 142.5 0.117712 5.10903e-05
  144 143.5 0.123104 5.34306e-05
  145 144.5 0.120472 5.22882e-05
  146 145.5 0.12476 5.41493e-05
  147 146.5 0.124952 5.42326e-05
  148 147.5 0.12428 5.3941e-05
  149 148.5 0.125136 5.43125e-05
  150 149.5 0.130216 5.65174e-05
  151 150.5 0.134024 5.81701e-05
  152 151.5 0.130144 5.64861e-05
  153 152.5 0.133464 5.79271e-05
  154 153.5 0.130576 5.66736e-05
  155 154.5 0.129368 5.61493e-05
  156 155.5 0.129488 5.62014e-05
  157 156.5 0.129456 5.61875e-05
  158 157.5 0.126168 5.47604e-05
  159 158.5 0.123336 5.35312e-05
  160 159.5 0.1248 5.41667e-05
  161 160.5 0.123792 5.37292e-05
  162 161.5 0.124096 5.38611e-05
  163 162.5 0.128512 5.57778e-05
  164 163.5 0.128488 5.57674e-05
  165 164.5 0.121984 5.29444e-05
  166 165.5 0.12872 5.58681e-05
  167 166.5 0.128056 5.55799e-05
  168 167.5 0.1284 5.57292e-05
  169 168.5 0.12372 5.36979e-05
  170 169.5 0.129712 5.62986e-05
  171 170.5 0.125936 5.46597e-05
  172 171.5 0.12464 5.40972e-05
  173 172.5 0.121224 5.26146e-05
  174 173.5 0.121912 5.29132e-05
  175 174.5 0.122072 5.29826e-05
  176 175.5 0.12092 5.24826e-05
  177 176.5 0.123368 5.35451e-05
  178 177.5 0.122688 5.325e-05
  179 178.5 0.121672 5.2809e-05
  180 179.5 0.120568 5.23299e-05
  181 180.5 0.122832 5.33125e-05
  182 181.5 0.124136 5.38785e-05
  183 182.5 0.125464 5.44549e-05
  184 183.5 0.127816 5.54757e-05
  185 184.5 0.122984 5.33785e-05
  186 185.5 0.12596 5.46701e-05
  187 186.5 0.125808 5.46042e-05
  188 187.5 0.125656 5.45382e-05
  189 188.5 0.126816 5.50417e-05
  190 189.5 0.12784 5.54861e-05
  191 190.5 0.1292 5.60764e-05
  192 191.5 0.1228 5.32986e-05
  193 192.5 0.119576 5.18993e-05
  194 193.5 0.122064 5.29792e-05
  195 194.5 0.120472 5.22882e-05
  196 195.5 0.123736 5.37049e-05
  197 196.5 0.119448 5.18438e-05
  198 197.5 0.124312 5.39549e-05
  199 198.5 0.129656 5.62743e-05
  200 199.5 0.132584 5.75451e-05
  201 200.5 0.13368 5.80208e-05
  202 201.5 0.138192 5.99792e-05
  203 202.5 0.147752 6.41285e-05
  204 203.5 0.161672 7.01701e-05
  205 204.5 0.1894 8.22049e-05
  206 205.5 0.230504 0.000100045
  207 206.5 0.296864 0.000128847
  208 207.5 0.404288 0.000175472
  209 208.5 0.567464 0.000246295
  210 209.5 0.809848 0.000351497
  211 210.5 1.13925 0.000494465
  212 211.5 1.54807 0.000671906
  213 212.5 2.01233 0.000873406
  214 213.5 2.54734 0.00110561
  215 214.5 3.09033 0.00134129
  216 215.5 3.60362 0.00156407
  217 216.5 4.09747 0.00177842
  218 217.5 4.57428 0.00198536
  219 218.5 4.94369 0.0021457
  220 219.5 5.32113 0.00230952
  221 220.5 5.73116 0.00248748
  222 221.5 6.12697 0.00265927
  223 222.5 6.66597 0.00289322
  224 223.5 7.3021 0.00316932
  225 224.5 8.05214 0.00349485
  226 225.5 8.95338 0.00388602
  227 226.5 9.99086 0.00433631
  228 227.5 11.1392 0.00483474
  229 228.5 12.5005 0.00542558
  230 229.5 14.0265 0.00608791
  231 230.5 15.6909 0.00681027
  232 231.5 17.4168 0.00755938
  233 232.5 19.3194 0.00838515
  234 233.5 21.1339 0.00917272
  235 234.5 22.8744 0.00992813
  236 235.5 24.3592 0.0105726
  237 236.5 25.7617 0.0111813
  238 237.5 27.1124 0.0117675
  239 238.5 28.076 0.0121858
  240 239.5 28.9568 0.012568
  241 240.5 29.8085 0.0129377
  242 241.5 30.3861 0.0131884
  243 242.5 30.7219 0.0133341
  244 243.5 31.0338 0.0134695
  245 244.5 31.4237 0.0136388
  246 245.5 31.6545 0.0137389
  247 246.5 31.8777 0.0138358
  248 247.5 32.0107 0.0138935
  249 248.5 32.2432 0.0139945
  250 249.5 32.3579 0.0140442
  251 250.5 32.3468 0.0140394
  252 251.5 32.4911 0.014102
  253 252.5 32.5497 0.0141275
  254 253.5 32.5604 0.0141321
  255 254.5 32.6819 0.0141849
  256 255.5 32.7158 0.0141996
  257 256.5 32.639 0.0141662
  258 257.5 32.6779 0.0141831
  259 258.5 32.7573 0.0142176
  260 259.5 32.7587 0.0142182
  261 260.5 32.781 0.0142279
  262 261.5 32.8952 0.0142774
  263 262.5 32.8599 0.0142621
  264 263.5 32.8769 0.0142695
  265 264.5 32.866 0.0142647
  266 265.5 32.9405 0.0142971
  267 266.5 32.8779 0.0142699
  268 267.5 32.806 0.0142387
  269 268.5 32.8068 0.014239
  270 269.5 32.8408 0.0142538
  271 270.5 32.8306 0.0142494
  272 271.5 32.7908 0.0142321
  273 272.5 32.8615 0.0142628
  274 273.5 32.8437 0.0142551
  275 274.5 32.8202 0.0142449
  276 275.5 32.8052 0.0142384
  277 276.5 32.9449 0.014299
  278 277.5 32.8258 0.0142473
  279 278.5 32.6921 0.0141893
  280 279.5 32.8302 0.0142492
  281 280.5 32.8696 0.0142663
  282 281.5 32.8026 0.0142372
  283 282.5 32.8745 0.0142684
  284 283.5 32.9995 0.0143227
  285 284.5 32.8622 0.0142631
  286 285.5 32.8488 0.0142573
  287 286.5 32.9551 0.0143034
  288 287.5 32.9403 0.014297
  289 288.5 32.8531 0.0142592
  290 289.5 32.8834 0.0142723
  291 290.5 32.9943 0.0143204
  292 291.5 32.8637 0.0142637
  293 292.5 32.8866 0.0142737
  294 293.5 33.0372 0.0143391
  295 294.5 32.9623 0.0143066
  296 295.5 32.8716 0.0142672
  297 296.5 32.9583 0.0143048
  298 297.5 33.0427 0.0143415
  299 298.5 32.9671 0.0143086
  300 299.5 32.9324 0.0142936
  301 300.5 32.8966 0.014278
  302 301.5 32.9778 0.0143133
  303 302.5 32.89 0.0142752
  304 303.5 32.7882 0.014231
  305 304.5 32.949 0.0143008
  306 305.5 32.8792 0.0142705
  307 306.5 32.7924 0.0142328
  308 307.5 32.7928 0.014233
  309 308.5 32.9291 0.0142921
  310 309.5 32.7485 0.0142137
  311 310.5 32.6067 0.0141522
  312 311.5 32.7765 0.0142259
  313 312.5 32.7742 0.0142249
  314 313.5 32.5841 0.0141424
  315 314.5 32.5934 0.0141464
  316 315.5 32.7369 0.0142087
  317 316.5 32.6682 0.0141789
  318 317.5 32.5664 0.0141347
  319 318.5 32.7182 0.0142006
  320 319.5 32.6795 0.0141838
  321 320.5 32.6754 0.0141821
  322 321.5 32.7408 0.0142104
  323 322.5 32.8364 0.0142519
  324 323.5 32.807 0.0142391
  325 324.5 32.8471 0.0142566
  326 325.5 32.7754 0.0142254
  327 326.5 32.9033 0.0142809
  328 327.5 32.9188 0.0142877
  329 328.5 32.8806 0.0142711
  330 329.5 32.9498 0.0143011
  331 330.5 32.9629 0.0143068
  332 331.5 33.0014 0.0143235
  333 332.5 33.0341 0.0143377
  334 333.5 33.0313 0.0143365
  335 334.5 33.1105 0.0143709
  336 335.5 33.1154 0.014373
  337 336.5 33.135 0.0143815
  338 337.5 33.1553 0.0143903
  339 338.5 33.2131 0.0144154
  340 339.5 33.1338 0.014381
  341 340.5 33.1776 0.0144
  342 341.5 33.3224 0.0144629
  343 342.5 33.3622 0.0144801
  344 343.5 33.3134 0.0144589
  345 344.5 33.3428 0.0144717
  346 345.5 33.3971 0.0144953
  347 346.5 33.3632 0.0144806
  348 347.5 33.2776 0.0144434
  349 348.5 33.1711 0.0143972
  350 349.5 33.3048 0.0144552
  351 350.5 33.2333 0.0144242
  352 351.5 33.0639 0.0143507
  353 352.5 33.1226 0.0143761
  354 353.5 33.1017 0.0143671
  355 354.5 32.875 0.0142687
  356 355.5 32.842 0.0142544
  357 356.5 32.8708 0.0142668
  358 357.5 32.7531 0.0142158
  359 358.5 32.6516 0.0141717
  360 359.5 32.664 0.0141771
  361 360.5 32.5888 0.0141445
  362 361.5 32.4183 0.0140705
  363 362.5 32.27 0.0140061
  364 363.5 32.3118 0.0140242
  365 364.5 32.3345 0.0140341
  366 365.5 32.1786 0.0139664
  367 366.5 32.237 0.0139917
  368 367.5 32.2276 0.0139877
  369 368.5 32.2143 0.0139819
  370 369.5 32.1998 0.0139756
  371 370.5 32.1982 0.0139749
  372 371.5 32.0464 0.013909
  373 372.5 32.1242 0.0139428
  374 373.5 32.069 0.0139188
  375 374.5 31.9067 0.0138484
  376 375.5 31.762 0.0137856
  377 376.5 31.6622 0.0137423
  378 377.5 31.4082 0.013632
  379 378.5 31.0487 0.013476
  380 379.5 30.6962 0.013323
  381 380.5 30.1957 0.0131058
  382 381.5 29.614 0.0128533
  383 382.5 28.9959 0.012585
  384 383.5 28.1666 0.0122251
  385 384.5 27.2166 0.0118127
  386 385.5 26.187 0.0113659
  387 386.5 24.9794 0.0108418
  388 387.5 23.4645 0.0101843
  389 388.5 21.9534 0.0095284
  390 389.5 20.3284 0.00882311
  391 390.5 18.5216 0.0080389
  392 391.5 16.829 0.00730424
  393 392.5 15.2152 0.00660381
  394 393.5 13.6344 0.0059177
  395 394.5 12.1234 0.00526188
  396 395.5 10.8366 0.00470339
  397 396.5 9.73481 0.00422518
  398 397.5 8.70175 0.0037768
  399 398.5 7.9459 0.00344874
  400 399.5 7.29982 0.00316833
  401 400.5 6.74709 0.00292842
  402 401.5 6.26755 0.00272029
  403 402.5 5.91939 0.00256918
  404 403.5 5.67208 0.00246184
  405 404.5 5.44122 0.00236164
  406 405.5 5.28323 0.00229307
  407 406.5 5.13714 0.00222966
  408 407.5 5.04906 0.00219143
  409 408.5 4.93307 0.00214109
  410 409.5 4.80404 0.00208509
  411 410.5 4.74134 0.00205787
  412 411.5 4.73278 0.00205416
  413 412.5 4.6898 0.0020355
  414 413.5 4.66564 0.00202502
  415 414.5 4.65902 0.00202214
  416 415.5 4.66768 0.0020259
  417 416.5 4.64963 0.00201807
  418 417.5 4.68293 0.00203252
  419 418.5 4.71462 0.00204628
  420 419.5 4.7198 0.00204852
  421 420.5 4.7677 0.00206932
  422 421.5 4.79531 0.0020813
  423 422.5 4.78624 0.00207736
  424 423.5 4.79639 0.00208177
  425 424.5 4.76868 0.00206974
  426 425.5 4.73742 0.00205617
  427 426.5 4.77334 0.00207176
  428 427.5 4.80282 0.00208456
  429 428.5 4.80527 0.00208562
  430 429.5 4.7491 0.00206124
  431 430.5 4.75394 0.00206334
  432 431.5 4.72731 0.00205178
  433 432.5 4.78337 0.00207611
  434 433.5 4.84794 0.00210414
  435 434.5 4.84231 0.0021017
  436 435.5 4.83398 0.00209808
  437 436.5 4.84417 0.0021025
  438 437.5 4.85416 0.00210684
  439 438.5 4.88618 0.00212074
  440 439.5 4.83753 0.00209962
  441 440.5 4.79966 0.00208318
  442 441.5 4.76414 0.00206777
  443 442.5 4.77211 0.00207123
  444 443.5 4.78589 0.00207721
  445 444.5 4.78603 0.00207727
  446 445.5 4.73051 0.00205317
  447 446.5 4.68995 0.00203557
  448 447.5 4.67267 0.00202807
  449 448.5 4.59094 0.0019926
  450 449.5 4.56601 0.00198177
  451 450.5 4.5029 0.00195439
  452 451.5 4.47404 0.00194186
  453 452.5 4.43483 0.00192484
  454 453.5 4.40787 0.00191314
  455 454.5 4.39238 0.00190641
  456 455.5 4.4031 0.00191107
  457 456.5 4.38717 0.00190415
  458 457.5 4.40054 0.00190996
  459 458.5 4.43346 0.00192425
  460 459.5 4.45762 0.00193473
  461 460.5 4.46792 0.0019392
  462 461.5 4.4781 0.00194362
  463 462.5 4.46054 0.001936
  464 463.5 4.46538 0.0019381
  465 464.5 4.46202 0.00193664
  466 465.5 4.51398 0.00195919
  467 466.5 4.50994 0.00195744
  468 467.5 4.57655 0.00198635
  469 468.5 4.62198 0.00200607
  470 469.5 4.61327 0.00200229
  471 470.5 4.63175 0.00201031
  472 471.5 4.60907 0.00200047
  473 472.5 4.5835 0.00198937
  474 473.5 4.55282 0.00197605
  475 474.5 4.50502 0.0019553
  476 475.5 4.46743 0.00193899
  477 476.5 4.4168 0.00191701
  478 477.5 4.3867 0.00190395
  479 478.5 4.39897 0.00190927
  480 479.5 4.39038 0.00190555
72500000 480 5968
  1 0.5 4.41866 0.00191782
  2 1.5 4.47862 0.00194384
  3 2.5 4.4465 0.00192991
  4 3.5 4.4665 0.00193858
  5 4.5 4.51022 0.00195756
  6 5.5 4.51512 0.00195969
  7 6.5 4.51158 0.00195815
  8 7.5 4.50429 0.00195499
  9 8.5 4.54105 0.00197094
  10 9.5 4.57605 0.00198613
  11 10.5 4.56325 0.00198058
  12 11.5 4.57834 0.00198713
  13 12.5 4.63534 0.00201187
  14 13.5 4.64133 0.00201447
  15 14.5 4.65297 0.00201952
  16 15.5 4.68834 0.00203487
  17 16.5 4.7147 0.00204631
  18 17.5 4.73123 0.00205349
  19 18.5 4.69711 0.00203868
  20 19.5 4.73842 0.00205661
  21 20.5 4.72635 0.00205137
  22 21.5 4.69093 0.00203599
  23 22.5 4.70958 0.00204409
  24 23.5 4.68085 0.00203162
  25 24.5 4.7249 0.00205074
  26 25.5 4.77142 0.00207093
  27 26.5 4.84397 0.00210242
  28 27.5 4.85378 0.00210667
  29 28.5 4.85581 0.00210756
  30 29.5 4.89431 0.00212427
  31 30.5 4.92973 0.00213964
  32 31.5 4.91454 0.00213305
  33 32.5 4.9309 0.00214015
  34 33.5 4.93726 0.00214291
  35 34.5 4.89454 0.00212436
  36 35.5 4.87966 0.00211791
  37 36.5 4.86594 0.00211195
  38 37.5 4.84288 0.00210194
  39 38.5 4.82251 0.0020931
  40 39.5 4.77646 0.00207312
  41 40.5 4.72618 0.0020513
  42 41.5 4.7107 0.00204458
  43 42.5 4.71301 0.00204558
  44 43.5 4.70435 0.00204182
  45 44.5 4.689 0.00203516
  46 45.5 4.64554 0.00201629
  47 46.5 4.60493 0.00199867
  48 47.5 4.55437 0.00197672
  49 48.5 4.5217 0.00196255
  50 49.5 4.43466 0.00192476
  51 50.5 4.27844 0.00185696
  52 51.5 4.09325 0.00177658
  53 52.5 3.83981 0.00166658
  54 53.5 3.55918 0.00154478
  55 54.5 3.1767 0.00137878
  56 55.5 2.74026 0.00118935
  57 56.5 2.31934 0.00100666
  58 57.5 1.87305 0.000812955
  59 58.5 1.46482 0.000635771
  60 59.5 1.1183 0.000485375
  61 60.5 0.814816 0.000353653
  62 61.5 0.60924 0.000264427
  63 62.5 0.438264 0.000190219
  64 63.5 0.325912 0.000141455
  65 64.5 0.254832 0.000110604
  66 65.5 0.200504 8.70243e-05
  67 66.5 0.166168 7.21215e-05
  68 67.5 0.15188 6.59201e-05
  69 68.5 0.140296 6.08924e-05
  70 69.5 0.134856 5.85313e-05
  71 70.5 0.1288 5.59028e-05
  72 71.5 0.123136 5.34444e-05
  73 72.5 0.122272 5.30694e-05
  74 73.5 0.118736 5.15347e-05
  75 74.5 0.117864 5.11563e-05
  76 75.5 0.121256 5.26285e-05
  77 76.5 0.121448 5.27118e-05
  78 77.5 0.126584 5.4941e-05
  79 78.5 0.126256 5.47986e-05
  80 79.5 0.125712 5.45625e-05
  81 80.5 0.122968 5.33715e-05
  82 81.5 0.125952 5.46667e-05
  83 82.5 0.124392 5.39896e-05
  84 83.5 0.12236 5.31076e-05
  85 84.5 0.127392 5.52917e-05
  86 85.5 0.128104 5.56007e-05
  87 86.5 0.12496 5.42361e-05
  88 87.5 0.128864 5.59306e-05
  89 88.5 0.13124 5.69618e-05
  90 89.5 0.128912 5.59514e-05
  91 90.5 0.128592 5.58125e-05
  92 91.5 0.123168 5.34583e-05
  93 92.5 0.12668 5.49826e-05
  94 93.5 0.12896 5.59722e-05
  95 94.5 0.125472 5.44583e-05
  96 95.5 0.12204 5.29687e-05
  97 96.5 0.12568 5.45486e-05
  98 97.5 0.12928 5.61111e-05
  99 98.5 0.126984 5.51146e-05
  100 99.5 0.12088 5.24653e-05
  101 100.5 0.12184 5.28819e-05
  102 101.5 0.121632 5.27917e-05
  103 102.5 0.119904 5.20417e-05
  104 103.5 0.122976 5.3375e-05
  105 104.5 0.123248 5.34931e-05
  106 105.5 0.126152 5.47535e-05
  107 106.5 0.125648 5.45347e-05
  108 107.5 0.1236 5.36458e-05
  109 108.5 0.128816 5.59097e-05
  110 109.5 0.128304 5.56875e-05
  111 110.5 0.131704 5.71632e-05
  112 111.5 0.128664 5.58437e-05
  113 112.5 0.122496 5.31667e-05
  114 113.5 0.125688 5.45521e-05
  115 114.5 0.124192 5.39028e-05
  116 115.5 0.119528 5.18785e-05
  117 116.5 0.120904 5.24757e-05
  118 117.5 0.122208 5.30417e-05
  119 118.5 0.125152 5.43194e-05
  120 119.5 0.125624 5.45243e-05
  121 120.5 0.129048 5.60104e-05
  122 121.5 0.129 5.59896e-05
  123 122.5 0.1236 5.36458e-05
  124 123.5 0.127912 5.55174e-05
  125 124.5 0.125168 5.43264e-05
  126 125.5 0.12772 5.5434e-05
  127 126.5 0.122112 5.3e-05
  128 127.5 0.125136 5.43125e-05
  129 128.5 0.125152 5.43194e-05
  130 129.5 0.127344 5.52708e-05
  131 130.5 0.123184 5.34653e-05
  132 131.5 0.12356 5.36285e-05
  133 132.5 0.122824 5.3309e-05
  134 133.5 0.126968 5.51076e-05
  135 134.5 0.124344 5.39688e-05
  136 135.5 0.124744 5.41424e-05
  137 136.5 0.123688 5.3684e-05
  138 137.5 0.122752 5.32778e-05
  139 138.5 0.127712 5.54306e-05
  140 139.5 0.124888 5.42049e-05
  141 140.5 0.12552 5.44792e-05
  142 141.5 0.12828 5.56771e-05
  143 142.5 0.122992 5.33819e-05
  144 143.5 0.127264 5.52361e-05
  145 144.5 0.122992 5.33819e-05
  146 145.5 0.125296 5.43819e-05
  147 146.5 0.125896 5.46424e-05
  148 147.5 0.12592 5.46528e-05
  149 148.5 0.121288 5.26424e-05
  150 149.5 0.126816 5.50417e-05
  151 150.5 0.121536 5.275e-05
  152 151.5 0.126144 5.475e-05
  153 152.5 0.124416 5.4e-05
  154 153.5 0.123688 5.3684e-05
  155 154.5 0.120248 5.2191e-05
  156 155.5 0.117016 5.07882e-05
  157 156.5 0.120776 5.24201e-05
  158 157.5 0.117584 5.10347e-05
  159 158.5 0.12168 5.28125e-05
  160 159.5 0.1236 5.36458e-05
  161 160.5 0.120888 5.24687e-05
  162 161.5 0.116616 5.06146e-05
  163 162.5 0.12248 5.31597e-05
  164 163.5 0.1216 5.27778e-05
  165 164.5 0.122928 5.33542e-05
  166 165.5 0.116816 5.07014e-05
  167 166.5 0.121208 5.26076e-05
  168 167.5 0.120184 5.21632e-05
  169 168.5 0.116784 5.06875e-05
  170 169.5 0.116576 5.05972e-05
  171 170.5 0.1146 4.97396e-05
  172 171.5 0.11544 5.01042e-05
  173 172.5 0.117504 5.1e-05
  174 173.5 0.12588 5.46354e-05
  175 174.5 0.121472 5.27222e-05
  176 175.5 0.120032 5.20972e-05
  177 176.5 0.117016 5.07882e-05
  178 177.5 0.111368 4.83368e-05
  179 178.5 0.109 4.7309e-05
  180 179.5 0.115912 5.0309e-05
  181 180.5 0.116448 5.05417e-05
  182 181.5 0.108112 4.69236e-05
  183 182.5 0.111832 4.85382e-05
  184 183.5 0.110496 4.79583e-05
  185 184.5 0.110664 4.80312e-05
  186 185.5 0.114088 4.95174e-05
  187 186.5 0.113176 4.91215e-05
  188 187.5 0.114984 4.99062e-05
  189 188.5 0.117104 5.08264e-05
  190 189.5 0.114872 4.98576e-05
  191 190.5 0.11492 4.98785e-05
  192 191.5 0.110144 4.78056e-05
  193 192.5 0.114096 4.95208e-05
  194 193.5 0.118408 5.13924e-05
  195 194.5 0.118896 5.16042e-05
  196 195.5 0.121072 5.25486e-05
  197 196.5 0.124544 5.40556e-05
  198 197.5 0.123376 5.35486e-05
  199 198.5 0.12124 5.26215e-05
  200 199.5 0.129456 5.61875e-05
  201 200.5 0.13904 6.03472e-05
  202 201.5 0.154752 6.71667e-05
  203 202.5 0.171192 7.43021e-05
  204 203.5 0.195296 8.47639e-05
  205 204.5 0.239392 0.000103903
  206 205.5 0.320704 0.000139194
  207 206.5 0.428208 0.000185854
  208 207.5 0.589936 0.000256049
  209 208.5 0.83044 0.000360434
  210 209.5 1.13586 0.000492993
  211 210.5 1.51782 0.000658778
  212 211.5 1.97964 0.000859219
  213 212.5 2.44155 0.0010597
  214 213.5 2.94696 0.00127906
  215 214.5 3.48913 0.00151438
  216 215.5 3.9563 0.00171715
  217 216.5 4.39467 0.00190741
  218 217.5 4.9416 0.00214479
  219 218.5 5.43551 0.00235916
  220 219.5 5.89683 0.00255939
  221 220.5 6.49498 0.002819
  222 221.5 7.11933 0.00308999
  223 222.5 7.86738 0.00341466
  224 223.5 8.69466 0.00377373
  225 224.5 9.70306 0.0042114
  226 225.5 10.8419 0.00470569
  227 226.5 12.1309 0.00526513
  228 227.5 13.4724 0.00584741
  229 228.5 15.0215 0.00651975
  230 229.5 16.6574 0.00722979
  231 230.5 18.2782 0.00793326
  232 231.5 19.9452 0.00865678
  233 232.5 21.5471 0.00935205
  234 233.5 23.1737 0.010058
  235 234.5 24.5132 0.0106394
  236 235.5 25.8656 0.0112264
  237 236.5 26.9201 0.0116841
  238 237.5 27.9767 0.0121427
  239 238.5 28.8012 0.0125005
  240 239.5 29.5574 0.0128287
  241 240.5 30.2093 0.0131117
  242 241.5 30.7208 0.0133337
  243 242.5 31.076 0.0134878
  244 243.5 31.412 0.0136337
  245 244.5 31.7173 0.0137662
  246 245.5 31.8527 0.0138249
  247 246.5 31.9478 0.0138662
  248 247.5 32.0072 0.013892
  249 248.5 32.037 0.0139049
  250 249.5 32.0573 0.0139137
  251 250.5 32.0942 0.0139298
  252 251.5 32.1874 0.0139702
  253 252.5 32.2807 0.0140107
  254 253.5 32.3431 0.0140378
  255 254.5 32.3995 0.0140623
  256 255.5 32.4632 0.0140899
  257 256.5 32.6063 0.014152
  258 257.5 32.5104 0.0141104
  259 258.5 32.5782 0.0141399
  260 259.5 32.6021 0.0141502
  261 260.5 32.5899 0.0141449
  262 261.5 32.6176 0.0141569
  263 262.5 32.6753 0.014182
  264 263.5 32.624 0.0141597
  265 264.5 32.616 0.0141562
  266 265.5 32.7381 0.0142093
  267 266.5 32.6819 0.0141849
  268 267.5 32.5225 0.0141157
  269 268.5 32.712 0.0141979
  270 269.5 32.8238 0.0142464
  271 270.5 32.5917 0.0141457
  272 271.5 32.6329 0.0141636
  273 272.5 32.6774 0.0141829
  274 273.5 32.6374 0.0141655
  275 274.5 32.6463 0.0141694
  276 275.5 32.6122 0.0141546
  277 276.5 32.582 0.0141415
  278 277.5 32.5454 0.0141256
  279 278.5 32.5431 0.0141246
  280 279.5 32.4464 0.0140826
  281 280.5 32.5254 0.0141169
  282 281.5 32.4666 0.0140914
  283 282.5 32.3874 0.014057
  284 283.5 32.4386 0.0140793
  285 284.5 32.3362 0.0140348
  286 285.5 32.2901 0.0140148
  287 286.5 32.2702 0.0140061
  288 287.5 32.4462 0.0140826
  289 288.5 32.3019 0.0140199
  290 289.5 32.2386 0.0139925
  291 290.5 32.2292 0.0139884
  292 291.5 32.3195 0.0140276
  293 292.5 32.1408 0.01395
  294 293.5 32.2278 0.0139877
  295 294.5 32.2337 0.0139903
  296 295.5 32.2562 0.0140001
  297 296.5 32.2876 0.0140137
  298 297.5 32.3762 0.0140522
  299 298.5 32.3408 0.0140368
  300 299.5 32.2624 0.0140028
  301 300.5 32.4082 0.0140661
  302 301.5 32.2641 0.0140035
  303 302.5 32.1983 0.013975
  304 303.5 32.1772 0.0139658
  305 304.5 32.1824 0.0139681
  306 305.5 32.09 0.0139279
  307 306.5 32.0325 0.013903
  308 307.5 32.0493 0.0139103
  309 308.5 32.0372 0.013905
  310 309.5 32.0332 0.0139033
  311 310.5 32.0913 0.0139285
  312 311.5 32.1606 0.0139586
  313 312.5 32.2534 0.0139989
  314 313.5 32.3179 0.0140269
  315 314.5 32.3588 0.0140446
  316 315.5 32.5637 0.0141336
  317 316.5 32.4702 0.014093
  318 317.5 32.4984 0.0141052
  319 318.5 32.5815 0.0141413
  320 319.5 32.6369 0.0141653
  321 320.5 32.5424 0.0141243
  322 321.5 32.5926 0.0141461
  323 322.5 32.7244 0.0142033
  324 323.5 32.6119 0.0141545
  325 324.5 32.5993 0.014149
  326 325.5 32.6736 0.0141812
  327 326.5 32.6373 0.0141655
  328 327.5 32.729 0.0142053
  329 328.5 32.65 0.014171
  330 329.5 32.7425 0.0142112
  331 330.5 32.611 0.0141541
  332 331.5 32.5525 0.0141287
  333 332.5 32.516 0.0141129
  334 333.5 32.4661 0.0140912
  335 334.5 32.4206 0.0140715
  336 335.5 32.3815 0.0140545
  337 336.5 32.4618 0.0140893
  338 337.5 32.3571 0.0140439
  339 338.5 32.3797 0.0140537
  340 339.5 32.3555 0.0140432
  341 340.5 32.3793 0.0140535
  342 341.5 32.2738 0.0140077
  343 342.5 32.3637 0.0140467
  344 343.5 32.428 0.0140746
  345 344.5 32.3689 0.014049
  346 345.5 32.3843 0.0140557
  347 346.5 32.4979 0.014105
  348 347.5 32.5405 0.0141235
  349 348.5 32.5153 0.0141125
  350 349.5 32.5044 0.0141078
  351 350.5 32.6093 0.0141533
  352 351.5 32.6157 0.0141561
  353 352.5 32.5833 0.014142
  354 353.5 32.6054 0.0141517
  355 354.5 32.6364 0.0141651
  356 355.5 32.605 0.0141515
  357 356.5 32.5198 0.0141145
  358 357.5 32.6066 0.0141522
  359 358.5 32.5018 0.0141067
  360 359.5 32.4533 0.0140856
  361 360.5 32.4552 0.0140864
  362 361.5 32.4457 0.0140823
  363 362.5 32.3824 0.0140549
  364 363.5 32.3168 0.0140264
  365 364.5 32.2633 0.0140032
  366 365.5 32.251 0.0139978
  367 366.5 32.2175 0.0139833
  368 367.5 32.1971 0.0139744
  369 368.5 32.1396 0.0139495
  370 369.5 32.1863 0.0139698
  371 370.5 32.1458 0.0139522
  372 371.5 32.1042 0.0139341
  373 372.5 32.1313 0.0139459
  374 373.5 32.1124 0.0139377
  375 374.5 31.9887 0.013884
  376 375.5 31.8892 0.0138408
  377 376.5 31.784 0.0137951
  378 377.5 31.5514 0.0136942
  379 378.5 31.2232 0.0135517
  380 379.5 30.9026 0.0134126
  381 380.5 30.4318 0.0132083
  382 381.5 29.8053 0.0129363
  383 382.5 29.253 0.0126966
  384 383.5 28.5186 0.0123778
  385 384.5 27.5668 0.0119648
  386 385.5 26.5892 0.0115405
  387 386.5 25.5608 0.0110941
  388 387.5 24.1652 0.0104884
  389 388.5 22.6906 0.00984836
  390 389.5 21.1235 0.00916817
  391 390.5 19.6063 0.00850966
  392 391.5 17.8974 0.00776798
  393 392.5 16.2522 0.00705391
  394 393.5 14.6454 0.00635653
  395 394.5 13.1127 0.00569127
  396 395.5 11.7635 0.00510568
  397 396.5 10.5562 0.00458166
  398 397.5 9.5384 0.00413993
  399 398.5 8.65585 0.00375688
  400 399.5 7.88913 0.0034241
  401 400.5 7.24439 0.00314427
  402 401.5 6.73152 0.00292167
  403 402.5 6.30175 0.00273514
  404 403.5 5.9521 0.00258338
  405 404.5 5.64744 0.00245115
  406 405.5 5.42726 0.00235558
  407 406.5 5.24702 0.00227735
  408 407.5 5.06152 0.00219684
  409 408.5 4.93802 0.00214324
  410 409.5 4.92309 0.00213676
  411 410.5 4.90656 0.00212958
  412 411.5 4.82035 0.00209217
  413 412.5 4.73315 0.00205432
  414 413.5 4.71004 0.00204429
  415 414.5 4.67979 0.00203116
  416 415.5 4.62301 0.00200651
  417 416.5 4.56923 0.00198317
  418 417.5 4.54335 0.00197194
  419 418.5 4.49621 0.00195148
  420 419.5 4.50704 0.00195618
  421 420.5 4.51037 0.00195763
  422 421.5 4.54319 0.00197187
  423 422.5 4.48978 0.00194869
  424 423.5 4.48019 0.00194453
  425 424.5 4.42903 0.00192232
  426 425.5 4.41021 0.00191415
  427 426.5 4.36664 0.00189524
  428 427.5 4.34275 0.00188488
  429 428.5 4.30689 0.00186931
  430 429.5 4.23155 0.00183661
  431 430.5 4.22242 0.00183265
  432 431.5 4.25731 0.00184779
  433 432.5 4.24502 0.00184246
  434 433.5 4.27099 0.00185373
  435 434.5 4.29344 0.00186347
  436 435.5 4.31283 0.00187189
  437 436.5 4.31671 0.00187357
  438 437.5 4.31089 0.00187105
  439 438.5 4.36593 0.00189493
  440 439.5 4.35882 0.00189185
  441 440.5 4.39138 0.00190598
  442 441.5 4.42916 0.00192238
  443 442.5 4.45685 0.0019344
  444 443.5 4.50603 0.00195574
  445 444.5 4.51738 0.00196067
  446 445.5 4.53339 0.00196762
  447 446.5 4.55411 0.00197661
  448 447.5 4.50754 0.0019564
  449 448.5 4.49156 0.00194946
  450 449.5 4.50362 0.0019547
  451 450.5 4.52353 0.00196334
  452 451.5 4.54364 0.00197207
  453 452.5 4.51922 0.00196147
  454 453.5 4.52323 0.00196321
  455 454.5 4.50962 0.0019573
  456 455.5 4.51142 0.00195808
  457 456.5 4.51708 0.00196054
  458 457.5 4.47806 0.0019436
  459 458.5 4.46518 0.00193801
  460 459.5 4.46403 0.00193751
  461 460.5 4.44909 0.00193103
  462 461.5 4.41206 0.00191495
  463 462.5 4.44638 0.00192985
  464 463.5 4.46051 0.00193599
  465 464.5 4.46154 0.00193643
  466 465.5 4.45381 0.00193308
  467 466.5 4.42028 0.00191852
  468 467.5 4.39929 0.00190941
  469 468.5 4.38717 0.00190415
  470 469.5 4.34736 0.00188688
  471 470.5 4.36166 0.00189308
  472 471.5 4.39706 0.00190845
  473 472.5 4.46764 0.00193908
  474 473.5 4.4377 0.00192608
  475 474.5 4.40872 0.00191351
  476 475.5 4.42158 0.00191909
  477 476.5 4.40038 0.00190989
  478 477.5 4.41461 0.00191606
  479 478.5 4.42929 0.00192243
  480 479.5 4.38597 0.00190363
75000000 480 5968.000000000002
  1 0.5 4.18156 0.00181491
  2 1.5 4.2359 0.0018385
  3 2.5 4.28676 0.00186057
  4 3.5 4.36502 0.00189454
  5 4.5 4.38534 0.00190336
  6 5.5 4.4409 0.00192747
  7 6.5 4.48617 0.00194712
  8 7.5 4.55571 0.00197731
  9 8.5 4.57472 0.00198556
  10 9.5 4.58838 0.00199149
  11 10.5 4.60345 0.00199802
  12 11.5 4.65709 0.00202131
  13 12.5 4.67602 0.00202952
  14 13.5 4.73818 0.0020565
  15 14.5 4.81542 0.00209002
  16 15.5 4.84038 0.00210086
  17 16.5 4.78786 0.00207807
  18 17.5 4.83068 0.00209665
  19 18.5 4.84285 0.00210193
  20 19.5 4.89033 0.00212254
  21 20.5 4.93151 0.00214041
  22 21.5 4.91907 0.00213501
  23 22.5 4.88932 0.0021221
  24 23.5 4.91892 0.00213495
  25 24.5 4.90629 0.00212947
  26 25.5 4.90236 0.00212776
  27 26.5 4.87541 0.00211606
  28 27.5 4.86626 0.00211209
  29 28.5 4.78354 0.00207619
  30 29.5 4.68681 0.0020342
  31 30.5 4.61907 0.00200481
  32 31.5 4.52673 0.00196473
  33 32.5 4.47198 0.00194096
  34 33.5 4.42082 0.00191876
  35 34.5 4.34763 0.00188699
  36 35.5 4.28325 0.00185905
  37 36.5 4.26696 0.00185198
  38 37.5 4.26012 0.00184901
  39 38.5 4.26295 0.00185024
  40 39.5 4.24331 0.00184172
  41 40.5 4.23873 0.00183973
  42 41.5 4.19736 0.00182177
  43 42.5 4.18522 0.0018165
  44 43.5 4.12677 0.00179113
  45 44.5 4.13247 0.00179361
  46 45.5 4.1457 0.00179935
  47 46.5 4.09561 0.00177761
  48 47.5 4.00638 0.00173888
  49 48.5 3.89448 0.00169031
  50 49.5 3.75611 0.00163026
  51 50.5 3.56204 0.00154602
  52 51.5 3.29799 0.00143142
  53 52.5 2.99142 0.00129836
  54 53.5 2.61991 0.00113711
  55 54.5 2.20736 0.000958056
  56 55.5 1.78218 0.000773517
  57 56.5 1.39129 0.000603858
  58 57.5 1.0383 0.000450649
  59 58.5 0.75872 0.000329306
  60 59.5 0.5382 0.000233594
  61 60.5 0.389536 0.000169069
  62 61.5 0.299344 0.000129924
  63 62.5 0.23032 9.99653e-05
  64 63.5 0.18328 7.95486e-05
  65 64.5 0.15348 6.66146e-05
  66 65.5 0.1422 6.17188e-05
  67 66.5 0.132872 5.76701e-05
  68 67.5 0.125464 5.44549e-05
  69 68.5 0.124208 5.39097e-05
  70 69.5 0.123256 5.34965e-05
  71 70.5 0.120112 5.21319e-05
  72 71.5 0.116992 5.07778e-05
  73 72.5 0.118424 5.13993e-05
  74 73.5 0.114016 4.94861e-05
  75 74.5 0.115624 5.0184e-05
  76 75.5 0.1162 5.0434e-05
  77 76.5 0.111456 4.8375e-05
  78 77.5 0.111152 4.82431e-05
  79 78.5 0.112456 4.8809e-05
  80 79.5 0.110024 4.77535e-05
  81 80.5 0.110232 4.78438e-05
  82 81.5 0.10888 4.72569e-05
  83 82.5 0.109936 4.77153e-05
  84 83.5 0.111112 4.82257e-05
  85 84.5 0.112312 4.87465e-05
  86 85.5 0.1126 4.88715e-05
  87 86.5 0.113464 4.92465e-05
  88 87.5 0.110232 4.78438e-05
  89 88.5 0.110352 4.78958e-05
  90 89.5 0.110632 4.80174e-05
  91 90.5 0.110072 4.77743e-05
  92 91.5 0.107872 4.68194e-05
  93 92.5 0.109344 4.74583e-05
  94 93.5 0.110736 4.80625e-05
  95 94.5 0.107544 4.66771e-05
  96 95.5 0.108728 4.7191e-05
  97 96.5 0.105968 4.59931e-05
  98 97.5 0.108568 4.71215e-05
  99 98.5 0.107304 4.65729e-05
  100 99.5 0.105888 4.59583e-05
  101 100.5 0.105976 4.59965e-05
  102 101.5 0.104696 4.5441e-05
  103 102.5 0.103096 4.47465e-05
  104 103.5 0.1006 4.36632e-05
  105 104.5 0.104072 4.51701e-05
  106 105.5 0.106728 4.63229e-05
  107 106.5 0.104456 4.53368e-05
  108 107.5 0.109528 4.75382e-05
  109 108.5 0.113536 4.92778e-05
  110 109.5 0.108704 4.71806e-05
  111 110.5 0.105296 4.57014e-05
  112 111.5 0.1 4.34028e-05
  113 112.5 0.104144 4.52014e-05
  114 113.5 0.106224 4.61042e-05
  115 114.5 0.105208 4.56632e-05
  116 115.5 0.108176 4.69514e-05
  117 116.5 0.110752 4.80694e-05
  118 117.5 0.11196 4.85937e-05
  119 118.5 0.113544 4.92813e-05
  120 119.5 0.11432 4.96181e-05
  121 120.5 0.109056 4.73333e-05
  122 121.5 0.11264 4.88889e-05
  123 122.5 0.110792 4.80868e-05
  124 123.5 0.109944 4.77187e-05
  125 124.5 0.111184 4.82569e-05
  126 125.5 0.114736 4.97986e-05
  127 126.5 0.116096 5.03889e-05
  128 127.5 0.119056 5.16736e-05
  129 128.5 0.120912 5.24792e-05
  130 129.5 0.112864 4.89861e-05
  131 130.5 0.109648 4.75903e-05
  132 131.5 0.111344 4.83264e-05
  133 132.5 0.111664 4.84653e-05
  134 133.5 0.112592 4.88681e-05
  135 134.5 0.11668 5.06424e-05
  136 135.5 0.119976 5.20729e-05
  137 136.5 0.119328 5.17917e-05
  138 137.5 0.117008 5.07847e-05
  139 138.5 0.117144 5.08437e-05
  140 139.5 0.116952 5.07604e-05
  141 140.5 0.116304 5.04792e-05
  142 141.5 0.120848 5.24514e-05
  143 142.5 0.120136 5.21424e-05
  144 143.5 0.117584 5.10347e-05
  145 144.5 0.116472 5.05521e-05
  146 145.5 0.120184 5.21632e-05
  147 146.5 0.116744 5.06701e-05
  148 147.5 0.112616 4.88785e-05
  149 148.5 0.110448 4.79375e-05
  150 149.5 0.114056 4.95035e-05
  151 150.5 0.112392 4.87813e-05
  152 151.5 0.111816 4.85312e-05
  153 152.5 0.115096 4.99549e-05
  154 153.5 0.11172 4.84896e-05
  155 154.5 0.113848 4.94132e-05
  156 155.5 0.113608 4.9309e-05
  157 156.5 0.112944 4.90208e-05
  158 157.5 0.11324 4.91493e-05
  159 158.5 0.113496 4.92604e-05
  160 159.5 0.115992 5.03438e-05
  161 160.5 0.112072 4.86424e-05
  162 161.5 0.116752 5.06736e-05
  163 162.5 0.118552 5.14549e-05
  164 163.5 0.117568 5.10278e-05
  165 164.5 0.112624 4.88819e-05
  166 165.5 0.113312 4.91806e-05
  167 166.5 0.114512 4.97014e-05
  168 167.5 0.12012 5.21354e-05
  169 168.5 0.11704 5.07986e-05
  170 169.5 0.122432 5.31389e-05
  171 170.5 0.116784 5.06875e-05
  172 171.5 0.112776 4.89479e-05
  173 172.5 0.11412 4.95313e-05
  174 173.5 0.109824 4.76667e-05
  175 174.5 0.109056 4.73333e-05
  176 175.5 0.113096 4.90868e-05
  177 176.5 0.113536 4.92778e-05
  178 177.5 0.111968 4.85972e-05
  179 178.5 0.113968 4.94653e-05
  180 179.5 0.1158 5.02604e-05
  181 180.5 0.117216 5.0875e-05
  182 181.5 0.112872 4.89896e-05
  183 182.5 0.109552 4.75486e-05
  184 183.5 0.109536 4.75417e-05
  185 184.5 0.109928 4.77118e-05
  186 185.5 0.11248 4.88194e-05
  187 186.5 0.115184 4.99931e-05
  188 187.5 0.115704 5.02187e-05
  189 188.5 0.119312 5.17847e-05
  190 189.5 0.11672 5.06597e-05
  191 190.5 0.110984 4.81701e-05
  192 191.5 0.113 4.90451e-05
  193 192.5 0.112304 4.87431e-05
  194 193.5 0.116104 5.03924e-05
  195 194.5 0.119816 5.20035e-05
  196 195.5 0.122512 5.31736e-05
  197 196.5 0.125136 5.43125e-05
  198 197.5 0.126984 5.51146e-05
  199 198.5 0.126952 5.51007e-05
  200 199.5 0.142256 6.17431e-05
  201 200.5 0.154624 6.71111e-05
  202 201.5 0.173496 7.53021e-05
  203 202.5 0.200496 8.70208e-05
  204 203.5 0.247464 0.000107406
  205 204.5 0.324736 0.000140944
  206 205.5 0.442416 0.000192021
  207 206.5 0.622712 0.000270274
  208 207.5 0.865016 0.000375441
  209 208.5 1.20526 0.000523118
  210 209.5 1.62509 0.000705333
  211 210.5 2.10954 0.000915597
  212 211.5 2.66261 0.00115565
  213 212.5 3.2396 0.00140608
  214 213.5 3.79358 0.00164652
  215 214.5 4.27504 0.00185549
  216 215.5 4.74683 0.00206026
  217 216.5 5.21002 0.00226129
  218 217.5 5.61506 0.00243709
  219 218.5 6.03511 0.00261941
  220 219.5 6.56417 0.00284903
  221 220.5 7.17802 0.00311546
  222 221.5 7.86282 0.00341268
  223 222.5 8.6429 0.00375126
  224 223.5 9.64427 0.00418588
  225 224.5 10.7501 0.00466586
  226 225.5 12.0466 0.00522855
  227 226.5 13.4596 0.00584183
  228 227.5 14.941 0.00648481
  229 228.5 16.6125 0.00721029
  230 229.5 18.2824 0.00793505
  231 230.5 19.9369 0.00865317
  232 231.5 21.7078 0.00942178
  233 232.5 23.2728 0.0101011
  234 233.5 24.7711 0.0107514
  235 234.5 26.0069 0.0112877
  236 235.5 27.2718 0.0118367
  237 236.5 28.2719 0.0122708
  238 237.5 29.0621 0.0126138
  239 238.5 29.6929 0.0128876
  240 239.5 30.313 0.0131567
  241 240.5 30.8718 0.0133992
  242 241.5 31.1532 0.0135214
  243 242.5 31.4488 0.0136497
  244 243.5 31.8342 0.0138169
  245 244.5 31.8893 0.0138409
  246 245.5 32.0871 0.0139267
  247 246.5 32.2372 0.0139918
  248 247.5 32.4112 0.0140674
  249 248.5 32.3446 0.0140384
  250 249.5 32.5308 0.0141193
  251 250.5 32.5791 0.0141402
  252 251.5 32.559 0.0141315
  253 252.5 32.6006 0.0141496
  254 253.5 32.5737 0.0141379
  255 254.5 32.5732 0.0141377
  256 255.5 32.6247 0.01416
  257 256.5 32.5435 0.0141248
  258 257.5 32.5426 0.0141244
  259 258.5 32.6938 0.01419
  260 259.5 32.7319 0.0142065
  261 260.5 32.6746 0.0141817
  262 261.5 32.6467 0.0141696
  263 262.5 32.7673 0.0142219
  264 263.5 32.7142 0.0141989
  265 264.5 32.6612 0.0141759
  266 265.5 32.6782 0.0141832
  267 266.5 32.7102 0.0141971
  268 267.5 32.6173 0.0141568
  269 268.5 32.5669 0.0141349
  270 269.5 32.6779 0.0141831
  271 270.5 32.6662 0.014178
  272 271.5 32.496 0.0141042
  273 272.5 32.5171 0.0141133
  274 273.5 32.5811 0.0141411
  275 274.5 32.4471 0.0140829
  276 275.5 32.3828 0.014055
  277 276.5 32.4787 0.0140967
  278 277.5 32.4135 0.0140684
  279 278.5 32.348 0.0140399
  280 279.5 32.4554 0.0140865
  281 280.5 32.5132 0.0141116
  282 281.5 32.4533 0.0140856
  283 282.5 32.4503 0.0140843
  284 283.5 32.5644 0.0141339
  285 284.5 32.5408 0.0141236
  286 285.5 32.4844 0.0140991
  287 286.5 32.5261 0.0141172
  288 287.5 32.7098 0.014197
  289 288.5 32.7154 0.0141994
  290 289.5 32.7573 0.0142176
  291 290.5 32.784 0.0142292
  292 291.5 32.9386 0.0142963
  293 292.5 32.8592 0.0142618
  294 293.5 32.7201 0.0142014
  295 294.5 32.8265 0.0142476
  296 295.5 32.9048 0.0142816
  297 296.5 32.6998 0.0141926
  298 297.5 32.8279 0.0142482
  299 298.5 32.8082 0.0142397
  300 299.5 32.7389 0.0142096
  301 300.5 32.5949 0.0141471
  302 301.5 32.7334 0.0142072
  303 302.5 32.6472 0.0141698
  304 303.5 32.6004 0.0141495
  305 304.5 32.5599 0.0141319
  306 305.5 32.6481 0.0141702
  307 306.5 32.6008 0.0141497
  308 307.5 32.5614 0.0141326
  309 308.5 32.7701 0.0142231
  310 309.5 32.6753 0.014182
  311 310.5 32.5024 0.014107
  312 311.5 32.6707 0.01418
  313 312.5 32.7434 0.0142115
  314 313.5 32.579 0.0141402
  315 314.5 32.5727 0.0141374
  316 315.5 32.6624 0.0141764
  317 316.5 32.5658 0.0141345
  318 317.5 32.4323 0.0140765
  319 318.5 32.66 0.0141753
  320 319.5 32.5826 0.0141417
  321 320.5 32.406 0.0140651
  322 321.5 32.4945 0.0141035
  323 322.5 32.5679 0.0141354
  324 323.5 32.4141 0.0140686
  325 324.5 32.2875 0.0140137
  326 325.5 32.2618 0.0140025
  327 326.5 32.1826 0.0139681
  328 327.5 32.1113 0.0139372
  329 328.5 32.0129 0.0138945
  330 329.5 32.097 0.013931
  331 330.5 32.0913 0.0139285
  332 331.5 32.0232 0.013899
  333 332.5 32.0272 0.0139007
  334 333.5 32.1327 0.0139465
  335 334.5 32.0844 0.0139255
  336 335.5 32.0768 0.0139222
  337 336.5 32.1819 0.0139678
  338 337.5 32.2368 0.0139916
  339 338.5 32.206 0.0139783
  340 339.5 32.1863 0.0139697
  341 340.5 32.2669 0.0140047
  342 341.5 32.3072 0.0140222
  343 342.5 32.203 0.013977
  344 343.5 32.2566 0.0140003
  345 344.5 32.1868 0.0139699
  346 345.5 32.1492 0.0139537
  347 346.5 32.1435 0.0139512
  348 347.5 32.2123 0.013981
  349 348.5 32.1979 0.0139748
  350 349.5 32.166 0.0139609
  351 350.5 32.2485 0.0139968
  352 351.5 32.2243 0.0139862
  353 352.5 32.1398 0.0139496
  354 353.5 32.1295 0.0139451
  355 354.5 32.2198 0.0139843
  356 355.5 32.1047 0.0139343
  357 356.5 32.0871 0.0139267
  358 357.5 32.0868 0.0139266
  359 358.5 32.0121 0.0138941
  360 359.5 31.9938 0.0138862
  361 360.5 31.9936 0.0138861
  362 361.5 32.0495 0.0139104
  363 362.5 32.0667 0.0139178
  364 363.5 31.9366 0.0138614
  365 364.5 32.0248 0.0138996
  366 365.5 32.1225 0.013942
  367 366.5 32.2542 0.0139992
  368 367.5 32.2022 0.0139766
  369 368.5 32.2043 0.0139776
  370 369.5 32.3424 0.0140375
  371 370.5 32.2973 0.0140179
  372 371.5 32.29 0.0140148
  373 372.5 32.301 0.0140195
  374 373.5 32.3528 0.014042
  375 374.5 32.2469 0.013996
  376 375.5 32.096 0.0139306
  377 376.5 31.9987 0.0138883
  378 377.5 31.9006 0.0138458
  379 378.5 31.4621 0.0136554
  380 379.5 31.1865 0.0135358
  381 380.5 30.8229 0.013378
  382 381.5 30.1741 0.0130964
  383 382.5 29.4949 0.0128016
  384 383.5 28.7284 0.0124689
  385 384.5 27.745 0.0120421
  386 385.5 26.4229 0.0114683
  387 386.5 25.1147 0.0109005
  388 387.5 23.6638 0.0102707
  389 388.5 21.958 0.0095304
  390 389.5 20.2239 0.00877773
  391 390.5 18.5312 0.00804308
  392 391.5 16.7264 0.00725971
  393 392.5 14.965 0.00649521
  394 393.5 13.3179 0.00578034
  395 394.5 11.8405 0.00513909
  396 395.5 10.4219 0.0045234
  397 396.5 9.21349 0.00399891
  398 397.5 8.22712 0.0035708
  399 398.5 7.40465 0.00321382
  400 399.5 6.69225 0.00290462
  401 400.5 6.17316 0.00267932
  402 401.5 5.73901 0.00249089
  403 402.5 5.46378 0.00237143
  404 403.5 5.20512 0.00225917
  405 404.5 4.99639 0.00216857
  406 405.5 4.86506 0.00211157
  407 406.5 4.74002 0.0020573
  408 407.5 4.59104 0.00199264
  409 408.5 4.50267 0.00195428
  410 409.5 4.42587 0.00192095
  411 410.5 4.34917 0.00188766
  412 411.5 4.31834 0.00187428
  413 412.5 4.28119 0.00185816
  414 413.5 4.32822 0.00187857
  415 414.5 4.33652 0.00188217
  416 415.5 4.38226 0.00190202
  417 416.5 4.35167 0.00188875
  418 417.5 4.37881 0.00190052
  419 418.5 4.34751 0.00188694
  420 419.5 4.36382 0.00189402
  421 420.5 4.3445 0.00188563
  422 421.5 4.39165 0.0019061
  423 422.5 4.43302 0.00192405
  424 423.5 4.38608 0.00190368
  425 424.5 4.38856 0.00190476
  426 425.5 4.39114 0.00190588
  427 426.5 4.41007 0.00191409
  428 427.5 4.4883 0.00194805
  429 428.5 4.4901 0.00194883
  430 429.5 4.49399 0.00195052
  431 430.5 4.55905 0.00197875
  432 431.5 4.58304 0.00198917
  433 432.5 4.66166 0.00202329
  434 433.5 4.64613 0.00201655
  435 434.5 4.64319 0.00201527
  436 435.5 4.68182 0.00203204
  437 436.5 4.71174 0.00204503
  438 437.5 4.68689 0.00203424
  439 438.5 4.72897 0.0020525
  440 439.5 4.76459 0.00206797
  441 440.5 4.76896 0.00206986
  442 441.5 4.77862 0.00207406
  443 442.5 4.74186 0.0020581
  444 443.5 4.72147 0.00204925
  445 444.5 4.7474 0.0020605
  446 445.5 4.72958 0.00205277
  447 446.5 4.72765 0.00205193
  448 447.5 4.66736 0.00202576
  449 448.5 4.67202 0.00202779
  450 449.5 4.65382 0.00201989
  451 450.5 4.61643 0.00200366
  452 451.5 4.57037 0.00198367
  453 452.5 4.55615 0.0019775
  454 453.5 4.52739 0.00196501
  455 454.5 4.5055 0.00195551
  456 455.5 4.44251 0.00192817
  457 456.5 4.45593 0.001934
  458 457.5 4.47354 0.00194164
  459 458.5 4.4682 0.00193932
  460 459.5 4.52038 0.00196197
  461 460.5 4.4846 0.00194644
  462 461.5 4.45414 0.00193322
  463 462.5 4.42457 0.00192039
  464 463.5 4.40625 0.00191243
  465 464.5 4.35822 0.00189159
  466 465.5 4.3432 0.00188507
  467 466.5 4.38249 0.00190212
  468 467.5 4.39046 0.00190558
  469 468.5 4.39286 0.00190662
  470 469.5 4.35042 0.0018882
  471 470.5 4.34402 0.00188543
  472 471.5 4.34149 0.00188433
  473 472.5 4.3013 0.00186688
  474 473.5 4.25973 0.00184884
  475 474.5 4.22143 0.00183222
  476 475.5 4.17231 0.0018109
  477 476.5 4.09918 0.00177916
  478 477.5 4.11211 0.00178477
  479 478.5 4.10403 0.00178126
  480 479.5 4.14093 0.00179728
