# Chunk-averaged data for fix tensor2 and group c1
# Timestep Number-of-chunks Total-count
# Chunk Coord1 Ncount density/number
52500000 480 5023.000000000001
  1 0.5 14.6218 0.00634626
  2 1.5 12.9169 0.0056063
  3 2.5 11.2623 0.00488813
  4 3.5 9.70331 0.00421151
  5 4.5 8.37438 0.00363471
  6 5.5 7.16842 0.0031113
  7 6.5 6.15285 0.00267051
  8 7.5 5.29509 0.00229822
  9 8.5 4.59948 0.0019963
  10 9.5 4.08424 0.00177267
  11 10.5 3.66783 0.00159194
  12 11.5 3.31854 0.00144034
  13 12.5 3.08144 0.00133743
  14 13.5 2.90242 0.00125973
  15 14.5 2.75927 0.0011976
  16 15.5 2.67838 0.00116249
  17 16.5 2.61062 0.00113308
  18 17.5 2.5402 0.00110252
  19 18.5 2.49693 0.00108374
  20 19.5 2.4511 0.00106385
  21 20.5 2.43512 0.00105691
  22 21.5 2.42586 0.00105289
  23 22.5 2.4411 0.00105951
  24 23.5 2.42309 0.00105169
  25 24.5 2.4056 0.0010441
  26 25.5 2.42518 0.0010526
  27 26.5 2.39721 0.00104045
  28 27.5 2.39568 0.00103979
  29 28.5 2.38135 0.00103357
  30 29.5 2.37841 0.0010323
  31 30.5 2.38036 0.00103314
  32 31.5 2.36799 0.00102777
  33 32.5 2.36873 0.00102809
  34 33.5 2.33919 0.00101527
  35 34.5 2.36714 0.00102741
  36 35.5 2.37539 0.00103099
  37 36.5 2.39128 0.00103788
  38 37.5 2.36439 0.00102621
  39 38.5 2.37148 0.00102929
  40 39.5 2.39225 0.0010383
  41 40.5 2.3968 0.00104028
  42 41.5 2.37126 0.00102919
  43 42.5 2.35875 0.00102376
  44 43.5 2.3787 0.00103242
  45 44.5 2.36594 0.00102689
  46 45.5 2.34998 0.00101996
  47 46.5 2.36029 0.00102443
  48 47.5 2.34302 0.00101693
  49 48.5 2.33724 0.00101443
  50 49.5 2.35439 0.00102187
  51 50.5 2.35012 0.00102002
  52 51.5 2.32878 0.00101075
  53 52.5 2.32301 0.00100825
  54 53.5 2.33552 0.00101368
  55 54.5 2.32961 0.00101111
  56 55.5 2.32336 0.0010084
  57 56.5 2.31158 0.00100329
  58 57.5 2.30423 0.0010001
  59 58.5 2.31943 0.0010067
  60 59.5 2.3244 0.00100885
  61 60.5 2.3312 0.00101181
  62 61.5 2.32368 0.00100854
  63 62.5 2.33723 0.00101442
  64 63.5 2.34195 0.00101647
  65 64.5 2.34428 0.00101748
  66 65.5 2.34659 0.00101849
  67 66.5 2.35046 0.00102017
  68 67.5 2.34918 0.00101961
  69 68.5 2.34742 0.00101884
  70 69.5 2.32005 0.00100697
  71 70.5 2.33377 0.00101292
  72 71.5 2.35137 0.00102056
  73 72.5 2.35896 0.00102385
  74 73.5 2.32501 0.00100912
  75 74.5 2.32941 0.00101103
  76 75.5 2.32075 0.00100727
  77 76.5 2.32273 0.00100813
  78 77.5 2.3165 0.00100542
  79 78.5 2.32558 0.00100936
  80 79.5 2.31376 0.00100424
  81 80.5 2.31862 0.00100634
  82 81.5 2.32933 0.00101099
  83 82.5 2.33243 0.00101234
  84 83.5 2.34919 0.00101961
  85 84.5 2.36715 0.00102741
  86 85.5 2.35828 0.00102356
  87 86.5 2.33998 0.00101561
  88 87.5 2.33558 0.00101371
  89 88.5 2.35874 0.00102376
  90 89.5 2.35466 0.00102199
  91 90.5 2.35132 0.00102054
  92 91.5 2.33878 0.0010151
  93 92.5 2.35156 0.00102064
  94 93.5 2.33503 0.00101347
  95 94.5 2.35065 0.00102025
  96 95.5 2.34213 0.00101655
  97 96.5 2.31997 0.00100693
  98 97.5 2.31875 0.0010064
  99 98.5 2.30595 0.00100085
  100 99.5 2.34153 0.00101629
  101 100.5 2.3195 0.00100673
  102 101.5 2.30902 0.00100218
  103 102.5 2.32099 0.00100738
  104 103.5 2.33488 0.0010134
  105 104.5 2.32658 0.0010098
  106 105.5 2.32557 0.00100936
  107 106.5 2.31998 0.00100693
  108 107.5 2.30528 0.00100056
  109 108.5 2.30008 0.000998299
  110 109.5 2.29423 0.00099576
  111 110.5 2.31347 0.00100411
  112 111.5 2.29309 0.000995264
  113 112.5 2.31466 0.00100463
  114 113.5 2.28818 0.000993132
  115 114.5 2.28061 0.000989847
  116 115.5 2.30338 0.000999729
  117 116.5 2.30746 0.0010015
  118 117.5 2.30963 0.00100244
  119 118.5 2.30702 0.00100131
  120 119.5 2.32037 0.0010071
  121 120.5 2.33131 0.00101185
  122 121.5 2.33016 0.00101135
  123 122.5 2.33278 0.00101249
  124 123.5 2.31758 0.00100589
  125 124.5 2.32168 0.00100767
  126 125.5 2.3281 0.00101046
  127 126.5 2.30835 0.00100189
  128 127.5 2.34147 0.00101626
  129 128.5 2.32554 0.00100935
  130 129.5 2.32473 0.001009
  131 130.5 2.33916 0.00101526
  132 131.5 2.3256 0.00100938
  133 132.5 2.32136 0.00100753
  134 133.5 2.33782 0.00101468
  135 134.5 2.32026 0.00100706
  136 135.5 2.30856 0.00100198
  137 136.5 2.31014 0.00100266
  138 137.5 2.29898 0.000997823
  139 138.5 2.31274 0.00100379
  140 139.5 2.30044 0.000998455
  141 140.5 2.32234 0.00100796
  142 141.5 2.33253 0.00101238
  143 142.5 2.33096 0.0010117
  144 143.5 2.34208 0.00101653
  145 144.5 2.36974 0.00102853
  146 145.5 2.37476 0.00103071
  147 146.5 2.38536 0.00103531
  148 147.5 2.39006 0.00103735
  149 148.5 2.37762 0.00103195
  150 149.5 2.39923 0.00104133
  151 150.5 2.41168 0.00104674
  152 151.5 2.44534 0.00106134
  153 152.5 2.47854 0.00107575
  154 153.5 2.50753 0.00108834
  155 154.5 2.58051 0.00112001
  156 155.5 2.6811 0.00116367
  157 156.5 2.75812 0.0011971
  158 157.5 2.8905 0.00125456
  159 158.5 3.09159 0.00134184
  160 159.5 3.32329 0.0014424
  161 160.5 3.64501 0.00158203
  162 161.5 4.0545 0.00175976
  163 162.5 4.61029 0.00200099
  164 163.5 5.3012 0.00230087
  165 164.5 6.16114 0.0026741
  166 165.5 7.21271 0.00313052
  167 166.5 8.45453 0.0036695
  168 167.5 9.89974 0.00429676
  169 168.5 11.5041 0.00499309
  170 169.5 13.228 0.00574131
  171 170.5 15.0238 0.00652075
  172 171.5 16.8372 0.00730783
  173 172.5 18.6402 0.00809038
  174 173.5 20.2186 0.00877544
  175 174.5 21.6831 0.00941108
  176 175.5 22.9691 0.00996922
  177 176.5 24.0995 0.0104599
  178 177.5 25.0397 0.0108679
  179 178.5 25.7669 0.0111835
  180 179.5 26.385 0.0114518
  181 180.5 26.9446 0.0116947
  182 181.5 27.2796 0.0118401
  183 182.5 27.55 0.0119575
  184 183.5 27.8436 0.0120849
  185 184.5 28.0873 0.0121907
  186 185.5 28.1137 0.0122021
  187 186.5 28.2902 0.0122787
  188 187.5 28.4339 0.0123411
  189 188.5 28.4896 0.0123653
  190 189.5 28.5418 0.0123879
  191 190.5 28.5699 0.0124001
  192 191.5 28.698 0.0124557
  193 192.5 28.7938 0.0124973
  194 193.5 28.8054 0.0125024
  195 194.5 28.8512 0.0125222
  196 195.5 28.9924 0.0125835
  197 196.5 29.2097 0.0126778
  198 197.5 29.2283 0.0126859
  199 198.5 29.4332 0.0127748
  200 199.5 29.7045 0.0128926
  201 200.5 30.061 0.0130473
  202 201.5 30.3813 0.0131863
  203 202.5 30.8196 0.0133766
  204 203.5 31.5715 0.0137029
  205 204.5 32.4601 0.0140886
  206 205.5 33.3923 0.0144932
  207 206.5 33.4037 0.0144981
  208 207.5 30.5516 0.0132602
  209 208.5 24.9197 0.0108159
  210 209.5 16.1332 0.00700225
  211 210.5 5.46508 0.002372
  212 211.5 0.476 0.000206597
  213 212.5 0.002672 1.15972e-06
  214 213.5 0 0
  215 214.5 0 0
  216 215.5 0 0
  217 216.5 0 0
  218 217.5 0 0
  219 218.5 0 0
  220 219.5 0 0
  221 220.5 0 0
  222 221.5 0 0
  223 222.5 0 0
  224 223.5 0 0
  225 224.5 0 0
  226 225.5 0 0
  227 226.5 0 0
  228 227.5 0 0
  229 228.5 0 0
  230 229.5 0 0
  231 230.5 0 0
  232 231.5 0 0
  233 232.5 0 0
  234 233.5 0 0
  235 234.5 0 0
  236 235.5 0 0
  237 236.5 0 0
  238 237.5 0 0
  239 238.5 0 0
  240 239.5 0 0
  241 240.5 0 0
  242 241.5 0 0
  243 242.5 0 0
  244 243.5 0 0
  245 244.5 0 0
  246 245.5 0 0
  247 246.5 0 0
  248 247.5 0 0
  249 248.5 0 0
  250 249.5 0 0
  251 250.5 0 0
  252 251.5 0 0
  253 252.5 0 0
  254 253.5 0 0
  255 254.5 0 0
  256 255.5 0 0
  257 256.5 0 0
  258 257.5 0 0
  259 258.5 0 0
  260 259.5 0 0
  261 260.5 0 0
  262 261.5 0 0
  263 262.5 0 0
  264 263.5 0 0
  265 264.5 0 0
  266 265.5 0 0
  267 266.5 0 0
  268 267.5 0 0
  269 268.5 0 0
  270 269.5 0 0
  271 270.5 0 0
  272 271.5 0 0
  273 272.5 0 0
  274 273.5 0 0
  275 274.5 0 0
  276 275.5 0 0
  277 276.5 0 0
  278 277.5 0 0
  279 278.5 0 0
  280 279.5 0 0
  281 280.5 0 0
  282 281.5 0 0
  283 282.5 0 0
  284 283.5 0 0
  285 284.5 0 0
  286 285.5 0 0
  287 286.5 0 0
  288 287.5 0 0
  289 288.5 0 0
  290 289.5 0 0
  291 290.5 0 0
  292 291.5 0 0
  293 292.5 0 0
  294 293.5 0 0
  295 294.5 0 0
  296 295.5 0 0
  297 296.5 0 0
  298 297.5 0 0
  299 298.5 0 0
  300 299.5 0 0
  301 300.5 0 0
  302 301.5 0 0
  303 302.5 0 0
  304 303.5 0 0
  305 304.5 0 0
  306 305.5 0 0
  307 306.5 0 0
  308 307.5 0 0
  309 308.5 0 0
  310 309.5 0 0
  311 310.5 0 0
  312 311.5 0 0
  313 312.5 0 0
  314 313.5 0 0
  315 314.5 0 0
  316 315.5 0 0
  317 316.5 0 0
  318 317.5 0 0
  319 318.5 0 0
  320 319.5 0 0
  321 320.5 0 0
  322 321.5 0 0
  323 322.5 0 0
  324 323.5 0 0
  325 324.5 0 0
  326 325.5 0 0
  327 326.5 0 0
  328 327.5 0 0
  329 328.5 0 0
  330 329.5 0 0
  331 330.5 0 0
  332 331.5 0 0
  333 332.5 0 0
  334 333.5 0 0
  335 334.5 0 0
  336 335.5 0 0
  337 336.5 0 0
  338 337.5 0 0
  339 338.5 0 0
  340 339.5 0 0
  341 340.5 0 0
  342 341.5 0 0
  343 342.5 0 0
  344 343.5 0 0
  345 344.5 0 0
  346 345.5 0 0
  347 346.5 0 0
  348 347.5 0 0
  349 348.5 0 0
  350 349.5 0 0
  351 350.5 0 0
  352 351.5 0 0
  353 352.5 0 0
  354 353.5 0 0
  355 354.5 2.4e-05 1.04167e-08
  356 355.5 0.048272 2.09514e-05
  357 356.5 0.725048 0.000314691
  358 357.5 4.27813 0.00185683
  359 358.5 11.2301 0.00487416
  360 359.5 20.8223 0.00903744
  361 360.5 30.0684 0.0130505
  362 361.5 34.0664 0.0147857
  363 362.5 33.8868 0.0147078
  364 363.5 32.4641 0.0140903
  365 364.5 31.6424 0.0137337
  366 365.5 30.9787 0.0134456
  367 366.5 30.4396 0.0132116
  368 367.5 30.0376 0.0130372
  369 368.5 29.6844 0.0128839
  370 369.5 29.4406 0.012778
  371 370.5 29.253 0.0126966
  372 371.5 29.1179 0.012638
  373 372.5 28.9882 0.0125817
  374 373.5 28.7836 0.0124929
  375 374.5 28.7643 0.0124845
  376 375.5 28.7912 0.0124962
  377 376.5 28.6228 0.0124231
  378 377.5 28.5939 0.0124105
  379 378.5 28.5746 0.0124022
  380 379.5 28.6064 0.012416
  381 380.5 28.5421 0.0123881
  382 381.5 28.4595 0.0123522
  383 382.5 28.4589 0.012352
  384 383.5 28.542 0.012388
  385 384.5 28.4443 0.0123456
  386 385.5 28.4774 0.01236
  387 386.5 28.4808 0.0123614
  388 387.5 28.4899 0.0123654
  389 388.5 28.4022 0.0123274
  390 389.5 28.4307 0.0123397
  391 390.5 28.4227 0.0123363
  392 391.5 28.4565 0.0123509
  393 392.5 28.447 0.0123468
  394 393.5 28.4035 0.0123279
  395 394.5 28.4376 0.0123427
  396 395.5 28.4914 0.012366
  397 396.5 28.4519 0.0123489
  398 397.5 28.3902 0.0123221
  399 398.5 28.4816 0.0123618
  400 399.5 28.5147 0.0123762
  401 400.5 28.4155 0.0123331
  402 401.5 28.4418 0.0123445
  403 402.5 28.5452 0.0123894
  404 403.5 28.4908 0.0123658
  405 404.5 28.4561 0.0123508
  406 405.5 28.4911 0.0123659
  407 406.5 28.5448 0.0123893
  408 407.5 28.4756 0.0123592
  409 408.5 28.5241 0.0123802
  410 409.5 28.5049 0.0123719
  411 410.5 28.467 0.0123555
  412 411.5 28.4679 0.0123559
  413 412.5 28.4701 0.0123568
  414 413.5 28.4979 0.0123689
  415 414.5 28.4781 0.0123603
  416 415.5 28.5072 0.0123729
  417 416.5 28.4939 0.0123671
  418 417.5 28.5165 0.0123769
  419 418.5 28.483 0.0123624
  420 419.5 28.5122 0.0123751
  421 420.5 28.4291 0.012339
  422 421.5 28.5401 0.0123872
  423 422.5 28.5326 0.0123839
  424 423.5 28.4527 0.0123493
  425 424.5 28.505 0.012372
  426 425.5 28.5377 0.0123861
  427 426.5 28.4781 0.0123603
  428 427.5 28.4635 0.012354
  429 428.5 28.5316 0.0123835
  430 429.5 28.5466 0.01239
  431 430.5 28.5212 0.012379
  432 431.5 28.4961 0.0123681
  433 432.5 28.5266 0.0123813
  434 433.5 28.5065 0.0123726
  435 434.5 28.5609 0.0123962
  436 435.5 28.4954 0.0123678
  437 436.5 28.5251 0.0123807
  438 437.5 28.5616 0.0123965
  439 438.5 28.5461 0.0123898
  440 439.5 28.4884 0.0123647
  441 440.5 28.5091 0.0123738
  442 441.5 28.533 0.0123841
  443 442.5 28.5121 0.012375
  444 443.5 28.4927 0.0123666
  445 444.5 28.5181 0.0123777
  446 445.5 28.53 0.0123828
  447 446.5 28.5356 0.0123852
  448 447.5 28.4524 0.0123492
  449 448.5 28.4843 0.012363
  450 449.5 28.508 0.0123733
  451 450.5 28.4984 0.0123691
  452 451.5 28.4407 0.0123441
  453 452.5 28.4706 0.012357
  454 453.5 28.5154 0.0123765
  455 454.5 28.4994 0.0123695
  456 455.5 28.4653 0.0123547
  457 456.5 28.4085 0.0123301
  458 457.5 28.4829 0.0123624
  459 458.5 28.4179 0.0123342
  460 459.5 28.3898 0.012322
  461 460.5 28.3563 0.0123074
  462 461.5 28.3188 0.0122911
  463 462.5 28.1942 0.012237
  464 463.5 28.1591 0.0122218
  465 464.5 28.0977 0.0121952
  466 465.5 27.9248 0.0121201
  467 466.5 27.6839 0.0120156
  468 467.5 27.5788 0.01197
  469 468.5 27.317 0.0118563
  470 469.5 26.8695 0.0116621
  471 470.5 26.4906 0.0114977
  472 471.5 25.9622 0.0112683
  473 472.5 25.2675 0.0109668
  474 473.5 24.4658 0.0106188
  475 474.5 23.4833 0.0101924
  476 475.5 22.3783 0.00971282
  477 476.5 21.0648 0.00914272
  478 477.5 19.609 0.00851086
  479 478.5 18.0388 0.00782935
  480 479.5 16.3888 0.00711317
55000000 480 5022.999999999999
  1 0.5 6.41479 0.0027842
  2 1.5 5.57181 0.00241832
  3 2.5 4.87842 0.00211737
  4 3.5 4.33315 0.00188071
  5 4.5 3.87435 0.00168158
  6 5.5 3.52829 0.00153137
  7 6.5 3.26633 0.00141768
  8 7.5 3.08035 0.00133696
  9 8.5 2.91114 0.00126351
  10 9.5 2.77805 0.00120575
  11 10.5 2.70034 0.00117202
  12 11.5 2.63602 0.00114411
  13 12.5 2.58463 0.0011218
  14 13.5 2.54243 0.00110349
  15 14.5 2.51526 0.00109169
  16 15.5 2.47078 0.00107239
  17 16.5 2.46622 0.00107041
  18 17.5 2.47981 0.00107631
  19 18.5 2.48808 0.0010799
  20 19.5 2.46037 0.00106787
  21 20.5 2.46902 0.00107162
  22 21.5 2.45976 0.0010676
  23 22.5 2.43758 0.00105798
  24 23.5 2.41353 0.00104754
  25 24.5 2.44102 0.00105947
  26 25.5 2.43085 0.00105506
  27 26.5 2.41711 0.00104909
  28 27.5 2.41595 0.00104859
  29 28.5 2.4195 0.00105013
  30 29.5 2.42856 0.00105406
  31 30.5 2.43908 0.00105863
  32 31.5 2.45754 0.00106664
  33 32.5 2.43552 0.00105708
  34 33.5 2.4411 0.00105951
  35 34.5 2.43123 0.00105522
  36 35.5 2.40953 0.0010458
  37 36.5 2.41234 0.00104702
  38 37.5 2.40792 0.0010451
  39 38.5 2.38861 0.00103672
  40 39.5 2.39418 0.00103914
  41 40.5 2.3969 0.00104032
  42 41.5 2.40238 0.0010427
  43 42.5 2.39266 0.00103848
  44 43.5 2.37493 0.00103078
  45 44.5 2.38556 0.0010354
  46 45.5 2.37734 0.00103183
  47 46.5 2.38849 0.00103667
  48 47.5 2.3979 0.00104076
  49 48.5 2.41255 0.00104711
  50 49.5 2.41594 0.00104859
  51 50.5 2.43683 0.00105765
  52 51.5 2.41715 0.00104911
  53 52.5 2.4197 0.00105022
  54 53.5 2.41548 0.00104839
  55 54.5 2.4126 0.00104714
  56 55.5 2.41966 0.0010502
  57 56.5 2.4051 0.00104388
  58 57.5 2.41628 0.00104873
  59 58.5 2.41408 0.00104778
  60 59.5 2.39866 0.00104108
  61 60.5 2.39129 0.00103789
  62 61.5 2.39454 0.0010393
  63 62.5 2.40595 0.00104425
  64 63.5 2.38802 0.00103647
  65 64.5 2.38997 0.00103731
  66 65.5 2.38784 0.00103639
  67 66.5 2.38242 0.00103403
  68 67.5 2.3847 0.00103503
  69 68.5 2.37136 0.00102924
  70 69.5 2.3801 0.00103303
  71 70.5 2.36239 0.00102534
  72 71.5 2.36262 0.00102544
  73 72.5 2.36685 0.00102728
  74 73.5 2.34407 0.00101739
  75 74.5 2.34769 0.00101896
  76 75.5 2.34038 0.00101579
  77 76.5 2.33757 0.00101457
  78 77.5 2.3671 0.00102739
  79 78.5 2.37239 0.00102968
  80 79.5 2.3379 0.00101471
  81 80.5 2.3303 0.00101142
  82 81.5 2.3435 0.00101714
  83 82.5 2.36422 0.00102614
  84 83.5 2.36797 0.00102776
  85 84.5 2.36549 0.00102669
  86 85.5 2.37946 0.00103275
  87 86.5 2.3551 0.00102218
  88 87.5 2.3739 0.00103034
  89 88.5 2.38766 0.00103631
  90 89.5 2.38411 0.00103477
  91 90.5 2.37809 0.00103216
  92 91.5 2.38767 0.00103632
  93 92.5 2.37775 0.00103201
  94 93.5 2.38822 0.00103655
  95 94.5 2.3997 0.00104154
  96 95.5 2.40193 0.0010425
  97 96.5 2.40508 0.00104387
  98 97.5 2.41033 0.00104615
  99 98.5 2.42522 0.00105261
  100 99.5 2.42877 0.00105415
  101 100.5 2.40826 0.00104525
  102 101.5 2.40385 0.00104334
  103 102.5 2.40542 0.00104402
  104 103.5 2.39535 0.00103965
  105 104.5 2.39518 0.00103957
  106 105.5 2.41237 0.00104703
  107 106.5 2.41104 0.00104646
  108 107.5 2.4289 0.00105421
  109 108.5 2.4173 0.00104917
  110 109.5 2.43105 0.00105514
  111 110.5 2.41907 0.00104994
  112 111.5 2.43766 0.00105801
  113 112.5 2.45169 0.0010641
  114 113.5 2.4297 0.00105456
  115 114.5 2.44642 0.00106182
  116 115.5 2.43361 0.00105625
  117 116.5 2.43487 0.0010568
  118 117.5 2.43727 0.00105784
  119 118.5 2.44358 0.00106058
  120 119.5 2.44563 0.00106147
  121 120.5 2.44369 0.00106063
  122 121.5 2.41354 0.00104755
  123 122.5 2.41014 0.00104607
  124 123.5 2.42012 0.0010504
  125 124.5 2.44286 0.00106027
  126 125.5 2.42057 0.00105059
  127 126.5 2.42211 0.00105126
  128 127.5 2.40933 0.00104572
  129 128.5 2.41444 0.00104793
  130 129.5 2.41502 0.00104818
  131 130.5 2.41772 0.00104936
  132 131.5 2.42341 0.00105183
  133 132.5 2.43909 0.00105863
  134 133.5 2.45477 0.00106544
  135 134.5 2.44806 0.00106252
  136 135.5 2.42336 0.00105181
  137 136.5 2.42669 0.00105325
  138 137.5 2.4381 0.0010582
  139 138.5 2.41703 0.00104906
  140 139.5 2.43456 0.00105667
  141 140.5 2.44326 0.00106044
  142 141.5 2.42687 0.00105333
  143 142.5 2.44556 0.00106144
  144 143.5 2.45925 0.00106738
  145 144.5 2.48826 0.00107997
  146 145.5 2.49666 0.00108362
  147 146.5 2.52723 0.00109689
  148 147.5 2.5736 0.00111701
  149 148.5 2.65274 0.00115136
  150 149.5 2.75382 0.00119524
  151 150.5 2.86758 0.00124461
  152 151.5 2.99912 0.0013017
  153 152.5 3.17826 0.00137945
  154 153.5 3.45789 0.00150082
  155 154.5 3.80452 0.00165127
  156 155.5 4.22047 0.0018318
  157 156.5 4.75989 0.00206592
  158 157.5 5.4091 0.0023477
  159 158.5 6.22642 0.00270244
  160 159.5 7.25033 0.00314684
  161 160.5 8.40242 0.00364688
  162 161.5 9.73378 0.00422473
  163 162.5 11.199 0.00486068
  164 163.5 12.7375 0.00552844
  165 164.5 14.4032 0.0062514
  166 165.5 16.0413 0.00696239
  167 166.5 17.7214 0.00769159
  168 167.5 19.313 0.00838238
  169 168.5 20.7437 0.00900335
  170 169.5 22.0597 0.00957453
  171 170.5 23.239 0.0100864
  172 171.5 24.242 0.0105217
  173 172.5 25.0745 0.010883
  174 173.5 25.7557 0.0111787
  175 174.5 26.4499 0.01148
  176 175.5 26.9106 0.01168
  177 176.5 27.2537 0.0118288
  178 177.5 27.5241 0.0119462
  179 178.5 27.7798 0.0120572
  180 179.5 28.0296 0.0121656
  181 180.5 28.1395 0.0122133
  182 181.5 28.2866 0.0122772
  183 182.5 28.3007 0.0122833
  184 183.5 28.4154 0.0123331
  185 184.5 28.5245 0.0123804
  186 185.5 28.5262 0.0123812
  187 186.5 28.5779 0.0124036
  188 187.5 28.5877 0.0124078
  189 188.5 28.7041 0.0124584
  190 189.5 28.6662 0.0124419
  191 190.5 28.7355 0.012472
  192 191.5 28.7889 0.0124952
  193 192.5 28.9012 0.0125439
  194 193.5 28.9617 0.0125702
  195 194.5 29.0561 0.0126112
  196 195.5 29.2372 0.0126897
  197 196.5 29.3554 0.0127411
  198 197.5 29.5554 0.0128279
  199 198.5 29.8732 0.0129658
  200 199.5 30.1396 0.0130814
  201 200.5 30.6296 0.0132941
  202 201.5 31.1588 0.0135238
  203 202.5 31.9833 0.0138816
  204 203.5 33.1021 0.0143672
  205 204.5 33.6795 0.0146179
  206 205.5 32.1025 0.0139334
  207 206.5 26.6601 0.0115712
  208 207.5 18.6402 0.00809037
  209 208.5 10.3697 0.00450073
  210 209.5 3.40439 0.0014776
  211 210.5 0.374144 0.000162389
  212 211.5 0.001424 6.18056e-07
  213 212.5 0 0
  214 213.5 0 0
  215 214.5 0 0
  216 215.5 0 0
  217 216.5 0 0
  218 217.5 0 0
  219 218.5 0 0
  220 219.5 0 0
  221 220.5 0 0
  222 221.5 0 0
  223 222.5 0 0
  224 223.5 0 0
  225 224.5 0 0
  226 225.5 0 0
  227 226.5 0 0
  228 227.5 0 0
  229 228.5 0 0
  230 229.5 0 0
  231 230.5 0 0
  232 231.5 0 0
  233 232.5 0 0
  234 233.5 0 0
  235 234.5 0 0
  236 235.5 0 0
  237 236.5 0 0
  238 237.5 0 0
  239 238.5 0 0
  240 239.5 0 0
  241 240.5 0 0
  242 241.5 0 0
  243 242.5 0 0
  244 243.5 0 0
  245 244.5 0 0
  246 245.5 0 0
  247 246.5 0 0
  248 247.5 0 0
  249 248.5 0 0
  250 249.5 0 0
  251 250.5 0 0
  252 251.5 0 0
  253 252.5 0 0
  254 253.5 0 0
  255 254.5 0 0
  256 255.5 0 0
  257 256.5 0 0
  258 257.5 0 0
  259 258.5 0 0
  260 259.5 0 0
  261 260.5 0 0
  262 261.5 0 0
  263 262.5 0 0
  264 263.5 0 0
  265 264.5 0 0
  266 265.5 0 0
  267 266.5 0 0
  268 267.5 0 0
  269 268.5 0 0
  270 269.5 0 0
  271 270.5 0 0
  272 271.5 0 0
  273 272.5 0 0
  274 273.5 0 0
  275 274.5 0 0
  276 275.5 0 0
  277 276.5 0 0
  278 277.5 0 0
  279 278.5 0 0
  280 279.5 0 0
  281 280.5 0 0
  282 281.5 0 0
  283 282.5 0 0
  284 283.5 0 0
  285 284.5 0 0
  286 285.5 0 0
  287 286.5 0 0
  288 287.5 0 0
  289 288.5 0 0
  290 289.5 0 0
  291 290.5 0 0
  292 291.5 0 0
  293 292.5 0 0
  294 293.5 0 0
  295 294.5 0 0
  296 295.5 0 0
  297 296.5 0 0
  298 297.5 0 0
  299 298.5 0 0
  300 299.5 0 0
  301 300.5 0 0
  302 301.5 0 0
  303 302.5 0 0
  304 303.5 0 0
  305 304.5 0 0
  306 305.5 0 0
  307 306.5 0 0
  308 307.5 0 0
  309 308.5 0 0
  310 309.5 0 0
  311 310.5 0 0
  312 311.5 0 0
  313 312.5 0 0
  314 313.5 0 0
  315 314.5 0 0
  316 315.5 0 0
  317 316.5 0 0
  318 317.5 0 0
  319 318.5 0 0
  320 319.5 0 0
  321 320.5 0 0
  322 321.5 0 0
  323 322.5 0 0
  324 323.5 0 0
  325 324.5 0 0
  326 325.5 0 0
  327 326.5 0 0
  328 327.5 0 0
  329 328.5 0 0
  330 329.5 0 0
  331 330.5 0 0
  332 331.5 0 0
  333 332.5 0 0
  334 333.5 0 0
  335 334.5 0 0
  336 335.5 0 0
  337 336.5 0 0
  338 337.5 0 0
  339 338.5 0 0
  340 339.5 0 0
  341 340.5 0 0
  342 341.5 0 0
  343 342.5 0 0
  344 343.5 0 0
  345 344.5 0 0
  346 345.5 0 0
  347 346.5 0 0
  348 347.5 0 0
  349 348.5 0 0
  350 349.5 0 0
  351 350.5 0 0
  352 351.5 0 0
  353 352.5 2.4e-05 1.04167e-08
  354 353.5 0.032312 1.40243e-05
  355 354.5 0.673376 0.000292264
  356 355.5 3.3347 0.00144735
  357 356.5 8.65056 0.00375458
  358 357.5 15.7559 0.00683849
  359 358.5 25.2323 0.0109515
  360 359.5 32.5162 0.0141129
  361 360.5 34.379 0.0149214
  362 361.5 33.2475 0.0144304
  363 362.5 31.9321 0.0138594
  364 363.5 31.2926 0.0135819
  365 364.5 30.7085 0.0133283
  366 365.5 30.201 0.0131081
  367 366.5 29.8465 0.0129542
  368 367.5 29.607 0.0128503
  369 368.5 29.379 0.0127513
  370 369.5 29.2602 0.0126998
  371 370.5 29.0892 0.0126255
  372 371.5 28.9851 0.0125803
  373 372.5 28.9032 0.0125448
  374 373.5 28.8545 0.0125237
  375 374.5 28.8919 0.0125399
  376 375.5 28.7434 0.0124754
  377 376.5 28.7032 0.012458
  378 377.5 28.7186 0.0124647
  379 378.5 28.766 0.0124852
  380 379.5 28.5993 0.0124129
  381 380.5 28.6892 0.0124519
  382 381.5 28.7026 0.0124577
  383 382.5 28.6332 0.0124276
  384 383.5 28.6289 0.0124257
  385 384.5 28.6553 0.0124372
  386 385.5 28.6204 0.012422
  387 386.5 28.5891 0.0124085
  388 387.5 28.6406 0.0124308
  389 388.5 28.628 0.0124253
  390 389.5 28.5654 0.0123982
  391 390.5 28.6183 0.0124211
  392 391.5 28.6022 0.0124141
  393 392.5 28.586 0.0124071
  394 393.5 28.5201 0.0123785
  395 394.5 28.6053 0.0124155
  396 395.5 28.5637 0.0123975
  397 396.5 28.5196 0.0123783
  398 397.5 28.4813 0.0123617
  399 398.5 28.5699 0.0124001
  400 399.5 28.5694 0.0123999
  401 400.5 28.4539 0.0123498
  402 401.5 28.521 0.0123789
  403 402.5 28.561 0.0123962
  404 403.5 28.5445 0.0123891
  405 404.5 28.4823 0.0123621
  406 405.5 28.5009 0.0123702
  407 406.5 28.548 0.0123906
  408 407.5 28.4807 0.0123614
  409 408.5 28.5025 0.0123709
  410 409.5 28.4767 0.0123597
  411 410.5 28.511 0.0123746
  412 411.5 28.5057 0.0123723
  413 412.5 28.45 0.0123481
  414 413.5 28.4599 0.0123524
  415 414.5 28.488 0.0123646
  416 415.5 28.4759 0.0123594
  417 416.5 28.4896 0.0123653
  418 417.5 28.4876 0.0123644
  419 418.5 28.481 0.0123615
  420 419.5 28.5071 0.0123729
  421 420.5 28.5032 0.0123712
  422 421.5 28.5158 0.0123767
  423 422.5 28.5235 0.01238
  424 423.5 28.5329 0.0123841
  425 424.5 28.4806 0.0123614
  426 425.5 28.4881 0.0123646
  427 426.5 28.5365 0.0123857
  428 427.5 28.4515 0.0123488
  429 428.5 28.4819 0.0123619
  430 429.5 28.5245 0.0123804
  431 430.5 28.4577 0.0123514
  432 431.5 28.4546 0.0123501
  433 432.5 28.4934 0.0123669
  434 433.5 28.472 0.0123576
  435 434.5 28.431 0.0123399
  436 435.5 28.4632 0.0123538
  437 436.5 28.4719 0.0123576
  438 437.5 28.4918 0.0123663
  439 438.5 28.4934 0.0123669
  440 439.5 28.5027 0.012371
  441 440.5 28.4384 0.012343
  442 441.5 28.4346 0.0123414
  443 442.5 28.4572 0.0123512
  444 443.5 28.5007 0.0123701
  445 444.5 28.4857 0.0123636
  446 445.5 28.4025 0.0123275
  447 446.5 28.4187 0.0123345
  448 447.5 28.4584 0.0123517
  449 448.5 28.5136 0.0123757
  450 449.5 28.3916 0.0123228
  451 450.5 28.4154 0.0123331
  452 451.5 28.4009 0.0123268
  453 452.5 28.3565 0.0123075
  454 453.5 28.3501 0.0123047
  455 454.5 28.3174 0.0122905
  456 455.5 28.1817 0.0122316
  457 456.5 28.081 0.0121879
  458 457.5 28.0437 0.0121717
  459 458.5 27.9741 0.0121415
  460 459.5 27.7447 0.012042
  461 460.5 27.5881 0.011974
  462 461.5 27.4062 0.0118951
  463 462.5 27.0842 0.0117553
  464 463.5 26.6693 0.0115752
  465 464.5 26.1768 0.0113615
  466 465.5 25.6782 0.0111451
  467 466.5 24.9499 0.010829
  468 467.5 24.053 0.0104397
  469 468.5 23.0363 0.00999838
  470 469.5 21.9488 0.00952639
  471 470.5 20.6238 0.00895131
  472 471.5 19.1532 0.00831303
  473 472.5 17.6933 0.00767939
  474 473.5 16.0748 0.00697692
  475 474.5 14.3902 0.00624573
  476 475.5 12.8096 0.00555973
  477 476.5 11.277 0.00489453
  478 477.5 9.85442 0.00427709
  479 478.5 8.54359 0.00370816
  480 479.5 7.41632 0.00321889
57500000 480 5023.000000000003
  1 0.5 3.97789 0.00172651
  2 1.5 3.56857 0.00154886
  3 2.5 3.29226 0.00142893
  4 3.5 3.06882 0.00133195
  5 4.5 2.88424 0.00125184
  6 5.5 2.75306 0.0011949
  7 6.5 2.67084 0.00115922
  8 7.5 2.59035 0.00112428
  9 8.5 2.53967 0.00110229
  10 9.5 2.51318 0.00109079
  11 10.5 2.46702 0.00107076
  12 11.5 2.44328 0.00106045
  13 12.5 2.43678 0.00105763
  14 13.5 2.41722 0.00104914
  15 14.5 2.40054 0.0010419
  16 15.5 2.4264 0.00105313
  17 16.5 2.41507 0.00104821
  18 17.5 2.38202 0.00103386
  19 18.5 2.3881 0.0010365
  20 19.5 2.40255 0.00104277
  21 20.5 2.36449 0.00102625
  22 21.5 2.35807 0.00102347
  23 22.5 2.33655 0.00101413
  24 23.5 2.34342 0.00101711
  25 24.5 2.34073 0.00101594
  26 25.5 2.32922 0.00101094
  27 26.5 2.33934 0.00101534
  28 27.5 2.3327 0.00101246
  29 28.5 2.34955 0.00101977
  30 29.5 2.3337 0.00101289
  31 30.5 2.32693 0.00100995
  32 31.5 2.31651 0.00100543
  33 32.5 2.30978 0.00100251
  34 33.5 2.34353 0.00101716
  35 34.5 2.34161 0.00101632
  36 35.5 2.31857 0.00100632
  37 36.5 2.31983 0.00100687
  38 37.5 2.32003 0.00100696
  39 38.5 2.33122 0.00101181
  40 39.5 2.34957 0.00101978
  41 40.5 2.33954 0.00101543
  42 41.5 2.35025 0.00102007
  43 42.5 2.35803 0.00102345
  44 43.5 2.34843 0.00101928
  45 44.5 2.35882 0.00102379
  46 45.5 2.35589 0.00102252
  47 46.5 2.36784 0.00102771
  48 47.5 2.35687 0.00102295
  49 48.5 2.3433 0.00101706
  50 49.5 2.35609 0.00102261
  51 50.5 2.35658 0.00102282
  52 51.5 2.35553 0.00102236
  53 52.5 2.3675 0.00102756
  54 53.5 2.32524 0.00100922
  55 54.5 2.33389 0.00101297
  56 55.5 2.34141 0.00101624
  57 56.5 2.34457 0.00101761
  58 57.5 2.34606 0.00101825
  59 58.5 2.35531 0.00102227
  60 59.5 2.33822 0.00101485
  61 60.5 2.34494 0.00101777
  62 61.5 2.3657 0.00102678
  63 62.5 2.35269 0.00102113
  64 63.5 2.3539 0.00102166
  65 64.5 2.36819 0.00102786
  66 65.5 2.36411 0.00102609
  67 66.5 2.36538 0.00102664
  68 67.5 2.36724 0.00102745
  69 68.5 2.35298 0.00102126
  70 69.5 2.33752 0.00101455
  71 70.5 2.35611 0.00102262
  72 71.5 2.36642 0.00102709
  73 72.5 2.355 0.00102214
  74 73.5 2.33182 0.00101207
  75 74.5 2.33944 0.00101538
  76 75.5 2.34496 0.00101778
  77 76.5 2.31114 0.0010031
  78 77.5 2.31015 0.00100267
  79 78.5 2.34333 0.00101707
  80 79.5 2.36802 0.00102778
  81 80.5 2.3429 0.00101688
  82 81.5 2.33923 0.00101529
  83 82.5 2.33778 0.00101466
  84 83.5 2.33006 0.00101131
  85 84.5 2.35005 0.00101999
  86 85.5 2.32909 0.00101089
  87 86.5 2.32627 0.00100967
  88 87.5 2.34981 0.00101988
  89 88.5 2.35973 0.00102419
  90 89.5 2.36232 0.00102531
  91 90.5 2.35948 0.00102408
  92 91.5 2.33943 0.00101538
  93 92.5 2.3653 0.0010266
  94 93.5 2.37729 0.00103181
  95 94.5 2.34265 0.00101677
  96 95.5 2.33798 0.00101475
  97 96.5 2.33593 0.00101386
  98 97.5 2.33771 0.00101463
  99 98.5 2.3272 0.00101007
  100 99.5 2.33482 0.00101337
  101 100.5 2.33926 0.0010153
  102 101.5 2.35364 0.00102155
  103 102.5 2.33494 0.00101343
  104 103.5 2.33686 0.00101426
  105 104.5 2.33986 0.00101556
  106 105.5 2.34476 0.00101769
  107 106.5 2.34558 0.00101805
  108 107.5 2.32597 0.00100953
  109 108.5 2.33775 0.00101465
  110 109.5 2.33534 0.0010136
  111 110.5 2.3348 0.00101337
  112 111.5 2.34042 0.00101581
  113 112.5 2.35542 0.00102232
  114 113.5 2.36294 0.00102558
  115 114.5 2.35058 0.00102022
  116 115.5 2.36254 0.00102541
  117 116.5 2.36313 0.00102566
  118 117.5 2.36956 0.00102845
  119 118.5 2.35772 0.00102332
  120 119.5 2.36593 0.00102688
  121 120.5 2.35332 0.00102141
  122 121.5 2.37984 0.00103292
  123 122.5 2.37898 0.00103254
  124 123.5 2.3676 0.0010276
  125 124.5 2.38074 0.00103331
  126 125.5 2.36209 0.00102521
  127 126.5 2.391 0.00103776
  128 127.5 2.40522 0.00104393
  129 128.5 2.40492 0.0010438
  130 129.5 2.39149 0.00103797
  131 130.5 2.41581 0.00104853
  132 131.5 2.41489 0.00104813
  133 132.5 2.42952 0.00105448
  134 133.5 2.43134 0.00105527
  135 134.5 2.44142 0.00105965
  136 135.5 2.42052 0.00105057
  137 136.5 2.44407 0.0010608
  138 137.5 2.44534 0.00106135
  139 138.5 2.44898 0.00106292
  140 139.5 2.47527 0.00107434
  141 140.5 2.49581 0.00108325
  142 141.5 2.51675 0.00109234
  143 142.5 2.52959 0.00109791
  144 143.5 2.58752 0.00112306
  145 144.5 2.59947 0.00112824
  146 145.5 2.66586 0.00115706
  147 146.5 2.72729 0.00118372
  148 147.5 2.80845 0.00121894
  149 148.5 2.9537 0.00128199
  150 149.5 3.11092 0.00135023
  151 150.5 3.33243 0.00144637
  152 151.5 3.6575 0.00158745
  153 152.5 4.11033 0.001784
  154 153.5 4.59681 0.00199514
  155 154.5 5.29598 0.0022986
  156 155.5 6.18474 0.00268435
  157 156.5 7.22058 0.00313393
  158 157.5 8.44679 0.00366614
  159 158.5 9.91973 0.00430544
  160 159.5 11.4706 0.00497856
  161 160.5 13.1459 0.0057057
  162 161.5 14.9391 0.00648399
  163 162.5 16.7174 0.00725583
  164 163.5 18.442 0.00800433
  165 164.5 20.037 0.00869659
  166 165.5 21.5499 0.00935324
  167 166.5 22.8198 0.00990441
  168 167.5 23.9386 0.01039
  169 168.5 24.8708 0.0107946
  170 169.5 25.6752 0.0111437
  171 170.5 26.2915 0.0114113
  172 171.5 26.7627 0.0116157
  173 172.5 27.1879 0.0118003
  174 173.5 27.4213 0.0119016
  175 174.5 27.743 0.0120412
  176 175.5 27.9008 0.0121097
  177 176.5 28.1132 0.0122019
  178 177.5 28.1526 0.012219
  179 178.5 28.2168 0.0122469
  180 179.5 28.3613 0.0123096
  181 180.5 28.3579 0.0123081
  182 181.5 28.4128 0.012332
  183 182.5 28.4748 0.0123589
  184 183.5 28.5671 0.0123989
  185 184.5 28.5558 0.012394
  186 185.5 28.541 0.0123876
  187 186.5 28.6265 0.0124247
  188 187.5 28.6292 0.0124259
  189 188.5 28.7103 0.0124611
  190 189.5 28.724 0.012467
  191 190.5 28.7512 0.0124788
  192 191.5 28.8335 0.0125146
  193 192.5 28.9724 0.0125748
  194 193.5 28.9842 0.01258
  195 194.5 29.0798 0.0126214
  196 195.5 29.3309 0.0127304
  197 196.5 29.5425 0.0128223
  198 197.5 29.7093 0.0128947
  199 198.5 30.0565 0.0130454
  200 199.5 30.6059 0.0132838
  201 200.5 31.1323 0.0135123
  202 201.5 31.7486 0.0137798
  203 202.5 32.835 0.0142513
  204 203.5 33.9994 0.0147567
  205 204.5 33.8567 0.0146948
  206 205.5 29.3752 0.0127497
  207 206.5 19.4679 0.00844959
  208 207.5 9.04426 0.00392546
  209 208.5 3.36921 0.00146233
  210 209.5 0.727008 0.000315542
  211 210.5 0.029168 1.26597e-05
  212 211.5 0 0
  213 212.5 0 0
  214 213.5 0 0
  215 214.5 0 0
  216 215.5 0 0
  217 216.5 0 0
  218 217.5 0 0
  219 218.5 0 0
  220 219.5 0 0
  221 220.5 0 0
  222 221.5 0 0
  223 222.5 0 0
  224 223.5 0 0
  225 224.5 0 0
  226 225.5 0 0
  227 226.5 0 0
  228 227.5 0 0
  229 228.5 0 0
  230 229.5 0 0
  231 230.5 0 0
  232 231.5 0 0
  233 232.5 0 0
  234 233.5 0 0
  235 234.5 0 0
  236 235.5 0 0
  237 236.5 0 0
  238 237.5 0 0
  239 238.5 0 0
  240 239.5 0 0
  241 240.5 0 0
  242 241.5 0 0
  243 242.5 0 0
  244 243.5 0 0
  245 244.5 0 0
  246 245.5 0 0
  247 246.5 0 0
  248 247.5 0 0
  249 248.5 0 0
  250 249.5 0 0
  251 250.5 0 0
  252 251.5 0 0
  253 252.5 0 0
  254 253.5 0 0
  255 254.5 0 0
  256 255.5 0 0
  257 256.5 0 0
  258 257.5 0 0
  259 258.5 0 0
  260 259.5 0 0
  261 260.5 0 0
  262 261.5 0 0
  263 262.5 0 0
  264 263.5 0 0
  265 264.5 0 0
  266 265.5 0 0
  267 266.5 0 0
  268 267.5 0 0
  269 268.5 0 0
  270 269.5 0 0
  271 270.5 0 0
  272 271.5 0 0
  273 272.5 0 0
  274 273.5 0 0
  275 274.5 0 0
  276 275.5 0 0
  277 276.5 0 0
  278 277.5 0 0
  279 278.5 0 0
  280 279.5 0 0
  281 280.5 0 0
  282 281.5 0 0
  283 282.5 0 0
  284 283.5 0 0
  285 284.5 0 0
  286 285.5 0 0
  287 286.5 0 0
  288 287.5 0 0
  289 288.5 0 0
  290 289.5 0 0
  291 290.5 0 0
  292 291.5 0 0
  293 292.5 0 0
  294 293.5 0 0
  295 294.5 0 0
  296 295.5 0 0
  297 296.5 0 0
  298 297.5 0 0
  299 298.5 0 0
  300 299.5 0 0
  301 300.5 0 0
  302 301.5 0 0
  303 302.5 0 0
  304 303.5 0 0
  305 304.5 0 0
  306 305.5 0 0
  307 306.5 0 0
  308 307.5 0 0
  309 308.5 0 0
  310 309.5 0 0
  311 310.5 0 0
  312 311.5 0 0
  313 312.5 0 0
  314 313.5 0 0
  315 314.5 0 0
  316 315.5 0 0
  317 316.5 0 0
  318 317.5 0 0
  319 318.5 0 0
  320 319.5 0 0
  321 320.5 0 0
  322 321.5 0 0
  323 322.5 0 0
  324 323.5 0 0
  325 324.5 0 0
  326 325.5 0 0
  327 326.5 0 0
  328 327.5 0 0
  329 328.5 0 0
  330 329.5 0 0
  331 330.5 0 0
  332 331.5 0 0
  333 332.5 0 0
  334 333.5 0 0
  335 334.5 0 0
  336 335.5 0 0
  337 336.5 0 0
  338 337.5 0 0
  339 338.5 0 0
  340 339.5 0 0
  341 340.5 0 0
  342 341.5 0 0
  343 342.5 0 0
  344 343.5 0 0
  345 344.5 0 0
  346 345.5 0 0
  347 346.5 0 0
  348 347.5 0 0
  349 348.5 0 0
  350 349.5 0 0
  351 350.5 0 0
  352 351.5 0 0
  353 352.5 0.000184 7.98611e-08
  354 353.5 0.189552 8.22708e-05
  355 354.5 2.17134 0.00094242
  356 355.5 6.60449 0.00286653
  357 356.5 15.2332 0.00661161
  358 357.5 25.5541 0.0110912
  359 358.5 32.2534 0.0139989
  360 359.5 34.0236 0.0147672
  361 360.5 33.3013 0.0144537
  362 361.5 32.2088 0.0139795
  363 362.5 31.3178 0.0135928
  364 363.5 30.6718 0.0133124
  365 364.5 30.2092 0.0131116
  366 365.5 29.93 0.0129904
  367 366.5 29.6422 0.0128656
  368 367.5 29.3525 0.0127398
  369 368.5 29.1973 0.0126724
  370 369.5 29.0695 0.012617
  371 370.5 28.9841 0.0125799
  372 371.5 28.8761 0.012533
  373 372.5 28.7794 0.0124911
  374 373.5 28.7358 0.0124721
  375 374.5 28.7257 0.0124678
  376 375.5 28.6541 0.0124367
  377 376.5 28.6159 0.0124201
  378 377.5 28.6302 0.0124263
  379 378.5 28.6243 0.0124237
  380 379.5 28.5902 0.0124089
  381 380.5 28.5974 0.0124121
  382 381.5 28.5846 0.0124065
  383 382.5 28.5508 0.0123918
  384 383.5 28.5357 0.0123853
  385 384.5 28.5959 0.0124114
  386 385.5 28.538 0.0123863
  387 386.5 28.5316 0.0123835
  388 387.5 28.5693 0.0123999
  389 388.5 28.5185 0.0123778
  390 389.5 28.5836 0.0124061
  391 390.5 28.5439 0.0123888
  392 391.5 28.563 0.0123971
  393 392.5 28.5645 0.0123978
  394 393.5 28.6081 0.0124167
  395 394.5 28.4911 0.0123659
  396 395.5 28.5676 0.0123991
  397 396.5 28.5612 0.0123964
  398 397.5 28.5283 0.0123821
  399 398.5 28.5504 0.0123917
  400 399.5 28.5434 0.0123886
  401 400.5 28.5431 0.0123885
  402 401.5 28.5857 0.012407
  403 402.5 28.54 0.0123871
  404 403.5 28.5189 0.012378
  405 404.5 28.5407 0.0123874
  406 405.5 28.4907 0.0123658
  407 406.5 28.5025 0.0123709
  408 407.5 28.5831 0.0124059
  409 408.5 28.5271 0.0123815
  410 409.5 28.5441 0.0123889
  411 410.5 28.5593 0.0123955
  412 411.5 28.566 0.0123984
  413 412.5 28.571 0.0124006
  414 413.5 28.6251 0.0124241
  415 414.5 28.5367 0.0123857
  416 415.5 28.5668 0.0123988
  417 416.5 28.6193 0.0124216
  418 417.5 28.615 0.0124197
  419 418.5 28.5703 0.0124003
  420 419.5 28.6444 0.0124325
  421 420.5 28.5673 0.012399
  422 421.5 28.6299 0.0124262
  423 422.5 28.6086 0.0124169
  424 423.5 28.6134 0.012419
  425 424.5 28.5687 0.0123996
  426 425.5 28.6253 0.0124242
  427 426.5 28.5884 0.0124081
  428 427.5 28.5696 0.0124
  429 428.5 28.572 0.012401
  430 429.5 28.6003 0.0124133
  431 430.5 28.5895 0.0124086
  432 431.5 28.5381 0.0123863
  433 432.5 28.6282 0.0124254
  434 433.5 28.5675 0.0123991
  435 434.5 28.5838 0.0124062
  436 435.5 28.5808 0.0124049
  437 436.5 28.6415 0.0124312
  438 437.5 28.5942 0.0124107
  439 438.5 28.5907 0.0124092
  440 439.5 28.5777 0.0124035
  441 440.5 28.5791 0.0124041
  442 441.5 28.5859 0.0124071
  443 442.5 28.5392 0.0123868
  444 443.5 28.5403 0.0123873
  445 444.5 28.6183 0.0124211
  446 445.5 28.5442 0.012389
  447 446.5 28.5177 0.0123775
  448 447.5 28.4795 0.0123609
  449 448.5 28.5119 0.012375
  450 449.5 28.4973 0.0123686
  451 450.5 28.4412 0.0123443
  452 451.5 28.3496 0.0123045
  453 452.5 28.3557 0.0123071
  454 453.5 28.3521 0.0123056
  455 454.5 28.1506 0.0122181
  456 455.5 28.0137 0.0121587
  457 456.5 27.9868 0.0121471
  458 457.5 27.7907 0.0120619
  459 458.5 27.5026 0.0119369
  460 459.5 27.2817 0.011841
  461 460.5 26.903 0.0116767
  462 461.5 26.4538 0.0114817
  463 462.5 25.8065 0.0112007
  464 463.5 25.1598 0.0109201
  465 464.5 24.3061 0.0105495
  466 465.5 23.252 0.010092
  467 466.5 22.0553 0.00957259
  468 467.5 20.6459 0.00896091
  469 468.5 19.1008 0.00829026
  470 469.5 17.5081 0.00759899
  471 470.5 15.7214 0.0068235
  472 471.5 13.981 0.00606816
  473 472.5 12.3476 0.00535918
  474 473.5 10.7832 0.00468023
  475 474.5 9.29062 0.00403239
  476 475.5 7.97438 0.0034611
  477 476.5 6.86373 0.00297905
  478 477.5 5.90194 0.00256161
  479 478.5 5.12392 0.00222392
  480 479.5 4.4905 0.001949
60000000 480 5023.0000000000055
  1 0.5 10.6802 0.00463549
  2 1.5 9.48457 0.00411657
  3 2.5 8.3173 0.00360994
  4 3.5 7.32002 0.00317709
  5 4.5 6.37846 0.00276843
  6 5.5 5.55429 0.00241072
  7 6.5 4.9217 0.00213616
  8 7.5 4.38958 0.0019052
  9 8.5 3.93422 0.00170756
  10 9.5 3.57554 0.00155188
  11 10.5 3.30331 0.00143373
  12 11.5 3.09322 0.00134254
  13 12.5 2.91434 0.0012649
  14 13.5 2.79329 0.00121236
  15 14.5 2.68517 0.00116544
  16 15.5 2.61835 0.00113644
  17 16.5 2.58062 0.00112006
  18 17.5 2.56075 0.00111144
  19 18.5 2.53214 0.00109902
  20 19.5 2.5151 0.00109162
  21 20.5 2.4949 0.00108286
  22 21.5 2.4788 0.00107587
  23 22.5 2.46475 0.00106977
  24 23.5 2.46022 0.00106781
  25 24.5 2.44962 0.0010632
  26 25.5 2.43075 0.00105501
  27 26.5 2.42689 0.00105334
  28 27.5 2.42784 0.00105375
  29 28.5 2.42334 0.0010518
  30 29.5 2.42175 0.00105111
  31 30.5 2.40752 0.00104493
  32 31.5 2.41278 0.00104721
  33 32.5 2.38743 0.00103621
  34 33.5 2.39506 0.00103952
  35 34.5 2.40338 0.00104314
  36 35.5 2.41062 0.00104628
  37 36.5 2.41573 0.00104849
  38 37.5 2.4038 0.00104332
  39 38.5 2.45158 0.00106405
  40 39.5 2.47246 0.00107312
  41 40.5 2.44288 0.00106028
  42 41.5 2.45192 0.0010642
  43 42.5 2.43768 0.00105802
  44 43.5 2.42818 0.0010539
  45 44.5 2.42977 0.00105459
  46 45.5 2.46139 0.00106831
  47 46.5 2.44403 0.00106078
  48 47.5 2.44892 0.0010629
  49 48.5 2.44409 0.0010608
  50 49.5 2.4375 0.00105794
  51 50.5 2.42797 0.00105381
  52 51.5 2.42069 0.00105065
  53 52.5 2.43722 0.00105782
  54 53.5 2.42988 0.00105464
  55 54.5 2.43122 0.00105522
  56 55.5 2.4283 0.00105395
  57 56.5 2.43505 0.00105688
  58 57.5 2.44984 0.0010633
  59 58.5 2.43491 0.00105682
  60 59.5 2.45089 0.00106375
  61 60.5 2.44468 0.00106106
  62 61.5 2.44792 0.00106247
  63 62.5 2.45289 0.00106462
  64 63.5 2.4483 0.00106263
  65 64.5 2.45188 0.00106418
  66 65.5 2.46239 0.00106875
  67 66.5 2.4644 0.00106962
  68 67.5 2.46938 0.00107178
  69 68.5 2.46655 0.00107055
  70 69.5 2.48503 0.00107857
  71 70.5 2.48146 0.00107702
  72 71.5 2.47193 0.00107289
  73 72.5 2.46044 0.0010679
  74 73.5 2.45248 0.00106444
  75 74.5 2.44349 0.00106054
  76 75.5 2.44148 0.00105967
  77 76.5 2.43669 0.00105759
  78 77.5 2.46385 0.00106938
  79 78.5 2.47786 0.00107546
  80 79.5 2.48171 0.00107713
  81 80.5 2.45075 0.00106369
  82 81.5 2.44977 0.00106327
  83 82.5 2.44334 0.00106048
  84 83.5 2.44735 0.00106222
  85 84.5 2.44198 0.00105989
  86 85.5 2.43889 0.00105855
  87 86.5 2.43774 0.00105805
  88 87.5 2.43178 0.00105546
  89 88.5 2.44146 0.00105966
  90 89.5 2.43439 0.00105659
  91 90.5 2.42433 0.00105223
  92 91.5 2.43952 0.00105882
  93 92.5 2.43252 0.00105578
  94 93.5 2.40239 0.0010427
  95 94.5 2.42895 0.00105423
  96 95.5 2.40175 0.00104243
  97 96.5 2.43195 0.00105553
  98 97.5 2.42874 0.00105414
  99 98.5 2.44483 0.00106113
  100 99.5 2.44366 0.00106062
  101 100.5 2.44242 0.00106008
  102 101.5 2.435 0.00105686
  103 102.5 2.4098 0.00104592
  104 103.5 2.40558 0.00104409
  105 104.5 2.40945 0.00104577
  106 105.5 2.41759 0.0010493
  107 106.5 2.4439 0.00106072
  108 107.5 2.42233 0.00105136
  109 108.5 2.41568 0.00104847
  110 109.5 2.43144 0.00105531
  111 110.5 2.43754 0.00105796
  112 111.5 2.44803 0.00106251
  113 112.5 2.43248 0.00105576
  114 113.5 2.43406 0.00105645
  115 114.5 2.42095 0.00105076
  116 115.5 2.40852 0.00104536
  117 116.5 2.43245 0.00105575
  118 117.5 2.44067 0.00105932
  119 118.5 2.43431 0.00105656
  120 119.5 2.43818 0.00105824
  121 120.5 2.43933 0.00105874
  122 121.5 2.42995 0.00105467
  123 122.5 2.46533 0.00107002
  124 123.5 2.4664 0.00107049
  125 124.5 2.4727 0.00107322
  126 125.5 2.45782 0.00106676
  127 126.5 2.46953 0.00107184
  128 127.5 2.44882 0.00106285
  129 128.5 2.46195 0.00106856
  130 129.5 2.4761 0.0010747
  131 130.5 2.46873 0.0010715
  132 131.5 2.49305 0.00108205
  133 132.5 2.51478 0.00109149
  134 133.5 2.50242 0.00108612
  135 134.5 2.50559 0.0010875
  136 135.5 2.50448 0.00108701
  137 136.5 2.49497 0.00108289
  138 137.5 2.51187 0.00109022
  139 138.5 2.51334 0.00109086
  140 139.5 2.51101 0.00108985
  141 140.5 2.49192 0.00108156
  142 141.5 2.48159 0.00107708
  143 142.5 2.48851 0.00108008
  144 143.5 2.50657 0.00108792
  145 144.5 2.48935 0.00108045
  146 145.5 2.51006 0.00108944
  147 146.5 2.5344 0.0011
  148 147.5 2.54805 0.00110592
  149 148.5 2.55466 0.0011088
  150 149.5 2.62554 0.00113956
  151 150.5 2.67906 0.00116279
  152 151.5 2.76789 0.00120134
  153 152.5 2.86302 0.00124263
  154 153.5 2.99523 0.00130001
  155 154.5 3.2169 0.00139623
  156 155.5 3.46156 0.00150241
  157 156.5 3.77753 0.00163955
  158 157.5 4.18138 0.00181484
  159 158.5 4.65288 0.00201948
  160 159.5 5.29342 0.00229749
  161 160.5 5.99682 0.00260279
  162 161.5 6.78408 0.00294448
  163 162.5 7.70862 0.00334575
  164 163.5 8.80135 0.00382003
  165 164.5 10.0152 0.00434686
  166 165.5 11.2449 0.00488062
  167 166.5 12.5726 0.00545686
  168 167.5 13.9204 0.00604186
  169 168.5 15.2341 0.00661202
  170 169.5 16.6337 0.00721951
  171 170.5 18.0102 0.00781694
  172 171.5 19.2324 0.00834738
  173 172.5 20.4676 0.00888352
  174 173.5 21.6809 0.00941011
  175 174.5 22.7623 0.00987947
  176 175.5 23.6721 0.0102743
  177 176.5 24.5133 0.0106394
  178 177.5 25.3861 0.0110183
  179 178.5 25.957 0.011266
  180 179.5 26.4793 0.0114928
  181 180.5 26.9533 0.0116985
  182 181.5 27.2651 0.0118338
  183 182.5 27.4689 0.0119223
  184 183.5 27.7734 0.0120544
  185 184.5 27.9373 0.0121256
  186 185.5 28.1487 0.0122173
  187 186.5 28.2186 0.0122477
  188 187.5 28.2928 0.0122799
  189 188.5 28.4243 0.0123369
  190 189.5 28.5281 0.012382
  191 190.5 28.5848 0.0124066
  192 191.5 28.5802 0.0124046
  193 192.5 28.7213 0.0124659
  194 193.5 28.7935 0.0124972
  195 194.5 28.894 0.0125408
  196 195.5 29.014 0.0125929
  197 196.5 29.1784 0.0126642
  198 197.5 29.2887 0.0127121
  199 198.5 29.5888 0.0128424
  200 199.5 29.831 0.0129475
  201 200.5 30.2558 0.0131319
  202 201.5 30.6407 0.0132989
  203 202.5 31.3213 0.0135943
  204 203.5 32.1273 0.0139441
  205 204.5 33.0228 0.0143328
  206 205.5 33.2965 0.0144516
  207 206.5 30.8382 0.0133846
  208 207.5 25.1742 0.0109263
  209 208.5 17.6937 0.00767956
  210 209.5 10.6044 0.00460262
  211 210.5 4.68436 0.00203314
  212 211.5 1.2029 0.00052209
  213 212.5 0.129672 5.62813e-05
  214 213.5 0.000696 3.02083e-07
  215 214.5 0 0
  216 215.5 0 0
  217 216.5 0 0
  218 217.5 0 0
  219 218.5 0 0
  220 219.5 0 0
  221 220.5 0 0
  222 221.5 0 0
  223 222.5 0 0
  224 223.5 0 0
  225 224.5 0 0
  226 225.5 0 0
  227 226.5 0 0
  228 227.5 0 0
  229 228.5 0 0
  230 229.5 0 0
  231 230.5 0 0
  232 231.5 0 0
  233 232.5 0 0
  234 233.5 0 0
  235 234.5 0 0
  236 235.5 0 0
  237 236.5 0 0
  238 237.5 0 0
  239 238.5 0 0
  240 239.5 0 0
  241 240.5 0 0
  242 241.5 0 0
  243 242.5 0 0
  244 243.5 0 0
  245 244.5 0 0
  246 245.5 0 0
  247 246.5 0 0
  248 247.5 0 0
  249 248.5 0 0
  250 249.5 0 0
  251 250.5 0 0
  252 251.5 0 0
  253 252.5 0 0
  254 253.5 0 0
  255 254.5 0 0
  256 255.5 0 0
  257 256.5 0 0
  258 257.5 0 0
  259 258.5 0 0
  260 259.5 0 0
  261 260.5 0 0
  262 261.5 0 0
  263 262.5 0 0
  264 263.5 0 0
  265 264.5 0 0
  266 265.5 0 0
  267 266.5 0 0
  268 267.5 0 0
  269 268.5 0 0
  270 269.5 0 0
  271 270.5 0 0
  272 271.5 0 0
  273 272.5 0 0
  274 273.5 0 0
  275 274.5 0 0
  276 275.5 0 0
  277 276.5 0 0
  278 277.5 0 0
  279 278.5 0 0
  280 279.5 0 0
  281 280.5 0 0
  282 281.5 0 0
  283 282.5 0 0
  284 283.5 0 0
  285 284.5 0 0
  286 285.5 0 0
  287 286.5 0 0
  288 287.5 0 0
  289 288.5 0 0
  290 289.5 0 0
  291 290.5 0 0
  292 291.5 0 0
  293 292.5 0 0
  294 293.5 0 0
  295 294.5 0 0
  296 295.5 0 0
  297 296.5 0 0
  298 297.5 0 0
  299 298.5 0 0
  300 299.5 0 0
  301 300.5 0 0
  302 301.5 0 0
  303 302.5 0 0
  304 303.5 0 0
  305 304.5 0 0
  306 305.5 0 0
  307 306.5 0 0
  308 307.5 0 0
  309 308.5 0 0
  310 309.5 0 0
  311 310.5 0 0
  312 311.5 0 0
  313 312.5 0 0
  314 313.5 0 0
  315 314.5 0 0
  316 315.5 0 0
  317 316.5 0 0
  318 317.5 0 0
  319 318.5 0 0
  320 319.5 0 0
  321 320.5 0 0
  322 321.5 0 0
  323 322.5 0 0
  324 323.5 0 0
  325 324.5 0 0
  326 325.5 0 0
  327 326.5 0 0
  328 327.5 0 0
  329 328.5 0 0
  330 329.5 0 0
  331 330.5 0 0
  332 331.5 0 0
  333 332.5 0 0
  334 333.5 0 0
  335 334.5 0 0
  336 335.5 0 0
  337 336.5 0 0
  338 337.5 0 0
  339 338.5 0 0
  340 339.5 0 0
  341 340.5 0 0
  342 341.5 0 0
  343 342.5 0 0
  344 343.5 0 0
  345 344.5 0 0
  346 345.5 0 0
  347 346.5 0 0
  348 347.5 0 0
  349 348.5 0 0
  350 349.5 0 0
  351 350.5 0 0
  352 351.5 0 0
  353 352.5 0 0
  354 353.5 0.000192 8.33333e-08
  355 354.5 0.097248 4.22083e-05
  356 355.5 0.947008 0.000411028
  357 356.5 3.93542 0.00170808
  358 357.5 9.61954 0.00417515
  359 358.5 17.1927 0.00746212
  360 359.5 24.9872 0.0108451
  361 360.5 30.7982 0.0133673
  362 361.5 33.5453 0.0145596
  363 362.5 33.243 0.0144284
  364 363.5 32.04 0.0139062
  365 364.5 31.2734 0.0135735
  366 365.5 30.5915 0.0132776
  367 366.5 30.2389 0.0131245
  368 367.5 29.8722 0.0129654
  369 368.5 29.5102 0.0128082
  370 369.5 29.2894 0.0127124
  371 370.5 29.2775 0.0127072
  372 371.5 29.0277 0.0125988
  373 372.5 28.9052 0.0125457
  374 373.5 28.825 0.0125109
  375 374.5 28.8417 0.0125181
  376 375.5 28.7505 0.0124785
  377 376.5 28.7092 0.0124606
  378 377.5 28.6631 0.0124406
  379 378.5 28.6839 0.0124496
  380 379.5 28.6602 0.0124393
  381 380.5 28.653 0.0124362
  382 381.5 28.6052 0.0124154
  383 382.5 28.6419 0.0124314
  384 383.5 28.6008 0.0124135
  385 384.5 28.6464 0.0124333
  386 385.5 28.5936 0.0124104
  387 386.5 28.6145 0.0124195
  388 387.5 28.6255 0.0124242
  389 388.5 28.6123 0.0124185
  390 389.5 28.5861 0.0124072
  391 390.5 28.6404 0.0124307
  392 391.5 28.597 0.0124119
  393 392.5 28.5852 0.0124068
  394 393.5 28.6043 0.0124151
  395 394.5 28.6641 0.012441
  396 395.5 28.5769 0.0124032
  397 396.5 28.6206 0.0124221
  398 397.5 28.6012 0.0124137
  399 398.5 28.6474 0.0124338
  400 399.5 28.6137 0.0124191
  401 400.5 28.6114 0.0124181
  402 401.5 28.645 0.0124327
  403 402.5 28.6663 0.012442
  404 403.5 28.6219 0.0124227
  405 404.5 28.6462 0.0124332
  406 405.5 28.592 0.0124097
  407 406.5 28.6988 0.0124561
  408 407.5 28.5819 0.0124053
  409 408.5 28.5832 0.0124059
  410 409.5 28.6619 0.0124401
  411 410.5 28.5685 0.0123995
  412 411.5 28.5537 0.0123931
  413 412.5 28.6183 0.0124211
  414 413.5 28.6661 0.0124419
  415 414.5 28.5255 0.0123809
  416 415.5 28.6186 0.0124213
  417 416.5 28.5867 0.0124074
  418 417.5 28.6101 0.0124176
  419 418.5 28.5317 0.0123836
  420 419.5 28.5676 0.0123991
  421 420.5 28.572 0.012401
  422 421.5 28.5791 0.0124041
  423 422.5 28.5036 0.0123714
  424 423.5 28.5935 0.0124104
  425 424.5 28.5533 0.0123929
  426 425.5 28.4746 0.0123587
  427 426.5 28.5759 0.0124027
  428 427.5 28.5895 0.0124086
  429 428.5 28.5781 0.0124037
  430 429.5 28.4939 0.0123672
  431 430.5 28.525 0.0123806
  432 431.5 28.5263 0.0123812
  433 432.5 28.5869 0.0124075
  434 433.5 28.5798 0.0124044
  435 434.5 28.5336 0.0123844
  436 435.5 28.5608 0.0123962
  437 436.5 28.5729 0.0124014
  438 437.5 28.5026 0.0123709
  439 438.5 28.5015 0.0123704
  440 439.5 28.6139 0.0124192
  441 440.5 28.5938 0.0124105
  442 441.5 28.5222 0.0123794
  443 442.5 28.5661 0.0123985
  444 443.5 28.5729 0.0124014
  445 444.5 28.4979 0.0123689
  446 445.5 28.6119 0.0124184
  447 446.5 28.5766 0.0124031
  448 447.5 28.5338 0.0123845
  449 448.5 28.5073 0.012373
  450 449.5 28.6072 0.0124163
  451 450.5 28.5676 0.0123991
  452 451.5 28.4488 0.0123476
  453 452.5 28.5684 0.0123995
  454 453.5 28.505 0.012372
  455 454.5 28.3829 0.0123189
  456 455.5 28.4502 0.0123482
  457 456.5 28.4012 0.0123269
  458 457.5 28.3418 0.0123011
  459 458.5 28.2378 0.012256
  460 459.5 28.1925 0.0122363
  461 460.5 28.1246 0.0122068
  462 461.5 27.9374 0.0121256
  463 462.5 27.7569 0.0120472
  464 463.5 27.553 0.0119588
  465 464.5 27.26 0.0118316
  466 465.5 26.8607 0.0116583
  467 466.5 26.4966 0.0115003
  468 467.5 25.9512 0.0112635
  469 468.5 25.2167 0.0109448
  470 469.5 24.5097 0.0106379
  471 470.5 23.6245 0.0102537
  472 471.5 22.531 0.00977909
  473 472.5 21.4134 0.00929402
  474 473.5 20.1913 0.0087636
  475 474.5 18.8792 0.00819411
  476 475.5 17.5312 0.00760901
  477 476.5 16.1265 0.00699935
  478 477.5 14.729 0.00639281
  479 478.5 13.3014 0.00577318
  480 479.5 11.989 0.00520354
62500000 480 5022.999999999997
  1 0.5 18.3113 0.00794761
  2 1.5 16.6585 0.00723025
  3 2.5 14.9377 0.00648336
  4 3.5 13.1663 0.00571455
  5 4.5 11.5711 0.00502219
  6 5.5 10.0638 0.00436795
  7 6.5 8.62042 0.0037415
  8 7.5 7.39406 0.00320923
  9 8.5 6.34907 0.00275567
  10 9.5 5.46438 0.00237169
  11 10.5 4.74909 0.00206124
  12 11.5 4.20473 0.00182497
  13 12.5 3.74545 0.00162563
  14 13.5 3.39366 0.00147294
  15 14.5 3.16154 0.0013722
  16 15.5 2.99938 0.00130181
  17 16.5 2.83196 0.00122915
  18 17.5 2.71506 0.00117841
  19 18.5 2.63924 0.0011455
  20 19.5 2.60126 0.00112902
  21 20.5 2.56086 0.00111148
  22 21.5 2.50561 0.0010875
  23 22.5 2.48576 0.00107889
  24 23.5 2.45782 0.00106676
  25 24.5 2.45955 0.00106751
  26 25.5 2.43839 0.00105833
  27 26.5 2.44351 0.00106055
  28 27.5 2.42255 0.00105145
  29 28.5 2.42146 0.00105098
  30 29.5 2.39353 0.00103886
  31 30.5 2.40114 0.00104216
  32 31.5 2.37918 0.00103263
  33 32.5 2.36003 0.00102432
  34 33.5 2.3793 0.00103268
  35 34.5 2.37625 0.00103136
  36 35.5 2.36996 0.00102863
  37 36.5 2.37814 0.00103218
  38 37.5 2.3722 0.0010296
  39 38.5 2.37264 0.00102979
  40 39.5 2.37657 0.0010315
  41 40.5 2.37578 0.00103116
  42 41.5 2.37142 0.00102926
  43 42.5 2.36668 0.0010272
  44 43.5 2.3776 0.00103194
  45 44.5 2.37838 0.00103228
  46 45.5 2.36642 0.00102709
  47 46.5 2.37649 0.00103146
  48 47.5 2.40098 0.00104209
  49 48.5 2.38932 0.00103703
  50 49.5 2.35804 0.00102345
  51 50.5 2.36265 0.00102545
  52 51.5 2.37876 0.00103245
  53 52.5 2.36168 0.00102503
  54 53.5 2.34485 0.00101773
  55 54.5 2.36484 0.00102641
  56 55.5 2.36218 0.00102525
  57 56.5 2.37301 0.00102995
  58 57.5 2.37855 0.00103236
  59 58.5 2.36312 0.00102566
  60 59.5 2.3508 0.00102031
  61 60.5 2.36954 0.00102844
  62 61.5 2.35679 0.00102291
  63 62.5 2.38761 0.00103629
  64 63.5 2.36983 0.00102857
  65 64.5 2.37633 0.00103139
  66 65.5 2.39295 0.00103861
  67 66.5 2.38075 0.00103331
  68 67.5 2.37568 0.00103111
  69 68.5 2.39085 0.00103769
  70 69.5 2.37126 0.00102919
  71 70.5 2.37298 0.00102994
  72 71.5 2.3701 0.00102869
  73 72.5 2.36274 0.00102549
  74 73.5 2.36221 0.00102526
  75 74.5 2.35668 0.00102286
  76 75.5 2.35325 0.00102137
  77 76.5 2.36222 0.00102527
  78 77.5 2.37234 0.00102966
  79 78.5 2.36966 0.0010285
  80 79.5 2.3485 0.00101932
  81 80.5 2.3408 0.00101597
  82 81.5 2.35876 0.00102377
  83 82.5 2.3387 0.00101506
  84 83.5 2.35022 0.00102006
  85 84.5 2.3457 0.0010181
  86 85.5 2.34742 0.00101885
  87 86.5 2.35715 0.00102307
  88 87.5 2.37988 0.00103293
  89 88.5 2.37925 0.00103266
  90 89.5 2.36874 0.0010281
  91 90.5 2.37192 0.00102948
  92 91.5 2.36385 0.00102598
  93 92.5 2.34975 0.00101986
  94 93.5 2.34081 0.00101598
  95 94.5 2.35292 0.00102123
  96 95.5 2.37266 0.0010298
  97 96.5 2.36144 0.00102493
  98 97.5 2.35594 0.00102254
  99 98.5 2.36899 0.00102821
  100 99.5 2.37662 0.00103152
  101 100.5 2.36306 0.00102563
  102 101.5 2.34666 0.00101851
  103 102.5 2.37898 0.00103254
  104 103.5 2.39655 0.00104017
  105 104.5 2.41019 0.00104609
  106 105.5 2.39648 0.00104014
  107 106.5 2.39493 0.00103947
  108 107.5 2.37824 0.00103222
  109 108.5 2.38341 0.00103447
  110 109.5 2.40558 0.00104409
  111 110.5 2.40051 0.00104189
  112 111.5 2.41257 0.00104712
  113 112.5 2.40949 0.00104578
  114 113.5 2.38591 0.00103555
  115 114.5 2.3797 0.00103286
  116 115.5 2.39257 0.00103844
  117 116.5 2.3751 0.00103086
  118 117.5 2.38394 0.0010347
  119 118.5 2.37209 0.00102955
  120 119.5 2.34458 0.00101761
  121 120.5 2.35345 0.00102146
  122 121.5 2.35387 0.00102165
  123 122.5 2.36144 0.00102493
  124 123.5 2.34591 0.00101819
  125 124.5 2.34339 0.0010171
  126 125.5 2.35874 0.00102376
  127 126.5 2.35526 0.00102225
  128 127.5 2.3572 0.00102309
  129 128.5 2.35692 0.00102297
  130 129.5 2.35098 0.00102039
  131 130.5 2.35571 0.00102244
  132 131.5 2.35989 0.00102426
  133 132.5 2.36594 0.00102689
  134 133.5 2.36118 0.00102482
  135 134.5 2.35722 0.0010231
  136 135.5 2.3596 0.00102413
  137 136.5 2.35248 0.00102104
  138 137.5 2.3419 0.00101645
  139 138.5 2.35501 0.00102214
  140 139.5 2.3664 0.00102708
  141 140.5 2.35322 0.00102136
  142 141.5 2.3598 0.00102422
  143 142.5 2.35908 0.00102391
  144 143.5 2.36702 0.00102735
  145 144.5 2.36052 0.00102453
  146 145.5 2.36998 0.00102864
  147 146.5 2.3795 0.00103277
  148 147.5 2.37046 0.00102884
  149 148.5 2.38446 0.00103492
  150 149.5 2.3853 0.00103528
  151 150.5 2.40517 0.00104391
  152 151.5 2.42118 0.00105086
  153 152.5 2.43122 0.00105522
  154 153.5 2.45031 0.0010635
  155 154.5 2.45897 0.00106726
  156 155.5 2.51699 0.00109244
  157 156.5 2.56174 0.00111187
  158 157.5 2.63594 0.00114407
  159 158.5 2.71499 0.00117838
  160 159.5 2.79757 0.00121422
  161 160.5 2.96056 0.00128497
  162 161.5 3.17976 0.0013801
  163 162.5 3.44714 0.00149615
  164 163.5 3.77908 0.00164023
  165 164.5 4.25792 0.00184806
  166 165.5 4.86938 0.00211344
  167 166.5 5.66338 0.00245806
  168 167.5 6.56077 0.00284756
  169 168.5 7.67234 0.00333001
  170 169.5 8.96158 0.00388958
  171 170.5 10.3733 0.00450231
  172 171.5 11.9988 0.00520782
  173 172.5 13.6406 0.00592038
  174 173.5 15.3262 0.006652
  175 174.5 17.0172 0.00738592
  176 175.5 18.6805 0.00810785
  177 176.5 20.2227 0.00877719
  178 177.5 21.6193 0.0093834
  179 178.5 22.8168 0.00990315
  180 179.5 23.9498 0.0103949
  181 180.5 24.8593 0.0107896
  182 181.5 25.535 0.0110829
  183 182.5 26.2214 0.0113808
  184 183.5 26.7034 0.01159
  185 184.5 27.084 0.0117552
  186 185.5 27.4291 0.011905
  187 186.5 27.7004 0.0120227
  188 187.5 27.8743 0.0120982
  189 188.5 28.0721 0.0121841
  190 189.5 28.2083 0.0122432
  191 190.5 28.2972 0.0122818
  192 191.5 28.3907 0.0123224
  193 192.5 28.5118 0.0123749
  194 193.5 28.5824 0.0124055
  195 194.5 28.6794 0.0124476
  196 195.5 28.7937 0.0124973
  197 196.5 28.9546 0.0125671
  198 197.5 28.9505 0.0125653
  199 198.5 29.1877 0.0126683
  200 199.5 29.519 0.0128121
  201 200.5 29.6307 0.0128606
  202 201.5 29.9214 0.0129867
  203 202.5 30.4167 0.0132017
  204 203.5 30.9581 0.0134367
  205 204.5 31.5988 0.0137148
  206 205.5 32.4357 0.014078
  207 206.5 33.4962 0.0145383
  208 207.5 33.3445 0.0144724
  209 208.5 30.3337 0.0131657
  210 209.5 23.1862 0.0100634
  211 210.5 12.9095 0.00560309
  212 211.5 4.96224 0.00215375
  213 212.5 1.12906 0.000490042
  214 213.5 0.082592 3.58472e-05
  215 214.5 0.00012 5.20833e-08
  216 215.5 0 0
  217 216.5 0 0
  218 217.5 0 0
  219 218.5 0 0
  220 219.5 0 0
  221 220.5 0 0
  222 221.5 0 0
  223 222.5 0 0
  224 223.5 0 0
  225 224.5 0 0
  226 225.5 0 0
  227 226.5 0 0
  228 227.5 0 0
  229 228.5 0 0
  230 229.5 0 0
  231 230.5 0 0
  232 231.5 0 0
  233 232.5 0 0
  234 233.5 0 0
  235 234.5 0 0
  236 235.5 0 0
  237 236.5 0 0
  238 237.5 0 0
  239 238.5 0 0
  240 239.5 0 0
  241 240.5 0 0
  242 241.5 0 0
  243 242.5 0 0
  244 243.5 0 0
  245 244.5 0 0
  246 245.5 0 0
  247 246.5 0 0
  248 247.5 0 0
  249 248.5 0 0
  250 249.5 0 0
  251 250.5 0 0
  252 251.5 0 0
  253 252.5 0 0
  254 253.5 0 0
  255 254.5 0 0
  256 255.5 0 0
  257 256.5 0 0
  258 257.5 0 0
  259 258.5 0 0
  260 259.5 0 0
  261 260.5 0 0
  262 261.5 0 0
  263 262.5 0 0
  264 263.5 0 0
  265 264.5 0 0
  266 265.5 0 0
  267 266.5 0 0
  268 267.5 0 0
  269 268.5 0 0
  270 269.5 0 0
  271 270.5 0 0
  272 271.5 0 0
  273 272.5 0 0
  274 273.5 0 0
  275 274.5 0 0
  276 275.5 0 0
  277 276.5 0 0
  278 277.5 0 0
  279 278.5 0 0
  280 279.5 0 0
  281 280.5 0 0
  282 281.5 0 0
  283 282.5 0 0
  284 283.5 0 0
  285 284.5 0 0
  286 285.5 0 0
  287 286.5 0 0
  288 287.5 0 0
  289 288.5 0 0
  290 289.5 0 0
  291 290.5 0 0
  292 291.5 0 0
  293 292.5 0 0
  294 293.5 0 0
  295 294.5 0 0
  296 295.5 0 0
  297 296.5 0 0
  298 297.5 0 0
  299 298.5 0 0
  300 299.5 0 0
  301 300.5 0 0
  302 301.5 0 0
  303 302.5 0 0
  304 303.5 0 0
  305 304.5 0 0
  306 305.5 0 0
  307 306.5 0 0
  308 307.5 0 0
  309 308.5 0 0
  310 309.5 0 0
  311 310.5 0 0
  312 311.5 0 0
  313 312.5 0 0
  314 313.5 0 0
  315 314.5 0 0
  316 315.5 0 0
  317 316.5 0 0
  318 317.5 0 0
  319 318.5 0 0
  320 319.5 0 0
  321 320.5 0 0
  322 321.5 0 0
  323 322.5 0 0
  324 323.5 0 0
  325 324.5 0 0
  326 325.5 0 0
  327 326.5 0 0
  328 327.5 0 0
  329 328.5 0 0
  330 329.5 0 0
  331 330.5 0 0
  332 331.5 0 0
  333 332.5 0 0
  334 333.5 0 0
  335 334.5 0 0
  336 335.5 0 0
  337 336.5 0 0
  338 337.5 0 0
  339 338.5 0 0
  340 339.5 0 0
  341 340.5 0 0
  342 341.5 0 0
  343 342.5 0 0
  344 343.5 0 0
  345 344.5 0 0
  346 345.5 0 0
  347 346.5 0 0
  348 347.5 0 0
  349 348.5 0 0
  350 349.5 0 0
  351 350.5 0 0
  352 351.5 0 0
  353 352.5 0 0
  354 353.5 0 0
  355 354.5 0 0
  356 355.5 0.007472 3.24306e-06
  357 356.5 0.21176 9.19097e-05
  358 357.5 0.976896 0.000424
  359 358.5 3.66379 0.00159019
  360 359.5 12.3417 0.00535663
  361 360.5 23.5131 0.0102053
  362 361.5 31.1414 0.0135162
  363 362.5 33.9841 0.01475
  364 363.5 33.5012 0.0145404
  365 364.5 32.5156 0.0141127
  366 365.5 31.4694 0.0136586
  367 366.5 30.8706 0.0133987
  368 367.5 30.4344 0.0132094
  369 368.5 29.9866 0.013015
  370 369.5 29.6704 0.0128778
  371 370.5 29.4777 0.0127941
  372 371.5 29.3503 0.0127389
  373 372.5 29.1267 0.0126418
  374 373.5 28.9876 0.0125814
  375 374.5 28.9459 0.0125633
  376 375.5 28.8785 0.0125341
  377 376.5 28.8562 0.0125244
  378 377.5 28.821 0.0125091
  379 378.5 28.7083 0.0124602
  380 379.5 28.793 0.0124969
  381 380.5 28.7615 0.0124833
  382 381.5 28.6816 0.0124486
  383 382.5 28.7301 0.0124696
  384 383.5 28.7583 0.0124819
  385 384.5 28.7172 0.0124641
  386 385.5 28.708 0.0124601
  387 386.5 28.7346 0.0124716
  388 387.5 28.6676 0.0124425
  389 388.5 28.6992 0.0124563
  390 389.5 28.6741 0.0124453
  391 390.5 28.6555 0.0124373
  392 391.5 28.6485 0.0124342
  393 392.5 28.6287 0.0124256
  394 393.5 28.679 0.0124475
  395 394.5 28.6982 0.0124558
  396 395.5 28.5511 0.012392
  397 396.5 28.7321 0.0124705
  398 397.5 28.6677 0.0124426
  399 398.5 28.6534 0.0124364
  400 399.5 28.6024 0.0124142
  401 400.5 28.6919 0.0124531
  402 401.5 28.7056 0.012459
  403 402.5 28.6274 0.0124251
  404 403.5 28.6645 0.0124412
  405 404.5 28.6151 0.0124198
  406 405.5 28.7142 0.0124628
  407 406.5 28.6569 0.0124379
  408 407.5 28.6408 0.0124309
  409 408.5 28.6766 0.0124464
  410 409.5 28.7086 0.0124603
  411 410.5 28.6013 0.0124138
  412 411.5 28.6032 0.0124146
  413 412.5 28.7218 0.012466
  414 413.5 28.692 0.0124531
  415 414.5 28.6679 0.0124427
  416 415.5 28.6711 0.0124441
  417 416.5 28.722 0.0124662
  418 417.5 28.6422 0.0124315
  419 418.5 28.7035 0.0124581
  420 419.5 28.6584 0.0124385
  421 420.5 28.6566 0.0124378
  422 421.5 28.6847 0.0124499
  423 422.5 28.6872 0.012451
  424 423.5 28.636 0.0124288
  425 424.5 28.7097 0.0124608
  426 425.5 28.6569 0.0124379
  427 426.5 28.6706 0.0124438
  428 427.5 28.724 0.012467
  429 428.5 28.6743 0.0124455
  430 429.5 28.6854 0.0124503
  431 430.5 28.686 0.0124505
  432 431.5 28.7225 0.0124664
  433 432.5 28.6513 0.0124355
  434 433.5 28.61 0.0124175
  435 434.5 28.7139 0.0124626
  436 435.5 28.7455 0.0124763
  437 436.5 28.6076 0.0124165
  438 437.5 28.6548 0.012437
  439 438.5 28.7206 0.0124656
  440 439.5 28.6893 0.012452
  441 440.5 28.6378 0.0124296
  442 441.5 28.66 0.0124392
  443 442.5 28.663 0.0124405
  444 443.5 28.6791 0.0124475
  445 444.5 28.6525 0.012436
  446 445.5 28.5905 0.0124091
  447 446.5 28.6539 0.0124366
  448 447.5 28.6494 0.0124346
  449 448.5 28.5961 0.0124115
  450 449.5 28.5859 0.0124071
  451 450.5 28.6252 0.0124241
  452 451.5 28.6507 0.0124352
  453 452.5 28.5984 0.0124125
  454 453.5 28.5744 0.0124021
  455 454.5 28.6459 0.0124331
  456 455.5 28.6369 0.0124292
  457 456.5 28.5749 0.0124023
  458 457.5 28.5351 0.012385
  459 458.5 28.5482 0.0123907
  460 459.5 28.5915 0.0124095
  461 460.5 28.4629 0.0123537
  462 461.5 28.4239 0.0123368
  463 462.5 28.4142 0.0123325
  464 463.5 28.3883 0.0123213
  465 464.5 28.2969 0.0122816
  466 465.5 28.194 0.012237
  467 466.5 28.1623 0.0122232
  468 467.5 28.0428 0.0121714
  469 468.5 27.8783 0.0121
  470 469.5 27.693 0.0120195
  471 470.5 27.4142 0.0118985
  472 471.5 27.0998 0.0117621
  473 472.5 26.6709 0.0115759
  474 473.5 26.1612 0.0113547
  475 474.5 25.5285 0.0110801
  476 475.5 24.5932 0.0106741
  477 476.5 23.7862 0.0103239
  478 477.5 22.6791 0.00984334
  479 478.5 21.2932 0.00924184
  480 479.5 19.8325 0.00860785
65000000 480 5022.999999999997
  1 0.5 19.3453 0.00839642
  2 1.5 17.6999 0.00768224
  3 2.5 15.9675 0.00693035
  4 3.5 14.2619 0.00619006
  5 4.5 12.6386 0.00548548
  6 5.5 11.0011 0.00477476
  7 6.5 9.5237 0.00413355
  8 7.5 8.19355 0.00355623
  9 8.5 7.06755 0.00306751
  10 9.5 6.03057 0.00261743
  11 10.5 5.22674 0.00226855
  12 11.5 4.61013 0.00200092
  13 12.5 4.10204 0.0017804
  14 13.5 3.6705 0.0015931
  15 14.5 3.31726 0.00143978
  16 15.5 3.05854 0.00132749
  17 16.5 2.86838 0.00124496
  18 17.5 2.74788 0.00119266
  19 18.5 2.62884 0.00114099
  20 19.5 2.5582 0.00111033
  21 20.5 2.5135 0.00109093
  22 21.5 2.45203 0.00106425
  23 22.5 2.42662 0.00105322
  24 23.5 2.41942 0.0010501
  25 24.5 2.40846 0.00104534
  26 25.5 2.37166 0.00102936
  27 26.5 2.35441 0.00102188
  28 27.5 2.34327 0.00101705
  29 28.5 2.3377 0.00101463
  30 29.5 2.33244 0.00101234
  31 30.5 2.3454 0.00101797
  32 31.5 2.326 0.00100955
  33 32.5 2.32049 0.00100716
  34 33.5 2.33165 0.001012
  35 34.5 2.35544 0.00102233
  36 35.5 2.35599 0.00102257
  37 36.5 2.3663 0.00102704
  38 37.5 2.35554 0.00102237
  39 38.5 2.38682 0.00103594
  40 39.5 2.39924 0.00104134
  41 40.5 2.38394 0.0010347
  42 41.5 2.36056 0.00102455
  43 42.5 2.36934 0.00102836
  44 43.5 2.36422 0.00102614
  45 44.5 2.34881 0.00101945
  46 45.5 2.38144 0.00103361
  47 46.5 2.39343 0.00103882
  48 47.5 2.36718 0.00102742
  49 48.5 2.36971 0.00102852
  50 49.5 2.34306 0.00101695
  51 50.5 2.34991 0.00101993
  52 51.5 2.3459 0.00101819
  53 52.5 2.35922 0.00102397
  54 53.5 2.36422 0.00102614
  55 54.5 2.3422 0.00101658
  56 55.5 2.33384 0.00101295
  57 56.5 2.3421 0.00101654
  58 57.5 2.33346 0.00101278
  59 58.5 2.32459 0.00100894
  60 59.5 2.3427 0.0010168
  61 60.5 2.35589 0.00102252
  62 61.5 2.35434 0.00102185
  63 62.5 2.34608 0.00101826
  64 63.5 2.34416 0.00101743
  65 64.5 2.35406 0.00102173
  66 65.5 2.36598 0.0010269
  67 66.5 2.35456 0.00102194
  68 67.5 2.33831 0.00101489
  69 68.5 2.35606 0.00102259
  70 69.5 2.35554 0.00102237
  71 70.5 2.36006 0.00102433
  72 71.5 2.38281 0.0010342
  73 72.5 2.3703 0.00102878
  74 73.5 2.37711 0.00103173
  75 74.5 2.38947 0.0010371
  76 75.5 2.39825 0.00104091
  77 76.5 2.4016 0.00104236
  78 77.5 2.41158 0.00104669
  79 78.5 2.39341 0.00103881
  80 79.5 2.38054 0.00103322
  81 80.5 2.39733 0.00104051
  82 81.5 2.397 0.00104036
  83 82.5 2.39698 0.00104036
  84 83.5 2.38572 0.00103547
  85 84.5 2.37864 0.0010324
  86 85.5 2.37885 0.00103249
  87 86.5 2.38318 0.00103436
  88 87.5 2.36607 0.00102694
  89 88.5 2.3565 0.00102278
  90 89.5 2.35504 0.00102215
  91 90.5 2.35239 0.001021
  92 91.5 2.37137 0.00102924
  93 92.5 2.37574 0.00103114
  94 93.5 2.39732 0.0010405
  95 94.5 2.36756 0.00102759
  96 95.5 2.36584 0.00102684
  97 96.5 2.38968 0.00103719
  98 97.5 2.36342 0.00102579
  99 98.5 2.35732 0.00102314
  100 99.5 2.35426 0.00102181
  101 100.5 2.35977 0.0010242
  102 101.5 2.35096 0.00102038
  103 102.5 2.35721 0.00102309
  104 103.5 2.35158 0.00102065
  105 104.5 2.34404 0.00101738
  106 105.5 2.34234 0.00101664
  107 106.5 2.34581 0.00101815
  108 107.5 2.36442 0.00102622
  109 108.5 2.36862 0.00102805
  110 109.5 2.37785 0.00103205
  111 110.5 2.36432 0.00102618
  112 111.5 2.39454 0.0010393
  113 112.5 2.35358 0.00102152
  114 113.5 2.34884 0.00101946
  115 114.5 2.35975 0.0010242
  116 115.5 2.36536 0.00102663
  117 116.5 2.33993 0.00101559
  118 117.5 2.34654 0.00101846
  119 118.5 2.36973 0.00102853
  120 119.5 2.36192 0.00102514
  121 120.5 2.34213 0.00101655
  122 121.5 2.32448 0.00100889
  123 122.5 2.34107 0.00101609
  124 123.5 2.33878 0.0010151
  125 124.5 2.33525 0.00101356
  126 125.5 2.34506 0.00101782
  127 126.5 2.35892 0.00102384
  128 127.5 2.37235 0.00102967
  129 128.5 2.3735 0.00103016
  130 129.5 2.36909 0.00102825
  131 130.5 2.39341 0.00103881
  132 131.5 2.39413 0.00103912
  133 132.5 2.39736 0.00104052
  134 133.5 2.39682 0.00104028
  135 134.5 2.39122 0.00103785
  136 135.5 2.41482 0.0010481
  137 136.5 2.42588 0.0010529
  138 137.5 2.4317 0.00105543
  139 138.5 2.43174 0.00105544
  140 139.5 2.40868 0.00104543
  141 140.5 2.3905 0.00103754
  142 141.5 2.4056 0.0010441
  143 142.5 2.41718 0.00104912
  144 143.5 2.4132 0.0010474
  145 144.5 2.38938 0.00103706
  146 145.5 2.39004 0.00103734
  147 146.5 2.39942 0.00104142
  148 147.5 2.39786 0.00104074
  149 148.5 2.3828 0.0010342
  150 149.5 2.37925 0.00103266
  151 150.5 2.38619 0.00103567
  152 151.5 2.385 0.00103516
  153 152.5 2.3944 0.00103924
  154 153.5 2.43194 0.00105553
  155 154.5 2.43042 0.00105487
  156 155.5 2.47169 0.00107278
  157 156.5 2.49122 0.00108126
  158 157.5 2.52609 0.00109639
  159 158.5 2.61983 0.00113708
  160 159.5 2.71593 0.00117879
  161 160.5 2.84792 0.00123608
  162 161.5 2.99768 0.00130108
  163 162.5 3.24334 0.0014077
  164 163.5 3.58831 0.00155743
  165 164.5 3.97982 0.00172735
  166 165.5 4.47702 0.00194315
  167 166.5 5.1643 0.00224145
  168 167.5 5.96646 0.00258961
  169 168.5 6.93086 0.00300818
  170 169.5 8.11467 0.00352199
  171 170.5 9.51218 0.00412855
  172 171.5 11.0298 0.00478725
  173 172.5 12.6951 0.00551004
  174 173.5 14.3849 0.00624347
  175 174.5 16.0844 0.00698108
  176 175.5 17.7959 0.00772391
  177 176.5 19.4267 0.00843171
  178 177.5 20.934 0.00908594
  179 178.5 22.2851 0.00967237
  180 179.5 23.404 0.010158
  181 180.5 24.4804 0.0106252
  182 181.5 25.2568 0.0109621
  183 182.5 25.9729 0.011273
  184 183.5 26.4694 0.0114885
  185 184.5 26.9988 0.0117182
  186 185.5 27.3279 0.0118611
  187 186.5 27.6051 0.0119814
  188 187.5 27.8227 0.0120758
  189 188.5 27.9627 0.0121366
  190 189.5 28.1587 0.0122217
  191 190.5 28.3292 0.0122956
  192 191.5 28.4046 0.0123284
  193 192.5 28.5268 0.0123814
  194 193.5 28.5955 0.0124112
  195 194.5 28.7294 0.0124694
  196 195.5 28.7934 0.0124971
  197 196.5 28.8862 0.0125374
  198 197.5 29.092 0.0126267
  199 198.5 29.1791 0.0126646
  200 199.5 29.3466 0.0127372
  201 200.5 29.6504 0.0128691
  202 201.5 29.9213 0.0129867
  203 202.5 30.2797 0.0131422
  204 203.5 30.8207 0.0133771
  205 204.5 31.5196 0.0136804
  206 205.5 32.3756 0.0140519
  207 206.5 33.4056 0.0144989
  208 207.5 33.5179 0.0145477
  209 208.5 31.3281 0.0135973
  210 209.5 25.1067 0.010897
  211 210.5 13.8123 0.00599492
  212 211.5 5.18987 0.00225255
  213 212.5 1.07882 0.00046824
  214 213.5 0.104632 4.54132e-05
  215 214.5 0.000616 2.67361e-07
  216 215.5 0 0
  217 216.5 0 0
  218 217.5 0 0
  219 218.5 0 0
  220 219.5 0 0
  221 220.5 0 0
  222 221.5 0 0
  223 222.5 0 0
  224 223.5 0 0
  225 224.5 0 0
  226 225.5 0 0
  227 226.5 0 0
  228 227.5 0 0
  229 228.5 0 0
  230 229.5 0 0
  231 230.5 0 0
  232 231.5 0 0
  233 232.5 0 0
  234 233.5 0 0
  235 234.5 0 0
  236 235.5 0 0
  237 236.5 0 0
  238 237.5 0 0
  239 238.5 0 0
  240 239.5 0 0
  241 240.5 0 0
  242 241.5 0 0
  243 242.5 0 0
  244 243.5 0 0
  245 244.5 0 0
  246 245.5 0 0
  247 246.5 0 0
  248 247.5 0 0
  249 248.5 0 0
  250 249.5 0 0
  251 250.5 0 0
  252 251.5 0 0
  253 252.5 0 0
  254 253.5 0 0
  255 254.5 0 0
  256 255.5 0 0
  257 256.5 0 0
  258 257.5 0 0
  259 258.5 0 0
  260 259.5 0 0
  261 260.5 0 0
  262 261.5 0 0
  263 262.5 0 0
  264 263.5 0 0
  265 264.5 0 0
  266 265.5 0 0
  267 266.5 0 0
  268 267.5 0 0
  269 268.5 0 0
  270 269.5 0 0
  271 270.5 0 0
  272 271.5 0 0
  273 272.5 0 0
  274 273.5 0 0
  275 274.5 0 0
  276 275.5 0 0
  277 276.5 0 0
  278 277.5 0 0
  279 278.5 0 0
  280 279.5 0 0
  281 280.5 0 0
  282 281.5 0 0
  283 282.5 0 0
  284 283.5 0 0
  285 284.5 0 0
  286 285.5 0 0
  287 286.5 0 0
  288 287.5 0 0
  289 288.5 0 0
  290 289.5 0 0
  291 290.5 0 0
  292 291.5 0 0
  293 292.5 0 0
  294 293.5 0 0
  295 294.5 0 0
  296 295.5 0 0
  297 296.5 0 0
  298 297.5 0 0
  299 298.5 0 0
  300 299.5 0 0
  301 300.5 0 0
  302 301.5 0 0
  303 302.5 0 0
  304 303.5 0 0
  305 304.5 0 0
  306 305.5 0 0
  307 306.5 0 0
  308 307.5 0 0
  309 308.5 0 0
  310 309.5 0 0
  311 310.5 0 0
  312 311.5 0 0
  313 312.5 0 0
  314 313.5 0 0
  315 314.5 0 0
  316 315.5 0 0
  317 316.5 0 0
  318 317.5 0 0
  319 318.5 0 0
  320 319.5 0 0
  321 320.5 0 0
  322 321.5 0 0
  323 322.5 0 0
  324 323.5 0 0
  325 324.5 0 0
  326 325.5 0 0
  327 326.5 0 0
  328 327.5 0 0
  329 328.5 0 0
  330 329.5 0 0
  331 330.5 0 0
  332 331.5 0 0
  333 332.5 0 0
  334 333.5 0 0
  335 334.5 0 0
  336 335.5 0 0
  337 336.5 0 0
  338 337.5 0 0
  339 338.5 0 0
  340 339.5 0 0
  341 340.5 0 0
  342 341.5 0 0
  343 342.5 0 0
  344 343.5 0 0
  345 344.5 0 0
  346 345.5 0 0
  347 346.5 0 0
  348 347.5 0 0
  349 348.5 0 0
  350 349.5 0 0
  351 350.5 0 0
  352 351.5 0 0
  353 352.5 0 0
  354 353.5 0 0
  355 354.5 0 0
  356 355.5 3.2e-05 1.38889e-08
  357 356.5 0.037128 1.61146e-05
  358 357.5 0.783832 0.000340205
  359 358.5 3.67235 0.0015939
  360 359.5 11.2418 0.00487927
  361 360.5 22.2994 0.00967857
  362 361.5 30.7659 0.0133533
  363 362.5 33.3865 0.0144907
  364 363.5 33.2788 0.0144439
  365 364.5 32.6252 0.0141602
  366 365.5 31.7053 0.013761
  367 366.5 30.888 0.0134062
  368 367.5 30.4766 0.0132277
  369 368.5 30.0311 0.0130343
  370 369.5 29.7199 0.0128993
  371 370.5 29.467 0.0127895
  372 371.5 29.3004 0.0127172
  373 372.5 29.0683 0.0126164
  374 373.5 29.0051 0.012589
  375 374.5 28.9266 0.0125549
  376 375.5 28.7438 0.0124756
  377 376.5 28.7562 0.012481
  378 377.5 28.6717 0.0124443
  379 378.5 28.6646 0.0124412
  380 379.5 28.6435 0.0124321
  381 380.5 28.6406 0.0124308
  382 381.5 28.6103 0.0124176
  383 382.5 28.5524 0.0123925
  384 383.5 28.613 0.0124189
  385 384.5 28.5711 0.0124007
  386 385.5 28.5608 0.0123962
  387 386.5 28.5397 0.012387
  388 387.5 28.6014 0.0124138
  389 388.5 28.518 0.0123776
  390 389.5 28.6011 0.0124137
  391 390.5 28.596 0.0124115
  392 391.5 28.5345 0.0123848
  393 392.5 28.5524 0.0123925
  394 393.5 28.5832 0.0124059
  395 394.5 28.5238 0.0123801
  396 395.5 28.5869 0.0124075
  397 396.5 28.6051 0.0124154
  398 397.5 28.5392 0.0123868
  399 398.5 28.545 0.0123893
  400 399.5 28.6185 0.0124212
  401 400.5 28.5645 0.0123978
  402 401.5 28.5733 0.0124016
  403 402.5 28.5913 0.0124094
  404 403.5 28.5901 0.0124089
  405 404.5 28.6352 0.0124285
  406 405.5 28.568 0.0123993
  407 406.5 28.6462 0.0124332
  408 407.5 28.5761 0.0124028
  409 408.5 28.5963 0.0124116
  410 409.5 28.6167 0.0124204
  411 410.5 28.6111 0.012418
  412 411.5 28.5567 0.0123944
  413 412.5 28.557 0.0123945
  414 413.5 28.6791 0.0124475
  415 414.5 28.612 0.0124184
  416 415.5 28.6401 0.0124306
  417 416.5 28.597 0.0124119
  418 417.5 28.6342 0.0124281
  419 418.5 28.681 0.0124484
  420 419.5 28.5633 0.0123973
  421 420.5 28.6246 0.0124239
  422 421.5 28.6527 0.0124361
  423 422.5 28.6524 0.0124359
  424 423.5 28.6381 0.0124297
  425 424.5 28.6755 0.012446
  426 425.5 28.7446 0.012476
  427 426.5 28.6742 0.0124454
  428 427.5 28.6758 0.0124461
  429 428.5 28.7017 0.0124573
  430 429.5 28.6663 0.012442
  431 430.5 28.7094 0.0124607
  432 431.5 28.7131 0.0124623
  433 432.5 28.6366 0.0124291
  434 433.5 28.7072 0.0124597
  435 434.5 28.7049 0.0124587
  436 435.5 28.6859 0.0124505
  437 436.5 28.681 0.0124483
  438 437.5 28.7194 0.012465
  439 438.5 28.6616 0.0124399
  440 439.5 28.6574 0.0124381
  441 440.5 28.7078 0.01246
  442 441.5 28.6547 0.0124369
  443 442.5 28.6652 0.0124415
  444 443.5 28.6354 0.0124286
  445 444.5 28.711 0.0124614
  446 445.5 28.6636 0.0124408
  447 446.5 28.6155 0.0124199
  448 447.5 28.6995 0.0124564
  449 448.5 28.6709 0.012444
  450 449.5 28.6263 0.0124246
  451 450.5 28.6854 0.0124502
  452 451.5 28.6513 0.0124355
  453 452.5 28.6158 0.0124201
  454 453.5 28.6528 0.0124361
  455 454.5 28.6827 0.0124491
  456 455.5 28.6947 0.0124543
  457 456.5 28.6301 0.0124263
  458 457.5 28.6845 0.0124499
  459 458.5 28.6665 0.012442
  460 459.5 28.5924 0.0124099
  461 460.5 28.6253 0.0124242
  462 461.5 28.5869 0.0124075
  463 462.5 28.5666 0.0123987
  464 463.5 28.529 0.0123824
  465 464.5 28.477 0.0123598
  466 465.5 28.4116 0.0123314
  467 466.5 28.2836 0.0122759
  468 467.5 28.1737 0.0122282
  469 468.5 28.0142 0.0121589
  470 469.5 27.839 0.0120829
  471 470.5 27.7021 0.0120235
  472 471.5 27.3408 0.0118667
  473 472.5 26.9646 0.0117034
  474 473.5 26.5495 0.0115232
  475 474.5 25.9984 0.011284
  476 475.5 25.2111 0.0109423
  477 476.5 24.3659 0.0105755
  478 477.5 23.3923 0.0101529
  479 478.5 22.1924 0.00963213
  480 479.5 20.7414 0.00900235
67500000 480 5022.999999999998
  1 0.5 22.8898 0.00993482
  2 1.5 21.6975 0.00941731
  3 2.5 20.3521 0.00883339
  4 3.5 18.8757 0.00819256
  5 4.5 17.3749 0.0075412
  6 5.5 15.8197 0.00686618
  7 6.5 14.2752 0.00619584
  8 7.5 12.7673 0.00554135
  9 8.5 11.2882 0.00489939
  10 9.5 9.9218 0.00430634
  11 10.5 8.66616 0.00376135
  12 11.5 7.51001 0.00325955
  13 12.5 6.53334 0.00283565
  14 13.5 5.70621 0.00247665
  15 14.5 5.00254 0.00217124
  16 15.5 4.40593 0.0019123
  17 16.5 3.94674 0.00171299
  18 17.5 3.55935 0.00154486
  19 18.5 3.26542 0.00141728
  20 19.5 3.05556 0.0013262
  21 20.5 2.88023 0.0012501
  22 21.5 2.7244 0.00118247
  23 22.5 2.59832 0.00112774
  24 23.5 2.55387 0.00110845
  25 24.5 2.50501 0.00108724
  26 25.5 2.47542 0.0010744
  27 26.5 2.4459 0.00106159
  28 27.5 2.40905 0.00104559
  29 28.5 2.38904 0.00103691
  30 29.5 2.39812 0.00104085
  31 30.5 2.40286 0.00104291
  32 31.5 2.39282 0.00103855
  33 32.5 2.35734 0.00102315
  34 33.5 2.34823 0.0010192
  35 34.5 2.33821 0.00101485
  36 35.5 2.35249 0.00102105
  37 36.5 2.34068 0.00101592
  38 37.5 2.34283 0.00101685
  39 38.5 2.33206 0.00101218
  40 39.5 2.32073 0.00100726
  41 40.5 2.3435 0.00101715
  42 41.5 2.33455 0.00101326
  43 42.5 2.32982 0.0010112
  44 43.5 2.31694 0.00100561
  45 44.5 2.32755 0.00101022
  46 45.5 2.31444 0.00100453
  47 46.5 2.32541 0.00100929
  48 47.5 2.33508 0.00101349
  49 48.5 2.35022 0.00102006
  50 49.5 2.32997 0.00101127
  51 50.5 2.33125 0.00101183
  52 51.5 2.3203 0.00100707
  53 52.5 2.29147 0.000994563
  54 53.5 2.30951 0.00100239
  55 54.5 2.30127 0.000998816
  56 55.5 2.32438 0.00100884
  57 56.5 2.35006 0.00101999
  58 57.5 2.35367 0.00102156
  59 58.5 2.33747 0.00101453
  60 59.5 2.3319 0.00101211
  61 60.5 2.31343 0.00100409
  62 61.5 2.30214 0.000999194
  63 62.5 2.31574 0.00100509
  64 63.5 2.31645 0.0010054
  65 64.5 2.30092 0.000998663
  66 65.5 2.3031 0.000999611
  67 66.5 2.31676 0.00100554
  68 67.5 2.31645 0.0010054
  69 68.5 2.32173 0.00100769
  70 69.5 2.31246 0.00100367
  71 70.5 2.31614 0.00100527
  72 71.5 2.32932 0.00101099
  73 72.5 2.3149 0.00100473
  74 73.5 2.3399 0.00101558
  75 74.5 2.34392 0.00101733
  76 75.5 2.35629 0.00102269
  77 76.5 2.35348 0.00102148
  78 77.5 2.35235 0.00102099
  79 78.5 2.35556 0.00102238
  80 79.5 2.34793 0.00101907
  81 80.5 2.32582 0.00100947
  82 81.5 2.32604 0.00100957
  83 82.5 2.33833 0.0010149
  84 83.5 2.34722 0.00101876
  85 84.5 2.34311 0.00101698
  86 85.5 2.34974 0.00101985
  87 86.5 2.34961 0.0010198
  88 87.5 2.35872 0.00102375
  89 88.5 2.34702 0.00101867
  90 89.5 2.33469 0.00101332
  91 90.5 2.31694 0.00100562
  92 91.5 2.31285 0.00100384
  93 92.5 2.31586 0.00100515
  94 93.5 2.33114 0.00101178
  95 94.5 2.33741 0.0010145
  96 95.5 2.35403 0.00102172
  97 96.5 2.33521 0.00101355
  98 97.5 2.34394 0.00101734
  99 98.5 2.32653 0.00100978
  100 99.5 2.32857 0.00101066
  101 100.5 2.33782 0.00101468
  102 101.5 2.34114 0.00101612
  103 102.5 2.33968 0.00101549
  104 103.5 2.35024 0.00102007
  105 104.5 2.35666 0.00102286
  106 105.5 2.34825 0.0010192
  107 106.5 2.3795 0.00103277
  108 107.5 2.35695 0.00102298
  109 108.5 2.37278 0.00102985
  110 109.5 2.36408 0.00102608
  111 110.5 2.36126 0.00102485
  112 111.5 2.34326 0.00101704
  113 112.5 2.35903 0.00102389
  114 113.5 2.353 0.00102127
  115 114.5 2.33665 0.00101417
  116 115.5 2.32111 0.00100743
  117 116.5 2.32938 0.00101101
  118 117.5 2.34409 0.0010174
  119 118.5 2.34246 0.00101669
  120 119.5 2.32046 0.00100715
  121 120.5 2.31502 0.00100478
  122 121.5 2.33968 0.00101549
  123 122.5 2.32723 0.00101008
  124 123.5 2.3174 0.00100582
  125 124.5 2.32741 0.00101016
  126 125.5 2.33414 0.00101308
  127 126.5 2.34436 0.00101752
  128 127.5 2.36229 0.0010253
  129 128.5 2.35614 0.00102263
  130 129.5 2.34118 0.00101614
  131 130.5 2.33918 0.00101527
  132 131.5 2.33584 0.00101382
  133 132.5 2.31648 0.00100542
  134 133.5 2.31414 0.0010044
  135 134.5 2.30022 0.000998358
  136 135.5 2.29218 0.000994872
  137 136.5 2.29251 0.000995014
  138 137.5 2.29318 0.000995302
  139 138.5 2.31415 0.00100441
  140 139.5 2.3053 0.00100056
  141 140.5 2.30743 0.00100149
  142 141.5 2.28678 0.000992524
  143 142.5 2.27885 0.000989083
  144 143.5 2.28653 0.000992417
  145 144.5 2.29586 0.000996465
  146 145.5 2.29342 0.00099541
  147 146.5 2.30504 0.00100045
  148 147.5 2.30552 0.00100066
  149 148.5 2.3021 0.000999177
  150 149.5 2.3035 0.000999781
  151 150.5 2.31662 0.00100548
  152 151.5 2.32674 0.00100987
  153 152.5 2.33362 0.00101285
  154 153.5 2.35012 0.00102002
  155 154.5 2.38782 0.00103638
  156 155.5 2.38366 0.00103457
  157 156.5 2.39936 0.00104139
  158 157.5 2.44212 0.00105995
  159 158.5 2.47742 0.00107527
  160 159.5 2.52284 0.00109498
  161 160.5 2.57186 0.00111626
  162 161.5 2.671 0.00115929
  163 162.5 2.79054 0.00121117
  164 163.5 2.97129 0.00128962
  165 164.5 3.1879 0.00138364
  166 165.5 3.50207 0.00152
  167 166.5 3.90306 0.00169404
  168 167.5 4.37341 0.00189818
  169 168.5 4.98647 0.00216427
  170 169.5 5.74154 0.00249199
  171 170.5 6.64708 0.00288502
  172 171.5 7.6867 0.00333624
  173 172.5 8.92649 0.00387434
  174 173.5 10.2812 0.00446234
  175 174.5 11.8018 0.00512232
  176 175.5 13.3834 0.00580877
  177 176.5 14.9639 0.00649474
  178 177.5 16.6041 0.00720664
  179 178.5 18.225 0.00791016
  180 179.5 19.7147 0.00855674
  181 180.5 21.1277 0.00916999
  182 181.5 22.3924 0.00971892
  183 182.5 23.4938 0.010197
  184 183.5 24.4632 0.0106177
  185 184.5 25.3481 0.0110018
  186 185.5 26.0094 0.0112888
  187 186.5 26.4547 0.0114821
  188 187.5 27.0022 0.0117197
  189 188.5 27.3674 0.0118782
  190 189.5 27.6175 0.0119868
  191 190.5 27.8732 0.0120978
  192 191.5 28.052 0.0121754
  193 192.5 28.264 0.0122673
  194 193.5 28.4014 0.012327
  195 194.5 28.4959 0.012368
  196 195.5 28.6099 0.0124175
  197 196.5 28.7547 0.0124803
  198 197.5 28.9406 0.012561
  199 198.5 29.0581 0.012612
  200 199.5 29.2118 0.0126787
  201 200.5 29.4135 0.0127663
  202 201.5 29.7889 0.0129292
  203 202.5 30.0713 0.0130518
  204 203.5 30.468 0.013224
  205 204.5 31.0154 0.0134616
  206 205.5 31.7329 0.0137729
  207 206.5 32.7323 0.0142067
  208 207.5 33.6287 0.0145958
  209 208.5 33.1469 0.0143867
  210 209.5 29.2173 0.0126811
  211 210.5 21.3344 0.00925972
  212 211.5 11.8388 0.00513839
  213 212.5 4.41723 0.0019172
  214 213.5 1.11248 0.000482847
  215 214.5 0.09528 4.13542e-05
  216 215.5 0.000384 1.66667e-07
  217 216.5 0 0
  218 217.5 0 0
  219 218.5 0 0
  220 219.5 0 0
  221 220.5 0 0
  222 221.5 0 0
  223 222.5 0 0
  224 223.5 0 0
  225 224.5 0 0
  226 225.5 0 0
  227 226.5 0 0
  228 227.5 0 0
  229 228.5 0 0
  230 229.5 0 0
  231 230.5 0 0
  232 231.5 0 0
  233 232.5 0 0
  234 233.5 0 0
  235 234.5 0 0
  236 235.5 0 0
  237 236.5 0 0
  238 237.5 0 0
  239 238.5 0 0
  240 239.5 0 0
  241 240.5 0 0
  242 241.5 0 0
  243 242.5 0 0
  244 243.5 0 0
  245 244.5 0 0
  246 245.5 0 0
  247 246.5 0 0
  248 247.5 0 0
  249 248.5 0 0
  250 249.5 0 0
  251 250.5 0 0
  252 251.5 0 0
  253 252.5 0 0
  254 253.5 0 0
  255 254.5 0 0
  256 255.5 0 0
  257 256.5 0 0
  258 257.5 0 0
  259 258.5 0 0
  260 259.5 0 0
  261 260.5 0 0
  262 261.5 0 0
  263 262.5 0 0
  264 263.5 0 0
  265 264.5 0 0
  266 265.5 0 0
  267 266.5 0 0
  268 267.5 0 0
  269 268.5 0 0
  270 269.5 0 0
  271 270.5 0 0
  272 271.5 0 0
  273 272.5 0 0
  274 273.5 0 0
  275 274.5 0 0
  276 275.5 0 0
  277 276.5 0 0
  278 277.5 0 0
  279 278.5 0 0
  280 279.5 0 0
  281 280.5 0 0
  282 281.5 0 0
  283 282.5 0 0
  284 283.5 0 0
  285 284.5 0 0
  286 285.5 0 0
  287 286.5 0 0
  288 287.5 0 0
  289 288.5 0 0
  290 289.5 0 0
  291 290.5 0 0
  292 291.5 0 0
  293 292.5 0 0
  294 293.5 0 0
  295 294.5 0 0
  296 295.5 0 0
  297 296.5 0 0
  298 297.5 0 0
  299 298.5 0 0
  300 299.5 0 0
  301 300.5 0 0
  302 301.5 0 0
  303 302.5 0 0
  304 303.5 0 0
  305 304.5 0 0
  306 305.5 0 0
  307 306.5 0 0
  308 307.5 0 0
  309 308.5 0 0
  310 309.5 0 0
  311 310.5 0 0
  312 311.5 0 0
  313 312.5 0 0
  314 313.5 0 0
  315 314.5 0 0
  316 315.5 0 0
  317 316.5 0 0
  318 317.5 0 0
  319 318.5 0 0
  320 319.5 0 0
  321 320.5 0 0
  322 321.5 0 0
  323 322.5 0 0
  324 323.5 0 0
  325 324.5 0 0
  326 325.5 0 0
  327 326.5 0 0
  328 327.5 0 0
  329 328.5 0 0
  330 329.5 0 0
  331 330.5 0 0
  332 331.5 0 0
  333 332.5 0 0
  334 333.5 0 0
  335 334.5 0 0
  336 335.5 0 0
  337 336.5 0 0
  338 337.5 0 0
  339 338.5 0 0
  340 339.5 0 0
  341 340.5 0 0
  342 341.5 0 0
  343 342.5 0 0
  344 343.5 0 0
  345 344.5 0 0
  346 345.5 0 0
  347 346.5 0 0
  348 347.5 0 0
  349 348.5 0 0
  350 349.5 0 0
  351 350.5 0 0
  352 351.5 0 0
  353 352.5 0 0
  354 353.5 0 0
  355 354.5 0 0
  356 355.5 0 0
  357 356.5 0.001832 7.95139e-07
  358 357.5 0.224832 9.75833e-05
  359 358.5 1.54878 0.000672212
  360 359.5 5.99524 0.0026021
  361 360.5 14.6087 0.00634058
  362 361.5 23.6501 0.0102648
  363 362.5 30.9437 0.0134304
  364 363.5 33.6217 0.0145927
  365 364.5 33.3797 0.0144877
  366 365.5 32.3935 0.0140597
  367 366.5 31.4266 0.01364
  368 367.5 30.6299 0.0132942
  369 368.5 30.3364 0.0131668
  370 369.5 29.9586 0.0130029
  371 370.5 29.6312 0.0128608
  372 371.5 29.324 0.0127274
  373 372.5 29.2479 0.0126944
  374 373.5 29.0754 0.0126195
  375 374.5 28.9679 0.0125729
  376 375.5 28.8416 0.012518
  377 376.5 28.8348 0.0125151
  378 377.5 28.7938 0.0124973
  379 378.5 28.6813 0.0124485
  380 379.5 28.6639 0.0124409
  381 380.5 28.7028 0.0124578
  382 381.5 28.6363 0.012429
  383 382.5 28.6078 0.0124166
  384 383.5 28.6213 0.0124224
  385 384.5 28.6742 0.0124454
  386 385.5 28.5773 0.0124033
  387 386.5 28.5833 0.0124059
  388 387.5 28.655 0.0124371
  389 388.5 28.5875 0.0124078
  390 389.5 28.6415 0.0124312
  391 390.5 28.5504 0.0123917
  392 391.5 28.5718 0.0124009
  393 392.5 28.6258 0.0124244
  394 393.5 28.6384 0.0124298
  395 394.5 28.5522 0.0123925
  396 395.5 28.5659 0.0123984
  397 396.5 28.6457 0.012433
  398 397.5 28.5773 0.0124033
  399 398.5 28.5819 0.0124053
  400 399.5 28.6096 0.0124174
  401 400.5 28.5692 0.0123998
  402 401.5 28.5905 0.0124091
  403 402.5 28.6081 0.0124167
  404 403.5 28.5706 0.0124004
  405 404.5 28.5639 0.0123975
  406 405.5 28.5845 0.0124065
  407 406.5 28.5512 0.012392
  408 407.5 28.6288 0.0124257
  409 408.5 28.569 0.0123997
  410 409.5 28.5078 0.0123732
  411 410.5 28.5866 0.0124074
  412 411.5 28.5682 0.0123994
  413 412.5 28.5759 0.0124027
  414 413.5 28.4722 0.0123577
  415 414.5 28.5685 0.0123995
  416 415.5 28.5928 0.0124101
  417 416.5 28.5221 0.0123794
  418 417.5 28.4839 0.0123628
  419 418.5 28.542 0.012388
  420 419.5 28.5574 0.0123947
  421 420.5 28.4451 0.012346
  422 421.5 28.4356 0.0123418
  423 422.5 28.4804 0.0123613
  424 423.5 28.504 0.0123715
  425 424.5 28.4438 0.0123454
  426 425.5 28.4879 0.0123645
  427 426.5 28.5489 0.012391
  428 427.5 28.481 0.0123615
  429 428.5 28.4992 0.0123694
  430 429.5 28.5018 0.0123706
  431 430.5 28.5792 0.0124042
  432 431.5 28.5697 0.0124
  433 432.5 28.488 0.0123646
  434 433.5 28.521 0.0123789
  435 434.5 28.5566 0.0123944
  436 435.5 28.6042 0.012415
  437 436.5 28.5486 0.0123909
  438 437.5 28.5003 0.0123699
  439 438.5 28.5264 0.0123812
  440 439.5 28.5401 0.0123872
  441 440.5 28.6082 0.0124168
  442 441.5 28.5065 0.0123726
  443 442.5 28.489 0.012365
  444 443.5 28.5918 0.0124096
  445 444.5 28.6037 0.0124148
  446 445.5 28.5286 0.0123822
  447 446.5 28.5915 0.0124095
  448 447.5 28.6354 0.0124286
  449 448.5 28.6008 0.0124135
  450 449.5 28.5793 0.0124042
  451 450.5 28.5786 0.0124039
  452 451.5 28.6337 0.0124278
  453 452.5 28.6088 0.012417
  454 453.5 28.6039 0.0124149
  455 454.5 28.611 0.012418
  456 455.5 28.5968 0.0124118
  457 456.5 28.5803 0.0124046
  458 457.5 28.5681 0.0123994
  459 458.5 28.6312 0.0124267
  460 459.5 28.5996 0.012413
  461 460.5 28.5621 0.0123967
  462 461.5 28.6063 0.0124159
  463 462.5 28.5985 0.0124126
  464 463.5 28.5716 0.0124009
  465 464.5 28.5195 0.0123782
  466 465.5 28.5357 0.0123853
  467 466.5 28.4479 0.0123472
  468 467.5 28.3994 0.0123261
  469 468.5 28.3882 0.0123213
  470 469.5 28.2462 0.0122596
  471 470.5 28.0913 0.0121924
  472 471.5 27.9536 0.0121326
  473 472.5 27.8143 0.0120722
  474 473.5 27.5166 0.0119429
  475 474.5 27.1397 0.0117794
  476 475.5 26.7791 0.0116229
  477 476.5 26.3186 0.011423
  478 477.5 25.6036 0.0111127
  479 478.5 24.8823 0.0107996
  480 479.5 23.9683 0.0104029
70000000 480 5022.999999999999
  1 0.5 23.9659 0.0104019
  2 1.5 22.979 0.00997351
  3 2.5 21.8872 0.00949966
  4 3.5 20.5559 0.00892185
  5 4.5 19.1283 0.00830222
  6 5.5 17.676 0.00767188
  7 6.5 16.0799 0.00697914
  8 7.5 14.4289 0.00626253
  9 8.5 12.8577 0.00558059
  10 9.5 11.3257 0.00491568
  11 10.5 9.95625 0.00432129
  12 11.5 8.54821 0.00371016
  13 12.5 7.3623 0.00319544
  14 13.5 6.37509 0.00276697
  15 14.5 5.5561 0.0024115
  16 15.5 4.85539 0.00210737
  17 16.5 4.26794 0.00185241
  18 17.5 3.80289 0.00165056
  19 18.5 3.45577 0.0014999
  20 19.5 3.20499 0.00139106
  21 20.5 3.00378 0.00130372
  22 21.5 2.845 0.00123481
  23 22.5 2.73638 0.00118766
  24 23.5 2.65782 0.00115357
  25 24.5 2.60004 0.00112849
  26 25.5 2.54944 0.00110653
  27 26.5 2.50341 0.00108655
  28 27.5 2.47904 0.00107597
  29 28.5 2.44339 0.0010605
  30 29.5 2.42027 0.00105047
  31 30.5 2.41385 0.00104768
  32 31.5 2.4103 0.00104614
  33 32.5 2.40423 0.0010435
  34 33.5 2.4078 0.00104505
  35 34.5 2.41505 0.0010482
  36 35.5 2.41468 0.00104804
  37 36.5 2.43294 0.00105597
  38 37.5 2.44756 0.00106231
  39 38.5 2.47099 0.00107248
  40 39.5 2.46427 0.00106956
  41 40.5 2.45826 0.00106695
  42 41.5 2.46132 0.00106828
  43 42.5 2.4595 0.00106749
  44 43.5 2.45594 0.00106594
  45 44.5 2.46056 0.00106795
  46 45.5 2.48882 0.00108022
  47 46.5 2.49207 0.00108163
  48 47.5 2.48966 0.00108058
  49 48.5 2.48022 0.00107649
  50 49.5 2.49763 0.00108404
  51 50.5 2.4961 0.00108337
  52 51.5 2.50446 0.00108701
  53 52.5 2.50148 0.00108571
  54 53.5 2.50768 0.0010884
  55 54.5 2.5207 0.00109406
  56 55.5 2.51856 0.00109312
  57 56.5 2.50864 0.00108882
  58 57.5 2.5141 0.00109119
  59 58.5 2.50071 0.00108538
  60 59.5 2.4704 0.00107222
  61 60.5 2.49885 0.00108457
  62 61.5 2.51361 0.00109098
  63 62.5 2.51538 0.00109174
  64 63.5 2.50287 0.00108632
  65 64.5 2.47249 0.00107313
  66 65.5 2.49312 0.00108208
  67 66.5 2.51596 0.001092
  68 67.5 2.51578 0.00109192
  69 68.5 2.49334 0.00108218
  70 69.5 2.50092 0.00108547
  71 70.5 2.50172 0.00108582
  72 71.5 2.51098 0.00108984
  73 72.5 2.51728 0.00109257
  74 73.5 2.49406 0.00108249
  75 74.5 2.48161 0.00107709
  76 75.5 2.47578 0.00107456
  77 76.5 2.47979 0.0010763
  78 77.5 2.45763 0.00106668
  79 78.5 2.43861 0.00105842
  80 79.5 2.44364 0.00106061
  81 80.5 2.43493 0.00105683
  82 81.5 2.44641 0.00106181
  83 82.5 2.43996 0.00105901
  84 83.5 2.45396 0.00106509
  85 84.5 2.48183 0.00107718
  86 85.5 2.49919 0.00108472
  87 86.5 2.479 0.00107595
  88 87.5 2.46779 0.00107109
  89 88.5 2.47956 0.0010762
  90 89.5 2.49326 0.00108215
  91 90.5 2.48155 0.00107706
  92 91.5 2.48217 0.00107733
  93 92.5 2.44791 0.00106246
  94 93.5 2.45607 0.001066
  95 94.5 2.45479 0.00106545
  96 95.5 2.46876 0.00107151
  97 96.5 2.48158 0.00107708
  98 97.5 2.47838 0.00107569
  99 98.5 2.4509 0.00106376
  100 99.5 2.47146 0.00107268
  101 100.5 2.48686 0.00107936
  102 101.5 2.47712 0.00107514
  103 102.5 2.5116 0.0010901
  104 103.5 2.51666 0.0010923
  105 104.5 2.52694 0.00109676
  106 105.5 2.49838 0.00108436
  107 106.5 2.4991 0.00108468
  108 107.5 2.50107 0.00108553
  109 108.5 2.5122 0.00109036
  110 109.5 2.53297 0.00109938
  111 110.5 2.52618 0.00109643
  112 111.5 2.50666 0.00108796
  113 112.5 2.4831 0.00107773
  114 113.5 2.47519 0.0010743
  115 114.5 2.47938 0.00107612
  116 115.5 2.48523 0.00107866
  117 116.5 2.48375 0.00107802
  118 117.5 2.44398 0.00106075
  119 118.5 2.45196 0.00106422
  120 119.5 2.4711 0.00107253
  121 120.5 2.46214 0.00106864
  122 121.5 2.44258 0.00106015
  123 122.5 2.46088 0.00106809
  124 123.5 2.44885 0.00106287
  125 124.5 2.45297 0.00106466
  126 125.5 2.4433 0.00106046
  127 126.5 2.44439 0.00106093
  128 127.5 2.43148 0.00105533
  129 128.5 2.4324 0.00105573
  130 129.5 2.44909 0.00106297
  131 130.5 2.44302 0.00106034
  132 131.5 2.44759 0.00106232
  133 132.5 2.44346 0.00106053
  134 133.5 2.46262 0.00106885
  135 134.5 2.48532 0.0010787
  136 135.5 2.50446 0.001087
  137 136.5 2.48329 0.00107782
  138 137.5 2.48992 0.00108069
  139 138.5 2.47427 0.0010739
  140 139.5 2.48106 0.00107685
  141 140.5 2.4802 0.00107648
  142 141.5 2.47018 0.00107212
  143 142.5 2.46299 0.00106901
  144 143.5 2.46961 0.00107188
  145 144.5 2.44343 0.00106052
  146 145.5 2.41102 0.00104645
  147 146.5 2.42007 0.00105038
  148 147.5 2.39194 0.00103817
  149 148.5 2.39012 0.00103738
  150 149.5 2.38758 0.00103628
  151 150.5 2.39214 0.00103825
  152 151.5 2.38958 0.00103714
  153 152.5 2.39875 0.00104112
  154 153.5 2.41617 0.00104868
  155 154.5 2.42655 0.00105319
  156 155.5 2.427 0.00105339
  157 156.5 2.46102 0.00106815
  158 157.5 2.4789 0.00107591
  159 158.5 2.49832 0.00108434
  160 159.5 2.52684 0.00109672
  161 160.5 2.5707 0.00111576
  162 161.5 2.63102 0.00114193
  163 162.5 2.71874 0.00118001
  164 163.5 2.77659 0.00120512
  165 164.5 2.91431 0.00126489
  166 165.5 3.09008 0.00134118
  167 166.5 3.29521 0.00143021
  168 167.5 3.60513 0.00156473
  169 168.5 4.0083 0.00173972
  170 169.5 4.53931 0.00197019
  171 170.5 5.1681 0.0022431
  172 171.5 5.97774 0.00259451
  173 172.5 6.93921 0.00301181
  174 173.5 8.03922 0.00348925
  175 174.5 9.32411 0.00404692
  176 175.5 10.7666 0.004673
  177 176.5 12.2662 0.00532389
  178 177.5 13.9319 0.00604685
  179 178.5 15.5477 0.00674814
  180 179.5 17.1523 0.00744456
  181 180.5 18.7153 0.00812298
  182 181.5 20.3007 0.00881106
  183 182.5 21.6378 0.00939139
  184 183.5 22.8529 0.0099188
  185 184.5 23.9306 0.0103865
  186 185.5 24.8813 0.0107992
  187 186.5 25.5959 0.0111093
  188 187.5 26.2248 0.0113823
  189 188.5 26.8047 0.011634
  190 189.5 27.1573 0.011787
  191 190.5 27.4872 0.0119302
  192 191.5 27.8123 0.0120713
  193 192.5 28.0486 0.0121739
  194 193.5 28.1518 0.0122187
  195 194.5 28.3322 0.0122969
  196 195.5 28.5062 0.0123725
  197 196.5 28.6049 0.0124153
  198 197.5 28.7488 0.0124778
  199 198.5 28.9528 0.0125663
  200 199.5 29.1362 0.0126459
  201 200.5 29.2549 0.0126974
  202 201.5 29.5211 0.012813
  203 202.5 29.9039 0.0129791
  204 203.5 30.3091 0.013155
  205 204.5 30.758 0.0133498
  206 205.5 31.4457 0.0136483
  207 206.5 32.3246 0.0140298
  208 207.5 33.4857 0.0145337
  209 208.5 33.7668 0.0146558
  210 209.5 30.7761 0.0133577
  211 210.5 24.3071 0.01055
  212 211.5 15.2743 0.00662945
  213 212.5 6.52091 0.00283026
  214 213.5 1.93054 0.00083791
  215 214.5 0.319232 0.000138556
  216 215.5 0.005064 2.19792e-06
  217 216.5 0 0
  218 217.5 0 0
  219 218.5 0 0
  220 219.5 0 0
  221 220.5 0 0
  222 221.5 0 0
  223 222.5 0 0
  224 223.5 0 0
  225 224.5 0 0
  226 225.5 0 0
  227 226.5 0 0
  228 227.5 0 0
  229 228.5 0 0
  230 229.5 0 0
  231 230.5 0 0
  232 231.5 0 0
  233 232.5 0 0
  234 233.5 0 0
  235 234.5 0 0
  236 235.5 0 0
  237 236.5 0 0
  238 237.5 0 0
  239 238.5 0 0
  240 239.5 0 0
  241 240.5 0 0
  242 241.5 0 0
  243 242.5 0 0
  244 243.5 0 0
  245 244.5 0 0
  246 245.5 0 0
  247 246.5 0 0
  248 247.5 0 0
  249 248.5 0 0
  250 249.5 0 0
  251 250.5 0 0
  252 251.5 0 0
  253 252.5 0 0
  254 253.5 0 0
  255 254.5 0 0
  256 255.5 0 0
  257 256.5 0 0
  258 257.5 0 0
  259 258.5 0 0
  260 259.5 0 0
  261 260.5 0 0
  262 261.5 0 0
  263 262.5 0 0
  264 263.5 0 0
  265 264.5 0 0
  266 265.5 0 0
  267 266.5 0 0
  268 267.5 0 0
  269 268.5 0 0
  270 269.5 0 0
  271 270.5 0 0
  272 271.5 0 0
  273 272.5 0 0
  274 273.5 0 0
  275 274.5 0 0
  276 275.5 0 0
  277 276.5 0 0
  278 277.5 0 0
  279 278.5 0 0
  280 279.5 0 0
  281 280.5 0 0
  282 281.5 0 0
  283 282.5 0 0
  284 283.5 0 0
  285 284.5 0 0
  286 285.5 0 0
  287 286.5 0 0
  288 287.5 0 0
  289 288.5 0 0
  290 289.5 0 0
  291 290.5 0 0
  292 291.5 0 0
  293 292.5 0 0
  294 293.5 0 0
  295 294.5 0 0
  296 295.5 0 0
  297 296.5 0 0
  298 297.5 0 0
  299 298.5 0 0
  300 299.5 0 0
  301 300.5 0 0
  302 301.5 0 0
  303 302.5 0 0
  304 303.5 0 0
  305 304.5 0 0
  306 305.5 0 0
  307 306.5 0 0
  308 307.5 0 0
  309 308.5 0 0
  310 309.5 0 0
  311 310.5 0 0
  312 311.5 0 0
  313 312.5 0 0
  314 313.5 0 0
  315 314.5 0 0
  316 315.5 0 0
  317 316.5 0 0
  318 317.5 0 0
  319 318.5 0 0
  320 319.5 0 0
  321 320.5 0 0
  322 321.5 0 0
  323 322.5 0 0
  324 323.5 0 0
  325 324.5 0 0
  326 325.5 0 0
  327 326.5 0 0
  328 327.5 0 0
  329 328.5 0 0
  330 329.5 0 0
  331 330.5 0 0
  332 331.5 0 0
  333 332.5 0 0
  334 333.5 0 0
  335 334.5 0 0
  336 335.5 0 0
  337 336.5 0 0
  338 337.5 0 0
  339 338.5 0 0
  340 339.5 0 0
  341 340.5 0 0
  342 341.5 0 0
  343 342.5 0 0
  344 343.5 0 0
  345 344.5 0 0
  346 345.5 0 0
  347 346.5 0 0
  348 347.5 0 0
  349 348.5 0 0
  350 349.5 0 0
  351 350.5 0 0
  352 351.5 0 0
  353 352.5 0 0
  354 353.5 0 0
  355 354.5 0 0
  356 355.5 0 0
  357 356.5 4.8e-05 2.08333e-08
  358 357.5 0.10604 4.60243e-05
  359 358.5 0.879776 0.000381847
  360 359.5 3.5965 0.00156098
  361 360.5 11.1474 0.00483828
  362 361.5 20.7461 0.00900436
  363 362.5 29.1493 0.0126516
  364 363.5 33.1629 0.0143936
  365 364.5 33.4051 0.0144987
  366 365.5 32.6846 0.014186
  367 366.5 31.7314 0.0137723
  368 367.5 30.9405 0.013429
  369 368.5 30.5163 0.0132449
  370 369.5 30.0275 0.0130328
  371 370.5 29.7039 0.0128923
  372 371.5 29.4673 0.0127896
  373 372.5 29.2187 0.0126817
  374 373.5 29.0274 0.0125987
  375 374.5 28.9996 0.0125866
  376 375.5 28.8299 0.012513
  377 376.5 28.6991 0.0124562
  378 377.5 28.7389 0.0124735
  379 378.5 28.6944 0.0124542
  380 379.5 28.5323 0.0123838
  381 380.5 28.536 0.0123854
  382 381.5 28.6243 0.0124237
  383 382.5 28.5409 0.0123875
  384 383.5 28.4924 0.0123665
  385 384.5 28.5295 0.0123826
  386 385.5 28.5189 0.012378
  387 386.5 28.4748 0.0123588
  388 387.5 28.5236 0.01238
  389 388.5 28.4585 0.0123518
  390 389.5 28.497 0.0123685
  391 390.5 28.4538 0.0123498
  392 391.5 28.5291 0.0123824
  393 392.5 28.451 0.0123485
  394 393.5 28.4675 0.0123557
  395 394.5 28.48 0.0123611
  396 395.5 28.4862 0.0123638
  397 396.5 28.4486 0.0123475
  398 397.5 28.4812 0.0123617
  399 398.5 28.464 0.0123542
  400 399.5 28.4676 0.0123557
  401 400.5 28.4902 0.0123656
  402 401.5 28.4639 0.0123541
  403 402.5 28.5215 0.0123791
  404 403.5 28.5019 0.0123706
  405 404.5 28.5062 0.0123725
  406 405.5 28.5044 0.0123717
  407 406.5 28.5544 0.0123934
  408 407.5 28.5211 0.0123789
  409 408.5 28.4988 0.0123693
  410 409.5 28.5997 0.0124131
  411 410.5 28.592 0.0124097
  412 411.5 28.5627 0.012397
  413 412.5 28.5804 0.0124047
  414 413.5 28.6154 0.0124199
  415 414.5 28.6069 0.0124162
  416 415.5 28.5758 0.0124027
  417 416.5 28.5632 0.0123972
  418 417.5 28.6546 0.0124369
  419 418.5 28.612 0.0124184
  420 419.5 28.5509 0.0123919
  421 420.5 28.6425 0.0124316
  422 421.5 28.5962 0.0124116
  423 422.5 28.5565 0.0123943
  424 423.5 28.6503 0.012435
  425 424.5 28.6913 0.0124528
  426 425.5 28.5998 0.0124131
  427 426.5 28.5942 0.0124107
  428 427.5 28.7241 0.0124671
  429 428.5 28.6614 0.0124398
  430 429.5 28.574 0.0124019
  431 430.5 28.6354 0.0124285
  432 431.5 28.6829 0.0124492
  433 432.5 28.5884 0.0124082
  434 433.5 28.6156 0.01242
  435 434.5 28.6451 0.0124328
  436 435.5 28.6353 0.0124285
  437 436.5 28.6744 0.0124455
  438 437.5 28.6129 0.0124188
  439 438.5 28.6618 0.01244
  440 439.5 28.6548 0.012437
  441 440.5 28.6526 0.012436
  442 441.5 28.6534 0.0124364
  443 442.5 28.6508 0.0124352
  444 443.5 28.6462 0.0124333
  445 444.5 28.6727 0.0124447
  446 445.5 28.6566 0.0124378
  447 446.5 28.6602 0.0124393
  448 447.5 28.6905 0.0124525
  449 448.5 28.6854 0.0124503
  450 449.5 28.6154 0.0124199
  451 450.5 28.6626 0.0124403
  452 451.5 28.6909 0.0124526
  453 452.5 28.6114 0.0124182
  454 453.5 28.5458 0.0123897
  455 454.5 28.6818 0.0124487
  456 455.5 28.6073 0.0124164
  457 456.5 28.5174 0.0123773
  458 457.5 28.5501 0.0123915
  459 458.5 28.5626 0.0123969
  460 459.5 28.5535 0.012393
  461 460.5 28.5164 0.0123769
  462 461.5 28.5374 0.012386
  463 462.5 28.5352 0.012385
  464 463.5 28.5066 0.0123727
  465 464.5 28.4546 0.0123501
  466 465.5 28.4419 0.0123446
  467 466.5 28.4875 0.0123644
  468 467.5 28.3967 0.0123249
  469 468.5 28.3347 0.012298
  470 469.5 28.2375 0.0122558
  471 470.5 28.1703 0.0122267
  472 471.5 28.0423 0.0121711
  473 472.5 27.9121 0.0121146
  474 473.5 27.7244 0.0120332
  475 474.5 27.3532 0.0118721
  476 475.5 27.1235 0.0117723
  477 476.5 26.751 0.0116107
  478 477.5 26.1469 0.0113485
  479 478.5 25.594 0.0111085
  480 479.5 24.8718 0.0107951
72500000 480 5022.999999999998
  1 0.5 10.7566 0.00466864
  2 1.5 9.44141 0.00409783
  3 2.5 8.24703 0.00357944
  4 3.5 7.1891 0.00312027
  5 4.5 6.2807 0.002726
  6 5.5 5.5086 0.00239089
  7 6.5 4.84837 0.00210433
  8 7.5 4.28684 0.00186061
  9 8.5 3.8329 0.00166358
  10 9.5 3.5225 0.00152886
  11 10.5 3.24868 0.00141002
  12 11.5 3.02098 0.00131119
  13 12.5 2.87068 0.00124595
  14 13.5 2.73806 0.00118839
  15 14.5 2.65457 0.00115216
  16 15.5 2.59167 0.00112486
  17 16.5 2.53337 0.00109955
  18 17.5 2.52177 0.00109452
  19 18.5 2.5193 0.00109344
  20 19.5 2.50484 0.00108717
  21 20.5 2.46935 0.00107177
  22 21.5 2.47621 0.00107474
  23 22.5 2.47792 0.00107549
  24 23.5 2.45323 0.00106477
  25 24.5 2.44886 0.00106287
  26 25.5 2.42178 0.00105112
  27 26.5 2.41281 0.00104723
  28 27.5 2.42682 0.00105331
  29 28.5 2.42837 0.00105398
  30 29.5 2.43815 0.00105823
  31 30.5 2.42402 0.00105209
  32 31.5 2.42968 0.00105455
  33 32.5 2.43953 0.00105882
  34 33.5 2.41598 0.0010486
  35 34.5 2.40988 0.00104595
  36 35.5 2.41471 0.00104805
  37 36.5 2.43644 0.00105748
  38 37.5 2.45698 0.0010664
  39 38.5 2.46571 0.00107019
  40 39.5 2.48679 0.00107934
  41 40.5 2.48582 0.00107891
  42 41.5 2.49619 0.00108342
  43 42.5 2.47539 0.00107439
  44 43.5 2.46321 0.0010691
  45 44.5 2.43571 0.00105717
  46 45.5 2.46766 0.00107103
  47 46.5 2.45747 0.00106661
  48 47.5 2.47805 0.00107554
  49 48.5 2.45622 0.00106607
  50 49.5 2.45562 0.00106581
  51 50.5 2.4728 0.00107326
  52 51.5 2.4722 0.001073
  53 52.5 2.49164 0.00108144
  54 53.5 2.47558 0.00107447
  55 54.5 2.46631 0.00107045
  56 55.5 2.43847 0.00105836
  57 56.5 2.43713 0.00105778
  58 57.5 2.44403 0.00106078
  59 58.5 2.44978 0.00106327
  60 59.5 2.43634 0.00105744
  61 60.5 2.43838 0.00105832
  62 61.5 2.45922 0.00106737
  63 62.5 2.44647 0.00106184
  64 63.5 2.45562 0.00106581
  65 64.5 2.45712 0.00106646
  66 65.5 2.43716 0.0010578
  67 66.5 2.44933 0.00106308
  68 67.5 2.44069 0.00105933
  69 68.5 2.43846 0.00105836
  70 69.5 2.43546 0.00105706
  71 70.5 2.42978 0.00105459
  72 71.5 2.43884 0.00105852
  73 72.5 2.43022 0.00105478
  74 73.5 2.41805 0.0010495
  75 74.5 2.41289 0.00104726
  76 75.5 2.41705 0.00104907
  77 76.5 2.4067 0.00104458
  78 77.5 2.42585 0.00105289
  79 78.5 2.42437 0.00105224
  80 79.5 2.43299 0.00105599
  81 80.5 2.42366 0.00105194
  82 81.5 2.42179 0.00105112
  83 82.5 2.42761 0.00105365
  84 83.5 2.42744 0.00105358
  85 84.5 2.41874 0.0010498
  86 85.5 2.40524 0.00104394
  87 86.5 2.39808 0.00104083
  88 87.5 2.41205 0.0010469
  89 88.5 2.42801 0.00105382
  90 89.5 2.39734 0.00104051
  91 90.5 2.39668 0.00104023
  92 91.5 2.38782 0.00103638
  93 92.5 2.399 0.00104123
  94 93.5 2.3892 0.00103698
  95 94.5 2.40021 0.00104176
  96 95.5 2.38481 0.00103507
  97 96.5 2.41649 0.00104882
  98 97.5 2.41794 0.00104945
  99 98.5 2.39564 0.00103977
  100 99.5 2.41342 0.00104749
  101 100.5 2.41736 0.0010492
  102 101.5 2.42359 0.00105191
  103 102.5 2.43685 0.00105766
  104 103.5 2.44059 0.00105928
  105 104.5 2.45256 0.00106448
  106 105.5 2.43921 0.00105868
  107 106.5 2.43595 0.00105727
  108 107.5 2.44465 0.00106105
  109 108.5 2.43385 0.00105636
  110 109.5 2.42982 0.00105461
  111 110.5 2.43518 0.00105694
  112 111.5 2.44792 0.00106247
  113 112.5 2.43471 0.00105673
  114 113.5 2.44371 0.00106064
  115 114.5 2.44962 0.0010632
  116 115.5 2.43368 0.00105628
  117 116.5 2.41735 0.0010492
  118 117.5 2.42706 0.00105341
  119 118.5 2.42823 0.00105392
  120 119.5 2.4522 0.00106432
  121 120.5 2.43084 0.00105505
  122 121.5 2.41894 0.00104989
  123 122.5 2.42867 0.00105411
  124 123.5 2.41999 0.00105034
  125 124.5 2.41403 0.00104776
  126 125.5 2.42384 0.00105201
  127 126.5 2.4145 0.00104796
  128 127.5 2.43744 0.00105792
  129 128.5 2.41282 0.00104723
  130 129.5 2.41361 0.00104757
  131 130.5 2.41653 0.00104884
  132 131.5 2.40774 0.00104502
  133 132.5 2.40102 0.00104211
  134 133.5 2.40124 0.0010422
  135 134.5 2.41165 0.00104672
  136 135.5 2.43222 0.00105565
  137 136.5 2.43631 0.00105743
  138 137.5 2.4319 0.00105551
  139 138.5 2.44454 0.001061
  140 139.5 2.4337 0.0010563
  141 140.5 2.43869 0.00105846
  142 141.5 2.45836 0.001067
  143 142.5 2.44409 0.0010608
  144 143.5 2.4449 0.00106116
  145 144.5 2.46966 0.0010719
  146 145.5 2.46574 0.0010702
  147 146.5 2.48278 0.0010776
  148 147.5 2.51228 0.0010904
  149 148.5 2.53655 0.00110093
  150 149.5 2.56357 0.00111266
  151 150.5 2.60016 0.00112854
  152 151.5 2.66112 0.001155
  153 152.5 2.73342 0.00118638
  154 153.5 2.83006 0.00122833
  155 154.5 2.96107 0.00128519
  156 155.5 3.13599 0.00136111
  157 156.5 3.37869 0.00146644
  158 157.5 3.69264 0.00160271
  159 158.5 4.08811 0.00177435
  160 159.5 4.61441 0.00200278
  161 160.5 5.25485 0.00228075
  162 161.5 5.99174 0.00260058
  163 162.5 6.8796 0.00298594
  164 163.5 8.0267 0.00348381
  165 164.5 9.20247 0.00399413
  166 165.5 10.4993 0.004557
  167 166.5 11.9496 0.00518647
  168 167.5 13.4343 0.00583086
  169 168.5 14.847 0.00644401
  170 169.5 16.3868 0.00711234
  171 170.5 17.8537 0.007749
  172 171.5 19.2362 0.00834904
  173 172.5 20.5125 0.00890299
  174 173.5 21.765 0.00944661
  175 174.5 22.7969 0.0098945
  176 175.5 23.8034 0.0103313
  177 176.5 24.6573 0.0107019
  178 177.5 25.3942 0.0110218
  179 178.5 25.9857 0.0112785
  180 179.5 26.4984 0.011501
  181 180.5 26.9396 0.0116925
  182 181.5 27.2824 0.0118413
  183 182.5 27.5438 0.0119548
  184 183.5 27.8118 0.0120711
  185 184.5 27.9482 0.0121303
  186 185.5 28.1026 0.0121973
  187 186.5 28.2597 0.0122655
  188 187.5 28.292 0.0122795
  189 188.5 28.4003 0.0123265
  190 189.5 28.5206 0.0123787
  191 190.5 28.5969 0.0124118
  192 191.5 28.6414 0.0124312
  193 192.5 28.7426 0.0124751
  194 193.5 28.8381 0.0125165
  195 194.5 28.9102 0.0125478
  196 195.5 28.9823 0.0125791
  197 196.5 29.1998 0.0126735
  198 197.5 29.3339 0.0127317
  199 198.5 29.5113 0.0128087
  200 199.5 29.7686 0.0129204
  201 200.5 30.1754 0.0130969
  202 201.5 30.6799 0.0133159
  203 202.5 31.1394 0.0135154
  204 203.5 31.8643 0.01383
  205 204.5 33.0866 0.0143605
  206 205.5 34.1544 0.014824
  207 206.5 32.809 0.01424
  208 207.5 26.7453 0.0116082
  209 208.5 17.8588 0.00775122
  210 209.5 9.99236 0.00433696
  211 210.5 4.41964 0.00191825
  212 211.5 1.38617 0.000601635
  213 212.5 0.18872 8.19097e-05
  214 213.5 0.00176 7.63889e-07
  215 214.5 0 0
  216 215.5 0 0
  217 216.5 0 0
  218 217.5 0 0
  219 218.5 0 0
  220 219.5 0 0
  221 220.5 0 0
  222 221.5 0 0
  223 222.5 0 0
  224 223.5 0 0
  225 224.5 0 0
  226 225.5 0 0
  227 226.5 0 0
  228 227.5 0 0
  229 228.5 0 0
  230 229.5 0 0
  231 230.5 0 0
  232 231.5 0 0
  233 232.5 0 0
  234 233.5 0 0
  235 234.5 0 0
  236 235.5 0 0
  237 236.5 0 0
  238 237.5 0 0
  239 238.5 0 0
  240 239.5 0 0
  241 240.5 0 0
  242 241.5 0 0
  243 242.5 0 0
  244 243.5 0 0
  245 244.5 0 0
  246 245.5 0 0
  247 246.5 0 0
  248 247.5 0 0
  249 248.5 0 0
  250 249.5 0 0
  251 250.5 0 0
  252 251.5 0 0
  253 252.5 0 0
  254 253.5 0 0
  255 254.5 0 0
  256 255.5 0 0
  257 256.5 0 0
  258 257.5 0 0
  259 258.5 0 0
  260 259.5 0 0
  261 260.5 0 0
  262 261.5 0 0
  263 262.5 0 0
  264 263.5 0 0
  265 264.5 0 0
  266 265.5 0 0
  267 266.5 0 0
  268 267.5 0 0
  269 268.5 0 0
  270 269.5 0 0
  271 270.5 0 0
  272 271.5 0 0
  273 272.5 0 0
  274 273.5 0 0
  275 274.5 0 0
  276 275.5 0 0
  277 276.5 0 0
  278 277.5 0 0
  279 278.5 0 0
  280 279.5 0 0
  281 280.5 0 0
  282 281.5 0 0
  283 282.5 0 0
  284 283.5 0 0
  285 284.5 0 0
  286 285.5 0 0
  287 286.5 0 0
  288 287.5 0 0
  289 288.5 0 0
  290 289.5 0 0
  291 290.5 0 0
  292 291.5 0 0
  293 292.5 0 0
  294 293.5 0 0
  295 294.5 0 0
  296 295.5 0 0
  297 296.5 0 0
  298 297.5 0 0
  299 298.5 0 0
  300 299.5 0 0
  301 300.5 0 0
  302 301.5 0 0
  303 302.5 0 0
  304 303.5 0 0
  305 304.5 0 0
  306 305.5 0 0
  307 306.5 0 0
  308 307.5 0 0
  309 308.5 0 0
  310 309.5 0 0
  311 310.5 0 0
  312 311.5 0 0
  313 312.5 0 0
  314 313.5 0 0
  315 314.5 0 0
  316 315.5 0 0
  317 316.5 0 0
  318 317.5 0 0
  319 318.5 0 0
  320 319.5 0 0
  321 320.5 0 0
  322 321.5 0 0
  323 322.5 0 0
  324 323.5 0 0
  325 324.5 0 0
  326 325.5 0 0
  327 326.5 0 0
  328 327.5 0 0
  329 328.5 0 0
  330 329.5 0 0
  331 330.5 0 0
  332 331.5 0 0
  333 332.5 0 0
  334 333.5 0 0
  335 334.5 0 0
  336 335.5 0 0
  337 336.5 0 0
  338 337.5 0 0
  339 338.5 0 0
  340 339.5 0 0
  341 340.5 0 0
  342 341.5 0 0
  343 342.5 0 0
  344 343.5 0 0
  345 344.5 0 0
  346 345.5 0 0
  347 346.5 0 0
  348 347.5 0 0
  349 348.5 0 0
  350 349.5 0 0
  351 350.5 0 0
  352 351.5 0 0
  353 352.5 0 0
  354 353.5 0 0
  355 354.5 0.004384 1.90278e-06
  356 355.5 0.423872 0.000183972
  357 356.5 1.9481 0.000845528
  358 357.5 7.59787 0.00329769
  359 358.5 17.2354 0.00748066
  360 359.5 25.6957 0.0111526
  361 360.5 31.5985 0.0137146
  362 361.5 33.334 0.0144679
  363 362.5 32.8645 0.0142641
  364 363.5 32.1783 0.0139663
  365 364.5 31.3686 0.0136148
  366 365.5 30.6592 0.0133069
  367 366.5 30.1776 0.0130979
  368 367.5 29.9217 0.0129869
  369 368.5 29.6111 0.012852
  370 369.5 29.2895 0.0127125
  371 370.5 29.1903 0.0126694
  372 371.5 29.0423 0.0126052
  373 372.5 28.9094 0.0125475
  374 373.5 28.8229 0.0125099
  375 374.5 28.7498 0.0124782
  376 375.5 28.6969 0.0124553
  377 376.5 28.6389 0.0124301
  378 377.5 28.6094 0.0124173
  379 378.5 28.5991 0.0124128
  380 379.5 28.5477 0.0123905
  381 380.5 28.5082 0.0123733
  382 381.5 28.6076 0.0124165
  383 382.5 28.5309 0.0123832
  384 383.5 28.5612 0.0123963
  385 384.5 28.4916 0.0123661
  386 385.5 28.5494 0.0123912
  387 386.5 28.4809 0.0123615
  388 387.5 28.4819 0.0123619
  389 388.5 28.5402 0.0123872
  390 389.5 28.5105 0.0123744
  391 390.5 28.5589 0.0123954
  392 391.5 28.531 0.0123832
  393 392.5 28.5652 0.0123981
  394 393.5 28.5477 0.0123905
  395 394.5 28.5679 0.0123993
  396 395.5 28.5882 0.0124081
  397 396.5 28.5982 0.0124124
  398 397.5 28.6059 0.0124158
  399 398.5 28.6024 0.0124142
  400 399.5 28.5554 0.0123938
  401 400.5 28.6382 0.0124298
  402 401.5 28.6363 0.0124289
  403 402.5 28.5801 0.0124045
  404 403.5 28.5798 0.0124044
  405 404.5 28.6248 0.012424
  406 405.5 28.6419 0.0124314
  407 406.5 28.5984 0.0124125
  408 407.5 28.6667 0.0124421
  409 408.5 28.6353 0.0124285
  410 409.5 28.6804 0.0124481
  411 410.5 28.6177 0.0124209
  412 411.5 28.6822 0.0124489
  413 412.5 28.6865 0.0124508
  414 413.5 28.647 0.0124336
  415 414.5 28.624 0.0124236
  416 415.5 28.629 0.0124258
  417 416.5 28.659 0.0124388
  418 417.5 28.6661 0.0124419
  419 418.5 28.6242 0.0124237
  420 419.5 28.6807 0.0124482
  421 420.5 28.7071 0.0124597
  422 421.5 28.6749 0.0124457
  423 422.5 28.6515 0.0124356
  424 423.5 28.696 0.0124548
  425 424.5 28.7044 0.0124585
  426 425.5 28.7174 0.0124641
  427 426.5 28.703 0.0124579
  428 427.5 28.6725 0.0124447
  429 428.5 28.6875 0.0124512
  430 429.5 28.6852 0.0124502
  431 430.5 28.6905 0.0124525
  432 431.5 28.6414 0.0124311
  433 432.5 28.6549 0.012437
  434 433.5 28.6866 0.0124508
  435 434.5 28.6021 0.0124141
  436 435.5 28.6187 0.0124213
  437 436.5 28.7025 0.0124577
  438 437.5 28.6803 0.0124481
  439 438.5 28.6306 0.0124265
  440 439.5 28.654 0.0124366
  441 440.5 28.677 0.0124466
  442 441.5 28.6174 0.0124207
  443 442.5 28.6251 0.0124241
  444 443.5 28.6384 0.0124299
  445 444.5 28.6364 0.012429
  446 445.5 28.6699 0.0124435
  447 446.5 28.6205 0.0124221
  448 447.5 28.6022 0.0124141
  449 448.5 28.628 0.0124254
  450 449.5 28.6089 0.0124171
  451 450.5 28.5474 0.0123904
  452 451.5 28.5638 0.0123975
  453 452.5 28.5574 0.0123947
  454 453.5 28.5437 0.0123887
  455 454.5 28.5322 0.0123838
  456 455.5 28.4689 0.0123563
  457 456.5 28.4832 0.0123625
  458 457.5 28.3738 0.012315
  459 458.5 28.347 0.0123034
  460 459.5 28.3599 0.012309
  461 460.5 28.211 0.0122444
  462 461.5 28.0461 0.0121728
  463 462.5 27.9365 0.0121252
  464 463.5 27.7703 0.0120531
  465 464.5 27.5031 0.0119371
  466 465.5 27.216 0.0118125
  467 466.5 26.8677 0.0116613
  468 467.5 26.4604 0.0114845
  469 468.5 25.8296 0.0112108
  470 469.5 25.1228 0.010904
  471 470.5 24.3085 0.0105505
  472 471.5 23.4109 0.010161
  473 472.5 22.3025 0.0096799
  474 473.5 20.9107 0.00907584
  475 474.5 19.58 0.00849826
  476 475.5 18.176 0.00788887
  477 476.5 16.6492 0.00722619
  478 477.5 15.0795 0.00654492
  479 478.5 13.5975 0.00590168
  480 479.5 12.1294 0.0052645
75000000 480 5023.000000000002
  1 0.5 11.9322 0.00517892
  2 1.5 10.4265 0.00452537
  3 2.5 9.03463 0.00392128
  4 3.5 7.77959 0.00337656
  5 4.5 6.72238 0.0029177
  6 5.5 5.83678 0.00253332
  7 6.5 5.04778 0.00219088
  8 7.5 4.45121 0.00193195
  9 8.5 3.98646 0.00173023
  10 9.5 3.60705 0.00156556
  11 10.5 3.28677 0.00142655
  12 11.5 3.0415 0.0013201
  13 12.5 2.90903 0.0012626
  14 13.5 2.77993 0.00120657
  15 14.5 2.66954 0.00115865
  16 15.5 2.59783 0.00112753
  17 16.5 2.52191 0.00109458
  18 17.5 2.48353 0.00107792
  19 18.5 2.44782 0.00106242
  20 19.5 2.45786 0.00106678
  21 20.5 2.44291 0.00106029
  22 21.5 2.42126 0.00105089
  23 22.5 2.41512 0.00104823
  24 23.5 2.43033 0.00105483
  25 24.5 2.43601 0.0010573
  26 25.5 2.42036 0.0010505
  27 26.5 2.39912 0.00104128
  28 27.5 2.39886 0.00104117
  29 28.5 2.41242 0.00104706
  30 29.5 2.39639 0.0010401
  31 30.5 2.38018 0.00103307
  32 31.5 2.38476 0.00103505
  33 32.5 2.39269 0.00103849
  34 33.5 2.36954 0.00102845
  35 34.5 2.38063 0.00103326
  36 35.5 2.38084 0.00103335
  37 36.5 2.36706 0.00102737
  38 37.5 2.36889 0.00102816
  39 38.5 2.37717 0.00103176
  40 39.5 2.37964 0.00103283
  41 40.5 2.35603 0.00102258
  42 41.5 2.36703 0.00102736
  43 42.5 2.38623 0.00103569
  44 43.5 2.37065 0.00102893
  45 44.5 2.36843 0.00102797
  46 45.5 2.36966 0.0010285
  47 46.5 2.35779 0.00102335
  48 47.5 2.38692 0.00103599
  49 48.5 2.39011 0.00103738
  50 49.5 2.35638 0.00102273
  51 50.5 2.35578 0.00102248
  52 51.5 2.36858 0.00102803
  53 52.5 2.36347 0.00102581
  54 53.5 2.35602 0.00102258
  55 54.5 2.36841 0.00102795
  56 55.5 2.3504 0.00102014
  57 56.5 2.36787 0.00102772
  58 57.5 2.3883 0.00103659
  59 58.5 2.39178 0.0010381
  60 59.5 2.38876 0.00103679
  61 60.5 2.37852 0.00103234
  62 61.5 2.37107 0.00102911
  63 62.5 2.36243 0.00102536
  64 63.5 2.36235 0.00102533
  65 64.5 2.37088 0.00102903
  66 65.5 2.37409 0.00103042
  67 66.5 2.37871 0.00103243
  68 67.5 2.37886 0.00103249
  69 68.5 2.38126 0.00103353
  70 69.5 2.38329 0.00103441
  71 70.5 2.38728 0.00103615
  72 71.5 2.38542 0.00103534
  73 72.5 2.39927 0.00104135
  74 73.5 2.38691 0.00103599
  75 74.5 2.39526 0.00103961
  76 75.5 2.38355 0.00103453
  77 76.5 2.36754 0.00102758
  78 77.5 2.3982 0.00104089
  79 78.5 2.39772 0.00104068
  80 79.5 2.39231 0.00103833
  81 80.5 2.38498 0.00103515
  82 81.5 2.39897 0.00104122
  83 82.5 2.36213 0.00102523
  84 83.5 2.37753 0.00103191
  85 84.5 2.37788 0.00103207
  86 85.5 2.38076 0.00103332
  87 86.5 2.38769 0.00103632
  88 87.5 2.4027 0.00104284
  89 88.5 2.39183 0.00103812
  90 89.5 2.40774 0.00104503
  91 90.5 2.40654 0.0010445
  92 91.5 2.38409 0.00103476
  93 92.5 2.38944 0.00103708
  94 93.5 2.4013 0.00104223
  95 94.5 2.3766 0.00103151
  96 95.5 2.39726 0.00104048
  97 96.5 2.39927 0.00104135
  98 97.5 2.41156 0.00104668
  99 98.5 2.39059 0.00103758
  100 99.5 2.38164 0.0010337
  101 100.5 2.39748 0.00104057
  102 101.5 2.41022 0.0010461
  103 102.5 2.40034 0.00104182
  104 103.5 2.38846 0.00103666
  105 104.5 2.39038 0.00103749
  106 105.5 2.41414 0.0010478
  107 106.5 2.38794 0.00103643
  108 107.5 2.39159 0.00103802
  109 108.5 2.40154 0.00104234
  110 109.5 2.41052 0.00104623
  111 110.5 2.4227 0.00105152
  112 111.5 2.42147 0.00105099
  113 112.5 2.41601 0.00104861
  114 113.5 2.43466 0.00105671
  115 114.5 2.42107 0.00105081
  116 115.5 2.42775 0.00105371
  117 116.5 2.43397 0.00105641
  118 117.5 2.43719 0.00105781
  119 118.5 2.43846 0.00105836
  120 119.5 2.44003 0.00105904
  121 120.5 2.44021 0.00105912
  122 121.5 2.42288 0.0010516
  123 122.5 2.40847 0.00104534
  124 123.5 2.41686 0.00104899
  125 124.5 2.41533 0.00104832
  126 125.5 2.40127 0.00104222
  127 126.5 2.37742 0.00103187
  128 127.5 2.38952 0.00103712
  129 128.5 2.35055 0.0010202
  130 129.5 2.37786 0.00103206
  131 130.5 2.36881 0.00102813
  132 131.5 2.37721 0.00103177
  133 132.5 2.38917 0.00103697
  134 133.5 2.36949 0.00102842
  135 134.5 2.35871 0.00102375
  136 135.5 2.36428 0.00102616
  137 136.5 2.36875 0.0010281
  138 137.5 2.37054 0.00102888
  139 138.5 2.35539 0.00102231
  140 139.5 2.37293 0.00102992
  141 140.5 2.39414 0.00103912
  142 141.5 2.40092 0.00104207
  143 142.5 2.39215 0.00103826
  144 143.5 2.40576 0.00104417
  145 144.5 2.42451 0.00105231
  146 145.5 2.41263 0.00104715
  147 146.5 2.42722 0.00105348
  148 147.5 2.45926 0.00106739
  149 148.5 2.46734 0.0010709
  150 149.5 2.48264 0.00107753
  151 150.5 2.50782 0.00108846
  152 151.5 2.54249 0.00110351
  153 152.5 2.575 0.00111762
  154 153.5 2.6413 0.0011464
  155 154.5 2.73744 0.00118812
  156 155.5 2.84726 0.00123579
  157 156.5 3.0036 0.00130365
  158 157.5 3.2222 0.00139852
  159 158.5 3.50906 0.00152303
  160 159.5 3.85222 0.00167197
  161 160.5 4.3437 0.00188528
  162 161.5 4.97225 0.00215809
  163 162.5 5.74114 0.00249181
  164 163.5 6.66145 0.00289125
  165 164.5 7.8244 0.00339601
  166 165.5 9.11104 0.00395444
  167 166.5 10.5644 0.00458525
  168 167.5 12.1852 0.00528872
  169 168.5 13.7911 0.00598572
  170 169.5 15.5004 0.00672761
  171 170.5 17.2461 0.00748528
  172 171.5 18.8421 0.008178
  173 172.5 20.2966 0.0088093
  174 173.5 21.7426 0.00943691
  175 174.5 22.9599 0.00996523
  176 175.5 23.9095 0.0103774
  177 176.5 24.851 0.010786
  178 177.5 25.6533 0.0111342
  179 178.5 26.2706 0.0114022
  180 179.5 26.7758 0.0116215
  181 180.5 27.1382 0.0117788
  182 181.5 27.4618 0.0119192
  183 182.5 27.7036 0.0120241
  184 183.5 27.9346 0.0121244
  185 184.5 28.034 0.0121675
  186 185.5 28.2147 0.0122459
  187 186.5 28.3152 0.0122896
  188 187.5 28.392 0.0123229
  189 188.5 28.4524 0.0123491
  190 189.5 28.5494 0.0123912
  191 190.5 28.5575 0.0123947
  192 191.5 28.6322 0.0124272
  193 192.5 28.7283 0.0124689
  194 193.5 28.7807 0.0124916
  195 194.5 28.9181 0.0125513
  196 195.5 28.9539 0.0125668
  197 196.5 29.1387 0.012647
  198 197.5 29.2464 0.0126938
  199 198.5 29.491 0.0127999
  200 199.5 29.7747 0.012923
  201 200.5 29.9788 0.0130116
  202 201.5 30.5502 0.0132596
  203 202.5 31.0915 0.0134946
  204 203.5 31.6075 0.0137185
  205 204.5 32.6833 0.0141855
  206 205.5 34.2389 0.0148606
  207 206.5 34.7198 0.0150694
  208 207.5 30.0296 0.0130337
  209 208.5 19.7123 0.00855569
  210 209.5 9.21237 0.00399842
  211 210.5 3.72679 0.00161753
  212 211.5 1.29237 0.000560924
  213 212.5 0.284456 0.000123462
  214 213.5 0.023552 1.02222e-05
  215 214.5 8e-06 3.47222e-09
  216 215.5 0 0
  217 216.5 0 0
  218 217.5 0 0
  219 218.5 0 0
  220 219.5 0 0
  221 220.5 0 0
  222 221.5 0 0
  223 222.5 0 0
  224 223.5 0 0
  225 224.5 0 0
  226 225.5 0 0
  227 226.5 0 0
  228 227.5 0 0
  229 228.5 0 0
  230 229.5 0 0
  231 230.5 0 0
  232 231.5 0 0
  233 232.5 0 0
  234 233.5 0 0
  235 234.5 0 0
  236 235.5 0 0
  237 236.5 0 0
  238 237.5 0 0
  239 238.5 0 0
  240 239.5 0 0
  241 240.5 0 0
  242 241.5 0 0
  243 242.5 0 0
  244 243.5 0 0
  245 244.5 0 0
  246 245.5 0 0
  247 246.5 0 0
  248 247.5 0 0
  249 248.5 0 0
  250 249.5 0 0
  251 250.5 0 0
  252 251.5 0 0
  253 252.5 0 0
  254 253.5 0 0
  255 254.5 0 0
  256 255.5 0 0
  257 256.5 0 0
  258 257.5 0 0
  259 258.5 0 0
  260 259.5 0 0
  261 260.5 0 0
  262 261.5 0 0
  263 262.5 0 0
  264 263.5 0 0
  265 264.5 0 0
  266 265.5 0 0
  267 266.5 0 0
  268 267.5 0 0
  269 268.5 0 0
  270 269.5 0 0
  271 270.5 0 0
  272 271.5 0 0
  273 272.5 0 0
  274 273.5 0 0
  275 274.5 0 0
  276 275.5 0 0
  277 276.5 0 0
  278 277.5 0 0
  279 278.5 0 0
  280 279.5 0 0
  281 280.5 0 0
  282 281.5 0 0
  283 282.5 0 0
  284 283.5 0 0
  285 284.5 0 0
  286 285.5 0 0
  287 286.5 0 0
  288 287.5 0 0
  289 288.5 0 0
  290 289.5 0 0
  291 290.5 0 0
  292 291.5 0 0
  293 292.5 0 0
  294 293.5 0 0
  295 294.5 0 0
  296 295.5 0 0
  297 296.5 0 0
  298 297.5 0 0
  299 298.5 0 0
  300 299.5 0 0
  301 300.5 0 0
  302 301.5 0 0
  303 302.5 0 0
  304 303.5 0 0
  305 304.5 0 0
  306 305.5 0 0
  307 306.5 0 0
  308 307.5 0 0
  309 308.5 0 0
  310 309.5 0 0
  311 310.5 0 0
  312 311.5 0 0
  313 312.5 0 0
  314 313.5 0 0
  315 314.5 0 0
  316 315.5 0 0
  317 316.5 0 0
  318 317.5 0 0
  319 318.5 0 0
  320 319.5 0 0
  321 320.5 0 0
  322 321.5 0 0
  323 322.5 0 0
  324 323.5 0 0
  325 324.5 0 0
  326 325.5 0 0
  327 326.5 0 0
  328 327.5 0 0
  329 328.5 0 0
  330 329.5 0 0
  331 330.5 0 0
  332 331.5 0 0
  333 332.5 0 0
  334 333.5 0 0
  335 334.5 0 0
  336 335.5 0 0
  337 336.5 0 0
  338 337.5 0 0
  339 338.5 0 0
  340 339.5 0 0
  341 340.5 0 0
  342 341.5 0 0
  343 342.5 0 0
  344 343.5 0 0
  345 344.5 0 0
  346 345.5 0 0
  347 346.5 0 0
  348 347.5 0 0
  349 348.5 0 0
  350 349.5 0 0
  351 350.5 0 0
  352 351.5 0 0
  353 352.5 0 0
  354 353.5 0 0
  355 354.5 7.2e-05 3.125e-08
  356 355.5 0.100048 4.34236e-05
  357 356.5 1.06359 0.000461628
  358 357.5 4.33079 0.00187968
  359 358.5 15.4172 0.00669148
  360 359.5 26.9148 0.0116818
  361 360.5 31.5864 0.0137094
  362 361.5 33.3738 0.0144851
  363 362.5 33.3163 0.0144602
  364 363.5 32.3658 0.0140476
  365 364.5 31.2732 0.0135734
  366 365.5 30.63 0.0132943
  367 366.5 30.2569 0.0131324
  368 367.5 29.9273 0.0129893
  369 368.5 29.5321 0.0128178
  370 369.5 29.2988 0.0127165
  371 370.5 29.1785 0.0126643
  372 371.5 29.0597 0.0126127
  373 372.5 28.9063 0.0125462
  374 373.5 28.8727 0.0125316
  375 374.5 28.75 0.0124783
  376 375.5 28.7596 0.0124825
  377 376.5 28.6513 0.0124355
  378 377.5 28.6616 0.0124399
  379 378.5 28.6725 0.0124447
  380 379.5 28.564 0.0123976
  381 380.5 28.5478 0.0123905
  382 381.5 28.5914 0.0124095
  383 382.5 28.6436 0.0124321
  384 383.5 28.5556 0.0123939
  385 384.5 28.5406 0.0123874
  386 385.5 28.5767 0.0124031
  387 386.5 28.5933 0.0124103
  388 387.5 28.5044 0.0123717
  389 388.5 28.553 0.0123928
  390 389.5 28.5417 0.0123879
  391 390.5 28.5388 0.0123866
  392 391.5 28.5514 0.0123921
  393 392.5 28.5931 0.0124102
  394 393.5 28.5423 0.0123882
  395 394.5 28.5395 0.012387
  396 395.5 28.5507 0.0123918
  397 396.5 28.5864 0.0124073
  398 397.5 28.5239 0.0123802
  399 398.5 28.5111 0.0123746
  400 399.5 28.5417 0.0123879
  401 400.5 28.57 0.0124002
  402 401.5 28.5452 0.0123894
  403 402.5 28.5789 0.012404
  404 403.5 28.5253 0.0123808
  405 404.5 28.5453 0.0123895
  406 405.5 28.5977 0.0124122
  407 406.5 28.5623 0.0123968
  408 407.5 28.5562 0.0123942
  409 408.5 28.5964 0.0124116
  410 409.5 28.6148 0.0124196
  411 410.5 28.5115 0.0123748
  412 411.5 28.5443 0.012389
  413 412.5 28.606 0.0124158
  414 413.5 28.5814 0.0124051
  415 414.5 28.5493 0.0123912
  416 415.5 28.5551 0.0123937
  417 416.5 28.5424 0.0123882
  418 417.5 28.6155 0.0124199
  419 418.5 28.5725 0.0124013
  420 419.5 28.6342 0.012428
  421 420.5 28.5471 0.0123902
  422 421.5 28.5672 0.012399
  423 422.5 28.5719 0.012401
  424 423.5 28.5502 0.0123916
  425 424.5 28.5205 0.0123787
  426 425.5 28.5688 0.0123996
  427 426.5 28.523 0.0123798
  428 427.5 28.5326 0.0123839
  429 428.5 28.5165 0.012377
  430 429.5 28.5106 0.0123744
  431 430.5 28.5454 0.0123895
  432 431.5 28.4469 0.0123467
  433 432.5 28.4579 0.0123515
  434 433.5 28.5426 0.0123883
  435 434.5 28.5179 0.0123776
  436 435.5 28.4763 0.0123595
  437 436.5 28.4856 0.0123635
  438 437.5 28.5672 0.0123989
  439 438.5 28.4728 0.012358
  440 439.5 28.4974 0.0123687
  441 440.5 28.5619 0.0123967
  442 441.5 28.481 0.0123616
  443 442.5 28.4996 0.0123696
  444 443.5 28.4966 0.0123683
  445 444.5 28.5809 0.0124049
  446 445.5 28.4892 0.0123651
  447 446.5 28.4943 0.0123673
  448 447.5 28.5293 0.0123825
  449 448.5 28.5333 0.0123843
  450 449.5 28.5155 0.0123765
  451 450.5 28.5156 0.0123766
  452 451.5 28.4852 0.0123634
  453 452.5 28.4741 0.0123586
  454 453.5 28.496 0.0123681
  455 454.5 28.4905 0.0123657
  456 455.5 28.4469 0.0123467
  457 456.5 28.4325 0.0123405
  458 457.5 28.4659 0.012355
  459 458.5 28.3572 0.0123078
  460 459.5 28.3097 0.0122872
  461 460.5 28.316 0.0122899
  462 461.5 28.233 0.0122539
  463 462.5 28.0667 0.0121817
  464 463.5 27.9833 0.0121455
  465 464.5 27.7972 0.0120648
  466 465.5 27.626 0.0119905
  467 466.5 27.383 0.011885
  468 467.5 27.0341 0.0117336
  469 468.5 26.6069 0.0115481
  470 469.5 26.1109 0.0113329
  471 470.5 25.4934 0.0110649
  472 471.5 24.7098 0.0107248
  473 472.5 23.8349 0.010345
  474 473.5 22.7134 0.00985825
  475 474.5 21.4542 0.0093117
  476 475.5 20.0643 0.00870847
  477 476.5 18.5413 0.00804745
  478 477.5 16.8924 0.00733179
  479 478.5 15.1891 0.0065925
  480 479.5 13.5551 0.00588328
